student_id,cohort,semester,registered,registered_courses,registered_credits,passed_credits,ctxh_days_cumulative,english_pass,thesis_eligible_before_semester,semester_complete
2300008,K23,HK231,True,6,16.0,16.0,2,True,False,True
2300008,K23,HK232,True,8,17.0,17.0,4,True,False,True
2300008,K23,HK241,True,5,16.0,16.0,6,True,False,True
2300008,K23,HK242,True,6,17.0,17.0,6,True,False,True
2300008,K23,HK251,True,6,18.0,18.0,8,True,False,True
2300008,K23,HK252,True,7,18.0,18.0,9,True,False,True
2300008,K23,HK261,False,0,0.0,0.0,15,True,False,False
2300050,K23,HK231,True,5,14.0,14.0,0,True,False,True
2300050,K23,HK232,True,7,15.0,15.0,3,True,False,True
2300050,K23,HK241,True,4,14.0,14.0,6,True,False,True
2300050,K23,HK242,True,6,18.0,18.0,6,True,False,True
2300050,K23,HK251,True,6,18.0,18.0,7,True,False,True
2300050,K23,HK252,True,7,18.0,18.0,7,True,False,True
2300050,K23,HK261,False,0,0.0,0.0,9,True,False,False
2300201,K23,HK231,True,6,16.0,16.0,1,True,False,True
2300201,K23,HK232,True,8,17.0,17.0,2,True,False,True
2300201,K23,HK241,True,5,16.0,16.0,4,True,False,True
2300201,K23,HK242,True,6,17.0,17.0,6,True,False,True
2300201,K23,HK251,True,6,18.0,18.0,8,True,False,True
2300201,K23,HK252,True,7,18.0,18.0,9,True,False,True
2300201,K23,HK261,False,0,0.0,0.0,11,True,False,False
2300243,K23,HK231,True,6,16.0,16.0,3,False,False,True
2300243,K23,HK232,True,9,17.0,17.0,8,False,False,True
2300243,K23,HK241,True,7,16.0,10.0,10,False,False,True
2300243,K23,HK242,True,9,20.0,17.0,11,False,False,True
2300243,K23,HK251,True,7,18.0,13.0,15,False,False,True
2300243,K23,HK252,True,8,20.0,16.0,16,False,False,True
2300243,K23,HK261,False,0,0.0,0.0,17,False,False,False
2300394,K23,HK231,True,6,16.0,16.0,2,False,False,True
2300394,K23,HK232,True,8,17.0,17.0,3,False,False,True
2300394,K23,HK241,True,5,16.0,16.0,4,False,False,True
2300436,K23,HK231,True,6,16.0,16.0,1,False,False,True
2300436,K23,HK232,True,8,17.0,17.0,1,False,False,True
2300436,K23,HK241,True,5,16.0,16.0,4,False,False,True
2300436,K23,HK242,True,6,17.0,17.0,8,False,False,True
2300436,K23,HK251,True,6,18.0,18.0,9,False,False,True
2300436,K23,HK252,True,7,18.0,18.0,12,False,False,True
2300436,K23,HK261,False,0,0.0,0.0,14,False,False,False
2300587,K23,HK231,True,6,16.0,16.0,3,True,False,True
2300587,K23,HK232,True,8,17.0,17.0,5,True,False,True
2300587,K23,HK241,True,5,16.0,16.0,8,True,False,True
2300587,K23,HK242,True,6,17.0,17.0,8,True,False,True
2300587,K23,HK251,True,6,18.0,18.0,9,True,False,True
2300587,K23,HK252,True,7,18.0,18.0,10,True,False,True
2300587,K23,HK261,False,0,0.0,0.0,11,True,False,False
2300629,K23,HK231,True,6,16.0,16.0,0,False,False,True
2300629,K23,HK232,True,8,17.0,17.0,1,False,False,True
2300629,K23,HK241,True,5,16.0,16.0,4,False,False,True
2300629,K23,HK242,True,6,17.0,17.0,7,False,False,True
2300629,K23,HK251,True,6,18.0,18.0,10,False,False,True
2300629,K23,HK252,True,7,18.0,18.0,12,False,False,True
2300629,K23,HK261,False,0,0.0,0.0,13,False,False,False
2300780,K23,HK231,True,5,14.0,14.0,2,True,False,True
2300780,K23,HK232,True,7,15.0,15.0,6,True,False,True
2300780,K23,HK241,True,4,14.0,14.0,8,True,False,True
2300780,K23,HK242,True,6,18.0,18.0,11,True,False,True
2300780,K23,HK251,True,6,18.0,18.0,11,True,False,True
2300780,K23,HK252,True,7,18.0,18.0,14,True,False,True
2300780,K23,HK261,True,7,19.0,0.0,18,True,True,False
2300822,K23,HK231,True,5,14.0,14.0,3,True,False,True
2300822,K23,HK232,True,7,15.0,15.0,6,True,False,True
2300822,K23,HK241,True,4,14.0,14.0,8,True,False,True
2300822,K23,HK242,True,6,18.0,18.0,10,True,False,True
2300822,K23,HK251,True,6,18.0,18.0,12,True,False,True
2300822,K23,HK252,True,7,18.0,18.0,12,True,True,True
2300822,K23,HK261,True,7,19.0,0.0,16,True,True,False
2300973,K23,HK231,True,6,16.0,16.0,1,True,False,True
2300973,K23,HK232,True,8,17.0,17.0,4,True,False,True
2300973,K23,HK241,True,5,16.0,16.0,8,True,False,True
2300973,K23,HK242,True,6,17.0,17.0,9,True,False,True
2300973,K23,HK251,True,6,18.0,18.0,10,True,False,True
2300973,K23,HK252,True,7,18.0,18.0,12,True,False,True
2300973,K23,HK261,True,7,19.0,0.0,15,True,True,False
2301015,K23,HK231,True,6,16.0,16.0,2,False,False,True
2301015,K23,HK232,True,8,17.0,17.0,3,False,False,True
2301015,K23,HK241,True,5,16.0,16.0,4,False,False,True
2301015,K23,HK242,True,6,17.0,17.0,7,False,False,True
2301015,K23,HK251,True,6,18.0,18.0,8,False,False,True
2301015,K23,HK252,True,7,18.0,18.0,8,False,False,True
2301015,K23,HK261,False,0,0.0,0.0,8,False,False,False
2301166,K23,HK231,True,6,16.0,16.0,3,False,False,True
2301166,K23,HK232,True,8,17.0,17.0,5,False,False,True
2301166,K23,HK241,True,5,16.0,16.0,8,False,False,True
2301166,K23,HK242,True,6,17.0,17.0,8,False,False,True
2301166,K23,HK251,True,6,18.0,18.0,8,False,False,True
2301166,K23,HK252,True,7,18.0,18.0,9,False,False,True
2301166,K23,HK261,False,0,0.0,0.0,10,False,False,False
2301208,K23,HK231,True,6,16.0,16.0,4,False,False,True
2301208,K23,HK232,True,8,17.0,17.0,7,False,False,True
2301208,K23,HK241,True,5,16.0,16.0,7,False,False,True
2301208,K23,HK242,True,6,17.0,17.0,7,False,False,True
2301208,K23,HK251,True,6,18.0,18.0,9,False,False,True
2301208,K23,HK252,True,7,18.0,18.0,11,False,False,True
2301208,K23,HK261,False,0,0.0,0.0,14,False,False,False
2301359,K23,HK231,True,5,14.0,14.0,1,True,False,True
2301359,K23,HK232,True,7,15.0,15.0,3,True,False,True
2301359,K23,HK241,True,4,14.0,14.0,4,True,False,True
2301359,K23,HK242,True,6,18.0,18.0,7,True,False,True
2301359,K23,HK251,True,6,18.0,18.0,7,True,False,True
2301359,K23,HK252,True,7,18.0,18.0,7,True,False,True
2301359,K23,HK261,True,6,17.0,0.0,10,True,False,False
2301401,K23,HK231,True,6,16.0,16.0,2,False,False,True
2301401,K23,HK232,True,8,17.0,17.0,3,False,False,True
2301401,K23,HK241,True,5,16.0,16.0,6,False,False,True
2301401,K23,HK242,True,6,17.0,17.0,8,False,False,True
2301401,K23,HK251,True,6,18.0,18.0,9,False,False,True
2301401,K23,HK252,True,7,18.0,18.0,10,False,False,True
2301401,K23,HK261,False,0,0.0,0.0,11,False,False,False
2301552,K23,HK231,True,5,14.0,14.0,3,True,False,True
2301552,K23,HK232,True,7,15.0,15.0,4,True,False,True
2301552,K23,HK241,True,4,14.0,14.0,7,True,False,True
2301552,K23,HK242,True,6,18.0,18.0,8,True,False,True
2301552,K23,HK251,True,6,18.0,18.0,13,True,False,True
2301552,K23,HK252,True,7,18.0,18.0,15,True,True,True
2301552,K23,HK261,True,7,19.0,0.0,19,True,True,False
2301594,K23,HK231,True,6,16.0,16.0,2,False,False,True
2301594,K23,HK232,True,8,17.0,16.0,3,False,False,True
2301594,K23,HK241,True,6,17.0,16.0,4,False,False,True
2301594,K23,HK242,True,7,18.0,18.0,5,False,False,True
2301594,K23,HK251,True,6,18.0,18.0,6,False,False,True
2301594,K23,HK252,True,7,18.0,18.0,8,False,False,True
2301594,K23,HK261,False,0,0.0,0.0,10,False,False,False
2301745,K23,HK231,True,6,16.0,16.0,3,False,False,True
2301745,K23,HK232,True,8,17.0,17.0,5,False,False,True
2301745,K23,HK241,True,5,16.0,16.0,11,False,False,True
2301745,K23,HK242,True,6,17.0,17.0,13,False,False,True
2301745,K23,HK251,True,6,18.0,18.0,14,False,False,True
2301745,K23,HK252,True,7,18.0,18.0,20,False,False,True
2301745,K23,HK261,False,0,0.0,0.0,23,False,False,False
2301787,K23,HK231,True,6,16.0,16.0,2,True,False,True
2301787,K23,HK232,True,8,17.0,17.0,5,True,False,True
2301787,K23,HK241,True,5,16.0,16.0,5,True,False,True
2301787,K23,HK242,True,6,17.0,17.0,6,True,False,True
2301787,K23,HK251,True,6,18.0,18.0,8,True,False,True
2301787,K23,HK252,True,7,18.0,18.0,8,True,False,True
2301787,K23,HK261,True,6,17.0,0.0,9,True,False,False
2301938,K23,HK231,True,6,16.0,16.0,3,True,False,True
2301938,K23,HK232,True,8,17.0,17.0,4,True,False,True
2301938,K23,HK241,True,5,16.0,16.0,5,True,False,True
2301938,K23,HK242,True,6,17.0,17.0,7,True,False,True
2301938,K23,HK251,True,6,18.0,18.0,7,True,False,True
2301938,K23,HK252,True,7,18.0,18.0,9,True,False,True
2301938,K23,HK261,False,0,0.0,0.0,13,True,False,False
2301980,K23,HK231,True,5,14.0,14.0,0,True,False,True
2301980,K23,HK232,True,7,15.0,15.0,3,True,False,True
2301980,K23,HK241,True,4,14.0,14.0,5,True,False,True
2301980,K23,HK242,True,6,18.0,18.0,7,True,False,True
2301980,K23,HK251,True,6,18.0,18.0,8,True,False,True
2301980,K23,HK252,True,7,18.0,18.0,11,True,False,True
2301980,K23,HK261,True,6,17.0,0.0,13,True,False,False
2302131,K23,HK231,True,6,16.0,16.0,2,False,False,True
2302131,K23,HK232,True,8,17.0,17.0,5,False,False,True
2302131,K23,HK241,True,5,16.0,16.0,7,False,False,True
2302131,K23,HK242,True,6,17.0,17.0,10,False,False,True
2302131,K23,HK251,True,6,18.0,18.0,11,False,False,True
2302131,K23,HK252,True,7,18.0,18.0,12,False,False,True
2302131,K23,HK261,True,6,17.0,0.0,14,False,False,False
2302173,K23,HK231,True,6,16.0,11.0,4,False,False,True
2302173,K23,HK232,True,10,20.0,11.0,5,False,False,True
2302173,K23,HK241,True,10,19.0,0.0,6,False,False,True
2302173,K23,HK242,True,11,21.0,3.0,6,False,False,True
2302324,K23,HK231,True,6,16.0,16.0,0,False,False,True
2302324,K23,HK232,True,8,17.0,17.0,1,False,False,True
2302324,K23,HK241,True,5,16.0,16.0,2,False,False,True
2302324,K23,HK242,True,6,17.0,17.0,3,False,False,True
2302324,K23,HK251,True,6,18.0,18.0,3,False,False,True
2302324,K23,HK252,True,7,18.0,18.0,5,False,False,True
2302324,K23,HK261,False,0,0.0,0.0,5,False,False,False
2302366,K23,HK231,True,6,16.0,16.0,2,True,False,True
2302366,K23,HK232,True,8,17.0,17.0,3,True,False,True
2302366,K23,HK241,True,5,16.0,16.0,3,True,False,True
2302366,K23,HK242,True,6,17.0,17.0,4,True,False,True
2302366,K23,HK251,True,6,18.0,18.0,5,True,False,True
2302366,K23,HK252,True,7,18.0,18.0,5,True,False,True
2302366,K23,HK261,False,0,0.0,0.0,8,True,False,False
2302517,K23,HK231,True,6,16.0,16.0,1,True,False,True
2302517,K23,HK232,True,9,17.0,11.0,3,True,False,True
2302517,K23,HK241,True,8,20.0,8.0,3,True,False,True
2302517,K23,HK242,True,9,20.0,9.0,8,True,False,True
2302559,K23,HK231,True,6,16.0,16.0,2,True,False,True
2302559,K23,HK232,True,8,17.0,17.0,3,True,False,True
2302559,K23,HK241,True,5,16.0,16.0,4,True,False,True
2302559,K23,HK242,True,6,17.0,17.0,5,True,False,True
2302559,K23,HK251,True,6,18.0,18.0,5,True,False,True
2302559,K23,HK252,True,7,18.0,18.0,5,True,False,True
2302559,K23,HK261,False,0,0.0,0.0,6,True,False,False
2302752,K23,HK231,True,6,16.0,16.0,1,False,False,True
2302752,K23,HK232,True,8,17.0,15.0,2,False,False,True
2302752,K23,HK241,True,5,16.0,14.0,3,False,False,True
2302752,K23,HK242,True,6,17.0,17.0,4,False,False,True
2302752,K23,HK251,True,6,18.0,18.0,7,False,False,True
2302752,K23,HK252,True,7,18.0,18.0,9,False,False,True
2302752,K23,HK261,False,0,0.0,0.0,11,False,False,False
2302945,K23,HK231,True,6,16.0,16.0,0,False,False,True
2302945,K23,HK232,True,8,17.0,17.0,3,False,False,True
2302945,K23,HK241,True,5,16.0,16.0,5,False,False,True
2302945,K23,HK242,True,6,17.0,17.0,5,False,False,True
2302945,K23,HK251,True,6,18.0,18.0,7,False,False,True
2302945,K23,HK252,True,7,18.0,18.0,10,False,False,True
2302945,K23,HK261,True,6,17.0,0.0,11,False,False,False
2303138,K23,HK231,True,5,14.0,14.0,0,False,False,True
2303138,K23,HK232,True,7,15.0,15.0,0,False,False,True
2303138,K23,HK241,True,4,14.0,14.0,2,False,False,True
2303138,K23,HK242,True,6,18.0,18.0,5,False,False,True
2303138,K23,HK251,True,6,18.0,18.0,5,False,False,True
2303138,K23,HK252,True,7,18.0,18.0,8,False,False,True
2303138,K23,HK261,False,0,0.0,0.0,10,False,False,False
2303331,K23,HK231,True,6,16.0,16.0,3,True,False,True
2303331,K23,HK232,True,8,17.0,17.0,3,True,False,True
2303331,K23,HK241,True,5,16.0,16.0,5,True,False,True
2303331,K23,HK242,True,6,17.0,17.0,8,True,False,True
2303331,K23,HK251,True,6,18.0,18.0,13,True,False,True
2303331,K23,HK252,True,7,18.0,18.0,16,True,True,True
2303331,K23,HK261,True,7,19.0,0.0,18,True,True,False
2303524,K23,HK231,True,5,14.0,14.0,4,False,False,True
2303524,K23,HK232,True,7,15.0,15.0,5,False,False,True
2303524,K23,HK241,True,4,14.0,14.0,5,False,False,True
2303524,K23,HK242,True,6,18.0,18.0,7,False,False,True
2303524,K23,HK251,True,6,18.0,18.0,10,False,False,True
2303524,K23,HK252,True,7,18.0,18.0,13,False,False,True
2303524,K23,HK261,False,0,0.0,0.0,15,False,False,False
2303717,K23,HK231,True,6,16.0,13.0,2,True,False,True
2303717,K23,HK232,True,9,20.0,10.0,4,True,False,True
2303717,K23,HK241,True,7,20.0,7.0,6,True,False,True
2303717,K23,HK242,True,8,21.0,18.0,9,True,False,True
2303717,K23,HK251,True,7,18.0,6.0,11,True,False,True
2303717,K23,HK252,True,8,22.0,9.0,14,True,False,True
2303910,K23,HK231,True,6,16.0,16.0,4,True,False,True
2303910,K23,HK232,True,8,17.0,17.0,9,True,False,True
2303910,K23,HK241,True,5,16.0,16.0,13,True,False,True
2303910,K23,HK242,True,6,17.0,17.0,18,True,True,True
2303910,K23,HK251,True,6,18.0,18.0,18,True,True,True
2303910,K23,HK252,True,7,18.0,18.0,22,True,True,True
2303910,K23,HK261,True,7,19.0,0.0,25,True,True,False
2304103,K23,HK231,True,6,16.0,16.0,1,True,False,True
2304103,K23,HK232,True,8,17.0,17.0,2,True,False,True
2304103,K23,HK241,True,5,16.0,16.0,6,True,False,True
2304103,K23,HK242,True,6,17.0,17.0,8,True,False,True
2304103,K23,HK251,True,6,18.0,18.0,10,True,False,True
2304103,K23,HK252,True,7,18.0,18.0,11,True,False,True
2304103,K23,HK261,False,0,0.0,0.0,13,True,False,False
2304296,K23,HK231,True,5,14.0,14.0,0,True,False,True
2304296,K23,HK232,True,7,15.0,15.0,1,True,False,True
2304296,K23,HK241,True,4,14.0,14.0,4,True,False,True
2304296,K23,HK242,True,6,18.0,18.0,4,True,False,True
2304296,K23,HK251,True,6,18.0,18.0,7,True,False,True
2304296,K23,HK252,True,7,18.0,18.0,8,True,False,True
2304296,K23,HK261,False,0,0.0,0.0,10,True,False,False
2304489,K23,HK231,True,6,16.0,16.0,4,False,False,True
2304489,K23,HK232,True,8,17.0,17.0,5,False,False,True
2304489,K23,HK241,True,5,16.0,16.0,6,False,False,True
2304489,K23,HK242,True,6,17.0,17.0,8,False,False,True
2304489,K23,HK251,True,6,18.0,18.0,11,False,False,True
2304489,K23,HK252,True,7,18.0,18.0,12,False,False,True
2304489,K23,HK261,False,0,0.0,0.0,12,False,False,False
2304682,K23,HK231,True,5,14.0,14.0,2,False,False,True
2304682,K23,HK232,True,7,15.0,15.0,2,False,False,True
2304682,K23,HK241,True,4,14.0,14.0,4,False,False,True
2304682,K23,HK242,True,6,18.0,18.0,6,False,False,True
2304682,K23,HK251,True,6,18.0,18.0,8,False,False,True
2304682,K23,HK252,True,7,18.0,18.0,8,False,False,True
2304682,K23,HK261,True,6,17.0,0.0,8,False,False,False
2304875,K23,HK231,True,6,16.0,16.0,1,False,False,True
2304875,K23,HK232,True,8,17.0,17.0,2,False,False,True
2304875,K23,HK241,True,5,16.0,16.0,4,False,False,True
2304875,K23,HK242,True,6,17.0,17.0,6,False,False,True
2304875,K23,HK251,True,6,18.0,18.0,7,False,False,True
2304875,K23,HK252,True,7,18.0,18.0,8,False,False,True
2304875,K23,HK261,False,0,0.0,0.0,8,False,False,False
2304917,K23,HK231,True,6,16.0,16.0,2,True,False,True
2304917,K23,HK232,True,8,17.0,17.0,2,True,False,True
2304917,K23,HK241,True,5,16.0,16.0,5,True,False,True
2304917,K23,HK242,True,6,17.0,17.0,6,True,False,True
2304917,K23,HK251,True,6,18.0,18.0,11,True,False,True
2304917,K23,HK252,True,7,18.0,18.0,12,True,False,True
2304917,K23,HK261,True,7,19.0,0.0,15,True,True,False
2305068,K23,HK231,True,5,14.0,14.0,0,False,False,True
2305068,K23,HK232,True,7,15.0,15.0,1,False,False,True
2305068,K23,HK241,True,4,14.0,14.0,2,False,False,True
2305068,K23,HK242,True,6,18.0,18.0,3,False,False,True
2305068,K23,HK251,True,6,18.0,18.0,3,False,False,True
2305068,K23,HK252,True,7,18.0,18.0,3,False,False,True
2305068,K23,HK261,False,0,0.0,0.0,3,False,False,False
2305110,K23,HK231,True,5,14.0,14.0,2,True,False,True
2305110,K23,HK232,True,7,15.0,15.0,3,True,False,True
2305110,K23,HK241,True,4,14.0,14.0,4,True,False,True
2305110,K23,HK242,True,6,18.0,18.0,7,True,False,True
2305110,K23,HK251,True,6,18.0,18.0,11,True,False,True
2305110,K23,HK252,True,7,18.0,18.0,14,True,False,True
2305110,K23,HK261,True,7,19.0,0.0,14,True,True,False
2305261,K23,HK231,True,5,14.0,14.0,1,True,False,True
2305261,K23,HK232,True,7,15.0,15.0,7,True,False,True
2305303,K23,HK231,True,6,16.0,16.0,2,True,False,True
2305303,K23,HK232,True,8,17.0,17.0,5,True,False,True
2305303,K23,HK241,True,5,16.0,16.0,6,True,False,True
2305303,K23,HK242,True,6,17.0,17.0,10,True,False,True
2305303,K23,HK251,True,6,18.0,18.0,11,True,False,True
2305303,K23,HK252,True,7,18.0,18.0,13,True,False,True
2305303,K23,HK261,True,7,19.0,0.0,13,True,True,False
2305454,K23,HK231,True,5,14.0,14.0,1,True,False,True
2305454,K23,HK232,True,7,15.0,15.0,5,True,False,True
2305454,K23,HK241,True,4,14.0,14.0,6,True,False,True
2305454,K23,HK242,True,6,18.0,18.0,7,True,False,True
2305454,K23,HK251,True,6,18.0,18.0,8,True,False,True
2305454,K23,HK252,True,7,18.0,18.0,8,True,False,True
2305454,K23,HK261,False,0,0.0,0.0,9,True,False,False
2305496,K23,HK231,True,6,16.0,16.0,1,False,False,True
2305496,K23,HK232,True,8,17.0,17.0,1,False,False,True
2305496,K23,HK241,True,5,16.0,16.0,3,False,False,True
2305496,K23,HK242,True,6,17.0,17.0,6,False,False,True
2305496,K23,HK251,True,6,18.0,18.0,8,False,False,True
2305496,K23,HK252,True,7,18.0,18.0,9,False,False,True
2305496,K23,HK261,False,0,0.0,0.0,9,False,False,False
2305647,K23,HK231,True,6,16.0,16.0,1,False,False,True
2305647,K23,HK232,True,8,17.0,17.0,2,False,False,True
2305647,K23,HK241,True,5,16.0,16.0,4,False,False,True
2305647,K23,HK242,True,6,17.0,17.0,4,False,False,True
2305647,K23,HK251,True,6,18.0,18.0,6,False,False,True
2305647,K23,HK252,True,7,18.0,18.0,9,False,False,True
2305647,K23,HK261,False,0,0.0,0.0,14,False,False,False
2305689,K23,HK231,True,5,14.0,14.0,1,False,False,True
2305689,K23,HK232,True,7,15.0,15.0,1,False,False,True
2305689,K23,HK241,True,4,14.0,14.0,3,False,False,True
2305689,K23,HK242,True,6,18.0,18.0,4,False,False,True
2305689,K23,HK251,True,6,18.0,18.0,6,False,False,True
2305689,K23,HK252,True,7,18.0,18.0,8,False,False,True
2305689,K23,HK261,False,0,0.0,0.0,12,False,False,False
2305840,K23,HK231,True,5,14.0,14.0,2,True,False,True
2305840,K23,HK232,True,7,15.0,15.0,3,True,False,True
2305840,K23,HK241,True,4,14.0,14.0,4,True,False,True
2305840,K23,HK242,True,6,18.0,18.0,5,True,False,True
2305840,K23,HK251,True,6,18.0,18.0,7,True,False,True
2305840,K23,HK252,True,7,18.0,18.0,8,True,False,True
2305840,K23,HK261,False,0,0.0,0.0,10,True,False,False
2305882,K23,HK231,True,6,16.0,16.0,1,True,False,True
2305882,K23,HK232,True,8,17.0,17.0,5,True,False,True
2305882,K23,HK241,True,5,16.0,16.0,5,True,False,True
2305882,K23,HK242,True,6,17.0,17.0,7,True,False,True
2305882,K23,HK251,True,6,18.0,18.0,9,True,False,True
2305882,K23,HK252,True,7,18.0,18.0,10,True,False,True
2305882,K23,HK261,False,0,0.0,0.0,10,True,False,False
2306033,K23,HK231,True,6,16.0,4.0,1,False,False,True
2306033,K23,HK232,True,10,22.0,0.0,3,False,False,True
2306075,K23,HK231,True,5,14.0,14.0,1,False,False,True
2306075,K23,HK232,True,7,15.0,15.0,2,False,False,True
2306075,K23,HK241,True,4,14.0,14.0,2,False,False,True
2306075,K23,HK242,True,6,18.0,18.0,3,False,False,True
2306075,K23,HK251,True,6,18.0,18.0,4,False,False,True
2306075,K23,HK252,True,7,18.0,18.0,5,False,False,True
2306075,K23,HK261,False,0,0.0,0.0,7,False,False,False
2306226,K23,HK231,True,5,14.0,14.0,1,False,False,True
2306226,K23,HK232,True,7,15.0,15.0,4,False,False,True
2306226,K23,HK241,True,4,14.0,14.0,5,False,False,True
2306226,K23,HK242,True,6,18.0,18.0,8,False,False,True
2306226,K23,HK251,True,6,18.0,18.0,8,False,False,True
2306226,K23,HK252,True,7,18.0,18.0,11,False,False,True
2306226,K23,HK261,False,0,0.0,0.0,13,False,False,False
2306268,K23,HK231,True,6,16.0,16.0,2,False,False,True
2306268,K23,HK232,True,8,17.0,17.0,3,False,False,True
2306268,K23,HK241,True,5,16.0,16.0,6,False,False,True
2306268,K23,HK242,True,6,17.0,17.0,6,False,False,True
2306268,K23,HK251,True,6,18.0,18.0,7,False,False,True
2306268,K23,HK252,True,7,18.0,18.0,7,False,False,True
2306268,K23,HK261,True,6,17.0,0.0,8,False,False,False
2306419,K23,HK231,True,5,14.0,14.0,2,True,False,True
2306419,K23,HK232,True,7,15.0,15.0,6,True,False,True
2306419,K23,HK241,True,4,14.0,14.0,8,True,False,True
2306419,K23,HK242,True,6,18.0,18.0,9,True,False,True
2306419,K23,HK251,True,6,18.0,18.0,11,True,False,True
2306419,K23,HK252,True,7,18.0,18.0,15,True,False,True
2306419,K23,HK261,True,7,19.0,0.0,17,True,True,False
2306461,K23,HK231,True,6,16.0,13.0,4,False,False,True
2306461,K23,HK232,True,10,20.0,4.0,5,False,False,True
2306461,K23,HK241,True,10,22.0,3.0,5,False,False,True
2306612,K23,HK231,True,6,16.0,11.0,0,False,False,True
2306612,K23,HK232,True,10,20.0,14.0,2,False,False,True
2306612,K23,HK241,True,8,20.0,10.0,4,False,False,True
2306612,K23,HK242,True,9,22.0,16.0,7,False,False,True
2306654,K23,HK231,True,5,14.0,14.0,3,True,False,True
2306654,K23,HK232,True,7,15.0,15.0,4,True,False,True
2306654,K23,HK241,True,4,14.0,14.0,4,True,False,True
2306654,K23,HK242,True,6,18.0,18.0,4,True,False,True
2306654,K23,HK251,True,6,18.0,18.0,5,True,False,True
2306654,K23,HK252,True,7,18.0,18.0,6,True,False,True
2306654,K23,HK261,False,0,0.0,0.0,8,True,False,False
2306805,K23,HK231,True,6,16.0,16.0,0,False,False,True
2306805,K23,HK232,True,8,17.0,17.0,0,False,False,True
2306805,K23,HK241,True,5,16.0,16.0,0,False,False,True
2306805,K23,HK242,True,6,17.0,17.0,0,False,False,True
2306805,K23,HK251,True,6,18.0,18.0,1,False,False,True
2306805,K23,HK252,True,7,18.0,18.0,3,False,False,True
2306805,K23,HK261,False,0,0.0,0.0,3,False,False,False
2306847,K23,HK231,True,5,14.0,14.0,5,False,False,True
2306847,K23,HK232,True,7,15.0,15.0,6,False,False,True
2306847,K23,HK241,True,4,14.0,14.0,8,False,False,True
2306847,K23,HK242,True,6,18.0,18.0,8,False,False,True
2306847,K23,HK251,True,6,18.0,18.0,9,False,False,True
2306847,K23,HK252,True,7,18.0,18.0,11,False,False,True
2306847,K23,HK261,False,0,0.0,0.0,11,False,False,False
2306998,K23,HK231,True,6,16.0,16.0,2,True,False,True
2306998,K23,HK232,True,8,17.0,17.0,5,True,False,True
2306998,K23,HK241,True,5,16.0,16.0,6,True,False,True
2306998,K23,HK242,True,6,17.0,17.0,7,True,False,True
2306998,K23,HK251,True,6,18.0,18.0,7,True,False,True
2306998,K23,HK252,True,7,18.0,18.0,9,True,False,True
2306998,K23,HK261,False,0,0.0,0.0,11,True,False,False
2307040,K23,HK231,True,5,14.0,14.0,0,False,False,True
2307040,K23,HK232,True,7,15.0,15.0,0,False,False,True
2307040,K23,HK241,True,4,14.0,14.0,0,False,False,True
2307040,K23,HK242,True,6,18.0,18.0,0,False,False,True
2307040,K23,HK251,True,6,18.0,18.0,7,False,False,True
2307040,K23,HK252,True,7,18.0,18.0,8,False,False,True
2307040,K23,HK261,False,0,0.0,0.0,10,False,False,False
2307191,K23,HK231,True,5,14.0,14.0,3,True,False,True
2307191,K23,HK232,True,7,15.0,15.0,3,True,False,True
2307191,K23,HK241,True,4,14.0,14.0,5,True,False,True
2307191,K23,HK242,True,6,18.0,18.0,5,True,False,True
2307191,K23,HK251,True,6,18.0,18.0,6,True,False,True
2307191,K23,HK252,True,7,18.0,18.0,8,True,False,True
2307191,K23,HK261,False,0,0.0,0.0,9,True,False,False
2307233,K23,HK231,True,6,16.0,16.0,2,False,False,True
2307233,K23,HK232,True,8,17.0,17.0,4,False,False,True
2307233,K23,HK241,True,5,16.0,16.0,8,False,False,True
2307233,K23,HK242,True,6,17.0,17.0,9,False,False,True
2307233,K23,HK251,True,6,18.0,18.0,13,False,False,True
2307233,K23,HK252,True,7,18.0,18.0,16,False,False,True
2307233,K23,HK261,False,0,0.0,0.0,17,False,False,False
2307384,K23,HK231,True,6,16.0,16.0,0,True,False,True
2307384,K23,HK232,True,8,17.0,17.0,2,True,False,True
2307426,K23,HK231,True,6,16.0,16.0,4,False,False,True
2307577,K23,HK231,True,5,14.0,14.0,0,False,False,True
2307577,K23,HK232,True,7,15.0,15.0,0,False,False,True
2307577,K23,HK241,True,4,14.0,14.0,3,False,False,True
2307577,K23,HK242,True,6,18.0,18.0,6,False,False,True
2307577,K23,HK251,True,6,18.0,18.0,9,False,False,True
2307577,K23,HK252,True,7,18.0,18.0,11,False,False,True
2307577,K23,HK261,False,0,0.0,0.0,14,False,False,False
2307619,K23,HK231,True,6,16.0,16.0,1,True,False,True
2307619,K23,HK232,True,8,17.0,17.0,2,True,False,True
2307619,K23,HK241,True,5,16.0,16.0,4,True,False,True
2307619,K23,HK242,True,6,17.0,17.0,5,True,False,True
2307619,K23,HK251,True,6,18.0,18.0,6,True,False,True
2307619,K23,HK252,True,7,18.0,18.0,8,True,False,True
2307619,K23,HK261,False,0,0.0,0.0,9,True,False,False
2307770,K23,HK231,True,5,14.0,14.0,2,True,False,True
2307770,K23,HK232,True,7,15.0,15.0,2,True,False,True
2307770,K23,HK241,True,4,14.0,14.0,3,True,False,True
2307770,K23,HK242,True,6,18.0,18.0,6,True,False,True
2307770,K23,HK251,True,6,18.0,18.0,8,True,False,True
2307770,K23,HK252,True,7,18.0,18.0,11,True,False,True
2307770,K23,HK261,False,0,0.0,0.0,13,True,False,False
2307812,K23,HK231,True,6,16.0,16.0,0,True,False,True
2307812,K23,HK232,True,8,17.0,17.0,1,True,False,True
2307812,K23,HK241,True,5,16.0,16.0,1,True,False,True
2307812,K23,HK242,True,6,17.0,17.0,2,True,False,True
2307812,K23,HK251,True,6,18.0,18.0,2,True,False,True
2307812,K23,HK252,True,7,18.0,18.0,5,True,False,True
2307812,K23,HK261,False,0,0.0,0.0,6,True,False,False
2308005,K23,HK231,True,6,16.0,16.0,0,False,False,True
2308005,K23,HK232,True,8,17.0,10.0,0,False,False,True
2308005,K23,HK241,True,7,21.0,14.0,1,False,False,True
2308005,K23,HK242,True,7,19.0,18.0,1,False,False,True
2308005,K23,HK251,True,6,16.0,13.0,2,False,False,True
2308005,K23,HK252,True,7,18.0,12.0,3,False,False,True
2308005,K23,HK261,False,0,0.0,0.0,3,False,False,False
2308198,K23,HK231,True,6,16.0,3.0,1,False,False,True
2308198,K23,HK232,True,9,21.0,4.0,4,False,False,True
2308391,K23,HK231,True,5,14.0,14.0,1,True,False,True
2308391,K23,HK232,True,8,18.0,18.0,3,True,False,True
2308391,K23,HK241,True,6,21.0,21.0,3,True,False,True
2308391,K23,HK242,True,7,20.0,20.0,4,True,False,True
2308391,K23,HK251,True,6,18.0,18.0,5,True,False,True
2308391,K23,HK252,True,7,18.0,18.0,5,True,False,True
2308391,K23,HK261,False,0,0.0,0.0,5,True,False,False
2308584,K23,HK231,True,6,16.0,16.0,2,False,False,True
2308584,K23,HK232,True,8,17.0,17.0,3,False,False,True
2308584,K23,HK241,True,5,16.0,16.0,3,False,False,True
2308584,K23,HK242,True,6,17.0,17.0,6,False,False,True
2308584,K23,HK251,True,6,18.0,18.0,11,False,False,True
2308584,K23,HK252,True,7,18.0,18.0,12,False,False,True
2308584,K23,HK261,False,0,0.0,0.0,14,False,False,False
2308777,K23,HK231,True,6,16.0,16.0,1,False,False,True
2308777,K23,HK232,True,8,17.0,17.0,3,False,False,True
2308777,K23,HK241,True,5,16.0,16.0,4,False,False,True
2308777,K23,HK242,True,6,17.0,17.0,6,False,False,True
2308777,K23,HK251,True,6,18.0,18.0,8,False,False,True
2308777,K23,HK252,True,7,18.0,18.0,12,False,False,True
2308777,K23,HK261,True,6,17.0,0.0,14,False,False,False
2308970,K23,HK231,True,6,16.0,16.0,0,True,False,True
2308970,K23,HK232,True,8,17.0,17.0,3,True,False,True
2308970,K23,HK241,True,5,16.0,16.0,4,True,False,True
2308970,K23,HK242,True,6,17.0,17.0,7,True,False,True
2308970,K23,HK251,True,6,18.0,18.0,10,True,False,True
2308970,K23,HK252,True,7,18.0,18.0,12,True,False,True
2308970,K23,HK261,True,7,19.0,0.0,12,True,True,False
2309163,K23,HK231,True,5,14.0,14.0,1,True,False,True
2309163,K23,HK232,True,7,15.0,15.0,3,True,False,True
2309163,K23,HK241,True,4,14.0,14.0,3,True,False,True
2309163,K23,HK242,True,6,18.0,18.0,3,True,False,True
2309163,K23,HK251,True,6,18.0,18.0,5,True,False,True
2309163,K23,HK252,True,7,18.0,18.0,7,True,False,True
2309163,K23,HK261,False,0,0.0,0.0,12,True,False,False
2309356,K23,HK231,True,6,16.0,16.0,3,False,False,True
2309356,K23,HK232,True,8,17.0,17.0,4,False,False,True
2309356,K23,HK241,True,5,16.0,16.0,6,False,False,True
2309356,K23,HK242,True,6,17.0,17.0,8,False,False,True
2309356,K23,HK251,True,6,18.0,18.0,13,False,False,True
2309356,K23,HK252,True,7,18.0,18.0,16,False,False,True
2309356,K23,HK261,False,0,0.0,0.0,16,False,False,False
2309549,K23,HK231,True,5,14.0,14.0,2,False,False,True
2309549,K23,HK232,True,8,18.0,18.0,2,False,False,True
2309549,K23,HK241,True,6,21.0,21.0,4,False,False,True
2309549,K23,HK242,True,7,20.0,20.0,4,False,False,True
2309549,K23,HK251,True,6,18.0,18.0,5,False,False,True
2309549,K23,HK252,True,7,18.0,18.0,11,False,False,True
2309549,K23,HK261,False,0,0.0,0.0,13,False,False,False
2309742,K23,HK231,True,6,16.0,16.0,2,False,False,True
2309742,K23,HK232,True,8,17.0,17.0,3,False,False,True
2309742,K23,HK241,True,5,16.0,16.0,3,False,False,True
2309742,K23,HK242,True,6,17.0,17.0,4,False,False,True
2309742,K23,HK251,True,6,18.0,18.0,5,False,False,True
2309742,K23,HK252,True,7,18.0,18.0,6,False,False,True
2309742,K23,HK261,True,6,17.0,0.0,8,False,False,False
2309935,K23,HK231,True,5,14.0,14.0,3,True,False,True
2309935,K23,HK232,True,7,15.0,15.0,5,True,False,True
2309935,K23,HK241,True,4,14.0,14.0,6,True,False,True
2309935,K23,HK242,True,6,18.0,18.0,10,True,False,True
2309935,K23,HK251,True,6,18.0,18.0,12,True,False,True
2309935,K23,HK252,True,7,18.0,18.0,13,True,True,True
2309935,K23,HK261,True,7,19.0,0.0,15,True,True,False
2310128,K23,HK231,True,6,16.0,16.0,2,False,False,True
2310128,K23,HK232,True,8,17.0,17.0,3,False,False,True
2310128,K23,HK241,True,5,16.0,16.0,5,False,False,True
2310128,K23,HK242,True,6,17.0,17.0,6,False,False,True
2310128,K23,HK251,True,6,18.0,18.0,10,False,False,True
2310128,K23,HK252,True,7,18.0,18.0,13,False,False,True
2310128,K23,HK261,False,0,0.0,0.0,15,False,False,False
2310170,K23,HK231,True,6,16.0,16.0,2,True,False,True
2310170,K23,HK232,True,8,17.0,17.0,3,True,False,True
2310170,K23,HK241,True,5,16.0,16.0,4,True,False,True
2310170,K23,HK242,True,6,17.0,17.0,6,True,False,True
2310170,K23,HK251,True,6,18.0,18.0,8,True,False,True
2310170,K23,HK252,True,7,18.0,18.0,8,True,False,True
2310170,K23,HK261,False,0,0.0,0.0,9,True,False,False
2310321,K23,HK231,True,6,16.0,16.0,2,True,False,True
2310321,K23,HK232,True,8,17.0,17.0,5,True,False,True
2310321,K23,HK241,True,5,16.0,16.0,6,True,False,True
2310321,K23,HK242,True,6,17.0,17.0,9,True,False,True
2310321,K23,HK251,True,6,18.0,18.0,10,True,False,True
2310321,K23,HK252,True,7,18.0,18.0,12,True,False,True
2310321,K23,HK261,True,7,19.0,0.0,17,True,True,False
2310363,K23,HK231,True,6,16.0,4.0,2,False,False,True
2310363,K23,HK232,True,9,22.0,7.0,6,False,False,True
2310514,K23,HK231,True,6,16.0,16.0,0,False,False,True
2310514,K23,HK232,True,8,17.0,17.0,2,False,False,True
2310514,K23,HK241,True,5,16.0,16.0,2,False,False,True
2310514,K23,HK242,True,6,17.0,17.0,4,False,False,True
2310514,K23,HK251,True,6,18.0,18.0,5,False,False,True
2310514,K23,HK252,True,7,18.0,18.0,6,False,False,True
2310514,K23,HK261,False,0,0.0,0.0,6,False,False,False
2310556,K23,HK231,True,6,16.0,16.0,1,True,False,True
2310556,K23,HK232,True,8,17.0,17.0,1,True,False,True
2310556,K23,HK241,True,5,16.0,16.0,1,True,False,True
2310556,K23,HK242,True,6,17.0,17.0,3,True,False,True
2310556,K23,HK251,True,6,18.0,18.0,4,True,False,True
2310556,K23,HK252,True,7,18.0,18.0,6,True,False,True
2310556,K23,HK261,False,0,0.0,0.0,8,True,False,False
2310707,K23,HK231,True,5,14.0,14.0,3,False,False,True
2310707,K23,HK232,True,7,15.0,15.0,3,False,False,True
2310707,K23,HK241,True,4,14.0,14.0,4,False,False,True
2310707,K23,HK242,True,6,18.0,18.0,6,False,False,True
2310707,K23,HK251,True,6,18.0,18.0,6,False,False,True
2310707,K23,HK252,True,7,18.0,18.0,8,False,False,True
2310707,K23,HK261,False,0,0.0,0.0,10,False,False,False
2310749,K23,HK231,True,5,14.0,14.0,1,False,False,True
2310749,K23,HK232,True,7,15.0,14.0,2,False,False,True
2310749,K23,HK241,True,5,15.0,14.0,2,False,False,True
2310749,K23,HK242,True,7,19.0,18.0,3,False,False,True
2310749,K23,HK251,True,6,16.0,16.0,3,False,False,True
2310749,K23,HK252,True,7,18.0,18.0,3,False,False,True
2310749,K23,HK261,False,0,0.0,0.0,3,False,False,False
2310900,K23,HK231,True,6,16.0,16.0,1,True,False,True
2310900,K23,HK232,True,8,17.0,17.0,5,True,False,True
2310900,K23,HK241,True,5,16.0,16.0,11,True,False,True
2310900,K23,HK242,True,6,17.0,17.0,13,True,False,True
2310900,K23,HK251,True,6,18.0,18.0,15,True,True,True
2310900,K23,HK252,True,7,18.0,18.0,17,True,True,True
2310900,K23,HK261,True,7,19.0,0.0,20,True,True,False
2310942,K23,HK231,True,6,16.0,7.0,2,False,False,True
2310942,K23,HK232,True,10,21.0,12.0,3,False,False,True
2310942,K23,HK241,True,8,19.0,3.0,5,False,False,True
2310942,K23,HK242,True,9,21.0,5.0,8,False,False,True
2311093,K23,HK231,True,6,16.0,16.0,1,True,False,True
2311093,K23,HK232,True,8,17.0,17.0,2,True,False,True
2311093,K23,HK241,True,5,16.0,16.0,5,True,False,True
2311093,K23,HK242,True,6,17.0,17.0,7,True,False,True
2311093,K23,HK251,True,6,18.0,18.0,10,True,False,True
2311093,K23,HK252,True,7,18.0,18.0,12,True,False,True
2311093,K23,HK261,True,7,19.0,0.0,13,True,True,False
2311135,K23,HK231,True,6,16.0,16.0,0,False,False,True
2311135,K23,HK232,True,8,17.0,17.0,0,False,False,True
2311135,K23,HK241,True,5,16.0,16.0,2,False,False,True
2311135,K23,HK242,True,6,17.0,17.0,4,False,False,True
2311135,K23,HK251,True,6,18.0,18.0,4,False,False,True
2311135,K23,HK252,True,7,18.0,18.0,4,False,False,True
2311135,K23,HK261,False,0,0.0,0.0,7,False,False,False
2311286,K23,HK231,True,6,16.0,16.0,2,False,False,True
2311286,K23,HK232,True,8,17.0,17.0,4,False,False,True
2311286,K23,HK241,True,5,16.0,16.0,5,False,False,True
2311286,K23,HK242,True,6,17.0,17.0,5,False,False,True
2311286,K23,HK251,True,6,18.0,18.0,7,False,False,True
2311286,K23,HK252,True,7,18.0,18.0,7,False,False,True
2311286,K23,HK261,False,0,0.0,0.0,8,False,False,False
2311328,K23,HK231,True,6,16.0,16.0,5,False,False,True
2311328,K23,HK232,True,8,17.0,17.0,9,False,False,True
2311328,K23,HK241,True,5,16.0,16.0,13,False,False,True
2311328,K23,HK242,True,6,17.0,17.0,16,False,False,True
2311328,K23,HK251,True,6,18.0,18.0,19,False,False,True
2311328,K23,HK252,True,7,18.0,18.0,22,False,False,True
2311328,K23,HK261,False,0,0.0,0.0,23,False,False,False
2311479,K23,HK231,True,6,16.0,16.0,3,True,False,True
2311479,K23,HK232,True,8,17.0,17.0,5,True,False,True
2311479,K23,HK241,True,5,16.0,16.0,6,True,False,True
2311479,K23,HK242,True,6,17.0,17.0,9,True,False,True
2311479,K23,HK251,True,6,18.0,18.0,9,True,False,True
2311479,K23,HK252,True,7,18.0,18.0,9,True,False,True
2311479,K23,HK261,False,0,0.0,0.0,10,True,False,False
2311521,K23,HK231,True,5,14.0,14.0,2,True,False,True
2311521,K23,HK232,True,7,15.0,15.0,3,True,False,True
2311521,K23,HK241,True,4,14.0,14.0,3,True,False,True
2311521,K23,HK242,True,6,18.0,18.0,4,True,False,True
2311521,K23,HK251,True,6,18.0,18.0,5,True,False,True
2311521,K23,HK252,True,7,18.0,18.0,6,True,False,True
2311521,K23,HK261,False,0,0.0,0.0,9,True,False,False
2311672,K23,HK231,True,6,16.0,8.0,3,False,False,True
2311672,K23,HK232,True,9,22.0,14.0,4,False,False,True
2311672,K23,HK241,True,8,22.0,7.0,4,False,False,True
2311672,K23,HK242,True,8,20.0,15.0,7,False,False,True
2311672,K23,HK251,True,7,20.0,9.0,11,False,False,True
2311714,K23,HK231,True,5,14.0,14.0,0,False,False,True
2311714,K23,HK232,True,7,15.0,15.0,3,False,False,True
2311714,K23,HK241,True,4,14.0,14.0,4,False,False,True
2311714,K23,HK242,True,6,18.0,18.0,7,False,False,True
2311714,K23,HK251,True,6,18.0,18.0,9,False,False,True
2311714,K23,HK252,True,7,18.0,18.0,10,False,False,True
2311714,K23,HK261,False,0,0.0,0.0,11,False,False,False
2311865,K23,HK231,True,6,16.0,16.0,6,True,False,True
2311865,K23,HK232,True,8,17.0,17.0,11,True,False,True
2311865,K23,HK241,True,5,16.0,16.0,11,True,False,True
2311865,K23,HK242,True,6,17.0,17.0,11,True,False,True
2311865,K23,HK251,True,6,18.0,18.0,13,True,False,True
2311865,K23,HK252,True,7,18.0,18.0,14,True,True,True
2311865,K23,HK261,True,7,19.0,0.0,16,True,True,False
2311907,K23,HK231,True,5,14.0,14.0,2,False,False,True
2311907,K23,HK232,True,7,15.0,15.0,4,False,False,True
2311907,K23,HK241,True,4,14.0,14.0,4,False,False,True
2311907,K23,HK242,True,6,18.0,18.0,7,False,False,True
2311907,K23,HK251,True,6,18.0,18.0,8,False,False,True
2311907,K23,HK252,True,7,18.0,18.0,9,False,False,True
2311907,K23,HK261,True,6,17.0,0.0,11,False,False,False
2312058,K23,HK231,True,5,14.0,14.0,0,True,False,True
2312058,K23,HK232,True,7,15.0,15.0,2,True,False,True
2312058,K23,HK241,True,4,14.0,14.0,2,True,False,True
2312058,K23,HK242,True,6,18.0,18.0,5,True,False,True
2312058,K23,HK251,True,6,18.0,18.0,5,True,False,True
2312100,K23,HK231,True,5,14.0,14.0,1,True,False,True
2312100,K23,HK232,True,7,15.0,15.0,4,True,False,True
2312100,K23,HK241,True,4,14.0,14.0,9,True,False,True
2312100,K23,HK242,True,6,18.0,18.0,14,True,False,True
2312100,K23,HK251,True,6,18.0,18.0,15,True,True,True
2312100,K23,HK252,True,7,18.0,18.0,18,True,True,True
2312100,K23,HK261,True,7,19.0,0.0,20,True,True,False
2312251,K23,HK231,True,5,14.0,14.0,0,False,False,True
2312251,K23,HK232,True,7,15.0,15.0,0,False,False,True
2312251,K23,HK241,True,4,14.0,14.0,2,False,False,True
2312251,K23,HK242,True,6,18.0,18.0,4,False,False,True
2312251,K23,HK251,True,6,18.0,18.0,6,False,False,True
2312251,K23,HK252,True,7,18.0,18.0,7,False,False,True
2312251,K23,HK261,True,6,17.0,0.0,10,False,False,False
2312293,K23,HK231,True,5,14.0,14.0,3,True,False,True
2312293,K23,HK232,True,7,15.0,15.0,5,True,False,True
2312293,K23,HK241,True,4,14.0,14.0,5,True,False,True
2312293,K23,HK242,True,6,18.0,18.0,8,True,False,True
2312293,K23,HK251,True,6,18.0,18.0,9,True,False,True
2312293,K23,HK252,True,7,18.0,18.0,11,True,False,True
2312293,K23,HK261,False,0,0.0,0.0,11,True,False,False
2312444,K23,HK231,True,6,16.0,12.0,0,True,False,True
2312444,K23,HK232,True,9,21.0,12.0,1,True,False,True
2312444,K23,HK241,True,7,21.0,12.0,1,True,False,True
2312444,K23,HK242,True,7,19.0,19.0,1,True,False,True
2312444,K23,HK251,True,6,18.0,15.0,1,True,False,True
2312444,K23,HK252,True,7,18.0,18.0,1,True,False,True
2312444,K23,HK261,True,6,17.0,0.0,1,True,False,False
2312486,K23,HK231,True,6,16.0,16.0,0,True,False,True
2312486,K23,HK232,True,8,17.0,17.0,1,True,False,True
2312486,K23,HK241,True,5,16.0,16.0,2,True,False,True
2312486,K23,HK242,True,6,17.0,17.0,5,True,False,True
2312486,K23,HK251,True,6,18.0,18.0,5,True,False,True
2312486,K23,HK252,True,7,18.0,18.0,6,True,False,True
2312486,K23,HK261,True,6,17.0,0.0,8,True,False,False
2312637,K23,HK231,True,6,16.0,11.0,3,True,False,True
2312637,K23,HK232,True,9,20.0,8.0,5,True,False,True
2312637,K23,HK241,True,7,22.0,10.0,7,True,False,True
2312637,K23,HK242,True,7,20.0,14.0,8,True,False,True
2312637,K23,HK251,True,7,21.0,13.0,8,True,False,True
2312637,K23,HK252,True,8,20.0,13.0,9,True,False,True
2312637,K23,HK261,False,0,0.0,0.0,10,True,False,False
2312679,K23,HK231,True,6,16.0,16.0,0,False,False,True
2312679,K23,HK232,True,8,17.0,17.0,0,False,False,True
2312679,K23,HK241,True,5,16.0,16.0,2,False,False,True
2312679,K23,HK242,True,6,17.0,17.0,3,False,False,True
2312679,K23,HK251,True,6,18.0,18.0,4,False,False,True
2312679,K23,HK252,True,7,18.0,18.0,7,False,False,True
2312679,K23,HK261,False,0,0.0,0.0,11,False,False,False
2312830,K23,HK231,True,6,16.0,16.0,1,True,False,True
2312830,K23,HK232,True,8,17.0,17.0,4,True,False,True
2312830,K23,HK241,True,5,16.0,16.0,6,True,False,True
2312872,K23,HK231,True,5,14.0,14.0,1,False,False,True
2312872,K23,HK232,True,7,15.0,15.0,3,False,False,True
2312872,K23,HK241,True,4,14.0,14.0,6,False,False,True
2312872,K23,HK242,True,6,18.0,18.0,8,False,False,True
2312872,K23,HK251,True,6,18.0,18.0,9,False,False,True
2312872,K23,HK252,True,7,18.0,18.0,10,False,False,True
2312872,K23,HK261,False,0,0.0,0.0,11,False,False,False
2313023,K23,HK231,True,6,16.0,16.0,0,True,False,True
2313023,K23,HK232,True,8,17.0,17.0,1,True,False,True
2313023,K23,HK241,True,5,16.0,16.0,4,True,False,True
2313023,K23,HK242,True,6,17.0,17.0,9,True,False,True
2313023,K23,HK251,True,6,18.0,18.0,10,True,False,True
2313023,K23,HK252,True,7,18.0,18.0,12,True,False,True
2313023,K23,HK261,True,7,19.0,0.0,13,True,True,False
2313065,K23,HK231,True,5,14.0,14.0,4,True,False,True
2313065,K23,HK232,True,8,18.0,18.0,4,True,False,True
2313065,K23,HK241,True,6,21.0,21.0,5,True,False,True
2313065,K23,HK242,True,7,20.0,20.0,8,True,False,True
2313065,K23,HK251,True,6,18.0,18.0,8,True,False,True
2313065,K23,HK252,True,7,18.0,18.0,8,True,False,True
2313065,K23,HK261,False,0,0.0,0.0,10,True,False,False
2313258,K23,HK231,True,6,16.0,16.0,3,False,False,True
2313258,K23,HK232,True,8,17.0,17.0,8,False,False,True
2313258,K23,HK241,True,5,16.0,16.0,10,False,False,True
2313258,K23,HK242,True,6,17.0,17.0,14,False,False,True
2313258,K23,HK251,True,6,18.0,18.0,15,False,False,True
2313258,K23,HK252,True,7,18.0,18.0,17,False,False,True
2313258,K23,HK261,False,0,0.0,0.0,20,False,False,False
2313451,K23,HK231,True,5,14.0,14.0,4,False,False,True
2313451,K23,HK232,True,7,15.0,15.0,5,False,False,True
2313451,K23,HK241,True,4,14.0,14.0,9,False,False,True
2313451,K23,HK242,True,6,18.0,18.0,13,False,False,True
2313451,K23,HK251,True,6,18.0,18.0,15,False,False,True
2313451,K23,HK252,True,7,18.0,18.0,15,False,False,True
2313451,K23,HK261,False,0,0.0,0.0,15,False,False,False
2313644,K23,HK231,True,5,14.0,14.0,1,False,False,True
2313644,K23,HK232,True,7,15.0,15.0,2,False,False,True
2313644,K23,HK241,True,4,14.0,14.0,5,False,False,True
2313644,K23,HK242,True,6,18.0,18.0,7,False,False,True
2313644,K23,HK251,True,6,18.0,18.0,9,False,False,True
2313644,K23,HK252,True,7,18.0,18.0,13,False,False,True
2313644,K23,HK261,False,0,0.0,0.0,14,False,False,False
2313837,K23,HK231,True,6,16.0,16.0,1,True,False,True
2313837,K23,HK232,True,8,17.0,17.0,3,True,False,True
2313837,K23,HK241,True,5,16.0,16.0,8,True,False,True
2313837,K23,HK242,True,6,17.0,17.0,10,True,False,True
2313837,K23,HK251,True,6,18.0,18.0,12,True,False,True
2313837,K23,HK252,True,7,18.0,18.0,13,True,True,True
2313837,K23,HK261,True,7,19.0,0.0,16,True,True,False
2314030,K23,HK231,True,6,16.0,16.0,0,False,False,True
2314030,K23,HK232,True,8,17.0,17.0,1,False,False,True
2314030,K23,HK241,True,5,16.0,16.0,4,False,False,True
2314030,K23,HK242,True,6,17.0,17.0,5,False,False,True
2314030,K23,HK251,True,6,18.0,18.0,6,False,False,True
2314030,K23,HK252,True,7,18.0,18.0,6,False,False,True
2314030,K23,HK261,False,0,0.0,0.0,7,False,False,False
2314223,K23,HK231,True,6,16.0,16.0,0,False,False,True
2314223,K23,HK232,True,8,17.0,17.0,1,False,False,True
2314223,K23,HK241,True,5,16.0,16.0,2,False,False,True
2314223,K23,HK242,True,6,17.0,17.0,5,False,False,True
2314223,K23,HK251,True,6,18.0,18.0,8,False,False,True
2314223,K23,HK252,True,7,18.0,18.0,9,False,False,True
2314223,K23,HK261,False,0,0.0,0.0,9,False,False,False
2314416,K23,HK231,True,6,16.0,16.0,4,True,False,True
2314416,K23,HK232,True,8,17.0,17.0,5,True,False,True
2314416,K23,HK241,True,5,16.0,16.0,5,True,False,True
2314416,K23,HK242,True,6,17.0,17.0,7,True,False,True
2314416,K23,HK251,True,6,18.0,18.0,7,True,False,True
2314416,K23,HK252,True,7,18.0,18.0,8,True,False,True
2314416,K23,HK261,False,0,0.0,0.0,10,True,False,False
2314609,K23,HK231,True,6,16.0,16.0,2,False,False,True
2314609,K23,HK232,True,8,17.0,17.0,3,False,False,True
2314609,K23,HK241,True,5,16.0,16.0,5,False,False,True
2314609,K23,HK242,True,6,17.0,17.0,9,False,False,True
2314609,K23,HK251,True,6,18.0,18.0,12,False,False,True
2314609,K23,HK252,True,7,18.0,18.0,14,False,False,True
2314609,K23,HK261,False,0,0.0,0.0,15,False,False,False
2314802,K23,HK231,True,5,14.0,14.0,4,True,False,True
2314802,K23,HK232,True,7,15.0,15.0,6,True,False,True
2314802,K23,HK241,True,4,14.0,14.0,10,True,False,True
2314802,K23,HK242,True,6,18.0,18.0,10,True,False,True
2314802,K23,HK251,True,6,18.0,18.0,11,True,False,True
2314802,K23,HK252,True,7,18.0,18.0,12,True,False,True
2314802,K23,HK261,True,7,19.0,0.0,16,True,True,False
2314995,K23,HK231,True,5,14.0,14.0,0,True,False,True
2314995,K23,HK232,True,8,18.0,18.0,1,True,False,True
2314995,K23,HK241,True,6,21.0,21.0,2,True,False,True
2314995,K23,HK242,True,7,20.0,20.0,3,True,False,True
2314995,K23,HK251,True,6,18.0,18.0,3,True,False,True
2314995,K23,HK252,True,7,18.0,18.0,3,True,False,True
2314995,K23,HK261,False,0,0.0,0.0,5,True,False,False
2315188,K23,HK231,True,5,14.0,14.0,4,True,False,True
2315188,K23,HK232,True,7,15.0,15.0,6,True,False,True
2315188,K23,HK241,True,4,14.0,14.0,8,True,False,True
2315188,K23,HK242,True,6,18.0,18.0,9,True,False,True
2315188,K23,HK251,True,6,18.0,18.0,10,True,False,True
2315188,K23,HK252,True,7,18.0,18.0,10,True,False,True
2315188,K23,HK261,False,0,0.0,0.0,11,True,False,False
2315381,K23,HK231,True,6,16.0,16.0,1,False,False,True
2315381,K23,HK232,True,8,17.0,17.0,2,False,False,True
2315381,K23,HK241,True,5,16.0,16.0,4,False,False,True
2315381,K23,HK242,True,6,17.0,17.0,6,False,False,True
2315381,K23,HK251,True,6,18.0,18.0,9,False,False,True
2315381,K23,HK252,True,7,18.0,18.0,9,False,False,True
2315381,K23,HK261,False,0,0.0,0.0,10,False,False,False
2315423,K23,HK231,True,6,16.0,16.0,6,True,False,True
2315423,K23,HK232,True,8,17.0,17.0,7,True,False,True
2315423,K23,HK241,True,5,16.0,16.0,9,True,False,True
2315423,K23,HK242,True,6,17.0,17.0,9,True,False,True
2315423,K23,HK251,True,6,18.0,18.0,11,True,False,True
2315423,K23,HK252,True,7,18.0,18.0,13,True,False,True
2315423,K23,HK261,True,7,19.0,0.0,16,True,True,False
2315574,K23,HK231,True,6,16.0,16.0,1,False,False,True
2315574,K23,HK232,True,8,17.0,17.0,4,False,False,True
2315574,K23,HK241,True,5,16.0,16.0,6,False,False,True
2315574,K23,HK242,True,6,17.0,17.0,7,False,False,True
2315574,K23,HK251,True,6,18.0,18.0,8,False,False,True
2315574,K23,HK252,True,7,18.0,18.0,9,False,False,True
2315574,K23,HK261,False,0,0.0,0.0,10,False,False,False
2315616,K23,HK231,True,6,16.0,16.0,3,True,False,True
2315616,K23,HK232,True,8,17.0,17.0,6,True,False,True
2315616,K23,HK241,True,5,16.0,16.0,10,True,False,True
2315616,K23,HK242,True,6,17.0,17.0,13,True,False,True
2315616,K23,HK251,True,6,18.0,18.0,14,True,True,True
2315616,K23,HK252,True,7,18.0,18.0,16,True,True,True
2315616,K23,HK261,True,7,19.0,0.0,17,True,True,False
2315767,K23,HK231,True,6,16.0,16.0,0,False,False,True
2315767,K23,HK232,True,8,17.0,17.0,1,False,False,True
2315767,K23,HK241,True,5,16.0,16.0,1,False,False,True
2315767,K23,HK242,True,6,17.0,17.0,3,False,False,True
2315767,K23,HK251,True,6,18.0,18.0,9,False,False,True
2315767,K23,HK252,True,7,18.0,18.0,12,False,False,True
2315767,K23,HK261,False,0,0.0,0.0,13,False,False,False
2315809,K23,HK231,True,6,16.0,16.0,2,True,False,True
2315809,K23,HK232,True,8,17.0,17.0,4,True,False,True
2315809,K23,HK241,True,5,16.0,16.0,6,True,False,True
2315809,K23,HK242,True,6,17.0,17.0,8,True,False,True
2315809,K23,HK251,True,6,18.0,18.0,8,True,False,True
2315809,K23,HK252,True,7,18.0,18.0,9,True,False,True
2315809,K23,HK261,False,0,0.0,0.0,10,True,False,False
2315960,K23,HK231,True,5,14.0,14.0,0,True,False,True
2315960,K23,HK232,True,7,15.0,15.0,0,True,False,True
2315960,K23,HK241,True,4,14.0,14.0,4,True,False,True
2315960,K23,HK242,True,6,18.0,18.0,5,True,False,True
2315960,K23,HK251,True,6,18.0,18.0,7,True,False,True
2315960,K23,HK252,True,7,18.0,18.0,8,True,False,True
2315960,K23,HK261,False,0,0.0,0.0,9,True,False,False
2316002,K23,HK231,True,5,14.0,14.0,1,False,False,True
2316002,K23,HK232,True,7,15.0,15.0,1,False,False,True
2316002,K23,HK241,True,4,14.0,14.0,2,False,False,True
2316002,K23,HK242,True,6,18.0,18.0,3,False,False,True
2316002,K23,HK251,True,6,18.0,18.0,4,False,False,True
2316002,K23,HK252,True,7,18.0,18.0,5,False,False,True
2316002,K23,HK261,False,0,0.0,0.0,7,False,False,False
2316153,K23,HK231,True,5,14.0,14.0,0,True,False,True
2316153,K23,HK232,True,7,15.0,15.0,1,True,False,True
2316153,K23,HK241,True,4,14.0,14.0,4,True,False,True
2316153,K23,HK242,True,6,18.0,18.0,5,True,False,True
2316153,K23,HK251,True,6,18.0,18.0,7,True,False,True
2316153,K23,HK252,True,7,18.0,18.0,8,True,False,True
2316153,K23,HK261,False,0,0.0,0.0,9,True,False,False
2316195,K23,HK231,True,6,16.0,16.0,1,True,False,True
2316195,K23,HK232,True,8,17.0,17.0,3,True,False,True
2316195,K23,HK241,True,5,16.0,16.0,3,True,False,True
2316195,K23,HK242,True,6,17.0,17.0,3,True,False,True
2316195,K23,HK251,True,6,18.0,18.0,4,True,False,True
2316195,K23,HK252,True,7,18.0,18.0,5,True,False,True
2316195,K23,HK261,False,0,0.0,0.0,5,True,False,False
2316346,K23,HK231,True,6,16.0,16.0,1,False,False,True
2316346,K23,HK232,True,8,17.0,17.0,5,False,False,True
2316346,K23,HK241,True,5,16.0,16.0,8,False,False,True
2316346,K23,HK242,True,6,17.0,17.0,8,False,False,True
2316346,K23,HK251,True,6,18.0,18.0,8,False,False,True
2316346,K23,HK252,True,7,18.0,18.0,13,False,False,True
2316346,K23,HK261,False,0,0.0,0.0,14,False,False,False
2316388,K23,HK231,True,6,16.0,16.0,0,False,False,True
2316388,K23,HK232,True,8,17.0,17.0,0,False,False,True
2316388,K23,HK241,True,5,16.0,16.0,2,False,False,True
2316388,K23,HK242,True,6,17.0,17.0,6,False,False,True
2316388,K23,HK251,True,6,18.0,18.0,9,False,False,True
2316388,K23,HK252,True,7,18.0,18.0,9,False,False,True
2316388,K23,HK261,True,6,17.0,0.0,10,False,False,False
2316539,K23,HK231,True,6,16.0,5.0,2,True,False,True
2316539,K23,HK232,True,9,21.0,7.0,4,True,False,True
2316581,K23,HK231,True,5,14.0,14.0,1,True,False,True
2316581,K23,HK232,True,7,15.0,15.0,3,True,False,True
2316581,K23,HK241,True,4,14.0,14.0,5,True,False,True
2316581,K23,HK242,True,6,18.0,18.0,10,True,False,True
2316581,K23,HK251,True,6,18.0,18.0,11,True,False,True
2316581,K23,HK252,True,7,18.0,18.0,12,True,False,True
2316581,K23,HK261,True,7,19.0,0.0,12,True,True,False
2316732,K23,HK231,True,6,16.0,16.0,1,True,False,True
2316732,K23,HK232,True,8,17.0,17.0,1,True,False,True
2316732,K23,HK241,True,5,16.0,16.0,3,True,False,True
2316732,K23,HK242,True,6,17.0,17.0,4,True,False,True
2316732,K23,HK251,True,6,18.0,18.0,5,True,False,True
2316732,K23,HK252,True,7,18.0,18.0,7,True,False,True
2316732,K23,HK261,True,6,17.0,0.0,9,True,False,False
2316774,K23,HK231,True,5,14.0,14.0,3,True,False,True
2316774,K23,HK232,True,7,15.0,15.0,4,True,False,True
2316774,K23,HK241,True,4,14.0,14.0,7,True,False,True
2316774,K23,HK242,True,6,18.0,18.0,7,True,False,True
2316774,K23,HK251,True,6,18.0,18.0,11,True,False,True
2316774,K23,HK252,True,7,18.0,18.0,11,True,False,True
2316774,K23,HK261,False,0,0.0,0.0,14,True,False,False
2316925,K23,HK231,True,6,16.0,16.0,0,False,False,True
2316925,K23,HK232,True,8,17.0,17.0,2,False,False,True
2316925,K23,HK241,True,5,16.0,16.0,6,False,False,True
2316925,K23,HK242,True,6,17.0,17.0,9,False,False,True
2316925,K23,HK251,True,6,18.0,18.0,11,False,False,True
2316925,K23,HK252,True,7,18.0,18.0,13,False,False,True
2316925,K23,HK261,True,6,17.0,0.0,13,False,False,False
2316967,K23,HK231,True,5,14.0,14.0,2,False,False,True
2316967,K23,HK232,True,7,15.0,15.0,4,False,False,True
2316967,K23,HK241,True,4,14.0,14.0,4,False,False,True
2316967,K23,HK242,True,6,18.0,18.0,5,False,False,True
2316967,K23,HK251,True,6,18.0,18.0,8,False,False,True
2316967,K23,HK252,True,7,18.0,18.0,9,False,False,True
2316967,K23,HK261,False,0,0.0,0.0,11,False,False,False
2317118,K23,HK231,True,6,16.0,16.0,3,False,False,True
2317118,K23,HK232,True,8,17.0,17.0,4,False,False,True
2317118,K23,HK241,True,5,16.0,16.0,6,False,False,True
2317118,K23,HK242,True,6,17.0,17.0,8,False,False,True
2317118,K23,HK251,True,6,18.0,18.0,9,False,False,True
2317118,K23,HK252,True,7,18.0,18.0,10,False,False,True
2317118,K23,HK261,True,6,17.0,0.0,12,False,False,False
2317160,K23,HK231,True,5,14.0,14.0,4,False,False,True
2317160,K23,HK232,True,7,15.0,15.0,7,False,False,True
2317160,K23,HK241,True,4,14.0,14.0,10,False,False,True
2317160,K23,HK242,True,6,18.0,18.0,10,False,False,True
2317160,K23,HK251,True,6,18.0,18.0,12,False,False,True
2317160,K23,HK252,True,7,18.0,18.0,13,False,False,True
2317160,K23,HK261,False,0,0.0,0.0,14,False,False,False
2317311,K23,HK231,True,5,14.0,14.0,2,False,False,True
2317311,K23,HK232,True,7,15.0,15.0,4,False,False,True
2317311,K23,HK241,True,4,14.0,14.0,9,False,False,True
2317311,K23,HK242,True,6,18.0,18.0,9,False,False,True
2317311,K23,HK251,True,6,18.0,18.0,11,False,False,True
2317311,K23,HK252,True,7,18.0,18.0,12,False,False,True
2317311,K23,HK261,False,0,0.0,0.0,15,False,False,False
2317353,K23,HK231,True,5,14.0,14.0,0,False,False,True
2317353,K23,HK232,True,7,15.0,15.0,3,False,False,True
2317353,K23,HK241,True,4,14.0,14.0,9,False,False,True
2317353,K23,HK242,True,6,18.0,18.0,11,False,False,True
2317353,K23,HK251,True,6,18.0,18.0,14,False,False,True
2317353,K23,HK252,True,7,18.0,18.0,17,False,False,True
2317353,K23,HK261,False,0,0.0,0.0,19,False,False,False
2317504,K23,HK231,True,5,14.0,14.0,0,True,False,True
2317504,K23,HK232,True,7,15.0,15.0,4,True,False,True
2317504,K23,HK241,True,4,14.0,14.0,7,True,False,True
2317504,K23,HK242,True,6,18.0,18.0,10,True,False,True
2317504,K23,HK251,True,6,18.0,18.0,15,True,False,True
2317504,K23,HK252,True,7,18.0,18.0,19,True,True,True
2317504,K23,HK261,True,7,19.0,0.0,20,True,True,False
2317546,K23,HK231,True,5,14.0,14.0,3,False,False,True
2317546,K23,HK232,True,7,15.0,15.0,5,False,False,True
2317546,K23,HK241,True,4,14.0,14.0,7,False,False,True
2317546,K23,HK242,True,6,18.0,18.0,9,False,False,True
2317546,K23,HK251,True,6,18.0,18.0,12,False,False,True
2317546,K23,HK252,True,7,18.0,18.0,12,False,False,True
2317546,K23,HK261,False,0,0.0,0.0,13,False,False,False
2317697,K23,HK231,True,5,14.0,14.0,0,False,False,True
2317697,K23,HK232,True,7,15.0,15.0,0,False,False,True
2317697,K23,HK241,True,4,14.0,14.0,4,False,False,True
2317697,K23,HK242,True,6,18.0,18.0,7,False,False,True
2317697,K23,HK251,True,6,18.0,18.0,8,False,False,True
2317697,K23,HK252,True,7,18.0,18.0,9,False,False,True
2317697,K23,HK261,False,0,0.0,0.0,9,False,False,False
2317739,K23,HK231,True,5,14.0,14.0,0,False,False,True
2317739,K23,HK232,True,7,15.0,15.0,0,False,False,True
2317739,K23,HK241,True,4,14.0,14.0,3,False,False,True
2317890,K23,HK231,True,5,14.0,14.0,3,True,False,True
2317890,K23,HK232,True,7,15.0,15.0,4,True,False,True
2317890,K23,HK241,True,4,14.0,14.0,8,True,False,True
2317890,K23,HK242,True,6,18.0,18.0,9,True,False,True
2317890,K23,HK251,True,6,18.0,18.0,9,True,False,True
2317890,K23,HK252,True,7,18.0,18.0,10,True,False,True
2317890,K23,HK261,False,0,0.0,0.0,12,True,False,False
2317932,K23,HK231,True,5,14.0,14.0,1,True,False,True
2317932,K23,HK232,True,7,15.0,15.0,4,True,False,True
2317932,K23,HK241,True,4,14.0,14.0,6,True,False,True
2317932,K23,HK242,True,6,18.0,18.0,6,True,False,True
2317932,K23,HK251,True,6,18.0,18.0,9,True,False,True
2317932,K23,HK252,True,7,18.0,18.0,11,True,False,True
2317932,K23,HK261,True,6,17.0,0.0,11,True,False,False
2318083,K23,HK231,True,5,14.0,14.0,3,True,False,True
2318083,K23,HK232,True,7,15.0,15.0,6,True,False,True
2318083,K23,HK241,True,4,14.0,14.0,7,True,False,True
2318083,K23,HK242,True,6,18.0,18.0,8,True,False,True
2318083,K23,HK251,True,6,18.0,18.0,9,True,False,True
2318083,K23,HK252,True,7,18.0,18.0,10,True,False,True
2318083,K23,HK261,False,0,0.0,0.0,12,True,False,False
2318125,K23,HK231,True,5,14.0,14.0,2,False,False,True
2318125,K23,HK232,True,7,15.0,15.0,3,False,False,True
2318125,K23,HK241,True,4,14.0,14.0,3,False,False,True
2318125,K23,HK242,True,6,18.0,18.0,3,False,False,True
2318125,K23,HK251,True,6,18.0,18.0,3,False,False,True
2318125,K23,HK252,True,7,18.0,18.0,8,False,False,True
2318125,K23,HK261,False,0,0.0,0.0,11,False,False,False
2318276,K23,HK231,True,5,14.0,14.0,1,True,False,True
2318276,K23,HK232,True,7,15.0,15.0,4,True,False,True
2318276,K23,HK241,True,4,14.0,14.0,9,True,False,True
2318276,K23,HK242,True,6,18.0,18.0,13,True,False,True
2318276,K23,HK251,True,6,18.0,18.0,15,True,True,True
2318276,K23,HK252,True,7,18.0,18.0,19,True,True,True
2318276,K23,HK261,True,7,19.0,0.0,23,True,True,False
2318318,K23,HK231,True,5,14.0,14.0,0,True,False,True
2318318,K23,HK232,True,7,15.0,15.0,2,True,False,True
2318318,K23,HK241,True,4,14.0,14.0,4,True,False,True
2318318,K23,HK242,True,6,18.0,18.0,7,True,False,True
2318318,K23,HK251,True,6,18.0,18.0,9,True,False,True
2318318,K23,HK252,True,7,18.0,18.0,13,True,False,True
2318318,K23,HK261,True,7,19.0,0.0,16,True,True,False
2318511,K23,HK231,True,6,16.0,3.0,2,True,False,True
2318511,K23,HK232,True,9,21.0,7.0,5,True,False,True
2318704,K23,HK231,True,6,16.0,16.0,3,True,False,True
2318704,K23,HK232,True,8,17.0,17.0,4,True,False,True
2318704,K23,HK241,True,5,16.0,16.0,6,True,False,True
2318704,K23,HK242,True,6,17.0,17.0,6,True,False,True
2318704,K23,HK251,True,6,18.0,18.0,9,True,False,True
2318704,K23,HK252,True,7,18.0,18.0,12,True,False,True
2318704,K23,HK261,True,7,19.0,0.0,15,True,True,False
2318897,K23,HK231,True,6,16.0,16.0,0,True,False,True
2318897,K23,HK232,True,8,17.0,17.0,1,True,False,True
2318897,K23,HK241,True,5,16.0,16.0,3,True,False,True
2318897,K23,HK242,True,6,17.0,17.0,4,True,False,True
2318897,K23,HK251,True,6,18.0,18.0,7,True,False,True
2318897,K23,HK252,True,7,18.0,18.0,10,True,False,True
2318897,K23,HK261,True,6,17.0,0.0,11,True,False,False
2319090,K23,HK231,True,6,16.0,16.0,2,False,False,True
2319090,K23,HK232,True,8,17.0,17.0,5,False,False,True
2319090,K23,HK241,True,5,16.0,16.0,7,False,False,True
2319090,K23,HK242,True,6,17.0,17.0,8,False,False,True
2319090,K23,HK251,True,6,18.0,18.0,8,False,False,True
2319090,K23,HK252,True,7,18.0,18.0,10,False,False,True
2319090,K23,HK261,False,0,0.0,0.0,14,False,False,False
2319283,K23,HK231,True,6,16.0,16.0,1,False,False,True
2319283,K23,HK232,True,8,17.0,17.0,2,False,False,True
2319283,K23,HK241,True,5,16.0,16.0,5,False,False,True
2319283,K23,HK242,True,6,17.0,17.0,7,False,False,True
2319283,K23,HK251,True,6,18.0,18.0,7,False,False,True
2319283,K23,HK252,True,7,18.0,18.0,10,False,False,True
2319283,K23,HK261,False,0,0.0,0.0,11,False,False,False
2319476,K23,HK231,True,6,16.0,16.0,0,True,False,True
2319476,K23,HK232,True,8,17.0,17.0,2,True,False,True
2319476,K23,HK241,True,5,16.0,16.0,3,True,False,True
2319476,K23,HK242,True,6,17.0,17.0,5,True,False,True
2319476,K23,HK251,True,6,18.0,18.0,5,True,False,True
2319476,K23,HK252,True,7,18.0,18.0,6,True,False,True
2319476,K23,HK261,False,0,0.0,0.0,7,True,False,False
2319669,K23,HK231,True,6,16.0,16.0,1,True,False,True
2319669,K23,HK232,True,8,17.0,17.0,2,True,False,True
2319669,K23,HK241,True,5,16.0,16.0,3,True,False,True
2319669,K23,HK242,True,6,17.0,17.0,5,True,False,True
2319669,K23,HK251,True,6,18.0,18.0,6,True,False,True
2319669,K23,HK252,True,7,18.0,18.0,7,True,False,True
2319862,K23,HK231,True,6,16.0,16.0,5,False,False,True
2319862,K23,HK232,True,8,17.0,17.0,9,False,False,True
2319862,K23,HK241,True,5,16.0,16.0,14,False,False,True
2319862,K23,HK242,True,6,17.0,17.0,18,False,False,True
2319862,K23,HK251,True,6,18.0,18.0,20,False,False,True
2319862,K23,HK252,True,7,18.0,18.0,21,False,False,True
2319862,K23,HK261,False,0,0.0,0.0,23,False,False,False
2320055,K23,HK231,True,6,16.0,16.0,2,True,False,True
2320055,K23,HK232,True,8,17.0,17.0,5,True,False,True
2320055,K23,HK241,True,5,16.0,16.0,8,True,False,True
2320055,K23,HK242,True,6,17.0,17.0,9,True,False,True
2320055,K23,HK251,True,6,18.0,18.0,10,True,False,True
2320055,K23,HK252,True,7,18.0,18.0,11,True,False,True
2320055,K23,HK261,False,0,0.0,0.0,14,True,False,False
2320248,K23,HK231,True,5,14.0,14.0,2,True,False,True
2320248,K23,HK232,True,7,15.0,15.0,3,True,False,True
2320248,K23,HK241,True,4,14.0,14.0,4,True,False,True
2320248,K23,HK242,True,6,18.0,18.0,5,True,False,True
2320248,K23,HK251,True,6,18.0,18.0,6,True,False,True
2320248,K23,HK252,True,7,18.0,18.0,8,True,False,True
2320248,K23,HK261,False,0,0.0,0.0,11,True,False,False
2320441,K23,HK231,True,6,16.0,16.0,0,True,False,True
2320441,K23,HK232,True,8,17.0,17.0,2,True,False,True
2320441,K23,HK241,True,5,16.0,16.0,3,True,False,True
2320441,K23,HK242,True,6,17.0,17.0,6,True,False,True
2320441,K23,HK251,True,6,18.0,18.0,10,True,False,True
2320441,K23,HK252,True,7,18.0,18.0,13,True,False,True
2320441,K23,HK261,True,7,19.0,0.0,13,True,True,False
2320634,K23,HK231,True,6,16.0,16.0,2,True,False,True
2320634,K23,HK232,True,8,17.0,17.0,6,True,False,True
2320634,K23,HK241,True,5,16.0,16.0,6,True,False,True
2320634,K23,HK242,True,6,17.0,17.0,6,True,False,True
2320634,K23,HK251,True,6,18.0,18.0,7,True,False,True
2320634,K23,HK252,True,7,18.0,18.0,10,True,False,True
2320634,K23,HK261,False,0,0.0,0.0,14,True,False,False
2320676,K23,HK231,True,5,14.0,14.0,2,True,False,True
2320676,K23,HK232,True,7,15.0,15.0,6,True,False,True
2320676,K23,HK241,True,4,14.0,14.0,6,True,False,True
2320676,K23,HK242,True,6,18.0,18.0,7,True,False,True
2320676,K23,HK251,True,6,18.0,18.0,8,True,False,True
2320676,K23,HK252,True,7,18.0,18.0,9,True,False,True
2320676,K23,HK261,False,0,0.0,0.0,11,True,False,False
2320827,K23,HK231,True,5,14.0,14.0,0,True,False,True
2320827,K23,HK232,True,7,15.0,15.0,3,True,False,True
2320827,K23,HK241,True,4,14.0,14.0,6,True,False,True
2320827,K23,HK242,True,6,18.0,18.0,8,True,False,True
2320827,K23,HK251,True,6,18.0,18.0,9,True,False,True
2320827,K23,HK252,True,7,18.0,18.0,10,True,False,True
2320827,K23,HK261,False,0,0.0,0.0,13,True,False,False
2320869,K23,HK231,True,5,14.0,14.0,0,True,False,True
2320869,K23,HK232,True,7,15.0,15.0,0,True,False,True
2320869,K23,HK241,True,4,14.0,14.0,2,True,False,True
2320869,K23,HK242,True,6,18.0,18.0,5,True,False,True
2320869,K23,HK251,True,6,18.0,18.0,6,True,False,True
2320869,K23,HK252,True,7,18.0,18.0,7,True,False,True
2320869,K23,HK261,False,0,0.0,0.0,8,True,False,False
2321020,K23,HK231,True,6,16.0,16.0,2,False,False,True
2321020,K23,HK232,True,8,17.0,17.0,4,False,False,True
2321020,K23,HK241,True,5,16.0,16.0,5,False,False,True
2321020,K23,HK242,True,6,17.0,17.0,5,False,False,True
2321020,K23,HK251,True,6,18.0,18.0,8,False,False,True
2321020,K23,HK252,True,7,18.0,18.0,8,False,False,True
2321020,K23,HK261,False,0,0.0,0.0,9,False,False,False
2321062,K23,HK231,True,6,16.0,16.0,2,False,False,True
2321062,K23,HK232,True,8,17.0,9.0,5,False,False,True
2321062,K23,HK241,True,7,20.0,12.0,5,False,False,True
2321062,K23,HK242,True,8,22.0,22.0,7,False,False,True
2321062,K23,HK251,True,6,18.0,18.0,7,False,False,True
2321062,K23,HK252,True,7,18.0,18.0,10,False,False,True
2321062,K23,HK261,False,0,0.0,0.0,12,False,False,False
2321213,K23,HK231,True,6,16.0,16.0,2,False,False,True
2321213,K23,HK232,True,8,17.0,17.0,3,False,False,True
2321213,K23,HK241,True,5,16.0,16.0,4,False,False,True
2321213,K23,HK242,True,6,17.0,17.0,6,False,False,True
2321213,K23,HK251,True,6,18.0,18.0,9,False,False,True
2321213,K23,HK252,True,7,18.0,18.0,10,False,False,True
2321213,K23,HK261,False,0,0.0,0.0,10,False,False,False
2321255,K23,HK231,True,6,16.0,16.0,0,True,False,True
2321255,K23,HK232,True,8,17.0,17.0,2,True,False,True
2321255,K23,HK241,True,5,16.0,16.0,5,True,False,True
2321255,K23,HK242,True,6,17.0,17.0,6,True,False,True
2321255,K23,HK251,True,6,18.0,18.0,8,True,False,True
2321255,K23,HK252,True,7,18.0,18.0,9,True,False,True
2321255,K23,HK261,False,0,0.0,0.0,11,True,False,False
2321406,K23,HK231,True,6,16.0,16.0,0,True,False,True
2321406,K23,HK232,True,8,17.0,17.0,3,True,False,True
2321406,K23,HK241,True,5,16.0,16.0,6,True,False,True
2321406,K23,HK242,True,6,17.0,17.0,8,True,False,True
2321406,K23,HK251,True,6,18.0,18.0,9,True,False,True
2321406,K23,HK252,True,7,18.0,18.0,11,True,False,True
2321406,K23,HK261,False,0,0.0,0.0,12,True,False,False
2321448,K23,HK231,True,6,16.0,16.0,3,False,False,True
2321448,K23,HK232,True,8,17.0,17.0,6,False,False,True
2321599,K23,HK231,True,6,16.0,16.0,4,True,False,True
2321599,K23,HK232,True,8,17.0,17.0,7,True,False,True
2321599,K23,HK241,True,5,16.0,16.0,8,True,False,True
2321599,K23,HK242,True,6,17.0,17.0,10,True,False,True
2321599,K23,HK251,True,6,18.0,18.0,12,True,False,True
2321599,K23,HK252,True,7,18.0,18.0,13,True,True,True
2321599,K23,HK261,True,7,19.0,0.0,15,True,True,False
2321641,K23,HK231,True,5,14.0,14.0,2,False,False,True
2321641,K23,HK232,True,7,15.0,15.0,3,False,False,True
2321641,K23,HK241,True,4,14.0,14.0,5,False,False,True
2321641,K23,HK242,True,6,18.0,18.0,6,False,False,True
2321641,K23,HK251,True,6,18.0,18.0,6,False,False,True
2321641,K23,HK252,True,7,18.0,18.0,6,False,False,True
2321641,K23,HK261,False,0,0.0,0.0,6,False,False,False
2321792,K23,HK231,True,5,14.0,14.0,4,False,False,True
2321792,K23,HK232,True,7,15.0,15.0,6,False,False,True
2321792,K23,HK241,True,4,14.0,14.0,9,False,False,True
2321792,K23,HK242,True,6,18.0,18.0,10,False,False,True
2321792,K23,HK251,True,6,18.0,18.0,11,False,False,True
2321792,K23,HK252,True,7,18.0,18.0,14,False,False,True
2321792,K23,HK261,False,0,0.0,0.0,17,False,False,False
2321834,K23,HK231,True,6,16.0,16.0,2,True,False,True
2321834,K23,HK232,True,8,17.0,17.0,4,True,False,True
2321834,K23,HK241,True,5,16.0,16.0,6,True,False,True
2321834,K23,HK242,True,6,17.0,17.0,8,True,False,True
2321834,K23,HK251,True,6,18.0,18.0,14,True,False,True
2321834,K23,HK252,True,7,18.0,18.0,15,True,True,True
2321834,K23,HK261,True,7,19.0,0.0,18,True,True,False
2321985,K23,HK231,True,5,14.0,14.0,0,True,False,True
2321985,K23,HK232,True,7,15.0,15.0,0,True,False,True
2321985,K23,HK241,True,4,14.0,14.0,0,True,False,True
2321985,K23,HK242,True,6,18.0,18.0,3,True,False,True
2321985,K23,HK251,True,6,18.0,18.0,6,True,False,True
2321985,K23,HK252,True,7,18.0,18.0,6,True,False,True
2321985,K23,HK261,False,0,0.0,0.0,7,True,False,False
2322027,K23,HK231,True,6,16.0,16.0,0,False,False,True
2322027,K23,HK232,True,8,17.0,17.0,0,False,False,True
2322027,K23,HK241,True,5,16.0,16.0,2,False,False,True
2322027,K23,HK242,True,6,17.0,17.0,4,False,False,True
2322027,K23,HK251,True,6,18.0,18.0,5,False,False,True
2322027,K23,HK252,True,7,18.0,18.0,6,False,False,True
2322027,K23,HK261,False,0,0.0,0.0,8,False,False,False
2322178,K23,HK231,True,6,16.0,14.0,4,False,False,True
2322178,K23,HK232,True,8,17.0,14.0,9,False,False,True
2322178,K23,HK241,True,6,17.0,14.0,10,False,False,True
2322178,K23,HK242,True,7,18.0,16.0,13,False,False,True
2322178,K23,HK251,True,6,17.0,15.0,15,False,False,True
2322178,K23,HK252,True,7,17.0,17.0,16,False,False,True
2322178,K23,HK261,False,0,0.0,0.0,18,False,False,False
2322220,K23,HK231,True,5,14.0,14.0,3,False,False,True
2322220,K23,HK232,True,7,15.0,15.0,6,False,False,True
2322220,K23,HK241,True,4,14.0,14.0,6,False,False,True
2322220,K23,HK242,True,6,18.0,18.0,6,False,False,True
2322220,K23,HK251,True,6,18.0,18.0,6,False,False,True
2322220,K23,HK252,True,7,18.0,18.0,8,False,False,True
2322220,K23,HK261,False,0,0.0,0.0,10,False,False,False
2322371,K23,HK231,True,5,14.0,14.0,1,True,False,True
2322371,K23,HK232,True,8,18.0,18.0,3,True,False,True
2322371,K23,HK241,True,6,21.0,21.0,6,True,False,True
2322371,K23,HK242,True,7,20.0,20.0,10,True,False,True
2322371,K23,HK251,True,6,18.0,18.0,10,True,False,True
2322371,K23,HK252,True,7,18.0,18.0,16,True,False,True
2322371,K23,HK261,True,7,19.0,0.0,21,True,True,False
2322413,K23,HK231,True,5,14.0,14.0,0,True,False,True
2322413,K23,HK232,True,7,15.0,15.0,1,True,False,True
2322413,K23,HK241,True,4,14.0,14.0,3,True,False,True
2322413,K23,HK242,True,6,18.0,18.0,5,True,False,True
2322413,K23,HK251,True,6,18.0,18.0,9,True,False,True
2322413,K23,HK252,True,7,18.0,18.0,14,True,False,True
2322413,K23,HK261,True,7,19.0,0.0,16,True,True,False
2322564,K23,HK231,True,5,14.0,14.0,3,True,False,True
2322564,K23,HK232,True,7,15.0,15.0,3,True,False,True
2322564,K23,HK241,True,4,14.0,14.0,5,True,False,True
2322564,K23,HK242,True,6,18.0,18.0,9,True,False,True
2322564,K23,HK251,True,6,18.0,18.0,11,True,False,True
2322564,K23,HK252,True,7,18.0,18.0,13,True,False,True
2322564,K23,HK261,True,7,19.0,0.0,16,True,True,False
2322606,K23,HK231,True,6,16.0,16.0,1,False,False,True
2322606,K23,HK232,True,8,17.0,17.0,3,False,False,True
2322606,K23,HK241,True,5,16.0,16.0,4,False,False,True
2322606,K23,HK242,True,6,17.0,17.0,7,False,False,True
2322606,K23,HK251,True,6,18.0,18.0,8,False,False,True
2322606,K23,HK252,True,7,18.0,18.0,8,False,False,True
2322606,K23,HK261,False,0,0.0,0.0,9,False,False,False
2322757,K23,HK231,True,5,14.0,14.0,3,True,False,True
2322757,K23,HK232,True,7,15.0,15.0,6,True,False,True
2322757,K23,HK241,True,4,14.0,14.0,11,True,False,True
2322757,K23,HK242,True,6,18.0,18.0,11,True,False,True
2322757,K23,HK251,True,6,18.0,18.0,12,True,False,True
2322757,K23,HK252,True,7,18.0,18.0,15,True,True,True
2322757,K23,HK261,True,7,19.0,0.0,15,True,True,False
2322799,K23,HK231,True,5,14.0,14.0,2,False,False,True
2322799,K23,HK232,True,7,15.0,15.0,5,False,False,True
2322799,K23,HK241,True,4,14.0,14.0,7,False,False,True
2322799,K23,HK242,True,6,18.0,18.0,8,False,False,True
2322799,K23,HK251,True,6,18.0,18.0,10,False,False,True
2322799,K23,HK252,True,7,18.0,18.0,12,False,False,True
2322799,K23,HK261,False,0,0.0,0.0,13,False,False,False
2322950,K23,HK231,True,6,16.0,16.0,3,True,False,True
2322950,K23,HK232,True,8,17.0,17.0,4,True,False,True
2322950,K23,HK241,True,5,16.0,16.0,5,True,False,True
2322950,K23,HK242,True,6,17.0,17.0,6,True,False,True
2322950,K23,HK251,True,6,18.0,18.0,7,True,False,True
2322950,K23,HK252,True,7,18.0,18.0,8,True,False,True
2322950,K23,HK261,False,0,0.0,0.0,9,True,False,False
2322992,K23,HK231,True,6,16.0,16.0,1,True,False,True
2322992,K23,HK232,True,8,17.0,17.0,6,True,False,True
2322992,K23,HK241,True,5,16.0,16.0,10,True,False,True
2322992,K23,HK242,True,6,17.0,17.0,11,True,False,True
2322992,K23,HK251,True,6,18.0,18.0,13,True,False,True
2322992,K23,HK252,True,7,18.0,18.0,13,True,True,True
2322992,K23,HK261,True,7,19.0,0.0,16,True,True,False
2323143,K23,HK231,True,6,16.0,16.0,1,False,False,True
2323143,K23,HK232,True,8,17.0,17.0,4,False,False,True
2323143,K23,HK241,True,5,16.0,16.0,6,False,False,True
2323143,K23,HK242,True,6,17.0,17.0,9,False,False,True
2323143,K23,HK251,True,6,18.0,18.0,12,False,False,True
2323143,K23,HK252,True,7,18.0,18.0,15,False,False,True
2323143,K23,HK261,False,0,0.0,0.0,17,False,False,False
2323185,K23,HK231,True,5,14.0,14.0,4,False,False,True
2323185,K23,HK232,True,7,15.0,15.0,6,False,False,True
2323185,K23,HK241,True,4,14.0,14.0,8,False,False,True
2323185,K23,HK242,True,6,18.0,18.0,8,False,False,True
2323185,K23,HK251,True,6,18.0,18.0,10,False,False,True
2323185,K23,HK252,True,7,18.0,18.0,10,False,False,True
2323185,K23,HK261,True,6,17.0,0.0,13,False,False,False
2323336,K23,HK231,True,6,16.0,16.0,0,True,False,True
2323336,K23,HK232,True,8,17.0,17.0,1,True,False,True
2323336,K23,HK241,True,5,16.0,16.0,2,True,False,True
2323336,K23,HK242,True,6,17.0,17.0,2,True,False,True
2323336,K23,HK251,True,6,18.0,18.0,2,True,False,True
2323336,K23,HK252,True,7,18.0,18.0,3,True,False,True
2323336,K23,HK261,False,0,0.0,0.0,3,True,False,False
2323378,K23,HK231,True,6,16.0,16.0,2,True,False,True
2323378,K23,HK232,True,8,17.0,17.0,3,True,False,True
2323378,K23,HK241,True,5,16.0,16.0,3,True,False,True
2323378,K23,HK242,True,6,17.0,17.0,3,True,False,True
2323378,K23,HK251,True,6,18.0,18.0,3,True,False,True
2323378,K23,HK252,True,7,18.0,18.0,5,True,False,True
2323378,K23,HK261,True,6,17.0,0.0,5,True,False,False
2323529,K23,HK231,True,5,14.0,14.0,2,False,False,True
2323529,K23,HK232,True,7,15.0,15.0,5,False,False,True
2323529,K23,HK241,True,4,14.0,14.0,6,False,False,True
2323529,K23,HK242,True,6,18.0,18.0,9,False,False,True
2323529,K23,HK251,True,6,18.0,18.0,10,False,False,True
2323529,K23,HK252,True,7,18.0,18.0,10,False,False,True
2323529,K23,HK261,False,0,0.0,0.0,10,False,False,False
2323571,K23,HK231,True,5,14.0,14.0,2,True,False,True
2323571,K23,HK232,True,7,15.0,15.0,3,True,False,True
2323571,K23,HK241,True,4,14.0,14.0,5,True,False,True
2323571,K23,HK242,True,6,18.0,18.0,8,True,False,True
2323571,K23,HK251,True,6,18.0,18.0,8,True,False,True
2323571,K23,HK252,True,7,18.0,18.0,9,True,False,True
2323571,K23,HK261,False,0,0.0,0.0,10,True,False,False
2323764,K23,HK231,True,6,16.0,16.0,3,True,False,True
2323764,K23,HK232,True,8,17.0,17.0,6,True,False,True
2323764,K23,HK241,True,5,16.0,16.0,10,True,False,True
2323764,K23,HK242,True,6,17.0,17.0,12,True,False,True
2323764,K23,HK251,True,6,18.0,18.0,13,True,True,True
2323764,K23,HK252,True,7,18.0,18.0,14,True,True,True
2323764,K23,HK261,True,7,19.0,0.0,17,True,True,False
2323957,K23,HK231,True,5,14.0,14.0,1,True,False,True
2323957,K23,HK232,True,7,15.0,15.0,4,True,False,True
2323957,K23,HK241,True,4,14.0,14.0,5,True,False,True
2324150,K23,HK231,True,5,14.0,14.0,1,True,False,True
2324150,K23,HK232,True,7,15.0,15.0,3,True,False,True
2324150,K23,HK241,True,4,14.0,14.0,5,True,False,True
2324150,K23,HK242,True,6,18.0,18.0,6,True,False,True
2324150,K23,HK251,True,6,18.0,18.0,8,True,False,True
2324150,K23,HK252,True,7,18.0,18.0,9,True,False,True
2324150,K23,HK261,False,0,0.0,0.0,12,True,False,False
2324343,K23,HK231,True,6,16.0,16.0,2,True,False,True
2324343,K23,HK232,True,8,17.0,17.0,3,True,False,True
2324343,K23,HK241,True,5,16.0,16.0,5,True,False,True
2324343,K23,HK242,True,6,17.0,17.0,6,True,False,True
2324343,K23,HK251,True,6,18.0,18.0,8,True,False,True
2324343,K23,HK252,True,7,18.0,18.0,9,True,False,True
2324343,K23,HK261,False,0,0.0,0.0,15,True,False,False
2324536,K23,HK231,True,6,16.0,16.0,1,True,False,True
2324536,K23,HK232,True,8,17.0,17.0,3,True,False,True
2324536,K23,HK241,True,5,16.0,16.0,3,True,False,True
2324536,K23,HK242,True,6,17.0,17.0,5,True,False,True
2324536,K23,HK251,True,6,18.0,18.0,5,True,False,True
2324536,K23,HK252,True,7,18.0,18.0,6,True,False,True
2324536,K23,HK261,False,0,0.0,0.0,8,True,False,False
2324729,K23,HK231,True,5,14.0,14.0,2,True,False,True
2324729,K23,HK232,True,7,15.0,15.0,5,True,False,True
2324729,K23,HK241,True,4,14.0,14.0,6,True,False,True
2324729,K23,HK242,True,6,18.0,18.0,8,True,False,True
2324729,K23,HK251,True,6,18.0,18.0,8,True,False,True
2324729,K23,HK252,True,7,18.0,18.0,9,True,False,True
2324729,K23,HK261,False,0,0.0,0.0,9,True,False,False
2324922,K23,HK231,True,6,16.0,16.0,0,True,False,True
2324922,K23,HK232,True,8,17.0,17.0,0,True,False,True
2324922,K23,HK241,True,5,16.0,16.0,2,True,False,True
2324922,K23,HK242,True,6,17.0,17.0,4,True,False,True
2324922,K23,HK251,True,6,18.0,18.0,5,True,False,True
2324922,K23,HK252,True,7,18.0,18.0,6,True,False,True
2324922,K23,HK261,False,0,0.0,0.0,7,True,False,False
2325115,K23,HK231,True,6,16.0,16.0,2,False,False,True
2325115,K23,HK232,True,8,17.0,17.0,4,False,False,True
2325115,K23,HK241,True,5,16.0,16.0,4,False,False,True
2325115,K23,HK242,True,6,17.0,17.0,5,False,False,True
2325115,K23,HK251,True,6,18.0,18.0,7,False,False,True
2325115,K23,HK252,True,7,18.0,18.0,10,False,False,True
2325115,K23,HK261,False,0,0.0,0.0,11,False,False,False
2325308,K23,HK231,True,6,16.0,16.0,1,False,False,True
2325308,K23,HK232,True,8,17.0,17.0,2,False,False,True
2325308,K23,HK241,True,5,16.0,16.0,5,False,False,True
2325308,K23,HK242,True,6,17.0,17.0,5,False,False,True
2325308,K23,HK251,True,6,18.0,18.0,8,False,False,True
2325308,K23,HK252,True,7,18.0,18.0,12,False,False,True
2325308,K23,HK261,False,0,0.0,0.0,13,False,False,False
2325501,K23,HK231,True,6,16.0,16.0,1,True,False,True
2325501,K23,HK232,True,8,17.0,17.0,2,True,False,True
2325501,K23,HK241,True,5,16.0,16.0,2,True,False,True
2325501,K23,HK242,True,6,17.0,17.0,2,True,False,True
2325501,K23,HK251,True,6,18.0,18.0,4,True,False,True
2325501,K23,HK252,True,7,18.0,18.0,6,True,False,True
2325501,K23,HK261,False,0,0.0,0.0,8,True,False,False
2325694,K23,HK231,True,5,14.0,14.0,1,False,False,True
2325694,K23,HK232,True,7,15.0,15.0,4,False,False,True
2325694,K23,HK241,True,4,14.0,14.0,5,False,False,True
2325694,K23,HK242,True,6,18.0,18.0,6,False,False,True
2325694,K23,HK251,True,6,18.0,18.0,6,False,False,True
2325694,K23,HK252,True,7,18.0,18.0,8,False,False,True
2325694,K23,HK261,False,0,0.0,0.0,9,False,False,False
2325887,K23,HK231,True,5,14.0,14.0,2,True,False,True
2325887,K23,HK232,True,7,15.0,15.0,3,True,False,True
2325887,K23,HK241,True,4,14.0,14.0,3,True,False,True
2325887,K23,HK242,True,6,18.0,18.0,4,True,False,True
2325887,K23,HK251,True,6,18.0,18.0,7,True,False,True
2325887,K23,HK252,True,7,18.0,18.0,10,True,False,True
2325887,K23,HK261,True,6,17.0,0.0,13,True,False,False
2325929,K23,HK231,True,6,16.0,16.0,3,False,False,True
2325929,K23,HK232,True,8,17.0,17.0,6,False,False,True
2325929,K23,HK241,True,5,16.0,16.0,7,False,False,True
2325929,K23,HK242,True,6,17.0,17.0,7,False,False,True
2325929,K23,HK251,True,6,18.0,18.0,9,False,False,True
2325929,K23,HK252,True,7,18.0,18.0,10,False,False,True
2325929,K23,HK261,False,0,0.0,0.0,10,False,False,False
2326080,K23,HK231,True,6,16.0,16.0,2,True,False,True
2326080,K23,HK232,True,8,17.0,17.0,3,True,False,True
2326080,K23,HK241,True,5,16.0,16.0,4,True,False,True
2326080,K23,HK242,True,6,17.0,17.0,7,True,False,True
2326080,K23,HK251,True,6,18.0,18.0,9,True,False,True
2326080,K23,HK252,True,7,18.0,18.0,12,True,False,True
2326080,K23,HK261,True,7,19.0,0.0,16,True,True,False
2326122,K23,HK231,True,5,14.0,14.0,4,True,False,True
2326122,K23,HK232,True,7,15.0,15.0,5,True,False,True
2326122,K23,HK241,True,4,14.0,14.0,8,True,False,True
2326122,K23,HK242,True,6,18.0,18.0,9,True,False,True
2326122,K23,HK251,True,6,18.0,18.0,10,True,False,True
2326122,K23,HK252,True,7,18.0,18.0,12,True,False,True
2326122,K23,HK261,True,7,19.0,0.0,14,True,True,False
2326273,K23,HK231,True,6,16.0,16.0,2,True,False,True
2326273,K23,HK232,True,8,17.0,17.0,7,True,False,True
2326273,K23,HK241,True,5,16.0,16.0,8,True,False,True
2326273,K23,HK242,True,6,17.0,17.0,11,True,False,True
2326273,K23,HK251,True,6,18.0,18.0,15,True,False,True
2326273,K23,HK252,True,7,18.0,18.0,17,True,True,True
2326273,K23,HK261,True,7,19.0,0.0,18,True,True,False
2326315,K23,HK231,True,5,14.0,14.0,2,False,False,True
2326315,K23,HK232,True,7,15.0,15.0,2,False,False,True
2326315,K23,HK241,True,4,14.0,14.0,5,False,False,True
2326315,K23,HK242,True,6,18.0,18.0,10,False,False,True
2326315,K23,HK251,True,6,18.0,18.0,11,False,False,True
2326315,K23,HK252,True,7,18.0,18.0,11,False,False,True
2326315,K23,HK261,False,0,0.0,0.0,11,False,False,False
2326466,K23,HK231,True,6,16.0,16.0,1,True,False,True
2326466,K23,HK232,True,8,17.0,17.0,3,True,False,True
2326466,K23,HK241,True,5,16.0,16.0,5,True,False,True
2326466,K23,HK242,True,6,17.0,17.0,7,True,False,True
2326466,K23,HK251,True,6,18.0,18.0,8,True,False,True
2326466,K23,HK252,True,7,18.0,18.0,9,True,False,True
2326466,K23,HK261,False,0,0.0,0.0,16,True,False,False
2326508,K23,HK231,True,5,14.0,14.0,3,False,False,True
2326659,K23,HK231,True,6,16.0,16.0,2,True,False,True
2326659,K23,HK232,True,8,17.0,17.0,3,True,False,True
2326659,K23,HK241,True,5,16.0,16.0,4,True,False,True
2326659,K23,HK242,True,6,17.0,17.0,6,True,False,True
2326659,K23,HK251,True,6,18.0,18.0,12,True,False,True
2326659,K23,HK252,True,7,18.0,18.0,13,True,True,True
2326659,K23,HK261,True,7,19.0,0.0,13,True,True,False
2326701,K23,HK231,True,5,14.0,14.0,1,False,False,True
2326701,K23,HK232,True,7,15.0,15.0,3,False,False,True
2326701,K23,HK241,True,4,14.0,14.0,3,False,False,True
2326701,K23,HK242,True,6,18.0,18.0,6,False,False,True
2326701,K23,HK251,True,6,18.0,18.0,7,False,False,True
2326701,K23,HK252,True,7,18.0,18.0,8,False,False,True
2326701,K23,HK261,True,6,17.0,0.0,9,False,False,False
2326852,K23,HK231,True,5,14.0,14.0,2,False,False,True
2326852,K23,HK232,True,7,15.0,15.0,5,False,False,True
2326852,K23,HK241,True,4,14.0,14.0,5,False,False,True
2326852,K23,HK242,True,6,18.0,18.0,6,False,False,True
2326852,K23,HK251,True,6,18.0,18.0,9,False,False,True
2326852,K23,HK252,True,7,18.0,18.0,11,False,False,True
2326852,K23,HK261,False,0,0.0,0.0,12,False,False,False
2326894,K23,HK231,True,6,16.0,16.0,2,True,False,True
2326894,K23,HK232,True,8,17.0,17.0,5,True,False,True
2326894,K23,HK241,True,5,16.0,16.0,7,True,False,True
2326894,K23,HK242,True,6,17.0,17.0,9,True,False,True
2326894,K23,HK251,True,6,18.0,18.0,14,True,False,True
2326894,K23,HK252,True,7,18.0,18.0,15,True,True,True
2326894,K23,HK261,True,7,19.0,0.0,15,True,True,False
2327045,K23,HK231,True,5,14.0,14.0,1,True,False,True
2327045,K23,HK232,True,7,15.0,15.0,1,True,False,True
2327045,K23,HK241,True,4,14.0,14.0,2,True,False,True
2327045,K23,HK242,True,6,18.0,18.0,2,True,False,True
2327045,K23,HK251,True,6,18.0,18.0,3,True,False,True
2327045,K23,HK252,True,7,18.0,18.0,3,True,False,True
2327045,K23,HK261,False,0,0.0,0.0,4,True,False,False
2327087,K23,HK231,True,5,14.0,14.0,5,False,False,True
2327087,K23,HK232,True,7,15.0,15.0,9,False,False,True
2327087,K23,HK241,True,4,14.0,14.0,10,False,False,True
2327087,K23,HK242,True,6,18.0,18.0,10,False,False,True
2327087,K23,HK251,True,6,18.0,18.0,13,False,False,True
2327087,K23,HK252,True,7,18.0,18.0,13,False,False,True
2327087,K23,HK261,False,0,0.0,0.0,13,False,False,False
2327238,K23,HK231,True,5,14.0,14.0,1,True,False,True
2327238,K23,HK232,True,7,15.0,15.0,4,True,False,True
2327238,K23,HK241,True,4,14.0,14.0,7,True,False,True
2327238,K23,HK242,True,6,18.0,18.0,9,True,False,True
2327238,K23,HK251,True,6,18.0,18.0,13,True,False,True
2327238,K23,HK252,True,7,18.0,18.0,13,True,True,True
2327238,K23,HK261,True,7,19.0,0.0,16,True,True,False
2327280,K23,HK231,True,5,14.0,14.0,4,False,False,True
2327280,K23,HK232,True,7,15.0,15.0,4,False,False,True
2327280,K23,HK241,True,4,14.0,14.0,6,False,False,True
2327280,K23,HK242,True,6,18.0,18.0,6,False,False,True
2327280,K23,HK251,True,6,18.0,18.0,8,False,False,True
2327280,K23,HK252,True,7,18.0,18.0,12,False,False,True
2327280,K23,HK261,False,0,0.0,0.0,14,False,False,False
2327431,K23,HK231,True,5,14.0,14.0,0,True,False,True
2327431,K23,HK232,True,7,15.0,15.0,0,True,False,True
2327431,K23,HK241,True,4,14.0,14.0,1,True,False,True
2327431,K23,HK242,True,6,18.0,18.0,1,True,False,True
2327431,K23,HK251,True,6,18.0,18.0,2,True,False,True
2327431,K23,HK252,True,7,18.0,18.0,3,True,False,True
2327431,K23,HK261,False,0,0.0,0.0,5,True,False,False
2327473,K23,HK231,True,6,16.0,7.0,1,True,False,True
2327473,K23,HK232,True,9,21.0,9.0,1,True,False,True
2327624,K23,HK231,True,5,14.0,14.0,4,False,False,True
2327624,K23,HK232,True,7,15.0,15.0,4,False,False,True
2327624,K23,HK241,True,4,14.0,14.0,7,False,False,True
2327624,K23,HK242,True,6,18.0,18.0,9,False,False,True
2327624,K23,HK251,True,6,18.0,18.0,11,False,False,True
2327624,K23,HK252,True,7,18.0,18.0,13,False,False,True
2327624,K23,HK261,True,6,17.0,0.0,15,False,False,False
2327666,K23,HK231,True,6,16.0,12.0,3,True,False,True
2327666,K23,HK232,True,9,21.0,11.0,5,True,False,True
2327666,K23,HK241,True,7,20.0,10.0,8,True,False,True
2327666,K23,HK242,True,8,22.0,18.0,12,True,False,True
2327666,K23,HK251,True,7,19.0,15.0,13,True,True,True
2327666,K23,HK252,True,8,19.0,16.0,16,True,True,True
2327666,K23,HK261,True,7,16.0,0.0,17,True,True,False
2327817,K23,HK231,True,6,16.0,16.0,6,True,False,True
2327817,K23,HK232,True,8,17.0,17.0,7,True,False,True
2327817,K23,HK241,True,5,16.0,16.0,16,True,False,True
2327817,K23,HK242,True,6,17.0,17.0,18,True,True,True
2327817,K23,HK251,True,6,18.0,18.0,21,True,True,True
2327817,K23,HK252,True,7,18.0,18.0,24,True,True,True
2327817,K23,HK261,True,7,19.0,0.0,28,True,True,False
2327859,K23,HK231,True,6,16.0,16.0,2,False,False,True
2327859,K23,HK232,True,8,17.0,17.0,3,False,False,True
2327859,K23,HK241,True,5,16.0,16.0,4,False,False,True
2327859,K23,HK242,True,6,17.0,17.0,4,False,False,True
2327859,K23,HK251,True,6,18.0,18.0,7,False,False,True
2327859,K23,HK252,True,7,18.0,18.0,8,False,False,True
2327859,K23,HK261,False,0,0.0,0.0,8,False,False,False
2328010,K23,HK231,True,6,16.0,16.0,2,False,False,True
2328010,K23,HK232,True,8,17.0,17.0,4,False,False,True
2328010,K23,HK241,True,5,16.0,16.0,6,False,False,True
2328010,K23,HK242,True,6,17.0,17.0,6,False,False,True
2328010,K23,HK251,True,6,18.0,18.0,8,False,False,True
2328010,K23,HK252,True,7,18.0,18.0,8,False,False,True
2328010,K23,HK261,False,0,0.0,0.0,10,False,False,False
2328052,K23,HK231,True,6,16.0,16.0,1,False,False,True
2328052,K23,HK232,True,8,17.0,17.0,1,False,False,True
2328052,K23,HK241,True,5,16.0,16.0,2,False,False,True
2328052,K23,HK242,True,6,17.0,17.0,3,False,False,True
2328052,K23,HK251,True,6,18.0,18.0,4,False,False,True
2328052,K23,HK252,True,7,18.0,18.0,4,False,False,True
2328052,K23,HK261,False,0,0.0,0.0,8,False,False,False
2328203,K23,HK231,True,5,14.0,14.0,3,True,False,True
2328203,K23,HK232,True,7,15.0,15.0,3,True,False,True
2328203,K23,HK241,True,4,14.0,14.0,5,True,False,True
2328203,K23,HK242,True,6,18.0,18.0,6,True,False,True
2328203,K23,HK251,True,6,18.0,18.0,6,True,False,True
2328203,K23,HK252,True,7,18.0,18.0,7,True,False,True
2328203,K23,HK261,False,0,0.0,0.0,8,True,False,False
2328245,K23,HK231,True,6,16.0,16.0,4,False,False,True
2328245,K23,HK232,True,8,17.0,17.0,7,False,False,True
2328245,K23,HK241,True,5,16.0,16.0,9,False,False,True
2328245,K23,HK242,True,6,17.0,17.0,10,False,False,True
2328245,K23,HK251,True,6,18.0,18.0,13,False,False,True
2328245,K23,HK252,True,7,18.0,18.0,15,False,False,True
2328245,K23,HK261,False,0,0.0,0.0,17,False,False,False
2328396,K23,HK231,True,5,14.0,14.0,0,False,False,True
2328396,K23,HK232,True,7,15.0,15.0,4,False,False,True
2328396,K23,HK241,True,4,14.0,14.0,6,False,False,True
2328396,K23,HK242,True,6,18.0,18.0,7,False,False,True
2328396,K23,HK251,True,6,18.0,18.0,8,False,False,True
2328396,K23,HK252,True,7,18.0,18.0,10,False,False,True
2328396,K23,HK261,False,0,0.0,0.0,11,False,False,False
2328438,K23,HK231,True,5,14.0,14.0,2,False,False,True
2328438,K23,HK232,True,7,15.0,15.0,4,False,False,True
2328438,K23,HK241,True,4,14.0,14.0,4,False,False,True
2328438,K23,HK242,True,6,18.0,18.0,5,False,False,True
2328438,K23,HK251,True,6,18.0,18.0,6,False,False,True
2328438,K23,HK252,True,7,18.0,18.0,8,False,False,True
2328438,K23,HK261,False,0,0.0,0.0,9,False,False,False
2328589,K23,HK231,True,6,16.0,16.0,2,False,False,True
2328589,K23,HK232,True,8,17.0,17.0,4,False,False,True
2328589,K23,HK241,True,5,16.0,16.0,6,False,False,True
2328589,K23,HK242,True,6,17.0,17.0,8,False,False,True
2328589,K23,HK251,True,6,18.0,18.0,9,False,False,True
2328589,K23,HK252,True,7,18.0,18.0,11,False,False,True
2328589,K23,HK261,False,0,0.0,0.0,14,False,False,False
2328631,K23,HK231,True,6,16.0,0.0,0,False,False,True
2328631,K23,HK232,True,9,21.0,4.0,0,False,False,True
2328782,K23,HK231,True,5,14.0,14.0,4,True,False,True
2328782,K23,HK232,True,8,18.0,18.0,4,True,False,True
2328782,K23,HK241,True,6,21.0,21.0,4,True,False,True
2328782,K23,HK242,True,7,20.0,20.0,9,True,False,True
2328782,K23,HK251,True,6,18.0,18.0,12,True,False,True
2328782,K23,HK252,True,7,18.0,18.0,15,True,True,True
2328782,K23,HK261,True,7,19.0,0.0,20,True,True,False
2328824,K23,HK231,True,6,16.0,16.0,0,True,False,True
2328824,K23,HK232,True,8,17.0,17.0,0,True,False,True
2328824,K23,HK241,True,5,16.0,16.0,0,True,False,True
2328824,K23,HK242,True,6,17.0,17.0,1,True,False,True
2328824,K23,HK251,True,6,18.0,18.0,2,True,False,True
2328824,K23,HK252,True,7,18.0,18.0,2,True,False,True
2328824,K23,HK261,False,0,0.0,0.0,3,True,False,False
2329017,K23,HK231,True,5,14.0,14.0,1,False,False,True
2329017,K23,HK232,True,7,15.0,15.0,1,False,False,True
2329017,K23,HK241,True,4,14.0,14.0,2,False,False,True
2329017,K23,HK242,True,6,18.0,18.0,4,False,False,True
2329017,K23,HK251,True,6,18.0,18.0,4,False,False,True
2329017,K23,HK252,True,7,18.0,18.0,4,False,False,True
2329017,K23,HK261,False,0,0.0,0.0,6,False,False,False
2329210,K23,HK231,True,6,16.0,16.0,1,False,False,True
2329210,K23,HK232,True,8,17.0,17.0,2,False,False,True
2329210,K23,HK241,True,5,16.0,16.0,4,False,False,True
2329210,K23,HK242,True,6,17.0,17.0,5,False,False,True
2329210,K23,HK251,True,6,18.0,18.0,8,False,False,True
2329210,K23,HK252,True,7,18.0,18.0,10,False,False,True
2329210,K23,HK261,False,0,0.0,0.0,12,False,False,False
2329403,K23,HK231,True,5,14.0,14.0,2,True,False,True
2329403,K23,HK232,True,7,15.0,15.0,2,True,False,True
2329403,K23,HK241,True,4,14.0,14.0,2,True,False,True
2329403,K23,HK242,True,6,18.0,18.0,4,True,False,True
2329403,K23,HK251,True,6,18.0,18.0,6,True,False,True
2329403,K23,HK252,True,7,18.0,18.0,8,True,False,True
2329403,K23,HK261,False,0,0.0,0.0,10,True,False,False
2329596,K23,HK231,True,5,14.0,14.0,2,False,False,True
2329596,K23,HK232,True,7,15.0,15.0,3,False,False,True
2329596,K23,HK241,True,4,14.0,14.0,3,False,False,True
2329596,K23,HK242,True,6,18.0,18.0,4,False,False,True
2329596,K23,HK251,True,6,18.0,18.0,4,False,False,True
2329596,K23,HK252,True,7,18.0,18.0,4,False,False,True
2329596,K23,HK261,False,0,0.0,0.0,4,False,False,False
2329789,K23,HK231,True,5,14.0,14.0,1,False,False,True
2329789,K23,HK232,True,7,15.0,15.0,2,False,False,True
2329789,K23,HK241,True,4,14.0,14.0,4,False,False,True
2329789,K23,HK242,True,6,18.0,18.0,5,False,False,True
2329789,K23,HK251,True,6,18.0,18.0,6,False,False,True
2329789,K23,HK252,True,7,18.0,18.0,12,False,False,True
2329789,K23,HK261,False,0,0.0,0.0,14,False,False,False
2329982,K23,HK231,True,5,14.0,14.0,1,True,False,True
2329982,K23,HK232,True,7,15.0,15.0,2,True,False,True
2329982,K23,HK241,True,4,14.0,14.0,3,True,False,True
2329982,K23,HK242,True,6,18.0,18.0,3,True,False,True
2329982,K23,HK251,True,6,18.0,18.0,6,True,False,True
2329982,K23,HK252,True,7,18.0,18.0,8,True,False,True
2329982,K23,HK261,True,6,17.0,0.0,10,True,False,False
2330175,K23,HK231,True,6,16.0,16.0,3,True,False,True
2330175,K23,HK232,True,8,17.0,17.0,5,True,False,True
2330175,K23,HK241,True,5,16.0,16.0,10,True,False,True
2330175,K23,HK242,True,6,17.0,17.0,15,True,False,True
2330175,K23,HK251,True,6,18.0,18.0,19,True,True,True
2330175,K23,HK252,True,7,18.0,18.0,20,True,True,True
2330175,K23,HK261,True,7,19.0,0.0,22,True,True,False
2330368,K23,HK231,True,5,14.0,14.0,0,False,False,True
2330368,K23,HK232,True,7,15.0,15.0,4,False,False,True
2330368,K23,HK241,True,4,14.0,14.0,4,False,False,True
2330368,K23,HK242,True,6,18.0,18.0,4,False,False,True
2330368,K23,HK251,True,6,18.0,18.0,4,False,False,True
2330368,K23,HK252,True,7,18.0,18.0,4,False,False,True
2330368,K23,HK261,False,0,0.0,0.0,5,False,False,False
2330561,K23,HK231,True,5,14.0,14.0,0,True,False,True
2330561,K23,HK232,True,7,15.0,15.0,1,True,False,True
2330561,K23,HK241,True,4,14.0,14.0,1,True,False,True
2330561,K23,HK242,True,6,18.0,18.0,5,True,False,True
2330561,K23,HK251,True,6,18.0,18.0,6,True,False,True
2330561,K23,HK252,True,7,18.0,18.0,7,True,False,True
2330561,K23,HK261,False,0,0.0,0.0,8,True,False,False
2330754,K23,HK231,True,5,14.0,14.0,2,True,False,True
2330754,K23,HK232,True,8,18.0,18.0,4,True,False,True
2330754,K23,HK241,True,6,21.0,21.0,7,True,False,True
2330754,K23,HK242,True,7,20.0,20.0,10,True,False,True
2330754,K23,HK251,True,6,18.0,18.0,11,True,False,True
2330754,K23,HK252,True,7,18.0,18.0,15,True,False,True
2330754,K23,HK261,True,7,19.0,0.0,18,True,True,False
2330947,K23,HK231,True,6,16.0,16.0,2,True,False,True
2330947,K23,HK232,True,8,17.0,17.0,2,True,False,True
2330947,K23,HK241,True,5,16.0,16.0,3,True,False,True
2330947,K23,HK242,True,6,17.0,17.0,5,True,False,True
2330947,K23,HK251,True,6,18.0,18.0,5,True,False,True
2330947,K23,HK252,True,7,18.0,18.0,5,True,False,True
2330947,K23,HK261,False,0,0.0,0.0,5,True,False,False
2331140,K23,HK231,True,5,14.0,14.0,2,True,False,True
2331140,K23,HK232,True,8,18.0,18.0,5,True,False,True
2331140,K23,HK241,True,6,21.0,21.0,7,True,False,True
2331140,K23,HK242,True,7,20.0,20.0,10,True,False,True
2331140,K23,HK251,True,6,18.0,18.0,11,True,False,True
2331140,K23,HK252,True,7,18.0,18.0,14,True,False,True
2331140,K23,HK261,True,7,19.0,0.0,15,True,True,False
2331333,K23,HK231,True,6,16.0,16.0,0,False,False,True
2331333,K23,HK232,True,8,17.0,17.0,1,False,False,True
2331333,K23,HK241,True,5,16.0,16.0,2,False,False,True
2331333,K23,HK242,True,6,17.0,17.0,3,False,False,True
2331333,K23,HK251,True,6,18.0,18.0,5,False,False,True
2331333,K23,HK252,True,7,18.0,18.0,7,False,False,True
2331333,K23,HK261,True,6,17.0,0.0,9,False,False,False
2331375,K23,HK231,True,6,16.0,7.0,3,False,False,True
2331526,K23,HK231,True,5,14.0,14.0,3,False,False,True
2331526,K23,HK232,True,7,15.0,15.0,3,False,False,True
2331526,K23,HK241,True,4,14.0,14.0,3,False,False,True
2331526,K23,HK242,True,6,18.0,18.0,3,False,False,True
2331526,K23,HK251,True,6,18.0,18.0,4,False,False,True
2331526,K23,HK252,True,7,18.0,18.0,7,False,False,True
2331526,K23,HK261,False,0,0.0,0.0,8,False,False,False
2331568,K23,HK231,True,5,14.0,14.0,0,False,False,True
2331568,K23,HK232,True,7,15.0,15.0,1,False,False,True
2331568,K23,HK241,True,4,14.0,14.0,3,False,False,True
2331568,K23,HK242,True,6,18.0,18.0,4,False,False,True
2331568,K23,HK251,True,6,18.0,18.0,5,False,False,True
2331568,K23,HK252,True,7,18.0,18.0,5,False,False,True
2331568,K23,HK261,False,0,0.0,0.0,6,False,False,False
2331719,K23,HK231,True,6,16.0,16.0,4,False,False,True
2331719,K23,HK232,True,8,17.0,17.0,7,False,False,True
2331719,K23,HK241,True,5,16.0,16.0,8,False,False,True
2331719,K23,HK242,True,6,17.0,17.0,9,False,False,True
2331719,K23,HK251,True,6,18.0,18.0,14,False,False,True
2331719,K23,HK252,True,7,18.0,18.0,17,False,False,True
2331719,K23,HK261,True,6,17.0,0.0,18,False,False,False
2331761,K23,HK231,True,6,16.0,16.0,1,True,False,True
2331761,K23,HK232,True,8,17.0,17.0,3,True,False,True
2331761,K23,HK241,True,5,16.0,16.0,6,True,False,True
2331761,K23,HK242,True,6,17.0,17.0,12,True,False,True
2331761,K23,HK251,True,6,18.0,18.0,13,True,True,True
2331761,K23,HK252,True,7,18.0,18.0,14,True,True,True
2331761,K23,HK261,True,7,19.0,0.0,14,True,True,False
2331912,K23,HK231,True,6,16.0,16.0,3,True,False,True
2331912,K23,HK232,True,8,17.0,17.0,6,True,False,True
2331912,K23,HK241,True,5,16.0,16.0,8,True,False,True
2331912,K23,HK242,True,6,17.0,17.0,9,True,False,True
2331912,K23,HK251,True,6,18.0,18.0,12,True,False,True
2331912,K23,HK252,True,7,18.0,18.0,13,True,True,True
2331912,K23,HK261,True,7,19.0,0.0,14,True,True,False
2331954,K23,HK231,True,5,14.0,14.0,3,False,False,True
2331954,K23,HK232,True,7,15.0,15.0,5,False,False,True
2331954,K23,HK241,True,4,14.0,14.0,5,False,False,True
2331954,K23,HK242,True,6,18.0,18.0,6,False,False,True
2331954,K23,HK251,True,6,18.0,18.0,6,False,False,True
2331954,K23,HK252,True,7,18.0,18.0,12,False,False,True
2331954,K23,HK261,False,0,0.0,0.0,14,False,False,False
2332105,K23,HK231,True,5,14.0,14.0,5,True,False,True
2332105,K23,HK232,True,8,18.0,18.0,6,True,False,True
2332105,K23,HK241,True,6,21.0,21.0,10,True,False,True
2332105,K23,HK242,True,7,20.0,20.0,11,True,False,True
2332105,K23,HK251,True,6,18.0,18.0,13,True,False,True
2332105,K23,HK252,True,7,18.0,18.0,18,True,True,True
2332105,K23,HK261,True,7,19.0,0.0,21,True,True,False
2332147,K23,HK231,True,5,14.0,14.0,4,True,False,True
2332147,K23,HK232,True,7,15.0,15.0,7,True,False,True
2332147,K23,HK241,True,4,14.0,14.0,12,True,False,True
2332147,K23,HK242,True,6,18.0,18.0,13,True,True,True
2332147,K23,HK251,True,6,18.0,18.0,15,True,True,True
2332147,K23,HK252,True,7,18.0,18.0,17,True,True,True
2332147,K23,HK261,True,7,19.0,0.0,17,True,True,False
2332298,K23,HK231,True,6,16.0,16.0,0,True,False,True
2332298,K23,HK232,True,8,17.0,17.0,2,True,False,True
2332298,K23,HK241,True,5,16.0,16.0,5,True,False,True
2332298,K23,HK242,True,6,17.0,17.0,6,True,False,True
2332298,K23,HK251,True,6,18.0,18.0,7,True,False,True
2332298,K23,HK252,True,7,18.0,18.0,8,True,False,True
2332298,K23,HK261,False,0,0.0,0.0,9,True,False,False
2332340,K23,HK231,True,6,16.0,16.0,2,True,False,True
2332340,K23,HK232,True,8,17.0,17.0,3,True,False,True
2332340,K23,HK241,True,5,16.0,16.0,3,True,False,True
2332340,K23,HK242,True,6,17.0,17.0,4,True,False,True
2332340,K23,HK251,True,6,18.0,18.0,8,True,False,True
2332340,K23,HK252,True,7,18.0,18.0,11,True,False,True
2332340,K23,HK261,True,6,17.0,0.0,13,True,False,False
2332491,K23,HK231,True,5,14.0,14.0,1,False,False,True
2332491,K23,HK232,True,8,18.0,18.0,2,False,False,True
2332491,K23,HK241,True,6,21.0,21.0,3,False,False,True
2332491,K23,HK242,True,7,20.0,20.0,3,False,False,True
2332491,K23,HK251,True,6,18.0,18.0,6,False,False,True
2332491,K23,HK252,True,7,18.0,18.0,8,False,False,True
2332491,K23,HK261,False,0,0.0,0.0,14,False,False,False
2332533,K23,HK231,True,6,16.0,16.0,3,False,False,True
2332533,K23,HK232,True,8,17.0,17.0,4,False,False,True
2332533,K23,HK241,True,5,16.0,16.0,5,False,False,True
2332533,K23,HK242,True,6,17.0,17.0,8,False,False,True
2332533,K23,HK251,True,6,18.0,18.0,10,False,False,True
2332533,K23,HK252,True,7,18.0,18.0,10,False,False,True
2332533,K23,HK261,False,0,0.0,0.0,11,False,False,False
2332684,K23,HK231,True,5,14.0,14.0,2,True,False,True
2332684,K23,HK232,True,7,15.0,15.0,4,True,False,True
2332684,K23,HK241,True,4,14.0,14.0,4,True,False,True
2332684,K23,HK242,True,6,18.0,18.0,5,True,False,True
2332684,K23,HK251,True,6,18.0,18.0,5,True,False,True
2332684,K23,HK252,True,7,18.0,18.0,6,True,False,True
2332684,K23,HK261,False,0,0.0,0.0,7,True,False,False
2332726,K23,HK231,True,6,16.0,16.0,3,True,False,True
2332726,K23,HK232,True,8,17.0,17.0,4,True,False,True
2332726,K23,HK241,True,5,16.0,16.0,5,True,False,True
2332726,K23,HK242,True,6,17.0,17.0,7,True,False,True
2332726,K23,HK251,True,6,18.0,18.0,8,True,False,True
2332726,K23,HK252,True,7,18.0,18.0,10,True,False,True
2332726,K23,HK261,False,0,0.0,0.0,10,True,False,False
2332877,K23,HK231,True,5,14.0,14.0,3,False,False,True
2332877,K23,HK232,True,8,18.0,18.0,3,False,False,True
2332877,K23,HK241,True,6,21.0,21.0,6,False,False,True
2332877,K23,HK242,True,7,20.0,20.0,7,False,False,True
2332877,K23,HK251,True,6,18.0,18.0,8,False,False,True
2332877,K23,HK252,True,7,18.0,18.0,10,False,False,True
2332877,K23,HK261,False,0,0.0,0.0,12,False,False,False
2332919,K23,HK231,True,5,14.0,14.0,2,True,False,True
2332919,K23,HK232,True,7,15.0,15.0,4,True,False,True
2332919,K23,HK241,True,4,14.0,14.0,8,True,False,True
2332919,K23,HK242,True,6,18.0,18.0,8,True,False,True
2332919,K23,HK251,True,6,18.0,18.0,9,True,False,True
2332919,K23,HK252,True,7,18.0,18.0,11,True,False,True
2332919,K23,HK261,False,0,0.0,0.0,13,True,False,False
2333070,K23,HK231,True,5,14.0,14.0,0,True,False,True
2333070,K23,HK232,True,7,15.0,15.0,3,True,False,True
2333070,K23,HK241,True,4,14.0,14.0,5,True,False,True
2333070,K23,HK242,True,6,18.0,18.0,8,True,False,True
2333070,K23,HK251,True,6,18.0,18.0,9,True,False,True
2333070,K23,HK252,True,7,18.0,18.0,12,True,False,True
2333070,K23,HK261,True,7,19.0,0.0,13,True,True,False
2333112,K23,HK231,True,6,16.0,16.0,2,True,False,True
2333112,K23,HK232,True,8,17.0,17.0,3,True,False,True
2333112,K23,HK241,True,5,16.0,16.0,7,True,False,True
2333112,K23,HK242,True,6,17.0,17.0,7,True,False,True
2333112,K23,HK251,True,6,18.0,18.0,7,True,False,True
2333112,K23,HK252,True,7,18.0,18.0,9,True,False,True
2333112,K23,HK261,False,0,0.0,0.0,12,True,False,False
2333263,K23,HK231,True,6,16.0,14.0,1,False,False,True
2333263,K23,HK232,True,8,17.0,15.0,4,False,False,True
2333263,K23,HK241,True,5,16.0,14.0,6,False,False,True
2333263,K23,HK242,True,6,17.0,17.0,8,False,False,True
2333263,K23,HK251,True,6,18.0,18.0,11,False,False,True
2333263,K23,HK252,True,7,18.0,18.0,13,False,False,True
2333263,K23,HK261,False,0,0.0,0.0,14,False,False,False
2333305,K23,HK231,True,5,14.0,14.0,1,True,False,True
2333305,K23,HK232,True,7,15.0,15.0,2,True,False,True
2333305,K23,HK241,True,4,14.0,14.0,5,True,False,True
2333305,K23,HK242,True,6,18.0,18.0,6,True,False,True
2333305,K23,HK251,True,6,18.0,18.0,7,True,False,True
2333305,K23,HK252,True,7,18.0,18.0,8,True,False,True
2333305,K23,HK261,False,0,0.0,0.0,8,True,False,False
2333456,K23,HK231,True,6,16.0,16.0,3,False,False,True
2333456,K23,HK232,True,8,17.0,17.0,5,False,False,True
2333456,K23,HK241,True,5,16.0,16.0,9,False,False,True
2333456,K23,HK242,True,6,17.0,17.0,12,False,False,True
2333456,K23,HK251,True,6,18.0,18.0,12,False,False,True
2333456,K23,HK252,True,7,18.0,18.0,15,False,False,True
2333456,K23,HK261,False,0,0.0,0.0,18,False,False,False
2333498,K23,HK231,True,5,14.0,14.0,0,False,False,True
2333498,K23,HK232,True,7,15.0,15.0,2,False,False,True
2333498,K23,HK241,True,4,14.0,14.0,3,False,False,True
2333498,K23,HK242,True,6,18.0,18.0,5,False,False,True
2333498,K23,HK251,True,6,18.0,18.0,8,False,False,True
2333498,K23,HK252,True,7,18.0,18.0,10,False,False,True
2333498,K23,HK261,False,0,0.0,0.0,17,False,False,False
2333649,K23,HK231,True,5,14.0,14.0,2,True,False,True
2333649,K23,HK232,True,8,18.0,18.0,4,True,False,True
2333649,K23,HK241,True,6,21.0,21.0,6,True,False,True
2333649,K23,HK242,True,7,20.0,20.0,7,True,False,True
2333649,K23,HK251,True,6,18.0,18.0,9,True,False,True
2333649,K23,HK252,True,7,18.0,18.0,11,True,False,True
2333649,K23,HK261,False,0,0.0,0.0,12,True,False,False
2333691,K23,HK231,True,6,16.0,16.0,1,True,False,True
2333691,K23,HK232,True,8,17.0,17.0,1,True,False,True
2333691,K23,HK241,True,5,16.0,16.0,5,True,False,True
2333691,K23,HK242,True,6,17.0,17.0,5,True,False,True
2333691,K23,HK251,True,6,18.0,18.0,7,True,False,True
2333691,K23,HK252,True,7,18.0,18.0,7,True,False,True
2333691,K23,HK261,True,6,17.0,0.0,9,True,False,False
2333842,K23,HK231,True,5,14.0,14.0,2,False,False,True
2333842,K23,HK232,True,7,15.0,15.0,2,False,False,True
2333884,K23,HK231,True,6,16.0,4.0,0,False,False,True
2333884,K23,HK232,True,9,22.0,3.0,2,False,False,True
2334035,K23,HK231,True,6,16.0,16.0,1,False,False,True
2334035,K23,HK232,True,8,17.0,17.0,3,False,False,True
2334035,K23,HK241,True,5,16.0,16.0,5,False,False,True
2334035,K23,HK242,True,6,17.0,17.0,6,False,False,True
2334035,K23,HK251,True,6,18.0,18.0,10,False,False,True
2334035,K23,HK252,True,7,18.0,18.0,12,False,False,True
2334035,K23,HK261,False,0,0.0,0.0,15,False,False,False
2334077,K23,HK231,True,6,16.0,14.0,6,False,False,True
2334077,K23,HK232,True,8,17.0,15.0,7,False,False,True
2334077,K23,HK241,True,5,16.0,14.0,11,False,False,True
2334077,K23,HK242,True,6,17.0,17.0,12,False,False,True
2334077,K23,HK251,True,6,18.0,18.0,13,False,False,True
2334077,K23,HK252,True,7,18.0,15.0,13,False,False,True
2334077,K23,HK261,True,6,17.0,0.0,14,False,False,False
2334270,K23,HK231,True,6,16.0,16.0,3,False,False,True
2334270,K23,HK232,True,8,17.0,17.0,4,False,False,True
2334270,K23,HK241,True,5,16.0,16.0,5,False,False,True
2334270,K23,HK242,True,6,17.0,17.0,6,False,False,True
2334270,K23,HK251,True,6,18.0,18.0,8,False,False,True
2334270,K23,HK252,True,7,18.0,18.0,11,False,False,True
2334270,K23,HK261,False,0,0.0,0.0,11,False,False,False
2334463,K23,HK231,True,6,16.0,16.0,3,True,False,True
2334463,K23,HK232,True,8,17.0,17.0,4,True,False,True
2334463,K23,HK241,True,5,16.0,16.0,7,True,False,True
2334463,K23,HK242,True,6,17.0,17.0,10,True,False,True
2334463,K23,HK251,True,6,18.0,18.0,13,True,False,True
2334463,K23,HK252,True,7,18.0,18.0,15,True,True,True
2334463,K23,HK261,True,7,19.0,0.0,16,True,True,False
2334656,K23,HK231,True,5,14.0,14.0,2,True,False,True
2334656,K23,HK232,True,7,15.0,15.0,3,True,False,True
2334656,K23,HK241,True,4,14.0,14.0,3,True,False,True
2334656,K23,HK242,True,6,18.0,18.0,5,True,False,True
2334656,K23,HK251,True,6,18.0,18.0,7,True,False,True
2334656,K23,HK252,True,7,18.0,18.0,10,True,False,True
2334656,K23,HK261,True,6,17.0,0.0,12,True,False,False
2334849,K23,HK231,True,5,14.0,14.0,2,False,False,True
2334849,K23,HK232,True,8,18.0,18.0,5,False,False,True
2334849,K23,HK241,True,6,21.0,21.0,7,False,False,True
2334849,K23,HK242,True,7,20.0,20.0,8,False,False,True
2334849,K23,HK251,True,6,18.0,18.0,10,False,False,True
2334849,K23,HK252,True,7,18.0,18.0,10,False,False,True
2334849,K23,HK261,False,0,0.0,0.0,10,False,False,False
2335042,K23,HK231,True,5,14.0,14.0,2,True,False,True
2335042,K23,HK232,True,7,15.0,15.0,8,True,False,True
2335042,K23,HK241,True,4,14.0,14.0,9,True,False,True
2335042,K23,HK242,True,6,18.0,18.0,9,True,False,True
2335042,K23,HK251,True,6,18.0,18.0,13,True,False,True
2335042,K23,HK252,True,7,18.0,18.0,14,True,True,True
2335042,K23,HK261,True,7,19.0,0.0,18,True,True,False
2335235,K23,HK231,True,5,14.0,14.0,3,True,False,True
2335235,K23,HK232,True,7,15.0,15.0,5,True,False,True
2335235,K23,HK241,True,4,14.0,14.0,5,True,False,True
2335235,K23,HK242,True,6,18.0,18.0,5,True,False,True
2335235,K23,HK251,True,6,18.0,18.0,7,True,False,True
2335235,K23,HK252,True,7,18.0,18.0,9,True,False,True
2335235,K23,HK261,False,0,0.0,0.0,10,True,False,False
2335428,K23,HK231,True,5,14.0,14.0,2,True,False,True
2335428,K23,HK232,True,7,15.0,15.0,4,True,False,True
2335428,K23,HK241,True,4,14.0,14.0,6,True,False,True
2335428,K23,HK242,True,6,18.0,18.0,8,True,False,True
2335428,K23,HK251,True,6,18.0,18.0,8,True,False,True
2335428,K23,HK252,True,7,18.0,18.0,12,True,False,True
2335428,K23,HK261,True,7,19.0,0.0,15,True,True,False
2335621,K23,HK231,True,6,16.0,16.0,2,True,False,True
2335621,K23,HK232,True,8,17.0,17.0,4,True,False,True
2335621,K23,HK241,True,5,16.0,16.0,6,True,False,True
2335621,K23,HK242,True,6,17.0,17.0,7,True,False,True
2335621,K23,HK251,True,6,18.0,18.0,10,True,False,True
2335621,K23,HK252,True,7,18.0,18.0,12,True,False,True
2335621,K23,HK261,True,7,19.0,0.0,12,True,True,False
2335814,K23,HK231,True,5,14.0,14.0,1,True,False,True
2335814,K23,HK232,True,7,15.0,15.0,2,True,False,True
2335814,K23,HK241,True,4,14.0,14.0,4,True,False,True
2335814,K23,HK242,True,6,18.0,18.0,7,True,False,True
2335814,K23,HK251,True,6,18.0,18.0,9,True,False,True
2335814,K23,HK252,True,7,18.0,18.0,12,True,False,True
2335814,K23,HK261,True,7,19.0,0.0,16,True,True,False
2336007,K23,HK231,True,6,16.0,16.0,1,True,False,True
2336007,K23,HK232,True,8,17.0,17.0,4,True,False,True
2336007,K23,HK241,True,5,16.0,16.0,6,True,False,True
2336007,K23,HK242,True,6,17.0,17.0,8,True,False,True
2336007,K23,HK251,True,6,18.0,18.0,11,True,False,True
2336007,K23,HK252,True,7,18.0,18.0,12,True,False,True
2336007,K23,HK261,True,7,19.0,0.0,15,True,True,False
2336200,K23,HK231,True,5,14.0,14.0,0,True,False,True
2336200,K23,HK232,True,7,15.0,15.0,1,True,False,True
2336200,K23,HK241,True,4,14.0,14.0,2,True,False,True
2336200,K23,HK242,True,6,18.0,18.0,2,True,False,True
2336200,K23,HK251,True,6,18.0,18.0,4,True,False,True
2336200,K23,HK252,True,7,18.0,18.0,7,True,False,True
2336200,K23,HK261,False,0,0.0,0.0,9,True,False,False
2336393,K23,HK231,True,5,14.0,14.0,2,True,False,True
2336393,K23,HK232,True,7,15.0,15.0,4,True,False,True
2336393,K23,HK241,True,4,14.0,14.0,11,True,False,True
2336393,K23,HK242,True,6,18.0,18.0,13,True,False,True
2336393,K23,HK251,True,6,18.0,18.0,16,True,True,True
2336393,K23,HK252,True,7,18.0,18.0,19,True,True,True
2336393,K23,HK261,True,7,19.0,0.0,22,True,True,False
2336586,K23,HK231,True,6,16.0,16.0,4,False,False,True
2336586,K23,HK232,True,8,17.0,17.0,7,False,False,True
2336586,K23,HK241,True,5,16.0,16.0,10,False,False,True
2336586,K23,HK242,True,6,17.0,17.0,12,False,False,True
2336586,K23,HK251,True,6,18.0,18.0,14,False,False,True
2336586,K23,HK252,True,7,18.0,18.0,18,False,False,True
2336586,K23,HK261,False,0,0.0,0.0,19,False,False,False
2336628,K23,HK231,True,6,16.0,16.0,0,False,False,True
2336628,K23,HK232,True,8,17.0,17.0,1,False,False,True
2336628,K23,HK241,True,5,16.0,16.0,1,False,False,True
2336628,K23,HK242,True,6,17.0,17.0,1,False,False,True
2336628,K23,HK251,True,6,18.0,18.0,1,False,False,True
2336628,K23,HK252,True,7,18.0,18.0,1,False,False,True
2336628,K23,HK261,False,0,0.0,0.0,1,False,False,False
2336779,K23,HK231,True,6,16.0,16.0,1,True,False,True
2336779,K23,HK232,True,8,17.0,17.0,3,True,False,True
2336779,K23,HK241,True,5,16.0,16.0,4,True,False,True
2336779,K23,HK242,True,6,17.0,17.0,7,True,False,True
2336779,K23,HK251,True,6,18.0,18.0,10,True,False,True
2336779,K23,HK252,True,7,18.0,18.0,13,True,False,True
2336779,K23,HK261,True,7,19.0,0.0,17,True,True,False
2336821,K23,HK231,True,6,16.0,16.0,3,False,False,True
2336821,K23,HK232,True,8,17.0,17.0,4,False,False,True
2336821,K23,HK241,True,5,16.0,16.0,7,False,False,True
2336821,K23,HK242,True,6,17.0,17.0,8,False,False,True
2336821,K23,HK251,True,6,18.0,18.0,11,False,False,True
2336821,K23,HK252,True,7,18.0,18.0,11,False,False,True
2336821,K23,HK261,False,0,0.0,0.0,11,False,False,False
2336972,K23,HK231,True,6,16.0,16.0,4,True,False,True
2336972,K23,HK232,True,8,17.0,17.0,6,True,False,True
2336972,K23,HK241,True,5,16.0,16.0,7,True,False,True
2336972,K23,HK242,True,6,17.0,17.0,8,True,False,True
2336972,K23,HK251,True,6,18.0,18.0,14,True,False,True
2336972,K23,HK252,True,7,18.0,18.0,16,True,True,True
2336972,K23,HK261,True,7,19.0,0.0,19,True,True,False
2337014,K23,HK231,True,5,14.0,14.0,1,False,False,True
2337014,K23,HK232,True,7,15.0,15.0,4,False,False,True
2337014,K23,HK241,True,4,14.0,14.0,5,False,False,True
2337014,K23,HK242,True,6,18.0,18.0,6,False,False,True
2337014,K23,HK251,True,6,18.0,18.0,8,False,False,True
2337014,K23,HK252,True,7,18.0,18.0,11,False,False,True
2337014,K23,HK261,False,0,0.0,0.0,13,False,False,False
2337165,K23,HK231,True,6,16.0,16.0,4,False,False,True
2337165,K23,HK232,True,8,17.0,17.0,6,False,False,True
2337165,K23,HK241,True,5,16.0,12.0,9,False,False,True
2337165,K23,HK242,True,6,18.0,18.0,10,False,False,True
2337165,K23,HK251,True,6,18.0,18.0,11,False,False,True
2337165,K23,HK252,True,7,18.0,18.0,13,False,False,True
2337165,K23,HK261,False,0,0.0,0.0,14,False,False,False
2337207,K23,HK231,True,6,16.0,16.0,0,True,False,True
2337207,K23,HK232,True,8,17.0,17.0,0,True,False,True
2337207,K23,HK241,True,5,16.0,16.0,3,True,False,True
2337207,K23,HK242,True,6,17.0,17.0,4,True,False,True
2337207,K23,HK251,True,6,18.0,18.0,4,True,False,True
2337207,K23,HK252,True,7,18.0,18.0,6,True,False,True
2337207,K23,HK261,False,0,0.0,0.0,8,True,False,False
2337358,K23,HK231,True,6,16.0,16.0,3,False,False,True
2337358,K23,HK232,True,8,17.0,17.0,7,False,False,True
2337358,K23,HK241,True,5,16.0,16.0,11,False,False,True
2337358,K23,HK242,True,6,17.0,17.0,18,False,False,True
2337358,K23,HK251,True,6,18.0,18.0,25,False,False,True
2337358,K23,HK252,True,7,18.0,18.0,27,False,False,True
2337358,K23,HK261,False,0,0.0,0.0,29,False,False,False
2337400,K23,HK231,True,6,16.0,16.0,2,False,False,True
2337400,K23,HK232,True,8,17.0,17.0,2,False,False,True
2337400,K23,HK241,True,5,16.0,16.0,4,False,False,True
2337400,K23,HK242,True,6,17.0,17.0,6,False,False,True
2337400,K23,HK251,True,6,18.0,18.0,9,False,False,True
2337400,K23,HK252,True,7,18.0,18.0,12,False,False,True
2337400,K23,HK261,False,0,0.0,0.0,12,False,False,False
2337551,K23,HK231,True,5,14.0,14.0,1,True,False,True
2337551,K23,HK232,True,7,15.0,15.0,4,True,False,True
2337551,K23,HK241,True,4,14.0,14.0,6,True,False,True
2337551,K23,HK242,True,6,18.0,18.0,6,True,False,True
2337551,K23,HK251,True,6,18.0,18.0,7,True,False,True
2337551,K23,HK252,True,7,18.0,18.0,8,True,False,True
2337551,K23,HK261,False,0,0.0,0.0,9,True,False,False
2337593,K23,HK231,True,6,16.0,16.0,0,False,False,True
2337593,K23,HK232,True,8,17.0,17.0,0,False,False,True
2337593,K23,HK241,True,5,16.0,16.0,2,False,False,True
2337593,K23,HK242,True,6,17.0,17.0,4,False,False,True
2337593,K23,HK251,True,6,18.0,18.0,4,False,False,True
2337593,K23,HK252,True,7,18.0,18.0,4,False,False,True
2337593,K23,HK261,False,0,0.0,0.0,4,False,False,False
2337744,K23,HK231,True,6,16.0,16.0,2,False,False,True
2337744,K23,HK232,True,8,17.0,17.0,5,False,False,True
2337744,K23,HK241,True,5,16.0,16.0,7,False,False,True
2337744,K23,HK242,True,6,17.0,17.0,7,False,False,True
2337744,K23,HK251,True,6,18.0,18.0,7,False,False,True
2337744,K23,HK252,True,7,18.0,18.0,11,False,False,True
2337744,K23,HK261,True,6,17.0,0.0,11,False,False,False
2337786,K23,HK231,True,6,16.0,16.0,0,True,False,True
2337786,K23,HK232,True,8,17.0,17.0,0,True,False,True
2337786,K23,HK241,True,5,16.0,16.0,0,True,False,True
2337786,K23,HK242,True,6,17.0,17.0,0,True,False,True
2337786,K23,HK251,True,6,18.0,18.0,2,True,False,True
2337786,K23,HK252,True,7,18.0,18.0,6,True,False,True
2337786,K23,HK261,False,0,0.0,0.0,7,True,False,False
2337937,K23,HK231,True,6,16.0,12.0,1,False,False,True
2337937,K23,HK232,True,9,21.0,17.0,6,False,False,True
2337937,K23,HK241,True,6,20.0,16.0,6,False,False,True
2337937,K23,HK242,True,6,18.0,18.0,6,False,False,True
2337937,K23,HK251,True,6,18.0,18.0,7,False,False,True
2337937,K23,HK252,True,7,18.0,18.0,8,False,False,True
2337937,K23,HK261,False,0,0.0,0.0,10,False,False,False
2337979,K23,HK231,True,5,14.0,14.0,0,True,False,True
2337979,K23,HK232,True,7,15.0,15.0,1,True,False,True
2337979,K23,HK241,True,4,14.0,14.0,1,True,False,True
2337979,K23,HK242,True,6,18.0,18.0,2,True,False,True
2337979,K23,HK251,True,6,18.0,18.0,4,True,False,True
2337979,K23,HK252,True,7,18.0,18.0,5,True,False,True
2337979,K23,HK261,False,0,0.0,0.0,11,True,False,False
2338130,K23,HK231,True,5,14.0,14.0,2,False,False,True
2338130,K23,HK232,True,7,15.0,15.0,5,False,False,True
2338130,K23,HK241,True,4,14.0,14.0,6,False,False,True
2338130,K23,HK242,True,6,18.0,18.0,7,False,False,True
2338130,K23,HK251,True,6,18.0,18.0,12,False,False,True
2338130,K23,HK252,True,7,18.0,18.0,12,False,False,True
2338130,K23,HK261,False,0,0.0,0.0,12,False,False,False
2338172,K23,HK231,True,6,16.0,16.0,1,True,False,True
2338172,K23,HK232,True,8,17.0,17.0,1,True,False,True
2338172,K23,HK241,True,5,16.0,16.0,2,True,False,True
2338172,K23,HK242,True,6,17.0,17.0,7,True,False,True
2338172,K23,HK251,True,6,18.0,18.0,8,True,False,True
2338172,K23,HK252,True,7,18.0,18.0,8,True,False,True
2338172,K23,HK261,False,0,0.0,0.0,8,True,False,False
2338323,K23,HK231,True,6,16.0,16.0,0,True,False,True
2338323,K23,HK232,True,8,17.0,17.0,2,True,False,True
2338323,K23,HK241,True,5,16.0,16.0,3,True,False,True
2338323,K23,HK242,True,6,17.0,17.0,4,True,False,True
2338323,K23,HK251,True,6,18.0,18.0,6,True,False,True
2338323,K23,HK252,True,7,18.0,18.0,8,True,False,True
2338323,K23,HK261,False,0,0.0,0.0,9,True,False,False
2338365,K23,HK231,True,5,14.0,14.0,2,True,False,True
2338365,K23,HK232,True,7,15.0,15.0,5,True,False,True
2338365,K23,HK241,True,4,14.0,14.0,8,True,False,True
2338365,K23,HK242,True,6,18.0,18.0,10,True,False,True
2338365,K23,HK251,True,6,18.0,18.0,12,True,False,True
2338365,K23,HK252,True,7,18.0,18.0,13,True,True,True
2338365,K23,HK261,True,7,19.0,0.0,14,True,True,False
2338516,K23,HK231,True,5,14.0,14.0,2,True,False,True
2338516,K23,HK232,True,7,15.0,15.0,7,True,False,True
2338516,K23,HK241,True,4,14.0,14.0,12,True,False,True
2338516,K23,HK242,True,6,18.0,18.0,16,True,True,True
2338516,K23,HK251,True,6,18.0,18.0,18,True,True,True
2338516,K23,HK252,True,7,18.0,18.0,18,True,True,True
2338516,K23,HK261,True,7,19.0,0.0,19,True,True,False
2338558,K23,HK231,True,5,14.0,14.0,1,False,False,True
2338558,K23,HK232,True,7,15.0,15.0,3,False,False,True
2338558,K23,HK241,True,4,14.0,14.0,7,False,False,True
2338558,K23,HK242,True,6,18.0,18.0,10,False,False,True
2338558,K23,HK251,True,6,18.0,18.0,10,False,False,True
2338558,K23,HK252,True,7,18.0,18.0,12,False,False,True
2338558,K23,HK261,False,0,0.0,0.0,14,False,False,False
2338709,K23,HK231,True,6,16.0,16.0,0,False,False,True
2338709,K23,HK232,True,8,17.0,17.0,2,False,False,True
2338709,K23,HK241,True,5,16.0,16.0,2,False,False,True
2338709,K23,HK242,True,6,17.0,17.0,3,False,False,True
2338709,K23,HK251,True,6,18.0,18.0,4,False,False,True
2338709,K23,HK252,True,7,18.0,18.0,4,False,False,True
2338709,K23,HK261,True,6,17.0,0.0,5,False,False,False
2338751,K23,HK231,True,5,14.0,14.0,0,False,False,True
2338751,K23,HK232,True,7,15.0,15.0,2,False,False,True
2338751,K23,HK241,True,4,14.0,14.0,7,False,False,True
2338751,K23,HK242,True,6,18.0,18.0,8,False,False,True
2338751,K23,HK251,True,6,18.0,18.0,9,False,False,True
2338751,K23,HK252,True,7,18.0,18.0,11,False,False,True
2338751,K23,HK261,False,0,0.0,0.0,11,False,False,False
2338902,K23,HK231,True,6,16.0,16.0,2,True,False,True
2338902,K23,HK232,True,8,17.0,17.0,3,True,False,True
2338902,K23,HK241,True,5,16.0,16.0,6,True,False,True
2338902,K23,HK242,True,6,17.0,17.0,6,True,False,True
2338902,K23,HK251,True,6,18.0,18.0,11,True,False,True
2338902,K23,HK252,True,7,18.0,18.0,13,True,False,True
2338902,K23,HK261,True,7,19.0,0.0,13,True,True,False
2338944,K23,HK231,True,5,14.0,14.0,3,False,False,True
2338944,K23,HK232,True,7,15.0,15.0,4,False,False,True
2338944,K23,HK241,True,4,14.0,14.0,8,False,False,True
2338944,K23,HK242,True,6,18.0,18.0,10,False,False,True
2338944,K23,HK251,True,6,18.0,18.0,11,False,False,True
2338944,K23,HK252,True,7,18.0,18.0,12,False,False,True
2338944,K23,HK261,False,0,0.0,0.0,12,False,False,False
2339095,K23,HK231,True,6,16.0,16.0,1,False,False,True
2339095,K23,HK232,True,8,17.0,17.0,2,False,False,True
2339095,K23,HK241,True,5,16.0,16.0,3,False,False,True
2339095,K23,HK242,True,6,17.0,17.0,3,False,False,True
2339095,K23,HK251,True,6,18.0,18.0,4,False,False,True
2339095,K23,HK252,True,7,18.0,18.0,4,False,False,True
2339095,K23,HK261,False,0,0.0,0.0,5,False,False,False
2339137,K23,HK231,True,6,16.0,16.0,1,False,False,True
2339137,K23,HK232,True,8,17.0,17.0,4,False,False,True
2339137,K23,HK241,True,5,16.0,16.0,6,False,False,True
2339137,K23,HK242,True,6,17.0,17.0,10,False,False,True
2339137,K23,HK251,True,6,18.0,18.0,12,False,False,True
2339137,K23,HK252,True,7,18.0,18.0,13,False,False,True
2339137,K23,HK261,True,6,17.0,0.0,16,False,False,False
2339288,K23,HK231,True,5,14.0,14.0,1,True,False,True
2339288,K23,HK232,True,7,15.0,15.0,2,True,False,True
2339288,K23,HK241,True,4,14.0,14.0,3,True,False,True
2339288,K23,HK242,True,6,18.0,18.0,6,True,False,True
2339288,K23,HK251,True,6,18.0,18.0,9,True,False,True
2339288,K23,HK252,True,7,18.0,18.0,9,True,False,True
2339288,K23,HK261,True,6,17.0,0.0,12,True,False,False
2339330,K23,HK231,True,6,16.0,16.0,2,False,False,True
2339330,K23,HK232,True,8,17.0,17.0,2,False,False,True
2339330,K23,HK241,True,5,16.0,16.0,3,False,False,True
2339523,K23,HK231,True,6,16.0,16.0,2,True,False,True
2339523,K23,HK232,True,8,17.0,17.0,5,True,False,True
2339523,K23,HK241,True,5,16.0,16.0,6,True,False,True
2339523,K23,HK242,True,6,17.0,17.0,7,True,False,True
2339523,K23,HK251,True,6,18.0,18.0,9,True,False,True
2339523,K23,HK252,True,7,18.0,18.0,9,True,False,True
2339523,K23,HK261,False,0,0.0,0.0,10,True,False,False
2339716,K23,HK231,True,6,16.0,16.0,0,False,False,True
2339716,K23,HK232,True,8,17.0,17.0,1,False,False,True
2339716,K23,HK241,True,5,16.0,16.0,5,False,False,True
2339716,K23,HK242,True,6,17.0,17.0,10,False,False,True
2339716,K23,HK251,True,6,18.0,18.0,11,False,False,True
2339716,K23,HK252,True,7,18.0,18.0,11,False,False,True
2339716,K23,HK261,False,0,0.0,0.0,11,False,False,False
2339909,K23,HK231,True,5,14.0,14.0,1,True,False,True
2339909,K23,HK232,True,7,15.0,15.0,2,True,False,True
2339909,K23,HK241,True,4,14.0,14.0,5,True,False,True
2339909,K23,HK242,True,6,18.0,18.0,6,True,False,True
2339909,K23,HK251,True,6,18.0,18.0,6,True,False,True
2339909,K23,HK252,True,7,18.0,18.0,8,True,False,True
2339909,K23,HK261,False,0,0.0,0.0,11,True,False,False
2340102,K23,HK231,True,6,16.0,16.0,2,True,False,True
2340102,K23,HK232,True,8,17.0,17.0,7,True,False,True
2340102,K23,HK241,True,5,16.0,16.0,10,True,False,True
2340102,K23,HK242,True,6,17.0,17.0,10,True,False,True
2340102,K23,HK251,True,6,18.0,18.0,14,True,False,True
2340102,K23,HK252,True,7,18.0,18.0,14,True,True,True
2340102,K23,HK261,True,7,19.0,0.0,14,True,True,False
2340295,K23,HK231,True,5,14.0,14.0,2,True,False,True
2340295,K23,HK232,True,7,15.0,15.0,6,True,False,True
2340295,K23,HK241,True,4,14.0,14.0,8,True,False,True
2340295,K23,HK242,True,6,18.0,18.0,10,True,False,True
2340295,K23,HK251,True,6,18.0,18.0,14,True,False,True
2340295,K23,HK252,True,7,18.0,18.0,21,True,True,True
2340295,K23,HK261,True,7,19.0,0.0,24,True,True,False
2340488,K23,HK231,True,5,14.0,14.0,3,True,False,True
2340488,K23,HK232,True,7,15.0,15.0,4,True,False,True
2340488,K23,HK241,True,4,14.0,14.0,6,True,False,True
2340488,K23,HK242,True,6,18.0,18.0,10,True,False,True
2340488,K23,HK251,True,6,18.0,18.0,13,True,False,True
2340488,K23,HK252,True,7,18.0,18.0,13,True,True,True
2340488,K23,HK261,True,7,19.0,0.0,18,True,True,False
2340681,K23,HK231,True,5,14.0,14.0,6,True,False,True
2340681,K23,HK232,True,7,15.0,15.0,9,True,False,True
2340681,K23,HK241,True,4,14.0,14.0,10,True,False,True
2340681,K23,HK242,True,6,18.0,18.0,11,True,False,True
2340681,K23,HK251,True,6,18.0,18.0,12,True,False,True
2340681,K23,HK252,True,7,18.0,18.0,13,True,True,True
2340681,K23,HK261,True,7,19.0,0.0,14,True,True,False
2340874,K23,HK231,True,6,16.0,16.0,0,True,False,True
2340874,K23,HK232,True,8,17.0,17.0,1,True,False,True
2340874,K23,HK241,True,5,16.0,16.0,1,True,False,True
2340874,K23,HK242,True,6,17.0,17.0,1,True,False,True
2340874,K23,HK251,True,6,18.0,18.0,3,True,False,True
2340874,K23,HK252,True,7,18.0,18.0,5,True,False,True
2340874,K23,HK261,True,6,17.0,0.0,5,True,False,False
2341067,K23,HK231,True,5,14.0,14.0,3,True,False,True
2341067,K23,HK232,True,7,15.0,15.0,6,True,False,True
2341067,K23,HK241,True,4,14.0,14.0,8,True,False,True
2341067,K23,HK242,True,6,18.0,18.0,10,True,False,True
2341067,K23,HK251,True,6,18.0,18.0,10,True,False,True
2341067,K23,HK252,True,7,18.0,18.0,10,True,False,True
2341067,K23,HK261,True,6,17.0,0.0,11,True,False,False
2341260,K23,HK231,True,6,16.0,16.0,2,True,False,True
2341260,K23,HK232,True,8,17.0,17.0,2,True,False,True
2341260,K23,HK241,True,5,16.0,16.0,7,True,False,True
2341260,K23,HK242,True,6,17.0,17.0,7,True,False,True
2341260,K23,HK251,True,6,18.0,18.0,10,True,False,True
2341260,K23,HK252,True,7,18.0,18.0,13,True,False,True
2341260,K23,HK261,True,7,19.0,0.0,13,True,True,False
2341453,K23,HK231,True,6,16.0,16.0,2,False,False,True
2341453,K23,HK232,True,8,17.0,17.0,4,False,False,True
2341453,K23,HK241,True,5,16.0,16.0,7,False,False,True
2341453,K23,HK242,True,6,17.0,17.0,7,False,False,True
2341453,K23,HK251,True,6,18.0,18.0,9,False,False,True
2341453,K23,HK252,True,7,18.0,18.0,12,False,False,True
2341453,K23,HK261,False,0,0.0,0.0,13,False,False,False
2341646,K23,HK231,True,5,14.0,14.0,3,False,False,True
2341646,K23,HK232,True,7,15.0,15.0,4,False,False,True
2341646,K23,HK241,True,4,14.0,14.0,7,False,False,True
2341646,K23,HK242,True,6,18.0,18.0,9,False,False,True
2341646,K23,HK251,True,6,18.0,18.0,10,False,False,True
2341646,K23,HK252,True,7,18.0,18.0,11,False,False,True
2341646,K23,HK261,False,0,0.0,0.0,13,False,False,False
2341839,K23,HK231,True,6,16.0,16.0,3,False,False,True
2341839,K23,HK232,True,8,17.0,17.0,3,False,False,True
2341839,K23,HK241,True,5,16.0,16.0,4,False,False,True
2341839,K23,HK242,True,6,17.0,17.0,6,False,False,True
2341839,K23,HK251,True,6,18.0,18.0,7,False,False,True
2341839,K23,HK252,True,7,18.0,18.0,8,False,False,True
2341839,K23,HK261,True,6,17.0,0.0,8,False,False,False
2341881,K23,HK231,True,5,14.0,14.0,0,False,False,True
2341881,K23,HK232,True,7,15.0,15.0,2,False,False,True
2341881,K23,HK241,True,4,14.0,14.0,3,False,False,True
2341881,K23,HK242,True,6,18.0,18.0,4,False,False,True
2341881,K23,HK251,True,6,18.0,18.0,6,False,False,True
2341881,K23,HK252,True,7,18.0,18.0,7,False,False,True
2341881,K23,HK261,False,0,0.0,0.0,10,False,False,False
2342032,K23,HK231,True,6,16.0,16.0,1,True,False,True
2342032,K23,HK232,True,8,17.0,17.0,2,True,False,True
2342032,K23,HK241,True,5,16.0,16.0,4,True,False,True
2342032,K23,HK242,True,6,17.0,17.0,4,True,False,True
2342032,K23,HK251,True,6,18.0,18.0,7,True,False,True
2342032,K23,HK252,True,7,18.0,18.0,8,True,False,True
2342032,K23,HK261,False,0,0.0,0.0,10,True,False,False
2342074,K23,HK231,True,6,16.0,16.0,3,False,False,True
2342074,K23,HK232,True,8,17.0,17.0,6,False,False,True
2342074,K23,HK241,True,5,16.0,16.0,7,False,False,True
2342074,K23,HK242,True,6,17.0,17.0,8,False,False,True
2342074,K23,HK251,True,6,18.0,18.0,9,False,False,True
2342074,K23,HK252,True,7,18.0,18.0,9,False,False,True
2342074,K23,HK261,True,6,17.0,0.0,11,False,False,False
2342225,K23,HK231,True,6,16.0,14.0,1,False,False,True
2342225,K23,HK232,True,8,17.0,15.0,2,False,False,True
2342225,K23,HK241,True,5,16.0,14.0,3,False,False,True
2342225,K23,HK242,True,6,17.0,17.0,3,False,False,True
2342225,K23,HK251,True,6,18.0,18.0,6,False,False,True
2342225,K23,HK252,True,7,18.0,18.0,7,False,False,True
2342225,K23,HK261,False,0,0.0,0.0,11,False,False,False
2342267,K23,HK231,True,5,14.0,14.0,2,True,False,True
2342267,K23,HK232,True,7,15.0,15.0,4,True,False,True
2342267,K23,HK241,True,4,14.0,14.0,7,True,False,True
2342267,K23,HK242,True,6,18.0,18.0,9,True,False,True
2342267,K23,HK251,True,6,18.0,18.0,12,True,False,True
2342267,K23,HK252,True,7,18.0,18.0,13,True,True,True
2342267,K23,HK261,True,7,19.0,0.0,19,True,True,False
2342418,K23,HK231,True,6,16.0,16.0,2,False,False,True
2342418,K23,HK232,True,8,17.0,17.0,3,False,False,True
2342418,K23,HK241,True,5,16.0,16.0,3,False,False,True
2342418,K23,HK242,True,6,17.0,17.0,4,False,False,True
2342418,K23,HK251,True,6,18.0,18.0,7,False,False,True
2342418,K23,HK252,True,7,18.0,18.0,10,False,False,True
2342418,K23,HK261,True,6,17.0,0.0,11,False,False,False
2342460,K23,HK231,True,6,16.0,16.0,1,False,False,True
2342460,K23,HK232,True,8,17.0,17.0,1,False,False,True
2342460,K23,HK241,True,5,16.0,16.0,1,False,False,True
2342460,K23,HK242,True,6,17.0,17.0,2,False,False,True
2342460,K23,HK251,True,6,18.0,18.0,4,False,False,True
2342460,K23,HK252,True,7,18.0,18.0,9,False,False,True
2342460,K23,HK261,True,6,17.0,0.0,13,False,False,False
2342611,K23,HK231,True,6,16.0,16.0,4,False,False,True
2342611,K23,HK232,True,8,17.0,17.0,6,False,False,True
2342611,K23,HK241,True,5,16.0,16.0,6,False,False,True
2342611,K23,HK242,True,6,17.0,17.0,8,False,False,True
2342611,K23,HK251,True,6,18.0,18.0,9,False,False,True
2342611,K23,HK252,True,7,18.0,18.0,12,False,False,True
2342611,K23,HK261,True,6,17.0,0.0,16,False,False,False
2342653,K23,HK231,True,6,16.0,16.0,0,True,False,True
2342653,K23,HK232,True,8,17.0,17.0,3,True,False,True
2342653,K23,HK241,True,5,16.0,16.0,5,True,False,True
2342653,K23,HK242,True,6,17.0,17.0,5,True,False,True
2342653,K23,HK251,True,6,18.0,18.0,5,True,False,True
2342653,K23,HK252,True,7,18.0,18.0,5,True,False,True
2342653,K23,HK261,True,6,17.0,0.0,6,True,False,False
2342804,K23,HK231,True,6,16.0,16.0,4,False,False,True
2342804,K23,HK232,True,8,17.0,17.0,5,False,False,True
2342804,K23,HK241,True,5,16.0,16.0,5,False,False,True
2342804,K23,HK242,True,6,17.0,17.0,5,False,False,True
2342804,K23,HK251,True,6,18.0,18.0,5,False,False,True
2342804,K23,HK252,True,7,18.0,18.0,5,False,False,True
2342804,K23,HK261,False,0,0.0,0.0,7,False,False,False
2342846,K23,HK231,True,6,16.0,16.0,0,False,False,True
2342846,K23,HK232,True,8,17.0,17.0,3,False,False,True
2342846,K23,HK241,True,5,16.0,16.0,3,False,False,True
2342846,K23,HK242,True,6,17.0,17.0,3,False,False,True
2342846,K23,HK251,True,6,18.0,18.0,4,False,False,True
2342846,K23,HK252,True,7,18.0,18.0,5,False,False,True
2342846,K23,HK261,True,6,17.0,0.0,7,False,False,False
2342997,K23,HK231,True,6,16.0,16.0,2,True,False,True
2342997,K23,HK232,True,8,17.0,17.0,6,True,False,True
2342997,K23,HK241,True,5,16.0,16.0,13,True,False,True
2342997,K23,HK242,True,6,17.0,17.0,15,True,True,True
2342997,K23,HK251,True,6,18.0,18.0,16,True,True,True
2342997,K23,HK252,True,7,18.0,18.0,20,True,True,True
2342997,K23,HK261,True,7,19.0,0.0,22,True,True,False
2343039,K23,HK231,True,5,14.0,14.0,1,False,False,True
2343039,K23,HK232,True,7,15.0,15.0,2,False,False,True
2343039,K23,HK241,True,4,14.0,14.0,5,False,False,True
2343039,K23,HK242,True,6,18.0,18.0,6,False,False,True
2343039,K23,HK251,True,6,18.0,18.0,6,False,False,True
2343039,K23,HK252,True,7,18.0,18.0,9,False,False,True
2343039,K23,HK261,False,0,0.0,0.0,9,False,False,False
2343190,K23,HK231,True,5,14.0,14.0,3,True,False,True
2343190,K23,HK232,True,7,15.0,15.0,5,True,False,True
2343190,K23,HK241,True,4,14.0,14.0,5,True,False,True
2343190,K23,HK242,True,6,18.0,18.0,7,True,False,True
2343190,K23,HK251,True,6,18.0,18.0,10,True,False,True
2343190,K23,HK252,True,7,18.0,18.0,13,True,False,True
2343190,K23,HK261,True,7,19.0,0.0,15,True,True,False
2343232,K23,HK231,True,6,16.0,16.0,3,True,False,True
2343232,K23,HK232,True,8,17.0,17.0,7,True,False,True
2343232,K23,HK241,True,5,16.0,16.0,7,True,False,True
2343232,K23,HK242,True,6,17.0,17.0,8,True,False,True
2343232,K23,HK251,True,6,18.0,18.0,10,True,False,True
2343232,K23,HK252,True,7,18.0,18.0,12,True,False,True
2343232,K23,HK261,True,7,19.0,0.0,13,True,True,False
2343383,K23,HK231,True,5,14.0,14.0,0,True,False,True
2343383,K23,HK232,True,7,15.0,15.0,0,True,False,True
2343383,K23,HK241,True,4,14.0,14.0,2,True,False,True
2343383,K23,HK242,True,6,18.0,18.0,2,True,False,True
2343383,K23,HK251,True,6,18.0,18.0,2,True,False,True
2343383,K23,HK252,True,7,18.0,17.0,2,True,False,True
2343383,K23,HK261,False,0,0.0,0.0,4,True,False,False
2343425,K23,HK231,True,6,16.0,16.0,4,False,False,True
2343425,K23,HK232,True,8,17.0,17.0,7,False,False,True
2343425,K23,HK241,True,5,16.0,16.0,8,False,False,True
2343425,K23,HK242,True,6,17.0,17.0,11,False,False,True
2343425,K23,HK251,True,6,18.0,18.0,14,False,False,True
2343425,K23,HK252,True,7,18.0,18.0,14,False,False,True
2343425,K23,HK261,False,0,0.0,0.0,17,False,False,False
2343576,K23,HK231,True,6,16.0,16.0,3,True,False,True
2343576,K23,HK232,True,8,17.0,17.0,6,True,False,True
2343576,K23,HK241,True,5,16.0,16.0,8,True,False,True
2343576,K23,HK242,True,6,17.0,17.0,10,True,False,True
2343576,K23,HK251,True,6,18.0,18.0,12,True,False,True
2343576,K23,HK252,True,7,18.0,18.0,12,True,True,True
2343576,K23,HK261,True,7,19.0,0.0,14,True,True,False
2343618,K23,HK231,True,6,16.0,16.0,4,True,False,True
2343618,K23,HK232,True,8,17.0,17.0,7,True,False,True
2343618,K23,HK241,True,5,16.0,16.0,9,True,False,True
2343618,K23,HK242,True,6,17.0,17.0,10,True,False,True
2343618,K23,HK251,True,6,18.0,18.0,10,True,False,True
2343618,K23,HK252,True,7,18.0,18.0,12,True,False,True
2343618,K23,HK261,True,7,19.0,0.0,13,True,True,False
2343769,K23,HK231,True,6,16.0,16.0,5,False,False,True
2343769,K23,HK232,True,8,17.0,17.0,7,False,False,True
2343769,K23,HK241,True,5,16.0,16.0,7,False,False,True
2343769,K23,HK242,True,6,17.0,17.0,10,False,False,True
2343769,K23,HK251,True,6,18.0,18.0,11,False,False,True
2343811,K23,HK231,True,6,16.0,16.0,1,False,False,True
2343811,K23,HK232,True,8,17.0,17.0,3,False,False,True
2343811,K23,HK241,True,5,16.0,16.0,3,False,False,True
2343811,K23,HK242,True,6,17.0,17.0,5,False,False,True
2343811,K23,HK251,True,6,18.0,18.0,7,False,False,True
2343811,K23,HK252,True,7,18.0,18.0,7,False,False,True
2343811,K23,HK261,True,6,17.0,0.0,7,False,False,False
2343962,K23,HK231,True,6,16.0,8.0,1,True,False,True
2343962,K23,HK232,True,9,22.0,10.0,3,True,False,True
2343962,K23,HK241,True,8,22.0,6.0,4,True,False,True
2343962,K23,HK242,True,8,21.0,12.0,4,True,False,True
2343962,K23,HK251,True,7,21.0,13.0,5,True,False,True
2343962,K23,HK252,True,8,20.0,18.0,5,True,False,True
2343962,K23,HK261,False,0,0.0,0.0,8,True,False,False
2344004,K23,HK231,True,6,16.0,16.0,2,True,False,True
2344004,K23,HK232,True,8,17.0,17.0,4,True,False,True
2344004,K23,HK241,True,5,16.0,16.0,6,True,False,True
2344004,K23,HK242,True,6,17.0,17.0,6,True,False,True
2344004,K23,HK251,True,6,18.0,18.0,6,True,False,True
2344004,K23,HK252,True,7,18.0,18.0,8,True,False,True
2344004,K23,HK261,False,0,0.0,0.0,8,True,False,False
2344155,K23,HK231,True,6,16.0,16.0,1,False,False,True
2344155,K23,HK232,True,8,17.0,17.0,2,False,False,True
2344155,K23,HK241,True,5,16.0,16.0,4,False,False,True
2344155,K23,HK242,True,6,17.0,17.0,8,False,False,True
2344155,K23,HK251,True,6,18.0,18.0,10,False,False,True
2344155,K23,HK252,True,7,18.0,18.0,12,False,False,True
2344155,K23,HK261,False,0,0.0,0.0,13,False,False,False
2344197,K23,HK231,True,6,16.0,16.0,2,True,False,True
2344197,K23,HK232,True,8,17.0,17.0,4,True,False,True
2344197,K23,HK241,True,5,16.0,16.0,6,True,False,True
2344197,K23,HK242,True,6,17.0,17.0,6,True,False,True
2344197,K23,HK251,True,6,18.0,18.0,6,True,False,True
2344197,K23,HK252,True,7,18.0,18.0,7,True,False,True
2344197,K23,HK261,False,0,0.0,0.0,8,True,False,False
2344348,K23,HK231,True,6,16.0,16.0,2,False,False,True
2344348,K23,HK232,True,8,17.0,17.0,4,False,False,True
2344348,K23,HK241,True,5,16.0,16.0,6,False,False,True
2344348,K23,HK242,True,6,17.0,17.0,7,False,False,True
2344348,K23,HK251,True,6,18.0,18.0,10,False,False,True
2344348,K23,HK252,True,7,18.0,18.0,14,False,False,True
2344348,K23,HK261,False,0,0.0,0.0,17,False,False,False
2344390,K23,HK231,True,6,16.0,16.0,2,True,False,True
2344390,K23,HK232,True,8,17.0,17.0,5,True,False,True
2344390,K23,HK241,True,5,16.0,16.0,6,True,False,True
2344390,K23,HK242,True,6,17.0,17.0,8,True,False,True
2344390,K23,HK251,True,6,18.0,18.0,10,True,False,True
2344390,K23,HK252,True,7,18.0,18.0,12,True,False,True
2344390,K23,HK261,True,7,19.0,0.0,14,True,True,False
2344541,K23,HK231,True,5,14.0,14.0,2,True,False,True
2344541,K23,HK232,True,7,15.0,15.0,6,True,False,True
2344541,K23,HK241,True,4,14.0,14.0,9,True,False,True
2344541,K23,HK242,True,6,18.0,18.0,11,True,False,True
2344541,K23,HK251,True,6,18.0,18.0,12,True,False,True
2344541,K23,HK252,True,7,18.0,18.0,14,True,True,True
2344541,K23,HK261,True,7,19.0,0.0,16,True,True,False
2344583,K23,HK231,True,6,16.0,16.0,0,True,False,True
2344583,K23,HK232,True,8,17.0,17.0,1,True,False,True
2344583,K23,HK241,True,5,16.0,16.0,1,True,False,True
2344583,K23,HK242,True,6,17.0,17.0,4,True,False,True
2344583,K23,HK251,True,6,18.0,18.0,4,True,False,True
2344583,K23,HK252,True,7,18.0,18.0,6,True,False,True
2344583,K23,HK261,False,0,0.0,0.0,10,True,False,False
2344734,K23,HK231,True,6,16.0,16.0,5,False,False,True
2344734,K23,HK232,True,8,17.0,17.0,5,False,False,True
2344734,K23,HK241,True,5,16.0,16.0,6,False,False,True
2344734,K23,HK242,True,6,17.0,17.0,8,False,False,True
2344734,K23,HK251,True,6,18.0,18.0,9,False,False,True
2344734,K23,HK252,True,7,18.0,18.0,14,False,False,True
2344734,K23,HK261,False,0,0.0,0.0,15,False,False,False
2344776,K23,HK231,True,5,14.0,14.0,2,True,False,True
2344776,K23,HK232,True,7,15.0,15.0,4,True,False,True
2344776,K23,HK241,True,4,14.0,14.0,5,True,False,True
2344776,K23,HK242,True,6,18.0,18.0,7,True,False,True
2344776,K23,HK251,True,6,18.0,18.0,8,True,False,True
2344776,K23,HK252,True,7,18.0,18.0,9,True,False,True
2344776,K23,HK261,False,0,0.0,0.0,10,True,False,False
2344969,K23,HK231,True,6,16.0,16.0,0,True,False,True
2344969,K23,HK232,True,8,17.0,17.0,1,True,False,True
2344969,K23,HK241,True,5,16.0,16.0,3,True,False,True
2344969,K23,HK242,True,6,17.0,17.0,3,True,False,True
2344969,K23,HK251,True,6,18.0,18.0,5,True,False,True
2344969,K23,HK252,True,7,18.0,18.0,7,True,False,True
2344969,K23,HK261,False,0,0.0,0.0,7,True,False,False
2345162,K23,HK231,True,6,16.0,16.0,2,False,False,True
2345162,K23,HK232,True,8,17.0,17.0,2,False,False,True
2345162,K23,HK241,True,5,16.0,16.0,2,False,False,True
2345162,K23,HK242,True,6,17.0,17.0,3,False,False,True
2345162,K23,HK251,True,6,18.0,18.0,4,False,False,True
2345162,K23,HK252,True,7,18.0,18.0,7,False,False,True
2345162,K23,HK261,False,0,0.0,0.0,8,False,False,False
2345355,K23,HK231,True,5,14.0,14.0,1,True,False,True
2345355,K23,HK232,True,7,15.0,15.0,2,True,False,True
2345355,K23,HK241,True,4,14.0,14.0,3,True,False,True
2345355,K23,HK242,True,6,18.0,18.0,4,True,False,True
2345355,K23,HK251,True,6,18.0,18.0,7,True,False,True
2345355,K23,HK252,True,7,18.0,18.0,12,True,False,True
2345355,K23,HK261,True,7,19.0,0.0,15,True,True,False
2345548,K23,HK231,True,6,16.0,16.0,2,True,False,True
2345548,K23,HK232,True,8,17.0,17.0,4,True,False,True
2345548,K23,HK241,True,5,16.0,16.0,5,True,False,True
2345548,K23,HK242,True,6,17.0,17.0,8,True,False,True
2345548,K23,HK251,True,6,18.0,18.0,11,True,False,True
2345548,K23,HK252,True,7,18.0,18.0,15,True,False,True
2345548,K23,HK261,True,7,19.0,0.0,15,True,True,False
2345741,K23,HK231,True,6,16.0,16.0,2,True,False,True
2345741,K23,HK232,True,8,17.0,17.0,4,True,False,True
2345741,K23,HK241,True,5,16.0,16.0,5,True,False,True
2345741,K23,HK242,True,6,17.0,17.0,6,True,False,True
2345741,K23,HK251,True,6,18.0,18.0,7,True,False,True
2345741,K23,HK252,True,7,18.0,18.0,10,True,False,True
2345741,K23,HK261,True,6,17.0,0.0,12,True,False,False
2345934,K23,HK231,True,6,16.0,16.0,3,False,False,True
2345934,K23,HK232,True,8,17.0,17.0,6,False,False,True
2345934,K23,HK241,True,5,16.0,16.0,9,False,False,True
2345934,K23,HK242,True,6,17.0,17.0,11,False,False,True
2345934,K23,HK251,True,6,18.0,18.0,14,False,False,True
2345934,K23,HK252,True,7,18.0,18.0,15,False,False,True
2345934,K23,HK261,False,0,0.0,0.0,17,False,False,False
2346127,K23,HK231,True,6,16.0,16.0,2,True,False,True
2346127,K23,HK232,True,8,17.0,17.0,5,True,False,True
2346127,K23,HK241,True,5,16.0,16.0,7,True,False,True
2346127,K23,HK242,True,6,17.0,17.0,9,True,False,True
2346127,K23,HK251,True,6,18.0,18.0,9,True,False,True
2346127,K23,HK252,True,7,18.0,18.0,10,True,False,True
2346127,K23,HK261,False,0,0.0,0.0,10,True,False,False
2346320,K23,HK231,True,6,16.0,16.0,1,False,False,True
2346320,K23,HK232,True,8,17.0,17.0,2,False,False,True
2346320,K23,HK241,True,5,16.0,16.0,4,False,False,True
2346320,K23,HK242,True,6,17.0,17.0,6,False,False,True
2346320,K23,HK251,True,6,18.0,18.0,6,False,False,True
2346320,K23,HK252,True,7,18.0,18.0,7,False,False,True
2346320,K23,HK261,False,0,0.0,0.0,9,False,False,False
2346513,K23,HK231,True,6,16.0,16.0,1,False,False,True
2346513,K23,HK232,True,8,17.0,17.0,2,False,False,True
2346513,K23,HK241,True,5,16.0,16.0,4,False,False,True
2346513,K23,HK242,True,6,17.0,17.0,6,False,False,True
2346513,K23,HK251,True,6,18.0,18.0,9,False,False,True
2346513,K23,HK252,True,7,18.0,18.0,10,False,False,True
2346513,K23,HK261,True,6,17.0,0.0,12,False,False,False
2346706,K23,HK231,True,5,14.0,14.0,2,False,False,True
2346706,K23,HK232,True,7,15.0,15.0,6,False,False,True
2346706,K23,HK241,True,4,14.0,14.0,7,False,False,True
2346706,K23,HK242,True,6,18.0,18.0,10,False,False,True
2346706,K23,HK251,True,6,18.0,18.0,11,False,False,True
2346706,K23,HK252,True,7,18.0,18.0,12,False,False,True
2346706,K23,HK261,False,0,0.0,0.0,12,False,False,False
2346899,K23,HK231,True,6,16.0,16.0,1,True,False,True
2346899,K23,HK232,True,8,17.0,17.0,3,True,False,True
2346899,K23,HK241,True,5,16.0,16.0,3,True,False,True
2346899,K23,HK242,True,6,17.0,17.0,4,True,False,True
2346899,K23,HK251,True,6,18.0,18.0,11,True,False,True
2346899,K23,HK252,True,7,18.0,18.0,12,True,False,True
2346899,K23,HK261,True,7,19.0,0.0,13,True,True,False
2347092,K23,HK231,True,6,16.0,16.0,3,False,False,True
2347092,K23,HK232,True,8,17.0,17.0,4,False,False,True
2347092,K23,HK241,True,5,16.0,16.0,4,False,False,True
2347092,K23,HK242,True,6,17.0,17.0,5,False,False,True
2347092,K23,HK251,True,6,18.0,18.0,7,False,False,True
2347092,K23,HK252,True,7,18.0,18.0,7,False,False,True
2347092,K23,HK261,True,6,17.0,0.0,8,False,False,False
2347134,K23,HK231,True,5,14.0,14.0,2,True,False,True
2347134,K23,HK232,True,7,15.0,15.0,3,True,False,True
2347134,K23,HK241,True,4,14.0,14.0,5,True,False,True
2347134,K23,HK242,True,6,18.0,18.0,9,True,False,True
2347134,K23,HK251,True,6,18.0,18.0,11,True,False,True
2347134,K23,HK252,True,7,18.0,18.0,14,True,False,True
2347285,K23,HK231,True,5,14.0,14.0,1,False,False,True
2347285,K23,HK232,True,7,15.0,15.0,2,False,False,True
2347285,K23,HK241,True,4,14.0,14.0,7,False,False,True
2347285,K23,HK242,True,6,18.0,18.0,8,False,False,True
2347285,K23,HK251,True,6,18.0,18.0,11,False,False,True
2347285,K23,HK252,True,7,18.0,18.0,13,False,False,True
2347285,K23,HK261,False,0,0.0,0.0,15,False,False,False
2347327,K23,HK231,True,6,16.0,16.0,0,False,False,True
2347327,K23,HK232,True,8,17.0,17.0,2,False,False,True
2347327,K23,HK241,True,5,16.0,16.0,4,False,False,True
2347327,K23,HK242,True,6,17.0,17.0,4,False,False,True
2347327,K23,HK251,True,6,18.0,18.0,5,False,False,True
2347327,K23,HK252,True,7,18.0,18.0,7,False,False,True
2347327,K23,HK261,False,0,0.0,0.0,7,False,False,False
2347478,K23,HK231,True,5,14.0,14.0,1,True,False,True
2347478,K23,HK232,True,7,15.0,15.0,3,True,False,True
2347478,K23,HK241,True,4,14.0,14.0,3,True,False,True
2347478,K23,HK242,True,6,18.0,18.0,3,True,False,True
2347478,K23,HK251,True,6,18.0,18.0,6,True,False,True
2347478,K23,HK252,True,7,18.0,18.0,7,True,False,True
2347478,K23,HK261,False,0,0.0,0.0,7,True,False,False
2347520,K23,HK231,True,5,14.0,14.0,1,True,False,True
2347520,K23,HK232,True,7,15.0,15.0,2,True,False,True
2347520,K23,HK241,True,4,14.0,14.0,3,True,False,True
2347520,K23,HK242,True,6,18.0,18.0,6,True,False,True
2347520,K23,HK251,True,6,18.0,18.0,7,True,False,True
2347520,K23,HK252,True,7,18.0,18.0,9,True,False,True
2347520,K23,HK261,False,0,0.0,0.0,11,True,False,False
2347671,K23,HK231,True,5,14.0,14.0,2,False,False,True
2347671,K23,HK232,True,7,15.0,15.0,4,False,False,True
2347671,K23,HK241,True,4,14.0,14.0,8,False,False,True
2347671,K23,HK242,True,6,18.0,18.0,12,False,False,True
2347671,K23,HK251,True,6,18.0,18.0,12,False,False,True
2347671,K23,HK252,True,7,18.0,18.0,17,False,False,True
2347671,K23,HK261,False,0,0.0,0.0,18,False,False,False
2347713,K23,HK231,True,5,14.0,14.0,2,True,False,True
2347713,K23,HK232,True,7,15.0,15.0,2,True,False,True
2347713,K23,HK241,True,4,14.0,14.0,3,True,False,True
2347713,K23,HK242,True,6,18.0,18.0,6,True,False,True
2347713,K23,HK251,True,6,18.0,18.0,6,True,False,True
2347713,K23,HK252,True,7,18.0,18.0,6,True,False,True
2347713,K23,HK261,False,0,0.0,0.0,10,True,False,False
2347864,K23,HK231,True,5,14.0,14.0,1,False,False,True
2347864,K23,HK232,True,7,15.0,15.0,2,False,False,True
2347864,K23,HK241,True,4,14.0,14.0,3,False,False,True
2347864,K23,HK242,True,6,18.0,18.0,3,False,False,True
2347864,K23,HK251,True,6,18.0,18.0,7,False,False,True
2347864,K23,HK252,True,7,18.0,18.0,11,False,False,True
2347864,K23,HK261,False,0,0.0,0.0,11,False,False,False
2347906,K23,HK231,True,6,16.0,16.0,0,True,False,True
2347906,K23,HK232,True,8,17.0,17.0,2,True,False,True
2347906,K23,HK241,True,5,16.0,16.0,2,True,False,True
2347906,K23,HK242,True,6,17.0,17.0,2,True,False,True
2347906,K23,HK251,True,6,18.0,18.0,3,True,False,True
2347906,K23,HK252,True,7,18.0,18.0,6,True,False,True
2347906,K23,HK261,False,0,0.0,0.0,7,True,False,False
2348057,K23,HK231,True,5,14.0,14.0,4,True,False,True
2348057,K23,HK232,True,7,15.0,15.0,6,True,False,True
2348057,K23,HK241,True,4,14.0,14.0,6,True,False,True
2348057,K23,HK242,True,6,18.0,18.0,8,True,False,True
2348057,K23,HK251,True,6,18.0,18.0,12,True,False,True
2348057,K23,HK252,True,7,18.0,18.0,12,True,True,True
2348057,K23,HK261,True,7,19.0,0.0,13,True,True,False
2348099,K23,HK231,True,5,14.0,14.0,2,True,False,True
2348099,K23,HK232,True,7,15.0,15.0,3,True,False,True
2348099,K23,HK241,True,4,14.0,14.0,3,True,False,True
2348099,K23,HK242,True,6,18.0,18.0,6,True,False,True
2348099,K23,HK251,True,6,18.0,18.0,6,True,False,True
2348099,K23,HK252,True,7,18.0,18.0,7,True,False,True
2348099,K23,HK261,False,0,0.0,0.0,11,True,False,False
2348250,K23,HK231,True,5,14.0,14.0,4,False,False,True
2348250,K23,HK232,True,7,15.0,15.0,6,False,False,True
2348250,K23,HK241,True,4,14.0,14.0,6,False,False,True
2348250,K23,HK242,True,6,18.0,18.0,7,False,False,True
2348250,K23,HK251,True,6,18.0,18.0,9,False,False,True
2348250,K23,HK252,True,7,18.0,18.0,10,False,False,True
2348292,K23,HK231,True,5,14.0,14.0,2,True,False,True
2348292,K23,HK232,True,7,15.0,15.0,4,True,False,True
2348292,K23,HK241,True,4,14.0,14.0,6,True,False,True
2348292,K23,HK242,True,6,18.0,18.0,9,True,False,True
2348292,K23,HK251,True,6,18.0,18.0,10,True,False,True
2348292,K23,HK252,True,7,18.0,18.0,12,True,False,True
2348292,K23,HK261,True,7,19.0,0.0,13,True,True,False
2348443,K23,HK231,True,6,16.0,16.0,3,True,False,True
2348443,K23,HK232,True,8,17.0,17.0,4,True,False,True
2348443,K23,HK241,True,5,16.0,16.0,5,True,False,True
2348443,K23,HK242,True,6,17.0,17.0,8,True,False,True
2348443,K23,HK251,True,6,18.0,15.0,10,True,False,True
2348443,K23,HK252,True,7,18.0,18.0,13,True,False,True
2348443,K23,HK261,True,7,19.0,0.0,14,True,True,False
2348485,K23,HK231,True,6,16.0,16.0,1,True,False,True
2348485,K23,HK232,True,8,17.0,17.0,3,True,False,True
2348485,K23,HK241,True,5,16.0,16.0,4,True,False,True
2348485,K23,HK242,True,6,17.0,17.0,6,True,False,True
2348485,K23,HK251,True,6,18.0,18.0,7,True,False,True
2348485,K23,HK252,True,7,18.0,18.0,9,True,False,True
2348485,K23,HK261,False,0,0.0,0.0,10,True,False,False
2348636,K23,HK231,True,6,16.0,16.0,1,True,False,True
2348636,K23,HK232,True,8,17.0,17.0,5,True,False,True
2348636,K23,HK241,True,5,16.0,16.0,6,True,False,True
2348636,K23,HK242,True,6,17.0,17.0,8,True,False,True
2348636,K23,HK251,True,6,18.0,18.0,9,True,False,True
2348636,K23,HK252,True,7,18.0,18.0,10,True,False,True
2348636,K23,HK261,False,0,0.0,0.0,13,True,False,False
2348678,K23,HK231,True,6,16.0,16.0,3,True,False,True
2348678,K23,HK232,True,8,17.0,17.0,12,True,False,True
2348678,K23,HK241,True,5,16.0,16.0,15,True,True,True
2348678,K23,HK242,True,6,17.0,17.0,17,True,True,True
2348678,K23,HK251,True,6,18.0,18.0,22,True,True,True
2348678,K23,HK252,True,7,18.0,18.0,28,True,True,True
2348678,K23,HK261,True,7,19.0,0.0,32,True,True,False
2348829,K23,HK231,True,6,16.0,16.0,0,True,False,True
2348829,K23,HK232,True,8,17.0,17.0,0,True,False,True
2348829,K23,HK241,True,5,16.0,16.0,2,True,False,True
2348829,K23,HK242,True,6,17.0,17.0,4,True,False,True
2348829,K23,HK251,True,6,18.0,18.0,5,True,False,True
2348829,K23,HK252,True,7,18.0,18.0,5,True,False,True
2348829,K23,HK261,True,6,17.0,0.0,5,True,False,False
2348871,K23,HK231,True,5,14.0,14.0,1,False,False,True
2348871,K23,HK232,True,7,15.0,15.0,7,False,False,True
2348871,K23,HK241,True,4,14.0,14.0,11,False,False,True
2348871,K23,HK242,True,6,18.0,18.0,13,False,False,True
2348871,K23,HK251,True,6,18.0,18.0,13,False,False,True
2348871,K23,HK252,True,7,18.0,18.0,14,False,False,True
2348871,K23,HK261,False,0,0.0,0.0,18,False,False,False
2349022,K23,HK231,True,6,16.0,16.0,5,False,False,True
2349022,K23,HK232,True,8,17.0,17.0,7,False,False,True
2349022,K23,HK241,True,5,16.0,16.0,9,False,False,True
2349022,K23,HK242,True,6,17.0,17.0,11,False,False,True
2349022,K23,HK251,True,6,18.0,18.0,15,False,False,True
2349022,K23,HK252,True,7,18.0,18.0,15,False,False,True
2349022,K23,HK261,False,0,0.0,0.0,17,False,False,False
2349064,K23,HK231,True,6,16.0,16.0,1,False,False,True
2349064,K23,HK232,True,8,17.0,17.0,3,False,False,True
2349064,K23,HK241,True,5,16.0,16.0,4,False,False,True
2349064,K23,HK242,True,6,17.0,17.0,6,False,False,True
2349064,K23,HK251,True,6,18.0,18.0,8,False,False,True
2349064,K23,HK252,True,7,18.0,18.0,9,False,False,True
2349064,K23,HK261,False,0,0.0,0.0,11,False,False,False
2349215,K23,HK231,True,6,16.0,16.0,2,False,False,True
2349215,K23,HK232,True,8,17.0,17.0,6,False,False,True
2349215,K23,HK241,True,5,16.0,16.0,8,False,False,True
2349215,K23,HK242,True,6,17.0,17.0,8,False,False,True
2349215,K23,HK251,True,6,18.0,18.0,9,False,False,True
2349215,K23,HK252,True,7,18.0,18.0,14,False,False,True
2349215,K23,HK261,False,0,0.0,0.0,15,False,False,False
2349257,K23,HK231,True,5,14.0,14.0,0,True,False,True
2349257,K23,HK232,True,7,15.0,15.0,4,True,False,True
2349257,K23,HK241,True,4,14.0,14.0,4,True,False,True
2349257,K23,HK242,True,6,18.0,18.0,6,True,False,True
2349408,K23,HK231,True,6,16.0,16.0,2,True,False,True
2349408,K23,HK232,True,8,17.0,17.0,5,True,False,True
2349408,K23,HK241,True,5,16.0,16.0,5,True,False,True
2349408,K23,HK242,True,6,17.0,17.0,6,True,False,True
2349408,K23,HK251,True,6,18.0,18.0,10,True,False,True
2349408,K23,HK252,True,7,18.0,18.0,13,True,False,True
2349408,K23,HK261,True,7,19.0,0.0,16,True,True,False
2349450,K23,HK231,True,6,16.0,16.0,2,False,False,True
2349450,K23,HK232,True,8,17.0,17.0,5,False,False,True
2349450,K23,HK241,True,5,16.0,16.0,7,False,False,True
2349450,K23,HK242,True,6,17.0,17.0,8,False,False,True
2349450,K23,HK251,True,6,18.0,18.0,12,False,False,True
2349450,K23,HK252,True,7,18.0,18.0,14,False,False,True
2349450,K23,HK261,False,0,0.0,0.0,18,False,False,False
2349601,K23,HK231,True,6,16.0,16.0,4,False,False,True
2349601,K23,HK232,True,8,17.0,17.0,7,False,False,True
2349601,K23,HK241,True,5,16.0,16.0,9,False,False,True
2349601,K23,HK242,True,6,17.0,17.0,10,False,False,True
2349601,K23,HK251,True,6,18.0,18.0,12,False,False,True
2349601,K23,HK252,True,7,18.0,18.0,16,False,False,True
2349601,K23,HK261,False,0,0.0,0.0,16,False,False,False
2349643,K23,HK231,True,6,16.0,16.0,1,True,False,True
2349643,K23,HK232,True,8,17.0,17.0,2,True,False,True
2349643,K23,HK241,True,5,16.0,16.0,3,True,False,True
2349643,K23,HK242,True,6,17.0,17.0,6,True,False,True
2349643,K23,HK251,True,6,18.0,18.0,8,True,False,True
2349643,K23,HK252,True,7,18.0,18.0,8,True,False,True
2349643,K23,HK261,True,6,17.0,0.0,8,True,False,False
2349794,K23,HK231,True,6,16.0,16.0,3,False,False,True
2349794,K23,HK232,True,8,17.0,17.0,4,False,False,True
2349794,K23,HK241,True,5,16.0,16.0,5,False,False,True
2349794,K23,HK242,True,6,17.0,17.0,7,False,False,True
2349794,K23,HK251,True,6,18.0,18.0,8,False,False,True
2349794,K23,HK252,True,7,18.0,18.0,12,False,False,True
2349794,K23,HK261,False,0,0.0,0.0,14,False,False,False
2349836,K23,HK231,True,5,14.0,14.0,0,False,False,True
2349836,K23,HK232,True,7,15.0,15.0,2,False,False,True
2349836,K23,HK241,True,4,14.0,14.0,2,False,False,True
2349836,K23,HK242,True,6,18.0,18.0,5,False,False,True
2349836,K23,HK251,True,6,18.0,18.0,7,False,False,True
2349836,K23,HK252,True,7,18.0,18.0,8,False,False,True
2349836,K23,HK261,True,6,17.0,0.0,11,False,False,False
2349987,K23,HK231,True,6,16.0,16.0,1,False,False,True
2349987,K23,HK232,True,8,17.0,17.0,2,False,False,True
2349987,K23,HK241,True,5,16.0,16.0,5,False,False,True
2349987,K23,HK242,True,6,17.0,17.0,5,False,False,True
2349987,K23,HK251,True,6,18.0,18.0,6,False,False,True
2349987,K23,HK252,True,7,18.0,18.0,7,False,False,True
2349987,K23,HK261,False,0,0.0,0.0,7,False,False,False
2350029,K23,HK231,True,6,16.0,16.0,1,False,False,True
2350029,K23,HK232,True,8,17.0,17.0,1,False,False,True
2350029,K23,HK241,True,5,16.0,16.0,2,False,False,True
2350029,K23,HK242,True,6,17.0,17.0,4,False,False,True
2350029,K23,HK251,True,6,18.0,18.0,6,False,False,True
2350029,K23,HK252,True,7,18.0,18.0,6,False,False,True
2350029,K23,HK261,True,6,17.0,0.0,7,False,False,False
2350222,K23,HK231,True,6,16.0,16.0,3,False,False,True
2350222,K23,HK232,True,8,17.0,17.0,3,False,False,True
2350222,K23,HK241,True,5,16.0,16.0,3,False,False,True
2350222,K23,HK242,True,6,17.0,17.0,7,False,False,True
2350222,K23,HK251,True,6,18.0,18.0,7,False,False,True
2350222,K23,HK252,True,7,18.0,18.0,9,False,False,True
2350222,K23,HK261,False,0,0.0,0.0,14,False,False,False
2350415,K23,HK231,True,6,16.0,3.0,1,True,False,True
2350415,K23,HK232,True,10,21.0,3.0,1,True,False,True
2350608,K23,HK231,True,6,16.0,16.0,0,True,False,True
2350608,K23,HK232,True,8,17.0,17.0,4,True,False,True
2350608,K23,HK241,True,5,16.0,16.0,5,True,False,True
2350608,K23,HK242,True,6,17.0,17.0,6,True,False,True
2350608,K23,HK251,True,6,18.0,18.0,7,True,False,True
2350608,K23,HK252,True,7,18.0,18.0,8,True,False,True
2350801,K23,HK231,True,6,16.0,16.0,3,False,False,True
2350801,K23,HK232,True,8,17.0,17.0,4,False,False,True
2350801,K23,HK241,True,5,16.0,16.0,7,False,False,True
2350801,K23,HK242,True,6,17.0,17.0,7,False,False,True
2350801,K23,HK251,True,6,18.0,18.0,11,False,False,True
2350801,K23,HK252,True,7,18.0,18.0,13,False,False,True
2350801,K23,HK261,False,0,0.0,0.0,14,False,False,False
2350994,K23,HK231,True,6,16.0,16.0,4,False,False,True
2350994,K23,HK232,True,8,17.0,17.0,5,False,False,True
2350994,K23,HK241,True,5,16.0,16.0,9,False,False,True
2350994,K23,HK242,True,6,17.0,17.0,11,False,False,True
2350994,K23,HK251,True,6,18.0,18.0,12,False,False,True
2350994,K23,HK252,True,7,18.0,18.0,14,False,False,True
2350994,K23,HK261,True,6,17.0,0.0,15,False,False,False
2351187,K23,HK231,True,6,16.0,16.0,1,False,False,True
2351187,K23,HK232,True,8,17.0,17.0,2,False,False,True
2351187,K23,HK241,True,5,16.0,16.0,2,False,False,True
2351187,K23,HK242,True,6,17.0,17.0,3,False,False,True
2351187,K23,HK251,True,6,18.0,18.0,5,False,False,True
2351187,K23,HK252,True,7,18.0,17.0,6,False,False,True
2351187,K23,HK261,False,0,0.0,0.0,8,False,False,False
2351380,K23,HK231,True,5,14.0,14.0,3,False,False,True
2351380,K23,HK232,True,7,15.0,15.0,5,False,False,True
2351380,K23,HK241,True,4,14.0,14.0,6,False,False,True
2351380,K23,HK242,True,6,18.0,18.0,11,False,False,True
2351380,K23,HK251,True,6,18.0,18.0,13,False,False,True
2351380,K23,HK252,True,7,18.0,18.0,15,False,False,True
2351380,K23,HK261,False,0,0.0,0.0,17,False,False,False
2351573,K23,HK231,True,6,16.0,16.0,1,False,False,True
2351573,K23,HK232,True,8,17.0,17.0,5,False,False,True
2351573,K23,HK241,True,5,16.0,16.0,5,False,False,True
2351573,K23,HK242,True,6,17.0,17.0,6,False,False,True
2351573,K23,HK251,True,6,18.0,18.0,10,False,False,True
2351573,K23,HK252,True,7,18.0,18.0,14,False,False,True
2351573,K23,HK261,False,0,0.0,0.0,16,False,False,False
2351766,K23,HK231,True,6,16.0,16.0,1,False,False,True
2351766,K23,HK232,True,8,17.0,17.0,2,False,False,True
2351766,K23,HK241,True,5,16.0,16.0,5,False,False,True
2351766,K23,HK242,True,6,17.0,17.0,5,False,False,True
2351766,K23,HK251,True,6,18.0,18.0,6,False,False,True
2351766,K23,HK252,True,7,18.0,18.0,6,False,False,True
2351766,K23,HK261,False,0,0.0,0.0,8,False,False,False
2351959,K23,HK231,True,6,16.0,16.0,1,False,False,True
2351959,K23,HK232,True,8,17.0,17.0,2,False,False,True
2351959,K23,HK241,True,5,16.0,16.0,7,False,False,True
2351959,K23,HK242,True,6,17.0,17.0,7,False,False,True
2351959,K23,HK251,True,6,18.0,18.0,8,False,False,True
2351959,K23,HK252,True,7,18.0,18.0,8,False,False,True
2351959,K23,HK261,False,0,0.0,0.0,12,False,False,False
2352152,K23,HK231,True,5,14.0,14.0,2,False,False,True
2352152,K23,HK232,True,7,15.0,15.0,4,False,False,True
2352152,K23,HK241,True,4,14.0,14.0,6,False,False,True
2352152,K23,HK242,True,6,18.0,18.0,8,False,False,True
2352152,K23,HK251,True,6,18.0,18.0,9,False,False,True
2352152,K23,HK252,True,7,18.0,18.0,11,False,False,True
2352152,K23,HK261,False,0,0.0,0.0,11,False,False,False
2352345,K23,HK231,True,5,14.0,14.0,2,False,False,True
2352345,K23,HK232,True,7,15.0,15.0,2,False,False,True
2352345,K23,HK241,True,4,14.0,14.0,4,False,False,True
2352345,K23,HK242,True,6,18.0,18.0,6,False,False,True
2352345,K23,HK251,True,6,18.0,18.0,8,False,False,True
2352345,K23,HK252,True,7,18.0,18.0,11,False,False,True
2352345,K23,HK261,False,0,0.0,0.0,13,False,False,False
2352387,K23,HK231,True,5,14.0,14.0,0,False,False,True
2352387,K23,HK232,True,7,15.0,15.0,1,False,False,True
2352387,K23,HK241,True,4,14.0,14.0,1,False,False,True
2352387,K23,HK242,True,6,18.0,18.0,3,False,False,True
2352387,K23,HK251,True,6,18.0,18.0,3,False,False,True
2352387,K23,HK252,True,7,18.0,18.0,3,False,False,True
2352387,K23,HK261,False,0,0.0,0.0,4,False,False,False
2352538,K23,HK231,True,6,16.0,16.0,2,False,False,True
2352538,K23,HK232,True,8,17.0,17.0,4,False,False,True
2352538,K23,HK241,True,5,16.0,16.0,6,False,False,True
2352538,K23,HK242,True,6,17.0,17.0,6,False,False,True
2352538,K23,HK251,True,6,18.0,18.0,6,False,False,True
2352538,K23,HK252,True,7,18.0,18.0,8,False,False,True
2352538,K23,HK261,False,0,0.0,0.0,9,False,False,False
2352580,K23,HK231,True,6,16.0,16.0,2,True,False,True
2352580,K23,HK232,True,8,17.0,16.0,5,True,False,True
2352580,K23,HK241,True,6,17.0,16.0,7,True,False,True
2352580,K23,HK242,True,7,18.0,18.0,8,True,False,True
2352580,K23,HK251,True,6,18.0,18.0,9,True,False,True
2352580,K23,HK252,True,7,18.0,18.0,13,True,False,True
2352580,K23,HK261,True,7,19.0,0.0,15,True,True,False
2352731,K23,HK231,True,5,14.0,14.0,2,False,False,True
2352731,K23,HK232,True,7,15.0,15.0,2,False,False,True
2352731,K23,HK241,True,4,14.0,14.0,2,False,False,True
2352731,K23,HK242,True,6,18.0,18.0,2,False,False,True
2352731,K23,HK251,True,6,18.0,18.0,5,False,False,True
2352731,K23,HK252,True,7,18.0,18.0,8,False,False,True
2352731,K23,HK261,False,0,0.0,0.0,9,False,False,False
2352773,K23,HK231,True,6,16.0,16.0,0,True,False,True
2352773,K23,HK232,True,8,17.0,17.0,1,True,False,True
2352773,K23,HK241,True,5,16.0,16.0,2,True,False,True
2352773,K23,HK242,True,6,17.0,17.0,5,True,False,True
2352773,K23,HK251,True,6,18.0,18.0,6,True,False,True
2352773,K23,HK252,True,7,18.0,18.0,9,True,False,True
2352773,K23,HK261,False,0,0.0,0.0,9,True,False,False
2352924,K23,HK231,True,5,14.0,14.0,1,True,False,True
2352924,K23,HK232,True,7,15.0,15.0,2,True,False,True
2352924,K23,HK241,True,4,14.0,14.0,4,True,False,True
2352924,K23,HK242,True,6,18.0,18.0,5,True,False,True
2352924,K23,HK251,True,6,18.0,18.0,5,True,False,True
2352924,K23,HK252,True,7,18.0,18.0,7,True,False,True
2352924,K23,HK261,False,0,0.0,0.0,8,True,False,False
2352966,K23,HK231,True,5,14.0,14.0,3,True,False,True
2352966,K23,HK232,True,7,15.0,15.0,6,True,False,True
2352966,K23,HK241,True,4,14.0,14.0,9,True,False,True
2352966,K23,HK242,True,6,18.0,18.0,10,True,False,True
2352966,K23,HK251,True,6,18.0,18.0,12,True,False,True
2352966,K23,HK252,True,7,18.0,18.0,15,True,True,True
2352966,K23,HK261,True,7,19.0,0.0,17,True,True,False
2353117,K23,HK231,True,5,14.0,14.0,1,True,False,True
2353117,K23,HK232,True,7,15.0,15.0,2,True,False,True
2353117,K23,HK241,True,4,14.0,14.0,3,True,False,True
2353117,K23,HK242,True,6,18.0,18.0,3,True,False,True
2353117,K23,HK251,True,6,18.0,18.0,5,True,False,True
2353117,K23,HK252,True,7,18.0,18.0,6,True,False,True
2353117,K23,HK261,False,0,0.0,0.0,7,True,False,False
2353159,K23,HK231,True,6,16.0,16.0,2,False,False,True
2353159,K23,HK232,True,8,17.0,17.0,5,False,False,True
2353159,K23,HK241,True,5,16.0,16.0,6,False,False,True
2353159,K23,HK242,True,6,17.0,17.0,8,False,False,True
2353159,K23,HK251,True,6,18.0,18.0,9,False,False,True
2353159,K23,HK252,True,7,18.0,18.0,11,False,False,True
2353159,K23,HK261,False,0,0.0,0.0,12,False,False,False
2353310,K23,HK231,True,6,16.0,16.0,0,True,False,True
2353310,K23,HK232,True,8,17.0,17.0,1,True,False,True
2353310,K23,HK241,True,5,16.0,16.0,2,True,False,True
2353310,K23,HK242,True,6,17.0,17.0,4,True,False,True
2353310,K23,HK251,True,6,18.0,18.0,5,True,False,True
2353310,K23,HK252,True,7,18.0,18.0,7,True,False,True
2353310,K23,HK261,False,0,0.0,0.0,9,True,False,False
2353352,K23,HK231,True,5,14.0,14.0,4,False,False,True
2353352,K23,HK232,True,7,15.0,15.0,4,False,False,True
2353352,K23,HK241,True,4,14.0,14.0,4,False,False,True
2353352,K23,HK242,True,6,18.0,18.0,6,False,False,True
2353352,K23,HK251,True,6,18.0,18.0,7,False,False,True
2353352,K23,HK252,True,7,18.0,18.0,8,False,False,True
2353352,K23,HK261,False,0,0.0,0.0,10,False,False,False
2353503,K23,HK231,True,5,14.0,14.0,0,True,False,True
2353503,K23,HK232,True,7,15.0,15.0,2,True,False,True
2353503,K23,HK241,True,4,14.0,14.0,2,True,False,True
2353503,K23,HK242,True,6,18.0,18.0,7,True,False,True
2353503,K23,HK251,True,6,18.0,18.0,8,True,False,True
2353503,K23,HK252,True,7,18.0,18.0,11,True,False,True
2353503,K23,HK261,False,0,0.0,0.0,12,True,False,False
2353545,K23,HK231,True,6,16.0,16.0,0,True,False,True
2353545,K23,HK232,True,8,17.0,15.0,0,True,False,True
2353545,K23,HK241,True,5,16.0,14.0,0,True,False,True
2353545,K23,HK242,True,6,17.0,12.0,1,True,False,True
2353545,K23,HK251,True,7,20.0,18.0,5,True,False,True
2353545,K23,HK252,True,7,17.0,17.0,6,True,False,True
2353545,K23,HK261,False,0,0.0,0.0,7,True,False,False
2353696,K23,HK231,True,5,14.0,14.0,2,True,False,True
2353696,K23,HK232,True,8,18.0,18.0,3,True,False,True
2353696,K23,HK241,True,6,21.0,21.0,5,True,False,True
2353696,K23,HK242,True,7,20.0,20.0,8,True,False,True
2353696,K23,HK251,True,6,18.0,18.0,8,True,False,True
2353696,K23,HK252,True,7,18.0,18.0,9,True,False,True
2353696,K23,HK261,False,0,0.0,0.0,12,True,False,False
2353738,K23,HK231,True,6,16.0,13.0,3,False,False,True
2353738,K23,HK232,True,9,20.0,17.0,9,False,False,True
2353738,K23,HK241,True,6,19.0,16.0,11,False,False,True
2353738,K23,HK242,True,6,17.0,17.0,14,False,False,True
2353738,K23,HK251,True,6,18.0,18.0,16,False,False,True
2353738,K23,HK252,True,7,18.0,18.0,18,False,False,True
2353738,K23,HK261,False,0,0.0,0.0,19,False,False,False
2353889,K23,HK231,True,6,16.0,16.0,1,False,False,True
2353889,K23,HK232,True,8,17.0,17.0,1,False,False,True
2353889,K23,HK241,True,5,16.0,16.0,3,False,False,True
2353889,K23,HK242,True,6,17.0,17.0,4,False,False,True
2353889,K23,HK251,True,6,18.0,18.0,5,False,False,True
2353889,K23,HK252,True,7,18.0,18.0,9,False,False,True
2353889,K23,HK261,False,0,0.0,0.0,10,False,False,False
2353931,K23,HK231,True,6,16.0,16.0,1,False,False,True
2353931,K23,HK232,True,8,17.0,15.0,4,False,False,True
2353931,K23,HK241,True,5,16.0,14.0,7,False,False,True
2353931,K23,HK242,True,6,17.0,17.0,7,False,False,True
2353931,K23,HK251,True,6,18.0,18.0,7,False,False,True
2353931,K23,HK252,True,7,18.0,18.0,7,False,False,True
2353931,K23,HK261,False,0,0.0,0.0,8,False,False,False
2354082,K23,HK231,True,5,14.0,14.0,2,True,False,True
2354082,K23,HK232,True,7,15.0,15.0,5,True,False,True
2354082,K23,HK241,True,4,14.0,14.0,9,True,False,True
2354082,K23,HK242,True,6,18.0,18.0,9,True,False,True
2354082,K23,HK251,True,6,18.0,18.0,10,True,False,True
2354082,K23,HK252,True,7,18.0,18.0,15,True,False,True
2354082,K23,HK261,True,7,19.0,0.0,16,True,True,False
2354124,K23,HK231,True,6,16.0,10.0,1,False,False,True
2354124,K23,HK232,True,10,21.0,6.0,4,False,False,True
2354275,K23,HK231,True,6,16.0,16.0,0,True,False,True
2354275,K23,HK232,True,8,17.0,17.0,1,True,False,True
2354275,K23,HK241,True,5,16.0,16.0,3,True,False,True
2354275,K23,HK242,True,6,17.0,17.0,3,True,False,True
2354275,K23,HK251,True,6,18.0,18.0,4,True,False,True
2354275,K23,HK252,True,7,18.0,18.0,5,True,False,True
2354275,K23,HK261,False,0,0.0,0.0,6,True,False,False
2354317,K23,HK231,True,6,16.0,16.0,1,True,False,True
2354317,K23,HK232,True,8,17.0,17.0,1,True,False,True
2354317,K23,HK241,True,5,16.0,16.0,3,True,False,True
2354317,K23,HK242,True,6,17.0,17.0,7,True,False,True
2354317,K23,HK251,True,6,18.0,18.0,7,True,False,True
2354317,K23,HK252,True,7,18.0,18.0,10,True,False,True
2354317,K23,HK261,False,0,0.0,0.0,11,True,False,False
2354468,K23,HK231,True,5,14.0,14.0,0,True,False,True
2354468,K23,HK232,True,7,15.0,15.0,1,True,False,True
2354468,K23,HK241,True,4,14.0,14.0,1,True,False,True
2354468,K23,HK242,True,6,18.0,18.0,1,True,False,True
2354468,K23,HK251,True,6,18.0,18.0,1,True,False,True
2354468,K23,HK252,True,7,18.0,18.0,1,True,False,True
2354468,K23,HK261,False,0,0.0,0.0,1,True,False,False
2354510,K23,HK231,True,5,14.0,14.0,4,True,False,True
2354510,K23,HK232,True,7,15.0,15.0,6,True,False,True
2354510,K23,HK241,True,4,14.0,14.0,8,True,False,True
2354510,K23,HK242,True,6,18.0,18.0,11,True,False,True
2354510,K23,HK251,True,6,18.0,18.0,15,True,False,True
2354510,K23,HK252,True,7,18.0,18.0,18,True,True,True
2354510,K23,HK261,True,7,19.0,0.0,22,True,True,False
2354661,K23,HK231,True,6,16.0,16.0,0,False,False,True
2354661,K23,HK232,True,8,17.0,17.0,1,False,False,True
2354661,K23,HK241,True,5,16.0,16.0,1,False,False,True
2354661,K23,HK242,True,6,17.0,17.0,4,False,False,True
2354661,K23,HK251,True,6,18.0,18.0,4,False,False,True
2354661,K23,HK252,True,7,18.0,18.0,7,False,False,True
2354661,K23,HK261,False,0,0.0,0.0,10,False,False,False
2354703,K23,HK231,True,5,14.0,14.0,0,True,False,True
2354703,K23,HK232,True,7,15.0,15.0,0,True,False,True
2354703,K23,HK241,True,4,14.0,14.0,0,True,False,True
2354703,K23,HK242,True,6,18.0,18.0,0,True,False,True
2354703,K23,HK251,True,6,18.0,18.0,2,True,False,True
2354703,K23,HK252,True,7,18.0,18.0,3,True,False,True
2354703,K23,HK261,False,0,0.0,0.0,3,True,False,False
2354854,K23,HK231,True,6,16.0,16.0,0,False,False,True
2354854,K23,HK232,True,8,17.0,17.0,1,False,False,True
2354854,K23,HK241,True,5,16.0,16.0,2,False,False,True
2354854,K23,HK242,True,6,17.0,17.0,2,False,False,True
2354854,K23,HK251,True,6,18.0,18.0,2,False,False,True
2354854,K23,HK252,True,7,18.0,18.0,4,False,False,True
2354854,K23,HK261,False,0,0.0,0.0,5,False,False,False
2354896,K23,HK231,True,6,16.0,16.0,3,False,False,True
2354896,K23,HK232,True,8,17.0,17.0,4,False,False,True
2354896,K23,HK241,True,5,16.0,16.0,5,False,False,True
2354896,K23,HK242,True,6,17.0,17.0,8,False,False,True
2354896,K23,HK251,True,6,18.0,18.0,11,False,False,True
2354896,K23,HK252,True,7,18.0,18.0,12,False,False,True
2354896,K23,HK261,False,0,0.0,0.0,15,False,False,False
2355047,K23,HK231,True,6,16.0,16.0,0,True,False,True
2355047,K23,HK232,True,8,17.0,17.0,1,True,False,True
2355047,K23,HK241,True,5,16.0,16.0,2,True,False,True
2355047,K23,HK242,True,6,17.0,17.0,3,True,False,True
2355047,K23,HK251,True,6,18.0,18.0,4,True,False,True
2355047,K23,HK252,True,7,18.0,18.0,4,True,False,True
2355047,K23,HK261,True,6,17.0,0.0,7,True,False,False
2355089,K23,HK231,True,5,14.0,14.0,1,True,False,True
2355089,K23,HK232,True,7,15.0,15.0,4,True,False,True
2355089,K23,HK241,True,4,14.0,14.0,7,True,False,True
2355089,K23,HK242,True,6,18.0,18.0,8,True,False,True
2355089,K23,HK251,True,6,18.0,18.0,13,True,False,True
2355089,K23,HK252,True,7,18.0,18.0,15,True,True,True
2355089,K23,HK261,True,7,19.0,0.0,17,True,True,False
2355240,K23,HK231,True,5,14.0,14.0,1,False,False,True
2355240,K23,HK232,True,7,15.0,15.0,1,False,False,True
2355240,K23,HK241,True,4,14.0,14.0,3,False,False,True
2355240,K23,HK242,True,6,18.0,18.0,3,False,False,True
2355240,K23,HK251,True,6,18.0,18.0,3,False,False,True
2355240,K23,HK252,True,7,18.0,18.0,5,False,False,True
2355240,K23,HK261,False,0,0.0,0.0,6,False,False,False
2355282,K23,HK231,True,5,14.0,14.0,2,False,False,True
2355282,K23,HK232,True,7,15.0,15.0,5,False,False,True
2355282,K23,HK241,True,4,14.0,14.0,5,False,False,True
2355282,K23,HK242,True,6,18.0,18.0,7,False,False,True
2355282,K23,HK251,True,6,18.0,18.0,8,False,False,True
2355282,K23,HK252,True,7,18.0,18.0,8,False,False,True
2355282,K23,HK261,False,0,0.0,0.0,10,False,False,False
2355475,K23,HK231,True,6,16.0,16.0,1,True,False,True
2355475,K23,HK232,True,8,17.0,17.0,2,True,False,True
2355475,K23,HK241,True,5,16.0,16.0,3,True,False,True
2355475,K23,HK242,True,6,17.0,17.0,4,True,False,True
2355475,K23,HK251,True,6,18.0,18.0,5,True,False,True
2355475,K23,HK252,True,7,18.0,18.0,5,True,False,True
2355475,K23,HK261,False,0,0.0,0.0,5,True,False,False
2355668,K23,HK231,True,6,16.0,16.0,1,True,False,True
2355668,K23,HK232,True,8,17.0,17.0,2,True,False,True
2355668,K23,HK241,True,5,16.0,16.0,3,True,False,True
2355668,K23,HK242,True,6,17.0,17.0,5,True,False,True
2355668,K23,HK251,True,6,18.0,18.0,6,True,False,True
2355668,K23,HK252,True,7,18.0,18.0,11,True,False,True
2355668,K23,HK261,False,0,0.0,0.0,14,True,False,False
2355861,K23,HK231,True,5,14.0,14.0,3,True,False,True
2355861,K23,HK232,True,7,15.0,15.0,5,True,False,True
2355861,K23,HK241,True,4,14.0,14.0,8,True,False,True
2355861,K23,HK242,True,6,18.0,18.0,9,True,False,True
2355861,K23,HK251,True,6,18.0,18.0,11,True,False,True
2355861,K23,HK252,True,7,18.0,18.0,15,True,False,True
2355861,K23,HK261,True,7,19.0,0.0,16,True,True,False
2356054,K23,HK231,True,5,14.0,14.0,2,True,False,True
2356054,K23,HK232,True,7,15.0,15.0,3,True,False,True
2356054,K23,HK241,True,4,14.0,14.0,6,True,False,True
2356054,K23,HK242,True,6,18.0,18.0,7,True,False,True
2356054,K23,HK251,True,6,18.0,18.0,9,True,False,True
2356054,K23,HK252,True,7,18.0,18.0,10,True,False,True
2356054,K23,HK261,False,0,0.0,0.0,12,True,False,False
2356247,K23,HK231,True,5,14.0,14.0,1,True,False,True
2356247,K23,HK232,True,7,15.0,15.0,3,True,False,True
2356247,K23,HK241,True,4,14.0,14.0,4,True,False,True
2356247,K23,HK242,True,6,18.0,18.0,7,True,False,True
2356247,K23,HK251,True,6,18.0,18.0,8,True,False,True
2356247,K23,HK252,True,7,18.0,18.0,12,True,False,True
2356247,K23,HK261,True,7,19.0,0.0,13,True,True,False
2356440,K23,HK231,True,6,16.0,16.0,4,False,False,True
2356440,K23,HK232,True,8,17.0,17.0,6,False,False,True
2356440,K23,HK241,True,5,16.0,16.0,7,False,False,True
2356440,K23,HK242,True,6,17.0,17.0,7,False,False,True
2356440,K23,HK251,True,6,18.0,18.0,8,False,False,True
2356440,K23,HK252,True,7,18.0,18.0,13,False,False,True
2356440,K23,HK261,False,0,0.0,0.0,17,False,False,False
2356633,K23,HK231,True,5,14.0,14.0,2,False,False,True
2356633,K23,HK232,True,7,15.0,15.0,5,False,False,True
2356633,K23,HK241,True,4,14.0,14.0,6,False,False,True
2356633,K23,HK242,True,6,18.0,18.0,8,False,False,True
2356633,K23,HK251,True,6,18.0,18.0,9,False,False,True
2356633,K23,HK252,True,7,18.0,18.0,11,False,False,True
2356633,K23,HK261,False,0,0.0,0.0,13,False,False,False
2356826,K23,HK231,True,6,16.0,16.0,0,True,False,True
2356826,K23,HK232,True,8,17.0,17.0,0,True,False,True
2356826,K23,HK241,True,5,16.0,16.0,1,True,False,True
2356826,K23,HK242,True,6,17.0,17.0,2,True,False,True
2356826,K23,HK251,True,6,18.0,18.0,5,True,False,True
2356826,K23,HK252,True,7,18.0,18.0,7,True,False,True
2356826,K23,HK261,False,0,0.0,0.0,9,True,False,False
2357019,K23,HK231,True,6,16.0,16.0,0,True,False,True
2357019,K23,HK232,True,8,17.0,17.0,2,True,False,True
2357212,K23,HK231,True,6,16.0,16.0,3,True,False,True
2357212,K23,HK232,True,8,17.0,17.0,5,True,False,True
2357212,K23,HK241,True,5,16.0,16.0,6,True,False,True
2357212,K23,HK242,True,6,17.0,17.0,8,True,False,True
2357212,K23,HK251,True,6,18.0,18.0,10,True,False,True
2357212,K23,HK252,True,7,18.0,18.0,12,True,False,True
2357212,K23,HK261,True,7,19.0,0.0,14,True,True,False
2357405,K23,HK231,True,5,14.0,14.0,1,True,False,True
2357405,K23,HK232,True,8,18.0,18.0,7,True,False,True
2357405,K23,HK241,True,6,21.0,21.0,7,True,False,True
2357405,K23,HK242,True,7,20.0,20.0,10,True,False,True
2357405,K23,HK251,True,6,18.0,18.0,15,True,False,True
2357405,K23,HK252,True,7,18.0,18.0,17,True,True,True
2357405,K23,HK261,True,7,19.0,0.0,20,True,True,False
2357598,K23,HK231,True,5,14.0,14.0,1,False,False,True
2357598,K23,HK232,True,7,15.0,15.0,4,False,False,True
2357598,K23,HK241,True,4,14.0,14.0,4,False,False,True
2357598,K23,HK242,True,6,18.0,18.0,6,False,False,True
2357598,K23,HK251,True,6,18.0,18.0,8,False,False,True
2357598,K23,HK252,True,7,18.0,18.0,13,False,False,True
2357598,K23,HK261,True,6,17.0,0.0,18,False,False,False
2357640,K23,HK231,True,5,14.0,14.0,0,True,False,True
2357640,K23,HK232,True,7,15.0,15.0,1,True,False,True
2357640,K23,HK241,True,4,14.0,14.0,4,True,False,True
2357640,K23,HK242,True,6,18.0,18.0,6,True,False,True
2357640,K23,HK251,True,6,18.0,18.0,8,True,False,True
2357640,K23,HK252,True,7,18.0,18.0,9,True,False,True
2357640,K23,HK261,False,0,0.0,0.0,10,True,False,False
2357791,K23,HK231,True,6,16.0,16.0,1,False,False,True
2357791,K23,HK232,True,8,17.0,17.0,4,False,False,True
2357791,K23,HK241,True,5,16.0,16.0,5,False,False,True
2357791,K23,HK242,True,6,17.0,17.0,6,False,False,True
2357791,K23,HK251,True,6,18.0,18.0,6,False,False,True
2357791,K23,HK252,True,7,18.0,18.0,7,False,False,True
2357791,K23,HK261,False,0,0.0,0.0,8,False,False,False
2357833,K23,HK231,True,6,16.0,16.0,1,False,False,True
2357833,K23,HK232,True,8,17.0,17.0,2,False,False,True
2357833,K23,HK241,True,5,16.0,16.0,2,False,False,True
2357833,K23,HK242,True,6,17.0,17.0,3,False,False,True
2357833,K23,HK251,True,6,18.0,18.0,4,False,False,True
2357833,K23,HK252,True,7,18.0,18.0,4,False,False,True
2357833,K23,HK261,False,0,0.0,0.0,7,False,False,False
2357984,K23,HK231,True,5,14.0,14.0,3,True,False,True
2357984,K23,HK232,True,7,15.0,15.0,4,True,False,True
2357984,K23,HK241,True,4,14.0,14.0,4,True,False,True
2357984,K23,HK242,True,6,18.0,18.0,6,True,False,True
2357984,K23,HK251,True,6,18.0,18.0,9,True,False,True
2357984,K23,HK252,True,7,18.0,18.0,12,True,False,True
2357984,K23,HK261,True,7,19.0,0.0,15,True,True,False
2358026,K23,HK231,True,6,16.0,16.0,0,True,False,True
2358026,K23,HK232,True,8,17.0,17.0,0,True,False,True
2358026,K23,HK241,True,5,16.0,16.0,0,True,False,True
2358026,K23,HK242,True,6,17.0,17.0,3,True,False,True
2358026,K23,HK251,True,6,18.0,18.0,4,True,False,True
2358026,K23,HK252,True,7,18.0,18.0,5,True,False,True
2358026,K23,HK261,True,6,17.0,0.0,5,True,False,False
2358177,K23,HK231,True,5,14.0,14.0,0,True,False,True
2358177,K23,HK232,True,7,15.0,15.0,2,True,False,True
2358177,K23,HK241,True,4,14.0,14.0,3,True,False,True
2358177,K23,HK242,True,6,18.0,18.0,4,True,False,True
2358177,K23,HK251,True,6,18.0,18.0,5,True,False,True
2358177,K23,HK252,True,7,18.0,18.0,9,True,False,True
2358177,K23,HK261,False,0,0.0,0.0,10,True,False,False
2358219,K23,HK231,True,5,14.0,14.0,3,True,False,True
2358219,K23,HK232,True,7,15.0,15.0,5,True,False,True
2358219,K23,HK241,True,4,14.0,14.0,8,True,False,True
2358219,K23,HK242,True,6,18.0,18.0,9,True,False,True
2358219,K23,HK251,True,6,18.0,18.0,10,True,False,True
2358219,K23,HK252,True,7,18.0,18.0,11,True,False,True
2358219,K23,HK261,False,0,0.0,0.0,13,True,False,False
2358370,K23,HK231,True,5,14.0,14.0,5,True,False,True
2358370,K23,HK232,True,7,15.0,15.0,10,True,False,True
2358370,K23,HK241,True,4,14.0,14.0,10,True,False,True
2358370,K23,HK242,True,6,18.0,18.0,11,True,False,True
2358370,K23,HK251,True,6,18.0,18.0,12,True,False,True
2358370,K23,HK252,True,7,18.0,18.0,12,True,True,True
2358370,K23,HK261,True,7,19.0,0.0,13,True,True,False
2358412,K23,HK231,True,6,16.0,14.0,1,False,False,True
2358412,K23,HK232,True,8,17.0,14.0,3,False,False,True
2358412,K23,HK241,True,6,17.0,14.0,7,False,False,True
2358412,K23,HK242,True,7,18.0,17.0,8,False,False,True
2358412,K23,HK251,True,6,16.0,13.0,9,False,False,True
2358412,K23,HK252,True,7,18.0,15.0,11,False,False,True
2358412,K23,HK261,False,0,0.0,0.0,14,False,False,False
2358563,K23,HK231,True,5,14.0,14.0,5,False,False,True
2358563,K23,HK232,True,7,15.0,15.0,6,False,False,True
2358563,K23,HK241,True,4,14.0,14.0,8,False,False,True
2358563,K23,HK242,True,6,18.0,18.0,11,False,False,True
2358563,K23,HK251,True,6,18.0,18.0,17,False,False,True
2358563,K23,HK252,True,7,18.0,18.0,18,False,False,True
2358563,K23,HK261,False,0,0.0,0.0,21,False,False,False
2358605,K23,HK231,True,6,16.0,16.0,3,True,False,True
2358605,K23,HK232,True,8,17.0,17.0,6,True,False,True
2358605,K23,HK241,True,5,16.0,16.0,9,True,False,True
2358605,K23,HK242,True,6,17.0,17.0,9,True,False,True
2358605,K23,HK251,True,6,18.0,18.0,11,True,False,True
2358605,K23,HK252,True,7,18.0,18.0,12,True,False,True
2358605,K23,HK261,True,7,19.0,0.0,15,True,True,False
2358756,K23,HK231,True,5,14.0,14.0,6,True,False,True
2358756,K23,HK232,True,7,15.0,15.0,7,True,False,True
2358756,K23,HK241,True,4,14.0,14.0,10,True,False,True
2358756,K23,HK242,True,6,18.0,18.0,13,True,False,True
2358756,K23,HK251,True,6,18.0,18.0,17,True,True,True
2358756,K23,HK252,True,7,18.0,18.0,20,True,True,True
2358756,K23,HK261,True,7,19.0,0.0,24,True,True,False
2358798,K23,HK231,True,6,16.0,16.0,0,False,False,True
2358798,K23,HK232,True,8,17.0,17.0,3,False,False,True
2358798,K23,HK241,True,5,16.0,16.0,5,False,False,True
2358798,K23,HK242,True,6,17.0,17.0,6,False,False,True
2358798,K23,HK251,True,6,18.0,18.0,7,False,False,True
2358798,K23,HK252,True,7,18.0,18.0,7,False,False,True
2358798,K23,HK261,False,0,0.0,0.0,10,False,False,False
2358949,K23,HK231,True,6,16.0,16.0,2,False,False,True
2358949,K23,HK232,True,8,17.0,17.0,6,False,False,True
2358949,K23,HK241,True,5,16.0,16.0,7,False,False,True
2358949,K23,HK242,True,6,17.0,17.0,8,False,False,True
2358949,K23,HK251,True,6,18.0,18.0,11,False,False,True
2358949,K23,HK252,True,7,18.0,18.0,14,False,False,True
2358991,K23,HK231,True,5,14.0,14.0,2,True,False,True
2358991,K23,HK232,True,7,15.0,15.0,2,True,False,True
2358991,K23,HK241,True,4,14.0,14.0,4,True,False,True
2358991,K23,HK242,True,6,18.0,18.0,8,True,False,True
2358991,K23,HK251,True,6,18.0,18.0,9,True,False,True
2358991,K23,HK252,True,7,18.0,18.0,11,True,False,True
2358991,K23,HK261,False,0,0.0,0.0,11,True,False,False
2359142,K23,HK231,True,6,16.0,16.0,2,True,False,True
2359142,K23,HK232,True,8,17.0,17.0,2,True,False,True
2359142,K23,HK241,True,5,16.0,16.0,5,True,False,True
2359142,K23,HK242,True,6,17.0,17.0,7,True,False,True
2359142,K23,HK251,True,6,18.0,18.0,7,True,False,True
2359142,K23,HK252,True,7,18.0,18.0,12,True,False,True
2359142,K23,HK261,True,7,19.0,0.0,14,True,True,False
2359184,K23,HK231,True,6,16.0,16.0,2,False,False,True
2359184,K23,HK232,True,8,17.0,17.0,5,False,False,True
2359184,K23,HK241,True,5,16.0,16.0,7,False,False,True
2359184,K23,HK242,True,6,17.0,17.0,8,False,False,True
2359184,K23,HK251,True,6,18.0,18.0,10,False,False,True
2359184,K23,HK252,True,7,18.0,18.0,10,False,False,True
2359184,K23,HK261,True,6,17.0,0.0,11,False,False,False
2359335,K23,HK231,True,6,16.0,16.0,4,False,False,True
2359335,K23,HK232,True,8,17.0,17.0,5,False,False,True
2359335,K23,HK241,True,5,16.0,16.0,6,False,False,True
2359335,K23,HK242,True,6,17.0,17.0,9,False,False,True
2359335,K23,HK251,True,6,18.0,18.0,9,False,False,True
2359335,K23,HK252,True,7,18.0,18.0,11,False,False,True
2359335,K23,HK261,False,0,0.0,0.0,13,False,False,False
2359377,K23,HK231,True,6,16.0,16.0,1,False,False,True
2359377,K23,HK232,True,8,17.0,17.0,2,False,False,True
2359377,K23,HK241,True,5,16.0,16.0,5,False,False,True
2359377,K23,HK242,True,6,17.0,17.0,8,False,False,True
2359377,K23,HK251,True,6,18.0,18.0,9,False,False,True
2359377,K23,HK252,True,7,18.0,18.0,12,False,False,True
2359377,K23,HK261,False,0,0.0,0.0,14,False,False,False
2359528,K23,HK231,True,6,16.0,16.0,1,False,False,True
2359528,K23,HK232,True,8,17.0,17.0,3,False,False,True
2359528,K23,HK241,True,5,16.0,16.0,4,False,False,True
2359528,K23,HK242,True,6,17.0,17.0,4,False,False,True
2359528,K23,HK251,True,6,18.0,18.0,5,False,False,True
2359528,K23,HK252,True,7,18.0,18.0,6,False,False,True
2359528,K23,HK261,False,0,0.0,0.0,7,False,False,False
2359570,K23,HK231,True,6,16.0,16.0,1,False,False,True
2359570,K23,HK232,True,8,17.0,17.0,2,False,False,True
2359570,K23,HK241,True,5,16.0,16.0,2,False,False,True
2359570,K23,HK242,True,6,17.0,17.0,6,False,False,True
2359570,K23,HK251,True,6,18.0,18.0,8,False,False,True
2359570,K23,HK252,True,7,18.0,18.0,9,False,False,True
2359570,K23,HK261,False,0,0.0,0.0,11,False,False,False
2359721,K23,HK231,True,6,16.0,16.0,1,False,False,True
2359721,K23,HK232,True,8,17.0,17.0,2,False,False,True
2359721,K23,HK241,True,5,16.0,16.0,6,False,False,True
2359721,K23,HK242,True,6,17.0,17.0,12,False,False,True
2359721,K23,HK251,True,6,18.0,18.0,15,False,False,True
2359721,K23,HK252,True,7,18.0,18.0,16,False,False,True
2359721,K23,HK261,False,0,0.0,0.0,17,False,False,False
2359763,K23,HK231,True,6,16.0,16.0,4,True,False,True
2359763,K23,HK232,True,8,17.0,17.0,6,True,False,True
2359763,K23,HK241,True,5,16.0,16.0,10,True,False,True
2359763,K23,HK242,True,6,17.0,17.0,15,True,False,True
2359763,K23,HK251,True,6,18.0,18.0,17,True,True,True
2359763,K23,HK252,True,7,18.0,18.0,19,True,True,True
2359763,K23,HK261,True,7,19.0,0.0,19,True,True,False
2359914,K23,HK231,True,6,16.0,16.0,1,False,False,True
2359914,K23,HK232,True,8,17.0,17.0,3,False,False,True
2359914,K23,HK241,True,5,16.0,16.0,6,False,False,True
2359914,K23,HK242,True,6,17.0,17.0,8,False,False,True
2359914,K23,HK251,True,6,18.0,18.0,11,False,False,True
2359914,K23,HK252,True,7,18.0,18.0,11,False,False,True
2359914,K23,HK261,True,6,17.0,0.0,14,False,False,False
2359956,K23,HK231,True,6,16.0,16.0,3,True,False,True
2359956,K23,HK232,True,8,17.0,17.0,4,True,False,True
2359956,K23,HK241,True,5,16.0,16.0,6,True,False,True
2359956,K23,HK242,True,6,17.0,17.0,8,True,False,True
2359956,K23,HK251,True,6,18.0,18.0,10,True,False,True
2359956,K23,HK252,True,7,18.0,18.0,12,True,False,True
2359956,K23,HK261,True,7,19.0,0.0,14,True,True,False
2360107,K23,HK231,True,6,16.0,16.0,3,False,False,True
2360107,K23,HK232,True,8,17.0,17.0,5,False,False,True
2360107,K23,HK241,True,5,16.0,16.0,5,False,False,True
2360107,K23,HK242,True,6,17.0,17.0,5,False,False,True
2360107,K23,HK251,True,6,18.0,18.0,9,False,False,True
2360107,K23,HK252,True,7,18.0,18.0,12,False,False,True
2360107,K23,HK261,False,0,0.0,0.0,16,False,False,False
2360149,K23,HK231,True,6,16.0,16.0,1,True,False,True
2360149,K23,HK232,True,8,17.0,17.0,4,True,False,True
2360149,K23,HK241,True,5,16.0,16.0,9,True,False,True
2360149,K23,HK242,True,6,17.0,17.0,10,True,False,True
2360149,K23,HK251,True,6,18.0,18.0,13,True,False,True
2360149,K23,HK252,True,7,18.0,18.0,14,True,True,True
2360149,K23,HK261,True,7,19.0,0.0,16,True,True,False
2360300,K23,HK231,True,6,16.0,16.0,2,True,False,True
2360300,K23,HK232,True,8,17.0,17.0,3,True,False,True
2360300,K23,HK241,True,5,16.0,16.0,7,True,False,True
2360300,K23,HK242,True,6,17.0,17.0,9,True,False,True
2360300,K23,HK251,True,6,18.0,18.0,14,True,False,True
2360300,K23,HK252,True,7,18.0,18.0,17,True,True,True
2360300,K23,HK261,True,7,19.0,0.0,17,True,True,False
2360342,K23,HK231,True,6,16.0,16.0,1,False,False,True
2360342,K23,HK232,True,8,17.0,16.0,2,False,False,True
2360342,K23,HK241,True,6,17.0,16.0,4,False,False,True
2360342,K23,HK242,True,7,18.0,18.0,5,False,False,True
2360342,K23,HK251,True,6,18.0,18.0,6,False,False,True
2360342,K23,HK252,True,7,18.0,18.0,8,False,False,True
2360342,K23,HK261,False,0,0.0,0.0,9,False,False,False
2360493,K23,HK231,True,5,14.0,14.0,2,True,False,True
2360493,K23,HK232,True,7,15.0,15.0,2,True,False,True
2360493,K23,HK241,True,4,14.0,14.0,2,True,False,True
2360493,K23,HK242,True,6,18.0,18.0,3,True,False,True
2360493,K23,HK251,True,6,18.0,18.0,5,True,False,True
2360493,K23,HK252,True,7,18.0,18.0,10,True,False,True
2360493,K23,HK261,False,0,0.0,0.0,11,True,False,False
2360535,K23,HK231,True,5,14.0,14.0,0,False,False,True
2360535,K23,HK232,True,7,15.0,15.0,1,False,False,True
2360535,K23,HK241,True,4,14.0,14.0,1,False,False,True
2360535,K23,HK242,True,6,18.0,18.0,1,False,False,True
2360535,K23,HK251,True,6,18.0,18.0,2,False,False,True
2360535,K23,HK252,True,7,18.0,18.0,3,False,False,True
2360535,K23,HK261,False,0,0.0,0.0,4,False,False,False
2360728,K23,HK231,True,5,14.0,14.0,1,True,False,True
2360728,K23,HK232,True,7,15.0,15.0,5,True,False,True
2360728,K23,HK241,True,4,14.0,14.0,7,True,False,True
2360728,K23,HK242,True,6,18.0,18.0,9,True,False,True
2360728,K23,HK251,True,6,18.0,18.0,10,True,False,True
2360728,K23,HK252,True,7,18.0,18.0,10,True,False,True
2360728,K23,HK261,True,6,17.0,0.0,12,True,False,False
2360921,K23,HK231,True,6,16.0,16.0,3,False,False,True
2360921,K23,HK232,True,8,17.0,17.0,3,False,False,True
2360921,K23,HK241,True,5,16.0,16.0,5,False,False,True
2360921,K23,HK242,True,6,17.0,17.0,8,False,False,True
2360921,K23,HK251,True,6,18.0,18.0,9,False,False,True
2360921,K23,HK252,True,7,18.0,18.0,12,False,False,True
2360921,K23,HK261,False,0,0.0,0.0,12,False,False,False
2361114,K23,HK231,True,6,16.0,16.0,1,True,False,True
2361114,K23,HK232,True,8,17.0,17.0,2,True,False,True
2361114,K23,HK241,True,5,16.0,16.0,5,True,False,True
2361114,K23,HK242,True,6,17.0,17.0,8,True,False,True
2361114,K23,HK251,True,6,18.0,18.0,8,True,False,True
2361114,K23,HK252,True,7,18.0,18.0,9,True,False,True
2361114,K23,HK261,False,0,0.0,0.0,11,True,False,False
2361307,K23,HK231,True,6,16.0,16.0,2,False,False,True
2361307,K23,HK232,True,8,17.0,17.0,4,False,False,True
2361307,K23,HK241,True,5,16.0,16.0,6,False,False,True
2361307,K23,HK242,True,6,17.0,17.0,8,False,False,True
2361307,K23,HK251,True,6,18.0,18.0,11,False,False,True
2361307,K23,HK252,True,7,18.0,18.0,15,False,False,True
2361307,K23,HK261,False,0,0.0,0.0,18,False,False,False
2361500,K23,HK231,True,6,16.0,11.0,2,True,False,True
2361500,K23,HK232,True,9,20.0,12.0,3,True,False,True
2361500,K23,HK241,True,7,22.0,14.0,6,True,False,True
2361500,K23,HK242,True,7,20.0,12.0,7,True,False,True
2361500,K23,HK251,True,7,20.0,9.0,12,True,False,True
2361500,K23,HK252,True,8,19.0,12.0,15,True,True,True
2361500,K23,HK261,True,8,20.0,0.0,18,True,True,False
2361693,K23,HK231,True,6,16.0,16.0,1,True,False,True
2361693,K23,HK232,True,8,17.0,17.0,2,True,False,True
2361693,K23,HK241,True,5,16.0,16.0,4,True,False,True
2361693,K23,HK242,True,6,17.0,17.0,5,True,False,True
2361693,K23,HK251,True,6,18.0,18.0,7,True,False,True
2361693,K23,HK252,True,7,18.0,18.0,9,True,False,True
2361693,K23,HK261,False,0,0.0,0.0,10,True,False,False
2361886,K23,HK231,True,5,14.0,14.0,1,False,False,True
2361886,K23,HK232,True,7,15.0,15.0,2,False,False,True
2361886,K23,HK241,True,4,14.0,14.0,2,False,False,True
2361886,K23,HK242,True,6,18.0,18.0,3,False,False,True
2361886,K23,HK251,True,6,18.0,18.0,5,False,False,True
2361886,K23,HK252,True,7,18.0,18.0,5,False,False,True
2361886,K23,HK261,False,0,0.0,0.0,11,False,False,False
2362079,K23,HK231,True,5,14.0,14.0,3,True,False,True
2362079,K23,HK232,True,7,15.0,15.0,4,True,False,True
2362079,K23,HK241,True,4,14.0,14.0,4,True,False,True
2362079,K23,HK242,True,6,18.0,18.0,7,True,False,True
2362079,K23,HK251,True,6,18.0,18.0,9,True,False,True
2362079,K23,HK252,True,7,18.0,18.0,10,True,False,True
2362079,K23,HK261,False,0,0.0,0.0,10,True,False,False
2362272,K23,HK231,True,6,16.0,16.0,6,True,False,True
2362272,K23,HK232,True,8,17.0,17.0,8,True,False,True
2362272,K23,HK241,True,5,16.0,16.0,9,True,False,True
2362272,K23,HK242,True,6,17.0,17.0,11,True,False,True
2362272,K23,HK251,True,6,18.0,18.0,12,True,False,True
2362272,K23,HK252,True,7,18.0,18.0,13,True,True,True
2362272,K23,HK261,True,7,19.0,0.0,13,True,True,False
2362465,K23,HK231,True,5,14.0,14.0,2,False,False,True
2362465,K23,HK232,True,7,15.0,15.0,3,False,False,True
2362465,K23,HK241,True,4,14.0,14.0,6,False,False,True
2362465,K23,HK242,True,6,18.0,18.0,9,False,False,True
2362465,K23,HK251,True,6,18.0,18.0,10,False,False,True
2362465,K23,HK252,True,7,18.0,18.0,12,False,False,True
2362465,K23,HK261,True,6,17.0,0.0,15,False,False,False
2362658,K23,HK231,True,5,14.0,14.0,1,True,False,True
2362658,K23,HK232,True,7,15.0,15.0,3,True,False,True
2362658,K23,HK241,True,4,14.0,14.0,7,True,False,True
2362658,K23,HK242,True,6,18.0,18.0,9,True,False,True
2362658,K23,HK251,True,6,18.0,18.0,12,True,False,True
2362658,K23,HK252,True,7,18.0,18.0,15,True,True,True
2362658,K23,HK261,True,7,19.0,0.0,18,True,True,False
2362851,K23,HK231,True,6,16.0,16.0,1,True,False,True
2362851,K23,HK232,True,8,17.0,17.0,2,True,False,True
2362851,K23,HK241,True,5,16.0,16.0,3,True,False,True
2362851,K23,HK242,True,6,17.0,17.0,4,True,False,True
2362851,K23,HK251,True,6,18.0,18.0,4,True,False,True
2362851,K23,HK252,True,7,18.0,18.0,6,True,False,True
2362851,K23,HK261,False,0,0.0,0.0,10,True,False,False
2362893,K23,HK231,True,6,16.0,14.0,1,True,False,True
2362893,K23,HK232,True,8,17.0,15.0,4,True,False,True
2362893,K23,HK241,True,5,16.0,14.0,5,True,False,True
2362893,K23,HK242,True,6,17.0,17.0,8,True,False,True
2362893,K23,HK251,True,6,18.0,18.0,11,True,False,True
2362893,K23,HK252,True,7,18.0,18.0,12,True,False,True
2362893,K23,HK261,True,7,19.0,0.0,14,True,True,False
2363044,K23,HK231,True,6,16.0,16.0,4,True,False,True
2363044,K23,HK232,True,8,17.0,17.0,4,True,False,True
2363044,K23,HK241,True,5,16.0,16.0,5,True,False,True
2363044,K23,HK242,True,6,17.0,17.0,6,True,False,True
2363044,K23,HK251,True,6,18.0,18.0,7,True,False,True
2363044,K23,HK252,True,7,18.0,18.0,10,True,False,True
2363044,K23,HK261,True,6,17.0,0.0,12,True,False,False
2363086,K23,HK231,True,5,14.0,14.0,0,True,False,True
2363086,K23,HK232,True,7,15.0,15.0,2,True,False,True
2363086,K23,HK241,True,4,14.0,14.0,5,True,False,True
2363086,K23,HK242,True,6,18.0,18.0,7,True,False,True
2363086,K23,HK251,True,6,18.0,18.0,8,True,False,True
2363086,K23,HK252,True,7,18.0,18.0,10,True,False,True
2363086,K23,HK261,True,6,17.0,0.0,11,True,False,False
2363237,K23,HK231,True,6,16.0,16.0,2,True,False,True
2363237,K23,HK232,True,8,17.0,17.0,3,True,False,True
2363237,K23,HK241,True,5,16.0,16.0,5,True,False,True
2363237,K23,HK242,True,6,17.0,17.0,7,True,False,True
2363237,K23,HK251,True,6,18.0,18.0,9,True,False,True
2363237,K23,HK252,True,7,18.0,18.0,9,True,False,True
2363237,K23,HK261,True,6,17.0,0.0,10,True,False,False
2363279,K23,HK231,True,5,14.0,14.0,2,True,False,True
2363279,K23,HK232,True,7,15.0,15.0,6,True,False,True
2363279,K23,HK241,True,4,14.0,14.0,7,True,False,True
2363279,K23,HK242,True,6,18.0,18.0,10,True,False,True
2363279,K23,HK251,True,6,18.0,18.0,11,True,False,True
2363279,K23,HK252,True,7,18.0,18.0,14,True,False,True
2363279,K23,HK261,True,7,19.0,0.0,16,True,True,False
2363430,K23,HK231,True,6,16.0,16.0,0,True,False,True
2363430,K23,HK232,True,8,17.0,17.0,0,True,False,True
2363430,K23,HK241,True,5,16.0,16.0,2,True,False,True
2363430,K23,HK242,True,6,17.0,17.0,4,True,False,True
2363430,K23,HK251,True,6,18.0,18.0,5,True,False,True
2363430,K23,HK252,True,7,18.0,18.0,5,True,False,True
2363430,K23,HK261,False,0,0.0,0.0,5,True,False,False
2363472,K23,HK231,True,6,16.0,16.0,1,False,False,True
2363472,K23,HK232,True,8,17.0,17.0,1,False,False,True
2363472,K23,HK241,True,5,16.0,16.0,2,False,False,True
2363472,K23,HK242,True,6,17.0,17.0,5,False,False,True
2363472,K23,HK251,True,6,18.0,18.0,5,False,False,True
2363472,K23,HK252,True,7,18.0,18.0,6,False,False,True
2363472,K23,HK261,False,0,0.0,0.0,9,False,False,False
2363623,K23,HK231,True,6,16.0,16.0,2,False,False,True
2363623,K23,HK232,True,8,17.0,17.0,3,False,False,True
2363623,K23,HK241,True,5,16.0,16.0,5,False,False,True
2363623,K23,HK242,True,6,17.0,17.0,6,False,False,True
2363623,K23,HK251,True,6,18.0,18.0,7,False,False,True
2363623,K23,HK252,True,7,18.0,18.0,7,False,False,True
2363623,K23,HK261,True,6,17.0,0.0,10,False,False,False
2363665,K23,HK231,True,6,16.0,16.0,0,True,False,True
2363665,K23,HK232,True,8,17.0,17.0,1,True,False,True
2363665,K23,HK241,True,5,16.0,16.0,4,True,False,True
2363665,K23,HK242,True,6,17.0,17.0,5,True,False,True
2363665,K23,HK251,True,6,18.0,18.0,5,True,False,True
2363665,K23,HK252,True,7,18.0,18.0,5,True,False,True
2363665,K23,HK261,False,0,0.0,0.0,5,True,False,False
2363816,K23,HK231,True,6,16.0,16.0,2,True,False,True
2363816,K23,HK232,True,8,17.0,17.0,3,True,False,True
2363816,K23,HK241,True,5,16.0,16.0,4,True,False,True
2363816,K23,HK242,True,6,17.0,17.0,5,True,False,True
2363816,K23,HK251,True,6,18.0,18.0,5,True,False,True
2363816,K23,HK252,True,7,18.0,18.0,8,True,False,True
2363816,K23,HK261,False,0,0.0,0.0,9,True,False,False
2363858,K23,HK231,True,6,16.0,16.0,3,False,False,True
2363858,K23,HK232,True,8,17.0,17.0,5,False,False,True
2363858,K23,HK241,True,5,16.0,16.0,6,False,False,True
2363858,K23,HK242,True,6,17.0,17.0,8,False,False,True
2363858,K23,HK251,True,6,18.0,18.0,9,False,False,True
2363858,K23,HK252,True,7,18.0,18.0,13,False,False,True
2363858,K23,HK261,False,0,0.0,0.0,16,False,False,False
2364009,K23,HK231,True,5,14.0,14.0,2,False,False,True
2364009,K23,HK232,True,7,15.0,15.0,3,False,False,True
2364009,K23,HK241,True,4,14.0,14.0,4,False,False,True
2364009,K23,HK242,True,6,18.0,18.0,5,False,False,True
2364009,K23,HK251,True,6,18.0,18.0,6,False,False,True
2364009,K23,HK252,True,7,18.0,18.0,8,False,False,True
2364009,K23,HK261,False,0,0.0,0.0,8,False,False,False
2364051,K23,HK231,True,6,16.0,16.0,3,False,False,True
2364051,K23,HK232,True,8,17.0,17.0,5,False,False,True
2364051,K23,HK241,True,5,16.0,16.0,7,False,False,True
2364051,K23,HK242,True,6,17.0,17.0,9,False,False,True
2364051,K23,HK251,True,6,18.0,18.0,11,False,False,True
2364051,K23,HK252,True,7,18.0,18.0,16,False,False,True
2364051,K23,HK261,False,0,0.0,0.0,21,False,False,False
2364202,K23,HK231,True,6,16.0,16.0,1,False,False,True
2364202,K23,HK232,True,8,17.0,17.0,3,False,False,True
2364202,K23,HK241,True,5,16.0,16.0,5,False,False,True
2364202,K23,HK242,True,6,17.0,17.0,8,False,False,True
2364202,K23,HK251,True,6,18.0,18.0,8,False,False,True
2364202,K23,HK252,True,7,18.0,18.0,10,False,False,True
2364202,K23,HK261,True,6,17.0,0.0,11,False,False,False
2364244,K23,HK231,True,6,16.0,16.0,3,False,False,True
2364244,K23,HK232,True,8,17.0,17.0,5,False,False,True
2364244,K23,HK241,True,5,16.0,16.0,9,False,False,True
2364244,K23,HK242,True,6,17.0,17.0,10,False,False,True
2364244,K23,HK251,True,6,18.0,18.0,12,False,False,True
2364244,K23,HK252,True,7,18.0,18.0,14,False,False,True
2364244,K23,HK261,False,0,0.0,0.0,14,False,False,False
2364395,K23,HK231,True,5,14.0,14.0,2,False,False,True
2364395,K23,HK232,True,7,15.0,15.0,2,False,False,True
2364395,K23,HK241,True,4,14.0,14.0,6,False,False,True
2364395,K23,HK242,True,6,18.0,18.0,11,False,False,True
2364395,K23,HK251,True,6,18.0,18.0,14,False,False,True
2364395,K23,HK252,True,7,18.0,18.0,17,False,False,True
2364395,K23,HK261,False,0,0.0,0.0,17,False,False,False
2364437,K23,HK231,True,5,14.0,14.0,5,True,False,True
2364437,K23,HK232,True,7,15.0,15.0,6,True,False,True
2364437,K23,HK241,True,4,14.0,14.0,7,True,False,True
2364437,K23,HK242,True,6,18.0,18.0,9,True,False,True
2364437,K23,HK251,True,6,18.0,18.0,14,True,False,True
2364437,K23,HK252,True,7,18.0,18.0,17,True,True,True
2364437,K23,HK261,True,7,19.0,0.0,20,True,True,False
2364588,K23,HK231,True,5,14.0,14.0,0,True,False,True
2364588,K23,HK232,True,8,18.0,18.0,1,True,False,True
2364588,K23,HK241,True,6,21.0,21.0,3,True,False,True
2364588,K23,HK242,True,7,20.0,20.0,4,True,False,True
2364588,K23,HK251,True,6,18.0,18.0,8,True,False,True
2364588,K23,HK252,True,7,18.0,18.0,12,True,False,True
2364588,K23,HK261,True,7,19.0,0.0,13,True,True,False
2364630,K23,HK231,True,5,14.0,14.0,1,True,False,True
2364630,K23,HK232,True,8,18.0,18.0,2,True,False,True
2364630,K23,HK241,True,6,21.0,21.0,2,True,False,True
2364630,K23,HK242,True,7,20.0,20.0,3,True,False,True
2364630,K23,HK251,True,6,18.0,18.0,4,True,False,True
2364630,K23,HK252,True,7,18.0,18.0,6,True,False,True
2364630,K23,HK261,False,0,0.0,0.0,7,True,False,False
2364781,K23,HK231,True,5,14.0,14.0,2,True,False,True
2364781,K23,HK232,True,7,15.0,15.0,6,True,False,True
2364781,K23,HK241,True,4,14.0,14.0,6,True,False,True
2364781,K23,HK242,True,6,18.0,18.0,8,True,False,True
2364781,K23,HK251,True,6,18.0,18.0,11,True,False,True
2364781,K23,HK252,True,7,18.0,18.0,16,True,False,True
2364781,K23,HK261,True,7,19.0,0.0,17,True,True,False
2364823,K23,HK231,True,5,14.0,14.0,1,False,False,True
2364823,K23,HK232,True,7,15.0,15.0,2,False,False,True
2364823,K23,HK241,True,4,14.0,14.0,2,False,False,True
2364823,K23,HK242,True,6,18.0,18.0,3,False,False,True
2364823,K23,HK251,True,6,18.0,18.0,6,False,False,True
2364823,K23,HK252,True,7,18.0,18.0,8,False,False,True
2364823,K23,HK261,False,0,0.0,0.0,10,False,False,False
2364974,K23,HK231,True,6,16.0,14.0,3,False,False,True
2364974,K23,HK232,True,8,17.0,15.0,6,False,False,True
2364974,K23,HK241,True,5,16.0,14.0,8,False,False,True
2364974,K23,HK242,True,6,17.0,17.0,8,False,False,True
2364974,K23,HK251,True,6,18.0,18.0,9,False,False,True
2364974,K23,HK252,True,7,18.0,18.0,11,False,False,True
2364974,K23,HK261,False,0,0.0,0.0,12,False,False,False
2365016,K23,HK231,True,5,14.0,14.0,5,False,False,True
2365016,K23,HK232,True,7,15.0,15.0,5,False,False,True
2365016,K23,HK241,True,4,14.0,14.0,10,False,False,True
2365016,K23,HK242,True,6,18.0,18.0,12,False,False,True
2365016,K23,HK251,True,6,18.0,18.0,14,False,False,True
2365016,K23,HK252,True,7,18.0,18.0,14,False,False,True
2365016,K23,HK261,True,6,17.0,0.0,15,False,False,False
2365167,K23,HK231,True,6,16.0,16.0,0,False,False,True
2365167,K23,HK232,True,8,17.0,17.0,0,False,False,True
2365167,K23,HK241,True,5,16.0,16.0,1,False,False,True
2365167,K23,HK242,True,6,17.0,17.0,3,False,False,True
2365167,K23,HK251,True,6,18.0,18.0,5,False,False,True
2365167,K23,HK252,True,7,18.0,18.0,9,False,False,True
2365167,K23,HK261,True,6,17.0,0.0,11,False,False,False
2365209,K23,HK231,True,6,16.0,16.0,3,True,False,True
2365209,K23,HK232,True,8,17.0,17.0,5,True,False,True
2365209,K23,HK241,True,5,16.0,16.0,6,True,False,True
2365209,K23,HK242,True,6,17.0,17.0,10,True,False,True
2365209,K23,HK251,True,6,18.0,18.0,11,True,False,True
2365209,K23,HK252,True,7,18.0,18.0,13,True,False,True
2365209,K23,HK261,True,7,19.0,0.0,13,True,True,False
2365360,K23,HK231,True,5,14.0,14.0,5,True,False,True
2365360,K23,HK232,True,7,15.0,15.0,8,True,False,True
2365360,K23,HK241,True,4,14.0,14.0,12,True,False,True
2365360,K23,HK242,True,6,18.0,18.0,16,True,True,True
2365360,K23,HK251,True,6,18.0,18.0,21,True,True,True
2365360,K23,HK252,True,7,18.0,18.0,22,True,True,True
2365360,K23,HK261,True,7,19.0,0.0,23,True,True,False
2365402,K23,HK231,True,6,16.0,4.0,3,False,False,True
2365402,K23,HK232,True,9,22.0,7.0,4,False,False,True
2365553,K23,HK231,True,6,16.0,16.0,1,False,False,True
2365553,K23,HK232,True,8,17.0,17.0,2,False,False,True
2365553,K23,HK241,True,5,16.0,16.0,4,False,False,True
2365553,K23,HK242,True,6,17.0,17.0,6,False,False,True
2365553,K23,HK251,True,6,18.0,18.0,7,False,False,True
2365553,K23,HK252,True,7,18.0,18.0,11,False,False,True
2365553,K23,HK261,False,0,0.0,0.0,16,False,False,False
2365595,K23,HK231,True,5,14.0,14.0,4,True,False,True
2365595,K23,HK232,True,7,15.0,15.0,6,True,False,True
2365595,K23,HK241,True,4,14.0,14.0,9,True,False,True
2365595,K23,HK242,True,6,18.0,18.0,11,True,False,True
2365595,K23,HK251,True,6,18.0,18.0,12,True,False,True
2365595,K23,HK252,True,7,18.0,18.0,16,True,True,True
2365595,K23,HK261,True,7,19.0,0.0,17,True,True,False
2365746,K23,HK231,True,5,14.0,14.0,4,False,False,True
2365746,K23,HK232,True,7,15.0,15.0,6,False,False,True
2365746,K23,HK241,True,4,14.0,14.0,7,False,False,True
2365746,K23,HK242,True,6,18.0,18.0,10,False,False,True
2365746,K23,HK251,True,6,18.0,18.0,16,False,False,True
2365746,K23,HK252,True,7,18.0,18.0,19,False,False,True
2365746,K23,HK261,False,0,0.0,0.0,21,False,False,False
2365788,K23,HK231,True,5,14.0,14.0,2,False,False,True
2365788,K23,HK232,True,7,15.0,15.0,5,False,False,True
2365788,K23,HK241,True,4,14.0,14.0,10,False,False,True
2365788,K23,HK242,True,6,18.0,18.0,11,False,False,True
2365788,K23,HK251,True,6,18.0,18.0,18,False,False,True
2365788,K23,HK252,True,7,18.0,18.0,19,False,False,True
2365788,K23,HK261,False,0,0.0,0.0,22,False,False,False
2365981,K23,HK231,True,6,16.0,16.0,1,False,False,True
2365981,K23,HK232,True,8,17.0,17.0,2,False,False,True
2365981,K23,HK241,True,5,16.0,16.0,2,False,False,True
2365981,K23,HK242,True,6,17.0,17.0,4,False,False,True
2365981,K23,HK251,True,6,18.0,18.0,9,False,False,True
2365981,K23,HK252,True,7,18.0,18.0,11,False,False,True
2365981,K23,HK261,False,0,0.0,0.0,13,False,False,False
2366174,K23,HK231,True,5,14.0,14.0,4,True,False,True
2366174,K23,HK232,True,7,15.0,15.0,7,True,False,True
2366174,K23,HK241,True,4,14.0,14.0,7,True,False,True
2366174,K23,HK242,True,6,18.0,18.0,13,True,False,True
2366367,K23,HK231,True,6,16.0,16.0,0,False,False,True
2366367,K23,HK232,True,8,17.0,17.0,1,False,False,True
2366367,K23,HK241,True,5,16.0,16.0,3,False,False,True
2366367,K23,HK242,True,6,17.0,17.0,6,False,False,True
2366367,K23,HK251,True,6,18.0,18.0,7,False,False,True
2366367,K23,HK252,True,7,18.0,18.0,10,False,False,True
2366367,K23,HK261,False,0,0.0,0.0,14,False,False,False
2366560,K23,HK231,True,5,14.0,14.0,2,False,False,True
2366560,K23,HK232,True,7,15.0,15.0,3,False,False,True
2366560,K23,HK241,True,4,14.0,14.0,5,False,False,True
2366560,K23,HK242,True,6,18.0,18.0,6,False,False,True
2366560,K23,HK251,True,6,18.0,18.0,7,False,False,True
2366560,K23,HK252,True,7,18.0,18.0,8,False,False,True
2366560,K23,HK261,True,6,17.0,0.0,10,False,False,False
2366753,K23,HK231,True,5,14.0,14.0,0,True,False,True
2366753,K23,HK232,True,7,15.0,15.0,1,True,False,True
2366753,K23,HK241,True,4,14.0,14.0,3,True,False,True
2366753,K23,HK242,True,6,18.0,18.0,3,True,False,True
2366753,K23,HK251,True,6,18.0,18.0,6,True,False,True
2366753,K23,HK252,True,7,18.0,18.0,7,True,False,True
2366753,K23,HK261,True,6,17.0,0.0,9,True,False,False
2366946,K23,HK231,True,5,14.0,14.0,3,False,False,True
2366946,K23,HK232,True,7,15.0,15.0,5,False,False,True
2366946,K23,HK241,True,4,14.0,14.0,6,False,False,True
2366946,K23,HK242,True,6,18.0,18.0,6,False,False,True
2366946,K23,HK251,True,6,18.0,18.0,8,False,False,True
2366946,K23,HK252,True,7,18.0,18.0,10,False,False,True
2366946,K23,HK261,False,0,0.0,0.0,12,False,False,False
2367139,K23,HK231,True,5,14.0,14.0,1,True,False,True
2367139,K23,HK232,True,7,15.0,15.0,5,True,False,True
2367139,K23,HK241,True,4,14.0,14.0,8,True,False,True
2367139,K23,HK242,True,6,18.0,18.0,10,True,False,True
2367139,K23,HK251,True,6,18.0,18.0,12,True,False,True
2367139,K23,HK252,True,7,18.0,18.0,15,True,True,True
2367139,K23,HK261,True,7,19.0,0.0,20,True,True,False
2367332,K23,HK231,True,6,16.0,16.0,0,False,False,True
2367332,K23,HK232,True,8,17.0,17.0,6,False,False,True
2367332,K23,HK241,True,5,16.0,16.0,9,False,False,True
2367332,K23,HK242,True,6,17.0,17.0,11,False,False,True
2367332,K23,HK251,True,6,18.0,18.0,13,False,False,True
2367332,K23,HK252,True,7,18.0,18.0,17,False,False,True
2367332,K23,HK261,False,0,0.0,0.0,18,False,False,False
2367525,K23,HK231,True,5,14.0,14.0,2,True,False,True
2367525,K23,HK232,True,7,15.0,15.0,3,True,False,True
2367525,K23,HK241,True,4,14.0,14.0,3,True,False,True
2367525,K23,HK242,True,6,18.0,18.0,6,True,False,True
2367525,K23,HK251,True,6,18.0,18.0,9,True,False,True
2367525,K23,HK252,True,7,18.0,18.0,11,True,False,True
2367525,K23,HK261,False,0,0.0,0.0,14,True,False,False
2367718,K23,HK231,True,6,16.0,16.0,1,False,False,True
2367718,K23,HK232,True,8,17.0,17.0,1,False,False,True
2367718,K23,HK241,True,5,16.0,16.0,3,False,False,True
2367718,K23,HK242,True,6,17.0,17.0,3,False,False,True
2367718,K23,HK251,True,6,18.0,18.0,5,False,False,True
2367718,K23,HK252,True,7,18.0,18.0,5,False,False,True
2367718,K23,HK261,False,0,0.0,0.0,7,False,False,False
2367911,K23,HK231,True,5,14.0,14.0,3,True,False,True
2367911,K23,HK232,True,7,15.0,15.0,6,True,False,True
2367911,K23,HK241,True,4,14.0,14.0,8,True,False,True
2367911,K23,HK242,True,6,18.0,18.0,10,True,False,True
2367911,K23,HK251,True,6,18.0,18.0,11,True,False,True
2367911,K23,HK252,True,7,18.0,18.0,14,True,False,True
2367911,K23,HK261,True,7,19.0,0.0,16,True,True,False
2368104,K23,HK231,True,5,14.0,14.0,1,True,False,True
2368104,K23,HK232,True,7,15.0,15.0,3,True,False,True
2368104,K23,HK241,True,4,14.0,14.0,6,True,False,True
2368104,K23,HK242,True,6,18.0,18.0,8,True,False,True
2368104,K23,HK251,True,6,18.0,18.0,11,True,False,True
2368104,K23,HK252,True,7,18.0,18.0,14,True,False,True
2368104,K23,HK261,True,7,19.0,0.0,16,True,True,False
2368146,K23,HK231,True,5,14.0,14.0,3,True,False,True
2368146,K23,HK232,True,7,15.0,15.0,6,True,False,True
2368146,K23,HK241,True,4,14.0,14.0,6,True,False,True
2368146,K23,HK242,True,6,18.0,18.0,9,True,False,True
2368146,K23,HK251,True,6,18.0,18.0,11,True,False,True
2368146,K23,HK252,True,7,18.0,18.0,14,True,False,True
2368146,K23,HK261,True,7,19.0,0.0,16,True,True,False
2368297,K23,HK231,True,6,16.0,16.0,4,True,False,True
2368297,K23,HK232,True,8,17.0,17.0,6,True,False,True
2368297,K23,HK241,True,5,16.0,16.0,7,True,False,True
2368297,K23,HK242,True,6,17.0,17.0,8,True,False,True
2368297,K23,HK251,True,6,18.0,18.0,10,True,False,True
2368297,K23,HK252,True,7,18.0,18.0,10,True,False,True
2368297,K23,HK261,False,0,0.0,0.0,13,True,False,False
2368339,K23,HK231,True,6,16.0,11.0,1,False,False,True
2368339,K23,HK232,True,9,20.0,14.0,1,False,False,True
2368339,K23,HK241,True,8,20.0,11.0,2,False,False,True
2368339,K23,HK242,True,9,21.0,6.0,4,False,False,True
2368339,K23,HK251,True,9,20.0,8.0,4,False,False,True
2368490,K23,HK231,True,6,16.0,16.0,1,True,False,True
2368490,K23,HK232,True,8,17.0,17.0,1,True,False,True
2368490,K23,HK241,True,5,16.0,16.0,6,True,False,True
2368490,K23,HK242,True,6,17.0,17.0,6,True,False,True
2368490,K23,HK251,True,6,18.0,18.0,8,True,False,True
2368490,K23,HK252,True,7,18.0,18.0,11,True,False,True
2368490,K23,HK261,False,0,0.0,0.0,12,True,False,False
2368532,K23,HK231,True,6,16.0,16.0,1,False,False,True
2368532,K23,HK232,True,8,17.0,17.0,3,False,False,True
2368532,K23,HK241,True,5,16.0,16.0,4,False,False,True
2368532,K23,HK242,True,6,17.0,17.0,5,False,False,True
2368532,K23,HK251,True,6,18.0,18.0,5,False,False,True
2368532,K23,HK252,True,7,18.0,18.0,8,False,False,True
2368532,K23,HK261,False,0,0.0,0.0,9,False,False,False
2368683,K23,HK231,True,5,14.0,14.0,0,True,False,True
2368683,K23,HK232,True,7,15.0,15.0,0,True,False,True
2368683,K23,HK241,True,4,14.0,14.0,3,True,False,True
2368683,K23,HK242,True,6,18.0,18.0,3,True,False,True
2368683,K23,HK251,True,6,18.0,18.0,5,True,False,True
2368683,K23,HK252,True,7,18.0,18.0,7,True,False,True
2368683,K23,HK261,False,0,0.0,0.0,9,True,False,False
2368725,K23,HK231,True,5,14.0,14.0,2,True,False,True
2368725,K23,HK232,True,7,15.0,15.0,9,True,False,True
2368725,K23,HK241,True,4,14.0,14.0,9,True,False,True
2368725,K23,HK242,True,6,18.0,18.0,10,True,False,True
2368725,K23,HK251,True,6,18.0,18.0,10,True,False,True
2368725,K23,HK252,True,7,18.0,18.0,12,True,False,True
2368725,K23,HK261,True,7,19.0,0.0,16,True,True,False
2368876,K23,HK231,True,6,16.0,16.0,1,True,False,True
2368876,K23,HK232,True,8,17.0,17.0,2,True,False,True
2368876,K23,HK241,True,5,16.0,16.0,2,True,False,True
2368876,K23,HK242,True,6,17.0,17.0,3,True,False,True
2368876,K23,HK251,True,6,18.0,18.0,3,True,False,True
2368876,K23,HK252,True,7,18.0,18.0,3,True,False,True
2368876,K23,HK261,True,6,17.0,0.0,5,True,False,False
2368918,K23,HK231,True,6,16.0,12.0,0,False,False,True
2368918,K23,HK232,True,9,21.0,17.0,0,False,False,True
2368918,K23,HK241,True,6,20.0,16.0,1,False,False,True
2368918,K23,HK242,True,6,18.0,18.0,4,False,False,True
2368918,K23,HK251,True,6,18.0,18.0,4,False,False,True
2368918,K23,HK252,True,7,18.0,18.0,7,False,False,True
2368918,K23,HK261,False,0,0.0,0.0,8,False,False,False
2369069,K23,HK231,True,6,16.0,16.0,1,True,False,True
2369069,K23,HK232,True,8,17.0,17.0,4,True,False,True
2369069,K23,HK241,True,5,16.0,16.0,7,True,False,True
2369069,K23,HK242,True,6,17.0,17.0,7,True,False,True
2369069,K23,HK251,True,6,18.0,18.0,9,True,False,True
2369069,K23,HK252,True,7,18.0,18.0,10,True,False,True
2369069,K23,HK261,False,0,0.0,0.0,13,True,False,False
2369111,K23,HK231,True,5,14.0,14.0,2,True,False,True
2369111,K23,HK232,True,8,18.0,18.0,7,True,False,True
2369111,K23,HK241,True,6,21.0,21.0,8,True,False,True
2369111,K23,HK242,True,7,20.0,20.0,10,True,False,True
2369111,K23,HK251,True,6,18.0,18.0,11,True,False,True
2369111,K23,HK252,True,7,18.0,18.0,12,True,False,True
2369111,K23,HK261,True,7,19.0,0.0,13,True,True,False
2369262,K23,HK231,True,5,14.0,14.0,3,False,False,True
2369262,K23,HK232,True,7,15.0,15.0,7,False,False,True
2369262,K23,HK241,True,4,14.0,14.0,9,False,False,True
2369262,K23,HK242,True,6,18.0,18.0,11,False,False,True
2369262,K23,HK251,True,6,18.0,18.0,15,False,False,True
2369262,K23,HK252,True,7,18.0,18.0,17,False,False,True
2369262,K23,HK261,False,0,0.0,0.0,17,False,False,False
2369304,K23,HK231,True,6,16.0,16.0,1,False,False,True
2369304,K23,HK232,True,8,17.0,17.0,1,False,False,True
2369304,K23,HK241,True,5,16.0,16.0,3,False,False,True
2369304,K23,HK242,True,6,17.0,17.0,4,False,False,True
2369304,K23,HK251,True,6,18.0,18.0,5,False,False,True
2369304,K23,HK252,True,7,18.0,18.0,6,False,False,True
2369304,K23,HK261,False,0,0.0,0.0,6,False,False,False
2369455,K23,HK231,True,5,14.0,14.0,4,True,False,True
2369455,K23,HK232,True,7,15.0,15.0,8,True,False,True
2369455,K23,HK241,True,4,14.0,14.0,10,True,False,True
2369455,K23,HK242,True,6,18.0,18.0,11,True,False,True
2369455,K23,HK251,True,6,18.0,18.0,13,True,False,True
2369455,K23,HK252,True,7,18.0,18.0,17,True,True,True
2369455,K23,HK261,True,7,19.0,0.0,22,True,True,False
2369497,K23,HK231,True,6,16.0,16.0,3,False,False,True
2369497,K23,HK232,True,8,17.0,17.0,7,False,False,True
2369497,K23,HK241,True,5,16.0,16.0,12,False,False,True
2369497,K23,HK242,True,6,17.0,17.0,13,False,False,True
2369497,K23,HK251,True,6,18.0,18.0,13,False,False,True
2369497,K23,HK252,True,7,18.0,18.0,17,False,False,True
2369497,K23,HK261,True,6,17.0,0.0,19,False,False,False
2369648,K23,HK231,True,5,14.0,14.0,3,True,False,True
2369648,K23,HK232,True,7,15.0,15.0,5,True,False,True
2369648,K23,HK241,True,4,14.0,14.0,8,True,False,True
2369648,K23,HK242,True,6,18.0,18.0,10,True,False,True
2369648,K23,HK251,True,6,18.0,18.0,15,True,False,True
2369648,K23,HK252,True,7,18.0,18.0,16,True,True,True
2369648,K23,HK261,True,7,19.0,0.0,16,True,True,False
2369690,K23,HK231,True,5,14.0,14.0,2,False,False,True
2369690,K23,HK232,True,7,15.0,15.0,3,False,False,True
2369690,K23,HK241,True,4,14.0,14.0,6,False,False,True
2369690,K23,HK242,True,6,18.0,18.0,8,False,False,True
2369690,K23,HK251,True,6,18.0,18.0,11,False,False,True
2369690,K23,HK252,True,7,18.0,18.0,11,False,False,True
2369690,K23,HK261,False,0,0.0,0.0,14,False,False,False
2369841,K23,HK231,True,5,14.0,14.0,1,False,False,True
2369841,K23,HK232,True,7,15.0,15.0,1,False,False,True
2369841,K23,HK241,True,4,14.0,14.0,4,False,False,True
2369841,K23,HK242,True,6,18.0,18.0,5,False,False,True
2369841,K23,HK251,True,6,18.0,18.0,6,False,False,True
2369841,K23,HK252,True,7,18.0,18.0,7,False,False,True
2369841,K23,HK261,False,0,0.0,0.0,13,False,False,False
2369883,K23,HK231,True,6,16.0,16.0,4,True,False,True
2369883,K23,HK232,True,8,17.0,17.0,5,True,False,True
2369883,K23,HK241,True,5,16.0,16.0,7,True,False,True
2369883,K23,HK242,True,6,17.0,17.0,9,True,False,True
2369883,K23,HK251,True,6,18.0,18.0,11,True,False,True
2369883,K23,HK252,True,7,18.0,18.0,11,True,False,True
2369883,K23,HK261,False,0,0.0,0.0,15,True,False,False
2370034,K23,HK231,True,6,16.0,16.0,0,True,False,True
2370034,K23,HK232,True,8,17.0,17.0,1,True,False,True
2370034,K23,HK241,True,5,16.0,16.0,2,True,False,True
2370034,K23,HK242,True,6,17.0,17.0,4,True,False,True
2370034,K23,HK251,True,6,18.0,18.0,6,True,False,True
2370034,K23,HK252,True,7,18.0,18.0,7,True,False,True
2370034,K23,HK261,False,0,0.0,0.0,8,True,False,False
2370076,K23,HK231,True,5,14.0,14.0,4,False,False,True
2370076,K23,HK232,True,7,15.0,15.0,4,False,False,True
2370076,K23,HK241,True,4,14.0,14.0,6,False,False,True
2370076,K23,HK242,True,6,18.0,18.0,8,False,False,True
2370076,K23,HK251,True,6,18.0,18.0,9,False,False,True
2370076,K23,HK252,True,7,18.0,18.0,9,False,False,True
2370076,K23,HK261,False,0,0.0,0.0,10,False,False,False
2370227,K23,HK231,True,6,16.0,16.0,2,False,False,True
2370227,K23,HK232,True,8,17.0,17.0,5,False,False,True
2370227,K23,HK241,True,5,16.0,16.0,7,False,False,True
2370227,K23,HK242,True,6,17.0,17.0,9,False,False,True
2370227,K23,HK251,True,6,18.0,18.0,12,False,False,True
2370227,K23,HK252,True,7,18.0,18.0,13,False,False,True
2370227,K23,HK261,False,0,0.0,0.0,17,False,False,False
2370269,K23,HK231,True,6,16.0,16.0,3,False,False,True
2370269,K23,HK232,True,8,17.0,17.0,4,False,False,True
2370269,K23,HK241,True,5,16.0,16.0,4,False,False,True
2370269,K23,HK242,True,6,17.0,17.0,10,False,False,True
2370269,K23,HK251,True,6,18.0,18.0,10,False,False,True
2370269,K23,HK252,True,7,18.0,18.0,10,False,False,True
2370269,K23,HK261,False,0,0.0,0.0,12,False,False,False
2370420,K23,HK231,True,5,14.0,14.0,1,False,False,True
2370420,K23,HK232,True,8,18.0,18.0,5,False,False,True
2370420,K23,HK241,True,6,21.0,21.0,6,False,False,True
2370420,K23,HK242,True,7,20.0,20.0,9,False,False,True
2370420,K23,HK251,True,6,18.0,18.0,12,False,False,True
2370420,K23,HK252,True,7,18.0,18.0,12,False,False,True
2370420,K23,HK261,False,0,0.0,0.0,14,False,False,False
2370462,K23,HK231,True,6,16.0,16.0,1,False,False,True
2370462,K23,HK232,True,8,17.0,17.0,2,False,False,True
2370462,K23,HK241,True,5,16.0,16.0,4,False,False,True
2370462,K23,HK242,True,6,17.0,17.0,4,False,False,True
2370462,K23,HK251,True,6,18.0,18.0,8,False,False,True
2370462,K23,HK252,True,7,18.0,18.0,11,False,False,True
2370462,K23,HK261,False,0,0.0,0.0,14,False,False,False
2370613,K23,HK231,True,6,16.0,7.0,0,False,False,True
2370613,K23,HK232,True,9,21.0,11.0,1,False,False,True
2370613,K23,HK241,True,9,20.0,7.0,4,False,False,True
2370613,K23,HK242,True,10,21.0,9.0,4,False,False,True
2370655,K23,HK231,True,6,16.0,16.0,0,True,False,True
2370655,K23,HK232,True,8,17.0,17.0,1,True,False,True
2370655,K23,HK241,True,5,16.0,16.0,2,True,False,True
2370655,K23,HK242,True,6,17.0,17.0,4,True,False,True
2370655,K23,HK251,True,6,18.0,18.0,5,True,False,True
2370655,K23,HK252,True,7,18.0,18.0,9,True,False,True
2370655,K23,HK261,True,6,17.0,0.0,9,True,False,False
2370806,K23,HK231,True,6,16.0,16.0,3,True,False,True
2370806,K23,HK232,True,8,17.0,17.0,4,True,False,True
2370806,K23,HK241,True,5,16.0,16.0,5,True,False,True
2370806,K23,HK242,True,6,17.0,17.0,7,True,False,True
2370806,K23,HK251,True,6,18.0,18.0,8,True,False,True
2370806,K23,HK252,True,7,18.0,18.0,8,True,False,True
2370806,K23,HK261,False,0,0.0,0.0,9,True,False,False
2370848,K23,HK231,True,6,16.0,11.0,2,False,False,True
2370848,K23,HK232,True,9,20.0,11.0,2,False,False,True
2370848,K23,HK241,True,7,19.0,7.0,6,False,False,True
2370848,K23,HK242,True,8,20.0,9.0,6,False,False,True
2370999,K23,HK231,True,6,16.0,16.0,3,False,False,True
2370999,K23,HK232,True,8,17.0,17.0,3,False,False,True
2370999,K23,HK241,True,5,16.0,16.0,4,False,False,True
2370999,K23,HK242,True,6,17.0,17.0,6,False,False,True
2370999,K23,HK251,True,6,18.0,18.0,6,False,False,True
2370999,K23,HK252,True,7,18.0,18.0,11,False,False,True
2370999,K23,HK261,False,0,0.0,0.0,12,False,False,False
2371041,K23,HK231,True,6,16.0,16.0,2,False,False,True
2371041,K23,HK232,True,8,17.0,17.0,6,False,False,True
2371041,K23,HK241,True,5,16.0,16.0,10,False,False,True
2371041,K23,HK242,True,6,17.0,17.0,13,False,False,True
2371041,K23,HK251,True,6,18.0,18.0,15,False,False,True
2371041,K23,HK252,True,7,18.0,18.0,19,False,False,True
2371041,K23,HK261,False,0,0.0,0.0,20,False,False,False
2371234,K23,HK231,True,6,16.0,16.0,0,False,False,True
2371234,K23,HK232,True,8,17.0,17.0,2,False,False,True
2371234,K23,HK241,True,5,16.0,16.0,4,False,False,True
2371234,K23,HK242,True,6,17.0,17.0,5,False,False,True
2371234,K23,HK251,True,6,18.0,18.0,7,False,False,True
2371234,K23,HK252,True,7,18.0,18.0,9,False,False,True
2371234,K23,HK261,False,0,0.0,0.0,9,False,False,False
2371427,K23,HK231,True,5,14.0,14.0,2,True,False,True
2371427,K23,HK232,True,7,15.0,15.0,4,True,False,True
2371427,K23,HK241,True,4,14.0,14.0,5,True,False,True
2371427,K23,HK242,True,6,18.0,18.0,7,True,False,True
2371427,K23,HK251,True,6,18.0,18.0,7,True,False,True
2371427,K23,HK252,True,7,18.0,18.0,12,True,False,True
2371427,K23,HK261,True,7,19.0,0.0,14,True,True,False
2371620,K23,HK231,True,5,14.0,14.0,3,False,False,True
2371620,K23,HK232,True,7,15.0,15.0,5,False,False,True
2371620,K23,HK241,True,4,14.0,14.0,7,False,False,True
2371620,K23,HK242,True,6,18.0,18.0,9,False,False,True
2371620,K23,HK251,True,6,18.0,18.0,11,False,False,True
2371620,K23,HK252,True,7,18.0,18.0,11,False,False,True
2371620,K23,HK261,False,0,0.0,0.0,11,False,False,False
2371813,K23,HK231,True,6,16.0,16.0,2,True,False,True
2371813,K23,HK232,True,8,17.0,17.0,3,True,False,True
2371813,K23,HK241,True,5,16.0,16.0,6,True,False,True
2371813,K23,HK242,True,6,17.0,17.0,6,True,False,True
2371813,K23,HK251,True,6,18.0,18.0,6,True,False,True
2371813,K23,HK252,True,7,18.0,18.0,9,True,False,True
2371813,K23,HK261,False,0,0.0,0.0,10,True,False,False
2372006,K23,HK231,True,6,16.0,16.0,0,True,False,True
2372006,K23,HK232,True,8,17.0,17.0,1,True,False,True
2372006,K23,HK241,True,5,16.0,16.0,3,True,False,True
2372006,K23,HK242,True,6,17.0,17.0,4,True,False,True
2372006,K23,HK251,True,6,18.0,18.0,5,True,False,True
2372006,K23,HK252,True,7,18.0,18.0,6,True,False,True
2372006,K23,HK261,False,0,0.0,0.0,6,True,False,False
2372199,K23,HK231,True,6,16.0,16.0,2,True,False,True
2372199,K23,HK232,True,8,17.0,17.0,2,True,False,True
2372199,K23,HK241,True,5,16.0,16.0,5,True,False,True
2372199,K23,HK242,True,6,17.0,17.0,6,True,False,True
2372199,K23,HK251,True,6,18.0,18.0,7,True,False,True
2372199,K23,HK252,True,7,18.0,18.0,7,True,False,True
2372199,K23,HK261,False,0,0.0,0.0,7,True,False,False
2372392,K23,HK231,True,5,14.0,14.0,3,True,False,True
2372392,K23,HK232,True,7,15.0,15.0,4,True,False,True
2372392,K23,HK241,True,4,14.0,14.0,6,True,False,True
2372392,K23,HK242,True,6,18.0,18.0,7,True,False,True
2372392,K23,HK251,True,6,18.0,18.0,7,True,False,True
2372392,K23,HK252,True,7,18.0,18.0,10,True,False,True
2372392,K23,HK261,True,6,17.0,0.0,11,True,False,False
2372585,K23,HK231,True,6,16.0,7.0,4,False,False,True
2372585,K23,HK232,True,9,21.0,8.0,7,False,False,True
2372778,K23,HK231,True,6,16.0,16.0,4,True,False,True
2372778,K23,HK232,True,8,17.0,17.0,8,True,False,True
2372778,K23,HK241,True,5,16.0,16.0,11,True,False,True
2372778,K23,HK242,True,6,17.0,17.0,12,True,False,True
2372778,K23,HK251,True,6,18.0,18.0,12,True,True,True
2372778,K23,HK252,True,7,18.0,18.0,14,True,True,True
2372778,K23,HK261,True,7,19.0,0.0,15,True,True,False
2372971,K23,HK231,True,6,16.0,16.0,2,False,False,True
2372971,K23,HK232,True,8,17.0,17.0,3,False,False,True
2372971,K23,HK241,True,5,16.0,16.0,4,False,False,True
2372971,K23,HK242,True,6,17.0,17.0,4,False,False,True
2372971,K23,HK251,True,6,18.0,18.0,4,False,False,True
2372971,K23,HK252,True,7,18.0,18.0,8,False,False,True
2372971,K23,HK261,False,0,0.0,0.0,9,False,False,False
2373164,K23,HK231,True,5,14.0,14.0,2,True,False,True
2373164,K23,HK232,True,7,15.0,15.0,3,True,False,True
2373164,K23,HK241,True,4,14.0,14.0,4,True,False,True
2373164,K23,HK242,True,6,18.0,18.0,5,True,False,True
2373164,K23,HK251,True,6,18.0,18.0,7,True,False,True
2373164,K23,HK252,True,7,18.0,18.0,8,True,False,True
2373164,K23,HK261,False,0,0.0,0.0,10,True,False,False
2373357,K23,HK231,True,5,14.0,14.0,2,False,False,True
2373357,K23,HK232,True,7,15.0,15.0,5,False,False,True
2373357,K23,HK241,True,4,14.0,14.0,8,False,False,True
2373357,K23,HK242,True,6,18.0,18.0,10,False,False,True
2373357,K23,HK251,True,6,18.0,18.0,12,False,False,True
2373357,K23,HK252,True,7,18.0,18.0,14,False,False,True
2373357,K23,HK261,False,0,0.0,0.0,14,False,False,False
2373399,K23,HK231,True,6,16.0,16.0,1,False,False,True
2373399,K23,HK232,True,8,17.0,17.0,3,False,False,True
2373399,K23,HK241,True,5,16.0,16.0,6,False,False,True
2373399,K23,HK242,True,6,17.0,17.0,8,False,False,True
2373399,K23,HK251,True,6,18.0,18.0,11,False,False,True
2373399,K23,HK252,True,7,18.0,18.0,13,False,False,True
2373399,K23,HK261,False,0,0.0,0.0,16,False,False,False
2373550,K23,HK231,True,6,16.0,16.0,1,True,False,True
2373550,K23,HK232,True,8,17.0,17.0,4,True,False,True
2373550,K23,HK241,True,5,16.0,16.0,5,True,False,True
2373550,K23,HK242,True,6,17.0,17.0,6,True,False,True
2373550,K23,HK251,True,6,18.0,18.0,8,True,False,True
2373550,K23,HK252,True,7,18.0,18.0,9,True,False,True
2373550,K23,HK261,False,0,0.0,0.0,12,True,False,False
2373592,K23,HK231,True,5,14.0,14.0,3,True,False,True
2373592,K23,HK232,True,7,15.0,15.0,3,True,False,True
2373592,K23,HK241,True,4,14.0,14.0,4,True,False,True
2373592,K23,HK242,True,6,18.0,18.0,7,True,False,True
2373592,K23,HK251,True,6,18.0,18.0,8,True,False,True
2373592,K23,HK252,True,7,18.0,18.0,8,True,False,True
2373592,K23,HK261,False,0,0.0,0.0,8,True,False,False
2373743,K23,HK231,True,5,14.0,14.0,1,True,False,True
2373743,K23,HK232,True,7,15.0,15.0,1,True,False,True
2373743,K23,HK241,True,4,14.0,14.0,2,True,False,True
2373743,K23,HK242,True,6,18.0,18.0,5,True,False,True
2373743,K23,HK251,True,6,18.0,18.0,5,True,False,True
2373743,K23,HK252,True,7,18.0,18.0,6,True,False,True
2373743,K23,HK261,False,0,0.0,0.0,7,True,False,False
2373785,K23,HK231,True,6,16.0,14.0,3,False,False,True
2373785,K23,HK232,True,8,17.0,15.0,4,False,False,True
2373936,K23,HK231,True,6,16.0,16.0,1,False,False,True
2373936,K23,HK232,True,8,17.0,16.0,5,False,False,True
2373936,K23,HK241,True,6,17.0,16.0,7,False,False,True
2373936,K23,HK242,True,7,18.0,18.0,7,False,False,True
2373936,K23,HK251,True,6,18.0,18.0,11,False,False,True
2373936,K23,HK252,True,7,18.0,18.0,14,False,False,True
2373936,K23,HK261,False,0,0.0,0.0,15,False,False,False
2373978,K23,HK231,True,6,16.0,16.0,1,False,False,True
2373978,K23,HK232,True,8,17.0,17.0,4,False,False,True
2373978,K23,HK241,True,5,16.0,16.0,6,False,False,True
2373978,K23,HK242,True,6,17.0,17.0,8,False,False,True
2373978,K23,HK251,True,6,18.0,18.0,8,False,False,True
2373978,K23,HK252,True,7,18.0,18.0,10,False,False,True
2373978,K23,HK261,True,6,17.0,0.0,12,False,False,False
2374129,K23,HK231,True,6,16.0,16.0,3,False,False,True
2374129,K23,HK232,True,8,17.0,17.0,6,False,False,True
2374129,K23,HK241,True,5,16.0,16.0,6,False,False,True
2374129,K23,HK242,True,6,17.0,17.0,7,False,False,True
2374129,K23,HK251,True,6,18.0,18.0,9,False,False,True
2374129,K23,HK252,True,7,18.0,18.0,11,False,False,True
2374129,K23,HK261,False,0,0.0,0.0,11,False,False,False
2374171,K23,HK231,True,5,14.0,14.0,2,False,False,True
2374171,K23,HK232,True,7,15.0,15.0,3,False,False,True
2374171,K23,HK241,True,4,14.0,14.0,3,False,False,True
2374171,K23,HK242,True,6,18.0,18.0,4,False,False,True
2374171,K23,HK251,True,6,18.0,18.0,5,False,False,True
2374171,K23,HK252,True,7,18.0,18.0,6,False,False,True
2374171,K23,HK261,False,0,0.0,0.0,6,False,False,False
2374322,K23,HK231,True,6,16.0,16.0,0,True,False,True
2374322,K23,HK232,True,8,17.0,17.0,1,True,False,True
2374322,K23,HK241,True,5,16.0,16.0,4,True,False,True
2374322,K23,HK242,True,6,17.0,17.0,4,True,False,True
2374322,K23,HK251,True,6,18.0,18.0,8,True,False,True
2374322,K23,HK252,True,7,18.0,18.0,9,True,False,True
2374322,K23,HK261,False,0,0.0,0.0,9,True,False,False
2374364,K23,HK231,True,5,14.0,14.0,2,False,False,True
2374364,K23,HK232,True,7,15.0,15.0,8,False,False,True
2374364,K23,HK241,True,4,14.0,14.0,9,False,False,True
2374364,K23,HK242,True,6,18.0,18.0,10,False,False,True
2374364,K23,HK251,True,6,18.0,18.0,13,False,False,True
2374364,K23,HK252,True,7,18.0,18.0,14,False,False,True
2374364,K23,HK261,True,6,17.0,0.0,14,False,False,False
2374515,K23,HK231,True,6,16.0,16.0,1,True,False,True
2374515,K23,HK232,True,8,17.0,17.0,2,True,False,True
2374515,K23,HK241,True,5,16.0,16.0,3,True,False,True
2374515,K23,HK242,True,6,17.0,17.0,10,True,False,True
2374515,K23,HK251,True,6,18.0,18.0,11,True,False,True
2374515,K23,HK252,True,7,18.0,18.0,12,True,False,True
2374515,K23,HK261,True,7,19.0,0.0,14,True,True,False
2374557,K23,HK231,True,6,16.0,16.0,3,False,False,True
2374557,K23,HK232,True,8,17.0,17.0,8,False,False,True
2374557,K23,HK241,True,5,16.0,16.0,14,False,False,True
2374557,K23,HK242,True,6,17.0,17.0,16,False,False,True
2374557,K23,HK251,True,6,18.0,18.0,17,False,False,True
2374557,K23,HK252,True,7,18.0,18.0,19,False,False,True
2374557,K23,HK261,False,0,0.0,0.0,20,False,False,False
2374708,K23,HK231,True,6,16.0,16.0,3,False,False,True
2374708,K23,HK232,True,8,17.0,17.0,5,False,False,True
2374708,K23,HK241,True,5,16.0,16.0,6,False,False,True
2374708,K23,HK242,True,6,17.0,17.0,8,False,False,True
2374708,K23,HK251,True,6,18.0,18.0,12,False,False,True
2374708,K23,HK252,True,7,18.0,18.0,15,False,False,True
2374708,K23,HK261,False,0,0.0,0.0,18,False,False,False
2374750,K23,HK231,True,5,14.0,14.0,0,True,False,True
2374750,K23,HK232,True,7,15.0,15.0,3,True,False,True
2374750,K23,HK241,True,4,14.0,14.0,4,True,False,True
2374750,K23,HK242,True,6,18.0,18.0,4,True,False,True
2374750,K23,HK251,True,6,18.0,18.0,4,True,False,True
2374750,K23,HK252,True,7,18.0,18.0,5,True,False,True
2374750,K23,HK261,False,0,0.0,0.0,6,True,False,False
2374901,K23,HK231,True,6,16.0,6.0,0,True,False,True
2374901,K23,HK232,True,10,22.0,4.0,0,True,False,True
2374943,K23,HK231,True,6,16.0,9.0,4,False,False,True
2374943,K23,HK232,True,9,21.0,10.0,7,False,False,True
2374943,K23,HK241,True,7,20.0,9.0,9,False,False,True
2374943,K23,HK242,True,8,21.0,15.0,10,False,False,True
2374943,K23,HK251,True,8,21.0,14.0,11,False,False,True
2374943,K23,HK252,True,8,18.0,17.0,13,False,False,True
2374943,K23,HK261,False,0,0.0,0.0,13,False,False,False
2375094,K23,HK231,True,6,16.0,16.0,1,True,False,True
2375094,K23,HK232,True,8,17.0,17.0,3,True,False,True
2375094,K23,HK241,True,5,16.0,16.0,3,True,False,True
2375094,K23,HK242,True,6,17.0,17.0,3,True,False,True
2375094,K23,HK251,True,6,18.0,18.0,4,True,False,True
2375094,K23,HK252,True,7,18.0,18.0,7,True,False,True
2375094,K23,HK261,False,0,0.0,0.0,10,True,False,False
2375136,K23,HK231,True,6,16.0,16.0,4,False,False,True
2375136,K23,HK232,True,8,17.0,17.0,5,False,False,True
2375136,K23,HK241,True,5,16.0,16.0,7,False,False,True
2375136,K23,HK242,True,6,17.0,17.0,8,False,False,True
2375136,K23,HK251,True,6,18.0,18.0,9,False,False,True
2375136,K23,HK252,True,7,18.0,18.0,11,False,False,True
2375136,K23,HK261,False,0,0.0,0.0,11,False,False,False
2375287,K23,HK231,True,6,16.0,16.0,0,False,False,True
2375287,K23,HK232,True,8,17.0,17.0,2,False,False,True
2375287,K23,HK241,True,5,16.0,16.0,4,False,False,True
2375287,K23,HK242,True,6,17.0,17.0,5,False,False,True
2375287,K23,HK251,True,6,18.0,18.0,7,False,False,True
2375287,K23,HK252,True,7,18.0,18.0,12,False,False,True
2375287,K23,HK261,False,0,0.0,0.0,13,False,False,False
2375329,K23,HK231,True,5,14.0,14.0,2,True,False,True
2375329,K23,HK232,True,7,15.0,15.0,3,True,False,True
2375329,K23,HK241,True,4,14.0,14.0,4,True,False,True
2375329,K23,HK242,True,6,18.0,18.0,5,True,False,True
2375329,K23,HK251,True,6,18.0,18.0,7,True,False,True
2375329,K23,HK252,True,7,18.0,18.0,11,True,False,True
2375329,K23,HK261,False,0,0.0,0.0,14,True,False,False
2375480,K23,HK231,True,5,14.0,14.0,1,True,False,True
2375480,K23,HK232,True,8,18.0,18.0,4,True,False,True
2375480,K23,HK241,True,6,21.0,21.0,4,True,False,True
2375480,K23,HK242,True,7,20.0,20.0,6,True,False,True
2375480,K23,HK251,True,6,18.0,18.0,10,True,False,True
2375480,K23,HK252,True,7,18.0,18.0,13,True,False,True
2375480,K23,HK261,True,7,19.0,0.0,19,True,True,False
2375522,K23,HK231,True,6,16.0,16.0,1,True,False,True
2375522,K23,HK232,True,8,17.0,17.0,1,True,False,True
2375522,K23,HK241,True,5,16.0,16.0,4,True,False,True
2375522,K23,HK242,True,6,17.0,17.0,4,True,False,True
2375522,K23,HK251,True,6,18.0,18.0,5,True,False,True
2375522,K23,HK252,True,7,18.0,18.0,5,True,False,True
2375522,K23,HK261,False,0,0.0,0.0,7,True,False,False
2375673,K23,HK231,True,6,16.0,16.0,3,True,False,True
2375673,K23,HK232,True,8,17.0,17.0,5,True,False,True
2375673,K23,HK241,True,5,16.0,16.0,9,True,False,True
2375673,K23,HK242,True,6,17.0,17.0,9,True,False,True
2375673,K23,HK251,True,6,18.0,18.0,11,True,False,True
2375673,K23,HK252,True,7,18.0,18.0,12,True,False,True
2375673,K23,HK261,True,7,19.0,0.0,14,True,True,False
2375715,K23,HK231,True,6,16.0,16.0,1,False,False,True
2375715,K23,HK232,True,8,17.0,17.0,3,False,False,True
2375715,K23,HK241,True,5,16.0,16.0,6,False,False,True
2375715,K23,HK242,True,6,17.0,17.0,7,False,False,True
2375715,K23,HK251,True,6,18.0,18.0,10,False,False,True
2375715,K23,HK252,True,7,18.0,18.0,10,False,False,True
2375715,K23,HK261,False,0,0.0,0.0,10,False,False,False
2375866,K23,HK231,True,5,14.0,14.0,3,True,False,True
2375866,K23,HK232,True,7,15.0,15.0,5,True,False,True
2375866,K23,HK241,True,4,14.0,14.0,5,True,False,True
2375866,K23,HK242,True,6,18.0,18.0,10,True,False,True
2375866,K23,HK251,True,6,18.0,18.0,13,True,False,True
2375866,K23,HK252,True,7,18.0,18.0,13,True,True,True
2375866,K23,HK261,True,7,19.0,0.0,15,True,True,False
2375908,K23,HK231,True,6,16.0,16.0,4,False,False,True
2375908,K23,HK232,True,8,17.0,17.0,7,False,False,True
2375908,K23,HK241,True,5,16.0,16.0,7,False,False,True
2375908,K23,HK242,True,6,17.0,17.0,7,False,False,True
2375908,K23,HK251,True,6,18.0,18.0,9,False,False,True
2375908,K23,HK252,True,7,18.0,18.0,14,False,False,True
2375908,K23,HK261,False,0,0.0,0.0,16,False,False,False
2376059,K23,HK231,True,5,14.0,14.0,7,False,False,True
2376059,K23,HK232,True,7,15.0,15.0,9,False,False,True
2376059,K23,HK241,True,4,14.0,14.0,12,False,False,True
2376059,K23,HK242,True,6,18.0,18.0,12,False,False,True
2376059,K23,HK251,True,6,18.0,18.0,12,False,False,True
2376059,K23,HK252,True,7,18.0,18.0,12,False,False,True
2376059,K23,HK261,False,0,0.0,0.0,14,False,False,False
2376101,K23,HK231,True,6,16.0,16.0,1,True,False,True
2376101,K23,HK232,True,8,17.0,17.0,2,True,False,True
2376101,K23,HK241,True,5,16.0,16.0,3,True,False,True
2376101,K23,HK242,True,6,17.0,17.0,6,True,False,True
2376101,K23,HK251,True,6,18.0,18.0,9,True,False,True
2376101,K23,HK252,True,7,18.0,18.0,12,True,False,True
2376101,K23,HK261,True,7,19.0,0.0,14,True,True,False
2376252,K23,HK231,True,6,16.0,16.0,3,True,False,True
2376252,K23,HK232,True,8,17.0,17.0,5,True,False,True
2376252,K23,HK241,True,5,16.0,16.0,6,True,False,True
2376252,K23,HK242,True,6,17.0,17.0,8,True,False,True
2376252,K23,HK251,True,6,18.0,18.0,12,True,False,True
2376252,K23,HK252,True,7,18.0,18.0,15,True,True,True
2376252,K23,HK261,True,7,19.0,0.0,17,True,True,False
2376294,K23,HK231,True,6,16.0,16.0,2,False,False,True
2376294,K23,HK232,True,8,17.0,17.0,4,False,False,True
2376294,K23,HK241,True,5,16.0,16.0,8,False,False,True
2376294,K23,HK242,True,6,17.0,17.0,10,False,False,True
2376294,K23,HK251,True,6,18.0,18.0,13,False,False,True
2376294,K23,HK252,True,7,18.0,18.0,14,False,False,True
2376294,K23,HK261,False,0,0.0,0.0,15,False,False,False
2376487,K23,HK231,True,6,16.0,4.0,1,True,False,True
2376487,K23,HK232,True,10,22.0,4.0,2,True,False,True
2376680,K23,HK231,True,6,16.0,16.0,1,True,False,True
2376680,K23,HK232,True,8,17.0,17.0,1,True,False,True
2376680,K23,HK241,True,5,16.0,16.0,1,True,False,True
2376680,K23,HK242,True,6,17.0,17.0,2,True,False,True
2376680,K23,HK251,True,6,18.0,18.0,5,True,False,True
2376680,K23,HK252,True,7,18.0,18.0,5,True,False,True
2376680,K23,HK261,False,0,0.0,0.0,10,True,False,False
2376873,K23,HK231,True,5,14.0,14.0,2,True,False,True
2376873,K23,HK232,True,7,15.0,15.0,5,True,False,True
2376873,K23,HK241,True,4,14.0,14.0,5,True,False,True
2376873,K23,HK242,True,6,18.0,18.0,9,True,False,True
2376873,K23,HK251,True,6,18.0,18.0,10,True,False,True
2376873,K23,HK252,True,7,18.0,18.0,11,True,False,True
2376873,K23,HK261,False,0,0.0,0.0,11,True,False,False
2377066,K23,HK231,True,5,14.0,14.0,1,True,False,True
2377066,K23,HK232,True,7,15.0,15.0,2,True,False,True
2377066,K23,HK241,True,4,14.0,14.0,3,True,False,True
2377066,K23,HK242,True,6,18.0,18.0,5,True,False,True
2377066,K23,HK251,True,6,18.0,18.0,5,True,False,True
2377066,K23,HK252,True,7,18.0,18.0,7,True,False,True
2377066,K23,HK261,False,0,0.0,0.0,8,True,False,False
2377259,K23,HK231,True,6,16.0,16.0,3,False,False,True
2377259,K23,HK232,True,8,17.0,17.0,6,False,False,True
2377259,K23,HK241,True,5,16.0,16.0,8,False,False,True
2377259,K23,HK242,True,6,17.0,17.0,10,False,False,True
2377259,K23,HK251,True,6,18.0,18.0,12,False,False,True
2377259,K23,HK252,True,7,18.0,18.0,16,False,False,True
2377259,K23,HK261,False,0,0.0,0.0,19,False,False,False
2377452,K23,HK231,True,6,16.0,16.0,0,True,False,True
2377452,K23,HK232,True,8,17.0,17.0,3,True,False,True
2377452,K23,HK241,True,5,16.0,16.0,4,True,False,True
2377452,K23,HK242,True,6,17.0,17.0,7,True,False,True
2377452,K23,HK251,True,6,18.0,18.0,8,True,False,True
2377452,K23,HK252,True,7,18.0,18.0,8,True,False,True
2377452,K23,HK261,False,0,0.0,0.0,13,True,False,False
2377645,K23,HK231,True,6,16.0,16.0,2,False,False,True
2377645,K23,HK232,True,8,17.0,16.0,7,False,False,True
2377645,K23,HK241,True,6,17.0,16.0,7,False,False,True
2377645,K23,HK242,True,7,18.0,18.0,11,False,False,True
2377645,K23,HK251,True,6,18.0,18.0,13,False,False,True
2377645,K23,HK252,True,7,18.0,18.0,14,False,False,True
2377645,K23,HK261,False,0,0.0,0.0,16,False,False,False
2377838,K23,HK231,True,6,16.0,16.0,1,True,False,True
2377838,K23,HK232,True,8,17.0,17.0,4,True,False,True
2377838,K23,HK241,True,5,16.0,16.0,4,True,False,True
2377838,K23,HK242,True,6,17.0,17.0,4,True,False,True
2377838,K23,HK251,True,6,18.0,18.0,5,True,False,True
2377838,K23,HK252,True,7,18.0,18.0,6,True,False,True
2377838,K23,HK261,False,0,0.0,0.0,7,True,False,False
2378031,K23,HK231,True,5,14.0,14.0,5,True,False,True
2378031,K23,HK232,True,7,15.0,15.0,12,True,False,True
2378031,K23,HK241,True,4,14.0,14.0,15,True,True,True
2378031,K23,HK242,True,6,18.0,18.0,18,True,True,True
2378031,K23,HK251,True,6,18.0,18.0,25,True,True,True
2378031,K23,HK252,True,7,18.0,18.0,27,True,True,True
2378031,K23,HK261,True,7,19.0,0.0,27,True,True,False
2378224,K23,HK231,True,5,14.0,14.0,2,False,False,True
2378224,K23,HK232,True,7,15.0,15.0,4,False,False,True
2378224,K23,HK241,True,4,14.0,14.0,9,False,False,True
2378224,K23,HK242,True,6,18.0,18.0,10,False,False,True
2378224,K23,HK251,True,6,18.0,18.0,13,False,False,True
2378224,K23,HK252,True,7,18.0,18.0,13,False,False,True
2378224,K23,HK261,False,0,0.0,0.0,17,False,False,False
2378417,K23,HK231,True,6,16.0,16.0,1,True,False,True
2378417,K23,HK232,True,8,17.0,17.0,3,True,False,True
2378417,K23,HK241,True,5,16.0,16.0,5,True,False,True
2378417,K23,HK242,True,6,17.0,17.0,6,True,False,True
2378417,K23,HK251,True,6,18.0,18.0,7,True,False,True
2378417,K23,HK252,True,7,18.0,18.0,12,True,False,True
2378417,K23,HK261,True,7,19.0,0.0,14,True,True,False
2378610,K23,HK231,True,5,14.0,14.0,4,False,False,True
2378610,K23,HK232,True,7,15.0,15.0,5,False,False,True
2378610,K23,HK241,True,4,14.0,14.0,7,False,False,True
2378610,K23,HK242,True,6,18.0,18.0,9,False,False,True
2378610,K23,HK251,True,6,18.0,18.0,10,False,False,True
2378610,K23,HK252,True,7,18.0,18.0,11,False,False,True
2378610,K23,HK261,False,0,0.0,0.0,12,False,False,False
2378652,K23,HK231,True,5,14.0,14.0,2,False,False,True
2378652,K23,HK232,True,7,15.0,15.0,4,False,False,True
2378652,K23,HK241,True,4,14.0,14.0,5,False,False,True
2378652,K23,HK242,True,6,18.0,18.0,6,False,False,True
2378652,K23,HK251,True,6,18.0,18.0,8,False,False,True
2378652,K23,HK252,True,7,18.0,18.0,11,False,False,True
2378652,K23,HK261,False,0,0.0,0.0,12,False,False,False
2378803,K23,HK231,True,6,16.0,16.0,1,True,False,True
2378803,K23,HK232,True,8,17.0,17.0,2,True,False,True
2378803,K23,HK241,True,5,16.0,16.0,3,True,False,True
2378803,K23,HK242,True,6,17.0,17.0,6,True,False,True
2378803,K23,HK251,True,6,18.0,18.0,7,True,False,True
2378803,K23,HK252,True,7,18.0,18.0,10,True,False,True
2378803,K23,HK261,False,0,0.0,0.0,13,True,False,False
2378845,K23,HK231,True,6,16.0,16.0,0,False,False,True
2378845,K23,HK232,True,8,17.0,17.0,1,False,False,True
2378845,K23,HK241,True,5,16.0,16.0,2,False,False,True
2378845,K23,HK242,True,6,17.0,17.0,4,False,False,True
2378845,K23,HK251,True,6,18.0,18.0,5,False,False,True
2378845,K23,HK252,True,7,18.0,18.0,5,False,False,True
2378845,K23,HK261,False,0,0.0,0.0,6,False,False,False
2378996,K23,HK231,True,6,16.0,11.0,1,False,False,True
2378996,K23,HK232,True,9,20.0,11.0,7,False,False,True
2378996,K23,HK241,True,7,19.0,6.0,8,False,False,True
2378996,K23,HK242,True,8,21.0,18.0,8,False,False,True
2378996,K23,HK251,True,7,18.0,12.0,10,False,False,True
2378996,K23,HK252,True,9,21.0,6.0,11,False,False,True
2378996,K23,HK261,False,0,0.0,0.0,13,False,False,False
2379038,K23,HK231,True,5,14.0,14.0,2,True,False,True
2379038,K23,HK232,True,7,15.0,15.0,4,True,False,True
2379038,K23,HK241,True,4,14.0,14.0,6,True,False,True
2379038,K23,HK242,True,6,18.0,18.0,8,True,False,True
2379038,K23,HK251,True,6,18.0,18.0,11,True,False,True
2379038,K23,HK252,True,7,18.0,18.0,11,True,False,True
2379038,K23,HK261,True,6,17.0,0.0,12,True,False,False
2379189,K23,HK231,True,5,14.0,14.0,1,False,False,True
2379189,K23,HK232,True,7,15.0,15.0,2,False,False,True
2379189,K23,HK241,True,4,14.0,14.0,4,False,False,True
2379189,K23,HK242,True,6,18.0,18.0,8,False,False,True
2379189,K23,HK251,True,6,18.0,18.0,11,False,False,True
2379189,K23,HK252,True,7,18.0,18.0,16,False,False,True
2379189,K23,HK261,False,0,0.0,0.0,19,False,False,False
2379231,K23,HK231,True,5,14.0,14.0,3,True,False,True
2379231,K23,HK232,True,8,18.0,18.0,3,True,False,True
2379231,K23,HK241,True,6,21.0,21.0,4,True,False,True
2379231,K23,HK242,True,7,20.0,20.0,5,True,False,True
2379231,K23,HK251,True,6,18.0,18.0,7,True,False,True
2379231,K23,HK252,True,7,18.0,18.0,8,True,False,True
2379231,K23,HK261,False,0,0.0,0.0,9,True,False,False
2379382,K23,HK231,True,6,16.0,16.0,3,False,False,True
2379382,K23,HK232,True,8,17.0,17.0,4,False,False,True
2379382,K23,HK241,True,5,16.0,16.0,4,False,False,True
2379382,K23,HK242,True,6,17.0,17.0,5,False,False,True
2379382,K23,HK251,True,6,18.0,18.0,5,False,False,True
2379382,K23,HK252,True,7,18.0,18.0,9,False,False,True
2379382,K23,HK261,False,0,0.0,0.0,10,False,False,False
2379424,K23,HK231,True,6,16.0,16.0,2,True,False,True
2379424,K23,HK232,True,8,17.0,17.0,3,True,False,True
2379424,K23,HK241,True,5,16.0,16.0,3,True,False,True
2379424,K23,HK242,True,6,17.0,17.0,6,True,False,True
2379424,K23,HK251,True,6,18.0,18.0,9,True,False,True
2379424,K23,HK252,True,7,18.0,18.0,10,True,False,True
2379424,K23,HK261,False,0,0.0,0.0,10,True,False,False
2379575,K23,HK231,True,5,14.0,14.0,1,True,False,True
2379575,K23,HK232,True,7,15.0,15.0,2,True,False,True
2379575,K23,HK241,True,4,14.0,14.0,6,True,False,True
2379575,K23,HK242,True,6,18.0,18.0,9,True,False,True
2379575,K23,HK251,True,6,18.0,18.0,14,True,False,True
2379575,K23,HK252,True,7,18.0,18.0,14,True,True,True
2379575,K23,HK261,True,7,19.0,0.0,21,True,True,False
2379617,K23,HK231,True,5,14.0,14.0,3,False,False,True
2379617,K23,HK232,True,7,15.0,15.0,5,False,False,True
2379617,K23,HK241,True,4,14.0,14.0,7,False,False,True
2379617,K23,HK242,True,6,18.0,18.0,10,False,False,True
2379617,K23,HK251,True,6,18.0,18.0,10,False,False,True
2379617,K23,HK252,True,7,18.0,18.0,11,False,False,True
2379617,K23,HK261,False,0,0.0,0.0,11,False,False,False
2379768,K23,HK231,True,5,14.0,14.0,1,False,False,True
2379768,K23,HK232,True,7,15.0,15.0,3,False,False,True
2379768,K23,HK241,True,4,14.0,14.0,3,False,False,True
2379768,K23,HK242,True,6,18.0,18.0,4,False,False,True
2379768,K23,HK251,True,6,18.0,18.0,7,False,False,True
2379768,K23,HK252,True,7,18.0,18.0,9,False,False,True
2379768,K23,HK261,False,0,0.0,0.0,12,False,False,False
2379810,K23,HK231,True,5,14.0,14.0,0,True,False,True
2379810,K23,HK232,True,7,15.0,15.0,1,True,False,True
2379810,K23,HK241,True,4,14.0,14.0,1,True,False,True
2379810,K23,HK242,True,6,18.0,18.0,4,True,False,True
2379810,K23,HK251,True,6,18.0,18.0,5,True,False,True
2379810,K23,HK252,True,7,18.0,18.0,8,True,False,True
2379810,K23,HK261,False,0,0.0,0.0,11,True,False,False
2379961,K23,HK231,True,6,16.0,16.0,0,True,False,True
2379961,K23,HK232,True,8,17.0,17.0,1,True,False,True
2379961,K23,HK241,True,5,16.0,16.0,2,True,False,True
2379961,K23,HK242,True,6,17.0,17.0,6,True,False,True
2379961,K23,HK251,True,6,18.0,18.0,9,True,False,True
2379961,K23,HK252,True,7,18.0,18.0,12,True,False,True
2379961,K23,HK261,True,7,19.0,0.0,13,True,True,False
2380003,K23,HK231,True,5,14.0,14.0,1,True,False,True
2380003,K23,HK232,True,8,18.0,18.0,3,True,False,True
2380003,K23,HK241,True,6,21.0,21.0,5,True,False,True
2380003,K23,HK242,True,7,20.0,20.0,6,True,False,True
2380003,K23,HK251,True,6,18.0,18.0,9,True,False,True
2380003,K23,HK252,True,7,18.0,18.0,9,True,False,True
2380003,K23,HK261,False,0,0.0,0.0,11,True,False,False
2380154,K23,HK231,True,5,14.0,14.0,1,True,False,True
2380154,K23,HK232,True,7,15.0,15.0,5,True,False,True
2380154,K23,HK241,True,4,14.0,14.0,7,True,False,True
2380154,K23,HK242,True,6,18.0,18.0,11,True,False,True
2380154,K23,HK251,True,6,18.0,18.0,14,True,False,True
2380154,K23,HK252,True,7,18.0,18.0,18,True,True,True
2380154,K23,HK261,True,7,19.0,0.0,22,True,True,False
2380196,K23,HK231,True,6,16.0,16.0,2,True,False,True
2380196,K23,HK232,True,8,17.0,17.0,3,True,False,True
2380196,K23,HK241,True,5,16.0,16.0,4,True,False,True
2380196,K23,HK242,True,6,17.0,17.0,6,True,False,True
2380196,K23,HK251,True,6,18.0,18.0,7,True,False,True
2380196,K23,HK252,True,7,18.0,18.0,9,True,False,True
2380196,K23,HK261,True,6,17.0,0.0,11,True,False,False
2380347,K23,HK231,True,5,14.0,14.0,1,True,False,True
2380347,K23,HK232,True,7,15.0,15.0,1,True,False,True
2380347,K23,HK241,True,4,14.0,14.0,3,True,False,True
2380347,K23,HK242,True,6,18.0,18.0,3,True,False,True
2380347,K23,HK251,True,6,18.0,18.0,4,True,False,True
2380347,K23,HK252,True,7,18.0,18.0,7,True,False,True
2380347,K23,HK261,False,0,0.0,0.0,10,True,False,False
2380389,K23,HK231,True,6,16.0,4.0,2,False,False,True
2380389,K23,HK232,True,9,22.0,7.0,4,False,False,True
2380540,K23,HK231,True,6,16.0,16.0,2,True,False,True
2380540,K23,HK232,True,8,17.0,17.0,3,True,False,True
2380540,K23,HK241,True,5,16.0,16.0,4,True,False,True
2380540,K23,HK242,True,6,17.0,17.0,6,True,False,True
2380540,K23,HK251,True,6,18.0,18.0,9,True,False,True
2380540,K23,HK252,True,7,18.0,18.0,10,True,False,True
2380540,K23,HK261,False,0,0.0,0.0,11,True,False,False
2380582,K23,HK231,True,6,16.0,16.0,1,True,False,True
2380582,K23,HK232,True,8,17.0,17.0,3,True,False,True
2380582,K23,HK241,True,5,16.0,16.0,6,True,False,True
2380582,K23,HK242,True,6,17.0,17.0,11,True,False,True
2380582,K23,HK251,True,6,18.0,18.0,15,True,False,True
2380582,K23,HK252,True,7,18.0,18.0,16,True,True,True
2380582,K23,HK261,True,7,19.0,0.0,17,True,True,False
2380733,K23,HK231,True,5,14.0,14.0,2,False,False,True
2380733,K23,HK232,True,7,15.0,15.0,5,False,False,True
2380733,K23,HK241,True,4,14.0,14.0,5,False,False,True
2380733,K23,HK242,True,6,18.0,18.0,9,False,False,True
2380733,K23,HK251,True,6,18.0,18.0,12,False,False,True
2380733,K23,HK252,True,7,18.0,18.0,13,False,False,True
2380733,K23,HK261,False,0,0.0,0.0,15,False,False,False
2380775,K23,HK231,True,6,16.0,16.0,2,False,False,True
2380775,K23,HK232,True,8,17.0,17.0,3,False,False,True
2380775,K23,HK241,True,5,16.0,16.0,4,False,False,True
2380775,K23,HK242,True,6,17.0,17.0,7,False,False,True
2380775,K23,HK251,True,6,18.0,18.0,7,False,False,True
2380775,K23,HK252,True,7,18.0,18.0,7,False,False,True
2380775,K23,HK261,False,0,0.0,0.0,8,False,False,False
2380926,K23,HK231,True,6,16.0,16.0,1,True,False,True
2380926,K23,HK232,True,8,17.0,17.0,4,True,False,True
2380926,K23,HK241,True,5,16.0,16.0,8,True,False,True
2380926,K23,HK242,True,6,17.0,17.0,9,True,False,True
2380926,K23,HK251,True,6,18.0,18.0,12,True,False,True
2380926,K23,HK252,True,7,18.0,18.0,12,True,True,True
2380926,K23,HK261,True,7,19.0,0.0,13,True,True,False
2380968,K23,HK231,True,6,16.0,16.0,1,False,False,True
2380968,K23,HK232,True,8,17.0,17.0,5,False,False,True
2380968,K23,HK241,True,5,16.0,16.0,5,False,False,True
2380968,K23,HK242,True,6,17.0,17.0,5,False,False,True
2381119,K23,HK231,True,6,16.0,16.0,1,False,False,True
2381119,K23,HK232,True,8,17.0,17.0,3,False,False,True
2381119,K23,HK241,True,5,16.0,16.0,7,False,False,True
2381119,K23,HK242,True,6,17.0,17.0,9,False,False,True
2381119,K23,HK251,True,6,18.0,18.0,11,False,False,True
2381119,K23,HK252,True,7,18.0,18.0,15,False,False,True
2381119,K23,HK261,False,0,0.0,0.0,16,False,False,False
2381161,K23,HK231,True,5,14.0,14.0,4,False,False,True
2381161,K23,HK232,True,7,15.0,15.0,5,False,False,True
2381161,K23,HK241,True,4,14.0,14.0,5,False,False,True
2381161,K23,HK242,True,6,18.0,18.0,7,False,False,True
2381161,K23,HK251,True,6,18.0,18.0,9,False,False,True
2381161,K23,HK252,True,7,18.0,18.0,14,False,False,True
2381161,K23,HK261,False,0,0.0,0.0,16,False,False,False
2381312,K23,HK231,True,5,14.0,14.0,0,False,False,True
2381312,K23,HK232,True,7,15.0,15.0,1,False,False,True
2381312,K23,HK241,True,4,14.0,14.0,3,False,False,True
2381312,K23,HK242,True,6,18.0,18.0,6,False,False,True
2381312,K23,HK251,True,6,18.0,18.0,7,False,False,True
2381312,K23,HK252,True,7,18.0,18.0,7,False,False,True
2381312,K23,HK261,True,6,17.0,0.0,10,False,False,False
2381354,K23,HK231,True,5,14.0,14.0,2,False,False,True
2381354,K23,HK232,True,8,18.0,18.0,4,False,False,True
2381354,K23,HK241,True,6,21.0,21.0,4,False,False,True
2381354,K23,HK242,True,7,20.0,20.0,5,False,False,True
2381354,K23,HK251,True,6,18.0,18.0,5,False,False,True
2381354,K23,HK252,True,7,18.0,18.0,5,False,False,True
2381354,K23,HK261,False,0,0.0,0.0,6,False,False,False
2381505,K23,HK231,True,6,16.0,16.0,3,True,False,True
2381505,K23,HK232,True,8,17.0,17.0,4,True,False,True
2381505,K23,HK241,True,5,16.0,16.0,8,True,False,True
2381505,K23,HK242,True,6,17.0,17.0,8,True,False,True
2381505,K23,HK251,True,6,18.0,18.0,12,True,False,True
2381505,K23,HK252,True,7,18.0,18.0,13,True,True,True
2381505,K23,HK261,True,7,19.0,0.0,15,True,True,False
2381547,K23,HK231,True,6,16.0,16.0,0,True,False,True
2381547,K23,HK232,True,8,17.0,17.0,2,True,False,True
2381547,K23,HK241,True,5,16.0,16.0,3,True,False,True
2381547,K23,HK242,True,6,17.0,17.0,3,True,False,True
2381547,K23,HK251,True,6,18.0,18.0,6,True,False,True
2381547,K23,HK252,True,7,18.0,18.0,8,True,False,True
2381547,K23,HK261,False,0,0.0,0.0,10,True,False,False
2381740,K23,HK231,True,6,16.0,16.0,1,True,False,True
2381740,K23,HK232,True,8,17.0,17.0,1,True,False,True
2381740,K23,HK241,True,5,16.0,16.0,3,True,False,True
2381740,K23,HK242,True,6,17.0,17.0,6,True,False,True
2381740,K23,HK251,True,6,18.0,18.0,7,True,False,True
2381740,K23,HK252,True,7,18.0,18.0,9,True,False,True
2381740,K23,HK261,False,0,0.0,0.0,11,True,False,False
2381933,K23,HK231,True,5,14.0,14.0,7,False,False,True
2381933,K23,HK232,True,7,15.0,15.0,8,False,False,True
2381933,K23,HK241,True,4,14.0,14.0,8,False,False,True
2381933,K23,HK242,True,6,18.0,18.0,9,False,False,True
2381933,K23,HK251,True,6,18.0,18.0,12,False,False,True
2381933,K23,HK252,True,7,18.0,18.0,13,False,False,True
2381933,K23,HK261,False,0,0.0,0.0,15,False,False,False
2382126,K23,HK231,True,6,16.0,16.0,1,False,False,True
2382126,K23,HK232,True,8,17.0,17.0,4,False,False,True
2382126,K23,HK241,True,5,16.0,16.0,9,False,False,True
2382126,K23,HK242,True,6,17.0,17.0,12,False,False,True
2382126,K23,HK251,True,6,18.0,18.0,13,False,False,True
2382126,K23,HK252,True,7,18.0,18.0,14,False,False,True
2382126,K23,HK261,False,0,0.0,0.0,18,False,False,False
2382319,K23,HK231,True,6,16.0,16.0,2,False,False,True
2382319,K23,HK232,True,8,17.0,17.0,3,False,False,True
2382319,K23,HK241,True,5,16.0,16.0,6,False,False,True
2382319,K23,HK242,True,6,17.0,17.0,9,False,False,True
2382319,K23,HK251,True,6,18.0,18.0,11,False,False,True
2382319,K23,HK252,True,7,18.0,18.0,12,False,False,True
2382319,K23,HK261,True,6,17.0,0.0,15,False,False,False
2382512,K23,HK231,True,6,16.0,16.0,1,False,False,True
2382512,K23,HK232,True,8,17.0,17.0,2,False,False,True
2382512,K23,HK241,True,5,16.0,16.0,2,False,False,True
2382512,K23,HK242,True,6,17.0,17.0,3,False,False,True
2382512,K23,HK251,True,6,18.0,18.0,4,False,False,True
2382512,K23,HK252,True,7,18.0,18.0,6,False,False,True
2382512,K23,HK261,True,6,17.0,0.0,8,False,False,False
2382705,K23,HK231,True,5,14.0,14.0,3,False,False,True
2382705,K23,HK232,True,7,15.0,15.0,3,False,False,True
2382705,K23,HK241,True,4,14.0,14.0,3,False,False,True
2382705,K23,HK242,True,6,18.0,18.0,5,False,False,True
2382705,K23,HK251,True,6,18.0,18.0,6,False,False,True
2382705,K23,HK252,True,7,18.0,18.0,8,False,False,True
2382705,K23,HK261,False,0,0.0,0.0,11,False,False,False
2382898,K23,HK231,True,6,16.0,16.0,1,False,False,True
2382898,K23,HK232,True,8,17.0,17.0,1,False,False,True
2382898,K23,HK241,True,5,16.0,16.0,1,False,False,True
2382898,K23,HK242,True,6,17.0,17.0,3,False,False,True
2382898,K23,HK251,True,6,18.0,18.0,6,False,False,True
2382898,K23,HK252,True,7,18.0,18.0,8,False,False,True
2382898,K23,HK261,False,0,0.0,0.0,8,False,False,False
2383091,K23,HK231,True,6,16.0,16.0,3,True,False,True
2383091,K23,HK232,True,8,17.0,17.0,3,True,False,True
2383091,K23,HK241,True,5,16.0,16.0,5,True,False,True
2383091,K23,HK242,True,6,17.0,17.0,6,True,False,True
2383091,K23,HK251,True,6,18.0,18.0,6,True,False,True
2383091,K23,HK252,True,7,18.0,18.0,7,True,False,True
2383091,K23,HK261,False,0,0.0,0.0,8,True,False,False
2383284,K23,HK231,True,6,16.0,16.0,0,False,False,True
2383284,K23,HK232,True,8,17.0,17.0,1,False,False,True
2383284,K23,HK241,True,5,16.0,16.0,4,False,False,True
2383284,K23,HK242,True,6,17.0,17.0,7,False,False,True
2383284,K23,HK251,True,6,18.0,18.0,7,False,False,True
2383284,K23,HK252,True,7,18.0,18.0,10,False,False,True
2383284,K23,HK261,False,0,0.0,0.0,10,False,False,False
2383477,K23,HK231,True,6,16.0,16.0,1,False,False,True
2383477,K23,HK232,True,8,17.0,17.0,5,False,False,True
2383477,K23,HK241,True,5,16.0,16.0,9,False,False,True
2383477,K23,HK242,True,6,17.0,17.0,9,False,False,True
2383477,K23,HK251,True,6,18.0,18.0,9,False,False,True
2383477,K23,HK252,True,7,18.0,18.0,14,False,False,True
2383477,K23,HK261,False,0,0.0,0.0,16,False,False,False
2383670,K23,HK231,True,6,16.0,16.0,2,True,False,True
2383670,K23,HK232,True,8,17.0,17.0,6,True,False,True
2383670,K23,HK241,True,5,16.0,16.0,9,True,False,True
2383670,K23,HK242,True,6,17.0,17.0,11,True,False,True
2383670,K23,HK251,True,6,18.0,18.0,13,True,False,True
2383670,K23,HK252,True,7,18.0,18.0,14,True,True,True
2383670,K23,HK261,True,7,19.0,0.0,18,True,True,False
2383863,K23,HK231,True,6,16.0,16.0,2,True,False,True
2383863,K23,HK232,True,8,17.0,17.0,4,True,False,True
2383863,K23,HK241,True,5,16.0,16.0,6,True,False,True
2383863,K23,HK242,True,6,17.0,17.0,13,True,False,True
2383863,K23,HK251,True,6,18.0,18.0,15,True,True,True
2383863,K23,HK252,True,7,18.0,18.0,17,True,True,True
2383863,K23,HK261,True,7,19.0,0.0,17,True,True,False
2383905,K23,HK231,True,5,14.0,14.0,1,True,False,True
2383905,K23,HK232,True,7,15.0,14.0,1,True,False,True
2383905,K23,HK241,True,5,15.0,14.0,1,True,False,True
2383905,K23,HK242,True,7,19.0,16.0,3,True,False,True
2383905,K23,HK251,True,6,18.0,18.0,4,True,False,True
2383905,K23,HK252,True,7,18.0,18.0,5,True,False,True
2383905,K23,HK261,False,0,0.0,0.0,5,True,False,False
2384056,K23,HK231,True,6,16.0,16.0,1,True,False,True
2384056,K23,HK232,True,8,17.0,17.0,3,True,False,True
2384056,K23,HK241,True,5,16.0,16.0,3,True,False,True
2384056,K23,HK242,True,6,17.0,17.0,5,True,False,True
2384056,K23,HK251,True,6,18.0,18.0,5,True,False,True
2384056,K23,HK252,True,7,18.0,18.0,5,True,False,True
2384056,K23,HK261,False,0,0.0,0.0,6,True,False,False
2384098,K23,HK231,True,6,16.0,16.0,1,True,False,True
2384098,K23,HK232,True,8,17.0,17.0,3,True,False,True
2384098,K23,HK241,True,5,16.0,16.0,5,True,False,True
2384098,K23,HK242,True,6,17.0,17.0,5,True,False,True
2384098,K23,HK251,True,6,18.0,18.0,8,True,False,True
2384098,K23,HK252,True,7,18.0,18.0,10,True,False,True
2384098,K23,HK261,False,0,0.0,0.0,11,True,False,False
2384249,K23,HK231,True,6,16.0,16.0,4,False,False,True
2384249,K23,HK232,True,8,17.0,17.0,5,False,False,True
2384249,K23,HK241,True,5,16.0,16.0,12,False,False,True
2384249,K23,HK242,True,6,17.0,17.0,16,False,False,True
2384249,K23,HK251,True,6,18.0,18.0,18,False,False,True
2384249,K23,HK252,True,7,18.0,18.0,20,False,False,True
2384249,K23,HK261,False,0,0.0,0.0,21,False,False,False
2384291,K23,HK231,True,5,14.0,14.0,2,False,False,True
2384291,K23,HK232,True,7,15.0,15.0,3,False,False,True
2384291,K23,HK241,True,4,14.0,14.0,5,False,False,True
2384291,K23,HK242,True,6,18.0,18.0,8,False,False,True
2384291,K23,HK251,True,6,18.0,18.0,9,False,False,True
2384291,K23,HK252,True,7,18.0,18.0,11,False,False,True
2384291,K23,HK261,False,0,0.0,0.0,15,False,False,False
2384442,K23,HK231,True,6,16.0,16.0,2,True,False,True
2384442,K23,HK232,True,8,17.0,17.0,5,True,False,True
2384442,K23,HK241,True,5,16.0,16.0,7,True,False,True
2384442,K23,HK242,True,6,17.0,17.0,7,True,False,True
2384442,K23,HK251,True,6,18.0,18.0,8,True,False,True
2384442,K23,HK252,True,7,18.0,18.0,8,True,False,True
2384442,K23,HK261,False,0,0.0,0.0,9,True,False,False
2384484,K23,HK231,True,6,16.0,16.0,0,True,False,True
2384484,K23,HK232,True,8,17.0,17.0,4,True,False,True
2384484,K23,HK241,True,5,16.0,16.0,5,True,False,True
2384484,K23,HK242,True,6,17.0,17.0,7,True,False,True
2384484,K23,HK251,True,6,18.0,18.0,12,True,False,True
2384484,K23,HK252,True,7,18.0,18.0,14,True,True,True
2384484,K23,HK261,True,7,19.0,0.0,18,True,True,False
2384635,K23,HK231,True,6,16.0,16.0,1,True,False,True
2384635,K23,HK232,True,8,17.0,17.0,2,True,False,True
2384635,K23,HK241,True,5,16.0,16.0,3,True,False,True
2384635,K23,HK242,True,6,17.0,17.0,5,True,False,True
2384635,K23,HK251,True,6,18.0,18.0,6,True,False,True
2384635,K23,HK252,True,7,18.0,18.0,7,True,False,True
2384635,K23,HK261,True,6,17.0,0.0,8,True,False,False
2384677,K23,HK231,True,5,14.0,14.0,2,False,False,True
2384677,K23,HK232,True,7,15.0,15.0,2,False,False,True
2384677,K23,HK241,True,4,14.0,14.0,2,False,False,True
2384677,K23,HK242,True,6,18.0,18.0,3,False,False,True
2384677,K23,HK251,True,6,18.0,18.0,4,False,False,True
2384677,K23,HK252,True,7,18.0,18.0,4,False,False,True
2384677,K23,HK261,True,6,17.0,0.0,6,False,False,False
2384828,K23,HK231,True,5,14.0,14.0,0,False,False,True
2384828,K23,HK232,True,7,15.0,15.0,0,False,False,True
2384828,K23,HK241,True,4,14.0,14.0,2,False,False,True
2384828,K23,HK242,True,6,18.0,18.0,4,False,False,True
2384828,K23,HK251,True,6,18.0,18.0,6,False,False,True
2384828,K23,HK252,True,7,18.0,18.0,8,False,False,True
2384828,K23,HK261,False,0,0.0,0.0,11,False,False,False
2384870,K23,HK231,True,6,16.0,16.0,0,True,False,True
2384870,K23,HK232,True,8,17.0,17.0,4,True,False,True
2384870,K23,HK241,True,5,16.0,16.0,7,True,False,True
2384870,K23,HK242,True,6,17.0,17.0,9,True,False,True
2384870,K23,HK251,True,6,18.0,18.0,11,True,False,True
2384870,K23,HK252,True,7,18.0,18.0,12,True,False,True
2384870,K23,HK261,True,7,19.0,0.0,12,True,True,False
2385021,K23,HK231,True,6,16.0,16.0,1,True,False,True
2385021,K23,HK232,True,8,17.0,16.0,1,True,False,True
2385021,K23,HK241,True,6,17.0,16.0,3,True,False,True
2385021,K23,HK242,True,7,18.0,16.0,4,True,False,True
2385021,K23,HK251,True,6,17.0,17.0,5,True,False,True
2385021,K23,HK252,True,7,18.0,18.0,5,True,False,True
2385021,K23,HK261,True,6,17.0,0.0,5,True,False,False
2385063,K23,HK231,True,5,14.0,14.0,1,False,False,True
2385063,K23,HK232,True,7,15.0,15.0,4,False,False,True
2385063,K23,HK241,True,4,14.0,14.0,4,False,False,True
2385063,K23,HK242,True,6,18.0,18.0,7,False,False,True
2385063,K23,HK251,True,6,18.0,18.0,9,False,False,True
2385063,K23,HK252,True,7,18.0,18.0,9,False,False,True
2385063,K23,HK261,False,0,0.0,0.0,10,False,False,False
2385214,K23,HK231,True,6,16.0,16.0,1,False,False,True
2385214,K23,HK232,True,8,17.0,17.0,2,False,False,True
2385214,K23,HK241,True,5,16.0,16.0,2,False,False,True
2385214,K23,HK242,True,6,17.0,17.0,5,False,False,True
2385214,K23,HK251,True,6,18.0,18.0,5,False,False,True
2385214,K23,HK252,True,7,18.0,18.0,5,False,False,True
2385214,K23,HK261,False,0,0.0,0.0,8,False,False,False
2385256,K23,HK231,True,5,14.0,14.0,3,False,False,True
2385256,K23,HK232,True,7,15.0,15.0,4,False,False,True
2385256,K23,HK241,True,4,14.0,14.0,5,False,False,True
2385256,K23,HK242,True,6,18.0,18.0,8,False,False,True
2385256,K23,HK251,True,6,18.0,18.0,8,False,False,True
2385256,K23,HK252,True,7,18.0,18.0,9,False,False,True
2385256,K23,HK261,False,0,0.0,0.0,13,False,False,False
2385407,K23,HK231,True,6,16.0,16.0,2,True,False,True
2385407,K23,HK232,True,8,17.0,17.0,5,True,False,True
2385407,K23,HK241,True,5,16.0,16.0,6,True,False,True
2385407,K23,HK242,True,6,17.0,17.0,6,True,False,True
2385407,K23,HK251,True,6,18.0,18.0,11,True,False,True
2385407,K23,HK252,True,7,18.0,18.0,15,True,False,True
2385407,K23,HK261,True,7,19.0,0.0,16,True,True,False
2385449,K23,HK231,True,6,16.0,16.0,1,True,False,True
2385449,K23,HK232,True,8,17.0,17.0,3,True,False,True
2385449,K23,HK241,True,5,16.0,16.0,5,True,False,True
2385449,K23,HK242,True,6,17.0,17.0,6,True,False,True
2385449,K23,HK251,True,6,18.0,18.0,6,True,False,True
2385449,K23,HK252,True,7,18.0,18.0,7,True,False,True
2385449,K23,HK261,False,0,0.0,0.0,10,True,False,False
2385600,K23,HK231,True,6,16.0,11.0,1,True,False,True
2385600,K23,HK232,True,9,20.0,11.0,1,True,False,True
2385600,K23,HK241,True,9,19.0,3.0,2,True,False,True
2385600,K23,HK242,True,10,21.0,13.0,5,True,False,True
2385600,K23,HK251,True,9,20.0,9.0,8,True,False,True
2385600,K23,HK252,True,10,22.0,12.0,8,True,False,True
2385600,K23,HK261,False,0,0.0,0.0,10,True,False,False
2385642,K23,HK231,True,5,14.0,14.0,0,True,False,True
2385642,K23,HK232,True,8,18.0,18.0,3,True,False,True
2385642,K23,HK241,True,6,21.0,21.0,4,True,False,True
2385642,K23,HK242,True,7,20.0,20.0,4,True,False,True
2385642,K23,HK251,True,6,18.0,18.0,5,True,False,True
2385642,K23,HK252,True,7,18.0,18.0,6,True,False,True
2385642,K23,HK261,False,0,0.0,0.0,6,True,False,False
2385793,K23,HK231,True,5,14.0,14.0,2,False,False,True
2385793,K23,HK232,True,7,15.0,15.0,4,False,False,True
2385793,K23,HK241,True,4,14.0,14.0,6,False,False,True
2385793,K23,HK242,True,6,18.0,18.0,8,False,False,True
2385793,K23,HK251,True,6,18.0,18.0,9,False,False,True
2385793,K23,HK252,True,7,18.0,18.0,12,False,False,True
2385793,K23,HK261,False,0,0.0,0.0,14,False,False,False
2385835,K23,HK231,True,6,16.0,16.0,2,True,False,True
2385835,K23,HK232,True,8,17.0,17.0,4,True,False,True
2385835,K23,HK241,True,5,16.0,16.0,8,True,False,True
2385835,K23,HK242,True,6,17.0,17.0,8,True,False,True
2385835,K23,HK251,True,6,18.0,18.0,9,True,False,True
2385835,K23,HK252,True,7,18.0,18.0,12,True,False,True
2385835,K23,HK261,True,7,19.0,0.0,15,True,True,False
2385986,K23,HK231,True,6,16.0,16.0,3,True,False,True
2385986,K23,HK232,True,8,17.0,17.0,6,True,False,True
2385986,K23,HK241,True,5,16.0,16.0,8,True,False,True
2385986,K23,HK242,True,6,17.0,17.0,8,True,False,True
2385986,K23,HK251,True,6,18.0,18.0,8,True,False,True
2385986,K23,HK252,True,7,18.0,18.0,9,True,False,True
2385986,K23,HK261,False,0,0.0,0.0,10,True,False,False
2386028,K23,HK231,True,5,14.0,14.0,2,True,False,True
2386028,K23,HK232,True,7,15.0,15.0,4,True,False,True
2386028,K23,HK241,True,4,14.0,14.0,5,True,False,True
2386028,K23,HK242,True,6,18.0,18.0,5,True,False,True
2386028,K23,HK251,True,6,18.0,18.0,8,True,False,True
2386028,K23,HK252,True,7,18.0,18.0,8,True,False,True
2386028,K23,HK261,False,0,0.0,0.0,11,True,False,False
2386179,K23,HK231,True,5,14.0,14.0,3,True,False,True
2386179,K23,HK232,True,7,15.0,15.0,3,True,False,True
2386179,K23,HK241,True,4,14.0,14.0,5,True,False,True
2386179,K23,HK242,True,6,18.0,18.0,5,True,False,True
2386179,K23,HK251,True,6,18.0,18.0,6,True,False,True
2386179,K23,HK252,True,7,18.0,18.0,11,True,False,True
2386179,K23,HK261,False,0,0.0,0.0,14,True,False,False
2386221,K23,HK231,True,5,14.0,14.0,1,False,False,True
2386221,K23,HK232,True,8,18.0,18.0,2,False,False,True
2386221,K23,HK241,True,6,21.0,21.0,2,False,False,True
2386221,K23,HK242,True,7,20.0,20.0,3,False,False,True
2386221,K23,HK251,True,6,18.0,18.0,5,False,False,True
2386221,K23,HK252,True,7,18.0,18.0,6,False,False,True
2386221,K23,HK261,False,0,0.0,0.0,7,False,False,False
2386372,K23,HK231,True,5,14.0,14.0,0,False,False,True
2386372,K23,HK232,True,7,15.0,15.0,1,False,False,True
2386372,K23,HK241,True,4,14.0,14.0,1,False,False,True
2386372,K23,HK242,True,6,18.0,18.0,2,False,False,True
2386372,K23,HK251,True,6,18.0,18.0,3,False,False,True
2386372,K23,HK252,True,7,18.0,18.0,4,False,False,True
2386372,K23,HK261,False,0,0.0,0.0,5,False,False,False
2386414,K23,HK231,True,6,16.0,16.0,1,False,False,True
2386414,K23,HK232,True,8,17.0,17.0,4,False,False,True
2386414,K23,HK241,True,5,16.0,16.0,5,False,False,True
2386414,K23,HK242,True,6,17.0,17.0,7,False,False,True
2386414,K23,HK251,True,6,18.0,18.0,10,False,False,True
2386414,K23,HK252,True,7,18.0,18.0,11,False,False,True
2386414,K23,HK261,True,6,17.0,0.0,11,False,False,False
2386565,K23,HK231,True,6,16.0,16.0,0,True,False,True
2386565,K23,HK232,True,8,17.0,17.0,0,True,False,True
2386565,K23,HK241,True,5,16.0,16.0,1,True,False,True
2386565,K23,HK242,True,6,17.0,17.0,1,True,False,True
2386565,K23,HK251,True,6,18.0,18.0,2,True,False,True
2386565,K23,HK252,True,7,18.0,18.0,2,True,False,True
2386565,K23,HK261,False,0,0.0,0.0,2,True,False,False
2386607,K23,HK231,True,5,14.0,14.0,1,True,False,True
2386607,K23,HK232,True,7,15.0,15.0,1,True,False,True
2386607,K23,HK241,True,4,14.0,14.0,5,True,False,True
2386607,K23,HK242,True,6,18.0,18.0,8,True,False,True
2386607,K23,HK251,True,6,18.0,18.0,11,True,False,True
2386607,K23,HK252,True,7,18.0,18.0,15,True,False,True
2386607,K23,HK261,True,7,19.0,0.0,18,True,True,False
2386758,K23,HK231,True,5,14.0,14.0,2,True,False,True
2386758,K23,HK232,True,7,15.0,15.0,4,True,False,True
2386758,K23,HK241,True,4,14.0,14.0,6,True,False,True
2386758,K23,HK242,True,6,18.0,18.0,10,True,False,True
2386758,K23,HK251,True,6,18.0,18.0,15,True,False,True
2386758,K23,HK252,True,7,18.0,18.0,18,True,True,True
2386758,K23,HK261,True,7,19.0,0.0,18,True,True,False
2386800,K23,HK231,True,6,16.0,16.0,3,True,False,True
2386800,K23,HK232,True,8,17.0,17.0,4,True,False,True
2386800,K23,HK241,True,5,16.0,16.0,8,True,False,True
2386800,K23,HK242,True,6,17.0,17.0,9,True,False,True
2386800,K23,HK251,True,6,18.0,18.0,12,True,False,True
2386800,K23,HK252,True,7,18.0,18.0,12,True,True,True
2386800,K23,HK261,True,7,19.0,0.0,16,True,True,False
2386993,K23,HK231,True,6,16.0,16.0,0,False,False,True
2386993,K23,HK232,True,8,17.0,17.0,4,False,False,True
2386993,K23,HK241,True,5,16.0,16.0,4,False,False,True
2386993,K23,HK242,True,6,17.0,17.0,6,False,False,True
2386993,K23,HK251,True,6,18.0,18.0,6,False,False,True
2386993,K23,HK252,True,7,18.0,18.0,8,False,False,True
2386993,K23,HK261,False,0,0.0,0.0,8,False,False,False
2387186,K23,HK231,True,6,16.0,16.0,2,False,False,True
2387186,K23,HK232,True,8,17.0,17.0,4,False,False,True
2387186,K23,HK241,True,5,16.0,16.0,5,False,False,True
2387186,K23,HK242,True,6,17.0,17.0,6,False,False,True
2387186,K23,HK251,True,6,18.0,18.0,7,False,False,True
2387186,K23,HK252,True,7,18.0,18.0,7,False,False,True
2387186,K23,HK261,False,0,0.0,0.0,7,False,False,False
2387379,K23,HK231,True,6,16.0,16.0,2,False,False,True
2387379,K23,HK232,True,8,17.0,17.0,5,False,False,True
2387379,K23,HK241,True,5,16.0,16.0,5,False,False,True
2387379,K23,HK242,True,6,17.0,17.0,8,False,False,True
2387379,K23,HK251,True,6,18.0,18.0,8,False,False,True
2387379,K23,HK252,True,7,18.0,18.0,10,False,False,True
2387379,K23,HK261,False,0,0.0,0.0,14,False,False,False
2387572,K23,HK231,True,5,14.0,14.0,0,True,False,True
2387572,K23,HK232,True,7,15.0,15.0,2,True,False,True
2387572,K23,HK241,True,4,14.0,14.0,3,True,False,True
2387572,K23,HK242,True,6,18.0,18.0,4,True,False,True
2387572,K23,HK251,True,6,18.0,18.0,4,True,False,True
2387572,K23,HK252,True,7,18.0,18.0,4,True,False,True
2387572,K23,HK261,False,0,0.0,0.0,4,True,False,False
2387765,K23,HK231,True,6,16.0,4.0,1,False,False,True
2387765,K23,HK232,True,10,22.0,3.0,3,False,False,True
2387958,K23,HK231,True,6,16.0,16.0,4,True,False,True
2387958,K23,HK232,True,8,17.0,17.0,7,True,False,True
2387958,K23,HK241,True,5,16.0,16.0,8,True,False,True
2387958,K23,HK242,True,6,17.0,17.0,10,True,False,True
2387958,K23,HK251,True,6,18.0,18.0,13,True,False,True
2387958,K23,HK252,True,7,18.0,18.0,16,True,True,True
2387958,K23,HK261,True,7,19.0,0.0,18,True,True,False
2388151,K23,HK231,True,5,14.0,14.0,1,False,False,True
2388151,K23,HK232,True,7,15.0,15.0,1,False,False,True
2388151,K23,HK241,True,4,14.0,14.0,7,False,False,True
2388151,K23,HK242,True,6,18.0,18.0,9,False,False,True
2388151,K23,HK251,True,6,18.0,18.0,10,False,False,True
2388151,K23,HK252,True,7,18.0,18.0,10,False,False,True
2388151,K23,HK261,False,0,0.0,0.0,10,False,False,False
2388344,K23,HK231,True,5,14.0,14.0,1,False,False,True
2388344,K23,HK232,True,7,15.0,15.0,5,False,False,True
2388344,K23,HK241,True,4,14.0,14.0,5,False,False,True
2388344,K23,HK242,True,6,18.0,18.0,7,False,False,True
2388344,K23,HK251,True,6,18.0,18.0,10,False,False,True
2388344,K23,HK252,True,7,18.0,18.0,11,False,False,True
2388344,K23,HK261,False,0,0.0,0.0,11,False,False,False
2388537,K23,HK231,True,6,16.0,16.0,3,False,False,True
2388537,K23,HK232,True,8,17.0,17.0,5,False,False,True
2388537,K23,HK241,True,5,16.0,16.0,6,False,False,True
2388537,K23,HK242,True,6,17.0,17.0,11,False,False,True
2388537,K23,HK251,True,6,18.0,18.0,16,False,False,True
2388537,K23,HK252,True,7,18.0,18.0,17,False,False,True
2388537,K23,HK261,True,6,17.0,0.0,18,False,False,False
2388730,K23,HK231,True,6,16.0,16.0,3,False,False,True
2388730,K23,HK232,True,8,17.0,17.0,4,False,False,True
2388730,K23,HK241,True,5,16.0,16.0,6,False,False,True
2388730,K23,HK242,True,6,17.0,17.0,7,False,False,True
2388730,K23,HK251,True,6,18.0,18.0,9,False,False,True
2388730,K23,HK252,True,7,18.0,18.0,11,False,False,True
2388730,K23,HK261,False,0,0.0,0.0,12,False,False,False
2388923,K23,HK231,True,6,16.0,16.0,4,True,False,True
2388923,K23,HK232,True,8,17.0,17.0,4,True,False,True
2388923,K23,HK241,True,5,16.0,16.0,6,True,False,True
2388923,K23,HK242,True,6,17.0,17.0,6,True,False,True
2388923,K23,HK251,True,6,18.0,18.0,6,True,False,True
2388923,K23,HK252,True,7,18.0,18.0,10,True,False,True
2388923,K23,HK261,False,0,0.0,0.0,13,True,False,False
2389116,K23,HK231,True,5,14.0,14.0,0,True,False,True
2389116,K23,HK232,True,7,15.0,15.0,2,True,False,True
2389116,K23,HK241,True,4,14.0,14.0,2,True,False,True
2389116,K23,HK242,True,6,18.0,18.0,5,True,False,True
2389116,K23,HK251,True,6,18.0,18.0,5,True,False,True
2389116,K23,HK252,True,7,18.0,18.0,6,True,False,True
2389116,K23,HK261,False,0,0.0,0.0,6,True,False,False
2389158,K23,HK231,True,6,16.0,16.0,3,True,False,True
2389158,K23,HK232,True,8,17.0,17.0,3,True,False,True
2389158,K23,HK241,True,5,16.0,16.0,5,True,False,True
2389158,K23,HK242,True,6,17.0,17.0,6,True,False,True
2389158,K23,HK251,True,6,18.0,18.0,6,True,False,True
2389158,K23,HK252,True,7,18.0,18.0,7,True,False,True
2389158,K23,HK261,False,0,0.0,0.0,8,True,False,False
2389309,K23,HK231,True,5,14.0,14.0,1,False,False,True
2389309,K23,HK232,True,7,15.0,15.0,2,False,False,True
2389309,K23,HK241,True,4,14.0,14.0,2,False,False,True
2389309,K23,HK242,True,6,18.0,18.0,3,False,False,True
2389309,K23,HK251,True,6,18.0,18.0,3,False,False,True
2389309,K23,HK252,True,7,18.0,18.0,4,False,False,True
2389309,K23,HK261,False,0,0.0,0.0,5,False,False,False
2389351,K23,HK231,True,6,16.0,16.0,1,False,False,True
2389351,K23,HK232,True,8,17.0,17.0,1,False,False,True
2389351,K23,HK241,True,5,16.0,16.0,1,False,False,True
2389351,K23,HK242,True,6,17.0,17.0,2,False,False,True
2389351,K23,HK251,True,6,18.0,18.0,5,False,False,True
2389351,K23,HK252,True,7,18.0,18.0,7,False,False,True
2389351,K23,HK261,False,0,0.0,0.0,10,False,False,False
2389502,K23,HK231,True,5,14.0,14.0,1,True,False,True
2389502,K23,HK232,True,7,15.0,15.0,1,True,False,True
2389502,K23,HK241,True,4,14.0,14.0,3,True,False,True
2389502,K23,HK242,True,6,18.0,18.0,5,True,False,True
2389502,K23,HK251,True,6,18.0,18.0,7,True,False,True
2389502,K23,HK252,True,7,18.0,18.0,12,True,False,True
2389502,K23,HK261,True,7,19.0,0.0,15,True,True,False
2389544,K23,HK231,True,6,16.0,16.0,3,True,False,True
2389544,K23,HK232,True,8,17.0,17.0,4,True,False,True
2389544,K23,HK241,True,5,16.0,16.0,5,True,False,True
2389544,K23,HK242,True,6,17.0,17.0,7,True,False,True
2389544,K23,HK251,True,6,18.0,18.0,8,True,False,True
2389544,K23,HK252,True,7,18.0,18.0,9,True,False,True
2389544,K23,HK261,False,0,0.0,0.0,10,True,False,False
2389695,K23,HK231,True,6,16.0,16.0,2,False,False,True
2389695,K23,HK232,True,8,17.0,17.0,4,False,False,True
2389695,K23,HK241,True,5,16.0,16.0,10,False,False,True
2389695,K23,HK242,True,6,17.0,17.0,15,False,False,True
2389695,K23,HK251,True,6,18.0,18.0,21,False,False,True
2389695,K23,HK252,True,7,18.0,18.0,21,False,False,True
2389695,K23,HK261,False,0,0.0,0.0,25,False,False,False
2389737,K23,HK231,True,5,14.0,14.0,1,False,False,True
2389737,K23,HK232,True,7,15.0,15.0,2,False,False,True
2389737,K23,HK241,True,4,14.0,14.0,2,False,False,True
2389737,K23,HK242,True,6,18.0,18.0,3,False,False,True
2389737,K23,HK251,True,6,18.0,18.0,6,False,False,True
2389737,K23,HK252,True,7,18.0,18.0,8,False,False,True
2389737,K23,HK261,False,0,0.0,0.0,9,False,False,False
2389888,K23,HK231,True,6,16.0,16.0,2,False,False,True
2389888,K23,HK232,True,8,17.0,17.0,4,False,False,True
2389888,K23,HK241,True,5,16.0,16.0,7,False,False,True
2389888,K23,HK242,True,6,17.0,17.0,7,False,False,True
2389888,K23,HK251,True,6,18.0,15.0,8,False,False,True
2389888,K23,HK252,True,7,18.0,18.0,12,False,False,True
2389888,K23,HK261,True,6,17.0,0.0,12,False,False,False
2389930,K23,HK231,True,5,14.0,14.0,3,True,False,True
2389930,K23,HK232,True,7,15.0,15.0,4,True,False,True
2389930,K23,HK241,True,4,14.0,14.0,5,True,False,True
2389930,K23,HK242,True,6,18.0,18.0,7,True,False,True
2389930,K23,HK251,True,6,18.0,18.0,10,True,False,True
2389930,K23,HK252,True,7,18.0,18.0,10,True,False,True
2389930,K23,HK261,True,6,17.0,0.0,13,True,False,False
2390081,K23,HK231,True,6,16.0,16.0,3,True,False,True
2390081,K23,HK232,True,8,17.0,17.0,5,True,False,True
2390081,K23,HK241,True,5,16.0,16.0,8,True,False,True
2390081,K23,HK242,True,6,17.0,17.0,10,True,False,True
2390081,K23,HK251,True,6,18.0,18.0,12,True,False,True
2390081,K23,HK252,True,7,18.0,18.0,14,True,True,True
2390081,K23,HK261,True,7,19.0,0.0,18,True,True,False
2390123,K23,HK231,True,6,16.0,16.0,1,False,False,True
2390123,K23,HK232,True,8,17.0,17.0,1,False,False,True
2390123,K23,HK241,True,5,16.0,16.0,2,False,False,True
2390123,K23,HK242,True,6,17.0,17.0,5,False,False,True
2390123,K23,HK251,True,6,18.0,18.0,5,False,False,True
2390123,K23,HK252,True,7,18.0,18.0,5,False,False,True
2390123,K23,HK261,False,0,0.0,0.0,7,False,False,False
2390274,K23,HK231,True,6,16.0,16.0,1,True,False,True
2390274,K23,HK232,True,8,17.0,17.0,5,True,False,True
2390274,K23,HK241,True,5,16.0,16.0,8,True,False,True
2390274,K23,HK242,True,6,17.0,17.0,8,True,False,True
2390274,K23,HK251,True,6,18.0,18.0,9,True,False,True
2390274,K23,HK252,True,7,18.0,18.0,11,True,False,True
2390274,K23,HK261,False,0,0.0,0.0,11,True,False,False
2390316,K23,HK231,True,6,16.0,16.0,2,True,False,True
2390316,K23,HK232,True,8,17.0,17.0,3,True,False,True
2390316,K23,HK241,True,5,16.0,16.0,6,True,False,True
2390316,K23,HK242,True,6,17.0,17.0,8,True,False,True
2390316,K23,HK251,True,6,18.0,18.0,10,True,False,True
2390316,K23,HK252,True,7,18.0,18.0,11,True,False,True
2390316,K23,HK261,True,6,17.0,0.0,11,True,False,False
2390467,K23,HK231,True,6,16.0,16.0,3,True,False,True
2390467,K23,HK232,True,8,17.0,17.0,3,True,False,True
2390467,K23,HK241,True,5,16.0,16.0,4,True,False,True
2390467,K23,HK242,True,6,17.0,17.0,4,True,False,True
2390467,K23,HK251,True,6,18.0,18.0,5,True,False,True
2390467,K23,HK252,True,7,18.0,18.0,6,True,False,True
2390467,K23,HK261,True,6,17.0,0.0,6,True,False,False
2390509,K23,HK231,True,6,16.0,16.0,0,True,False,True
2390509,K23,HK232,True,8,17.0,17.0,3,True,False,True
2390509,K23,HK241,True,5,16.0,16.0,4,True,False,True
2390509,K23,HK242,True,6,17.0,17.0,4,True,False,True
2390509,K23,HK251,True,6,18.0,18.0,4,True,False,True
2390509,K23,HK252,True,7,18.0,18.0,4,True,False,True
2390509,K23,HK261,False,0,0.0,0.0,6,True,False,False
2390660,K23,HK231,True,6,16.0,16.0,4,False,False,True
2390660,K23,HK232,True,8,17.0,17.0,5,False,False,True
2390660,K23,HK241,True,5,16.0,16.0,5,False,False,True
2390660,K23,HK242,True,6,17.0,17.0,6,False,False,True
2390660,K23,HK251,True,6,18.0,18.0,6,False,False,True
2390660,K23,HK252,True,7,18.0,18.0,7,False,False,True
2390660,K23,HK261,False,0,0.0,0.0,7,False,False,False
2390702,K23,HK231,True,6,16.0,16.0,1,True,False,True
2390702,K23,HK232,True,8,17.0,17.0,2,True,False,True
2390702,K23,HK241,True,5,16.0,16.0,3,True,False,True
2390702,K23,HK242,True,6,17.0,17.0,4,True,False,True
2390702,K23,HK251,True,6,18.0,18.0,5,True,False,True
2390702,K23,HK252,True,7,18.0,18.0,7,True,False,True
2390702,K23,HK261,False,0,0.0,0.0,10,True,False,False
2390853,K23,HK231,True,6,16.0,16.0,0,True,False,True
2390853,K23,HK232,True,8,17.0,17.0,2,True,False,True
2390853,K23,HK241,True,5,16.0,16.0,3,True,False,True
2390853,K23,HK242,True,6,17.0,17.0,7,True,False,True
2390853,K23,HK251,True,6,18.0,18.0,10,True,False,True
2390853,K23,HK252,True,7,18.0,18.0,11,True,False,True
2390853,K23,HK261,False,0,0.0,0.0,12,True,False,False
2390895,K23,HK231,True,6,16.0,16.0,4,False,False,True
2390895,K23,HK232,True,8,17.0,17.0,7,False,False,True
2390895,K23,HK241,True,5,16.0,16.0,11,False,False,True
2390895,K23,HK242,True,6,17.0,17.0,12,False,False,True
2390895,K23,HK251,True,6,18.0,18.0,14,False,False,True
2390895,K23,HK252,True,7,18.0,18.0,15,False,False,True
2390895,K23,HK261,False,0,0.0,0.0,16,False,False,False
2391046,K23,HK231,True,6,16.0,16.0,3,True,False,True
2391046,K23,HK232,True,8,17.0,17.0,4,True,False,True
2391046,K23,HK241,True,5,16.0,16.0,6,True,False,True
2391046,K23,HK242,True,6,17.0,17.0,8,True,False,True
2391046,K23,HK251,True,6,18.0,18.0,9,True,False,True
2391046,K23,HK252,True,7,18.0,18.0,9,True,False,True
2391046,K23,HK261,False,0,0.0,0.0,11,True,False,False
2391088,K23,HK231,True,5,14.0,14.0,3,True,False,True
2391088,K23,HK232,True,7,15.0,15.0,7,True,False,True
2391088,K23,HK241,True,4,14.0,14.0,8,True,False,True
2391088,K23,HK242,True,6,18.0,18.0,10,True,False,True
2391088,K23,HK251,True,6,18.0,18.0,13,True,False,True
2391088,K23,HK252,True,7,18.0,18.0,14,True,True,True
2391088,K23,HK261,True,7,19.0,0.0,14,True,True,False
2391239,K23,HK231,True,6,16.0,14.0,2,True,False,True
2391239,K23,HK232,True,8,17.0,15.0,5,True,False,True
2391239,K23,HK241,True,5,16.0,14.0,6,True,False,True
2391239,K23,HK242,True,6,17.0,17.0,9,True,False,True
2391239,K23,HK251,True,6,18.0,18.0,10,True,False,True
2391239,K23,HK252,True,7,18.0,18.0,13,True,False,True
2391239,K23,HK261,True,7,19.0,0.0,14,True,True,False
2391281,K23,HK231,True,6,16.0,16.0,7,False,False,True
2391281,K23,HK232,True,8,17.0,17.0,14,False,False,True
2391281,K23,HK241,True,5,16.0,16.0,17,False,False,True
2391281,K23,HK242,True,6,17.0,17.0,19,False,False,True
2391281,K23,HK251,True,6,18.0,18.0,21,False,False,True
2391281,K23,HK252,True,7,18.0,18.0,25,False,False,True
2391281,K23,HK261,False,0,0.0,0.0,27,False,False,False
2391432,K23,HK231,True,6,16.0,16.0,1,True,False,True
2391432,K23,HK232,True,8,17.0,17.0,3,True,False,True
2391432,K23,HK241,True,5,16.0,16.0,7,True,False,True
2391432,K23,HK242,True,6,17.0,17.0,9,True,False,True
2391432,K23,HK251,True,6,18.0,18.0,14,True,False,True
2391432,K23,HK252,True,7,18.0,18.0,19,True,True,True
2391432,K23,HK261,True,7,19.0,0.0,19,True,True,False
2391474,K23,HK231,True,6,16.0,16.0,3,True,False,True
2391474,K23,HK232,True,8,17.0,17.0,5,True,False,True
2391474,K23,HK241,True,5,16.0,16.0,5,True,False,True
2391474,K23,HK242,True,6,17.0,17.0,11,True,False,True
2391474,K23,HK251,True,6,18.0,18.0,14,True,False,True
2391474,K23,HK252,True,7,18.0,18.0,16,True,True,True
2391474,K23,HK261,True,7,19.0,0.0,17,True,True,False
2391625,K23,HK231,True,6,16.0,16.0,5,False,False,True
2391625,K23,HK232,True,8,17.0,17.0,6,False,False,True
2391625,K23,HK241,True,5,16.0,16.0,8,False,False,True
2391625,K23,HK242,True,6,17.0,17.0,8,False,False,True
2391625,K23,HK251,True,6,18.0,18.0,11,False,False,True
2391625,K23,HK252,True,7,18.0,18.0,14,False,False,True
2391625,K23,HK261,False,0,0.0,0.0,16,False,False,False
2391667,K23,HK231,True,6,16.0,16.0,3,False,False,True
2391667,K23,HK232,True,8,17.0,17.0,5,False,False,True
2391667,K23,HK241,True,5,16.0,16.0,10,False,False,True
2391667,K23,HK242,True,6,17.0,17.0,11,False,False,True
2391667,K23,HK251,True,6,18.0,18.0,14,False,False,True
2391667,K23,HK252,True,7,18.0,18.0,15,False,False,True
2391667,K23,HK261,False,0,0.0,0.0,21,False,False,False
2391818,K23,HK231,True,6,16.0,16.0,2,True,False,True
2391818,K23,HK232,True,8,17.0,17.0,2,True,False,True
2391818,K23,HK241,True,5,16.0,16.0,3,True,False,True
2391818,K23,HK242,True,6,17.0,17.0,3,True,False,True
2391818,K23,HK251,True,6,18.0,18.0,4,True,False,True
2391818,K23,HK252,True,7,18.0,18.0,7,True,False,True
2391818,K23,HK261,False,0,0.0,0.0,7,True,False,False
2391860,K23,HK231,True,5,14.0,14.0,3,True,False,True
2391860,K23,HK232,True,7,15.0,15.0,4,True,False,True
2391860,K23,HK241,True,4,14.0,14.0,5,True,False,True
2391860,K23,HK242,True,6,18.0,18.0,6,True,False,True
2391860,K23,HK251,True,6,18.0,18.0,9,True,False,True
2391860,K23,HK252,True,7,18.0,18.0,11,True,False,True
2391860,K23,HK261,True,6,17.0,0.0,12,True,False,False
2392011,K23,HK231,True,5,14.0,14.0,4,True,False,True
2392011,K23,HK232,True,7,15.0,15.0,4,True,False,True
2392011,K23,HK241,True,4,14.0,14.0,7,True,False,True
2392011,K23,HK242,True,6,18.0,18.0,9,True,False,True
2392011,K23,HK251,True,6,18.0,18.0,9,True,False,True
2392011,K23,HK252,True,7,18.0,18.0,13,True,False,True
2392011,K23,HK261,True,7,19.0,0.0,15,True,True,False
2392053,K23,HK231,True,6,16.0,16.0,2,False,False,True
2392053,K23,HK232,True,8,17.0,17.0,3,False,False,True
2392053,K23,HK241,True,5,16.0,16.0,3,False,False,True
2392053,K23,HK242,True,6,17.0,17.0,6,False,False,True
2392053,K23,HK251,True,6,18.0,18.0,6,False,False,True
2392053,K23,HK252,True,7,18.0,18.0,8,False,False,True
2392053,K23,HK261,False,0,0.0,0.0,9,False,False,False
2392246,K23,HK231,True,5,14.0,14.0,2,True,False,True
2392246,K23,HK232,True,7,15.0,15.0,3,True,False,True
2392246,K23,HK241,True,4,14.0,14.0,4,True,False,True
2392246,K23,HK242,True,6,18.0,18.0,5,True,False,True
2392246,K23,HK251,True,6,18.0,18.0,5,True,False,True
2392246,K23,HK252,True,7,18.0,18.0,5,True,False,True
2392246,K23,HK261,False,0,0.0,0.0,6,True,False,False
2392439,K23,HK231,True,6,16.0,16.0,2,False,False,True
2392439,K23,HK232,True,8,17.0,17.0,5,False,False,True
2392439,K23,HK241,True,5,16.0,16.0,6,False,False,True
2392439,K23,HK242,True,6,17.0,17.0,9,False,False,True
2392439,K23,HK251,True,6,18.0,18.0,13,False,False,True
2392439,K23,HK252,True,7,18.0,18.0,14,False,False,True
2392439,K23,HK261,True,6,17.0,0.0,16,False,False,False
2392632,K23,HK231,True,6,16.0,16.0,1,False,False,True
2392632,K23,HK232,True,8,17.0,17.0,3,False,False,True
2392632,K23,HK241,True,5,16.0,16.0,6,False,False,True
2392632,K23,HK242,True,6,17.0,17.0,8,False,False,True
2392632,K23,HK251,True,6,18.0,18.0,14,False,False,True
2392632,K23,HK252,True,7,18.0,18.0,15,False,False,True
2392632,K23,HK261,False,0,0.0,0.0,17,False,False,False
2392825,K23,HK231,True,5,14.0,14.0,0,True,False,True
2392825,K23,HK232,True,7,15.0,15.0,0,True,False,True
2392825,K23,HK241,True,4,14.0,14.0,0,True,False,True
2392825,K23,HK242,True,6,18.0,18.0,0,True,False,True
2392825,K23,HK251,True,6,18.0,18.0,0,True,False,True
2392825,K23,HK252,True,7,18.0,18.0,3,True,False,True
2392825,K23,HK261,False,0,0.0,0.0,5,True,False,False
2393018,K23,HK231,True,6,16.0,16.0,2,False,False,True
2393018,K23,HK232,True,8,17.0,17.0,3,False,False,True
2393018,K23,HK241,True,5,16.0,16.0,5,False,False,True
2393018,K23,HK242,True,6,17.0,17.0,5,False,False,True
2393018,K23,HK251,True,6,18.0,18.0,6,False,False,True
2393018,K23,HK252,True,7,18.0,18.0,7,False,False,True
2393018,K23,HK261,False,0,0.0,0.0,8,False,False,False
2393211,K23,HK231,True,6,16.0,16.0,2,True,False,True
2393211,K23,HK232,True,8,17.0,17.0,4,True,False,True
2393211,K23,HK241,True,5,16.0,16.0,9,True,False,True
2393211,K23,HK242,True,6,17.0,17.0,10,True,False,True
2393211,K23,HK251,True,6,18.0,18.0,14,True,False,True
2393211,K23,HK252,True,7,18.0,18.0,15,True,True,True
2393211,K23,HK261,True,7,19.0,0.0,16,True,True,False
2393404,K23,HK231,True,6,16.0,16.0,3,False,False,True
2393404,K23,HK232,True,8,17.0,17.0,3,False,False,True
2393404,K23,HK241,True,5,16.0,16.0,4,False,False,True
2393404,K23,HK242,True,6,17.0,17.0,4,False,False,True
2393404,K23,HK251,True,6,18.0,18.0,4,False,False,True
2393404,K23,HK252,True,7,18.0,18.0,5,False,False,True
2393404,K23,HK261,False,0,0.0,0.0,5,False,False,False
2393597,K23,HK231,True,5,14.0,14.0,1,True,False,True
2393597,K23,HK232,True,7,15.0,15.0,1,True,False,True
2393597,K23,HK241,True,4,14.0,14.0,6,True,False,True
2393597,K23,HK242,True,6,18.0,18.0,7,True,False,True
2393597,K23,HK251,True,6,18.0,18.0,11,True,False,True
2393597,K23,HK252,True,7,18.0,18.0,14,True,False,True
2393597,K23,HK261,True,7,19.0,0.0,17,True,True,False
2393790,K23,HK231,True,5,14.0,14.0,3,True,False,True
2393790,K23,HK232,True,7,15.0,15.0,9,True,False,True
2393790,K23,HK241,True,4,14.0,14.0,11,True,False,True
2393790,K23,HK242,True,6,18.0,18.0,14,True,False,True
2393790,K23,HK251,True,6,18.0,18.0,16,True,True,True
2393790,K23,HK252,True,7,18.0,18.0,17,True,True,True
2393790,K23,HK261,True,7,19.0,0.0,17,True,True,False
2393983,K23,HK231,True,6,16.0,16.0,2,True,False,True
2393983,K23,HK232,True,8,17.0,17.0,4,True,False,True
2393983,K23,HK241,True,5,16.0,16.0,6,True,False,True
2393983,K23,HK242,True,6,17.0,17.0,10,True,False,True
2393983,K23,HK251,True,6,18.0,18.0,11,True,False,True
2393983,K23,HK252,True,7,18.0,18.0,13,True,False,True
2393983,K23,HK261,True,7,19.0,0.0,15,True,True,False
2394176,K23,HK231,True,6,16.0,16.0,2,False,False,True
2394176,K23,HK232,True,8,17.0,17.0,5,False,False,True
2394176,K23,HK241,True,5,16.0,16.0,5,False,False,True
2394176,K23,HK242,True,6,17.0,17.0,7,False,False,True
2394176,K23,HK251,True,6,18.0,18.0,9,False,False,True
2394176,K23,HK252,True,7,18.0,18.0,12,False,False,True
2394176,K23,HK261,False,0,0.0,0.0,13,False,False,False
2394369,K23,HK231,True,6,16.0,16.0,2,True,False,True
2394369,K23,HK232,True,8,17.0,17.0,6,True,False,True
2394369,K23,HK241,True,5,16.0,16.0,7,True,False,True
2394369,K23,HK242,True,6,17.0,17.0,9,True,False,True
2394369,K23,HK251,True,6,18.0,18.0,12,True,False,True
2394369,K23,HK252,True,7,18.0,18.0,13,True,True,True
2394369,K23,HK261,True,7,19.0,0.0,14,True,True,False
2394411,K23,HK231,True,6,16.0,16.0,4,False,False,True
2394411,K23,HK232,True,8,17.0,17.0,7,False,False,True
2394411,K23,HK241,True,5,16.0,16.0,11,False,False,True
2394411,K23,HK242,True,6,17.0,17.0,11,False,False,True
2394411,K23,HK251,True,6,18.0,18.0,13,False,False,True
2394411,K23,HK252,True,7,18.0,18.0,15,False,False,True
2394411,K23,HK261,False,0,0.0,0.0,18,False,False,False
2394562,K23,HK231,True,5,14.0,14.0,0,True,False,True
2394562,K23,HK232,True,7,15.0,15.0,1,True,False,True
2394562,K23,HK241,True,4,14.0,14.0,4,True,False,True
2394562,K23,HK242,True,6,18.0,18.0,4,True,False,True
2394562,K23,HK251,True,6,18.0,18.0,4,True,False,True
2394562,K23,HK252,True,7,18.0,18.0,4,True,False,True
2394562,K23,HK261,False,0,0.0,0.0,4,True,False,False
2394604,K23,HK231,True,6,16.0,16.0,4,False,False,True
2394604,K23,HK232,True,8,17.0,17.0,10,False,False,True
2394604,K23,HK241,True,5,16.0,16.0,13,False,False,True
2394755,K23,HK231,True,6,16.0,16.0,0,True,False,True
2394755,K23,HK232,True,8,17.0,17.0,2,True,False,True
2394755,K23,HK241,True,5,16.0,16.0,5,True,False,True
2394755,K23,HK242,True,6,17.0,17.0,5,True,False,True
2394755,K23,HK251,True,6,18.0,18.0,8,True,False,True
2394755,K23,HK252,True,7,18.0,18.0,9,True,False,True
2394755,K23,HK261,False,0,0.0,0.0,10,True,False,False
2394797,K23,HK231,True,6,16.0,16.0,1,True,False,True
2394797,K23,HK232,True,8,17.0,17.0,2,True,False,True
2394797,K23,HK241,True,5,16.0,16.0,2,True,False,True
2394797,K23,HK242,True,6,17.0,17.0,3,True,False,True
2394797,K23,HK251,True,6,18.0,18.0,6,True,False,True
2394797,K23,HK252,True,7,18.0,18.0,7,True,False,True
2394797,K23,HK261,False,0,0.0,0.0,10,True,False,False
2394948,K23,HK231,True,6,16.0,4.0,1,False,False,True
2394948,K23,HK232,True,9,22.0,4.0,2,False,False,True
2394990,K23,HK231,True,6,16.0,16.0,3,True,False,True
2394990,K23,HK232,True,8,17.0,17.0,5,True,False,True
2394990,K23,HK241,True,5,16.0,16.0,6,True,False,True
2394990,K23,HK242,True,6,17.0,17.0,8,True,False,True
2394990,K23,HK251,True,6,18.0,18.0,13,True,False,True
2394990,K23,HK252,True,7,18.0,18.0,16,True,True,True
2394990,K23,HK261,True,7,19.0,0.0,18,True,True,False
2395141,K23,HK231,True,6,16.0,16.0,2,False,False,True
2395141,K23,HK232,True,8,17.0,15.0,2,False,False,True
2395141,K23,HK241,True,5,16.0,14.0,6,False,False,True
2395141,K23,HK242,True,6,17.0,17.0,7,False,False,True
2395141,K23,HK251,True,6,18.0,18.0,8,False,False,True
2395141,K23,HK252,True,7,18.0,18.0,8,False,False,True
2395141,K23,HK261,False,0,0.0,0.0,13,False,False,False
2395183,K23,HK231,True,6,16.0,16.0,1,False,False,True
2395183,K23,HK232,True,8,17.0,17.0,2,False,False,True
2395183,K23,HK241,True,5,16.0,16.0,3,False,False,True
2395183,K23,HK242,True,6,17.0,17.0,4,False,False,True
2395183,K23,HK251,True,6,18.0,18.0,5,False,False,True
2395183,K23,HK252,True,7,18.0,18.0,7,False,False,True
2395183,K23,HK261,False,0,0.0,0.0,8,False,False,False
2395334,K23,HK231,True,6,16.0,16.0,1,True,False,True
2395334,K23,HK232,True,8,17.0,17.0,3,True,False,True
2395334,K23,HK241,True,5,16.0,16.0,8,True,False,True
2395334,K23,HK242,True,6,17.0,17.0,9,True,False,True
2395334,K23,HK251,True,6,18.0,18.0,10,True,False,True
2395334,K23,HK252,True,7,18.0,18.0,12,True,False,True
2395334,K23,HK261,True,7,19.0,0.0,13,True,True,False
2395376,K23,HK231,True,5,14.0,14.0,1,False,False,True
2395376,K23,HK232,True,7,15.0,15.0,3,False,False,True
2395527,K23,HK231,True,6,16.0,16.0,1,False,False,True
2395527,K23,HK232,True,8,17.0,17.0,2,False,False,True
2395527,K23,HK241,True,5,16.0,16.0,3,False,False,True
2395527,K23,HK242,True,6,17.0,17.0,3,False,False,True
2395527,K23,HK251,True,6,18.0,18.0,5,False,False,True
2395527,K23,HK252,True,7,18.0,18.0,5,False,False,True
2395527,K23,HK261,True,6,17.0,0.0,6,False,False,False
2395569,K23,HK231,True,6,16.0,16.0,7,False,False,True
2395569,K23,HK232,True,8,17.0,17.0,9,False,False,True
2395569,K23,HK241,True,5,16.0,16.0,12,False,False,True
2395569,K23,HK242,True,6,17.0,17.0,14,False,False,True
2395569,K23,HK251,True,6,18.0,18.0,17,False,False,True
2395569,K23,HK252,True,7,18.0,18.0,19,False,False,True
2395569,K23,HK261,False,0,0.0,0.0,20,False,False,False
2395720,K23,HK231,True,6,16.0,16.0,4,True,False,True
2395720,K23,HK232,True,8,17.0,17.0,5,True,False,True
2395762,K23,HK231,True,6,16.0,16.0,2,True,False,True
2395762,K23,HK232,True,8,17.0,17.0,5,True,False,True
2395762,K23,HK241,True,5,16.0,16.0,8,True,False,True
2395762,K23,HK242,True,6,17.0,17.0,11,True,False,True
2395762,K23,HK251,True,6,18.0,18.0,13,True,False,True
2395762,K23,HK252,True,7,18.0,18.0,15,True,True,True
2395762,K23,HK261,True,7,19.0,0.0,19,True,True,False
2395913,K23,HK231,True,5,14.0,14.0,2,True,False,True
2395913,K23,HK232,True,7,15.0,15.0,3,True,False,True
2395913,K23,HK241,True,4,14.0,14.0,4,True,False,True
2395913,K23,HK242,True,6,18.0,18.0,7,True,False,True
2395913,K23,HK251,True,6,18.0,18.0,7,True,False,True
2395913,K23,HK252,True,7,18.0,18.0,8,True,False,True
2395913,K23,HK261,False,0,0.0,0.0,10,True,False,False
2395955,K23,HK231,True,5,14.0,14.0,0,True,False,True
2395955,K23,HK232,True,7,15.0,15.0,1,True,False,True
2395955,K23,HK241,True,4,14.0,14.0,1,True,False,True
2395955,K23,HK242,True,6,18.0,18.0,5,True,False,True
2395955,K23,HK251,True,6,18.0,18.0,6,True,False,True
2395955,K23,HK252,True,7,18.0,18.0,9,True,False,True
2395955,K23,HK261,False,0,0.0,0.0,12,True,False,False
2396106,K23,HK231,True,6,16.0,16.0,3,False,False,True
2396106,K23,HK232,True,8,17.0,17.0,6,False,False,True
2396106,K23,HK241,True,5,16.0,16.0,9,False,False,True
2396106,K23,HK242,True,6,17.0,17.0,10,False,False,True
2396106,K23,HK251,True,6,18.0,18.0,11,False,False,True
2396106,K23,HK252,True,7,18.0,18.0,14,False,False,True
2396106,K23,HK261,False,0,0.0,0.0,16,False,False,False
2396148,K23,HK231,True,6,16.0,16.0,2,False,False,True
2396148,K23,HK232,True,8,17.0,17.0,5,False,False,True
2396148,K23,HK241,True,5,16.0,16.0,9,False,False,True
2396148,K23,HK242,True,6,17.0,17.0,10,False,False,True
2396148,K23,HK251,True,6,18.0,18.0,12,False,False,True
2396148,K23,HK252,True,7,18.0,18.0,14,False,False,True
2396148,K23,HK261,False,0,0.0,0.0,15,False,False,False
2396299,K23,HK231,True,6,16.0,16.0,1,True,False,True
2396299,K23,HK232,True,8,17.0,17.0,1,True,False,True
2396299,K23,HK241,True,5,16.0,16.0,4,True,False,True
2396299,K23,HK242,True,6,17.0,17.0,7,True,False,True
2396299,K23,HK251,True,6,18.0,18.0,10,True,False,True
2396299,K23,HK252,True,7,18.0,18.0,11,True,False,True
2396299,K23,HK261,False,0,0.0,0.0,12,True,False,False
2396341,K23,HK231,True,6,16.0,16.0,1,False,False,True
2396341,K23,HK232,True,8,17.0,17.0,1,False,False,True
2396341,K23,HK241,True,5,16.0,16.0,2,False,False,True
2396341,K23,HK242,True,6,17.0,17.0,2,False,False,True
2396341,K23,HK251,True,6,18.0,18.0,4,False,False,True
2396341,K23,HK252,True,7,18.0,18.0,5,False,False,True
2396341,K23,HK261,False,0,0.0,0.0,6,False,False,False
2396492,K23,HK231,True,5,14.0,14.0,2,True,False,True
2396492,K23,HK232,True,7,15.0,15.0,4,True,False,True
2396492,K23,HK241,True,4,14.0,14.0,4,True,False,True
2396492,K23,HK242,True,6,18.0,18.0,8,True,False,True
2396492,K23,HK251,True,6,18.0,18.0,9,True,False,True
2396492,K23,HK252,True,7,18.0,18.0,11,True,False,True
2396492,K23,HK261,True,6,17.0,0.0,12,True,False,False
2396534,K23,HK231,True,6,16.0,16.0,1,False,False,True
2396534,K23,HK232,True,8,17.0,17.0,1,False,False,True
2396534,K23,HK241,True,5,16.0,16.0,4,False,False,True
2396534,K23,HK242,True,6,17.0,17.0,7,False,False,True
2396534,K23,HK251,True,6,18.0,18.0,8,False,False,True
2396534,K23,HK252,True,7,18.0,18.0,9,False,False,True
2396534,K23,HK261,False,0,0.0,0.0,10,False,False,False
2396685,K23,HK231,True,6,16.0,16.0,0,True,False,True
2396685,K23,HK232,True,8,17.0,16.0,1,True,False,True
2396685,K23,HK241,True,6,17.0,16.0,3,True,False,True
2396685,K23,HK242,True,7,18.0,18.0,4,True,False,True
2396685,K23,HK251,True,6,18.0,18.0,6,True,False,True
2396685,K23,HK252,True,7,18.0,18.0,8,True,False,True
2396685,K23,HK261,False,0,0.0,0.0,10,True,False,False
2396727,K23,HK231,True,6,16.0,16.0,4,True,False,True
2396727,K23,HK232,True,8,17.0,17.0,6,True,False,True
2396727,K23,HK241,True,5,16.0,16.0,8,True,False,True
2396727,K23,HK242,True,6,17.0,17.0,9,True,False,True
2396727,K23,HK251,True,6,18.0,18.0,10,True,False,True
2396727,K23,HK252,True,7,18.0,18.0,16,True,False,True
2396727,K23,HK261,True,7,19.0,0.0,20,True,True,False
2396878,K23,HK231,True,6,16.0,16.0,1,False,False,True
2396878,K23,HK232,True,8,17.0,17.0,2,False,False,True
2396878,K23,HK241,True,5,16.0,16.0,4,False,False,True
2396878,K23,HK242,True,6,17.0,17.0,6,False,False,True
2396878,K23,HK251,True,6,18.0,18.0,8,False,False,True
2396878,K23,HK252,True,7,18.0,18.0,11,False,False,True
2396878,K23,HK261,False,0,0.0,0.0,13,False,False,False
2396920,K23,HK231,True,5,14.0,14.0,6,True,False,True
2396920,K23,HK232,True,7,15.0,15.0,11,True,False,True
2396920,K23,HK241,True,4,14.0,14.0,16,True,False,True
2396920,K23,HK242,True,6,18.0,18.0,17,True,True,True
2396920,K23,HK251,True,6,18.0,18.0,20,True,True,True
2396920,K23,HK252,True,7,18.0,18.0,22,True,True,True
2396920,K23,HK261,True,7,19.0,0.0,25,True,True,False
2397071,K23,HK231,True,6,16.0,16.0,0,True,False,True
2397071,K23,HK232,True,8,17.0,17.0,0,True,False,True
2397071,K23,HK241,True,5,16.0,16.0,2,True,False,True
2397071,K23,HK242,True,6,17.0,17.0,2,True,False,True
2397071,K23,HK251,True,6,18.0,18.0,2,True,False,True
2397071,K23,HK252,True,7,18.0,18.0,3,True,False,True
2397071,K23,HK261,False,0,0.0,0.0,5,True,False,False
2397113,K23,HK231,True,5,14.0,14.0,1,True,False,True
2397113,K23,HK232,True,7,15.0,15.0,4,True,False,True
2397113,K23,HK241,True,4,14.0,14.0,5,True,False,True
2397113,K23,HK242,True,6,18.0,18.0,6,True,False,True
2397113,K23,HK251,True,6,18.0,18.0,7,True,False,True
2397113,K23,HK252,True,7,18.0,18.0,11,True,False,True
2397113,K23,HK261,False,0,0.0,0.0,14,True,False,False
2397264,K23,HK231,True,6,16.0,16.0,0,False,False,True
2397264,K23,HK232,True,8,17.0,17.0,4,False,False,True
2397264,K23,HK241,True,5,16.0,16.0,4,False,False,True
2397264,K23,HK242,True,6,17.0,17.0,5,False,False,True
2397264,K23,HK251,True,6,18.0,18.0,9,False,False,True
2397264,K23,HK252,True,7,18.0,18.0,10,False,False,True
2397264,K23,HK261,False,0,0.0,0.0,13,False,False,False
2397306,K23,HK231,True,6,16.0,16.0,3,True,False,True
2397306,K23,HK232,True,8,17.0,17.0,4,True,False,True
2397306,K23,HK241,True,5,16.0,16.0,6,True,False,True
2397306,K23,HK242,True,6,17.0,17.0,9,True,False,True
2397306,K23,HK251,True,6,18.0,18.0,13,True,False,True
2397306,K23,HK252,True,7,18.0,18.0,16,True,True,True
2397306,K23,HK261,True,7,19.0,0.0,19,True,True,False
2397499,K23,HK231,True,6,16.0,16.0,3,True,False,True
2397499,K23,HK232,True,8,17.0,17.0,3,True,False,True
2397499,K23,HK241,True,5,16.0,16.0,4,True,False,True
2397499,K23,HK242,True,6,17.0,17.0,6,True,False,True
2397499,K23,HK251,True,6,18.0,18.0,10,True,False,True
2397499,K23,HK252,True,7,18.0,18.0,15,True,False,True
2397499,K23,HK261,True,7,19.0,0.0,16,True,True,False
2397692,K23,HK231,True,6,16.0,16.0,0,True,False,True
2397692,K23,HK232,True,8,17.0,17.0,1,True,False,True
2397692,K23,HK241,True,5,16.0,16.0,2,True,False,True
2397692,K23,HK242,True,6,17.0,17.0,2,True,False,True
2397692,K23,HK251,True,6,18.0,18.0,3,True,False,True
2397692,K23,HK252,True,7,18.0,18.0,3,True,False,True
2397692,K23,HK261,False,0,0.0,0.0,3,True,False,False
2397885,K23,HK231,True,6,16.0,16.0,0,True,False,True
2397885,K23,HK232,True,8,17.0,17.0,2,True,False,True
2397885,K23,HK241,True,5,16.0,16.0,3,True,False,True
2397885,K23,HK242,True,6,17.0,17.0,3,True,False,True
2397885,K23,HK251,True,6,18.0,18.0,4,True,False,True
2397885,K23,HK252,True,7,18.0,18.0,8,True,False,True
2397885,K23,HK261,False,0,0.0,0.0,11,True,False,False
2398078,K23,HK231,True,6,16.0,16.0,0,True,False,True
2398078,K23,HK232,True,8,17.0,17.0,0,True,False,True
2398078,K23,HK241,True,5,16.0,16.0,0,True,False,True
2398078,K23,HK242,True,6,17.0,17.0,0,True,False,True
2398078,K23,HK251,True,6,18.0,18.0,1,True,False,True
2398078,K23,HK252,True,7,18.0,18.0,2,True,False,True
2398078,K23,HK261,True,6,17.0,0.0,2,True,False,False
2398271,K23,HK231,True,6,16.0,16.0,3,True,False,True
2398271,K23,HK232,True,8,17.0,17.0,4,True,False,True
2398271,K23,HK241,True,5,16.0,16.0,4,True,False,True
2398271,K23,HK242,True,6,17.0,17.0,4,True,False,True
2398271,K23,HK251,True,6,18.0,18.0,6,True,False,True
2398271,K23,HK252,True,7,18.0,18.0,6,True,False,True
2398271,K23,HK261,True,6,17.0,0.0,6,True,False,False
2398464,K23,HK231,True,6,16.0,16.0,2,True,False,True
2398464,K23,HK232,True,8,17.0,17.0,3,True,False,True
2398464,K23,HK241,True,5,16.0,16.0,4,True,False,True
2398464,K23,HK242,True,6,17.0,17.0,5,True,False,True
2398464,K23,HK251,True,6,18.0,18.0,7,True,False,True
2398464,K23,HK252,True,7,18.0,18.0,7,True,False,True
2398464,K23,HK261,False,0,0.0,0.0,8,True,False,False
2398657,K23,HK231,True,5,14.0,14.0,0,True,False,True
2398657,K23,HK232,True,7,15.0,15.0,3,True,False,True
2398657,K23,HK241,True,4,14.0,14.0,7,True,False,True
2398657,K23,HK242,True,6,18.0,18.0,10,True,False,True
2398657,K23,HK251,True,6,18.0,18.0,12,True,False,True
2398657,K23,HK252,True,7,18.0,18.0,15,True,True,True
2398657,K23,HK261,True,7,19.0,0.0,17,True,True,False
2398850,K23,HK231,True,5,14.0,14.0,0,True,False,True
2398850,K23,HK232,True,7,15.0,15.0,3,True,False,True
2398850,K23,HK241,True,4,14.0,14.0,5,True,False,True
2398850,K23,HK242,True,6,18.0,18.0,8,True,False,True
2398850,K23,HK251,True,6,18.0,18.0,10,True,False,True
2398850,K23,HK252,True,7,18.0,18.0,12,True,False,True
2398850,K23,HK261,True,7,19.0,0.0,13,True,True,False
2399043,K23,HK231,True,5,14.0,14.0,1,True,False,True
2399043,K23,HK232,True,7,15.0,15.0,2,True,False,True
2399043,K23,HK241,True,4,14.0,14.0,3,True,False,True
2399043,K23,HK242,True,6,18.0,18.0,7,True,False,True
2399043,K23,HK251,True,6,18.0,18.0,11,True,False,True
2399043,K23,HK252,True,7,18.0,18.0,12,True,False,True
2399043,K23,HK261,True,7,19.0,0.0,17,True,True,False
2399236,K23,HK231,True,5,14.0,14.0,0,True,False,True
2399236,K23,HK232,True,7,15.0,15.0,0,True,False,True
2399236,K23,HK241,True,4,14.0,14.0,2,True,False,True
2399236,K23,HK242,True,6,18.0,18.0,3,True,False,True
2399236,K23,HK251,True,6,18.0,18.0,4,True,False,True
2399236,K23,HK252,True,7,18.0,18.0,4,True,False,True
2399236,K23,HK261,False,0,0.0,0.0,5,True,False,False
2399429,K23,HK231,True,6,16.0,16.0,1,False,False,True
2399429,K23,HK232,True,8,17.0,17.0,1,False,False,True
2399429,K23,HK241,True,5,16.0,16.0,3,False,False,True
2399429,K23,HK242,True,6,17.0,17.0,4,False,False,True
2399429,K23,HK251,True,6,18.0,18.0,4,False,False,True
2399429,K23,HK252,True,7,18.0,18.0,6,False,False,True
2399429,K23,HK261,False,0,0.0,0.0,9,False,False,False
2399622,K23,HK231,True,5,14.0,14.0,3,True,False,True
2399622,K23,HK232,True,7,15.0,15.0,6,True,False,True
2399622,K23,HK241,True,4,14.0,14.0,12,True,False,True
2399622,K23,HK242,True,6,18.0,18.0,12,True,True,True
2399622,K23,HK251,True,6,18.0,18.0,14,True,True,True
2399622,K23,HK252,True,7,18.0,18.0,17,True,True,True
2399622,K23,HK261,True,7,19.0,0.0,18,True,True,False
2399664,K23,HK231,True,6,16.0,16.0,1,True,False,True
2399664,K23,HK232,True,8,17.0,17.0,5,True,False,True
2399664,K23,HK241,True,5,16.0,16.0,9,True,False,True
2399664,K23,HK242,True,6,17.0,17.0,12,True,False,True
2399664,K23,HK251,True,6,18.0,18.0,15,True,True,True
2399664,K23,HK252,True,7,18.0,18.0,17,True,True,True
2399664,K23,HK261,True,7,19.0,0.0,20,True,True,False
2399815,K23,HK231,True,6,16.0,16.0,0,False,False,True
2399815,K23,HK232,True,8,17.0,17.0,3,False,False,True
2399815,K23,HK241,True,5,16.0,16.0,5,False,False,True
2399815,K23,HK242,True,6,17.0,17.0,7,False,False,True
2399815,K23,HK251,True,6,18.0,18.0,9,False,False,True
2399815,K23,HK252,True,7,18.0,18.0,10,False,False,True
2399815,K23,HK261,False,0,0.0,0.0,15,False,False,False
2399857,K23,HK231,True,6,16.0,16.0,5,True,False,True
2399857,K23,HK232,True,8,17.0,17.0,6,True,False,True
2399857,K23,HK241,True,5,16.0,16.0,7,True,False,True
2399857,K23,HK242,True,6,17.0,17.0,12,True,False,True
2399857,K23,HK251,True,6,18.0,18.0,17,True,True,True
2399857,K23,HK252,True,7,18.0,18.0,20,True,True,True
2399857,K23,HK261,True,7,19.0,0.0,20,True,True,False
2400052,K24,HK241,True,6,16.0,16.0,1,True,False,True
2400052,K24,HK242,True,8,17.0,17.0,2,True,False,True
2400052,K24,HK251,True,6,19.0,19.0,4,True,False,True
2400052,K24,HK252,True,6,17.0,17.0,6,True,False,True
2400052,K24,HK261,True,6,18.0,0.0,6,True,False,False
2400220,K24,HK241,True,6,16.0,16.0,2,False,False,True
2400220,K24,HK242,True,8,17.0,17.0,3,False,False,True
2400220,K24,HK251,True,5,16.0,16.0,3,False,False,True
2400220,K24,HK252,True,6,17.0,17.0,6,False,False,True
2400220,K24,HK261,True,6,18.0,0.0,6,False,False,False
2400285,K24,HK241,True,6,16.0,16.0,2,False,False,True
2400285,K24,HK242,True,8,17.0,17.0,6,False,False,True
2400285,K24,HK251,True,5,16.0,16.0,6,False,False,True
2400285,K24,HK252,True,6,17.0,17.0,7,False,False,True
2400285,K24,HK261,True,6,18.0,0.0,10,False,False,False
2400350,K24,HK241,True,6,16.0,8.0,2,False,False,True
2400350,K24,HK242,True,10,22.0,10.0,4,False,False,True
2400350,K24,HK251,True,8,22.0,10.0,9,False,False,True
2400350,K24,HK252,True,7,20.0,8.0,9,False,False,True
2400350,K24,HK261,True,7,21.0,0.0,10,False,False,False
2400583,K24,HK241,True,6,16.0,16.0,3,False,False,True
2400583,K24,HK242,True,8,17.0,17.0,3,False,False,True
2400583,K24,HK251,True,5,16.0,16.0,4,False,False,True
2400583,K24,HK252,True,6,17.0,17.0,6,False,False,True
2400583,K24,HK261,True,6,18.0,0.0,6,False,False,False
2400648,K24,HK241,True,6,16.0,16.0,2,True,False,True
2400648,K24,HK242,True,8,17.0,17.0,3,True,False,True
2400648,K24,HK251,True,5,16.0,16.0,5,True,False,True
2400648,K24,HK252,True,6,17.0,17.0,7,True,False,True
2400648,K24,HK261,True,6,18.0,0.0,9,True,False,False
2400713,K24,HK241,True,6,16.0,16.0,1,False,False,True
2400713,K24,HK242,True,8,17.0,17.0,2,False,False,True
2400713,K24,HK251,True,6,19.0,19.0,5,False,False,True
2400713,K24,HK252,True,6,17.0,17.0,7,False,False,True
2400713,K24,HK261,True,6,18.0,0.0,12,False,False,False
2400946,K24,HK241,True,6,16.0,16.0,1,True,False,True
2400946,K24,HK242,True,8,17.0,17.0,1,True,False,True
2400946,K24,HK251,True,5,16.0,16.0,2,True,False,True
2400946,K24,HK252,True,6,17.0,17.0,6,True,False,True
2400946,K24,HK261,True,6,18.0,0.0,9,True,False,False
2401011,K24,HK241,True,6,16.0,16.0,4,True,False,True
2401011,K24,HK242,True,8,17.0,17.0,6,True,False,True
2401011,K24,HK251,True,5,16.0,16.0,7,True,False,True
2401011,K24,HK252,True,6,17.0,17.0,11,True,False,True
2401011,K24,HK261,True,6,18.0,0.0,12,True,False,False
2401244,K24,HK241,True,6,16.0,16.0,2,True,False,True
2401244,K24,HK242,True,8,17.0,17.0,2,True,False,True
2401244,K24,HK251,True,5,16.0,16.0,2,True,False,True
2401244,K24,HK252,True,6,17.0,17.0,2,True,False,True
2401244,K24,HK261,True,6,18.0,0.0,2,True,False,False
2401309,K24,HK241,True,6,16.0,16.0,4,True,False,True
2401309,K24,HK242,True,8,17.0,17.0,6,True,False,True
2401309,K24,HK251,True,5,16.0,16.0,6,True,False,True
2401309,K24,HK252,True,6,17.0,17.0,7,True,False,True
2401309,K24,HK261,True,6,18.0,0.0,8,True,False,False
2401374,K24,HK241,True,6,16.0,16.0,3,False,False,True
2401374,K24,HK242,True,8,17.0,17.0,5,False,False,True
2401374,K24,HK251,True,5,16.0,16.0,6,False,False,True
2401374,K24,HK252,True,6,17.0,17.0,10,False,False,True
2401374,K24,HK261,True,6,18.0,0.0,11,False,False,False
2401607,K24,HK241,True,6,16.0,16.0,3,True,False,True
2401607,K24,HK242,True,8,17.0,17.0,6,True,False,True
2401607,K24,HK251,True,5,16.0,16.0,8,True,False,True
2401607,K24,HK252,True,6,17.0,17.0,10,True,False,True
2401607,K24,HK261,True,6,18.0,0.0,12,True,False,False
2401672,K24,HK241,True,6,16.0,8.0,0,True,False,True
2401672,K24,HK242,True,9,22.0,14.0,4,True,False,True
2401737,K24,HK241,True,6,16.0,14.0,3,False,False,True
2401737,K24,HK242,True,8,17.0,15.0,6,False,False,True
2401737,K24,HK251,True,5,16.0,16.0,8,False,False,True
2401737,K24,HK252,True,6,18.0,18.0,10,False,False,True
2401737,K24,HK261,True,6,18.0,0.0,11,False,False,False
2401970,K24,HK241,True,6,16.0,16.0,0,True,False,True
2401970,K24,HK242,True,8,17.0,17.0,1,True,False,True
2401970,K24,HK251,True,5,16.0,16.0,5,True,False,True
2401970,K24,HK252,True,6,17.0,17.0,5,True,False,True
2401970,K24,HK261,True,6,18.0,0.0,7,True,False,False
2402035,K24,HK241,True,6,16.0,16.0,1,False,False,True
2402035,K24,HK242,True,8,17.0,17.0,1,False,False,True
2402035,K24,HK251,True,5,16.0,16.0,1,False,False,True
2402035,K24,HK252,True,6,17.0,17.0,1,False,False,True
2402035,K24,HK261,True,6,18.0,0.0,1,False,False,False
2402268,K24,HK241,True,6,16.0,16.0,2,True,False,True
2402268,K24,HK242,True,8,17.0,17.0,4,True,False,True
2402268,K24,HK251,True,6,19.0,19.0,12,True,False,True
2402268,K24,HK252,True,6,17.0,17.0,13,True,True,True
2402268,K24,HK261,True,6,18.0,0.0,14,True,True,False
2402333,K24,HK241,True,6,16.0,16.0,3,True,False,True
2402333,K24,HK242,True,8,17.0,17.0,6,True,False,True
2402333,K24,HK251,True,5,16.0,16.0,8,True,False,True
2402333,K24,HK252,True,6,17.0,17.0,10,True,False,True
2402333,K24,HK261,True,6,18.0,0.0,13,True,False,False
2402398,K24,HK241,True,6,16.0,16.0,4,True,False,True
2402398,K24,HK242,True,8,17.0,17.0,5,True,False,True
2402398,K24,HK251,True,5,16.0,16.0,8,True,False,True
2402398,K24,HK252,True,6,17.0,17.0,9,True,False,True
2402398,K24,HK261,True,6,18.0,0.0,12,True,False,False
2402631,K24,HK241,True,6,16.0,16.0,2,True,False,True
2402631,K24,HK242,True,8,17.0,17.0,6,True,False,True
2402631,K24,HK251,True,5,16.0,16.0,7,True,False,True
2402631,K24,HK252,True,6,17.0,17.0,7,True,False,True
2402631,K24,HK261,True,6,18.0,0.0,8,True,False,False
2402696,K24,HK241,True,6,16.0,16.0,2,True,False,True
2402696,K24,HK242,True,8,17.0,17.0,4,True,False,True
2402696,K24,HK251,True,5,16.0,16.0,8,True,False,True
2402696,K24,HK252,True,6,17.0,17.0,9,True,False,True
2402696,K24,HK261,True,6,18.0,0.0,11,True,False,False
2402761,K24,HK241,True,6,16.0,16.0,1,True,False,True
2402761,K24,HK242,True,8,17.0,17.0,4,True,False,True
2402761,K24,HK251,True,5,16.0,16.0,6,True,False,True
2402761,K24,HK252,True,6,17.0,17.0,7,True,False,True
2402761,K24,HK261,True,6,18.0,0.0,8,True,False,False
2402929,K24,HK241,True,6,16.0,16.0,2,False,False,True
2402929,K24,HK242,True,8,17.0,17.0,6,False,False,True
2402929,K24,HK251,True,5,16.0,16.0,7,False,False,True
2402929,K24,HK252,True,6,17.0,17.0,9,False,False,True
2402929,K24,HK261,True,6,18.0,0.0,11,False,False,False
2402994,K24,HK241,True,6,16.0,16.0,0,False,False,True
2402994,K24,HK242,True,8,17.0,17.0,4,False,False,True
2402994,K24,HK251,True,6,19.0,19.0,5,False,False,True
2402994,K24,HK252,True,6,17.0,17.0,7,False,False,True
2402994,K24,HK261,True,6,18.0,0.0,11,False,False,False
2403059,K24,HK241,True,6,16.0,16.0,0,True,False,True
2403059,K24,HK242,True,8,17.0,17.0,7,True,False,True
2403059,K24,HK251,True,5,16.0,16.0,9,True,False,True
2403059,K24,HK252,True,6,17.0,17.0,14,True,False,True
2403059,K24,HK261,True,6,18.0,0.0,14,True,True,False
2403292,K24,HK241,True,6,16.0,16.0,1,True,False,True
2403292,K24,HK242,True,8,17.0,17.0,6,True,False,True
2403292,K24,HK251,True,5,16.0,16.0,9,True,False,True
2403292,K24,HK252,True,6,17.0,17.0,13,True,False,True
2403292,K24,HK261,True,6,18.0,0.0,16,True,True,False
2403357,K24,HK241,True,6,16.0,16.0,1,True,False,True
2403357,K24,HK242,True,8,17.0,17.0,2,True,False,True
2403357,K24,HK251,True,5,16.0,16.0,3,True,False,True
2403357,K24,HK252,True,6,17.0,17.0,3,True,False,True
2403357,K24,HK261,True,6,18.0,0.0,4,True,False,False
2403422,K24,HK241,True,6,16.0,16.0,2,True,False,True
2403422,K24,HK242,True,9,20.0,20.0,6,True,False,True
2403422,K24,HK251,True,6,19.0,19.0,8,True,False,True
2403422,K24,HK252,True,7,20.0,20.0,11,True,False,True
2403422,K24,HK261,True,6,18.0,0.0,16,True,False,False
2403655,K24,HK241,True,6,16.0,16.0,5,False,False,True
2403655,K24,HK242,True,8,17.0,17.0,8,False,False,True
2403655,K24,HK251,True,6,19.0,19.0,10,False,False,True
2403655,K24,HK252,True,6,17.0,17.0,11,False,False,True
2403655,K24,HK261,True,6,18.0,0.0,14,False,False,False
2403720,K24,HK241,True,6,16.0,16.0,1,True,False,True
2403720,K24,HK242,True,8,17.0,17.0,3,True,False,True
2403720,K24,HK251,True,5,16.0,16.0,4,True,False,True
2403720,K24,HK252,True,6,17.0,17.0,7,True,False,True
2403720,K24,HK261,True,6,18.0,0.0,8,True,False,False
2403785,K24,HK241,True,6,16.0,16.0,0,True,False,True
2403785,K24,HK242,True,8,17.0,17.0,1,True,False,True
2403785,K24,HK251,True,5,16.0,16.0,2,True,False,True
2403785,K24,HK252,True,6,17.0,17.0,2,True,False,True
2403785,K24,HK261,True,6,18.0,0.0,4,True,False,False
2403953,K24,HK241,True,6,16.0,16.0,2,False,False,True
2403953,K24,HK242,True,8,17.0,17.0,2,False,False,True
2403953,K24,HK251,True,5,16.0,16.0,5,False,False,True
2403953,K24,HK252,True,6,17.0,17.0,6,False,False,True
2403953,K24,HK261,True,6,18.0,0.0,7,False,False,False
2404018,K24,HK241,True,6,16.0,16.0,1,True,False,True
2404018,K24,HK242,True,8,17.0,17.0,4,True,False,True
2404018,K24,HK251,True,5,16.0,16.0,6,True,False,True
2404018,K24,HK252,True,6,17.0,17.0,8,True,False,True
2404018,K24,HK261,True,6,18.0,0.0,10,True,False,False
2404083,K24,HK241,True,6,16.0,16.0,1,True,False,True
2404083,K24,HK242,True,8,17.0,17.0,4,True,False,True
2404083,K24,HK251,True,5,16.0,16.0,5,True,False,True
2404083,K24,HK252,True,6,17.0,17.0,6,True,False,True
2404083,K24,HK261,True,6,18.0,0.0,7,True,False,False
2404316,K24,HK241,True,6,16.0,16.0,1,True,False,True
2404316,K24,HK242,True,8,17.0,17.0,5,True,False,True
2404316,K24,HK251,True,6,19.0,19.0,5,True,False,True
2404316,K24,HK252,True,6,17.0,17.0,13,True,False,True
2404316,K24,HK261,True,6,18.0,0.0,13,True,True,False
2404381,K24,HK241,True,6,16.0,16.0,1,True,False,True
2404381,K24,HK242,True,8,17.0,17.0,2,True,False,True
2404381,K24,HK251,True,6,19.0,19.0,3,True,False,True
2404381,K24,HK252,True,6,17.0,17.0,4,True,False,True
2404381,K24,HK261,True,6,18.0,0.0,4,True,False,False
2404446,K24,HK241,True,6,16.0,16.0,2,False,False,True
2404446,K24,HK242,True,8,17.0,17.0,4,False,False,True
2404446,K24,HK251,True,6,19.0,19.0,6,False,False,True
2404446,K24,HK252,True,6,17.0,17.0,6,False,False,True
2404446,K24,HK261,True,6,18.0,0.0,6,False,False,False
2404679,K24,HK241,True,6,16.0,16.0,1,False,False,True
2404679,K24,HK242,True,8,17.0,17.0,4,False,False,True
2404679,K24,HK251,True,6,19.0,19.0,8,False,False,True
2404679,K24,HK252,True,6,17.0,17.0,11,False,False,True
2404679,K24,HK261,True,6,18.0,0.0,13,False,False,False
2404744,K24,HK241,True,6,16.0,16.0,2,True,False,True
2404744,K24,HK242,True,8,17.0,17.0,4,True,False,True
2404744,K24,HK251,True,6,19.0,19.0,9,True,False,True
2404744,K24,HK252,True,6,17.0,17.0,11,True,False,True
2404744,K24,HK261,True,6,18.0,0.0,14,True,False,False
2404977,K24,HK241,True,6,16.0,16.0,1,False,False,True
2404977,K24,HK242,True,8,17.0,17.0,2,False,False,True
2404977,K24,HK251,True,5,16.0,16.0,2,False,False,True
2404977,K24,HK252,True,6,17.0,17.0,3,False,False,True
2404977,K24,HK261,True,6,18.0,0.0,3,False,False,False
2405042,K24,HK241,True,6,16.0,16.0,2,False,False,True
2405042,K24,HK242,True,8,17.0,17.0,3,False,False,True
2405042,K24,HK251,True,5,16.0,16.0,4,False,False,True
2405042,K24,HK252,True,6,17.0,17.0,5,False,False,True
2405042,K24,HK261,True,6,18.0,0.0,6,False,False,False
2405107,K24,HK241,True,6,16.0,16.0,2,True,False,True
2405107,K24,HK242,True,8,17.0,17.0,2,True,False,True
2405107,K24,HK251,True,5,16.0,16.0,3,True,False,True
2405107,K24,HK252,True,6,17.0,17.0,7,True,False,True
2405107,K24,HK261,True,6,18.0,0.0,7,True,False,False
2405340,K24,HK241,True,6,16.0,16.0,3,True,False,True
2405340,K24,HK242,True,8,17.0,17.0,6,True,False,True
2405340,K24,HK251,True,5,16.0,16.0,7,True,False,True
2405340,K24,HK252,True,6,17.0,17.0,10,True,False,True
2405340,K24,HK261,True,6,18.0,0.0,11,True,False,False
2405405,K24,HK241,True,6,16.0,16.0,0,False,False,True
2405405,K24,HK242,True,8,17.0,17.0,1,False,False,True
2405405,K24,HK251,True,6,19.0,19.0,2,False,False,True
2405405,K24,HK252,True,6,17.0,17.0,6,False,False,True
2405405,K24,HK261,True,6,18.0,0.0,6,False,False,False
2405470,K24,HK241,True,6,16.0,16.0,0,True,False,True
2405470,K24,HK242,True,8,17.0,17.0,3,True,False,True
2405470,K24,HK251,True,6,19.0,19.0,6,True,False,True
2405470,K24,HK252,True,6,17.0,17.0,9,True,False,True
2405470,K24,HK261,True,6,18.0,0.0,10,True,False,False
2405638,K24,HK241,True,6,16.0,16.0,0,False,False,True
2405638,K24,HK242,True,8,17.0,17.0,1,False,False,True
2405638,K24,HK251,True,6,19.0,19.0,3,False,False,True
2405638,K24,HK252,True,6,17.0,17.0,5,False,False,True
2405638,K24,HK261,True,6,18.0,0.0,5,False,False,False
2405703,K24,HK241,True,6,16.0,16.0,4,True,False,True
2405703,K24,HK242,True,8,17.0,17.0,8,True,False,True
2405703,K24,HK251,True,5,16.0,16.0,10,True,False,True
2405703,K24,HK252,True,6,17.0,17.0,16,True,False,True
2405703,K24,HK261,True,6,18.0,0.0,18,True,True,False
2405768,K24,HK241,True,6,16.0,11.0,4,True,False,True
2405768,K24,HK242,True,9,20.0,13.0,8,True,False,True
2405768,K24,HK251,True,9,21.0,21.0,10,True,False,True
2405768,K24,HK252,True,6,18.0,15.0,12,True,False,True
2405768,K24,HK261,True,6,18.0,0.0,13,True,True,False
2406001,K24,HK241,True,6,16.0,16.0,4,False,False,True
2406066,K24,HK241,True,6,16.0,16.0,3,True,False,True
2406066,K24,HK242,True,8,17.0,17.0,3,True,False,True
2406066,K24,HK251,True,6,19.0,19.0,7,True,False,True
2406066,K24,HK252,True,6,17.0,17.0,11,True,False,True
2406066,K24,HK261,True,6,18.0,0.0,12,True,False,False
2406131,K24,HK241,True,6,16.0,16.0,1,False,False,True
2406131,K24,HK242,True,8,17.0,17.0,3,False,False,True
2406131,K24,HK251,True,6,19.0,19.0,4,False,False,True
2406131,K24,HK252,True,6,17.0,17.0,5,False,False,True
2406131,K24,HK261,True,6,18.0,0.0,6,False,False,False
2406364,K24,HK241,True,6,16.0,16.0,2,True,False,True
2406364,K24,HK242,True,8,17.0,17.0,5,True,False,True
2406364,K24,HK251,True,6,19.0,19.0,7,True,False,True
2406364,K24,HK252,True,6,17.0,17.0,10,True,False,True
2406364,K24,HK261,True,6,18.0,0.0,10,True,False,False
2406429,K24,HK241,True,6,16.0,16.0,2,False,False,True
2406429,K24,HK242,True,8,17.0,17.0,4,False,False,True
2406429,K24,HK251,True,5,16.0,16.0,5,False,False,True
2406429,K24,HK252,True,6,17.0,17.0,7,False,False,True
2406429,K24,HK261,True,6,18.0,0.0,10,False,False,False
2406494,K24,HK241,True,6,16.0,16.0,1,True,False,True
2406494,K24,HK242,True,9,20.0,20.0,3,True,False,True
2406494,K24,HK251,True,6,19.0,19.0,4,True,False,True
2406494,K24,HK252,True,7,20.0,20.0,7,True,False,True
2406494,K24,HK261,True,6,18.0,0.0,8,True,False,False
2406662,K24,HK241,True,6,16.0,16.0,1,False,False,True
2406662,K24,HK242,True,8,17.0,17.0,2,False,False,True
2406662,K24,HK251,True,5,16.0,16.0,5,False,False,True
2406662,K24,HK252,True,6,17.0,17.0,7,False,False,True
2406662,K24,HK261,True,6,18.0,0.0,9,False,False,False
2406727,K24,HK241,True,6,16.0,8.0,3,False,False,True
2406727,K24,HK242,True,9,22.0,8.0,3,False,False,True
2406792,K24,HK241,True,6,16.0,16.0,2,True,False,True
2406792,K24,HK242,True,8,17.0,17.0,3,True,False,True
2406792,K24,HK251,True,6,19.0,19.0,6,True,False,True
2406792,K24,HK252,True,6,17.0,17.0,9,True,False,True
2406792,K24,HK261,True,6,18.0,0.0,11,True,False,False
2407025,K24,HK241,True,6,16.0,7.0,2,False,False,True
2407025,K24,HK242,True,9,21.0,10.0,4,False,False,True
2407025,K24,HK251,True,7,21.0,13.0,7,False,False,True
2407025,K24,HK252,True,6,20.0,12.0,8,False,False,True
2407025,K24,HK261,True,6,20.0,0.0,8,False,False,False
2407090,K24,HK241,True,6,16.0,16.0,1,True,False,True
2407090,K24,HK242,True,9,20.0,20.0,1,True,False,True
2407090,K24,HK251,True,6,19.0,19.0,1,True,False,True
2407090,K24,HK252,True,7,20.0,20.0,4,True,False,True
2407090,K24,HK261,True,6,18.0,0.0,6,True,False,False
2407155,K24,HK241,True,6,16.0,16.0,2,True,False,True
2407155,K24,HK242,True,8,17.0,17.0,7,True,False,True
2407155,K24,HK251,True,6,19.0,19.0,9,True,False,True
2407155,K24,HK252,True,6,17.0,17.0,13,True,False,True
2407155,K24,HK261,True,6,18.0,0.0,16,True,True,False
2407388,K24,HK241,True,6,16.0,16.0,1,True,False,True
2407388,K24,HK242,True,8,17.0,17.0,4,True,False,True
2407388,K24,HK251,True,5,16.0,16.0,5,True,False,True
2407388,K24,HK252,True,6,17.0,17.0,8,True,False,True
2407388,K24,HK261,True,6,18.0,0.0,9,True,False,False
2407453,K24,HK241,True,6,16.0,16.0,2,True,False,True
2407453,K24,HK242,True,8,17.0,17.0,4,True,False,True
2407453,K24,HK251,True,6,19.0,19.0,6,True,False,True
2407453,K24,HK252,True,6,17.0,17.0,7,True,False,True
2407453,K24,HK261,True,6,18.0,0.0,10,True,False,False
2407686,K24,HK241,True,6,16.0,16.0,1,True,False,True
2407686,K24,HK242,True,8,17.0,17.0,2,True,False,True
2407686,K24,HK251,True,5,16.0,16.0,2,True,False,True
2407686,K24,HK252,True,6,17.0,17.0,3,True,False,True
2407686,K24,HK261,True,6,18.0,0.0,4,True,False,False
2407751,K24,HK241,True,6,16.0,9.0,3,True,False,True
2407751,K24,HK242,True,9,21.0,18.0,4,True,False,True
2407751,K24,HK251,True,6,19.0,9.0,6,True,False,True
2407751,K24,HK252,True,7,20.0,17.0,7,True,False,True
2407751,K24,HK261,True,6,18.0,0.0,10,True,False,False
2407816,K24,HK241,True,6,16.0,16.0,0,False,False,True
2407816,K24,HK242,True,8,17.0,17.0,0,False,False,True
2408049,K24,HK241,True,6,16.0,16.0,5,True,False,True
2408049,K24,HK242,True,8,17.0,17.0,8,True,False,True
2408049,K24,HK251,True,6,19.0,19.0,10,True,False,True
2408049,K24,HK252,True,6,17.0,17.0,10,True,False,True
2408049,K24,HK261,True,6,18.0,0.0,10,True,False,False
2408114,K24,HK241,True,6,16.0,16.0,0,False,False,True
2408114,K24,HK242,True,8,17.0,17.0,1,False,False,True
2408114,K24,HK251,True,6,19.0,19.0,1,False,False,True
2408114,K24,HK252,True,6,17.0,17.0,3,False,False,True
2408114,K24,HK261,True,6,18.0,0.0,4,False,False,False
2408179,K24,HK241,True,6,16.0,16.0,1,False,False,True
2408179,K24,HK242,True,8,17.0,17.0,2,False,False,True
2408179,K24,HK251,True,5,16.0,16.0,5,False,False,True
2408179,K24,HK252,True,6,17.0,17.0,7,False,False,True
2408179,K24,HK261,True,6,18.0,0.0,9,False,False,False
2408347,K24,HK241,True,6,16.0,16.0,1,True,False,True
2408347,K24,HK242,True,8,17.0,17.0,4,True,False,True
2408347,K24,HK251,True,5,16.0,16.0,6,True,False,True
2408347,K24,HK252,True,6,17.0,17.0,8,True,False,True
2408347,K24,HK261,True,6,18.0,0.0,9,True,False,False
2408412,K24,HK241,True,6,16.0,16.0,1,False,False,True
2408412,K24,HK242,True,8,17.0,14.0,2,False,False,True
2408412,K24,HK251,True,6,19.0,19.0,2,False,False,True
2408412,K24,HK252,True,6,17.0,17.0,2,False,False,True
2408412,K24,HK261,True,6,18.0,0.0,2,False,False,False
2408477,K24,HK241,True,6,16.0,4.0,0,True,False,True
2408710,K24,HK241,True,6,16.0,16.0,3,False,False,True
2408710,K24,HK242,True,8,17.0,17.0,3,False,False,True
2408710,K24,HK251,True,6,19.0,19.0,7,False,False,True
2408710,K24,HK252,True,6,17.0,17.0,8,False,False,True
2408710,K24,HK261,True,6,18.0,0.0,12,False,False,False
2408775,K24,HK241,True,6,16.0,16.0,1,False,False,True
2408775,K24,HK242,True,8,17.0,17.0,2,False,False,True
2408775,K24,HK251,True,5,16.0,16.0,4,False,False,True
2408775,K24,HK252,True,6,17.0,17.0,4,False,False,True
2408775,K24,HK261,True,6,18.0,0.0,4,False,False,False
2408840,K24,HK241,True,6,16.0,16.0,3,True,False,True
2408840,K24,HK242,True,8,17.0,17.0,4,True,False,True
2408840,K24,HK251,True,5,16.0,16.0,7,True,False,True
2408840,K24,HK252,True,6,17.0,17.0,10,True,False,True
2408840,K24,HK261,True,6,18.0,0.0,11,True,False,False
2409073,K24,HK241,True,6,16.0,16.0,2,True,False,True
2409073,K24,HK242,True,8,17.0,17.0,4,True,False,True
2409073,K24,HK251,True,5,16.0,16.0,5,True,False,True
2409073,K24,HK252,True,6,17.0,17.0,6,True,False,True
2409073,K24,HK261,True,6,18.0,0.0,7,True,False,False
2409138,K24,HK241,True,6,16.0,16.0,3,True,False,True
2409138,K24,HK242,True,8,17.0,17.0,5,True,False,True
2409138,K24,HK251,True,5,16.0,16.0,9,True,False,True
2409138,K24,HK252,True,6,17.0,17.0,11,True,False,True
2409138,K24,HK261,True,6,18.0,0.0,12,True,False,False
2409203,K24,HK241,True,6,16.0,16.0,3,True,False,True
2409203,K24,HK242,True,8,17.0,17.0,4,True,False,True
2409203,K24,HK251,True,6,19.0,19.0,7,True,False,True
2409203,K24,HK252,True,6,17.0,17.0,8,True,False,True
2409203,K24,HK261,True,6,18.0,0.0,8,True,False,False
2409371,K24,HK241,True,6,16.0,16.0,2,False,False,True
2409371,K24,HK242,True,8,17.0,17.0,2,False,False,True
2409371,K24,HK251,True,5,16.0,16.0,3,False,False,True
2409371,K24,HK252,True,6,17.0,17.0,5,False,False,True
2409371,K24,HK261,True,6,18.0,0.0,7,False,False,False
2409436,K24,HK241,True,6,16.0,16.0,1,True,False,True
2409436,K24,HK242,True,9,20.0,20.0,4,True,False,True
2409436,K24,HK251,True,6,19.0,19.0,6,True,False,True
2409436,K24,HK252,True,7,20.0,20.0,8,True,False,True
2409436,K24,HK261,True,6,18.0,0.0,8,True,False,False
2409501,K24,HK241,True,6,16.0,16.0,1,False,False,True
2409501,K24,HK242,True,8,17.0,17.0,2,False,False,True
2409501,K24,HK251,True,6,19.0,19.0,2,False,False,True
2409501,K24,HK252,True,6,17.0,17.0,2,False,False,True
2409501,K24,HK261,True,6,18.0,0.0,4,False,False,False
2409734,K24,HK241,True,6,16.0,16.0,2,False,False,True
2409734,K24,HK242,True,8,17.0,17.0,2,False,False,True
2409734,K24,HK251,True,5,16.0,16.0,3,False,False,True
2409734,K24,HK252,True,6,17.0,17.0,5,False,False,True
2409734,K24,HK261,True,6,18.0,0.0,7,False,False,False
2409799,K24,HK241,True,6,16.0,16.0,0,True,False,True
2409799,K24,HK242,True,8,17.0,17.0,1,True,False,True
2409799,K24,HK251,True,5,16.0,16.0,3,True,False,True
2409799,K24,HK252,True,6,17.0,17.0,6,True,False,True
2409799,K24,HK261,True,6,18.0,0.0,10,True,False,False
2409864,K24,HK241,True,6,16.0,16.0,3,False,False,True
2409864,K24,HK242,True,8,17.0,17.0,5,False,False,True
2409864,K24,HK251,True,6,19.0,19.0,7,False,False,True
2409864,K24,HK252,True,6,17.0,17.0,10,False,False,True
2409864,K24,HK261,True,6,18.0,0.0,10,False,False,False
2410097,K24,HK241,True,6,16.0,16.0,1,False,False,True
2410097,K24,HK242,True,8,17.0,17.0,2,False,False,True
2410097,K24,HK251,True,5,16.0,16.0,7,False,False,True
2410097,K24,HK252,True,6,17.0,17.0,10,False,False,True
2410097,K24,HK261,True,6,18.0,0.0,11,False,False,False
2410162,K24,HK241,True,6,16.0,16.0,1,True,False,True
2410162,K24,HK242,True,8,17.0,17.0,2,True,False,True
2410162,K24,HK251,True,5,16.0,16.0,3,True,False,True
2410162,K24,HK252,True,6,17.0,17.0,3,True,False,True
2410162,K24,HK261,True,6,18.0,0.0,4,True,False,False
2410227,K24,HK241,True,6,16.0,16.0,4,True,False,True
2410227,K24,HK242,True,8,17.0,17.0,5,True,False,True
2410227,K24,HK251,True,6,19.0,19.0,7,True,False,True
2410227,K24,HK252,True,6,17.0,17.0,7,True,False,True
2410227,K24,HK261,True,6,18.0,0.0,10,True,False,False
2410395,K24,HK241,True,6,16.0,16.0,1,False,False,True
2410395,K24,HK242,True,8,17.0,17.0,3,False,False,True
2410395,K24,HK251,True,6,19.0,19.0,3,False,False,True
2410395,K24,HK252,True,6,17.0,17.0,6,False,False,True
2410395,K24,HK261,True,6,18.0,0.0,6,False,False,False
2410460,K24,HK241,True,6,16.0,16.0,1,False,False,True
2410460,K24,HK242,True,8,17.0,17.0,5,False,False,True
2410460,K24,HK251,True,5,16.0,16.0,8,False,False,True
2410460,K24,HK252,True,6,17.0,17.0,10,False,False,True
2410460,K24,HK261,True,6,18.0,0.0,10,False,False,False
2410525,K24,HK241,True,6,16.0,16.0,2,True,False,True
2410525,K24,HK242,True,8,17.0,17.0,3,True,False,True
2410525,K24,HK251,True,6,19.0,19.0,3,True,False,True
2410525,K24,HK252,True,6,17.0,17.0,5,True,False,True
2410525,K24,HK261,True,6,18.0,0.0,7,True,False,False
2410758,K24,HK241,True,6,16.0,16.0,2,True,False,True
2410758,K24,HK242,True,8,17.0,17.0,5,True,False,True
2410758,K24,HK251,True,5,16.0,16.0,5,True,False,True
2410758,K24,HK252,True,6,17.0,17.0,9,True,False,True
2410758,K24,HK261,True,6,18.0,0.0,10,True,False,False
2410823,K24,HK241,True,6,16.0,16.0,3,True,False,True
2410823,K24,HK242,True,8,17.0,17.0,3,True,False,True
2410823,K24,HK251,True,5,16.0,16.0,3,True,False,True
2410823,K24,HK252,True,6,17.0,17.0,3,True,False,True
2410823,K24,HK261,True,6,18.0,0.0,4,True,False,False
2410888,K24,HK241,True,6,16.0,16.0,1,True,False,True
2410888,K24,HK242,True,8,17.0,17.0,2,True,False,True
2410888,K24,HK251,True,6,19.0,19.0,4,True,False,True
2410888,K24,HK252,True,6,17.0,17.0,5,True,False,True
2410888,K24,HK261,True,6,18.0,0.0,8,True,False,False
2411121,K24,HK241,True,6,16.0,16.0,2,True,False,True
2411121,K24,HK242,True,8,17.0,17.0,3,True,False,True
2411121,K24,HK251,True,5,16.0,16.0,3,True,False,True
2411121,K24,HK252,True,6,17.0,17.0,5,True,False,True
2411121,K24,HK261,True,6,18.0,0.0,6,True,False,False
2411186,K24,HK241,True,6,16.0,16.0,1,True,False,True
2411186,K24,HK242,True,8,17.0,17.0,4,True,False,True
2411186,K24,HK251,True,5,16.0,16.0,7,True,False,True
2411186,K24,HK252,True,6,17.0,17.0,10,True,False,True
2411186,K24,HK261,True,6,18.0,0.0,11,True,False,False
2411419,K24,HK241,True,6,16.0,7.0,2,True,False,True
2411419,K24,HK242,True,9,21.0,11.0,3,True,False,True
2411419,K24,HK251,True,8,20.0,10.0,5,True,False,True
2411419,K24,HK252,True,8,22.0,10.0,6,True,False,True
2411419,K24,HK261,True,8,21.0,0.0,7,True,False,False
2411484,K24,HK241,True,6,16.0,16.0,4,True,False,True
2411484,K24,HK242,True,8,17.0,17.0,6,True,False,True
2411484,K24,HK251,True,5,16.0,16.0,7,True,False,True
2411484,K24,HK252,True,6,17.0,17.0,9,True,False,True
2411484,K24,HK261,True,6,18.0,0.0,12,True,False,False
2411549,K24,HK241,True,6,16.0,16.0,3,False,False,True
2411549,K24,HK242,True,8,17.0,17.0,6,False,False,True
2411549,K24,HK251,True,5,16.0,16.0,7,False,False,True
2411549,K24,HK252,True,6,17.0,17.0,7,False,False,True
2411549,K24,HK261,True,6,18.0,0.0,9,False,False,False
2411782,K24,HK241,True,6,16.0,16.0,2,False,False,True
2411782,K24,HK242,True,8,17.0,17.0,4,False,False,True
2411782,K24,HK251,True,5,16.0,16.0,9,False,False,True
2411782,K24,HK252,True,6,17.0,17.0,12,False,False,True
2411782,K24,HK261,True,6,18.0,0.0,14,False,False,False
2411847,K24,HK241,True,6,16.0,8.0,1,False,False,True
2411912,K24,HK241,True,6,16.0,16.0,1,False,False,True
2411912,K24,HK242,True,8,17.0,17.0,4,False,False,True
2411912,K24,HK251,True,6,19.0,19.0,9,False,False,True
2411912,K24,HK252,True,6,17.0,17.0,12,False,False,True
2411912,K24,HK261,True,6,18.0,0.0,17,False,False,False
2412080,K24,HK241,True,6,16.0,16.0,4,True,False,True
2412080,K24,HK242,True,8,17.0,17.0,6,True,False,True
2412080,K24,HK251,True,5,16.0,16.0,8,True,False,True
2412080,K24,HK252,True,6,17.0,17.0,11,True,False,True
2412080,K24,HK261,True,6,18.0,0.0,12,True,False,False
2412145,K24,HK241,True,6,16.0,16.0,3,False,False,True
2412145,K24,HK242,True,8,17.0,17.0,4,False,False,True
2412210,K24,HK241,True,6,16.0,14.0,3,True,False,True
2412210,K24,HK242,True,8,17.0,17.0,4,True,False,True
2412210,K24,HK251,True,5,17.0,17.0,4,True,False,True
2412210,K24,HK252,True,6,18.0,18.0,5,True,False,True
2412210,K24,HK261,True,6,18.0,0.0,5,True,False,False
2412443,K24,HK241,True,6,16.0,16.0,3,True,False,True
2412443,K24,HK242,True,8,17.0,17.0,4,True,False,True
2412443,K24,HK251,True,5,16.0,16.0,5,True,False,True
2412443,K24,HK252,True,6,17.0,17.0,7,True,False,True
2412443,K24,HK261,True,6,18.0,0.0,8,True,False,False
2412508,K24,HK241,True,6,16.0,16.0,2,False,False,True
2412508,K24,HK242,True,8,17.0,17.0,6,False,False,True
2412508,K24,HK251,True,5,16.0,16.0,8,False,False,True
2412508,K24,HK252,True,6,17.0,17.0,9,False,False,True
2412508,K24,HK261,True,6,18.0,0.0,12,False,False,False
2412573,K24,HK241,True,6,16.0,16.0,1,True,False,True
2412573,K24,HK242,True,8,17.0,17.0,2,True,False,True
2412573,K24,HK251,True,6,19.0,19.0,2,True,False,True
2412573,K24,HK252,True,6,17.0,17.0,2,True,False,True
2412573,K24,HK261,True,6,18.0,0.0,2,True,False,False
2412806,K24,HK241,True,6,16.0,16.0,2,False,False,True
2412806,K24,HK242,True,8,17.0,17.0,5,False,False,True
2412806,K24,HK251,True,5,16.0,16.0,6,False,False,True
2412806,K24,HK252,True,6,17.0,17.0,9,False,False,True
2412806,K24,HK261,True,6,18.0,0.0,13,False,False,False
2412871,K24,HK241,True,6,16.0,16.0,1,True,False,True
2412871,K24,HK242,True,8,17.0,17.0,3,True,False,True
2412871,K24,HK251,True,5,16.0,16.0,3,True,False,True
2412871,K24,HK252,True,6,17.0,17.0,4,True,False,True
2412871,K24,HK261,True,6,18.0,0.0,5,True,False,False
2412936,K24,HK241,True,6,16.0,10.0,0,False,False,True
2412936,K24,HK242,True,9,21.0,7.0,2,False,False,True
2412936,K24,HK251,True,8,21.0,11.0,3,False,False,True
2412936,K24,HK252,True,9,22.0,7.0,3,False,False,True
2412936,K24,HK261,True,9,20.0,0.0,4,False,False,False
2413104,K24,HK241,True,6,16.0,16.0,3,False,False,True
2413104,K24,HK242,True,8,17.0,17.0,4,False,False,True
2413104,K24,HK251,True,5,16.0,16.0,6,False,False,True
2413104,K24,HK252,True,6,17.0,17.0,6,False,False,True
2413104,K24,HK261,True,6,18.0,0.0,9,False,False,False
2413169,K24,HK241,True,6,16.0,16.0,2,True,False,True
2413169,K24,HK242,True,8,17.0,17.0,2,True,False,True
2413169,K24,HK251,True,6,19.0,19.0,2,True,False,True
2413169,K24,HK252,True,6,17.0,17.0,6,True,False,True
2413169,K24,HK261,True,6,18.0,0.0,9,True,False,False
2413234,K24,HK241,True,6,16.0,16.0,1,False,False,True
2413234,K24,HK242,True,8,17.0,17.0,2,False,False,True
2413234,K24,HK251,True,5,16.0,16.0,5,False,False,True
2413234,K24,HK252,True,6,17.0,17.0,8,False,False,True
2413234,K24,HK261,True,6,18.0,0.0,13,False,False,False
2413467,K24,HK241,True,6,16.0,16.0,2,False,False,True
2413467,K24,HK242,True,8,17.0,17.0,4,False,False,True
2413467,K24,HK251,True,6,19.0,19.0,7,False,False,True
2413467,K24,HK252,True,6,17.0,17.0,9,False,False,True
2413467,K24,HK261,True,6,18.0,0.0,10,False,False,False
2413532,K24,HK241,True,6,16.0,16.0,0,False,False,True
2413532,K24,HK242,True,8,17.0,17.0,0,False,False,True
2413532,K24,HK251,True,5,16.0,16.0,3,False,False,True
2413532,K24,HK252,True,6,17.0,17.0,5,False,False,True
2413532,K24,HK261,True,6,18.0,0.0,6,False,False,False
2413597,K24,HK241,True,6,16.0,16.0,4,True,False,True
2413597,K24,HK242,True,8,17.0,17.0,5,True,False,True
2413597,K24,HK251,True,5,16.0,16.0,6,True,False,True
2413597,K24,HK252,True,6,17.0,17.0,9,True,False,True
2413597,K24,HK261,True,6,18.0,0.0,12,True,False,False
2413830,K24,HK241,True,6,16.0,16.0,0,False,False,True
2413830,K24,HK242,True,8,17.0,17.0,1,False,False,True
2413830,K24,HK251,True,6,19.0,19.0,4,False,False,True
2413830,K24,HK252,True,6,17.0,17.0,7,False,False,True
2413830,K24,HK261,True,6,18.0,0.0,9,False,False,False
2413895,K24,HK241,True,6,16.0,16.0,1,False,False,True
2413895,K24,HK242,True,8,17.0,17.0,4,False,False,True
2413895,K24,HK251,True,5,16.0,16.0,6,False,False,True
2413895,K24,HK252,True,6,17.0,17.0,8,False,False,True
2413895,K24,HK261,True,6,18.0,0.0,8,False,False,False
2414128,K24,HK241,True,6,16.0,16.0,2,True,False,True
2414128,K24,HK242,True,8,17.0,17.0,3,True,False,True
2414128,K24,HK251,True,6,19.0,19.0,5,True,False,True
2414128,K24,HK252,True,6,17.0,17.0,5,True,False,True
2414128,K24,HK261,True,6,18.0,0.0,9,True,False,False
2414193,K24,HK241,True,6,16.0,14.0,1,False,False,True
2414193,K24,HK242,True,8,17.0,7.0,2,False,False,True
2414193,K24,HK251,True,9,20.0,7.0,2,False,False,True
2414258,K24,HK241,True,6,16.0,16.0,6,True,False,True
2414258,K24,HK242,True,8,17.0,17.0,9,True,False,True
2414258,K24,HK251,True,6,19.0,19.0,12,True,False,True
2414258,K24,HK252,True,6,17.0,17.0,13,True,True,True
2414258,K24,HK261,True,6,18.0,0.0,14,True,True,False
2414491,K24,HK241,True,6,16.0,16.0,2,True,False,True
2414491,K24,HK242,True,8,17.0,17.0,4,True,False,True
2414491,K24,HK251,True,5,16.0,16.0,5,True,False,True
2414491,K24,HK252,True,6,17.0,17.0,7,True,False,True
2414491,K24,HK261,True,6,18.0,0.0,10,True,False,False
2414556,K24,HK241,True,6,16.0,16.0,1,False,False,True
2414556,K24,HK242,True,8,17.0,17.0,2,False,False,True
2414556,K24,HK251,True,6,19.0,19.0,3,False,False,True
2414556,K24,HK252,True,6,17.0,17.0,5,False,False,True
2414556,K24,HK261,True,6,18.0,0.0,6,False,False,False
2414621,K24,HK241,True,6,16.0,16.0,3,False,False,True
2414621,K24,HK242,True,8,17.0,17.0,3,False,False,True
2414621,K24,HK251,True,5,16.0,16.0,5,False,False,True
2414621,K24,HK252,True,6,17.0,17.0,8,False,False,True
2414621,K24,HK261,True,6,18.0,0.0,9,False,False,False
2414789,K24,HK241,True,6,16.0,16.0,1,True,False,True
2414789,K24,HK242,True,8,17.0,17.0,4,True,False,True
2414789,K24,HK251,True,5,16.0,16.0,5,True,False,True
2414789,K24,HK252,True,6,17.0,17.0,5,True,False,True
2414789,K24,HK261,True,6,18.0,0.0,8,True,False,False
2414854,K24,HK241,True,6,16.0,16.0,1,False,False,True
2414854,K24,HK242,True,8,17.0,17.0,4,False,False,True
2414854,K24,HK251,True,6,19.0,19.0,6,False,False,True
2414854,K24,HK252,True,6,17.0,17.0,6,False,False,True
2414854,K24,HK261,True,6,18.0,0.0,6,False,False,False
2414919,K24,HK241,True,6,16.0,16.0,1,True,False,True
2414919,K24,HK242,True,8,17.0,17.0,1,True,False,True
2414919,K24,HK251,True,5,16.0,16.0,3,True,False,True
2414919,K24,HK252,True,6,17.0,17.0,5,True,False,True
2414919,K24,HK261,True,6,18.0,0.0,9,True,False,False
2415152,K24,HK241,True,6,16.0,16.0,3,True,False,True
2415152,K24,HK242,True,8,17.0,17.0,4,True,False,True
2415152,K24,HK251,True,6,19.0,19.0,6,True,False,True
2415152,K24,HK252,True,6,17.0,17.0,8,True,False,True
2415152,K24,HK261,True,6,18.0,0.0,13,True,False,False
2415217,K24,HK241,True,6,16.0,16.0,6,True,False,True
2415217,K24,HK242,True,8,17.0,17.0,11,True,False,True
2415217,K24,HK251,True,6,19.0,19.0,11,True,False,True
2415217,K24,HK252,True,6,17.0,17.0,13,True,False,True
2415217,K24,HK261,True,6,18.0,0.0,15,True,True,False
2415282,K24,HK241,True,6,16.0,16.0,0,False,False,True
2415282,K24,HK242,True,8,17.0,17.0,1,False,False,True
2415282,K24,HK251,True,5,16.0,16.0,3,False,False,True
2415282,K24,HK252,True,6,17.0,17.0,6,False,False,True
2415282,K24,HK261,True,6,18.0,0.0,7,False,False,False
2415515,K24,HK241,True,6,16.0,16.0,1,True,False,True
2415515,K24,HK242,True,8,17.0,17.0,2,True,False,True
2415515,K24,HK251,True,6,19.0,19.0,2,True,False,True
2415515,K24,HK252,True,6,17.0,17.0,4,True,False,True
2415515,K24,HK261,True,6,18.0,0.0,5,True,False,False
2415580,K24,HK241,True,6,16.0,4.0,0,False,False,True
2415580,K24,HK242,True,10,22.0,11.0,1,False,False,True
2415580,K24,HK251,True,8,21.0,6.0,3,False,False,True
2415645,K24,HK241,True,6,16.0,16.0,2,True,False,True
2415645,K24,HK242,True,8,17.0,17.0,3,True,False,True
2415645,K24,HK251,True,5,16.0,16.0,4,True,False,True
2415645,K24,HK252,True,6,17.0,17.0,8,True,False,True
2415645,K24,HK261,True,6,18.0,0.0,10,True,False,False
2415813,K24,HK241,True,6,16.0,16.0,2,False,False,True
2415813,K24,HK242,True,8,17.0,17.0,5,False,False,True
2415813,K24,HK251,True,5,16.0,16.0,6,False,False,True
2415813,K24,HK252,True,6,17.0,17.0,9,False,False,True
2415813,K24,HK261,True,6,18.0,0.0,11,False,False,False
2415878,K24,HK241,True,6,16.0,16.0,1,False,False,True
2415878,K24,HK242,True,8,17.0,17.0,4,False,False,True
2415943,K24,HK241,True,6,16.0,16.0,1,True,False,True
2415943,K24,HK242,True,8,17.0,17.0,5,True,False,True
2415943,K24,HK251,True,5,16.0,16.0,5,True,False,True
2415943,K24,HK252,True,6,17.0,17.0,7,True,False,True
2415943,K24,HK261,True,6,18.0,0.0,7,True,False,False
2416176,K24,HK241,True,6,16.0,16.0,0,False,False,True
2416176,K24,HK242,True,8,17.0,17.0,4,False,False,True
2416176,K24,HK251,True,5,16.0,16.0,6,False,False,True
2416176,K24,HK252,True,6,17.0,17.0,6,False,False,True
2416176,K24,HK261,True,6,18.0,0.0,7,False,False,False
2416241,K24,HK241,True,6,16.0,16.0,1,True,False,True
2416241,K24,HK242,True,8,17.0,17.0,2,True,False,True
2416241,K24,HK251,True,5,16.0,16.0,2,True,False,True
2416241,K24,HK252,True,6,17.0,17.0,5,True,False,True
2416241,K24,HK261,True,6,18.0,0.0,7,True,False,False
2416306,K24,HK241,True,6,16.0,16.0,1,False,False,True
2416306,K24,HK242,True,8,17.0,17.0,4,False,False,True
2416306,K24,HK251,True,5,16.0,16.0,8,False,False,True
2416306,K24,HK252,True,6,17.0,17.0,9,False,False,True
2416306,K24,HK261,True,6,18.0,0.0,12,False,False,False
2416539,K24,HK241,True,6,16.0,16.0,0,True,False,True
2416539,K24,HK242,True,8,17.0,17.0,2,True,False,True
2416539,K24,HK251,True,5,16.0,16.0,3,True,False,True
2416539,K24,HK252,True,6,17.0,17.0,6,True,False,True
2416539,K24,HK261,True,6,18.0,0.0,7,True,False,False
2416604,K24,HK241,True,6,16.0,4.0,4,False,False,True
2416604,K24,HK242,True,10,22.0,10.0,4,False,False,True
2416837,K24,HK241,True,6,16.0,16.0,2,True,False,True
2416837,K24,HK242,True,8,17.0,17.0,3,True,False,True
2416837,K24,HK251,True,5,16.0,16.0,4,True,False,True
2416837,K24,HK252,True,6,17.0,17.0,4,True,False,True
2416837,K24,HK261,True,6,18.0,0.0,7,True,False,False
2416902,K24,HK241,True,6,16.0,16.0,2,False,False,True
2416902,K24,HK242,True,8,17.0,17.0,7,False,False,True
2416902,K24,HK251,True,5,16.0,16.0,8,False,False,True
2416902,K24,HK252,True,6,17.0,17.0,10,False,False,True
2416902,K24,HK261,True,6,18.0,0.0,12,False,False,False
2416967,K24,HK241,True,6,16.0,16.0,3,False,False,True
2416967,K24,HK242,True,8,17.0,17.0,6,False,False,True
2416967,K24,HK251,True,5,16.0,16.0,7,False,False,True
2416967,K24,HK252,True,6,17.0,17.0,9,False,False,True
2416967,K24,HK261,True,6,18.0,0.0,9,False,False,False
2417200,K24,HK241,True,6,16.0,16.0,1,True,False,True
2417200,K24,HK242,True,9,20.0,20.0,2,True,False,True
2417200,K24,HK251,True,6,19.0,19.0,2,True,False,True
2417200,K24,HK252,True,7,20.0,20.0,3,True,False,True
2417200,K24,HK261,True,6,18.0,0.0,5,True,False,False
2417265,K24,HK241,True,6,16.0,16.0,1,False,False,True
2417265,K24,HK242,True,8,17.0,17.0,1,False,False,True
2417265,K24,HK251,True,6,19.0,19.0,3,False,False,True
2417265,K24,HK252,True,6,17.0,17.0,7,False,False,True
2417265,K24,HK261,True,6,18.0,0.0,9,False,False,False
2417330,K24,HK241,True,6,16.0,16.0,1,True,False,True
2417330,K24,HK242,True,8,17.0,17.0,2,True,False,True
2417330,K24,HK251,True,5,16.0,16.0,4,True,False,True
2417330,K24,HK252,True,6,17.0,17.0,7,True,False,True
2417330,K24,HK261,True,6,18.0,0.0,9,True,False,False
2417563,K24,HK241,True,6,16.0,16.0,1,False,False,True
2417563,K24,HK242,True,8,17.0,17.0,5,False,False,True
2417563,K24,HK251,True,5,16.0,16.0,7,False,False,True
2417563,K24,HK252,True,6,17.0,17.0,7,False,False,True
2417563,K24,HK261,True,6,18.0,0.0,8,False,False,False
2417628,K24,HK241,True,6,16.0,16.0,3,True,False,True
2417628,K24,HK242,True,8,17.0,17.0,6,True,False,True
2417628,K24,HK251,True,5,16.0,16.0,8,True,False,True
2417628,K24,HK252,True,6,17.0,17.0,8,True,False,True
2417628,K24,HK261,True,6,18.0,0.0,8,True,False,False
2417861,K24,HK241,True,6,16.0,16.0,1,False,False,True
2417861,K24,HK242,True,8,17.0,17.0,3,False,False,True
2417861,K24,HK251,True,6,19.0,19.0,6,False,False,True
2417861,K24,HK252,True,6,17.0,17.0,7,False,False,True
2417861,K24,HK261,True,6,18.0,0.0,13,False,False,False
2417926,K24,HK241,True,6,16.0,16.0,3,True,False,True
2417926,K24,HK242,True,8,17.0,17.0,5,True,False,True
2417926,K24,HK251,True,6,19.0,19.0,7,True,False,True
2417926,K24,HK252,True,6,17.0,17.0,7,True,False,True
2417926,K24,HK261,True,6,18.0,0.0,10,True,False,False
2417991,K24,HK241,True,6,16.0,16.0,0,True,False,True
2417991,K24,HK242,True,8,17.0,17.0,2,True,False,True
2417991,K24,HK251,True,5,16.0,16.0,7,True,False,True
2417991,K24,HK252,True,6,17.0,17.0,9,True,False,True
2417991,K24,HK261,True,6,18.0,0.0,14,True,False,False
2418224,K24,HK241,True,6,16.0,16.0,2,True,False,True
2418224,K24,HK242,True,8,17.0,17.0,5,True,False,True
2418224,K24,HK251,True,6,19.0,19.0,8,True,False,True
2418224,K24,HK252,True,6,17.0,17.0,11,True,False,True
2418224,K24,HK261,True,6,18.0,0.0,14,True,False,False
2418289,K24,HK241,True,6,16.0,16.0,3,False,False,True
2418289,K24,HK242,True,8,17.0,17.0,5,False,False,True
2418289,K24,HK251,True,5,16.0,16.0,10,False,False,True
2418289,K24,HK252,True,6,17.0,17.0,14,False,False,True
2418289,K24,HK261,True,6,18.0,0.0,16,False,False,False
2418354,K24,HK241,True,6,16.0,16.0,1,False,False,True
2418354,K24,HK242,True,8,17.0,17.0,1,False,False,True
2418354,K24,HK251,True,5,16.0,16.0,1,False,False,True
2418354,K24,HK252,True,6,17.0,17.0,3,False,False,True
2418354,K24,HK261,True,6,18.0,0.0,4,False,False,False
2418522,K24,HK241,True,6,16.0,16.0,2,True,False,True
2418522,K24,HK242,True,8,17.0,17.0,2,True,False,True
2418522,K24,HK251,True,5,16.0,16.0,3,True,False,True
2418522,K24,HK252,True,6,17.0,17.0,3,True,False,True
2418522,K24,HK261,True,6,18.0,0.0,5,True,False,False
2418587,K24,HK241,True,6,16.0,16.0,1,False,False,True
2418587,K24,HK242,True,8,17.0,17.0,3,False,False,True
2418587,K24,HK251,True,5,16.0,16.0,4,False,False,True
2418587,K24,HK252,True,6,17.0,17.0,8,False,False,True
2418587,K24,HK261,True,6,18.0,0.0,10,False,False,False
2418652,K24,HK241,True,6,16.0,16.0,1,True,False,True
2418652,K24,HK242,True,8,17.0,17.0,1,True,False,True
2418652,K24,HK251,True,6,19.0,19.0,3,True,False,True
2418652,K24,HK252,True,6,17.0,17.0,4,True,False,True
2418652,K24,HK261,True,6,18.0,0.0,5,True,False,False
2418885,K24,HK241,True,6,16.0,16.0,2,False,False,True
2418885,K24,HK242,True,8,17.0,17.0,3,False,False,True
2418885,K24,HK251,True,5,16.0,16.0,7,False,False,True
2418885,K24,HK252,True,6,17.0,17.0,8,False,False,True
2418885,K24,HK261,True,6,18.0,0.0,11,False,False,False
2418950,K24,HK241,True,6,16.0,16.0,0,True,False,True
2418950,K24,HK242,True,8,17.0,17.0,1,True,False,True
2418950,K24,HK251,True,5,16.0,16.0,3,True,False,True
2418950,K24,HK252,True,6,17.0,17.0,8,True,False,True
2418950,K24,HK261,True,6,18.0,0.0,12,True,False,False
2419015,K24,HK241,True,6,16.0,16.0,3,True,False,True
2419015,K24,HK242,True,8,17.0,17.0,6,True,False,True
2419015,K24,HK251,True,5,16.0,16.0,6,True,False,True
2419015,K24,HK252,True,6,17.0,17.0,7,True,False,True
2419015,K24,HK261,True,6,18.0,0.0,8,True,False,False
2419248,K24,HK241,True,6,16.0,16.0,1,False,False,True
2419248,K24,HK242,True,8,17.0,17.0,3,False,False,True
2419248,K24,HK251,True,5,16.0,16.0,3,False,False,True
2419248,K24,HK252,True,6,17.0,17.0,4,False,False,True
2419248,K24,HK261,True,6,18.0,0.0,7,False,False,False
2419313,K24,HK241,True,6,16.0,16.0,1,False,False,True
2419313,K24,HK242,True,8,17.0,17.0,2,False,False,True
2419313,K24,HK251,True,6,19.0,19.0,5,False,False,True
2419378,K24,HK241,True,6,16.0,16.0,2,False,False,True
2419378,K24,HK242,True,8,17.0,17.0,2,False,False,True
2419378,K24,HK251,True,6,19.0,19.0,5,False,False,True
2419378,K24,HK252,True,6,17.0,17.0,7,False,False,True
2419378,K24,HK261,True,6,18.0,0.0,9,False,False,False
2419546,K24,HK241,True,6,16.0,16.0,1,False,False,True
2419546,K24,HK242,True,8,17.0,17.0,3,False,False,True
2419546,K24,HK251,True,6,19.0,19.0,6,False,False,True
2419546,K24,HK252,True,6,17.0,17.0,7,False,False,True
2419546,K24,HK261,True,6,18.0,0.0,8,False,False,False
2419611,K24,HK241,True,6,16.0,16.0,2,False,False,True
2419611,K24,HK242,True,8,17.0,17.0,4,False,False,True
2419611,K24,HK251,True,6,19.0,19.0,8,False,False,True
2419611,K24,HK252,True,6,17.0,17.0,10,False,False,True
2419611,K24,HK261,True,6,18.0,0.0,16,False,False,False
2419676,K24,HK241,True,6,16.0,16.0,1,False,False,True
2419676,K24,HK242,True,8,17.0,17.0,4,False,False,True
2419676,K24,HK251,True,5,16.0,16.0,9,False,False,True
2419676,K24,HK252,True,6,17.0,17.0,10,False,False,True
2419676,K24,HK261,True,6,18.0,0.0,12,False,False,False
2419909,K24,HK241,True,6,16.0,16.0,0,True,False,True
2419909,K24,HK242,True,8,17.0,17.0,1,True,False,True
2419909,K24,HK251,True,5,16.0,16.0,3,True,False,True
2419909,K24,HK252,True,6,17.0,17.0,4,True,False,True
2419909,K24,HK261,True,6,18.0,0.0,5,True,False,False
2419974,K24,HK241,True,6,16.0,16.0,2,True,False,True
2419974,K24,HK242,True,8,17.0,17.0,2,True,False,True
2419974,K24,HK251,True,6,19.0,19.0,5,True,False,True
2419974,K24,HK252,True,6,17.0,17.0,6,True,False,True
2419974,K24,HK261,True,6,18.0,0.0,6,True,False,False
2420039,K24,HK241,True,6,16.0,16.0,2,True,False,True
2420039,K24,HK242,True,8,17.0,17.0,3,True,False,True
2420039,K24,HK251,True,5,16.0,16.0,4,True,False,True
2420039,K24,HK252,True,6,17.0,17.0,7,True,False,True
2420039,K24,HK261,True,6,18.0,0.0,10,True,False,False
2420272,K24,HK241,True,6,16.0,3.0,4,False,False,True
2420272,K24,HK242,True,9,21.0,18.0,5,False,False,True
2420272,K24,HK251,True,6,17.0,6.0,8,False,False,True
2420272,K24,HK252,True,7,19.0,15.0,8,False,False,True
2420272,K24,HK261,True,7,19.0,0.0,11,False,False,False
2420337,K24,HK241,True,6,16.0,16.0,1,False,False,True
2420337,K24,HK242,True,8,17.0,17.0,3,False,False,True
2420337,K24,HK251,True,5,16.0,16.0,7,False,False,True
2420337,K24,HK252,True,6,17.0,17.0,8,False,False,True
2420337,K24,HK261,True,6,18.0,0.0,9,False,False,False
2420570,K24,HK241,True,6,16.0,16.0,3,True,False,True
2420570,K24,HK242,True,8,17.0,17.0,8,True,False,True
2420570,K24,HK251,True,5,16.0,16.0,12,True,False,True
2420570,K24,HK252,True,6,17.0,17.0,14,True,True,True
2420570,K24,HK261,True,6,18.0,0.0,18,True,True,False
2420635,K24,HK241,True,6,16.0,16.0,0,True,False,True
2420635,K24,HK242,True,8,17.0,17.0,3,True,False,True
2420635,K24,HK251,True,6,19.0,19.0,6,True,False,True
2420635,K24,HK252,True,6,17.0,17.0,8,True,False,True
2420635,K24,HK261,True,6,18.0,0.0,10,True,False,False
2420700,K24,HK241,True,6,16.0,7.0,5,False,False,True
2420700,K24,HK242,True,9,21.0,11.0,6,False,False,True
2420700,K24,HK251,True,7,20.0,6.0,8,False,False,True
2420700,K24,HK252,True,8,22.0,9.0,10,False,False,True
2420933,K24,HK241,True,6,16.0,16.0,1,False,False,True
2420933,K24,HK242,True,8,17.0,17.0,3,False,False,True
2420933,K24,HK251,True,5,16.0,16.0,4,False,False,True
2420933,K24,HK252,True,6,17.0,17.0,6,False,False,True
2420933,K24,HK261,True,6,18.0,0.0,6,False,False,False
2420998,K24,HK241,True,6,16.0,16.0,0,False,False,True
2420998,K24,HK242,True,8,17.0,17.0,1,False,False,True
2420998,K24,HK251,True,5,16.0,16.0,2,False,False,True
2420998,K24,HK252,True,6,17.0,17.0,2,False,False,True
2420998,K24,HK261,True,6,18.0,0.0,7,False,False,False
2421063,K24,HK241,True,6,16.0,16.0,1,False,False,True
2421063,K24,HK242,True,8,17.0,17.0,3,False,False,True
2421063,K24,HK251,True,5,16.0,16.0,6,False,False,True
2421063,K24,HK252,True,6,17.0,17.0,8,False,False,True
2421063,K24,HK261,True,6,18.0,0.0,11,False,False,False
2421231,K24,HK241,True,6,16.0,16.0,1,False,False,True
2421231,K24,HK242,True,8,17.0,17.0,4,False,False,True
2421231,K24,HK251,True,6,19.0,19.0,5,False,False,True
2421231,K24,HK252,True,6,17.0,17.0,6,False,False,True
2421231,K24,HK261,True,6,18.0,0.0,7,False,False,False
2421296,K24,HK241,True,6,16.0,16.0,1,True,False,True
2421296,K24,HK242,True,8,17.0,17.0,2,True,False,True
2421296,K24,HK251,True,5,16.0,16.0,2,True,False,True
2421296,K24,HK252,True,6,17.0,17.0,3,True,False,True
2421296,K24,HK261,True,6,18.0,0.0,3,True,False,False
2421361,K24,HK241,True,6,16.0,16.0,1,True,False,True
2421361,K24,HK242,True,8,17.0,17.0,2,True,False,True
2421361,K24,HK251,True,6,19.0,19.0,5,True,False,True
2421361,K24,HK252,True,6,17.0,17.0,6,True,False,True
2421361,K24,HK261,True,6,18.0,0.0,8,True,False,False
2421594,K24,HK241,True,6,16.0,16.0,0,True,False,True
2421594,K24,HK242,True,8,17.0,17.0,1,True,False,True
2421594,K24,HK251,True,5,16.0,16.0,3,True,False,True
2421594,K24,HK252,True,6,17.0,17.0,5,True,False,True
2421594,K24,HK261,True,6,18.0,0.0,10,True,False,False
2421659,K24,HK241,True,6,16.0,16.0,0,False,False,True
2421659,K24,HK242,True,8,17.0,17.0,2,False,False,True
2421659,K24,HK251,True,5,16.0,16.0,3,False,False,True
2421659,K24,HK252,True,6,17.0,17.0,3,False,False,True
2421659,K24,HK261,True,6,18.0,0.0,9,False,False,False
2421724,K24,HK241,True,6,16.0,14.0,4,False,False,True
2421724,K24,HK242,True,8,17.0,13.0,6,False,False,True
2421724,K24,HK251,True,5,18.0,11.0,8,False,False,True
2421957,K24,HK241,True,6,16.0,16.0,3,False,False,True
2421957,K24,HK242,True,8,17.0,17.0,5,False,False,True
2421957,K24,HK251,True,5,16.0,16.0,9,False,False,True
2421957,K24,HK252,True,6,17.0,17.0,12,False,False,True
2421957,K24,HK261,True,6,18.0,0.0,14,False,False,False
2422022,K24,HK241,True,6,16.0,16.0,2,True,False,True
2422022,K24,HK242,True,8,17.0,17.0,3,True,False,True
2422022,K24,HK251,True,6,19.0,19.0,4,True,False,True
2422022,K24,HK252,True,6,17.0,17.0,6,True,False,True
2422022,K24,HK261,True,6,18.0,0.0,8,True,False,False
2422087,K24,HK241,True,6,16.0,8.0,2,True,False,True
2422087,K24,HK242,True,10,22.0,10.0,4,True,False,True
2422087,K24,HK251,True,7,22.0,10.0,4,True,False,True
2422087,K24,HK252,True,7,20.0,8.0,6,True,False,True
2422087,K24,HK261,True,7,21.0,0.0,9,True,False,False
2422255,K24,HK241,True,6,16.0,16.0,1,True,False,True
2422255,K24,HK242,True,8,17.0,17.0,2,True,False,True
2422255,K24,HK251,True,6,19.0,19.0,3,True,False,True
2422255,K24,HK252,True,6,17.0,17.0,4,True,False,True
2422255,K24,HK261,True,6,18.0,0.0,4,True,False,False
2422320,K24,HK241,True,6,16.0,16.0,0,True,False,True
2422320,K24,HK242,True,8,17.0,17.0,5,True,False,True
2422320,K24,HK251,True,5,16.0,16.0,9,True,False,True
2422320,K24,HK252,True,6,17.0,17.0,9,True,False,True
2422320,K24,HK261,True,6,18.0,0.0,13,True,False,False
2422385,K24,HK241,True,6,16.0,16.0,2,True,False,True
2422385,K24,HK242,True,8,17.0,17.0,4,True,False,True
2422385,K24,HK251,True,5,16.0,16.0,6,True,False,True
2422385,K24,HK252,True,6,17.0,17.0,10,True,False,True
2422385,K24,HK261,True,6,18.0,0.0,13,True,False,False
2422618,K24,HK241,True,6,16.0,16.0,3,False,False,True
2422618,K24,HK242,True,8,17.0,17.0,3,False,False,True
2422618,K24,HK251,True,6,19.0,19.0,8,False,False,True
2422618,K24,HK252,True,6,17.0,17.0,11,False,False,True
2422618,K24,HK261,True,6,18.0,0.0,14,False,False,False
2422683,K24,HK241,True,6,16.0,16.0,2,True,False,True
2422683,K24,HK242,True,8,17.0,17.0,4,True,False,True
2422683,K24,HK251,True,6,19.0,19.0,7,True,False,True
2422683,K24,HK252,True,6,17.0,17.0,14,True,False,True
2422683,K24,HK261,True,6,18.0,0.0,16,True,True,False
2422748,K24,HK241,True,6,16.0,16.0,0,False,False,True
2422748,K24,HK242,True,8,17.0,17.0,0,False,False,True
2422748,K24,HK251,True,6,19.0,19.0,4,False,False,True
2422748,K24,HK252,True,6,17.0,17.0,7,False,False,True
2422748,K24,HK261,True,6,18.0,0.0,8,False,False,False
2422981,K24,HK241,True,6,16.0,16.0,0,False,False,True
2422981,K24,HK242,True,9,20.0,20.0,0,False,False,True
2422981,K24,HK251,True,6,19.0,19.0,1,False,False,True
2422981,K24,HK252,True,7,20.0,20.0,1,False,False,True
2422981,K24,HK261,True,6,18.0,0.0,1,False,False,False
2423046,K24,HK241,True,6,16.0,16.0,1,False,False,True
2423046,K24,HK242,True,8,17.0,17.0,1,False,False,True
2423046,K24,HK251,True,6,19.0,19.0,3,False,False,True
2423046,K24,HK252,True,6,17.0,17.0,5,False,False,True
2423046,K24,HK261,True,6,18.0,0.0,5,False,False,False
2423279,K24,HK241,True,6,16.0,16.0,7,False,False,True
2423279,K24,HK242,True,8,17.0,17.0,8,False,False,True
2423279,K24,HK251,True,6,19.0,19.0,8,False,False,True
2423279,K24,HK252,True,6,17.0,17.0,10,False,False,True
2423279,K24,HK261,True,6,18.0,0.0,10,False,False,False
2423344,K24,HK241,True,6,16.0,16.0,2,False,False,True
2423344,K24,HK242,True,8,17.0,17.0,3,False,False,True
2423344,K24,HK251,True,6,19.0,19.0,3,False,False,True
2423344,K24,HK252,True,6,17.0,17.0,5,False,False,True
2423344,K24,HK261,True,6,18.0,0.0,6,False,False,False
2423409,K24,HK241,True,6,16.0,16.0,2,True,False,True
2423409,K24,HK242,True,8,17.0,17.0,5,True,False,True
2423409,K24,HK251,True,6,19.0,19.0,7,True,False,True
2423409,K24,HK252,True,6,17.0,17.0,12,True,False,True
2423409,K24,HK261,True,6,18.0,0.0,14,True,True,False
2423642,K24,HK241,True,6,16.0,16.0,3,True,False,True
2423642,K24,HK242,True,8,17.0,17.0,6,True,False,True
2423642,K24,HK251,True,5,16.0,16.0,8,True,False,True
2423642,K24,HK252,True,6,17.0,17.0,9,True,False,True
2423642,K24,HK261,True,6,18.0,0.0,9,True,False,False
2423707,K24,HK241,True,6,16.0,16.0,1,True,False,True
2423707,K24,HK242,True,8,17.0,17.0,2,True,False,True
2423707,K24,HK251,True,6,19.0,19.0,3,True,False,True
2423707,K24,HK252,True,6,17.0,17.0,5,True,False,True
2423707,K24,HK261,True,6,18.0,0.0,7,True,False,False
2423772,K24,HK241,True,6,16.0,16.0,2,False,False,True
2423772,K24,HK242,True,8,17.0,17.0,7,False,False,True
2423772,K24,HK251,True,5,16.0,16.0,10,False,False,True
2423772,K24,HK252,True,6,17.0,17.0,12,False,False,True
2423772,K24,HK261,True,6,18.0,0.0,12,False,False,False
2423940,K24,HK241,True,6,16.0,16.0,1,False,False,True
2423940,K24,HK242,True,8,17.0,17.0,4,False,False,True
2423940,K24,HK251,True,5,16.0,16.0,5,False,False,True
2423940,K24,HK252,True,6,17.0,17.0,8,False,False,True
2423940,K24,HK261,True,6,18.0,0.0,10,False,False,False
2424005,K24,HK241,True,6,16.0,16.0,3,True,False,True
2424005,K24,HK242,True,8,17.0,15.0,6,True,False,True
2424005,K24,HK251,True,5,16.0,16.0,7,True,False,True
2424005,K24,HK252,True,6,18.0,18.0,10,True,False,True
2424005,K24,HK261,True,6,18.0,0.0,12,True,False,False
2424070,K24,HK241,True,6,16.0,16.0,1,False,False,True
2424070,K24,HK242,True,8,17.0,17.0,3,False,False,True
2424070,K24,HK251,True,6,19.0,19.0,3,False,False,True
2424070,K24,HK252,True,6,17.0,17.0,4,False,False,True
2424070,K24,HK261,True,6,18.0,0.0,6,False,False,False
2424303,K24,HK241,True,6,16.0,16.0,3,True,False,True
2424303,K24,HK242,True,8,17.0,17.0,5,True,False,True
2424303,K24,HK251,True,5,16.0,16.0,6,True,False,True
2424303,K24,HK252,True,6,17.0,17.0,6,True,False,True
2424303,K24,HK261,True,6,18.0,0.0,8,True,False,False
2424368,K24,HK241,True,6,16.0,7.0,1,True,False,True
2424368,K24,HK242,True,10,21.0,4.0,1,True,False,True
2424433,K24,HK241,True,6,16.0,16.0,6,True,False,True
2424433,K24,HK242,True,8,17.0,17.0,6,True,False,True
2424433,K24,HK251,True,6,19.0,19.0,7,True,False,True
2424433,K24,HK252,True,6,17.0,17.0,8,True,False,True
2424433,K24,HK261,True,6,18.0,0.0,9,True,False,False
2424666,K24,HK241,True,6,16.0,16.0,0,True,False,True
2424666,K24,HK242,True,8,17.0,17.0,3,True,False,True
2424666,K24,HK251,True,5,16.0,16.0,5,True,False,True
2424666,K24,HK252,True,6,17.0,17.0,6,True,False,True
2424666,K24,HK261,True,6,18.0,0.0,8,True,False,False
2424731,K24,HK241,True,6,16.0,16.0,4,False,False,True
2424731,K24,HK242,True,8,17.0,17.0,7,False,False,True
2424731,K24,HK251,True,6,19.0,19.0,9,False,False,True
2424731,K24,HK252,True,6,17.0,17.0,13,False,False,True
2424731,K24,HK261,True,6,18.0,0.0,16,False,False,False
2424796,K24,HK241,True,6,16.0,16.0,3,True,False,True
2424796,K24,HK242,True,8,17.0,17.0,4,True,False,True
2424796,K24,HK251,True,6,19.0,19.0,5,True,False,True
2424796,K24,HK252,True,6,17.0,17.0,8,True,False,True
2424796,K24,HK261,True,6,18.0,0.0,11,True,False,False
2424964,K24,HK241,True,6,16.0,16.0,2,True,False,True
2424964,K24,HK242,True,8,17.0,17.0,2,True,False,True
2424964,K24,HK251,True,5,16.0,16.0,4,True,False,True
2424964,K24,HK252,True,6,17.0,17.0,5,True,False,True
2424964,K24,HK261,True,6,18.0,0.0,6,True,False,False
2425029,K24,HK241,True,6,16.0,16.0,3,False,False,True
2425029,K24,HK242,True,8,17.0,17.0,4,False,False,True
2425029,K24,HK251,True,6,19.0,19.0,6,False,False,True
2425029,K24,HK252,True,6,17.0,17.0,7,False,False,True
2425029,K24,HK261,True,6,18.0,0.0,7,False,False,False
2425094,K24,HK241,True,6,16.0,16.0,2,True,False,True
2425094,K24,HK242,True,8,17.0,17.0,2,True,False,True
2425094,K24,HK251,True,6,19.0,19.0,2,True,False,True
2425094,K24,HK252,True,6,17.0,17.0,4,True,False,True
2425094,K24,HK261,True,6,18.0,0.0,5,True,False,False
2425327,K24,HK241,True,6,16.0,16.0,1,True,False,True
2425327,K24,HK242,True,8,17.0,17.0,3,True,False,True
2425327,K24,HK251,True,5,16.0,16.0,6,True,False,True
2425327,K24,HK252,True,6,17.0,17.0,6,True,False,True
2425327,K24,HK261,True,6,18.0,0.0,9,True,False,False
2425392,K24,HK241,True,6,16.0,16.0,1,False,False,True
2425392,K24,HK242,True,8,17.0,17.0,3,False,False,True
2425392,K24,HK251,True,6,19.0,19.0,5,False,False,True
2425392,K24,HK252,True,6,17.0,17.0,6,False,False,True
2425392,K24,HK261,True,6,18.0,0.0,6,False,False,False
2425457,K24,HK241,True,6,16.0,16.0,1,True,False,True
2425457,K24,HK242,True,8,17.0,17.0,3,True,False,True
2425457,K24,HK251,True,6,19.0,19.0,5,True,False,True
2425457,K24,HK252,True,6,17.0,17.0,6,True,False,True
2425457,K24,HK261,True,6,18.0,0.0,6,True,False,False
2425690,K24,HK241,True,6,16.0,16.0,4,False,False,True
2425690,K24,HK242,True,8,17.0,17.0,5,False,False,True
2425690,K24,HK251,True,6,19.0,19.0,7,False,False,True
2425690,K24,HK252,True,6,17.0,17.0,7,False,False,True
2425690,K24,HK261,True,6,18.0,0.0,11,False,False,False
2425755,K24,HK241,True,6,16.0,16.0,3,True,False,True
2425755,K24,HK242,True,8,17.0,17.0,4,True,False,True
2425755,K24,HK251,True,5,16.0,16.0,5,True,False,True
2425755,K24,HK252,True,6,17.0,17.0,6,True,False,True
2425755,K24,HK261,True,6,18.0,0.0,8,True,False,False
2425820,K24,HK241,True,6,16.0,16.0,1,False,False,True
2425820,K24,HK242,True,8,17.0,17.0,3,False,False,True
2425820,K24,HK251,True,5,16.0,16.0,6,False,False,True
2425820,K24,HK252,True,6,17.0,17.0,9,False,False,True
2425820,K24,HK261,True,6,18.0,0.0,9,False,False,False
2425988,K24,HK241,True,6,16.0,3.0,1,True,False,True
2425988,K24,HK242,True,10,21.0,0.0,2,True,False,True
2426053,K24,HK241,True,6,16.0,16.0,2,True,False,True
2426053,K24,HK242,True,8,17.0,17.0,4,True,False,True
2426053,K24,HK251,True,5,16.0,16.0,4,True,False,True
2426053,K24,HK252,True,6,17.0,17.0,7,True,False,True
2426053,K24,HK261,True,6,18.0,0.0,8,True,False,False
2426118,K24,HK241,True,6,16.0,16.0,4,True,False,True
2426118,K24,HK242,True,8,17.0,17.0,4,True,False,True
2426118,K24,HK251,True,5,16.0,16.0,5,True,False,True
2426118,K24,HK252,True,6,17.0,17.0,8,True,False,True
2426118,K24,HK261,True,6,18.0,0.0,9,True,False,False
2426351,K24,HK241,True,6,16.0,16.0,1,True,False,True
2426351,K24,HK242,True,8,17.0,17.0,1,True,False,True
2426351,K24,HK251,True,6,19.0,19.0,1,True,False,True
2426351,K24,HK252,True,6,17.0,17.0,3,True,False,True
2426351,K24,HK261,True,6,18.0,0.0,3,True,False,False
2426416,K24,HK241,True,6,16.0,16.0,1,False,False,True
2426416,K24,HK242,True,8,17.0,17.0,1,False,False,True
2426416,K24,HK251,True,5,16.0,16.0,3,False,False,True
2426416,K24,HK252,True,6,17.0,17.0,3,False,False,True
2426416,K24,HK261,True,6,18.0,0.0,4,False,False,False
2426481,K24,HK241,True,6,16.0,16.0,0,False,False,True
2426481,K24,HK242,True,8,17.0,17.0,3,False,False,True
2426481,K24,HK251,True,6,19.0,19.0,6,False,False,True
2426481,K24,HK252,True,6,17.0,17.0,6,False,False,True
2426481,K24,HK261,True,6,18.0,0.0,7,False,False,False
2426714,K24,HK241,True,6,16.0,16.0,1,True,False,True
2426714,K24,HK242,True,8,17.0,17.0,2,True,False,True
2426714,K24,HK251,True,6,19.0,19.0,5,True,False,True
2426714,K24,HK252,True,6,17.0,17.0,9,True,False,True
2426714,K24,HK261,True,6,18.0,0.0,12,True,False,False
2426779,K24,HK241,True,6,16.0,16.0,0,True,False,True
2426779,K24,HK242,True,8,17.0,17.0,0,True,False,True
2426779,K24,HK251,True,5,16.0,16.0,1,True,False,True
2426779,K24,HK252,True,6,17.0,17.0,1,True,False,True
2426779,K24,HK261,True,6,18.0,0.0,2,True,False,False
2427012,K24,HK241,True,6,16.0,16.0,3,True,False,True
2427012,K24,HK242,True,8,17.0,17.0,4,True,False,True
2427012,K24,HK251,True,6,19.0,19.0,8,True,False,True
2427012,K24,HK252,True,6,17.0,17.0,12,True,False,True
2427012,K24,HK261,True,6,18.0,0.0,15,True,True,False
2427077,K24,HK241,True,6,16.0,16.0,4,True,False,True
2427077,K24,HK242,True,8,17.0,17.0,5,True,False,True
2427077,K24,HK251,True,5,16.0,16.0,5,True,False,True
2427077,K24,HK252,True,6,17.0,17.0,5,True,False,True
2427077,K24,HK261,True,6,18.0,0.0,7,True,False,False
2427142,K24,HK241,True,6,16.0,16.0,2,True,False,True
2427142,K24,HK242,True,8,17.0,17.0,4,True,False,True
2427142,K24,HK251,True,5,16.0,16.0,6,True,False,True
2427142,K24,HK252,True,6,17.0,17.0,10,True,False,True
2427142,K24,HK261,True,6,18.0,0.0,12,True,False,False
2427375,K24,HK241,True,6,16.0,4.0,2,True,False,True
2427375,K24,HK242,True,10,22.0,14.0,3,True,False,True
2427375,K24,HK251,True,9,22.0,11.0,4,True,False,True
2427440,K24,HK241,True,6,16.0,16.0,3,False,False,True
2427440,K24,HK242,True,8,17.0,17.0,3,False,False,True
2427440,K24,HK251,True,5,16.0,16.0,5,False,False,True
2427440,K24,HK252,True,6,17.0,17.0,7,False,False,True
2427440,K24,HK261,True,6,18.0,0.0,9,False,False,False
2427505,K24,HK241,True,6,16.0,16.0,1,True,False,True
2427505,K24,HK242,True,8,17.0,17.0,2,True,False,True
2427505,K24,HK251,True,5,16.0,16.0,3,True,False,True
2427505,K24,HK252,True,6,17.0,17.0,5,True,False,True
2427505,K24,HK261,True,6,18.0,0.0,8,True,False,False
2427673,K24,HK241,True,6,16.0,16.0,1,True,False,True
2427673,K24,HK242,True,8,17.0,17.0,1,True,False,True
2427673,K24,HK251,True,6,19.0,19.0,2,True,False,True
2427673,K24,HK252,True,6,17.0,17.0,2,True,False,True
2427673,K24,HK261,True,6,18.0,0.0,3,True,False,False
2427738,K24,HK241,True,6,16.0,16.0,4,True,False,True
2427738,K24,HK242,True,8,17.0,17.0,6,True,False,True
2427738,K24,HK251,True,5,16.0,16.0,6,True,False,True
2427738,K24,HK252,True,6,17.0,17.0,6,True,False,True
2427738,K24,HK261,True,6,18.0,0.0,8,True,False,False
2427803,K24,HK241,True,6,16.0,16.0,1,True,False,True
2427803,K24,HK242,True,8,17.0,17.0,2,True,False,True
2427803,K24,HK251,True,5,16.0,16.0,6,True,False,True
2427803,K24,HK252,True,6,17.0,17.0,8,True,False,True
2427803,K24,HK261,True,6,18.0,0.0,9,True,False,False
2428036,K24,HK241,True,6,16.0,16.0,2,False,False,True
2428036,K24,HK242,True,8,17.0,17.0,4,False,False,True
2428036,K24,HK251,True,6,19.0,19.0,6,False,False,True
2428036,K24,HK252,True,6,17.0,17.0,9,False,False,True
2428036,K24,HK261,True,6,18.0,0.0,11,False,False,False
2428101,K24,HK241,True,6,16.0,16.0,1,False,False,True
2428101,K24,HK242,True,8,17.0,17.0,2,False,False,True
2428101,K24,HK251,True,5,16.0,16.0,3,False,False,True
2428101,K24,HK252,True,6,17.0,17.0,4,False,False,True
2428101,K24,HK261,True,6,18.0,0.0,7,False,False,False
2428166,K24,HK241,True,6,16.0,16.0,0,False,False,True
2428166,K24,HK242,True,8,17.0,16.0,1,False,False,True
2428166,K24,HK251,True,7,17.0,17.0,1,False,False,True
2428166,K24,HK252,True,6,17.0,17.0,1,False,False,True
2428166,K24,HK261,True,6,18.0,0.0,1,False,False,False
2428399,K24,HK241,True,6,16.0,11.0,3,False,False,True
2428399,K24,HK242,True,9,20.0,10.0,5,False,False,True
2428399,K24,HK251,True,7,20.0,11.0,7,False,False,True
2428399,K24,HK252,True,8,21.0,14.0,8,False,False,True
2428399,K24,HK261,True,8,22.0,0.0,10,False,False,False
2428464,K24,HK241,True,6,16.0,16.0,3,True,False,True
2428464,K24,HK242,True,8,17.0,17.0,7,True,False,True
2428464,K24,HK251,True,5,16.0,16.0,8,True,False,True
2428464,K24,HK252,True,6,17.0,17.0,9,True,False,True
2428464,K24,HK261,True,6,18.0,0.0,11,True,False,False
2428529,K24,HK241,True,6,16.0,16.0,1,False,False,True
2428529,K24,HK242,True,8,17.0,17.0,3,False,False,True
2428529,K24,HK251,True,6,19.0,19.0,3,False,False,True
2428529,K24,HK252,True,6,17.0,17.0,4,False,False,True
2428529,K24,HK261,True,6,18.0,0.0,5,False,False,False
2428697,K24,HK241,True,6,16.0,16.0,1,True,False,True
2428697,K24,HK242,True,8,17.0,17.0,3,True,False,True
2428697,K24,HK251,True,5,16.0,16.0,5,True,False,True
2428697,K24,HK252,True,6,17.0,17.0,8,True,False,True
2428697,K24,HK261,True,6,18.0,0.0,11,True,False,False
2428762,K24,HK241,True,6,16.0,16.0,0,False,False,True
2428762,K24,HK242,True,8,17.0,17.0,0,False,False,True
2428762,K24,HK251,True,6,19.0,19.0,2,False,False,True
2428762,K24,HK252,True,6,17.0,17.0,3,False,False,True
2428762,K24,HK261,True,6,18.0,0.0,4,False,False,False
2428827,K24,HK241,True,6,16.0,16.0,1,True,False,True
2428827,K24,HK242,True,8,17.0,17.0,3,True,False,True
2428827,K24,HK251,True,6,19.0,19.0,4,True,False,True
2428827,K24,HK252,True,6,17.0,17.0,5,True,False,True
2428827,K24,HK261,True,6,18.0,0.0,7,True,False,False
2429060,K24,HK241,True,6,16.0,16.0,2,True,False,True
2429060,K24,HK242,True,8,17.0,17.0,4,True,False,True
2429060,K24,HK251,True,5,16.0,16.0,8,True,False,True
2429060,K24,HK252,True,6,17.0,17.0,11,True,False,True
2429060,K24,HK261,True,6,18.0,0.0,12,True,False,False
2429125,K24,HK241,True,6,16.0,16.0,4,False,False,True
2429125,K24,HK242,True,8,17.0,17.0,6,False,False,True
2429125,K24,HK251,True,5,16.0,16.0,9,False,False,True
2429125,K24,HK252,True,6,17.0,17.0,10,False,False,True
2429125,K24,HK261,True,6,18.0,0.0,10,False,False,False
2429190,K24,HK241,True,6,16.0,16.0,1,True,False,True
2429190,K24,HK242,True,8,17.0,17.0,2,True,False,True
2429190,K24,HK251,True,5,16.0,16.0,5,True,False,True
2429190,K24,HK252,True,6,17.0,17.0,5,True,False,True
2429190,K24,HK261,True,6,18.0,0.0,6,True,False,False
2429423,K24,HK241,True,6,16.0,16.0,1,True,False,True
2429423,K24,HK242,True,8,17.0,17.0,3,True,False,True
2429423,K24,HK251,True,5,16.0,16.0,6,True,False,True
2429423,K24,HK252,True,6,17.0,17.0,9,True,False,True
2429423,K24,HK261,True,6,18.0,0.0,12,True,False,False
2429488,K24,HK241,True,6,16.0,16.0,2,True,False,True
2429488,K24,HK242,True,8,17.0,17.0,2,True,False,True
2429488,K24,HK251,True,6,19.0,19.0,3,True,False,True
2429488,K24,HK252,True,6,17.0,17.0,4,True,False,True
2429488,K24,HK261,True,6,18.0,0.0,8,True,False,False
2429721,K24,HK241,True,6,16.0,16.0,1,True,False,True
2429721,K24,HK242,True,8,17.0,17.0,1,True,False,True
2429721,K24,HK251,True,5,16.0,16.0,3,True,False,True
2429721,K24,HK252,True,6,17.0,17.0,3,True,False,True
2429721,K24,HK261,True,6,18.0,0.0,6,True,False,False
2429786,K24,HK241,True,6,16.0,16.0,1,False,False,True
2429786,K24,HK242,True,8,17.0,17.0,4,False,False,True
2429786,K24,HK251,True,6,19.0,19.0,5,False,False,True
2429786,K24,HK252,True,6,17.0,17.0,7,False,False,True
2429786,K24,HK261,True,6,18.0,0.0,9,False,False,False
2429851,K24,HK241,True,6,16.0,16.0,4,False,False,True
2429851,K24,HK242,True,8,17.0,17.0,5,False,False,True
2429851,K24,HK251,True,5,16.0,16.0,6,False,False,True
2429851,K24,HK252,True,6,17.0,17.0,7,False,False,True
2429851,K24,HK261,True,6,18.0,0.0,8,False,False,False
2430084,K24,HK241,True,6,16.0,16.0,1,False,False,True
2430084,K24,HK242,True,8,17.0,17.0,2,False,False,True
2430084,K24,HK251,True,5,16.0,16.0,3,False,False,True
2430084,K24,HK252,True,6,17.0,17.0,5,False,False,True
2430084,K24,HK261,True,6,18.0,0.0,5,False,False,False
2430149,K24,HK241,True,6,16.0,16.0,3,True,False,True
2430149,K24,HK242,True,8,17.0,17.0,4,True,False,True
2430149,K24,HK251,True,6,19.0,19.0,6,True,False,True
2430149,K24,HK252,True,6,17.0,17.0,6,True,False,True
2430149,K24,HK261,True,6,18.0,0.0,12,True,False,False
2430214,K24,HK241,True,6,16.0,16.0,0,False,False,True
2430214,K24,HK242,True,8,17.0,17.0,1,False,False,True
2430214,K24,HK251,True,5,16.0,16.0,3,False,False,True
2430214,K24,HK252,True,6,17.0,17.0,6,False,False,True
2430214,K24,HK261,True,6,18.0,0.0,9,False,False,False
2430382,K24,HK241,True,6,16.0,16.0,4,False,False,True
2430382,K24,HK242,True,9,20.0,20.0,6,False,False,True
2430382,K24,HK251,True,6,19.0,19.0,8,False,False,True
2430382,K24,HK252,True,7,20.0,20.0,10,False,False,True
2430382,K24,HK261,True,6,18.0,0.0,15,False,False,False
2430447,K24,HK241,True,6,16.0,16.0,0,False,False,True
2430447,K24,HK242,True,8,17.0,17.0,2,False,False,True
2430447,K24,HK251,True,6,19.0,19.0,6,False,False,True
2430447,K24,HK252,True,6,17.0,17.0,9,False,False,True
2430447,K24,HK261,True,6,18.0,0.0,10,False,False,False
2430512,K24,HK241,True,6,16.0,16.0,1,False,False,True
2430512,K24,HK242,True,8,17.0,17.0,4,False,False,True
2430512,K24,HK251,True,5,16.0,16.0,4,False,False,True
2430512,K24,HK252,True,6,17.0,17.0,5,False,False,True
2430512,K24,HK261,True,6,18.0,0.0,6,False,False,False
2430745,K24,HK241,True,6,16.0,16.0,4,True,False,True
2430745,K24,HK242,True,8,17.0,17.0,6,True,False,True
2430745,K24,HK251,True,6,19.0,19.0,8,True,False,True
2430745,K24,HK252,True,6,17.0,17.0,8,True,False,True
2430745,K24,HK261,True,6,18.0,0.0,12,True,False,False
2430810,K24,HK241,True,6,16.0,16.0,2,True,False,True
2430810,K24,HK242,True,8,17.0,17.0,2,True,False,True
2430810,K24,HK251,True,6,19.0,19.0,3,True,False,True
2430810,K24,HK252,True,6,17.0,17.0,5,True,False,True
2430810,K24,HK261,True,6,18.0,0.0,6,True,False,False
2430875,K24,HK241,True,6,16.0,16.0,1,False,False,True
2430875,K24,HK242,True,8,17.0,17.0,2,False,False,True
2430875,K24,HK251,True,6,19.0,19.0,3,False,False,True
2430875,K24,HK252,True,6,17.0,17.0,3,False,False,True
2430875,K24,HK261,True,6,18.0,0.0,6,False,False,False
2431108,K24,HK241,True,6,16.0,16.0,2,True,False,True
2431108,K24,HK242,True,8,17.0,17.0,4,True,False,True
2431108,K24,HK251,True,6,19.0,19.0,6,True,False,True
2431108,K24,HK252,True,6,17.0,17.0,7,True,False,True
2431108,K24,HK261,True,6,18.0,0.0,9,True,False,False
2431173,K24,HK241,True,6,16.0,16.0,2,True,False,True
2431173,K24,HK242,True,8,17.0,17.0,7,True,False,True
2431173,K24,HK251,True,5,16.0,16.0,8,True,False,True
2431173,K24,HK252,True,6,17.0,17.0,8,True,False,True
2431173,K24,HK261,True,6,18.0,0.0,13,True,False,False
2431238,K24,HK241,True,6,16.0,16.0,0,False,False,True
2431238,K24,HK242,True,8,17.0,17.0,3,False,False,True
2431238,K24,HK251,True,5,16.0,16.0,9,False,False,True
2431238,K24,HK252,True,6,17.0,17.0,11,False,False,True
2431238,K24,HK261,True,6,18.0,0.0,12,False,False,False
2431406,K24,HK241,True,6,16.0,16.0,0,True,False,True
2431406,K24,HK242,True,8,17.0,17.0,3,True,False,True
2431406,K24,HK251,True,5,16.0,16.0,5,True,False,True
2431406,K24,HK252,True,6,17.0,17.0,8,True,False,True
2431406,K24,HK261,True,6,18.0,0.0,8,True,False,False
2431471,K24,HK241,True,6,16.0,16.0,2,True,False,True
2431471,K24,HK242,True,8,17.0,17.0,4,True,False,True
2431471,K24,HK251,True,6,19.0,19.0,5,True,False,True
2431471,K24,HK252,True,6,17.0,17.0,7,True,False,True
2431471,K24,HK261,True,6,18.0,0.0,10,True,False,False
2431536,K24,HK241,True,6,16.0,16.0,1,False,False,True
2431536,K24,HK242,True,8,17.0,17.0,1,False,False,True
2431536,K24,HK251,True,6,19.0,19.0,2,False,False,True
2431536,K24,HK252,True,6,17.0,17.0,3,False,False,True
2431536,K24,HK261,True,6,18.0,0.0,4,False,False,False
2431769,K24,HK241,True,6,16.0,16.0,2,False,False,True
2431769,K24,HK242,True,9,20.0,20.0,3,False,False,True
2431769,K24,HK251,True,6,19.0,19.0,8,False,False,True
2431769,K24,HK252,True,7,20.0,20.0,8,False,False,True
2431769,K24,HK261,True,6,18.0,0.0,9,False,False,False
2431834,K24,HK241,True,6,16.0,16.0,4,True,False,True
2431834,K24,HK242,True,8,17.0,17.0,5,True,False,True
2431834,K24,HK251,True,5,16.0,16.0,7,True,False,True
2431834,K24,HK252,True,6,17.0,17.0,11,True,False,True
2431834,K24,HK261,True,6,18.0,0.0,12,True,False,False
2431899,K24,HK241,True,6,16.0,16.0,6,True,False,True
2431899,K24,HK242,True,8,17.0,17.0,6,True,False,True
2431899,K24,HK251,True,5,16.0,16.0,8,True,False,True
2431899,K24,HK252,True,6,17.0,17.0,8,True,False,True
2431899,K24,HK261,True,6,18.0,0.0,11,True,False,False
2432132,K24,HK241,True,6,16.0,16.0,1,False,False,True
2432132,K24,HK242,True,8,17.0,17.0,1,False,False,True
2432132,K24,HK251,True,6,19.0,19.0,4,False,False,True
2432132,K24,HK252,True,6,17.0,17.0,4,False,False,True
2432132,K24,HK261,True,6,18.0,0.0,6,False,False,False
2432197,K24,HK241,True,6,16.0,16.0,4,False,False,True
2432197,K24,HK242,True,8,17.0,17.0,6,False,False,True
2432197,K24,HK251,True,5,16.0,16.0,8,False,False,True
2432430,K24,HK241,True,6,16.0,16.0,3,True,False,True
2432430,K24,HK242,True,8,17.0,17.0,5,True,False,True
2432430,K24,HK251,True,6,19.0,19.0,6,True,False,True
2432430,K24,HK252,True,6,17.0,17.0,8,True,False,True
2432430,K24,HK261,True,6,18.0,0.0,11,True,False,False
2432495,K24,HK241,True,6,16.0,16.0,3,True,False,True
2432495,K24,HK242,True,8,17.0,17.0,4,True,False,True
2432495,K24,HK251,True,5,16.0,16.0,5,True,False,True
2432495,K24,HK252,True,6,17.0,17.0,9,True,False,True
2432495,K24,HK261,True,6,18.0,0.0,14,True,False,False
2432560,K24,HK241,True,6,16.0,16.0,2,False,False,True
2432560,K24,HK242,True,8,17.0,17.0,3,False,False,True
2432560,K24,HK251,True,5,16.0,16.0,3,False,False,True
2432560,K24,HK252,True,6,17.0,17.0,6,False,False,True
2432560,K24,HK261,True,6,18.0,0.0,8,False,False,False
2432793,K24,HK241,True,6,16.0,16.0,2,False,False,True
2432793,K24,HK242,True,8,17.0,17.0,4,False,False,True
2432793,K24,HK251,True,6,19.0,19.0,5,False,False,True
2432793,K24,HK252,True,6,17.0,17.0,5,False,False,True
2432793,K24,HK261,True,6,18.0,0.0,6,False,False,False
2432858,K24,HK241,True,6,16.0,16.0,2,False,False,True
2432858,K24,HK242,True,8,17.0,17.0,3,False,False,True
2432858,K24,HK251,True,6,19.0,19.0,4,False,False,True
2432858,K24,HK252,True,6,17.0,17.0,6,False,False,True
2432858,K24,HK261,True,6,18.0,0.0,10,False,False,False
2432923,K24,HK241,True,6,16.0,16.0,2,True,False,True
2432923,K24,HK242,True,8,17.0,17.0,5,True,False,True
2432923,K24,HK251,True,6,19.0,19.0,5,True,False,True
2432923,K24,HK252,True,6,17.0,17.0,8,True,False,True
2432923,K24,HK261,True,6,18.0,0.0,10,True,False,False
2433156,K24,HK241,True,6,16.0,16.0,1,True,False,True
2433156,K24,HK242,True,8,17.0,17.0,2,True,False,True
2433156,K24,HK251,True,5,16.0,16.0,3,True,False,True
2433156,K24,HK252,True,6,17.0,17.0,4,True,False,True
2433156,K24,HK261,True,6,18.0,0.0,4,True,False,False
2433221,K24,HK241,True,6,16.0,12.0,2,True,False,True
2433221,K24,HK242,True,9,21.0,20.0,2,True,False,True
2433221,K24,HK251,True,6,17.0,16.0,2,True,False,True
2433221,K24,HK252,True,7,18.0,17.0,3,True,False,True
2433221,K24,HK261,True,6,16.0,0.0,5,True,False,False
2433454,K24,HK241,True,6,16.0,9.0,0,False,False,True
2433454,K24,HK242,True,9,21.0,15.0,3,False,False,True
2433454,K24,HK251,True,8,20.0,14.0,3,False,False,True
2433454,K24,HK252,True,7,18.0,12.0,3,False,False,True
2433454,K24,HK261,True,8,21.0,0.0,3,False,False,False
2433519,K24,HK241,True,6,16.0,16.0,0,False,False,True
2433519,K24,HK242,True,8,17.0,17.0,1,False,False,True
2433519,K24,HK251,True,5,16.0,16.0,2,False,False,True
2433519,K24,HK252,True,6,17.0,17.0,4,False,False,True
2433519,K24,HK261,True,6,18.0,0.0,8,False,False,False
2433584,K24,HK241,True,6,16.0,16.0,2,False,False,True
2433584,K24,HK242,True,8,17.0,17.0,3,False,False,True
2433584,K24,HK251,True,5,16.0,16.0,6,False,False,True
2433584,K24,HK252,True,6,17.0,17.0,8,False,False,True
2433584,K24,HK261,True,6,18.0,0.0,10,False,False,False
2433817,K24,HK241,True,6,16.0,16.0,1,False,False,True
2433817,K24,HK242,True,8,17.0,17.0,2,False,False,True
2433817,K24,HK251,True,5,16.0,16.0,3,False,False,True
2433817,K24,HK252,True,6,17.0,17.0,5,False,False,True
2433817,K24,HK261,True,6,18.0,0.0,10,False,False,False
2433882,K24,HK241,True,6,16.0,16.0,0,False,False,True
2433882,K24,HK242,True,8,17.0,17.0,3,False,False,True
2433882,K24,HK251,True,5,16.0,16.0,3,False,False,True
2433882,K24,HK252,True,6,17.0,17.0,3,False,False,True
2433882,K24,HK261,True,6,18.0,0.0,4,False,False,False
2433947,K24,HK241,True,6,16.0,16.0,1,False,False,True
2433947,K24,HK242,True,8,17.0,17.0,1,False,False,True
2433947,K24,HK251,True,6,19.0,19.0,4,False,False,True
2433947,K24,HK252,True,6,17.0,17.0,8,False,False,True
2433947,K24,HK261,True,6,18.0,0.0,9,False,False,False
2434115,K24,HK241,True,6,16.0,16.0,1,True,False,True
2434115,K24,HK242,True,8,17.0,17.0,2,True,False,True
2434115,K24,HK251,True,5,16.0,16.0,2,True,False,True
2434115,K24,HK252,True,6,17.0,17.0,5,True,False,True
2434115,K24,HK261,True,6,18.0,0.0,9,True,False,False
2434180,K24,HK241,True,6,16.0,16.0,3,True,False,True
2434180,K24,HK242,True,9,20.0,20.0,4,True,False,True
2434180,K24,HK251,True,6,19.0,19.0,4,True,False,True
2434180,K24,HK252,True,7,20.0,20.0,6,True,False,True
2434180,K24,HK261,True,6,18.0,0.0,10,True,False,False
2434245,K24,HK241,True,6,16.0,16.0,3,False,False,True
2434245,K24,HK242,True,9,20.0,20.0,8,False,False,True
2434245,K24,HK251,True,6,19.0,19.0,8,False,False,True
2434245,K24,HK252,True,7,20.0,20.0,9,False,False,True
2434245,K24,HK261,True,6,18.0,0.0,13,False,False,False
2434478,K24,HK241,True,6,16.0,16.0,1,True,False,True
2434478,K24,HK242,True,8,17.0,17.0,2,True,False,True
2434478,K24,HK251,True,6,19.0,19.0,2,True,False,True
2434478,K24,HK252,True,6,17.0,17.0,5,True,False,True
2434478,K24,HK261,True,6,18.0,0.0,7,True,False,False
2434543,K24,HK241,True,6,16.0,16.0,4,True,False,True
2434543,K24,HK242,True,8,17.0,17.0,6,True,False,True
2434543,K24,HK251,True,5,16.0,16.0,8,True,False,True
2434543,K24,HK252,True,6,17.0,17.0,13,True,False,True
2434543,K24,HK261,True,6,18.0,0.0,14,True,True,False
2434608,K24,HK241,True,6,16.0,16.0,0,True,False,True
2434608,K24,HK242,True,8,17.0,17.0,2,True,False,True
2434608,K24,HK251,True,5,16.0,16.0,2,True,False,True
2434608,K24,HK252,True,6,17.0,17.0,3,True,False,True
2434608,K24,HK261,True,6,18.0,0.0,5,True,False,False
2434841,K24,HK241,True,6,16.0,16.0,1,False,False,True
2434841,K24,HK242,True,8,17.0,17.0,1,False,False,True
2434841,K24,HK251,True,5,16.0,16.0,4,False,False,True
2434841,K24,HK252,True,6,17.0,17.0,5,False,False,True
2434841,K24,HK261,True,6,18.0,0.0,5,False,False,False
2434906,K24,HK241,True,6,16.0,16.0,2,True,False,True
2434906,K24,HK242,True,8,17.0,17.0,3,True,False,True
2434906,K24,HK251,True,6,19.0,19.0,6,True,False,True
2434906,K24,HK252,True,6,17.0,17.0,8,True,False,True
2434906,K24,HK261,True,6,18.0,0.0,9,True,False,False
2434971,K24,HK241,True,6,16.0,16.0,3,True,False,True
2434971,K24,HK242,True,8,17.0,17.0,5,True,False,True
2434971,K24,HK251,True,6,19.0,19.0,9,True,False,True
2434971,K24,HK252,True,6,17.0,17.0,10,True,False,True
2434971,K24,HK261,True,6,18.0,0.0,14,True,False,False
2435139,K24,HK241,True,6,16.0,16.0,1,False,False,True
2435139,K24,HK242,True,8,17.0,17.0,3,False,False,True
2435139,K24,HK251,True,5,16.0,16.0,3,False,False,True
2435139,K24,HK252,True,6,17.0,17.0,4,False,False,True
2435139,K24,HK261,True,6,18.0,0.0,5,False,False,False
2435204,K24,HK241,True,6,16.0,16.0,1,True,False,True
2435204,K24,HK242,True,8,17.0,17.0,2,True,False,True
2435204,K24,HK251,True,5,16.0,16.0,6,True,False,True
2435204,K24,HK252,True,6,17.0,17.0,6,True,False,True
2435204,K24,HK261,True,6,18.0,0.0,7,True,False,False
2435269,K24,HK241,True,6,16.0,16.0,0,False,False,True
2435269,K24,HK242,True,8,17.0,17.0,2,False,False,True
2435269,K24,HK251,True,6,19.0,19.0,4,False,False,True
2435269,K24,HK252,True,6,17.0,17.0,7,False,False,True
2435269,K24,HK261,True,6,18.0,0.0,11,False,False,False
2435502,K24,HK241,True,6,16.0,16.0,4,False,False,True
2435502,K24,HK242,True,8,17.0,17.0,6,False,False,True
2435502,K24,HK251,True,6,19.0,19.0,7,False,False,True
2435502,K24,HK252,True,6,17.0,17.0,11,False,False,True
2435502,K24,HK261,True,6,18.0,0.0,12,False,False,False
2435567,K24,HK241,True,6,16.0,16.0,2,True,False,True
2435567,K24,HK242,True,8,17.0,17.0,4,True,False,True
2435567,K24,HK251,True,6,19.0,19.0,7,True,False,True
2435567,K24,HK252,True,6,17.0,17.0,8,True,False,True
2435567,K24,HK261,True,6,18.0,0.0,8,True,False,False
2435632,K24,HK241,True,6,16.0,16.0,2,True,False,True
2435632,K24,HK242,True,8,17.0,17.0,4,True,False,True
2435632,K24,HK251,True,5,16.0,16.0,6,True,False,True
2435632,K24,HK252,True,6,17.0,17.0,10,True,False,True
2435632,K24,HK261,True,6,18.0,0.0,11,True,False,False
2435865,K24,HK241,True,6,16.0,16.0,3,True,False,True
2435865,K24,HK242,True,8,17.0,17.0,4,True,False,True
2435865,K24,HK251,True,6,19.0,19.0,4,True,False,True
2435865,K24,HK252,True,6,17.0,17.0,5,True,False,True
2435865,K24,HK261,True,6,18.0,0.0,6,True,False,False
2435930,K24,HK241,True,6,16.0,16.0,4,False,False,True
2435930,K24,HK242,True,8,17.0,17.0,5,False,False,True
2435930,K24,HK251,True,5,16.0,16.0,7,False,False,True
2435930,K24,HK252,True,6,17.0,17.0,7,False,False,True
2435930,K24,HK261,True,6,18.0,0.0,9,False,False,False
2436163,K24,HK241,True,6,16.0,16.0,2,False,False,True
2436163,K24,HK242,True,8,17.0,17.0,4,False,False,True
2436163,K24,HK251,True,6,19.0,19.0,6,False,False,True
2436163,K24,HK252,True,6,17.0,17.0,8,False,False,True
2436163,K24,HK261,True,6,18.0,0.0,10,False,False,False
2436228,K24,HK241,True,6,16.0,16.0,1,True,False,True
2436228,K24,HK242,True,8,17.0,17.0,4,True,False,True
2436228,K24,HK251,True,5,16.0,16.0,6,True,False,True
2436228,K24,HK252,True,6,17.0,17.0,11,True,False,True
2436228,K24,HK261,True,6,18.0,0.0,14,True,False,False
2436293,K24,HK241,True,6,16.0,16.0,3,True,False,True
2436293,K24,HK242,True,8,17.0,17.0,5,True,False,True
2436293,K24,HK251,True,6,19.0,19.0,9,True,False,True
2436293,K24,HK252,True,6,17.0,17.0,10,True,False,True
2436293,K24,HK261,True,6,18.0,0.0,10,True,False,False
2436526,K24,HK241,True,6,16.0,16.0,2,True,False,True
2436526,K24,HK242,True,8,17.0,17.0,7,True,False,True
2436526,K24,HK251,True,5,16.0,16.0,8,True,False,True
2436526,K24,HK252,True,6,17.0,17.0,12,True,False,True
2436526,K24,HK261,True,6,18.0,0.0,14,True,True,False
2436591,K24,HK241,True,6,16.0,16.0,3,False,False,True
2436591,K24,HK242,True,8,17.0,17.0,3,False,False,True
2436591,K24,HK251,True,5,16.0,16.0,4,False,False,True
2436591,K24,HK252,True,6,17.0,17.0,7,False,False,True
2436591,K24,HK261,True,6,18.0,0.0,10,False,False,False
2436656,K24,HK241,True,6,16.0,16.0,1,True,False,True
2436656,K24,HK242,True,8,17.0,17.0,2,True,False,True
2436656,K24,HK251,True,6,19.0,19.0,5,True,False,True
2436656,K24,HK252,True,6,17.0,17.0,7,True,False,True
2436656,K24,HK261,True,6,18.0,0.0,8,True,False,False
2436824,K24,HK241,True,6,16.0,16.0,2,True,False,True
2436824,K24,HK242,True,8,17.0,17.0,6,True,False,True
2436824,K24,HK251,True,5,16.0,16.0,8,True,False,True
2436824,K24,HK252,True,6,17.0,17.0,13,True,False,True
2436824,K24,HK261,True,6,18.0,0.0,14,True,True,False
2436889,K24,HK241,True,6,16.0,16.0,1,True,False,True
2436889,K24,HK242,True,8,17.0,17.0,2,True,False,True
2436889,K24,HK251,True,5,16.0,16.0,4,True,False,True
2436889,K24,HK252,True,6,17.0,17.0,6,True,False,True
2436889,K24,HK261,True,6,18.0,0.0,9,True,False,False
2436954,K24,HK241,True,6,16.0,16.0,2,False,False,True
2436954,K24,HK242,True,8,17.0,17.0,4,False,False,True
2436954,K24,HK251,True,5,16.0,16.0,6,False,False,True
2436954,K24,HK252,True,6,17.0,17.0,7,False,False,True
2436954,K24,HK261,True,6,18.0,0.0,8,False,False,False
2437187,K24,HK241,True,6,16.0,16.0,1,True,False,True
2437187,K24,HK242,True,8,17.0,17.0,3,True,False,True
2437187,K24,HK251,True,5,16.0,16.0,5,True,False,True
2437187,K24,HK252,True,6,17.0,17.0,6,True,False,True
2437187,K24,HK261,True,6,18.0,0.0,9,True,False,False
2437252,K24,HK241,True,6,16.0,16.0,4,False,False,True
2437252,K24,HK242,True,8,17.0,17.0,6,False,False,True
2437252,K24,HK251,True,6,19.0,19.0,10,False,False,True
2437252,K24,HK252,True,6,17.0,17.0,10,False,False,True
2437317,K24,HK241,True,6,16.0,16.0,1,True,False,True
2437317,K24,HK242,True,8,17.0,17.0,3,True,False,True
2437317,K24,HK251,True,6,19.0,19.0,3,True,False,True
2437317,K24,HK252,True,6,17.0,17.0,3,True,False,True
2437317,K24,HK261,True,6,18.0,0.0,4,True,False,False
2437550,K24,HK241,True,6,16.0,16.0,4,False,False,True
2437550,K24,HK242,True,8,17.0,17.0,6,False,False,True
2437550,K24,HK251,True,5,16.0,16.0,8,False,False,True
2437550,K24,HK252,True,6,17.0,17.0,11,False,False,True
2437550,K24,HK261,True,6,18.0,0.0,14,False,False,False
2437615,K24,HK241,True,6,16.0,16.0,0,True,False,True
2437615,K24,HK242,True,8,17.0,17.0,0,True,False,True
2437615,K24,HK251,True,6,19.0,19.0,4,True,False,True
2437615,K24,HK252,True,6,17.0,17.0,4,True,False,True
2437615,K24,HK261,True,6,18.0,0.0,7,True,False,False
2437680,K24,HK241,True,6,16.0,16.0,4,True,False,True
2437680,K24,HK242,True,8,17.0,17.0,4,True,False,True
2437680,K24,HK251,True,5,16.0,16.0,6,True,False,True
2437680,K24,HK252,True,6,17.0,17.0,9,True,False,True
2437680,K24,HK261,True,6,18.0,0.0,12,True,False,False
2437848,K24,HK241,True,6,16.0,16.0,1,False,False,True
2437848,K24,HK242,True,8,17.0,17.0,1,False,False,True
2437848,K24,HK251,True,5,16.0,16.0,2,False,False,True
2437848,K24,HK252,True,6,17.0,17.0,3,False,False,True
2437848,K24,HK261,True,6,18.0,0.0,3,False,False,False
2437913,K24,HK241,True,6,16.0,16.0,3,True,False,True
2437913,K24,HK242,True,8,17.0,17.0,6,True,False,True
2437913,K24,HK251,True,5,16.0,16.0,8,True,False,True
2437913,K24,HK252,True,6,17.0,17.0,11,True,False,True
2437913,K24,HK261,True,6,18.0,0.0,13,True,False,False
2437978,K24,HK241,True,6,16.0,16.0,0,False,False,True
2437978,K24,HK242,True,8,17.0,17.0,2,False,False,True
2437978,K24,HK251,True,5,16.0,16.0,3,False,False,True
2437978,K24,HK252,True,6,17.0,17.0,4,False,False,True
2437978,K24,HK261,True,6,18.0,0.0,6,False,False,False
2438211,K24,HK241,True,6,16.0,16.0,2,True,False,True
2438211,K24,HK242,True,8,17.0,17.0,4,True,False,True
2438211,K24,HK251,True,6,19.0,19.0,4,True,False,True
2438211,K24,HK252,True,6,17.0,17.0,6,True,False,True
2438211,K24,HK261,True,6,18.0,0.0,7,True,False,False
2438276,K24,HK241,True,6,16.0,16.0,2,True,False,True
2438276,K24,HK242,True,8,17.0,17.0,2,True,False,True
2438276,K24,HK251,True,5,16.0,16.0,4,True,False,True
2438276,K24,HK252,True,6,17.0,17.0,6,True,False,True
2438276,K24,HK261,True,6,18.0,0.0,8,True,False,False
2438341,K24,HK241,True,6,16.0,16.0,0,False,False,True
2438341,K24,HK242,True,8,17.0,17.0,0,False,False,True
2438341,K24,HK251,True,5,16.0,16.0,2,False,False,True
2438341,K24,HK252,True,6,17.0,17.0,2,False,False,True
2438341,K24,HK261,True,6,18.0,0.0,3,False,False,False
2438574,K24,HK241,True,6,16.0,16.0,0,False,False,True
2438574,K24,HK242,True,8,17.0,17.0,0,False,False,True
2438574,K24,HK251,True,6,19.0,19.0,0,False,False,True
2438574,K24,HK252,True,6,17.0,17.0,0,False,False,True
2438574,K24,HK261,True,6,18.0,0.0,2,False,False,False
2438639,K24,HK241,True,6,16.0,16.0,0,False,False,True
2438639,K24,HK242,True,8,17.0,17.0,1,False,False,True
2438639,K24,HK251,True,5,16.0,16.0,3,False,False,True
2438639,K24,HK252,True,6,17.0,17.0,5,False,False,True
2438639,K24,HK261,True,6,18.0,0.0,5,False,False,False
2438872,K24,HK241,True,6,16.0,16.0,1,False,False,True
2438872,K24,HK242,True,8,17.0,17.0,2,False,False,True
2438872,K24,HK251,True,5,16.0,16.0,2,False,False,True
2438872,K24,HK252,True,6,17.0,17.0,4,False,False,True
2438872,K24,HK261,True,6,18.0,0.0,4,False,False,False
2438937,K24,HK241,True,6,16.0,16.0,1,True,False,True
2438937,K24,HK242,True,8,17.0,17.0,3,True,False,True
2438937,K24,HK251,True,5,16.0,16.0,6,True,False,True
2438937,K24,HK252,True,6,17.0,17.0,7,True,False,True
2438937,K24,HK261,True,6,18.0,0.0,9,True,False,False
2439002,K24,HK241,True,6,16.0,16.0,3,True,False,True
2439002,K24,HK242,True,8,17.0,17.0,5,True,False,True
2439002,K24,HK251,True,5,16.0,16.0,11,True,False,True
2439002,K24,HK252,True,6,17.0,17.0,12,True,False,True
2439002,K24,HK261,True,6,18.0,0.0,13,True,True,False
2439235,K24,HK241,True,6,16.0,16.0,2,True,False,True
2439235,K24,HK242,True,8,17.0,17.0,7,True,False,True
2439235,K24,HK251,True,6,19.0,19.0,12,True,False,True
2439235,K24,HK252,True,6,17.0,17.0,15,True,True,True
2439235,K24,HK261,True,6,18.0,0.0,17,True,True,False
2439300,K24,HK241,True,6,16.0,16.0,1,True,False,True
2439300,K24,HK242,True,8,17.0,17.0,3,True,False,True
2439300,K24,HK251,True,5,16.0,16.0,6,True,False,True
2439300,K24,HK252,True,6,17.0,17.0,6,True,False,True
2439300,K24,HK261,True,6,18.0,0.0,7,True,False,False
2439365,K24,HK241,True,6,16.0,16.0,0,False,False,True
2439365,K24,HK242,True,8,17.0,17.0,1,False,False,True
2439365,K24,HK251,True,5,16.0,16.0,3,False,False,True
2439365,K24,HK252,True,6,17.0,17.0,6,False,False,True
2439365,K24,HK261,True,6,18.0,0.0,9,False,False,False
2439533,K24,HK241,True,6,16.0,16.0,6,True,False,True
2439533,K24,HK242,True,8,17.0,17.0,9,True,False,True
2439533,K24,HK251,True,6,19.0,19.0,11,True,False,True
2439533,K24,HK252,True,6,17.0,17.0,12,True,False,True
2439533,K24,HK261,True,6,18.0,0.0,12,True,True,False
2439598,K24,HK241,True,6,16.0,16.0,2,True,False,True
2439598,K24,HK242,True,8,17.0,17.0,4,True,False,True
2439598,K24,HK251,True,5,16.0,16.0,7,True,False,True
2439598,K24,HK252,True,6,17.0,17.0,9,True,False,True
2439598,K24,HK261,True,6,18.0,0.0,10,True,False,False
2439663,K24,HK241,True,6,16.0,16.0,1,False,False,True
2439663,K24,HK242,True,8,17.0,17.0,6,False,False,True
2439663,K24,HK251,True,5,16.0,16.0,12,False,False,True
2439663,K24,HK252,True,6,17.0,17.0,13,False,False,True
2439663,K24,HK261,True,6,18.0,0.0,14,False,False,False
2439896,K24,HK241,True,6,16.0,16.0,2,False,False,True
2439896,K24,HK242,True,8,17.0,17.0,2,False,False,True
2439896,K24,HK251,True,5,16.0,16.0,7,False,False,True
2439896,K24,HK252,True,6,17.0,17.0,11,False,False,True
2439896,K24,HK261,True,6,18.0,0.0,13,False,False,False
2439961,K24,HK241,True,6,16.0,16.0,2,False,False,True
2439961,K24,HK242,True,8,17.0,17.0,5,False,False,True
2439961,K24,HK251,True,6,19.0,19.0,7,False,False,True
2439961,K24,HK252,True,6,17.0,17.0,9,False,False,True
2439961,K24,HK261,True,6,18.0,0.0,10,False,False,False
2440026,K24,HK241,True,6,16.0,16.0,3,True,False,True
2440026,K24,HK242,True,8,17.0,17.0,6,True,False,True
2440026,K24,HK251,True,6,19.0,19.0,8,True,False,True
2440026,K24,HK252,True,6,17.0,17.0,11,True,False,True
2440026,K24,HK261,True,6,18.0,0.0,12,True,False,False
2440259,K24,HK241,True,6,16.0,16.0,0,False,False,True
2440259,K24,HK242,True,8,17.0,17.0,3,False,False,True
2440259,K24,HK251,True,6,19.0,19.0,6,False,False,True
2440259,K24,HK252,True,6,17.0,17.0,7,False,False,True
2440259,K24,HK261,True,6,18.0,0.0,8,False,False,False
2440324,K24,HK241,True,6,16.0,16.0,4,True,False,True
2440324,K24,HK242,True,8,17.0,17.0,6,True,False,True
2440324,K24,HK251,True,6,19.0,19.0,7,True,False,True
2440324,K24,HK252,True,6,17.0,17.0,7,True,False,True
2440324,K24,HK261,True,6,18.0,0.0,9,True,False,False
2440389,K24,HK241,True,6,16.0,16.0,1,True,False,True
2440389,K24,HK242,True,9,20.0,20.0,4,True,False,True
2440389,K24,HK251,True,6,19.0,19.0,8,True,False,True
2440389,K24,HK252,True,7,20.0,20.0,11,True,False,True
2440389,K24,HK261,True,6,18.0,0.0,16,True,False,False
2440557,K24,HK241,True,6,16.0,16.0,1,False,False,True
2440557,K24,HK242,True,8,17.0,17.0,2,False,False,True
2440557,K24,HK251,True,5,16.0,16.0,3,False,False,True
2440557,K24,HK252,True,6,17.0,17.0,5,False,False,True
2440557,K24,HK261,True,6,18.0,0.0,6,False,False,False
2440622,K24,HK241,True,6,16.0,16.0,3,True,False,True
2440622,K24,HK242,True,8,17.0,17.0,8,True,False,True
2440622,K24,HK251,True,6,19.0,19.0,10,True,False,True
2440622,K24,HK252,True,6,17.0,17.0,12,True,False,True
2440622,K24,HK261,True,6,18.0,0.0,15,True,True,False
2440687,K24,HK241,True,6,16.0,16.0,2,False,False,True
2440687,K24,HK242,True,8,17.0,17.0,3,False,False,True
2440687,K24,HK251,True,5,16.0,16.0,5,False,False,True
2440687,K24,HK252,True,6,17.0,17.0,6,False,False,True
2440687,K24,HK261,True,6,18.0,0.0,8,False,False,False
2440920,K24,HK241,True,6,16.0,7.0,1,False,False,True
2440920,K24,HK242,True,9,21.0,8.0,1,False,False,True
2440985,K24,HK241,True,6,16.0,16.0,1,False,False,True
2440985,K24,HK242,True,8,17.0,17.0,8,False,False,True
2440985,K24,HK251,True,5,16.0,16.0,9,False,False,True
2440985,K24,HK252,True,6,17.0,17.0,14,False,False,True
2440985,K24,HK261,True,6,18.0,0.0,16,False,False,False
2441050,K24,HK241,True,6,16.0,16.0,1,False,False,True
2441050,K24,HK242,True,8,17.0,17.0,1,False,False,True
2441050,K24,HK251,True,5,16.0,16.0,2,False,False,True
2441050,K24,HK252,True,6,17.0,17.0,2,False,False,True
2441050,K24,HK261,True,6,18.0,0.0,4,False,False,False
2441283,K24,HK241,True,6,16.0,16.0,2,True,False,True
2441283,K24,HK242,True,8,17.0,17.0,3,True,False,True
2441283,K24,HK251,True,6,19.0,19.0,4,True,False,True
2441283,K24,HK252,True,6,17.0,17.0,6,True,False,True
2441283,K24,HK261,True,6,18.0,0.0,6,True,False,False
2441348,K24,HK241,True,6,16.0,16.0,2,True,False,True
2441348,K24,HK242,True,8,17.0,17.0,3,True,False,True
2441348,K24,HK251,True,6,19.0,19.0,5,True,False,True
2441348,K24,HK252,True,6,17.0,17.0,8,True,False,True
2441348,K24,HK261,True,6,18.0,0.0,10,True,False,False
2441413,K24,HK241,True,6,16.0,16.0,2,True,False,True
2441413,K24,HK242,True,8,17.0,17.0,3,True,False,True
2441413,K24,HK251,True,5,16.0,16.0,3,True,False,True
2441413,K24,HK252,True,6,17.0,17.0,3,True,False,True
2441413,K24,HK261,True,6,18.0,0.0,5,True,False,False
2441581,K24,HK241,True,6,16.0,16.0,0,False,False,True
2441581,K24,HK242,True,8,17.0,17.0,1,False,False,True
2441581,K24,HK251,True,5,16.0,16.0,3,False,False,True
2441581,K24,HK252,True,6,17.0,17.0,4,False,False,True
2441581,K24,HK261,True,6,18.0,0.0,6,False,False,False
2441646,K24,HK241,True,6,16.0,16.0,2,False,False,True
2441646,K24,HK242,True,8,17.0,17.0,4,False,False,True
2441646,K24,HK251,True,5,16.0,16.0,5,False,False,True
2441646,K24,HK252,True,6,17.0,17.0,8,False,False,True
2441646,K24,HK261,True,6,18.0,0.0,12,False,False,False
2441711,K24,HK241,True,6,16.0,16.0,3,True,False,True
2441711,K24,HK242,True,8,17.0,17.0,6,True,False,True
2441711,K24,HK251,True,6,19.0,19.0,7,True,False,True
2441711,K24,HK252,True,6,17.0,17.0,8,True,False,True
2441711,K24,HK261,True,6,18.0,0.0,10,True,False,False
2441944,K24,HK241,True,6,16.0,16.0,0,False,False,True
2441944,K24,HK242,True,8,17.0,17.0,4,False,False,True
2441944,K24,HK251,True,6,19.0,19.0,6,False,False,True
2441944,K24,HK252,True,6,17.0,17.0,7,False,False,True
2441944,K24,HK261,True,6,18.0,0.0,8,False,False,False
2442009,K24,HK241,True,6,16.0,16.0,1,True,False,True
2442009,K24,HK242,True,8,17.0,17.0,3,True,False,True
2442009,K24,HK251,True,6,19.0,19.0,3,True,False,True
2442009,K24,HK252,True,6,17.0,17.0,4,True,False,True
2442009,K24,HK261,True,6,18.0,0.0,8,True,False,False
2442074,K24,HK241,True,6,16.0,16.0,4,True,False,True
2442074,K24,HK242,True,8,17.0,17.0,4,True,False,True
2442074,K24,HK251,True,5,16.0,16.0,5,True,False,True
2442074,K24,HK252,True,6,17.0,17.0,9,True,False,True
2442074,K24,HK261,True,6,18.0,0.0,11,True,False,False
2442307,K24,HK241,True,6,16.0,16.0,2,True,False,True
2442307,K24,HK242,True,8,17.0,17.0,3,True,False,True
2442307,K24,HK251,True,5,16.0,16.0,8,True,False,True
2442307,K24,HK252,True,6,17.0,17.0,9,True,False,True
2442307,K24,HK261,True,6,18.0,0.0,13,True,False,False
2442372,K24,HK241,True,6,16.0,16.0,3,True,False,True
2442372,K24,HK242,True,8,17.0,17.0,3,True,False,True
2442372,K24,HK251,True,5,16.0,16.0,4,True,False,True
2442372,K24,HK252,True,6,17.0,17.0,7,True,False,True
2442372,K24,HK261,True,6,18.0,0.0,9,True,False,False
2442605,K24,HK241,True,6,16.0,16.0,2,True,False,True
2442605,K24,HK242,True,8,17.0,17.0,3,True,False,True
2442605,K24,HK251,True,5,16.0,16.0,5,True,False,True
2442605,K24,HK252,True,6,17.0,17.0,5,True,False,True
2442605,K24,HK261,True,6,18.0,0.0,9,True,False,False
2442670,K24,HK241,True,6,16.0,16.0,1,True,False,True
2442670,K24,HK242,True,8,17.0,17.0,2,True,False,True
2442670,K24,HK251,True,6,19.0,19.0,3,True,False,True
2442670,K24,HK252,True,6,17.0,17.0,5,True,False,True
2442670,K24,HK261,True,6,18.0,0.0,8,True,False,False
2442735,K24,HK241,True,6,16.0,16.0,2,False,False,True
2442735,K24,HK242,True,8,17.0,17.0,7,False,False,True
2442735,K24,HK251,True,5,16.0,16.0,9,False,False,True
2442735,K24,HK252,True,6,17.0,17.0,12,False,False,True
2442735,K24,HK261,True,6,18.0,0.0,14,False,False,False
2442968,K24,HK241,True,6,16.0,16.0,2,True,False,True
2442968,K24,HK242,True,9,20.0,20.0,6,True,False,True
2442968,K24,HK251,True,6,19.0,19.0,7,True,False,True
2442968,K24,HK252,True,7,20.0,20.0,9,True,False,True
2442968,K24,HK261,True,6,18.0,0.0,10,True,False,False
2443033,K24,HK241,True,6,16.0,16.0,4,True,False,True
2443033,K24,HK242,True,8,17.0,17.0,6,True,False,True
2443033,K24,HK251,True,5,16.0,16.0,9,True,False,True
2443033,K24,HK252,True,6,17.0,17.0,11,True,False,True
2443033,K24,HK261,True,6,18.0,0.0,13,True,False,False
2443098,K24,HK241,True,6,16.0,16.0,2,True,False,True
2443098,K24,HK242,True,8,17.0,17.0,3,True,False,True
2443098,K24,HK251,True,6,19.0,19.0,6,True,False,True
2443098,K24,HK252,True,6,17.0,17.0,9,True,False,True
2443098,K24,HK261,True,6,18.0,0.0,9,True,False,False
2443266,K24,HK241,True,6,16.0,16.0,3,True,False,True
2443266,K24,HK242,True,8,17.0,17.0,6,True,False,True
2443266,K24,HK251,True,6,19.0,19.0,10,True,False,True
2443266,K24,HK252,True,6,17.0,17.0,14,True,False,True
2443266,K24,HK261,True,6,18.0,0.0,18,True,True,False
2443331,K24,HK241,True,6,16.0,16.0,2,True,False,True
2443331,K24,HK242,True,8,17.0,17.0,4,True,False,True
2443331,K24,HK251,True,6,19.0,19.0,5,True,False,True
2443331,K24,HK252,True,6,17.0,17.0,6,True,False,True
2443331,K24,HK261,True,6,18.0,0.0,7,True,False,False
2443396,K24,HK241,True,6,16.0,16.0,2,False,False,True
2443396,K24,HK242,True,8,17.0,17.0,5,False,False,True
2443396,K24,HK251,True,5,16.0,16.0,6,False,False,True
2443396,K24,HK252,True,6,17.0,17.0,7,False,False,True
2443396,K24,HK261,True,6,18.0,0.0,9,False,False,False
2443629,K24,HK241,True,6,16.0,16.0,1,True,False,True
2443629,K24,HK242,True,8,17.0,17.0,6,True,False,True
2443629,K24,HK251,True,5,16.0,16.0,9,True,False,True
2443629,K24,HK252,True,6,17.0,17.0,11,True,False,True
2443629,K24,HK261,True,6,18.0,0.0,13,True,False,False
2443694,K24,HK241,True,6,16.0,16.0,1,True,False,True
2443694,K24,HK242,True,9,20.0,20.0,4,True,False,True
2443694,K24,HK251,True,6,19.0,19.0,7,True,False,True
2443694,K24,HK252,True,7,20.0,20.0,11,True,False,True
2443694,K24,HK261,True,6,18.0,0.0,12,True,False,False
2443759,K24,HK241,True,6,16.0,16.0,2,True,False,True
2443759,K24,HK242,True,8,17.0,17.0,3,True,False,True
2443759,K24,HK251,True,5,16.0,16.0,5,True,False,True
2443759,K24,HK252,True,6,17.0,17.0,7,True,False,True
2443759,K24,HK261,True,6,18.0,0.0,8,True,False,False
2443992,K24,HK241,True,6,16.0,14.0,2,True,False,True
2443992,K24,HK242,True,8,17.0,17.0,5,True,False,True
2443992,K24,HK251,True,5,17.0,17.0,6,True,False,True
2443992,K24,HK252,True,6,18.0,18.0,7,True,False,True
2443992,K24,HK261,True,6,18.0,0.0,7,True,False,False
2444057,K24,HK241,True,6,16.0,16.0,0,True,False,True
2444057,K24,HK242,True,8,17.0,17.0,2,True,False,True
2444057,K24,HK251,True,6,19.0,19.0,4,True,False,True
2444057,K24,HK252,True,6,17.0,17.0,6,True,False,True
2444057,K24,HK261,True,6,18.0,0.0,7,True,False,False
2444122,K24,HK241,True,6,16.0,16.0,5,True,False,True
2444122,K24,HK242,True,8,17.0,17.0,6,True,False,True
2444122,K24,HK251,True,6,19.0,19.0,7,True,False,True
2444122,K24,HK252,True,6,17.0,17.0,13,True,False,True
2444122,K24,HK261,True,6,18.0,0.0,15,True,True,False
2444290,K24,HK241,True,6,16.0,16.0,3,False,False,True
2444290,K24,HK242,True,8,17.0,17.0,7,False,False,True
2444290,K24,HK251,True,6,19.0,19.0,7,False,False,True
2444290,K24,HK252,True,6,17.0,17.0,11,False,False,True
2444290,K24,HK261,True,6,18.0,0.0,13,False,False,False
2444355,K24,HK241,True,6,16.0,4.0,0,False,False,True
2444355,K24,HK242,True,10,22.0,4.0,3,False,False,True
2444420,K24,HK241,True,6,16.0,16.0,4,False,False,True
2444420,K24,HK242,True,8,17.0,17.0,5,False,False,True
2444420,K24,HK251,True,5,16.0,16.0,5,False,False,True
2444420,K24,HK252,True,6,17.0,17.0,7,False,False,True
2444420,K24,HK261,True,6,18.0,0.0,10,False,False,False
2444653,K24,HK241,True,6,16.0,16.0,0,True,False,True
2444653,K24,HK242,True,8,17.0,17.0,1,True,False,True
2444653,K24,HK251,True,5,16.0,16.0,2,True,False,True
2444653,K24,HK252,True,6,17.0,17.0,2,True,False,True
2444653,K24,HK261,True,6,18.0,0.0,2,True,False,False
2444718,K24,HK241,True,6,16.0,16.0,3,False,False,True
2444718,K24,HK242,True,8,17.0,17.0,7,False,False,True
2444718,K24,HK251,True,5,16.0,16.0,8,False,False,True
2444718,K24,HK252,True,6,17.0,17.0,13,False,False,True
2444718,K24,HK261,True,6,18.0,0.0,16,False,False,False
2444783,K24,HK241,True,6,16.0,16.0,0,False,False,True
2444783,K24,HK242,True,8,17.0,11.0,3,False,False,True
2444783,K24,HK251,True,6,20.0,14.0,4,False,False,True
2444783,K24,HK252,True,6,18.0,13.0,4,False,False,True
2444783,K24,HK261,True,7,20.0,0.0,6,False,False,False
2445016,K24,HK241,True,6,16.0,16.0,3,True,False,True
2445016,K24,HK242,True,8,17.0,17.0,4,True,False,True
2445016,K24,HK251,True,5,16.0,16.0,5,True,False,True
2445016,K24,HK252,True,6,17.0,17.0,5,True,False,True
2445016,K24,HK261,True,6,18.0,0.0,5,True,False,False
2445081,K24,HK241,True,6,16.0,16.0,2,True,False,True
2445081,K24,HK242,True,8,17.0,17.0,3,True,False,True
2445081,K24,HK251,True,6,19.0,19.0,6,True,False,True
2445081,K24,HK252,True,6,17.0,17.0,8,True,False,True
2445081,K24,HK261,True,6,18.0,0.0,10,True,False,False
2445314,K24,HK241,True,6,16.0,16.0,2,False,False,True
2445314,K24,HK242,True,8,17.0,17.0,2,False,False,True
2445314,K24,HK251,True,5,16.0,16.0,3,False,False,True
2445314,K24,HK252,True,6,17.0,17.0,4,False,False,True
2445314,K24,HK261,True,6,18.0,0.0,7,False,False,False
2445379,K24,HK241,True,6,16.0,16.0,3,True,False,True
2445379,K24,HK242,True,9,20.0,20.0,3,True,False,True
2445444,K24,HK241,True,6,16.0,16.0,1,True,False,True
2445444,K24,HK242,True,8,17.0,17.0,2,True,False,True
2445444,K24,HK251,True,5,16.0,16.0,2,True,False,True
2445444,K24,HK252,True,6,17.0,17.0,5,True,False,True
2445444,K24,HK261,True,6,18.0,0.0,7,True,False,False
2445677,K24,HK241,True,6,16.0,16.0,0,False,False,True
2445677,K24,HK242,True,8,17.0,17.0,3,False,False,True
2445677,K24,HK251,True,6,19.0,19.0,4,False,False,True
2445677,K24,HK252,True,6,17.0,17.0,5,False,False,True
2445677,K24,HK261,True,6,18.0,0.0,7,False,False,False
2445742,K24,HK241,True,6,16.0,16.0,2,False,False,True
2445742,K24,HK242,True,8,17.0,17.0,6,False,False,True
2445742,K24,HK251,True,6,19.0,19.0,10,False,False,True
2445742,K24,HK252,True,6,17.0,17.0,13,False,False,True
2445742,K24,HK261,True,6,18.0,0.0,15,False,False,False
2445807,K24,HK241,True,6,16.0,16.0,1,True,False,True
2445807,K24,HK242,True,8,17.0,17.0,2,True,False,True
2445807,K24,HK251,True,5,16.0,16.0,3,True,False,True
2445807,K24,HK252,True,6,17.0,17.0,3,True,False,True
2445807,K24,HK261,True,6,18.0,0.0,6,True,False,False
2445975,K24,HK241,True,6,16.0,16.0,1,True,False,True
2445975,K24,HK242,True,8,17.0,17.0,1,True,False,True
2445975,K24,HK251,True,5,16.0,16.0,2,True,False,True
2445975,K24,HK252,True,6,17.0,17.0,6,True,False,True
2445975,K24,HK261,True,6,18.0,0.0,9,True,False,False
2446040,K24,HK241,True,6,16.0,16.0,2,True,False,True
2446040,K24,HK242,True,8,17.0,17.0,3,True,False,True
2446040,K24,HK251,True,6,19.0,19.0,6,True,False,True
2446040,K24,HK252,True,6,17.0,17.0,9,True,False,True
2446040,K24,HK261,True,6,18.0,0.0,9,True,False,False
2446105,K24,HK241,True,6,16.0,16.0,0,False,False,True
2446105,K24,HK242,True,8,17.0,17.0,1,False,False,True
2446105,K24,HK251,True,5,16.0,16.0,2,False,False,True
2446105,K24,HK252,True,6,17.0,17.0,5,False,False,True
2446105,K24,HK261,True,6,18.0,0.0,7,False,False,False
2446338,K24,HK241,True,6,16.0,16.0,2,False,False,True
2446338,K24,HK242,True,8,17.0,17.0,4,False,False,True
2446338,K24,HK251,True,5,16.0,16.0,9,False,False,True
2446338,K24,HK252,True,6,17.0,17.0,9,False,False,True
2446338,K24,HK261,True,6,18.0,0.0,11,False,False,False
2446403,K24,HK241,True,6,16.0,4.0,2,False,False,True
2446403,K24,HK242,True,9,22.0,9.0,4,False,False,True
2446468,K24,HK241,True,6,16.0,16.0,2,True,False,True
2446468,K24,HK242,True,8,17.0,17.0,6,True,False,True
2446468,K24,HK251,True,5,16.0,16.0,8,True,False,True
2446468,K24,HK252,True,6,17.0,17.0,8,True,False,True
2446468,K24,HK261,True,6,18.0,0.0,9,True,False,False
2446701,K24,HK241,True,6,16.0,16.0,2,True,False,True
2446701,K24,HK242,True,8,17.0,17.0,6,True,False,True
2446701,K24,HK251,True,5,16.0,16.0,10,True,False,True
2446701,K24,HK252,True,6,17.0,17.0,11,True,False,True
2446701,K24,HK261,True,6,18.0,0.0,14,True,False,False
2446766,K24,HK241,True,6,16.0,16.0,3,True,False,True
2446766,K24,HK242,True,8,17.0,17.0,4,True,False,True
2446766,K24,HK251,True,6,19.0,19.0,4,True,False,True
2446766,K24,HK252,True,6,17.0,17.0,7,True,False,True
2446766,K24,HK261,True,6,18.0,0.0,10,True,False,False
2446831,K24,HK241,True,6,16.0,16.0,2,False,False,True
2446831,K24,HK242,True,8,17.0,17.0,5,False,False,True
2446831,K24,HK251,True,5,16.0,16.0,7,False,False,True
2446831,K24,HK252,True,6,17.0,17.0,10,False,False,True
2446831,K24,HK261,True,6,18.0,0.0,11,False,False,False
2446999,K24,HK241,True,6,16.0,10.0,1,True,False,True
2446999,K24,HK242,True,9,22.0,9.0,3,True,False,True
2446999,K24,HK251,True,7,22.0,16.0,6,True,False,True
2446999,K24,HK252,True,7,20.0,10.0,7,True,False,True
2446999,K24,HK261,True,7,22.0,0.0,9,True,False,False
2447064,K24,HK241,True,6,16.0,16.0,2,True,False,True
2447064,K24,HK242,True,8,17.0,17.0,4,True,False,True
2447064,K24,HK251,True,5,16.0,16.0,4,True,False,True
2447064,K24,HK252,True,6,17.0,17.0,5,True,False,True
2447064,K24,HK261,True,6,18.0,0.0,10,True,False,False
2447129,K24,HK241,True,6,16.0,16.0,2,True,False,True
2447129,K24,HK242,True,8,17.0,17.0,4,True,False,True
2447129,K24,HK251,True,6,19.0,19.0,5,True,False,True
2447129,K24,HK252,True,6,17.0,17.0,7,True,False,True
2447129,K24,HK261,True,6,18.0,0.0,10,True,False,False
2447362,K24,HK241,True,6,16.0,16.0,0,True,False,True
2447362,K24,HK242,True,8,17.0,17.0,0,True,False,True
2447362,K24,HK251,True,5,16.0,16.0,2,True,False,True
2447362,K24,HK252,True,6,17.0,17.0,3,True,False,True
2447362,K24,HK261,True,6,18.0,0.0,6,True,False,False
2447427,K24,HK241,True,6,16.0,16.0,1,True,False,True
2447427,K24,HK242,True,8,17.0,17.0,2,True,False,True
2447427,K24,HK251,True,5,16.0,16.0,3,True,False,True
2447427,K24,HK252,True,6,17.0,17.0,5,True,False,True
2447427,K24,HK261,True,6,18.0,0.0,7,True,False,False
2447492,K24,HK241,True,6,16.0,16.0,3,True,False,True
2447492,K24,HK242,True,8,17.0,17.0,5,True,False,True
2447492,K24,HK251,True,6,19.0,19.0,6,True,False,True
2447492,K24,HK252,True,6,17.0,17.0,6,True,False,True
2447492,K24,HK261,True,6,18.0,0.0,7,True,False,False
2447725,K24,HK241,True,6,16.0,12.0,3,True,False,True
2447725,K24,HK242,True,10,21.0,11.0,6,True,False,True
2447725,K24,HK251,True,7,20.0,17.0,7,True,False,True
2447725,K24,HK252,True,7,18.0,12.0,9,True,False,True
2447725,K24,HK261,True,8,21.0,0.0,10,True,False,False
2447790,K24,HK241,True,6,16.0,16.0,0,False,False,True
2447790,K24,HK242,True,8,17.0,17.0,1,False,False,True
2447790,K24,HK251,True,6,19.0,19.0,3,False,False,True
2447790,K24,HK252,True,6,17.0,17.0,7,False,False,True
2447790,K24,HK261,True,6,18.0,0.0,7,False,False,False
2447855,K24,HK241,True,6,16.0,16.0,1,False,False,True
2447855,K24,HK242,True,8,17.0,17.0,6,False,False,True
2447855,K24,HK251,True,6,19.0,19.0,8,False,False,True
2447855,K24,HK252,True,6,17.0,17.0,10,False,False,True
2447855,K24,HK261,True,6,18.0,0.0,10,False,False,False
2448023,K24,HK241,True,6,16.0,16.0,3,True,False,True
2448023,K24,HK242,True,8,17.0,17.0,6,True,False,True
2448023,K24,HK251,True,6,19.0,19.0,7,True,False,True
2448023,K24,HK252,True,6,17.0,17.0,9,True,False,True
2448023,K24,HK261,True,6,18.0,0.0,10,True,False,False
2448088,K24,HK241,True,6,16.0,16.0,2,True,False,True
2448088,K24,HK242,True,9,20.0,20.0,4,True,False,True
2448088,K24,HK251,True,6,19.0,19.0,6,True,False,True
2448088,K24,HK252,True,7,20.0,20.0,9,True,False,True
2448088,K24,HK261,True,6,18.0,0.0,11,True,False,False
2448153,K24,HK241,True,6,16.0,16.0,1,False,False,True
2448153,K24,HK242,True,8,17.0,17.0,3,False,False,True
2448153,K24,HK251,True,5,16.0,16.0,3,False,False,True
2448153,K24,HK252,True,6,17.0,17.0,5,False,False,True
2448153,K24,HK261,True,6,18.0,0.0,10,False,False,False
2448386,K24,HK241,True,6,16.0,16.0,1,False,False,True
2448386,K24,HK242,True,8,17.0,17.0,3,False,False,True
2448386,K24,HK251,True,5,16.0,16.0,5,False,False,True
2448386,K24,HK252,True,6,17.0,17.0,8,False,False,True
2448386,K24,HK261,True,6,18.0,0.0,11,False,False,False
2448451,K24,HK241,True,6,16.0,16.0,0,False,False,True
2448451,K24,HK242,True,9,20.0,20.0,2,False,False,True
2448451,K24,HK251,True,6,19.0,19.0,5,False,False,True
2448451,K24,HK252,True,7,20.0,20.0,8,False,False,True
2448451,K24,HK261,True,6,18.0,0.0,8,False,False,False
2448516,K24,HK241,True,6,16.0,16.0,2,False,False,True
2448516,K24,HK242,True,8,17.0,17.0,4,False,False,True
2448516,K24,HK251,True,5,16.0,16.0,5,False,False,True
2448516,K24,HK252,True,6,17.0,17.0,5,False,False,True
2448516,K24,HK261,True,6,18.0,0.0,5,False,False,False
2448749,K24,HK241,True,6,16.0,16.0,3,False,False,True
2448749,K24,HK242,True,8,17.0,17.0,3,False,False,True
2448749,K24,HK251,True,5,16.0,16.0,5,False,False,True
2448749,K24,HK252,True,6,17.0,17.0,6,False,False,True
2448749,K24,HK261,True,6,18.0,0.0,10,False,False,False
2448814,K24,HK241,True,6,16.0,16.0,0,True,False,True
2448814,K24,HK242,True,8,17.0,17.0,0,True,False,True
2448814,K24,HK251,True,5,16.0,16.0,2,True,False,True
2448814,K24,HK252,True,6,17.0,17.0,2,True,False,True
2448814,K24,HK261,True,6,18.0,0.0,6,True,False,False
2449047,K24,HK241,True,6,16.0,16.0,4,False,False,True
2449047,K24,HK242,True,9,20.0,20.0,6,False,False,True
2449047,K24,HK251,True,6,19.0,19.0,6,False,False,True
2449047,K24,HK252,True,7,20.0,20.0,6,False,False,True
2449047,K24,HK261,True,6,18.0,0.0,9,False,False,False
2449112,K24,HK241,True,6,16.0,16.0,0,True,False,True
2449112,K24,HK242,True,8,17.0,17.0,2,True,False,True
2449112,K24,HK251,True,5,16.0,16.0,2,True,False,True
2449112,K24,HK252,True,6,17.0,17.0,2,True,False,True
2449112,K24,HK261,True,6,18.0,0.0,4,True,False,False
2449177,K24,HK241,True,6,16.0,16.0,2,False,False,True
2449177,K24,HK242,True,8,17.0,17.0,2,False,False,True
2449177,K24,HK251,True,6,19.0,19.0,2,False,False,True
2449177,K24,HK252,True,6,17.0,17.0,3,False,False,True
2449177,K24,HK261,True,6,18.0,0.0,5,False,False,False
2449410,K24,HK241,True,6,16.0,16.0,5,False,False,True
2449410,K24,HK242,True,8,17.0,17.0,6,False,False,True
2449410,K24,HK251,True,5,16.0,16.0,6,False,False,True
2449410,K24,HK252,True,6,17.0,17.0,11,False,False,True
2449410,K24,HK261,True,6,18.0,0.0,12,False,False,False
2449475,K24,HK241,True,6,16.0,16.0,0,True,False,True
2449540,K24,HK241,True,6,16.0,16.0,2,True,False,True
2449540,K24,HK242,True,8,17.0,17.0,2,True,False,True
2449540,K24,HK251,True,5,16.0,16.0,3,True,False,True
2449540,K24,HK252,True,6,17.0,17.0,5,True,False,True
2449540,K24,HK261,True,6,18.0,0.0,7,True,False,False
2449708,K24,HK241,True,6,16.0,16.0,0,False,False,True
2449708,K24,HK242,True,8,17.0,17.0,2,False,False,True
2449708,K24,HK251,True,5,16.0,16.0,5,False,False,True
2449708,K24,HK252,True,6,17.0,17.0,6,False,False,True
2449708,K24,HK261,True,6,18.0,0.0,8,False,False,False
2449773,K24,HK241,True,6,16.0,16.0,2,False,False,True
2449773,K24,HK242,True,8,17.0,17.0,4,False,False,True
2449773,K24,HK251,True,6,19.0,19.0,4,False,False,True
2449773,K24,HK252,True,6,17.0,17.0,5,False,False,True
2449773,K24,HK261,True,6,18.0,0.0,6,False,False,False
2449838,K24,HK241,True,6,16.0,16.0,1,False,False,True
2449838,K24,HK242,True,8,17.0,17.0,3,False,False,True
2449838,K24,HK251,True,5,16.0,16.0,4,False,False,True
2449838,K24,HK252,True,6,17.0,17.0,4,False,False,True
2449838,K24,HK261,True,6,18.0,0.0,5,False,False,False
2450071,K24,HK241,True,6,16.0,16.0,3,True,False,True
2450071,K24,HK242,True,8,17.0,17.0,6,True,False,True
2450071,K24,HK251,True,5,16.0,16.0,9,True,False,True
2450071,K24,HK252,True,6,17.0,17.0,13,True,False,True
2450071,K24,HK261,True,6,18.0,0.0,13,True,True,False
2450136,K24,HK241,True,6,16.0,16.0,1,True,False,True
2450136,K24,HK242,True,8,17.0,17.0,1,True,False,True
2450136,K24,HK251,True,5,16.0,16.0,1,True,False,True
2450136,K24,HK252,True,6,17.0,17.0,3,True,False,True
2450136,K24,HK261,True,6,18.0,0.0,4,True,False,False
2450201,K24,HK241,True,6,16.0,16.0,2,True,False,True
2450201,K24,HK242,True,8,17.0,17.0,2,True,False,True
2450201,K24,HK251,True,5,16.0,16.0,3,True,False,True
2450201,K24,HK252,True,6,17.0,17.0,4,True,False,True
2450201,K24,HK261,True,6,18.0,0.0,6,True,False,False
2450434,K24,HK241,True,6,16.0,16.0,1,False,False,True
2450434,K24,HK242,True,8,17.0,17.0,1,False,False,True
2450434,K24,HK251,True,5,16.0,16.0,3,False,False,True
2450434,K24,HK252,True,6,17.0,17.0,5,False,False,True
2450434,K24,HK261,True,6,18.0,0.0,7,False,False,False
2450499,K24,HK241,True,6,16.0,16.0,2,True,False,True
2450499,K24,HK242,True,8,17.0,17.0,2,True,False,True
2450499,K24,HK251,True,5,16.0,16.0,4,True,False,True
2450499,K24,HK252,True,6,17.0,17.0,7,True,False,True
2450499,K24,HK261,True,6,18.0,0.0,7,True,False,False
2450564,K24,HK241,True,6,16.0,16.0,1,False,False,True
2450564,K24,HK242,True,8,17.0,17.0,2,False,False,True
2450564,K24,HK251,True,5,16.0,16.0,4,False,False,True
2450564,K24,HK252,True,6,17.0,17.0,6,False,False,True
2450564,K24,HK261,True,6,18.0,0.0,8,False,False,False
2450732,K24,HK241,True,6,16.0,16.0,2,True,False,True
2450732,K24,HK242,True,8,17.0,17.0,6,True,False,True
2450732,K24,HK251,True,5,16.0,16.0,7,True,False,True
2450732,K24,HK252,True,6,17.0,17.0,8,True,False,True
2450732,K24,HK261,True,6,18.0,0.0,10,True,False,False
2450797,K24,HK241,True,6,16.0,16.0,2,True,False,True
2450797,K24,HK242,True,8,17.0,17.0,3,True,False,True
2450797,K24,HK251,True,5,16.0,16.0,7,True,False,True
2450797,K24,HK252,True,6,17.0,17.0,7,True,False,True
2450797,K24,HK261,True,6,18.0,0.0,11,True,False,False
2450862,K24,HK241,True,6,16.0,14.0,1,False,False,True
2450862,K24,HK242,True,9,17.0,7.0,1,False,False,True
2450862,K24,HK251,True,8,20.0,14.0,5,False,False,True
2450862,K24,HK252,True,7,18.0,11.0,7,False,False,True
2450862,K24,HK261,True,8,22.0,0.0,10,False,False,False
2451095,K24,HK241,True,6,16.0,16.0,1,True,False,True
2451095,K24,HK242,True,8,17.0,17.0,4,True,False,True
2451095,K24,HK251,True,5,16.0,16.0,7,True,False,True
2451095,K24,HK252,True,6,17.0,17.0,7,True,False,True
2451095,K24,HK261,True,6,18.0,0.0,8,True,False,False
2451160,K24,HK241,True,6,16.0,16.0,1,False,False,True
2451160,K24,HK242,True,8,17.0,17.0,1,False,False,True
2451160,K24,HK251,True,5,16.0,16.0,4,False,False,True
2451160,K24,HK252,True,6,17.0,17.0,5,False,False,True
2451160,K24,HK261,True,6,18.0,0.0,6,False,False,False
2451225,K24,HK241,True,6,16.0,16.0,2,False,False,True
2451225,K24,HK242,True,8,17.0,17.0,3,False,False,True
2451225,K24,HK251,True,5,16.0,13.0,4,False,False,True
2451225,K24,HK252,True,6,17.0,17.0,5,False,False,True
2451225,K24,HK261,True,6,18.0,0.0,7,False,False,False
2451458,K24,HK241,True,6,16.0,16.0,1,True,False,True
2451458,K24,HK242,True,8,17.0,17.0,2,True,False,True
2451458,K24,HK251,True,5,16.0,16.0,2,True,False,True
2451458,K24,HK252,True,6,17.0,17.0,2,True,False,True
2451458,K24,HK261,True,6,18.0,0.0,3,True,False,False
2451523,K24,HK241,True,6,16.0,16.0,3,True,False,True
2451523,K24,HK242,True,8,17.0,17.0,4,True,False,True
2451523,K24,HK251,True,5,16.0,16.0,6,True,False,True
2451523,K24,HK252,True,6,17.0,17.0,7,True,False,True
2451523,K24,HK261,True,6,18.0,0.0,10,True,False,False
2451756,K24,HK241,True,6,16.0,16.0,1,True,False,True
2451756,K24,HK242,True,8,17.0,17.0,4,True,False,True
2451756,K24,HK251,True,5,16.0,16.0,6,True,False,True
2451756,K24,HK252,True,6,17.0,17.0,9,True,False,True
2451756,K24,HK261,True,6,18.0,0.0,11,True,False,False
2451821,K24,HK241,True,6,16.0,16.0,4,True,False,True
2451821,K24,HK242,True,8,17.0,17.0,7,True,False,True
2451821,K24,HK251,True,6,19.0,19.0,10,True,False,True
2451821,K24,HK252,True,6,17.0,17.0,13,True,False,True
2451821,K24,HK261,True,6,18.0,0.0,14,True,True,False
2451886,K24,HK241,True,6,16.0,16.0,0,False,False,True
2451886,K24,HK242,True,8,17.0,17.0,1,False,False,True
2451886,K24,HK251,True,6,19.0,19.0,1,False,False,True
2451886,K24,HK252,True,6,17.0,17.0,3,False,False,True
2451886,K24,HK261,True,6,18.0,0.0,4,False,False,False
2452119,K24,HK241,True,6,16.0,16.0,3,True,False,True
2452119,K24,HK242,True,8,17.0,17.0,7,True,False,True
2452119,K24,HK251,True,5,16.0,16.0,8,True,False,True
2452119,K24,HK252,True,6,17.0,17.0,8,True,False,True
2452119,K24,HK261,True,6,18.0,0.0,8,True,False,False
2452184,K24,HK241,True,6,16.0,16.0,1,False,False,True
2452184,K24,HK242,True,8,17.0,17.0,3,False,False,True
2452184,K24,HK251,True,5,16.0,16.0,5,False,False,True
2452184,K24,HK252,True,6,17.0,17.0,8,False,False,True
2452184,K24,HK261,True,6,18.0,0.0,8,False,False,False
2452249,K24,HK241,True,6,16.0,16.0,1,False,False,True
2452249,K24,HK242,True,8,17.0,17.0,4,False,False,True
2452249,K24,HK251,True,5,16.0,16.0,7,False,False,True
2452249,K24,HK252,True,6,17.0,17.0,10,False,False,True
2452249,K24,HK261,True,6,18.0,0.0,13,False,False,False
2452417,K24,HK241,True,6,16.0,8.0,2,False,False,True
2452417,K24,HK242,True,9,22.0,10.0,3,False,False,True
2452417,K24,HK251,True,8,22.0,7.0,6,False,False,True
2452417,K24,HK252,True,7,20.0,8.0,7,False,False,True
2452482,K24,HK241,True,6,16.0,16.0,1,False,False,True
2452482,K24,HK242,True,8,17.0,17.0,4,False,False,True
2452482,K24,HK251,True,5,16.0,16.0,7,False,False,True
2452482,K24,HK252,True,6,17.0,17.0,10,False,False,True
2452482,K24,HK261,True,6,18.0,0.0,12,False,False,False
2452547,K24,HK241,True,6,16.0,16.0,0,True,False,True
2452547,K24,HK242,True,8,17.0,17.0,1,True,False,True
2452547,K24,HK251,True,5,16.0,16.0,2,True,False,True
2452547,K24,HK252,True,6,17.0,17.0,4,True,False,True
2452547,K24,HK261,True,6,18.0,0.0,5,True,False,False
2452780,K24,HK241,True,6,16.0,16.0,1,True,False,True
2452780,K24,HK242,True,8,17.0,17.0,2,True,False,True
2452780,K24,HK251,True,6,19.0,19.0,3,True,False,True
2452780,K24,HK252,True,6,17.0,17.0,4,True,False,True
2452780,K24,HK261,True,6,18.0,0.0,7,True,False,False
2452845,K24,HK241,True,6,16.0,16.0,3,True,False,True
2452845,K24,HK242,True,8,17.0,17.0,4,True,False,True
2452845,K24,HK251,True,5,16.0,16.0,8,True,False,True
2452845,K24,HK252,True,6,17.0,17.0,10,True,False,True
2452845,K24,HK261,True,6,18.0,0.0,12,True,False,False
2452910,K24,HK241,True,6,16.0,16.0,2,False,False,True
2452910,K24,HK242,True,8,17.0,17.0,3,False,False,True
2452910,K24,HK251,True,5,16.0,16.0,5,False,False,True
2452910,K24,HK252,True,6,17.0,17.0,8,False,False,True
2452910,K24,HK261,True,6,18.0,0.0,11,False,False,False
2453143,K24,HK241,True,6,16.0,16.0,2,True,False,True
2453143,K24,HK242,True,8,17.0,17.0,4,True,False,True
2453143,K24,HK251,True,5,16.0,16.0,4,True,False,True
2453143,K24,HK252,True,6,17.0,17.0,4,True,False,True
2453143,K24,HK261,True,6,18.0,0.0,6,True,False,False
2453208,K24,HK241,True,6,16.0,16.0,0,True,False,True
2453208,K24,HK242,True,8,17.0,17.0,1,True,False,True
2453208,K24,HK251,True,6,19.0,19.0,2,True,False,True
2453208,K24,HK252,True,6,17.0,17.0,3,True,False,True
2453208,K24,HK261,True,6,18.0,0.0,4,True,False,False
2453273,K24,HK241,True,6,16.0,16.0,1,True,False,True
2453273,K24,HK242,True,8,17.0,17.0,3,True,False,True
2453273,K24,HK251,True,6,19.0,19.0,5,True,False,True
2453273,K24,HK252,True,6,17.0,17.0,5,True,False,True
2453273,K24,HK261,True,6,18.0,0.0,8,True,False,False
2453441,K24,HK241,True,6,16.0,16.0,3,False,False,True
2453441,K24,HK242,True,8,17.0,17.0,3,False,False,True
2453441,K24,HK251,True,6,19.0,19.0,4,False,False,True
2453441,K24,HK252,True,6,17.0,17.0,4,False,False,True
2453441,K24,HK261,True,6,18.0,0.0,6,False,False,False
2453506,K24,HK241,True,6,16.0,16.0,3,True,False,True
2453506,K24,HK242,True,8,17.0,17.0,5,True,False,True
2453506,K24,HK251,True,5,16.0,16.0,8,True,False,True
2453506,K24,HK252,True,6,17.0,17.0,10,True,False,True
2453506,K24,HK261,True,6,18.0,0.0,11,True,False,False
2453571,K24,HK241,True,6,16.0,16.0,1,True,False,True
2453571,K24,HK242,True,8,17.0,17.0,1,True,False,True
2453571,K24,HK251,True,5,16.0,16.0,3,True,False,True
2453571,K24,HK252,True,6,17.0,17.0,6,True,False,True
2453571,K24,HK261,True,6,18.0,0.0,8,True,False,False
2453804,K24,HK241,True,6,16.0,16.0,2,True,False,True
2453804,K24,HK242,True,8,17.0,17.0,5,True,False,True
2453804,K24,HK251,True,5,16.0,16.0,9,True,False,True
2453804,K24,HK252,True,6,17.0,17.0,12,True,False,True
2453804,K24,HK261,True,6,18.0,0.0,14,True,True,False
2453869,K24,HK241,True,6,16.0,16.0,1,True,False,True
2453869,K24,HK242,True,8,17.0,17.0,2,True,False,True
2453869,K24,HK251,True,6,19.0,19.0,5,True,False,True
2453869,K24,HK252,True,6,17.0,17.0,9,True,False,True
2453869,K24,HK261,True,6,18.0,0.0,11,True,False,False
2453934,K24,HK241,True,6,16.0,16.0,0,True,False,True
2453934,K24,HK242,True,8,17.0,17.0,2,True,False,True
2453934,K24,HK251,True,6,19.0,19.0,3,True,False,True
2453934,K24,HK252,True,6,17.0,17.0,6,True,False,True
2453934,K24,HK261,True,6,18.0,0.0,8,True,False,False
2454167,K24,HK241,True,6,16.0,16.0,3,False,False,True
2454167,K24,HK242,True,8,17.0,17.0,5,False,False,True
2454167,K24,HK251,True,6,19.0,19.0,8,False,False,True
2454167,K24,HK252,True,6,17.0,17.0,9,False,False,True
2454167,K24,HK261,True,6,18.0,0.0,11,False,False,False
2454232,K24,HK241,True,6,16.0,16.0,3,True,False,True
2454232,K24,HK242,True,8,17.0,17.0,6,True,False,True
2454232,K24,HK251,True,5,16.0,16.0,9,True,False,True
2454232,K24,HK252,True,6,17.0,17.0,11,True,False,True
2454232,K24,HK261,True,6,18.0,0.0,12,True,False,False
2454465,K24,HK241,True,6,16.0,16.0,2,False,False,True
2454465,K24,HK242,True,8,17.0,17.0,4,False,False,True
2454465,K24,HK251,True,6,19.0,19.0,7,False,False,True
2454465,K24,HK252,True,6,17.0,17.0,7,False,False,True
2454465,K24,HK261,True,6,18.0,0.0,15,False,False,False
2454530,K24,HK241,True,6,16.0,16.0,1,False,False,True
2454530,K24,HK242,True,8,17.0,17.0,2,False,False,True
2454595,K24,HK241,True,6,16.0,16.0,1,False,False,True
2454595,K24,HK242,True,8,17.0,17.0,2,False,False,True
2454595,K24,HK251,True,5,16.0,16.0,6,False,False,True
2454595,K24,HK252,True,6,17.0,17.0,6,False,False,True
2454595,K24,HK261,True,6,18.0,0.0,7,False,False,False
2454828,K24,HK241,True,6,16.0,16.0,3,False,False,True
2454828,K24,HK242,True,8,17.0,17.0,7,False,False,True
2454828,K24,HK251,True,6,19.0,19.0,8,False,False,True
2454828,K24,HK252,True,6,17.0,17.0,9,False,False,True
2454828,K24,HK261,True,6,18.0,0.0,12,False,False,False
2454893,K24,HK241,True,6,16.0,16.0,2,True,False,True
2454893,K24,HK242,True,9,20.0,20.0,2,True,False,True
2454893,K24,HK251,True,6,19.0,19.0,4,True,False,True
2454893,K24,HK252,True,7,20.0,20.0,6,True,False,True
2454893,K24,HK261,True,6,18.0,0.0,8,True,False,False
2454958,K24,HK241,True,6,16.0,16.0,2,True,False,True
2454958,K24,HK242,True,8,17.0,17.0,4,True,False,True
2454958,K24,HK251,True,5,16.0,16.0,5,True,False,True
2454958,K24,HK252,True,6,17.0,17.0,6,True,False,True
2454958,K24,HK261,True,6,18.0,0.0,7,True,False,False
2455126,K24,HK241,True,6,16.0,16.0,3,False,False,True
2455126,K24,HK242,True,8,17.0,17.0,6,False,False,True
2455126,K24,HK251,True,6,19.0,19.0,7,False,False,True
2455126,K24,HK252,True,6,17.0,17.0,8,False,False,True
2455126,K24,HK261,True,6,18.0,0.0,10,False,False,False
2455191,K24,HK241,True,6,16.0,16.0,1,True,False,True
2455191,K24,HK242,True,9,20.0,20.0,3,True,False,True
2455191,K24,HK251,True,6,19.0,19.0,5,True,False,True
2455191,K24,HK252,True,7,20.0,20.0,8,True,False,True
2455191,K24,HK261,True,6,18.0,0.0,9,True,False,False
2455256,K24,HK241,True,6,16.0,16.0,2,False,False,True
2455256,K24,HK242,True,8,17.0,17.0,6,False,False,True
2455256,K24,HK251,True,5,16.0,16.0,8,False,False,True
2455256,K24,HK252,True,6,17.0,17.0,9,False,False,True
2455256,K24,HK261,True,6,18.0,0.0,11,False,False,False
2455489,K24,HK241,True,6,16.0,16.0,3,True,False,True
2455489,K24,HK242,True,8,17.0,17.0,3,True,False,True
2455489,K24,HK251,True,6,19.0,19.0,6,True,False,True
2455489,K24,HK252,True,6,17.0,17.0,6,True,False,True
2455489,K24,HK261,True,6,18.0,0.0,10,True,False,False
2455554,K24,HK241,True,6,16.0,16.0,3,True,False,True
2455554,K24,HK242,True,9,20.0,20.0,7,True,False,True
2455554,K24,HK251,True,6,19.0,19.0,12,True,False,True
2455554,K24,HK252,True,7,20.0,20.0,20,True,True,True
2455554,K24,HK261,True,6,18.0,0.0,26,True,True,False
2455619,K24,HK241,True,6,16.0,16.0,0,True,False,True
2455619,K24,HK242,True,8,17.0,17.0,0,True,False,True
2455619,K24,HK251,True,6,19.0,19.0,1,True,False,True
2455619,K24,HK252,True,6,17.0,17.0,2,True,False,True
2455619,K24,HK261,True,6,18.0,0.0,6,True,False,False
2455852,K24,HK241,True,6,16.0,16.0,0,True,False,True
2455852,K24,HK242,True,8,17.0,17.0,0,True,False,True
2455852,K24,HK251,True,5,16.0,16.0,3,True,False,True
2455852,K24,HK252,True,6,17.0,17.0,7,True,False,True
2455852,K24,HK261,True,6,18.0,0.0,9,True,False,False
2455917,K24,HK241,True,6,16.0,16.0,0,False,False,True
2455917,K24,HK242,True,8,17.0,17.0,0,False,False,True
2455917,K24,HK251,True,6,19.0,19.0,0,False,False,True
2455917,K24,HK252,True,6,17.0,17.0,1,False,False,True
2455917,K24,HK261,True,6,18.0,0.0,4,False,False,False
2455982,K24,HK241,True,6,16.0,7.0,0,False,False,True
2455982,K24,HK242,True,9,21.0,9.0,3,False,False,True
2456150,K24,HK241,True,6,16.0,16.0,0,True,False,True
2456150,K24,HK242,True,8,17.0,17.0,1,True,False,True
2456150,K24,HK251,True,6,19.0,19.0,3,True,False,True
2456150,K24,HK252,True,6,17.0,17.0,3,True,False,True
2456150,K24,HK261,True,6,18.0,0.0,3,True,False,False
2456215,K24,HK241,True,6,16.0,16.0,2,True,False,True
2456215,K24,HK242,True,8,17.0,17.0,3,True,False,True
2456215,K24,HK251,True,6,19.0,19.0,5,True,False,True
2456215,K24,HK252,True,6,17.0,17.0,6,True,False,True
2456215,K24,HK261,True,6,18.0,0.0,7,True,False,False
2456280,K24,HK241,True,6,16.0,16.0,2,False,False,True
2456280,K24,HK242,True,8,17.0,17.0,4,False,False,True
2456280,K24,HK251,True,6,19.0,19.0,7,False,False,True
2456280,K24,HK252,True,6,17.0,17.0,9,False,False,True
2456280,K24,HK261,True,6,18.0,0.0,9,False,False,False
2456513,K24,HK241,True,6,16.0,16.0,0,True,False,True
2456513,K24,HK242,True,8,17.0,17.0,2,True,False,True
2456513,K24,HK251,True,6,19.0,19.0,4,True,False,True
2456513,K24,HK252,True,6,17.0,17.0,5,True,False,True
2456513,K24,HK261,True,6,18.0,0.0,7,True,False,False
2456578,K24,HK241,True,6,16.0,16.0,0,False,False,True
2456578,K24,HK242,True,8,17.0,17.0,0,False,False,True
2456578,K24,HK251,True,5,16.0,16.0,0,False,False,True
2456578,K24,HK252,True,6,17.0,17.0,2,False,False,True
2456578,K24,HK261,True,6,18.0,0.0,2,False,False,False
2456643,K24,HK241,True,6,16.0,16.0,2,False,False,True
2456643,K24,HK242,True,8,17.0,17.0,4,False,False,True
2456643,K24,HK251,True,5,16.0,16.0,5,False,False,True
2456643,K24,HK252,True,6,17.0,17.0,5,False,False,True
2456643,K24,HK261,True,6,18.0,0.0,5,False,False,False
2456876,K24,HK241,True,6,16.0,16.0,3,False,False,True
2456876,K24,HK242,True,8,17.0,17.0,4,False,False,True
2456876,K24,HK251,True,6,19.0,19.0,5,False,False,True
2456876,K24,HK252,True,6,17.0,17.0,12,False,False,True
2456876,K24,HK261,True,6,18.0,0.0,15,False,False,False
2456941,K24,HK241,True,6,16.0,16.0,0,False,False,True
2456941,K24,HK242,True,8,17.0,17.0,0,False,False,True
2456941,K24,HK251,True,5,16.0,16.0,0,False,False,True
2456941,K24,HK252,True,6,17.0,17.0,1,False,False,True
2456941,K24,HK261,True,6,18.0,0.0,4,False,False,False
2457006,K24,HK241,True,6,16.0,11.0,1,True,False,True
2457006,K24,HK242,True,10,20.0,12.0,2,True,False,True
2457006,K24,HK251,True,8,22.0,14.0,3,True,False,True
2457006,K24,HK252,True,8,20.0,15.0,4,True,False,True
2457006,K24,HK261,True,8,20.0,0.0,5,True,False,False
2457174,K24,HK241,True,6,16.0,16.0,3,True,False,True
2457239,K24,HK241,True,6,16.0,16.0,1,True,False,True
2457239,K24,HK242,True,9,20.0,20.0,2,True,False,True
2457239,K24,HK251,True,6,19.0,19.0,3,True,False,True
2457239,K24,HK252,True,7,20.0,20.0,3,True,False,True
2457239,K24,HK261,True,6,18.0,0.0,5,True,False,False
2457304,K24,HK241,True,6,16.0,7.0,2,True,False,True
2457304,K24,HK242,True,9,21.0,8.0,3,True,False,True
2457537,K24,HK241,True,6,16.0,16.0,1,True,False,True
2457537,K24,HK242,True,8,17.0,17.0,3,True,False,True
2457537,K24,HK251,True,5,16.0,16.0,7,True,False,True
2457537,K24,HK252,True,6,17.0,17.0,9,True,False,True
2457537,K24,HK261,True,6,18.0,0.0,9,True,False,False
2457602,K24,HK241,True,6,16.0,16.0,1,False,False,True
2457602,K24,HK242,True,8,17.0,17.0,2,False,False,True
2457602,K24,HK251,True,5,16.0,16.0,3,False,False,True
2457602,K24,HK252,True,6,17.0,17.0,4,False,False,True
2457602,K24,HK261,True,6,18.0,0.0,5,False,False,False
2457667,K24,HK241,True,6,16.0,16.0,0,False,False,True
2457667,K24,HK242,True,8,17.0,17.0,0,False,False,True
2457667,K24,HK251,True,5,16.0,16.0,1,False,False,True
2457667,K24,HK252,True,6,17.0,17.0,2,False,False,True
2457667,K24,HK261,True,6,18.0,0.0,4,False,False,False
2457900,K24,HK241,True,6,16.0,16.0,2,False,False,True
2457900,K24,HK242,True,8,17.0,17.0,5,False,False,True
2457900,K24,HK251,True,5,16.0,16.0,6,False,False,True
2457900,K24,HK252,True,6,17.0,17.0,7,False,False,True
2457900,K24,HK261,True,6,18.0,0.0,9,False,False,False
2457965,K24,HK241,True,6,16.0,16.0,3,True,False,True
2457965,K24,HK242,True,9,20.0,20.0,3,True,False,True
2457965,K24,HK251,True,6,19.0,19.0,3,True,False,True
2457965,K24,HK252,True,7,20.0,20.0,3,True,False,True
2457965,K24,HK261,True,6,18.0,0.0,4,True,False,False
2458198,K24,HK241,True,6,16.0,16.0,3,True,False,True
2458198,K24,HK242,True,8,17.0,17.0,4,True,False,True
2458198,K24,HK251,True,6,19.0,19.0,7,True,False,True
2458198,K24,HK252,True,6,17.0,17.0,7,True,False,True
2458198,K24,HK261,True,6,18.0,0.0,10,True,False,False
2458263,K24,HK241,True,6,16.0,16.0,4,True,False,True
2458263,K24,HK242,True,8,17.0,17.0,5,True,False,True
2458263,K24,HK251,True,5,16.0,16.0,6,True,False,True
2458263,K24,HK252,True,6,17.0,17.0,9,True,False,True
2458263,K24,HK261,True,6,18.0,0.0,10,True,False,False
2458328,K24,HK241,True,6,16.0,16.0,2,True,False,True
2458328,K24,HK242,True,8,17.0,17.0,4,True,False,True
2458328,K24,HK251,True,5,16.0,16.0,4,True,False,True
2458328,K24,HK252,True,6,17.0,17.0,5,True,False,True
2458328,K24,HK261,True,6,18.0,0.0,7,True,False,False
2458561,K24,HK241,True,6,16.0,16.0,0,False,False,True
2458561,K24,HK242,True,8,17.0,17.0,2,False,False,True
2458561,K24,HK251,True,6,19.0,19.0,6,False,False,True
2458561,K24,HK252,True,6,17.0,17.0,10,False,False,True
2458561,K24,HK261,True,6,18.0,0.0,13,False,False,False
2458626,K24,HK241,True,6,16.0,16.0,4,True,False,True
2458626,K24,HK242,True,8,17.0,17.0,6,True,False,True
2458626,K24,HK251,True,5,16.0,16.0,9,True,False,True
2458626,K24,HK252,True,6,17.0,17.0,13,True,False,True
2458626,K24,HK261,True,6,18.0,0.0,15,True,True,False
2458691,K24,HK241,True,6,16.0,16.0,1,False,False,True
2458691,K24,HK242,True,8,17.0,16.0,1,False,False,True
2458691,K24,HK251,True,6,17.0,16.0,1,False,False,True
2458691,K24,HK252,True,7,18.0,17.0,3,False,False,True
2458691,K24,HK261,True,7,19.0,0.0,3,False,False,False
2458859,K24,HK241,True,6,16.0,16.0,0,False,False,True
2458859,K24,HK242,True,8,17.0,17.0,0,False,False,True
2458859,K24,HK251,True,5,16.0,16.0,5,False,False,True
2458859,K24,HK252,True,6,17.0,17.0,5,False,False,True
2458859,K24,HK261,True,6,18.0,0.0,6,False,False,False
2458924,K24,HK241,True,6,16.0,16.0,2,False,False,True
2458924,K24,HK242,True,8,17.0,17.0,3,False,False,True
2458924,K24,HK251,True,5,16.0,16.0,4,False,False,True
2458924,K24,HK252,True,6,17.0,17.0,5,False,False,True
2458924,K24,HK261,True,6,18.0,0.0,5,False,False,False
2458989,K24,HK241,True,6,16.0,16.0,0,False,False,True
2458989,K24,HK242,True,8,17.0,17.0,2,False,False,True
2458989,K24,HK251,True,5,16.0,16.0,5,False,False,True
2458989,K24,HK252,True,6,17.0,17.0,5,False,False,True
2458989,K24,HK261,True,6,18.0,0.0,9,False,False,False
2459222,K24,HK241,True,6,16.0,16.0,3,True,False,True
2459222,K24,HK242,True,8,17.0,17.0,5,True,False,True
2459222,K24,HK251,True,5,16.0,16.0,6,True,False,True
2459222,K24,HK252,True,6,17.0,17.0,8,True,False,True
2459222,K24,HK261,True,6,18.0,0.0,11,True,False,False
2459287,K24,HK241,True,6,16.0,16.0,2,True,False,True
2459287,K24,HK242,True,8,17.0,15.0,4,True,False,True
2459287,K24,HK251,True,5,16.0,16.0,7,True,False,True
2459287,K24,HK252,True,6,18.0,18.0,11,True,False,True
2459287,K24,HK261,True,6,18.0,0.0,12,True,False,False
2459352,K24,HK241,True,6,16.0,16.0,2,False,False,True
2459352,K24,HK242,True,8,17.0,17.0,5,False,False,True
2459352,K24,HK251,True,5,16.0,16.0,8,False,False,True
2459352,K24,HK252,True,6,17.0,17.0,10,False,False,True
2459352,K24,HK261,True,6,18.0,0.0,12,False,False,False
2459585,K24,HK241,True,6,16.0,16.0,0,True,False,True
2459585,K24,HK242,True,8,17.0,17.0,3,True,False,True
2459585,K24,HK251,True,6,19.0,19.0,5,True,False,True
2459585,K24,HK252,True,6,17.0,17.0,5,True,False,True
2459585,K24,HK261,True,6,18.0,0.0,5,True,False,False
2459650,K24,HK241,True,6,16.0,16.0,1,True,False,True
2459650,K24,HK242,True,8,17.0,17.0,2,True,False,True
2459650,K24,HK251,True,6,19.0,19.0,4,True,False,True
2459650,K24,HK252,True,6,17.0,17.0,4,True,False,True
2459650,K24,HK261,True,6,18.0,0.0,5,True,False,False
2459715,K24,HK241,True,6,16.0,16.0,0,True,False,True
2459715,K24,HK242,True,8,17.0,17.0,1,True,False,True
2459715,K24,HK251,True,6,19.0,19.0,6,True,False,True
2459715,K24,HK252,True,6,17.0,17.0,8,True,False,True
2459715,K24,HK261,True,6,18.0,0.0,10,True,False,False
2459883,K24,HK241,True,6,16.0,16.0,0,True,False,True
2459883,K24,HK242,True,8,17.0,17.0,0,True,False,True
2459883,K24,HK251,True,6,19.0,19.0,2,True,False,True
2459883,K24,HK252,True,6,17.0,17.0,4,True,False,True
2459883,K24,HK261,True,6,18.0,0.0,5,True,False,False
2459948,K24,HK241,True,6,16.0,16.0,3,False,False,True
2459948,K24,HK242,True,8,17.0,17.0,5,False,False,True
2459948,K24,HK251,True,5,16.0,16.0,6,False,False,True
2459948,K24,HK252,True,6,17.0,17.0,8,False,False,True
2459948,K24,HK261,True,6,18.0,0.0,9,False,False,False
2460013,K24,HK241,True,6,16.0,16.0,3,False,False,True
2460013,K24,HK242,True,8,17.0,17.0,3,False,False,True
2460013,K24,HK251,True,5,16.0,16.0,3,False,False,True
2460013,K24,HK252,True,6,17.0,17.0,3,False,False,True
2460013,K24,HK261,True,6,18.0,0.0,4,False,False,False
2460246,K24,HK241,True,6,16.0,16.0,2,True,False,True
2460246,K24,HK242,True,8,17.0,17.0,2,True,False,True
2460246,K24,HK251,True,5,16.0,16.0,8,True,False,True
2460246,K24,HK252,True,6,17.0,17.0,12,True,False,True
2460246,K24,HK261,True,6,18.0,0.0,13,True,True,False
2460311,K24,HK241,True,6,16.0,16.0,2,True,False,True
2460311,K24,HK242,True,8,17.0,17.0,3,True,False,True
2460311,K24,HK251,True,5,16.0,16.0,7,True,False,True
2460311,K24,HK252,True,6,17.0,17.0,7,True,False,True
2460311,K24,HK261,True,6,18.0,0.0,8,True,False,False
2460376,K24,HK241,True,6,16.0,16.0,1,True,False,True
2460376,K24,HK242,True,8,17.0,17.0,4,True,False,True
2460376,K24,HK251,True,5,16.0,16.0,6,True,False,True
2460376,K24,HK252,True,6,17.0,17.0,9,True,False,True
2460376,K24,HK261,True,6,18.0,0.0,11,True,False,False
2460609,K24,HK241,True,6,16.0,16.0,1,True,False,True
2460609,K24,HK242,True,8,17.0,17.0,1,True,False,True
2460609,K24,HK251,True,6,19.0,19.0,3,True,False,True
2460609,K24,HK252,True,6,17.0,17.0,3,True,False,True
2460609,K24,HK261,True,6,18.0,0.0,6,True,False,False
2460674,K24,HK241,True,6,16.0,16.0,1,True,False,True
2460674,K24,HK242,True,8,17.0,17.0,2,True,False,True
2460674,K24,HK251,True,6,19.0,19.0,3,True,False,True
2460674,K24,HK252,True,6,17.0,17.0,3,True,False,True
2460674,K24,HK261,True,6,18.0,0.0,5,True,False,False
2460907,K24,HK241,True,6,16.0,16.0,1,False,False,True
2460907,K24,HK242,True,8,17.0,17.0,4,False,False,True
2460907,K24,HK251,True,5,16.0,16.0,6,False,False,True
2460907,K24,HK252,True,6,17.0,17.0,9,False,False,True
2460907,K24,HK261,True,6,18.0,0.0,12,False,False,False
2460972,K24,HK241,True,6,16.0,16.0,5,True,False,True
2460972,K24,HK242,True,8,17.0,17.0,7,True,False,True
2460972,K24,HK251,True,5,16.0,16.0,9,True,False,True
2460972,K24,HK252,True,6,17.0,17.0,10,True,False,True
2460972,K24,HK261,True,6,18.0,0.0,12,True,False,False
2461037,K24,HK241,True,6,16.0,16.0,1,False,False,True
2461037,K24,HK242,True,8,17.0,17.0,1,False,False,True
2461037,K24,HK251,True,5,16.0,16.0,3,False,False,True
2461037,K24,HK252,True,6,17.0,17.0,4,False,False,True
2461037,K24,HK261,True,6,18.0,0.0,5,False,False,False
2461270,K24,HK241,True,6,16.0,13.0,0,True,False,True
2461270,K24,HK242,True,9,20.0,10.0,4,True,False,True
2461270,K24,HK251,True,8,20.0,10.0,11,True,False,True
2461270,K24,HK252,True,8,22.0,11.0,11,True,False,True
2461270,K24,HK261,True,7,20.0,0.0,12,True,False,False
2461335,K24,HK241,True,6,16.0,16.0,0,True,False,True
2461335,K24,HK242,True,8,17.0,17.0,2,True,False,True
2461335,K24,HK251,True,5,16.0,16.0,3,True,False,True
2461335,K24,HK252,True,6,17.0,17.0,5,True,False,True
2461335,K24,HK261,True,6,18.0,0.0,8,True,False,False
2461400,K24,HK241,True,6,16.0,16.0,1,False,False,True
2461400,K24,HK242,True,8,17.0,17.0,2,False,False,True
2461400,K24,HK251,True,6,19.0,19.0,5,False,False,True
2461400,K24,HK252,True,6,17.0,17.0,5,False,False,True
2461400,K24,HK261,True,6,18.0,0.0,5,False,False,False
2461568,K24,HK241,True,6,16.0,16.0,2,True,False,True
2461568,K24,HK242,True,8,17.0,17.0,3,True,False,True
2461568,K24,HK251,True,5,16.0,16.0,5,True,False,True
2461568,K24,HK252,True,6,17.0,17.0,9,True,False,True
2461568,K24,HK261,True,6,18.0,0.0,9,True,False,False
2461633,K24,HK241,True,6,16.0,16.0,2,False,False,True
2461633,K24,HK242,True,8,17.0,17.0,3,False,False,True
2461633,K24,HK251,True,5,16.0,16.0,5,False,False,True
2461633,K24,HK252,True,6,17.0,17.0,7,False,False,True
2461633,K24,HK261,True,6,18.0,0.0,7,False,False,False
2461698,K24,HK241,True,6,16.0,16.0,0,True,False,True
2461698,K24,HK242,True,8,17.0,17.0,3,True,False,True
2461698,K24,HK251,True,5,16.0,16.0,6,True,False,True
2461698,K24,HK252,True,6,17.0,17.0,8,True,False,True
2461698,K24,HK261,True,6,18.0,0.0,11,True,False,False
2461931,K24,HK241,True,6,16.0,16.0,4,True,False,True
2461931,K24,HK242,True,8,17.0,17.0,5,True,False,True
2461931,K24,HK251,True,5,16.0,16.0,5,True,False,True
2461931,K24,HK252,True,6,17.0,17.0,10,True,False,True
2461931,K24,HK261,True,6,18.0,0.0,12,True,False,False
2461996,K24,HK241,True,6,16.0,11.0,1,True,False,True
2461996,K24,HK242,True,10,20.0,7.0,3,True,False,True
2461996,K24,HK251,True,7,20.0,14.0,3,True,False,True
2462061,K24,HK241,True,6,16.0,16.0,1,True,False,True
2462061,K24,HK242,True,8,17.0,17.0,1,True,False,True
2462061,K24,HK251,True,6,19.0,19.0,1,True,False,True
2462061,K24,HK252,True,6,17.0,17.0,3,True,False,True
2462061,K24,HK261,True,6,18.0,0.0,4,True,False,False
2462294,K24,HK241,True,6,16.0,16.0,1,False,False,True
2462294,K24,HK242,True,8,17.0,17.0,2,False,False,True
2462294,K24,HK251,True,5,16.0,16.0,7,False,False,True
2462294,K24,HK252,True,6,17.0,17.0,9,False,False,True
2462294,K24,HK261,True,6,18.0,0.0,14,False,False,False
2462359,K24,HK241,True,6,16.0,16.0,2,True,False,True
2462359,K24,HK242,True,8,17.0,17.0,2,True,False,True
2462359,K24,HK251,True,6,19.0,19.0,4,True,False,True
2462359,K24,HK252,True,6,17.0,17.0,5,True,False,True
2462359,K24,HK261,True,6,18.0,0.0,6,True,False,False
2462424,K24,HK241,True,6,16.0,16.0,3,False,False,True
2462424,K24,HK242,True,8,17.0,17.0,6,False,False,True
2462424,K24,HK251,True,5,16.0,16.0,8,False,False,True
2462424,K24,HK252,True,6,17.0,17.0,8,False,False,True
2462424,K24,HK261,True,6,18.0,0.0,8,False,False,False
2462592,K24,HK241,True,6,16.0,16.0,1,False,False,True
2462592,K24,HK242,True,8,17.0,17.0,5,False,False,True
2462592,K24,HK251,True,5,16.0,16.0,7,False,False,True
2462592,K24,HK252,True,6,17.0,17.0,9,False,False,True
2462592,K24,HK261,True,6,18.0,0.0,12,False,False,False
2462657,K24,HK241,True,6,16.0,16.0,2,True,False,True
2462657,K24,HK242,True,8,17.0,17.0,4,True,False,True
2462657,K24,HK251,True,6,19.0,19.0,5,True,False,True
2462657,K24,HK252,True,6,17.0,17.0,6,True,False,True
2462657,K24,HK261,True,6,18.0,0.0,6,True,False,False
2462722,K24,HK241,True,6,16.0,16.0,3,True,False,True
2462722,K24,HK242,True,8,17.0,17.0,4,True,False,True
2462722,K24,HK251,True,5,16.0,16.0,6,True,False,True
2462722,K24,HK252,True,6,17.0,17.0,6,True,False,True
2462722,K24,HK261,True,6,18.0,0.0,10,True,False,False
2462955,K24,HK241,True,6,16.0,16.0,1,True,False,True
2462955,K24,HK242,True,8,17.0,17.0,2,True,False,True
2462955,K24,HK251,True,5,16.0,16.0,4,True,False,True
2462955,K24,HK252,True,6,17.0,17.0,6,True,False,True
2462955,K24,HK261,True,6,18.0,0.0,6,True,False,False
2463020,K24,HK241,True,6,16.0,16.0,4,False,False,True
2463020,K24,HK242,True,8,17.0,17.0,6,False,False,True
2463020,K24,HK251,True,5,16.0,16.0,8,False,False,True
2463020,K24,HK252,True,6,17.0,17.0,8,False,False,True
2463020,K24,HK261,True,6,18.0,0.0,13,False,False,False
2463085,K24,HK241,True,6,16.0,16.0,1,True,False,True
2463085,K24,HK242,True,8,17.0,17.0,6,True,False,True
2463085,K24,HK251,True,6,19.0,19.0,7,True,False,True
2463085,K24,HK252,True,6,17.0,17.0,9,True,False,True
2463085,K24,HK261,True,6,18.0,0.0,9,True,False,False
2463318,K24,HK241,True,6,16.0,16.0,0,True,False,True
2463318,K24,HK242,True,8,17.0,17.0,0,True,False,True
2463318,K24,HK251,True,5,16.0,16.0,1,True,False,True
2463318,K24,HK252,True,6,17.0,17.0,2,True,False,True
2463318,K24,HK261,True,6,18.0,0.0,6,True,False,False
2463383,K24,HK241,True,6,16.0,16.0,2,False,False,True
2463383,K24,HK242,True,8,17.0,17.0,5,False,False,True
2463383,K24,HK251,True,6,19.0,19.0,6,False,False,True
2463383,K24,HK252,True,6,17.0,17.0,9,False,False,True
2463383,K24,HK261,True,6,18.0,0.0,10,False,False,False
2463448,K24,HK241,True,6,16.0,16.0,2,True,False,True
2463448,K24,HK242,True,8,17.0,17.0,5,True,False,True
2463448,K24,HK251,True,5,16.0,16.0,10,True,False,True
2463448,K24,HK252,True,6,17.0,17.0,12,True,False,True
2463448,K24,HK261,True,6,18.0,0.0,13,True,True,False
2463616,K24,HK241,True,6,16.0,16.0,1,True,False,True
2463616,K24,HK242,True,8,17.0,17.0,4,True,False,True
2463616,K24,HK251,True,5,16.0,16.0,5,True,False,True
2463616,K24,HK252,True,6,17.0,17.0,6,True,False,True
2463616,K24,HK261,True,6,18.0,0.0,10,True,False,False
2463681,K24,HK241,True,6,16.0,16.0,5,True,False,True
2463681,K24,HK242,True,8,17.0,17.0,7,True,False,True
2463681,K24,HK251,True,5,16.0,16.0,11,True,False,True
2463681,K24,HK252,True,6,17.0,17.0,13,True,False,True
2463681,K24,HK261,True,6,18.0,0.0,15,True,True,False
2463746,K24,HK241,True,6,16.0,16.0,2,True,False,True
2463746,K24,HK242,True,8,17.0,17.0,3,True,False,True
2463746,K24,HK251,True,6,19.0,19.0,4,True,False,True
2463746,K24,HK252,True,6,17.0,17.0,6,True,False,True
2463746,K24,HK261,True,6,18.0,0.0,7,True,False,False
2463979,K24,HK241,True,6,16.0,16.0,2,False,False,True
2463979,K24,HK242,True,8,17.0,17.0,3,False,False,True
2463979,K24,HK251,True,5,16.0,16.0,4,False,False,True
2463979,K24,HK252,True,6,17.0,17.0,5,False,False,True
2463979,K24,HK261,True,6,18.0,0.0,6,False,False,False
2464044,K24,HK241,True,6,16.0,16.0,5,False,False,True
2464044,K24,HK242,True,8,17.0,17.0,9,False,False,True
2464044,K24,HK251,True,5,16.0,16.0,10,False,False,True
2464044,K24,HK252,True,6,17.0,17.0,12,False,False,True
2464044,K24,HK261,True,6,18.0,0.0,12,False,False,False
2464109,K24,HK241,True,6,16.0,16.0,1,False,False,True
2464109,K24,HK242,True,8,17.0,17.0,2,False,False,True
2464109,K24,HK251,True,5,16.0,16.0,3,False,False,True
2464109,K24,HK252,True,6,17.0,17.0,4,False,False,True
2464109,K24,HK261,True,6,18.0,0.0,5,False,False,False
2464342,K24,HK241,True,6,16.0,16.0,2,False,False,True
2464342,K24,HK242,True,8,17.0,17.0,3,False,False,True
2464342,K24,HK251,True,5,16.0,16.0,4,False,False,True
2464342,K24,HK252,True,6,17.0,17.0,6,False,False,True
2464342,K24,HK261,True,6,18.0,0.0,7,False,False,False
2464407,K24,HK241,True,6,16.0,16.0,1,True,False,True
2464407,K24,HK242,True,8,17.0,17.0,3,True,False,True
2464407,K24,HK251,True,5,16.0,16.0,5,True,False,True
2464407,K24,HK252,True,6,17.0,17.0,7,True,False,True
2464407,K24,HK261,True,6,18.0,0.0,8,True,False,False
2464640,K24,HK241,True,6,16.0,16.0,3,False,False,True
2464640,K24,HK242,True,8,17.0,17.0,4,False,False,True
2464640,K24,HK251,True,5,16.0,16.0,6,False,False,True
2464640,K24,HK252,True,6,17.0,17.0,9,False,False,True
2464640,K24,HK261,True,6,18.0,0.0,9,False,False,False
2464705,K24,HK241,True,6,16.0,16.0,1,False,False,True
2464705,K24,HK242,True,8,17.0,17.0,3,False,False,True
2464705,K24,HK251,True,6,19.0,19.0,3,False,False,True
2464705,K24,HK252,True,6,17.0,17.0,3,False,False,True
2464705,K24,HK261,True,6,18.0,0.0,4,False,False,False
2464770,K24,HK241,True,6,16.0,16.0,3,True,False,True
2464770,K24,HK242,True,8,17.0,17.0,4,True,False,True
2464770,K24,HK251,True,5,16.0,16.0,8,True,False,True
2464770,K24,HK252,True,6,17.0,17.0,8,True,False,True
2464770,K24,HK261,True,6,18.0,0.0,8,True,False,False
2465003,K24,HK241,True,6,16.0,8.0,1,False,False,True
2465003,K24,HK242,True,9,22.0,9.0,6,False,False,True
2465068,K24,HK241,True,6,16.0,16.0,3,True,False,True
2465068,K24,HK242,True,8,17.0,17.0,4,True,False,True
2465068,K24,HK251,True,5,16.0,16.0,5,True,False,True
2465068,K24,HK252,True,6,17.0,17.0,7,True,False,True
2465068,K24,HK261,True,6,18.0,0.0,11,True,False,False
2465133,K24,HK241,True,6,16.0,16.0,2,True,False,True
2465133,K24,HK242,True,8,17.0,17.0,5,True,False,True
2465133,K24,HK251,True,5,16.0,16.0,7,True,False,True
2465133,K24,HK252,True,6,17.0,17.0,9,True,False,True
2465133,K24,HK261,True,6,18.0,0.0,11,True,False,False
2465301,K24,HK241,True,6,16.0,16.0,0,False,False,True
2465301,K24,HK242,True,8,17.0,17.0,1,False,False,True
2465301,K24,HK251,True,6,19.0,19.0,3,False,False,True
2465301,K24,HK252,True,6,17.0,17.0,6,False,False,True
2465301,K24,HK261,True,6,18.0,0.0,6,False,False,False
2465366,K24,HK241,True,6,16.0,16.0,0,False,False,True
2465366,K24,HK242,True,8,17.0,17.0,3,False,False,True
2465366,K24,HK251,True,5,16.0,16.0,4,False,False,True
2465366,K24,HK252,True,6,17.0,17.0,5,False,False,True
2465366,K24,HK261,True,6,18.0,0.0,7,False,False,False
2465431,K24,HK241,True,6,16.0,16.0,4,False,False,True
2465431,K24,HK242,True,8,17.0,17.0,7,False,False,True
2465431,K24,HK251,True,5,16.0,16.0,8,False,False,True
2465431,K24,HK252,True,6,17.0,17.0,9,False,False,True
2465431,K24,HK261,True,6,18.0,0.0,10,False,False,False
2465664,K24,HK241,True,6,16.0,16.0,1,True,False,True
2465664,K24,HK242,True,9,20.0,20.0,2,True,False,True
2465664,K24,HK251,True,6,19.0,19.0,4,True,False,True
2465664,K24,HK252,True,7,20.0,20.0,5,True,False,True
2465664,K24,HK261,True,6,18.0,0.0,9,True,False,False
2465729,K24,HK241,True,6,16.0,16.0,3,True,False,True
2465729,K24,HK242,True,8,17.0,17.0,6,True,False,True
2465729,K24,HK251,True,6,19.0,19.0,10,True,False,True
2465729,K24,HK252,True,6,17.0,17.0,14,True,False,True
2465729,K24,HK261,True,6,18.0,0.0,17,True,True,False
2465794,K24,HK241,True,6,16.0,16.0,3,False,False,True
2465794,K24,HK242,True,8,17.0,17.0,4,False,False,True
2465794,K24,HK251,True,5,16.0,16.0,5,False,False,True
2465794,K24,HK252,True,6,17.0,17.0,9,False,False,True
2465794,K24,HK261,True,6,18.0,0.0,11,False,False,False
2466027,K24,HK241,True,6,16.0,16.0,5,False,False,True
2466027,K24,HK242,True,8,17.0,17.0,5,False,False,True
2466027,K24,HK251,True,5,16.0,16.0,9,False,False,True
2466027,K24,HK252,True,6,17.0,17.0,10,False,False,True
2466027,K24,HK261,True,6,18.0,0.0,13,False,False,False
2466092,K24,HK241,True,6,16.0,16.0,1,True,False,True
2466092,K24,HK242,True,8,17.0,17.0,6,True,False,True
2466092,K24,HK251,True,6,19.0,19.0,8,True,False,True
2466092,K24,HK252,True,6,17.0,17.0,11,True,False,True
2466092,K24,HK261,True,6,18.0,0.0,12,True,False,False
2466157,K24,HK241,True,6,16.0,16.0,0,True,False,True
2466157,K24,HK242,True,8,17.0,17.0,1,True,False,True
2466157,K24,HK251,True,5,16.0,16.0,2,True,False,True
2466157,K24,HK252,True,6,17.0,17.0,3,True,False,True
2466157,K24,HK261,True,6,18.0,0.0,3,True,False,False
2466325,K24,HK241,True,6,16.0,16.0,2,False,False,True
2466325,K24,HK242,True,8,17.0,17.0,7,False,False,True
2466325,K24,HK251,True,5,16.0,16.0,8,False,False,True
2466325,K24,HK252,True,6,17.0,17.0,12,False,False,True
2466325,K24,HK261,True,6,18.0,0.0,13,False,False,False
2466390,K24,HK241,True,6,16.0,16.0,2,True,False,True
2466390,K24,HK242,True,8,17.0,16.0,4,True,False,True
2466390,K24,HK251,True,6,17.0,17.0,5,True,False,True
2466390,K24,HK252,True,6,17.0,17.0,7,True,False,True
2466390,K24,HK261,True,6,18.0,0.0,7,True,False,False
2466455,K24,HK241,True,6,16.0,16.0,2,False,False,True
2466455,K24,HK242,True,8,17.0,17.0,2,False,False,True
2466455,K24,HK251,True,5,16.0,16.0,4,False,False,True
2466455,K24,HK252,True,6,17.0,17.0,8,False,False,True
2466455,K24,HK261,True,6,18.0,0.0,8,False,False,False
2466688,K24,HK241,True,6,16.0,16.0,3,True,False,True
2466688,K24,HK242,True,8,17.0,17.0,5,True,False,True
2466688,K24,HK251,True,5,16.0,16.0,6,True,False,True
2466688,K24,HK252,True,6,17.0,17.0,7,True,False,True
2466688,K24,HK261,True,6,18.0,0.0,9,True,False,False
2466753,K24,HK241,True,6,16.0,16.0,2,False,False,True
2466753,K24,HK242,True,8,17.0,17.0,5,False,False,True
2466753,K24,HK251,True,5,16.0,16.0,7,False,False,True
2466753,K24,HK252,True,6,17.0,17.0,9,False,False,True
2466753,K24,HK261,True,6,18.0,0.0,11,False,False,False
2466818,K24,HK241,True,6,16.0,16.0,2,False,False,True
2466818,K24,HK242,True,8,17.0,17.0,3,False,False,True
2466818,K24,HK251,True,5,16.0,16.0,5,False,False,True
2466818,K24,HK252,True,6,17.0,17.0,5,False,False,True
2466818,K24,HK261,True,6,18.0,0.0,7,False,False,False
2467051,K24,HK241,True,6,16.0,16.0,0,True,False,True
2467051,K24,HK242,True,8,17.0,17.0,1,True,False,True
2467051,K24,HK251,True,5,16.0,16.0,2,True,False,True
2467051,K24,HK252,True,6,17.0,17.0,3,True,False,True
2467051,K24,HK261,True,6,18.0,0.0,3,True,False,False
2467116,K24,HK241,True,6,16.0,16.0,3,True,False,True
2467116,K24,HK242,True,8,17.0,17.0,5,True,False,True
2467116,K24,HK251,True,5,16.0,16.0,6,True,False,True
2467116,K24,HK252,True,6,17.0,17.0,7,True,False,True
2467116,K24,HK261,True,6,18.0,0.0,9,True,False,False
2467349,K24,HK241,True,6,16.0,11.0,0,False,False,True
2467349,K24,HK242,True,10,20.0,8.0,4,False,False,True
2467349,K24,HK251,True,8,22.0,15.0,5,False,False,True
2467414,K24,HK241,True,6,16.0,16.0,0,True,False,True
2467479,K24,HK241,True,6,16.0,16.0,1,False,False,True
2467479,K24,HK242,True,8,17.0,17.0,1,False,False,True
2467479,K24,HK251,True,5,16.0,16.0,1,False,False,True
2467479,K24,HK252,True,6,17.0,17.0,3,False,False,True
2467479,K24,HK261,True,6,18.0,0.0,4,False,False,False
2467712,K24,HK241,True,6,16.0,16.0,4,False,False,True
2467712,K24,HK242,True,8,17.0,17.0,6,False,False,True
2467712,K24,HK251,True,5,16.0,16.0,7,False,False,True
2467712,K24,HK252,True,6,17.0,17.0,7,False,False,True
2467712,K24,HK261,True,6,18.0,0.0,9,False,False,False
2467777,K24,HK241,True,6,16.0,16.0,1,True,False,True
2467777,K24,HK242,True,8,17.0,17.0,1,True,False,True
2467777,K24,HK251,True,6,19.0,19.0,1,True,False,True
2467777,K24,HK252,True,6,17.0,17.0,4,True,False,True
2467777,K24,HK261,True,6,18.0,0.0,5,True,False,False
2467842,K24,HK241,True,6,16.0,16.0,2,True,False,True
2467842,K24,HK242,True,8,17.0,17.0,6,True,False,True
2467842,K24,HK251,True,5,16.0,16.0,7,True,False,True
2467842,K24,HK252,True,6,17.0,17.0,9,True,False,True
2467842,K24,HK261,True,6,18.0,0.0,13,True,False,False
2468010,K24,HK241,True,6,16.0,16.0,2,True,False,True
2468010,K24,HK242,True,8,17.0,17.0,3,True,False,True
2468010,K24,HK251,True,5,16.0,16.0,6,True,False,True
2468010,K24,HK252,True,6,17.0,17.0,10,True,False,True
2468010,K24,HK261,True,6,18.0,0.0,10,True,False,False
2468075,K24,HK241,True,6,16.0,16.0,2,False,False,True
2468075,K24,HK242,True,8,17.0,17.0,5,False,False,True
2468075,K24,HK251,True,5,16.0,16.0,7,False,False,True
2468075,K24,HK252,True,6,17.0,17.0,8,False,False,True
2468075,K24,HK261,True,6,18.0,0.0,10,False,False,False
2468140,K24,HK241,True,6,16.0,16.0,2,False,False,True
2468140,K24,HK242,True,8,17.0,17.0,4,False,False,True
2468140,K24,HK251,True,5,16.0,16.0,4,False,False,True
2468140,K24,HK252,True,6,17.0,17.0,5,False,False,True
2468140,K24,HK261,True,6,18.0,0.0,10,False,False,False
2468373,K24,HK241,True,6,16.0,16.0,1,True,False,True
2468373,K24,HK242,True,8,17.0,17.0,2,True,False,True
2468373,K24,HK251,True,6,19.0,19.0,2,True,False,True
2468373,K24,HK252,True,6,17.0,17.0,4,True,False,True
2468373,K24,HK261,True,6,18.0,0.0,4,True,False,False
2468438,K24,HK241,True,6,16.0,16.0,1,True,False,True
2468438,K24,HK242,True,8,17.0,17.0,4,True,False,True
2468438,K24,HK251,True,6,19.0,19.0,6,True,False,True
2468438,K24,HK252,True,6,17.0,17.0,6,True,False,True
2468438,K24,HK261,True,6,18.0,0.0,8,True,False,False
2468503,K24,HK241,True,6,16.0,16.0,1,False,False,True
2468503,K24,HK242,True,8,17.0,17.0,1,False,False,True
2468503,K24,HK251,True,5,16.0,16.0,4,False,False,True
2468503,K24,HK252,True,6,17.0,17.0,8,False,False,True
2468503,K24,HK261,True,6,18.0,0.0,8,False,False,False
2468736,K24,HK241,True,6,16.0,16.0,0,False,False,True
2468736,K24,HK242,True,8,17.0,17.0,2,False,False,True
2468736,K24,HK251,True,6,19.0,19.0,4,False,False,True
2468736,K24,HK252,True,6,17.0,17.0,6,False,False,True
2468736,K24,HK261,True,6,18.0,0.0,8,False,False,False
2468801,K24,HK241,True,6,16.0,9.0,1,False,False,True
2468801,K24,HK242,True,9,21.0,21.0,2,False,False,True
2468866,K24,HK241,True,6,16.0,16.0,1,True,False,True
2468866,K24,HK242,True,8,17.0,17.0,5,True,False,True
2468866,K24,HK251,True,5,16.0,16.0,6,True,False,True
2468866,K24,HK252,True,6,17.0,17.0,6,True,False,True
2468866,K24,HK261,True,6,18.0,0.0,6,True,False,False
2469034,K24,HK241,True,6,16.0,16.0,0,True,False,True
2469034,K24,HK242,True,8,17.0,17.0,1,True,False,True
2469034,K24,HK251,True,5,16.0,16.0,2,True,False,True
2469034,K24,HK252,True,6,17.0,17.0,3,True,False,True
2469034,K24,HK261,True,6,18.0,0.0,4,True,False,False
2469099,K24,HK241,True,6,16.0,16.0,4,False,False,True
2469099,K24,HK242,True,8,17.0,17.0,6,False,False,True
2469099,K24,HK251,True,5,16.0,16.0,7,False,False,True
2469099,K24,HK252,True,6,17.0,17.0,8,False,False,True
2469099,K24,HK261,True,6,18.0,0.0,9,False,False,False
2469164,K24,HK241,True,6,16.0,16.0,3,True,False,True
2469164,K24,HK242,True,8,17.0,17.0,3,True,False,True
2469164,K24,HK251,True,5,16.0,16.0,3,True,False,True
2469164,K24,HK252,True,6,17.0,17.0,5,True,False,True
2469164,K24,HK261,True,6,18.0,0.0,6,True,False,False
2469397,K24,HK241,True,6,16.0,16.0,1,True,False,True
2469397,K24,HK242,True,8,17.0,17.0,2,True,False,True
2469397,K24,HK251,True,6,19.0,19.0,2,True,False,True
2469397,K24,HK252,True,6,17.0,17.0,5,True,False,True
2469397,K24,HK261,True,6,18.0,0.0,6,True,False,False
2469462,K24,HK241,True,6,16.0,16.0,1,False,False,True
2469462,K24,HK242,True,8,17.0,17.0,3,False,False,True
2469462,K24,HK251,True,5,16.0,16.0,4,False,False,True
2469462,K24,HK252,True,6,17.0,17.0,4,False,False,True
2469462,K24,HK261,True,6,18.0,0.0,4,False,False,False
2469527,K24,HK241,True,6,16.0,16.0,3,True,False,True
2469527,K24,HK242,True,9,20.0,20.0,4,True,False,True
2469527,K24,HK251,True,6,19.0,19.0,7,True,False,True
2469527,K24,HK252,True,7,20.0,20.0,7,True,False,True
2469527,K24,HK261,True,6,18.0,0.0,11,True,False,False
2469760,K24,HK241,True,6,16.0,16.0,0,True,False,True
2469760,K24,HK242,True,8,17.0,17.0,4,True,False,True
2469760,K24,HK251,True,5,16.0,16.0,6,True,False,True
2469760,K24,HK252,True,6,17.0,17.0,10,True,False,True
2469760,K24,HK261,True,6,18.0,0.0,11,True,False,False
2469825,K24,HK241,True,6,16.0,16.0,1,True,False,True
2469825,K24,HK242,True,8,17.0,17.0,3,True,False,True
2469825,K24,HK251,True,5,16.0,16.0,5,True,False,True
2469825,K24,HK252,True,6,17.0,17.0,7,True,False,True
2469825,K24,HK261,True,6,18.0,0.0,9,True,False,False
2470058,K24,HK241,True,6,16.0,12.0,2,False,False,True
2470058,K24,HK242,True,9,21.0,21.0,2,False,False,True
2470123,K24,HK241,True,6,16.0,16.0,2,False,False,True
2470123,K24,HK242,True,8,17.0,17.0,3,False,False,True
2470123,K24,HK251,True,5,16.0,16.0,5,False,False,True
2470123,K24,HK252,True,6,17.0,17.0,8,False,False,True
2470123,K24,HK261,True,6,18.0,0.0,10,False,False,False
2470188,K24,HK241,True,6,16.0,16.0,2,False,False,True
2470188,K24,HK242,True,8,17.0,17.0,5,False,False,True
2470188,K24,HK251,True,6,19.0,19.0,8,False,False,True
2470188,K24,HK252,True,6,17.0,17.0,11,False,False,True
2470421,K24,HK241,True,6,16.0,16.0,1,False,False,True
2470421,K24,HK242,True,8,17.0,17.0,3,False,False,True
2470421,K24,HK251,True,6,19.0,19.0,5,False,False,True
2470421,K24,HK252,True,6,17.0,17.0,8,False,False,True
2470421,K24,HK261,True,6,18.0,0.0,9,False,False,False
2470486,K24,HK241,True,6,16.0,16.0,2,True,False,True
2470486,K24,HK242,True,8,17.0,17.0,2,True,False,True
2470486,K24,HK251,True,5,16.0,16.0,3,True,False,True
2470486,K24,HK252,True,6,17.0,17.0,3,True,False,True
2470486,K24,HK261,True,6,18.0,0.0,4,True,False,False
2470551,K24,HK241,True,6,16.0,16.0,5,False,False,True
2470551,K24,HK242,True,8,17.0,17.0,8,False,False,True
2470551,K24,HK251,True,5,16.0,16.0,9,False,False,True
2470551,K24,HK252,True,6,17.0,17.0,9,False,False,True
2470551,K24,HK261,True,6,18.0,0.0,11,False,False,False
2470784,K24,HK241,True,6,16.0,16.0,1,True,False,True
2470784,K24,HK242,True,8,17.0,17.0,2,True,False,True
2470784,K24,HK251,True,5,16.0,16.0,5,True,False,True
2470784,K24,HK252,True,6,17.0,17.0,5,True,False,True
2470784,K24,HK261,True,6,18.0,0.0,5,True,False,False
2470849,K24,HK241,True,6,16.0,16.0,2,False,False,True
2470849,K24,HK242,True,8,17.0,17.0,4,False,False,True
2470849,K24,HK251,True,6,19.0,19.0,7,False,False,True
2470849,K24,HK252,True,6,17.0,17.0,10,False,False,True
2470849,K24,HK261,True,6,18.0,0.0,10,False,False,False
2471082,K24,HK241,True,6,16.0,16.0,0,True,False,True
2471082,K24,HK242,True,8,17.0,17.0,1,True,False,True
2471082,K24,HK251,True,5,16.0,16.0,3,True,False,True
2471082,K24,HK252,True,6,17.0,17.0,6,True,False,True
2471082,K24,HK261,True,6,18.0,0.0,8,True,False,False
2471147,K24,HK241,True,6,16.0,16.0,1,True,False,True
2471147,K24,HK242,True,8,17.0,17.0,3,True,False,True
2471147,K24,HK251,True,6,19.0,19.0,6,True,False,True
2471147,K24,HK252,True,6,17.0,17.0,7,True,False,True
2471147,K24,HK261,True,6,18.0,0.0,10,True,False,False
2471212,K24,HK241,True,6,16.0,16.0,1,False,False,True
2471212,K24,HK242,True,8,17.0,17.0,2,False,False,True
2471212,K24,HK251,True,6,19.0,19.0,3,False,False,True
2471212,K24,HK252,True,6,17.0,17.0,4,False,False,True
2471212,K24,HK261,True,6,18.0,0.0,4,False,False,False
2471445,K24,HK241,True,6,16.0,16.0,3,True,False,True
2471445,K24,HK242,True,8,17.0,17.0,4,True,False,True
2471445,K24,HK251,True,5,16.0,16.0,6,True,False,True
2471445,K24,HK252,True,6,17.0,17.0,8,True,False,True
2471445,K24,HK261,True,6,18.0,0.0,9,True,False,False
2471510,K24,HK241,True,6,16.0,10.0,1,True,False,True
2471510,K24,HK242,True,10,21.0,11.0,2,True,False,True
2471510,K24,HK251,True,7,20.0,10.0,2,True,False,True
2471510,K24,HK252,True,8,22.0,14.0,3,True,False,True
2471510,K24,HK261,True,8,20.0,0.0,3,True,False,False
2471575,K24,HK241,True,6,16.0,16.0,1,False,False,True
2471575,K24,HK242,True,8,17.0,17.0,1,False,False,True
2471575,K24,HK251,True,5,16.0,16.0,2,False,False,True
2471575,K24,HK252,True,6,17.0,17.0,3,False,False,True
2471575,K24,HK261,True,6,18.0,0.0,5,False,False,False
2471743,K24,HK241,True,6,16.0,16.0,3,False,False,True
2471743,K24,HK242,True,8,17.0,17.0,4,False,False,True
2471743,K24,HK251,True,5,16.0,16.0,4,False,False,True
2471743,K24,HK252,True,6,17.0,17.0,6,False,False,True
2471743,K24,HK261,True,6,18.0,0.0,6,False,False,False
2471808,K24,HK241,True,6,16.0,16.0,2,False,False,True
2471808,K24,HK242,True,8,17.0,17.0,4,False,False,True
2471808,K24,HK251,True,5,16.0,16.0,5,False,False,True
2471808,K24,HK252,True,6,17.0,17.0,5,False,False,True
2471808,K24,HK261,True,6,18.0,0.0,8,False,False,False
2471873,K24,HK241,True,6,16.0,16.0,2,True,False,True
2471873,K24,HK242,True,8,17.0,17.0,3,True,False,True
2471873,K24,HK251,True,6,19.0,19.0,4,True,False,True
2471873,K24,HK252,True,6,17.0,17.0,6,True,False,True
2471873,K24,HK261,True,6,18.0,0.0,9,True,False,False
2472106,K24,HK241,True,6,16.0,16.0,5,True,False,True
2472106,K24,HK242,True,8,17.0,17.0,11,True,False,True
2472106,K24,HK251,True,6,19.0,19.0,11,True,False,True
2472106,K24,HK252,True,6,17.0,17.0,13,True,False,True
2472106,K24,HK261,True,6,18.0,0.0,15,True,True,False
2472171,K24,HK241,True,6,16.0,16.0,1,True,False,True
2472171,K24,HK242,True,8,17.0,17.0,4,True,False,True
2472171,K24,HK251,True,5,16.0,16.0,6,True,False,True
2472171,K24,HK252,True,6,17.0,17.0,7,True,False,True
2472171,K24,HK261,True,6,18.0,0.0,10,True,False,False
2472236,K24,HK241,True,6,16.0,16.0,3,False,False,True
2472236,K24,HK242,True,8,17.0,17.0,4,False,False,True
2472236,K24,HK251,True,5,16.0,16.0,7,False,False,True
2472236,K24,HK252,True,6,17.0,17.0,7,False,False,True
2472236,K24,HK261,True,6,18.0,0.0,8,False,False,False
2472469,K24,HK241,True,6,16.0,16.0,1,True,False,True
2472469,K24,HK242,True,8,17.0,17.0,2,True,False,True
2472469,K24,HK251,True,5,16.0,16.0,5,True,False,True
2472469,K24,HK252,True,6,17.0,17.0,7,True,False,True
2472469,K24,HK261,True,6,18.0,0.0,10,True,False,False
2472534,K24,HK241,True,6,16.0,16.0,3,False,False,True
2472534,K24,HK242,True,8,17.0,17.0,4,False,False,True
2472534,K24,HK251,True,5,16.0,16.0,7,False,False,True
2472534,K24,HK252,True,6,17.0,17.0,10,False,False,True
2472534,K24,HK261,True,6,18.0,0.0,15,False,False,False
2472599,K24,HK241,True,6,16.0,16.0,0,True,False,True
2472599,K24,HK242,True,8,17.0,17.0,2,True,False,True
2472599,K24,HK251,True,5,16.0,16.0,4,True,False,True
2472599,K24,HK252,True,6,17.0,17.0,5,True,False,True
2472599,K24,HK261,True,6,18.0,0.0,9,True,False,False
2472767,K24,HK241,True,6,16.0,16.0,1,False,False,True
2472767,K24,HK242,True,8,17.0,17.0,1,False,False,True
2472767,K24,HK251,True,6,19.0,19.0,2,False,False,True
2472767,K24,HK252,True,6,17.0,17.0,4,False,False,True
2472767,K24,HK261,True,6,18.0,0.0,5,False,False,False
2472832,K24,HK241,True,6,16.0,16.0,1,False,False,True
2472832,K24,HK242,True,8,17.0,17.0,5,False,False,True
2472832,K24,HK251,True,5,16.0,16.0,6,False,False,True
2472832,K24,HK252,True,6,17.0,17.0,6,False,False,True
2472832,K24,HK261,True,6,18.0,0.0,7,False,False,False
2472897,K24,HK241,True,6,16.0,16.0,1,False,False,True
2472897,K24,HK242,True,8,17.0,17.0,4,False,False,True
2472897,K24,HK251,True,5,16.0,16.0,5,False,False,True
2472897,K24,HK252,True,6,17.0,17.0,7,False,False,True
2472897,K24,HK261,True,6,18.0,0.0,8,False,False,False
2473130,K24,HK241,True,6,16.0,16.0,3,True,False,True
2473130,K24,HK242,True,8,17.0,17.0,3,True,False,True
2473130,K24,HK251,True,5,16.0,16.0,6,True,False,True
2473130,K24,HK252,True,6,17.0,17.0,6,True,False,True
2473130,K24,HK261,True,6,18.0,0.0,11,True,False,False
2473195,K24,HK241,True,6,16.0,16.0,5,False,False,True
2473260,K24,HK241,True,6,16.0,16.0,4,True,False,True
2473260,K24,HK242,True,8,17.0,17.0,4,True,False,True
2473260,K24,HK251,True,6,19.0,19.0,7,True,False,True
2473260,K24,HK252,True,6,17.0,17.0,9,True,False,True
2473260,K24,HK261,True,6,18.0,0.0,12,True,False,False
2473493,K24,HK241,True,6,16.0,16.0,6,False,False,True
2473493,K24,HK242,True,8,17.0,17.0,7,False,False,True
2473493,K24,HK251,True,5,16.0,16.0,10,False,False,True
2473493,K24,HK252,True,6,17.0,17.0,12,False,False,True
2473493,K24,HK261,True,6,18.0,0.0,12,False,False,False
2473558,K24,HK241,True,6,16.0,16.0,1,True,False,True
2473558,K24,HK242,True,8,17.0,17.0,1,True,False,True
2473558,K24,HK251,True,6,19.0,19.0,1,True,False,True
2473558,K24,HK252,True,6,17.0,17.0,3,True,False,True
2473558,K24,HK261,True,6,18.0,0.0,3,True,False,False
2473791,K24,HK241,True,6,16.0,16.0,0,False,False,True
2473791,K24,HK242,True,8,17.0,17.0,1,False,False,True
2473791,K24,HK251,True,6,19.0,19.0,3,False,False,True
2473791,K24,HK252,True,6,17.0,17.0,6,False,False,True
2473791,K24,HK261,True,6,18.0,0.0,8,False,False,False
2473856,K24,HK241,True,6,16.0,16.0,4,False,False,True
2473856,K24,HK242,True,8,17.0,17.0,7,False,False,True
2473856,K24,HK251,True,6,19.0,19.0,9,False,False,True
2473856,K24,HK252,True,6,17.0,17.0,13,False,False,True
2473856,K24,HK261,True,6,18.0,0.0,16,False,False,False
2473921,K24,HK241,True,6,16.0,16.0,1,True,False,True
2473921,K24,HK242,True,8,17.0,17.0,4,True,False,True
2473921,K24,HK251,True,6,19.0,19.0,7,True,False,True
2473921,K24,HK252,True,6,17.0,17.0,8,True,False,True
2473921,K24,HK261,True,6,18.0,0.0,10,True,False,False
2474154,K24,HK241,True,6,16.0,16.0,0,False,False,True
2474154,K24,HK242,True,8,17.0,17.0,0,False,False,True
2474154,K24,HK251,True,5,16.0,16.0,1,False,False,True
2474154,K24,HK252,True,6,17.0,17.0,2,False,False,True
2474154,K24,HK261,True,6,18.0,0.0,4,False,False,False
2474219,K24,HK241,True,6,16.0,16.0,1,True,False,True
2474219,K24,HK242,True,8,17.0,17.0,4,True,False,True
2474219,K24,HK251,True,5,16.0,16.0,5,True,False,True
2474219,K24,HK252,True,6,17.0,17.0,7,True,False,True
2474219,K24,HK261,True,6,18.0,0.0,7,True,False,False
2474284,K24,HK241,True,6,16.0,10.0,3,True,False,True
2474284,K24,HK242,True,9,22.0,22.0,4,True,False,True
2474284,K24,HK251,True,7,19.0,16.0,4,True,False,True
2474284,K24,HK252,True,7,17.0,17.0,8,True,False,True
2474284,K24,HK261,True,6,18.0,0.0,12,True,False,False
2474452,K24,HK241,True,6,16.0,16.0,1,True,False,True
2474452,K24,HK242,True,8,17.0,17.0,1,True,False,True
2474452,K24,HK251,True,5,16.0,16.0,4,True,False,True
2474452,K24,HK252,True,6,17.0,17.0,5,True,False,True
2474452,K24,HK261,True,6,18.0,0.0,6,True,False,False
2474517,K24,HK241,True,6,16.0,16.0,0,False,False,True
2474517,K24,HK242,True,8,17.0,17.0,3,False,False,True
2474517,K24,HK251,True,6,19.0,19.0,7,False,False,True
2474517,K24,HK252,True,6,17.0,17.0,7,False,False,True
2474517,K24,HK261,True,6,18.0,0.0,10,False,False,False
2474582,K24,HK241,True,6,16.0,16.0,1,False,False,True
2474582,K24,HK242,True,8,17.0,17.0,1,False,False,True
2474582,K24,HK251,True,5,16.0,16.0,3,False,False,True
2474582,K24,HK252,True,6,17.0,17.0,5,False,False,True
2474582,K24,HK261,True,6,18.0,0.0,8,False,False,False
2474815,K24,HK241,True,6,16.0,16.0,1,True,False,True
2474815,K24,HK242,True,8,17.0,17.0,3,True,False,True
2474815,K24,HK251,True,5,16.0,16.0,3,True,False,True
2474815,K24,HK252,True,6,17.0,17.0,5,True,False,True
2474815,K24,HK261,True,6,18.0,0.0,6,True,False,False
2474880,K24,HK241,True,6,16.0,16.0,2,True,False,True
2474880,K24,HK242,True,8,17.0,17.0,2,True,False,True
2474880,K24,HK251,True,6,19.0,19.0,3,True,False,True
2474880,K24,HK252,True,6,17.0,17.0,3,True,False,True
2474880,K24,HK261,True,6,18.0,0.0,3,True,False,False
2474945,K24,HK241,True,6,16.0,16.0,4,True,False,True
2474945,K24,HK242,True,9,20.0,20.0,7,True,False,True
2474945,K24,HK251,True,6,19.0,19.0,7,True,False,True
2474945,K24,HK252,True,7,20.0,20.0,8,True,False,True
2474945,K24,HK261,True,6,18.0,0.0,11,True,False,False
2475178,K24,HK241,True,6,16.0,16.0,2,True,False,True
2475178,K24,HK242,True,8,17.0,17.0,3,True,False,True
2475178,K24,HK251,True,5,16.0,16.0,4,True,False,True
2475178,K24,HK252,True,6,17.0,17.0,7,True,False,True
2475178,K24,HK261,True,6,18.0,0.0,8,True,False,False
2475243,K24,HK241,True,6,16.0,16.0,0,True,False,True
2475243,K24,HK242,True,8,17.0,17.0,1,True,False,True
2475243,K24,HK251,True,5,16.0,16.0,3,True,False,True
2475243,K24,HK252,True,6,17.0,17.0,5,True,False,True
2475243,K24,HK261,True,6,18.0,0.0,6,True,False,False
2475308,K24,HK241,True,6,16.0,16.0,3,True,False,True
2475308,K24,HK242,True,8,17.0,17.0,5,True,False,True
2475308,K24,HK251,True,5,16.0,16.0,7,True,False,True
2475308,K24,HK252,True,6,17.0,17.0,7,True,False,True
2475308,K24,HK261,True,6,18.0,0.0,8,True,False,False
2475476,K24,HK241,True,6,16.0,16.0,1,False,False,True
2475476,K24,HK242,True,8,17.0,17.0,2,False,False,True
2475476,K24,HK251,True,5,16.0,16.0,2,False,False,True
2475476,K24,HK252,True,6,17.0,17.0,2,False,False,True
2475476,K24,HK261,True,6,18.0,0.0,5,False,False,False
2475541,K24,HK241,True,6,16.0,16.0,1,True,False,True
2475541,K24,HK242,True,8,17.0,17.0,1,True,False,True
2475541,K24,HK251,True,5,16.0,16.0,2,True,False,True
2475541,K24,HK252,True,6,17.0,17.0,5,True,False,True
2475541,K24,HK261,True,6,18.0,0.0,8,True,False,False
2475606,K24,HK241,True,6,16.0,16.0,3,True,False,True
2475606,K24,HK242,True,8,17.0,17.0,5,True,False,True
2475606,K24,HK251,True,5,16.0,16.0,5,True,False,True
2475606,K24,HK252,True,6,17.0,17.0,8,True,False,True
2475606,K24,HK261,True,6,18.0,0.0,9,True,False,False
2475839,K24,HK241,True,6,16.0,16.0,2,True,False,True
2475839,K24,HK242,True,8,17.0,17.0,4,True,False,True
2475839,K24,HK251,True,6,19.0,19.0,5,True,False,True
2475839,K24,HK252,True,6,17.0,17.0,6,True,False,True
2475839,K24,HK261,True,6,18.0,0.0,6,True,False,False
2475904,K24,HK241,True,6,16.0,16.0,1,True,False,True
2475904,K24,HK242,True,8,17.0,17.0,1,True,False,True
2475904,K24,HK251,True,5,16.0,16.0,2,True,False,True
2475904,K24,HK252,True,6,17.0,17.0,5,True,False,True
2475904,K24,HK261,True,6,18.0,0.0,5,True,False,False
2475969,K24,HK241,True,6,16.0,11.0,1,True,False,True
2475969,K24,HK242,True,9,20.0,9.0,5,True,False,True
2475969,K24,HK251,True,7,21.0,10.0,6,True,False,True
2475969,K24,HK252,True,7,19.0,15.0,8,True,False,True
2475969,K24,HK261,True,7,19.0,0.0,9,True,False,False
2476202,K24,HK241,True,6,16.0,16.0,2,False,False,True
2476202,K24,HK242,True,8,17.0,17.0,3,False,False,True
2476202,K24,HK251,True,5,16.0,16.0,6,False,False,True
2476202,K24,HK252,True,6,17.0,17.0,6,False,False,True
2476202,K24,HK261,True,6,18.0,0.0,8,False,False,False
2476267,K24,HK241,True,6,16.0,16.0,1,True,False,True
2476267,K24,HK242,True,8,17.0,17.0,4,True,False,True
2476267,K24,HK251,True,6,19.0,19.0,6,True,False,True
2476267,K24,HK252,True,6,17.0,17.0,8,True,False,True
2476267,K24,HK261,True,6,18.0,0.0,11,True,False,False
2476500,K24,HK241,True,6,16.0,16.0,0,False,False,True
2476500,K24,HK242,True,8,17.0,17.0,2,False,False,True
2476500,K24,HK251,True,5,16.0,16.0,4,False,False,True
2476500,K24,HK252,True,6,17.0,17.0,6,False,False,True
2476500,K24,HK261,True,6,18.0,0.0,6,False,False,False
2476565,K24,HK241,True,6,16.0,16.0,2,False,False,True
2476565,K24,HK242,True,8,17.0,16.0,3,False,False,True
2476565,K24,HK251,True,6,17.0,17.0,3,False,False,True
2476565,K24,HK252,True,6,17.0,17.0,3,False,False,True
2476565,K24,HK261,True,6,18.0,0.0,5,False,False,False
2476630,K24,HK241,True,6,16.0,16.0,0,False,False,True
2476630,K24,HK242,True,8,17.0,17.0,1,False,False,True
2476630,K24,HK251,True,5,16.0,16.0,1,False,False,True
2476630,K24,HK252,True,6,17.0,17.0,1,False,False,True
2476630,K24,HK261,True,6,18.0,0.0,3,False,False,False
2476863,K24,HK241,True,6,16.0,16.0,1,True,False,True
2476863,K24,HK242,True,8,17.0,17.0,7,True,False,True
2476863,K24,HK251,True,5,16.0,16.0,10,True,False,True
2476863,K24,HK252,True,6,17.0,17.0,11,True,False,True
2476863,K24,HK261,True,6,18.0,0.0,12,True,False,False
2476928,K24,HK241,True,6,16.0,16.0,1,True,False,True
2476928,K24,HK242,True,8,17.0,17.0,5,True,False,True
2476928,K24,HK251,True,5,16.0,16.0,7,True,False,True
2476928,K24,HK252,True,6,17.0,17.0,9,True,False,True
2476928,K24,HK261,True,6,18.0,0.0,10,True,False,False
2476993,K24,HK241,True,6,16.0,16.0,5,False,False,True
2476993,K24,HK242,True,8,17.0,17.0,6,False,False,True
2476993,K24,HK251,True,5,16.0,16.0,7,False,False,True
2476993,K24,HK252,True,6,17.0,17.0,8,False,False,True
2476993,K24,HK261,True,6,18.0,0.0,9,False,False,False
2477161,K24,HK241,True,6,16.0,16.0,2,True,False,True
2477161,K24,HK242,True,8,17.0,17.0,4,True,False,True
2477161,K24,HK251,True,5,16.0,16.0,5,True,False,True
2477161,K24,HK252,True,6,17.0,17.0,6,True,False,True
2477161,K24,HK261,True,6,18.0,0.0,6,True,False,False
2477226,K24,HK241,True,6,16.0,16.0,1,True,False,True
2477226,K24,HK242,True,8,17.0,17.0,3,True,False,True
2477226,K24,HK251,True,5,16.0,16.0,4,True,False,True
2477226,K24,HK252,True,6,17.0,17.0,7,True,False,True
2477226,K24,HK261,True,6,18.0,0.0,7,True,False,False
2477291,K24,HK241,True,6,16.0,16.0,0,True,False,True
2477291,K24,HK242,True,8,17.0,17.0,2,True,False,True
2477291,K24,HK251,True,5,16.0,16.0,4,True,False,True
2477291,K24,HK252,True,6,17.0,17.0,5,True,False,True
2477291,K24,HK261,True,6,18.0,0.0,7,True,False,False
2477524,K24,HK241,True,6,16.0,16.0,0,True,False,True
2477524,K24,HK242,True,8,17.0,17.0,2,True,False,True
2477524,K24,HK251,True,6,19.0,19.0,4,True,False,True
2477524,K24,HK252,True,6,17.0,17.0,5,True,False,True
2477524,K24,HK261,True,6,18.0,0.0,9,True,False,False
2477589,K24,HK241,True,6,16.0,16.0,1,False,False,True
2477589,K24,HK242,True,8,17.0,17.0,4,False,False,True
2477589,K24,HK251,True,5,16.0,16.0,10,False,False,True
2477589,K24,HK252,True,6,17.0,17.0,11,False,False,True
2477589,K24,HK261,True,6,18.0,0.0,13,False,False,False
2477654,K24,HK241,True,6,16.0,16.0,1,False,False,True
2477654,K24,HK242,True,8,17.0,17.0,2,False,False,True
2477654,K24,HK251,True,5,16.0,16.0,3,False,False,True
2477654,K24,HK252,True,6,17.0,17.0,6,False,False,True
2477654,K24,HK261,True,6,18.0,0.0,9,False,False,False
2477887,K24,HK241,True,6,16.0,16.0,1,True,False,True
2477887,K24,HK242,True,8,17.0,17.0,3,True,False,True
2477887,K24,HK251,True,5,16.0,16.0,5,True,False,True
2477887,K24,HK252,True,6,17.0,17.0,7,True,False,True
2477887,K24,HK261,True,6,18.0,0.0,8,True,False,False
2477952,K24,HK241,True,6,16.0,16.0,3,False,False,True
2477952,K24,HK242,True,8,17.0,17.0,6,False,False,True
2477952,K24,HK251,True,5,16.0,16.0,8,False,False,True
2477952,K24,HK252,True,6,17.0,17.0,9,False,False,True
2477952,K24,HK261,True,6,18.0,0.0,10,False,False,False
2478017,K24,HK241,True,6,16.0,16.0,4,True,False,True
2478017,K24,HK242,True,8,17.0,17.0,5,True,False,True
2478017,K24,HK251,True,5,16.0,16.0,6,True,False,True
2478017,K24,HK252,True,6,17.0,17.0,7,True,False,True
2478017,K24,HK261,True,6,18.0,0.0,11,True,False,False
2478185,K24,HK241,True,6,16.0,16.0,3,True,False,True
2478185,K24,HK242,True,8,17.0,17.0,7,True,False,True
2478185,K24,HK251,True,6,19.0,19.0,10,True,False,True
2478185,K24,HK252,True,6,17.0,17.0,11,True,False,True
2478185,K24,HK261,True,6,18.0,0.0,14,True,False,False
2478250,K24,HK241,True,6,16.0,16.0,2,True,False,True
2478250,K24,HK242,True,8,17.0,17.0,3,True,False,True
2478250,K24,HK251,True,5,16.0,16.0,5,True,False,True
2478250,K24,HK252,True,6,17.0,17.0,5,True,False,True
2478250,K24,HK261,True,6,18.0,0.0,7,True,False,False
2478315,K24,HK241,True,6,16.0,16.0,3,True,False,True
2478315,K24,HK242,True,8,17.0,17.0,5,True,False,True
2478315,K24,HK251,True,5,16.0,16.0,6,True,False,True
2478315,K24,HK252,True,6,17.0,17.0,7,True,False,True
2478315,K24,HK261,True,6,18.0,0.0,8,True,False,False
2478548,K24,HK241,True,6,16.0,16.0,0,True,False,True
2478548,K24,HK242,True,8,17.0,17.0,2,True,False,True
2478548,K24,HK251,True,6,19.0,19.0,3,True,False,True
2478548,K24,HK252,True,6,17.0,17.0,3,True,False,True
2478548,K24,HK261,True,6,18.0,0.0,5,True,False,False
2478613,K24,HK241,True,6,16.0,16.0,0,True,False,True
2478613,K24,HK242,True,8,17.0,17.0,2,True,False,True
2478613,K24,HK251,True,6,19.0,19.0,6,True,False,True
2478613,K24,HK252,True,6,17.0,17.0,9,True,False,True
2478613,K24,HK261,True,6,18.0,0.0,11,True,False,False
2478678,K24,HK241,True,6,16.0,16.0,1,True,False,True
2478678,K24,HK242,True,8,17.0,17.0,5,True,False,True
2478678,K24,HK251,True,5,16.0,16.0,7,True,False,True
2478678,K24,HK252,True,6,17.0,17.0,7,True,False,True
2478678,K24,HK261,True,6,18.0,0.0,7,True,False,False
2478911,K24,HK241,True,6,16.0,16.0,1,False,False,True
2478911,K24,HK242,True,8,17.0,17.0,3,False,False,True
2478911,K24,HK251,True,5,16.0,16.0,5,False,False,True
2478911,K24,HK252,True,6,17.0,17.0,11,False,False,True
2478911,K24,HK261,True,6,18.0,0.0,14,False,False,False
2478976,K24,HK241,True,6,16.0,16.0,3,False,False,True
2478976,K24,HK242,True,8,17.0,17.0,7,False,False,True
2478976,K24,HK251,True,5,16.0,16.0,9,False,False,True
2478976,K24,HK252,True,6,17.0,17.0,12,False,False,True
2478976,K24,HK261,True,6,18.0,0.0,14,False,False,False
2479041,K24,HK241,True,6,16.0,16.0,1,True,False,True
2479041,K24,HK242,True,8,17.0,17.0,3,True,False,True
2479041,K24,HK251,True,5,16.0,16.0,3,True,False,True
2479041,K24,HK252,True,6,17.0,17.0,4,True,False,True
2479041,K24,HK261,True,6,18.0,0.0,6,True,False,False
2479209,K24,HK241,True,6,16.0,16.0,3,True,False,True
2479209,K24,HK242,True,8,17.0,17.0,6,True,False,True
2479209,K24,HK251,True,6,19.0,19.0,8,True,False,True
2479209,K24,HK252,True,6,17.0,17.0,12,True,False,True
2479209,K24,HK261,True,6,18.0,0.0,14,True,True,False
2479274,K24,HK241,True,6,16.0,16.0,3,False,False,True
2479274,K24,HK242,True,8,17.0,17.0,3,False,False,True
2479274,K24,HK251,True,5,16.0,16.0,9,False,False,True
2479274,K24,HK252,True,6,17.0,17.0,12,False,False,True
2479274,K24,HK261,True,6,18.0,0.0,16,False,False,False
2479339,K24,HK241,True,6,16.0,16.0,1,False,False,True
2479339,K24,HK242,True,8,17.0,17.0,4,False,False,True
2479339,K24,HK251,True,5,16.0,16.0,6,False,False,True
2479339,K24,HK252,True,6,17.0,17.0,9,False,False,True
2479339,K24,HK261,True,6,18.0,0.0,10,False,False,False
2479572,K24,HK241,True,6,16.0,16.0,1,False,False,True
2479572,K24,HK242,True,8,17.0,17.0,7,False,False,True
2479572,K24,HK251,True,6,19.0,19.0,11,False,False,True
2479572,K24,HK252,True,6,17.0,17.0,12,False,False,True
2479572,K24,HK261,True,6,18.0,0.0,12,False,False,False
2479637,K24,HK241,True,6,16.0,16.0,3,True,False,True
2479637,K24,HK242,True,8,17.0,17.0,7,True,False,True
2479637,K24,HK251,True,5,16.0,16.0,7,True,False,True
2479637,K24,HK252,True,6,17.0,17.0,10,True,False,True
2479637,K24,HK261,True,6,18.0,0.0,10,True,False,False
2479702,K24,HK241,True,6,16.0,16.0,1,True,False,True
2479702,K24,HK242,True,8,17.0,17.0,2,True,False,True
2479702,K24,HK251,True,5,16.0,16.0,4,True,False,True
2479702,K24,HK252,True,6,17.0,17.0,4,True,False,True
2479702,K24,HK261,True,6,18.0,0.0,7,True,False,False
2479935,K24,HK241,True,6,16.0,16.0,4,False,False,True
2479935,K24,HK242,True,8,17.0,17.0,4,False,False,True
2479935,K24,HK251,True,6,19.0,19.0,10,False,False,True
2479935,K24,HK252,True,6,17.0,17.0,12,False,False,True
2479935,K24,HK261,True,6,18.0,0.0,18,False,False,False
2480000,K24,HK241,True,6,16.0,16.0,1,True,False,True
2480000,K24,HK242,True,8,17.0,17.0,3,True,False,True
2480000,K24,HK251,True,5,16.0,16.0,4,True,False,True
2480000,K24,HK252,True,6,17.0,17.0,6,True,False,True
2480000,K24,HK261,True,6,18.0,0.0,8,True,False,False
2480233,K24,HK241,True,6,16.0,16.0,3,True,False,True
2480233,K24,HK242,True,8,17.0,17.0,5,True,False,True
2480233,K24,HK251,True,5,16.0,16.0,5,True,False,True
2480233,K24,HK252,True,6,17.0,17.0,6,True,False,True
2480233,K24,HK261,True,6,18.0,0.0,7,True,False,False
2480298,K24,HK241,True,6,16.0,16.0,3,True,False,True
2480298,K24,HK242,True,8,17.0,17.0,7,True,False,True
2480298,K24,HK251,True,5,16.0,16.0,7,True,False,True
2480298,K24,HK252,True,6,17.0,17.0,7,True,False,True
2480298,K24,HK261,True,6,18.0,0.0,9,True,False,False
2480363,K24,HK241,True,6,16.0,16.0,4,False,False,True
2480363,K24,HK242,True,8,17.0,17.0,4,False,False,True
2480363,K24,HK251,True,6,19.0,19.0,6,False,False,True
2480363,K24,HK252,True,6,17.0,17.0,6,False,False,True
2480363,K24,HK261,True,6,18.0,0.0,7,False,False,False
2480596,K24,HK241,True,6,16.0,11.0,3,True,False,True
2480596,K24,HK242,True,9,20.0,7.0,4,True,False,True
2480596,K24,HK251,True,6,20.0,7.0,6,True,False,True
2480661,K24,HK241,True,6,16.0,4.0,0,False,False,True
2480661,K24,HK242,True,10,22.0,3.0,1,False,False,True
2480726,K24,HK241,True,6,16.0,16.0,3,True,False,True
2480726,K24,HK242,True,8,17.0,17.0,4,True,False,True
2480726,K24,HK251,True,6,19.0,19.0,5,True,False,True
2480726,K24,HK252,True,6,17.0,17.0,10,True,False,True
2480726,K24,HK261,True,6,18.0,0.0,13,True,False,False
2480894,K24,HK241,True,6,16.0,16.0,2,False,False,True
2480894,K24,HK242,True,8,17.0,17.0,3,False,False,True
2480894,K24,HK251,True,5,16.0,16.0,6,False,False,True
2480894,K24,HK252,True,6,17.0,17.0,7,False,False,True
2480894,K24,HK261,True,6,18.0,0.0,8,False,False,False
2480959,K24,HK241,True,6,16.0,16.0,1,False,False,True
2480959,K24,HK242,True,8,17.0,17.0,3,False,False,True
2480959,K24,HK251,True,6,19.0,19.0,4,False,False,True
2480959,K24,HK252,True,6,17.0,17.0,5,False,False,True
2480959,K24,HK261,True,6,18.0,0.0,5,False,False,False
2481024,K24,HK241,True,6,16.0,16.0,3,True,False,True
2481024,K24,HK242,True,8,17.0,17.0,5,True,False,True
2481024,K24,HK251,True,6,19.0,19.0,9,True,False,True
2481024,K24,HK252,True,6,17.0,17.0,13,True,False,True
2481024,K24,HK261,True,6,18.0,0.0,16,True,True,False
2481257,K24,HK241,True,6,16.0,16.0,3,True,False,True
2481257,K24,HK242,True,8,17.0,17.0,4,True,False,True
2481257,K24,HK251,True,5,16.0,16.0,5,True,False,True
2481257,K24,HK252,True,6,17.0,17.0,6,True,False,True
2481257,K24,HK261,True,6,18.0,0.0,8,True,False,False
2481322,K24,HK241,True,6,16.0,16.0,1,True,False,True
2481322,K24,HK242,True,8,17.0,17.0,6,True,False,True
2481322,K24,HK251,True,6,19.0,19.0,7,True,False,True
2481322,K24,HK252,True,6,17.0,17.0,9,True,False,True
2481322,K24,HK261,True,6,18.0,0.0,11,True,False,False
2481387,K24,HK241,True,6,16.0,16.0,2,False,False,True
2481387,K24,HK242,True,8,17.0,17.0,3,False,False,True
2481387,K24,HK251,True,6,19.0,19.0,3,False,False,True
2481387,K24,HK252,True,6,17.0,17.0,5,False,False,True
2481387,K24,HK261,True,6,18.0,0.0,7,False,False,False
2481620,K24,HK241,True,6,16.0,13.0,0,False,False,True
2481620,K24,HK242,True,9,20.0,20.0,1,False,False,True
2481620,K24,HK251,True,5,16.0,16.0,2,False,False,True
2481620,K24,HK252,True,6,17.0,17.0,2,False,False,True
2481620,K24,HK261,True,6,18.0,0.0,6,False,False,False
2481685,K24,HK241,True,6,16.0,16.0,3,True,False,True
2481685,K24,HK242,True,8,17.0,17.0,6,True,False,True
2481685,K24,HK251,True,6,19.0,19.0,7,True,False,True
2481685,K24,HK252,True,6,17.0,17.0,8,True,False,True
2481685,K24,HK261,True,6,18.0,0.0,10,True,False,False
2481750,K24,HK241,True,6,16.0,16.0,3,True,False,True
2481750,K24,HK242,True,8,17.0,17.0,4,True,False,True
2481750,K24,HK251,True,5,16.0,16.0,9,True,False,True
2481750,K24,HK252,True,6,17.0,17.0,10,True,False,True
2481750,K24,HK261,True,6,18.0,0.0,13,True,False,False
2481918,K24,HK241,True,6,16.0,16.0,1,True,False,True
2481918,K24,HK242,True,8,17.0,17.0,2,True,False,True
2481918,K24,HK251,True,5,16.0,16.0,4,True,False,True
2481918,K24,HK252,True,6,17.0,17.0,7,True,False,True
2481918,K24,HK261,True,6,18.0,0.0,8,True,False,False
2481983,K24,HK241,True,6,16.0,16.0,2,False,False,True
2481983,K24,HK242,True,9,20.0,20.0,2,False,False,True
2481983,K24,HK251,True,6,19.0,19.0,5,False,False,True
2481983,K24,HK252,True,7,20.0,20.0,6,False,False,True
2481983,K24,HK261,True,6,18.0,0.0,9,False,False,False
2482048,K24,HK241,True,6,16.0,16.0,2,True,False,True
2482048,K24,HK242,True,9,20.0,20.0,4,True,False,True
2482048,K24,HK251,True,6,19.0,19.0,8,True,False,True
2482048,K24,HK252,True,7,20.0,20.0,9,True,False,True
2482048,K24,HK261,True,6,18.0,0.0,12,True,False,False
2482281,K24,HK241,True,6,16.0,16.0,1,True,False,True
2482281,K24,HK242,True,8,17.0,17.0,1,True,False,True
2482281,K24,HK251,True,5,16.0,16.0,2,True,False,True
2482281,K24,HK252,True,6,17.0,17.0,2,True,False,True
2482281,K24,HK261,True,6,18.0,0.0,4,True,False,False
2482346,K24,HK241,True,6,16.0,16.0,4,False,False,True
2482346,K24,HK242,True,8,17.0,17.0,5,False,False,True
2482346,K24,HK251,True,5,16.0,16.0,9,False,False,True
2482346,K24,HK252,True,6,17.0,17.0,10,False,False,True
2482346,K24,HK261,True,6,18.0,0.0,11,False,False,False
2482411,K24,HK241,True,6,16.0,16.0,0,False,False,True
2482411,K24,HK242,True,8,17.0,17.0,4,False,False,True
2482411,K24,HK251,True,5,16.0,16.0,6,False,False,True
2482411,K24,HK252,True,6,17.0,17.0,8,False,False,True
2482411,K24,HK261,True,6,18.0,0.0,9,False,False,False
2482644,K24,HK241,True,6,16.0,16.0,0,True,False,True
2482644,K24,HK242,True,9,20.0,20.0,2,True,False,True
2482644,K24,HK251,True,6,19.0,19.0,2,True,False,True
2482644,K24,HK252,True,7,20.0,20.0,3,True,False,True
2482644,K24,HK261,True,6,18.0,0.0,4,True,False,False
2482709,K24,HK241,True,6,16.0,16.0,2,False,False,True
2482709,K24,HK242,True,8,17.0,17.0,5,False,False,True
2482709,K24,HK251,True,5,16.0,16.0,9,False,False,True
2482709,K24,HK252,True,6,17.0,17.0,10,False,False,True
2482709,K24,HK261,True,6,18.0,0.0,14,False,False,False
2482942,K24,HK241,True,6,16.0,16.0,5,False,False,True
2482942,K24,HK242,True,8,17.0,17.0,6,False,False,True
2482942,K24,HK251,True,5,16.0,16.0,10,False,False,True
2482942,K24,HK252,True,6,17.0,17.0,11,False,False,True
2482942,K24,HK261,True,6,18.0,0.0,14,False,False,False
2483007,K24,HK241,True,6,16.0,16.0,3,True,False,True
2483007,K24,HK242,True,8,17.0,17.0,7,True,False,True
2483007,K24,HK251,True,5,16.0,16.0,8,True,False,True
2483007,K24,HK252,True,6,17.0,17.0,10,True,False,True
2483007,K24,HK261,True,6,18.0,0.0,12,True,False,False
2483072,K24,HK241,True,6,16.0,16.0,1,False,False,True
2483072,K24,HK242,True,8,17.0,17.0,3,False,False,True
2483072,K24,HK251,True,5,16.0,14.0,3,False,False,True
2483072,K24,HK252,True,6,17.0,17.0,5,False,False,True
2483072,K24,HK261,True,6,18.0,0.0,6,False,False,False
2483305,K24,HK241,True,6,16.0,16.0,3,True,False,True
2483305,K24,HK242,True,8,17.0,17.0,5,True,False,True
2483305,K24,HK251,True,5,16.0,16.0,6,True,False,True
2483305,K24,HK252,True,6,17.0,17.0,7,True,False,True
2483305,K24,HK261,True,6,18.0,0.0,9,True,False,False
2483370,K24,HK241,True,6,16.0,16.0,2,True,False,True
2483370,K24,HK242,True,8,17.0,17.0,6,True,False,True
2483370,K24,HK251,True,5,16.0,16.0,9,True,False,True
2483370,K24,HK252,True,6,17.0,17.0,13,True,False,True
2483370,K24,HK261,True,6,18.0,0.0,14,True,True,False
2483435,K24,HK241,True,6,16.0,16.0,1,True,False,True
2483435,K24,HK242,True,8,17.0,17.0,3,True,False,True
2483435,K24,HK251,True,5,16.0,16.0,6,True,False,True
2483435,K24,HK252,True,6,17.0,17.0,8,True,False,True
2483435,K24,HK261,True,6,18.0,0.0,11,True,False,False
2483603,K24,HK241,True,6,16.0,16.0,0,True,False,True
2483603,K24,HK242,True,8,17.0,17.0,6,True,False,True
2483603,K24,HK251,True,5,16.0,16.0,7,True,False,True
2483603,K24,HK252,True,6,17.0,17.0,8,True,False,True
2483603,K24,HK261,True,6,18.0,0.0,10,True,False,False
2483668,K24,HK241,True,6,16.0,16.0,4,False,False,True
2483668,K24,HK242,True,8,17.0,17.0,5,False,False,True
2483668,K24,HK251,True,5,16.0,16.0,8,False,False,True
2483668,K24,HK252,True,6,17.0,17.0,10,False,False,True
2483668,K24,HK261,True,6,18.0,0.0,12,False,False,False
2483733,K24,HK241,True,6,16.0,16.0,2,True,False,True
2483733,K24,HK242,True,8,17.0,17.0,4,True,False,True
2483733,K24,HK251,True,5,16.0,16.0,6,True,False,True
2483733,K24,HK252,True,6,17.0,17.0,7,True,False,True
2483733,K24,HK261,True,6,18.0,0.0,7,True,False,False
2483966,K24,HK241,True,6,16.0,16.0,0,False,False,True
2483966,K24,HK242,True,8,17.0,17.0,4,False,False,True
2483966,K24,HK251,True,6,19.0,19.0,6,False,False,True
2483966,K24,HK252,True,6,17.0,17.0,7,False,False,True
2483966,K24,HK261,True,6,18.0,0.0,7,False,False,False
2484031,K24,HK241,True,6,16.0,16.0,1,False,False,True
2484031,K24,HK242,True,8,17.0,17.0,5,False,False,True
2484031,K24,HK251,True,6,19.0,19.0,5,False,False,True
2484031,K24,HK252,True,6,17.0,17.0,6,False,False,True
2484031,K24,HK261,True,6,18.0,0.0,7,False,False,False
2484096,K24,HK241,True,6,16.0,16.0,4,True,False,True
2484096,K24,HK242,True,8,17.0,17.0,5,True,False,True
2484096,K24,HK251,True,5,16.0,16.0,6,True,False,True
2484096,K24,HK252,True,6,17.0,17.0,9,True,False,True
2484096,K24,HK261,True,6,18.0,0.0,9,True,False,False
2484329,K24,HK241,True,6,16.0,16.0,1,True,False,True
2484329,K24,HK242,True,8,17.0,17.0,3,True,False,True
2484329,K24,HK251,True,6,19.0,19.0,3,True,False,True
2484329,K24,HK252,True,6,17.0,17.0,6,True,False,True
2484329,K24,HK261,True,6,18.0,0.0,8,True,False,False
2484394,K24,HK241,True,6,16.0,16.0,2,False,False,True
2484394,K24,HK242,True,8,17.0,17.0,3,False,False,True
2484394,K24,HK251,True,6,19.0,19.0,5,False,False,True
2484394,K24,HK252,True,6,17.0,17.0,6,False,False,True
2484394,K24,HK261,True,6,18.0,0.0,10,False,False,False
2484459,K24,HK241,True,6,16.0,16.0,4,True,False,True
2484459,K24,HK242,True,8,17.0,17.0,4,True,False,True
2484459,K24,HK251,True,5,16.0,16.0,8,True,False,True
2484459,K24,HK252,True,6,17.0,17.0,9,True,False,True
2484459,K24,HK261,True,6,18.0,0.0,9,True,False,False
2484627,K24,HK241,True,6,16.0,16.0,1,True,False,True
2484627,K24,HK242,True,8,17.0,17.0,4,True,False,True
2484627,K24,HK251,True,5,16.0,16.0,7,True,False,True
2484627,K24,HK252,True,6,17.0,17.0,8,True,False,True
2484627,K24,HK261,True,6,18.0,0.0,11,True,False,False
2484692,K24,HK241,True,6,16.0,16.0,4,True,False,True
2484692,K24,HK242,True,8,17.0,17.0,4,True,False,True
2484692,K24,HK251,True,5,16.0,16.0,4,True,False,True
2484692,K24,HK252,True,6,17.0,17.0,7,True,False,True
2484692,K24,HK261,True,6,18.0,0.0,7,True,False,False
2484757,K24,HK241,True,6,16.0,16.0,1,True,False,True
2484757,K24,HK242,True,8,17.0,17.0,4,True,False,True
2484757,K24,HK251,True,6,19.0,19.0,6,True,False,True
2484757,K24,HK252,True,6,17.0,17.0,7,True,False,True
2484757,K24,HK261,True,6,18.0,0.0,10,True,False,False
2484990,K24,HK241,True,6,16.0,16.0,3,True,False,True
2484990,K24,HK242,True,8,17.0,17.0,9,True,False,True
2484990,K24,HK251,True,6,19.0,19.0,11,True,False,True
2484990,K24,HK252,True,6,17.0,17.0,11,True,False,True
2484990,K24,HK261,True,6,18.0,0.0,12,True,False,False
2485055,K24,HK241,True,6,16.0,16.0,1,True,False,True
2485055,K24,HK242,True,8,17.0,17.0,2,True,False,True
2485055,K24,HK251,True,5,16.0,16.0,3,True,False,True
2485055,K24,HK252,True,6,17.0,17.0,5,True,False,True
2485055,K24,HK261,True,6,18.0,0.0,6,True,False,False
2485120,K24,HK241,True,6,16.0,16.0,5,True,False,True
2485120,K24,HK242,True,8,17.0,17.0,7,True,False,True
2485120,K24,HK251,True,5,16.0,16.0,9,True,False,True
2485120,K24,HK252,True,6,17.0,17.0,11,True,False,True
2485120,K24,HK261,True,6,18.0,0.0,13,True,False,False
2485353,K24,HK241,True,6,16.0,16.0,1,True,False,True
2485353,K24,HK242,True,8,17.0,17.0,6,True,False,True
2485353,K24,HK251,True,6,19.0,19.0,8,True,False,True
2485353,K24,HK252,True,6,17.0,17.0,12,True,False,True
2485353,K24,HK261,True,6,18.0,0.0,16,True,True,False
2485418,K24,HK241,True,6,16.0,16.0,2,False,False,True
2485418,K24,HK242,True,8,17.0,17.0,3,False,False,True
2485418,K24,HK251,True,6,19.0,19.0,4,False,False,True
2485418,K24,HK252,True,6,17.0,17.0,5,False,False,True
2485418,K24,HK261,True,6,18.0,0.0,7,False,False,False
2485651,K24,HK241,True,6,16.0,16.0,2,True,False,True
2485651,K24,HK242,True,8,17.0,17.0,3,True,False,True
2485651,K24,HK251,True,5,16.0,16.0,5,True,False,True
2485651,K24,HK252,True,6,17.0,17.0,7,True,False,True
2485651,K24,HK261,True,6,18.0,0.0,7,True,False,False
2485716,K24,HK241,True,6,16.0,16.0,2,False,False,True
2485716,K24,HK242,True,8,17.0,17.0,7,False,False,True
2485716,K24,HK251,True,5,16.0,16.0,8,False,False,True
2485716,K24,HK252,True,6,17.0,17.0,10,False,False,True
2485716,K24,HK261,True,6,18.0,0.0,12,False,False,False
2485781,K24,HK241,True,6,16.0,16.0,1,False,False,True
2485781,K24,HK242,True,8,17.0,17.0,1,False,False,True
2485781,K24,HK251,True,5,16.0,16.0,5,False,False,True
2485781,K24,HK252,True,6,17.0,17.0,8,False,False,True
2485781,K24,HK261,True,6,18.0,0.0,8,False,False,False
2486014,K24,HK241,True,6,16.0,16.0,2,False,False,True
2486014,K24,HK242,True,8,17.0,17.0,3,False,False,True
2486014,K24,HK251,True,5,16.0,16.0,4,False,False,True
2486014,K24,HK252,True,6,17.0,17.0,5,False,False,True
2486014,K24,HK261,True,6,18.0,0.0,6,False,False,False
2486079,K24,HK241,True,6,16.0,16.0,4,True,False,True
2486079,K24,HK242,True,8,17.0,17.0,6,True,False,True
2486079,K24,HK251,True,5,16.0,16.0,7,True,False,True
2486079,K24,HK252,True,6,17.0,17.0,12,True,False,True
2486079,K24,HK261,True,6,18.0,0.0,13,True,True,False
2486144,K24,HK241,True,6,16.0,16.0,2,True,False,True
2486144,K24,HK242,True,8,17.0,17.0,2,True,False,True
2486144,K24,HK251,True,5,16.0,16.0,4,True,False,True
2486144,K24,HK252,True,6,17.0,17.0,7,True,False,True
2486144,K24,HK261,True,6,18.0,0.0,11,True,False,False
2486377,K24,HK241,True,6,16.0,16.0,4,False,False,True
2486377,K24,HK242,True,8,17.0,17.0,5,False,False,True
2486377,K24,HK251,True,5,16.0,16.0,6,False,False,True
2486377,K24,HK252,True,6,17.0,17.0,7,False,False,True
2486377,K24,HK261,True,6,18.0,0.0,9,False,False,False
2486442,K24,HK241,True,6,16.0,16.0,4,False,False,True
2486442,K24,HK242,True,8,17.0,17.0,8,False,False,True
2486442,K24,HK251,True,5,16.0,16.0,8,False,False,True
2486442,K24,HK252,True,6,17.0,17.0,9,False,False,True
2486442,K24,HK261,True,6,18.0,0.0,12,False,False,False
2486675,K24,HK241,True,6,16.0,16.0,2,False,False,True
2486675,K24,HK242,True,8,17.0,17.0,5,False,False,True
2486675,K24,HK251,True,5,16.0,16.0,9,False,False,True
2486675,K24,HK252,True,6,17.0,17.0,12,False,False,True
2486675,K24,HK261,True,6,18.0,0.0,13,False,False,False
2486740,K24,HK241,True,6,16.0,16.0,1,True,False,True
2486740,K24,HK242,True,8,17.0,17.0,2,True,False,True
2486740,K24,HK251,True,5,16.0,16.0,6,True,False,True
2486740,K24,HK252,True,6,17.0,17.0,6,True,False,True
2486740,K24,HK261,True,6,18.0,0.0,7,True,False,False
2486805,K24,HK241,True,6,16.0,16.0,2,True,False,True
2486805,K24,HK242,True,8,17.0,17.0,4,True,False,True
2486805,K24,HK251,True,5,16.0,16.0,4,True,False,True
2486805,K24,HK252,True,6,17.0,17.0,6,True,False,True
2486805,K24,HK261,True,6,18.0,0.0,8,True,False,False
2487038,K24,HK241,True,6,16.0,16.0,0,False,False,True
2487038,K24,HK242,True,8,17.0,17.0,2,False,False,True
2487038,K24,HK251,True,6,19.0,19.0,4,False,False,True
2487038,K24,HK252,True,6,17.0,17.0,4,False,False,True
2487038,K24,HK261,True,6,18.0,0.0,6,False,False,False
2487103,K24,HK241,True,6,16.0,16.0,2,False,False,True
2487103,K24,HK242,True,8,17.0,17.0,2,False,False,True
2487103,K24,HK251,True,6,19.0,19.0,3,False,False,True
2487103,K24,HK252,True,6,17.0,17.0,3,False,False,True
2487103,K24,HK261,True,6,18.0,0.0,3,False,False,False
2487168,K24,HK241,True,6,16.0,16.0,1,False,False,True
2487168,K24,HK242,True,8,17.0,17.0,3,False,False,True
2487168,K24,HK251,True,6,19.0,19.0,7,False,False,True
2487168,K24,HK252,True,6,17.0,17.0,8,False,False,True
2487168,K24,HK261,True,6,18.0,0.0,8,False,False,False
2487336,K24,HK241,True,6,16.0,16.0,4,True,False,True
2487336,K24,HK242,True,8,17.0,17.0,5,True,False,True
2487336,K24,HK251,True,5,16.0,16.0,7,True,False,True
2487336,K24,HK252,True,6,17.0,17.0,13,True,False,True
2487336,K24,HK261,True,6,18.0,0.0,17,True,True,False
2487401,K24,HK241,True,6,16.0,16.0,3,True,False,True
2487401,K24,HK242,True,8,17.0,17.0,4,True,False,True
2487401,K24,HK251,True,6,19.0,19.0,5,True,False,True
2487401,K24,HK252,True,6,17.0,17.0,6,True,False,True
2487401,K24,HK261,True,6,18.0,0.0,8,True,False,False
2487466,K24,HK241,True,6,16.0,16.0,0,False,False,True
2487466,K24,HK242,True,8,17.0,17.0,3,False,False,True
2487466,K24,HK251,True,6,19.0,19.0,4,False,False,True
2487466,K24,HK252,True,6,17.0,17.0,5,False,False,True
2487466,K24,HK261,True,6,18.0,0.0,7,False,False,False
2487699,K24,HK241,True,6,16.0,16.0,1,True,False,True
2487699,K24,HK242,True,8,17.0,17.0,3,True,False,True
2487699,K24,HK251,True,6,19.0,19.0,4,True,False,True
2487699,K24,HK252,True,6,17.0,17.0,6,True,False,True
2487699,K24,HK261,True,6,18.0,0.0,7,True,False,False
2487764,K24,HK241,True,6,16.0,16.0,0,True,False,True
2487764,K24,HK242,True,9,20.0,20.0,0,True,False,True
2487764,K24,HK251,True,6,19.0,19.0,2,True,False,True
2487764,K24,HK252,True,7,20.0,20.0,4,True,False,True
2487764,K24,HK261,True,6,18.0,0.0,4,True,False,False
2487829,K24,HK241,True,6,16.0,16.0,1,True,False,True
2487829,K24,HK242,True,8,17.0,17.0,2,True,False,True
2487829,K24,HK251,True,6,19.0,19.0,2,True,False,True
2487829,K24,HK252,True,6,17.0,17.0,2,True,False,True
2487829,K24,HK261,True,6,18.0,0.0,2,True,False,False
2488062,K24,HK241,True,6,16.0,16.0,2,True,False,True
2488062,K24,HK242,True,8,17.0,17.0,8,True,False,True
2488062,K24,HK251,True,5,16.0,16.0,10,True,False,True
2488062,K24,HK252,True,6,17.0,17.0,14,True,False,True
2488062,K24,HK261,True,6,18.0,0.0,15,True,True,False
2488127,K24,HK241,True,6,16.0,16.0,1,True,False,True
2488127,K24,HK242,True,8,17.0,17.0,4,True,False,True
2488127,K24,HK251,True,6,19.0,19.0,5,True,False,True
2488127,K24,HK252,True,6,17.0,17.0,8,True,False,True
2488127,K24,HK261,True,6,18.0,0.0,10,True,False,False
2488192,K24,HK241,True,6,16.0,16.0,0,False,False,True
2488192,K24,HK242,True,8,17.0,17.0,4,False,False,True
2488192,K24,HK251,True,5,16.0,16.0,5,False,False,True
2488192,K24,HK252,True,6,17.0,17.0,5,False,False,True
2488192,K24,HK261,True,6,18.0,0.0,6,False,False,False
2488360,K24,HK241,True,6,16.0,16.0,1,False,False,True
2488360,K24,HK242,True,8,17.0,17.0,2,False,False,True
2488360,K24,HK251,True,6,19.0,19.0,2,False,False,True
2488360,K24,HK252,True,6,17.0,17.0,4,False,False,True
2488360,K24,HK261,True,6,18.0,0.0,5,False,False,False
2488425,K24,HK241,True,6,16.0,16.0,4,False,False,True
2488425,K24,HK242,True,8,17.0,17.0,5,False,False,True
2488425,K24,HK251,True,5,16.0,16.0,10,False,False,True
2488425,K24,HK252,True,6,17.0,17.0,11,False,False,True
2488425,K24,HK261,True,6,18.0,0.0,13,False,False,False
2488490,K24,HK241,True,6,16.0,16.0,0,True,False,True
2488490,K24,HK242,True,8,17.0,17.0,1,True,False,True
2488490,K24,HK251,True,5,16.0,16.0,4,True,False,True
2488490,K24,HK252,True,6,17.0,17.0,4,True,False,True
2488490,K24,HK261,True,6,18.0,0.0,6,True,False,False
2488723,K24,HK241,True,6,16.0,16.0,2,True,False,True
2488723,K24,HK242,True,8,17.0,17.0,2,True,False,True
2488723,K24,HK251,True,5,16.0,16.0,3,True,False,True
2488723,K24,HK252,True,6,17.0,17.0,6,True,False,True
2488723,K24,HK261,True,6,18.0,0.0,7,True,False,False
2488788,K24,HK241,True,6,16.0,16.0,4,False,False,True
2488788,K24,HK242,True,8,17.0,17.0,5,False,False,True
2488788,K24,HK251,True,5,16.0,16.0,5,False,False,True
2488788,K24,HK252,True,6,17.0,17.0,11,False,False,True
2488788,K24,HK261,True,6,18.0,0.0,12,False,False,False
2488853,K24,HK241,True,6,16.0,16.0,2,True,False,True
2488853,K24,HK242,True,8,17.0,17.0,3,True,False,True
2488853,K24,HK251,True,5,16.0,16.0,6,True,False,True
2488853,K24,HK252,True,6,17.0,17.0,8,True,False,True
2488853,K24,HK261,True,6,18.0,0.0,11,True,False,False
2489086,K24,HK241,True,6,16.0,16.0,1,False,False,True
2489086,K24,HK242,True,8,17.0,16.0,3,False,False,True
2489086,K24,HK251,True,6,17.0,17.0,4,False,False,True
2489086,K24,HK252,True,6,17.0,17.0,5,False,False,True
2489086,K24,HK261,True,6,18.0,0.0,5,False,False,False
2489151,K24,HK241,True,6,16.0,16.0,0,True,False,True
2489151,K24,HK242,True,8,17.0,17.0,0,True,False,True
2489151,K24,HK251,True,5,16.0,16.0,1,True,False,True
2489151,K24,HK252,True,6,17.0,17.0,1,True,False,True
2489151,K24,HK261,True,6,18.0,0.0,1,True,False,False
2489384,K24,HK241,True,6,16.0,16.0,5,False,False,True
2489384,K24,HK242,True,8,17.0,17.0,7,False,False,True
2489384,K24,HK251,True,6,19.0,19.0,9,False,False,True
2489384,K24,HK252,True,6,17.0,17.0,13,False,False,True
2489384,K24,HK261,True,6,18.0,0.0,17,False,False,False
2489449,K24,HK241,True,6,16.0,16.0,2,False,False,True
2489449,K24,HK242,True,8,17.0,17.0,3,False,False,True
2489449,K24,HK251,True,5,16.0,16.0,4,False,False,True
2489449,K24,HK252,True,6,17.0,17.0,5,False,False,True
2489449,K24,HK261,True,6,18.0,0.0,9,False,False,False
2489514,K24,HK241,True,6,16.0,16.0,1,False,False,True
2489514,K24,HK242,True,8,17.0,17.0,5,False,False,True
2489514,K24,HK251,True,6,19.0,19.0,5,False,False,True
2489514,K24,HK252,True,6,17.0,17.0,7,False,False,True
2489514,K24,HK261,True,6,18.0,0.0,8,False,False,False
2489747,K24,HK241,True,6,16.0,16.0,1,True,False,True
2489747,K24,HK242,True,8,17.0,17.0,3,True,False,True
2489747,K24,HK251,True,5,16.0,16.0,4,True,False,True
2489747,K24,HK252,True,6,17.0,17.0,4,True,False,True
2489747,K24,HK261,True,6,18.0,0.0,9,True,False,False
2489812,K24,HK241,True,6,16.0,16.0,5,False,False,True
2489812,K24,HK242,True,8,17.0,17.0,7,False,False,True
2489812,K24,HK251,True,5,16.0,16.0,9,False,False,True
2489812,K24,HK252,True,6,17.0,17.0,11,False,False,True
2489812,K24,HK261,True,6,18.0,0.0,12,False,False,False
2489877,K24,HK241,True,6,16.0,16.0,1,True,False,True
2489877,K24,HK242,True,8,17.0,17.0,2,True,False,True
2489877,K24,HK251,True,6,19.0,19.0,5,True,False,True
2489877,K24,HK252,True,6,17.0,17.0,5,True,False,True
2489877,K24,HK261,True,6,18.0,0.0,8,True,False,False
2490045,K24,HK241,True,6,16.0,16.0,0,False,False,True
2490045,K24,HK242,True,8,17.0,17.0,0,False,False,True
2490045,K24,HK251,True,5,16.0,16.0,1,False,False,True
2490045,K24,HK252,True,6,17.0,17.0,3,False,False,True
2490045,K24,HK261,True,6,18.0,0.0,4,False,False,False
2490110,K24,HK241,True,6,16.0,8.0,4,True,False,True
2490110,K24,HK242,True,9,22.0,7.0,5,True,False,True
2490175,K24,HK241,True,6,16.0,16.0,1,False,False,True
2490175,K24,HK242,True,8,17.0,17.0,2,False,False,True
2490175,K24,HK251,True,5,16.0,16.0,7,False,False,True
2490175,K24,HK252,True,6,17.0,17.0,10,False,False,True
2490175,K24,HK261,True,6,18.0,0.0,12,False,False,False
2490408,K24,HK241,True,6,16.0,16.0,2,True,False,True
2490408,K24,HK242,True,8,17.0,17.0,3,True,False,True
2490408,K24,HK251,True,6,19.0,19.0,6,True,False,True
2490408,K24,HK252,True,6,17.0,17.0,6,True,False,True
2490408,K24,HK261,True,6,18.0,0.0,7,True,False,False
2490473,K24,HK241,True,6,16.0,16.0,1,False,False,True
2490473,K24,HK242,True,8,17.0,17.0,1,False,False,True
2490473,K24,HK251,True,6,19.0,19.0,2,False,False,True
2490473,K24,HK252,True,6,17.0,17.0,4,False,False,True
2490473,K24,HK261,True,6,18.0,0.0,5,False,False,False
2490538,K24,HK241,True,6,16.0,4.0,3,False,False,True
2490538,K24,HK242,True,9,22.0,17.0,4,False,False,True
2490538,K24,HK251,True,6,19.0,14.0,6,False,False,True
2490538,K24,HK252,True,6,17.0,14.0,8,False,False,True
2490771,K24,HK241,True,6,16.0,16.0,2,True,False,True
2490771,K24,HK242,True,8,17.0,17.0,2,True,False,True
2490771,K24,HK251,True,6,19.0,19.0,6,True,False,True
2490771,K24,HK252,True,6,17.0,17.0,6,True,False,True
2490771,K24,HK261,True,6,18.0,0.0,9,True,False,False
2490836,K24,HK241,True,6,16.0,16.0,1,False,False,True
2490901,K24,HK241,True,6,16.0,16.0,2,False,False,True
2490901,K24,HK242,True,8,17.0,17.0,3,False,False,True
2490901,K24,HK251,True,6,19.0,19.0,5,False,False,True
2490901,K24,HK252,True,6,17.0,17.0,9,False,False,True
2490901,K24,HK261,True,6,18.0,0.0,13,False,False,False
2491069,K24,HK241,True,6,16.0,16.0,3,True,False,True
2491069,K24,HK242,True,8,17.0,17.0,6,True,False,True
2491069,K24,HK251,True,5,16.0,16.0,7,True,False,True
2491069,K24,HK252,True,6,17.0,17.0,9,True,False,True
2491069,K24,HK261,True,6,18.0,0.0,9,True,False,False
2491134,K24,HK241,True,6,16.0,16.0,3,True,False,True
2491134,K24,HK242,True,8,17.0,17.0,7,True,False,True
2491134,K24,HK251,True,5,16.0,16.0,7,True,False,True
2491134,K24,HK252,True,6,17.0,17.0,11,True,False,True
2491134,K24,HK261,True,6,18.0,0.0,14,True,False,False
2491199,K24,HK241,True,6,16.0,16.0,2,True,False,True
2491199,K24,HK242,True,9,20.0,20.0,4,True,False,True
2491199,K24,HK251,True,6,19.0,19.0,9,True,False,True
2491199,K24,HK252,True,7,20.0,20.0,10,True,False,True
2491199,K24,HK261,True,6,18.0,0.0,12,True,False,False
2491432,K24,HK241,True,6,16.0,11.0,1,True,False,True
2491432,K24,HK242,True,9,20.0,7.0,2,True,False,True
2491432,K24,HK251,True,8,20.0,14.0,2,True,False,True
2491432,K24,HK252,True,8,18.0,11.0,3,True,False,True
2491432,K24,HK261,True,8,22.0,0.0,3,True,False,False
2491497,K24,HK241,True,6,16.0,16.0,2,False,False,True
2491497,K24,HK242,True,9,20.0,20.0,3,False,False,True
2491497,K24,HK251,True,6,19.0,19.0,3,False,False,True
2491497,K24,HK252,True,7,20.0,20.0,4,False,False,True
2491497,K24,HK261,True,6,18.0,0.0,6,False,False,False
2491562,K24,HK241,True,6,16.0,16.0,2,True,False,True
2491562,K24,HK242,True,8,17.0,14.0,4,True,False,True
2491562,K24,HK251,True,6,19.0,19.0,5,True,False,True
2491562,K24,HK252,True,6,17.0,17.0,7,True,False,True
2491562,K24,HK261,True,6,18.0,0.0,8,True,False,False
2491795,K24,HK241,True,6,16.0,16.0,1,True,False,True
2491795,K24,HK242,True,8,17.0,17.0,3,True,False,True
2491795,K24,HK251,True,5,16.0,16.0,4,True,False,True
2491795,K24,HK252,True,6,17.0,17.0,5,True,False,True
2491795,K24,HK261,True,6,18.0,0.0,7,True,False,False
2491860,K24,HK241,True,6,16.0,16.0,1,True,False,True
2491860,K24,HK242,True,8,17.0,17.0,3,True,False,True
2491860,K24,HK251,True,5,16.0,16.0,3,True,False,True
2491860,K24,HK252,True,6,17.0,17.0,4,True,False,True
2491860,K24,HK261,True,6,18.0,0.0,4,True,False,False
2492093,K24,HK241,True,6,16.0,16.0,1,True,False,True
2492093,K24,HK242,True,8,17.0,17.0,3,True,False,True
2492093,K24,HK251,True,6,19.0,19.0,5,True,False,True
2492093,K24,HK252,True,6,17.0,17.0,5,True,False,True
2492093,K24,HK261,True,6,18.0,0.0,6,True,False,False
2492158,K24,HK241,True,6,16.0,12.0,0,True,False,True
2492158,K24,HK242,True,9,21.0,21.0,4,True,False,True
2492158,K24,HK251,True,6,19.0,19.0,7,True,False,True
2492158,K24,HK252,True,6,17.0,17.0,10,True,False,True
2492158,K24,HK261,True,6,18.0,0.0,12,True,False,False
2492223,K24,HK241,True,6,16.0,16.0,2,False,False,True
2492223,K24,HK242,True,8,17.0,17.0,4,False,False,True
2492223,K24,HK251,True,6,19.0,19.0,5,False,False,True
2492223,K24,HK252,True,6,17.0,17.0,5,False,False,True
2492223,K24,HK261,True,6,18.0,0.0,6,False,False,False
2492456,K24,HK241,True,6,16.0,16.0,3,True,False,True
2492456,K24,HK242,True,8,17.0,17.0,5,True,False,True
2492456,K24,HK251,True,5,16.0,16.0,6,True,False,True
2492456,K24,HK252,True,6,17.0,17.0,8,True,False,True
2492456,K24,HK261,True,6,18.0,0.0,9,True,False,False
2492521,K24,HK241,True,6,16.0,16.0,2,True,False,True
2492521,K24,HK242,True,8,17.0,17.0,3,True,False,True
2492521,K24,HK251,True,5,16.0,16.0,5,True,False,True
2492521,K24,HK252,True,6,17.0,17.0,6,True,False,True
2492521,K24,HK261,True,6,18.0,0.0,8,True,False,False
2492586,K24,HK241,True,6,16.0,16.0,1,False,False,True
2492586,K24,HK242,True,8,17.0,17.0,3,False,False,True
2492586,K24,HK251,True,6,19.0,19.0,4,False,False,True
2492586,K24,HK252,True,6,17.0,17.0,6,False,False,True
2492586,K24,HK261,True,6,18.0,0.0,9,False,False,False
2492754,K24,HK241,True,6,16.0,16.0,2,False,False,True
2492754,K24,HK242,True,8,17.0,17.0,4,False,False,True
2492754,K24,HK251,True,5,16.0,16.0,6,False,False,True
2492754,K24,HK252,True,6,17.0,17.0,6,False,False,True
2492754,K24,HK261,True,6,18.0,0.0,6,False,False,False
2492819,K24,HK241,True,6,16.0,16.0,2,False,False,True
2492819,K24,HK242,True,8,17.0,17.0,2,False,False,True
2492819,K24,HK251,True,5,16.0,16.0,3,False,False,True
2492819,K24,HK252,True,6,17.0,17.0,6,False,False,True
2492819,K24,HK261,True,6,18.0,0.0,9,False,False,False
2492884,K24,HK241,True,6,16.0,6.0,1,True,False,True
2492884,K24,HK242,True,10,22.0,8.0,2,True,False,True
2493117,K24,HK241,True,6,16.0,16.0,2,False,False,True
2493117,K24,HK242,True,8,17.0,17.0,3,False,False,True
2493117,K24,HK251,True,5,16.0,16.0,6,False,False,True
2493117,K24,HK252,True,6,17.0,17.0,10,False,False,True
2493117,K24,HK261,True,6,18.0,0.0,11,False,False,False
2493182,K24,HK241,True,6,16.0,16.0,2,True,False,True
2493182,K24,HK242,True,8,17.0,17.0,5,True,False,True
2493182,K24,HK251,True,6,19.0,19.0,6,True,False,True
2493182,K24,HK252,True,6,17.0,17.0,10,True,False,True
2493182,K24,HK261,True,6,18.0,0.0,10,True,False,False
2493247,K24,HK241,True,6,16.0,16.0,1,True,False,True
2493247,K24,HK242,True,8,17.0,17.0,3,True,False,True
2493247,K24,HK251,True,5,16.0,16.0,7,True,False,True
2493247,K24,HK252,True,6,17.0,17.0,12,True,False,True
2493247,K24,HK261,True,6,18.0,0.0,19,True,True,False
2493480,K24,HK241,True,6,16.0,16.0,3,True,False,True
2493480,K24,HK242,True,8,17.0,17.0,5,True,False,True
2493480,K24,HK251,True,6,19.0,19.0,6,True,False,True
2493480,K24,HK252,True,6,17.0,17.0,6,True,False,True
2493480,K24,HK261,True,6,18.0,0.0,7,True,False,False
2493545,K24,HK241,True,6,16.0,16.0,3,False,False,True
2493545,K24,HK242,True,8,17.0,17.0,7,False,False,True
2493545,K24,HK251,True,6,19.0,19.0,7,False,False,True
2493545,K24,HK252,True,6,17.0,17.0,14,False,False,True
2493545,K24,HK261,True,6,18.0,0.0,14,False,False,False
2493610,K24,HK241,True,6,16.0,6.0,1,False,False,True
2493610,K24,HK242,True,10,22.0,12.0,2,False,False,True
2493610,K24,HK251,True,9,20.0,3.0,5,False,False,True
2493610,K24,HK252,True,10,22.0,7.0,6,False,False,True
2493778,K24,HK241,True,6,16.0,16.0,4,False,False,True
2493778,K24,HK242,True,8,17.0,17.0,7,False,False,True
2493778,K24,HK251,True,6,19.0,19.0,9,False,False,True
2493778,K24,HK252,True,6,17.0,17.0,11,False,False,True
2493778,K24,HK261,True,6,18.0,0.0,13,False,False,False
2493843,K24,HK241,True,6,16.0,14.0,0,False,False,True
2493843,K24,HK242,True,8,17.0,17.0,0,False,False,True
2493843,K24,HK251,True,5,17.0,17.0,1,False,False,True
2493843,K24,HK252,True,6,18.0,18.0,2,False,False,True
2493843,K24,HK261,True,6,18.0,0.0,2,False,False,False
2493908,K24,HK241,True,6,16.0,14.0,4,False,False,True
2493908,K24,HK242,True,8,17.0,16.0,4,False,False,True
2493908,K24,HK251,True,6,18.0,18.0,5,False,False,True
2493908,K24,HK252,True,6,18.0,18.0,7,False,False,True
2493908,K24,HK261,True,6,18.0,0.0,9,False,False,False
2494141,K24,HK241,True,6,16.0,16.0,2,True,False,True
2494141,K24,HK242,True,8,17.0,17.0,3,True,False,True
2494141,K24,HK251,True,5,16.0,16.0,4,True,False,True
2494141,K24,HK252,True,6,17.0,17.0,6,True,False,True
2494141,K24,HK261,True,6,18.0,0.0,8,True,False,False
2494206,K24,HK241,True,6,16.0,7.0,1,False,False,True
2494206,K24,HK242,True,10,21.0,11.0,4,False,False,True
2494206,K24,HK251,True,7,20.0,6.0,5,False,False,True
2494206,K24,HK252,True,8,22.0,11.0,7,False,False,True
2494206,K24,HK261,True,7,20.0,0.0,8,False,False,False
2494271,K24,HK241,True,6,16.0,16.0,3,False,False,True
2494504,K24,HK241,True,6,16.0,16.0,6,True,False,True
2494504,K24,HK242,True,8,17.0,17.0,8,True,False,True
2494504,K24,HK251,True,6,19.0,19.0,10,True,False,True
2494504,K24,HK252,True,6,17.0,17.0,12,True,False,True
2494504,K24,HK261,True,6,18.0,0.0,15,True,True,False
2494569,K24,HK241,True,6,16.0,16.0,2,False,False,True
2494569,K24,HK242,True,8,17.0,17.0,2,False,False,True
2494569,K24,HK251,True,5,16.0,16.0,3,False,False,True
2494569,K24,HK252,True,6,17.0,17.0,4,False,False,True
2494569,K24,HK261,True,6,18.0,0.0,5,False,False,False
2494634,K24,HK241,True,6,16.0,16.0,0,False,False,True
2494634,K24,HK242,True,8,17.0,17.0,0,False,False,True
2494634,K24,HK251,True,5,16.0,16.0,6,False,False,True
2494634,K24,HK252,True,6,17.0,17.0,6,False,False,True
2494634,K24,HK261,True,6,18.0,0.0,9,False,False,False
2494802,K24,HK241,True,6,16.0,16.0,3,False,False,True
2494802,K24,HK242,True,8,17.0,17.0,4,False,False,True
2494802,K24,HK251,True,6,19.0,19.0,5,False,False,True
2494802,K24,HK252,True,6,17.0,17.0,6,False,False,True
2494802,K24,HK261,True,6,18.0,0.0,6,False,False,False
2494867,K24,HK241,True,6,16.0,16.0,1,True,False,True
2494867,K24,HK242,True,8,17.0,17.0,2,True,False,True
2494867,K24,HK251,True,6,19.0,19.0,4,True,False,True
2494867,K24,HK252,True,6,17.0,17.0,5,True,False,True
2494867,K24,HK261,True,6,18.0,0.0,7,True,False,False
2494932,K24,HK241,True,6,16.0,16.0,2,False,False,True
2494932,K24,HK242,True,8,17.0,17.0,3,False,False,True
2494932,K24,HK251,True,6,19.0,19.0,3,False,False,True
2494932,K24,HK252,True,6,17.0,17.0,5,False,False,True
2494932,K24,HK261,True,6,18.0,0.0,6,False,False,False
2495165,K24,HK241,True,6,16.0,16.0,0,False,False,True
2495165,K24,HK242,True,8,17.0,17.0,0,False,False,True
2495165,K24,HK251,True,5,16.0,16.0,0,False,False,True
2495165,K24,HK252,True,6,17.0,17.0,3,False,False,True
2495165,K24,HK261,True,6,18.0,0.0,8,False,False,False
2495230,K24,HK241,True,6,16.0,16.0,2,True,False,True
2495230,K24,HK242,True,8,17.0,17.0,5,True,False,True
2495230,K24,HK251,True,6,19.0,19.0,5,True,False,True
2495230,K24,HK252,True,6,17.0,17.0,5,True,False,True
2495230,K24,HK261,True,6,18.0,0.0,7,True,False,False
2495295,K24,HK241,True,6,16.0,16.0,0,True,False,True
2495295,K24,HK242,True,8,17.0,17.0,2,True,False,True
2495295,K24,HK251,True,6,19.0,19.0,8,True,False,True
2495295,K24,HK252,True,6,17.0,17.0,12,True,False,True
2495295,K24,HK261,True,6,18.0,0.0,12,True,True,False
2495528,K24,HK241,True,6,16.0,16.0,0,False,False,True
2495528,K24,HK242,True,8,17.0,17.0,0,False,False,True
2495528,K24,HK251,True,5,16.0,16.0,1,False,False,True
2495528,K24,HK252,True,6,17.0,17.0,2,False,False,True
2495528,K24,HK261,True,6,18.0,0.0,2,False,False,False
2495593,K24,HK241,True,6,16.0,16.0,5,True,False,True
2495593,K24,HK242,True,8,17.0,17.0,7,True,False,True
2495593,K24,HK251,True,5,16.0,16.0,12,True,False,True
2495593,K24,HK252,True,6,17.0,17.0,13,True,True,True
2495593,K24,HK261,True,6,18.0,0.0,15,True,True,False
2495826,K24,HK241,True,6,16.0,12.0,1,True,False,True
2495826,K24,HK242,True,9,21.0,21.0,3,True,False,True
2495826,K24,HK251,True,5,16.0,16.0,3,True,False,True
2495826,K24,HK252,True,6,17.0,17.0,3,True,False,True
2495826,K24,HK261,True,6,18.0,0.0,3,True,False,False
2495891,K24,HK241,True,6,16.0,16.0,0,False,False,True
2495891,K24,HK242,True,8,17.0,17.0,2,False,False,True
2495891,K24,HK251,True,5,16.0,16.0,4,False,False,True
2495891,K24,HK252,True,6,17.0,17.0,8,False,False,True
2495891,K24,HK261,True,6,18.0,0.0,10,False,False,False
2495956,K24,HK241,True,6,16.0,16.0,1,True,False,True
2495956,K24,HK242,True,8,17.0,17.0,3,True,False,True
2495956,K24,HK251,True,5,16.0,16.0,5,True,False,True
2495956,K24,HK252,True,6,17.0,17.0,6,True,False,True
2495956,K24,HK261,True,6,18.0,0.0,9,True,False,False
2496189,K24,HK241,True,6,16.0,16.0,0,True,False,True
2496189,K24,HK242,True,8,17.0,17.0,3,True,False,True
2496189,K24,HK251,True,5,16.0,16.0,7,True,False,True
2496189,K24,HK252,True,6,17.0,17.0,9,True,False,True
2496189,K24,HK261,True,6,18.0,0.0,10,True,False,False
2496254,K24,HK241,True,6,16.0,16.0,2,True,False,True
2496254,K24,HK242,True,8,17.0,17.0,5,True,False,True
2496254,K24,HK251,True,6,19.0,19.0,6,True,False,True
2496254,K24,HK252,True,6,17.0,17.0,9,True,False,True
2496254,K24,HK261,True,6,18.0,0.0,12,True,False,False
2496319,K24,HK241,True,6,16.0,13.0,2,False,False,True
2496319,K24,HK242,True,9,20.0,14.0,4,False,False,True
2496319,K24,HK251,True,7,20.0,14.0,7,False,False,True
2496319,K24,HK252,True,7,18.0,10.0,8,False,False,True
2496319,K24,HK261,True,8,20.0,0.0,8,False,False,False
2496487,K24,HK241,True,6,16.0,16.0,2,False,False,True
2496487,K24,HK242,True,8,17.0,17.0,3,False,False,True
2496487,K24,HK251,True,6,19.0,19.0,5,False,False,True
2496487,K24,HK252,True,6,17.0,17.0,6,False,False,True
2496487,K24,HK261,True,6,18.0,0.0,6,False,False,False
2496552,K24,HK241,True,6,16.0,16.0,1,True,False,True
2496552,K24,HK242,True,8,17.0,17.0,4,True,False,True
2496552,K24,HK251,True,6,19.0,19.0,7,True,False,True
2496552,K24,HK252,True,6,17.0,17.0,8,True,False,True
2496552,K24,HK261,True,6,18.0,0.0,12,True,False,False
2496617,K24,HK241,True,6,16.0,16.0,2,True,False,True
2496617,K24,HK242,True,8,17.0,16.0,4,True,False,True
2496617,K24,HK251,True,6,17.0,17.0,5,True,False,True
2496617,K24,HK252,True,6,17.0,17.0,6,True,False,True
2496617,K24,HK261,True,6,18.0,0.0,7,True,False,False
2496850,K24,HK241,True,6,16.0,16.0,2,False,False,True
2496850,K24,HK242,True,8,17.0,17.0,5,False,False,True
2496850,K24,HK251,True,5,16.0,16.0,6,False,False,True
2496850,K24,HK252,True,6,17.0,17.0,9,False,False,True
2496850,K24,HK261,True,6,18.0,0.0,14,False,False,False
2496915,K24,HK241,True,6,16.0,14.0,4,False,False,True
2496915,K24,HK242,True,8,17.0,17.0,4,False,False,True
2496915,K24,HK251,True,5,17.0,17.0,6,False,False,True
2496915,K24,HK252,True,6,18.0,18.0,8,False,False,True
2496915,K24,HK261,True,6,18.0,0.0,9,False,False,False
2496980,K24,HK241,True,6,16.0,16.0,0,True,False,True
2496980,K24,HK242,True,8,17.0,17.0,0,True,False,True
2496980,K24,HK251,True,6,19.0,19.0,2,True,False,True
2496980,K24,HK252,True,6,17.0,17.0,2,True,False,True
2496980,K24,HK261,True,6,18.0,0.0,3,True,False,False
2497213,K24,HK241,True,6,16.0,7.0,2,False,False,True
2497213,K24,HK242,True,9,21.0,7.0,4,False,False,True
2497278,K24,HK241,True,6,16.0,16.0,0,True,False,True
2497278,K24,HK242,True,8,17.0,17.0,1,True,False,True
2497278,K24,HK251,True,5,16.0,16.0,3,True,False,True
2497278,K24,HK252,True,6,17.0,17.0,3,True,False,True
2497278,K24,HK261,True,6,18.0,0.0,4,True,False,False
2497343,K24,HK241,True,6,16.0,16.0,2,False,False,True
2497343,K24,HK242,True,8,17.0,17.0,6,False,False,True
2497343,K24,HK251,True,5,16.0,16.0,10,False,False,True
2497343,K24,HK252,True,6,17.0,17.0,12,False,False,True
2497343,K24,HK261,True,6,18.0,0.0,16,False,False,False
2497511,K24,HK241,True,6,16.0,16.0,2,False,False,True
2497511,K24,HK242,True,8,17.0,17.0,3,False,False,True
2497511,K24,HK251,True,6,19.0,19.0,4,False,False,True
2497511,K24,HK252,True,6,17.0,17.0,5,False,False,True
2497511,K24,HK261,True,6,18.0,0.0,6,False,False,False
2497576,K24,HK241,True,6,16.0,16.0,1,True,False,True
2497576,K24,HK242,True,8,17.0,17.0,2,True,False,True
2497576,K24,HK251,True,5,16.0,16.0,5,True,False,True
2497576,K24,HK252,True,6,17.0,17.0,5,True,False,True
2497576,K24,HK261,True,6,18.0,0.0,7,True,False,False
2497641,K24,HK241,True,6,16.0,16.0,3,True,False,True
2497641,K24,HK242,True,8,17.0,17.0,5,True,False,True
2497641,K24,HK251,True,6,19.0,19.0,6,True,False,True
2497641,K24,HK252,True,6,17.0,17.0,6,True,False,True
2497641,K24,HK261,True,6,18.0,0.0,7,True,False,False
2497874,K24,HK241,True,6,16.0,16.0,0,False,False,True
2497874,K24,HK242,True,8,17.0,17.0,1,False,False,True
2497874,K24,HK251,True,6,19.0,19.0,2,False,False,True
2497874,K24,HK252,True,6,17.0,17.0,2,False,False,True
2497874,K24,HK261,True,6,18.0,0.0,4,False,False,False
2497939,K24,HK241,True,6,16.0,16.0,0,False,False,True
2497939,K24,HK242,True,8,17.0,16.0,1,False,False,True
2497939,K24,HK251,True,6,17.0,17.0,1,False,False,True
2497939,K24,HK252,True,6,17.0,17.0,1,False,False,True
2497939,K24,HK261,True,6,18.0,0.0,3,False,False,False
2498004,K24,HK241,True,6,16.0,16.0,1,True,False,True
2498004,K24,HK242,True,8,17.0,17.0,4,True,False,True
2498004,K24,HK251,True,6,19.0,19.0,4,True,False,True
2498004,K24,HK252,True,6,17.0,17.0,6,True,False,True
2498004,K24,HK261,True,6,18.0,0.0,7,True,False,False
2498237,K24,HK241,True,6,16.0,16.0,2,False,False,True
2498237,K24,HK242,True,8,17.0,17.0,3,False,False,True
2498237,K24,HK251,True,6,19.0,19.0,3,False,False,True
2498237,K24,HK252,True,6,17.0,17.0,4,False,False,True
2498237,K24,HK261,True,6,18.0,0.0,5,False,False,False
2498302,K24,HK241,True,6,16.0,16.0,1,True,False,True
2498302,K24,HK242,True,8,17.0,17.0,3,True,False,True
2498302,K24,HK251,True,5,16.0,16.0,6,True,False,True
2498302,K24,HK252,True,6,17.0,17.0,7,True,False,True
2498302,K24,HK261,True,6,18.0,0.0,10,True,False,False
2498535,K24,HK241,True,6,16.0,16.0,1,True,False,True
2498535,K24,HK242,True,8,17.0,17.0,4,True,False,True
2498535,K24,HK251,True,6,19.0,19.0,8,True,False,True
2498535,K24,HK252,True,6,17.0,17.0,14,True,False,True
2498535,K24,HK261,True,6,18.0,0.0,17,True,True,False
2498600,K24,HK241,True,6,16.0,16.0,3,False,False,True
2498600,K24,HK242,True,8,17.0,17.0,4,False,False,True
2498600,K24,HK251,True,5,16.0,16.0,6,False,False,True
2498600,K24,HK252,True,6,17.0,17.0,7,False,False,True
2498600,K24,HK261,True,6,18.0,0.0,9,False,False,False
2498665,K24,HK241,True,6,16.0,16.0,0,True,False,True
2498665,K24,HK242,True,8,17.0,17.0,0,True,False,True
2498665,K24,HK251,True,6,19.0,19.0,1,True,False,True
2498665,K24,HK252,True,6,17.0,17.0,3,True,False,True
2498665,K24,HK261,True,6,18.0,0.0,5,True,False,False
2498898,K24,HK241,True,6,16.0,16.0,1,True,False,True
2498898,K24,HK242,True,8,17.0,17.0,3,True,False,True
2498898,K24,HK251,True,5,16.0,16.0,6,True,False,True
2498898,K24,HK252,True,6,17.0,17.0,8,True,False,True
2498898,K24,HK261,True,6,18.0,0.0,13,True,False,False
2498963,K24,HK241,True,6,16.0,16.0,2,True,False,True
2498963,K24,HK242,True,8,17.0,17.0,4,True,False,True
2498963,K24,HK251,True,5,16.0,16.0,6,True,False,True
2498963,K24,HK252,True,6,17.0,17.0,7,True,False,True
2498963,K24,HK261,True,6,18.0,0.0,7,True,False,False
2499028,K24,HK241,True,6,16.0,16.0,2,True,False,True
2499028,K24,HK242,True,8,17.0,17.0,3,True,False,True
2499028,K24,HK251,True,5,16.0,16.0,4,True,False,True
2499028,K24,HK252,True,6,17.0,17.0,5,True,False,True
2499028,K24,HK261,True,6,18.0,0.0,7,True,False,False
2499196,K24,HK241,True,6,16.0,16.0,0,False,False,True
2499196,K24,HK242,True,8,17.0,17.0,6,False,False,True
2499196,K24,HK251,True,5,16.0,16.0,9,False,False,True
2499196,K24,HK252,True,6,17.0,17.0,12,False,False,True
2499196,K24,HK261,True,6,18.0,0.0,15,False,False,False
2499261,K24,HK241,True,6,16.0,16.0,1,True,False,True
2499261,K24,HK242,True,8,17.0,17.0,1,True,False,True
2499261,K24,HK251,True,6,19.0,19.0,1,True,False,True
2499261,K24,HK252,True,6,17.0,17.0,4,True,False,True
2499261,K24,HK261,True,6,18.0,0.0,6,True,False,False
2499326,K24,HK241,True,6,16.0,16.0,2,False,False,True
2499326,K24,HK242,True,8,17.0,17.0,4,False,False,True
2499326,K24,HK251,True,6,19.0,19.0,8,False,False,True
2499326,K24,HK252,True,6,17.0,17.0,11,False,False,True
2499326,K24,HK261,True,6,18.0,0.0,14,False,False,False
2499559,K24,HK241,True,6,16.0,16.0,2,True,False,True
2499559,K24,HK242,True,8,17.0,17.0,3,True,False,True
2499559,K24,HK251,True,5,16.0,16.0,4,True,False,True
2499559,K24,HK252,True,6,17.0,17.0,5,True,False,True
2499559,K24,HK261,True,6,18.0,0.0,6,True,False,False
2499624,K24,HK241,True,6,16.0,16.0,1,True,False,True
2499624,K24,HK242,True,9,20.0,20.0,3,True,False,True
2499624,K24,HK251,True,6,19.0,19.0,4,True,False,True
2499624,K24,HK252,True,7,20.0,20.0,4,True,False,True
2499624,K24,HK261,True,6,18.0,0.0,5,True,False,False
2499689,K24,HK241,True,6,16.0,16.0,0,True,False,True
2499689,K24,HK242,True,8,17.0,17.0,2,True,False,True
2499689,K24,HK251,True,5,16.0,16.0,3,True,False,True
2499689,K24,HK252,True,6,17.0,17.0,6,True,False,True
2499689,K24,HK261,True,6,18.0,0.0,7,True,False,False
2499922,K24,HK241,True,6,16.0,16.0,3,False,False,True
2499922,K24,HK242,True,8,17.0,17.0,4,False,False,True
2499922,K24,HK251,True,5,16.0,16.0,5,False,False,True
2499922,K24,HK252,True,6,17.0,17.0,8,False,False,True
2499922,K24,HK261,True,6,18.0,0.0,8,False,False,False
2499987,K24,HK241,True,6,16.0,16.0,2,False,False,True
2499987,K24,HK242,True,8,17.0,17.0,5,False,False,True
2499987,K24,HK251,True,5,16.0,16.0,11,False,False,True
2499987,K24,HK252,True,6,17.0,17.0,15,False,False,True
2499987,K24,HK261,True,6,18.0,0.0,15,False,False,False
2500077,K25,HK251,True,6,16.0,16.0,5,True,False,True
2500077,K25,HK252,True,8,17.0,17.0,5,True,False,True
2500077,K25,HK261,True,5,16.0,0.0,6,True,False,False
2500155,K25,HK251,True,7,19.0,19.0,0,False,False,True
2500155,K25,HK252,True,8,17.0,17.0,0,False,False,True
2500155,K25,HK261,True,6,19.0,0.0,1,False,False,False
2500238,K25,HK251,True,6,16.0,16.0,1,False,False,True
2500238,K25,HK252,True,8,17.0,17.0,3,False,False,True
2500238,K25,HK261,True,5,16.0,0.0,6,False,False,False
2500399,K25,HK251,True,6,16.0,16.0,4,False,False,True
2500399,K25,HK252,True,8,17.0,17.0,5,False,False,True
2500399,K25,HK261,True,5,16.0,0.0,9,False,False,False
2500482,K25,HK251,True,6,16.0,16.0,4,True,False,True
2500482,K25,HK252,True,8,17.0,17.0,8,True,False,True
2500482,K25,HK261,True,5,16.0,0.0,12,True,False,False
2500560,K25,HK251,True,6,16.0,16.0,2,True,False,True
2500560,K25,HK252,True,8,17.0,17.0,3,True,False,True
2500560,K25,HK261,True,5,16.0,0.0,5,True,False,False
2500643,K25,HK251,True,7,19.0,19.0,0,True,False,True
2500643,K25,HK252,True,8,17.0,17.0,1,True,False,True
2500643,K25,HK261,True,6,19.0,0.0,2,True,False,False
2500804,K25,HK251,True,7,19.0,19.0,0,True,False,True
2500804,K25,HK252,True,8,17.0,17.0,1,True,False,True
2500804,K25,HK261,True,6,19.0,0.0,2,True,False,False
2500965,K25,HK251,True,7,19.0,19.0,2,False,False,True
2500965,K25,HK252,True,8,17.0,17.0,2,False,False,True
2500965,K25,HK261,True,6,19.0,0.0,5,False,False,False
2501048,K25,HK251,True,6,16.0,16.0,2,False,False,True
2501048,K25,HK252,True,8,17.0,17.0,4,False,False,True
2501048,K25,HK261,True,5,16.0,0.0,5,False,False,False
2501209,K25,HK251,True,6,16.0,16.0,4,True,False,True
2501209,K25,HK252,True,8,17.0,17.0,7,True,False,True
2501209,K25,HK261,True,5,16.0,0.0,8,True,False,False
2501370,K25,HK251,True,7,19.0,19.0,3,True,False,True
2501370,K25,HK252,True,8,17.0,17.0,5,True,False,True
2501370,K25,HK261,True,6,19.0,0.0,5,True,False,False
2501453,K25,HK251,True,7,19.0,19.0,3,True,False,True
2501453,K25,HK252,True,9,20.0,20.0,6,True,False,True
2501453,K25,HK261,True,6,19.0,0.0,9,True,False,False
2501614,K25,HK251,True,6,16.0,16.0,1,True,False,True
2501614,K25,HK252,True,8,17.0,17.0,2,True,False,True
2501614,K25,HK261,True,5,16.0,0.0,4,True,False,False
2501775,K25,HK251,True,6,16.0,16.0,0,False,False,True
2501775,K25,HK252,True,8,17.0,17.0,1,False,False,True
2501775,K25,HK261,True,5,16.0,0.0,1,False,False,False
2501858,K25,HK251,True,7,19.0,19.0,3,False,False,True
2501858,K25,HK252,True,8,17.0,17.0,4,False,False,True
2501858,K25,HK261,True,6,19.0,0.0,5,False,False,False
2502019,K25,HK251,True,7,19.0,19.0,2,True,False,True
2502019,K25,HK252,True,8,17.0,17.0,6,True,False,True
2502019,K25,HK261,True,6,19.0,0.0,9,True,False,False
2502180,K25,HK251,True,7,19.0,19.0,2,False,False,True
2502180,K25,HK252,True,8,17.0,17.0,3,False,False,True
2502180,K25,HK261,True,6,19.0,0.0,4,False,False,False
2502263,K25,HK251,True,6,16.0,16.0,1,True,False,True
2502263,K25,HK252,True,8,17.0,17.0,3,True,False,True
2502263,K25,HK261,True,5,16.0,0.0,4,True,False,False
2502341,K25,HK251,True,7,19.0,19.0,2,False,False,True
2502341,K25,HK252,True,8,17.0,17.0,3,False,False,True
2502341,K25,HK261,True,6,19.0,0.0,4,False,False,False
2502424,K25,HK251,True,7,19.0,19.0,4,True,False,True
2502424,K25,HK252,True,8,17.0,17.0,6,True,False,True
2502424,K25,HK261,True,6,19.0,0.0,7,True,False,False
2502585,K25,HK251,True,7,19.0,19.0,3,False,False,True
2502585,K25,HK252,True,8,17.0,17.0,5,False,False,True
2502585,K25,HK261,True,6,19.0,0.0,10,False,False,False
2502668,K25,HK251,True,6,16.0,16.0,2,False,False,True
2502668,K25,HK252,True,8,17.0,17.0,2,False,False,True
2502668,K25,HK261,True,5,16.0,0.0,3,False,False,False
2502746,K25,HK251,True,7,19.0,19.0,1,False,False,True
2502746,K25,HK252,True,8,17.0,17.0,3,False,False,True
2502746,K25,HK261,True,6,19.0,0.0,4,False,False,False
2502829,K25,HK251,True,6,16.0,16.0,1,False,False,True
2502829,K25,HK252,True,8,17.0,17.0,3,False,False,True
2502829,K25,HK261,True,5,16.0,0.0,5,False,False,False
2502990,K25,HK251,True,6,16.0,16.0,3,True,False,True
2502990,K25,HK252,True,8,17.0,17.0,5,True,False,True
2502990,K25,HK261,True,5,16.0,0.0,6,True,False,False
2503073,K25,HK251,True,7,19.0,19.0,0,True,False,True
2503073,K25,HK252,True,9,20.0,20.0,0,True,False,True
2503073,K25,HK261,True,6,19.0,0.0,2,True,False,False
2503151,K25,HK251,True,7,19.0,19.0,2,False,False,True
2503151,K25,HK252,True,8,17.0,17.0,3,False,False,True
2503151,K25,HK261,True,6,19.0,0.0,7,False,False,False
2503234,K25,HK251,True,6,16.0,16.0,1,False,False,True
2503234,K25,HK252,True,8,17.0,17.0,4,False,False,True
2503234,K25,HK261,True,5,16.0,0.0,5,False,False,False
2503395,K25,HK251,True,6,16.0,11.0,5,False,False,True
2503395,K25,HK252,True,9,20.0,19.0,6,False,False,True
2503395,K25,HK261,True,7,18.0,0.0,7,False,False,False
2503478,K25,HK251,True,6,16.0,16.0,1,False,False,True
2503478,K25,HK252,True,8,17.0,17.0,3,False,False,True
2503478,K25,HK261,True,5,16.0,0.0,5,False,False,False
2503556,K25,HK251,True,6,16.0,16.0,0,False,False,True
2503556,K25,HK252,True,8,17.0,17.0,1,False,False,True
2503556,K25,HK261,True,5,16.0,0.0,5,False,False,False
2503639,K25,HK251,True,7,19.0,19.0,0,True,False,True
2503639,K25,HK252,True,8,17.0,17.0,2,True,False,True
2503639,K25,HK261,True,6,19.0,0.0,4,True,False,False
2503800,K25,HK251,True,7,19.0,19.0,1,False,False,True
2503800,K25,HK252,True,8,17.0,17.0,4,False,False,True
2503800,K25,HK261,True,6,19.0,0.0,5,False,False,False
2503961,K25,HK251,True,7,19.0,19.0,0,True,False,True
2503961,K25,HK252,True,8,17.0,17.0,1,True,False,True
2503961,K25,HK261,True,6,19.0,0.0,5,True,False,False
2504044,K25,HK251,True,6,16.0,11.0,3,True,False,True
2504044,K25,HK252,True,9,20.0,11.0,5,True,False,True
2504044,K25,HK261,True,8,19.0,0.0,7,True,False,False
2504205,K25,HK251,True,6,16.0,16.0,2,False,False,True
2504205,K25,HK252,True,8,17.0,17.0,3,False,False,True
2504205,K25,HK261,True,5,16.0,0.0,5,False,False,False
2504366,K25,HK251,True,6,16.0,16.0,1,True,False,True
2504366,K25,HK252,True,8,17.0,17.0,4,True,False,True
2504366,K25,HK261,True,5,16.0,0.0,5,True,False,False
2504449,K25,HK251,True,7,19.0,19.0,2,True,False,True
2504449,K25,HK252,True,8,17.0,17.0,5,True,False,True
2504449,K25,HK261,True,6,19.0,0.0,8,True,False,False
2504610,K25,HK251,True,6,16.0,13.0,4,False,False,True
2504610,K25,HK252,True,9,20.0,19.0,5,False,False,True
2504610,K25,HK261,True,6,17.0,0.0,6,False,False,False
2504771,K25,HK251,True,7,19.0,8.0,1,False,False,True
2504771,K25,HK252,True,9,22.0,15.0,3,False,False,True
2504771,K25,HK261,True,7,21.0,0.0,3,False,False,False
2504854,K25,HK251,True,7,19.0,19.0,3,False,False,True
2504854,K25,HK252,True,8,17.0,17.0,6,False,False,True
2504854,K25,HK261,True,6,19.0,0.0,7,False,False,False
2504932,K25,HK251,True,6,16.0,16.0,2,False,False,True
2504932,K25,HK252,True,8,17.0,17.0,2,False,False,True
2504932,K25,HK261,True,5,16.0,0.0,2,False,False,False
2505015,K25,HK251,True,7,19.0,19.0,2,False,False,True
2505015,K25,HK252,True,8,17.0,17.0,2,False,False,True
2505015,K25,HK261,True,6,19.0,0.0,4,False,False,False
2505176,K25,HK251,True,6,16.0,16.0,3,True,False,True
2505176,K25,HK252,True,8,17.0,17.0,4,True,False,True
2505176,K25,HK261,True,5,16.0,0.0,6,True,False,False
2505259,K25,HK251,True,6,16.0,16.0,3,False,False,True
2505259,K25,HK252,True,8,17.0,17.0,3,False,False,True
2505259,K25,HK261,True,5,16.0,0.0,3,False,False,False
2505337,K25,HK251,True,6,16.0,16.0,1,False,False,True
2505337,K25,HK252,True,8,17.0,17.0,4,False,False,True
2505337,K25,HK261,True,5,16.0,0.0,7,False,False,False
2505420,K25,HK251,True,7,19.0,19.0,3,True,False,True
2505420,K25,HK252,True,9,20.0,20.0,6,True,False,True
2505420,K25,HK261,True,6,19.0,0.0,10,True,False,False
2505581,K25,HK251,True,6,16.0,16.0,2,True,False,True
2505581,K25,HK252,True,8,17.0,17.0,4,True,False,True
2505581,K25,HK261,True,5,16.0,0.0,6,True,False,False
2505664,K25,HK251,True,6,16.0,16.0,0,True,False,True
2505664,K25,HK252,True,8,17.0,17.0,3,True,False,True
2505664,K25,HK261,True,5,16.0,0.0,5,True,False,False
2505742,K25,HK251,True,7,19.0,19.0,2,True,False,True
2505742,K25,HK252,True,8,17.0,17.0,6,True,False,True
2505742,K25,HK261,True,6,19.0,0.0,7,True,False,False
2505825,K25,HK251,True,6,16.0,16.0,1,False,False,True
2505825,K25,HK252,True,8,17.0,17.0,3,False,False,True
2505825,K25,HK261,True,5,16.0,0.0,4,False,False,False
2505986,K25,HK251,True,6,16.0,16.0,2,True,False,True
2505986,K25,HK252,True,8,17.0,17.0,5,True,False,True
2505986,K25,HK261,True,5,16.0,0.0,7,True,False,False
2506069,K25,HK251,True,6,16.0,16.0,1,False,False,True
2506069,K25,HK252,True,8,17.0,17.0,1,False,False,True
2506069,K25,HK261,True,5,16.0,0.0,1,False,False,False
2506147,K25,HK251,True,6,16.0,16.0,0,True,False,True
2506147,K25,HK252,True,8,17.0,14.0,4,True,False,True
2506147,K25,HK261,True,6,19.0,0.0,9,True,False,False
2506230,K25,HK251,True,7,19.0,19.0,2,True,False,True
2506230,K25,HK252,True,8,17.0,17.0,4,True,False,True
2506230,K25,HK261,True,6,19.0,0.0,7,True,False,False
2506391,K25,HK251,True,6,16.0,16.0,2,False,False,True
2506391,K25,HK252,True,8,17.0,17.0,4,False,False,True
2506391,K25,HK261,True,5,16.0,0.0,6,False,False,False
2506474,K25,HK251,True,6,16.0,16.0,2,True,False,True
2506474,K25,HK252,True,8,17.0,17.0,3,True,False,True
2506474,K25,HK261,True,5,16.0,0.0,4,True,False,False
2506552,K25,HK251,True,6,16.0,16.0,3,True,False,True
2506552,K25,HK252,True,8,17.0,17.0,4,True,False,True
2506552,K25,HK261,True,5,16.0,0.0,5,True,False,False
2506635,K25,HK251,True,6,16.0,16.0,2,False,False,True
2506635,K25,HK252,True,8,17.0,17.0,3,False,False,True
2506635,K25,HK261,True,5,16.0,0.0,3,False,False,False
2506796,K25,HK251,True,7,19.0,19.0,1,True,False,True
2506796,K25,HK252,True,8,17.0,17.0,4,True,False,True
2506796,K25,HK261,True,6,19.0,0.0,7,True,False,False
2506957,K25,HK251,True,7,19.0,19.0,0,True,False,True
2506957,K25,HK252,True,8,17.0,17.0,3,True,False,True
2506957,K25,HK261,True,6,19.0,0.0,4,True,False,False
2507040,K25,HK251,True,6,16.0,16.0,3,True,False,True
2507040,K25,HK252,True,8,17.0,17.0,3,True,False,True
2507040,K25,HK261,True,5,16.0,0.0,5,True,False,False
2507201,K25,HK251,True,6,16.0,16.0,0,True,False,True
2507201,K25,HK252,True,8,17.0,17.0,3,True,False,True
2507201,K25,HK261,True,5,16.0,0.0,5,True,False,False
2507362,K25,HK251,True,6,16.0,11.0,3,False,False,True
2507362,K25,HK252,True,10,20.0,10.0,7,False,False,True
2507362,K25,HK261,True,8,20.0,0.0,9,False,False,False
2507445,K25,HK251,True,6,16.0,16.0,2,False,False,True
2507445,K25,HK252,True,8,17.0,17.0,5,False,False,True
2507445,K25,HK261,True,5,16.0,0.0,7,False,False,False
2507606,K25,HK251,True,6,16.0,7.0,1,False,False,True
2507606,K25,HK252,True,10,21.0,17.0,7,False,False,True
2507606,K25,HK261,True,5,18.0,0.0,7,False,False,False
2507767,K25,HK251,True,6,16.0,16.0,4,True,False,True
2507767,K25,HK252,True,8,17.0,17.0,6,True,False,True
2507767,K25,HK261,True,5,16.0,0.0,9,True,False,False
2507850,K25,HK251,True,6,16.0,16.0,3,False,False,True
2507850,K25,HK252,True,8,17.0,17.0,3,False,False,True
2507850,K25,HK261,True,5,16.0,0.0,7,False,False,False
2507928,K25,HK251,True,7,19.0,19.0,2,True,False,True
2507928,K25,HK252,True,8,17.0,17.0,5,True,False,True
2507928,K25,HK261,True,6,19.0,0.0,8,True,False,False
2508011,K25,HK251,True,6,16.0,16.0,2,False,False,True
2508011,K25,HK252,True,8,17.0,17.0,2,False,False,True
2508011,K25,HK261,True,5,16.0,0.0,5,False,False,False
2508172,K25,HK251,True,6,16.0,16.0,3,False,False,True
2508172,K25,HK252,True,8,17.0,17.0,6,False,False,True
2508172,K25,HK261,True,5,16.0,0.0,7,False,False,False
2508255,K25,HK251,True,6,16.0,16.0,6,True,False,True
2508255,K25,HK252,True,8,17.0,17.0,10,True,False,True
2508255,K25,HK261,True,5,16.0,0.0,11,True,False,False
2508333,K25,HK251,True,7,19.0,19.0,0,True,False,True
2508333,K25,HK252,True,8,17.0,17.0,1,True,False,True
2508333,K25,HK261,True,6,19.0,0.0,4,True,False,False
2508416,K25,HK251,True,6,16.0,16.0,4,False,False,True
2508416,K25,HK252,True,8,17.0,17.0,5,False,False,True
2508416,K25,HK261,True,5,16.0,0.0,8,False,False,False
2508577,K25,HK251,True,7,19.0,19.0,3,False,False,True
2508577,K25,HK252,True,9,20.0,20.0,6,False,False,True
2508577,K25,HK261,True,6,19.0,0.0,10,False,False,False
2508660,K25,HK251,True,7,19.0,19.0,1,True,False,True
2508660,K25,HK252,True,8,17.0,17.0,5,True,False,True
2508660,K25,HK261,True,6,19.0,0.0,6,True,False,False
2508738,K25,HK251,True,6,16.0,16.0,0,True,False,True
2508738,K25,HK252,True,8,17.0,17.0,2,True,False,True
2508738,K25,HK261,True,5,16.0,0.0,2,True,False,False
2508821,K25,HK251,True,6,16.0,16.0,1,False,False,True
2508821,K25,HK252,True,8,17.0,17.0,3,False,False,True
2508821,K25,HK261,True,5,16.0,0.0,4,False,False,False
2508982,K25,HK251,True,6,16.0,16.0,0,False,False,True
2508982,K25,HK252,True,8,17.0,17.0,2,False,False,True
2508982,K25,HK261,True,5,16.0,0.0,5,False,False,False
2509065,K25,HK251,True,6,16.0,16.0,0,False,False,True
2509143,K25,HK251,True,6,16.0,16.0,2,False,False,True
2509143,K25,HK252,True,8,17.0,17.0,2,False,False,True
2509143,K25,HK261,True,5,16.0,0.0,5,False,False,False
2509226,K25,HK251,True,7,19.0,19.0,0,True,False,True
2509226,K25,HK252,True,8,17.0,17.0,1,True,False,True
2509226,K25,HK261,True,6,19.0,0.0,3,True,False,False
2509387,K25,HK251,True,6,16.0,8.0,1,True,False,True
2509387,K25,HK252,True,10,22.0,7.0,2,True,False,True
2509548,K25,HK251,True,6,16.0,16.0,3,True,False,True
2509548,K25,HK252,True,8,17.0,17.0,6,True,False,True
2509548,K25,HK261,True,5,16.0,0.0,11,True,False,False
2509631,K25,HK251,True,6,16.0,16.0,2,True,False,True
2509631,K25,HK252,True,8,17.0,17.0,5,True,False,True
2509631,K25,HK261,True,5,16.0,0.0,8,True,False,False
2509792,K25,HK251,True,7,19.0,19.0,1,True,False,True
2509792,K25,HK252,True,8,17.0,17.0,2,True,False,True
2509792,K25,HK261,True,6,19.0,0.0,2,True,False,False
2509953,K25,HK251,True,6,16.0,16.0,4,False,False,True
2509953,K25,HK252,True,8,17.0,8.0,4,False,False,True
2509953,K25,HK261,True,7,19.0,0.0,4,False,False,False
2510036,K25,HK251,True,7,19.0,19.0,1,False,False,True
2510036,K25,HK252,True,8,17.0,17.0,1,False,False,True
2510036,K25,HK261,True,6,19.0,0.0,1,False,False,False
2510197,K25,HK251,True,7,19.0,19.0,1,True,False,True
2510197,K25,HK252,True,8,17.0,17.0,3,True,False,True
2510197,K25,HK261,True,6,19.0,0.0,4,True,False,False
2510358,K25,HK251,True,7,19.0,19.0,1,True,False,True
2510358,K25,HK252,True,9,20.0,20.0,5,True,False,True
2510358,K25,HK261,True,6,19.0,0.0,6,True,False,False
2510441,K25,HK251,True,7,19.0,19.0,1,False,False,True
2510441,K25,HK252,True,8,17.0,17.0,6,False,False,True
2510441,K25,HK261,True,6,19.0,0.0,8,False,False,False
2510602,K25,HK251,True,6,16.0,16.0,1,True,False,True
2510602,K25,HK252,True,8,17.0,17.0,3,True,False,True
2510602,K25,HK261,True,5,16.0,0.0,5,True,False,False
2510763,K25,HK251,True,7,19.0,19.0,0,False,False,True
2510763,K25,HK252,True,8,17.0,17.0,1,False,False,True
2510763,K25,HK261,True,6,19.0,0.0,4,False,False,False
2510846,K25,HK251,True,6,16.0,16.0,3,True,False,True
2510846,K25,HK252,True,8,17.0,17.0,4,True,False,True
2510846,K25,HK261,True,5,16.0,0.0,6,True,False,False
2510924,K25,HK251,True,6,16.0,0.0,4,False,False,True
2510924,K25,HK252,True,9,21.0,11.0,5,False,False,True
2511007,K25,HK251,True,6,16.0,16.0,3,True,False,True
2511007,K25,HK252,True,8,17.0,17.0,6,True,False,True
2511007,K25,HK261,True,5,16.0,0.0,8,True,False,False
2511168,K25,HK251,True,6,16.0,4.0,3,True,False,True
2511168,K25,HK252,True,10,22.0,10.0,4,True,False,True
2511168,K25,HK261,True,9,22.0,0.0,4,True,False,False
2511251,K25,HK251,True,6,16.0,16.0,2,False,False,True
2511251,K25,HK252,True,8,17.0,17.0,3,False,False,True
2511251,K25,HK261,True,5,16.0,0.0,3,False,False,False
2511329,K25,HK251,True,6,16.0,16.0,1,False,False,True
2511329,K25,HK252,True,8,17.0,17.0,5,False,False,True
2511329,K25,HK261,True,5,16.0,0.0,9,False,False,False
2511412,K25,HK251,True,6,16.0,16.0,0,True,False,True
2511412,K25,HK252,True,8,17.0,17.0,0,True,False,True
2511412,K25,HK261,True,5,16.0,0.0,2,True,False,False
2511573,K25,HK251,True,7,19.0,19.0,1,False,False,True
2511573,K25,HK252,True,8,17.0,17.0,1,False,False,True
2511573,K25,HK261,True,6,19.0,0.0,3,False,False,False
2511656,K25,HK251,True,7,19.0,19.0,3,True,False,True
2511656,K25,HK252,True,8,17.0,17.0,4,True,False,True
2511656,K25,HK261,True,6,19.0,0.0,4,True,False,False
2511734,K25,HK251,True,6,16.0,16.0,7,False,False,True
2511734,K25,HK252,True,8,17.0,17.0,10,False,False,True
2511734,K25,HK261,True,5,16.0,0.0,11,False,False,False
2511817,K25,HK251,True,7,19.0,19.0,1,False,False,True
2511817,K25,HK252,True,8,17.0,17.0,4,False,False,True
2511817,K25,HK261,True,6,19.0,0.0,6,False,False,False
2511978,K25,HK251,True,6,16.0,16.0,0,False,False,True
2511978,K25,HK252,True,8,17.0,17.0,0,False,False,True
2511978,K25,HK261,True,5,16.0,0.0,2,False,False,False
2512061,K25,HK251,True,6,16.0,16.0,3,True,False,True
2512061,K25,HK252,True,8,17.0,17.0,3,True,False,True
2512061,K25,HK261,True,5,16.0,0.0,3,True,False,False
2512139,K25,HK251,True,6,16.0,16.0,4,False,False,True
2512139,K25,HK252,True,8,17.0,17.0,10,False,False,True
2512139,K25,HK261,True,5,16.0,0.0,13,False,False,False
2512222,K25,HK251,True,7,19.0,19.0,1,True,False,True
2512222,K25,HK252,True,8,17.0,17.0,2,True,False,True
2512222,K25,HK261,True,6,19.0,0.0,5,True,False,False
2512383,K25,HK251,True,6,16.0,14.0,0,True,False,True
2512383,K25,HK252,True,8,17.0,17.0,3,True,False,True
2512383,K25,HK261,True,5,17.0,0.0,6,True,False,False
2512544,K25,HK251,True,7,19.0,19.0,1,True,False,True
2512544,K25,HK252,True,8,17.0,17.0,4,True,False,True
2512544,K25,HK261,True,6,19.0,0.0,4,True,False,False
2512627,K25,HK251,True,6,16.0,16.0,0,True,False,True
2512627,K25,HK252,True,8,17.0,17.0,0,True,False,True
2512627,K25,HK261,True,5,16.0,0.0,0,True,False,False
2512788,K25,HK251,True,7,19.0,19.0,1,False,False,True
2512788,K25,HK252,True,8,17.0,17.0,1,False,False,True
2512788,K25,HK261,True,6,19.0,0.0,2,False,False,False
2512949,K25,HK251,True,6,16.0,16.0,1,False,False,True
2512949,K25,HK252,True,8,17.0,17.0,4,False,False,True
2512949,K25,HK261,True,5,16.0,0.0,6,False,False,False
2513032,K25,HK251,True,6,16.0,16.0,0,False,False,True
2513032,K25,HK252,True,8,17.0,17.0,1,False,False,True
2513032,K25,HK261,True,5,16.0,0.0,5,False,False,False
2513193,K25,HK251,True,6,16.0,16.0,2,False,False,True
2513193,K25,HK252,True,8,17.0,17.0,5,False,False,True
2513193,K25,HK261,True,5,16.0,0.0,8,False,False,False
2513354,K25,HK251,True,6,16.0,16.0,5,False,False,True
2513354,K25,HK252,True,8,17.0,17.0,6,False,False,True
2513354,K25,HK261,True,5,16.0,0.0,10,False,False,False
2513437,K25,HK251,True,6,16.0,16.0,0,False,False,True
2513437,K25,HK252,True,8,17.0,17.0,2,False,False,True
2513437,K25,HK261,True,5,16.0,0.0,3,False,False,False
2513515,K25,HK251,True,6,16.0,16.0,2,True,False,True
2513515,K25,HK252,True,8,17.0,17.0,3,True,False,True
2513515,K25,HK261,True,5,16.0,0.0,3,True,False,False
2513598,K25,HK251,True,6,16.0,16.0,1,False,False,True
2513598,K25,HK252,True,8,17.0,17.0,1,False,False,True
2513598,K25,HK261,True,5,16.0,0.0,2,False,False,False
2513759,K25,HK251,True,7,19.0,19.0,0,False,False,True
2513759,K25,HK252,True,8,17.0,17.0,2,False,False,True
2513759,K25,HK261,True,6,19.0,0.0,2,False,False,False
2513842,K25,HK251,True,6,16.0,16.0,2,True,False,True
2513842,K25,HK252,True,8,17.0,17.0,4,True,False,True
2513842,K25,HK261,True,5,16.0,0.0,6,True,False,False
2513920,K25,HK251,True,7,19.0,19.0,2,False,False,True
2513920,K25,HK252,True,8,17.0,17.0,5,False,False,True
2513920,K25,HK261,True,6,19.0,0.0,7,False,False,False
2514003,K25,HK251,True,6,16.0,16.0,0,True,False,True
2514003,K25,HK252,True,8,17.0,17.0,2,True,False,True
2514003,K25,HK261,True,5,16.0,0.0,3,True,False,False
2514164,K25,HK251,True,6,16.0,16.0,1,False,False,True
2514164,K25,HK252,True,8,17.0,17.0,3,False,False,True
2514164,K25,HK261,True,5,16.0,0.0,4,False,False,False
2514247,K25,HK251,True,6,16.0,16.0,2,False,False,True
2514247,K25,HK252,True,8,17.0,17.0,3,False,False,True
2514247,K25,HK261,True,5,16.0,0.0,4,False,False,False
2514325,K25,HK251,True,7,19.0,19.0,2,True,False,True
2514325,K25,HK252,True,8,17.0,17.0,4,True,False,True
2514325,K25,HK261,True,6,19.0,0.0,6,True,False,False
2514408,K25,HK251,True,7,19.0,19.0,0,False,False,True
2514408,K25,HK252,True,8,17.0,17.0,2,False,False,True
2514408,K25,HK261,True,6,19.0,0.0,6,False,False,False
2514569,K25,HK251,True,6,16.0,16.0,2,False,False,True
2514569,K25,HK252,True,8,17.0,17.0,5,False,False,True
2514569,K25,HK261,True,5,16.0,0.0,8,False,False,False
2514652,K25,HK251,True,7,19.0,19.0,3,False,False,True
2514652,K25,HK252,True,8,17.0,17.0,4,False,False,True
2514652,K25,HK261,True,6,19.0,0.0,5,False,False,False
2514730,K25,HK251,True,6,16.0,16.0,4,True,False,True
2514730,K25,HK252,True,8,17.0,17.0,5,True,False,True
2514730,K25,HK261,True,5,16.0,0.0,12,True,False,False
2514813,K25,HK251,True,6,16.0,11.0,1,False,False,True
2514813,K25,HK252,True,10,20.0,4.0,1,False,False,True
2514813,K25,HK261,True,11,22.0,0.0,1,False,False,False
2514974,K25,HK251,True,6,16.0,16.0,1,False,False,True
2514974,K25,HK252,True,8,17.0,17.0,5,False,False,True
2514974,K25,HK261,True,5,16.0,0.0,7,False,False,False
2515057,K25,HK251,True,6,16.0,7.0,3,False,False,True
2515057,K25,HK252,True,9,21.0,10.0,6,False,False,True
2515057,K25,HK261,True,7,21.0,0.0,10,False,False,False
2515135,K25,HK251,True,6,16.0,16.0,2,True,False,True
2515135,K25,HK252,True,8,17.0,17.0,4,True,False,True
2515135,K25,HK261,True,5,16.0,0.0,4,True,False,False
2515218,K25,HK251,True,7,19.0,19.0,3,False,False,True
2515218,K25,HK252,True,8,17.0,17.0,4,False,False,True
2515218,K25,HK261,True,6,19.0,0.0,5,False,False,False
2515379,K25,HK251,True,7,19.0,19.0,3,True,False,True
2515379,K25,HK252,True,9,20.0,20.0,5,True,False,True
2515379,K25,HK261,True,6,19.0,0.0,5,True,False,False
2515540,K25,HK251,True,6,16.0,16.0,3,True,False,True
2515540,K25,HK252,True,8,17.0,17.0,3,True,False,True
2515540,K25,HK261,True,5,16.0,0.0,6,True,False,False
2515623,K25,HK251,True,6,16.0,16.0,2,True,False,True
2515623,K25,HK252,True,8,17.0,17.0,4,True,False,True
2515623,K25,HK261,True,5,16.0,0.0,5,True,False,False
2515784,K25,HK251,True,7,19.0,19.0,1,True,False,True
2515784,K25,HK252,True,8,17.0,17.0,1,True,False,True
2515784,K25,HK261,True,6,19.0,0.0,4,True,False,False
2515945,K25,HK251,True,6,16.0,16.0,3,True,False,True
2515945,K25,HK252,True,8,17.0,17.0,3,True,False,True
2515945,K25,HK261,True,5,16.0,0.0,3,True,False,False
2516028,K25,HK251,True,6,16.0,16.0,2,False,False,True
2516189,K25,HK251,True,6,16.0,8.0,0,False,False,True
2516189,K25,HK252,True,10,22.0,12.0,4,False,False,True
2516189,K25,HK261,True,8,20.0,0.0,6,False,False,False
2516350,K25,HK251,True,7,19.0,19.0,3,False,False,True
2516350,K25,HK252,True,8,17.0,17.0,4,False,False,True
2516350,K25,HK261,True,6,19.0,0.0,5,False,False,False
2516433,K25,HK251,True,6,16.0,16.0,4,False,False,True
2516433,K25,HK252,True,8,17.0,17.0,8,False,False,True
2516433,K25,HK261,True,5,16.0,0.0,11,False,False,False
2516511,K25,HK251,True,6,16.0,16.0,2,False,False,True
2516511,K25,HK252,True,8,17.0,17.0,4,False,False,True
2516511,K25,HK261,True,5,16.0,0.0,4,False,False,False
2516594,K25,HK251,True,6,16.0,16.0,4,False,False,True
2516594,K25,HK252,True,8,17.0,17.0,4,False,False,True
2516594,K25,HK261,True,5,16.0,0.0,6,False,False,False
2516755,K25,HK251,True,6,16.0,16.0,0,True,False,True
2516755,K25,HK252,True,8,17.0,17.0,2,True,False,True
2516755,K25,HK261,True,5,16.0,0.0,3,True,False,False
2516838,K25,HK251,True,7,19.0,19.0,1,True,False,True
2516838,K25,HK252,True,8,17.0,17.0,3,True,False,True
2516838,K25,HK261,True,6,19.0,0.0,7,True,False,False
2516916,K25,HK251,True,7,19.0,19.0,3,True,False,True
2516916,K25,HK252,True,8,17.0,17.0,5,True,False,True
2516916,K25,HK261,True,6,19.0,0.0,6,True,False,False
2516999,K25,HK251,True,6,16.0,16.0,0,False,False,True
2516999,K25,HK252,True,8,17.0,17.0,2,False,False,True
2516999,K25,HK261,True,5,16.0,0.0,3,False,False,False
2517160,K25,HK251,True,6,16.0,16.0,3,True,False,True
2517160,K25,HK252,True,8,17.0,17.0,5,True,False,True
2517160,K25,HK261,True,5,16.0,0.0,7,True,False,False
2517243,K25,HK251,True,7,19.0,19.0,6,True,False,True
2517243,K25,HK252,True,9,20.0,20.0,6,True,False,True
2517243,K25,HK261,True,6,19.0,0.0,8,True,False,False
2517321,K25,HK251,True,7,19.0,19.0,1,True,False,True
2517321,K25,HK252,True,8,17.0,17.0,2,True,False,True
2517321,K25,HK261,True,6,19.0,0.0,4,True,False,False
2517404,K25,HK251,True,6,16.0,16.0,2,True,False,True
2517404,K25,HK252,True,8,17.0,17.0,3,True,False,True
2517404,K25,HK261,True,5,16.0,0.0,4,True,False,False
2517565,K25,HK251,True,6,16.0,16.0,2,False,False,True
2517565,K25,HK252,True,8,17.0,17.0,4,False,False,True
2517565,K25,HK261,True,5,16.0,0.0,4,False,False,False
2517648,K25,HK251,True,7,19.0,19.0,4,False,False,True
2517648,K25,HK252,True,8,17.0,17.0,5,False,False,True
2517648,K25,HK261,True,6,19.0,0.0,8,False,False,False
2517726,K25,HK251,True,6,16.0,0.0,0,False,False,True
2517726,K25,HK252,True,9,21.0,2.0,5,False,False,True
2517809,K25,HK251,True,7,19.0,10.0,0,False,False,True
2517809,K25,HK252,True,9,21.0,12.0,1,False,False,True
2517809,K25,HK261,True,9,19.0,0.0,4,False,False,False
2517970,K25,HK251,True,6,16.0,16.0,1,False,False,True
2517970,K25,HK252,True,8,17.0,17.0,1,False,False,True
2517970,K25,HK261,True,5,16.0,0.0,2,False,False,False
2518131,K25,HK251,True,7,19.0,19.0,5,False,False,True
2518131,K25,HK252,True,8,17.0,17.0,5,False,False,True
2518131,K25,HK261,True,6,19.0,0.0,7,False,False,False
2518214,K25,HK251,True,6,16.0,16.0,0,True,False,True
2518214,K25,HK252,True,8,17.0,17.0,0,True,False,True
2518214,K25,HK261,True,5,16.0,0.0,4,True,False,False
2518375,K25,HK251,True,7,19.0,19.0,1,False,False,True
2518375,K25,HK252,True,8,17.0,17.0,2,False,False,True
2518375,K25,HK261,True,6,19.0,0.0,3,False,False,False
2518536,K25,HK251,True,7,19.0,19.0,0,True,False,True
2518536,K25,HK252,True,8,17.0,17.0,1,True,False,True
2518536,K25,HK261,True,6,19.0,0.0,3,True,False,False
2518619,K25,HK251,True,6,16.0,16.0,1,True,False,True
2518619,K25,HK252,True,8,17.0,17.0,3,True,False,True
2518619,K25,HK261,True,5,16.0,0.0,7,True,False,False
2518780,K25,HK251,True,6,16.0,16.0,2,True,False,True
2518780,K25,HK252,True,8,17.0,17.0,4,True,False,True
2518780,K25,HK261,True,5,16.0,0.0,6,True,False,False
2518941,K25,HK251,True,7,19.0,19.0,1,False,False,True
2519024,K25,HK251,True,7,19.0,19.0,5,False,False,True
2519024,K25,HK252,True,8,17.0,17.0,8,False,False,True
2519024,K25,HK261,True,6,19.0,0.0,11,False,False,False
2519185,K25,HK251,True,7,19.0,19.0,3,True,False,True
2519185,K25,HK252,True,8,17.0,17.0,7,True,False,True
2519185,K25,HK261,True,6,19.0,0.0,8,True,False,False
2519346,K25,HK251,True,7,19.0,19.0,1,False,False,True
2519346,K25,HK252,True,8,17.0,17.0,5,False,False,True
2519346,K25,HK261,True,6,19.0,0.0,9,False,False,False
2519429,K25,HK251,True,7,19.0,19.0,2,True,False,True
2519429,K25,HK252,True,8,17.0,17.0,4,True,False,True
2519429,K25,HK261,True,6,19.0,0.0,4,True,False,False
2519507,K25,HK251,True,7,19.0,19.0,1,True,False,True
2519507,K25,HK252,True,8,17.0,17.0,2,True,False,True
2519507,K25,HK261,True,6,19.0,0.0,4,True,False,False
2519590,K25,HK251,True,6,16.0,16.0,3,False,False,True
2519590,K25,HK252,True,8,17.0,17.0,4,False,False,True
2519590,K25,HK261,True,5,16.0,0.0,5,False,False,False
2519751,K25,HK251,True,7,19.0,19.0,0,False,False,True
2519751,K25,HK252,True,8,17.0,17.0,2,False,False,True
2519751,K25,HK261,True,6,19.0,0.0,4,False,False,False
2519834,K25,HK251,True,6,16.0,16.0,0,True,False,True
2519834,K25,HK252,True,8,17.0,17.0,1,True,False,True
2519834,K25,HK261,True,5,16.0,0.0,4,True,False,False
2519912,K25,HK251,True,6,16.0,16.0,0,True,False,True
2519912,K25,HK252,True,8,17.0,16.0,1,True,False,True
2519912,K25,HK261,True,6,17.0,0.0,4,True,False,False
2519995,K25,HK251,True,6,16.0,16.0,1,False,False,True
2519995,K25,HK252,True,8,17.0,17.0,4,False,False,True
2519995,K25,HK261,True,5,16.0,0.0,7,False,False,False
2520156,K25,HK251,True,6,16.0,16.0,0,False,False,True
2520156,K25,HK252,True,8,17.0,17.0,3,False,False,True
2520156,K25,HK261,True,5,16.0,0.0,4,False,False,False
2520239,K25,HK251,True,7,19.0,19.0,1,False,False,True
2520239,K25,HK252,True,8,17.0,17.0,3,False,False,True
2520239,K25,HK261,True,6,19.0,0.0,4,False,False,False
2520317,K25,HK251,True,6,16.0,16.0,3,False,False,True
2520317,K25,HK252,True,8,17.0,17.0,3,False,False,True
2520317,K25,HK261,True,5,16.0,0.0,6,False,False,False
2520400,K25,HK251,True,7,19.0,7.0,4,True,False,True
2520400,K25,HK252,True,10,22.0,7.0,5,True,False,True
2520561,K25,HK251,True,6,16.0,16.0,0,False,False,True
2520561,K25,HK252,True,8,17.0,17.0,0,False,False,True
2520561,K25,HK261,True,5,16.0,0.0,2,False,False,False
2520644,K25,HK251,True,7,19.0,19.0,3,True,False,True
2520644,K25,HK252,True,8,17.0,17.0,4,True,False,True
2520644,K25,HK261,True,6,19.0,0.0,8,True,False,False
2520722,K25,HK251,True,6,16.0,16.0,0,False,False,True
2520722,K25,HK252,True,8,17.0,17.0,2,False,False,True
2520722,K25,HK261,True,5,16.0,0.0,7,False,False,False
2520805,K25,HK251,True,6,16.0,16.0,1,True,False,True
2520805,K25,HK252,True,8,17.0,17.0,3,True,False,True
2520966,K25,HK251,True,6,16.0,16.0,1,False,False,True
2520966,K25,HK252,True,8,17.0,17.0,3,False,False,True
2521127,K25,HK251,True,6,16.0,16.0,1,True,False,True
2521127,K25,HK252,True,8,17.0,17.0,1,True,False,True
2521127,K25,HK261,True,5,16.0,0.0,4,True,False,False
2521210,K25,HK251,True,7,19.0,19.0,3,False,False,True
2521210,K25,HK252,True,8,17.0,17.0,4,False,False,True
2521210,K25,HK261,True,6,19.0,0.0,6,False,False,False
2521371,K25,HK251,True,6,16.0,16.0,4,True,False,True
2521371,K25,HK252,True,8,17.0,17.0,4,True,False,True
2521371,K25,HK261,True,5,16.0,0.0,5,True,False,False
2521532,K25,HK251,True,7,19.0,19.0,1,True,False,True
2521532,K25,HK252,True,8,17.0,17.0,1,True,False,True
2521532,K25,HK261,True,6,19.0,0.0,1,True,False,False
2521615,K25,HK251,True,7,19.0,19.0,0,True,False,True
2521615,K25,HK252,True,8,17.0,17.0,3,True,False,True
2521615,K25,HK261,True,6,19.0,0.0,4,True,False,False
2521776,K25,HK251,True,6,16.0,16.0,1,False,False,True
2521776,K25,HK252,True,8,17.0,17.0,4,False,False,True
2521776,K25,HK261,True,5,16.0,0.0,5,False,False,False
2521937,K25,HK251,True,7,19.0,19.0,2,False,False,True
2521937,K25,HK252,True,8,17.0,17.0,5,False,False,True
2521937,K25,HK261,True,6,19.0,0.0,6,False,False,False
2522020,K25,HK251,True,6,16.0,16.0,0,False,False,True
2522020,K25,HK252,True,8,17.0,17.0,2,False,False,True
2522020,K25,HK261,True,5,16.0,0.0,6,False,False,False
2522098,K25,HK251,True,6,16.0,16.0,1,False,False,True
2522098,K25,HK252,True,8,17.0,17.0,2,False,False,True
2522098,K25,HK261,True,5,16.0,0.0,3,False,False,False
2522181,K25,HK251,True,6,16.0,16.0,3,False,False,True
2522181,K25,HK252,True,8,17.0,17.0,5,False,False,True
2522181,K25,HK261,True,5,16.0,0.0,10,False,False,False
2522342,K25,HK251,True,6,16.0,16.0,1,False,False,True
2522342,K25,HK252,True,8,17.0,17.0,5,False,False,True
2522342,K25,HK261,True,5,16.0,0.0,6,False,False,False
2522425,K25,HK251,True,7,19.0,19.0,0,False,False,True
2522425,K25,HK252,True,8,17.0,17.0,3,False,False,True
2522425,K25,HK261,True,6,19.0,0.0,4,False,False,False
2522503,K25,HK251,True,6,16.0,16.0,2,True,False,True
2522503,K25,HK252,True,8,17.0,17.0,2,True,False,True
2522503,K25,HK261,True,5,16.0,0.0,3,True,False,False
2522586,K25,HK251,True,6,16.0,16.0,2,False,False,True
2522586,K25,HK252,True,8,17.0,17.0,2,False,False,True
2522586,K25,HK261,True,5,16.0,0.0,3,False,False,False
2522747,K25,HK251,True,7,19.0,19.0,2,False,False,True
2522747,K25,HK252,True,8,17.0,17.0,3,False,False,True
2522747,K25,HK261,True,6,19.0,0.0,4,False,False,False
2522830,K25,HK251,True,6,16.0,16.0,2,True,False,True
2522830,K25,HK252,True,8,17.0,17.0,5,True,False,True
2522830,K25,HK261,True,5,16.0,0.0,10,True,False,False
2522908,K25,HK251,True,7,19.0,19.0,2,True,False,True
2522908,K25,HK252,True,8,17.0,17.0,3,True,False,True
2522908,K25,HK261,True,6,19.0,0.0,4,True,False,False
2522991,K25,HK251,True,7,19.0,19.0,2,True,False,True
2522991,K25,HK252,True,8,17.0,17.0,4,True,False,True
2522991,K25,HK261,True,6,19.0,0.0,5,True,False,False
2523152,K25,HK251,True,6,16.0,16.0,0,True,False,True
2523152,K25,HK252,True,8,17.0,17.0,0,True,False,True
2523152,K25,HK261,True,5,16.0,0.0,2,True,False,False
2523235,K25,HK251,True,6,16.0,16.0,0,True,False,True
2523235,K25,HK252,True,8,17.0,17.0,2,True,False,True
2523235,K25,HK261,True,5,16.0,0.0,3,True,False,False
2523313,K25,HK251,True,7,19.0,19.0,2,False,False,True
2523313,K25,HK252,True,8,17.0,17.0,6,False,False,True
2523313,K25,HK261,True,6,19.0,0.0,8,False,False,False
2523396,K25,HK251,True,7,19.0,19.0,2,False,False,True
2523396,K25,HK252,True,8,17.0,17.0,4,False,False,True
2523396,K25,HK261,True,6,19.0,0.0,6,False,False,False
2523557,K25,HK251,True,6,16.0,16.0,3,False,False,True
2523557,K25,HK252,True,8,17.0,17.0,4,False,False,True
2523557,K25,HK261,True,5,16.0,0.0,4,False,False,False
2523640,K25,HK251,True,6,16.0,16.0,1,True,False,True
2523640,K25,HK252,True,8,17.0,17.0,3,True,False,True
2523640,K25,HK261,True,5,16.0,0.0,3,True,False,False
2523718,K25,HK251,True,6,16.0,16.0,0,True,False,True
2523718,K25,HK252,True,8,17.0,17.0,3,True,False,True
2523718,K25,HK261,True,5,16.0,0.0,4,True,False,False
2523801,K25,HK251,True,6,16.0,16.0,4,True,False,True
2523801,K25,HK252,True,8,17.0,17.0,6,True,False,True
2523801,K25,HK261,True,5,16.0,0.0,6,True,False,False
2523962,K25,HK251,True,7,19.0,19.0,0,False,False,True
2523962,K25,HK252,True,8,17.0,17.0,3,False,False,True
2523962,K25,HK261,True,6,19.0,0.0,5,False,False,False
2524123,K25,HK251,True,6,16.0,16.0,3,True,False,True
2524123,K25,HK252,True,8,17.0,17.0,6,True,False,True
2524123,K25,HK261,True,5,16.0,0.0,10,True,False,False
2524206,K25,HK251,True,6,16.0,16.0,2,True,False,True
2524206,K25,HK252,True,8,17.0,17.0,4,True,False,True
2524206,K25,HK261,True,5,16.0,0.0,7,True,False,False
2524367,K25,HK251,True,7,19.0,9.0,0,True,False,True
2524367,K25,HK252,True,9,22.0,14.0,4,True,False,True
2524367,K25,HK261,True,7,22.0,0.0,7,True,False,False
2524528,K25,HK251,True,6,16.0,16.0,0,True,False,True
2524528,K25,HK252,True,8,17.0,17.0,0,True,False,True
2524528,K25,HK261,True,5,16.0,0.0,2,True,False,False
2524611,K25,HK251,True,6,16.0,16.0,3,False,False,True
2524611,K25,HK252,True,8,17.0,17.0,4,False,False,True
2524611,K25,HK261,True,5,16.0,0.0,4,False,False,False
2524772,K25,HK251,True,6,16.0,16.0,2,False,False,True
2524772,K25,HK252,True,8,17.0,17.0,4,False,False,True
2524772,K25,HK261,True,5,16.0,0.0,6,False,False,False
2524933,K25,HK251,True,6,16.0,16.0,1,False,False,True
2524933,K25,HK252,True,8,17.0,17.0,2,False,False,True
2524933,K25,HK261,True,5,16.0,0.0,4,False,False,False
2525016,K25,HK251,True,7,19.0,19.0,3,True,False,True
2525016,K25,HK252,True,8,17.0,17.0,5,True,False,True
2525016,K25,HK261,True,6,19.0,0.0,8,True,False,False
2525094,K25,HK251,True,6,16.0,16.0,0,False,False,True
2525094,K25,HK252,True,8,17.0,17.0,2,False,False,True
2525094,K25,HK261,True,5,16.0,0.0,2,False,False,False
2525177,K25,HK251,True,7,19.0,19.0,0,True,False,True
2525177,K25,HK252,True,8,17.0,17.0,1,True,False,True
2525177,K25,HK261,True,6,19.0,0.0,4,True,False,False
2525338,K25,HK251,True,6,16.0,16.0,2,True,False,True
2525338,K25,HK252,True,8,17.0,17.0,7,True,False,True
2525338,K25,HK261,True,5,16.0,0.0,11,True,False,False
2525421,K25,HK251,True,7,19.0,19.0,0,False,False,True
2525421,K25,HK252,True,8,17.0,17.0,3,False,False,True
2525421,K25,HK261,True,6,19.0,0.0,7,False,False,False
2525499,K25,HK251,True,7,19.0,19.0,0,True,False,True
2525499,K25,HK252,True,8,17.0,17.0,2,True,False,True
2525499,K25,HK261,True,6,19.0,0.0,4,True,False,False
2525582,K25,HK251,True,6,16.0,16.0,1,False,False,True
2525582,K25,HK252,True,8,17.0,17.0,1,False,False,True
2525582,K25,HK261,True,5,16.0,0.0,2,False,False,False
2525743,K25,HK251,True,7,19.0,19.0,5,False,False,True
2525743,K25,HK252,True,8,17.0,15.0,8,False,False,True
2525743,K25,HK261,True,6,19.0,0.0,9,False,False,False
2525826,K25,HK251,True,6,16.0,16.0,0,False,False,True
2525904,K25,HK251,True,6,16.0,16.0,0,True,False,True
2525904,K25,HK252,True,8,17.0,17.0,1,True,False,True
2525904,K25,HK261,True,5,16.0,0.0,4,True,False,False
2525987,K25,HK251,True,6,16.0,16.0,2,True,False,True
2525987,K25,HK252,True,8,17.0,17.0,3,True,False,True
2525987,K25,HK261,True,5,16.0,0.0,5,True,False,False
2526148,K25,HK251,True,6,16.0,16.0,3,False,False,True
2526148,K25,HK252,True,8,17.0,17.0,6,False,False,True
2526148,K25,HK261,True,5,16.0,0.0,9,False,False,False
2526231,K25,HK251,True,7,19.0,10.0,2,False,False,True
2526231,K25,HK252,True,9,21.0,12.0,4,False,False,True
2526231,K25,HK261,True,7,19.0,0.0,6,False,False,False
2526309,K25,HK251,True,6,16.0,11.0,1,False,False,True
2526309,K25,HK252,True,10,20.0,13.0,3,False,False,True
2526309,K25,HK261,True,7,21.0,0.0,9,False,False,False
2526392,K25,HK251,True,7,19.0,19.0,0,True,False,True
2526392,K25,HK252,True,8,17.0,17.0,2,True,False,True
2526392,K25,HK261,True,6,19.0,0.0,6,True,False,False
2526553,K25,HK251,True,7,19.0,19.0,0,False,False,True
2526553,K25,HK252,True,8,17.0,17.0,2,False,False,True
2526553,K25,HK261,True,6,19.0,0.0,4,False,False,False
2526714,K25,HK251,True,7,19.0,19.0,0,True,False,True
2526714,K25,HK252,True,8,17.0,17.0,2,True,False,True
2526714,K25,HK261,True,6,19.0,0.0,4,True,False,False
2526797,K25,HK251,True,7,19.0,19.0,1,False,False,True
2526797,K25,HK252,True,8,17.0,17.0,3,False,False,True
2526797,K25,HK261,True,6,19.0,0.0,4,False,False,False
2526958,K25,HK251,True,6,16.0,16.0,1,True,False,True
2526958,K25,HK252,True,8,17.0,17.0,2,True,False,True
2526958,K25,HK261,True,5,16.0,0.0,4,True,False,False
2527119,K25,HK251,True,6,16.0,16.0,2,False,False,True
2527119,K25,HK252,True,8,17.0,17.0,3,False,False,True
2527119,K25,HK261,True,5,16.0,0.0,4,False,False,False
2527202,K25,HK251,True,6,16.0,16.0,1,False,False,True
2527202,K25,HK252,True,8,17.0,17.0,2,False,False,True
2527202,K25,HK261,True,5,16.0,0.0,3,False,False,False
2527363,K25,HK251,True,6,16.0,16.0,5,False,False,True
2527363,K25,HK252,True,8,17.0,17.0,8,False,False,True
2527524,K25,HK251,True,6,16.0,16.0,0,False,False,True
2527524,K25,HK252,True,8,17.0,17.0,2,False,False,True
2527524,K25,HK261,True,5,16.0,0.0,2,False,False,False
2527607,K25,HK251,True,6,16.0,16.0,4,False,False,True
2527607,K25,HK252,True,8,17.0,17.0,5,False,False,True
2527607,K25,HK261,True,5,16.0,0.0,6,False,False,False
2527768,K25,HK251,True,6,16.0,16.0,2,False,False,True
2527768,K25,HK252,True,8,17.0,17.0,5,False,False,True
2527768,K25,HK261,True,5,16.0,0.0,6,False,False,False
2527929,K25,HK251,True,6,16.0,16.0,4,True,False,True
2527929,K25,HK252,True,8,17.0,17.0,5,True,False,True
2527929,K25,HK261,True,5,16.0,0.0,7,True,False,False
2528012,K25,HK251,True,7,19.0,19.0,1,False,False,True
2528012,K25,HK252,True,8,17.0,17.0,3,False,False,True
2528012,K25,HK261,True,6,19.0,0.0,3,False,False,False
2528090,K25,HK251,True,6,16.0,16.0,2,True,False,True
2528090,K25,HK252,True,8,17.0,17.0,3,True,False,True
2528090,K25,HK261,True,5,16.0,0.0,5,True,False,False
2528173,K25,HK251,True,6,16.0,16.0,0,True,False,True
2528173,K25,HK252,True,8,17.0,17.0,2,True,False,True
2528173,K25,HK261,True,5,16.0,0.0,4,True,False,False
2528334,K25,HK251,True,6,16.0,16.0,2,True,False,True
2528334,K25,HK252,True,8,17.0,17.0,3,True,False,True
2528334,K25,HK261,True,5,16.0,0.0,6,True,False,False
2528417,K25,HK251,True,6,16.0,16.0,2,True,False,True
2528417,K25,HK252,True,8,17.0,17.0,5,True,False,True
2528417,K25,HK261,True,5,16.0,0.0,7,True,False,False
2528495,K25,HK251,True,6,16.0,16.0,3,False,False,True
2528495,K25,HK252,True,8,17.0,17.0,6,False,False,True
2528495,K25,HK261,True,5,16.0,0.0,7,False,False,False
2528578,K25,HK251,True,6,16.0,16.0,0,True,False,True
2528578,K25,HK252,True,8,17.0,17.0,5,True,False,True
2528578,K25,HK261,True,5,16.0,0.0,8,True,False,False
2528739,K25,HK251,True,6,16.0,16.0,1,False,False,True
2528739,K25,HK252,True,8,17.0,17.0,2,False,False,True
2528739,K25,HK261,True,5,16.0,0.0,2,False,False,False
2528822,K25,HK251,True,6,16.0,14.0,0,False,False,True
2528822,K25,HK252,True,8,17.0,15.0,1,False,False,True
2528822,K25,HK261,True,5,16.0,0.0,1,False,False,False
2528900,K25,HK251,True,6,16.0,16.0,3,False,False,True
2528900,K25,HK252,True,8,17.0,17.0,4,False,False,True
2528900,K25,HK261,True,5,16.0,0.0,5,False,False,False
2528983,K25,HK251,True,7,19.0,19.0,3,False,False,True
2528983,K25,HK252,True,8,17.0,17.0,4,False,False,True
2528983,K25,HK261,True,6,19.0,0.0,7,False,False,False
2529144,K25,HK251,True,6,16.0,16.0,2,False,False,True
2529144,K25,HK252,True,8,17.0,17.0,3,False,False,True
2529144,K25,HK261,True,5,16.0,0.0,8,False,False,False
2529227,K25,HK251,True,7,19.0,17.0,1,False,False,True
2529227,K25,HK252,True,8,17.0,16.0,1,False,False,True
2529227,K25,HK261,True,6,18.0,0.0,5,False,False,False
2529305,K25,HK251,True,7,19.0,19.0,0,False,False,True
2529305,K25,HK252,True,8,17.0,17.0,3,False,False,True
2529305,K25,HK261,True,6,19.0,0.0,7,False,False,False
2529388,K25,HK251,True,6,16.0,16.0,4,False,False,True
2529388,K25,HK252,True,8,17.0,17.0,6,False,False,True
2529388,K25,HK261,True,5,16.0,0.0,7,False,False,False
2529549,K25,HK251,True,7,19.0,19.0,1,False,False,True
2529549,K25,HK252,True,8,17.0,16.0,5,False,False,True
2529549,K25,HK261,True,6,17.0,0.0,7,False,False,False
2529710,K25,HK251,True,6,16.0,16.0,0,True,False,True
2529710,K25,HK252,True,8,17.0,17.0,1,True,False,True
2529710,K25,HK261,True,5,16.0,0.0,1,True,False,False
2529793,K25,HK251,True,7,19.0,19.0,1,True,False,True
2529793,K25,HK252,True,8,17.0,17.0,3,True,False,True
2529793,K25,HK261,True,6,19.0,0.0,5,True,False,False
2529954,K25,HK251,True,7,19.0,19.0,4,True,False,True
2529954,K25,HK252,True,8,17.0,17.0,5,True,False,True
2529954,K25,HK261,True,6,19.0,0.0,8,True,False,False
2530115,K25,HK251,True,6,16.0,16.0,1,False,False,True
2530115,K25,HK252,True,8,17.0,17.0,4,False,False,True
2530115,K25,HK261,True,5,16.0,0.0,5,False,False,False
2530198,K25,HK251,True,7,19.0,19.0,1,True,False,True
2530198,K25,HK252,True,8,17.0,17.0,1,True,False,True
2530198,K25,HK261,True,6,19.0,0.0,2,True,False,False
2530359,K25,HK251,True,6,16.0,16.0,2,True,False,True
2530359,K25,HK252,True,8,17.0,17.0,4,True,False,True
2530359,K25,HK261,True,5,16.0,0.0,6,True,False,False
2530520,K25,HK251,True,6,16.0,16.0,3,True,False,True
2530520,K25,HK252,True,8,17.0,17.0,5,True,False,True
2530520,K25,HK261,True,5,16.0,0.0,5,True,False,False
2530603,K25,HK251,True,6,16.0,16.0,3,False,False,True
2530603,K25,HK252,True,8,17.0,17.0,4,False,False,True
2530603,K25,HK261,True,5,16.0,0.0,5,False,False,False
2530681,K25,HK251,True,6,16.0,16.0,5,True,False,True
2530681,K25,HK252,True,8,17.0,17.0,7,True,False,True
2530681,K25,HK261,True,5,16.0,0.0,8,True,False,False
2530764,K25,HK251,True,7,19.0,19.0,4,True,False,True
2530764,K25,HK252,True,9,20.0,20.0,4,True,False,True
2530764,K25,HK261,True,6,19.0,0.0,4,True,False,False
2530925,K25,HK251,True,6,16.0,16.0,3,True,False,True
2530925,K25,HK252,True,8,17.0,17.0,5,True,False,True
2530925,K25,HK261,True,5,16.0,0.0,5,True,False,False
2531008,K25,HK251,True,6,16.0,16.0,2,False,False,True
2531008,K25,HK252,True,8,17.0,17.0,4,False,False,True
2531008,K25,HK261,True,5,16.0,0.0,6,False,False,False
2531086,K25,HK251,True,7,19.0,19.0,2,False,False,True
2531086,K25,HK252,True,8,17.0,17.0,3,False,False,True
2531086,K25,HK261,True,6,19.0,0.0,5,False,False,False
2531169,K25,HK251,True,6,16.0,11.0,3,True,False,True
2531169,K25,HK252,True,9,20.0,7.0,4,True,False,True
2531169,K25,HK261,True,7,20.0,0.0,4,True,False,False
2531330,K25,HK251,True,6,16.0,16.0,0,False,False,True
2531330,K25,HK252,True,8,17.0,17.0,0,False,False,True
2531330,K25,HK261,True,5,16.0,0.0,1,False,False,False
2531413,K25,HK251,True,6,16.0,16.0,0,False,False,True
2531413,K25,HK252,True,8,17.0,17.0,2,False,False,True
2531413,K25,HK261,True,5,16.0,0.0,3,False,False,False
2531491,K25,HK251,True,6,16.0,16.0,1,True,False,True
2531491,K25,HK252,True,8,17.0,17.0,5,True,False,True
2531491,K25,HK261,True,5,16.0,0.0,7,True,False,False
2531574,K25,HK251,True,7,19.0,19.0,2,True,False,True
2531574,K25,HK252,True,8,17.0,17.0,2,True,False,True
2531574,K25,HK261,True,6,19.0,0.0,7,True,False,False
2531735,K25,HK251,True,6,16.0,16.0,2,True,False,True
2531735,K25,HK252,True,8,17.0,17.0,6,True,False,True
2531735,K25,HK261,True,5,16.0,0.0,9,True,False,False
2531818,K25,HK251,True,7,19.0,19.0,0,True,False,True
2531818,K25,HK252,True,8,17.0,17.0,1,True,False,True
2531818,K25,HK261,True,6,19.0,0.0,1,True,False,False
2531896,K25,HK251,True,7,19.0,19.0,2,True,False,True
2531896,K25,HK252,True,8,17.0,17.0,6,True,False,True
2531896,K25,HK261,True,6,19.0,0.0,9,True,False,False
2531979,K25,HK251,True,7,19.0,11.0,0,False,False,True
2531979,K25,HK252,True,9,22.0,8.0,0,False,False,True
2531979,K25,HK261,True,9,21.0,0.0,0,False,False,False
2532140,K25,HK251,True,7,19.0,19.0,3,True,False,True
2532140,K25,HK252,True,8,17.0,17.0,6,True,False,True
2532140,K25,HK261,True,6,19.0,0.0,6,True,False,False
2532223,K25,HK251,True,6,16.0,16.0,3,False,False,True
2532223,K25,HK252,True,8,17.0,17.0,5,False,False,True
2532223,K25,HK261,True,5,16.0,0.0,8,False,False,False
2532301,K25,HK251,True,7,19.0,19.0,0,False,False,True
2532301,K25,HK252,True,8,17.0,17.0,2,False,False,True
2532301,K25,HK261,True,6,19.0,0.0,3,False,False,False
2532384,K25,HK251,True,7,19.0,19.0,1,True,False,True
2532384,K25,HK252,True,8,17.0,17.0,2,True,False,True
2532384,K25,HK261,True,6,19.0,0.0,5,True,False,False
2532545,K25,HK251,True,6,16.0,16.0,4,True,False,True
2532545,K25,HK252,True,8,17.0,17.0,8,True,False,True
2532545,K25,HK261,True,5,16.0,0.0,12,True,False,False
2532706,K25,HK251,True,6,16.0,16.0,3,False,False,True
2532706,K25,HK252,True,8,17.0,17.0,5,False,False,True
2532706,K25,HK261,True,5,16.0,0.0,7,False,False,False
2532789,K25,HK251,True,6,16.0,16.0,1,False,False,True
2532789,K25,HK252,True,8,17.0,17.0,3,False,False,True
2532789,K25,HK261,True,5,16.0,0.0,3,False,False,False
2532950,K25,HK251,True,6,16.0,16.0,0,True,False,True
2532950,K25,HK252,True,8,17.0,17.0,1,True,False,True
2532950,K25,HK261,True,5,16.0,0.0,4,True,False,False
2533111,K25,HK251,True,6,16.0,16.0,0,False,False,True
2533111,K25,HK252,True,8,17.0,17.0,0,False,False,True
2533111,K25,HK261,True,5,16.0,0.0,1,False,False,False
2533194,K25,HK251,True,6,16.0,16.0,1,False,False,True
2533194,K25,HK252,True,8,17.0,17.0,2,False,False,True
2533194,K25,HK261,True,5,16.0,0.0,2,False,False,False
2533355,K25,HK251,True,7,19.0,19.0,1,True,False,True
2533355,K25,HK252,True,8,17.0,17.0,8,True,False,True
2533355,K25,HK261,True,6,19.0,0.0,10,True,False,False
2533516,K25,HK251,True,6,16.0,16.0,0,False,False,True
2533516,K25,HK252,True,8,17.0,17.0,3,False,False,True
2533516,K25,HK261,True,5,16.0,0.0,4,False,False,False
2533599,K25,HK251,True,7,19.0,6.0,1,False,False,True
2533599,K25,HK252,True,10,21.0,18.0,3,False,False,True
2533599,K25,HK261,True,8,17.0,0.0,5,False,False,False
2533677,K25,HK251,True,7,19.0,19.0,0,False,False,True
2533677,K25,HK252,True,8,17.0,17.0,2,False,False,True
2533677,K25,HK261,True,6,19.0,0.0,4,False,False,False
2533760,K25,HK251,True,7,19.0,16.0,2,False,False,True
2533760,K25,HK252,True,9,20.0,20.0,2,False,False,True
2533760,K25,HK261,True,6,19.0,0.0,2,False,False,False
2533921,K25,HK251,True,6,16.0,16.0,2,False,False,True
2533921,K25,HK252,True,8,17.0,17.0,4,False,False,True
2533921,K25,HK261,True,5,16.0,0.0,11,False,False,False
2534004,K25,HK251,True,6,16.0,16.0,4,True,False,True
2534004,K25,HK252,True,8,17.0,17.0,8,True,False,True
2534004,K25,HK261,True,5,16.0,0.0,12,True,False,False
2534082,K25,HK251,True,6,16.0,16.0,1,True,False,True
2534082,K25,HK252,True,8,17.0,17.0,1,True,False,True
2534082,K25,HK261,True,5,16.0,0.0,1,True,False,False
2534165,K25,HK251,True,7,19.0,16.0,0,False,False,True
2534165,K25,HK252,True,9,20.0,11.0,1,False,False,True
2534165,K25,HK261,True,7,19.0,0.0,2,False,False,False
2534326,K25,HK251,True,7,19.0,19.0,1,True,False,True
2534326,K25,HK252,True,8,17.0,17.0,2,True,False,True
2534326,K25,HK261,True,6,19.0,0.0,3,True,False,False
2534409,K25,HK251,True,7,19.0,19.0,1,False,False,True
2534409,K25,HK252,True,8,17.0,17.0,1,False,False,True
2534409,K25,HK261,True,6,19.0,0.0,3,False,False,False
2534487,K25,HK251,True,7,19.0,19.0,1,True,False,True
2534487,K25,HK252,True,8,17.0,17.0,7,True,False,True
2534487,K25,HK261,True,6,19.0,0.0,8,True,False,False
2534570,K25,HK251,True,7,19.0,19.0,1,True,False,True
2534570,K25,HK252,True,9,20.0,20.0,1,True,False,True
2534570,K25,HK261,True,6,19.0,0.0,3,True,False,False
2534731,K25,HK251,True,7,19.0,19.0,2,True,False,True
2534731,K25,HK252,True,8,17.0,17.0,3,True,False,True
2534731,K25,HK261,True,6,19.0,0.0,4,True,False,False
2534814,K25,HK251,True,6,16.0,7.0,2,False,False,True
2534814,K25,HK252,True,10,21.0,11.0,8,False,False,True
2534892,K25,HK251,True,7,19.0,12.0,1,False,False,True
2534892,K25,HK252,True,9,21.0,10.0,4,False,False,True
2534892,K25,HK261,True,7,20.0,0.0,5,False,False,False
2534975,K25,HK251,True,6,16.0,0.0,1,False,False,True
2534975,K25,HK252,True,9,21.0,3.0,3,False,False,True
2535136,K25,HK251,True,6,16.0,16.0,3,False,False,True
2535136,K25,HK252,True,8,17.0,17.0,7,False,False,True
2535136,K25,HK261,True,5,16.0,0.0,9,False,False,False
2535297,K25,HK251,True,6,16.0,16.0,2,False,False,True
2535297,K25,HK252,True,8,17.0,17.0,3,False,False,True
2535297,K25,HK261,True,5,16.0,0.0,5,False,False,False
2535380,K25,HK251,True,6,16.0,16.0,1,False,False,True
2535380,K25,HK252,True,8,17.0,17.0,2,False,False,True
2535380,K25,HK261,True,5,16.0,0.0,2,False,False,False
2535541,K25,HK251,True,7,19.0,19.0,3,False,False,True
2535541,K25,HK252,True,8,17.0,17.0,4,False,False,True
2535541,K25,HK261,True,6,19.0,0.0,6,False,False,False
2535702,K25,HK251,True,6,16.0,16.0,2,False,False,True
2535702,K25,HK252,True,8,17.0,17.0,4,False,False,True
2535702,K25,HK261,True,5,16.0,0.0,6,False,False,False
2535785,K25,HK251,True,6,16.0,4.0,3,True,False,True
2535785,K25,HK252,True,10,22.0,14.0,4,True,False,True
2535785,K25,HK261,True,8,22.0,0.0,5,True,False,False
2535946,K25,HK251,True,6,16.0,16.0,3,False,False,True
2535946,K25,HK252,True,8,17.0,17.0,6,False,False,True
2535946,K25,HK261,True,5,16.0,0.0,6,False,False,False
2536107,K25,HK251,True,6,16.0,16.0,4,False,False,True
2536107,K25,HK252,True,8,17.0,17.0,6,False,False,True
2536107,K25,HK261,True,5,16.0,0.0,11,False,False,False
2536190,K25,HK251,True,6,16.0,16.0,3,True,False,True
2536190,K25,HK252,True,8,17.0,17.0,4,True,False,True
2536190,K25,HK261,True,5,16.0,0.0,5,True,False,False
2536351,K25,HK251,True,7,19.0,19.0,4,True,False,True
2536351,K25,HK252,True,8,17.0,17.0,4,True,False,True
2536351,K25,HK261,True,6,19.0,0.0,8,True,False,False
2536512,K25,HK251,True,6,16.0,16.0,2,False,False,True
2536512,K25,HK252,True,8,17.0,17.0,4,False,False,True
2536512,K25,HK261,True,5,16.0,0.0,6,False,False,False
2536595,K25,HK251,True,6,16.0,16.0,3,True,False,True
2536595,K25,HK252,True,8,17.0,17.0,3,True,False,True
2536595,K25,HK261,True,5,16.0,0.0,4,True,False,False
2536673,K25,HK251,True,7,19.0,19.0,2,True,False,True
2536673,K25,HK252,True,8,17.0,17.0,3,True,False,True
2536673,K25,HK261,True,6,19.0,0.0,6,True,False,False
2536756,K25,HK251,True,6,16.0,16.0,1,True,False,True
2536756,K25,HK252,True,8,17.0,17.0,4,True,False,True
2536756,K25,HK261,True,5,16.0,0.0,6,True,False,False
2536917,K25,HK251,True,6,16.0,0.0,1,True,False,True
2536917,K25,HK252,True,10,21.0,15.0,1,True,False,True
2536917,K25,HK261,True,10,20.0,0.0,1,True,False,False
2537000,K25,HK251,True,6,16.0,7.0,2,False,False,True
2537078,K25,HK251,True,7,19.0,19.0,1,False,False,True
2537078,K25,HK252,True,8,17.0,17.0,4,False,False,True
2537078,K25,HK261,True,6,19.0,0.0,6,False,False,False
2537161,K25,HK251,True,7,19.0,19.0,1,True,False,True
2537161,K25,HK252,True,9,20.0,20.0,3,True,False,True
2537161,K25,HK261,True,6,19.0,0.0,3,True,False,False
2537322,K25,HK251,True,6,16.0,16.0,2,True,False,True
2537322,K25,HK252,True,8,17.0,17.0,2,True,False,True
2537322,K25,HK261,True,5,16.0,0.0,4,True,False,False
2537405,K25,HK251,True,6,16.0,16.0,0,True,False,True
2537405,K25,HK252,True,8,17.0,17.0,2,True,False,True
2537405,K25,HK261,True,5,16.0,0.0,4,True,False,False
2537483,K25,HK251,True,7,19.0,19.0,1,True,False,True
2537483,K25,HK252,True,8,17.0,17.0,1,True,False,True
2537483,K25,HK261,True,6,19.0,0.0,3,True,False,False
2537566,K25,HK251,True,6,16.0,16.0,2,True,False,True
2537566,K25,HK252,True,8,17.0,17.0,3,True,False,True
2537566,K25,HK261,True,5,16.0,0.0,3,True,False,False
2537727,K25,HK251,True,7,19.0,19.0,1,False,False,True
2537727,K25,HK252,True,8,17.0,17.0,7,False,False,True
2537727,K25,HK261,True,6,19.0,0.0,8,False,False,False
2537810,K25,HK251,True,7,19.0,19.0,1,False,False,True
2537810,K25,HK252,True,8,17.0,16.0,1,False,False,True
2537810,K25,HK261,True,6,17.0,0.0,2,False,False,False
2537888,K25,HK251,True,6,16.0,16.0,1,True,False,True
2537888,K25,HK252,True,8,17.0,17.0,2,True,False,True
2537888,K25,HK261,True,5,16.0,0.0,2,True,False,False
2537971,K25,HK251,True,6,16.0,16.0,0,False,False,True
2537971,K25,HK252,True,8,17.0,17.0,2,False,False,True
2537971,K25,HK261,True,5,16.0,0.0,5,False,False,False
2538132,K25,HK251,True,6,16.0,16.0,1,False,False,True
2538132,K25,HK252,True,8,17.0,17.0,2,False,False,True
2538132,K25,HK261,True,5,16.0,0.0,5,False,False,False
2538293,K25,HK251,True,7,19.0,19.0,0,False,False,True
2538293,K25,HK252,True,8,17.0,17.0,1,False,False,True
2538293,K25,HK261,True,6,19.0,0.0,1,False,False,False
2538376,K25,HK251,True,7,19.0,12.0,1,False,False,True
2538376,K25,HK252,True,9,21.0,18.0,5,False,False,True
2538376,K25,HK261,True,7,17.0,0.0,5,False,False,False
2538537,K25,HK251,True,7,19.0,19.0,1,False,False,True
2538537,K25,HK252,True,8,17.0,17.0,3,False,False,True
2538537,K25,HK261,True,6,19.0,0.0,7,False,False,False
2538698,K25,HK251,True,6,16.0,16.0,1,False,False,True
2538698,K25,HK252,True,8,17.0,17.0,5,False,False,True
2538698,K25,HK261,True,5,16.0,0.0,6,False,False,False
2538781,K25,HK251,True,7,19.0,19.0,2,False,False,True
2538781,K25,HK252,True,8,17.0,17.0,2,False,False,True
2538781,K25,HK261,True,6,19.0,0.0,3,False,False,False
2538942,K25,HK251,True,6,16.0,16.0,3,True,False,True
2538942,K25,HK252,True,8,17.0,17.0,4,True,False,True
2538942,K25,HK261,True,5,16.0,0.0,4,True,False,False
2539103,K25,HK251,True,6,16.0,16.0,1,True,False,True
2539103,K25,HK252,True,8,17.0,17.0,3,True,False,True
2539103,K25,HK261,True,5,16.0,0.0,5,True,False,False
2539186,K25,HK251,True,7,19.0,19.0,1,True,False,True
2539186,K25,HK252,True,8,17.0,17.0,4,True,False,True
2539186,K25,HK261,True,6,19.0,0.0,8,True,False,False
2539264,K25,HK251,True,6,16.0,16.0,1,False,False,True
2539264,K25,HK252,True,8,17.0,17.0,4,False,False,True
2539264,K25,HK261,True,5,16.0,0.0,4,False,False,False
2539347,K25,HK251,True,6,16.0,16.0,2,True,False,True
2539347,K25,HK252,True,8,17.0,17.0,5,True,False,True
2539347,K25,HK261,True,5,16.0,0.0,6,True,False,False
2539508,K25,HK251,True,6,16.0,16.0,1,False,False,True
2539508,K25,HK252,True,8,17.0,15.0,3,False,False,True
2539508,K25,HK261,True,5,16.0,0.0,6,False,False,False
2539591,K25,HK251,True,6,16.0,16.0,1,False,False,True
2539591,K25,HK252,True,8,17.0,17.0,2,False,False,True
2539591,K25,HK261,True,5,16.0,0.0,5,False,False,False
2539669,K25,HK251,True,6,16.0,16.0,2,True,False,True
2539669,K25,HK252,True,8,17.0,17.0,3,True,False,True
2539669,K25,HK261,True,5,16.0,0.0,7,True,False,False
2539752,K25,HK251,True,7,19.0,19.0,1,True,False,True
2539752,K25,HK252,True,8,17.0,17.0,5,True,False,True
2539752,K25,HK261,True,6,19.0,0.0,9,True,False,False
2539913,K25,HK251,True,6,16.0,16.0,1,False,False,True
2539913,K25,HK252,True,8,17.0,17.0,1,False,False,True
2539913,K25,HK261,True,5,16.0,0.0,3,False,False,False
2539996,K25,HK251,True,6,16.0,16.0,0,True,False,True
2539996,K25,HK252,True,8,17.0,17.0,6,True,False,True
2539996,K25,HK261,True,5,16.0,0.0,8,True,False,False
2540074,K25,HK251,True,7,19.0,19.0,1,True,False,True
2540074,K25,HK252,True,8,17.0,17.0,5,True,False,True
2540074,K25,HK261,True,6,19.0,0.0,7,True,False,False
2540157,K25,HK251,True,7,19.0,19.0,0,False,False,True
2540157,K25,HK252,True,8,17.0,17.0,1,False,False,True
2540157,K25,HK261,True,6,19.0,0.0,2,False,False,False
2540318,K25,HK251,True,6,16.0,16.0,2,True,False,True
2540318,K25,HK252,True,8,17.0,17.0,3,True,False,True
2540318,K25,HK261,True,5,16.0,0.0,7,True,False,False
2540401,K25,HK251,True,7,19.0,19.0,4,False,False,True
2540401,K25,HK252,True,8,17.0,16.0,6,False,False,True
2540401,K25,HK261,True,6,17.0,0.0,8,False,False,False
2540479,K25,HK251,True,7,19.0,19.0,1,True,False,True
2540479,K25,HK252,True,8,17.0,17.0,2,True,False,True
2540479,K25,HK261,True,6,19.0,0.0,3,True,False,False
2540562,K25,HK251,True,7,19.0,19.0,4,True,False,True
2540562,K25,HK252,True,8,17.0,17.0,4,True,False,True
2540562,K25,HK261,True,6,19.0,0.0,7,True,False,False
2540723,K25,HK251,True,6,16.0,16.0,2,True,False,True
2540723,K25,HK252,True,8,17.0,17.0,4,True,False,True
2540723,K25,HK261,True,5,16.0,0.0,7,True,False,False
2540806,K25,HK251,True,6,16.0,16.0,1,True,False,True
2540806,K25,HK252,True,8,17.0,17.0,2,True,False,True
2540806,K25,HK261,True,5,16.0,0.0,4,True,False,False
2540884,K25,HK251,True,6,16.0,16.0,4,True,False,True
2540884,K25,HK252,True,8,17.0,17.0,6,True,False,True
2540884,K25,HK261,True,5,16.0,0.0,8,True,False,False
2540967,K25,HK251,True,6,16.0,16.0,1,True,False,True
2540967,K25,HK252,True,8,17.0,17.0,1,True,False,True
2540967,K25,HK261,True,5,16.0,0.0,2,True,False,False
2541128,K25,HK251,True,6,16.0,16.0,0,True,False,True
2541128,K25,HK252,True,8,17.0,17.0,1,True,False,True
2541128,K25,HK261,True,5,16.0,0.0,4,True,False,False
2541289,K25,HK251,True,6,16.0,16.0,2,True,False,True
2541289,K25,HK252,True,8,17.0,17.0,4,True,False,True
2541289,K25,HK261,True,5,16.0,0.0,4,True,False,False
2541372,K25,HK251,True,6,16.0,16.0,1,True,False,True
2541372,K25,HK252,True,8,17.0,17.0,3,True,False,True
2541372,K25,HK261,True,5,16.0,0.0,5,True,False,False
2541533,K25,HK251,True,6,16.0,16.0,1,True,False,True
2541533,K25,HK252,True,8,17.0,17.0,3,True,False,True
2541533,K25,HK261,True,5,16.0,0.0,7,True,False,False
2541694,K25,HK251,True,6,16.0,16.0,0,True,False,True
2541694,K25,HK252,True,8,17.0,17.0,1,True,False,True
2541777,K25,HK251,True,7,19.0,19.0,3,False,False,True
2541777,K25,HK252,True,8,17.0,17.0,5,False,False,True
2541777,K25,HK261,True,6,19.0,0.0,6,False,False,False
2541938,K25,HK251,True,7,19.0,19.0,1,False,False,True
2541938,K25,HK252,True,8,17.0,17.0,4,False,False,True
2541938,K25,HK261,True,6,19.0,0.0,5,False,False,False
2542099,K25,HK251,True,6,16.0,16.0,2,False,False,True
2542099,K25,HK252,True,8,17.0,17.0,4,False,False,True
2542099,K25,HK261,True,5,16.0,0.0,6,False,False,False
2542182,K25,HK251,True,7,19.0,19.0,0,False,False,True
2542182,K25,HK252,True,8,17.0,17.0,2,False,False,True
2542182,K25,HK261,True,6,19.0,0.0,4,False,False,False
2542260,K25,HK251,True,7,19.0,19.0,4,False,False,True
2542260,K25,HK252,True,8,17.0,17.0,4,False,False,True
2542260,K25,HK261,True,6,19.0,0.0,10,False,False,False
2542343,K25,HK251,True,6,16.0,16.0,2,False,False,True
2542343,K25,HK252,True,8,17.0,17.0,2,False,False,True
2542343,K25,HK261,True,5,16.0,0.0,4,False,False,False
2542504,K25,HK251,True,6,16.0,16.0,2,True,False,True
2542504,K25,HK252,True,8,17.0,17.0,2,True,False,True
2542504,K25,HK261,True,5,16.0,0.0,5,True,False,False
2542587,K25,HK251,True,7,19.0,19.0,2,False,False,True
2542587,K25,HK252,True,8,17.0,17.0,4,False,False,True
2542587,K25,HK261,True,6,19.0,0.0,6,False,False,False
2542665,K25,HK251,True,6,16.0,16.0,0,True,False,True
2542665,K25,HK252,True,8,17.0,17.0,1,True,False,True
2542665,K25,HK261,True,5,16.0,0.0,3,True,False,False
2542748,K25,HK251,True,7,19.0,19.0,1,True,False,True
2542748,K25,HK252,True,8,17.0,17.0,3,True,False,True
2542748,K25,HK261,True,6,19.0,0.0,6,True,False,False
2542909,K25,HK251,True,7,19.0,19.0,2,True,False,True
2542909,K25,HK252,True,9,20.0,20.0,4,True,False,True
2542909,K25,HK261,True,6,19.0,0.0,5,True,False,False
2542992,K25,HK251,True,7,19.0,19.0,1,False,False,True
2542992,K25,HK252,True,8,17.0,17.0,5,False,False,True
2542992,K25,HK261,True,6,19.0,0.0,8,False,False,False
2543070,K25,HK251,True,7,19.0,19.0,4,True,False,True
2543070,K25,HK252,True,8,17.0,17.0,4,True,False,True
2543070,K25,HK261,True,6,19.0,0.0,6,True,False,False
2543153,K25,HK251,True,6,16.0,16.0,5,True,False,True
2543153,K25,HK252,True,8,17.0,17.0,5,True,False,True
2543153,K25,HK261,True,5,16.0,0.0,10,True,False,False
2543314,K25,HK251,True,7,19.0,19.0,4,False,False,True
2543314,K25,HK252,True,8,17.0,17.0,4,False,False,True
2543314,K25,HK261,True,6,19.0,0.0,5,False,False,False
2543397,K25,HK251,True,6,16.0,16.0,0,True,False,True
2543397,K25,HK252,True,8,17.0,17.0,2,True,False,True
2543397,K25,HK261,True,5,16.0,0.0,3,True,False,False
2543475,K25,HK251,True,6,16.0,16.0,1,False,False,True
2543475,K25,HK252,True,8,17.0,17.0,2,False,False,True
2543475,K25,HK261,True,5,16.0,0.0,4,False,False,False
2543558,K25,HK251,True,7,19.0,19.0,2,False,False,True
2543558,K25,HK252,True,9,20.0,20.0,8,False,False,True
2543558,K25,HK261,True,6,19.0,0.0,11,False,False,False
2543719,K25,HK251,True,6,16.0,16.0,1,False,False,True
2543719,K25,HK252,True,8,17.0,17.0,2,False,False,True
2543719,K25,HK261,True,5,16.0,0.0,2,False,False,False
2543880,K25,HK251,True,7,19.0,19.0,2,True,False,True
2543880,K25,HK252,True,8,17.0,17.0,5,True,False,True
2543880,K25,HK261,True,6,19.0,0.0,6,True,False,False
2543963,K25,HK251,True,7,19.0,19.0,2,True,False,True
2543963,K25,HK252,True,9,20.0,20.0,4,True,False,True
2543963,K25,HK261,True,6,19.0,0.0,5,True,False,False
2544124,K25,HK251,True,6,16.0,13.0,0,False,False,True
2544124,K25,HK252,True,9,20.0,18.0,0,False,False,True
2544124,K25,HK261,True,5,16.0,0.0,2,False,False,False
2544285,K25,HK251,True,7,19.0,19.0,3,False,False,True
2544285,K25,HK252,True,8,17.0,17.0,6,False,False,True
2544285,K25,HK261,True,6,19.0,0.0,9,False,False,False
2544368,K25,HK251,True,6,16.0,16.0,2,True,False,True
2544368,K25,HK252,True,8,17.0,17.0,8,True,False,True
2544368,K25,HK261,True,5,16.0,0.0,10,True,False,False
2544529,K25,HK251,True,7,19.0,19.0,4,False,False,True
2544529,K25,HK252,True,8,17.0,17.0,5,False,False,True
2544529,K25,HK261,True,6,19.0,0.0,8,False,False,False
2544690,K25,HK251,True,7,19.0,19.0,2,True,False,True
2544690,K25,HK252,True,8,17.0,17.0,3,True,False,True
2544690,K25,HK261,True,6,19.0,0.0,5,True,False,False
2544773,K25,HK251,True,6,16.0,16.0,0,True,False,True
2544773,K25,HK252,True,8,17.0,17.0,2,True,False,True
2544773,K25,HK261,True,5,16.0,0.0,5,True,False,False
2544934,K25,HK251,True,7,19.0,19.0,2,True,False,True
2544934,K25,HK252,True,8,17.0,17.0,5,True,False,True
2544934,K25,HK261,True,6,19.0,0.0,6,True,False,False
2545095,K25,HK251,True,7,19.0,19.0,0,True,False,True
2545095,K25,HK252,True,8,17.0,17.0,3,True,False,True
2545095,K25,HK261,True,6,19.0,0.0,4,True,False,False
2545178,K25,HK251,True,7,19.0,19.0,1,False,False,True
2545178,K25,HK252,True,8,17.0,17.0,2,False,False,True
2545178,K25,HK261,True,6,19.0,0.0,4,False,False,False
2545256,K25,HK251,True,6,16.0,16.0,3,True,False,True
2545256,K25,HK252,True,8,17.0,17.0,6,True,False,True
2545256,K25,HK261,True,5,16.0,0.0,8,True,False,False
2545339,K25,HK251,True,6,16.0,16.0,1,True,False,True
2545339,K25,HK252,True,8,17.0,17.0,3,True,False,True
2545339,K25,HK261,True,5,16.0,0.0,4,True,False,False
2545500,K25,HK251,True,6,16.0,7.0,1,False,False,True
2545500,K25,HK252,True,9,21.0,9.0,4,False,False,True
2545583,K25,HK251,True,6,16.0,16.0,2,True,False,True
2545583,K25,HK252,True,8,17.0,17.0,3,True,False,True
2545583,K25,HK261,True,5,16.0,0.0,4,True,False,False
2545661,K25,HK251,True,6,16.0,16.0,3,False,False,True
2545661,K25,HK252,True,8,17.0,17.0,3,False,False,True
2545661,K25,HK261,True,5,16.0,0.0,4,False,False,False
2545744,K25,HK251,True,7,19.0,19.0,2,False,False,True
2545744,K25,HK252,True,8,17.0,17.0,6,False,False,True
2545744,K25,HK261,True,6,19.0,0.0,9,False,False,False
2545905,K25,HK251,True,6,16.0,16.0,3,False,False,True
2545905,K25,HK252,True,8,17.0,17.0,7,False,False,True
2545905,K25,HK261,True,5,16.0,0.0,9,False,False,False
2545988,K25,HK251,True,6,16.0,16.0,0,True,False,True
2545988,K25,HK252,True,8,17.0,17.0,3,True,False,True
2545988,K25,HK261,True,5,16.0,0.0,8,True,False,False
2546066,K25,HK251,True,7,19.0,19.0,4,False,False,True
2546066,K25,HK252,True,8,17.0,17.0,5,False,False,True
2546066,K25,HK261,True,6,19.0,0.0,8,False,False,False
2546149,K25,HK251,True,6,16.0,16.0,3,False,False,True
2546149,K25,HK252,True,8,17.0,17.0,6,False,False,True
2546149,K25,HK261,True,5,16.0,0.0,7,False,False,False
2546310,K25,HK251,True,6,16.0,16.0,3,False,False,True
2546310,K25,HK252,True,8,17.0,17.0,6,False,False,True
2546310,K25,HK261,True,5,16.0,0.0,7,False,False,False
2546393,K25,HK251,True,7,19.0,19.0,1,False,False,True
2546393,K25,HK252,True,8,17.0,17.0,5,False,False,True
2546393,K25,HK261,True,6,19.0,0.0,5,False,False,False
2546471,K25,HK251,True,6,16.0,16.0,1,False,False,True
2546471,K25,HK252,True,8,17.0,17.0,3,False,False,True
2546471,K25,HK261,True,5,16.0,0.0,7,False,False,False
2546554,K25,HK251,True,7,19.0,19.0,2,True,False,True
2546554,K25,HK252,True,8,17.0,17.0,2,True,False,True
2546554,K25,HK261,True,6,19.0,0.0,3,True,False,False
2546715,K25,HK251,True,7,19.0,19.0,2,False,False,True
2546715,K25,HK252,True,8,17.0,17.0,2,False,False,True
2546715,K25,HK261,True,6,19.0,0.0,3,False,False,False
2546876,K25,HK251,True,6,16.0,16.0,3,False,False,True
2546876,K25,HK252,True,8,17.0,17.0,5,False,False,True
2546876,K25,HK261,True,5,16.0,0.0,7,False,False,False
2546959,K25,HK251,True,6,16.0,16.0,0,False,False,True
2546959,K25,HK252,True,8,17.0,17.0,2,False,False,True
2546959,K25,HK261,True,5,16.0,0.0,4,False,False,False
2547120,K25,HK251,True,7,19.0,19.0,1,False,False,True
2547120,K25,HK252,True,8,17.0,17.0,1,False,False,True
2547120,K25,HK261,True,6,19.0,0.0,2,False,False,False
2547281,K25,HK251,True,6,16.0,16.0,2,False,False,True
2547281,K25,HK252,True,8,17.0,17.0,4,False,False,True
2547281,K25,HK261,True,5,16.0,0.0,4,False,False,False
2547364,K25,HK251,True,6,16.0,16.0,2,True,False,True
2547364,K25,HK252,True,8,17.0,17.0,2,True,False,True
2547364,K25,HK261,True,5,16.0,0.0,2,True,False,False
2547525,K25,HK251,True,6,16.0,16.0,1,False,False,True
2547525,K25,HK252,True,8,17.0,17.0,3,False,False,True
2547525,K25,HK261,True,5,16.0,0.0,4,False,False,False
2547686,K25,HK251,True,7,19.0,19.0,0,False,False,True
2547686,K25,HK252,True,8,17.0,17.0,1,False,False,True
2547686,K25,HK261,True,6,19.0,0.0,2,False,False,False
2547769,K25,HK251,True,7,19.0,19.0,3,True,False,True
2547769,K25,HK252,True,8,17.0,17.0,4,True,False,True
2547769,K25,HK261,True,6,19.0,0.0,6,True,False,False
2547847,K25,HK251,True,6,16.0,16.0,3,True,False,True
2547847,K25,HK252,True,8,17.0,17.0,4,True,False,True
2547847,K25,HK261,True,5,16.0,0.0,7,True,False,False
2547930,K25,HK251,True,6,16.0,16.0,3,True,False,True
2547930,K25,HK252,True,8,17.0,17.0,4,True,False,True
2547930,K25,HK261,True,5,16.0,0.0,5,True,False,False
2548091,K25,HK251,True,6,16.0,16.0,3,False,False,True
2548091,K25,HK252,True,8,17.0,17.0,4,False,False,True
2548091,K25,HK261,True,5,16.0,0.0,7,False,False,False
2548174,K25,HK251,True,7,19.0,19.0,3,False,False,True
2548174,K25,HK252,True,8,17.0,17.0,5,False,False,True
2548174,K25,HK261,True,6,19.0,0.0,6,False,False,False
2548252,K25,HK251,True,6,16.0,16.0,2,True,False,True
2548252,K25,HK252,True,8,17.0,17.0,3,True,False,True
2548252,K25,HK261,True,5,16.0,0.0,4,True,False,False
2548335,K25,HK251,True,6,16.0,16.0,4,True,False,True
2548335,K25,HK252,True,8,17.0,17.0,6,True,False,True
2548335,K25,HK261,True,5,16.0,0.0,6,True,False,False
2548496,K25,HK251,True,6,16.0,16.0,4,True,False,True
2548496,K25,HK252,True,8,17.0,17.0,6,True,False,True
2548496,K25,HK261,True,5,16.0,0.0,6,True,False,False
2548579,K25,HK251,True,6,16.0,16.0,0,False,False,True
2548579,K25,HK252,True,8,17.0,17.0,1,False,False,True
2548579,K25,HK261,True,5,16.0,0.0,5,False,False,False
2548657,K25,HK251,True,6,16.0,16.0,2,True,False,True
2548657,K25,HK252,True,8,17.0,17.0,3,True,False,True
2548657,K25,HK261,True,5,16.0,0.0,6,True,False,False
2548740,K25,HK251,True,7,19.0,16.0,3,False,False,True
2548740,K25,HK252,True,9,20.0,20.0,5,False,False,True
2548740,K25,HK261,True,6,19.0,0.0,10,False,False,False
2548901,K25,HK251,True,6,16.0,16.0,2,False,False,True
2548901,K25,HK252,True,8,17.0,17.0,3,False,False,True
2548901,K25,HK261,True,5,16.0,0.0,9,False,False,False
2548984,K25,HK251,True,6,16.0,16.0,0,False,False,True
2548984,K25,HK252,True,8,17.0,17.0,1,False,False,True
2548984,K25,HK261,True,5,16.0,0.0,3,False,False,False
2549062,K25,HK251,True,7,19.0,19.0,3,False,False,True
2549062,K25,HK252,True,8,17.0,17.0,6,False,False,True
2549062,K25,HK261,True,6,19.0,0.0,7,False,False,False
2549145,K25,HK251,True,6,16.0,16.0,1,False,False,True
2549145,K25,HK252,True,8,17.0,17.0,3,False,False,True
2549145,K25,HK261,True,5,16.0,0.0,7,False,False,False
2549306,K25,HK251,True,7,19.0,19.0,0,True,False,True
2549306,K25,HK252,True,8,17.0,17.0,0,True,False,True
2549306,K25,HK261,True,6,19.0,0.0,3,True,False,False
2549467,K25,HK251,True,7,19.0,19.0,0,True,False,True
2549467,K25,HK252,True,9,20.0,20.0,2,True,False,True
2549467,K25,HK261,True,6,19.0,0.0,5,True,False,False
2549550,K25,HK251,True,7,19.0,19.0,2,True,False,True
2549550,K25,HK252,True,9,20.0,20.0,2,True,False,True
2549711,K25,HK251,True,7,19.0,19.0,4,True,False,True
2549711,K25,HK252,True,9,20.0,20.0,4,True,False,True
2549711,K25,HK261,True,6,19.0,0.0,6,True,False,False
2549872,K25,HK251,True,6,16.0,16.0,2,True,False,True
2549872,K25,HK252,True,8,17.0,17.0,3,True,False,True
2549872,K25,HK261,True,5,16.0,0.0,5,True,False,False
2549955,K25,HK251,True,7,19.0,19.0,1,True,False,True
2549955,K25,HK252,True,8,17.0,17.0,3,True,False,True
2549955,K25,HK261,True,6,19.0,0.0,3,True,False,False
2550116,K25,HK251,True,7,19.0,19.0,1,True,False,True
2550116,K25,HK252,True,8,17.0,17.0,6,True,False,True
2550116,K25,HK261,True,6,19.0,0.0,8,True,False,False
2550277,K25,HK251,True,6,16.0,16.0,4,True,False,True
2550277,K25,HK252,True,8,17.0,17.0,6,True,False,True
2550277,K25,HK261,True,5,16.0,0.0,12,True,False,False
2550360,K25,HK251,True,6,16.0,16.0,0,True,False,True
2550360,K25,HK252,True,8,17.0,17.0,2,True,False,True
2550360,K25,HK261,True,5,16.0,0.0,4,True,False,False
2550521,K25,HK251,True,6,16.0,16.0,0,True,False,True
2550521,K25,HK252,True,8,17.0,17.0,4,True,False,True
2550521,K25,HK261,True,5,16.0,0.0,5,True,False,False
2550682,K25,HK251,True,6,16.0,16.0,3,True,False,True
2550682,K25,HK252,True,8,17.0,17.0,5,True,False,True
2550765,K25,HK251,True,6,16.0,16.0,2,False,False,True
2550765,K25,HK252,True,8,17.0,17.0,3,False,False,True
2550765,K25,HK261,True,5,16.0,0.0,5,False,False,False
2550843,K25,HK251,True,7,19.0,19.0,1,False,False,True
2550843,K25,HK252,True,8,17.0,17.0,2,False,False,True
2550843,K25,HK261,True,6,19.0,0.0,2,False,False,False
2550926,K25,HK251,True,7,19.0,19.0,1,True,False,True
2550926,K25,HK252,True,8,17.0,17.0,1,True,False,True
2550926,K25,HK261,True,6,19.0,0.0,2,True,False,False
2551087,K25,HK251,True,6,16.0,16.0,0,False,False,True
2551087,K25,HK252,True,8,17.0,17.0,1,False,False,True
2551087,K25,HK261,True,5,16.0,0.0,4,False,False,False
2551170,K25,HK251,True,6,16.0,16.0,4,True,False,True
2551170,K25,HK252,True,8,17.0,17.0,5,True,False,True
2551170,K25,HK261,True,5,16.0,0.0,5,True,False,False
2551248,K25,HK251,True,6,16.0,16.0,0,False,False,True
2551248,K25,HK252,True,8,17.0,17.0,4,False,False,True
2551248,K25,HK261,True,5,16.0,0.0,7,False,False,False
2551331,K25,HK251,True,6,16.0,16.0,2,False,False,True
2551331,K25,HK252,True,8,17.0,17.0,4,False,False,True
2551331,K25,HK261,True,5,16.0,0.0,5,False,False,False
2551492,K25,HK251,True,7,19.0,19.0,1,True,False,True
2551492,K25,HK252,True,8,17.0,17.0,3,True,False,True
2551492,K25,HK261,True,6,19.0,0.0,3,True,False,False
2551575,K25,HK251,True,6,16.0,16.0,5,True,False,True
2551575,K25,HK252,True,8,17.0,17.0,10,True,False,True
2551575,K25,HK261,True,5,16.0,0.0,10,True,False,False
2551653,K25,HK251,True,7,19.0,19.0,2,True,False,True
2551653,K25,HK252,True,8,17.0,17.0,6,True,False,True
2551653,K25,HK261,True,6,19.0,0.0,12,True,False,False
2551736,K25,HK251,True,6,16.0,16.0,2,True,False,True
2551736,K25,HK252,True,8,17.0,17.0,3,True,False,True
2551736,K25,HK261,True,5,16.0,0.0,6,True,False,False
2551897,K25,HK251,True,6,16.0,16.0,1,True,False,True
2551897,K25,HK252,True,8,17.0,17.0,2,True,False,True
2551897,K25,HK261,True,5,16.0,0.0,4,True,False,False
2551980,K25,HK251,True,7,19.0,19.0,0,True,False,True
2551980,K25,HK252,True,8,17.0,17.0,5,True,False,True
2551980,K25,HK261,True,6,19.0,0.0,7,True,False,False
2552058,K25,HK251,True,7,19.0,19.0,1,False,False,True
2552141,K25,HK251,True,7,19.0,19.0,2,False,False,True
2552141,K25,HK252,True,8,17.0,17.0,2,False,False,True
2552141,K25,HK261,True,6,19.0,0.0,3,False,False,False
2552302,K25,HK251,True,7,19.0,19.0,1,True,False,True
2552302,K25,HK252,True,8,17.0,17.0,4,True,False,True
2552302,K25,HK261,True,6,19.0,0.0,11,True,False,False
2552463,K25,HK251,True,6,16.0,16.0,1,True,False,True
2552463,K25,HK252,True,8,17.0,17.0,3,True,False,True
2552463,K25,HK261,True,5,16.0,0.0,6,True,False,False
2552546,K25,HK251,True,7,19.0,19.0,1,True,False,True
2552546,K25,HK252,True,8,17.0,17.0,4,True,False,True
2552546,K25,HK261,True,6,19.0,0.0,5,True,False,False
2552707,K25,HK251,True,6,16.0,16.0,0,True,False,True
2552707,K25,HK252,True,8,17.0,17.0,0,True,False,True
2552707,K25,HK261,True,5,16.0,0.0,0,True,False,False
2552868,K25,HK251,True,6,16.0,16.0,0,True,False,True
2552868,K25,HK252,True,8,17.0,17.0,1,True,False,True
2552868,K25,HK261,True,5,16.0,0.0,3,True,False,False
2552951,K25,HK251,True,6,16.0,16.0,1,True,False,True
2552951,K25,HK252,True,8,17.0,17.0,3,True,False,True
2552951,K25,HK261,True,5,16.0,0.0,3,True,False,False
2553112,K25,HK251,True,6,16.0,16.0,1,False,False,True
2553112,K25,HK252,True,8,17.0,17.0,4,False,False,True
2553112,K25,HK261,True,5,16.0,0.0,8,False,False,False
2553273,K25,HK251,True,7,19.0,16.0,0,False,False,True
2553273,K25,HK252,True,9,20.0,20.0,1,False,False,True
2553273,K25,HK261,True,6,19.0,0.0,3,False,False,False
2553356,K25,HK251,True,7,19.0,19.0,0,True,False,True
2553356,K25,HK252,True,8,17.0,17.0,3,True,False,True
2553356,K25,HK261,True,6,19.0,0.0,3,True,False,False
2553517,K25,HK251,True,6,16.0,16.0,3,True,False,True
2553517,K25,HK252,True,8,17.0,17.0,4,True,False,True
2553517,K25,HK261,True,5,16.0,0.0,5,True,False,False
2553678,K25,HK251,True,6,16.0,16.0,1,False,False,True
2553678,K25,HK252,True,8,17.0,17.0,3,False,False,True
2553678,K25,HK261,True,5,16.0,0.0,3,False,False,False
2553761,K25,HK251,True,6,16.0,16.0,4,False,False,True
2553761,K25,HK252,True,8,17.0,17.0,5,False,False,True
2553761,K25,HK261,True,5,16.0,0.0,8,False,False,False
2553839,K25,HK251,True,6,16.0,16.0,1,True,False,True
2553839,K25,HK252,True,8,17.0,17.0,3,True,False,True
2553839,K25,HK261,True,5,16.0,0.0,5,True,False,False
2553922,K25,HK251,True,7,19.0,19.0,3,False,False,True
2553922,K25,HK252,True,8,17.0,17.0,6,False,False,True
2553922,K25,HK261,True,6,19.0,0.0,9,False,False,False
2554083,K25,HK251,True,7,19.0,19.0,4,False,False,True
2554083,K25,HK252,True,8,17.0,17.0,8,False,False,True
2554083,K25,HK261,True,6,19.0,0.0,12,False,False,False
2554166,K25,HK251,True,6,16.0,13.0,2,True,False,True
2554166,K25,HK252,True,9,20.0,11.0,5,True,False,True
2554166,K25,HK261,True,6,19.0,0.0,6,True,False,False
2554244,K25,HK251,True,6,16.0,16.0,1,False,False,True
2554244,K25,HK252,True,8,17.0,17.0,3,False,False,True
2554244,K25,HK261,True,5,16.0,0.0,6,False,False,False
2554327,K25,HK251,True,6,16.0,16.0,3,True,False,True
2554327,K25,HK252,True,8,17.0,17.0,5,True,False,True
2554327,K25,HK261,True,5,16.0,0.0,7,True,False,False
2554488,K25,HK251,True,7,19.0,19.0,1,True,False,True
2554488,K25,HK252,True,8,17.0,17.0,5,True,False,True
2554488,K25,HK261,True,6,19.0,0.0,7,True,False,False
2554571,K25,HK251,True,6,16.0,16.0,2,True,False,True
2554571,K25,HK252,True,8,17.0,17.0,5,True,False,True
2554571,K25,HK261,True,5,16.0,0.0,5,True,False,False
2554649,K25,HK251,True,6,16.0,16.0,1,True,False,True
2554649,K25,HK252,True,8,17.0,17.0,2,True,False,True
2554649,K25,HK261,True,5,16.0,0.0,4,True,False,False
2554732,K25,HK251,True,6,16.0,16.0,1,False,False,True
2554732,K25,HK252,True,8,17.0,17.0,3,False,False,True
2554732,K25,HK261,True,5,16.0,0.0,4,False,False,False
2554893,K25,HK251,True,7,19.0,19.0,1,False,False,True
2554893,K25,HK252,True,8,17.0,17.0,1,False,False,True
2554893,K25,HK261,True,6,19.0,0.0,2,False,False,False
2554976,K25,HK251,True,7,19.0,19.0,1,False,False,True
2554976,K25,HK252,True,8,17.0,17.0,1,False,False,True
2554976,K25,HK261,True,6,19.0,0.0,3,False,False,False
2555054,K25,HK251,True,6,16.0,16.0,1,True,False,True
2555054,K25,HK252,True,8,17.0,17.0,1,True,False,True
2555054,K25,HK261,True,5,16.0,0.0,1,True,False,False
2555137,K25,HK251,True,6,16.0,16.0,1,True,False,True
2555137,K25,HK252,True,8,17.0,17.0,1,True,False,True
2555137,K25,HK261,True,5,16.0,0.0,1,True,False,False
2555298,K25,HK251,True,6,16.0,16.0,1,True,False,True
2555298,K25,HK252,True,8,17.0,17.0,3,True,False,True
2555298,K25,HK261,True,5,16.0,0.0,6,True,False,False
2555459,K25,HK251,True,7,19.0,19.0,4,False,False,True
2555459,K25,HK252,True,8,17.0,17.0,4,False,False,True
2555459,K25,HK261,True,6,19.0,0.0,6,False,False,False
2555542,K25,HK251,True,7,19.0,19.0,5,True,False,True
2555542,K25,HK252,True,8,17.0,17.0,8,True,False,True
2555542,K25,HK261,True,6,19.0,0.0,11,True,False,False
2555703,K25,HK251,True,6,16.0,16.0,2,True,False,True
2555703,K25,HK252,True,8,17.0,17.0,5,True,False,True
2555703,K25,HK261,True,5,16.0,0.0,5,True,False,False
2555864,K25,HK251,True,6,16.0,16.0,4,False,False,True
2555864,K25,HK252,True,8,17.0,17.0,5,False,False,True
2555864,K25,HK261,True,5,16.0,0.0,6,False,False,False
2555947,K25,HK251,True,7,19.0,19.0,2,False,False,True
2555947,K25,HK252,True,8,17.0,17.0,4,False,False,True
2555947,K25,HK261,True,6,19.0,0.0,7,False,False,False
2556108,K25,HK251,True,7,19.0,19.0,0,True,False,True
2556108,K25,HK252,True,8,17.0,17.0,1,True,False,True
2556108,K25,HK261,True,6,19.0,0.0,2,True,False,False
2556269,K25,HK251,True,6,16.0,16.0,1,True,False,True
2556269,K25,HK252,True,8,17.0,17.0,6,True,False,True
2556269,K25,HK261,True,5,16.0,0.0,8,True,False,False
2556352,K25,HK251,True,6,16.0,16.0,2,False,False,True
2556352,K25,HK252,True,8,17.0,17.0,3,False,False,True
2556352,K25,HK261,True,5,16.0,0.0,8,False,False,False
2556430,K25,HK251,True,7,19.0,19.0,3,False,False,True
2556430,K25,HK252,True,8,17.0,17.0,5,False,False,True
2556430,K25,HK261,True,6,19.0,0.0,9,False,False,False
2556513,K25,HK251,True,7,19.0,19.0,0,False,False,True
2556513,K25,HK252,True,8,17.0,17.0,1,False,False,True
2556513,K25,HK261,True,6,19.0,0.0,2,False,False,False
2556674,K25,HK251,True,6,16.0,7.0,3,True,False,True
2556674,K25,HK252,True,9,21.0,11.0,5,True,False,True
2556674,K25,HK261,True,7,20.0,0.0,6,True,False,False
2556757,K25,HK251,True,6,16.0,16.0,4,True,False,True
2556757,K25,HK252,True,8,17.0,17.0,4,True,False,True
2556757,K25,HK261,True,5,16.0,0.0,5,True,False,False
2556835,K25,HK251,True,6,16.0,16.0,2,True,False,True
2556835,K25,HK252,True,8,17.0,17.0,4,True,False,True
2556835,K25,HK261,True,5,16.0,0.0,7,True,False,False
2556918,K25,HK251,True,7,19.0,19.0,3,True,False,True
2556918,K25,HK252,True,8,17.0,17.0,7,True,False,True
2556918,K25,HK261,True,6,19.0,0.0,8,True,False,False
2557079,K25,HK251,True,7,19.0,19.0,2,True,False,True
2557079,K25,HK252,True,8,17.0,17.0,2,True,False,True
2557079,K25,HK261,True,6,19.0,0.0,5,True,False,False
2557162,K25,HK251,True,6,16.0,16.0,2,False,False,True
2557162,K25,HK252,True,8,17.0,17.0,4,False,False,True
2557162,K25,HK261,True,5,16.0,0.0,5,False,False,False
2557240,K25,HK251,True,7,19.0,19.0,2,False,False,True
2557240,K25,HK252,True,8,17.0,17.0,4,False,False,True
2557240,K25,HK261,True,6,19.0,0.0,7,False,False,False
2557323,K25,HK251,True,7,19.0,19.0,0,True,False,True
2557323,K25,HK252,True,8,17.0,17.0,0,True,False,True
2557323,K25,HK261,True,6,19.0,0.0,1,True,False,False
2557484,K25,HK251,True,7,19.0,19.0,0,False,False,True
2557484,K25,HK252,True,8,17.0,17.0,2,False,False,True
2557484,K25,HK261,True,6,19.0,0.0,3,False,False,False
2557567,K25,HK251,True,7,19.0,19.0,4,True,False,True
2557645,K25,HK251,True,6,16.0,16.0,3,False,False,True
2557645,K25,HK252,True,8,17.0,17.0,5,False,False,True
2557645,K25,HK261,True,5,16.0,0.0,10,False,False,False
2557728,K25,HK251,True,7,19.0,19.0,0,False,False,True
2557728,K25,HK252,True,8,17.0,17.0,0,False,False,True
2557728,K25,HK261,True,6,19.0,0.0,0,False,False,False
2557889,K25,HK251,True,7,19.0,19.0,1,False,False,True
2557889,K25,HK252,True,8,17.0,17.0,3,False,False,True
2557889,K25,HK261,True,6,19.0,0.0,5,False,False,False
2558050,K25,HK251,True,6,16.0,16.0,4,False,False,True
2558050,K25,HK252,True,8,17.0,17.0,5,False,False,True
2558050,K25,HK261,True,5,16.0,0.0,7,False,False,False
2558133,K25,HK251,True,7,19.0,19.0,3,True,False,True
2558133,K25,HK252,True,8,17.0,17.0,6,True,False,True
2558133,K25,HK261,True,6,19.0,0.0,9,True,False,False
2558294,K25,HK251,True,7,19.0,19.0,3,False,False,True
2558294,K25,HK252,True,8,17.0,17.0,4,False,False,True
2558294,K25,HK261,True,6,19.0,0.0,6,False,False,False
2558455,K25,HK251,True,6,16.0,16.0,3,True,False,True
2558455,K25,HK252,True,8,17.0,17.0,7,True,False,True
2558455,K25,HK261,True,5,16.0,0.0,9,True,False,False
2558538,K25,HK251,True,7,19.0,19.0,3,True,False,True
2558538,K25,HK252,True,8,17.0,17.0,6,True,False,True
2558538,K25,HK261,True,6,19.0,0.0,9,True,False,False
2558699,K25,HK251,True,6,16.0,16.0,3,True,False,True
2558699,K25,HK252,True,8,17.0,17.0,3,True,False,True
2558699,K25,HK261,True,5,16.0,0.0,5,True,False,False
2558860,K25,HK251,True,6,16.0,16.0,0,False,False,True
2558860,K25,HK252,True,8,17.0,17.0,0,False,False,True
2558860,K25,HK261,True,5,16.0,0.0,0,False,False,False
2558943,K25,HK251,True,6,16.0,16.0,0,True,False,True
2558943,K25,HK252,True,8,17.0,17.0,0,True,False,True
2558943,K25,HK261,True,5,16.0,0.0,1,True,False,False
2559104,K25,HK251,True,6,16.0,16.0,0,False,False,True
2559104,K25,HK252,True,8,17.0,17.0,2,False,False,True
2559104,K25,HK261,True,5,16.0,0.0,3,False,False,False
2559265,K25,HK251,True,6,16.0,16.0,2,True,False,True
2559265,K25,HK252,True,8,17.0,17.0,5,True,False,True
2559265,K25,HK261,True,5,16.0,0.0,8,True,False,False
2559348,K25,HK251,True,6,16.0,16.0,2,True,False,True
2559348,K25,HK252,True,8,17.0,17.0,5,True,False,True
2559348,K25,HK261,True,5,16.0,0.0,5,True,False,False
2559426,K25,HK251,True,6,16.0,16.0,2,True,False,True
2559426,K25,HK252,True,8,17.0,17.0,2,True,False,True
2559426,K25,HK261,True,5,16.0,0.0,4,True,False,False
2559509,K25,HK251,True,7,19.0,19.0,2,True,False,True
2559509,K25,HK252,True,8,17.0,17.0,2,True,False,True
2559509,K25,HK261,True,6,19.0,0.0,4,True,False,False
2559670,K25,HK251,True,7,19.0,19.0,0,False,False,True
2559670,K25,HK252,True,8,17.0,17.0,1,False,False,True
2559670,K25,HK261,True,6,19.0,0.0,2,False,False,False
2559753,K25,HK251,True,6,16.0,16.0,1,False,False,True
2559753,K25,HK252,True,8,17.0,17.0,2,False,False,True
2559753,K25,HK261,True,5,16.0,0.0,4,False,False,False
2559831,K25,HK251,True,6,16.0,16.0,2,True,False,True
2559831,K25,HK252,True,8,17.0,17.0,4,True,False,True
2559831,K25,HK261,True,5,16.0,0.0,7,True,False,False
2559914,K25,HK251,True,6,16.0,16.0,2,True,False,True
2559914,K25,HK252,True,8,17.0,17.0,3,True,False,True
2559914,K25,HK261,True,5,16.0,0.0,5,True,False,False
2560075,K25,HK251,True,6,16.0,16.0,3,True,False,True
2560075,K25,HK252,True,8,17.0,17.0,7,True,False,True
2560075,K25,HK261,True,5,16.0,0.0,9,True,False,False
2560158,K25,HK251,True,7,19.0,19.0,2,True,False,True
2560158,K25,HK252,True,8,17.0,17.0,4,True,False,True
2560158,K25,HK261,True,6,19.0,0.0,9,True,False,False
2560236,K25,HK251,True,7,19.0,19.0,2,True,False,True
2560236,K25,HK252,True,8,17.0,17.0,4,True,False,True
2560236,K25,HK261,True,6,19.0,0.0,6,True,False,False
2560319,K25,HK251,True,6,16.0,16.0,0,False,False,True
2560319,K25,HK252,True,8,17.0,17.0,2,False,False,True
2560319,K25,HK261,True,5,16.0,0.0,4,False,False,False
2560480,K25,HK251,True,7,19.0,19.0,1,True,False,True
2560480,K25,HK252,True,8,17.0,17.0,1,True,False,True
2560480,K25,HK261,True,6,19.0,0.0,3,True,False,False
2560563,K25,HK251,True,6,16.0,16.0,0,True,False,True
2560563,K25,HK252,True,8,17.0,17.0,0,True,False,True
2560563,K25,HK261,True,5,16.0,0.0,0,True,False,False
2560641,K25,HK251,True,7,19.0,19.0,1,False,False,True
2560641,K25,HK252,True,8,17.0,17.0,4,False,False,True
2560641,K25,HK261,True,6,19.0,0.0,5,False,False,False
2560724,K25,HK251,True,6,16.0,16.0,2,False,False,True
2560724,K25,HK252,True,8,17.0,17.0,4,False,False,True
2560724,K25,HK261,True,5,16.0,0.0,7,False,False,False
2560885,K25,HK251,True,6,16.0,16.0,0,False,False,True
2560885,K25,HK252,True,8,17.0,17.0,2,False,False,True
2560885,K25,HK261,True,5,16.0,0.0,3,False,False,False
2561046,K25,HK251,True,7,19.0,19.0,2,False,False,True
2561046,K25,HK252,True,8,17.0,17.0,5,False,False,True
2561046,K25,HK261,True,6,19.0,0.0,7,False,False,False
2561129,K25,HK251,True,6,16.0,16.0,4,True,False,True
2561129,K25,HK252,True,8,17.0,17.0,6,True,False,True
2561129,K25,HK261,True,5,16.0,0.0,7,True,False,False
2561290,K25,HK251,True,6,16.0,16.0,0,False,False,True
2561290,K25,HK252,True,8,17.0,17.0,5,False,False,True
2561290,K25,HK261,True,5,16.0,0.0,10,False,False,False
2561451,K25,HK251,True,6,16.0,16.0,1,True,False,True
2561451,K25,HK252,True,8,17.0,17.0,3,True,False,True
2561451,K25,HK261,True,5,16.0,0.0,3,True,False,False
2561534,K25,HK251,True,6,16.0,16.0,1,False,False,True
2561534,K25,HK252,True,8,17.0,17.0,2,False,False,True
2561534,K25,HK261,True,5,16.0,0.0,3,False,False,False
2561695,K25,HK251,True,6,16.0,16.0,1,True,False,True
2561695,K25,HK252,True,8,17.0,17.0,4,True,False,True
2561695,K25,HK261,True,5,16.0,0.0,4,True,False,False
2561856,K25,HK251,True,7,19.0,19.0,2,False,False,True
2561856,K25,HK252,True,8,17.0,17.0,3,False,False,True
2561856,K25,HK261,True,6,19.0,0.0,4,False,False,False
2561939,K25,HK251,True,7,19.0,19.0,2,False,False,True
2561939,K25,HK252,True,8,17.0,17.0,5,False,False,True
2561939,K25,HK261,True,6,19.0,0.0,7,False,False,False
2562100,K25,HK251,True,7,19.0,19.0,2,True,False,True
2562100,K25,HK252,True,8,17.0,17.0,2,True,False,True
2562100,K25,HK261,True,6,19.0,0.0,2,True,False,False
2562261,K25,HK251,True,6,16.0,16.0,1,True,False,True
2562261,K25,HK252,True,8,17.0,17.0,1,True,False,True
2562261,K25,HK261,True,5,16.0,0.0,2,True,False,False
2562344,K25,HK251,True,7,19.0,19.0,3,True,False,True
2562344,K25,HK252,True,8,17.0,17.0,5,True,False,True
2562344,K25,HK261,True,6,19.0,0.0,7,True,False,False
2562422,K25,HK251,True,7,19.0,19.0,2,False,False,True
2562422,K25,HK252,True,9,20.0,20.0,4,False,False,True
2562422,K25,HK261,True,6,19.0,0.0,4,False,False,False
2562505,K25,HK251,True,7,19.0,19.0,4,False,False,True
2562505,K25,HK252,True,8,17.0,17.0,6,False,False,True
2562505,K25,HK261,True,6,19.0,0.0,9,False,False,False
2562666,K25,HK251,True,7,19.0,19.0,1,True,False,True
2562666,K25,HK252,True,8,17.0,17.0,3,True,False,True
2562666,K25,HK261,True,6,19.0,0.0,4,True,False,False
2562749,K25,HK251,True,6,16.0,16.0,0,False,False,True
2562749,K25,HK252,True,8,17.0,17.0,0,False,False,True
2562749,K25,HK261,True,5,16.0,0.0,3,False,False,False
2562827,K25,HK251,True,7,19.0,4.0,2,False,False,True
2562827,K25,HK252,True,10,22.0,6.0,2,False,False,True
2562910,K25,HK251,True,7,19.0,19.0,2,False,False,True
2562910,K25,HK252,True,8,17.0,17.0,4,False,False,True
2562910,K25,HK261,True,6,19.0,0.0,6,False,False,False
2563071,K25,HK251,True,6,16.0,16.0,1,True,False,True
2563071,K25,HK252,True,8,17.0,17.0,3,True,False,True
2563071,K25,HK261,True,5,16.0,0.0,3,True,False,False
2563154,K25,HK251,True,7,19.0,19.0,3,False,False,True
2563154,K25,HK252,True,8,17.0,17.0,5,False,False,True
2563232,K25,HK251,True,6,16.0,16.0,0,True,False,True
2563232,K25,HK252,True,8,17.0,17.0,1,True,False,True
2563232,K25,HK261,True,5,16.0,0.0,1,True,False,False
2563315,K25,HK251,True,7,19.0,19.0,1,True,False,True
2563315,K25,HK252,True,8,17.0,17.0,2,True,False,True
2563315,K25,HK261,True,6,19.0,0.0,2,True,False,False
2563476,K25,HK251,True,6,16.0,16.0,2,False,False,True
2563476,K25,HK252,True,8,17.0,17.0,2,False,False,True
2563476,K25,HK261,True,5,16.0,0.0,4,False,False,False
2563559,K25,HK251,True,7,19.0,19.0,5,True,False,True
2563559,K25,HK252,True,8,17.0,17.0,7,True,False,True
2563559,K25,HK261,True,6,19.0,0.0,9,True,False,False
2563637,K25,HK251,True,6,16.0,16.0,1,True,False,True
2563637,K25,HK252,True,8,17.0,17.0,1,True,False,True
2563637,K25,HK261,True,5,16.0,0.0,1,True,False,False
2563720,K25,HK251,True,6,16.0,16.0,3,False,False,True
2563720,K25,HK252,True,8,17.0,17.0,6,False,False,True
2563720,K25,HK261,True,5,16.0,0.0,7,False,False,False
2563881,K25,HK251,True,6,16.0,16.0,3,True,False,True
2563881,K25,HK252,True,8,17.0,17.0,5,True,False,True
2563881,K25,HK261,True,5,16.0,0.0,6,True,False,False
2564042,K25,HK251,True,7,19.0,19.0,1,False,False,True
2564042,K25,HK252,True,8,17.0,17.0,3,False,False,True
2564042,K25,HK261,True,6,19.0,0.0,4,False,False,False
2564125,K25,HK251,True,7,19.0,19.0,4,True,False,True
2564125,K25,HK252,True,8,17.0,17.0,8,True,False,True
2564125,K25,HK261,True,6,19.0,0.0,9,True,False,False
2564286,K25,HK251,True,6,16.0,16.0,2,False,False,True
2564286,K25,HK252,True,8,17.0,17.0,2,False,False,True
2564286,K25,HK261,True,5,16.0,0.0,6,False,False,False
2564447,K25,HK251,True,6,16.0,16.0,0,True,False,True
2564447,K25,HK252,True,8,17.0,17.0,2,True,False,True
2564447,K25,HK261,True,5,16.0,0.0,4,True,False,False
2564530,K25,HK251,True,6,16.0,11.0,0,False,False,True
2564530,K25,HK252,True,9,20.0,14.0,3,False,False,True
2564530,K25,HK261,True,8,20.0,0.0,5,False,False,False
2564691,K25,HK251,True,7,19.0,19.0,0,False,False,True
2564691,K25,HK252,True,8,17.0,17.0,1,False,False,True
2564691,K25,HK261,True,6,19.0,0.0,4,False,False,False
2564852,K25,HK251,True,6,16.0,16.0,2,True,False,True
2564852,K25,HK252,True,8,17.0,17.0,3,True,False,True
2564852,K25,HK261,True,5,16.0,0.0,5,True,False,False
2564935,K25,HK251,True,6,16.0,16.0,1,False,False,True
2564935,K25,HK252,True,8,17.0,17.0,3,False,False,True
2564935,K25,HK261,True,5,16.0,0.0,6,False,False,False
2565013,K25,HK251,True,7,19.0,19.0,2,False,False,True
2565013,K25,HK252,True,8,17.0,17.0,4,False,False,True
2565013,K25,HK261,True,6,19.0,0.0,6,False,False,False
2565096,K25,HK251,True,6,16.0,16.0,1,False,False,True
2565096,K25,HK252,True,8,17.0,17.0,4,False,False,True
2565096,K25,HK261,True,5,16.0,0.0,4,False,False,False
2565257,K25,HK251,True,7,19.0,19.0,3,False,False,True
2565257,K25,HK252,True,8,17.0,17.0,6,False,False,True
2565257,K25,HK261,True,6,19.0,0.0,10,False,False,False
2565340,K25,HK251,True,7,19.0,19.0,4,False,False,True
2565340,K25,HK252,True,8,17.0,17.0,5,False,False,True
2565340,K25,HK261,True,6,19.0,0.0,8,False,False,False
2565418,K25,HK251,True,7,19.0,19.0,2,True,False,True
2565418,K25,HK252,True,8,17.0,17.0,5,True,False,True
2565418,K25,HK261,True,6,19.0,0.0,5,True,False,False
2565501,K25,HK251,True,6,16.0,16.0,1,False,False,True
2565662,K25,HK251,True,6,16.0,16.0,5,True,False,True
2565662,K25,HK252,True,8,17.0,17.0,8,True,False,True
2565662,K25,HK261,True,5,16.0,0.0,11,True,False,False
2565745,K25,HK251,True,6,16.0,16.0,3,True,False,True
2565745,K25,HK252,True,8,17.0,17.0,6,True,False,True
2565745,K25,HK261,True,5,16.0,0.0,6,True,False,False
2565823,K25,HK251,True,6,16.0,16.0,1,False,False,True
2565823,K25,HK252,True,8,17.0,17.0,2,False,False,True
2565823,K25,HK261,True,5,16.0,0.0,5,False,False,False
2565906,K25,HK251,True,7,19.0,19.0,0,True,False,True
2565906,K25,HK252,True,8,17.0,17.0,2,True,False,True
2565906,K25,HK261,True,6,19.0,0.0,3,True,False,False
2566067,K25,HK251,True,6,16.0,16.0,1,True,False,True
2566067,K25,HK252,True,8,17.0,17.0,3,True,False,True
2566067,K25,HK261,True,5,16.0,0.0,3,True,False,False
2566150,K25,HK251,True,7,19.0,10.0,2,False,False,True
2566150,K25,HK252,True,10,21.0,12.0,3,False,False,True
2566150,K25,HK261,True,8,19.0,0.0,5,False,False,False
2566228,K25,HK251,True,7,19.0,19.0,1,False,False,True
2566228,K25,HK252,True,9,20.0,20.0,1,False,False,True
2566228,K25,HK261,True,6,19.0,0.0,2,False,False,False
2566311,K25,HK251,True,6,16.0,16.0,0,False,False,True
2566311,K25,HK252,True,8,17.0,17.0,1,False,False,True
2566311,K25,HK261,True,5,16.0,0.0,2,False,False,False
2566472,K25,HK251,True,7,19.0,19.0,5,True,False,True
2566472,K25,HK252,True,9,20.0,20.0,6,True,False,True
2566472,K25,HK261,True,6,19.0,0.0,11,True,False,False
2566633,K25,HK251,True,6,16.0,11.0,2,True,False,True
2566633,K25,HK252,True,10,20.0,15.0,4,True,False,True
2566633,K25,HK261,True,7,19.0,0.0,8,True,False,False
2566716,K25,HK251,True,6,16.0,16.0,2,True,False,True
2566716,K25,HK252,True,8,17.0,17.0,8,True,False,True
2566716,K25,HK261,True,5,16.0,0.0,9,True,False,False
2566877,K25,HK251,True,7,19.0,19.0,4,False,False,True
2566877,K25,HK252,True,8,17.0,17.0,5,False,False,True
2566877,K25,HK261,True,6,19.0,0.0,7,False,False,False
2567038,K25,HK251,True,6,16.0,16.0,4,True,False,True
2567038,K25,HK252,True,8,17.0,17.0,6,True,False,True
2567038,K25,HK261,True,5,16.0,0.0,9,True,False,False
2567121,K25,HK251,True,7,19.0,19.0,1,True,False,True
2567121,K25,HK252,True,8,17.0,17.0,2,True,False,True
2567121,K25,HK261,True,6,19.0,0.0,4,True,False,False
2567282,K25,HK251,True,6,16.0,16.0,2,False,False,True
2567282,K25,HK252,True,8,17.0,17.0,2,False,False,True
2567282,K25,HK261,True,5,16.0,0.0,2,False,False,False
2567443,K25,HK251,True,7,19.0,19.0,3,True,False,True
2567443,K25,HK252,True,8,17.0,17.0,4,True,False,True
2567443,K25,HK261,True,6,19.0,0.0,5,True,False,False
2567526,K25,HK251,True,6,16.0,16.0,1,True,False,True
2567526,K25,HK252,True,8,17.0,17.0,4,True,False,True
2567526,K25,HK261,True,5,16.0,0.0,5,True,False,False
2567687,K25,HK251,True,7,19.0,19.0,1,False,False,True
2567687,K25,HK252,True,9,20.0,20.0,1,False,False,True
2567687,K25,HK261,True,6,19.0,0.0,1,False,False,False
2567848,K25,HK251,True,7,19.0,19.0,0,True,False,True
2567848,K25,HK252,True,8,17.0,17.0,1,True,False,True
2567848,K25,HK261,True,6,19.0,0.0,3,True,False,False
2567931,K25,HK251,True,6,16.0,16.0,2,True,False,True
2567931,K25,HK252,True,8,17.0,17.0,4,True,False,True
2567931,K25,HK261,True,5,16.0,0.0,6,True,False,False
2568009,K25,HK251,True,7,19.0,19.0,2,False,False,True
2568009,K25,HK252,True,8,17.0,17.0,7,False,False,True
2568009,K25,HK261,True,6,19.0,0.0,9,False,False,False
2568092,K25,HK251,True,6,16.0,16.0,1,True,False,True
2568092,K25,HK252,True,8,17.0,17.0,7,True,False,True
2568092,K25,HK261,True,5,16.0,0.0,11,True,False,False
2568253,K25,HK251,True,7,19.0,19.0,1,True,False,True
2568253,K25,HK252,True,8,17.0,17.0,2,True,False,True
2568253,K25,HK261,True,6,19.0,0.0,4,True,False,False
2568336,K25,HK251,True,7,19.0,19.0,0,False,False,True
2568336,K25,HK252,True,8,17.0,17.0,1,False,False,True
2568336,K25,HK261,True,6,19.0,0.0,3,False,False,False
2568414,K25,HK251,True,7,19.0,19.0,2,False,False,True
2568414,K25,HK252,True,8,17.0,17.0,4,False,False,True
2568414,K25,HK261,True,6,19.0,0.0,7,False,False,False
2568497,K25,HK251,True,6,16.0,16.0,1,True,False,True
2568497,K25,HK252,True,8,17.0,17.0,7,True,False,True
2568497,K25,HK261,True,5,16.0,0.0,11,True,False,False
2568658,K25,HK251,True,7,19.0,19.0,2,False,False,True
2568658,K25,HK252,True,8,17.0,17.0,5,False,False,True
2568658,K25,HK261,True,6,19.0,0.0,8,False,False,False
2568741,K25,HK251,True,6,16.0,16.0,1,True,False,True
2568741,K25,HK252,True,8,17.0,17.0,3,True,False,True
2568741,K25,HK261,True,5,16.0,0.0,4,True,False,False
2568819,K25,HK251,True,6,16.0,4.0,1,False,False,True
2568819,K25,HK252,True,9,22.0,4.0,6,False,False,True
2568902,K25,HK251,True,7,19.0,19.0,1,True,False,True
2568902,K25,HK252,True,8,17.0,17.0,4,True,False,True
2568902,K25,HK261,True,6,19.0,0.0,5,True,False,False
2569063,K25,HK251,True,7,19.0,19.0,0,True,False,True
2569063,K25,HK252,True,9,20.0,20.0,3,True,False,True
2569063,K25,HK261,True,6,19.0,0.0,4,True,False,False
2569146,K25,HK251,True,6,16.0,16.0,0,False,False,True
2569146,K25,HK252,True,8,17.0,17.0,3,False,False,True
2569146,K25,HK261,True,5,16.0,0.0,5,False,False,False
2569224,K25,HK251,True,6,16.0,16.0,2,False,False,True
2569307,K25,HK251,True,6,16.0,16.0,3,True,False,True
2569307,K25,HK252,True,8,17.0,17.0,6,True,False,True
2569307,K25,HK261,True,5,16.0,0.0,7,True,False,False
2569468,K25,HK251,True,6,16.0,16.0,0,True,False,True
2569468,K25,HK252,True,8,17.0,17.0,1,True,False,True
2569468,K25,HK261,True,5,16.0,0.0,3,True,False,False
2569629,K25,HK251,True,6,16.0,16.0,2,True,False,True
2569629,K25,HK252,True,8,17.0,17.0,5,True,False,True
2569629,K25,HK261,True,5,16.0,0.0,6,True,False,False
2569712,K25,HK251,True,6,16.0,16.0,2,True,False,True
2569712,K25,HK252,True,8,17.0,17.0,5,True,False,True
2569712,K25,HK261,True,5,16.0,0.0,5,True,False,False
2569873,K25,HK251,True,6,16.0,16.0,4,True,False,True
2569873,K25,HK252,True,8,17.0,17.0,4,True,False,True
2569873,K25,HK261,True,5,16.0,0.0,6,True,False,False
2570034,K25,HK251,True,6,16.0,16.0,2,False,False,True
2570034,K25,HK252,True,8,17.0,17.0,5,False,False,True
2570034,K25,HK261,True,5,16.0,0.0,8,False,False,False
2570117,K25,HK251,True,6,16.0,16.0,1,True,False,True
2570117,K25,HK252,True,8,17.0,17.0,1,True,False,True
2570117,K25,HK261,True,5,16.0,0.0,3,True,False,False
2570278,K25,HK251,True,6,16.0,16.0,1,True,False,True
2570278,K25,HK252,True,8,17.0,17.0,3,True,False,True
2570278,K25,HK261,True,5,16.0,0.0,3,True,False,False
2570439,K25,HK251,True,7,19.0,19.0,0,True,False,True
2570439,K25,HK252,True,8,17.0,17.0,0,True,False,True
2570439,K25,HK261,True,6,19.0,0.0,1,True,False,False
2570522,K25,HK251,True,6,16.0,16.0,3,True,False,True
2570522,K25,HK252,True,8,17.0,17.0,4,True,False,True
2570522,K25,HK261,True,5,16.0,0.0,7,True,False,False
2570683,K25,HK251,True,7,19.0,19.0,0,False,False,True
2570683,K25,HK252,True,9,20.0,20.0,0,False,False,True
2570683,K25,HK261,True,6,19.0,0.0,3,False,False,False
2570844,K25,HK251,True,6,16.0,16.0,1,True,False,True
2570844,K25,HK252,True,8,17.0,17.0,4,True,False,True
2570844,K25,HK261,True,5,16.0,0.0,4,True,False,False
2570927,K25,HK251,True,6,16.0,16.0,1,False,False,True
2570927,K25,HK252,True,8,17.0,17.0,4,False,False,True
2570927,K25,HK261,True,5,16.0,0.0,6,False,False,False
2571005,K25,HK251,True,7,19.0,19.0,1,True,False,True
2571088,K25,HK251,True,7,19.0,19.0,3,False,False,True
2571088,K25,HK252,True,8,17.0,17.0,8,False,False,True
2571088,K25,HK261,True,6,19.0,0.0,10,False,False,False
2571249,K25,HK251,True,6,16.0,16.0,4,True,False,True
2571249,K25,HK252,True,8,17.0,17.0,6,True,False,True
2571249,K25,HK261,True,5,16.0,0.0,10,True,False,False
2571332,K25,HK251,True,6,16.0,16.0,4,False,False,True
2571332,K25,HK252,True,8,17.0,17.0,8,False,False,True
2571332,K25,HK261,True,5,16.0,0.0,10,False,False,False
2571410,K25,HK251,True,7,19.0,19.0,1,False,False,True
2571410,K25,HK252,True,8,17.0,17.0,4,False,False,True
2571410,K25,HK261,True,6,19.0,0.0,6,False,False,False
2571493,K25,HK251,True,6,16.0,16.0,4,True,False,True
2571493,K25,HK252,True,8,17.0,17.0,6,True,False,True
2571493,K25,HK261,True,5,16.0,0.0,8,True,False,False
2571654,K25,HK251,True,7,19.0,19.0,1,False,False,True
2571654,K25,HK252,True,9,20.0,20.0,3,False,False,True
2571654,K25,HK261,True,6,19.0,0.0,6,False,False,False
2571737,K25,HK251,True,6,16.0,16.0,0,True,False,True
2571737,K25,HK252,True,8,17.0,17.0,2,True,False,True
2571737,K25,HK261,True,5,16.0,0.0,5,True,False,False
2571815,K25,HK251,True,7,19.0,19.0,3,True,False,True
2571815,K25,HK252,True,8,17.0,17.0,4,True,False,True
2571815,K25,HK261,True,6,19.0,0.0,6,True,False,False
2571898,K25,HK251,True,6,16.0,16.0,3,False,False,True
2571898,K25,HK252,True,8,17.0,17.0,4,False,False,True
2571898,K25,HK261,True,5,16.0,0.0,5,False,False,False
2572059,K25,HK251,True,7,19.0,19.0,1,True,False,True
2572059,K25,HK252,True,8,17.0,17.0,6,True,False,True
2572059,K25,HK261,True,6,19.0,0.0,8,True,False,False
2572142,K25,HK251,True,6,16.0,16.0,3,False,False,True
2572142,K25,HK252,True,8,17.0,17.0,3,False,False,True
2572142,K25,HK261,True,5,16.0,0.0,3,False,False,False
2572220,K25,HK251,True,6,16.0,16.0,3,True,False,True
2572220,K25,HK252,True,8,17.0,17.0,5,True,False,True
2572220,K25,HK261,True,5,16.0,0.0,5,True,False,False
2572303,K25,HK251,True,6,16.0,16.0,3,False,False,True
2572303,K25,HK252,True,8,17.0,17.0,6,False,False,True
2572303,K25,HK261,True,5,16.0,0.0,9,False,False,False
2572464,K25,HK251,True,6,16.0,16.0,1,False,False,True
2572464,K25,HK252,True,8,17.0,16.0,2,False,False,True
2572464,K25,HK261,True,6,17.0,0.0,5,False,False,False
2572625,K25,HK251,True,6,16.0,16.0,1,False,False,True
2572625,K25,HK252,True,8,17.0,17.0,4,False,False,True
2572625,K25,HK261,True,5,16.0,0.0,5,False,False,False
2572708,K25,HK251,True,6,16.0,16.0,4,True,False,True
2572708,K25,HK252,True,8,17.0,17.0,6,True,False,True
2572708,K25,HK261,True,5,16.0,0.0,7,True,False,False
2572869,K25,HK251,True,6,16.0,16.0,2,True,False,True
2572869,K25,HK252,True,8,17.0,17.0,6,True,False,True
2572869,K25,HK261,True,5,16.0,0.0,7,True,False,False
2573030,K25,HK251,True,6,16.0,16.0,0,False,False,True
2573030,K25,HK252,True,8,17.0,17.0,0,False,False,True
2573030,K25,HK261,True,5,16.0,0.0,1,False,False,False
2573113,K25,HK251,True,6,16.0,16.0,1,True,False,True
2573113,K25,HK252,True,8,17.0,17.0,3,True,False,True
2573113,K25,HK261,True,5,16.0,0.0,3,True,False,False
2573274,K25,HK251,True,6,16.0,16.0,0,False,False,True
2573274,K25,HK252,True,8,17.0,17.0,3,False,False,True
2573274,K25,HK261,True,5,16.0,0.0,5,False,False,False
2573435,K25,HK251,True,6,16.0,16.0,0,True,False,True
2573435,K25,HK252,True,8,17.0,17.0,2,True,False,True
2573435,K25,HK261,True,5,16.0,0.0,3,True,False,False
2573518,K25,HK251,True,7,19.0,19.0,1,False,False,True
2573518,K25,HK252,True,8,17.0,17.0,1,False,False,True
2573518,K25,HK261,True,6,19.0,0.0,2,False,False,False
2573596,K25,HK251,True,6,16.0,3.0,3,False,False,True
2573596,K25,HK252,True,9,21.0,11.0,6,False,False,True
2573679,K25,HK251,True,7,19.0,19.0,3,False,False,True
2573679,K25,HK252,True,8,17.0,17.0,4,False,False,True
2573679,K25,HK261,True,6,19.0,0.0,6,False,False,False
2573840,K25,HK251,True,6,16.0,16.0,2,True,False,True
2573840,K25,HK252,True,8,17.0,17.0,2,True,False,True
2573840,K25,HK261,True,5,16.0,0.0,5,True,False,False
2573923,K25,HK251,True,6,16.0,16.0,2,False,False,True
2573923,K25,HK252,True,8,17.0,17.0,4,False,False,True
2573923,K25,HK261,True,5,16.0,0.0,6,False,False,False
2574001,K25,HK251,True,6,16.0,16.0,2,True,False,True
2574001,K25,HK252,True,8,17.0,17.0,3,True,False,True
2574001,K25,HK261,True,5,16.0,0.0,3,True,False,False
2574084,K25,HK251,True,6,16.0,16.0,1,False,False,True
2574084,K25,HK252,True,8,17.0,17.0,4,False,False,True
2574084,K25,HK261,True,5,16.0,0.0,5,False,False,False
2574245,K25,HK251,True,6,16.0,16.0,3,True,False,True
2574245,K25,HK252,True,8,17.0,17.0,3,True,False,True
2574245,K25,HK261,True,5,16.0,0.0,5,True,False,False
2574328,K25,HK251,True,6,16.0,16.0,4,False,False,True
2574328,K25,HK252,True,8,17.0,17.0,6,False,False,True
2574328,K25,HK261,True,5,16.0,0.0,8,False,False,False
2574406,K25,HK251,True,7,19.0,10.0,3,False,False,True
2574406,K25,HK252,True,9,21.0,15.0,6,False,False,True
2574406,K25,HK261,True,8,20.0,0.0,7,False,False,False
2574489,K25,HK251,True,6,16.0,16.0,1,False,False,True
2574489,K25,HK252,True,8,17.0,17.0,3,False,False,True
2574489,K25,HK261,True,5,16.0,0.0,3,False,False,False
2574650,K25,HK251,True,7,19.0,19.0,1,True,False,True
2574650,K25,HK252,True,8,17.0,17.0,1,True,False,True
2574650,K25,HK261,True,6,19.0,0.0,2,True,False,False
2574733,K25,HK251,True,6,16.0,16.0,0,True,False,True
2574733,K25,HK252,True,8,17.0,17.0,0,True,False,True
2574733,K25,HK261,True,5,16.0,0.0,1,True,False,False
2574811,K25,HK251,True,6,16.0,16.0,0,True,False,True
2574811,K25,HK252,True,8,17.0,17.0,0,True,False,True
2574811,K25,HK261,True,5,16.0,0.0,2,True,False,False
2574894,K25,HK251,True,6,16.0,16.0,1,True,False,True
2574894,K25,HK252,True,8,17.0,17.0,4,True,False,True
2574894,K25,HK261,True,5,16.0,0.0,6,True,False,False
2575055,K25,HK251,True,6,16.0,16.0,0,False,False,True
2575055,K25,HK252,True,8,17.0,17.0,4,False,False,True
2575055,K25,HK261,True,5,16.0,0.0,8,False,False,False
2575216,K25,HK251,True,7,19.0,19.0,4,True,False,True
2575216,K25,HK252,True,8,17.0,17.0,6,True,False,True
2575216,K25,HK261,True,6,19.0,0.0,8,True,False,False
2575299,K25,HK251,True,6,16.0,16.0,1,True,False,True
2575299,K25,HK252,True,8,17.0,17.0,3,True,False,True
2575299,K25,HK261,True,5,16.0,0.0,6,True,False,False
2575460,K25,HK251,True,6,16.0,16.0,0,True,False,True
2575460,K25,HK252,True,8,17.0,17.0,0,True,False,True
2575460,K25,HK261,True,5,16.0,0.0,2,True,False,False
2575621,K25,HK251,True,6,16.0,16.0,1,False,False,True
2575621,K25,HK252,True,8,17.0,17.0,1,False,False,True
2575621,K25,HK261,True,5,16.0,0.0,3,False,False,False
2575704,K25,HK251,True,7,19.0,19.0,0,True,False,True
2575704,K25,HK252,True,8,17.0,17.0,2,True,False,True
2575704,K25,HK261,True,6,19.0,0.0,3,True,False,False
2575865,K25,HK251,True,7,19.0,19.0,5,True,False,True
2575865,K25,HK252,True,8,17.0,17.0,6,True,False,True
2575865,K25,HK261,True,6,19.0,0.0,10,True,False,False
2576026,K25,HK251,True,7,19.0,19.0,3,False,False,True
2576026,K25,HK252,True,8,17.0,17.0,5,False,False,True
2576026,K25,HK261,True,6,19.0,0.0,6,False,False,False
2576109,K25,HK251,True,7,19.0,19.0,2,True,False,True
2576109,K25,HK252,True,8,17.0,17.0,4,True,False,True
2576109,K25,HK261,True,6,19.0,0.0,6,True,False,False
2576270,K25,HK251,True,6,16.0,16.0,2,True,False,True
2576270,K25,HK252,True,8,17.0,17.0,4,True,False,True
2576270,K25,HK261,True,5,16.0,0.0,5,True,False,False
2576431,K25,HK251,True,7,19.0,19.0,1,False,False,True
2576431,K25,HK252,True,8,17.0,17.0,2,False,False,True
2576431,K25,HK261,True,6,19.0,0.0,6,False,False,False
2576514,K25,HK251,True,7,19.0,19.0,1,True,False,True
2576514,K25,HK252,True,8,17.0,17.0,1,True,False,True
2576514,K25,HK261,True,6,19.0,0.0,3,True,False,False
2576592,K25,HK251,True,7,19.0,19.0,1,True,False,True
2576592,K25,HK252,True,8,17.0,17.0,2,True,False,True
2576592,K25,HK261,True,6,19.0,0.0,3,True,False,False
2576675,K25,HK251,True,7,19.0,19.0,0,True,False,True
2576675,K25,HK252,True,8,17.0,17.0,1,True,False,True
2576675,K25,HK261,True,6,19.0,0.0,2,True,False,False
2576836,K25,HK251,True,6,16.0,16.0,1,True,False,True
2576836,K25,HK252,True,8,17.0,17.0,6,True,False,True
2576836,K25,HK261,True,5,16.0,0.0,7,True,False,False
2576919,K25,HK251,True,6,16.0,16.0,2,False,False,True
2576919,K25,HK252,True,8,17.0,17.0,5,False,False,True
2576919,K25,HK261,True,5,16.0,0.0,5,False,False,False
2576997,K25,HK251,True,7,19.0,19.0,0,False,False,True
2576997,K25,HK252,True,8,17.0,17.0,2,False,False,True
2576997,K25,HK261,True,6,19.0,0.0,4,False,False,False
2577080,K25,HK251,True,7,19.0,19.0,3,False,False,True
2577080,K25,HK252,True,8,17.0,17.0,6,False,False,True
2577080,K25,HK261,True,6,19.0,0.0,9,False,False,False
2577241,K25,HK251,True,6,16.0,16.0,3,False,False,True
2577241,K25,HK252,True,8,17.0,17.0,5,False,False,True
2577241,K25,HK261,True,5,16.0,0.0,6,False,False,False
2577324,K25,HK251,True,7,19.0,19.0,3,True,False,True
2577324,K25,HK252,True,8,17.0,17.0,3,True,False,True
2577324,K25,HK261,True,6,19.0,0.0,4,True,False,False
2577402,K25,HK251,True,6,16.0,16.0,2,True,False,True
2577402,K25,HK252,True,8,17.0,17.0,5,True,False,True
2577402,K25,HK261,True,5,16.0,0.0,8,True,False,False
2577485,K25,HK251,True,7,19.0,19.0,2,False,False,True
2577485,K25,HK252,True,8,17.0,17.0,2,False,False,True
2577485,K25,HK261,True,6,19.0,0.0,3,False,False,False
2577646,K25,HK251,True,6,16.0,16.0,3,False,False,True
2577646,K25,HK252,True,8,17.0,17.0,5,False,False,True
2577646,K25,HK261,True,5,16.0,0.0,5,False,False,False
2577729,K25,HK251,True,7,19.0,19.0,1,False,False,True
2577729,K25,HK252,True,8,17.0,17.0,5,False,False,True
2577729,K25,HK261,True,6,19.0,0.0,5,False,False,False
2577807,K25,HK251,True,7,19.0,19.0,1,False,False,True
2577807,K25,HK252,True,8,17.0,17.0,3,False,False,True
2577807,K25,HK261,True,6,19.0,0.0,8,False,False,False
2577890,K25,HK251,True,7,19.0,19.0,3,True,False,True
2577890,K25,HK252,True,8,17.0,17.0,5,True,False,True
2577890,K25,HK261,True,6,19.0,0.0,6,True,False,False
2578051,K25,HK251,True,7,19.0,19.0,1,False,False,True
2578051,K25,HK252,True,8,17.0,17.0,4,False,False,True
2578051,K25,HK261,True,6,19.0,0.0,7,False,False,False
2578212,K25,HK251,True,7,19.0,19.0,4,False,False,True
2578212,K25,HK252,True,8,17.0,17.0,5,False,False,True
2578212,K25,HK261,True,6,19.0,0.0,9,False,False,False
2578295,K25,HK251,True,6,16.0,16.0,3,False,False,True
2578295,K25,HK252,True,8,17.0,17.0,5,False,False,True
2578295,K25,HK261,True,5,16.0,0.0,6,False,False,False
2578456,K25,HK251,True,6,16.0,16.0,1,False,False,True
2578456,K25,HK252,True,8,17.0,17.0,1,False,False,True
2578456,K25,HK261,True,5,16.0,0.0,1,False,False,False
2578617,K25,HK251,True,6,16.0,16.0,1,True,False,True
2578617,K25,HK252,True,8,17.0,17.0,2,True,False,True
2578617,K25,HK261,True,5,16.0,0.0,2,True,False,False
2578700,K25,HK251,True,6,16.0,16.0,2,False,False,True
2578700,K25,HK252,True,8,17.0,17.0,3,False,False,True
2578700,K25,HK261,True,5,16.0,0.0,5,False,False,False
2578861,K25,HK251,True,7,19.0,16.0,0,True,False,True
2578861,K25,HK252,True,9,20.0,20.0,3,True,False,True
2578861,K25,HK261,True,6,19.0,0.0,5,True,False,False
2579022,K25,HK251,True,6,16.0,6.0,6,False,False,True
2579105,K25,HK251,True,7,19.0,19.0,2,True,False,True
2579105,K25,HK252,True,9,20.0,20.0,3,True,False,True
2579105,K25,HK261,True,6,19.0,0.0,6,True,False,False
2579266,K25,HK251,True,6,16.0,16.0,2,True,False,True
2579266,K25,HK252,True,8,17.0,17.0,4,True,False,True
2579266,K25,HK261,True,5,16.0,0.0,5,True,False,False
2579427,K25,HK251,True,6,16.0,16.0,1,True,False,True
2579427,K25,HK252,True,8,17.0,17.0,1,True,False,True
2579427,K25,HK261,True,5,16.0,0.0,2,True,False,False
2579510,K25,HK251,True,7,19.0,19.0,2,False,False,True
2579510,K25,HK252,True,8,17.0,16.0,3,False,False,True
2579510,K25,HK261,True,6,17.0,0.0,5,False,False,False
2579588,K25,HK251,True,6,16.0,16.0,1,True,False,True
2579588,K25,HK252,True,8,17.0,17.0,5,True,False,True
2579588,K25,HK261,True,5,16.0,0.0,7,True,False,False
2579671,K25,HK251,True,6,16.0,16.0,1,True,False,True
2579671,K25,HK252,True,8,17.0,17.0,3,True,False,True
2579671,K25,HK261,True,5,16.0,0.0,5,True,False,False
2579832,K25,HK251,True,7,19.0,19.0,2,True,False,True
2579832,K25,HK252,True,8,17.0,17.0,5,True,False,True
2579832,K25,HK261,True,6,19.0,0.0,6,True,False,False
2579915,K25,HK251,True,7,19.0,19.0,0,False,False,True
2579915,K25,HK252,True,8,17.0,17.0,1,False,False,True
2579915,K25,HK261,True,6,19.0,0.0,6,False,False,False
2579993,K25,HK251,True,6,16.0,16.0,1,True,False,True
2579993,K25,HK252,True,8,17.0,17.0,2,True,False,True
2579993,K25,HK261,True,5,16.0,0.0,2,True,False,False
2580076,K25,HK251,True,7,19.0,19.0,1,True,False,True
2580076,K25,HK252,True,8,17.0,17.0,2,True,False,True
2580076,K25,HK261,True,6,19.0,0.0,4,True,False,False
2580237,K25,HK251,True,6,16.0,16.0,1,False,False,True
2580237,K25,HK252,True,8,17.0,17.0,3,False,False,True
2580237,K25,HK261,True,5,16.0,0.0,3,False,False,False
2580320,K25,HK251,True,6,16.0,16.0,1,False,False,True
2580320,K25,HK252,True,8,17.0,17.0,6,False,False,True
2580320,K25,HK261,True,5,16.0,0.0,7,False,False,False
2580398,K25,HK251,True,7,19.0,19.0,0,True,False,True
2580398,K25,HK252,True,8,17.0,17.0,2,True,False,True
2580398,K25,HK261,True,6,19.0,0.0,3,True,False,False
2580481,K25,HK251,True,7,19.0,19.0,3,True,False,True
2580481,K25,HK252,True,9,20.0,20.0,6,True,False,True
2580481,K25,HK261,True,6,19.0,0.0,8,True,False,False
2580642,K25,HK251,True,7,19.0,19.0,1,True,False,True
2580642,K25,HK252,True,8,17.0,17.0,6,True,False,True
2580642,K25,HK261,True,6,19.0,0.0,6,True,False,False
2580725,K25,HK251,True,6,16.0,16.0,1,False,False,True
2580725,K25,HK252,True,8,17.0,17.0,1,False,False,True
2580725,K25,HK261,True,5,16.0,0.0,4,False,False,False
2580803,K25,HK251,True,6,16.0,16.0,1,True,False,True
2580803,K25,HK252,True,8,17.0,17.0,5,True,False,True
2580803,K25,HK261,True,5,16.0,0.0,7,True,False,False
2580886,K25,HK251,True,7,19.0,19.0,2,True,False,True
2580886,K25,HK252,True,9,20.0,20.0,2,True,False,True
2580886,K25,HK261,True,6,19.0,0.0,5,True,False,False
2581047,K25,HK251,True,7,19.0,19.0,3,True,False,True
2581047,K25,HK252,True,8,17.0,17.0,4,True,False,True
2581047,K25,HK261,True,6,19.0,0.0,5,True,False,False
2581208,K25,HK251,True,6,16.0,16.0,3,True,False,True
2581208,K25,HK252,True,8,17.0,17.0,5,True,False,True
2581208,K25,HK261,True,5,16.0,0.0,7,True,False,False
2581291,K25,HK251,True,7,19.0,19.0,5,True,False,True
2581291,K25,HK252,True,8,17.0,17.0,8,True,False,True
2581291,K25,HK261,True,6,19.0,0.0,9,True,False,False
2581452,K25,HK251,True,6,16.0,16.0,3,True,False,True
2581452,K25,HK252,True,8,17.0,15.0,4,True,False,True
2581452,K25,HK261,True,5,16.0,0.0,6,True,False,False
2581613,K25,HK251,True,6,16.0,16.0,1,False,False,True
2581613,K25,HK252,True,8,17.0,17.0,6,False,False,True
2581613,K25,HK261,True,5,16.0,0.0,8,False,False,False
2581696,K25,HK251,True,7,19.0,19.0,1,True,False,True
2581696,K25,HK252,True,8,17.0,17.0,2,True,False,True
2581696,K25,HK261,True,6,19.0,0.0,4,True,False,False
2581857,K25,HK251,True,6,16.0,16.0,6,False,False,True
2581857,K25,HK252,True,8,17.0,17.0,8,False,False,True
2581857,K25,HK261,True,5,16.0,0.0,12,False,False,False
2582018,K25,HK251,True,6,16.0,16.0,5,False,False,True
2582018,K25,HK252,True,8,17.0,17.0,7,False,False,True
2582018,K25,HK261,True,5,16.0,0.0,8,False,False,False
2582101,K25,HK251,True,7,19.0,19.0,4,False,False,True
2582101,K25,HK252,True,8,17.0,17.0,7,False,False,True
2582101,K25,HK261,True,6,19.0,0.0,9,False,False,False
2582179,K25,HK251,True,7,19.0,19.0,1,True,False,True
2582179,K25,HK252,True,8,17.0,17.0,1,True,False,True
2582179,K25,HK261,True,6,19.0,0.0,2,True,False,False
2582262,K25,HK251,True,6,16.0,16.0,1,True,False,True
2582262,K25,HK252,True,8,17.0,17.0,1,True,False,True
2582423,K25,HK251,True,6,16.0,16.0,0,True,False,True
2582423,K25,HK252,True,8,17.0,17.0,3,True,False,True
2582423,K25,HK261,True,5,16.0,0.0,5,True,False,False
2582506,K25,HK251,True,6,16.0,16.0,2,False,False,True
2582506,K25,HK252,True,8,17.0,17.0,5,False,False,True
2582506,K25,HK261,True,5,16.0,0.0,6,False,False,False
2582584,K25,HK251,True,6,16.0,11.0,1,True,False,True
2582584,K25,HK252,True,9,20.0,15.0,3,True,False,True
2582584,K25,HK261,True,7,19.0,0.0,6,True,False,False
2582667,K25,HK251,True,7,19.0,19.0,1,True,False,True
2582667,K25,HK252,True,8,17.0,17.0,5,True,False,True
2582667,K25,HK261,True,6,19.0,0.0,7,True,False,False
2582828,K25,HK251,True,6,16.0,16.0,1,True,False,True
2582828,K25,HK252,True,8,17.0,17.0,1,True,False,True
2582828,K25,HK261,True,5,16.0,0.0,2,True,False,False
2582911,K25,HK251,True,6,16.0,16.0,1,False,False,True
2582911,K25,HK252,True,8,17.0,15.0,1,False,False,True
2582911,K25,HK261,True,5,16.0,0.0,1,False,False,False
2582989,K25,HK251,True,6,16.0,16.0,2,True,False,True
2582989,K25,HK252,True,8,17.0,17.0,5,True,False,True
2582989,K25,HK261,True,5,16.0,0.0,9,True,False,False
2583072,K25,HK251,True,7,19.0,19.0,2,True,False,True
2583072,K25,HK252,True,9,20.0,20.0,5,True,False,True
2583072,K25,HK261,True,6,19.0,0.0,7,True,False,False
2583233,K25,HK251,True,7,19.0,19.0,4,True,False,True
2583233,K25,HK252,True,8,17.0,17.0,5,True,False,True
2583233,K25,HK261,True,6,19.0,0.0,9,True,False,False
2583316,K25,HK251,True,6,16.0,16.0,2,False,False,True
2583316,K25,HK252,True,8,17.0,17.0,2,False,False,True
2583316,K25,HK261,True,5,16.0,0.0,2,False,False,False
2583394,K25,HK251,True,7,19.0,19.0,0,True,False,True
2583394,K25,HK252,True,8,17.0,17.0,1,True,False,True
2583394,K25,HK261,True,6,19.0,0.0,4,True,False,False
2583477,K25,HK251,True,6,16.0,14.0,2,False,False,True
2583477,K25,HK252,True,8,17.0,3.0,4,False,False,True
2583477,K25,HK261,True,8,21.0,0.0,6,False,False,False
2583638,K25,HK251,True,6,16.0,16.0,1,False,False,True
2583638,K25,HK252,True,8,17.0,17.0,4,False,False,True
2583638,K25,HK261,True,5,16.0,0.0,8,False,False,False
2583799,K25,HK251,True,7,19.0,19.0,2,False,False,True
2583799,K25,HK252,True,8,17.0,17.0,4,False,False,True
2583799,K25,HK261,True,6,19.0,0.0,4,False,False,False
2583882,K25,HK251,True,6,16.0,16.0,5,False,False,True
2583882,K25,HK252,True,8,17.0,17.0,7,False,False,True
2583882,K25,HK261,True,5,16.0,0.0,7,False,False,False
2584043,K25,HK251,True,7,19.0,19.0,3,True,False,True
2584043,K25,HK252,True,8,17.0,17.0,5,True,False,True
2584043,K25,HK261,True,6,19.0,0.0,6,True,False,False
2584204,K25,HK251,True,6,16.0,16.0,1,True,False,True
2584204,K25,HK252,True,8,17.0,17.0,3,True,False,True
2584204,K25,HK261,True,5,16.0,0.0,5,True,False,False
2584287,K25,HK251,True,6,16.0,16.0,1,True,False,True
2584287,K25,HK252,True,8,17.0,17.0,2,True,False,True
2584287,K25,HK261,True,5,16.0,0.0,4,True,False,False
2584448,K25,HK251,True,6,16.0,4.0,0,True,False,True
2584448,K25,HK252,True,10,22.0,3.0,2,True,False,True
2584609,K25,HK251,True,6,16.0,16.0,3,True,False,True
2584609,K25,HK252,True,8,17.0,17.0,4,True,False,True
2584609,K25,HK261,True,5,16.0,0.0,5,True,False,False
2584692,K25,HK251,True,6,16.0,2.0,4,True,False,True
2584692,K25,HK252,True,10,21.0,16.0,5,True,False,True
2584692,K25,HK261,True,8,21.0,0.0,9,True,False,False
2584853,K25,HK251,True,6,16.0,16.0,6,True,False,True
2584853,K25,HK252,True,8,17.0,17.0,6,True,False,True
2584853,K25,HK261,True,5,16.0,0.0,6,True,False,False
2585014,K25,HK251,True,6,16.0,16.0,2,False,False,True
2585014,K25,HK252,True,8,17.0,17.0,3,False,False,True
2585014,K25,HK261,True,5,16.0,0.0,3,False,False,False
2585097,K25,HK251,True,6,16.0,16.0,3,True,False,True
2585097,K25,HK252,True,8,17.0,17.0,4,True,False,True
2585097,K25,HK261,True,5,16.0,0.0,5,True,False,False
2585175,K25,HK251,True,7,19.0,19.0,2,False,False,True
2585175,K25,HK252,True,8,17.0,17.0,2,False,False,True
2585175,K25,HK261,True,6,19.0,0.0,4,False,False,False
2585258,K25,HK251,True,6,16.0,16.0,1,False,False,True
2585258,K25,HK252,True,8,17.0,17.0,2,False,False,True
2585258,K25,HK261,True,5,16.0,0.0,3,False,False,False
2585419,K25,HK251,True,6,16.0,16.0,1,False,False,True
2585419,K25,HK252,True,8,17.0,17.0,4,False,False,True
2585419,K25,HK261,True,5,16.0,0.0,5,False,False,False
2585502,K25,HK251,True,6,16.0,16.0,3,False,False,True
2585502,K25,HK252,True,8,17.0,17.0,5,False,False,True
2585502,K25,HK261,True,5,16.0,0.0,5,False,False,False
2585580,K25,HK251,True,6,16.0,16.0,1,False,False,True
2585580,K25,HK252,True,8,17.0,17.0,4,False,False,True
2585580,K25,HK261,True,5,16.0,0.0,6,False,False,False
2585663,K25,HK251,True,7,19.0,19.0,0,True,False,True
2585663,K25,HK252,True,8,17.0,17.0,0,True,False,True
2585663,K25,HK261,True,6,19.0,0.0,1,True,False,False
2585824,K25,HK251,True,6,16.0,16.0,1,True,False,True
2585824,K25,HK252,True,8,17.0,17.0,2,True,False,True
2585824,K25,HK261,True,5,16.0,0.0,3,True,False,False
2585907,K25,HK251,True,6,16.0,16.0,1,True,False,True
2585907,K25,HK252,True,8,17.0,17.0,1,True,False,True
2585907,K25,HK261,True,5,16.0,0.0,2,True,False,False
2585985,K25,HK251,True,7,19.0,19.0,3,False,False,True
2585985,K25,HK252,True,8,17.0,17.0,5,False,False,True
2585985,K25,HK261,True,6,19.0,0.0,6,False,False,False
2586068,K25,HK251,True,7,19.0,19.0,1,True,False,True
2586068,K25,HK252,True,8,17.0,17.0,4,True,False,True
2586068,K25,HK261,True,6,19.0,0.0,6,True,False,False
2586229,K25,HK251,True,6,16.0,16.0,2,True,False,True
2586229,K25,HK252,True,8,17.0,17.0,5,True,False,True
2586229,K25,HK261,True,5,16.0,0.0,5,True,False,False
2586312,K25,HK251,True,6,16.0,16.0,1,True,False,True
2586312,K25,HK252,True,8,17.0,17.0,3,True,False,True
2586312,K25,HK261,True,5,16.0,0.0,4,True,False,False
2586390,K25,HK251,True,6,16.0,16.0,0,False,False,True
2586390,K25,HK252,True,8,17.0,17.0,4,False,False,True
2586390,K25,HK261,True,5,16.0,0.0,7,False,False,False
2586473,K25,HK251,True,6,16.0,16.0,0,False,False,True
2586473,K25,HK252,True,8,17.0,17.0,2,False,False,True
2586473,K25,HK261,True,5,16.0,0.0,2,False,False,False
2586634,K25,HK251,True,6,16.0,16.0,1,False,False,True
2586634,K25,HK252,True,8,17.0,17.0,1,False,False,True
2586634,K25,HK261,True,5,16.0,0.0,7,False,False,False
2586795,K25,HK251,True,6,16.0,16.0,1,True,False,True
2586795,K25,HK252,True,8,17.0,17.0,2,True,False,True
2586795,K25,HK261,True,5,16.0,0.0,2,True,False,False
2586878,K25,HK251,True,6,16.0,16.0,1,False,False,True
2586878,K25,HK252,True,8,17.0,17.0,1,False,False,True
2586878,K25,HK261,True,5,16.0,0.0,3,False,False,False
2587039,K25,HK251,True,7,19.0,19.0,3,True,False,True
2587039,K25,HK252,True,8,17.0,17.0,5,True,False,True
2587039,K25,HK261,True,6,19.0,0.0,5,True,False,False
2587200,K25,HK251,True,7,19.0,19.0,2,True,False,True
2587200,K25,HK252,True,8,17.0,17.0,5,True,False,True
2587200,K25,HK261,True,6,19.0,0.0,8,True,False,False
2587283,K25,HK251,True,6,16.0,16.0,0,True,False,True
2587283,K25,HK252,True,8,17.0,17.0,1,True,False,True
2587283,K25,HK261,True,5,16.0,0.0,3,True,False,False
2587444,K25,HK251,True,6,16.0,16.0,0,False,False,True
2587444,K25,HK252,True,8,17.0,17.0,0,False,False,True
2587444,K25,HK261,True,5,16.0,0.0,0,False,False,False
2587605,K25,HK251,True,7,19.0,19.0,3,True,False,True
2587605,K25,HK252,True,9,20.0,20.0,3,True,False,True
2587605,K25,HK261,True,6,19.0,0.0,7,True,False,False
2587688,K25,HK251,True,6,16.0,16.0,1,True,False,True
2587688,K25,HK252,True,8,17.0,17.0,3,True,False,True
2587688,K25,HK261,True,5,16.0,0.0,5,True,False,False
2587849,K25,HK251,True,6,16.0,16.0,2,True,False,True
2587849,K25,HK252,True,8,17.0,17.0,4,True,False,True
2587849,K25,HK261,True,5,16.0,0.0,8,True,False,False
2588010,K25,HK251,True,7,19.0,19.0,0,True,False,True
2588010,K25,HK252,True,8,17.0,17.0,0,True,False,True
2588010,K25,HK261,True,6,19.0,0.0,1,True,False,False
2588093,K25,HK251,True,6,16.0,16.0,2,True,False,True
2588093,K25,HK252,True,8,17.0,17.0,5,True,False,True
2588093,K25,HK261,True,5,16.0,0.0,6,True,False,False
2588171,K25,HK251,True,7,19.0,19.0,2,False,False,True
2588171,K25,HK252,True,8,17.0,17.0,2,False,False,True
2588171,K25,HK261,True,6,19.0,0.0,5,False,False,False
2588254,K25,HK251,True,6,16.0,16.0,1,True,False,True
2588254,K25,HK252,True,8,17.0,17.0,2,True,False,True
2588254,K25,HK261,True,5,16.0,0.0,5,True,False,False
2588415,K25,HK251,True,6,16.0,16.0,3,True,False,True
2588415,K25,HK252,True,8,17.0,17.0,5,True,False,True
2588415,K25,HK261,True,5,16.0,0.0,6,True,False,False
2588498,K25,HK251,True,6,16.0,16.0,1,True,False,True
2588498,K25,HK252,True,8,17.0,17.0,1,True,False,True
2588498,K25,HK261,True,5,16.0,0.0,4,True,False,False
2588576,K25,HK251,True,6,16.0,16.0,0,False,False,True
2588576,K25,HK252,True,8,17.0,17.0,1,False,False,True
2588576,K25,HK261,True,5,16.0,0.0,4,False,False,False
2588659,K25,HK251,True,6,16.0,7.0,1,True,False,True
2588820,K25,HK251,True,6,16.0,16.0,4,True,False,True
2588820,K25,HK252,True,8,17.0,17.0,7,True,False,True
2588820,K25,HK261,True,5,16.0,0.0,10,True,False,False
2588903,K25,HK251,True,6,16.0,16.0,2,False,False,True
2588903,K25,HK252,True,8,17.0,17.0,2,False,False,True
2588903,K25,HK261,True,5,16.0,0.0,4,False,False,False
2588981,K25,HK251,True,7,19.0,19.0,4,True,False,True
2588981,K25,HK252,True,8,17.0,17.0,7,True,False,True
2588981,K25,HK261,True,6,19.0,0.0,7,True,False,False
2589064,K25,HK251,True,6,16.0,16.0,1,True,False,True
2589225,K25,HK251,True,6,16.0,16.0,1,True,False,True
2589225,K25,HK252,True,8,17.0,17.0,1,True,False,True
2589225,K25,HK261,True,5,16.0,0.0,2,True,False,False
2589308,K25,HK251,True,7,19.0,19.0,2,True,False,True
2589308,K25,HK252,True,8,17.0,17.0,6,True,False,True
2589308,K25,HK261,True,6,19.0,0.0,7,True,False,False
2589386,K25,HK251,True,6,16.0,16.0,4,True,False,True
2589386,K25,HK252,True,8,17.0,17.0,9,True,False,True
2589386,K25,HK261,True,5,16.0,0.0,11,True,False,False
2589469,K25,HK251,True,6,16.0,16.0,3,False,False,True
2589469,K25,HK252,True,8,17.0,17.0,4,False,False,True
2589469,K25,HK261,True,5,16.0,0.0,5,False,False,False
2589630,K25,HK251,True,7,19.0,19.0,1,True,False,True
2589630,K25,HK252,True,8,17.0,17.0,2,True,False,True
2589630,K25,HK261,True,6,19.0,0.0,5,True,False,False
2589791,K25,HK251,True,7,19.0,19.0,1,False,False,True
2589791,K25,HK252,True,8,17.0,17.0,2,False,False,True
2589791,K25,HK261,True,6,19.0,0.0,3,False,False,False
2589874,K25,HK251,True,7,19.0,19.0,4,True,False,True
2589874,K25,HK252,True,8,17.0,17.0,6,True,False,True
2589874,K25,HK261,True,6,19.0,0.0,7,True,False,False
2590035,K25,HK251,True,7,19.0,19.0,0,False,False,True
2590035,K25,HK252,True,8,17.0,17.0,2,False,False,True
2590035,K25,HK261,True,6,19.0,0.0,3,False,False,False
2590196,K25,HK251,True,6,16.0,16.0,1,True,False,True
2590196,K25,HK252,True,8,17.0,17.0,4,True,False,True
2590196,K25,HK261,True,5,16.0,0.0,5,True,False,False
2590279,K25,HK251,True,7,19.0,19.0,4,True,False,True
2590440,K25,HK251,True,7,19.0,19.0,2,False,False,True
2590440,K25,HK252,True,8,17.0,17.0,3,False,False,True
2590440,K25,HK261,True,6,19.0,0.0,5,False,False,False
2590601,K25,HK251,True,7,19.0,19.0,0,False,False,True
2590601,K25,HK252,True,8,17.0,17.0,1,False,False,True
2590601,K25,HK261,True,6,19.0,0.0,1,False,False,False
2590684,K25,HK251,True,6,16.0,16.0,0,True,False,True
2590684,K25,HK252,True,8,17.0,17.0,0,True,False,True
2590684,K25,HK261,True,5,16.0,0.0,1,True,False,False
2590762,K25,HK251,True,7,19.0,19.0,0,False,False,True
2590762,K25,HK252,True,8,17.0,17.0,1,False,False,True
2590762,K25,HK261,True,6,19.0,0.0,4,False,False,False
2590845,K25,HK251,True,7,19.0,19.0,0,False,False,True
2590845,K25,HK252,True,8,17.0,17.0,1,False,False,True
2590845,K25,HK261,True,6,19.0,0.0,4,False,False,False
2591006,K25,HK251,True,7,19.0,19.0,3,False,False,True
2591006,K25,HK252,True,8,17.0,17.0,4,False,False,True
2591006,K25,HK261,True,6,19.0,0.0,7,False,False,False
2591089,K25,HK251,True,7,19.0,19.0,4,True,False,True
2591089,K25,HK252,True,8,17.0,17.0,4,True,False,True
2591089,K25,HK261,True,6,19.0,0.0,6,True,False,False
2591167,K25,HK251,True,6,16.0,16.0,2,False,False,True
2591167,K25,HK252,True,8,17.0,17.0,5,False,False,True
2591167,K25,HK261,True,5,16.0,0.0,8,False,False,False
2591250,K25,HK251,True,7,19.0,19.0,6,True,False,True
2591250,K25,HK252,True,8,17.0,17.0,8,True,False,True
2591250,K25,HK261,True,6,19.0,0.0,11,True,False,False
2591411,K25,HK251,True,7,19.0,19.0,0,True,False,True
2591411,K25,HK252,True,9,20.0,20.0,0,True,False,True
2591411,K25,HK261,True,6,19.0,0.0,3,True,False,False
2591494,K25,HK251,True,7,19.0,19.0,4,True,False,True
2591494,K25,HK252,True,9,20.0,20.0,4,True,False,True
2591494,K25,HK261,True,6,19.0,0.0,5,True,False,False
2591572,K25,HK251,True,6,16.0,16.0,2,False,False,True
2591572,K25,HK252,True,8,17.0,17.0,2,False,False,True
2591572,K25,HK261,True,5,16.0,0.0,3,False,False,False
2591655,K25,HK251,True,7,19.0,19.0,1,False,False,True
2591655,K25,HK252,True,8,17.0,17.0,3,False,False,True
2591655,K25,HK261,True,6,19.0,0.0,4,False,False,False
2591816,K25,HK251,True,6,16.0,16.0,2,False,False,True
2591816,K25,HK252,True,8,17.0,17.0,3,False,False,True
2591816,K25,HK261,True,5,16.0,0.0,7,False,False,False
2591899,K25,HK251,True,6,16.0,14.0,2,False,False,True
2591899,K25,HK252,True,8,17.0,16.0,3,False,False,True
2591899,K25,HK261,True,6,18.0,0.0,4,False,False,False
2591977,K25,HK251,True,6,16.0,16.0,1,True,False,True
2591977,K25,HK252,True,8,17.0,17.0,3,True,False,True
2591977,K25,HK261,True,5,16.0,0.0,4,True,False,False
2592060,K25,HK251,True,7,19.0,11.0,2,False,False,True
2592060,K25,HK252,True,10,22.0,7.0,2,False,False,True
2592060,K25,HK261,True,9,22.0,0.0,4,False,False,False
2592221,K25,HK251,True,7,19.0,19.0,1,True,False,True
2592221,K25,HK252,True,8,17.0,17.0,3,True,False,True
2592221,K25,HK261,True,6,19.0,0.0,6,True,False,False
2592382,K25,HK251,True,6,16.0,8.0,2,True,False,True
2592382,K25,HK252,True,10,22.0,13.0,2,True,False,True
2592382,K25,HK261,True,8,19.0,0.0,2,True,False,False
2592465,K25,HK251,True,7,19.0,17.0,3,False,False,True
2592465,K25,HK252,True,8,17.0,17.0,5,False,False,True
2592465,K25,HK261,True,5,17.0,0.0,9,False,False,False
2592626,K25,HK251,True,6,16.0,16.0,3,False,False,True
2592626,K25,HK252,True,8,17.0,17.0,6,False,False,True
2592626,K25,HK261,True,5,16.0,0.0,9,False,False,False
2592787,K25,HK251,True,6,16.0,16.0,3,True,False,True
2592787,K25,HK252,True,8,17.0,17.0,3,True,False,True
2592787,K25,HK261,True,5,16.0,0.0,4,True,False,False
2592870,K25,HK251,True,7,19.0,19.0,2,False,False,True
2592870,K25,HK252,True,8,17.0,17.0,4,False,False,True
2592870,K25,HK261,True,6,19.0,0.0,8,False,False,False
2593031,K25,HK251,True,6,16.0,16.0,2,True,False,True
2593031,K25,HK252,True,8,17.0,17.0,3,True,False,True
2593031,K25,HK261,True,5,16.0,0.0,5,True,False,False
2593192,K25,HK251,True,6,16.0,16.0,2,False,False,True
2593192,K25,HK252,True,8,17.0,17.0,3,False,False,True
2593192,K25,HK261,True,5,16.0,0.0,5,False,False,False
2593275,K25,HK251,True,6,16.0,16.0,2,True,False,True
2593275,K25,HK252,True,8,17.0,17.0,3,True,False,True
2593275,K25,HK261,True,5,16.0,0.0,4,True,False,False
2593436,K25,HK251,True,6,16.0,16.0,4,True,False,True
2593436,K25,HK252,True,8,17.0,17.0,6,True,False,True
2593436,K25,HK261,True,5,16.0,0.0,6,True,False,False
2593597,K25,HK251,True,7,19.0,19.0,1,True,False,True
2593597,K25,HK252,True,8,17.0,17.0,3,True,False,True
2593597,K25,HK261,True,6,19.0,0.0,5,True,False,False
2593680,K25,HK251,True,6,16.0,16.0,0,False,False,True
2593680,K25,HK252,True,8,17.0,17.0,0,False,False,True
2593680,K25,HK261,True,5,16.0,0.0,1,False,False,False
2593758,K25,HK251,True,6,16.0,16.0,2,True,False,True
2593758,K25,HK252,True,8,17.0,17.0,4,True,False,True
2593758,K25,HK261,True,5,16.0,0.0,5,True,False,False
2593841,K25,HK251,True,6,16.0,16.0,2,True,False,True
2593841,K25,HK252,True,8,17.0,17.0,3,True,False,True
2593841,K25,HK261,True,5,16.0,0.0,5,True,False,False
2594002,K25,HK251,True,7,19.0,19.0,0,False,False,True
2594002,K25,HK252,True,8,17.0,17.0,1,False,False,True
2594002,K25,HK261,True,6,19.0,0.0,3,False,False,False
2594085,K25,HK251,True,7,19.0,19.0,0,True,False,True
2594085,K25,HK252,True,8,17.0,17.0,3,True,False,True
2594085,K25,HK261,True,6,19.0,0.0,7,True,False,False
2594163,K25,HK251,True,7,19.0,19.0,2,True,False,True
2594163,K25,HK252,True,8,17.0,17.0,6,True,False,True
2594163,K25,HK261,True,6,19.0,0.0,8,True,False,False
2594246,K25,HK251,True,6,16.0,16.0,1,True,False,True
2594246,K25,HK252,True,8,17.0,17.0,2,True,False,True
2594246,K25,HK261,True,5,16.0,0.0,3,True,False,False
2594407,K25,HK251,True,6,16.0,8.0,2,True,False,True
2594407,K25,HK252,True,9,22.0,14.0,3,True,False,True
2594407,K25,HK261,True,7,22.0,0.0,5,True,False,False
2594490,K25,HK251,True,6,16.0,16.0,4,False,False,True
2594490,K25,HK252,True,8,17.0,17.0,4,False,False,True
2594490,K25,HK261,True,5,16.0,0.0,6,False,False,False
2594568,K25,HK251,True,6,16.0,16.0,0,True,False,True
2594568,K25,HK252,True,8,17.0,17.0,0,True,False,True
2594568,K25,HK261,True,5,16.0,0.0,1,True,False,False
2594651,K25,HK251,True,6,16.0,16.0,1,True,False,True
2594651,K25,HK252,True,8,17.0,17.0,4,True,False,True
2594651,K25,HK261,True,5,16.0,0.0,7,True,False,False
2594812,K25,HK251,True,7,19.0,19.0,3,True,False,True
2594812,K25,HK252,True,8,17.0,17.0,7,True,False,True
2594812,K25,HK261,True,6,19.0,0.0,10,True,False,False
2594895,K25,HK251,True,6,16.0,16.0,0,True,False,True
2594895,K25,HK252,True,8,17.0,17.0,1,True,False,True
2594895,K25,HK261,True,5,16.0,0.0,2,True,False,False
2594973,K25,HK251,True,7,19.0,19.0,3,True,False,True
2594973,K25,HK252,True,8,17.0,17.0,3,True,False,True
2594973,K25,HK261,True,6,19.0,0.0,4,True,False,False
2595056,K25,HK251,True,6,16.0,16.0,3,True,False,True
2595056,K25,HK252,True,8,17.0,17.0,6,True,False,True
2595056,K25,HK261,True,5,16.0,0.0,7,True,False,False
2595217,K25,HK251,True,7,19.0,19.0,1,False,False,True
2595217,K25,HK252,True,8,17.0,17.0,2,False,False,True
2595217,K25,HK261,True,6,19.0,0.0,4,False,False,False
2595378,K25,HK251,True,6,16.0,16.0,2,False,False,True
2595378,K25,HK252,True,8,17.0,17.0,3,False,False,True
2595378,K25,HK261,True,5,16.0,0.0,6,False,False,False
2595461,K25,HK251,True,6,16.0,16.0,0,True,False,True
2595461,K25,HK252,True,8,17.0,17.0,2,True,False,True
2595461,K25,HK261,True,5,16.0,0.0,2,True,False,False
2595622,K25,HK251,True,7,19.0,19.0,1,True,False,True
2595622,K25,HK252,True,8,17.0,17.0,2,True,False,True
2595622,K25,HK261,True,6,19.0,0.0,5,True,False,False
2595783,K25,HK251,True,7,19.0,19.0,2,True,False,True
2595783,K25,HK252,True,9,20.0,20.0,4,True,False,True
2595783,K25,HK261,True,6,19.0,0.0,6,True,False,False
2595866,K25,HK251,True,7,19.0,19.0,1,True,False,True
2595866,K25,HK252,True,8,17.0,17.0,3,True,False,True
2595866,K25,HK261,True,6,19.0,0.0,5,True,False,False
2596027,K25,HK251,True,7,19.0,19.0,0,False,False,True
2596027,K25,HK252,True,8,17.0,17.0,0,False,False,True
2596027,K25,HK261,True,6,19.0,0.0,0,False,False,False
2596188,K25,HK251,True,6,16.0,5.0,0,True,False,True
2596188,K25,HK252,True,10,21.0,3.0,2,True,False,True
2596271,K25,HK251,True,7,19.0,16.0,0,False,False,True
2596271,K25,HK252,True,9,20.0,20.0,0,False,False,True
2596271,K25,HK261,True,6,19.0,0.0,1,False,False,False
2596432,K25,HK251,True,7,19.0,19.0,0,False,False,True
2596432,K25,HK252,True,8,17.0,17.0,3,False,False,True
2596432,K25,HK261,True,6,19.0,0.0,3,False,False,False
2596593,K25,HK251,True,6,16.0,11.0,0,False,False,True
2596593,K25,HK252,True,9,20.0,18.0,1,False,False,True
2596593,K25,HK261,True,5,16.0,0.0,2,False,False,False
2596676,K25,HK251,True,7,19.0,19.0,1,False,False,True
2596676,K25,HK252,True,8,17.0,17.0,4,False,False,True
2596676,K25,HK261,True,6,19.0,0.0,7,False,False,False
2596754,K25,HK251,True,6,16.0,16.0,1,True,False,True
2596754,K25,HK252,True,8,17.0,17.0,1,True,False,True
2596754,K25,HK261,True,5,16.0,0.0,6,True,False,False
2596837,K25,HK251,True,7,19.0,19.0,1,False,False,True
2596837,K25,HK252,True,8,17.0,17.0,2,False,False,True
2596837,K25,HK261,True,6,19.0,0.0,4,False,False,False
2596998,K25,HK251,True,6,16.0,16.0,1,False,False,True
2596998,K25,HK252,True,8,17.0,17.0,2,False,False,True
2596998,K25,HK261,True,5,16.0,0.0,3,False,False,False
2597081,K25,HK251,True,6,16.0,16.0,4,True,False,True
2597081,K25,HK252,True,8,17.0,17.0,7,True,False,True
2597081,K25,HK261,True,5,16.0,0.0,8,True,False,False
2597159,K25,HK251,True,6,16.0,16.0,3,False,False,True
2597159,K25,HK252,True,8,17.0,17.0,5,False,False,True
2597159,K25,HK261,True,5,16.0,0.0,8,False,False,False
2597242,K25,HK251,True,7,19.0,19.0,1,True,False,True
2597242,K25,HK252,True,9,20.0,20.0,2,True,False,True
2597242,K25,HK261,True,6,19.0,0.0,3,True,False,False
2597403,K25,HK251,True,6,16.0,16.0,1,True,False,True
2597403,K25,HK252,True,8,17.0,17.0,3,True,False,True
2597403,K25,HK261,True,5,16.0,0.0,3,True,False,False
2597486,K25,HK251,True,6,16.0,16.0,2,True,False,True
2597486,K25,HK252,True,8,17.0,17.0,5,True,False,True
2597486,K25,HK261,True,5,16.0,0.0,8,True,False,False
2597564,K25,HK251,True,6,16.0,16.0,2,False,False,True
2597564,K25,HK252,True,8,17.0,17.0,6,False,False,True
2597564,K25,HK261,True,5,16.0,0.0,7,False,False,False
2597647,K25,HK251,True,6,16.0,14.0,3,True,False,True
2597647,K25,HK252,True,8,17.0,15.0,7,True,False,True
2597647,K25,HK261,True,5,16.0,0.0,8,True,False,False
2597808,K25,HK251,True,6,16.0,16.0,1,True,False,True
2597808,K25,HK252,True,8,17.0,17.0,3,True,False,True
2597808,K25,HK261,True,5,16.0,0.0,6,True,False,False
2597891,K25,HK251,True,6,16.0,16.0,1,False,False,True
2597891,K25,HK252,True,8,17.0,17.0,4,False,False,True
2597891,K25,HK261,True,5,16.0,0.0,5,False,False,False
2597969,K25,HK251,True,6,16.0,16.0,2,True,False,True
2597969,K25,HK252,True,8,17.0,17.0,5,True,False,True
2597969,K25,HK261,True,5,16.0,0.0,7,True,False,False
2598052,K25,HK251,True,7,19.0,19.0,3,True,False,True
2598052,K25,HK252,True,8,17.0,17.0,9,True,False,True
2598052,K25,HK261,True,6,19.0,0.0,15,True,False,False
2598213,K25,HK251,True,6,16.0,16.0,2,False,False,True
2598213,K25,HK252,True,8,17.0,17.0,4,False,False,True
2598213,K25,HK261,True,5,16.0,0.0,6,False,False,False
2598374,K25,HK251,True,6,16.0,16.0,0,True,False,True
2598374,K25,HK252,True,8,17.0,17.0,8,True,False,True
2598374,K25,HK261,True,5,16.0,0.0,9,True,False,False
2598457,K25,HK251,True,6,16.0,16.0,3,True,False,True
2598457,K25,HK252,True,8,17.0,17.0,5,True,False,True
2598457,K25,HK261,True,5,16.0,0.0,9,True,False,False
2598618,K25,HK251,True,6,16.0,16.0,0,True,False,True
2598618,K25,HK252,True,8,17.0,17.0,5,True,False,True
2598618,K25,HK261,True,5,16.0,0.0,5,True,False,False
2598779,K25,HK251,True,7,19.0,12.0,3,True,False,True
2598779,K25,HK252,True,9,21.0,15.0,3,True,False,True
2598779,K25,HK261,True,8,20.0,0.0,7,True,False,False
2598862,K25,HK251,True,7,19.0,19.0,3,False,False,True
2598862,K25,HK252,True,8,17.0,17.0,3,False,False,True
2598862,K25,HK261,True,6,19.0,0.0,3,False,False,False
2599023,K25,HK251,True,7,19.0,17.0,2,True,False,True
2599023,K25,HK252,True,8,17.0,17.0,3,True,False,True
2599023,K25,HK261,True,5,17.0,0.0,5,True,False,False
2599184,K25,HK251,True,7,19.0,19.0,0,False,False,True
2599184,K25,HK252,True,8,17.0,17.0,2,False,False,True
2599184,K25,HK261,True,6,19.0,0.0,4,False,False,False
2599267,K25,HK251,True,6,16.0,16.0,2,True,False,True
2599267,K25,HK252,True,8,17.0,17.0,2,True,False,True
2599267,K25,HK261,True,5,16.0,0.0,5,True,False,False
2599345,K25,HK251,True,6,16.0,16.0,2,True,False,True
2599345,K25,HK252,True,8,17.0,17.0,4,True,False,True
2599345,K25,HK261,True,5,16.0,0.0,7,True,False,False
2599428,K25,HK251,True,7,19.0,19.0,2,True,False,True
2599428,K25,HK252,True,9,20.0,20.0,5,True,False,True
2599428,K25,HK261,True,6,19.0,0.0,6,True,False,False
2599589,K25,HK251,True,7,19.0,19.0,1,True,False,True
2599589,K25,HK252,True,8,17.0,17.0,2,True,False,True
2599589,K25,HK261,True,6,19.0,0.0,3,True,False,False
2599672,K25,HK251,True,6,16.0,16.0,1,True,False,True
2599672,K25,HK252,True,8,17.0,17.0,1,True,False,True
2599672,K25,HK261,True,5,16.0,0.0,1,True,False,False
2599750,K25,HK251,True,6,16.0,16.0,2,True,False,True
2599750,K25,HK252,True,8,17.0,17.0,8,True,False,True
2599750,K25,HK261,True,5,16.0,0.0,15,True,False,False
2599833,K25,HK251,True,7,19.0,19.0,3,True,False,True
2599833,K25,HK252,True,8,17.0,17.0,7,True,False,True
2599833,K25,HK261,True,6,19.0,0.0,9,True,False,False
2599994,K25,HK251,True,6,16.0,16.0,2,True,False,True
2599994,K25,HK252,True,8,17.0,17.0,2,True,False,True
2599994,K25,HK261,True,5,16.0,0.0,4,True,False,False
2600012,K26,HK261,True,6,16.0,0.0,2,True,False,False
2600118,K26,HK261,True,7,19.0,0.0,1,False,False,False
2600224,K26,HK261,True,7,19.0,0.0,2,True,False,False
2600330,K26,HK261,True,6,16.0,0.0,2,False,False,False
2600436,K26,HK261,True,6,16.0,0.0,0,True,False,False
2600542,K26,HK261,True,6,16.0,0.0,1,True,False,False
2600648,K26,HK261,True,7,19.0,0.0,0,True,False,False
2600754,K26,HK261,True,6,16.0,0.0,3,True,False,False
2600860,K26,HK261,True,6,16.0,0.0,1,True,False,False
2600966,K26,HK261,True,6,16.0,0.0,2,False,False,False
2601072,K26,HK261,True,6,16.0,0.0,2,True,False,False
2601178,K26,HK261,True,6,16.0,0.0,1,True,False,False
2601284,K26,HK261,True,6,16.0,0.0,0,True,False,False
2601390,K26,HK261,True,6,16.0,0.0,3,False,False,False
2601496,K26,HK261,True,7,19.0,0.0,4,True,False,False
2601602,K26,HK261,True,6,16.0,0.0,2,True,False,False
2601727,K26,HK261,True,7,19.0,0.0,1,True,False,False
2601833,K26,HK261,True,7,19.0,0.0,3,False,False,False
2601939,K26,HK261,True,7,19.0,0.0,2,True,False,False
2602045,K26,HK261,True,6,16.0,0.0,3,True,False,False
2602151,K26,HK261,True,7,19.0,0.0,1,True,False,False
2602257,K26,HK261,True,6,16.0,0.0,5,False,False,False
2602363,K26,HK261,True,6,16.0,0.0,0,False,False,False
2602469,K26,HK261,True,7,19.0,0.0,3,True,False,False
2602575,K26,HK261,True,6,16.0,0.0,3,False,False,False
2602681,K26,HK261,True,6,16.0,0.0,3,False,False,False
2602787,K26,HK261,True,6,16.0,0.0,0,False,False,False
2602893,K26,HK261,True,6,16.0,0.0,2,False,False,False
2602999,K26,HK261,True,6,16.0,0.0,0,False,False,False
2603105,K26,HK261,True,6,16.0,0.0,0,True,False,False
2603211,K26,HK261,True,6,16.0,0.0,2,False,False,False
2603317,K26,HK261,True,6,16.0,0.0,0,False,False,False
2603442,K26,HK261,True,7,19.0,0.0,7,False,False,False
2603548,K26,HK261,True,6,16.0,0.0,1,True,False,False
2603654,K26,HK261,True,6,16.0,0.0,1,True,False,False
2603760,K26,HK261,True,7,19.0,0.0,2,False,False,False
2603866,K26,HK261,True,6,16.0,0.0,0,False,False,False
2603972,K26,HK261,True,6,16.0,0.0,1,False,False,False
2604078,K26,HK261,True,6,16.0,0.0,1,False,False,False
2604184,K26,HK261,True,6,16.0,0.0,1,True,False,False
2604290,K26,HK261,True,7,19.0,0.0,1,False,False,False
2604396,K26,HK261,True,6,16.0,0.0,2,True,False,False
2604502,K26,HK261,True,6,16.0,0.0,0,False,False,False
2604608,K26,HK261,True,7,19.0,0.0,4,True,False,False
2604714,K26,HK261,True,6,16.0,0.0,1,False,False,False
2604820,K26,HK261,True,7,19.0,0.0,1,False,False,False
2604926,K26,HK261,True,6,16.0,0.0,3,False,False,False
2605032,K26,HK261,True,6,16.0,0.0,4,True,False,False
2605157,K26,HK261,True,7,19.0,0.0,2,False,False,False
2605263,K26,HK261,True,6,16.0,0.0,0,False,False,False
2605369,K26,HK261,True,7,19.0,0.0,4,False,False,False
2605475,K26,HK261,True,7,19.0,0.0,1,True,False,False
2605581,K26,HK261,True,6,16.0,0.0,0,True,False,False
2605687,K26,HK261,True,6,16.0,0.0,0,False,False,False
2605793,K26,HK261,True,6,16.0,0.0,2,False,False,False
2605899,K26,HK261,True,6,16.0,0.0,0,False,False,False
2606005,K26,HK261,True,6,16.0,0.0,1,True,False,False
2606111,K26,HK261,True,6,16.0,0.0,0,False,False,False
2606217,K26,HK261,True,6,16.0,0.0,2,True,False,False
2606323,K26,HK261,True,6,16.0,0.0,2,False,False,False
2606429,K26,HK261,True,7,19.0,0.0,1,False,False,False
2606535,K26,HK261,True,7,19.0,0.0,2,False,False,False
2606641,K26,HK261,True,7,19.0,0.0,2,False,False,False
2606747,K26,HK261,True,7,19.0,0.0,1,True,False,False
2606872,K26,HK261,True,6,16.0,0.0,1,True,False,False
2606978,K26,HK261,True,6,16.0,0.0,3,False,False,False
2607084,K26,HK261,True,7,19.0,0.0,0,False,False,False
2607190,K26,HK261,True,7,19.0,0.0,3,True,False,False
2607296,K26,HK261,True,6,16.0,0.0,2,True,False,False
2607402,K26,HK261,True,7,19.0,0.0,1,False,False,False
2607508,K26,HK261,True,7,19.0,0.0,1,False,False,False
2607614,K26,HK261,True,7,19.0,0.0,1,False,False,False
2607720,K26,HK261,True,6,16.0,0.0,1,True,False,False
2607826,K26,HK261,True,7,19.0,0.0,1,True,False,False
2607932,K26,HK261,True,6,16.0,0.0,1,True,False,False
2608038,K26,HK261,True,6,16.0,0.0,0,False,False,False
2608144,K26,HK261,True,7,19.0,0.0,3,True,False,False
2608250,K26,HK261,True,6,16.0,0.0,2,True,False,False
2608356,K26,HK261,True,6,16.0,0.0,1,False,False,False
2608462,K26,HK261,True,6,16.0,0.0,2,False,False,False
2608587,K26,HK261,True,6,16.0,0.0,1,False,False,False
2608693,K26,HK261,True,7,19.0,0.0,3,False,False,False
2608799,K26,HK261,True,6,16.0,0.0,1,False,False,False
2608905,K26,HK261,True,6,16.0,0.0,2,False,False,False
2609011,K26,HK261,True,6,16.0,0.0,1,True,False,False
2609117,K26,HK261,True,7,19.0,0.0,0,False,False,False
2609223,K26,HK261,True,6,16.0,0.0,0,True,False,False
2609329,K26,HK261,True,7,19.0,0.0,0,False,False,False
2609435,K26,HK261,True,6,16.0,0.0,3,True,False,False
2609541,K26,HK261,True,7,19.0,0.0,4,True,False,False
2609647,K26,HK261,True,6,16.0,0.0,4,True,False,False
2609753,K26,HK261,True,6,16.0,0.0,1,False,False,False
2609859,K26,HK261,True,7,19.0,0.0,1,True,False,False
2609965,K26,HK261,True,6,16.0,0.0,1,False,False,False
2610071,K26,HK261,True,7,19.0,0.0,0,False,False,False
2610177,K26,HK261,True,6,16.0,0.0,3,True,False,False
2610302,K26,HK261,True,6,16.0,0.0,1,False,False,False
2610408,K26,HK261,True,7,19.0,0.0,0,True,False,False
2610514,K26,HK261,True,6,16.0,0.0,0,False,False,False
2610620,K26,HK261,True,6,16.0,0.0,2,False,False,False
2610726,K26,HK261,True,7,19.0,0.0,1,False,False,False
2610832,K26,HK261,True,6,16.0,0.0,4,True,False,False
2610938,K26,HK261,True,6,16.0,0.0,0,False,False,False
2611044,K26,HK261,True,7,19.0,0.0,2,True,False,False
2611150,K26,HK261,True,6,16.0,0.0,4,True,False,False
2611256,K26,HK261,True,7,19.0,0.0,2,False,False,False
2611362,K26,HK261,True,6,16.0,0.0,1,False,False,False
2611468,K26,HK261,True,6,16.0,0.0,1,False,False,False
2611574,K26,HK261,True,6,16.0,0.0,1,True,False,False
2611680,K26,HK261,True,6,16.0,0.0,3,True,False,False
2611786,K26,HK261,True,7,19.0,0.0,2,False,False,False
2611892,K26,HK261,True,7,19.0,0.0,3,False,False,False
2612017,K26,HK261,True,6,16.0,0.0,3,True,False,False
2612123,K26,HK261,True,6,16.0,0.0,2,True,False,False
2612229,K26,HK261,True,6,16.0,0.0,2,True,False,False
2612335,K26,HK261,True,6,16.0,0.0,4,True,False,False
2612441,K26,HK261,True,6,16.0,0.0,2,True,False,False
2612547,K26,HK261,True,6,16.0,0.0,0,False,False,False
2612653,K26,HK261,True,7,19.0,0.0,3,True,False,False
2612759,K26,HK261,True,6,16.0,0.0,3,False,False,False
2612865,K26,HK261,True,7,19.0,0.0,1,False,False,False
2612971,K26,HK261,True,6,16.0,0.0,3,True,False,False
2613077,K26,HK261,True,6,16.0,0.0,2,True,False,False
2613183,K26,HK261,True,6,16.0,0.0,0,False,False,False
2613289,K26,HK261,True,7,19.0,0.0,2,True,False,False
2613395,K26,HK261,True,6,16.0,0.0,1,True,False,False
2613501,K26,HK261,True,7,19.0,0.0,4,False,False,False
2613607,K26,HK261,True,6,16.0,0.0,1,True,False,False
2613838,K26,HK261,True,6,16.0,0.0,0,False,False,False
2613944,K26,HK261,True,7,19.0,0.0,1,True,False,False
2614050,K26,HK261,True,7,19.0,0.0,5,False,False,False
2614156,K26,HK261,True,7,19.0,0.0,1,True,False,False
2614262,K26,HK261,True,7,19.0,0.0,1,True,False,False
2614368,K26,HK261,True,7,19.0,0.0,2,False,False,False
2614474,K26,HK261,True,7,19.0,0.0,1,True,False,False
2614580,K26,HK261,True,7,19.0,0.0,4,True,False,False
2614686,K26,HK261,True,7,19.0,0.0,1,False,False,False
2614792,K26,HK261,True,6,16.0,0.0,1,False,False,False
2614898,K26,HK261,True,7,19.0,0.0,0,True,False,False
2615004,K26,HK261,True,7,19.0,0.0,0,False,False,False
2615110,K26,HK261,True,7,19.0,0.0,0,False,False,False
2615216,K26,HK261,True,6,16.0,0.0,2,False,False,False
2615322,K26,HK261,True,7,19.0,0.0,0,True,False,False
2615553,K26,HK261,True,7,19.0,0.0,4,False,False,False
2615659,K26,HK261,True,7,19.0,0.0,1,False,False,False
2615765,K26,HK261,True,7,19.0,0.0,2,True,False,False
2615871,K26,HK261,True,7,19.0,0.0,2,False,False,False
2615977,K26,HK261,True,6,16.0,0.0,2,True,False,False
2616083,K26,HK261,True,7,19.0,0.0,0,False,False,False
2616189,K26,HK261,True,6,16.0,0.0,1,True,False,False
2616295,K26,HK261,True,7,19.0,0.0,1,False,False,False
2616401,K26,HK261,True,7,19.0,0.0,3,True,False,False
2616507,K26,HK261,True,7,19.0,0.0,1,False,False,False
2616613,K26,HK261,True,6,16.0,0.0,3,True,False,False
2616719,K26,HK261,True,6,16.0,0.0,1,False,False,False
2616825,K26,HK261,True,6,16.0,0.0,3,True,False,False
2616931,K26,HK261,True,7,19.0,0.0,3,True,False,False
2617037,K26,HK261,True,6,16.0,0.0,1,True,False,False
2617268,K26,HK261,True,6,16.0,0.0,2,True,False,False
2617374,K26,HK261,True,7,19.0,0.0,3,False,False,False
2617480,K26,HK261,True,6,16.0,0.0,5,True,False,False
2617586,K26,HK261,True,7,19.0,0.0,0,False,False,False
2617692,K26,HK261,True,7,19.0,0.0,0,False,False,False
2617798,K26,HK261,True,6,16.0,0.0,1,True,False,False
2617904,K26,HK261,True,7,19.0,0.0,1,True,False,False
2618010,K26,HK261,True,7,19.0,0.0,1,False,False,False
2618116,K26,HK261,True,6,16.0,0.0,0,True,False,False
2618222,K26,HK261,True,6,16.0,0.0,3,True,False,False
2618328,K26,HK261,True,6,16.0,0.0,3,True,False,False
2618434,K26,HK261,True,6,16.0,0.0,3,False,False,False
2618540,K26,HK261,True,6,16.0,0.0,2,False,False,False
2618646,K26,HK261,True,6,16.0,0.0,1,True,False,False
2618752,K26,HK261,True,7,19.0,0.0,4,False,False,False
2618983,K26,HK261,True,6,16.0,0.0,1,True,False,False
2619089,K26,HK261,True,6,16.0,0.0,2,True,False,False
2619195,K26,HK261,True,6,16.0,0.0,3,False,False,False
2619301,K26,HK261,True,6,16.0,0.0,3,False,False,False
2619407,K26,HK261,True,6,16.0,0.0,3,False,False,False
2619513,K26,HK261,True,7,19.0,0.0,2,False,False,False
2619619,K26,HK261,True,7,19.0,0.0,4,True,False,False
2619725,K26,HK261,True,6,16.0,0.0,0,True,False,False
2619831,K26,HK261,True,7,19.0,0.0,3,True,False,False
2619937,K26,HK261,True,6,16.0,0.0,1,True,False,False
2620043,K26,HK261,True,6,16.0,0.0,2,True,False,False
2620149,K26,HK261,True,6,16.0,0.0,0,False,False,False
2620255,K26,HK261,True,7,19.0,0.0,4,False,False,False
2620361,K26,HK261,True,6,16.0,0.0,1,True,False,False
2620467,K26,HK261,True,6,16.0,0.0,1,True,False,False
2620573,K26,HK261,True,7,19.0,0.0,3,True,False,False
2620698,K26,HK261,True,6,16.0,0.0,3,True,False,False
2620804,K26,HK261,True,6,16.0,0.0,2,False,False,False
2620910,K26,HK261,True,6,16.0,0.0,0,True,False,False
2621016,K26,HK261,True,6,16.0,0.0,2,True,False,False
2621122,K26,HK261,True,6,16.0,0.0,0,False,False,False
2621228,K26,HK261,True,6,16.0,0.0,0,False,False,False
2621334,K26,HK261,True,6,16.0,0.0,0,True,False,False
2621440,K26,HK261,True,6,16.0,0.0,1,False,False,False
2621546,K26,HK261,True,6,16.0,0.0,2,True,False,False
2621652,K26,HK261,True,6,16.0,0.0,3,True,False,False
2621758,K26,HK261,True,7,19.0,0.0,0,False,False,False
2621864,K26,HK261,True,7,19.0,0.0,0,True,False,False
2621970,K26,HK261,True,7,19.0,0.0,4,False,False,False
2622076,K26,HK261,True,7,19.0,0.0,1,True,False,False
2622182,K26,HK261,True,6,16.0,0.0,0,True,False,False
2622288,K26,HK261,True,7,19.0,0.0,0,True,False,False
2622413,K26,HK261,True,7,19.0,0.0,3,True,False,False
2622519,K26,HK261,True,6,16.0,0.0,1,False,False,False
2622625,K26,HK261,True,6,16.0,0.0,2,False,False,False
2622731,K26,HK261,True,7,19.0,0.0,1,True,False,False
2622837,K26,HK261,True,6,16.0,0.0,2,True,False,False
2622943,K26,HK261,True,6,16.0,0.0,1,True,False,False
2623049,K26,HK261,True,6,16.0,0.0,1,False,False,False
2623155,K26,HK261,True,6,16.0,0.0,2,True,False,False
2623261,K26,HK261,True,6,16.0,0.0,2,False,False,False
2623367,K26,HK261,True,6,16.0,0.0,1,False,False,False
2623473,K26,HK261,True,6,16.0,0.0,2,False,False,False
2623579,K26,HK261,True,6,16.0,0.0,1,False,False,False
2623685,K26,HK261,True,6,16.0,0.0,1,True,False,False
2623791,K26,HK261,True,7,19.0,0.0,1,False,False,False
2623897,K26,HK261,True,6,16.0,0.0,3,True,False,False
2624003,K26,HK261,True,6,16.0,0.0,2,False,False,False
2624128,K26,HK261,True,6,16.0,0.0,0,False,False,False
2624234,K26,HK261,True,6,16.0,0.0,5,True,False,False
2624340,K26,HK261,True,7,19.0,0.0,0,True,False,False
2624446,K26,HK261,True,7,19.0,0.0,2,True,False,False
2624552,K26,HK261,True,6,16.0,0.0,0,False,False,False
2624658,K26,HK261,True,6,16.0,0.0,1,False,False,False
2624764,K26,HK261,True,7,19.0,0.0,2,True,False,False
2624870,K26,HK261,True,6,16.0,0.0,4,False,False,False
2624976,K26,HK261,True,6,16.0,0.0,3,False,False,False
2625082,K26,HK261,True,6,16.0,0.0,1,True,False,False
2625188,K26,HK261,True,7,19.0,0.0,2,True,False,False
2625294,K26,HK261,True,7,19.0,0.0,2,False,False,False
2625400,K26,HK261,True,7,19.0,0.0,3,True,False,False
2625506,K26,HK261,True,6,16.0,0.0,4,False,False,False
2625612,K26,HK261,True,7,19.0,0.0,0,True,False,False
2625718,K26,HK261,True,6,16.0,0.0,3,False,False,False
2625843,K26,HK261,True,6,16.0,0.0,1,True,False,False
2625949,K26,HK261,True,7,19.0,0.0,6,False,False,False
2626055,K26,HK261,True,6,16.0,0.0,3,False,False,False
2626161,K26,HK261,True,6,16.0,0.0,1,False,False,False
2626267,K26,HK261,True,7,19.0,0.0,1,False,False,False
2626373,K26,HK261,True,7,19.0,0.0,1,False,False,False
2626479,K26,HK261,True,7,19.0,0.0,1,False,False,False
2626585,K26,HK261,True,6,16.0,0.0,0,True,False,False
2626691,K26,HK261,True,7,19.0,0.0,2,False,False,False
2626797,K26,HK261,True,6,16.0,0.0,1,False,False,False
2626903,K26,HK261,True,6,16.0,0.0,0,True,False,False
2627009,K26,HK261,True,6,16.0,0.0,4,True,False,False
2627115,K26,HK261,True,6,16.0,0.0,2,True,False,False
2627221,K26,HK261,True,6,16.0,0.0,1,False,False,False
2627327,K26,HK261,True,6,16.0,0.0,0,False,False,False
2627433,K26,HK261,True,7,19.0,0.0,4,True,False,False
2627558,K26,HK261,True,6,16.0,0.0,6,False,False,False
2627664,K26,HK261,True,6,16.0,0.0,1,False,False,False
2627770,K26,HK261,True,7,19.0,0.0,0,False,False,False
2627876,K26,HK261,True,6,16.0,0.0,1,True,False,False
2627982,K26,HK261,True,6,16.0,0.0,2,False,False,False
2628088,K26,HK261,True,6,16.0,0.0,4,False,False,False
2628194,K26,HK261,True,7,19.0,0.0,2,False,False,False
2628300,K26,HK261,True,6,16.0,0.0,3,True,False,False
2628406,K26,HK261,True,7,19.0,0.0,1,False,False,False
2628512,K26,HK261,True,7,19.0,0.0,3,False,False,False
2628618,K26,HK261,True,7,19.0,0.0,1,False,False,False
2628724,K26,HK261,True,6,16.0,0.0,2,False,False,False
2628830,K26,HK261,True,6,16.0,0.0,0,False,False,False
2628936,K26,HK261,True,6,16.0,0.0,4,True,False,False
2629042,K26,HK261,True,6,16.0,0.0,0,True,False,False
2629148,K26,HK261,True,6,16.0,0.0,1,True,False,False
2629273,K26,HK261,True,6,16.0,0.0,1,False,False,False
2629379,K26,HK261,True,7,19.0,0.0,2,True,False,False
2629485,K26,HK261,True,7,19.0,0.0,3,False,False,False
2629591,K26,HK261,True,7,19.0,0.0,9,True,False,False
2629697,K26,HK261,True,7,19.0,0.0,2,True,False,False
2629803,K26,HK261,True,6,16.0,0.0,0,False,False,False
2629909,K26,HK261,True,6,16.0,0.0,2,True,False,False
2630015,K26,HK261,True,6,16.0,0.0,2,True,False,False
2630121,K26,HK261,True,7,19.0,0.0,1,True,False,False
2630227,K26,HK261,True,6,16.0,0.0,0,True,False,False
2630333,K26,HK261,True,6,16.0,0.0,2,False,False,False
2630439,K26,HK261,True,6,16.0,0.0,0,False,False,False
2630545,K26,HK261,True,6,16.0,0.0,0,False,False,False
2630651,K26,HK261,True,6,16.0,0.0,5,True,False,False
2630757,K26,HK261,True,6,16.0,0.0,2,False,False,False
2630863,K26,HK261,True,6,16.0,0.0,1,False,False,False
2630988,K26,HK261,True,6,16.0,0.0,1,True,False,False
2631094,K26,HK261,True,7,19.0,0.0,1,False,False,False
2631200,K26,HK261,True,6,16.0,0.0,3,True,False,False
2631306,K26,HK261,True,6,16.0,0.0,0,False,False,False
2631412,K26,HK261,True,7,19.0,0.0,2,True,False,False
2631518,K26,HK261,True,7,19.0,0.0,0,False,False,False
2631624,K26,HK261,True,7,19.0,0.0,2,False,False,False
2631730,K26,HK261,True,7,19.0,0.0,1,False,False,False
2631836,K26,HK261,True,6,16.0,0.0,1,True,False,False
2631942,K26,HK261,True,6,16.0,0.0,2,False,False,False
2632048,K26,HK261,True,7,19.0,0.0,3,True,False,False
2632154,K26,HK261,True,7,19.0,0.0,2,False,False,False
2632260,K26,HK261,True,6,16.0,0.0,0,True,False,False
2632366,K26,HK261,True,6,16.0,0.0,2,True,False,False
2632472,K26,HK261,True,7,19.0,0.0,3,True,False,False
2632578,K26,HK261,True,6,16.0,0.0,2,True,False,False
2632809,K26,HK261,True,7,19.0,0.0,5,True,False,False
2632915,K26,HK261,True,6,16.0,0.0,1,True,False,False
2633021,K26,HK261,True,7,19.0,0.0,1,False,False,False
2633127,K26,HK261,True,7,19.0,0.0,2,False,False,False
2633233,K26,HK261,True,6,16.0,0.0,2,False,False,False
2633339,K26,HK261,True,7,19.0,0.0,2,True,False,False
2633445,K26,HK261,True,6,16.0,0.0,1,False,False,False
2633551,K26,HK261,True,6,16.0,0.0,4,False,False,False
2633657,K26,HK261,True,7,19.0,0.0,3,False,False,False
2633763,K26,HK261,True,7,19.0,0.0,4,True,False,False
2633869,K26,HK261,True,6,16.0,0.0,0,False,False,False
2633975,K26,HK261,True,6,16.0,0.0,0,False,False,False
2634081,K26,HK261,True,6,16.0,0.0,3,True,False,False
2634187,K26,HK261,True,6,16.0,0.0,2,False,False,False
2634293,K26,HK261,True,7,19.0,0.0,0,True,False,False
2634524,K26,HK261,True,6,16.0,0.0,3,True,False,False
2634630,K26,HK261,True,7,19.0,0.0,1,True,False,False
2634736,K26,HK261,True,6,16.0,0.0,2,False,False,False
2634842,K26,HK261,True,6,16.0,0.0,3,True,False,False
2634948,K26,HK261,True,7,19.0,0.0,1,True,False,False
2635054,K26,HK261,True,6,16.0,0.0,1,False,False,False
2635160,K26,HK261,True,6,16.0,0.0,3,True,False,False
2635266,K26,HK261,True,6,16.0,0.0,2,True,False,False
2635372,K26,HK261,True,6,16.0,0.0,1,True,False,False
2635478,K26,HK261,True,6,16.0,0.0,2,False,False,False
2635584,K26,HK261,True,6,16.0,0.0,2,True,False,False
2635690,K26,HK261,True,6,16.0,0.0,2,True,False,False
2635796,K26,HK261,True,7,19.0,0.0,3,False,False,False
2635902,K26,HK261,True,7,19.0,0.0,0,True,False,False
2636008,K26,HK261,True,6,16.0,0.0,1,True,False,False
2636239,K26,HK261,True,6,16.0,0.0,1,True,False,False
2636345,K26,HK261,True,7,19.0,0.0,1,True,False,False
2636451,K26,HK261,True,7,19.0,0.0,1,False,False,False
2636557,K26,HK261,True,6,16.0,0.0,3,True,False,False
2636663,K26,HK261,True,7,19.0,0.0,5,True,False,False
2636769,K26,HK261,True,6,16.0,0.0,3,True,False,False
2636875,K26,HK261,True,6,16.0,0.0,1,True,False,False
2636981,K26,HK261,True,7,19.0,0.0,0,True,False,False
2637087,K26,HK261,True,7,19.0,0.0,2,True,False,False
2637193,K26,HK261,True,7,19.0,0.0,0,True,False,False
2637299,K26,HK261,True,7,19.0,0.0,0,True,False,False
2637405,K26,HK261,True,6,16.0,0.0,2,True,False,False
2637511,K26,HK261,True,6,16.0,0.0,0,False,False,False
2637617,K26,HK261,True,7,19.0,0.0,2,False,False,False
2637723,K26,HK261,True,7,19.0,0.0,1,True,False,False
2637954,K26,HK261,True,6,16.0,0.0,1,True,False,False
2638060,K26,HK261,True,6,16.0,0.0,0,True,False,False
2638166,K26,HK261,True,6,16.0,0.0,1,True,False,False
2638272,K26,HK261,True,6,16.0,0.0,1,True,False,False
2638378,K26,HK261,True,7,19.0,0.0,2,True,False,False
2638484,K26,HK261,True,7,19.0,0.0,0,True,False,False
2638590,K26,HK261,True,6,16.0,0.0,0,False,False,False
2638696,K26,HK261,True,6,16.0,0.0,3,False,False,False
2638802,K26,HK261,True,7,19.0,0.0,4,False,False,False
2638908,K26,HK261,True,6,16.0,0.0,0,False,False,False
2639014,K26,HK261,True,7,19.0,0.0,1,True,False,False
2639120,K26,HK261,True,7,19.0,0.0,3,False,False,False
2639226,K26,HK261,True,6,16.0,0.0,2,False,False,False
2639332,K26,HK261,True,6,16.0,0.0,2,True,False,False
2639438,K26,HK261,True,6,16.0,0.0,4,True,False,False
2639669,K26,HK261,True,6,16.0,0.0,2,False,False,False
2639775,K26,HK261,True,7,19.0,0.0,1,False,False,False
2639881,K26,HK261,True,7,19.0,0.0,2,False,False,False
2639987,K26,HK261,True,6,16.0,0.0,1,True,False,False
2640093,K26,HK261,True,6,16.0,0.0,2,False,False,False
2640199,K26,HK261,True,7,19.0,0.0,1,True,False,False
2640305,K26,HK261,True,6,16.0,0.0,1,False,False,False
2640411,K26,HK261,True,6,16.0,0.0,2,True,False,False
2640517,K26,HK261,True,7,19.0,0.0,2,True,False,False
2640623,K26,HK261,True,7,19.0,0.0,0,True,False,False
2640729,K26,HK261,True,6,16.0,0.0,6,True,False,False
2640835,K26,HK261,True,7,19.0,0.0,4,True,False,False
2640941,K26,HK261,True,6,16.0,0.0,1,True,False,False
2641047,K26,HK261,True,7,19.0,0.0,2,False,False,False
2641153,K26,HK261,True,7,19.0,0.0,0,True,False,False
2641259,K26,HK261,True,6,16.0,0.0,4,True,False,False
2641384,K26,HK261,True,6,16.0,0.0,2,False,False,False
2641490,K26,HK261,True,6,16.0,0.0,2,True,False,False
2641596,K26,HK261,True,6,16.0,0.0,2,True,False,False
2641702,K26,HK261,True,6,16.0,0.0,1,True,False,False
2641808,K26,HK261,True,6,16.0,0.0,0,False,False,False
2641914,K26,HK261,True,6,16.0,0.0,2,True,False,False
2642020,K26,HK261,True,7,19.0,0.0,4,False,False,False
2642126,K26,HK261,True,6,16.0,0.0,6,True,False,False
2642232,K26,HK261,True,7,19.0,0.0,1,True,False,False
2642338,K26,HK261,True,6,16.0,0.0,3,False,False,False
2642444,K26,HK261,True,7,19.0,0.0,3,False,False,False
2642550,K26,HK261,True,7,19.0,0.0,2,True,False,False
2642656,K26,HK261,True,6,16.0,0.0,3,True,False,False
2642762,K26,HK261,True,7,19.0,0.0,1,False,False,False
2642868,K26,HK261,True,6,16.0,0.0,2,False,False,False
2642974,K26,HK261,True,7,19.0,0.0,5,True,False,False
2643099,K26,HK261,True,6,16.0,0.0,3,True,False,False
2643205,K26,HK261,True,7,19.0,0.0,2,True,False,False
2643311,K26,HK261,True,6,16.0,0.0,2,True,False,False
2643417,K26,HK261,True,6,16.0,0.0,0,False,False,False
2643523,K26,HK261,True,6,16.0,0.0,1,False,False,False
2643629,K26,HK261,True,7,19.0,0.0,4,True,False,False
2643735,K26,HK261,True,7,19.0,0.0,1,False,False,False
2643841,K26,HK261,True,6,16.0,0.0,0,False,False,False
2643947,K26,HK261,True,6,16.0,0.0,2,False,False,False
2644053,K26,HK261,True,7,19.0,0.0,2,False,False,False
2644159,K26,HK261,True,6,16.0,0.0,2,True,False,False
2644265,K26,HK261,True,6,16.0,0.0,0,False,False,False
2644371,K26,HK261,True,6,16.0,0.0,6,True,False,False
2644477,K26,HK261,True,7,19.0,0.0,2,False,False,False
2644583,K26,HK261,True,6,16.0,0.0,1,False,False,False
2644689,K26,HK261,True,7,19.0,0.0,2,True,False,False
2644814,K26,HK261,True,7,19.0,0.0,0,False,False,False
2644920,K26,HK261,True,7,19.0,0.0,1,True,False,False
2645026,K26,HK261,True,7,19.0,0.0,2,True,False,False
2645132,K26,HK261,True,6,16.0,0.0,7,False,False,False
2645238,K26,HK261,True,7,19.0,0.0,1,False,False,False
2645344,K26,HK261,True,6,16.0,0.0,2,True,False,False
2645450,K26,HK261,True,6,16.0,0.0,1,True,False,False
2645556,K26,HK261,True,6,16.0,0.0,2,True,False,False
2645662,K26,HK261,True,7,19.0,0.0,1,False,False,False
2645768,K26,HK261,True,7,19.0,0.0,2,False,False,False
2645874,K26,HK261,True,6,16.0,0.0,0,True,False,False
2645980,K26,HK261,True,6,16.0,0.0,1,False,False,False
2646086,K26,HK261,True,6,16.0,0.0,2,True,False,False
2646192,K26,HK261,True,6,16.0,0.0,2,True,False,False
2646298,K26,HK261,True,6,16.0,0.0,2,True,False,False
2646404,K26,HK261,True,6,16.0,0.0,0,True,False,False
2646529,K26,HK261,True,6,16.0,0.0,2,False,False,False
2646635,K26,HK261,True,6,16.0,0.0,2,False,False,False
2646741,K26,HK261,True,7,19.0,0.0,1,True,False,False
2646847,K26,HK261,True,6,16.0,0.0,3,True,False,False
2646953,K26,HK261,True,7,19.0,0.0,1,True,False,False
2647059,K26,HK261,True,7,19.0,0.0,1,False,False,False
2647165,K26,HK261,True,6,16.0,0.0,2,False,False,False
2647271,K26,HK261,True,6,16.0,0.0,0,True,False,False
2647377,K26,HK261,True,7,19.0,0.0,0,False,False,False
2647483,K26,HK261,True,6,16.0,0.0,1,False,False,False
2647589,K26,HK261,True,6,16.0,0.0,0,False,False,False
2647695,K26,HK261,True,6,16.0,0.0,1,True,False,False
2647801,K26,HK261,True,6,16.0,0.0,2,True,False,False
2647907,K26,HK261,True,7,19.0,0.0,2,False,False,False
2648013,K26,HK261,True,6,16.0,0.0,0,False,False,False
2648119,K26,HK261,True,7,19.0,0.0,0,False,False,False
2648244,K26,HK261,True,6,16.0,0.0,4,True,False,False
2648350,K26,HK261,True,6,16.0,0.0,3,True,False,False
2648456,K26,HK261,True,6,16.0,0.0,4,True,False,False
2648562,K26,HK261,True,7,19.0,0.0,3,False,False,False
2648668,K26,HK261,True,7,19.0,0.0,1,False,False,False
2648774,K26,HK261,True,6,16.0,0.0,2,True,False,False
2648880,K26,HK261,True,7,19.0,0.0,0,False,False,False
2648986,K26,HK261,True,6,16.0,0.0,4,True,False,False
2649092,K26,HK261,True,7,19.0,0.0,0,True,False,False
2649198,K26,HK261,True,6,16.0,0.0,3,False,False,False
2649304,K26,HK261,True,7,19.0,0.0,3,True,False,False
2649410,K26,HK261,True,6,16.0,0.0,1,True,False,False
2649516,K26,HK261,True,6,16.0,0.0,1,False,False,False
2649622,K26,HK261,True,6,16.0,0.0,1,True,False,False
2649728,K26,HK261,True,6,16.0,0.0,2,False,False,False
2649834,K26,HK261,True,6,16.0,0.0,0,True,False,False
2649959,K26,HK261,True,7,19.0,0.0,1,False,False,False
2650065,K26,HK261,True,7,19.0,0.0,0,True,False,False
2650171,K26,HK261,True,7,19.0,0.0,0,False,False,False
2650277,K26,HK261,True,7,19.0,0.0,0,True,False,False
2650383,K26,HK261,True,6,16.0,0.0,4,True,False,False
2650489,K26,HK261,True,7,19.0,0.0,2,True,False,False
2650595,K26,HK261,True,6,16.0,0.0,3,True,False,False
2650701,K26,HK261,True,6,16.0,0.0,1,True,False,False
2650807,K26,HK261,True,6,16.0,0.0,4,True,False,False
2650913,K26,HK261,True,6,16.0,0.0,2,True,False,False
2651019,K26,HK261,True,6,16.0,0.0,0,True,False,False
2651125,K26,HK261,True,7,19.0,0.0,2,False,False,False
2651231,K26,HK261,True,6,16.0,0.0,0,False,False,False
2651337,K26,HK261,True,6,16.0,0.0,1,False,False,False
2651443,K26,HK261,True,6,16.0,0.0,0,True,False,False
2651549,K26,HK261,True,7,19.0,0.0,2,False,False,False
2651674,K26,HK261,True,6,16.0,0.0,4,True,False,False
2651780,K26,HK261,True,6,16.0,0.0,0,True,False,False
2651886,K26,HK261,True,7,19.0,0.0,2,True,False,False
2651992,K26,HK261,True,6,16.0,0.0,4,True,False,False
2652098,K26,HK261,True,6,16.0,0.0,1,True,False,False
2652204,K26,HK261,True,6,16.0,0.0,1,True,False,False
2652310,K26,HK261,True,6,16.0,0.0,1,False,False,False
2652416,K26,HK261,True,6,16.0,0.0,2,False,False,False
2652522,K26,HK261,True,6,16.0,0.0,1,False,False,False
2652628,K26,HK261,True,7,19.0,0.0,1,True,False,False
2652734,K26,HK261,True,7,19.0,0.0,2,True,False,False
2652840,K26,HK261,True,6,16.0,0.0,3,True,False,False
2652946,K26,HK261,True,6,16.0,0.0,1,False,False,False
2653052,K26,HK261,True,7,19.0,0.0,4,False,False,False
2653158,K26,HK261,True,7,19.0,0.0,1,True,False,False
2653264,K26,HK261,True,6,16.0,0.0,3,False,False,False
2653495,K26,HK261,True,6,16.0,0.0,0,False,False,False
2653601,K26,HK261,True,6,16.0,0.0,0,True,False,False
2653707,K26,HK261,True,6,16.0,0.0,2,False,False,False
2653813,K26,HK261,True,6,16.0,0.0,1,True,False,False
2653919,K26,HK261,True,6,16.0,0.0,2,True,False,False
2654025,K26,HK261,True,6,16.0,0.0,7,False,False,False
2654131,K26,HK261,True,7,19.0,0.0,3,True,False,False
2654237,K26,HK261,True,7,19.0,0.0,1,False,False,False
2654343,K26,HK261,True,6,16.0,0.0,1,True,False,False
2654449,K26,HK261,True,7,19.0,0.0,1,True,False,False
2654555,K26,HK261,True,7,19.0,0.0,1,False,False,False
2654661,K26,HK261,True,7,19.0,0.0,2,False,False,False
2654767,K26,HK261,True,6,16.0,0.0,3,True,False,False
2654873,K26,HK261,True,7,19.0,0.0,2,True,False,False
2654979,K26,HK261,True,6,16.0,0.0,2,False,False,False
2655210,K26,HK261,True,7,19.0,0.0,2,False,False,False
2655316,K26,HK261,True,6,16.0,0.0,2,False,False,False
2655422,K26,HK261,True,6,16.0,0.0,4,False,False,False
2655528,K26,HK261,True,7,19.0,0.0,0,True,False,False
2655634,K26,HK261,True,7,19.0,0.0,1,False,False,False
2655740,K26,HK261,True,6,16.0,0.0,3,True,False,False
2655846,K26,HK261,True,7,19.0,0.0,2,False,False,False
2655952,K26,HK261,True,7,19.0,0.0,4,True,False,False
2656058,K26,HK261,True,7,19.0,0.0,3,True,False,False
2656164,K26,HK261,True,6,16.0,0.0,1,True,False,False
2656270,K26,HK261,True,6,16.0,0.0,1,True,False,False
2656376,K26,HK261,True,7,19.0,0.0,2,False,False,False
2656482,K26,HK261,True,6,16.0,0.0,1,True,False,False
2656588,K26,HK261,True,6,16.0,0.0,0,True,False,False
2656694,K26,HK261,True,6,16.0,0.0,4,True,False,False
2656925,K26,HK261,True,6,16.0,0.0,2,True,False,False
2657031,K26,HK261,True,7,19.0,0.0,2,False,False,False
2657137,K26,HK261,True,6,16.0,0.0,1,False,False,False
2657243,K26,HK261,True,7,19.0,0.0,1,False,False,False
2657349,K26,HK261,True,7,19.0,0.0,2,True,False,False
2657455,K26,HK261,True,7,19.0,0.0,0,False,False,False
2657561,K26,HK261,True,6,16.0,0.0,0,False,False,False
2657667,K26,HK261,True,6,16.0,0.0,3,True,False,False
2657773,K26,HK261,True,6,16.0,0.0,2,False,False,False
2657879,K26,HK261,True,7,19.0,0.0,2,False,False,False
2657985,K26,HK261,True,6,16.0,0.0,4,True,False,False
2658091,K26,HK261,True,6,16.0,0.0,1,True,False,False
2658197,K26,HK261,True,7,19.0,0.0,1,False,False,False
2658303,K26,HK261,True,7,19.0,0.0,1,True,False,False
2658409,K26,HK261,True,7,19.0,0.0,0,True,False,False
2658640,K26,HK261,True,7,19.0,0.0,5,False,False,False
2658746,K26,HK261,True,6,16.0,0.0,3,True,False,False
2658852,K26,HK261,True,7,19.0,0.0,0,True,False,False
2658958,K26,HK261,True,7,19.0,0.0,4,True,False,False
2659064,K26,HK261,True,7,19.0,0.0,0,False,False,False
2659170,K26,HK261,True,6,16.0,0.0,4,False,False,False
2659276,K26,HK261,True,7,19.0,0.0,5,True,False,False
2659382,K26,HK261,True,6,16.0,0.0,2,True,False,False
2659488,K26,HK261,True,6,16.0,0.0,1,False,False,False
2659594,K26,HK261,True,6,16.0,0.0,3,False,False,False
2659700,K26,HK261,True,6,16.0,0.0,1,True,False,False
2659806,K26,HK261,True,6,16.0,0.0,3,False,False,False
2659912,K26,HK261,True,6,16.0,0.0,2,True,False,False
2660018,K26,HK261,True,6,16.0,0.0,2,True,False,False
2660124,K26,HK261,True,6,16.0,0.0,0,False,False,False
2660230,K26,HK261,True,6,16.0,0.0,0,False,False,False
2660355,K26,HK261,True,6,16.0,0.0,1,True,False,False
2660461,K26,HK261,True,6,16.0,0.0,0,True,False,False
2660567,K26,HK261,True,6,16.0,0.0,3,True,False,False
2660673,K26,HK261,True,7,19.0,0.0,3,True,False,False
2660779,K26,HK261,True,6,16.0,0.0,1,True,False,False
2660885,K26,HK261,True,7,19.0,0.0,2,False,False,False
2660991,K26,HK261,True,6,16.0,0.0,4,True,False,False
2661097,K26,HK261,True,7,19.0,0.0,0,True,False,False
2661203,K26,HK261,True,6,16.0,0.0,1,False,False,False
2661309,K26,HK261,True,6,16.0,0.0,1,False,False,False
2661415,K26,HK261,True,7,19.0,0.0,1,True,False,False
2661521,K26,HK261,True,7,19.0,0.0,1,False,False,False
2661627,K26,HK261,True,7,19.0,0.0,1,False,False,False
2661733,K26,HK261,True,6,16.0,0.0,4,False,False,False
2661839,K26,HK261,True,6,16.0,0.0,0,True,False,False
2661945,K26,HK261,True,6,16.0,0.0,0,True,False,False
2662070,K26,HK261,True,7,19.0,0.0,1,False,False,False
2662176,K26,HK261,True,6,16.0,0.0,0,True,False,False
2662282,K26,HK261,True,6,16.0,0.0,1,False,False,False
2662388,K26,HK261,True,6,16.0,0.0,0,False,False,False
2662494,K26,HK261,True,7,19.0,0.0,1,True,False,False
2662600,K26,HK261,True,7,19.0,0.0,3,True,False,False
2662706,K26,HK261,True,6,16.0,0.0,4,False,False,False
2662812,K26,HK261,True,6,16.0,0.0,1,False,False,False
2662918,K26,HK261,True,6,16.0,0.0,3,True,False,False
2663024,K26,HK261,True,7,19.0,0.0,3,True,False,False
2663130,K26,HK261,True,7,19.0,0.0,3,True,False,False
2663236,K26,HK261,True,6,16.0,0.0,4,False,False,False
2663342,K26,HK261,True,6,16.0,0.0,2,True,False,False
2663448,K26,HK261,True,6,16.0,0.0,4,False,False,False
2663554,K26,HK261,True,7,19.0,0.0,0,False,False,False
2663660,K26,HK261,True,6,16.0,0.0,0,True,False,False
2663785,K26,HK261,True,6,16.0,0.0,3,False,False,False
2663891,K26,HK261,True,6,16.0,0.0,2,True,False,False
2663997,K26,HK261,True,6,16.0,0.0,3,False,False,False
2664103,K26,HK261,True,6,16.0,0.0,3,False,False,False
2664209,K26,HK261,True,7,19.0,0.0,4,True,False,False
2664315,K26,HK261,True,7,19.0,0.0,1,False,False,False
2664421,K26,HK261,True,7,19.0,0.0,0,False,False,False
2664527,K26,HK261,True,7,19.0,0.0,2,True,False,False
2664633,K26,HK261,True,7,19.0,0.0,0,True,False,False
2664739,K26,HK261,True,7,19.0,0.0,2,False,False,False
2664845,K26,HK261,True,6,16.0,0.0,3,True,False,False
2664951,K26,HK261,True,6,16.0,0.0,3,True,False,False
2665057,K26,HK261,True,6,16.0,0.0,0,False,False,False
2665163,K26,HK261,True,7,19.0,0.0,1,True,False,False
2665269,K26,HK261,True,6,16.0,0.0,1,True,False,False
2665375,K26,HK261,True,6,16.0,0.0,3,True,False,False
2665500,K26,HK261,True,6,16.0,0.0,2,True,False,False
2665606,K26,HK261,True,6,16.0,0.0,1,False,False,False
2665712,K26,HK261,True,6,16.0,0.0,0,False,False,False
2665818,K26,HK261,True,6,16.0,0.0,2,True,False,False
2665924,K26,HK261,True,6,16.0,0.0,1,False,False,False
2666030,K26,HK261,True,7,19.0,0.0,4,True,False,False
2666136,K26,HK261,True,7,19.0,0.0,2,False,False,False
2666242,K26,HK261,True,6,16.0,0.0,3,False,False,False
2666348,K26,HK261,True,6,16.0,0.0,1,False,False,False
2666454,K26,HK261,True,6,16.0,0.0,3,True,False,False
2666560,K26,HK261,True,7,19.0,0.0,1,True,False,False
2666666,K26,HK261,True,7,19.0,0.0,1,False,False,False
2666772,K26,HK261,True,7,19.0,0.0,2,True,False,False
2666878,K26,HK261,True,6,16.0,0.0,2,True,False,False
2666984,K26,HK261,True,7,19.0,0.0,1,True,False,False
2667090,K26,HK261,True,6,16.0,0.0,2,False,False,False
2667215,K26,HK261,True,6,16.0,0.0,4,False,False,False
2667321,K26,HK261,True,6,16.0,0.0,2,False,False,False
2667427,K26,HK261,True,7,19.0,0.0,2,False,False,False
2667533,K26,HK261,True,6,16.0,0.0,2,False,False,False
2667639,K26,HK261,True,6,16.0,0.0,2,False,False,False
2667745,K26,HK261,True,6,16.0,0.0,0,False,False,False
2667851,K26,HK261,True,6,16.0,0.0,4,False,False,False
2667957,K26,HK261,True,6,16.0,0.0,1,False,False,False
2668063,K26,HK261,True,6,16.0,0.0,1,True,False,False
2668169,K26,HK261,True,6,16.0,0.0,0,False,False,False
2668275,K26,HK261,True,7,19.0,0.0,0,False,False,False
2668381,K26,HK261,True,6,16.0,0.0,2,False,False,False
2668487,K26,HK261,True,7,19.0,0.0,2,True,False,False
2668593,K26,HK261,True,6,16.0,0.0,0,False,False,False
2668699,K26,HK261,True,7,19.0,0.0,1,True,False,False
2668805,K26,HK261,True,7,19.0,0.0,0,False,False,False
2668930,K26,HK261,True,6,16.0,0.0,1,True,False,False
2669036,K26,HK261,True,6,16.0,0.0,5,False,False,False
2669142,K26,HK261,True,7,19.0,0.0,0,True,False,False
2669248,K26,HK261,True,7,19.0,0.0,3,True,False,False
2669354,K26,HK261,True,6,16.0,0.0,1,True,False,False
2669460,K26,HK261,True,6,16.0,0.0,2,True,False,False
2669566,K26,HK261,True,6,16.0,0.0,1,False,False,False
2669672,K26,HK261,True,6,16.0,0.0,3,False,False,False
2669778,K26,HK261,True,7,19.0,0.0,1,False,False,False
2669884,K26,HK261,True,7,19.0,0.0,1,False,False,False
2669990,K26,HK261,True,6,16.0,0.0,4,True,False,False
2670096,K26,HK261,True,6,16.0,0.0,1,True,False,False
2670202,K26,HK261,True,6,16.0,0.0,0,True,False,False
2670308,K26,HK261,True,7,19.0,0.0,4,False,False,False
2670414,K26,HK261,True,6,16.0,0.0,2,False,False,False
2670520,K26,HK261,True,6,16.0,0.0,2,False,False,False
2670645,K26,HK261,True,7,19.0,0.0,1,True,False,False
2670751,K26,HK261,True,6,16.0,0.0,0,True,False,False
2670857,K26,HK261,True,7,19.0,0.0,0,False,False,False
2670963,K26,HK261,True,7,19.0,0.0,2,True,False,False
2671069,K26,HK261,True,6,16.0,0.0,1,False,False,False
2671175,K26,HK261,True,7,19.0,0.0,2,False,False,False
2671281,K26,HK261,True,7,19.0,0.0,2,True,False,False
2671387,K26,HK261,True,7,19.0,0.0,1,False,False,False
2671493,K26,HK261,True,6,16.0,0.0,4,True,False,False
2671599,K26,HK261,True,6,16.0,0.0,2,False,False,False
2671705,K26,HK261,True,6,16.0,0.0,2,True,False,False
2671811,K26,HK261,True,6,16.0,0.0,1,False,False,False
2671917,K26,HK261,True,6,16.0,0.0,1,False,False,False
2672023,K26,HK261,True,6,16.0,0.0,8,False,False,False
2672129,K26,HK261,True,7,19.0,0.0,4,False,False,False
2672235,K26,HK261,True,6,16.0,0.0,1,False,False,False
2672466,K26,HK261,True,6,16.0,0.0,2,True,False,False
2672572,K26,HK261,True,6,16.0,0.0,1,True,False,False
2672678,K26,HK261,True,7,19.0,0.0,1,True,False,False
2672784,K26,HK261,True,7,19.0,0.0,0,True,False,False
2672890,K26,HK261,True,7,19.0,0.0,3,True,False,False
2672996,K26,HK261,True,6,16.0,0.0,2,False,False,False
2673102,K26,HK261,True,7,19.0,0.0,2,True,False,False
2673208,K26,HK261,True,6,16.0,0.0,1,False,False,False
2673314,K26,HK261,True,7,19.0,0.0,0,True,False,False
2673420,K26,HK261,True,6,16.0,0.0,2,False,False,False
2673526,K26,HK261,True,7,19.0,0.0,0,True,False,False
2673632,K26,HK261,True,7,19.0,0.0,1,False,False,False
2673738,K26,HK261,True,7,19.0,0.0,6,False,False,False
2673844,K26,HK261,True,6,16.0,0.0,4,True,False,False
2673950,K26,HK261,True,6,16.0,0.0,2,True,False,False
2674181,K26,HK261,True,7,19.0,0.0,1,False,False,False
2674287,K26,HK261,True,7,19.0,0.0,2,True,False,False
2674393,K26,HK261,True,6,16.0,0.0,0,True,False,False
2674499,K26,HK261,True,7,19.0,0.0,3,True,False,False
2674605,K26,HK261,True,7,19.0,0.0,0,True,False,False
2674711,K26,HK261,True,6,16.0,0.0,2,True,False,False
2674817,K26,HK261,True,6,16.0,0.0,3,False,False,False
2674923,K26,HK261,True,6,16.0,0.0,1,True,False,False
2675029,K26,HK261,True,6,16.0,0.0,3,False,False,False
2675135,K26,HK261,True,7,19.0,0.0,1,True,False,False
2675241,K26,HK261,True,6,16.0,0.0,1,True,False,False
2675347,K26,HK261,True,7,19.0,0.0,2,True,False,False
2675453,K26,HK261,True,6,16.0,0.0,0,False,False,False
2675559,K26,HK261,True,6,16.0,0.0,3,True,False,False
2675665,K26,HK261,True,7,19.0,0.0,2,True,False,False
2675896,K26,HK261,True,6,16.0,0.0,5,False,False,False
2676002,K26,HK261,True,6,16.0,0.0,3,False,False,False
2676108,K26,HK261,True,7,19.0,0.0,2,True,False,False
2676214,K26,HK261,True,6,16.0,0.0,4,True,False,False
2676320,K26,HK261,True,7,19.0,0.0,2,False,False,False
2676426,K26,HK261,True,7,19.0,0.0,2,True,False,False
2676532,K26,HK261,True,7,19.0,0.0,2,True,False,False
2676638,K26,HK261,True,6,16.0,0.0,0,False,False,False
2676744,K26,HK261,True,6,16.0,0.0,1,False,False,False
2676850,K26,HK261,True,6,16.0,0.0,1,True,False,False
2676956,K26,HK261,True,6,16.0,0.0,3,True,False,False
2677062,K26,HK261,True,6,16.0,0.0,1,True,False,False
2677168,K26,HK261,True,7,19.0,0.0,2,False,False,False
2677274,K26,HK261,True,6,16.0,0.0,0,True,False,False
2677380,K26,HK261,True,6,16.0,0.0,1,True,False,False
2677611,K26,HK261,True,7,19.0,0.0,3,False,False,False
2677717,K26,HK261,True,6,16.0,0.0,1,True,False,False
2677823,K26,HK261,True,7,19.0,0.0,2,True,False,False
2677929,K26,HK261,True,6,16.0,0.0,2,False,False,False
2678035,K26,HK261,True,6,16.0,0.0,3,False,False,False
2678141,K26,HK261,True,7,19.0,0.0,2,True,False,False
2678247,K26,HK261,True,6,16.0,0.0,1,False,False,False
2678353,K26,HK261,True,6,16.0,0.0,3,False,False,False
2678459,K26,HK261,True,7,19.0,0.0,0,False,False,False
2678565,K26,HK261,True,7,19.0,0.0,1,True,False,False
2678671,K26,HK261,True,6,16.0,0.0,1,False,False,False
2678777,K26,HK261,True,6,16.0,0.0,2,False,False,False
2678883,K26,HK261,True,6,16.0,0.0,0,True,False,False
2678989,K26,HK261,True,6,16.0,0.0,1,True,False,False
2679095,K26,HK261,True,6,16.0,0.0,2,False,False,False
2679326,K26,HK261,True,6,16.0,0.0,0,True,False,False
2679432,K26,HK261,True,7,19.0,0.0,1,True,False,False
2679538,K26,HK261,True,6,16.0,0.0,1,True,False,False
2679644,K26,HK261,True,6,16.0,0.0,1,True,False,False
2679750,K26,HK261,True,6,16.0,0.0,2,False,False,False
2679856,K26,HK261,True,6,16.0,0.0,1,True,False,False
2679962,K26,HK261,True,6,16.0,0.0,0,False,False,False
2680068,K26,HK261,True,7,19.0,0.0,1,False,False,False
2680174,K26,HK261,True,6,16.0,0.0,3,False,False,False
2680280,K26,HK261,True,6,16.0,0.0,1,True,False,False
2680386,K26,HK261,True,6,16.0,0.0,3,True,False,False
2680492,K26,HK261,True,6,16.0,0.0,2,True,False,False
2680598,K26,HK261,True,6,16.0,0.0,1,True,False,False
2680704,K26,HK261,True,6,16.0,0.0,1,True,False,False
2680810,K26,HK261,True,6,16.0,0.0,1,False,False,False
2680916,K26,HK261,True,6,16.0,0.0,2,True,False,False
2681041,K26,HK261,True,6,16.0,0.0,1,True,False,False
2681147,K26,HK261,True,7,19.0,0.0,2,True,False,False
2681253,K26,HK261,True,7,19.0,0.0,1,True,False,False
2681359,K26,HK261,True,6,16.0,0.0,1,False,False,False
2681465,K26,HK261,True,7,19.0,0.0,0,True,False,False
2681571,K26,HK261,True,7,19.0,0.0,1,False,False,False
2681677,K26,HK261,True,7,19.0,0.0,1,True,False,False
2681783,K26,HK261,True,7,19.0,0.0,3,True,False,False
2681889,K26,HK261,True,6,16.0,0.0,2,False,False,False
2681995,K26,HK261,True,7,19.0,0.0,0,True,False,False
2682101,K26,HK261,True,7,19.0,0.0,0,True,False,False
2682207,K26,HK261,True,6,16.0,0.0,2,True,False,False
2682313,K26,HK261,True,7,19.0,0.0,4,True,False,False
2682419,K26,HK261,True,7,19.0,0.0,1,True,False,False
2682525,K26,HK261,True,6,16.0,0.0,2,False,False,False
2682631,K26,HK261,True,6,16.0,0.0,0,True,False,False
2682756,K26,HK261,True,7,19.0,0.0,1,True,False,False
2682862,K26,HK261,True,7,19.0,0.0,0,False,False,False
2682968,K26,HK261,True,6,16.0,0.0,2,False,False,False
2683074,K26,HK261,True,7,19.0,0.0,2,False,False,False
2683180,K26,HK261,True,7,19.0,0.0,0,False,False,False
2683286,K26,HK261,True,6,16.0,0.0,0,False,False,False
2683392,K26,HK261,True,7,19.0,0.0,1,False,False,False
2683498,K26,HK261,True,6,16.0,0.0,1,False,False,False
2683604,K26,HK261,True,6,16.0,0.0,2,True,False,False
2683710,K26,HK261,True,7,19.0,0.0,2,True,False,False
2683816,K26,HK261,True,7,19.0,0.0,1,True,False,False
2683922,K26,HK261,True,6,16.0,0.0,0,True,False,False
2684028,K26,HK261,True,6,16.0,0.0,1,True,False,False
2684134,K26,HK261,True,6,16.0,0.0,2,False,False,False
2684240,K26,HK261,True,6,16.0,0.0,1,True,False,False
2684346,K26,HK261,True,7,19.0,0.0,1,False,False,False
2684471,K26,HK261,True,7,19.0,0.0,6,True,False,False
2684577,K26,HK261,True,7,19.0,0.0,2,True,False,False
2684683,K26,HK261,True,6,16.0,0.0,4,True,False,False
2684789,K26,HK261,True,7,19.0,0.0,2,True,False,False
2684895,K26,HK261,True,7,19.0,0.0,1,False,False,False
2685001,K26,HK261,True,6,16.0,0.0,1,True,False,False
2685107,K26,HK261,True,7,19.0,0.0,2,False,False,False
2685213,K26,HK261,True,6,16.0,0.0,2,True,False,False
2685319,K26,HK261,True,6,16.0,0.0,2,False,False,False
2685425,K26,HK261,True,6,16.0,0.0,0,False,False,False
2685531,K26,HK261,True,6,16.0,0.0,2,False,False,False
2685637,K26,HK261,True,6,16.0,0.0,1,True,False,False
2685743,K26,HK261,True,7,19.0,0.0,3,False,False,False
2685849,K26,HK261,True,7,19.0,0.0,1,False,False,False
2685955,K26,HK261,True,7,19.0,0.0,1,False,False,False
2686061,K26,HK261,True,7,19.0,0.0,2,False,False,False
2686186,K26,HK261,True,7,19.0,0.0,4,True,False,False
2686292,K26,HK261,True,7,19.0,0.0,0,True,False,False
2686398,K26,HK261,True,7,19.0,0.0,1,False,False,False
2686504,K26,HK261,True,7,19.0,0.0,1,True,False,False
2686610,K26,HK261,True,6,16.0,0.0,2,False,False,False
2686716,K26,HK261,True,7,19.0,0.0,0,False,False,False
2686822,K26,HK261,True,6,16.0,0.0,0,True,False,False
2686928,K26,HK261,True,6,16.0,0.0,2,True,False,False
2687034,K26,HK261,True,7,19.0,0.0,2,False,False,False
2687140,K26,HK261,True,6,16.0,0.0,1,True,False,False
2687246,K26,HK261,True,6,16.0,0.0,2,True,False,False
2687352,K26,HK261,True,6,16.0,0.0,2,False,False,False
2687458,K26,HK261,True,7,19.0,0.0,1,True,False,False
2687564,K26,HK261,True,7,19.0,0.0,1,True,False,False
2687670,K26,HK261,True,6,16.0,0.0,1,True,False,False
2687776,K26,HK261,True,7,19.0,0.0,1,False,False,False
2687901,K26,HK261,True,6,16.0,0.0,3,False,False,False
2688007,K26,HK261,True,6,16.0,0.0,2,False,False,False
2688113,K26,HK261,True,7,19.0,0.0,1,False,False,False
2688219,K26,HK261,True,7,19.0,0.0,3,False,False,False
2688325,K26,HK261,True,6,16.0,0.0,5,True,False,False
2688431,K26,HK261,True,6,16.0,0.0,3,True,False,False
2688537,K26,HK261,True,6,16.0,0.0,3,False,False,False
2688643,K26,HK261,True,6,16.0,0.0,0,True,False,False
2688749,K26,HK261,True,7,19.0,0.0,1,True,False,False
2688855,K26,HK261,True,7,19.0,0.0,0,True,False,False
2688961,K26,HK261,True,6,16.0,0.0,3,False,False,False
2689067,K26,HK261,True,6,16.0,0.0,3,False,False,False
2689173,K26,HK261,True,6,16.0,0.0,2,True,False,False
2689279,K26,HK261,True,6,16.0,0.0,1,True,False,False
2689385,K26,HK261,True,7,19.0,0.0,2,True,False,False
2689491,K26,HK261,True,6,16.0,0.0,1,True,False,False
2689616,K26,HK261,True,6,16.0,0.0,1,True,False,False
2689722,K26,HK261,True,6,16.0,0.0,1,True,False,False
2689828,K26,HK261,True,6,16.0,0.0,1,False,False,False
2689934,K26,HK261,True,6,16.0,0.0,1,False,False,False
2690040,K26,HK261,True,7,19.0,0.0,5,True,False,False
2690146,K26,HK261,True,6,16.0,0.0,2,True,False,False
2690252,K26,HK261,True,6,16.0,0.0,0,True,False,False
2690358,K26,HK261,True,7,19.0,0.0,4,True,False,False
2690464,K26,HK261,True,6,16.0,0.0,1,True,False,False
2690570,K26,HK261,True,6,16.0,0.0,0,True,False,False
2690676,K26,HK261,True,6,16.0,0.0,0,True,False,False
2690782,K26,HK261,True,7,19.0,0.0,0,False,False,False
2690888,K26,HK261,True,7,19.0,0.0,0,True,False,False
2690994,K26,HK261,True,6,16.0,0.0,2,True,False,False
2691100,K26,HK261,True,6,16.0,0.0,2,True,False,False
2691206,K26,HK261,True,7,19.0,0.0,2,False,False,False
2691331,K26,HK261,True,6,16.0,0.0,1,True,False,False
2691437,K26,HK261,True,6,16.0,0.0,1,False,False,False
2691543,K26,HK261,True,6,16.0,0.0,0,True,False,False
2691649,K26,HK261,True,6,16.0,0.0,0,True,False,False
2691755,K26,HK261,True,6,16.0,0.0,3,False,False,False
2691861,K26,HK261,True,6,16.0,0.0,2,True,False,False
2691967,K26,HK261,True,7,19.0,0.0,0,True,False,False
2692073,K26,HK261,True,7,19.0,0.0,3,True,False,False
2692179,K26,HK261,True,6,16.0,0.0,3,True,False,False
2692285,K26,HK261,True,6,16.0,0.0,1,True,False,False
2692391,K26,HK261,True,6,16.0,0.0,0,False,False,False
2692497,K26,HK261,True,7,19.0,0.0,1,True,False,False
2692603,K26,HK261,True,6,16.0,0.0,7,True,False,False
2692709,K26,HK261,True,6,16.0,0.0,2,False,False,False
2692815,K26,HK261,True,6,16.0,0.0,2,False,False,False
2692921,K26,HK261,True,7,19.0,0.0,0,True,False,False
2693152,K26,HK261,True,6,16.0,0.0,1,True,False,False
2693258,K26,HK261,True,6,16.0,0.0,1,True,False,False
2693364,K26,HK261,True,6,16.0,0.0,0,True,False,False
2693470,K26,HK261,True,7,19.0,0.0,4,True,False,False
2693576,K26,HK261,True,7,19.0,0.0,3,False,False,False
2693682,K26,HK261,True,6,16.0,0.0,1,True,False,False
2693788,K26,HK261,True,7,19.0,0.0,3,True,False,False
2693894,K26,HK261,True,7,19.0,0.0,1,True,False,False
2694000,K26,HK261,True,6,16.0,0.0,3,True,False,False
2694106,K26,HK261,True,6,16.0,0.0,4,False,False,False
2694212,K26,HK261,True,7,19.0,0.0,2,False,False,False
2694318,K26,HK261,True,6,16.0,0.0,1,True,False,False
2694424,K26,HK261,True,6,16.0,0.0,5,True,False,False
2694530,K26,HK261,True,6,16.0,0.0,2,False,False,False
2694636,K26,HK261,True,7,19.0,0.0,0,False,False,False
2694867,K26,HK261,True,6,16.0,0.0,0,True,False,False
2694973,K26,HK261,True,6,16.0,0.0,2,True,False,False
2695079,K26,HK261,True,6,16.0,0.0,2,False,False,False
2695185,K26,HK261,True,6,16.0,0.0,1,True,False,False
2695291,K26,HK261,True,7,19.0,0.0,2,True,False,False
2695397,K26,HK261,True,6,16.0,0.0,4,True,False,False
2695503,K26,HK261,True,6,16.0,0.0,0,True,False,False
2695609,K26,HK261,True,6,16.0,0.0,1,False,False,False
2695715,K26,HK261,True,6,16.0,0.0,3,False,False,False
2695821,K26,HK261,True,7,19.0,0.0,2,True,False,False
2695927,K26,HK261,True,6,16.0,0.0,0,True,False,False
2696033,K26,HK261,True,7,19.0,0.0,1,True,False,False
2696139,K26,HK261,True,7,19.0,0.0,1,False,False,False
2696245,K26,HK261,True,7,19.0,0.0,2,False,False,False
2696351,K26,HK261,True,7,19.0,0.0,2,True,False,False
2696582,K26,HK261,True,7,19.0,0.0,2,True,False,False
2696688,K26,HK261,True,6,16.0,0.0,4,True,False,False
2696794,K26,HK261,True,7,19.0,0.0,1,False,False,False
2696900,K26,HK261,True,6,16.0,0.0,2,False,False,False
2697006,K26,HK261,True,6,16.0,0.0,0,False,False,False
2697112,K26,HK261,True,6,16.0,0.0,1,True,False,False
2697218,K26,HK261,True,6,16.0,0.0,5,False,False,False
2697324,K26,HK261,True,6,16.0,0.0,1,True,False,False
2697430,K26,HK261,True,6,16.0,0.0,2,True,False,False
2697536,K26,HK261,True,7,19.0,0.0,1,False,False,False
2697642,K26,HK261,True,6,16.0,0.0,1,True,False,False
2697748,K26,HK261,True,6,16.0,0.0,1,False,False,False
2697854,K26,HK261,True,7,19.0,0.0,0,True,False,False
2697960,K26,HK261,True,6,16.0,0.0,2,False,False,False
2698066,K26,HK261,True,6,16.0,0.0,0,True,False,False
2698297,K26,HK261,True,6,16.0,0.0,1,False,False,False
2698403,K26,HK261,True,6,16.0,0.0,2,False,False,False
2698509,K26,HK261,True,6,16.0,0.0,0,False,False,False
2698615,K26,HK261,True,6,16.0,0.0,4,False,False,False
2698721,K26,HK261,True,7,19.0,0.0,4,False,False,False
2698827,K26,HK261,True,7,19.0,0.0,1,False,False,False
2698933,K26,HK261,True,6,16.0,0.0,0,True,False,False
2699039,K26,HK261,True,7,19.0,0.0,0,False,False,False
2699145,K26,HK261,True,7,19.0,0.0,2,False,False,False
2699251,K26,HK261,True,6,16.0,0.0,2,True,False,False
2699357,K26,HK261,True,6,16.0,0.0,0,True,False,False
2699463,K26,HK261,True,6,16.0,0.0,1,False,False,False
2699569,K26,HK261,True,7,19.0,0.0,3,False,False,False
2699675,K26,HK261,True,6,16.0,0.0,0,False,False,False
2699781,K26,HK261,True,6,16.0,0.0,2,True,False,False
