enrollment_id,student_id,class_id,course_id,semester,retaken,btl,giua_ky,cuoi_ky,lab,quiz,final_score,letter_grade,gpa_4,passed,semester_gpa_4,final_gpa_4,status
1,1396274,HK132_LA1005_L01,LA1005,-18,False,5.0,6.5,5.4,,,5.7,C,2.0,True,2.62,2.32,Pass
2,1317914,HK132_LA1005_L01,LA1005,-18,False,6.3,5.4,6.3,,,6.0,C,2.0,True,2.65,2.67,Pass
3,1373905,HK132_LA1005_L01,LA1005,-18,False,6.5,6.5,5.9,,,6.2,C,2.0,True,2.44,2.23,Pass
4,1331217,HK132_LA1005_L01,LA1005,-18,False,5.5,4.4,5.1,,,5.0,D+,1.5,True,1.53,1.62,Pass
5,1391445,HK132_LA1005_L01,LA1005,-18,False,6.3,7.5,6.2,,,6.6,C+,2.5,True,2.35,2.38,Pass
6,1358689,HK132_LA1005_L01,LA1005,-18,False,6.6,6.5,6.4,,,6.5,C+,2.5,True,2.12,2.35,Pass
7,1370989,HK132_LA1005_L01,LA1005,-18,False,5.6,7.0,6.5,,,6.5,C+,2.5,True,2.53,2.5,Pass
8,1336638,HK132_LA1005_L01,LA1005,-18,False,8.4,7.7,6.6,,,7.3,B,3.0,True,3.47,3.09,Pass
9,1390579,HK132_LA1005_L01,LA1005,-18,False,6.4,5.9,6.4,,,6.2,C,2.0,True,2.29,2.36,Pass
10,1301969,HK132_LA1005_L01,LA1005,-18,False,5.7,5.8,6.2,,,6.0,C,2.0,True,2.5,2.39,Pass
11,1310032,HK132_LA1005_L01,LA1005,-18,False,7.8,7.7,6.2,,,7.0,B,3.0,True,2.97,2.67,Pass
12,1395408,HK132_LA1005_L01,LA1005,-18,False,6.4,6.6,5.3,,,5.9,C,2.0,True,2.06,2.14,Pass
13,1375955,HK132_LA1005_L01,LA1005,-18,False,6.4,7.9,4.4,,,5.9,C,2.0,True,2.24,2.03,Pass
14,1340420,HK132_LA1005_L01,LA1005,-18,False,5.5,4.6,5.2,,,5.1,D+,1.5,True,1.82,1.73,Pass
15,1313677,HK132_LA1005_L01,LA1005,-18,False,8.0,6.1,7.5,,,7.2,B,3.0,True,3.26,3.14,Pass
16,1301103,HK132_LA1005_L01,LA1005,-18,False,4.7,6.8,5.8,,,5.9,C,2.0,True,1.44,1.38,Pass
17,1330625,HK132_LA1005_L01,LA1005,-18,False,5.5,5.5,6.3,,,5.9,C,2.0,True,2.32,2.29,Pass
18,1324064,HK132_LA1005_L01,LA1005,-18,False,5.6,6.6,5.5,,,5.8,C,2.0,True,2.41,2.45,Pass
19,1355910,HK132_LA1005_L01,LA1005,-18,False,6.3,5.7,5.9,,,5.9,C,2.0,True,2.24,2.32,Pass
20,1395819,HK132_LA1005_L01,LA1005,-18,False,6.9,6.6,5.3,,,6.0,C,2.0,True,2.41,2.56,Pass
21,1338962,HK132_LA1005_L01,LA1005,-18,False,6.1,6.0,6.6,,,6.3,C,2.0,True,2.26,2.35,Pass
22,1361331,HK132_LA1005_L01,LA1005,-18,False,6.5,8.8,8.6,,,8.2,B+,3.5,True,3.18,3.3,Pass
23,1302106,HK132_LA1005_L01,LA1005,-18,False,6.7,6.0,5.8,,,6.0,C,2.0,True,2.76,2.55,Pass
24,1306798,HK132_LA1005_L01,LA1005,-18,False,8.9,5.2,5.7,,,6.2,C,2.0,True,3.09,3.17,Pass
25,1375500,HK132_LA1005_L01,LA1005,-18,False,6.1,6.7,6.7,,,6.6,C+,2.5,True,2.68,2.68,Pass
26,1392766,HK132_LA1005_L01,LA1005,-18,False,5.9,6.7,6.8,,,6.6,C+,2.5,True,2.74,2.62,Pass
27,1329622,HK132_LA1005_L01,LA1005,-18,False,5.7,4.5,8.2,,,6.6,C+,2.5,True,1.85,1.74,Pass
28,1342607,HK132_LA1005_L01,LA1005,-18,False,6.9,4.6,5.0,,,5.3,D+,1.5,True,1.59,1.47,Pass
29,1311901,HK132_LA1005_L01,LA1005,-18,False,5.6,6.2,6.0,,,6.0,C,2.0,True,2.47,2.39,Pass
30,1398324,HK132_LA1005_L01,LA1005,-18,False,7.1,7.2,6.6,,,6.9,C+,2.5,True,2.41,2.44,Pass
31,1300374,HK132_LA1005_L01,LA1005,-18,False,5.8,3.7,5.1,,,4.8,D,1.0,True,1.47,1.58,Pass
32,1385021,HK132_LA1005_L01,LA1005,-18,False,6.2,7.9,6.4,,,6.8,C+,2.5,True,2.35,2.24,Pass
33,1361468,HK132_LA1005_L01,LA1005,-18,False,3.6,4.6,5.3,,,4.8,D,1.0,True,1.53,1.47,Pass
34,1366297,HK132_LA1005_L01,LA1005,-18,False,5.3,5.8,6.9,,,6.2,C,2.0,True,1.94,2.05,Pass
35,1355773,HK132_LA1005_L01,LA1005,-18,False,5.9,5.4,4.3,,,5.0,D+,1.5,True,2.0,1.91,Pass
36,1364702,HK132_LA1005_L01,LA1005,-18,False,5.7,4.9,5.1,,,5.2,D+,1.5,True,1.68,1.85,Pass
37,1373039,HK132_LA1005_L01,LA1005,-18,False,6.5,5.4,4.8,,,5.3,D+,1.5,True,2.74,2.7,Pass
38,1344520,HK132_LA1005_L01,LA1005,-18,False,9.0,6.3,6.7,,,7.0,B,3.0,True,2.56,2.65,Pass
39,1311764,HK132_LA1005_L01,LA1005,-18,False,5.0,4.8,3.8,,,4.3,D,1.0,True,1.41,1.44,Pass
40,1317322,HK132_LA1005_L01,LA1005,-18,False,5.4,6.0,8.3,,,7.0,B,3.0,True,2.44,2.38,Pass
41,1369076,HK132_LA1005_L01,LA1005,-18,False,4.0,6.0,5.5,,,5.3,D+,1.5,True,1.53,1.73,Pass
42,1304474,HK132_LA1005_L01,LA1005,-18,False,4.4,6.1,5.0,,,5.2,D+,1.5,True,1.71,1.55,Pass
43,1329030,HK132_LA1005_L01,LA1005,-18,False,6.5,7.3,6.2,,,6.6,C+,2.5,True,2.15,2.26,Pass
44,1315272,HK132_LA1005_L01,LA1005,-18,False,6.6,5.7,6.1,,,6.1,C,2.0,True,2.12,2.18,Pass
45,1343199,HK132_LA1005_L01,LA1005,-18,False,4.5,5.6,4.7,,,4.9,D,1.0,True,2.18,2.17,Pass
46,1347891,HK132_LA1005_L01,LA1005,-18,False,4.4,4.3,5.3,,,4.8,D,1.0,True,1.71,1.86,Pass
47,1384429,HK132_LA1005_L01,LA1005,-18,False,5.7,5.1,4.8,,,5.1,D+,1.5,True,2.32,2.33,Pass
48,1302424,HK132_LA1005_L01,LA1005,-18,False,5.2,4.3,5.5,,,5.1,D+,1.5,True,1.79,1.83,Pass
49,1376821,HK132_LA1005_L01,LA1005,-18,False,5.5,7.0,6.7,,,6.6,C+,2.5,True,2.35,2.44,Pass
50,1336320,HK132_LA1005_L01,LA1005,-18,False,5.9,1.8,6.1,,,4.8,D,1.0,True,2.09,2.17,Pass
51,1393632,HK132_LA1005_L01,LA1005,-18,False,6.8,5.8,6.2,,,6.2,C,2.0,True,2.76,2.73,Pass
52,1375226,HK132_LA1005_L01,LA1005,-18,False,6.5,6.5,6.2,,,6.3,C,2.0,True,2.59,2.53,Pass
53,1306935,HK132_LA1005_L01,LA1005,-18,False,5.6,6.6,6.0,,,6.1,C,2.0,True,2.29,2.26,Pass
54,1388529,HK132_LA1005_L01,LA1005,-18,False,5.9,5.6,6.6,,,6.2,C,2.0,True,2.35,2.56,Pass
55,1306206,HK132_LA1005_L01,LA1005,-18,False,4.9,5.5,4.1,,,4.7,D,1.0,True,2.0,1.98,Pass
56,1303153,HK132_LA1005_L01,LA1005,-18,False,6.1,5.9,5.2,,,5.6,C,2.0,True,2.24,2.26,Pass
57,1331809,HK132_LA1005_L01,LA1005,-18,False,5.6,5.3,5.5,,,5.5,C,2.0,True,2.12,2.15,Pass
58,1357231,HK132_LA1005_L01,LA1005,-18,False,3.6,6.7,4.4,,,4.9,D,1.0,True,2.38,2.26,Pass
59,1368347,HK132_LA1005_L01,LA1005,-18,False,6.7,7.4,6.8,,,7.0,B,3.0,True,2.53,2.27,Pass
60,1346570,HK132_LA1005_L01,LA1005,-18,False,4.1,4.4,3.9,,,4.1,D,1.0,True,1.44,1.44,Pass
61,1368802,HK132_LA1005_L01,LA1005,-18,False,6.9,7.6,6.4,,,6.9,C+,2.5,True,2.88,2.91,Pass
62,1376092,HK132_LA1005_L01,LA1005,-18,False,7.2,5.2,4.7,,,5.3,D+,1.5,True,2.74,2.61,Pass
63,1350670,HK132_LA1005_L01,LA1005,-18,False,6.0,6.1,5.9,,,6.0,C,2.0,True,2.35,2.53,Pass
64,1360465,HK132_LA1005_L01,LA1005,-18,False,5.4,6.1,4.6,,,5.2,D+,1.5,True,2.15,2.35,Pass
65,1371718,HK132_LA1005_L01,LA1005,-18,False,8.4,7.0,8.0,,,7.8,B,3.0,True,3.44,3.41,Pass
66,1333404,HK132_LA1005_L01,LA1005,-18,False,6.1,4.3,6.9,,,6.0,C,2.0,True,2.44,2.42,Pass
67,1313222,HK132_LA1005_L01,LA1005,-18,False,8.7,7.9,7.7,,,8.0,B+,3.5,True,3.62,3.45,Pass
68,1340283,HK132_LA1005_L01,LA1005,-18,False,6.7,7.5,6.9,,,7.0,B,3.0,True,2.41,2.45,Pass
69,1327709,HK132_LA1005_L01,LA1005,-18,False,6.0,6.6,6.0,,,6.2,C,2.0,True,2.29,2.39,Pass
70,1392037,HK132_LA1005_L01,LA1005,-18,False,6.6,7.4,6.9,,,7.0,B,3.0,True,3.15,3.05,Pass
71,1318643,HK132_LA1005_L01,LA1005,-18,False,5.5,7.7,6.7,,,6.8,C+,2.5,True,2.32,2.33,Pass
72,1325796,HK132_LA1005_L01,LA1005,-18,False,7.3,7.8,7.6,,,7.6,B,3.0,True,3.09,3.14,Pass
73,1366752,HK132_LA1005_L01,LA1005,-18,False,6.7,5.0,7.1,,,6.4,C+,2.5,True,2.15,2.17,Pass
74,1315727,HK132_LA1005_L01,LA1005,-18,False,6.3,5.8,6.9,,,6.5,C+,2.5,True,2.15,2.27,Pass
75,1384566,HK132_LA1005_L01,LA1005,-18,False,7.6,7.6,8.1,,,7.8,B,3.0,True,3.26,3.35,Pass
76,1388074,HK132_LA1005_L01,LA1005,-18,False,6.7,6.3,6.0,,,6.2,C,2.0,True,2.18,2.26,Pass
77,1341149,HK132_LA1005_L01,LA1005,-18,False,4.6,5.5,5.0,,,5.1,D+,1.5,True,1.5,1.61,Pass
78,1358552,HK132_LA1005_L01,LA1005,-18,False,5.9,6.2,5.3,,,5.7,C,2.0,True,2.26,2.39,Pass
79,1307664,HK132_LA1005_L01,LA1005,-18,False,5.6,6.5,6.5,,,6.3,C,2.0,True,2.47,2.47,Pass
80,1377276,HK132_LA1005_L01,LA1005,-18,False,6.2,3.7,4.9,,,4.8,D,1.0,True,1.88,1.92,Pass
81,1399645,HK132_LA1005_L01,LA1005,-18,False,5.4,5.1,5.3,,,5.3,D+,1.5,True,1.79,1.67,Pass
82,1368073,HK132_LA1005_L01,LA1005,-18,False,6.4,6.0,4.9,,,5.5,C,2.0,True,2.32,2.29,Pass
83,1397458,HK132_LA1005_L01,LA1005,-18,False,5.5,5.5,4.6,,,5.0,D+,1.5,True,2.21,2.17,Pass
84,1342196,HK132_LA1005_L01,LA1005,-18,False,7.7,8.7,8.4,,,8.4,B+,3.5,True,3.18,3.12,Pass
85,1345112,HK132_LA1005_L01,LA1005,-18,False,5.9,5.2,6.2,,,5.8,C,2.0,True,2.41,2.44,Pass
86,1393495,HK132_LA1005_L01,LA1005,-18,False,7.8,7.2,7.8,,,7.6,B,3.0,True,2.85,2.73,Pass
87,1311172,HK132_LA1005_L01,LA1005,-18,False,5.7,3.5,5.7,,,5.0,D+,1.5,True,1.68,1.62,Pass
88,1388803,HK132_LA1005_L01,LA1005,-18,False,5.4,5.9,6.1,,,5.9,C,2.0,True,2.35,2.33,Pass
89,1360010,HK132_LA1005_L01,LA1005,-18,False,4.4,4.1,4.3,,,4.3,D,1.0,True,1.79,1.65,Pass
90,1350078,HK132_LA1005_L01,LA1005,-18,False,7.0,5.2,4.7,,,5.3,D+,1.5,True,1.82,1.92,Pass
91,1358278,HK132_LA1005_L01,LA1005,-18,False,5.8,6.5,6.3,,,6.3,C,2.0,True,2.09,2.29,Pass
92,1377550,HK132_LA1005_L01,LA1005,-18,False,4.7,5.3,4.7,,,4.9,D,1.0,True,1.65,1.48,Pass
93,1363973,HK132_LA1005_L02,LA1005,-18,False,4.8,5.8,5.2,,,5.3,D+,1.5,True,1.41,1.47,Pass
94,1351673,HK132_LA1005_L02,LA1005,-18,False,5.5,6.1,5.4,,,5.6,C,2.0,True,2.21,2.29,Pass
95,1311627,HK132_LA1005_L02,LA1005,-18,False,4.9,5.7,6.8,,,6.1,C,2.0,True,2.24,1.97,Pass
96,1325067,HK132_LA1005_L02,LA1005,-18,False,5.1,7.6,6.4,,,6.5,C+,2.5,True,3.03,2.86,Pass
97,1351399,HK132_LA1005_L02,LA1005,-18,False,6.2,6.0,6.7,,,6.4,C+,2.5,True,2.38,2.23,Pass
98,1321559,HK132_LA1005_L02,LA1005,-18,False,5.7,5.1,6.4,,,5.9,C,2.0,True,2.41,2.5,Pass
99,1308711,HK132_LA1005_L02,LA1005,-18,False,7.1,7.7,8.7,,,8.1,B+,3.5,True,3.47,3.61,Pass
100,1394087,HK132_LA1005_L02,LA1005,-18,False,7.9,7.7,6.1,,,6.9,C+,2.5,True,2.47,2.58,Pass
101,1352720,HK132_LA1005_L02,LA1005,-18,False,8.5,7.6,7.7,,,7.8,B,3.0,True,3.0,3.11,Pass
102,1341878,HK132_LA1005_L02,LA1005,-18,False,4.9,4.1,6.5,,,5.5,C,2.0,True,2.85,2.82,Pass
103,1394816,HK132_LA1005_L02,LA1005,-18,False,5.4,5.9,6.4,,,6.1,C,2.0,True,2.35,2.3,Pass
104,1396411,HK132_LA1005_L02,LA1005,-18,False,8.4,6.9,7.3,,,7.4,B,3.0,True,3.0,3.2,Pass
105,1369531,HK132_LA1005_L02,LA1005,-18,False,6.6,6.4,4.9,,,5.7,C,2.0,True,1.74,2.02,Pass
106,1380055,HK132_LA1005_L02,LA1005,-18,False,6.4,5.9,4.3,,,5.2,D+,1.5,True,2.47,2.32,Pass
107,1395090,HK132_LA1005_L02,LA1005,-18,False,5.0,4.1,5.6,,,5.0,D+,1.5,True,1.5,1.58,Pass
108,1317048,HK132_LA1005_L02,LA1005,-18,False,4.5,7.0,6.0,,,6.0,C,2.0,True,2.35,2.21,Pass
109,1310898,HK132_LA1005_L02,LA1005,-18,False,6.5,7.5,6.5,,,6.8,C+,2.5,True,2.24,2.42,Pass
110,1343336,HK132_LA1005_L02,LA1005,-18,False,7.0,6.9,5.4,,,6.2,C,2.0,True,2.41,2.38,Pass
111,1397732,HK132_LA1005_L02,LA1005,-18,False,5.0,7.0,5.5,,,5.8,C,2.0,True,2.53,2.45,Pass
112,1326980,HK132_LA1005_L02,LA1005,-18,False,2.5,6.5,7.2,,,6.1,C,2.0,True,2.74,2.59,Pass
113,1352994,HK132_LA1005_L02,LA1005,-18,False,5.4,6.6,5.8,,,6.0,C,2.0,True,2.59,2.36,Pass
114,1348757,HK132_LA1005_L02,LA1005,-18,False,3.3,7.0,4.7,,,5.1,D+,1.5,True,1.41,1.42,Pass
115,1357686,HK132_LA1005_L02,LA1005,-18,False,9.1,8.4,7.6,,,8.1,B+,3.5,True,3.71,3.59,Pass
116,1312948,HK132_LA1005_L02,LA1005,-18,False,7.1,6.8,6.1,,,6.5,C+,2.5,True,2.62,2.61,Pass
117,1314406,HK132_LA1005_L02,LA1005,-18,False,5.8,6.1,6.4,,,6.2,C,2.0,True,2.38,2.33,Pass
118,1309440,HK132_LA1005_L02,LA1005,-18,False,6.2,5.9,6.7,,,6.4,C+,2.5,True,2.38,2.32,Pass
119,1367618,HK132_LA1005_L02,LA1005,-18,False,5.4,7.4,6.9,,,6.8,C+,2.5,True,2.82,2.64,Pass
120,1357094,HK132_LA1005_L02,LA1005,-18,False,8.1,7.4,9.2,,,8.4,B+,3.5,True,3.47,3.45,Pass
121,1349212,HK132_LA1005_L02,LA1005,-18,False,5.4,5.4,5.0,,,5.2,D+,1.5,True,2.18,2.14,Pass
122,1335909,HK132_LA1005_L02,LA1005,-18,False,5.9,8.2,7.7,,,7.5,B,3.0,True,2.59,2.42,Pass
123,1370534,HK132_LA1005_L02,LA1005,-18,False,6.5,5.4,5.1,,,5.5,C,2.0,True,2.32,2.39,Pass
124,1371855,HK132_LA1005_L02,LA1005,-18,False,5.6,4.6,3.8,,,4.4,D,1.0,True,1.59,1.39,Pass
125,1305932,HK132_LA1005_L02,LA1005,-18,False,8.4,7.8,7.2,,,7.6,B,3.0,True,3.26,3.11,Pass
126,1337778,HK132_LA1005_L02,LA1005,-18,False,6.1,5.5,7.0,,,6.4,C+,2.5,True,1.65,1.67,Pass
127,1391582,HK132_LA1005_L02,LA1005,-18,False,6.6,6.6,6.9,,,6.8,C+,2.5,True,2.59,2.36,Pass
128,1383563,HK132_LA1005_L02,LA1005,-18,False,5.6,6.9,6.4,,,6.4,C+,2.5,True,2.71,2.59,Pass
129,1361786,HK132_LA1005_L02,LA1005,-18,False,7.3,8.5,7.1,,,7.6,B,3.0,True,3.09,3.14,Pass
130,1353586,HK132_LA1005_L02,LA1005,-18,False,5.4,5.8,5.1,,,5.4,D+,1.5,True,2.15,2.06,Pass
131,1323472,HK132_LA1005_L02,LA1005,-18,False,6.1,6.3,5.4,,,5.8,C,2.0,True,2.62,2.61,Pass
132,1349623,HK132_LA1005_L02,LA1005,-18,False,6.0,6.5,8.7,,,7.5,B,3.0,True,2.65,2.65,Pass
133,1373768,HK132_LA1005_L02,LA1005,-18,False,8.1,7.6,7.8,,,7.8,B,3.0,True,3.44,3.44,Pass
134,1320693,HK132_LA1005_L02,LA1005,-18,False,5.6,6.2,5.1,,,5.5,C,2.0,True,2.62,2.47,Pass
135,1356639,HK132_LA1005_L02,LA1005,-18,False,5.7,5.2,4.5,,,5.0,D+,1.5,True,2.03,2.08,Pass
136,1307390,HK132_LA1005_L02,LA1005,-18,False,8.0,6.4,6.8,,,6.9,C+,2.5,True,3.0,3.0,Pass
137,1308256,HK132_LA1005_L02,LA1005,-18,False,5.5,4.6,5.3,,,5.1,D+,1.5,True,2.47,2.52,Pass
138,1327254,HK132_LA1005_L02,LA1005,-18,False,6.8,6.6,6.3,,,6.5,C+,2.5,True,2.35,2.14,Pass
139,1313814,HK132_LA1005_L02,LA1005,-18,False,7.7,7.2,7.3,,,7.3,B,3.0,True,3.15,3.08,Pass
140,1319827,HK132_LA1005_L02,LA1005,-18,False,5.2,5.9,6.2,,,5.9,C,2.0,True,2.44,2.33,Pass
141,1309577,HK132_LA1005_L02,LA1005,-18,False,6.1,5.5,5.1,,,5.4,D+,1.5,True,2.38,2.35,Pass
142,1350944,HK132_LA1005_L02,LA1005,-18,False,7.8,7.8,7.1,,,7.4,B,3.0,True,3.32,3.21,Pass
143,1391900,HK132_LA1005_L02,LA1005,-18,False,6.5,6.1,5.5,,,5.9,C,2.0,True,1.94,1.97,Pass
144,1384292,HK132_LA1005_L02,LA1005,-18,False,6.5,7.8,5.7,,,6.5,C+,2.5,True,2.12,2.42,Pass
145,1335591,HK132_LA1005_L02,LA1005,-18,False,5.7,6.1,6.4,,,6.2,C,2.0,True,2.18,2.21,Pass
146,1318188,HK132_LA1005_L02,LA1005,-18,False,5.9,7.7,5.9,,,6.4,C+,2.5,True,2.68,2.58,Pass
147,1357823,HK132_LA1005_L02,LA1005,-18,False,5.4,5.8,6.0,,,5.8,C,2.0,True,2.15,2.05,Pass
148,1375363,HK132_LA1005_L02,LA1005,-18,False,5.1,5.2,5.5,,,5.3,D+,1.5,True,2.62,2.48,Pass
149,1315864,HK132_LA1005_L02,LA1005,-18,False,5.1,6.5,6.6,,,6.3,C,2.0,True,2.26,2.17,Pass
150,1389121,HK132_LA1005_L02,LA1005,-18,False,5.8,8.7,8.3,,,7.9,B,3.0,True,3.26,3.26,Pass
151,1389850,HK132_LA1005_L02,LA1005,-18,False,5.3,4.3,5.1,,,4.9,D,1.0,True,1.53,1.58,Pass
152,1314998,HK132_LA1005_L02,LA1005,-18,False,7.1,6.2,5.1,,,5.8,C,2.0,True,2.47,2.29,Pass
153,1335317,HK132_LA1005_L02,LA1005,-18,False,5.6,5.0,6.1,,,5.7,C,2.0,True,2.24,2.08,Pass
154,1394679,HK132_LA1005_L02,LA1005,-18,False,5.8,3.9,6.1,,,5.4,D+,1.5,True,1.47,1.61,Pass
155,1313540,HK132_LA1005_L02,LA1005,-18,False,4.1,5.8,4.1,,,4.6,D,1.0,True,1.62,1.59,Pass
156,1371581,HK132_LA1005_L02,LA1005,-18,False,6.5,6.2,7.6,,,7.0,B,3.0,True,2.68,2.64,Pass
157,1312356,HK132_LA1005_L02,LA1005,-18,False,6.8,6.7,4.8,,,5.8,C,2.0,True,2.76,2.8,Pass
158,1387800,HK132_LA1005_L02,LA1005,-18,False,5.2,5.5,6.7,,,6.0,C,2.0,True,2.29,2.24,Pass
159,1356957,HK132_LA1005_L02,LA1005,-18,False,4.1,4.7,4.6,,,4.5,D,1.0,True,1.32,1.72,Pass
160,1346844,HK132_LA1005_L02,LA1005,-18,False,5.5,6.8,7.1,,,6.7,C+,2.5,True,2.74,2.79,Pass
161,1368939,HK132_LA1005_L02,LA1005,-18,False,6.5,6.6,7.5,,,7.0,B,3.0,True,2.0,2.27,Pass
162,1349486,HK132_LA1005_L02,LA1005,-18,False,8.7,8.7,8.9,,,8.8,A,4.0,True,3.59,3.59,Pass
163,1397003,HK132_LA1005_L02,LA1005,-18,False,6.4,5.9,6.1,,,6.1,C,2.0,True,2.15,2.27,Pass
164,1342333,HK132_LA1005_L02,LA1005,-18,False,5.6,6.7,6.6,,,6.4,C+,2.5,True,2.35,2.26,Pass
165,1333541,HK132_LA1005_L02,LA1005,-18,False,7.4,5.6,6.2,,,6.3,C,2.0,True,2.21,2.39,Pass
166,1366889,HK132_LA1005_L02,LA1005,-18,False,6.6,6.7,7.3,,,7.0,B,3.0,True,2.68,2.58,Pass
167,1329759,HK132_LA1005_L02,LA1005,-18,False,7.4,4.5,6.0,,,5.8,C,2.0,True,2.41,2.55,Pass
168,1316319,HK132_LA1005_L02,LA1005,-18,False,5.2,5.0,4.4,,,4.7,D,1.0,True,2.41,2.36,Pass
169,1324475,HK132_LA1005_L02,LA1005,-18,False,4.8,8.1,6.1,,,6.4,C+,2.5,True,2.26,2.18,Pass
170,1331354,HK132_LA1005_L02,LA1005,-18,False,6.5,5.2,5.4,,,5.6,C,2.0,True,2.09,2.26,Pass
171,1304885,HK132_LA1005_L02,LA1005,-18,False,5.7,6.0,4.3,,,5.1,D+,1.5,True,2.18,2.17,Pass
172,1340146,HK132_LA1005_L02,LA1005,-18,False,4.9,5.0,5.8,,,5.4,D+,1.5,True,2.15,2.29,Pass
173,1314680,HK132_LA1005_L02,LA1005,-18,False,7.6,6.3,5.5,,,6.2,C,2.0,True,3.0,3.05,Pass
174,1364976,HK132_LA1005_L02,LA1005,-18,False,6.7,8.0,8.6,,,8.0,B+,3.5,True,3.35,3.29,Pass
175,1398598,HK132_LA1005_L02,LA1005,-18,False,6.1,5.7,8.0,,,6.9,C+,2.5,True,2.79,2.73,Pass
176,1355636,HK132_LA1005_L02,LA1005,-18,False,5.5,5.1,5.5,,,5.4,D+,1.5,True,1.59,1.61,Pass
177,1305477,HK132_LA1005_L02,LA1005,-18,False,7.2,5.6,8.9,,,7.6,B,3.0,True,2.71,2.79,Pass
178,1313085,HK132_LA1005_L02,LA1005,-18,False,5.2,5.7,5.3,,,5.4,D+,1.5,True,2.09,2.14,Pass
179,1384155,HK132_LA1005_L02,LA1005,-18,False,5.0,3.0,3.8,,,3.8,F,0.0,False,1.26,1.63,Fail
180,1334270,HK132_LA1005_L02,LA1005,-18,False,6.9,6.7,6.3,,,6.5,C+,2.5,True,2.47,2.48,Pass
181,1321285,HK132_LA1005_L02,LA1005,-18,False,6.7,5.9,6.5,,,6.4,C+,2.5,True,3.5,3.48,Pass
182,1386342,HK132_LA1005_L02,LA1005,-18,False,8.0,7.5,7.8,,,7.8,B,3.0,True,3.59,3.53,Pass
183,1359007,HK132_LA1005_L02,LA1005,-18,False,6.1,5.9,6.1,,,6.0,C,2.0,True,2.41,2.36,Pass
184,1320238,HK132_LA1005_L03,LA1005,-18,False,6.5,5.9,5.8,,,6.0,C,2.0,True,2.62,2.59,Pass
185,1317185,HK132_LA1005_L03,LA1005,-18,False,7.2,5.8,6.6,,,6.5,C+,2.5,True,2.26,2.29,Pass
186,1386479,HK132_LA1005_L03,LA1005,-18,False,6.1,7.8,5.7,,,6.4,C+,2.5,True,2.35,2.41,Pass
187,1356502,HK132_LA1005_L03,LA1005,-18,False,5.7,6.1,6.9,,,6.4,C+,2.5,True,2.24,2.18,Pass
188,1301377,HK132_LA1005_L03,LA1005,-18,False,4.8,6.4,5.7,,,5.7,C,2.0,True,2.06,2.03,Pass
189,1316593,HK132_LA1005_L03,LA1005,-18,False,6.1,4.9,5.4,,,5.4,D+,1.5,True,2.32,2.21,Pass
190,1363518,HK132_LA1005_L03,LA1005,-18,False,5.1,6.0,6.5,,,6.1,C,2.0,True,3.03,2.97,Pass
191,1364839,HK132_LA1005_L03,LA1005,-18,False,5.8,7.3,6.8,,,6.8,C+,2.5,True,2.24,2.06,Pass
192,1347436,HK132_LA1005_L03,LA1005,-18,False,5.5,6.6,5.6,,,5.9,C,2.0,True,2.35,2.48,Pass
193,1356228,HK132_LA1005_L03,LA1005,-18,False,5.4,6.0,5.4,,,5.6,C,2.0,True,2.32,2.38,Pass
194,1354315,HK132_LA1005_L03,LA1005,-18,False,5.8,5.8,7.9,,,6.8,C+,2.5,True,2.15,2.32,Pass
195,1320967,HK132_LA1005_L03,LA1005,-18,False,4.5,4.2,4.3,,,4.3,D,1.0,True,1.44,1.6,Pass
196,1322880,HK132_LA1005_L03,LA1005,-18,False,6.0,5.5,5.3,,,5.5,C,2.0,True,1.85,1.83,Pass
197,1379008,HK132_LA1005_L03,LA1005,-18,False,6.9,9.2,6.5,,,7.4,B,3.0,True,2.74,2.68,Pass
198,1316456,HK132_LA1005_L03,LA1005,-18,False,4.7,4.0,3.3,,,3.8,F,0.0,False,1.5,1.65,Fail
199,1322288,HK132_LA1005_L03,LA1005,-18,False,6.9,7.3,6.2,,,6.7,C+,2.5,True,2.38,2.2,Pass
200,1337367,HK132_LA1005_L03,LA1005,-18,False,4.6,3.8,3.4,,,3.8,F,0.0,False,1.2,1.59,Fail
201,1390716,HK132_LA1005_L03,LA1005,-18,False,5.1,5.3,4.4,,,4.8,D,1.0,True,1.62,1.65,Pass
202,1301832,HK132_LA1005_L03,LA1005,-18,False,4.6,4.5,4.7,,,4.6,D,1.0,True,1.44,1.38,Pass
203,1380784,HK132_LA1005_L03,LA1005,-18,False,5.6,6.7,6.2,,,6.2,C,2.0,True,2.21,2.2,Pass
204,1308985,HK132_LA1005_L03,LA1005,-18,False,6.6,7.3,7.2,,,7.1,B,3.0,True,3.15,3.02,Pass
205,1376547,HK132_LA1005_L03,LA1005,-18,False,4.4,4.2,3.3,,,3.8,F,0.0,False,0.21,1.19,Fail
206,1338233,HK132_LA1005_L03,LA1005,-18,False,6.9,6.1,4.3,,,5.4,D+,1.5,True,2.29,2.18,Pass
207,1309714,HK132_LA1005_L03,LA1005,-18,False,6.9,7.1,5.2,,,6.1,C,2.0,True,2.65,2.88,Pass
208,1371263,HK132_LA1005_L03,LA1005,-18,False,4.7,4.6,5.0,,,4.8,D,1.0,True,1.5,1.53,Pass
209,1368484,HK132_LA1005_L03,LA1005,-18,False,4.7,6.4,5.1,,,5.4,D+,1.5,True,1.68,1.67,Pass
210,1305203,HK132_LA1005_L03,LA1005,-18,False,5.0,6.7,6.7,,,6.4,C+,2.5,True,2.35,2.12,Pass
211,1343062,HK132_LA1005_L03,LA1005,-18,False,6.3,5.7,5.1,,,5.5,C,2.0,True,2.29,2.32,Pass
212,1385613,HK132_LA1005_L03,LA1005,-18,False,6.7,5.8,4.9,,,5.5,C,2.0,True,2.47,2.45,Pass
213,1307527,HK132_LA1005_L03,LA1005,-18,False,6.7,7.2,9.1,,,8.1,B+,3.5,True,3.53,3.42,Pass
214,1362652,HK132_LA1005_L03,LA1005,-18,False,4.0,4.9,5.2,,,4.9,D,1.0,True,1.32,1.47,Pass
215,1382379,HK132_LA1005_L03,LA1005,-18,False,6.5,6.4,4.8,,,5.6,C,2.0,True,2.5,2.45,Pass
216,1342925,HK132_LA1005_L03,LA1005,-18,False,5.1,4.9,7.5,,,6.2,C,2.0,True,1.97,2.14,Pass
217,1347162,HK132_LA1005_L03,LA1005,-18,False,5.8,5.4,6.6,,,6.1,C,2.0,True,2.09,2.09,Pass
218,1373176,HK132_LA1005_L03,LA1005,-18,False,3.9,6.6,5.2,,,5.4,D+,1.5,True,1.85,1.91,Pass
219,1300966,HK132_LA1005_L03,LA1005,-18,False,5.1,3.6,4.8,,,4.5,D,1.0,True,1.62,1.65,Pass
220,1322151,HK132_LA1005_L03,LA1005,-18,False,6.7,6.6,5.1,,,5.9,C,2.0,True,2.12,2.11,Pass
221,1310169,HK132_LA1005_L03,LA1005,-18,False,7.8,6.3,9.9,,,8.4,B+,3.5,True,2.91,2.83,Pass
222,1380329,HK132_LA1005_L03,LA1005,-18,False,7.5,8.5,7.0,,,7.5,B,3.0,True,3.12,3.09,Pass
223,1397595,HK132_LA1005_L03,LA1005,-18,False,6.1,5.5,4.8,,,5.3,D+,1.5,True,2.15,2.24,Pass
224,1392629,HK132_LA1005_L03,LA1005,-18,False,7.3,6.2,5.9,,,6.3,C,2.0,True,2.15,2.2,Pass
225,1364247,HK132_LA1005_L03,LA1005,-18,False,6.9,5.7,6.1,,,6.1,C,2.0,True,2.5,2.32,Pass
226,1387345,HK132_LA1005_L03,LA1005,-18,False,6.8,8.0,6.2,,,6.9,C+,2.5,True,3.06,3.09,Pass
227,1366160,HK132_LA1005_L03,LA1005,-18,False,5.3,5.2,6.0,,,5.6,C,2.0,True,2.38,2.2,Pass
228,1381650,HK132_LA1005_L03,LA1005,-18,False,5.7,5.5,5.2,,,5.4,D+,1.5,True,2.06,2.17,Pass
229,1303882,HK132_LA1005_L03,LA1005,-18,False,8.4,7.8,6.1,,,7.1,B,3.0,True,3.41,3.45,Pass
230,1336183,HK132_LA1005_L03,LA1005,-18,False,7.5,6.9,6.6,,,6.9,C+,2.5,True,2.79,2.83,Pass
231,1338096,HK132_LA1005_L03,LA1005,-18,False,5.8,5.4,6.1,,,5.8,C,2.0,True,2.53,2.53,Pass
232,1383837,HK132_LA1005_L03,LA1005,-18,False,5.8,5.9,4.2,,,5.0,D+,1.5,True,1.79,1.73,Pass
233,1377868,HK132_LA1005_L03,LA1005,-18,False,5.9,7.5,5.2,,,6.0,C,2.0,True,2.47,2.39,Pass
234,1336912,HK132_LA1005_L03,LA1005,-18,False,6.6,7.2,5.0,,,6.0,C,2.0,True,2.09,2.11,Pass
235,1333267,HK132_LA1005_L03,LA1005,-18,False,5.4,6.2,4.3,,,5.1,D+,1.5,True,0.95,1.22,Pass
236,1350215,HK132_LA1005_L03,LA1005,-18,False,7.2,4.6,4.9,,,5.3,D+,1.5,True,2.24,2.15,Pass
237,1383700,HK132_LA1005_L03,LA1005,-18,False,7.2,6.7,5.3,,,6.1,C,2.0,True,3.06,3.03,Pass
238,1376684,HK132_LA1005_L03,LA1005,-18,False,6.2,6.1,6.1,,,6.1,C,2.0,True,2.12,2.15,Pass
239,1323017,HK132_LA1005_L03,LA1005,-18,False,6.5,7.0,4.7,,,5.8,C,2.0,True,2.24,2.39,Pass
240,1318506,HK132_LA1005_L03,LA1005,-18,False,4.6,5.0,4.1,,,4.5,D,1.0,True,1.65,1.82,Pass
241,1380192,HK132_LA1005_L03,LA1005,-18,False,5.6,5.7,5.7,,,5.7,C,2.0,True,2.15,2.06,Pass
242,1390124,HK132_LA1005_L03,LA1005,-18,False,7.1,4.5,7.0,,,6.3,C,2.0,True,3.21,3.29,Pass
243,1359873,HK132_LA1005_L03,LA1005,-18,False,5.2,5.1,5.8,,,5.5,C,2.0,True,2.53,2.33,Pass
244,1346115,HK132_LA1005_L03,LA1005,-18,False,6.3,7.1,6.6,,,6.7,C+,2.5,True,2.5,2.39,Pass
245,1397140,HK132_LA1005_L03,LA1005,-18,False,4.3,4.5,5.4,,,4.9,D,1.0,True,1.65,1.71,Pass
246,1303427,HK132_LA1005_L03,LA1005,-18,False,6.1,7.6,6.9,,,7.0,B,3.0,True,2.62,2.47,Pass
247,1340875,HK132_LA1005_L03,LA1005,-18,False,5.1,5.4,6.1,,,5.7,C,2.0,True,1.91,1.65,Pass
248,1353131,HK132_LA1005_L03,LA1005,-18,False,7.2,6.1,7.5,,,7.0,B,3.0,True,3.09,3.36,Pass
249,1328438,HK132_LA1005_L03,LA1005,-18,False,6.5,5.9,7.3,,,6.7,C+,2.5,True,2.65,2.79,Pass
250,1349349,HK132_LA1005_L03,LA1005,-18,False,5.1,4.8,5.9,,,5.4,D+,1.5,True,1.62,1.68,Pass
251,1394953,HK132_LA1005_L03,LA1005,-18,False,5.3,6.1,6.3,,,6.0,C,2.0,True,2.24,2.3,Pass
252,1348165,HK132_LA1005_L03,LA1005,-18,False,5.2,6.0,5.2,,,5.4,D+,1.5,True,1.74,1.76,Pass
253,1330033,HK132_LA1005_L03,LA1005,-18,False,7.0,7.3,5.9,,,6.5,C+,2.5,True,2.15,2.26,Pass
254,1379326,HK132_LA1005_L03,LA1005,-18,False,7.3,7.5,7.3,,,7.4,B,3.0,True,3.29,3.27,Pass
255,1395682,HK132_LA1005_L03,LA1005,-18,False,6.5,5.7,6.4,,,6.2,C,2.0,True,2.53,2.44,Pass
256,1306069,HK132_LA1005_L03,LA1005,-18,False,8.0,8.4,9.4,,,8.8,A,4.0,True,3.71,3.42,Pass
257,1334588,HK132_LA1005_L03,LA1005,-18,False,6.9,7.4,5.9,,,6.6,C+,2.5,True,2.44,2.48,Pass
258,1369668,HK132_LA1005_L03,LA1005,-18,False,5.7,6.1,5.9,,,5.9,C,2.0,True,2.47,2.41,Pass
259,1353860,HK132_LA1005_L03,LA1005,-18,False,5.0,5.8,5.1,,,5.3,D+,1.5,True,1.94,2.08,Pass
260,1351991,HK132_LA1005_L03,LA1005,-18,False,6.0,6.1,6.1,,,6.1,C,2.0,True,2.76,2.62,Pass
261,1318051,HK132_LA1005_L03,LA1005,-18,False,7.5,8.2,7.8,,,7.9,B,3.0,True,3.09,3.0,Pass
262,1324201,HK132_LA1005_L03,LA1005,-18,False,6.6,6.1,8.6,,,7.4,B,3.0,True,2.32,2.45,Pass
263,1369942,HK132_LA1005_L03,LA1005,-18,False,7.2,5.7,7.1,,,6.7,C+,2.5,True,2.18,2.21,Pass
264,1382971,HK132_LA1005_L03,LA1005,-18,False,8.0,6.9,7.1,,,7.2,B,3.0,True,2.53,2.61,Pass
265,1326251,HK132_LA1005_L03,LA1005,-18,False,5.8,7.2,6.8,,,6.7,C+,2.5,True,2.41,2.52,Pass
266,1326843,HK132_LA1005_L03,LA1005,-18,False,5.1,6.6,4.4,,,5.2,D+,1.5,True,2.15,2.15,Pass
267,1322014,HK132_LA1005_L03,LA1005,-18,False,5.7,6.1,5.8,,,5.9,C,2.0,True,2.41,2.58,Pass
268,1378279,HK132_LA1005_L03,LA1005,-18,False,6.4,6.1,4.8,,,5.5,C,2.0,True,2.35,2.08,Pass
269,1337504,HK132_LA1005_L03,LA1005,-18,False,5.0,8.0,5.2,,,6.0,C,2.0,True,1.88,1.91,Pass
270,1386024,HK132_LA1005_L03,LA1005,-18,False,7.7,7.8,7.0,,,7.4,B,3.0,True,2.85,3.06,Pass
271,1322743,HK132_LA1005_L03,LA1005,-18,False,5.2,6.0,6.7,,,6.2,C,2.0,True,2.32,2.33,Pass
272,1370260,HK132_LA1005_L03,LA1005,-18,False,7.0,6.4,5.3,,,6.0,C,2.0,True,2.12,2.0,Pass
273,1385750,HK132_LA1005_L03,LA1005,-18,False,6.4,4.8,5.5,,,5.5,C,2.0,True,2.35,2.36,Pass
274,1376229,HK132_LA1005_L03,LA1005,-18,False,7.0,8.3,7.1,,,7.4,B,3.0,True,3.26,3.35,Pass
275,1319235,HK132_PE1005_L01,PE1005,-18,False,8.1,7.4,8.9,,,8.4,B+,3.5,True,3.7,3.74,Pass
276,1358415,HK132_PE1005_L01,PE1005,-18,False,7.0,7.2,8.2,,,7.8,B,3.0,True,3.13,2.83,Pass
277,1303153,HK132_PE1005_L01,PE1005,-18,False,7.4,6.6,6.4,,,6.6,C+,2.5,True,2.24,2.26,Pass
278,1307527,HK132_PE1005_L01,PE1005,-18,False,7.3,7.9,8.3,,,8.0,B+,3.5,True,3.53,3.42,Pass
279,1354178,HK132_PE1005_L01,PE1005,-18,False,6.3,5.6,8.3,,,7.4,B,3.0,True,2.37,2.31,Pass
280,1342333,HK132_PE1005_L01,PE1005,-18,False,5.8,6.1,7.0,,,6.6,C+,2.5,True,2.35,2.26,Pass
281,1312493,HK132_PE1005_L01,PE1005,-18,False,7.5,7.0,8.8,,,8.2,B+,3.5,True,3.1,3.05,Pass
282,1398461,HK132_PE1005_L01,PE1005,-18,False,8.2,7.7,8.1,,,8.0,B+,3.5,True,3.3,3.47,Pass
283,1340146,HK132_PE1005_L01,PE1005,-18,False,6.3,6.9,6.5,,,6.5,C+,2.5,True,2.15,2.29,Pass
284,1340557,HK132_PE1005_L01,PE1005,-18,False,5.7,5.2,7.3,,,6.6,C+,2.5,True,2.3,2.45,Pass
285,1344657,HK132_PE1005_L01,PE1005,-18,False,6.7,6.4,5.0,,,5.6,C,2.0,True,2.13,2.12,Pass
286,1357231,HK132_PE1005_L01,PE1005,-18,False,7.3,6.8,6.8,,,6.9,C+,2.5,True,2.38,2.26,Pass
287,1387071,HK132_PE1005_L01,PE1005,-18,False,8.8,8.3,8.7,,,8.6,A,4.0,True,3.7,3.74,Pass
288,1345386,HK132_PE1005_L01,PE1005,-18,False,8.1,8.1,7.1,,,7.5,B,3.0,True,3.27,3.07,Pass
289,1313222,HK132_PE1005_L01,PE1005,-18,False,8.5,8.6,7.7,,,8.0,B+,3.5,True,3.62,3.45,Pass
290,1318051,HK132_PE1005_L01,PE1005,-18,False,7.5,7.2,7.8,,,7.6,B,3.0,True,3.09,3.0,Pass
291,1351673,HK132_PE1005_L01,PE1005,-18,False,6.0,5.8,6.0,,,6.0,C,2.0,True,2.21,2.29,Pass
292,1354452,HK132_PE1005_L01,PE1005,-18,False,7.1,7.4,6.7,,,6.9,C+,2.5,True,3.1,3.21,Pass
293,1314998,HK132_PE1005_L01,PE1005,-18,False,7.0,6.3,6.9,,,6.8,C+,2.5,True,2.47,2.29,Pass
294,1308256,HK132_PE1005_L01,PE1005,-18,False,6.9,7.1,5.2,,,5.9,C,2.0,True,2.47,2.52,Pass
295,1396866,HK132_PE1005_L01,PE1005,-18,False,9.3,10.0,8.3,,,8.8,A,4.0,True,3.33,3.33,Pass
296,1311490,HK132_PE1005_L01,PE1005,-18,False,8.8,8.7,10.0,,,9.5,A+,4.0,True,3.97,3.93,Pass
297,1351399,HK132_PE1005_L01,PE1005,-18,False,6.9,6.2,6.1,,,6.3,C,2.0,True,2.38,2.23,Pass
298,1359418,HK132_PE1005_L01,PE1005,-18,False,4.1,4.6,4.0,,,4.1,D,1.0,True,0.5,1.0,Pass
299,1347891,HK132_PE1005_L01,PE1005,-18,False,5.2,5.5,5.6,,,5.5,C,2.0,True,1.71,1.86,Pass
300,1306798,HK132_PE1005_L01,PE1005,-18,False,7.6,7.7,7.4,,,7.5,B,3.0,True,3.09,3.17,Pass
301,1397140,HK132_PE1005_L01,PE1005,-18,False,6.0,4.7,5.7,,,5.6,C,2.0,True,1.65,1.71,Pass
302,1378142,HK132_PE1005_L01,PE1005,-18,False,7.8,9.2,8.4,,,8.4,B+,3.5,True,3.27,3.07,Pass
303,1343654,HK132_PE1005_L01,PE1005,-18,False,5.7,5.8,5.8,,,5.8,C,2.0,True,2.13,2.07,Pass
304,1320693,HK132_PE1005_L01,PE1005,-18,False,6.6,6.2,6.2,,,6.3,C,2.0,True,2.62,2.47,Pass
305,1341741,HK132_PE1005_L01,PE1005,-18,False,6.4,7.5,7.1,,,7.0,B,3.0,True,3.23,3.14,Pass
306,1356228,HK132_PE1005_L01,PE1005,-18,False,7.0,5.4,6.2,,,6.2,C,2.0,True,2.32,2.38,Pass
307,1338096,HK132_PE1005_L01,PE1005,-18,False,6.7,5.6,7.6,,,7.0,B,3.0,True,2.53,2.53,Pass
308,1332083,HK132_PE1005_L01,PE1005,-18,False,8.4,7.3,7.5,,,7.6,B,3.0,True,3.0,3.0,Pass
309,1351991,HK132_PE1005_L01,PE1005,-18,False,6.3,8.4,7.9,,,7.7,B,3.0,True,2.76,2.62,Pass
310,1300648,HK132_PE1005_L01,PE1005,-18,False,7.2,7.1,6.2,,,6.6,C+,2.5,True,2.9,2.74,Pass
311,1370397,HK132_PE1005_L01,PE1005,-18,False,8.0,7.4,8.1,,,7.9,B,3.0,True,3.03,2.95,Pass
312,1325522,HK132_PE1005_L01,PE1005,-18,False,6.1,5.5,4.8,,,5.2,D+,1.5,True,2.27,2.21,Pass
313,1313085,HK132_PE1005_L01,PE1005,-18,False,6.4,6.3,9.7,,,8.4,B+,3.5,True,2.09,2.14,Pass
314,1388529,HK132_PE1005_L01,PE1005,-18,False,7.8,6.9,8.0,,,7.7,B,3.0,True,2.35,2.56,Pass
315,1378871,HK132_PE1005_L01,PE1005,-18,False,8.1,8.1,7.1,,,7.5,B,3.0,True,3.13,3.17,Pass
316,1367755,HK132_PE1005_L01,PE1005,-18,False,7.6,7.2,6.9,,,7.1,B,3.0,True,2.53,2.53,Pass
317,1340875,HK132_PE1005_L01,PE1005,-18,False,6.7,5.4,5.4,,,5.7,C,2.0,True,1.91,1.65,Pass
318,1325067,HK132_PE1005_L01,PE1005,-18,False,7.2,6.9,6.7,,,6.8,C+,2.5,True,3.03,2.86,Pass
319,1397595,HK132_PE1005_L01,PE1005,-18,False,5.4,7.6,6.9,,,6.7,C+,2.5,True,2.15,2.24,Pass
320,1335454,HK132_PE1005_L01,PE1005,-18,False,9.1,8.2,7.0,,,7.7,B,3.0,True,3.37,3.26,Pass
321,1362515,HK132_PE1005_L01,PE1005,-18,False,9.5,8.4,9.1,,,9.0,A,4.0,True,3.87,3.93,Pass
322,1331809,HK132_PE1005_L01,PE1005,-18,False,5.9,7.1,6.0,,,6.2,C,2.0,True,2.12,2.15,Pass
323,1352720,HK132_PE1005_L01,PE1005,-18,False,8.5,7.0,7.6,,,7.7,B,3.0,True,3.0,3.11,Pass
324,1316001,HK132_PE1005_L01,PE1005,-18,False,8.1,5.4,7.5,,,7.2,B,3.0,True,3.3,3.22,Pass
325,1305203,HK132_PE1005_L01,PE1005,-18,False,5.9,7.0,6.0,,,6.2,C,2.0,True,2.35,2.12,Pass
326,1324201,HK132_PE1005_L01,PE1005,-18,False,5.7,7.5,5.5,,,5.9,C,2.0,True,2.32,2.45,Pass
327,1391308,HK132_PE1005_L01,PE1005,-18,False,3.8,4.1,4.0,,,4.0,D,1.0,True,0.27,1.0,Pass
328,1393632,HK132_PE1005_L01,PE1005,-18,False,8.3,6.5,7.0,,,7.2,B,3.0,True,2.76,2.73,Pass
329,1346433,HK132_PE1005_L01,PE1005,-18,False,8.9,7.6,8.0,,,8.1,B+,3.5,True,3.5,3.45,Pass
330,1350670,HK132_PE1005_L01,PE1005,-18,False,7.5,5.1,5.4,,,5.8,C,2.0,True,2.35,2.53,Pass
331,1386479,HK132_PE1005_L01,PE1005,-18,False,6.2,6.2,5.8,,,6.0,C,2.0,True,2.35,2.41,Pass
332,1340420,HK132_PE1005_L01,PE1005,-18,False,6.8,5.4,7.1,,,6.7,C+,2.5,True,1.82,1.73,Pass
333,1333996,HK132_PE1005_L01,PE1005,-18,False,9.0,8.5,8.8,,,8.8,A,4.0,True,3.97,3.98,Pass
334,1395408,HK132_PE1005_L01,PE1005,-18,False,6.5,6.7,6.2,,,6.4,C+,2.5,True,2.06,2.14,Pass
335,1330625,HK132_PE1005_L01,PE1005,-18,False,6.5,7.1,5.5,,,6.0,C,2.0,True,2.32,2.29,Pass
336,1330351,HK132_PE1005_L01,PE1005,-18,False,7.0,7.4,7.2,,,7.2,B,3.0,True,2.97,3.16,Pass
337,1383563,HK132_PE1005_L01,PE1005,-18,False,6.4,6.4,7.6,,,7.1,B,3.0,True,2.71,2.59,Pass
338,1300966,HK132_PE1005_L01,PE1005,-18,False,5.7,6.2,5.7,,,5.8,C,2.0,True,1.62,1.65,Pass
339,1389258,HK132_PE1005_L01,PE1005,-18,False,9.5,8.6,8.9,,,9.0,A,4.0,True,4.0,4.0,Pass
340,1334862,HK132_PE1005_L01,PE1005,-18,False,6.6,8.1,8.1,,,7.8,B,3.0,True,2.93,2.91,Pass
341,1388666,HK132_PE1005_L01,PE1005,-18,False,7.6,7.1,8.2,,,7.9,B,3.0,True,3.0,3.12,Pass
342,1393495,HK132_PE1005_L01,PE1005,-18,False,6.3,8.4,6.2,,,6.7,C+,2.5,True,2.85,2.73,Pass
343,1368073,HK132_PE1005_L01,PE1005,-18,False,6.4,6.6,5.8,,,6.1,C,2.0,True,2.32,2.29,Pass
344,1386616,HK132_PE1005_L01,PE1005,-18,False,3.7,5.6,3.9,,,4.2,D,1.0,True,0.32,1.0,Pass
345,1301832,HK132_PE1005_L01,PE1005,-18,False,3.8,5.0,4.7,,,4.6,D,1.0,True,1.44,1.38,Pass
346,1390124,HK132_PE1005_L01,PE1005,-18,False,7.8,8.5,8.0,,,8.1,B+,3.5,True,3.21,3.29,Pass
347,1373039,HK132_PE1005_L01,PE1005,-18,False,7.5,8.3,6.0,,,6.8,C+,2.5,True,2.74,2.7,Pass
348,1352128,HK132_PE1005_L01,PE1005,-18,False,8.3,7.9,7.5,,,7.7,B,3.0,True,3.23,3.26,Pass
349,1327117,HK132_PE1005_L01,PE1005,-18,False,7.6,7.1,6.0,,,6.5,C+,2.5,True,2.53,2.66,Pass
350,1318188,HK132_PE1005_L01,PE1005,-18,False,7.1,6.6,6.9,,,6.9,C+,2.5,True,2.68,2.58,Pass
351,1369531,HK132_PE1005_L01,PE1005,-18,False,6.5,5.9,6.7,,,6.5,C+,2.5,True,1.74,2.02,Pass
352,1371126,HK132_PE1005_L01,PE1005,-18,False,5.3,5.4,4.8,,,5.0,D+,1.5,True,1.6,1.71,Pass
353,1349941,HK132_PE1005_L01,PE1005,-18,False,9.5,9.9,8.6,,,9.0,A,4.0,True,4.0,3.93,Pass
354,1334270,HK132_PE1005_L01,PE1005,-18,False,7.5,7.4,6.6,,,6.9,C+,2.5,True,2.47,2.48,Pass
355,1334133,HK132_PE1005_L01,PE1005,-18,False,6.4,9.3,9.3,,,8.7,A,4.0,True,3.63,3.81,Pass
356,1379008,HK132_PE1005_L01,PE1005,-18,False,7.1,7.5,5.7,,,6.3,C,2.0,True,2.74,2.68,Pass
357,1325796,HK132_PE1005_L01,PE1005,-18,False,8.2,9.4,7.9,,,8.3,B+,3.5,True,3.09,3.14,Pass
358,1392629,HK132_PE1005_L01,PE1005,-18,False,6.6,7.2,5.8,,,6.2,C,2.0,True,2.15,2.2,Pass
359,1343199,HK132_PE1005_L01,PE1005,-18,False,6.7,5.3,6.0,,,6.0,C,2.0,True,2.18,2.17,Pass
360,1323472,HK132_PE1005_L01,PE1005,-18,False,7.4,6.5,6.1,,,6.4,C+,2.5,True,2.62,2.61,Pass
361,1363973,HK132_PE1005_L01,PE1005,-18,False,6.0,6.7,5.3,,,5.7,C,2.0,True,1.41,1.47,Pass
362,1374042,HK132_PE1005_L01,PE1005,-18,False,5.5,4.8,2.3,,,3.4,F,0.0,False,0.14,1.3,Fail
363,1306069,HK132_PE1005_L01,PE1005,-18,False,8.1,8.6,8.3,,,8.3,B+,3.5,True,3.71,3.42,Pass
364,1337049,HK132_PE1005_L01,PE1005,-18,False,6.7,6.9,7.8,,,7.4,B,3.0,True,3.0,3.05,Pass
365,1394224,HK132_PE1005_L01,PE1005,-18,False,7.0,7.3,6.0,,,6.5,C+,2.5,True,1.8,1.9,Pass
366,1304885,HK132_PE1005_L01,PE1005,-18,False,6.2,6.1,6.9,,,6.6,C+,2.5,True,2.18,2.17,Pass
367,1353860,HK132_PE1005_L01,PE1005,-18,False,7.1,6.8,7.5,,,7.3,B,3.0,True,1.94,2.08,Pass
368,1353586,HK132_PE1005_L01,PE1005,-18,False,6.1,5.7,6.1,,,6.0,C,2.0,True,2.15,2.06,Pass
369,1386024,HK132_PE1005_L01,PE1005,-18,False,10.0,8.2,7.8,,,8.3,B+,3.5,True,2.85,3.06,Pass
370,1335909,HK132_PE1005_L01,PE1005,-18,False,6.3,7.1,6.5,,,6.6,C+,2.5,True,2.59,2.42,Pass
371,1311627,HK132_PE1005_L01,PE1005,-18,False,5.4,5.4,5.8,,,5.6,C,2.0,True,2.24,1.97,Pass
372,1365431,HK132_PE1005_L01,PE1005,-18,False,7.8,6.9,7.7,,,7.6,B,3.0,True,3.1,3.07,Pass
373,1356502,HK132_PE1005_L01,PE1005,-18,False,6.0,5.2,7.3,,,6.6,C+,2.5,True,2.24,2.18,Pass
374,1318780,HK132_PE1005_L01,PE1005,-18,False,5.6,8.3,8.5,,,7.9,B,3.0,True,3.0,2.93,Pass
375,1347299,HK132_PE1005_L02,PE1005,-18,False,6.2,5.1,7.7,,,6.9,C+,2.5,True,2.53,2.53,Pass
376,1337641,HK132_PE1005_L02,PE1005,-18,False,9.2,7.5,6.8,,,7.4,B,3.0,True,3.13,3.14,Pass
377,1319372,HK132_PE1005_L02,PE1005,-18,False,7.9,7.5,7.5,,,7.6,B,3.0,True,3.03,3.02,Pass
378,1320967,HK132_PE1005_L02,PE1005,-18,False,4.1,5.8,4.9,,,4.9,D,1.0,True,1.44,1.6,Pass
379,1374771,HK132_PE1005_L02,PE1005,-18,False,5.6,7.2,8.0,,,7.4,B,3.0,True,3.1,3.24,Pass
380,1376684,HK132_PE1005_L02,PE1005,-18,False,5.4,5.7,8.1,,,7.1,B,3.0,True,2.12,2.15,Pass
381,1357686,HK132_PE1005_L02,PE1005,-18,False,9.0,7.7,9.5,,,9.0,A,4.0,True,3.71,3.59,Pass
382,1392037,HK132_PE1005_L02,PE1005,-18,False,5.9,8.3,6.8,,,6.9,C+,2.5,True,3.15,3.05,Pass
383,1379326,HK132_PE1005_L02,PE1005,-18,False,8.5,8.5,7.1,,,7.7,B,3.0,True,3.29,3.27,Pass
384,1300511,HK132_PE1005_L02,PE1005,-18,False,7.0,8.4,8.1,,,7.9,B,3.0,True,3.43,3.34,Pass
385,1320830,HK132_PE1005_L02,PE1005,-18,False,9.4,8.7,8.5,,,8.7,A,4.0,True,3.07,3.22,Pass
386,1301240,HK132_PE1005_L02,PE1005,-18,False,8.8,8.3,7.3,,,7.8,B,3.0,True,3.27,3.14,Pass
387,1399782,HK132_PE1005_L02,PE1005,-18,False,7.4,8.0,7.0,,,7.3,B,3.0,True,3.23,3.19,Pass
388,1342470,HK132_PE1005_L02,PE1005,-18,False,8.0,8.8,6.8,,,7.4,B,3.0,True,3.63,3.24,Pass
389,1305477,HK132_PE1005_L02,PE1005,-18,False,6.9,5.7,7.4,,,7.0,B,3.0,True,2.71,2.79,Pass
390,1392903,HK132_PE1005_L02,PE1005,-18,False,6.0,6.6,7.5,,,7.0,B,3.0,True,2.33,2.31,Pass
391,1307664,HK132_PE1005_L02,PE1005,-18,False,6.6,8.3,6.3,,,6.8,C+,2.5,True,2.47,2.47,Pass
392,1310169,HK132_PE1005_L02,PE1005,-18,False,6.6,6.2,7.9,,,7.3,B,3.0,True,2.91,2.83,Pass
393,1372584,HK132_PE1005_L02,PE1005,-18,False,10.0,7.5,7.4,,,7.9,B,3.0,True,3.1,2.98,Pass
394,1395682,HK132_PE1005_L02,PE1005,-18,False,6.9,6.1,6.0,,,6.2,C,2.0,True,2.53,2.44,Pass
395,1338825,HK132_PE1005_L02,PE1005,-18,False,7.9,8.5,9.1,,,8.7,A,4.0,True,2.97,3.03,Pass
396,1329167,HK132_PE1005_L02,PE1005,-18,False,8.3,9.3,8.3,,,8.5,A,4.0,True,3.92,3.95,Pass
397,1320238,HK132_PE1005_L02,PE1005,-18,False,5.0,5.8,6.9,,,6.3,C,2.0,True,2.62,2.59,Pass
398,1333541,HK132_PE1005_L02,PE1005,-18,False,6.9,6.1,6.2,,,6.3,C,2.0,True,2.21,2.39,Pass
399,1302698,HK132_PE1005_L02,PE1005,-18,False,7.5,7.1,8.5,,,8.0,B+,3.5,True,3.43,3.22,Pass
400,1371992,HK132_PE1005_L02,PE1005,-18,False,7.8,6.8,7.1,,,7.2,B,3.0,True,1.97,2.16,Pass
401,1333267,HK132_PE1005_L02,PE1005,-18,False,4.4,4.3,4.7,,,4.6,D,1.0,True,0.95,1.22,Pass
402,1302561,HK132_PE1005_L02,PE1005,-18,False,8.8,8.4,7.9,,,8.2,B+,3.5,True,3.47,3.29,Pass
403,1362060,HK132_PE1005_L02,PE1005,-18,False,8.3,8.5,8.1,,,8.2,B+,3.5,True,3.43,3.59,Pass
404,1303745,HK132_PE1005_L02,PE1005,-18,False,8.9,7.4,9.8,,,9.1,A,4.0,True,3.73,3.74,Pass
405,1310032,HK132_PE1005_L02,PE1005,-18,False,6.8,7.0,9.3,,,8.3,B+,3.5,True,2.97,2.67,Pass
406,1375363,HK132_PE1005_L02,PE1005,-18,False,5.5,5.8,7.0,,,6.5,C+,2.5,True,2.62,2.48,Pass
407,1365705,HK132_PE1005_L02,PE1005,-18,False,7.3,8.5,8.1,,,8.0,B+,3.5,True,3.23,3.33,Pass
408,1316319,HK132_PE1005_L02,PE1005,-18,False,6.9,7.6,6.9,,,7.0,B,3.0,True,2.41,2.36,Pass
409,1304748,HK132_PE1005_L02,PE1005,-18,False,7.7,8.5,8.0,,,8.0,B+,3.5,True,3.37,3.26,Pass
410,1355636,HK132_PE1005_L02,PE1005,-18,False,5.2,6.6,6.1,,,6.0,C,2.0,True,1.59,1.61,Pass
411,1362652,HK132_PE1005_L02,PE1005,-18,False,7.0,4.6,6.0,,,5.9,C,2.0,True,1.32,1.47,Pass
412,1362789,HK132_PE1005_L02,PE1005,-18,False,8.3,7.6,8.7,,,8.4,B+,3.5,True,3.27,3.38,Pass
413,1309440,HK132_PE1005_L02,PE1005,-18,False,6.3,7.6,7.2,,,7.1,B,3.0,True,2.38,2.32,Pass
414,1391900,HK132_PE1005_L02,PE1005,-18,False,6.0,5.9,6.3,,,6.2,C,2.0,True,1.94,1.97,Pass
415,1310761,HK132_PE1005_L02,PE1005,-18,False,9.3,8.6,8.8,,,8.9,A,4.0,True,4.0,3.95,Pass
416,1330033,HK132_PE1005_L02,PE1005,-18,False,5.7,7.4,6.7,,,6.6,C+,2.5,True,2.15,2.26,Pass
417,1358552,HK132_PE1005_L02,PE1005,-18,False,6.1,7.1,6.8,,,6.7,C+,2.5,True,2.26,2.39,Pass
418,1380329,HK132_PE1005_L02,PE1005,-18,False,6.9,8.7,7.9,,,7.9,B,3.0,True,3.12,3.09,Pass
419,1362197,HK132_PE1005_L02,PE1005,-18,False,7.6,7.0,8.1,,,7.8,B,3.0,True,3.2,3.1,Pass
420,1301969,HK132_PE1005_L02,PE1005,-18,False,7.4,6.7,7.8,,,7.5,B,3.0,True,2.5,2.39,Pass
421,1304611,HK132_PE1005_L02,PE1005,-18,False,9.9,9.4,10.0,,,9.9,A+,4.0,True,3.9,3.95,Pass
422,1313677,HK132_PE1005_L02,PE1005,-18,False,6.4,7.0,8.5,,,7.8,B,3.0,True,3.26,3.14,Pass
423,1324475,HK132_PE1005_L02,PE1005,-18,False,6.7,6.9,7.4,,,7.2,B,3.0,True,2.26,2.18,Pass
424,1345249,HK132_PE1005_L02,PE1005,-18,False,9.4,7.5,6.5,,,7.3,B,3.0,True,3.3,3.21,Pass
425,1367481,HK132_PE1005_L02,PE1005,-18,False,8.1,8.3,8.6,,,8.4,B+,3.5,True,3.23,3.14,Pass
426,1322743,HK132_PE1005_L02,PE1005,-18,False,8.0,6.2,6.3,,,6.6,C+,2.5,True,2.32,2.33,Pass
427,1368347,HK132_PE1005_L02,PE1005,-18,False,6.9,6.5,7.0,,,6.9,C+,2.5,True,2.53,2.27,Pass
428,1355499,HK132_PE1005_L02,PE1005,-18,False,8.4,8.5,8.1,,,8.2,B+,3.5,True,4.0,4.0,Pass
429,1331354,HK132_PE1005_L02,PE1005,-18,False,7.5,7.1,6.2,,,6.6,C+,2.5,True,2.09,2.26,Pass
430,1345112,HK132_PE1005_L02,PE1005,-18,False,7.0,6.2,5.5,,,5.9,C,2.0,True,2.41,2.44,Pass
431,1365294,HK132_PE1005_L02,PE1005,-18,False,9.4,10.0,8.8,,,9.2,A,4.0,True,4.0,4.0,Pass
432,1387345,HK132_PE1005_L02,PE1005,-18,False,8.2,7.6,7.9,,,7.9,B,3.0,True,3.06,3.09,Pass
433,1349212,HK132_PE1005_L02,PE1005,-18,False,7.9,5.8,6.3,,,6.5,C+,2.5,True,2.18,2.14,Pass
434,1363518,HK132_PE1005_L02,PE1005,-18,False,8.0,7.4,7.7,,,7.7,B,3.0,True,3.03,2.97,Pass
435,1373176,HK132_PE1005_L02,PE1005,-18,False,6.4,5.7,6.9,,,6.6,C+,2.5,True,1.85,1.91,Pass
436,1381513,HK132_PE1005_L02,PE1005,-18,False,8.1,7.6,7.9,,,7.9,B,3.0,True,3.0,3.12,Pass
437,1380055,HK132_PE1005_L02,PE1005,-18,False,8.8,6.7,6.1,,,6.8,C+,2.5,True,2.47,2.32,Pass
438,1384566,HK132_PE1005_L02,PE1005,-18,False,7.6,6.6,7.4,,,7.3,B,3.0,True,3.26,3.35,Pass
439,1338233,HK132_PE1005_L02,PE1005,-18,False,6.6,7.0,7.0,,,6.9,C+,2.5,True,2.29,2.18,Pass
440,1363244,HK132_PE1005_L02,PE1005,-18,False,8.2,8.8,9.6,,,9.2,A,4.0,True,4.0,3.93,Pass
441,1362926,HK132_PE1005_L02,PE1005,-18,False,8.2,9.1,9.7,,,9.3,A,4.0,True,3.23,3.31,Pass
442,1311901,HK132_PE1005_L02,PE1005,-18,False,7.2,6.2,6.3,,,6.5,C+,2.5,True,2.47,2.39,Pass
443,1376092,HK132_PE1005_L02,PE1005,-18,False,6.2,5.6,5.0,,,5.4,D+,1.5,True,2.74,2.61,Pass
444,1379463,HK132_PE1005_L02,PE1005,-18,False,8.2,8.2,7.5,,,7.8,B,3.0,True,3.3,3.14,Pass
445,1347162,HK132_PE1005_L02,PE1005,-18,False,5.4,5.7,6.9,,,6.4,C+,2.5,True,2.09,2.09,Pass
446,1377413,HK132_PE1005_L02,PE1005,-18,False,5.2,6.0,5.6,,,5.6,C,2.0,True,1.33,1.43,Pass
447,1323017,HK132_PE1005_L02,PE1005,-18,False,6.8,5.9,7.0,,,6.7,C+,2.5,True,2.24,2.39,Pass
448,1319964,HK132_PE1005_L02,PE1005,-18,False,7.5,7.9,6.2,,,6.8,C+,2.5,True,3.13,2.98,Pass
449,1382379,HK132_PE1005_L02,PE1005,-18,False,6.6,7.6,6.2,,,6.6,C+,2.5,True,2.5,2.45,Pass
450,1317048,HK132_PE1005_L02,PE1005,-18,False,6.4,6.3,5.1,,,5.6,C,2.0,True,2.35,2.21,Pass
451,1336638,HK132_PE1005_L02,PE1005,-18,False,9.6,8.3,8.5,,,8.7,A,4.0,True,3.47,3.09,Pass
452,1351536,HK132_PE1005_L02,PE1005,-18,False,8.4,8.5,8.0,,,8.2,B+,3.5,True,3.2,3.43,Pass
453,1390579,HK132_PE1005_L02,PE1005,-18,False,5.9,5.8,7.2,,,6.7,C+,2.5,True,2.29,2.36,Pass
454,1395090,HK132_PE1005_L02,PE1005,-18,False,5.4,5.1,5.8,,,5.6,C,2.0,True,1.5,1.58,Pass
455,1357094,HK132_PE1005_L02,PE1005,-18,False,7.7,8.8,8.2,,,8.2,B+,3.5,True,3.47,3.45,Pass
456,1308711,HK132_PE1005_L02,PE1005,-18,False,7.9,7.2,7.2,,,7.3,B,3.0,True,3.47,3.61,Pass
457,1375226,HK132_PE1005_L02,PE1005,-18,False,9.3,6.9,7.3,,,7.6,B,3.0,True,2.59,2.53,Pass
458,1391445,HK132_PE1005_L02,PE1005,-18,False,7.7,7.7,7.3,,,7.5,B,3.0,True,2.35,2.38,Pass
459,1346115,HK132_PE1005_L02,PE1005,-18,False,6.9,5.5,5.0,,,5.5,C,2.0,True,2.5,2.39,Pass
460,1367618,HK132_PE1005_L02,PE1005,-18,False,6.3,5.4,5.6,,,5.7,C,2.0,True,2.82,2.64,Pass
461,1304474,HK132_PE1005_L02,PE1005,-18,False,6.1,5.7,6.6,,,6.3,C,2.0,True,1.71,1.55,Pass
462,1387663,HK132_PE1005_L02,PE1005,-18,False,7.4,7.1,8.1,,,7.8,B,3.0,True,3.13,3.14,Pass
463,1336046,HK132_PE1005_L02,PE1005,-18,False,8.5,9.8,9.0,,,9.1,A,4.0,True,3.72,3.67,Pass
464,1329896,HK132_PE1005_L02,PE1005,-18,False,7.0,8.5,9.7,,,8.9,A,4.0,True,3.8,3.83,Pass
465,1352994,HK132_PE1005_L02,PE1005,-18,False,6.9,5.3,6.2,,,6.2,C,2.0,True,2.59,2.36,Pass
466,1349486,HK132_PE1005_L02,PE1005,-18,False,8.5,8.7,7.3,,,7.8,B,3.0,True,3.59,3.59,Pass
467,1348757,HK132_PE1005_L02,PE1005,-18,False,5.2,6.5,4.4,,,5.0,D+,1.5,True,1.41,1.42,Pass
468,1381058,HK132_PE1005_L02,PE1005,-18,False,7.8,7.5,6.3,,,6.8,C+,2.5,True,3.13,3.14,Pass
469,1328301,HK132_PE1005_L02,PE1005,-18,False,5.5,5.4,6.1,,,5.8,C,2.0,True,1.59,1.74,Pass
470,1360147,HK132_PE1005_L02,PE1005,-18,False,7.3,8.5,7.8,,,7.8,B,3.0,True,3.27,3.1,Pass
471,1355910,HK132_PE1005_L02,PE1005,-18,False,4.7,7.9,7.2,,,6.8,C+,2.5,True,2.24,2.32,Pass
472,1342607,HK132_PE1005_L02,PE1005,-18,False,6.3,6.3,5.6,,,5.9,C,2.0,True,1.59,1.47,Pass
473,1366434,HK132_PE1005_L02,PE1005,-18,False,6.8,8.0,7.6,,,7.5,B,3.0,True,3.43,3.43,Pass
474,1358278,HK132_PE1005_L02,PE1005,-18,False,6.7,5.8,7.1,,,6.8,C+,2.5,True,2.09,2.29,Pass
475,1323746,HK132_PE1005_L03,PE1005,-18,False,6.3,7.5,6.3,,,6.5,C+,2.5,True,2.27,2.4,Pass
476,1358689,HK132_PE1005_L03,PE1005,-18,False,6.6,6.9,6.3,,,6.5,C+,2.5,True,2.12,2.35,Pass
477,1318643,HK132_PE1005_L03,PE1005,-18,False,7.3,6.9,7.3,,,7.2,B,3.0,True,2.32,2.33,Pass
478,1336912,HK132_PE1005_L03,PE1005,-18,False,6.3,6.4,6.9,,,6.7,C+,2.5,True,2.09,2.11,Pass
479,1359873,HK132_PE1005_L03,PE1005,-18,False,6.8,6.3,7.2,,,6.9,C+,2.5,True,2.53,2.33,Pass
480,1385158,HK132_PE1005_L03,PE1005,-18,False,8.5,9.5,7.9,,,8.3,B+,3.5,True,3.3,3.21,Pass
481,1371718,HK132_PE1005_L03,PE1005,-18,False,8.2,9.2,7.2,,,7.8,B,3.0,True,3.44,3.41,Pass
482,1338962,HK132_PE1005_L03,PE1005,-18,False,7.2,5.7,7.1,,,6.8,C+,2.5,True,2.26,2.35,Pass
483,1399190,HK132_PE1005_L03,PE1005,-18,False,7.4,6.0,6.8,,,6.8,C+,2.5,True,2.6,2.55,Pass
484,1333130,HK132_PE1005_L03,PE1005,-18,False,8.6,8.6,7.3,,,7.8,B,3.0,True,3.2,3.17,Pass
485,1339417,HK132_PE1005_L03,PE1005,-18,False,6.0,5.9,7.0,,,6.6,C+,2.5,True,2.53,2.4,Pass
486,1397003,HK132_PE1005_L03,PE1005,-18,False,7.7,7.1,6.3,,,6.7,C+,2.5,True,2.15,2.27,Pass
487,1377868,HK132_PE1005_L03,PE1005,-18,False,5.9,7.5,7.1,,,6.9,C+,2.5,True,2.47,2.39,Pass
488,1346570,HK132_PE1005_L03,PE1005,-18,False,5.9,6.4,6.1,,,6.1,C,2.0,True,1.44,1.44,Pass
489,1302424,HK132_PE1005_L03,PE1005,-18,False,4.7,6.2,6.5,,,6.1,C,2.0,True,1.79,1.83,Pass
490,1361468,HK132_PE1005_L03,PE1005,-18,False,5.9,6.9,6.7,,,6.6,C+,2.5,True,1.53,1.47,Pass
491,1364976,HK132_PE1005_L03,PE1005,-18,False,8.0,7.9,7.1,,,7.4,B,3.0,True,3.35,3.29,Pass
492,1309714,HK132_PE1005_L03,PE1005,-18,False,7.8,6.8,8.1,,,7.8,B,3.0,True,2.65,2.88,Pass
493,1369076,HK132_PE1005_L03,PE1005,-18,False,5.3,5.2,6.7,,,6.1,C,2.0,True,1.53,1.73,Pass
494,1322014,HK132_PE1005_L03,PE1005,-18,False,5.5,5.5,7.4,,,6.6,C+,2.5,True,2.41,2.58,Pass
495,1383700,HK132_PE1005_L03,PE1005,-18,False,9.2,8.7,7.4,,,8.0,B+,3.5,True,3.06,3.03,Pass
496,1395819,HK132_PE1005_L03,PE1005,-18,False,7.0,6.9,5.8,,,6.3,C,2.0,True,2.41,2.56,Pass
497,1359281,HK132_PE1005_L03,PE1005,-18,False,8.8,7.7,8.4,,,8.3,B+,3.5,True,3.77,3.57,Pass
498,1382971,HK132_PE1005_L03,PE1005,-18,False,7.4,7.5,8.3,,,8.0,B+,3.5,True,2.53,2.61,Pass
499,1376821,HK132_PE1005_L03,PE1005,-18,False,7.0,6.4,7.6,,,7.2,B,3.0,True,2.35,2.44,Pass
500,1373313,HK132_PE1005_L03,PE1005,-18,False,6.5,7.8,6.5,,,6.8,C+,2.5,True,2.93,2.72,Pass
501,1348028,HK132_PE1005_L03,PE1005,-18,False,6.6,5.4,7.0,,,6.6,C+,2.5,True,2.63,2.59,Pass
502,1338370,HK132_PE1005_L03,PE1005,-18,False,8.5,7.9,8.6,,,8.4,B+,3.5,True,3.89,3.83,Pass
503,1343336,HK132_PE1005_L03,PE1005,-18,False,5.7,5.9,6.8,,,6.4,C+,2.5,True,2.41,2.38,Pass
504,1311764,HK132_PE1005_L03,PE1005,-18,False,6.0,5.3,5.8,,,5.7,C,2.0,True,1.41,1.44,Pass
505,1380192,HK132_PE1005_L03,PE1005,-18,False,6.8,6.8,5.7,,,6.1,C,2.0,True,2.15,2.06,Pass
506,1301377,HK132_PE1005_L03,PE1005,-18,False,5.9,5.9,5.9,,,5.9,C,2.0,True,2.06,2.03,Pass
507,1344383,HK132_PE1005_L03,PE1005,-18,False,8.4,7.5,7.9,,,7.9,B,3.0,True,3.3,3.47,Pass
508,1369805,HK132_PE1005_L03,PE1005,-18,False,8.4,7.8,9.3,,,8.8,A,4.0,True,3.8,3.64,Pass
509,1345978,HK132_PE1005_L03,PE1005,-18,False,7.9,8.5,7.8,,,8.0,B+,3.5,True,3.53,3.76,Pass
510,1310306,HK132_PE1005_L03,PE1005,-18,False,9.9,9.2,10.0,,,9.8,A+,4.0,True,3.97,3.98,Pass
511,1303427,HK132_PE1005_L03,PE1005,-18,False,7.3,7.2,7.0,,,7.1,B,3.0,True,2.62,2.47,Pass
512,1316593,HK132_PE1005_L03,PE1005,-18,False,6.0,6.6,7.1,,,6.8,C+,2.5,True,2.32,2.21,Pass
513,1356365,HK132_PE1005_L03,PE1005,-18,False,7.6,7.2,8.1,,,7.8,B,3.0,True,3.23,3.19,Pass
514,1314680,HK132_PE1005_L03,PE1005,-18,False,7.6,9.2,7.8,,,8.0,B+,3.5,True,3.0,3.05,Pass
515,1397869,HK132_PE1005_L03,PE1005,-18,False,9.2,8.3,8.5,,,8.6,A,4.0,True,4.0,4.0,Pass
516,1308393,HK132_PE1005_L03,PE1005,-18,False,8.0,8.7,8.3,,,8.3,B+,3.5,True,3.97,3.98,Pass
517,1361331,HK132_PE1005_L03,PE1005,-18,False,7.8,8.5,8.3,,,8.2,B+,3.5,True,3.18,3.3,Pass
518,1371581,HK132_PE1005_L03,PE1005,-18,False,7.1,5.7,5.6,,,5.9,C,2.0,True,2.68,2.64,Pass
519,1393358,HK132_PE1005_L03,PE1005,-18,False,6.8,6.7,6.5,,,6.6,C+,2.5,True,2.37,2.36,Pass
520,1323335,HK132_PE1005_L03,PE1005,-18,False,3.0,3.5,2.7,,,2.9,F,0.0,False,0.18,1.0,Fail
521,1368210,HK132_PE1005_L03,PE1005,-18,False,9.6,9.6,9.4,,,9.5,A+,4.0,True,4.0,4.0,Pass
522,1360010,HK132_PE1005_L03,PE1005,-18,False,8.2,5.8,5.5,,,6.1,C,2.0,True,1.79,1.65,Pass
523,1389121,HK132_PE1005_L03,PE1005,-18,False,7.4,8.7,7.3,,,7.6,B,3.0,True,3.26,3.26,Pass
524,1317914,HK132_PE1005_L03,PE1005,-18,False,6.0,8.2,6.0,,,6.4,C+,2.5,True,2.65,2.67,Pass
525,1345704,HK132_PE1005_L03,PE1005,-18,False,5.3,6.9,7.0,,,6.6,C+,2.5,True,1.93,1.86,Pass
526,1399645,HK132_PE1005_L03,PE1005,-18,False,5.8,4.4,4.6,,,4.8,D,1.0,True,1.79,1.67,Pass
527,1385295,HK132_PE1005_L03,PE1005,-18,False,4.4,5.4,4.0,,,4.4,D,1.0,True,1.6,1.41,Pass
528,1398324,HK132_PE1005_L03,PE1005,-18,False,5.5,7.6,6.0,,,6.2,C,2.0,True,2.41,2.44,Pass
529,1364110,HK132_PE1005_L03,PE1005,-18,False,8.4,7.7,10.0,,,9.2,A,4.0,True,3.07,3.21,Pass
530,1352265,HK132_PE1005_L03,PE1005,-18,False,7.6,6.7,7.2,,,7.2,B,3.0,True,3.23,3.12,Pass
531,1347436,HK132_PE1005_L03,PE1005,-18,False,6.2,6.8,5.9,,,6.1,C,2.0,True,2.35,2.48,Pass
532,1369942,HK132_PE1005_L03,PE1005,-18,False,7.1,7.3,4.9,,,5.8,C,2.0,True,2.18,2.21,Pass
533,1357823,HK132_PE1005_L03,PE1005,-18,False,6.4,7.6,5.6,,,6.2,C,2.0,True,2.15,2.05,Pass
534,1355044,HK132_PE1005_L03,PE1005,-18,False,8.3,8.0,8.2,,,8.2,B+,3.5,True,3.27,3.21,Pass
535,1300374,HK132_PE1005_L03,PE1005,-18,False,6.1,5.7,6.6,,,6.3,C,2.0,True,1.47,1.58,Pass
536,1336183,HK132_PE1005_L03,PE1005,-18,False,7.5,7.3,6.6,,,6.9,C+,2.5,True,2.79,2.83,Pass
537,1341012,HK132_PE1005_L03,PE1005,-18,False,5.9,5.3,4.2,,,4.8,D,1.0,True,1.53,1.52,Pass
538,1332675,HK132_PE1005_L03,PE1005,-18,False,7.4,8.3,7.9,,,7.9,B,3.0,True,3.2,3.24,Pass
539,1324930,HK132_PE1005_L03,PE1005,-18,False,3.3,3.5,3.9,,,3.7,F,0.0,False,0.7,1.0,Fail
540,1361923,HK132_PE1005_L03,PE1005,-18,False,8.0,8.4,8.0,,,8.1,B+,3.5,True,3.4,3.34,Pass
541,1348620,HK132_PE1005_L03,PE1005,-18,False,8.3,9.7,8.9,,,8.9,A,4.0,True,4.0,4.0,Pass
542,1382242,HK132_PE1005_L03,PE1005,-18,False,7.4,7.8,7.2,,,7.4,B,3.0,True,3.63,3.53,Pass
543,1310443,HK132_PE1005_L03,PE1005,-18,False,8.2,8.9,8.9,,,8.8,A,4.0,True,4.0,3.9,Pass
544,1373905,HK132_PE1005_L03,PE1005,-18,False,5.9,5.3,6.0,,,5.8,C,2.0,True,2.44,2.23,Pass
545,1301103,HK132_PE1005_L03,PE1005,-18,False,5.1,4.3,5.8,,,5.4,D+,1.5,True,1.44,1.38,Pass
546,1329030,HK132_PE1005_L03,PE1005,-18,False,5.9,7.4,5.9,,,6.2,C,2.0,True,2.15,2.26,Pass
547,1325659,HK132_PE1005_L03,PE1005,-18,False,8.0,8.8,7.4,,,7.8,B,3.0,True,3.47,3.29,Pass
548,1373768,HK132_PE1005_L03,PE1005,-18,False,8.5,7.2,9.1,,,8.6,A,4.0,True,3.44,3.44,Pass
549,1326251,HK132_PE1005_L03,PE1005,-18,False,7.0,6.7,6.7,,,6.8,C+,2.5,True,2.41,2.52,Pass
550,1312356,HK132_PE1005_L03,PE1005,-18,False,4.6,6.2,7.2,,,6.5,C+,2.5,True,2.76,2.8,Pass
551,1394816,HK132_PE1005_L03,PE1005,-18,False,6.2,6.4,5.9,,,6.1,C,2.0,True,2.35,2.3,Pass
552,1331946,HK132_PE1005_L03,PE1005,-18,False,7.3,8.1,8.4,,,8.1,B+,3.5,True,3.4,3.29,Pass
553,1385613,HK132_PE1005_L03,PE1005,-18,False,6.2,6.6,7.2,,,6.9,C+,2.5,True,2.47,2.45,Pass
554,1314543,HK132_PE1005_L03,PE1005,-18,False,4.5,6.4,4.9,,,5.1,D+,1.5,True,1.7,1.52,Pass
555,1324338,HK132_PE1005_L03,PE1005,-18,False,5.6,6.2,5.7,,,5.8,C,2.0,True,1.97,2.07,Pass
556,1322288,HK132_PE1005_L03,PE1005,-18,False,6.3,5.1,8.5,,,7.4,B,3.0,True,2.38,2.2,Pass
557,1353131,HK132_PE1005_L03,PE1005,-18,False,8.1,6.3,8.3,,,7.9,B,3.0,True,3.09,3.36,Pass
558,1394087,HK132_PE1005_L03,PE1005,-18,False,5.7,4.5,6.8,,,6.1,C,2.0,True,2.47,2.58,Pass
559,1311172,HK132_PE1005_L03,PE1005,-18,False,5.1,6.5,4.8,,,5.2,D+,1.5,True,1.68,1.62,Pass
560,1314406,HK132_PE1005_L03,PE1005,-18,False,7.2,7.6,6.3,,,6.7,C+,2.5,True,2.38,2.33,Pass
561,1394361,HK132_PE1005_L03,PE1005,-18,False,8.0,8.0,7.6,,,7.8,B,3.0,True,3.33,3.34,Pass
562,1394679,HK132_PE1005_L03,PE1005,-18,False,5.2,5.5,6.8,,,6.2,C,2.0,True,1.47,1.61,Pass
563,1360602,HK132_PE1005_L03,PE1005,-18,False,5.0,3.3,3.0,,,3.5,F,0.0,False,0.27,1.25,Fail
564,1398187,HK132_PE1005_L03,PE1005,-18,False,6.4,5.4,6.0,,,6.0,C,2.0,True,2.83,2.78,Pass
565,1339828,HK132_PE1005_L03,PE1005,-18,False,8.5,9.4,8.3,,,8.6,A,4.0,True,3.17,3.38,Pass
566,1339691,HK132_PE1005_L03,PE1005,-18,False,8.2,8.3,8.0,,,8.1,B+,3.5,True,3.03,3.12,Pass
567,1346844,HK132_PE1005_L03,PE1005,-18,False,7.5,7.2,7.0,,,7.1,B,3.0,True,2.74,2.79,Pass
568,1361786,HK132_PE1005_L03,PE1005,-18,False,7.1,6.8,7.1,,,7.0,B,3.0,True,3.09,3.14,Pass
569,1391171,HK132_PE1005_L03,PE1005,-18,False,8.9,7.2,8.3,,,8.2,B+,3.5,True,3.73,3.33,Pass
570,1384884,HK132_PE1005_L03,PE1005,-18,False,8.0,7.9,8.5,,,8.3,B+,3.5,True,3.2,3.24,Pass
571,1311035,HK132_PE1005_L03,PE1005,-18,False,10.0,7.5,8.7,,,8.7,A,4.0,True,3.37,3.29,Pass
572,1399919,HK132_PE1005_L03,PE1005,-18,False,7.8,7.5,7.6,,,7.6,B,3.0,True,3.33,3.38,Pass
573,1324064,HK132_PE1005_L03,PE1005,-18,False,7.0,6.0,6.0,,,6.2,C,2.0,True,2.41,2.45,Pass
574,1360739,HK132_PE1005_L03,PE1005,-18,False,7.9,8.7,7.3,,,7.7,B,3.0,True,3.13,3.34,Pass
575,1332812,HK132_PE1005_L04,PE1005,-18,False,5.4,6.4,4.9,,,5.3,D+,1.5,True,0.76,1.33,Pass
576,1388392,HK132_PE1005_L04,PE1005,-18,False,2.9,4.4,5.4,,,4.7,D,1.0,True,0.3,1.0,Pass
577,1355181,HK132_PE1005_L04,PE1005,-18,False,7.8,6.9,9.6,,,8.7,A,4.0,True,3.3,3.09,Pass
578,1366297,HK132_PE1005_L04,PE1005,-18,False,5.2,5.3,5.1,,,5.2,D+,1.5,True,1.94,2.05,Pass
579,1352402,HK132_PE1005_L04,PE1005,-18,False,8.7,7.6,7.9,,,8.0,B+,3.5,True,3.23,3.19,Pass
580,1326525,HK132_PE1005_L04,PE1005,-18,False,9.3,9.9,9.9,,,9.8,A+,4.0,True,4.0,3.94,Pass
581,1375955,HK132_PE1005_L04,PE1005,-18,False,6.7,6.9,6.5,,,6.6,C+,2.5,True,2.24,2.03,Pass
582,1341149,HK132_PE1005_L04,PE1005,-18,False,6.2,5.6,4.9,,,5.3,D+,1.5,True,1.5,1.61,Pass
583,1390716,HK132_PE1005_L04,PE1005,-18,False,5.9,5.7,5.8,,,5.8,C,2.0,True,1.62,1.65,Pass
584,1330488,HK132_PE1005_L04,PE1005,-18,False,8.1,8.9,7.5,,,7.9,B,3.0,True,3.1,3.22,Pass
585,1300237,HK132_PE1005_L04,PE1005,-18,False,8.3,9.2,8.2,,,8.4,B+,3.5,True,3.6,3.53,Pass
586,1379600,HK132_PE1005_L04,PE1005,-18,False,3.8,4.7,4.0,,,4.1,D,1.0,True,1.47,1.52,Pass
587,1385750,HK132_PE1005_L04,PE1005,-18,False,5.1,7.4,6.8,,,6.6,C+,2.5,True,2.35,2.36,Pass
588,1304156,HK132_PE1005_L04,PE1005,-18,False,3.0,4.4,2.8,,,3.2,F,0.0,False,0.18,1.0,Fail
589,1389850,HK132_PE1005_L04,PE1005,-18,False,6.7,4.9,5.2,,,5.4,D+,1.5,True,1.53,1.58,Pass
590,1368484,HK132_PE1005_L04,PE1005,-18,False,4.2,5.6,5.9,,,5.5,C,2.0,True,1.68,1.67,Pass
591,1327572,HK132_PE1005_L04,PE1005,-18,False,7.5,7.3,7.4,,,7.4,B,3.0,True,2.97,2.98,Pass
592,1341878,HK132_PE1005_L04,PE1005,-18,False,7.4,6.6,6.4,,,6.6,C+,2.5,True,2.85,2.82,Pass
593,1328438,HK132_PE1005_L04,PE1005,-18,False,8.7,8.1,8.5,,,8.5,A,4.0,True,2.65,2.79,Pass
594,1380784,HK132_PE1005_L04,PE1005,-18,False,7.0,6.7,5.5,,,6.0,C,2.0,True,2.21,2.2,Pass
595,1321422,HK132_PE1005_L04,PE1005,-18,False,7.8,6.9,7.7,,,7.6,B,3.0,True,3.0,3.0,Pass
596,1337778,HK132_PE1005_L04,PE1005,-18,False,4.6,6.2,6.0,,,5.8,C,2.0,True,1.65,1.67,Pass
597,1395545,HK132_PE1005_L04,PE1005,-18,False,3.8,3.6,5.5,,,4.8,D,1.0,True,0.64,1.0,Pass
598,1387800,HK132_PE1005_L04,PE1005,-18,False,6.0,5.7,7.2,,,6.7,C+,2.5,True,2.29,2.24,Pass
599,1335591,HK132_PE1005_L04,PE1005,-18,False,5.3,6.5,6.2,,,6.1,C,2.0,True,2.18,2.21,Pass
600,1381376,HK132_PE1005_L04,PE1005,-18,False,8.4,7.5,8.0,,,8.0,B+,3.5,True,3.23,3.31,Pass
601,1377276,HK132_PE1005_L04,PE1005,-18,False,6.8,7.5,6.3,,,6.6,C+,2.5,True,1.88,1.92,Pass
602,1340283,HK132_PE1005_L04,PE1005,-18,False,8.9,6.1,6.1,,,6.7,C+,2.5,True,2.41,2.45,Pass
603,1388074,HK132_PE1005_L04,PE1005,-18,False,7.4,7.3,5.8,,,6.4,C+,2.5,True,2.18,2.26,Pass
604,1327983,HK132_PE1005_L04,PE1005,-18,False,7.2,8.3,7.6,,,7.7,B,3.0,True,3.1,3.05,Pass
605,1313951,HK132_PE1005_L04,PE1005,-18,False,10.0,8.5,7.9,,,8.4,B+,3.5,True,3.33,3.29,Pass
606,1387208,HK132_PE1005_L04,PE1005,-18,False,8.4,7.5,8.2,,,8.1,B+,3.5,True,3.1,3.1,Pass
607,1334588,HK132_PE1005_L04,PE1005,-18,False,6.0,7.7,6.7,,,6.8,C+,2.5,True,2.44,2.48,Pass
608,1382834,HK132_PE1005_L04,PE1005,-18,False,6.9,6.0,6.8,,,6.7,C+,2.5,True,2.4,2.43,Pass
609,1390853,HK132_PE1005_L04,PE1005,-18,False,7.5,7.6,9.0,,,8.4,B+,3.5,True,3.27,3.19,Pass
610,1326114,HK132_PE1005_L04,PE1005,-18,False,6.5,6.0,8.3,,,7.5,B,3.0,True,2.37,2.31,Pass
611,1316456,HK132_PE1005_L04,PE1005,-18,False,5.2,5.0,4.4,,,4.7,D,1.0,True,1.5,1.65,Pass
612,1384429,HK132_PE1005_L04,PE1005,-18,False,6.2,6.8,6.8,,,6.7,C+,2.5,True,2.32,2.33,Pass
613,1378005,HK132_PE1005_L04,PE1005,-18,False,7.2,7.8,7.2,,,7.3,B,3.0,True,2.93,2.9,Pass
614,1389987,HK132_PE1005_L04,PE1005,-18,False,8.6,9.7,9.0,,,9.1,A,4.0,True,3.97,3.98,Pass
615,1352857,HK132_PE1005_L04,PE1005,-18,False,8.6,10.0,9.2,,,9.2,A,4.0,True,3.97,3.98,Pass
616,1324793,HK132_PE1005_L04,PE1005,-18,False,8.1,7.9,9.5,,,8.9,A,4.0,True,4.0,4.0,Pass
617,1315272,HK132_PE1005_L04,PE1005,-18,False,6.0,6.3,6.3,,,6.2,C,2.0,True,2.12,2.18,Pass
618,1359007,HK132_PE1005_L04,PE1005,-18,False,7.1,6.3,6.3,,,6.5,C+,2.5,True,2.41,2.36,Pass
619,1307253,HK132_PE1005_L04,PE1005,-18,False,8.2,7.4,8.8,,,8.4,B+,3.5,True,3.37,3.26,Pass
620,1305932,HK132_PE1005_L04,PE1005,-18,False,7.9,8.0,7.7,,,7.8,B,3.0,True,3.26,3.11,Pass
621,1312219,HK132_PE1005_L04,PE1005,-18,False,10.0,9.1,9.4,,,9.5,A+,4.0,True,4.0,4.0,Pass
622,1356957,HK132_PE1005_L04,PE1005,-18,False,6.0,5.0,5.1,,,5.3,D+,1.5,True,1.32,1.72,Pass
623,1396137,HK132_PE1005_L04,PE1005,-18,False,7.5,8.4,6.3,,,7.0,B,3.0,True,3.53,3.41,Pass
624,1348165,HK132_PE1005_L04,PE1005,-18,False,5.1,5.4,6.3,,,5.9,C,2.0,True,1.74,1.76,Pass
625,1341604,HK132_PE1005_L04,PE1005,-18,False,8.0,7.4,8.4,,,8.1,B+,3.5,True,2.9,2.95,Pass
626,1350352,HK132_PE1005_L04,PE1005,-18,False,7.4,7.4,10.0,,,9.0,A,4.0,True,3.33,3.17,Pass
627,1366023,HK132_PE1005_L04,PE1005,-18,False,5.4,5.9,6.2,,,6.0,C,2.0,True,2.77,2.71,Pass
628,1381787,HK132_PE1005_L04,PE1005,-18,False,9.1,9.3,8.4,,,8.7,A,4.0,True,3.67,3.7,Pass
629,1370260,HK132_PE1005_L04,PE1005,-18,False,6.9,7.0,6.7,,,6.8,C+,2.5,True,2.12,2.0,Pass
630,1356639,HK132_PE1005_L04,PE1005,-18,False,3.7,6.7,7.0,,,6.3,C,2.0,True,2.03,2.08,Pass
631,1399053,HK132_PE1005_L04,PE1005,-18,False,6.5,6.1,5.7,,,5.9,C,2.0,True,2.3,2.34,Pass
632,1331217,HK132_PE1005_L04,PE1005,-18,False,5.7,5.6,5.9,,,5.8,C,2.0,True,1.53,1.62,Pass
633,1310898,HK132_PE1005_L04,PE1005,-18,False,4.8,7.7,5.2,,,5.6,C,2.0,True,2.24,2.42,Pass
634,1342196,HK132_PE1005_L04,PE1005,-18,False,7.3,8.2,7.3,,,7.5,B,3.0,True,3.18,3.12,Pass
635,1361194,HK132_PE1005_L04,PE1005,-18,False,6.9,8.4,7.1,,,7.3,B,3.0,True,2.93,3.02,Pass
636,1326388,HK132_PE1005_L04,PE1005,-18,False,8.7,9.0,9.7,,,9.4,A,4.0,True,3.77,3.83,Pass
637,1368802,HK132_PE1005_L04,PE1005,-18,False,7.5,6.8,7.5,,,7.4,B,3.0,True,2.88,2.91,Pass
638,1383837,HK132_PE1005_L04,PE1005,-18,False,5.5,6.4,5.6,,,5.7,C,2.0,True,1.79,1.73,Pass
639,1370989,HK132_PE1005_L04,PE1005,-18,False,7.6,8.3,6.5,,,7.1,B,3.0,True,2.53,2.5,Pass
640,1326843,HK132_PE1005_L04,PE1005,-18,False,5.8,6.1,5.4,,,5.6,C,2.0,True,2.15,2.15,Pass
641,1367026,HK132_PE1005_L04,PE1005,-18,False,8.4,9.5,8.7,,,8.8,A,4.0,True,3.6,3.72,Pass
642,1366752,HK132_PE1005_L04,PE1005,-18,False,6.8,7.1,7.6,,,7.3,B,3.0,True,2.15,2.17,Pass
643,1363381,HK132_PE1005_L04,PE1005,-18,False,8.1,8.3,7.4,,,7.7,B,3.0,True,3.0,3.12,Pass
644,1398916,HK132_PE1005_L04,PE1005,-18,False,7.6,8.3,7.0,,,7.4,B,3.0,True,3.2,3.17,Pass
645,1304019,HK132_PE1005_L04,PE1005,-18,False,8.8,9.1,9.6,,,9.3,A,4.0,True,3.97,3.98,Pass
646,1366889,HK132_PE1005_L04,PE1005,-18,False,7.3,6.6,7.7,,,7.4,B,3.0,True,2.68,2.58,Pass
647,1317777,HK132_PE1005_L04,PE1005,-18,False,6.9,7.0,6.9,,,6.9,C+,2.5,True,2.8,2.9,Pass
648,1385021,HK132_PE1005_L04,PE1005,-18,False,6.0,7.2,4.7,,,5.5,C,2.0,True,2.35,2.24,Pass
649,1328575,HK132_PE1005_L04,PE1005,-18,False,5.9,7.3,5.4,,,5.9,C,2.0,True,2.57,2.55,Pass
650,1322880,HK132_PE1005_L04,PE1005,-18,False,7.4,5.9,6.5,,,6.6,C+,2.5,True,1.85,1.83,Pass
651,1307390,HK132_PE1005_L04,PE1005,-18,False,6.9,7.5,8.1,,,7.7,B,3.0,True,3.0,3.0,Pass
652,1327846,HK132_PE1005_L04,PE1005,-18,False,6.4,7.3,6.7,,,6.8,C+,2.5,True,2.5,2.64,Pass
653,1392766,HK132_PE1005_L04,PE1005,-18,False,6.3,6.1,6.2,,,6.2,C,2.0,True,2.74,2.62,Pass
654,1396411,HK132_PE1005_L04,PE1005,-18,False,9.1,6.5,7.6,,,7.7,B,3.0,True,3.0,3.2,Pass
655,1376229,HK132_PE1005_L04,PE1005,-18,False,8.3,8.3,9.1,,,8.8,A,4.0,True,3.26,3.35,Pass
656,1371263,HK132_PE1005_L04,PE1005,-18,False,4.9,4.4,4.2,,,4.4,D,1.0,True,1.5,1.53,Pass
657,1315864,HK132_PE1005_L04,PE1005,-18,False,6.3,5.9,6.6,,,6.4,C+,2.5,True,2.26,2.17,Pass
658,1368939,HK132_PE1005_L04,PE1005,-18,False,6.1,6.6,7.1,,,6.8,C+,2.5,True,2.0,2.27,Pass
659,1382516,HK132_PE1005_L04,PE1005,-18,False,10.0,8.8,8.1,,,8.6,A,4.0,True,3.92,3.95,Pass
660,1317459,HK132_PE1005_L04,PE1005,-18,False,8.6,7.6,7.7,,,7.9,B,3.0,True,3.2,3.17,Pass
661,1330762,HK132_PE1005_L04,PE1005,-18,False,8.2,7.7,8.1,,,8.0,B+,3.5,True,3.23,3.16,Pass
662,1372447,HK132_PE1005_L04,PE1005,-18,False,7.3,6.8,8.2,,,7.7,B,3.0,True,3.0,3.0,Pass
663,1306935,HK132_PE1005_L04,PE1005,-18,False,7.5,6.6,6.3,,,6.6,C+,2.5,True,2.29,2.26,Pass
664,1387937,HK132_PE1005_L04,PE1005,-18,False,8.8,6.8,7.8,,,7.8,B,3.0,True,3.07,3.1,Pass
665,1394953,HK132_PE1005_L04,PE1005,-18,False,7.7,5.3,6.4,,,6.4,C+,2.5,True,2.24,2.3,Pass
666,1331080,HK132_PE1005_L04,PE1005,-18,False,6.7,7.6,8.3,,,7.8,B,3.0,True,3.1,3.38,Pass
667,1384292,HK132_PE1005_L04,PE1005,-18,False,5.6,7.2,7.0,,,6.8,C+,2.5,True,2.12,2.42,Pass
668,1348894,HK132_PE1005_L04,PE1005,-18,False,5.1,5.9,7.0,,,6.4,C+,2.5,True,2.13,2.0,Pass
669,1350215,HK132_PE1005_L04,PE1005,-18,False,6.1,6.6,6.5,,,6.4,C+,2.5,True,2.24,2.15,Pass
670,1339099,HK132_PE1005_L04,PE1005,-18,False,7.5,9.5,7.3,,,7.8,B,3.0,True,2.97,3.02,Pass
671,1326980,HK132_PE1005_L04,PE1005,-18,False,6.3,6.4,6.2,,,6.3,C,2.0,True,2.74,2.59,Pass
672,1321285,HK132_PE1005_L04,PE1005,-18,False,8.0,8.6,10.0,,,9.3,A,4.0,True,3.5,3.48,Pass
673,1343791,HK132_PE1005_L04,PE1005,-18,False,5.8,5.3,6.5,,,6.1,C,2.0,True,1.87,2.27,Pass
674,1320101,HK132_PE1005_L05,PE1005,-18,False,8.4,8.5,8.7,,,8.6,A,4.0,True,3.17,3.02,Pass
675,1381650,HK132_PE1005_L05,PE1005,-18,False,5.8,5.8,7.1,,,6.6,C+,2.5,True,2.06,2.17,Pass
676,1317322,HK132_PE1005_L05,PE1005,-18,False,6.5,6.3,6.1,,,6.2,C,2.0,True,2.44,2.38,Pass
677,1337367,HK132_PE1005_L05,PE1005,-18,False,5.6,5.6,5.0,,,5.2,D+,1.5,True,1.2,1.59,Pass
678,1344520,HK132_PE1005_L05,PE1005,-18,False,6.3,6.5,6.1,,,6.2,C,2.0,True,2.56,2.65,Pass
679,1372721,HK132_PE1005_L05,PE1005,-18,False,7.5,8.0,7.9,,,7.8,B,3.0,True,2.93,2.9,Pass
680,1384155,HK132_PE1005_L05,PE1005,-18,False,5.0,5.8,5.9,,,5.7,C,2.0,True,1.26,1.63,Pass
681,1342925,HK132_PE1005_L05,PE1005,-18,False,7.8,6.5,5.4,,,6.1,C,2.0,True,1.97,2.14,Pass
682,1375818,HK132_PE1005_L05,PE1005,-18,False,7.7,7.8,7.7,,,7.7,B,3.0,True,3.03,3.09,Pass
683,1366160,HK132_PE1005_L05,PE1005,-18,False,6.3,4.4,6.2,,,5.9,C,2.0,True,2.38,2.2,Pass
684,1307982,HK132_PE1005_L05,PE1005,-18,False,7.4,7.0,7.8,,,7.6,B,3.0,True,3.07,2.91,Pass
685,1345841,HK132_PE1005_L05,PE1005,-18,False,3.3,2.3,5.0,,,4.1,D,1.0,True,0.0,1.0,Pass
686,1329304,HK132_PE1005_L05,PE1005,-18,False,7.6,8.1,7.0,,,7.3,B,3.0,True,3.2,3.24,Pass
687,1364839,HK132_PE1005_L05,PE1005,-18,False,6.9,5.1,6.4,,,6.2,C,2.0,True,2.24,2.06,Pass
688,1303882,HK132_PE1005_L05,PE1005,-18,False,8.2,8.2,7.1,,,7.5,B,3.0,True,3.41,3.45,Pass
689,1319827,HK132_PE1005_L05,PE1005,-18,False,6.3,5.5,6.9,,,6.5,C+,2.5,True,2.44,2.33,Pass
690,1360465,HK132_PE1005_L05,PE1005,-18,False,6.5,7.0,6.7,,,6.7,C+,2.5,True,2.15,2.35,Pass
691,1375089,HK132_PE1005_L05,PE1005,-18,False,6.0,6.1,6.8,,,6.5,C+,2.5,True,2.17,2.1,Pass
692,1377550,HK132_PE1005_L05,PE1005,-18,False,4.9,5.6,5.2,,,5.2,D+,1.5,True,1.65,1.48,Pass
693,1374497,HK132_PE1005_L05,PE1005,-18,False,7.3,7.2,7.5,,,7.4,B,3.0,True,3.0,3.0,Pass
694,1336320,HK132_PE1005_L05,PE1005,-18,False,6.9,6.2,7.1,,,6.9,C+,2.5,True,2.09,2.17,Pass
695,1370534,HK132_PE1005_L05,PE1005,-18,False,5.9,7.7,6.9,,,6.9,C+,2.5,True,2.32,2.39,Pass
696,1343928,HK132_PE1005_L05,PE1005,-18,False,9.1,9.1,10.0,,,9.6,A+,4.0,True,4.0,4.0,Pass
697,1386342,HK132_PE1005_L05,PE1005,-18,False,8.3,8.0,6.6,,,7.2,B,3.0,True,3.59,3.53,Pass
698,1332538,HK132_PE1005_L05,PE1005,-18,False,8.4,8.1,8.7,,,8.5,A,4.0,True,3.83,3.5,Pass
699,1372310,HK132_PE1005_L05,PE1005,-18,False,5.5,3.0,6.1,,,5.4,D+,1.5,True,1.87,1.74,Pass
700,1313814,HK132_PE1005_L05,PE1005,-18,False,8.7,8.5,7.2,,,7.8,B,3.0,True,3.15,3.08,Pass
701,1308119,HK132_PE1005_L05,PE1005,-18,False,8.5,8.0,9.1,,,8.8,A,4.0,True,3.5,3.5,Pass
702,1302106,HK132_PE1005_L05,PE1005,-18,False,7.8,7.7,5.4,,,6.3,C,2.0,True,2.76,2.55,Pass
703,1318506,HK132_PE1005_L05,PE1005,-18,False,6.3,5.8,6.0,,,6.0,C,2.0,True,1.65,1.82,Pass
704,1309577,HK132_PE1005_L05,PE1005,-18,False,5.8,6.0,5.9,,,5.9,C,2.0,True,2.38,2.35,Pass
705,1374634,HK132_PE1005_L05,PE1005,-18,False,6.7,5.7,5.0,,,5.5,C,2.0,True,1.47,1.64,Pass
706,1314269,HK132_PE1005_L05,PE1005,-18,False,8.0,9.3,9.5,,,9.2,A,4.0,True,3.97,3.71,Pass
707,1369213,HK132_PE1005_L05,PE1005,-18,False,8.0,6.7,8.2,,,7.9,B,3.0,True,3.7,3.6,Pass
708,1392174,HK132_PE1005_L05,PE1005,-18,False,9.0,8.9,8.7,,,8.8,A,4.0,True,3.97,3.88,Pass
709,1371855,HK132_PE1005_L05,PE1005,-18,False,5.2,4.7,4.7,,,4.8,D,1.0,True,1.59,1.39,Pass
710,1359144,HK132_PE1005_L05,PE1005,-18,False,9.7,8.6,8.8,,,8.9,A,4.0,True,4.0,4.0,Pass
711,1327254,HK132_PE1005_L05,PE1005,-18,False,7.5,6.7,6.3,,,6.6,C+,2.5,True,2.35,2.14,Pass
712,1364702,HK132_PE1005_L05,PE1005,-18,False,6.2,5.1,6.2,,,6.0,C,2.0,True,1.68,1.85,Pass
713,1353723,HK132_PE1005_L05,PE1005,-18,False,3.3,3.4,4.5,,,4.0,D,1.0,True,0.7,1.16,Pass
714,1301695,HK132_PE1005_L05,PE1005,-18,False,8.0,7.9,8.0,,,8.0,B+,3.5,True,3.0,3.26,Pass
715,1357960,HK132_PE1005_L05,PE1005,-18,False,6.1,4.9,4.8,,,5.1,D+,1.5,True,1.44,1.62,Pass
716,1375500,HK132_PE1005_L05,PE1005,-18,False,6.4,5.5,6.5,,,6.3,C,2.0,True,2.68,2.68,Pass
717,1364247,HK132_PE1005_L05,PE1005,-18,False,7.2,6.1,6.8,,,6.7,C+,2.5,True,2.5,2.32,Pass
718,1339554,HK132_PE1005_L05,PE1005,-18,False,8.1,8.7,8.9,,,8.7,A,4.0,True,3.37,3.43,Pass
719,1380921,HK132_PE1005_L05,PE1005,-18,False,9.4,9.8,9.2,,,9.4,A,4.0,True,4.0,4.0,Pass
720,1385887,HK132_PE1005_L05,PE1005,-18,False,8.0,8.1,8.1,,,8.1,B+,3.5,True,3.6,3.52,Pass
721,1396274,HK132_PE1005_L05,PE1005,-18,False,6.0,7.1,6.6,,,6.6,C+,2.5,True,2.62,2.32,Pass
722,1335317,HK132_PE1005_L05,PE1005,-18,False,6.2,6.0,6.5,,,6.3,C,2.0,True,2.24,2.08,Pass
723,1333404,HK132_PE1005_L05,PE1005,-18,False,6.2,5.8,6.4,,,6.2,C,2.0,True,2.44,2.42,Pass
724,1334725,HK132_PE1005_L05,PE1005,-18,False,9.2,8.6,9.7,,,9.4,A,4.0,True,3.97,3.98,Pass
725,1388803,HK132_PE1005_L05,PE1005,-18,False,6.3,5.3,4.6,,,5.1,D+,1.5,True,2.35,2.33,Pass
726,1337504,HK132_PE1005_L05,PE1005,-18,False,5.6,6.6,6.5,,,6.3,C,2.0,True,1.88,1.91,Pass
727,1308985,HK132_PE1005_L05,PE1005,-18,False,7.2,7.6,8.8,,,8.2,B+,3.5,True,3.15,3.02,Pass
728,1378279,HK132_PE1005_L05,PE1005,-18,False,6.7,6.6,6.3,,,6.4,C+,2.5,True,2.35,2.08,Pass
729,1317185,HK132_PE1005_L05,PE1005,-18,False,6.8,5.8,6.0,,,6.1,C,2.0,True,2.26,2.29,Pass
730,1349623,HK132_PE1005_L05,PE1005,-18,False,6.3,8.0,7.6,,,7.4,B,3.0,True,2.65,2.65,Pass
731,1306661,HK132_PE1005_L05,PE1005,-18,False,8.9,6.9,8.9,,,8.5,A,4.0,True,3.13,3.26,Pass
732,1322151,HK132_PE1005_L05,PE1005,-18,False,7.3,7.0,7.1,,,7.1,B,3.0,True,2.12,2.11,Pass
733,1382105,HK132_PE1005_L05,PE1005,-18,False,8.1,8.7,6.9,,,7.5,B,3.0,True,3.0,3.12,Pass
734,1329622,HK132_PE1005_L05,PE1005,-18,False,5.1,4.9,6.3,,,5.8,C,2.0,True,1.85,1.74,Pass
735,1315727,HK132_PE1005_L05,PE1005,-18,False,7.0,6.6,6.3,,,6.5,C+,2.5,True,2.15,2.27,Pass
736,1378597,HK132_PE1005_L05,PE1005,-18,False,5.2,6.3,7.5,,,6.8,C+,2.5,True,2.3,2.05,Pass
737,1349349,HK132_PE1005_L05,PE1005,-18,False,5.8,5.1,6.5,,,6.1,C,2.0,True,1.62,1.68,Pass
738,1316730,HK132_PE1005_L05,PE1005,-18,False,8.4,8.9,9.9,,,9.4,A,4.0,True,4.0,3.83,Pass
739,1350078,HK132_PE1005_L05,PE1005,-18,False,5.0,6.5,5.7,,,5.7,C,2.0,True,1.82,1.92,Pass
740,1350807,HK132_PE1005_L05,PE1005,-18,False,3.6,3.9,3.6,,,3.7,F,0.0,False,0.19,1.0,Fail
741,1329759,HK132_PE1005_L05,PE1005,-18,False,7.0,7.0,7.0,,,7.0,B,3.0,True,2.41,2.55,Pass
742,1369668,HK132_PE1005_L05,PE1005,-18,False,5.6,5.3,6.3,,,6.0,C,2.0,True,2.47,2.41,Pass
743,1308848,HK132_PE1005_L05,PE1005,-18,False,6.9,6.4,7.4,,,7.1,B,3.0,True,3.03,3.0,Pass
744,1305340,HK132_PE1005_L05,PE1005,-18,False,8.3,9.0,8.6,,,8.6,A,4.0,True,3.5,3.26,Pass
745,1398598,HK132_PE1005_L05,PE1005,-18,False,8.6,5.8,8.3,,,7.9,B,3.0,True,2.79,2.73,Pass
746,1391582,HK132_PE1005_L05,PE1005,-18,False,6.4,7.0,7.3,,,7.1,B,3.0,True,2.59,2.36,Pass
747,1336775,HK132_PE1005_L05,PE1005,-18,False,6.4,7.2,7.8,,,7.4,B,3.0,True,2.03,2.19,Pass
748,1354315,HK132_PE1005_L05,PE1005,-18,False,6.1,6.6,6.3,,,6.3,C,2.0,True,2.15,2.32,Pass
749,1344065,HK132_PE1005_L05,PE1005,-18,False,9.0,9.2,9.1,,,9.1,A,4.0,True,3.83,3.8,Pass
750,1346707,HK132_PE1005_L05,PE1005,-18,False,3.5,3.2,1.2,,,2.1,F,0.0,False,0.19,1.0,Fail
751,1397732,HK132_PE1005_L05,PE1005,-18,False,4.7,6.7,7.3,,,6.7,C+,2.5,True,2.53,2.45,Pass
752,1378734,HK132_PE1005_L05,PE1005,-18,False,5.5,5.8,4.6,,,5.0,D+,1.5,True,0.79,1.21,Pass
753,1320556,HK132_PE1005_L05,PE1005,-18,False,6.8,6.9,7.6,,,7.3,B,3.0,True,2.33,2.22,Pass
754,1306206,HK132_PE1005_L05,PE1005,-18,False,7.6,6.7,6.1,,,6.5,C+,2.5,True,2.0,1.98,Pass
755,1389395,HK132_PE1005_L05,PE1005,-18,False,5.3,5.6,4.6,,,4.9,D,1.0,True,1.5,1.75,Pass
756,1392311,HK132_PE1005_L05,PE1005,-18,False,6.7,6.7,7.1,,,6.9,C+,2.5,True,2.27,2.33,Pass
757,1355773,HK132_PE1005_L05,PE1005,-18,False,5.0,5.9,5.2,,,5.3,D+,1.5,True,2.0,1.91,Pass
758,1397458,HK132_PE1005_L05,PE1005,-18,False,8.3,6.4,6.3,,,6.7,C+,2.5,True,2.21,2.17,Pass
759,1327709,HK132_PE1005_L05,PE1005,-18,False,8.3,6.9,7.4,,,7.5,B,3.0,True,2.29,2.39,Pass
760,1393950,HK132_PE1005_L05,PE1005,-18,False,5.3,6.7,5.3,,,5.6,C,2.0,True,1.7,1.62,Pass
761,1312948,HK132_PE1005_L05,PE1005,-18,False,6.8,6.6,5.7,,,6.1,C,2.0,True,2.62,2.61,Pass
762,1354907,HK132_PE1005_L05,PE1005,-18,False,9.2,9.2,9.9,,,9.6,A+,4.0,True,3.56,3.69,Pass
763,1350944,HK132_PE1005_L05,PE1005,-18,False,8.9,6.9,7.6,,,7.7,B,3.0,True,3.32,3.21,Pass
764,1343062,HK132_PE1005_L05,PE1005,-18,False,5.9,6.7,6.9,,,6.7,C+,2.5,True,2.29,2.32,Pass
765,1313540,HK132_PE1005_L05,PE1005,-18,False,7.5,5.0,5.5,,,5.8,C,2.0,True,1.62,1.59,Pass
766,1359736,HK132_PE1005_L05,PE1005,-18,False,8.5,5.9,7.1,,,7.1,B,3.0,True,3.53,3.52,Pass
767,1376547,HK132_PE1005_L05,PE1005,-18,False,3.8,4.9,4.1,,,4.2,D,1.0,True,0.21,1.19,Pass
768,1353449,HK132_PE1005_L05,PE1005,-18,False,9.1,9.4,9.3,,,9.3,A,4.0,True,4.0,4.0,Pass
769,1321559,HK132_PE1005_L05,PE1005,-18,False,7.2,6.8,5.9,,,6.3,C,2.0,True,2.41,2.5,Pass
770,1303290,HK132_PE1005_L05,PE1005,-18,False,8.4,8.0,7.9,,,8.0,B+,3.5,True,3.2,3.17,Pass
771,1323609,HK132_PE1005_L05,PE1005,-18,False,10.0,8.9,9.6,,,9.5,A+,4.0,True,4.0,4.0,Pass
772,1315135,HK132_PE1005_L05,PE1005,-18,False,8.5,8.7,6.9,,,7.6,B,3.0,True,3.23,3.38,Pass
773,1315135,HK132_MT1005_L01,MT1005,-18,False,7.9,8.5,8.0,,,8.1,B+,3.5,True,3.23,3.38,Pass
774,1382379,HK132_MT1005_L01,MT1005,-18,False,7.6,6.9,6.7,,,6.9,C+,2.5,True,2.5,2.45,Pass
775,1336183,HK132_MT1005_L01,MT1005,-18,False,6.7,7.2,7.7,,,7.4,B,3.0,True,2.79,2.83,Pass
776,1329304,HK132_MT1005_L01,MT1005,-18,False,7.9,7.9,6.4,,,7.0,B,3.0,True,3.2,3.24,Pass
777,1334133,HK132_MT1005_L01,MT1005,-18,False,9.0,8.2,6.7,,,7.5,B,3.0,True,3.63,3.81,Pass
778,1365705,HK132_MT1005_L01,MT1005,-18,False,7.8,7.3,7.6,,,7.6,B,3.0,True,3.23,3.33,Pass
779,1377550,HK132_MT1005_L01,MT1005,-18,False,6.3,5.8,5.1,,,5.5,C,2.0,True,1.65,1.48,Pass
780,1396274,HK132_MT1005_L01,MT1005,-18,False,6.9,6.3,8.8,,,7.9,B,3.0,True,2.62,2.32,Pass
781,1372584,HK132_MT1005_L01,MT1005,-18,False,7.1,7.5,7.9,,,7.7,B,3.0,True,3.1,2.98,Pass
782,1316001,HK132_MT1005_L01,MT1005,-18,False,9.2,9.3,7.5,,,8.2,B+,3.5,True,3.3,3.22,Pass
783,1382105,HK132_MT1005_L01,MT1005,-18,False,7.8,7.9,6.8,,,7.2,B,3.0,True,3.0,3.12,Pass
784,1374771,HK132_MT1005_L01,MT1005,-18,False,6.6,7.9,7.5,,,7.4,B,3.0,True,3.1,3.24,Pass
785,1326251,HK132_MT1005_L01,MT1005,-18,False,6.6,7.2,6.6,,,6.7,C+,2.5,True,2.41,2.52,Pass
786,1307253,HK132_MT1005_L01,MT1005,-18,False,8.8,7.3,8.0,,,8.0,B+,3.5,True,3.37,3.26,Pass
787,1351536,HK132_MT1005_L01,MT1005,-18,False,6.6,8.4,7.6,,,7.6,B,3.0,True,3.2,3.43,Pass
788,1379326,HK132_MT1005_L01,MT1005,-18,False,8.5,7.7,8.9,,,8.6,A,4.0,True,3.29,3.27,Pass
789,1309577,HK132_MT1005_L01,MT1005,-18,False,7.3,5.8,6.0,,,6.2,C,2.0,True,2.38,2.35,Pass
790,1353860,HK132_MT1005_L01,MT1005,-18,False,6.8,5.4,4.5,,,5.1,D+,1.5,True,1.94,2.08,Pass
791,1343928,HK132_MT1005_L01,MT1005,-18,False,9.5,9.2,7.9,,,8.5,A,4.0,True,4.0,4.0,Pass
792,1318643,HK132_MT1005_L01,MT1005,-18,False,5.8,6.5,6.9,,,6.6,C+,2.5,True,2.32,2.33,Pass
793,1305203,HK132_MT1005_L01,MT1005,-18,False,5.4,7.5,4.8,,,5.5,C,2.0,True,2.35,2.12,Pass
794,1361194,HK132_MT1005_L01,MT1005,-18,False,7.2,8.0,8.4,,,8.1,B+,3.5,True,2.93,3.02,Pass
795,1330488,HK132_MT1005_L01,MT1005,-18,False,6.9,7.3,7.2,,,7.2,B,3.0,True,3.1,3.22,Pass
796,1381376,HK132_MT1005_L01,MT1005,-18,False,7.1,8.0,7.7,,,7.6,B,3.0,True,3.23,3.31,Pass
797,1319827,HK132_MT1005_L01,MT1005,-18,False,8.0,6.1,6.9,,,7.0,B,3.0,True,2.44,2.33,Pass
798,1313814,HK132_MT1005_L01,MT1005,-18,False,7.9,8.7,6.7,,,7.3,B,3.0,True,3.15,3.08,Pass
799,1322014,HK132_MT1005_L01,MT1005,-18,False,6.3,8.4,6.5,,,6.8,C+,2.5,True,2.41,2.58,Pass
800,1388803,HK132_MT1005_L01,MT1005,-18,False,6.8,6.8,6.9,,,6.9,C+,2.5,True,2.35,2.33,Pass
801,1320101,HK132_MT1005_L01,MT1005,-18,False,7.3,8.2,8.2,,,8.0,B+,3.5,True,3.17,3.02,Pass
802,1362515,HK132_MT1005_L01,MT1005,-18,False,10.0,8.5,8.9,,,9.0,A,4.0,True,3.87,3.93,Pass
803,1348620,HK132_MT1005_L01,MT1005,-18,False,10.0,8.8,9.1,,,9.2,A,4.0,True,4.0,4.0,Pass
804,1337641,HK132_MT1005_L01,MT1005,-18,False,8.7,7.3,8.2,,,8.1,B+,3.5,True,3.13,3.14,Pass
805,1310032,HK132_MT1005_L01,MT1005,-18,False,6.7,8.3,7.6,,,7.6,B,3.0,True,2.97,2.67,Pass
806,1363381,HK132_MT1005_L01,MT1005,-18,False,7.5,7.3,7.3,,,7.3,B,3.0,True,3.0,3.12,Pass
807,1349212,HK132_MT1005_L01,MT1005,-18,False,7.4,5.9,5.4,,,5.9,C,2.0,True,2.18,2.14,Pass
808,1396411,HK132_MT1005_L01,MT1005,-18,False,9.0,7.4,7.2,,,7.6,B,3.0,True,3.0,3.2,Pass
809,1305477,HK132_MT1005_L01,MT1005,-18,False,7.7,7.8,7.0,,,7.3,B,3.0,True,2.71,2.79,Pass
810,1374497,HK132_MT1005_L01,MT1005,-18,False,6.5,7.9,7.7,,,7.5,B,3.0,True,3.0,3.0,Pass
811,1397140,HK132_MT1005_L01,MT1005,-18,False,5.9,5.4,6.3,,,6.0,C,2.0,True,1.65,1.71,Pass
812,1366023,HK132_MT1005_L01,MT1005,-18,False,7.9,7.5,8.4,,,8.1,B+,3.5,True,2.77,2.71,Pass
813,1330351,HK132_MT1005_L01,MT1005,-18,False,7.6,7.7,8.1,,,7.9,B,3.0,True,2.97,3.16,Pass
814,1385887,HK132_MT1005_L01,MT1005,-18,False,8.0,9.9,8.4,,,8.6,A,4.0,True,3.6,3.52,Pass
815,1331354,HK132_MT1005_L01,MT1005,-18,False,5.8,6.3,5.6,,,5.8,C,2.0,True,2.09,2.26,Pass
816,1335317,HK132_MT1005_L01,MT1005,-18,False,5.3,7.1,7.2,,,6.8,C+,2.5,True,2.24,2.08,Pass
817,1392766,HK132_MT1005_L01,MT1005,-18,False,8.1,6.5,7.9,,,7.7,B,3.0,True,2.74,2.62,Pass
818,1375089,HK132_MT1005_L01,MT1005,-18,False,6.0,7.2,6.3,,,6.4,C+,2.5,True,2.17,2.1,Pass
819,1301969,HK132_MT1005_L01,MT1005,-18,False,6.5,6.1,6.8,,,6.6,C+,2.5,True,2.5,2.39,Pass
820,1339099,HK132_MT1005_L01,MT1005,-18,False,6.5,8.3,9.1,,,8.4,B+,3.5,True,2.97,3.02,Pass
821,1333996,HK132_MT1005_L01,MT1005,-18,False,7.5,8.9,9.0,,,8.7,A,4.0,True,3.97,3.98,Pass
822,1324064,HK132_MT1005_L01,MT1005,-18,False,6.2,5.9,6.4,,,6.3,C,2.0,True,2.41,2.45,Pass
823,1331946,HK132_MT1005_L01,MT1005,-18,False,8.9,6.5,8.1,,,7.9,B,3.0,True,3.4,3.29,Pass
824,1304885,HK132_MT1005_L01,MT1005,-18,False,6.1,6.4,5.6,,,5.9,C,2.0,True,2.18,2.17,Pass
825,1333404,HK132_MT1005_L01,MT1005,-18,False,6.4,8.1,7.2,,,7.2,B,3.0,True,2.44,2.42,Pass
826,1303153,HK132_MT1005_L01,MT1005,-18,False,6.3,6.6,5.0,,,5.6,C,2.0,True,2.24,2.26,Pass
827,1399053,HK132_MT1005_L01,MT1005,-18,False,6.9,7.6,6.3,,,6.7,C+,2.5,True,2.3,2.34,Pass
828,1345841,HK132_MT1005_L01,MT1005,-18,False,4.2,3.5,3.6,,,3.7,F,0.0,False,0.0,1.0,Fail
829,1387208,HK132_MT1005_L01,MT1005,-18,False,7.4,7.5,8.5,,,8.1,B+,3.5,True,3.1,3.1,Pass
830,1348894,HK132_MT1005_L01,MT1005,-18,False,6.1,6.9,6.0,,,6.2,C,2.0,True,2.13,2.0,Pass
831,1311490,HK132_MT1005_L01,MT1005,-18,False,9.1,10.0,9.5,,,9.5,A+,4.0,True,3.97,3.93,Pass
832,1342470,HK132_MT1005_L01,MT1005,-18,False,8.3,7.0,9.4,,,8.7,A,4.0,True,3.63,3.24,Pass
833,1376684,HK132_MT1005_L01,MT1005,-18,False,6.5,5.9,6.6,,,6.4,C+,2.5,True,2.12,2.15,Pass
834,1359144,HK132_MT1005_L01,MT1005,-18,False,9.3,9.8,8.3,,,8.8,A,4.0,True,4.0,4.0,Pass
835,1338096,HK132_MT1005_L01,MT1005,-18,False,6.8,8.0,7.2,,,7.3,B,3.0,True,2.53,2.53,Pass
836,1357231,HK132_MT1005_L01,MT1005,-18,False,6.3,7.1,6.6,,,6.6,C+,2.5,True,2.38,2.26,Pass
837,1372721,HK132_MT1005_L01,MT1005,-18,False,6.5,6.4,8.1,,,7.4,B,3.0,True,2.93,2.9,Pass
838,1379600,HK132_MT1005_L01,MT1005,-18,False,4.6,4.8,5.4,,,5.1,D+,1.5,True,1.47,1.52,Pass
839,1386479,HK132_MT1005_L01,MT1005,-18,False,6.4,6.1,6.4,,,6.3,C,2.0,True,2.35,2.41,Pass
840,1341741,HK132_MT1005_L01,MT1005,-18,False,8.1,9.4,8.3,,,8.5,A,4.0,True,3.23,3.14,Pass
841,1337367,HK132_MT1005_L01,MT1005,-18,False,4.8,5.0,6.1,,,5.6,C,2.0,True,1.2,1.59,Pass
842,1373768,HK132_MT1005_L01,MT1005,-18,False,8.1,8.2,9.1,,,8.7,A,4.0,True,3.44,3.44,Pass
843,1394087,HK132_MT1005_L01,MT1005,-18,False,7.1,7.6,8.2,,,7.9,B,3.0,True,2.47,2.58,Pass
844,1350215,HK132_MT1005_L01,MT1005,-18,False,6.8,6.7,5.5,,,6.0,C,2.0,True,2.24,2.15,Pass
845,1395545,HK132_MT1005_L01,MT1005,-18,False,5.0,3.9,4.8,,,4.7,D,1.0,True,0.64,1.0,Pass
846,1350078,HK132_MT1005_L01,MT1005,-18,False,6.0,5.4,5.9,,,5.8,C,2.0,True,1.82,1.92,Pass
847,1392629,HK132_MT1005_L01,MT1005,-18,False,6.9,6.3,7.1,,,6.9,C+,2.5,True,2.15,2.2,Pass
848,1358552,HK132_MT1005_L01,MT1005,-18,False,7.5,7.1,6.9,,,7.1,B,3.0,True,2.26,2.39,Pass
849,1346115,HK132_MT1005_L01,MT1005,-18,False,6.9,6.7,7.3,,,7.1,B,3.0,True,2.5,2.39,Pass
850,1319372,HK132_MT1005_L01,MT1005,-18,False,7.3,8.1,8.1,,,7.9,B,3.0,True,3.03,3.02,Pass
851,1369805,HK132_MT1005_L01,MT1005,-18,False,9.2,8.0,9.5,,,9.1,A,4.0,True,3.8,3.64,Pass
852,1388529,HK132_MT1005_L01,MT1005,-18,False,6.6,4.7,6.3,,,6.0,C,2.0,True,2.35,2.56,Pass
853,1377868,HK132_MT1005_L01,MT1005,-18,False,7.7,6.4,7.7,,,7.4,B,3.0,True,2.47,2.39,Pass
854,1342607,HK132_MT1005_L01,MT1005,-18,False,4.3,4.1,6.5,,,5.6,C,2.0,True,1.59,1.47,Pass
855,1389258,HK132_MT1005_L01,MT1005,-18,False,9.7,8.5,9.4,,,9.3,A,4.0,True,4.0,4.0,Pass
856,1307527,HK132_MT1005_L01,MT1005,-18,False,7.9,7.8,8.4,,,8.2,B+,3.5,True,3.53,3.42,Pass
857,1330033,HK132_MT1005_L01,MT1005,-18,False,4.6,6.1,6.4,,,6.0,C,2.0,True,2.15,2.26,Pass
858,1356365,HK132_MT1005_L01,MT1005,-18,False,7.0,7.8,7.0,,,7.2,B,3.0,True,3.23,3.19,Pass
859,1394361,HK132_MT1005_L01,MT1005,-18,False,8.5,8.0,8.3,,,8.3,B+,3.5,True,3.33,3.34,Pass
860,1356639,HK132_MT1005_L01,MT1005,-18,False,6.7,6.2,5.9,,,6.1,C,2.0,True,2.03,2.08,Pass
861,1310169,HK132_MT1005_L01,MT1005,-18,False,7.0,6.4,7.3,,,7.1,B,3.0,True,2.91,2.83,Pass
862,1383700,HK132_MT1005_L01,MT1005,-18,False,7.7,8.4,7.7,,,7.8,B,3.0,True,3.06,3.03,Pass
863,1343199,HK132_MT1005_L01,MT1005,-18,False,7.5,6.5,7.0,,,7.0,B,3.0,True,2.18,2.17,Pass
864,1331809,HK132_MT1005_L01,MT1005,-18,False,6.6,5.3,6.2,,,6.1,C,2.0,True,2.12,2.15,Pass
865,1341012,HK132_MT1005_L01,MT1005,-18,False,5.5,4.8,5.7,,,5.5,C,2.0,True,1.53,1.52,Pass
866,1339417,HK132_MT1005_L01,MT1005,-18,False,5.9,6.1,6.7,,,6.4,C+,2.5,True,2.53,2.4,Pass
867,1314998,HK132_MT1005_L01,MT1005,-18,False,4.4,6.0,7.5,,,6.6,C+,2.5,True,2.47,2.29,Pass
868,1308985,HK132_MT1005_L01,MT1005,-18,False,7.9,8.5,9.4,,,8.9,A,4.0,True,3.15,3.02,Pass
869,1329167,HK132_MT1005_L01,MT1005,-18,False,9.8,9.7,9.2,,,9.4,A,4.0,True,3.92,3.95,Pass
870,1323746,HK132_MT1005_L01,MT1005,-18,False,5.3,6.5,6.5,,,6.3,C,2.0,True,2.27,2.4,Pass
871,1324475,HK132_MT1005_L01,MT1005,-18,False,6.7,6.3,7.8,,,7.3,B,3.0,True,2.26,2.18,Pass
872,1346433,HK132_MT1005_L01,MT1005,-18,False,8.4,8.2,8.2,,,8.2,B+,3.5,True,3.5,3.45,Pass
873,1328575,HK132_MT1005_L02,MT1005,-18,False,7.5,8.1,6.1,,,6.8,C+,2.5,True,2.57,2.55,Pass
874,1342333,HK132_MT1005_L02,MT1005,-18,False,6.6,6.7,6.4,,,6.5,C+,2.5,True,2.35,2.26,Pass
875,1317914,HK132_MT1005_L02,MT1005,-18,False,7.5,7.0,8.6,,,8.1,B+,3.5,True,2.65,2.67,Pass
876,1378734,HK132_MT1005_L02,MT1005,-18,False,4.7,2.4,5.0,,,4.4,D,1.0,True,0.79,1.21,Pass
877,1359736,HK132_MT1005_L02,MT1005,-18,False,9.1,9.7,8.3,,,8.7,A,4.0,True,3.53,3.52,Pass
878,1351399,HK132_MT1005_L02,MT1005,-18,False,6.2,6.0,7.0,,,6.6,C+,2.5,True,2.38,2.23,Pass
879,1345386,HK132_MT1005_L02,MT1005,-18,False,7.5,8.3,7.4,,,7.6,B,3.0,True,3.27,3.07,Pass
880,1360465,HK132_MT1005_L02,MT1005,-18,False,7.2,6.5,4.5,,,5.4,D+,1.5,True,2.15,2.35,Pass
881,1367026,HK132_MT1005_L02,MT1005,-18,False,8.0,8.0,7.4,,,7.6,B,3.0,True,3.6,3.72,Pass
882,1396137,HK132_MT1005_L02,MT1005,-18,False,9.2,7.6,9.0,,,8.8,A,4.0,True,3.53,3.41,Pass
883,1373905,HK132_MT1005_L02,MT1005,-18,False,5.6,9.3,7.0,,,7.2,B,3.0,True,2.44,2.23,Pass
884,1381058,HK132_MT1005_L02,MT1005,-18,False,8.1,6.9,7.9,,,7.7,B,3.0,True,3.13,3.14,Pass
885,1331080,HK132_MT1005_L02,MT1005,-18,False,7.2,9.1,8.6,,,8.4,B+,3.5,True,3.1,3.38,Pass
886,1397595,HK132_MT1005_L02,MT1005,-18,False,5.3,6.3,6.2,,,6.0,C,2.0,True,2.15,2.24,Pass
887,1372447,HK132_MT1005_L02,MT1005,-18,False,6.3,8.6,7.5,,,7.5,B,3.0,True,3.0,3.0,Pass
888,1307982,HK132_MT1005_L02,MT1005,-18,False,7.4,7.9,8.9,,,8.4,B+,3.5,True,3.07,2.91,Pass
889,1392174,HK132_MT1005_L02,MT1005,-18,False,8.3,8.7,9.8,,,9.3,A,4.0,True,3.97,3.88,Pass
890,1322743,HK132_MT1005_L02,MT1005,-18,False,6.4,6.3,6.7,,,6.6,C+,2.5,True,2.32,2.33,Pass
891,1339691,HK132_MT1005_L02,MT1005,-18,False,8.4,8.1,7.4,,,7.7,B,3.0,True,3.03,3.12,Pass
892,1321285,HK132_MT1005_L02,MT1005,-18,False,7.7,8.2,9.2,,,8.7,A,4.0,True,3.5,3.48,Pass
893,1355044,HK132_MT1005_L02,MT1005,-18,False,8.5,8.4,7.0,,,7.6,B,3.0,True,3.27,3.21,Pass
894,1394953,HK132_MT1005_L02,MT1005,-18,False,6.6,6.9,6.7,,,6.7,C+,2.5,True,2.24,2.3,Pass
895,1397003,HK132_MT1005_L02,MT1005,-18,False,5.2,5.7,5.7,,,5.6,C,2.0,True,2.15,2.27,Pass
896,1369942,HK132_MT1005_L02,MT1005,-18,False,6.1,6.2,6.4,,,6.3,C,2.0,True,2.18,2.21,Pass
897,1352857,HK132_MT1005_L02,MT1005,-18,False,10.0,9.9,10.0,,,10.0,A+,4.0,True,3.97,3.98,Pass
898,1317777,HK132_MT1005_L02,MT1005,-18,False,7.4,7.1,7.0,,,7.1,B,3.0,True,2.8,2.9,Pass
899,1315864,HK132_MT1005_L02,MT1005,-18,False,7.7,6.3,5.0,,,5.8,C,2.0,True,2.26,2.17,Pass
900,1364839,HK132_MT1005_L02,MT1005,-18,False,5.7,5.5,6.8,,,6.3,C,2.0,True,2.24,2.06,Pass
901,1382971,HK132_MT1005_L02,MT1005,-18,False,5.8,6.2,5.7,,,5.8,C,2.0,True,2.53,2.61,Pass
902,1358278,HK132_MT1005_L02,MT1005,-18,False,5.6,6.0,4.9,,,5.3,D+,1.5,True,2.09,2.29,Pass
903,1359873,HK132_MT1005_L02,MT1005,-18,False,6.1,8.1,7.3,,,7.2,B,3.0,True,2.53,2.33,Pass
904,1357686,HK132_MT1005_L02,MT1005,-18,False,10.0,7.9,9.1,,,9.0,A,4.0,True,3.71,3.59,Pass
905,1356502,HK132_MT1005_L02,MT1005,-18,False,6.5,6.5,7.1,,,6.9,C+,2.5,True,2.24,2.18,Pass
906,1354178,HK132_MT1005_L02,MT1005,-18,False,6.1,6.0,6.7,,,6.4,C+,2.5,True,2.37,2.31,Pass
907,1346570,HK132_MT1005_L02,MT1005,-18,False,5.9,4.8,4.9,,,5.1,D+,1.5,True,1.44,1.44,Pass
908,1383563,HK132_MT1005_L02,MT1005,-18,False,7.9,7.2,8.1,,,7.9,B,3.0,True,2.71,2.59,Pass
909,1340875,HK132_MT1005_L02,MT1005,-18,False,5.6,5.2,4.8,,,5.0,D+,1.5,True,1.91,1.65,Pass
910,1388666,HK132_MT1005_L02,MT1005,-18,False,6.7,8.7,6.7,,,7.1,B,3.0,True,3.0,3.12,Pass
911,1302698,HK132_MT1005_L02,MT1005,-18,False,9.3,7.9,7.7,,,8.1,B+,3.5,True,3.43,3.22,Pass
912,1345978,HK132_MT1005_L02,MT1005,-18,False,8.5,5.7,8.2,,,7.8,B,3.0,True,3.53,3.76,Pass
913,1376547,HK132_MT1005_L02,MT1005,-18,False,3.5,2.5,3.6,,,3.4,F,0.0,False,0.21,1.19,Fail
914,1397458,HK132_MT1005_L02,MT1005,-18,False,6.5,7.6,7.4,,,7.3,B,3.0,True,2.21,2.17,Pass
915,1300966,HK132_MT1005_L02,MT1005,-18,False,5.8,4.9,5.1,,,5.2,D+,1.5,True,1.62,1.65,Pass
916,1311764,HK132_MT1005_L02,MT1005,-18,False,4.7,4.2,5.1,,,4.8,D,1.0,True,1.41,1.44,Pass
917,1344065,HK132_MT1005_L02,MT1005,-18,False,8.5,8.9,9.2,,,9.0,A,4.0,True,3.83,3.8,Pass
918,1340146,HK132_MT1005_L02,MT1005,-18,False,5.2,5.8,6.4,,,6.0,C,2.0,True,2.15,2.29,Pass
919,1370989,HK132_MT1005_L02,MT1005,-18,False,6.2,6.1,7.7,,,7.1,B,3.0,True,2.53,2.5,Pass
920,1370260,HK132_MT1005_L02,MT1005,-18,False,6.4,4.7,6.4,,,6.1,C,2.0,True,2.12,2.0,Pass
921,1335591,HK132_MT1005_L02,MT1005,-18,False,4.9,7.2,5.9,,,6.0,C,2.0,True,2.18,2.21,Pass
922,1368210,HK132_MT1005_L02,MT1005,-18,False,8.5,10.0,8.3,,,8.7,A,4.0,True,4.0,4.0,Pass
923,1357094,HK132_MT1005_L02,MT1005,-18,False,7.8,7.4,7.9,,,7.8,B,3.0,True,3.47,3.45,Pass
924,1381513,HK132_MT1005_L02,MT1005,-18,False,8.0,8.4,6.7,,,7.3,B,3.0,True,3.0,3.12,Pass
925,1314406,HK132_MT1005_L02,MT1005,-18,False,6.5,6.5,6.8,,,6.7,C+,2.5,True,2.38,2.33,Pass
926,1393495,HK132_MT1005_L02,MT1005,-18,False,6.5,6.3,8.2,,,7.5,B,3.0,True,2.85,2.73,Pass
927,1398324,HK132_MT1005_L02,MT1005,-18,False,6.9,7.5,6.2,,,6.6,C+,2.5,True,2.41,2.44,Pass
928,1368802,HK132_MT1005_L02,MT1005,-18,False,7.3,7.6,7.7,,,7.6,B,3.0,True,2.88,2.91,Pass
929,1398461,HK132_MT1005_L02,MT1005,-18,False,7.8,9.2,6.6,,,7.4,B,3.0,True,3.3,3.47,Pass
930,1376092,HK132_MT1005_L02,MT1005,-18,False,6.8,6.5,7.9,,,7.4,B,3.0,True,2.74,2.61,Pass
931,1334725,HK132_MT1005_L02,MT1005,-18,False,8.8,9.5,9.5,,,9.4,A,4.0,True,3.97,3.98,Pass
932,1332675,HK132_MT1005_L02,MT1005,-18,False,7.4,8.4,7.9,,,7.9,B,3.0,True,3.2,3.24,Pass
933,1371992,HK132_MT1005_L02,MT1005,-18,False,7.4,7.5,5.4,,,6.2,C,2.0,True,1.97,2.16,Pass
934,1385158,HK132_MT1005_L02,MT1005,-18,False,7.3,7.4,8.9,,,8.3,B+,3.5,True,3.3,3.21,Pass
935,1387345,HK132_MT1005_L02,MT1005,-18,False,9.2,8.7,7.4,,,8.0,B+,3.5,True,3.06,3.09,Pass
936,1318506,HK132_MT1005_L02,MT1005,-18,False,5.6,6.4,6.0,,,6.0,C,2.0,True,1.65,1.82,Pass
937,1314269,HK132_MT1005_L02,MT1005,-18,False,9.5,9.0,8.1,,,8.6,A,4.0,True,3.97,3.71,Pass
938,1326980,HK132_MT1005_L02,MT1005,-18,False,5.8,6.6,8.2,,,7.4,B,3.0,True,2.74,2.59,Pass
939,1388392,HK132_MT1005_L02,MT1005,-18,False,3.1,4.4,3.6,,,3.7,F,0.0,False,0.3,1.0,Fail
940,1378005,HK132_MT1005_L02,MT1005,-18,False,6.7,7.5,6.7,,,6.9,C+,2.5,True,2.93,2.9,Pass
941,1353131,HK132_MT1005_L02,MT1005,-18,False,7.2,7.8,7.8,,,7.7,B,3.0,True,3.09,3.36,Pass
942,1382516,HK132_MT1005_L02,MT1005,-18,False,9.3,8.5,10.0,,,9.6,A+,4.0,True,3.92,3.95,Pass
943,1352402,HK132_MT1005_L02,MT1005,-18,False,6.5,7.6,7.8,,,7.5,B,3.0,True,3.23,3.19,Pass
944,1350944,HK132_MT1005_L02,MT1005,-18,False,9.6,7.8,7.9,,,8.2,B+,3.5,True,3.32,3.21,Pass
945,1306798,HK132_MT1005_L02,MT1005,-18,False,8.3,8.1,8.1,,,8.1,B+,3.5,True,3.09,3.17,Pass
946,1354315,HK132_MT1005_L02,MT1005,-18,False,4.8,5.8,4.6,,,4.9,D,1.0,True,2.15,2.32,Pass
947,1340420,HK132_MT1005_L02,MT1005,-18,False,2.4,6.0,5.8,,,5.2,D+,1.5,True,1.82,1.73,Pass
948,1391171,HK132_MT1005_L02,MT1005,-18,False,7.9,9.1,9.2,,,8.9,A,4.0,True,3.73,3.33,Pass
949,1347436,HK132_MT1005_L02,MT1005,-18,False,6.8,7.0,6.7,,,6.8,C+,2.5,True,2.35,2.48,Pass
950,1334862,HK132_MT1005_L02,MT1005,-18,False,6.5,7.0,6.9,,,6.8,C+,2.5,True,2.93,2.91,Pass
951,1348028,HK132_MT1005_L02,MT1005,-18,False,7.5,7.2,7.8,,,7.6,B,3.0,True,2.63,2.59,Pass
952,1360010,HK132_MT1005_L02,MT1005,-18,False,5.4,6.6,5.5,,,5.7,C,2.0,True,1.79,1.65,Pass
953,1349349,HK132_MT1005_L02,MT1005,-18,False,5.8,6.0,4.2,,,4.9,D,1.0,True,1.62,1.68,Pass
954,1360739,HK132_MT1005_L02,MT1005,-18,False,7.3,8.2,6.8,,,7.2,B,3.0,True,3.13,3.34,Pass
955,1380329,HK132_MT1005_L02,MT1005,-18,False,8.1,9.3,6.2,,,7.2,B,3.0,True,3.12,3.09,Pass
956,1304156,HK132_MT1005_L02,MT1005,-18,False,4.4,3.8,3.7,,,3.9,F,0.0,False,0.18,1.0,Fail
957,1359007,HK132_MT1005_L02,MT1005,-18,False,5.7,6.7,7.1,,,6.7,C+,2.5,True,2.41,2.36,Pass
958,1308119,HK132_MT1005_L02,MT1005,-18,False,7.7,7.5,9.7,,,8.9,A,4.0,True,3.5,3.5,Pass
959,1354907,HK132_MT1005_L02,MT1005,-18,False,8.5,8.8,7.7,,,8.1,B+,3.5,True,3.56,3.69,Pass
960,1330762,HK132_MT1005_L02,MT1005,-18,False,8.0,7.3,7.9,,,7.8,B,3.0,True,3.23,3.16,Pass
961,1301695,HK132_MT1005_L02,MT1005,-18,False,8.8,8.5,7.2,,,7.8,B,3.0,True,3.0,3.26,Pass
962,1353449,HK132_MT1005_L02,MT1005,-18,False,10.0,8.6,8.3,,,8.7,A,4.0,True,4.0,4.0,Pass
963,1343654,HK132_MT1005_L02,MT1005,-18,False,6.6,6.9,6.1,,,6.4,C+,2.5,True,2.13,2.07,Pass
964,1344383,HK132_MT1005_L02,MT1005,-18,False,9.0,7.9,7.3,,,7.8,B,3.0,True,3.3,3.47,Pass
965,1390124,HK132_MT1005_L02,MT1005,-18,False,7.7,7.4,7.8,,,7.7,B,3.0,True,3.21,3.29,Pass
966,1394816,HK132_MT1005_L02,MT1005,-18,False,6.7,7.3,6.1,,,6.5,C+,2.5,True,2.35,2.3,Pass
967,1365294,HK132_MT1005_L02,MT1005,-18,False,9.0,10.0,10.0,,,9.8,A+,4.0,True,4.0,4.0,Pass
968,1352720,HK132_MT1005_L02,MT1005,-18,False,6.6,6.9,8.2,,,7.6,B,3.0,True,3.0,3.11,Pass
969,1306069,HK132_MT1005_L02,MT1005,-18,False,7.9,8.0,10.0,,,9.2,A,4.0,True,3.71,3.42,Pass
970,1321422,HK132_MT1005_L02,MT1005,-18,False,7.8,7.8,7.6,,,7.7,B,3.0,True,3.0,3.0,Pass
971,1353586,HK132_MT1005_L02,MT1005,-18,False,7.2,7.1,5.7,,,6.3,C,2.0,True,2.15,2.06,Pass
972,1324930,HK132_MT1005_L02,MT1005,-18,False,5.0,3.9,5.1,,,4.8,D,1.0,True,0.7,1.0,Pass
973,1371263,HK132_MT1005_L03,MT1005,-18,False,3.7,6.0,5.9,,,5.5,C,2.0,True,1.5,1.53,Pass
974,1300511,HK132_MT1005_L03,MT1005,-18,False,7.8,8.8,8.7,,,8.5,A,4.0,True,3.43,3.34,Pass
975,1380055,HK132_MT1005_L03,MT1005,-18,False,7.2,6.8,7.4,,,7.2,B,3.0,True,2.47,2.32,Pass
976,1326843,HK132_MT1005_L03,MT1005,-18,False,5.2,7.1,6.7,,,6.5,C+,2.5,True,2.15,2.15,Pass
977,1352128,HK132_MT1005_L03,MT1005,-18,False,7.4,6.5,7.5,,,7.3,B,3.0,True,3.23,3.26,Pass
978,1380921,HK132_MT1005_L03,MT1005,-18,False,7.3,9.2,9.3,,,8.9,A,4.0,True,4.0,4.0,Pass
979,1362652,HK132_MT1005_L03,MT1005,-18,False,6.3,5.5,3.6,,,4.5,D,1.0,True,1.32,1.47,Pass
980,1341149,HK132_MT1005_L03,MT1005,-18,False,2.9,5.7,5.3,,,4.9,D,1.0,True,1.5,1.61,Pass
981,1364976,HK132_MT1005_L03,MT1005,-18,False,8.0,7.7,8.2,,,8.1,B+,3.5,True,3.35,3.29,Pass
982,1301377,HK132_MT1005_L03,MT1005,-18,False,5.3,6.9,6.0,,,6.0,C,2.0,True,2.06,2.03,Pass
983,1347299,HK132_MT1005_L03,MT1005,-18,False,6.9,7.5,5.9,,,6.4,C+,2.5,True,2.53,2.53,Pass
984,1332812,HK132_MT1005_L03,MT1005,-18,False,5.4,3.4,3.6,,,3.9,F,0.0,False,0.76,1.33,Fail
985,1316730,HK132_MT1005_L03,MT1005,-18,False,8.4,10.0,8.3,,,8.7,A,4.0,True,4.0,3.83,Pass
986,1375818,HK132_MT1005_L03,MT1005,-18,False,7.7,8.1,7.8,,,7.8,B,3.0,True,3.03,3.09,Pass
987,1314680,HK132_MT1005_L03,MT1005,-18,False,8.6,9.1,7.9,,,8.3,B+,3.5,True,3.0,3.05,Pass
988,1368347,HK132_MT1005_L03,MT1005,-18,False,8.6,6.6,6.6,,,7.0,B,3.0,True,2.53,2.27,Pass
989,1311172,HK132_MT1005_L03,MT1005,-18,False,5.2,5.6,5.9,,,5.7,C,2.0,True,1.68,1.62,Pass
990,1324338,HK132_MT1005_L03,MT1005,-18,False,5.8,5.5,6.9,,,6.4,C+,2.5,True,1.97,2.07,Pass
991,1349941,HK132_MT1005_L03,MT1005,-18,False,9.5,9.2,9.4,,,9.4,A,4.0,True,4.0,3.93,Pass
992,1378597,HK132_MT1005_L03,MT1005,-18,False,5.7,6.3,6.5,,,6.3,C,2.0,True,2.3,2.05,Pass
993,1312356,HK132_MT1005_L03,MT1005,-18,False,8.6,8.2,5.9,,,6.9,C+,2.5,True,2.76,2.8,Pass
994,1320693,HK132_MT1005_L03,MT1005,-18,False,6.8,6.0,7.5,,,7.1,B,3.0,True,2.62,2.47,Pass
995,1369531,HK132_MT1005_L03,MT1005,-18,False,5.9,5.1,5.9,,,5.7,C,2.0,True,1.74,2.02,Pass
996,1378871,HK132_MT1005_L03,MT1005,-18,False,8.7,8.5,8.0,,,8.2,B+,3.5,True,3.13,3.17,Pass
997,1303290,HK132_MT1005_L03,MT1005,-18,False,7.7,7.4,7.4,,,7.5,B,3.0,True,3.2,3.17,Pass
998,1368484,HK132_MT1005_L03,MT1005,-18,False,4.7,5.0,5.4,,,5.2,D+,1.5,True,1.68,1.67,Pass
999,1386342,HK132_MT1005_L03,MT1005,-18,False,9.2,10.0,8.6,,,9.0,A,4.0,True,3.59,3.53,Pass
1000,1395682,HK132_MT1005_L03,MT1005,-18,False,9.6,7.2,6.3,,,7.1,B,3.0,True,2.53,2.44,Pass
1001,1330625,HK132_MT1005_L03,MT1005,-18,False,6.3,7.2,5.8,,,6.2,C,2.0,True,2.32,2.29,Pass
1002,1385295,HK132_MT1005_L03,MT1005,-18,False,5.7,3.4,4.7,,,4.6,D,1.0,True,1.6,1.41,Pass
1003,1388074,HK132_MT1005_L03,MT1005,-18,False,6.3,5.9,5.4,,,5.7,C,2.0,True,2.18,2.26,Pass
1004,1366752,HK132_MT1005_L03,MT1005,-18,False,6.5,5.6,6.7,,,6.4,C+,2.5,True,2.15,2.17,Pass
1005,1342925,HK132_MT1005_L03,MT1005,-18,False,6.7,7.5,5.8,,,6.3,C,2.0,True,1.97,2.14,Pass
1006,1310306,HK132_MT1005_L03,MT1005,-18,False,8.8,8.9,10.0,,,9.5,A+,4.0,True,3.97,3.98,Pass
1007,1328301,HK132_MT1005_L03,MT1005,-18,False,3.9,5.5,5.5,,,5.2,D+,1.5,True,1.59,1.74,Pass
1008,1377276,HK132_MT1005_L03,MT1005,-18,False,7.0,5.8,6.3,,,6.3,C,2.0,True,1.88,1.92,Pass
1009,1384884,HK132_MT1005_L03,MT1005,-18,False,6.5,8.5,8.0,,,7.8,B,3.0,True,3.2,3.24,Pass
1010,1384429,HK132_MT1005_L03,MT1005,-18,False,6.7,5.8,5.4,,,5.7,C,2.0,True,2.32,2.33,Pass
1011,1302106,HK132_MT1005_L03,MT1005,-18,False,5.5,6.7,7.5,,,6.9,C+,2.5,True,2.76,2.55,Pass
1012,1333267,HK132_MT1005_L03,MT1005,-18,False,6.0,5.1,4.1,,,4.7,D,1.0,True,0.95,1.22,Pass
1013,1345704,HK132_MT1005_L03,MT1005,-18,False,6.6,4.7,6.3,,,6.0,C,2.0,True,1.93,1.86,Pass
1014,1386616,HK132_MT1005_L03,MT1005,-18,False,4.3,4.1,4.1,,,4.1,D,1.0,True,0.32,1.0,Pass
1015,1364110,HK132_MT1005_L03,MT1005,-18,False,6.6,7.4,8.5,,,7.9,B,3.0,True,3.07,3.21,Pass
1016,1327709,HK132_MT1005_L03,MT1005,-18,False,6.9,6.8,5.6,,,6.1,C,2.0,True,2.29,2.39,Pass
1017,1303745,HK132_MT1005_L03,MT1005,-18,False,7.6,8.3,9.2,,,8.7,A,4.0,True,3.73,3.74,Pass
1018,1327983,HK132_MT1005_L03,MT1005,-18,False,8.4,7.5,7.6,,,7.7,B,3.0,True,3.1,3.05,Pass
1019,1362197,HK132_MT1005_L03,MT1005,-18,False,7.8,6.9,7.5,,,7.4,B,3.0,True,3.2,3.1,Pass
1020,1355910,HK132_MT1005_L03,MT1005,-18,False,6.3,7.3,6.3,,,6.5,C+,2.5,True,2.24,2.32,Pass
1021,1378142,HK132_MT1005_L03,MT1005,-18,False,10.0,6.4,9.4,,,8.9,A,4.0,True,3.27,3.07,Pass
1022,1309714,HK132_MT1005_L03,MT1005,-18,False,7.1,6.5,6.8,,,6.8,C+,2.5,True,2.65,2.88,Pass
1023,1384155,HK132_MT1005_L03,MT1005,-18,False,5.8,5.4,6.1,,,5.9,C,2.0,True,1.26,1.63,Pass
1024,1300237,HK132_MT1005_L03,MT1005,-18,False,9.0,7.2,8.1,,,8.1,B+,3.5,True,3.6,3.53,Pass
1025,1352265,HK132_MT1005_L03,MT1005,-18,False,9.2,7.1,8.0,,,8.1,B+,3.5,True,3.23,3.12,Pass
1026,1332538,HK132_MT1005_L03,MT1005,-18,False,7.3,8.1,9.2,,,8.6,A,4.0,True,3.83,3.5,Pass
1027,1355636,HK132_MT1005_L03,MT1005,-18,False,4.2,5.1,7.1,,,6.1,C,2.0,True,1.59,1.61,Pass
1028,1327572,HK132_MT1005_L03,MT1005,-18,False,8.0,7.6,8.0,,,7.9,B,3.0,True,2.97,2.98,Pass
1029,1317459,HK132_MT1005_L03,MT1005,-18,False,7.9,7.4,8.3,,,8.0,B+,3.5,True,3.2,3.17,Pass
1030,1301240,HK132_MT1005_L03,MT1005,-18,False,7.3,7.8,8.2,,,7.9,B,3.0,True,3.27,3.14,Pass
1031,1328438,HK132_MT1005_L03,MT1005,-18,False,7.0,6.5,6.7,,,6.7,C+,2.5,True,2.65,2.79,Pass
1032,1327117,HK132_MT1005_L03,MT1005,-18,False,6.3,7.1,7.7,,,7.3,B,3.0,True,2.53,2.66,Pass
1033,1312493,HK132_MT1005_L03,MT1005,-18,False,7.9,7.5,8.0,,,7.9,B,3.0,True,3.1,3.05,Pass
1034,1363973,HK132_MT1005_L03,MT1005,-18,False,5.7,5.2,5.1,,,5.2,D+,1.5,True,1.41,1.47,Pass
1035,1341604,HK132_MT1005_L03,MT1005,-18,False,9.0,8.5,7.7,,,8.1,B+,3.5,True,2.9,2.95,Pass
1036,1338233,HK132_MT1005_L03,MT1005,-18,False,6.2,7.6,6.7,,,6.8,C+,2.5,True,2.29,2.18,Pass
1037,1366434,HK132_MT1005_L03,MT1005,-18,False,8.2,9.0,8.0,,,8.2,B+,3.5,True,3.43,3.43,Pass
1038,1361331,HK132_MT1005_L03,MT1005,-18,False,7.7,7.5,8.8,,,8.3,B+,3.5,True,3.18,3.3,Pass
1039,1334270,HK132_MT1005_L03,MT1005,-18,False,7.0,6.2,4.8,,,5.5,C,2.0,True,2.47,2.48,Pass
1040,1327254,HK132_MT1005_L03,MT1005,-18,False,6.8,5.9,6.8,,,6.6,C+,2.5,True,2.35,2.14,Pass
1041,1323472,HK132_MT1005_L03,MT1005,-18,False,6.7,6.5,7.7,,,7.3,B,3.0,True,2.62,2.61,Pass
1042,1381650,HK132_MT1005_L03,MT1005,-18,False,6.0,6.3,5.6,,,5.8,C,2.0,True,2.06,2.17,Pass
1043,1303882,HK132_MT1005_L03,MT1005,-18,False,7.4,9.0,9.4,,,8.9,A,4.0,True,3.41,3.45,Pass
1044,1398187,HK132_MT1005_L03,MT1005,-18,False,6.1,6.6,7.2,,,6.9,C+,2.5,True,2.83,2.78,Pass
1045,1304474,HK132_MT1005_L03,MT1005,-18,False,4.7,5.5,5.8,,,5.5,C,2.0,True,1.71,1.55,Pass
1046,1339554,HK132_MT1005_L03,MT1005,-18,False,10.0,9.0,8.4,,,8.8,A,4.0,True,3.37,3.43,Pass
1047,1369213,HK132_MT1005_L03,MT1005,-18,False,9.8,8.6,8.5,,,8.8,A,4.0,True,3.7,3.6,Pass
1048,1374042,HK132_MT1005_L03,MT1005,-18,False,4.6,4.1,3.3,,,3.7,F,0.0,False,0.14,1.3,Fail
1049,1312219,HK132_MT1005_L03,MT1005,-18,False,8.7,7.9,8.6,,,8.5,A,4.0,True,4.0,4.0,Pass
1050,1301832,HK132_MT1005_L03,MT1005,-18,False,5.5,5.3,5.4,,,5.4,D+,1.5,True,1.44,1.38,Pass
1051,1311901,HK132_MT1005_L03,MT1005,-18,False,7.2,5.8,5.1,,,5.7,C,2.0,True,2.47,2.39,Pass
1052,1306661,HK132_MT1005_L03,MT1005,-18,False,8.5,9.8,6.7,,,7.7,B,3.0,True,3.13,3.26,Pass
1053,1345112,HK132_MT1005_L03,MT1005,-18,False,5.6,7.8,7.1,,,6.9,C+,2.5,True,2.41,2.44,Pass
1054,1326525,HK132_MT1005_L03,MT1005,-18,False,8.7,9.2,8.2,,,8.5,A,4.0,True,4.0,3.94,Pass
1055,1391900,HK132_MT1005_L03,MT1005,-18,False,5.6,4.4,5.9,,,5.5,C,2.0,True,1.94,1.97,Pass
1056,1391445,HK132_MT1005_L03,MT1005,-18,False,7.2,5.2,5.9,,,6.0,C,2.0,True,2.35,2.38,Pass
1057,1319235,HK132_MT1005_L03,MT1005,-18,False,7.7,9.2,9.0,,,8.8,A,4.0,True,3.7,3.74,Pass
1058,1311627,HK132_MT1005_L03,MT1005,-18,False,6.2,5.5,6.2,,,6.1,C,2.0,True,2.24,1.97,Pass
1059,1319964,HK132_MT1005_L03,MT1005,-18,False,6.9,8.2,8.0,,,7.8,B,3.0,True,3.13,2.98,Pass
1060,1367755,HK132_MT1005_L03,MT1005,-18,False,7.9,6.7,6.9,,,7.1,B,3.0,True,2.53,2.53,Pass
1061,1356228,HK132_MT1005_L03,MT1005,-18,False,7.1,3.5,7.3,,,6.5,C+,2.5,True,2.32,2.38,Pass
1062,1355181,HK132_MT1005_L03,MT1005,-18,False,5.7,8.2,8.2,,,7.7,B,3.0,True,3.3,3.09,Pass
1063,1336638,HK132_MT1005_L03,MT1005,-18,False,9.8,8.1,8.7,,,8.8,A,4.0,True,3.47,3.09,Pass
1064,1345249,HK132_MT1005_L03,MT1005,-18,False,8.5,7.0,7.8,,,7.8,B,3.0,True,3.3,3.21,Pass
1065,1329896,HK132_MT1005_L03,MT1005,-18,False,9.4,8.3,8.9,,,8.9,A,4.0,True,3.8,3.83,Pass
1066,1371581,HK132_MT1005_L03,MT1005,-18,False,6.5,6.3,7.0,,,6.8,C+,2.5,True,2.68,2.64,Pass
1067,1360147,HK132_MT1005_L03,MT1005,-18,False,7.8,9.2,7.7,,,8.0,B+,3.5,True,3.27,3.1,Pass
1068,1335909,HK132_MT1005_L03,MT1005,-18,False,6.7,5.9,6.7,,,6.5,C+,2.5,True,2.59,2.42,Pass
1069,1390853,HK132_MT1005_L03,MT1005,-18,False,7.9,8.6,8.4,,,8.3,B+,3.5,True,3.27,3.19,Pass
1070,1371718,HK132_MT1005_L03,MT1005,-18,False,8.4,6.9,8.6,,,8.2,B+,3.5,True,3.44,3.41,Pass
1071,1383837,HK132_MT1005_L03,MT1005,-18,False,5.7,6.4,4.4,,,5.1,D+,1.5,True,1.79,1.73,Pass
1072,1385750,HK132_MT1005_L03,MT1005,-18,False,6.7,6.2,6.4,,,6.4,C+,2.5,True,2.35,2.36,Pass
1073,1336320,HK132_MT1005_L04,MT1005,-18,False,6.0,7.1,7.5,,,7.1,B,3.0,True,2.09,2.17,Pass
1074,1397732,HK132_MT1005_L04,MT1005,-18,False,7.5,6.0,7.3,,,7.1,B,3.0,True,2.53,2.45,Pass
1075,1305340,HK132_MT1005_L04,MT1005,-18,False,8.7,8.2,8.5,,,8.5,A,4.0,True,3.5,3.26,Pass
1076,1311035,HK132_MT1005_L04,MT1005,-18,False,7.3,9.0,8.5,,,8.4,B+,3.5,True,3.37,3.29,Pass
1077,1335454,HK132_MT1005_L04,MT1005,-18,False,9.0,9.3,7.6,,,8.2,B+,3.5,True,3.37,3.26,Pass
1078,1353723,HK132_MT1005_L04,MT1005,-18,False,4.8,6.1,4.6,,,4.9,D,1.0,True,0.7,1.16,Pass
1079,1391308,HK132_MT1005_L04,MT1005,-18,False,3.5,3.5,3.5,,,3.5,F,0.0,False,0.27,1.0,Fail
1080,1338962,HK132_MT1005_L04,MT1005,-18,False,6.1,6.1,5.7,,,5.9,C,2.0,True,2.26,2.35,Pass
1081,1300648,HK132_MT1005_L04,MT1005,-18,False,5.1,6.6,7.8,,,7.0,B,3.0,True,2.9,2.74,Pass
1082,1336775,HK132_MT1005_L04,MT1005,-18,False,5.4,5.5,5.1,,,5.2,D+,1.5,True,2.03,2.19,Pass
1083,1322151,HK132_MT1005_L04,MT1005,-18,False,6.4,5.8,6.4,,,6.3,C,2.0,True,2.12,2.11,Pass
1084,1314543,HK132_MT1005_L04,MT1005,-18,False,5.7,6.1,5.0,,,5.4,D+,1.5,True,1.7,1.52,Pass
1085,1304019,HK132_MT1005_L04,MT1005,-18,False,8.8,8.4,9.1,,,8.9,A,4.0,True,3.97,3.98,Pass
1086,1332083,HK132_MT1005_L04,MT1005,-18,False,7.4,6.4,8.1,,,7.6,B,3.0,True,3.0,3.0,Pass
1087,1340283,HK132_MT1005_L04,MT1005,-18,False,6.4,6.7,5.4,,,5.9,C,2.0,True,2.41,2.45,Pass
1088,1341878,HK132_MT1005_L04,MT1005,-18,False,6.5,7.1,9.7,,,8.5,A,4.0,True,2.85,2.82,Pass
1089,1346844,HK132_MT1005_L04,MT1005,-18,False,9.6,7.4,7.3,,,7.8,B,3.0,True,2.74,2.79,Pass
1090,1313677,HK132_MT1005_L04,MT1005,-18,False,8.2,8.1,9.2,,,8.8,A,4.0,True,3.26,3.14,Pass
1091,1324201,HK132_MT1005_L04,MT1005,-18,False,6.8,6.5,6.7,,,6.7,C+,2.5,True,2.32,2.45,Pass
1092,1395090,HK132_MT1005_L04,MT1005,-18,False,4.5,5.0,4.9,,,4.8,D,1.0,True,1.5,1.58,Pass
1093,1307390,HK132_MT1005_L04,MT1005,-18,False,7.3,7.4,7.4,,,7.4,B,3.0,True,3.0,3.0,Pass
1094,1301103,HK132_MT1005_L04,MT1005,-18,False,5.0,5.7,4.2,,,4.7,D,1.0,True,1.44,1.38,Pass
1095,1365431,HK132_MT1005_L04,MT1005,-18,False,9.2,6.8,7.3,,,7.6,B,3.0,True,3.1,3.07,Pass
1096,1326388,HK132_MT1005_L04,MT1005,-18,False,9.9,8.6,9.4,,,9.3,A,4.0,True,3.77,3.83,Pass
1097,1380192,HK132_MT1005_L04,MT1005,-18,False,6.3,6.6,6.7,,,6.6,C+,2.5,True,2.15,2.06,Pass
1098,1306206,HK132_MT1005_L04,MT1005,-18,False,6.4,5.1,5.5,,,5.6,C,2.0,True,2.0,1.98,Pass
1099,1386024,HK132_MT1005_L04,MT1005,-18,False,6.6,5.8,6.7,,,6.5,C+,2.5,True,2.85,3.06,Pass
1100,1334588,HK132_MT1005_L04,MT1005,-18,False,7.2,7.4,6.6,,,6.9,C+,2.5,True,2.44,2.48,Pass
1101,1320556,HK132_MT1005_L04,MT1005,-18,False,6.7,8.0,5.9,,,6.5,C+,2.5,True,2.33,2.22,Pass
1102,1369076,HK132_MT1005_L04,MT1005,-18,False,3.6,8.5,4.9,,,5.4,D+,1.5,True,1.53,1.73,Pass
1103,1350807,HK132_MT1005_L04,MT1005,-18,False,5.5,5.0,3.4,,,4.1,D,1.0,True,0.19,1.0,Pass
1104,1337778,HK132_MT1005_L04,MT1005,-18,False,4.9,4.3,4.2,,,4.4,D,1.0,True,1.65,1.67,Pass
1105,1367618,HK132_MT1005_L04,MT1005,-18,False,7.8,6.8,7.4,,,7.4,B,3.0,True,2.82,2.64,Pass
1106,1358415,HK132_MT1005_L04,MT1005,-18,False,7.6,7.2,8.1,,,7.8,B,3.0,True,3.13,2.83,Pass
1107,1325659,HK132_MT1005_L04,MT1005,-18,False,8.7,7.4,8.9,,,8.6,A,4.0,True,3.47,3.29,Pass
1108,1382242,HK132_MT1005_L04,MT1005,-18,False,10.0,7.6,8.7,,,8.7,A,4.0,True,3.63,3.53,Pass
1109,1361786,HK132_MT1005_L04,MT1005,-18,False,8.6,6.6,8.7,,,8.3,B+,3.5,True,3.09,3.14,Pass
1110,1390579,HK132_MT1005_L04,MT1005,-18,False,6.2,7.1,6.9,,,6.8,C+,2.5,True,2.29,2.36,Pass
1111,1396866,HK132_MT1005_L04,MT1005,-18,False,8.0,8.7,7.9,,,8.1,B+,3.5,True,3.33,3.33,Pass
1112,1366889,HK132_MT1005_L04,MT1005,-18,False,6.2,6.5,7.1,,,6.8,C+,2.5,True,2.68,2.58,Pass
1113,1389395,HK132_MT1005_L04,MT1005,-18,False,5.9,4.7,4.5,,,4.8,D,1.0,True,1.5,1.75,Pass
1114,1372310,HK132_MT1005_L04,MT1005,-18,False,4.4,5.9,4.9,,,5.0,D+,1.5,True,1.87,1.74,Pass
1115,1375955,HK132_MT1005_L04,MT1005,-18,False,6.7,6.5,5.7,,,6.1,C,2.0,True,2.24,2.03,Pass
1116,1322288,HK132_MT1005_L04,MT1005,-18,False,7.1,6.9,6.2,,,6.5,C+,2.5,True,2.38,2.2,Pass
1117,1306935,HK132_MT1005_L04,MT1005,-18,False,5.9,7.1,5.7,,,6.0,C,2.0,True,2.29,2.26,Pass
1118,1310761,HK132_MT1005_L04,MT1005,-18,False,8.7,9.4,9.4,,,9.3,A,4.0,True,4.0,3.95,Pass
1119,1310443,HK132_MT1005_L04,MT1005,-18,False,8.0,9.0,8.9,,,8.7,A,4.0,True,4.0,3.9,Pass
1120,1366160,HK132_MT1005_L04,MT1005,-18,False,7.8,7.1,7.0,,,7.2,B,3.0,True,2.38,2.2,Pass
1121,1366297,HK132_MT1005_L04,MT1005,-18,False,6.1,5.7,6.4,,,6.2,C,2.0,True,1.94,2.05,Pass
1122,1359281,HK132_MT1005_L04,MT1005,-18,False,8.9,7.2,8.8,,,8.5,A,4.0,True,3.77,3.57,Pass
1123,1317185,HK132_MT1005_L04,MT1005,-18,False,5.6,6.5,6.1,,,6.1,C,2.0,True,2.26,2.29,Pass
1124,1393358,HK132_MT1005_L04,MT1005,-18,False,6.4,6.9,7.2,,,7.0,B,3.0,True,2.37,2.36,Pass
1125,1343791,HK132_MT1005_L04,MT1005,-18,False,5.8,7.0,5.6,,,5.9,C,2.0,True,1.87,2.27,Pass
1126,1305932,HK132_MT1005_L04,MT1005,-18,False,7.9,7.4,8.3,,,8.0,B+,3.5,True,3.26,3.11,Pass
1127,1336912,HK132_MT1005_L04,MT1005,-18,False,5.7,6.6,6.3,,,6.2,C,2.0,True,2.09,2.11,Pass
1128,1357960,HK132_MT1005_L04,MT1005,-18,False,4.8,4.7,6.3,,,5.7,C,2.0,True,1.44,1.62,Pass
1129,1395819,HK132_MT1005_L04,MT1005,-18,False,6.3,7.2,8.4,,,7.7,B,3.0,True,2.41,2.56,Pass
1130,1309440,HK132_MT1005_L04,MT1005,-18,False,7.4,5.8,6.9,,,6.8,C+,2.5,True,2.38,2.32,Pass
1131,1312948,HK132_MT1005_L04,MT1005,-18,False,7.1,3.6,7.1,,,6.4,C+,2.5,True,2.62,2.61,Pass
1132,1323017,HK132_MT1005_L04,MT1005,-18,False,7.7,7.1,6.2,,,6.7,C+,2.5,True,2.24,2.39,Pass
1133,1389121,HK132_MT1005_L04,MT1005,-18,False,7.1,6.6,8.0,,,7.5,B,3.0,True,3.26,3.26,Pass
1134,1300374,HK132_MT1005_L04,MT1005,-18,False,5.4,7.4,3.7,,,4.8,D,1.0,True,1.47,1.58,Pass
1135,1318780,HK132_MT1005_L04,MT1005,-18,False,8.7,7.3,7.4,,,7.6,B,3.0,True,3.0,2.93,Pass
1136,1364702,HK132_MT1005_L04,MT1005,-18,False,4.9,5.7,5.1,,,5.2,D+,1.5,True,1.68,1.85,Pass
1137,1347162,HK132_MT1005_L04,MT1005,-18,False,5.7,6.7,5.8,,,6.0,C,2.0,True,2.09,2.09,Pass
1138,1310898,HK132_MT1005_L04,MT1005,-18,False,7.7,6.6,6.8,,,6.9,C+,2.5,True,2.24,2.42,Pass
1139,1352994,HK132_MT1005_L04,MT1005,-18,False,6.1,6.3,6.9,,,6.6,C+,2.5,True,2.59,2.36,Pass
1140,1340557,HK132_MT1005_L04,MT1005,-18,False,7.1,6.2,5.9,,,6.2,C,2.0,True,2.3,2.45,Pass
1141,1394224,HK132_MT1005_L04,MT1005,-18,False,5.9,6.3,6.4,,,6.3,C,2.0,True,1.8,1.9,Pass
1142,1387937,HK132_MT1005_L04,MT1005,-18,False,8.2,9.6,7.8,,,8.2,B+,3.5,True,3.07,3.1,Pass
1143,1308393,HK132_MT1005_L04,MT1005,-18,False,8.2,9.0,8.7,,,8.7,A,4.0,True,3.97,3.98,Pass
1144,1347891,HK132_MT1005_L04,MT1005,-18,False,6.4,6.5,4.3,,,5.2,D+,1.5,True,1.71,1.86,Pass
1145,1376821,HK132_MT1005_L04,MT1005,-18,False,6.1,6.2,4.6,,,5.2,D+,1.5,True,2.35,2.44,Pass
1146,1348165,HK132_MT1005_L04,MT1005,-18,False,6.1,4.9,6.1,,,5.9,C,2.0,True,1.74,1.76,Pass
1147,1329030,HK132_MT1005_L04,MT1005,-18,False,5.6,6.7,7.8,,,7.1,B,3.0,True,2.15,2.26,Pass
1148,1315272,HK132_MT1005_L04,MT1005,-18,False,6.0,6.1,5.7,,,5.8,C,2.0,True,2.12,2.18,Pass
1149,1378279,HK132_MT1005_L04,MT1005,-18,False,6.3,6.8,6.2,,,6.3,C,2.0,True,2.35,2.08,Pass
1150,1375500,HK132_MT1005_L04,MT1005,-18,False,7.7,7.5,8.0,,,7.8,B,3.0,True,2.68,2.68,Pass
1151,1362789,HK132_MT1005_L04,MT1005,-18,False,7.9,8.7,8.9,,,8.7,A,4.0,True,3.27,3.38,Pass
1152,1325796,HK132_MT1005_L04,MT1005,-18,False,7.8,5.9,8.8,,,8.0,B+,3.5,True,3.09,3.14,Pass
1153,1320238,HK132_MT1005_L04,MT1005,-18,False,6.3,6.5,6.0,,,6.2,C,2.0,True,2.62,2.59,Pass
1154,1323335,HK132_MT1005_L04,MT1005,-18,False,4.0,3.6,4.2,,,4.0,D,1.0,True,0.18,1.0,Pass
1155,1361923,HK132_MT1005_L04,MT1005,-18,False,7.1,8.8,8.1,,,8.0,B+,3.5,True,3.4,3.34,Pass
1156,1317048,HK132_MT1005_L04,MT1005,-18,False,6.4,6.3,6.9,,,6.7,C+,2.5,True,2.35,2.21,Pass
1157,1355499,HK132_MT1005_L04,MT1005,-18,False,9.3,9.8,10.0,,,9.8,A+,4.0,True,4.0,4.0,Pass
1158,1322880,HK132_MT1005_L04,MT1005,-18,False,4.9,5.7,5.1,,,5.2,D+,1.5,True,1.85,1.83,Pass
1159,1313540,HK132_MT1005_L04,MT1005,-18,False,4.3,5.2,5.1,,,5.0,D+,1.5,True,1.62,1.59,Pass
1160,1320967,HK132_MT1005_L04,MT1005,-18,False,4.4,4.6,3.5,,,3.9,F,0.0,False,1.44,1.6,Fail
1161,1321559,HK132_MT1005_L04,MT1005,-18,False,6.3,7.8,6.5,,,6.7,C+,2.5,True,2.41,2.5,Pass
1162,1382834,HK132_MT1005_L04,MT1005,-18,False,6.0,5.8,6.9,,,6.5,C+,2.5,True,2.4,2.43,Pass
1163,1387663,HK132_MT1005_L04,MT1005,-18,False,8.9,8.2,7.0,,,7.6,B,3.0,True,3.13,3.14,Pass
1164,1364247,HK132_MT1005_L04,MT1005,-18,False,7.6,8.2,6.6,,,7.1,B,3.0,True,2.5,2.32,Pass
1165,1393950,HK132_MT1005_L04,MT1005,-18,False,5.2,5.8,6.0,,,5.8,C,2.0,True,1.7,1.62,Pass
1166,1376229,HK132_MT1005_L04,MT1005,-18,False,8.7,8.3,9.4,,,9.0,A,4.0,True,3.26,3.35,Pass
1167,1304611,HK132_MT1005_L04,MT1005,-18,False,9.2,8.3,8.5,,,8.6,A,4.0,True,3.9,3.95,Pass
1168,1302424,HK132_MT1005_L04,MT1005,-18,False,7.5,5.1,6.0,,,6.1,C,2.0,True,1.79,1.83,Pass
1169,1329759,HK132_MT1005_L04,MT1005,-18,False,7.0,6.1,6.6,,,6.6,C+,2.5,True,2.41,2.55,Pass
1170,1326114,HK132_MT1005_L04,MT1005,-18,False,6.3,7.5,6.8,,,6.8,C+,2.5,True,2.37,2.31,Pass
1171,1331217,HK132_MT1005_L04,MT1005,-18,False,4.0,6.9,5.0,,,5.2,D+,1.5,True,1.53,1.62,Pass
1172,1374634,HK132_MT1005_L05,MT1005,-18,False,6.3,6.7,6.7,,,6.6,C+,2.5,True,1.47,1.64,Pass
1173,1391582,HK132_MT1005_L05,MT1005,-18,False,6.1,7.3,7.8,,,7.4,B,3.0,True,2.59,2.36,Pass
1174,1393632,HK132_MT1005_L05,MT1005,-18,False,8.1,8.3,7.3,,,7.7,B,3.0,True,2.76,2.73,Pass
1175,1371855,HK132_MT1005_L05,MT1005,-18,False,6.3,5.9,4.5,,,5.1,D+,1.5,True,1.59,1.39,Pass
1176,1313951,HK132_MT1005_L05,MT1005,-18,False,7.4,7.0,7.7,,,7.5,B,3.0,True,3.33,3.29,Pass
1177,1394679,HK132_MT1005_L05,MT1005,-18,False,3.3,6.2,4.9,,,4.8,D,1.0,True,1.47,1.61,Pass
1178,1370534,HK132_MT1005_L05,MT1005,-18,False,5.5,7.3,6.1,,,6.2,C,2.0,True,2.32,2.39,Pass
1179,1373176,HK132_MT1005_L05,MT1005,-18,False,5.7,5.2,5.7,,,5.6,C,2.0,True,1.85,1.91,Pass
1180,1362926,HK132_MT1005_L05,MT1005,-18,False,7.9,7.3,8.1,,,7.9,B,3.0,True,3.23,3.31,Pass
1181,1344520,HK132_MT1005_L05,MT1005,-18,False,6.0,6.3,7.2,,,6.8,C+,2.5,True,2.56,2.65,Pass
1182,1351991,HK132_MT1005_L05,MT1005,-18,False,7.4,7.1,7.8,,,7.6,B,3.0,True,2.76,2.62,Pass
1183,1375363,HK132_MT1005_L05,MT1005,-18,False,7.7,8.0,9.1,,,8.6,A,4.0,True,2.62,2.48,Pass
1184,1399919,HK132_MT1005_L05,MT1005,-18,False,7.8,7.5,7.9,,,7.8,B,3.0,True,3.33,3.38,Pass
1185,1325522,HK132_MT1005_L05,MT1005,-18,False,7.2,8.2,4.9,,,6.0,C,2.0,True,2.27,2.21,Pass
1186,1316456,HK132_MT1005_L05,MT1005,-18,False,5.5,5.9,5.0,,,5.3,D+,1.5,True,1.5,1.65,Pass
1187,1390716,HK132_MT1005_L05,MT1005,-18,False,5.3,4.9,5.2,,,5.2,D+,1.5,True,1.62,1.65,Pass
1188,1384292,HK132_MT1005_L05,MT1005,-18,False,5.5,6.5,7.4,,,6.8,C+,2.5,True,2.12,2.42,Pass
1189,1320830,HK132_MT1005_L05,MT1005,-18,False,5.9,7.6,7.8,,,7.4,B,3.0,True,3.07,3.22,Pass
1190,1317322,HK132_MT1005_L05,MT1005,-18,False,6.0,6.7,6.7,,,6.6,C+,2.5,True,2.44,2.38,Pass
1191,1343336,HK132_MT1005_L05,MT1005,-18,False,7.0,6.9,5.2,,,5.9,C,2.0,True,2.41,2.38,Pass
1192,1377413,HK132_MT1005_L05,MT1005,-18,False,5.6,5.7,3.7,,,4.5,D,1.0,True,1.33,1.43,Pass
1193,1338825,HK132_MT1005_L05,MT1005,-18,False,8.3,8.1,6.0,,,6.9,C+,2.5,True,2.97,3.03,Pass
1194,1342196,HK132_MT1005_L05,MT1005,-18,False,8.2,8.6,8.0,,,8.2,B+,3.5,True,3.18,3.12,Pass
1195,1307664,HK132_MT1005_L05,MT1005,-18,False,8.2,7.3,6.9,,,7.2,B,3.0,True,2.47,2.47,Pass
1196,1389987,HK132_MT1005_L05,MT1005,-18,False,9.8,9.1,8.5,,,8.9,A,4.0,True,3.97,3.98,Pass
1197,1313222,HK132_MT1005_L05,MT1005,-18,False,8.9,7.3,9.6,,,9.0,A,4.0,True,3.62,3.45,Pass
1198,1333541,HK132_MT1005_L05,MT1005,-18,False,5.7,7.0,6.0,,,6.1,C,2.0,True,2.21,2.39,Pass
1199,1397869,HK132_MT1005_L05,MT1005,-18,False,10.0,9.0,9.6,,,9.6,A+,4.0,True,4.0,4.0,Pass
1200,1373313,HK132_MT1005_L05,MT1005,-18,False,6.3,8.2,7.6,,,7.5,B,3.0,True,2.93,2.72,Pass
1201,1318051,HK132_MT1005_L05,MT1005,-18,False,8.1,8.1,7.2,,,7.6,B,3.0,True,3.09,3.0,Pass
1202,1375226,HK132_MT1005_L05,MT1005,-18,False,6.9,7.3,7.0,,,7.0,B,3.0,True,2.59,2.53,Pass
1203,1392311,HK132_MT1005_L05,MT1005,-18,False,5.8,5.8,6.3,,,6.1,C,2.0,True,2.27,2.33,Pass
1204,1350352,HK132_MT1005_L05,MT1005,-18,False,8.5,7.4,7.6,,,7.7,B,3.0,True,3.33,3.17,Pass
1205,1385613,HK132_MT1005_L05,MT1005,-18,False,6.7,6.5,7.0,,,6.8,C+,2.5,True,2.47,2.45,Pass
1206,1338370,HK132_MT1005_L05,MT1005,-18,False,9.5,8.2,9.4,,,9.2,A,4.0,True,3.89,3.83,Pass
1207,1368073,HK132_MT1005_L05,MT1005,-18,False,6.4,6.9,6.6,,,6.6,C+,2.5,True,2.32,2.29,Pass
1208,1315727,HK132_MT1005_L05,MT1005,-18,False,6.7,4.9,6.7,,,6.3,C,2.0,True,2.15,2.27,Pass
1209,1369668,HK132_MT1005_L05,MT1005,-18,False,6.5,6.4,7.1,,,6.8,C+,2.5,True,2.47,2.41,Pass
1210,1354452,HK132_MT1005_L05,MT1005,-18,False,6.5,7.5,7.7,,,7.4,B,3.0,True,3.1,3.21,Pass
1211,1399782,HK132_MT1005_L05,MT1005,-18,False,7.5,8.4,9.2,,,8.7,A,4.0,True,3.23,3.19,Pass
1212,1380784,HK132_MT1005_L05,MT1005,-18,False,6.8,6.7,6.1,,,6.4,C+,2.5,True,2.21,2.2,Pass
1213,1308256,HK132_MT1005_L05,MT1005,-18,False,5.8,6.8,6.1,,,6.2,C,2.0,True,2.47,2.52,Pass
1214,1344657,HK132_MT1005_L05,MT1005,-18,False,6.6,5.4,6.6,,,6.4,C+,2.5,True,2.13,2.12,Pass
1215,1308848,HK132_MT1005_L05,MT1005,-18,False,7.4,7.1,7.4,,,7.3,B,3.0,True,3.03,3.0,Pass
1216,1303427,HK132_MT1005_L05,MT1005,-18,False,6.6,6.4,6.8,,,6.7,C+,2.5,True,2.62,2.47,Pass
1217,1362060,HK132_MT1005_L05,MT1005,-18,False,6.9,8.3,8.4,,,8.1,B+,3.5,True,3.43,3.59,Pass
1218,1351673,HK132_MT1005_L05,MT1005,-18,False,6.7,6.9,6.2,,,6.4,C+,2.5,True,2.21,2.29,Pass
1219,1358689,HK132_MT1005_L05,MT1005,-18,False,6.8,6.9,6.0,,,6.3,C,2.0,True,2.12,2.35,Pass
1220,1329622,HK132_MT1005_L05,MT1005,-18,False,5.9,6.1,4.8,,,5.3,D+,1.5,True,1.85,1.74,Pass
1221,1363244,HK132_MT1005_L05,MT1005,-18,False,10.0,9.1,8.7,,,9.0,A,4.0,True,4.0,3.93,Pass
1222,1357823,HK132_MT1005_L05,MT1005,-18,False,5.9,5.9,6.3,,,6.1,C,2.0,True,2.15,2.05,Pass
1223,1316319,HK132_MT1005_L05,MT1005,-18,False,5.6,7.0,6.8,,,6.6,C+,2.5,True,2.41,2.36,Pass
1224,1346707,HK132_MT1005_L05,MT1005,-18,False,3.4,4.1,4.6,,,4.3,D,1.0,True,0.19,1.0,Pass
1225,1349623,HK132_MT1005_L05,MT1005,-18,False,6.9,7.7,6.2,,,6.6,C+,2.5,True,2.65,2.65,Pass
1226,1327846,HK132_MT1005_L05,MT1005,-18,False,7.8,6.4,6.7,,,6.9,C+,2.5,True,2.5,2.64,Pass
1227,1399190,HK132_MT1005_L05,MT1005,-18,False,6.9,6.8,6.8,,,6.8,C+,2.5,True,2.6,2.55,Pass
1228,1324793,HK132_MT1005_L05,MT1005,-18,False,9.7,10.0,10.0,,,9.9,A+,4.0,True,4.0,4.0,Pass
1229,1373039,HK132_MT1005_L05,MT1005,-18,False,7.2,8.0,6.7,,,7.1,B,3.0,True,2.74,2.7,Pass
1230,1370397,HK132_MT1005_L05,MT1005,-18,False,7.7,7.1,6.5,,,6.9,C+,2.5,True,3.03,2.95,Pass
1231,1360602,HK132_MT1005_L05,MT1005,-18,False,4.4,3.8,6.1,,,5.3,D+,1.5,True,0.27,1.25,Pass
1232,1304748,HK132_MT1005_L05,MT1005,-18,False,8.5,8.4,7.4,,,7.8,B,3.0,True,3.37,3.26,Pass
1233,1367481,HK132_MT1005_L05,MT1005,-18,False,7.4,7.6,9.0,,,8.4,B+,3.5,True,3.23,3.14,Pass
1234,1316593,HK132_MT1005_L05,MT1005,-18,False,7.6,5.6,6.6,,,6.6,C+,2.5,True,2.32,2.21,Pass
1235,1361468,HK132_MT1005_L05,MT1005,-18,False,5.4,5.4,4.6,,,4.9,D,1.0,True,1.53,1.47,Pass
1236,1313085,HK132_MT1005_L05,MT1005,-18,False,6.9,6.3,6.4,,,6.5,C+,2.5,True,2.09,2.14,Pass
1237,1387071,HK132_MT1005_L05,MT1005,-18,False,9.4,8.1,9.1,,,9.0,A,4.0,True,3.7,3.74,Pass
1238,1384566,HK132_MT1005_L05,MT1005,-18,False,8.3,6.7,8.7,,,8.2,B+,3.5,True,3.26,3.35,Pass
1239,1379008,HK132_MT1005_L05,MT1005,-18,False,7.5,6.4,5.8,,,6.3,C,2.0,True,2.74,2.68,Pass
1240,1363518,HK132_MT1005_L05,MT1005,-18,False,7.7,5.5,7.2,,,7.0,B,3.0,True,3.03,2.97,Pass
1241,1337504,HK132_MT1005_L05,MT1005,-18,False,6.1,4.6,6.3,,,5.9,C,2.0,True,1.88,1.91,Pass
1242,1323609,HK132_MT1005_L05,MT1005,-18,False,8.3,7.8,9.1,,,8.7,A,4.0,True,4.0,4.0,Pass
1243,1302561,HK132_MT1005_L05,MT1005,-18,False,6.1,7.9,9.6,,,8.6,A,4.0,True,3.47,3.29,Pass
1244,1398916,HK132_MT1005_L05,MT1005,-18,False,9.0,7.6,7.7,,,7.9,B,3.0,True,3.2,3.17,Pass
1245,1359418,HK132_MT1005_L05,MT1005,-18,False,3.7,4.8,4.6,,,4.5,D,1.0,True,0.5,1.0,Pass
1246,1392903,HK132_MT1005_L05,MT1005,-18,False,6.6,6.9,6.3,,,6.5,C+,2.5,True,2.33,2.31,Pass
1247,1336046,HK132_MT1005_L05,MT1005,-18,False,9.1,8.4,8.3,,,8.5,A,4.0,True,3.72,3.67,Pass
1248,1325067,HK132_MT1005_L05,MT1005,-18,False,9.0,8.3,9.0,,,8.9,A,4.0,True,3.03,2.86,Pass
1249,1337049,HK132_MT1005_L05,MT1005,-18,False,8.3,7.0,7.0,,,7.3,B,3.0,True,3.0,3.05,Pass
1250,1348757,HK132_MT1005_L05,MT1005,-18,False,6.3,4.3,5.4,,,5.4,D+,1.5,True,1.41,1.42,Pass
1251,1343062,HK132_MT1005_L05,MT1005,-18,False,6.6,5.1,6.7,,,6.4,C+,2.5,True,2.29,2.32,Pass
1252,1381787,HK132_MT1005_L05,MT1005,-18,False,8.2,8.2,7.9,,,8.0,B+,3.5,True,3.67,3.7,Pass
1253,1308711,HK132_MT1005_L05,MT1005,-18,False,7.4,9.6,7.7,,,8.0,B+,3.5,True,3.47,3.61,Pass
1254,1339828,HK132_MT1005_L05,MT1005,-18,False,7.6,7.5,7.6,,,7.6,B,3.0,True,3.17,3.38,Pass
1255,1355773,HK132_MT1005_L05,MT1005,-18,False,5.3,5.8,4.8,,,5.1,D+,1.5,True,2.0,1.91,Pass
1256,1333130,HK132_MT1005_L05,MT1005,-18,False,8.8,8.1,8.1,,,8.2,B+,3.5,True,3.2,3.17,Pass
1257,1349486,HK132_MT1005_L05,MT1005,-18,False,9.0,8.5,8.4,,,8.5,A,4.0,True,3.59,3.59,Pass
1258,1398598,HK132_MT1005_L05,MT1005,-18,False,6.6,6.8,7.5,,,7.2,B,3.0,True,2.79,2.73,Pass
1259,1350670,HK132_MT1005_L05,MT1005,-18,False,5.0,7.2,7.0,,,6.6,C+,2.5,True,2.35,2.53,Pass
1260,1385021,HK132_MT1005_L05,MT1005,-18,False,6.9,7.5,5.9,,,6.4,C+,2.5,True,2.35,2.24,Pass
1261,1379463,HK132_MT1005_L05,MT1005,-18,False,8.0,8.6,7.5,,,7.8,B,3.0,True,3.3,3.14,Pass
1262,1392037,HK132_MT1005_L05,MT1005,-18,False,7.5,7.6,7.4,,,7.5,B,3.0,True,3.15,3.05,Pass
1263,1399645,HK132_MT1005_L05,MT1005,-18,False,5.1,4.8,5.5,,,5.3,D+,1.5,True,1.79,1.67,Pass
1264,1318188,HK132_MT1005_L05,MT1005,-18,False,6.9,6.6,7.2,,,7.0,B,3.0,True,2.68,2.58,Pass
1265,1389850,HK132_MT1005_L05,MT1005,-18,False,6.1,4.8,5.2,,,5.3,D+,1.5,True,1.53,1.58,Pass
1266,1387800,HK132_MT1005_L05,MT1005,-18,False,5.7,6.3,6.8,,,6.5,C+,2.5,True,2.29,2.24,Pass
1267,1356957,HK132_MT1005_L05,MT1005,-18,False,4.4,6.1,2.7,,,3.7,F,0.0,False,1.32,1.72,Fail
1268,1371126,HK132_MT1005_L05,MT1005,-18,False,5.4,6.2,6.2,,,6.0,C,2.0,True,1.6,1.71,Pass
1269,1368939,HK132_MT1005_L05,MT1005,-18,False,5.1,7.0,4.1,,,4.9,D,1.0,True,2.0,2.27,Pass
1270,1395408,HK132_MT1005_L05,MT1005,-18,False,6.7,5.9,7.1,,,6.8,C+,2.5,True,2.06,2.14,Pass
1271,1304156,HK132_MT1007_L01,MT1007,-18,False,4.1,3.2,3.3,,,3.4,F,0.0,False,0.18,1.0,Fail
1272,1303290,HK132_MT1007_L01,MT1007,-18,False,7.7,7.9,9.4,,,8.6,A,4.0,True,3.2,3.17,Pass
1273,1362652,HK132_MT1007_L01,MT1007,-18,False,4.2,3.6,5.5,,,4.7,D,1.0,True,1.32,1.47,Pass
1274,1311035,HK132_MT1007_L01,MT1007,-18,False,8.2,8.3,7.1,,,7.7,B,3.0,True,3.37,3.29,Pass
1275,1391900,HK132_MT1007_L01,MT1007,-18,False,5.5,5.1,5.0,,,5.1,D+,1.5,True,1.94,1.97,Pass
1276,1371581,HK132_MT1007_L01,MT1007,-18,False,7.4,8.1,7.2,,,7.5,B,3.0,True,2.68,2.64,Pass
1277,1318051,HK132_MT1007_L01,MT1007,-18,False,7.4,7.3,7.0,,,7.2,B,3.0,True,3.09,3.0,Pass
1278,1388666,HK132_MT1007_L01,MT1007,-18,False,7.7,8.1,7.6,,,7.8,B,3.0,True,3.0,3.12,Pass
1279,1311764,HK132_MT1007_L01,MT1007,-18,False,5.9,7.2,5.7,,,6.2,C,2.0,True,1.41,1.44,Pass
1280,1354178,HK132_MT1007_L01,MT1007,-18,False,5.6,4.9,5.9,,,5.5,C,2.0,True,2.37,2.31,Pass
1281,1315727,HK132_MT1007_L01,MT1007,-18,False,6.3,6.7,5.7,,,6.1,C,2.0,True,2.15,2.27,Pass
1282,1373313,HK132_MT1007_L01,MT1007,-18,False,7.7,6.9,7.8,,,7.5,B,3.0,True,2.93,2.72,Pass
1283,1342333,HK132_MT1007_L01,MT1007,-18,False,5.3,6.0,6.9,,,6.3,C,2.0,True,2.35,2.26,Pass
1284,1314543,HK132_MT1007_L01,MT1007,-18,False,5.2,6.4,6.6,,,6.3,C,2.0,True,1.7,1.52,Pass
1285,1397869,HK132_MT1007_L01,MT1007,-18,False,9.8,9.3,9.6,,,9.6,A+,4.0,True,4.0,4.0,Pass
1286,1359873,HK132_MT1007_L01,MT1007,-18,False,6.7,6.9,6.0,,,6.4,C+,2.5,True,2.53,2.33,Pass
1287,1316730,HK132_MT1007_L01,MT1007,-18,False,8.2,7.6,9.2,,,8.5,A,4.0,True,4.0,3.83,Pass
1288,1310898,HK132_MT1007_L01,MT1007,-18,False,6.3,6.4,7.1,,,6.7,C+,2.5,True,2.24,2.42,Pass
1289,1375818,HK132_MT1007_L01,MT1007,-18,False,7.2,8.0,9.1,,,8.4,B+,3.5,True,3.03,3.09,Pass
1290,1371126,HK132_MT1007_L01,MT1007,-18,False,7.3,5.8,6.3,,,6.3,C,2.0,True,1.6,1.71,Pass
1291,1312219,HK132_MT1007_L01,MT1007,-18,False,8.8,8.8,9.5,,,9.2,A,4.0,True,4.0,4.0,Pass
1292,1342925,HK132_MT1007_L01,MT1007,-18,False,6.7,4.5,5.5,,,5.4,D+,1.5,True,1.97,2.14,Pass
1293,1378279,HK132_MT1007_L01,MT1007,-18,False,6.6,7.5,8.1,,,7.6,B,3.0,True,2.35,2.08,Pass
1294,1329759,HK132_MT1007_L01,MT1007,-18,False,7.2,5.8,6.4,,,6.4,C+,2.5,True,2.41,2.55,Pass
1295,1387800,HK132_MT1007_L01,MT1007,-18,False,6.6,6.2,6.4,,,6.4,C+,2.5,True,2.29,2.24,Pass
1296,1331080,HK132_MT1007_L01,MT1007,-18,False,8.0,7.5,7.8,,,7.8,B,3.0,True,3.1,3.38,Pass
1297,1349623,HK132_MT1007_L01,MT1007,-18,False,7.7,7.2,5.4,,,6.4,C+,2.5,True,2.65,2.65,Pass
1298,1334725,HK132_MT1007_L01,MT1007,-18,False,8.4,7.8,9.5,,,8.8,A,4.0,True,3.97,3.98,Pass
1299,1382834,HK132_MT1007_L01,MT1007,-18,False,6.6,6.4,7.2,,,6.8,C+,2.5,True,2.4,2.43,Pass
1300,1309577,HK132_MT1007_L01,MT1007,-18,False,6.5,7.6,6.5,,,6.8,C+,2.5,True,2.38,2.35,Pass
1301,1326843,HK132_MT1007_L01,MT1007,-18,False,6.8,5.8,5.5,,,5.8,C,2.0,True,2.15,2.15,Pass
1302,1395545,HK132_MT1007_L01,MT1007,-18,False,4.3,4.8,4.0,,,4.3,D,1.0,True,0.64,1.0,Pass
1303,1372721,HK132_MT1007_L01,MT1007,-18,False,8.2,8.4,6.6,,,7.5,B,3.0,True,2.93,2.9,Pass
1304,1364247,HK132_MT1007_L01,MT1007,-18,False,8.2,6.5,5.7,,,6.4,C+,2.5,True,2.5,2.32,Pass
1305,1354452,HK132_MT1007_L01,MT1007,-18,False,9.1,7.9,7.9,,,8.1,B+,3.5,True,3.1,3.21,Pass
1306,1378871,HK132_MT1007_L01,MT1007,-18,False,9.2,6.0,8.0,,,7.6,B,3.0,True,3.13,3.17,Pass
1307,1377868,HK132_MT1007_L01,MT1007,-18,False,6.8,7.5,6.8,,,7.0,B,3.0,True,2.47,2.39,Pass
1308,1319827,HK132_MT1007_L01,MT1007,-18,False,6.5,5.4,6.6,,,6.2,C,2.0,True,2.44,2.33,Pass
1309,1359418,HK132_MT1007_L01,MT1007,-18,False,3.5,4.5,4.4,,,4.2,D,1.0,True,0.5,1.0,Pass
1310,1381650,HK132_MT1007_L01,MT1007,-18,False,5.5,5.0,6.1,,,5.7,C,2.0,True,2.06,2.17,Pass
1311,1317322,HK132_MT1007_L01,MT1007,-18,False,6.5,5.7,6.5,,,6.3,C,2.0,True,2.44,2.38,Pass
1312,1387208,HK132_MT1007_L01,MT1007,-18,False,5.9,9.1,7.9,,,7.9,B,3.0,True,3.1,3.1,Pass
1313,1326114,HK132_MT1007_L01,MT1007,-18,False,7.1,7.0,7.9,,,7.5,B,3.0,True,2.37,2.31,Pass
1314,1357686,HK132_MT1007_L01,MT1007,-18,False,9.3,7.0,8.2,,,8.1,B+,3.5,True,3.71,3.59,Pass
1315,1345249,HK132_MT1007_L01,MT1007,-18,False,9.5,7.1,9.3,,,8.7,A,4.0,True,3.3,3.21,Pass
1316,1372584,HK132_MT1007_L01,MT1007,-18,False,7.8,8.2,7.3,,,7.7,B,3.0,True,3.1,2.98,Pass
1317,1356639,HK132_MT1007_L01,MT1007,-18,False,6.1,6.4,6.8,,,6.5,C+,2.5,True,2.03,2.08,Pass
1318,1348028,HK132_MT1007_L01,MT1007,-18,False,7.0,7.4,5.3,,,6.3,C,2.0,True,2.63,2.59,Pass
1319,1341741,HK132_MT1007_L01,MT1007,-18,False,7.1,6.9,8.8,,,7.9,B,3.0,True,3.23,3.14,Pass
1320,1333130,HK132_MT1007_L01,MT1007,-18,False,7.3,8.4,8.6,,,8.3,B+,3.5,True,3.2,3.17,Pass
1321,1342196,HK132_MT1007_L01,MT1007,-18,False,6.6,7.1,7.4,,,7.2,B,3.0,True,3.18,3.12,Pass
1322,1338096,HK132_MT1007_L01,MT1007,-18,False,4.8,7.7,7.9,,,7.2,B,3.0,True,2.53,2.53,Pass
1323,1382242,HK132_MT1007_L01,MT1007,-18,False,8.6,8.5,8.1,,,8.3,B+,3.5,True,3.63,3.53,Pass
1324,1394361,HK132_MT1007_L01,MT1007,-18,False,9.2,7.6,9.7,,,9.0,A,4.0,True,3.33,3.34,Pass
1325,1353131,HK132_MT1007_L01,MT1007,-18,False,7.7,8.6,7.2,,,7.7,B,3.0,True,3.09,3.36,Pass
1326,1304474,HK132_MT1007_L01,MT1007,-18,False,6.6,5.6,5.6,,,5.8,C,2.0,True,1.71,1.55,Pass
1327,1318506,HK132_MT1007_L01,MT1007,-18,False,5.1,5.7,5.8,,,5.6,C,2.0,True,1.65,1.82,Pass
1328,1372447,HK132_MT1007_L01,MT1007,-18,False,7.2,7.7,7.2,,,7.3,B,3.0,True,3.0,3.0,Pass
1329,1314998,HK132_MT1007_L01,MT1007,-18,False,6.3,6.7,6.6,,,6.6,C+,2.5,True,2.47,2.29,Pass
1330,1376092,HK132_MT1007_L01,MT1007,-18,False,7.0,6.7,6.4,,,6.6,C+,2.5,True,2.74,2.61,Pass
1331,1361468,HK132_MT1007_L01,MT1007,-18,False,6.5,4.9,6.0,,,5.8,C,2.0,True,1.53,1.47,Pass
1332,1332675,HK132_MT1007_L01,MT1007,-18,False,8.8,8.0,8.1,,,8.2,B+,3.5,True,3.2,3.24,Pass
1333,1316319,HK132_MT1007_L01,MT1007,-18,False,7.2,6.3,7.5,,,7.1,B,3.0,True,2.41,2.36,Pass
1334,1378734,HK132_MT1007_L01,MT1007,-18,False,5.0,5.5,4.7,,,5.0,D+,1.5,True,0.79,1.21,Pass
1335,1348620,HK132_MT1007_L01,MT1007,-18,False,8.0,9.0,9.6,,,9.1,A,4.0,True,4.0,4.0,Pass
1336,1369213,HK132_MT1007_L01,MT1007,-18,False,8.0,8.1,8.8,,,8.4,B+,3.5,True,3.7,3.6,Pass
1337,1373768,HK132_MT1007_L01,MT1007,-18,False,8.6,8.4,8.4,,,8.4,B+,3.5,True,3.44,3.44,Pass
1338,1325796,HK132_MT1007_L01,MT1007,-18,False,8.0,6.9,8.2,,,7.8,B,3.0,True,3.09,3.14,Pass
1339,1343791,HK132_MT1007_L01,MT1007,-18,False,5.0,5.1,5.9,,,5.5,C,2.0,True,1.87,2.27,Pass
1340,1310032,HK132_MT1007_L01,MT1007,-18,False,7.0,7.2,7.0,,,7.1,B,3.0,True,2.97,2.67,Pass
1341,1358552,HK132_MT1007_L01,MT1007,-18,False,6.3,6.3,6.1,,,6.2,C,2.0,True,2.26,2.39,Pass
1342,1378005,HK132_MT1007_L01,MT1007,-18,False,7.0,7.6,7.7,,,7.5,B,3.0,True,2.93,2.9,Pass
1343,1350215,HK132_MT1007_L01,MT1007,-18,False,7.2,6.6,6.5,,,6.7,C+,2.5,True,2.24,2.15,Pass
1344,1313222,HK132_MT1007_L01,MT1007,-18,False,7.9,9.0,6.8,,,7.7,B,3.0,True,3.62,3.45,Pass
1345,1364976,HK132_MT1007_L01,MT1007,-18,False,8.8,7.7,8.9,,,8.5,A,4.0,True,3.35,3.29,Pass
1346,1376547,HK132_MT1007_L01,MT1007,-18,False,5.4,3.7,5.6,,,5.0,D+,1.5,True,0.21,1.19,Pass
1347,1324930,HK132_MT1007_L01,MT1007,-18,False,4.3,4.2,5.1,,,4.7,D,1.0,True,0.7,1.0,Pass
1348,1301969,HK132_MT1007_L01,MT1007,-18,False,8.2,6.1,7.1,,,7.0,B,3.0,True,2.5,2.39,Pass
1349,1375226,HK132_MT1007_L01,MT1007,-18,False,6.0,7.4,6.9,,,6.9,C+,2.5,True,2.59,2.53,Pass
1350,1373176,HK132_MT1007_L01,MT1007,-18,False,5.4,5.0,6.9,,,6.0,C,2.0,True,1.85,1.91,Pass
1351,1370397,HK132_MT1007_L01,MT1007,-18,False,8.0,6.9,6.7,,,7.0,B,3.0,True,3.03,2.95,Pass
1352,1340283,HK132_MT1007_L01,MT1007,-18,False,6.9,6.8,6.5,,,6.7,C+,2.5,True,2.41,2.45,Pass
1353,1360147,HK132_MT1007_L01,MT1007,-18,False,6.6,8.0,7.6,,,7.5,B,3.0,True,3.27,3.1,Pass
1354,1347162,HK132_MT1007_L01,MT1007,-18,False,5.3,6.9,7.6,,,6.9,C+,2.5,True,2.09,2.09,Pass
1355,1392037,HK132_MT1007_L01,MT1007,-18,False,7.9,7.6,8.0,,,7.9,B,3.0,True,3.15,3.05,Pass
1356,1388074,HK132_MT1007_L01,MT1007,-18,False,5.2,5.7,6.6,,,6.0,C,2.0,True,2.18,2.26,Pass
1357,1362515,HK132_MT1007_L01,MT1007,-18,False,8.8,9.9,9.5,,,9.5,A+,4.0,True,3.87,3.93,Pass
1358,1354315,HK132_MT1007_L01,MT1007,-18,False,6.7,4.4,5.9,,,5.6,C,2.0,True,2.15,2.32,Pass
1359,1344383,HK132_MT1007_L01,MT1007,-18,False,8.0,9.8,8.1,,,8.6,A,4.0,True,3.3,3.47,Pass
1360,1343062,HK132_MT1007_L01,MT1007,-18,False,6.9,7.0,6.1,,,6.5,C+,2.5,True,2.29,2.32,Pass
1361,1361194,HK132_MT1007_L01,MT1007,-18,False,7.7,5.9,7.2,,,6.9,C+,2.5,True,2.93,3.02,Pass
1362,1366752,HK132_MT1007_L01,MT1007,-18,False,6.0,7.3,4.6,,,5.7,C,2.0,True,2.15,2.17,Pass
1363,1319964,HK132_MT1007_L01,MT1007,-18,False,7.8,7.0,6.6,,,7.0,B,3.0,True,3.13,2.98,Pass
1364,1397595,HK132_MT1007_L01,MT1007,-18,False,7.3,7.0,5.8,,,6.5,C+,2.5,True,2.15,2.24,Pass
1365,1305203,HK132_MT1007_L01,MT1007,-18,False,4.9,5.7,7.3,,,6.3,C,2.0,True,2.35,2.12,Pass
1366,1383700,HK132_MT1007_L01,MT1007,-18,False,7.9,8.2,8.0,,,8.0,B+,3.5,True,3.06,3.03,Pass
1367,1323746,HK132_MT1007_L01,MT1007,-18,False,7.1,6.6,5.4,,,6.1,C,2.0,True,2.27,2.4,Pass
1368,1387663,HK132_MT1007_L01,MT1007,-18,False,8.0,7.4,7.5,,,7.6,B,3.0,True,3.13,3.14,Pass
1369,1394953,HK132_MT1007_L01,MT1007,-18,False,5.8,6.9,7.1,,,6.8,C+,2.5,True,2.24,2.3,Pass
1370,1348757,HK132_MT1007_L01,MT1007,-18,False,5.5,4.1,6.2,,,5.4,D+,1.5,True,1.41,1.42,Pass
1371,1373905,HK132_MT1007_L02,MT1007,-18,False,6.5,7.7,6.4,,,6.8,C+,2.5,True,2.44,2.23,Pass
1372,1361331,HK132_MT1007_L02,MT1007,-18,False,8.4,8.1,8.5,,,8.4,B+,3.5,True,3.18,3.3,Pass
1373,1381513,HK132_MT1007_L02,MT1007,-18,False,8.0,8.0,6.6,,,7.3,B,3.0,True,3.0,3.12,Pass
1374,1336912,HK132_MT1007_L02,MT1007,-18,False,4.9,5.7,6.2,,,5.8,C,2.0,True,2.09,2.11,Pass
1375,1324475,HK132_MT1007_L02,MT1007,-18,False,7.4,5.9,6.0,,,6.2,C,2.0,True,2.26,2.18,Pass
1376,1322288,HK132_MT1007_L02,MT1007,-18,False,7.0,6.8,6.4,,,6.6,C+,2.5,True,2.38,2.2,Pass
1377,1367481,HK132_MT1007_L02,MT1007,-18,False,8.9,8.6,7.8,,,8.3,B+,3.5,True,3.23,3.14,Pass
1378,1396274,HK132_MT1007_L02,MT1007,-18,False,6.2,6.0,6.7,,,6.4,C+,2.5,True,2.62,2.32,Pass
1379,1374497,HK132_MT1007_L02,MT1007,-18,False,6.9,8.1,7.0,,,7.3,B,3.0,True,3.0,3.0,Pass
1380,1304748,HK132_MT1007_L02,MT1007,-18,False,6.3,6.8,7.3,,,6.9,C+,2.5,True,3.37,3.26,Pass
1381,1382105,HK132_MT1007_L02,MT1007,-18,False,7.2,8.6,6.8,,,7.4,B,3.0,True,3.0,3.12,Pass
1382,1391171,HK132_MT1007_L02,MT1007,-18,False,7.3,7.2,9.3,,,8.3,B+,3.5,True,3.73,3.33,Pass
1383,1312493,HK132_MT1007_L02,MT1007,-18,False,7.0,7.8,7.0,,,7.2,B,3.0,True,3.1,3.05,Pass
1384,1340146,HK132_MT1007_L02,MT1007,-18,False,6.1,6.3,6.6,,,6.4,C+,2.5,True,2.15,2.29,Pass
1385,1381058,HK132_MT1007_L02,MT1007,-18,False,7.0,8.8,6.8,,,7.4,B,3.0,True,3.13,3.14,Pass
1386,1322743,HK132_MT1007_L02,MT1007,-18,False,5.7,5.0,7.7,,,6.5,C+,2.5,True,2.32,2.33,Pass
1387,1366297,HK132_MT1007_L02,MT1007,-18,False,5.8,5.7,4.3,,,5.0,D+,1.5,True,1.94,2.05,Pass
1388,1378597,HK132_MT1007_L02,MT1007,-18,False,4.0,7.0,6.1,,,6.0,C,2.0,True,2.3,2.05,Pass
1389,1310306,HK132_MT1007_L02,MT1007,-18,False,9.7,9.0,9.5,,,9.4,A,4.0,True,3.97,3.98,Pass
1390,1360465,HK132_MT1007_L02,MT1007,-18,False,5.0,6.0,6.7,,,6.2,C,2.0,True,2.15,2.35,Pass
1391,1378142,HK132_MT1007_L02,MT1007,-18,False,7.3,7.1,8.0,,,7.6,B,3.0,True,3.27,3.07,Pass
1392,1345841,HK132_MT1007_L02,MT1007,-18,False,4.4,4.5,3.3,,,3.9,F,0.0,False,0.0,1.0,Fail
1393,1325067,HK132_MT1007_L02,MT1007,-18,False,5.9,7.3,7.3,,,7.0,B,3.0,True,3.03,2.86,Pass
1394,1310169,HK132_MT1007_L02,MT1007,-18,False,6.9,6.1,6.8,,,6.6,C+,2.5,True,2.91,2.83,Pass
1395,1330033,HK132_MT1007_L02,MT1007,-18,False,6.0,5.8,6.5,,,6.2,C,2.0,True,2.15,2.26,Pass
1396,1323609,HK132_MT1007_L02,MT1007,-18,False,8.6,8.9,9.7,,,9.2,A,4.0,True,4.0,4.0,Pass
1397,1386024,HK132_MT1007_L02,MT1007,-18,False,7.2,6.7,7.0,,,7.0,B,3.0,True,2.85,3.06,Pass
1398,1360739,HK132_MT1007_L02,MT1007,-18,False,7.3,7.5,7.0,,,7.2,B,3.0,True,3.13,3.34,Pass
1399,1396866,HK132_MT1007_L02,MT1007,-18,False,9.7,7.9,8.1,,,8.4,B+,3.5,True,3.33,3.33,Pass
1400,1385158,HK132_MT1007_L02,MT1007,-18,False,8.0,6.3,6.8,,,6.9,C+,2.5,True,3.3,3.21,Pass
1401,1369076,HK132_MT1007_L02,MT1007,-18,False,5.0,5.4,4.4,,,4.8,D,1.0,True,1.53,1.73,Pass
1402,1318780,HK132_MT1007_L02,MT1007,-18,False,7.1,8.1,7.0,,,7.3,B,3.0,True,3.0,2.93,Pass
1403,1393950,HK132_MT1007_L02,MT1007,-18,False,4.8,5.6,4.1,,,4.7,D,1.0,True,1.7,1.62,Pass
1404,1387071,HK132_MT1007_L02,MT1007,-18,False,9.4,8.4,9.3,,,9.1,A,4.0,True,3.7,3.74,Pass
1405,1302698,HK132_MT1007_L02,MT1007,-18,False,7.1,7.7,7.3,,,7.4,B,3.0,True,3.43,3.22,Pass
1406,1324793,HK132_MT1007_L02,MT1007,-18,False,10.0,10.0,9.8,,,9.9,A+,4.0,True,4.0,4.0,Pass
1407,1369668,HK132_MT1007_L02,MT1007,-18,False,6.6,5.9,6.2,,,6.2,C,2.0,True,2.47,2.41,Pass
1408,1351991,HK132_MT1007_L02,MT1007,-18,False,7.0,6.9,7.3,,,7.1,B,3.0,True,2.76,2.62,Pass
1409,1352720,HK132_MT1007_L02,MT1007,-18,False,7.7,7.5,7.5,,,7.5,B,3.0,True,3.0,3.11,Pass
1410,1384429,HK132_MT1007_L02,MT1007,-18,False,6.1,6.2,7.8,,,7.0,B,3.0,True,2.32,2.33,Pass
1411,1305477,HK132_MT1007_L02,MT1007,-18,False,6.1,7.1,5.8,,,6.2,C,2.0,True,2.71,2.79,Pass
1412,1347436,HK132_MT1007_L02,MT1007,-18,False,6.0,6.6,6.2,,,6.3,C,2.0,True,2.35,2.48,Pass
1413,1371855,HK132_MT1007_L02,MT1007,-18,False,5.5,4.8,6.1,,,5.6,C,2.0,True,1.59,1.39,Pass
1414,1389258,HK132_MT1007_L02,MT1007,-18,False,9.0,9.6,9.5,,,9.4,A,4.0,True,4.0,4.0,Pass
1415,1357823,HK132_MT1007_L02,MT1007,-18,False,6.4,5.0,6.3,,,5.9,C,2.0,True,2.15,2.05,Pass
1416,1334862,HK132_MT1007_L02,MT1007,-18,False,8.9,8.0,7.7,,,8.0,B+,3.5,True,2.93,2.91,Pass
1417,1354907,HK132_MT1007_L02,MT1007,-18,False,7.9,9.0,8.6,,,8.6,A,4.0,True,3.56,3.69,Pass
1418,1308985,HK132_MT1007_L02,MT1007,-18,False,6.1,6.8,6.7,,,6.6,C+,2.5,True,3.15,3.02,Pass
1419,1343654,HK132_MT1007_L02,MT1007,-18,False,6.7,5.2,6.3,,,6.1,C,2.0,True,2.13,2.07,Pass
1420,1397140,HK132_MT1007_L02,MT1007,-18,False,6.2,5.7,6.2,,,6.1,C,2.0,True,1.65,1.71,Pass
1421,1320830,HK132_MT1007_L02,MT1007,-18,False,8.1,7.9,7.1,,,7.5,B,3.0,True,3.07,3.22,Pass
1422,1333404,HK132_MT1007_L02,MT1007,-18,False,6.6,6.0,6.2,,,6.2,C,2.0,True,2.44,2.42,Pass
1423,1315135,HK132_MT1007_L02,MT1007,-18,False,8.5,8.8,7.7,,,8.2,B+,3.5,True,3.23,3.38,Pass
1424,1375089,HK132_MT1007_L02,MT1007,-18,False,6.6,6.2,5.4,,,5.9,C,2.0,True,2.17,2.1,Pass
1425,1319372,HK132_MT1007_L02,MT1007,-18,False,7.3,8.3,7.8,,,7.8,B,3.0,True,3.03,3.02,Pass
1426,1366434,HK132_MT1007_L02,MT1007,-18,False,7.4,8.5,7.9,,,8.0,B+,3.5,True,3.43,3.43,Pass
1427,1332538,HK132_MT1007_L02,MT1007,-18,False,7.5,9.0,9.4,,,8.9,A,4.0,True,3.83,3.5,Pass
1428,1317048,HK132_MT1007_L02,MT1007,-18,False,7.5,5.0,6.1,,,6.0,C,2.0,True,2.35,2.21,Pass
1429,1327983,HK132_MT1007_L02,MT1007,-18,False,7.9,7.7,8.3,,,8.0,B+,3.5,True,3.1,3.05,Pass
1430,1336183,HK132_MT1007_L02,MT1007,-18,False,7.3,6.6,7.2,,,7.0,B,3.0,True,2.79,2.83,Pass
1431,1394224,HK132_MT1007_L02,MT1007,-18,False,5.0,6.0,5.0,,,5.3,D+,1.5,True,1.8,1.9,Pass
1432,1350944,HK132_MT1007_L02,MT1007,-18,False,7.8,7.9,8.1,,,8.0,B+,3.5,True,3.32,3.21,Pass
1433,1335909,HK132_MT1007_L02,MT1007,-18,False,5.7,6.7,4.8,,,5.5,C,2.0,True,2.59,2.42,Pass
1434,1313677,HK132_MT1007_L02,MT1007,-18,False,7.4,8.8,7.6,,,7.9,B,3.0,True,3.26,3.14,Pass
1435,1357960,HK132_MT1007_L02,MT1007,-18,False,5.3,4.9,6.1,,,5.6,C,2.0,True,1.44,1.62,Pass
1436,1392174,HK132_MT1007_L02,MT1007,-18,False,8.6,8.0,8.7,,,8.5,A,4.0,True,3.97,3.88,Pass
1437,1327254,HK132_MT1007_L02,MT1007,-18,False,5.5,5.4,6.6,,,6.0,C,2.0,True,2.35,2.14,Pass
1438,1304019,HK132_MT1007_L02,MT1007,-18,False,9.3,8.3,9.6,,,9.2,A,4.0,True,3.97,3.98,Pass
1439,1394087,HK132_MT1007_L02,MT1007,-18,False,7.3,7.4,5.5,,,6.4,C+,2.5,True,2.47,2.58,Pass
1440,1339417,HK132_MT1007_L02,MT1007,-18,False,6.1,5.9,5.0,,,5.5,C,2.0,True,2.53,2.4,Pass
1441,1326388,HK132_MT1007_L02,MT1007,-18,False,9.0,8.8,8.2,,,8.5,A,4.0,True,3.77,3.83,Pass
1442,1325522,HK132_MT1007_L02,MT1007,-18,False,6.3,5.4,6.2,,,6.0,C,2.0,True,2.27,2.21,Pass
1443,1337367,HK132_MT1007_L02,MT1007,-18,False,5.0,4.5,6.8,,,5.8,C,2.0,True,1.2,1.59,Pass
1444,1371992,HK132_MT1007_L02,MT1007,-18,False,5.6,6.9,6.4,,,6.4,C+,2.5,True,1.97,2.16,Pass
1445,1302424,HK132_MT1007_L02,MT1007,-18,False,6.0,5.5,5.8,,,5.8,C,2.0,True,1.79,1.83,Pass
1446,1352265,HK132_MT1007_L02,MT1007,-18,False,7.9,8.3,7.6,,,7.9,B,3.0,True,3.23,3.12,Pass
1447,1346570,HK132_MT1007_L02,MT1007,-18,False,5.3,5.4,4.9,,,5.1,D+,1.5,True,1.44,1.44,Pass
1448,1395682,HK132_MT1007_L02,MT1007,-18,False,5.8,6.4,8.3,,,7.2,B,3.0,True,2.53,2.44,Pass
1449,1391308,HK132_MT1007_L02,MT1007,-18,False,3.8,4.9,3.6,,,4.0,D,1.0,True,0.27,1.0,Pass
1450,1392629,HK132_MT1007_L02,MT1007,-18,False,5.6,5.5,6.1,,,5.8,C,2.0,True,2.15,2.2,Pass
1451,1377276,HK132_MT1007_L02,MT1007,-18,False,6.2,4.8,5.8,,,5.6,C,2.0,True,1.88,1.92,Pass
1452,1360602,HK132_MT1007_L02,MT1007,-18,False,4.4,4.1,3.6,,,3.9,F,0.0,False,0.27,1.25,Fail
1453,1340420,HK132_MT1007_L02,MT1007,-18,False,6.2,4.7,6.0,,,5.7,C,2.0,True,1.82,1.73,Pass
1454,1310761,HK132_MT1007_L02,MT1007,-18,False,9.9,9.7,9.6,,,9.7,A+,4.0,True,4.0,3.95,Pass
1455,1360010,HK132_MT1007_L02,MT1007,-18,False,5.6,6.7,6.0,,,6.1,C,2.0,True,1.79,1.65,Pass
1456,1390579,HK132_MT1007_L02,MT1007,-18,False,6.8,5.9,7.3,,,6.8,C+,2.5,True,2.29,2.36,Pass
1457,1306935,HK132_MT1007_L02,MT1007,-18,False,6.2,7.2,5.6,,,6.2,C,2.0,True,2.29,2.26,Pass
1458,1321285,HK132_MT1007_L02,MT1007,-18,False,6.0,8.1,8.3,,,7.8,B,3.0,True,3.5,3.48,Pass
1459,1376229,HK132_MT1007_L02,MT1007,-18,False,10.0,8.2,6.6,,,7.8,B,3.0,True,3.26,3.35,Pass
1460,1395408,HK132_MT1007_L02,MT1007,-18,False,6.2,6.1,5.3,,,5.7,C,2.0,True,2.06,2.14,Pass
1461,1372310,HK132_MT1007_L02,MT1007,-18,False,6.2,5.2,5.3,,,5.5,C,2.0,True,1.87,1.74,Pass
1462,1398187,HK132_MT1007_L02,MT1007,-18,False,7.6,7.5,6.5,,,7.0,B,3.0,True,2.83,2.78,Pass
1463,1338370,HK132_MT1007_L02,MT1007,-18,False,8.0,8.4,8.9,,,8.6,A,4.0,True,3.89,3.83,Pass
1464,1311901,HK132_MT1007_L02,MT1007,-18,False,7.3,6.8,7.0,,,7.0,B,3.0,True,2.47,2.39,Pass
1465,1343199,HK132_MT1007_L02,MT1007,-18,False,5.9,5.4,7.9,,,6.8,C+,2.5,True,2.18,2.17,Pass
1466,1396411,HK132_MT1007_L02,MT1007,-18,False,8.3,7.4,7.7,,,7.7,B,3.0,True,3.0,3.2,Pass
1467,1370260,HK132_MT1007_L02,MT1007,-18,False,6.4,6.0,5.8,,,6.0,C,2.0,True,2.12,2.0,Pass
1468,1357094,HK132_MT1007_L02,MT1007,-18,False,8.8,8.5,8.1,,,8.4,B+,3.5,True,3.47,3.45,Pass
1469,1365705,HK132_MT1007_L02,MT1007,-18,False,7.6,8.5,6.9,,,7.5,B,3.0,True,3.23,3.33,Pass
1470,1369942,HK132_MT1007_L02,MT1007,-18,False,5.1,5.9,6.3,,,5.9,C,2.0,True,2.18,2.21,Pass
1471,1320238,HK132_MT1007_L03,MT1007,-18,False,8.3,7.7,8.2,,,8.1,B+,3.5,True,2.62,2.59,Pass
1472,1356957,HK132_MT1007_L03,MT1007,-18,False,5.9,5.1,5.4,,,5.4,D+,1.5,True,1.32,1.72,Pass
1473,1350807,HK132_MT1007_L03,MT1007,-18,False,4.5,3.0,4.3,,,3.9,F,0.0,False,0.19,1.0,Fail
1474,1346115,HK132_MT1007_L03,MT1007,-18,False,6.5,5.7,7.0,,,6.5,C+,2.5,True,2.5,2.39,Pass
1475,1327709,HK132_MT1007_L03,MT1007,-18,False,7.4,7.8,7.0,,,7.3,B,3.0,True,2.29,2.39,Pass
1476,1355910,HK132_MT1007_L03,MT1007,-18,False,5.1,7.4,3.6,,,5.0,D+,1.5,True,2.24,2.32,Pass
1477,1333996,HK132_MT1007_L03,MT1007,-18,False,9.9,8.1,8.6,,,8.7,A,4.0,True,3.97,3.98,Pass
1478,1332083,HK132_MT1007_L03,MT1007,-18,False,6.0,7.6,7.0,,,7.0,B,3.0,True,3.0,3.0,Pass
1479,1371718,HK132_MT1007_L03,MT1007,-18,False,7.2,8.7,8.5,,,8.3,B+,3.5,True,3.44,3.41,Pass
1480,1324338,HK132_MT1007_L03,MT1007,-18,False,5.4,5.3,6.2,,,5.8,C,2.0,True,1.97,2.07,Pass
1481,1341012,HK132_MT1007_L03,MT1007,-18,False,6.6,4.0,4.3,,,4.7,D,1.0,True,1.53,1.52,Pass
1482,1303745,HK132_MT1007_L03,MT1007,-18,False,9.3,9.9,7.2,,,8.4,B+,3.5,True,3.73,3.74,Pass
1483,1356365,HK132_MT1007_L03,MT1007,-18,False,7.5,7.4,7.6,,,7.5,B,3.0,True,3.23,3.19,Pass
1484,1384884,HK132_MT1007_L03,MT1007,-18,False,6.6,9.1,7.6,,,7.8,B,3.0,True,3.2,3.24,Pass
1485,1314269,HK132_MT1007_L03,MT1007,-18,False,8.1,8.8,8.7,,,8.6,A,4.0,True,3.97,3.71,Pass
1486,1315272,HK132_MT1007_L03,MT1007,-18,False,5.1,7.2,6.2,,,6.3,C,2.0,True,2.12,2.18,Pass
1487,1336046,HK132_MT1007_L03,MT1007,-18,False,10.0,7.7,6.7,,,7.7,B,3.0,True,3.72,3.67,Pass
1488,1385750,HK132_MT1007_L03,MT1007,-18,False,6.7,6.7,6.0,,,6.3,C,2.0,True,2.35,2.36,Pass
1489,1370989,HK132_MT1007_L03,MT1007,-18,False,7.0,6.5,6.8,,,6.8,C+,2.5,True,2.53,2.5,Pass
1490,1300237,HK132_MT1007_L03,MT1007,-18,False,7.6,8.6,9.0,,,8.6,A,4.0,True,3.6,3.53,Pass
1491,1318188,HK132_MT1007_L03,MT1007,-18,False,7.7,8.6,5.6,,,6.9,C+,2.5,True,2.68,2.58,Pass
1492,1389121,HK132_MT1007_L03,MT1007,-18,False,7.9,7.4,8.3,,,8.0,B+,3.5,True,3.26,3.26,Pass
1493,1347891,HK132_MT1007_L03,MT1007,-18,False,5.8,5.3,6.0,,,5.8,C,2.0,True,1.71,1.86,Pass
1494,1329030,HK132_MT1007_L03,MT1007,-18,False,5.6,6.4,5.7,,,5.9,C,2.0,True,2.15,2.26,Pass
1495,1311172,HK132_MT1007_L03,MT1007,-18,False,5.6,4.9,7.0,,,6.1,C,2.0,True,1.68,1.62,Pass
1496,1367618,HK132_MT1007_L03,MT1007,-18,False,7.8,6.4,7.0,,,7.0,B,3.0,True,2.82,2.64,Pass
1497,1386616,HK132_MT1007_L03,MT1007,-18,False,5.2,3.7,4.0,,,4.2,D,1.0,True,0.32,1.0,Pass
1498,1323017,HK132_MT1007_L03,MT1007,-18,False,5.4,6.8,7.6,,,6.9,C+,2.5,True,2.24,2.39,Pass
1499,1352128,HK132_MT1007_L03,MT1007,-18,False,7.2,8.6,8.5,,,8.3,B+,3.5,True,3.23,3.26,Pass
1500,1343336,HK132_MT1007_L03,MT1007,-18,False,6.5,6.4,6.3,,,6.4,C+,2.5,True,2.41,2.38,Pass
1501,1397732,HK132_MT1007_L03,MT1007,-18,False,6.8,7.3,6.0,,,6.5,C+,2.5,True,2.53,2.45,Pass
1502,1346433,HK132_MT1007_L03,MT1007,-18,False,8.2,8.8,8.3,,,8.4,B+,3.5,True,3.5,3.45,Pass
1503,1328438,HK132_MT1007_L03,MT1007,-18,False,6.4,6.9,6.1,,,6.4,C+,2.5,True,2.65,2.79,Pass
1504,1377550,HK132_MT1007_L03,MT1007,-18,False,4.6,4.2,4.8,,,4.6,D,1.0,True,1.65,1.48,Pass
1505,1363973,HK132_MT1007_L03,MT1007,-18,False,5.8,3.8,4.7,,,4.7,D,1.0,True,1.41,1.47,Pass
1506,1334270,HK132_MT1007_L03,MT1007,-18,False,6.9,7.2,5.7,,,6.4,C+,2.5,True,2.47,2.48,Pass
1507,1365431,HK132_MT1007_L03,MT1007,-18,False,7.2,7.1,7.8,,,7.5,B,3.0,True,3.1,3.07,Pass
1508,1333267,HK132_MT1007_L03,MT1007,-18,False,5.5,5.7,5.1,,,5.4,D+,1.5,True,0.95,1.22,Pass
1509,1309714,HK132_MT1007_L03,MT1007,-18,False,8.1,7.5,7.3,,,7.5,B,3.0,True,2.65,2.88,Pass
1510,1302106,HK132_MT1007_L03,MT1007,-18,False,7.1,7.3,7.1,,,7.2,B,3.0,True,2.76,2.55,Pass
1511,1333541,HK132_MT1007_L03,MT1007,-18,False,7.7,7.2,7.2,,,7.3,B,3.0,True,2.21,2.39,Pass
1512,1353449,HK132_MT1007_L03,MT1007,-18,False,10.0,8.8,9.1,,,9.2,A,4.0,True,4.0,4.0,Pass
1513,1397003,HK132_MT1007_L03,MT1007,-18,False,5.6,7.0,6.4,,,6.4,C+,2.5,True,2.15,2.27,Pass
1514,1301377,HK132_MT1007_L03,MT1007,-18,False,7.8,7.3,5.1,,,6.3,C,2.0,True,2.06,2.03,Pass
1515,1356228,HK132_MT1007_L03,MT1007,-18,False,6.0,7.6,5.9,,,6.4,C+,2.5,True,2.32,2.38,Pass
1516,1363244,HK132_MT1007_L03,MT1007,-18,False,8.4,9.7,8.8,,,9.0,A,4.0,True,4.0,3.93,Pass
1517,1341149,HK132_MT1007_L03,MT1007,-18,False,5.0,5.8,6.3,,,5.9,C,2.0,True,1.5,1.61,Pass
1518,1331217,HK132_MT1007_L03,MT1007,-18,False,5.1,5.9,5.4,,,5.5,C,2.0,True,1.53,1.62,Pass
1519,1313951,HK132_MT1007_L03,MT1007,-18,False,7.6,9.1,8.7,,,8.6,A,4.0,True,3.33,3.29,Pass
1520,1312948,HK132_MT1007_L03,MT1007,-18,False,7.4,7.1,7.7,,,7.5,B,3.0,True,2.62,2.61,Pass
1521,1359281,HK132_MT1007_L03,MT1007,-18,False,9.4,7.9,7.7,,,8.1,B+,3.5,True,3.77,3.57,Pass
1522,1398598,HK132_MT1007_L03,MT1007,-18,False,8.1,7.5,7.2,,,7.5,B,3.0,True,2.79,2.73,Pass
1523,1358415,HK132_MT1007_L03,MT1007,-18,False,7.4,7.0,9.8,,,8.5,A,4.0,True,3.13,2.83,Pass
1524,1319235,HK132_MT1007_L03,MT1007,-18,False,9.7,7.8,7.7,,,8.1,B+,3.5,True,3.7,3.74,Pass
1525,1366889,HK132_MT1007_L03,MT1007,-18,False,8.2,5.4,7.2,,,6.9,C+,2.5,True,2.68,2.58,Pass
1526,1351399,HK132_MT1007_L03,MT1007,-18,False,5.7,6.8,7.0,,,6.7,C+,2.5,True,2.38,2.23,Pass
1527,1388392,HK132_MT1007_L03,MT1007,-18,False,4.0,4.2,4.3,,,4.2,D,1.0,True,0.3,1.0,Pass
1528,1317185,HK132_MT1007_L03,MT1007,-18,False,5.8,6.0,7.1,,,6.5,C+,2.5,True,2.26,2.29,Pass
1529,1300966,HK132_MT1007_L03,MT1007,-18,False,4.6,6.0,5.7,,,5.6,C,2.0,True,1.62,1.65,Pass
1530,1344520,HK132_MT1007_L03,MT1007,-18,False,7.4,7.6,6.6,,,7.1,B,3.0,True,2.56,2.65,Pass
1531,1350670,HK132_MT1007_L03,MT1007,-18,False,5.6,6.4,5.0,,,5.5,C,2.0,True,2.35,2.53,Pass
1532,1304885,HK132_MT1007_L03,MT1007,-18,False,7.9,5.6,5.2,,,5.9,C,2.0,True,2.18,2.17,Pass
1533,1300511,HK132_MT1007_L03,MT1007,-18,False,8.7,8.8,8.7,,,8.7,A,4.0,True,3.43,3.34,Pass
1534,1317777,HK132_MT1007_L03,MT1007,-18,False,7.7,8.2,7.4,,,7.7,B,3.0,True,2.8,2.9,Pass
1535,1328301,HK132_MT1007_L03,MT1007,-18,False,4.4,7.0,5.7,,,5.8,C,2.0,True,1.59,1.74,Pass
1536,1304611,HK132_MT1007_L03,MT1007,-18,False,8.4,8.3,8.5,,,8.4,B+,3.5,True,3.9,3.95,Pass
1537,1352994,HK132_MT1007_L03,MT1007,-18,False,7.3,6.2,7.3,,,7.0,B,3.0,True,2.59,2.36,Pass
1538,1302561,HK132_MT1007_L03,MT1007,-18,False,9.3,7.6,10.0,,,9.1,A,4.0,True,3.47,3.29,Pass
1539,1385613,HK132_MT1007_L03,MT1007,-18,False,6.5,6.1,7.1,,,6.7,C+,2.5,True,2.47,2.45,Pass
1540,1381376,HK132_MT1007_L03,MT1007,-18,False,7.2,6.9,8.2,,,7.6,B,3.0,True,3.23,3.31,Pass
1541,1368802,HK132_MT1007_L03,MT1007,-18,False,8.6,7.6,8.0,,,8.0,B+,3.5,True,2.88,2.91,Pass
1542,1324064,HK132_MT1007_L03,MT1007,-18,False,6.9,7.5,7.2,,,7.2,B,3.0,True,2.41,2.45,Pass
1543,1367026,HK132_MT1007_L03,MT1007,-18,False,8.4,10.0,7.9,,,8.6,A,4.0,True,3.6,3.72,Pass
1544,1398461,HK132_MT1007_L03,MT1007,-18,False,5.0,8.0,8.9,,,7.8,B,3.0,True,3.3,3.47,Pass
1545,1379008,HK132_MT1007_L03,MT1007,-18,False,7.7,7.7,7.4,,,7.6,B,3.0,True,2.74,2.68,Pass
1546,1385021,HK132_MT1007_L03,MT1007,-18,False,7.4,5.7,5.8,,,6.1,C,2.0,True,2.35,2.24,Pass
1547,1345386,HK132_MT1007_L03,MT1007,-18,False,8.4,7.5,6.6,,,7.2,B,3.0,True,3.27,3.07,Pass
1548,1394679,HK132_MT1007_L03,MT1007,-18,False,6.0,4.8,6.3,,,5.8,C,2.0,True,1.47,1.61,Pass
1549,1335454,HK132_MT1007_L03,MT1007,-18,False,8.2,8.5,8.4,,,8.4,B+,3.5,True,3.37,3.26,Pass
1550,1337778,HK132_MT1007_L03,MT1007,-18,False,5.9,4.2,7.2,,,6.0,C,2.0,True,1.65,1.67,Pass
1551,1315864,HK132_MT1007_L03,MT1007,-18,False,6.5,6.7,9.5,,,8.1,B+,3.5,True,2.26,2.17,Pass
1552,1384566,HK132_MT1007_L03,MT1007,-18,False,9.0,8.5,8.1,,,8.4,B+,3.5,True,3.26,3.35,Pass
1553,1344065,HK132_MT1007_L03,MT1007,-18,False,9.4,7.9,8.8,,,8.7,A,4.0,True,3.83,3.8,Pass
1554,1363381,HK132_MT1007_L03,MT1007,-18,False,8.3,8.0,6.5,,,7.3,B,3.0,True,3.0,3.12,Pass
1555,1390124,HK132_MT1007_L03,MT1007,-18,False,7.8,7.8,8.6,,,8.2,B+,3.5,True,3.21,3.29,Pass
1556,1389987,HK132_MT1007_L03,MT1007,-18,False,9.3,9.8,8.1,,,8.9,A,4.0,True,3.97,3.98,Pass
1557,1352857,HK132_MT1007_L03,MT1007,-18,False,9.6,8.6,10.0,,,9.5,A+,4.0,True,3.97,3.98,Pass
1558,1340557,HK132_MT1007_L03,MT1007,-18,False,8.7,7.1,7.2,,,7.5,B,3.0,True,2.3,2.45,Pass
1559,1339099,HK132_MT1007_L03,MT1007,-18,False,7.4,7.2,8.4,,,7.8,B,3.0,True,2.97,3.02,Pass
1560,1397458,HK132_MT1007_L03,MT1007,-18,False,6.0,5.6,6.4,,,6.1,C,2.0,True,2.21,2.17,Pass
1561,1322880,HK132_MT1007_L03,MT1007,-18,False,6.1,6.3,5.6,,,5.9,C,2.0,True,1.85,1.83,Pass
1562,1373039,HK132_MT1007_L03,MT1007,-18,False,7.1,5.8,7.0,,,6.7,C+,2.5,True,2.74,2.7,Pass
1563,1368210,HK132_MT1007_L03,MT1007,-18,False,10.0,10.0,10.0,,,10.0,A+,4.0,True,4.0,4.0,Pass
1564,1365294,HK132_MT1007_L03,MT1007,-18,False,10.0,9.6,9.9,,,9.8,A+,4.0,True,4.0,4.0,Pass
1565,1392766,HK132_MT1007_L03,MT1007,-18,False,6.4,6.4,6.7,,,6.6,C+,2.5,True,2.74,2.62,Pass
1566,1334133,HK132_MT1007_L03,MT1007,-18,False,8.5,8.0,8.6,,,8.4,B+,3.5,True,3.63,3.81,Pass
1567,1390716,HK132_MT1007_L03,MT1007,-18,False,5.6,5.7,5.4,,,5.5,C,2.0,True,1.62,1.65,Pass
1568,1348894,HK132_MT1007_L03,MT1007,-18,False,5.1,6.1,6.6,,,6.1,C,2.0,True,2.13,2.0,Pass
1569,1342607,HK132_MT1007_L03,MT1007,-18,False,4.2,5.0,5.2,,,4.9,D,1.0,True,1.59,1.47,Pass
1570,1320967,HK132_MT1007_L04,MT1007,-18,False,5.7,5.7,7.4,,,6.6,C+,2.5,True,1.44,1.6,Pass
1571,1375363,HK132_MT1007_L04,MT1007,-18,False,6.7,6.5,7.8,,,7.2,B,3.0,True,2.62,2.48,Pass
1572,1380784,HK132_MT1007_L04,MT1007,-18,False,5.1,6.0,5.7,,,5.7,C,2.0,True,2.21,2.2,Pass
1573,1329622,HK132_MT1007_L04,MT1007,-18,False,4.6,5.8,5.3,,,5.3,D+,1.5,True,1.85,1.74,Pass
1574,1321559,HK132_MT1007_L04,MT1007,-18,False,6.1,6.3,5.3,,,5.8,C,2.0,True,2.41,2.5,Pass
1575,1369531,HK132_MT1007_L04,MT1007,-18,False,6.2,2.8,6.4,,,5.3,D+,1.5,True,1.74,2.02,Pass
1576,1396137,HK132_MT1007_L04,MT1007,-18,False,8.4,8.0,8.4,,,8.3,B+,3.5,True,3.53,3.41,Pass
1577,1393495,HK132_MT1007_L04,MT1007,-18,False,6.6,8.5,8.3,,,8.0,B+,3.5,True,2.85,2.73,Pass
1578,1317459,HK132_MT1007_L04,MT1007,-18,False,7.5,7.9,7.4,,,7.6,B,3.0,True,3.2,3.17,Pass
1579,1324201,HK132_MT1007_L04,MT1007,-18,False,6.6,6.1,6.2,,,6.2,C,2.0,True,2.32,2.45,Pass
1580,1347299,HK132_MT1007_L04,MT1007,-18,False,6.0,7.9,6.7,,,6.9,C+,2.5,True,2.53,2.53,Pass
1581,1391582,HK132_MT1007_L04,MT1007,-18,False,5.9,6.1,6.8,,,6.4,C+,2.5,True,2.59,2.36,Pass
1582,1349349,HK132_MT1007_L04,MT1007,-18,False,5.2,5.9,4.6,,,5.1,D+,1.5,True,1.62,1.68,Pass
1583,1370534,HK132_MT1007_L04,MT1007,-18,False,6.6,8.0,5.0,,,6.2,C,2.0,True,2.32,2.39,Pass
1584,1337049,HK132_MT1007_L04,MT1007,-18,False,7.3,7.7,7.5,,,7.5,B,3.0,True,3.0,3.05,Pass
1585,1355499,HK132_MT1007_L04,MT1007,-18,False,9.8,9.1,10.0,,,9.7,A+,4.0,True,4.0,4.0,Pass
1586,1301240,HK132_MT1007_L04,MT1007,-18,False,8.2,8.0,8.1,,,8.1,B+,3.5,True,3.27,3.14,Pass
1587,1359007,HK132_MT1007_L04,MT1007,-18,False,6.3,7.8,7.1,,,7.1,B,3.0,True,2.41,2.36,Pass
1588,1394816,HK132_MT1007_L04,MT1007,-18,False,5.1,5.8,6.6,,,6.1,C,2.0,True,2.35,2.3,Pass
1589,1379463,HK132_MT1007_L04,MT1007,-18,False,7.3,7.5,8.8,,,8.1,B+,3.5,True,3.3,3.14,Pass
1590,1306798,HK132_MT1007_L04,MT1007,-18,False,8.2,8.1,8.2,,,8.2,B+,3.5,True,3.09,3.17,Pass
1591,1366023,HK132_MT1007_L04,MT1007,-18,False,7.0,6.4,8.2,,,7.4,B,3.0,True,2.77,2.71,Pass
1592,1338233,HK132_MT1007_L04,MT1007,-18,False,7.2,6.0,7.0,,,6.7,C+,2.5,True,2.29,2.18,Pass
1593,1331354,HK132_MT1007_L04,MT1007,-18,False,7.2,7.1,6.2,,,6.7,C+,2.5,True,2.09,2.26,Pass
1594,1368939,HK132_MT1007_L04,MT1007,-18,False,5.5,7.9,5.5,,,6.2,C,2.0,True,2.0,2.27,Pass
1595,1380921,HK132_MT1007_L04,MT1007,-18,False,8.9,9.4,9.3,,,9.2,A,4.0,True,4.0,4.0,Pass
1596,1335317,HK132_MT1007_L04,MT1007,-18,False,6.3,5.9,5.9,,,6.0,C,2.0,True,2.24,2.08,Pass
1597,1381787,HK132_MT1007_L04,MT1007,-18,False,8.7,7.9,8.1,,,8.2,B+,3.5,True,3.67,3.7,Pass
1598,1327846,HK132_MT1007_L04,MT1007,-18,False,5.3,6.7,7.0,,,6.6,C+,2.5,True,2.5,2.64,Pass
1599,1399053,HK132_MT1007_L04,MT1007,-18,False,6.9,6.0,6.4,,,6.4,C+,2.5,True,2.3,2.34,Pass
1600,1374771,HK132_MT1007_L04,MT1007,-18,False,8.1,8.1,7.6,,,7.8,B,3.0,True,3.1,3.24,Pass
1601,1351673,HK132_MT1007_L04,MT1007,-18,False,6.5,7.0,5.2,,,6.0,C,2.0,True,2.21,2.29,Pass
1602,1346844,HK132_MT1007_L04,MT1007,-18,False,7.5,9.3,6.8,,,7.7,B,3.0,True,2.74,2.79,Pass
1603,1379326,HK132_MT1007_L04,MT1007,-18,False,8.9,7.5,8.1,,,8.1,B+,3.5,True,3.29,3.27,Pass
1604,1369805,HK132_MT1007_L04,MT1007,-18,False,8.4,8.5,9.1,,,8.8,A,4.0,True,3.8,3.64,Pass
1605,1339554,HK132_MT1007_L04,MT1007,-18,False,8.3,8.7,7.2,,,7.9,B,3.0,True,3.37,3.43,Pass
1606,1399645,HK132_MT1007_L04,MT1007,-18,False,5.9,4.7,5.2,,,5.2,D+,1.5,True,1.79,1.67,Pass
1607,1307390,HK132_MT1007_L04,MT1007,-18,False,6.2,8.5,7.8,,,7.7,B,3.0,True,3.0,3.0,Pass
1608,1321422,HK132_MT1007_L04,MT1007,-18,False,7.7,7.6,7.7,,,7.7,B,3.0,True,3.0,3.0,Pass
1609,1311627,HK132_MT1007_L04,MT1007,-18,False,5.7,5.6,5.8,,,5.7,C,2.0,True,2.24,1.97,Pass
1610,1349486,HK132_MT1007_L04,MT1007,-18,False,8.4,8.7,7.5,,,8.0,B+,3.5,True,3.59,3.59,Pass
1611,1316001,HK132_MT1007_L04,MT1007,-18,False,8.2,7.7,8.4,,,8.2,B+,3.5,True,3.3,3.22,Pass
1612,1343928,HK132_MT1007_L04,MT1007,-18,False,9.7,8.9,10.0,,,9.6,A+,4.0,True,4.0,4.0,Pass
1613,1376684,HK132_MT1007_L04,MT1007,-18,False,6.6,4.6,7.3,,,6.3,C,2.0,True,2.12,2.15,Pass
1614,1303153,HK132_MT1007_L04,MT1007,-18,False,7.8,6.1,6.7,,,6.7,C+,2.5,True,2.24,2.26,Pass
1615,1312356,HK132_MT1007_L04,MT1007,-18,False,7.6,5.8,7.6,,,7.1,B,3.0,True,2.76,2.8,Pass
1616,1355773,HK132_MT1007_L04,MT1007,-18,False,6.0,6.1,5.7,,,5.9,C,2.0,True,2.0,1.91,Pass
1617,1356502,HK132_MT1007_L04,MT1007,-18,False,5.9,6.0,6.2,,,6.1,C,2.0,True,2.24,2.18,Pass
1618,1317914,HK132_MT1007_L04,MT1007,-18,False,6.7,6.6,6.9,,,6.8,C+,2.5,True,2.65,2.67,Pass
1619,1380055,HK132_MT1007_L04,MT1007,-18,False,6.9,6.3,7.4,,,7.0,B,3.0,True,2.47,2.32,Pass
1620,1327572,HK132_MT1007_L04,MT1007,-18,False,7.2,7.2,8.6,,,7.9,B,3.0,True,2.97,2.98,Pass
1621,1329167,HK132_MT1007_L04,MT1007,-18,False,9.3,8.6,7.6,,,8.2,B+,3.5,True,3.92,3.95,Pass
1622,1380329,HK132_MT1007_L04,MT1007,-18,False,7.9,7.1,8.0,,,7.7,B,3.0,True,3.12,3.09,Pass
1623,1355636,HK132_MT1007_L04,MT1007,-18,False,6.0,6.3,5.8,,,6.0,C,2.0,True,1.59,1.61,Pass
1624,1303427,HK132_MT1007_L04,MT1007,-18,False,7.2,7.1,6.1,,,6.6,C+,2.5,True,2.62,2.47,Pass
1625,1361786,HK132_MT1007_L04,MT1007,-18,False,6.0,7.8,7.5,,,7.3,B,3.0,True,3.09,3.14,Pass
1626,1308711,HK132_MT1007_L04,MT1007,-18,False,8.3,8.8,8.1,,,8.4,B+,3.5,True,3.47,3.61,Pass
1627,1364702,HK132_MT1007_L04,MT1007,-18,False,5.6,5.1,4.9,,,5.1,D+,1.5,True,1.68,1.85,Pass
1628,1362060,HK132_MT1007_L04,MT1007,-18,False,8.1,8.5,8.0,,,8.2,B+,3.5,True,3.43,3.59,Pass
1629,1307982,HK132_MT1007_L04,MT1007,-18,False,8.0,7.8,6.4,,,7.1,B,3.0,True,3.07,2.91,Pass
1630,1361923,HK132_MT1007_L04,MT1007,-18,False,7.7,9.1,8.9,,,8.7,A,4.0,True,3.4,3.34,Pass
1631,1345112,HK132_MT1007_L04,MT1007,-18,False,6.4,6.8,7.8,,,7.2,B,3.0,True,2.41,2.44,Pass
1632,1398916,HK132_MT1007_L04,MT1007,-18,False,8.4,7.2,8.3,,,8.0,B+,3.5,True,3.2,3.17,Pass
1633,1320556,HK132_MT1007_L04,MT1007,-18,False,7.0,6.0,6.5,,,6.5,C+,2.5,True,2.33,2.22,Pass
1634,1323472,HK132_MT1007_L04,MT1007,-18,False,7.3,7.8,6.8,,,7.2,B,3.0,True,2.62,2.61,Pass
1635,1337504,HK132_MT1007_L04,MT1007,-18,False,6.7,4.8,5.3,,,5.4,D+,1.5,True,1.88,1.91,Pass
1636,1309440,HK132_MT1007_L04,MT1007,-18,False,4.2,5.7,6.1,,,5.6,C,2.0,True,2.38,2.32,Pass
1637,1301103,HK132_MT1007_L04,MT1007,-18,False,5.7,4.9,4.9,,,5.1,D+,1.5,True,1.44,1.38,Pass
1638,1336638,HK132_MT1007_L04,MT1007,-18,False,7.9,8.4,8.1,,,8.1,B+,3.5,True,3.47,3.09,Pass
1639,1353860,HK132_MT1007_L04,MT1007,-18,False,7.4,5.9,5.9,,,6.2,C,2.0,True,1.94,2.08,Pass
1640,1322151,HK132_MT1007_L04,MT1007,-18,False,7.0,4.4,5.7,,,5.6,C,2.0,True,2.12,2.11,Pass
1641,1305932,HK132_MT1007_L04,MT1007,-18,False,7.6,8.5,7.9,,,8.0,B+,3.5,True,3.26,3.11,Pass
1642,1348165,HK132_MT1007_L04,MT1007,-18,False,6.1,6.0,6.5,,,6.3,C,2.0,True,1.74,1.76,Pass
1643,1364110,HK132_MT1007_L04,MT1007,-18,False,8.0,7.1,8.4,,,7.9,B,3.0,True,3.07,3.21,Pass
1644,1389850,HK132_MT1007_L04,MT1007,-18,False,5.2,6.4,3.8,,,4.9,D,1.0,True,1.53,1.58,Pass
1645,1334588,HK132_MT1007_L04,MT1007,-18,False,7.0,6.7,7.2,,,7.0,B,3.0,True,2.44,2.48,Pass
1646,1301695,HK132_MT1007_L04,MT1007,-18,False,8.8,6.5,7.4,,,7.4,B,3.0,True,3.0,3.26,Pass
1647,1308119,HK132_MT1007_L04,MT1007,-18,False,7.8,8.0,8.6,,,8.3,B+,3.5,True,3.5,3.5,Pass
1648,1326980,HK132_MT1007_L04,MT1007,-18,False,6.7,6.8,7.2,,,7.0,B,3.0,True,2.74,2.59,Pass
1649,1359144,HK132_MT1007_L04,MT1007,-18,False,9.3,10.0,9.0,,,9.4,A,4.0,True,4.0,4.0,Pass
1650,1338825,HK132_MT1007_L04,MT1007,-18,False,8.0,8.5,8.2,,,8.2,B+,3.5,True,2.97,3.03,Pass
1651,1353723,HK132_MT1007_L04,MT1007,-18,False,4.7,4.6,4.1,,,4.4,D,1.0,True,0.7,1.16,Pass
1652,1382379,HK132_MT1007_L04,MT1007,-18,False,7.9,7.6,7.2,,,7.5,B,3.0,True,2.5,2.45,Pass
1653,1329896,HK132_MT1007_L04,MT1007,-18,False,7.4,8.4,8.9,,,8.4,B+,3.5,True,3.8,3.83,Pass
1654,1338962,HK132_MT1007_L04,MT1007,-18,False,5.9,6.9,5.0,,,5.8,C,2.0,True,2.26,2.35,Pass
1655,1388529,HK132_MT1007_L04,MT1007,-18,False,7.0,7.1,6.7,,,6.9,C+,2.5,True,2.35,2.56,Pass
1656,1355181,HK132_MT1007_L04,MT1007,-18,False,7.7,8.4,10.0,,,9.1,A,4.0,True,3.3,3.09,Pass
1657,1387937,HK132_MT1007_L04,MT1007,-18,False,6.1,6.3,6.4,,,6.3,C,2.0,True,3.07,3.1,Pass
1658,1377413,HK132_MT1007_L04,MT1007,-18,False,6.0,5.9,6.3,,,6.1,C,2.0,True,1.33,1.43,Pass
1659,1336775,HK132_MT1007_L04,MT1007,-18,False,6.2,5.4,6.2,,,6.0,C,2.0,True,2.03,2.19,Pass
1660,1375955,HK132_MT1007_L04,MT1007,-18,False,6.5,5.7,6.5,,,6.3,C,2.0,True,2.24,2.03,Pass
1661,1301832,HK132_MT1007_L04,MT1007,-18,False,5.1,4.0,5.1,,,4.8,D,1.0,True,1.44,1.38,Pass
1662,1349941,HK132_MT1007_L04,MT1007,-18,False,9.1,9.7,9.1,,,9.3,A,4.0,True,4.0,3.93,Pass
1663,1362789,HK132_MT1007_L04,MT1007,-18,False,6.3,7.6,8.8,,,7.9,B,3.0,True,3.27,3.38,Pass
1664,1314680,HK132_MT1007_L04,MT1007,-18,False,7.0,7.2,7.0,,,7.1,B,3.0,True,3.0,3.05,Pass
1665,1355044,HK132_MT1007_L04,MT1007,-18,False,6.3,8.1,8.5,,,7.9,B,3.0,True,3.27,3.21,Pass
1666,1330488,HK132_MT1007_L04,MT1007,-18,False,9.0,7.6,8.1,,,8.1,B+,3.5,True,3.1,3.22,Pass
1667,1385887,HK132_MT1007_L04,MT1007,-18,False,8.9,8.6,8.8,,,8.8,A,4.0,True,3.6,3.52,Pass
1668,1359736,HK132_MT1007_L04,MT1007,-18,False,9.2,9.1,7.4,,,8.3,B+,3.5,True,3.53,3.52,Pass
1669,1376821,HK132_MT1007_L05,MT1007,-18,False,7.7,7.3,7.5,,,7.5,B,3.0,True,2.35,2.44,Pass
1670,1391445,HK132_MT1007_L05,MT1007,-18,False,7.7,6.6,6.6,,,6.8,C+,2.5,True,2.35,2.38,Pass
1671,1390853,HK132_MT1007_L05,MT1007,-18,False,7.8,8.9,7.2,,,7.8,B,3.0,True,3.27,3.19,Pass
1672,1395819,HK132_MT1007_L05,MT1007,-18,False,4.1,7.0,7.9,,,6.9,C+,2.5,True,2.41,2.56,Pass
1673,1375500,HK132_MT1007_L05,MT1007,-18,False,8.6,6.3,6.6,,,6.9,C+,2.5,True,2.68,2.68,Pass
1674,1326251,HK132_MT1007_L05,MT1007,-18,False,6.5,6.0,6.8,,,6.5,C+,2.5,True,2.41,2.52,Pass
1675,1386479,HK132_MT1007_L05,MT1007,-18,False,8.8,7.6,7.8,,,7.9,B,3.0,True,2.35,2.41,Pass
1676,1313814,HK132_MT1007_L05,MT1007,-18,False,8.3,8.3,7.7,,,8.0,B+,3.5,True,3.15,3.08,Pass
1677,1330351,HK132_MT1007_L05,MT1007,-18,False,8.9,7.5,7.2,,,7.6,B,3.0,True,2.97,3.16,Pass
1678,1305340,HK132_MT1007_L05,MT1007,-18,False,8.0,7.6,8.5,,,8.1,B+,3.5,True,3.5,3.26,Pass
1679,1307253,HK132_MT1007_L05,MT1007,-18,False,7.4,8.5,8.8,,,8.4,B+,3.5,True,3.37,3.26,Pass
1680,1310443,HK132_MT1007_L05,MT1007,-18,False,8.7,8.1,9.2,,,8.8,A,4.0,True,4.0,3.9,Pass
1681,1320101,HK132_MT1007_L05,MT1007,-18,False,7.0,7.7,6.4,,,6.9,C+,2.5,True,3.17,3.02,Pass
1682,1316456,HK132_MT1007_L05,MT1007,-18,False,4.8,5.7,5.7,,,5.5,C,2.0,True,1.5,1.65,Pass
1683,1363518,HK132_MT1007_L05,MT1007,-18,False,5.8,6.0,7.5,,,6.7,C+,2.5,True,3.03,2.97,Pass
1684,1384292,HK132_MT1007_L05,MT1007,-18,False,5.8,5.8,6.8,,,6.3,C,2.0,True,2.12,2.42,Pass
1685,1383563,HK132_MT1007_L05,MT1007,-18,False,8.1,6.4,8.3,,,7.7,B,3.0,True,2.71,2.59,Pass
1686,1329304,HK132_MT1007_L05,MT1007,-18,False,8.3,7.5,8.9,,,8.4,B+,3.5,True,3.2,3.24,Pass
1687,1387345,HK132_MT1007_L05,MT1007,-18,False,8.1,7.9,7.9,,,7.9,B,3.0,True,3.06,3.09,Pass
1688,1357231,HK132_MT1007_L05,MT1007,-18,False,6.8,6.2,6.9,,,6.7,C+,2.5,True,2.38,2.26,Pass
1689,1368073,HK132_MT1007_L05,MT1007,-18,False,6.5,6.4,5.1,,,5.8,C,2.0,True,2.32,2.29,Pass
1690,1313085,HK132_MT1007_L05,MT1007,-18,False,6.3,7.4,6.7,,,6.8,C+,2.5,True,2.09,2.14,Pass
1691,1382971,HK132_MT1007_L05,MT1007,-18,False,6.1,6.9,6.8,,,6.7,C+,2.5,True,2.53,2.61,Pass
1692,1336320,HK132_MT1007_L05,MT1007,-18,False,6.3,7.2,5.4,,,6.1,C,2.0,True,2.09,2.17,Pass
1693,1380192,HK132_MT1007_L05,MT1007,-18,False,8.3,5.8,7.2,,,7.0,B,3.0,True,2.15,2.06,Pass
1694,1374042,HK132_MT1007_L05,MT1007,-18,False,4.3,4.6,4.8,,,4.6,D,1.0,True,0.14,1.3,Pass
1695,1383837,HK132_MT1007_L05,MT1007,-18,False,6.4,6.6,5.9,,,6.2,C,2.0,True,1.79,1.73,Pass
1696,1399919,HK132_MT1007_L05,MT1007,-18,False,8.2,9.9,8.8,,,9.0,A,4.0,True,3.33,3.38,Pass
1697,1318643,HK132_MT1007_L05,MT1007,-18,False,7.8,6.2,6.9,,,6.9,C+,2.5,True,2.32,2.33,Pass
1698,1392311,HK132_MT1007_L05,MT1007,-18,False,7.0,6.1,6.0,,,6.2,C,2.0,True,2.27,2.33,Pass
1699,1345704,HK132_MT1007_L05,MT1007,-18,False,5.9,5.4,7.0,,,6.3,C,2.0,True,1.93,1.86,Pass
1700,1384155,HK132_MT1007_L05,MT1007,-18,False,4.0,4.6,4.3,,,4.3,D,1.0,True,1.26,1.63,Pass
1701,1398324,HK132_MT1007_L05,MT1007,-18,False,6.0,6.1,5.9,,,6.0,C,2.0,True,2.41,2.44,Pass
1702,1392903,HK132_MT1007_L05,MT1007,-18,False,5.3,5.5,6.5,,,6.0,C,2.0,True,2.33,2.31,Pass
1703,1341604,HK132_MT1007_L05,MT1007,-18,False,7.8,7.8,6.1,,,6.9,C+,2.5,True,2.9,2.95,Pass
1704,1367755,HK132_MT1007_L05,MT1007,-18,False,7.3,8.1,7.8,,,7.8,B,3.0,True,2.53,2.53,Pass
1705,1389395,HK132_MT1007_L05,MT1007,-18,False,5.9,4.7,5.0,,,5.1,D+,1.5,True,1.5,1.75,Pass
1706,1300648,HK132_MT1007_L05,MT1007,-18,False,6.8,7.6,6.3,,,6.8,C+,2.5,True,2.9,2.74,Pass
1707,1358689,HK132_MT1007_L05,MT1007,-18,False,6.1,5.2,4.8,,,5.2,D+,1.5,True,2.12,2.35,Pass
1708,1386342,HK132_MT1007_L05,MT1007,-18,False,8.2,8.2,7.9,,,8.1,B+,3.5,True,3.59,3.53,Pass
1709,1368347,HK132_MT1007_L05,MT1007,-18,False,5.8,4.9,6.9,,,6.1,C,2.0,True,2.53,2.27,Pass
1710,1382516,HK132_MT1007_L05,MT1007,-18,False,8.2,9.2,10.0,,,9.4,A,4.0,True,3.92,3.95,Pass
1711,1332812,HK132_MT1007_L05,MT1007,-18,False,5.0,4.9,5.5,,,5.2,D+,1.5,True,0.76,1.33,Pass
1712,1350352,HK132_MT1007_L05,MT1007,-18,False,8.9,9.2,6.4,,,7.7,B,3.0,True,3.33,3.17,Pass
1713,1328575,HK132_MT1007_L05,MT1007,-18,False,5.8,7.7,7.5,,,7.2,B,3.0,True,2.57,2.55,Pass
1714,1352402,HK132_MT1007_L05,MT1007,-18,False,7.8,7.6,7.1,,,7.4,B,3.0,True,3.23,3.19,Pass
1715,1331809,HK132_MT1007_L05,MT1007,-18,False,5.5,7.1,6.1,,,6.3,C,2.0,True,2.12,2.15,Pass
1716,1379600,HK132_MT1007_L05,MT1007,-18,False,4.6,4.6,4.1,,,4.3,D,1.0,True,1.47,1.52,Pass
1717,1388803,HK132_MT1007_L05,MT1007,-18,False,7.1,6.7,8.4,,,7.6,B,3.0,True,2.35,2.33,Pass
1718,1320693,HK132_MT1007_L05,MT1007,-18,False,7.3,7.4,6.9,,,7.1,B,3.0,True,2.62,2.47,Pass
1719,1399782,HK132_MT1007_L05,MT1007,-18,False,8.2,8.7,8.4,,,8.4,B+,3.5,True,3.23,3.19,Pass
1720,1399190,HK132_MT1007_L05,MT1007,-18,False,7.0,6.1,7.2,,,6.8,C+,2.5,True,2.6,2.55,Pass
1721,1342470,HK132_MT1007_L05,MT1007,-18,False,7.7,7.4,8.5,,,8.0,B+,3.5,True,3.63,3.24,Pass
1722,1368484,HK132_MT1007_L05,MT1007,-18,False,4.6,4.7,6.0,,,5.3,D+,1.5,True,1.68,1.67,Pass
1723,1300374,HK132_MT1007_L05,MT1007,-18,False,6.9,5.8,5.1,,,5.7,C,2.0,True,1.47,1.58,Pass
1724,1325659,HK132_MT1007_L05,MT1007,-18,False,8.4,7.9,6.4,,,7.3,B,3.0,True,3.47,3.29,Pass
1725,1323335,HK132_MT1007_L05,MT1007,-18,False,3.7,3.6,3.9,,,3.8,F,0.0,False,0.18,1.0,Fail
1726,1345978,HK132_MT1007_L05,MT1007,-18,False,8.1,8.0,7.7,,,7.9,B,3.0,True,3.53,3.76,Pass
1727,1362926,HK132_MT1007_L05,MT1007,-18,False,8.3,7.0,8.8,,,8.2,B+,3.5,True,3.23,3.31,Pass
1728,1327117,HK132_MT1007_L05,MT1007,-18,False,7.3,6.1,6.8,,,6.7,C+,2.5,True,2.53,2.66,Pass
1729,1395090,HK132_MT1007_L05,MT1007,-18,False,6.2,5.6,4.9,,,5.4,D+,1.5,True,1.5,1.58,Pass
1730,1330762,HK132_MT1007_L05,MT1007,-18,False,7.9,7.9,8.4,,,8.2,B+,3.5,True,3.23,3.16,Pass
1731,1307527,HK132_MT1007_L05,MT1007,-18,False,7.9,8.6,9.0,,,8.7,A,4.0,True,3.53,3.42,Pass
1732,1335591,HK132_MT1007_L05,MT1007,-18,False,6.8,6.7,7.3,,,7.0,B,3.0,True,2.18,2.21,Pass
1733,1340875,HK132_MT1007_L05,MT1007,-18,False,6.7,5.4,7.4,,,6.7,C+,2.5,True,1.91,1.65,Pass
1734,1314406,HK132_MT1007_L05,MT1007,-18,False,5.8,8.4,6.8,,,7.1,B,3.0,True,2.38,2.33,Pass
1735,1307664,HK132_MT1007_L05,MT1007,-18,False,7.8,7.5,5.8,,,6.7,C+,2.5,True,2.47,2.47,Pass
1736,1351536,HK132_MT1007_L05,MT1007,-18,False,7.0,7.6,7.5,,,7.4,B,3.0,True,3.2,3.43,Pass
1737,1393358,HK132_MT1007_L05,MT1007,-18,False,6.3,6.0,6.4,,,6.3,C,2.0,True,2.37,2.36,Pass
1738,1366160,HK132_MT1007_L05,MT1007,-18,False,5.7,5.2,5.9,,,5.7,C,2.0,True,2.38,2.2,Pass
1739,1358278,HK132_MT1007_L05,MT1007,-18,False,6.5,6.7,6.3,,,6.5,C+,2.5,True,2.09,2.29,Pass
1740,1349212,HK132_MT1007_L05,MT1007,-18,False,8.0,8.2,6.2,,,7.2,B,3.0,True,2.18,2.14,Pass
1741,1350078,HK132_MT1007_L05,MT1007,-18,False,4.8,6.1,5.8,,,5.7,C,2.0,True,1.82,1.92,Pass
1742,1306661,HK132_MT1007_L05,MT1007,-18,False,8.4,7.5,8.1,,,8.0,B+,3.5,True,3.13,3.26,Pass
1743,1339828,HK132_MT1007_L05,MT1007,-18,False,7.6,8.3,6.4,,,7.2,B,3.0,True,3.17,3.38,Pass
1744,1326525,HK132_MT1007_L05,MT1007,-18,False,9.2,9.5,8.9,,,9.1,A,4.0,True,4.0,3.94,Pass
1745,1316593,HK132_MT1007_L05,MT1007,-18,False,5.6,6.4,6.1,,,6.1,C,2.0,True,2.32,2.21,Pass
1746,1341878,HK132_MT1007_L05,MT1007,-18,False,6.3,5.7,5.8,,,5.9,C,2.0,True,2.85,2.82,Pass
1747,1339691,HK132_MT1007_L05,MT1007,-18,False,7.7,7.5,6.3,,,6.9,C+,2.5,True,3.03,3.12,Pass
1748,1330625,HK132_MT1007_L05,MT1007,-18,False,6.2,7.3,6.2,,,6.5,C+,2.5,True,2.32,2.29,Pass
1749,1362197,HK132_MT1007_L05,MT1007,-18,False,7.8,8.5,7.9,,,8.1,B+,3.5,True,3.2,3.1,Pass
1750,1303882,HK132_MT1007_L05,MT1007,-18,False,8.7,8.4,7.8,,,8.2,B+,3.5,True,3.41,3.45,Pass
1751,1393632,HK132_MT1007_L05,MT1007,-18,False,5.3,8.2,7.8,,,7.4,B,3.0,True,2.76,2.73,Pass
1752,1313540,HK132_MT1007_L05,MT1007,-18,False,5.4,4.6,5.3,,,5.1,D+,1.5,True,1.62,1.59,Pass
1753,1308393,HK132_MT1007_L05,MT1007,-18,False,8.9,9.0,8.2,,,8.6,A,4.0,True,3.97,3.98,Pass
1754,1385295,HK132_MT1007_L05,MT1007,-18,False,6.5,5.4,5.6,,,5.7,C,2.0,True,1.6,1.41,Pass
1755,1306069,HK132_MT1007_L05,MT1007,-18,False,6.7,8.3,8.7,,,8.2,B+,3.5,True,3.71,3.42,Pass
1756,1306206,HK132_MT1007_L05,MT1007,-18,False,6.3,5.5,6.0,,,5.9,C,2.0,True,2.0,1.98,Pass
1757,1337641,HK132_MT1007_L05,MT1007,-18,False,8.0,7.6,7.3,,,7.5,B,3.0,True,3.13,3.14,Pass
1758,1344657,HK132_MT1007_L05,MT1007,-18,False,6.5,6.3,5.7,,,6.0,C,2.0,True,2.13,2.12,Pass
1759,1331946,HK132_MT1007_L05,MT1007,-18,False,9.5,8.3,8.1,,,8.4,B+,3.5,True,3.4,3.29,Pass
1760,1322014,HK132_MT1007_L05,MT1007,-18,False,6.8,7.9,6.9,,,7.2,B,3.0,True,2.41,2.58,Pass
1761,1308256,HK132_MT1007_L05,MT1007,-18,False,7.7,7.0,7.0,,,7.1,B,3.0,True,2.47,2.52,Pass
1762,1311490,HK132_MT1007_L05,MT1007,-18,False,9.0,10.0,8.6,,,9.1,A,4.0,True,3.97,3.93,Pass
1763,1364839,HK132_MT1007_L05,MT1007,-18,False,7.2,6.5,7.2,,,7.0,B,3.0,True,2.24,2.06,Pass
1764,1308848,HK132_MT1007_L05,MT1007,-18,False,6.8,9.3,7.5,,,7.9,B,3.0,True,3.03,3.0,Pass
1765,1371263,HK132_MT1007_L05,MT1007,-18,False,6.3,5.7,4.7,,,5.3,D+,1.5,True,1.5,1.53,Pass
1766,1374634,HK132_MT1007_L05,MT1007,-18,False,6.3,4.6,5.5,,,5.4,D+,1.5,True,1.47,1.64,Pass
1767,1353586,HK132_MT1007_L05,MT1007,-18,False,6.9,5.7,6.6,,,6.4,C+,2.5,True,2.15,2.06,Pass
1768,1390579,HK132_CO1007_L01,CO1007,-18,False,6.5,5.3,5.8,,,5.8,C,2.0,True,2.29,2.36,Pass
1769,1382379,HK132_CO1007_L01,CO1007,-18,False,5.7,5.8,6.8,,,6.4,C+,2.5,True,2.5,2.45,Pass
1770,1346570,HK132_CO1007_L01,CO1007,-18,False,6.1,6.9,5.2,,,5.7,C,2.0,True,1.44,1.44,Pass
1771,1386479,HK132_CO1007_L01,CO1007,-18,False,6.4,7.3,6.7,,,6.8,C+,2.5,True,2.35,2.41,Pass
1772,1308119,HK132_CO1007_L01,CO1007,-18,False,7.4,8.8,8.0,,,8.0,B+,3.5,True,3.5,3.5,Pass
1773,1352720,HK132_CO1007_L01,CO1007,-18,False,7.9,7.5,7.8,,,7.8,B,3.0,True,3.0,3.11,Pass
1774,1366752,HK132_CO1007_L01,CO1007,-18,False,6.4,6.4,5.4,,,5.8,C,2.0,True,2.15,2.17,Pass
1775,1316593,HK132_CO1007_L01,CO1007,-18,False,6.8,5.7,7.8,,,7.2,B,3.0,True,2.32,2.21,Pass
1776,1392766,HK132_CO1007_L01,CO1007,-18,False,6.6,6.9,7.5,,,7.2,B,3.0,True,2.74,2.62,Pass
1777,1315727,HK132_CO1007_L01,CO1007,-18,False,8.2,6.0,5.8,,,6.3,C,2.0,True,2.15,2.27,Pass
1778,1379326,HK132_CO1007_L01,CO1007,-18,False,10.0,8.2,7.0,,,7.8,B,3.0,True,3.29,3.27,Pass
1779,1322743,HK132_CO1007_L01,CO1007,-18,False,6.6,7.2,6.6,,,6.7,C+,2.5,True,2.32,2.33,Pass
1780,1388529,HK132_CO1007_L01,CO1007,-18,False,7.6,6.8,7.3,,,7.3,B,3.0,True,2.35,2.56,Pass
1781,1361331,HK132_CO1007_L01,CO1007,-18,False,7.4,8.1,6.9,,,7.2,B,3.0,True,3.18,3.3,Pass
1782,1314680,HK132_CO1007_L01,CO1007,-18,False,8.6,8.0,6.6,,,7.3,B,3.0,True,3.0,3.05,Pass
1783,1354178,HK132_CO1007_L01,CO1007,-18,False,6.3,6.7,6.0,,,6.2,C,2.0,True,2.37,2.31,Pass
1784,1397595,HK132_CO1007_L01,CO1007,-18,False,5.9,5.5,7.2,,,6.6,C+,2.5,True,2.15,2.24,Pass
1785,1387800,HK132_CO1007_L01,CO1007,-18,False,6.3,5.4,6.0,,,5.9,C,2.0,True,2.29,2.24,Pass
1786,1341149,HK132_CO1007_L01,CO1007,-18,False,4.1,3.2,7.1,,,5.7,C,2.0,True,1.5,1.61,Pass
1787,1399645,HK132_CO1007_L01,CO1007,-18,False,5.9,5.4,6.9,,,6.4,C+,2.5,True,1.79,1.67,Pass
1788,1350215,HK132_CO1007_L01,CO1007,-18,False,6.4,6.2,7.1,,,6.8,C+,2.5,True,2.24,2.15,Pass
1789,1332083,HK132_CO1007_L01,CO1007,-18,False,6.9,8.3,8.1,,,7.9,B,3.0,True,3.0,3.0,Pass
1790,1378871,HK132_CO1007_L01,CO1007,-18,False,7.2,8.1,7.4,,,7.5,B,3.0,True,3.13,3.17,Pass
1791,1343654,HK132_CO1007_L01,CO1007,-18,False,6.4,7.6,5.5,,,6.1,C,2.0,True,2.13,2.07,Pass
1792,1311764,HK132_CO1007_L01,CO1007,-18,False,3.3,5.6,6.9,,,5.9,C,2.0,True,1.41,1.44,Pass
1793,1367026,HK132_CO1007_L01,CO1007,-18,False,9.3,8.9,9.1,,,9.1,A,4.0,True,3.6,3.72,Pass
1794,1359418,HK132_CO1007_L01,CO1007,-18,False,4.7,4.2,4.5,,,4.5,D,1.0,True,0.5,1.0,Pass
1795,1396411,HK132_CO1007_L01,CO1007,-18,False,7.8,8.4,6.6,,,7.2,B,3.0,True,3.0,3.2,Pass
1796,1340146,HK132_CO1007_L01,CO1007,-18,False,7.9,7.5,6.3,,,6.9,C+,2.5,True,2.15,2.29,Pass
1797,1320556,HK132_CO1007_L01,CO1007,-18,False,6.3,6.7,5.8,,,6.1,C,2.0,True,2.33,2.22,Pass
1798,1316730,HK132_CO1007_L01,CO1007,-18,False,8.3,8.2,9.3,,,8.9,A,4.0,True,4.0,3.83,Pass
1799,1351991,HK132_CO1007_L01,CO1007,-18,False,7.3,9.3,6.3,,,7.1,B,3.0,True,2.76,2.62,Pass
1800,1373905,HK132_CO1007_L01,CO1007,-18,False,7.8,6.3,5.8,,,6.3,C,2.0,True,2.44,2.23,Pass
1801,1339099,HK132_CO1007_L01,CO1007,-18,False,6.9,8.8,6.1,,,6.8,C+,2.5,True,2.97,3.02,Pass
1802,1369668,HK132_CO1007_L01,CO1007,-18,False,7.0,5.8,7.5,,,7.1,B,3.0,True,2.47,2.41,Pass
1803,1308711,HK132_CO1007_L01,CO1007,-18,False,6.6,8.1,7.4,,,7.4,B,3.0,True,3.47,3.61,Pass
1804,1307390,HK132_CO1007_L01,CO1007,-18,False,8.2,7.1,8.7,,,8.3,B+,3.5,True,3.0,3.0,Pass
1805,1372310,HK132_CO1007_L01,CO1007,-18,False,5.6,4.8,6.5,,,6.0,C,2.0,True,1.87,1.74,Pass
1806,1302106,HK132_CO1007_L01,CO1007,-18,False,5.4,7.2,7.5,,,7.0,B,3.0,True,2.76,2.55,Pass
1807,1348757,HK132_CO1007_L01,CO1007,-18,False,4.5,5.3,5.4,,,5.2,D+,1.5,True,1.41,1.42,Pass
1808,1394224,HK132_CO1007_L01,CO1007,-18,False,6.9,6.5,5.1,,,5.7,C,2.0,True,1.8,1.9,Pass
1809,1341741,HK132_CO1007_L01,CO1007,-18,False,6.7,7.4,7.1,,,7.1,B,3.0,True,3.23,3.14,Pass
1810,1333267,HK132_CO1007_L01,CO1007,-18,False,4.4,3.9,5.3,,,4.8,D,1.0,True,0.95,1.22,Pass
1811,1354315,HK132_CO1007_L01,CO1007,-18,False,6.8,6.8,8.2,,,7.6,B,3.0,True,2.15,2.32,Pass
1812,1337367,HK132_CO1007_L01,CO1007,-18,False,4.9,7.0,4.8,,,5.3,D+,1.5,True,1.2,1.59,Pass
1813,1364110,HK132_CO1007_L01,CO1007,-18,False,8.2,7.1,5.7,,,6.5,C+,2.5,True,3.07,3.21,Pass
1814,1371992,HK132_CO1007_L01,CO1007,-18,False,6.6,5.4,4.7,,,5.2,D+,1.5,True,1.97,2.16,Pass
1815,1357960,HK132_CO1007_L01,CO1007,-18,False,5.1,5.1,5.0,,,5.0,D+,1.5,True,1.44,1.62,Pass
1816,1323472,HK132_CO1007_L01,CO1007,-18,False,7.3,6.5,6.3,,,6.5,C+,2.5,True,2.62,2.61,Pass
1817,1389850,HK132_CO1007_L01,CO1007,-18,False,5.2,5.4,6.0,,,5.7,C,2.0,True,1.53,1.58,Pass
1818,1310169,HK132_CO1007_L01,CO1007,-18,False,8.3,6.9,7.2,,,7.4,B,3.0,True,2.91,2.83,Pass
1819,1339417,HK132_CO1007_L01,CO1007,-18,False,6.2,7.8,6.4,,,6.6,C+,2.5,True,2.53,2.4,Pass
1820,1339691,HK132_CO1007_L01,CO1007,-18,False,7.3,8.1,8.7,,,8.3,B+,3.5,True,3.03,3.12,Pass
1821,1313540,HK132_CO1007_L01,CO1007,-18,False,7.7,5.2,6.0,,,6.2,C,2.0,True,1.62,1.59,Pass
1822,1386342,HK132_CO1007_L01,CO1007,-18,False,8.1,6.6,9.1,,,8.4,B+,3.5,True,3.59,3.53,Pass
1823,1317048,HK132_CO1007_L01,CO1007,-18,False,7.4,6.0,7.7,,,7.3,B,3.0,True,2.35,2.21,Pass
1824,1331809,HK132_CO1007_L01,CO1007,-18,False,6.3,6.8,6.3,,,6.4,C+,2.5,True,2.12,2.15,Pass
1825,1396866,HK132_CO1007_L01,CO1007,-18,False,8.1,7.0,8.0,,,7.8,B,3.0,True,3.33,3.33,Pass
1826,1356365,HK132_CO1007_L01,CO1007,-18,False,8.0,7.6,8.3,,,8.1,B+,3.5,True,3.23,3.19,Pass
1827,1306206,HK132_CO1007_L01,CO1007,-18,False,5.8,6.8,5.8,,,6.0,C,2.0,True,2.0,1.98,Pass
1828,1335909,HK132_CO1007_L01,CO1007,-18,False,7.4,5.3,7.6,,,7.1,B,3.0,True,2.59,2.42,Pass
1829,1300511,HK132_CO1007_L01,CO1007,-18,False,7.7,7.2,7.2,,,7.3,B,3.0,True,3.43,3.34,Pass
1830,1375226,HK132_CO1007_L01,CO1007,-18,False,6.1,7.2,8.5,,,7.8,B,3.0,True,2.59,2.53,Pass
1831,1320101,HK132_CO1007_L01,CO1007,-18,False,7.8,8.5,8.3,,,8.2,B+,3.5,True,3.17,3.02,Pass
1832,1397869,HK132_CO1007_L01,CO1007,-18,False,9.5,10.0,9.4,,,9.5,A+,4.0,True,4.0,4.0,Pass
1833,1378142,HK132_CO1007_L01,CO1007,-18,False,7.2,5.8,8.6,,,7.8,B,3.0,True,3.27,3.07,Pass
1834,1342333,HK132_CO1007_L01,CO1007,-18,False,5.2,6.0,5.4,,,5.5,C,2.0,True,2.35,2.26,Pass
1835,1351536,HK132_CO1007_L01,CO1007,-18,False,7.1,8.9,7.5,,,7.7,B,3.0,True,3.2,3.43,Pass
1836,1388392,HK132_CO1007_L01,CO1007,-18,False,3.1,4.5,4.0,,,3.9,F,0.0,False,0.3,1.0,Fail
1837,1332675,HK132_CO1007_L01,CO1007,-18,False,8.6,7.3,7.8,,,7.9,B,3.0,True,3.2,3.24,Pass
1838,1393495,HK132_CO1007_L01,CO1007,-18,False,6.3,6.9,6.9,,,6.8,C+,2.5,True,2.85,2.73,Pass
1839,1378005,HK132_CO1007_L01,CO1007,-18,False,7.4,7.4,7.7,,,7.6,B,3.0,True,2.93,2.9,Pass
1840,1344520,HK132_CO1007_L01,CO1007,-18,False,7.1,6.6,6.5,,,6.6,C+,2.5,True,2.56,2.65,Pass
1841,1326388,HK132_CO1007_L01,CO1007,-18,False,9.2,7.0,8.1,,,8.1,B+,3.5,True,3.77,3.83,Pass
1842,1394361,HK132_CO1007_L01,CO1007,-18,False,9.1,6.1,7.8,,,7.7,B,3.0,True,3.33,3.34,Pass
1843,1397003,HK132_CO1007_L01,CO1007,-18,False,6.5,6.2,6.3,,,6.3,C,2.0,True,2.15,2.27,Pass
1844,1349349,HK132_CO1007_L01,CO1007,-18,False,6.3,4.8,5.5,,,5.5,C,2.0,True,1.62,1.68,Pass
1845,1365294,HK132_CO1007_L01,CO1007,-18,False,9.8,10.0,9.0,,,9.4,A,4.0,True,4.0,4.0,Pass
1846,1313814,HK132_CO1007_L01,CO1007,-18,False,7.4,6.4,7.7,,,7.4,B,3.0,True,3.15,3.08,Pass
1847,1303745,HK132_CO1007_L01,CO1007,-18,False,8.7,9.1,9.7,,,9.4,A,4.0,True,3.73,3.74,Pass
1848,1352857,HK132_CO1007_L01,CO1007,-18,False,9.8,9.8,7.8,,,8.6,A,4.0,True,3.97,3.98,Pass
1849,1300374,HK132_CO1007_L01,CO1007,-18,False,6.2,6.5,4.9,,,5.5,C,2.0,True,1.47,1.58,Pass
1850,1366160,HK132_CO1007_L01,CO1007,-18,False,7.4,5.7,6.8,,,6.7,C+,2.5,True,2.38,2.2,Pass
1851,1341012,HK132_CO1007_L01,CO1007,-18,False,5.5,6.0,4.9,,,5.2,D+,1.5,True,1.53,1.52,Pass
1852,1399190,HK132_CO1007_L01,CO1007,-18,False,6.5,7.8,6.9,,,7.0,B,3.0,True,2.6,2.55,Pass
1853,1352128,HK132_CO1007_L01,CO1007,-18,False,8.9,8.1,8.0,,,8.2,B+,3.5,True,3.23,3.26,Pass
1854,1374771,HK132_CO1007_L01,CO1007,-18,False,6.2,7.2,9.0,,,8.1,B+,3.5,True,3.1,3.24,Pass
1855,1349212,HK132_CO1007_L01,CO1007,-18,False,6.4,6.3,5.5,,,5.8,C,2.0,True,2.18,2.14,Pass
1856,1323609,HK132_CO1007_L01,CO1007,-18,False,8.6,9.4,9.1,,,9.1,A,4.0,True,4.0,4.0,Pass
1857,1303882,HK132_CO1007_L01,CO1007,-18,False,7.1,9.5,7.4,,,7.8,B,3.0,True,3.41,3.45,Pass
1858,1336638,HK132_CO1007_L01,CO1007,-18,False,8.0,8.7,7.8,,,8.0,B+,3.5,True,3.47,3.09,Pass
1859,1334270,HK132_CO1007_L01,CO1007,-18,False,6.5,8.1,6.9,,,7.1,B,3.0,True,2.47,2.48,Pass
1860,1387208,HK132_CO1007_L01,CO1007,-18,False,7.3,6.8,7.2,,,7.1,B,3.0,True,3.1,3.1,Pass
1861,1360465,HK132_CO1007_L01,CO1007,-18,False,8.3,6.6,6.7,,,7.0,B,3.0,True,2.15,2.35,Pass
1862,1338233,HK132_CO1007_L01,CO1007,-18,False,7.5,7.2,5.7,,,6.4,C+,2.5,True,2.29,2.18,Pass
1863,1346433,HK132_CO1007_L01,CO1007,-18,False,7.5,7.9,6.6,,,7.0,B,3.0,True,3.5,3.45,Pass
1864,1380784,HK132_CO1007_L01,CO1007,-18,False,5.7,6.4,6.5,,,6.3,C,2.0,True,2.21,2.2,Pass
1865,1382105,HK132_CO1007_L01,CO1007,-18,False,8.8,9.1,7.1,,,7.8,B,3.0,True,3.0,3.12,Pass
1866,1397140,HK132_CO1007_L01,CO1007,-18,False,5.9,6.0,6.0,,,6.0,C,2.0,True,1.65,1.71,Pass
1867,1329759,HK132_CO1007_L02,CO1007,-18,False,7.5,7.2,5.9,,,6.5,C+,2.5,True,2.41,2.55,Pass
1868,1393358,HK132_CO1007_L02,CO1007,-18,False,7.5,7.5,6.1,,,6.7,C+,2.5,True,2.37,2.36,Pass
1869,1342196,HK132_CO1007_L02,CO1007,-18,False,8.5,6.8,6.6,,,7.0,B,3.0,True,3.18,3.12,Pass
1870,1345112,HK132_CO1007_L02,CO1007,-18,False,5.4,5.4,7.3,,,6.5,C+,2.5,True,2.41,2.44,Pass
1871,1343928,HK132_CO1007_L02,CO1007,-18,False,8.7,9.4,9.6,,,9.4,A,4.0,True,4.0,4.0,Pass
1872,1315272,HK132_CO1007_L02,CO1007,-18,False,6.2,6.2,6.6,,,6.4,C+,2.5,True,2.12,2.18,Pass
1873,1391445,HK132_CO1007_L02,CO1007,-18,False,8.0,5.7,7.0,,,6.9,C+,2.5,True,2.35,2.38,Pass
1874,1396274,HK132_CO1007_L02,CO1007,-18,False,6.4,7.2,7.5,,,7.2,B,3.0,True,2.62,2.32,Pass
1875,1300237,HK132_CO1007_L02,CO1007,-18,False,7.8,8.3,8.5,,,8.3,B+,3.5,True,3.6,3.53,Pass
1876,1304885,HK132_CO1007_L02,CO1007,-18,False,6.7,6.9,7.1,,,7.0,B,3.0,True,2.18,2.17,Pass
1877,1348620,HK132_CO1007_L02,CO1007,-18,False,9.7,8.6,8.6,,,8.8,A,4.0,True,4.0,4.0,Pass
1878,1327572,HK132_CO1007_L02,CO1007,-18,False,8.7,7.9,6.7,,,7.3,B,3.0,True,2.97,2.98,Pass
1879,1347299,HK132_CO1007_L02,CO1007,-18,False,6.2,7.6,6.7,,,6.8,C+,2.5,True,2.53,2.53,Pass
1880,1339554,HK132_CO1007_L02,CO1007,-18,False,8.2,8.5,7.4,,,7.8,B,3.0,True,3.37,3.43,Pass
1881,1329304,HK132_CO1007_L02,CO1007,-18,False,7.6,8.4,7.9,,,7.9,B,3.0,True,3.2,3.24,Pass
1882,1395090,HK132_CO1007_L02,CO1007,-18,False,5.8,5.5,6.2,,,6.0,C,2.0,True,1.5,1.58,Pass
1883,1334862,HK132_CO1007_L02,CO1007,-18,False,7.3,7.0,8.2,,,7.8,B,3.0,True,2.93,2.91,Pass
1884,1325522,HK132_CO1007_L02,CO1007,-18,False,6.3,6.8,7.4,,,7.1,B,3.0,True,2.27,2.21,Pass
1885,1307664,HK132_CO1007_L02,CO1007,-18,False,7.1,6.6,6.0,,,6.3,C,2.0,True,2.47,2.47,Pass
1886,1336183,HK132_CO1007_L02,CO1007,-18,False,6.7,6.3,6.9,,,6.7,C+,2.5,True,2.79,2.83,Pass
1887,1324338,HK132_CO1007_L02,CO1007,-18,False,5.6,4.5,5.5,,,5.3,D+,1.5,True,1.97,2.07,Pass
1888,1337504,HK132_CO1007_L02,CO1007,-18,False,6.0,6.2,5.8,,,5.9,C,2.0,True,1.88,1.91,Pass
1889,1360739,HK132_CO1007_L02,CO1007,-18,False,7.3,9.1,8.0,,,8.1,B+,3.5,True,3.13,3.34,Pass
1890,1381513,HK132_CO1007_L02,CO1007,-18,False,7.5,9.2,7.5,,,7.8,B,3.0,True,3.0,3.12,Pass
1891,1330488,HK132_CO1007_L02,CO1007,-18,False,7.1,6.4,7.3,,,7.1,B,3.0,True,3.1,3.22,Pass
1892,1393632,HK132_CO1007_L02,CO1007,-18,False,6.4,7.3,7.3,,,7.1,B,3.0,True,2.76,2.73,Pass
1893,1395408,HK132_CO1007_L02,CO1007,-18,False,6.9,7.1,5.2,,,5.9,C,2.0,True,2.06,2.14,Pass
1894,1358689,HK132_CO1007_L02,CO1007,-18,False,9.2,4.7,5.2,,,5.9,C,2.0,True,2.12,2.35,Pass
1895,1384429,HK132_CO1007_L02,CO1007,-18,False,6.6,7.2,6.0,,,6.4,C+,2.5,True,2.32,2.33,Pass
1896,1391582,HK132_CO1007_L02,CO1007,-18,False,7.4,6.8,4.7,,,5.7,C,2.0,True,2.59,2.36,Pass
1897,1319827,HK132_CO1007_L02,CO1007,-18,False,6.4,6.1,6.8,,,6.6,C+,2.5,True,2.44,2.33,Pass
1898,1316319,HK132_CO1007_L02,CO1007,-18,False,7.2,5.7,7.6,,,7.1,B,3.0,True,2.41,2.36,Pass
1899,1368347,HK132_CO1007_L02,CO1007,-18,False,5.2,6.5,5.2,,,5.5,C,2.0,True,2.53,2.27,Pass
1900,1342925,HK132_CO1007_L02,CO1007,-18,False,5.0,5.9,6.6,,,6.1,C,2.0,True,1.97,2.14,Pass
1901,1352402,HK132_CO1007_L02,CO1007,-18,False,8.7,9.1,8.9,,,8.9,A,4.0,True,3.23,3.19,Pass
1902,1365431,HK132_CO1007_L02,CO1007,-18,False,8.5,8.3,6.6,,,7.3,B,3.0,True,3.1,3.07,Pass
1903,1381787,HK132_CO1007_L02,CO1007,-18,False,8.7,8.4,8.6,,,8.6,A,4.0,True,3.67,3.7,Pass
1904,1382516,HK132_CO1007_L02,CO1007,-18,False,9.9,10.0,9.6,,,9.7,A+,4.0,True,3.92,3.95,Pass
1905,1304156,HK132_CO1007_L02,CO1007,-18,False,3.8,4.2,5.2,,,4.7,D,1.0,True,0.18,1.0,Pass
1906,1306935,HK132_CO1007_L02,CO1007,-18,False,6.6,6.0,7.6,,,7.1,B,3.0,True,2.29,2.26,Pass
1907,1386024,HK132_CO1007_L02,CO1007,-18,False,8.4,7.8,6.9,,,7.4,B,3.0,True,2.85,3.06,Pass
1908,1398461,HK132_CO1007_L02,CO1007,-18,False,7.2,7.5,8.5,,,8.0,B+,3.5,True,3.3,3.47,Pass
1909,1371126,HK132_CO1007_L02,CO1007,-18,False,6.3,5.5,5.0,,,5.4,D+,1.5,True,1.6,1.71,Pass
1910,1309577,HK132_CO1007_L02,CO1007,-18,False,7.2,8.4,6.4,,,7.0,B,3.0,True,2.38,2.35,Pass
1911,1352994,HK132_CO1007_L02,CO1007,-18,False,6.6,7.9,6.9,,,7.0,B,3.0,True,2.59,2.36,Pass
1912,1324793,HK132_CO1007_L02,CO1007,-18,False,9.3,9.8,10.0,,,9.8,A+,4.0,True,4.0,4.0,Pass
1913,1366297,HK132_CO1007_L02,CO1007,-18,False,6.3,6.2,7.2,,,6.8,C+,2.5,True,1.94,2.05,Pass
1914,1359144,HK132_CO1007_L02,CO1007,-18,False,9.9,8.2,8.8,,,8.9,A,4.0,True,4.0,4.0,Pass
1915,1347162,HK132_CO1007_L02,CO1007,-18,False,7.7,6.1,6.0,,,6.4,C+,2.5,True,2.09,2.09,Pass
1916,1336320,HK132_CO1007_L02,CO1007,-18,False,6.8,6.0,6.0,,,6.2,C,2.0,True,2.09,2.17,Pass
1917,1313951,HK132_CO1007_L02,CO1007,-18,False,7.6,5.6,9.2,,,8.2,B+,3.5,True,3.33,3.29,Pass
1918,1390853,HK132_CO1007_L02,CO1007,-18,False,8.2,7.7,8.0,,,8.0,B+,3.5,True,3.27,3.19,Pass
1919,1366889,HK132_CO1007_L02,CO1007,-18,False,5.5,7.1,7.4,,,7.0,B,3.0,True,2.68,2.58,Pass
1920,1362652,HK132_CO1007_L02,CO1007,-18,False,5.2,6.0,6.6,,,6.2,C,2.0,True,1.32,1.47,Pass
1921,1399919,HK132_CO1007_L02,CO1007,-18,False,9.1,8.5,7.6,,,8.1,B+,3.5,True,3.33,3.38,Pass
1922,1355636,HK132_CO1007_L02,CO1007,-18,False,4.7,6.2,4.3,,,4.8,D,1.0,True,1.59,1.61,Pass
1923,1368802,HK132_CO1007_L02,CO1007,-18,False,7.3,7.4,6.0,,,6.5,C+,2.5,True,2.88,2.91,Pass
1924,1310761,HK132_CO1007_L02,CO1007,-18,False,9.5,8.9,8.9,,,9.0,A,4.0,True,4.0,3.95,Pass
1925,1320830,HK132_CO1007_L02,CO1007,-18,False,8.6,8.7,8.0,,,8.3,B+,3.5,True,3.07,3.22,Pass
1926,1358552,HK132_CO1007_L02,CO1007,-18,False,5.9,7.0,5.9,,,6.1,C,2.0,True,2.26,2.39,Pass
1927,1349623,HK132_CO1007_L02,CO1007,-18,False,7.0,6.3,7.4,,,7.1,B,3.0,True,2.65,2.65,Pass
1928,1337641,HK132_CO1007_L02,CO1007,-18,False,7.2,7.2,7.1,,,7.1,B,3.0,True,3.13,3.14,Pass
1929,1351673,HK132_CO1007_L02,CO1007,-18,False,6.5,5.8,6.0,,,6.1,C,2.0,True,2.21,2.29,Pass
1930,1354907,HK132_CO1007_L02,CO1007,-18,False,9.0,9.2,7.9,,,8.4,B+,3.5,True,3.56,3.69,Pass
1931,1399782,HK132_CO1007_L02,CO1007,-18,False,5.7,7.4,7.1,,,6.9,C+,2.5,True,3.23,3.19,Pass
1932,1308848,HK132_CO1007_L02,CO1007,-18,False,8.2,7.9,7.0,,,7.4,B,3.0,True,3.03,3.0,Pass
1933,1395819,HK132_CO1007_L02,CO1007,-18,False,6.3,7.4,5.9,,,6.3,C,2.0,True,2.41,2.56,Pass
1934,1330762,HK132_CO1007_L02,CO1007,-18,False,8.1,7.2,8.2,,,8.0,B+,3.5,True,3.23,3.16,Pass
1935,1329167,HK132_CO1007_L02,CO1007,-18,False,7.9,9.5,8.3,,,8.5,A,4.0,True,3.92,3.95,Pass
1936,1374497,HK132_CO1007_L02,CO1007,-18,False,7.1,7.6,8.2,,,7.9,B,3.0,True,3.0,3.0,Pass
1937,1340420,HK132_CO1007_L02,CO1007,-18,False,6.4,4.6,6.7,,,6.2,C,2.0,True,1.82,1.73,Pass
1938,1387345,HK132_CO1007_L02,CO1007,-18,False,9.2,6.8,7.2,,,7.5,B,3.0,True,3.06,3.09,Pass
1939,1370989,HK132_CO1007_L02,CO1007,-18,False,6.6,7.4,6.8,,,6.9,C+,2.5,True,2.53,2.5,Pass
1940,1333996,HK132_CO1007_L02,CO1007,-18,False,8.0,8.8,8.9,,,8.7,A,4.0,True,3.97,3.98,Pass
1941,1396137,HK132_CO1007_L02,CO1007,-18,False,8.2,7.9,8.7,,,8.4,B+,3.5,True,3.53,3.41,Pass
1942,1322151,HK132_CO1007_L02,CO1007,-18,False,6.2,7.7,6.6,,,6.7,C+,2.5,True,2.12,2.11,Pass
1943,1361923,HK132_CO1007_L02,CO1007,-18,False,8.0,8.0,7.0,,,7.4,B,3.0,True,3.4,3.34,Pass
1944,1348894,HK132_CO1007_L02,CO1007,-18,False,6.5,5.5,6.7,,,6.4,C+,2.5,True,2.13,2.0,Pass
1945,1361468,HK132_CO1007_L02,CO1007,-18,False,6.5,6.8,6.2,,,6.4,C+,2.5,True,1.53,1.47,Pass
1946,1387663,HK132_CO1007_L02,CO1007,-18,False,8.2,8.5,8.0,,,8.1,B+,3.5,True,3.13,3.14,Pass
1947,1385295,HK132_CO1007_L02,CO1007,-18,False,5.3,5.9,5.4,,,5.5,C,2.0,True,1.6,1.41,Pass
1948,1346844,HK132_CO1007_L02,CO1007,-18,False,7.2,6.4,6.9,,,6.9,C+,2.5,True,2.74,2.79,Pass
1949,1394679,HK132_CO1007_L02,CO1007,-18,False,4.9,4.5,6.0,,,5.5,C,2.0,True,1.47,1.61,Pass
1950,1331217,HK132_CO1007_L02,CO1007,-18,False,6.4,7.0,5.5,,,6.0,C,2.0,True,1.53,1.62,Pass
1951,1398187,HK132_CO1007_L02,CO1007,-18,False,7.3,5.2,7.5,,,7.0,B,3.0,True,2.83,2.78,Pass
1952,1369805,HK132_CO1007_L02,CO1007,-18,False,8.6,9.0,8.6,,,8.7,A,4.0,True,3.8,3.64,Pass
1953,1350078,HK132_CO1007_L02,CO1007,-18,False,6.0,6.3,6.3,,,6.2,C,2.0,True,1.82,1.92,Pass
1954,1364702,HK132_CO1007_L02,CO1007,-18,False,5.3,5.6,5.7,,,5.6,C,2.0,True,1.68,1.85,Pass
1955,1302561,HK132_CO1007_L02,CO1007,-18,False,7.0,8.0,8.2,,,7.9,B,3.0,True,3.47,3.29,Pass
1956,1369213,HK132_CO1007_L02,CO1007,-18,False,7.2,9.7,9.8,,,9.3,A,4.0,True,3.7,3.6,Pass
1957,1392903,HK132_CO1007_L02,CO1007,-18,False,6.6,7.1,6.6,,,6.7,C+,2.5,True,2.33,2.31,Pass
1958,1372721,HK132_CO1007_L02,CO1007,-18,False,7.3,8.3,6.4,,,7.0,B,3.0,True,2.93,2.9,Pass
1959,1350944,HK132_CO1007_L02,CO1007,-18,False,7.3,7.4,7.6,,,7.5,B,3.0,True,3.32,3.21,Pass
1960,1378279,HK132_CO1007_L02,CO1007,-18,False,5.9,5.4,7.7,,,6.9,C+,2.5,True,2.35,2.08,Pass
1961,1314406,HK132_CO1007_L02,CO1007,-18,False,6.5,6.7,6.5,,,6.5,C+,2.5,True,2.38,2.33,Pass
1962,1399053,HK132_CO1007_L02,CO1007,-18,False,6.6,6.1,6.2,,,6.3,C,2.0,True,2.3,2.34,Pass
1963,1377868,HK132_CO1007_L02,CO1007,-18,False,6.9,6.0,4.3,,,5.2,D+,1.5,True,2.47,2.39,Pass
1964,1327983,HK132_CO1007_L02,CO1007,-18,False,6.9,8.0,7.7,,,7.6,B,3.0,True,3.1,3.05,Pass
1965,1364976,HK132_CO1007_L03,CO1007,-18,False,7.2,9.0,7.8,,,7.9,B,3.0,True,3.35,3.29,Pass
1966,1327846,HK132_CO1007_L03,CO1007,-18,False,6.5,7.4,7.3,,,7.2,B,3.0,True,2.5,2.64,Pass
1967,1311172,HK132_CO1007_L03,CO1007,-18,False,5.6,4.4,5.4,,,5.2,D+,1.5,True,1.68,1.62,Pass
1968,1384155,HK132_CO1007_L03,CO1007,-18,False,6.6,5.0,7.1,,,6.6,C+,2.5,True,1.26,1.63,Pass
1969,1307527,HK132_CO1007_L03,CO1007,-18,False,7.9,8.3,6.9,,,7.4,B,3.0,True,3.53,3.42,Pass
1970,1326843,HK132_CO1007_L03,CO1007,-18,False,7.6,6.1,6.3,,,6.5,C+,2.5,True,2.15,2.15,Pass
1971,1392629,HK132_CO1007_L03,CO1007,-18,False,6.7,5.8,5.5,,,5.8,C,2.0,True,2.15,2.2,Pass
1972,1381058,HK132_CO1007_L03,CO1007,-18,False,7.0,7.9,8.4,,,8.0,B+,3.5,True,3.13,3.14,Pass
1973,1328301,HK132_CO1007_L03,CO1007,-18,False,5.6,4.5,6.2,,,5.7,C,2.0,True,1.59,1.74,Pass
1974,1345841,HK132_CO1007_L03,CO1007,-18,False,3.6,3.6,3.7,,,3.7,F,0.0,False,0.0,1.0,Fail
1975,1385021,HK132_CO1007_L03,CO1007,-18,False,5.4,6.8,7.1,,,6.7,C+,2.5,True,2.35,2.24,Pass
1976,1344657,HK132_CO1007_L03,CO1007,-18,False,5.9,6.0,6.2,,,6.1,C,2.0,True,2.13,2.12,Pass
1977,1353586,HK132_CO1007_L03,CO1007,-18,False,6.3,7.1,6.8,,,6.8,C+,2.5,True,2.15,2.06,Pass
1978,1324201,HK132_CO1007_L03,CO1007,-18,False,8.2,7.1,5.9,,,6.6,C+,2.5,True,2.32,2.45,Pass
1979,1316456,HK132_CO1007_L03,CO1007,-18,False,4.3,4.9,6.4,,,5.7,C,2.0,True,1.5,1.65,Pass
1980,1304748,HK132_CO1007_L03,CO1007,-18,False,9.2,9.2,9.1,,,9.1,A,4.0,True,3.37,3.26,Pass
1981,1338096,HK132_CO1007_L03,CO1007,-18,False,6.4,5.8,6.5,,,6.3,C,2.0,True,2.53,2.53,Pass
1982,1329622,HK132_CO1007_L03,CO1007,-18,False,5.4,6.5,6.0,,,6.0,C,2.0,True,1.85,1.74,Pass
1983,1394953,HK132_CO1007_L03,CO1007,-18,False,5.9,5.5,7.0,,,6.5,C+,2.5,True,2.24,2.3,Pass
1984,1334588,HK132_CO1007_L03,CO1007,-18,False,6.6,7.0,6.0,,,6.3,C,2.0,True,2.44,2.48,Pass
1985,1382242,HK132_CO1007_L03,CO1007,-18,False,9.4,8.2,8.5,,,8.6,A,4.0,True,3.63,3.53,Pass
1986,1313222,HK132_CO1007_L03,CO1007,-18,False,7.5,7.8,8.9,,,8.4,B+,3.5,True,3.62,3.45,Pass
1987,1391171,HK132_CO1007_L03,CO1007,-18,False,7.8,10.0,8.2,,,8.5,A,4.0,True,3.73,3.33,Pass
1988,1309440,HK132_CO1007_L03,CO1007,-18,False,4.7,6.3,7.5,,,6.7,C+,2.5,True,2.38,2.32,Pass
1989,1344065,HK132_CO1007_L03,CO1007,-18,False,9.3,10.0,10.0,,,9.9,A+,4.0,True,3.83,3.8,Pass
1990,1332812,HK132_CO1007_L03,CO1007,-18,False,4.9,5.3,4.8,,,4.9,D,1.0,True,0.76,1.33,Pass
1991,1318780,HK132_CO1007_L03,CO1007,-18,False,8.1,7.6,7.0,,,7.3,B,3.0,True,3.0,2.93,Pass
1992,1345386,HK132_CO1007_L03,CO1007,-18,False,7.6,8.7,8.8,,,8.5,A,4.0,True,3.27,3.07,Pass
1993,1384884,HK132_CO1007_L03,CO1007,-18,False,8.2,8.3,7.8,,,8.0,B+,3.5,True,3.2,3.24,Pass
1994,1379463,HK132_CO1007_L03,CO1007,-18,False,7.2,7.8,9.0,,,8.4,B+,3.5,True,3.3,3.14,Pass
1995,1341604,HK132_CO1007_L03,CO1007,-18,False,6.7,7.2,6.9,,,6.9,C+,2.5,True,2.9,2.95,Pass
1996,1312948,HK132_CO1007_L03,CO1007,-18,False,5.7,7.3,8.1,,,7.5,B,3.0,True,2.62,2.61,Pass
1997,1357686,HK132_CO1007_L03,CO1007,-18,False,8.5,8.3,9.2,,,8.9,A,4.0,True,3.71,3.59,Pass
1998,1394816,HK132_CO1007_L03,CO1007,-18,False,6.5,6.9,7.6,,,7.2,B,3.0,True,2.35,2.3,Pass
1999,1336046,HK132_CO1007_L03,CO1007,-18,False,8.4,9.2,8.3,,,8.5,A,4.0,True,3.72,3.67,Pass
2000,1389987,HK132_CO1007_L03,CO1007,-18,False,10.0,10.0,9.3,,,9.6,A+,4.0,True,3.97,3.98,Pass
2001,1327117,HK132_CO1007_L03,CO1007,-18,False,5.6,6.3,6.7,,,6.4,C+,2.5,True,2.53,2.66,Pass
2002,1311490,HK132_CO1007_L03,CO1007,-18,False,9.0,8.3,10.0,,,9.5,A+,4.0,True,3.97,3.93,Pass
2003,1327254,HK132_CO1007_L03,CO1007,-18,False,7.1,4.8,9.0,,,7.8,B,3.0,True,2.35,2.14,Pass
2004,1388074,HK132_CO1007_L03,CO1007,-18,False,5.9,6.5,6.7,,,6.5,C+,2.5,True,2.18,2.26,Pass
2005,1325067,HK132_CO1007_L03,CO1007,-18,False,7.1,6.3,6.8,,,6.8,C+,2.5,True,3.03,2.86,Pass
2006,1308393,HK132_CO1007_L03,CO1007,-18,False,8.9,9.1,8.2,,,8.5,A,4.0,True,3.97,3.98,Pass
2007,1331080,HK132_CO1007_L03,CO1007,-18,False,8.0,8.0,7.1,,,7.5,B,3.0,True,3.1,3.38,Pass
2008,1334725,HK132_CO1007_L03,CO1007,-18,False,10.0,10.0,9.9,,,9.9,A+,4.0,True,3.97,3.98,Pass
2009,1338962,HK132_CO1007_L03,CO1007,-18,False,5.8,5.4,7.2,,,6.6,C+,2.5,True,2.26,2.35,Pass
2010,1365705,HK132_CO1007_L03,CO1007,-18,False,8.1,8.7,9.5,,,9.1,A,4.0,True,3.23,3.33,Pass
2011,1385887,HK132_CO1007_L03,CO1007,-18,False,9.2,6.5,8.8,,,8.4,B+,3.5,True,3.6,3.52,Pass
2012,1352265,HK132_CO1007_L03,CO1007,-18,False,8.6,7.6,8.2,,,8.2,B+,3.5,True,3.23,3.12,Pass
2013,1317185,HK132_CO1007_L03,CO1007,-18,False,6.7,5.6,6.2,,,6.2,C,2.0,True,2.26,2.29,Pass
2014,1376229,HK132_CO1007_L03,CO1007,-18,False,8.6,8.0,6.9,,,7.5,B,3.0,True,3.26,3.35,Pass
2015,1345704,HK132_CO1007_L03,CO1007,-18,False,4.8,6.0,5.9,,,5.7,C,2.0,True,1.93,1.86,Pass
2016,1388803,HK132_CO1007_L03,CO1007,-18,False,6.3,4.7,6.0,,,5.8,C,2.0,True,2.35,2.33,Pass
2017,1361786,HK132_CO1007_L03,CO1007,-18,False,8.4,8.7,7.3,,,7.8,B,3.0,True,3.09,3.14,Pass
2018,1302424,HK132_CO1007_L03,CO1007,-18,False,5.6,5.2,4.6,,,4.9,D,1.0,True,1.79,1.83,Pass
2019,1357823,HK132_CO1007_L03,CO1007,-18,False,5.6,6.6,7.3,,,6.8,C+,2.5,True,2.15,2.05,Pass
2020,1333404,HK132_CO1007_L03,CO1007,-18,False,6.3,6.8,6.4,,,6.5,C+,2.5,True,2.44,2.42,Pass
2021,1326980,HK132_CO1007_L03,CO1007,-18,False,7.8,6.5,6.2,,,6.6,C+,2.5,True,2.74,2.59,Pass
2022,1329896,HK132_CO1007_L03,CO1007,-18,False,8.1,9.1,8.6,,,8.6,A,4.0,True,3.8,3.83,Pass
2023,1322288,HK132_CO1007_L03,CO1007,-18,False,5.9,6.3,6.8,,,6.5,C+,2.5,True,2.38,2.2,Pass
2024,1398598,HK132_CO1007_L03,CO1007,-18,False,7.8,6.8,7.3,,,7.3,B,3.0,True,2.79,2.73,Pass
2025,1306798,HK132_CO1007_L03,CO1007,-18,False,7.9,8.9,7.2,,,7.7,B,3.0,True,3.09,3.17,Pass
2026,1364247,HK132_CO1007_L03,CO1007,-18,False,6.4,6.4,6.1,,,6.2,C,2.0,True,2.5,2.32,Pass
2027,1385613,HK132_CO1007_L03,CO1007,-18,False,7.5,6.4,6.0,,,6.4,C+,2.5,True,2.47,2.45,Pass
2028,1355044,HK132_CO1007_L03,CO1007,-18,False,8.2,7.9,9.6,,,9.0,A,4.0,True,3.27,3.21,Pass
2029,1364839,HK132_CO1007_L03,CO1007,-18,False,5.7,6.2,6.5,,,6.3,C,2.0,True,2.24,2.06,Pass
2030,1310306,HK132_CO1007_L03,CO1007,-18,False,10.0,9.2,9.2,,,9.4,A,4.0,True,3.97,3.98,Pass
2031,1370397,HK132_CO1007_L03,CO1007,-18,False,8.1,8.0,8.3,,,8.2,B+,3.5,True,3.03,2.95,Pass
2032,1314543,HK132_CO1007_L03,CO1007,-18,False,6.0,5.3,5.7,,,5.7,C,2.0,True,1.7,1.52,Pass
2033,1370534,HK132_CO1007_L03,CO1007,-18,False,7.8,5.7,7.4,,,7.1,B,3.0,True,2.32,2.39,Pass
2034,1361194,HK132_CO1007_L03,CO1007,-18,False,8.6,7.9,6.8,,,7.4,B,3.0,True,2.93,3.02,Pass
2035,1319964,HK132_CO1007_L03,CO1007,-18,False,10.0,8.4,7.5,,,8.2,B+,3.5,True,3.13,2.98,Pass
2036,1377550,HK132_CO1007_L03,CO1007,-18,False,5.9,6.6,5.5,,,5.8,C,2.0,True,1.65,1.48,Pass
2037,1318051,HK132_CO1007_L03,CO1007,-18,False,8.9,7.8,8.5,,,8.4,B+,3.5,True,3.09,3.0,Pass
2038,1336775,HK132_CO1007_L03,CO1007,-18,False,7.0,7.3,6.5,,,6.8,C+,2.5,True,2.03,2.19,Pass
2039,1385158,HK132_CO1007_L03,CO1007,-18,False,7.2,7.9,8.0,,,7.8,B,3.0,True,3.3,3.21,Pass
2040,1324930,HK132_CO1007_L03,CO1007,-18,False,4.4,3.9,3.9,,,4.0,D,1.0,True,0.7,1.0,Pass
2041,1322014,HK132_CO1007_L03,CO1007,-18,False,7.0,6.8,6.8,,,6.8,C+,2.5,True,2.41,2.58,Pass
2042,1393950,HK132_CO1007_L03,CO1007,-18,False,5.1,5.8,5.9,,,5.7,C,2.0,True,1.7,1.62,Pass
2043,1310443,HK132_CO1007_L03,CO1007,-18,False,10.0,8.9,10.0,,,9.8,A+,4.0,True,4.0,3.9,Pass
2044,1343791,HK132_CO1007_L03,CO1007,-18,False,6.2,7.4,6.0,,,6.3,C,2.0,True,1.87,2.27,Pass
2045,1335317,HK132_CO1007_L03,CO1007,-18,False,7.2,8.0,5.7,,,6.5,C+,2.5,True,2.24,2.08,Pass
2046,1375818,HK132_CO1007_L03,CO1007,-18,False,8.3,7.6,7.5,,,7.7,B,3.0,True,3.03,3.09,Pass
2047,1359007,HK132_CO1007_L03,CO1007,-18,False,6.0,6.7,6.7,,,6.6,C+,2.5,True,2.41,2.36,Pass
2048,1313085,HK132_CO1007_L03,CO1007,-18,False,7.2,6.5,6.3,,,6.5,C+,2.5,True,2.09,2.14,Pass
2049,1387937,HK132_CO1007_L03,CO1007,-18,False,8.1,5.5,7.5,,,7.2,B,3.0,True,3.07,3.1,Pass
2050,1331946,HK132_CO1007_L03,CO1007,-18,False,8.7,8.5,8.6,,,8.6,A,4.0,True,3.4,3.29,Pass
2051,1317459,HK132_CO1007_L03,CO1007,-18,False,7.3,7.3,7.4,,,7.4,B,3.0,True,3.2,3.17,Pass
2052,1335454,HK132_CO1007_L03,CO1007,-18,False,7.1,7.7,7.2,,,7.3,B,3.0,True,3.37,3.26,Pass
2053,1330625,HK132_CO1007_L03,CO1007,-18,False,6.5,7.1,6.7,,,6.7,C+,2.5,True,2.32,2.29,Pass
2054,1333541,HK132_CO1007_L03,CO1007,-18,False,6.1,5.9,5.9,,,5.9,C,2.0,True,2.21,2.39,Pass
2055,1345249,HK132_CO1007_L03,CO1007,-18,False,9.4,7.0,7.9,,,8.0,B+,3.5,True,3.3,3.21,Pass
2056,1356502,HK132_CO1007_L03,CO1007,-18,False,8.0,6.4,5.5,,,6.2,C,2.0,True,2.24,2.18,Pass
2057,1312219,HK132_CO1007_L03,CO1007,-18,False,8.4,9.7,9.3,,,9.2,A,4.0,True,4.0,4.0,Pass
2058,1343062,HK132_CO1007_L03,CO1007,-18,False,7.9,6.0,6.9,,,6.9,C+,2.5,True,2.29,2.32,Pass
2059,1308985,HK132_CO1007_L03,CO1007,-18,False,6.3,8.2,7.9,,,7.6,B,3.0,True,3.15,3.02,Pass
2060,1320693,HK132_CO1007_L03,CO1007,-18,False,6.9,6.5,6.6,,,6.6,C+,2.5,True,2.62,2.47,Pass
2061,1354452,HK132_CO1007_L03,CO1007,-18,False,8.7,7.1,7.9,,,7.9,B,3.0,True,3.1,3.21,Pass
2062,1372584,HK132_CO1007_L03,CO1007,-18,False,5.4,8.0,8.0,,,7.5,B,3.0,True,3.1,2.98,Pass
2063,1325659,HK132_CO1007_L04,CO1007,-18,False,7.9,7.2,9.0,,,8.4,B+,3.5,True,3.47,3.29,Pass
2064,1321422,HK132_CO1007_L04,CO1007,-18,False,8.0,7.3,7.7,,,7.7,B,3.0,True,3.0,3.0,Pass
2065,1349941,HK132_CO1007_L04,CO1007,-18,False,10.0,8.3,8.3,,,8.6,A,4.0,True,4.0,3.93,Pass
2066,1314998,HK132_CO1007_L04,CO1007,-18,False,6.3,6.9,7.3,,,7.0,B,3.0,True,2.47,2.29,Pass
2067,1318643,HK132_CO1007_L04,CO1007,-18,False,6.1,4.6,6.6,,,6.1,C,2.0,True,2.32,2.33,Pass
2068,1315864,HK132_CO1007_L04,CO1007,-18,False,5.8,7.1,6.1,,,6.2,C,2.0,True,2.26,2.17,Pass
2069,1369076,HK132_CO1007_L04,CO1007,-18,False,5.3,6.2,5.5,,,5.6,C,2.0,True,1.53,1.73,Pass
2070,1390716,HK132_CO1007_L04,CO1007,-18,False,5.7,6.5,5.3,,,5.6,C,2.0,True,1.62,1.65,Pass
2071,1375955,HK132_CO1007_L04,CO1007,-18,False,6.9,6.4,8.0,,,7.5,B,3.0,True,2.24,2.03,Pass
2072,1395682,HK132_CO1007_L04,CO1007,-18,False,6.4,5.6,6.1,,,6.1,C,2.0,True,2.53,2.44,Pass
2073,1371855,HK132_CO1007_L04,CO1007,-18,False,5.6,5.5,5.3,,,5.4,D+,1.5,True,1.59,1.39,Pass
2074,1381376,HK132_CO1007_L04,CO1007,-18,False,7.2,8.3,8.1,,,8.0,B+,3.5,True,3.23,3.31,Pass
2075,1347436,HK132_CO1007_L04,CO1007,-18,False,8.0,7.0,6.1,,,6.7,C+,2.5,True,2.35,2.48,Pass
2076,1358415,HK132_CO1007_L04,CO1007,-18,False,7.6,8.4,7.5,,,7.7,B,3.0,True,3.13,2.83,Pass
2077,1362060,HK132_CO1007_L04,CO1007,-18,False,8.2,8.7,6.5,,,7.3,B,3.0,True,3.43,3.59,Pass
2078,1350670,HK132_CO1007_L04,CO1007,-18,False,6.9,5.9,7.5,,,7.1,B,3.0,True,2.35,2.53,Pass
2079,1379008,HK132_CO1007_L04,CO1007,-18,False,6.6,8.1,7.1,,,7.2,B,3.0,True,2.74,2.68,Pass
2080,1335591,HK132_CO1007_L04,CO1007,-18,False,6.6,7.3,5.6,,,6.1,C,2.0,True,2.18,2.21,Pass
2081,1389395,HK132_CO1007_L04,CO1007,-18,False,5.7,5.6,5.8,,,5.7,C,2.0,True,1.5,1.75,Pass
2082,1381650,HK132_CO1007_L04,CO1007,-18,False,7.8,5.5,6.2,,,6.4,C+,2.5,True,2.06,2.17,Pass
2083,1373176,HK132_CO1007_L04,CO1007,-18,False,5.9,6.2,6.6,,,6.4,C+,2.5,True,1.85,1.91,Pass
2084,1353131,HK132_CO1007_L04,CO1007,-18,False,7.4,7.1,7.1,,,7.2,B,3.0,True,3.09,3.36,Pass
2085,1362789,HK132_CO1007_L04,CO1007,-18,False,8.7,7.9,7.6,,,7.9,B,3.0,True,3.27,3.38,Pass
2086,1392037,HK132_CO1007_L04,CO1007,-18,False,7.8,8.6,8.1,,,8.1,B+,3.5,True,3.15,3.05,Pass
2087,1355910,HK132_CO1007_L04,CO1007,-18,False,6.9,6.7,5.2,,,5.8,C,2.0,True,2.24,2.32,Pass
2088,1373313,HK132_CO1007_L04,CO1007,-18,False,6.6,8.0,7.9,,,7.7,B,3.0,True,2.93,2.72,Pass
2089,1318506,HK132_CO1007_L04,CO1007,-18,False,4.1,4.8,5.2,,,4.9,D,1.0,True,1.65,1.82,Pass
2090,1325796,HK132_CO1007_L04,CO1007,-18,False,7.6,7.5,8.1,,,7.9,B,3.0,True,3.09,3.14,Pass
2091,1323017,HK132_CO1007_L04,CO1007,-18,False,6.7,6.6,5.5,,,6.0,C,2.0,True,2.24,2.39,Pass
2092,1358278,HK132_CO1007_L04,CO1007,-18,False,7.6,5.9,6.1,,,6.4,C+,2.5,True,2.09,2.29,Pass
2093,1300648,HK132_CO1007_L04,CO1007,-18,False,7.1,6.8,8.7,,,8.0,B+,3.5,True,2.9,2.74,Pass
2094,1385750,HK132_CO1007_L04,CO1007,-18,False,5.9,7.7,6.2,,,6.4,C+,2.5,True,2.35,2.36,Pass
2095,1363244,HK132_CO1007_L04,CO1007,-18,False,8.8,10.0,8.8,,,9.0,A,4.0,True,4.0,3.93,Pass
2096,1373768,HK132_CO1007_L04,CO1007,-18,False,8.2,8.4,7.8,,,8.0,B+,3.5,True,3.44,3.44,Pass
2097,1353723,HK132_CO1007_L04,CO1007,-18,False,4.4,3.9,4.8,,,4.5,D,1.0,True,0.7,1.16,Pass
2098,1348028,HK132_CO1007_L04,CO1007,-18,False,5.9,8.0,7.7,,,7.4,B,3.0,True,2.63,2.59,Pass
2099,1359736,HK132_CO1007_L04,CO1007,-18,False,8.4,8.9,7.7,,,8.1,B+,3.5,True,3.53,3.52,Pass
2100,1328575,HK132_CO1007_L04,CO1007,-18,False,5.2,6.2,6.5,,,6.2,C,2.0,True,2.57,2.55,Pass
2101,1304019,HK132_CO1007_L04,CO1007,-18,False,10.0,9.3,9.8,,,9.7,A+,4.0,True,3.97,3.98,Pass
2102,1397732,HK132_CO1007_L04,CO1007,-18,False,6.5,7.7,6.1,,,6.5,C+,2.5,True,2.53,2.45,Pass
2103,1310032,HK132_CO1007_L04,CO1007,-18,False,8.1,7.9,7.3,,,7.6,B,3.0,True,2.97,2.67,Pass
2104,1368939,HK132_CO1007_L04,CO1007,-18,False,7.5,8.0,5.9,,,6.6,C+,2.5,True,2.0,2.27,Pass
2105,1340557,HK132_CO1007_L04,CO1007,-18,False,6.5,5.2,6.3,,,6.1,C,2.0,True,2.3,2.45,Pass
2106,1301240,HK132_CO1007_L04,CO1007,-18,False,8.0,8.5,6.4,,,7.1,B,3.0,True,3.27,3.14,Pass
2107,1329030,HK132_CO1007_L04,CO1007,-18,False,6.1,5.6,4.8,,,5.2,D+,1.5,True,2.15,2.26,Pass
2108,1357094,HK132_CO1007_L04,CO1007,-18,False,8.2,8.7,7.7,,,8.0,B+,3.5,True,3.47,3.45,Pass
2109,1368073,HK132_CO1007_L04,CO1007,-18,False,6.9,6.5,6.7,,,6.7,C+,2.5,True,2.32,2.29,Pass
2110,1363518,HK132_CO1007_L04,CO1007,-18,False,7.0,8.6,8.9,,,8.5,A,4.0,True,3.03,2.97,Pass
2111,1376092,HK132_CO1007_L04,CO1007,-18,False,7.7,6.6,7.2,,,7.2,B,3.0,True,2.74,2.61,Pass
2112,1301377,HK132_CO1007_L04,CO1007,-18,False,6.5,6.5,6.1,,,6.3,C,2.0,True,2.06,2.03,Pass
2113,1367481,HK132_CO1007_L04,CO1007,-18,False,8.5,7.2,7.7,,,7.8,B,3.0,True,3.23,3.14,Pass
2114,1342607,HK132_CO1007_L04,CO1007,-18,False,4.2,5.2,5.5,,,5.2,D+,1.5,True,1.59,1.47,Pass
2115,1326114,HK132_CO1007_L04,CO1007,-18,False,5.8,7.4,5.9,,,6.2,C,2.0,True,2.37,2.31,Pass
2116,1306069,HK132_CO1007_L04,CO1007,-18,False,9.0,7.8,7.9,,,8.1,B+,3.5,True,3.71,3.42,Pass
2117,1306661,HK132_CO1007_L04,CO1007,-18,False,7.8,7.2,7.4,,,7.4,B,3.0,True,3.13,3.26,Pass
2118,1330033,HK132_CO1007_L04,CO1007,-18,False,5.5,7.0,6.5,,,6.4,C+,2.5,True,2.15,2.26,Pass
2119,1307253,HK132_CO1007_L04,CO1007,-18,False,8.2,7.0,7.6,,,7.6,B,3.0,True,3.37,3.26,Pass
2120,1327709,HK132_CO1007_L04,CO1007,-18,False,7.2,6.6,6.8,,,6.8,C+,2.5,True,2.29,2.39,Pass
2121,1398324,HK132_CO1007_L04,CO1007,-18,False,5.9,6.9,7.8,,,7.2,B,3.0,True,2.41,2.44,Pass
2122,1369531,HK132_CO1007_L04,CO1007,-18,False,6.6,7.6,4.8,,,5.7,C,2.0,True,1.74,2.02,Pass
2123,1387071,HK132_CO1007_L04,CO1007,-18,False,8.0,8.7,7.9,,,8.1,B+,3.5,True,3.7,3.74,Pass
2124,1339828,HK132_CO1007_L04,CO1007,-18,False,9.5,8.6,7.6,,,8.2,B+,3.5,True,3.17,3.38,Pass
2125,1342470,HK132_CO1007_L04,CO1007,-18,False,8.8,8.2,9.0,,,8.8,A,4.0,True,3.63,3.24,Pass
2126,1378734,HK132_CO1007_L04,CO1007,-18,False,4.4,4.9,4.6,,,4.6,D,1.0,True,0.79,1.21,Pass
2127,1375089,HK132_CO1007_L04,CO1007,-18,False,6.0,5.7,6.4,,,6.2,C,2.0,True,2.17,2.1,Pass
2128,1389258,HK132_CO1007_L04,CO1007,-18,False,9.5,8.4,9.5,,,9.3,A,4.0,True,4.0,4.0,Pass
2129,1312493,HK132_CO1007_L04,CO1007,-18,False,7.0,8.0,8.4,,,8.0,B+,3.5,True,3.1,3.05,Pass
2130,1311627,HK132_CO1007_L04,CO1007,-18,False,6.2,8.2,7.1,,,7.1,B,3.0,True,2.24,1.97,Pass
2131,1362926,HK132_CO1007_L04,CO1007,-18,False,9.9,7.9,7.8,,,8.2,B+,3.5,True,3.23,3.31,Pass
2132,1319372,HK132_CO1007_L04,CO1007,-18,False,8.1,7.8,8.8,,,8.5,A,4.0,True,3.03,3.02,Pass
2133,1359873,HK132_CO1007_L04,CO1007,-18,False,6.0,5.6,6.8,,,6.4,C+,2.5,True,2.53,2.33,Pass
2134,1383700,HK132_CO1007_L04,CO1007,-18,False,6.9,9.3,8.4,,,8.3,B+,3.5,True,3.06,3.03,Pass
2135,1388666,HK132_CO1007_L04,CO1007,-18,False,8.4,7.0,7.0,,,7.3,B,3.0,True,3.0,3.12,Pass
2136,1371263,HK132_CO1007_L04,CO1007,-18,False,5.1,4.7,3.7,,,4.2,D,1.0,True,1.5,1.53,Pass
2137,1305203,HK132_CO1007_L04,CO1007,-18,False,6.2,6.5,7.6,,,7.1,B,3.0,True,2.35,2.12,Pass
2138,1301969,HK132_CO1007_L04,CO1007,-18,False,7.2,5.8,7.0,,,6.8,C+,2.5,True,2.5,2.39,Pass
2139,1370260,HK132_CO1007_L04,CO1007,-18,False,7.1,7.3,6.2,,,6.6,C+,2.5,True,2.12,2.0,Pass
2140,1307982,HK132_CO1007_L04,CO1007,-18,False,6.6,7.0,7.6,,,7.3,B,3.0,True,3.07,2.91,Pass
2141,1321285,HK132_CO1007_L04,CO1007,-18,False,9.4,8.0,8.8,,,8.8,A,4.0,True,3.5,3.48,Pass
2142,1318188,HK132_CO1007_L04,CO1007,-18,False,6.8,7.3,6.1,,,6.5,C+,2.5,True,2.68,2.58,Pass
2143,1320238,HK132_CO1007_L04,CO1007,-18,False,6.7,7.7,6.8,,,7.0,B,3.0,True,2.62,2.59,Pass
2144,1383563,HK132_CO1007_L04,CO1007,-18,False,5.6,7.2,7.2,,,6.9,C+,2.5,True,2.71,2.59,Pass
2145,1317777,HK132_CO1007_L04,CO1007,-18,False,7.6,6.5,6.5,,,6.7,C+,2.5,True,2.8,2.9,Pass
2146,1326251,HK132_CO1007_L04,CO1007,-18,False,7.0,6.4,5.6,,,6.0,C,2.0,True,2.41,2.52,Pass
2147,1343199,HK132_CO1007_L04,CO1007,-18,False,6.7,7.0,6.0,,,6.3,C,2.0,True,2.18,2.17,Pass
2148,1380055,HK132_CO1007_L04,CO1007,-18,False,6.1,7.3,6.3,,,6.5,C+,2.5,True,2.47,2.32,Pass
2149,1363973,HK132_CO1007_L04,CO1007,-18,False,5.3,4.8,5.4,,,5.3,D+,1.5,True,1.41,1.47,Pass
2150,1301832,HK132_CO1007_L04,CO1007,-18,False,6.0,5.2,5.6,,,5.6,C,2.0,True,1.44,1.38,Pass
2151,1300966,HK132_CO1007_L04,CO1007,-18,False,5.4,5.0,5.4,,,5.3,D+,1.5,True,1.62,1.65,Pass
2152,1304611,HK132_CO1007_L04,CO1007,-18,False,8.9,9.6,9.2,,,9.2,A,4.0,True,3.9,3.95,Pass
2153,1353860,HK132_CO1007_L04,CO1007,-18,False,6.8,5.3,7.4,,,6.9,C+,2.5,True,1.94,2.08,Pass
2154,1350352,HK132_CO1007_L04,CO1007,-18,False,8.0,8.5,8.2,,,8.2,B+,3.5,True,3.33,3.17,Pass
2155,1384292,HK132_CO1007_L04,CO1007,-18,False,5.4,6.1,6.3,,,6.1,C,2.0,True,2.12,2.42,Pass
2156,1366434,HK132_CO1007_L04,CO1007,-18,False,8.3,7.5,6.6,,,7.1,B,3.0,True,3.43,3.43,Pass
2157,1334133,HK132_CO1007_L04,CO1007,-18,False,9.6,8.9,8.8,,,9.0,A,4.0,True,3.63,3.81,Pass
2158,1338370,HK132_CO1007_L04,CO1007,-18,False,7.3,8.9,9.1,,,8.7,A,4.0,True,3.89,3.83,Pass
2159,1341878,HK132_CO1007_L04,CO1007,-18,False,6.9,7.3,8.5,,,7.9,B,3.0,True,2.85,2.82,Pass
2160,1320967,HK132_CO1007_L04,CO1007,-18,False,5.9,4.8,6.3,,,5.9,C,2.0,True,1.44,1.6,Pass
2161,1377413,HK132_CO1007_L05,CO1007,-18,False,4.5,3.8,5.6,,,5.0,D+,1.5,True,1.33,1.43,Pass
2162,1398916,HK132_CO1007_L05,CO1007,-18,False,7.0,9.2,7.6,,,7.8,B,3.0,True,3.2,3.17,Pass
2163,1302698,HK132_CO1007_L05,CO1007,-18,False,7.8,8.6,8.1,,,8.1,B+,3.5,True,3.43,3.22,Pass
2164,1378597,HK132_CO1007_L05,CO1007,-18,False,6.3,5.9,7.7,,,7.1,B,3.0,True,2.3,2.05,Pass
2165,1322880,HK132_CO1007_L05,CO1007,-18,False,5.1,5.4,6.2,,,5.8,C,2.0,True,1.85,1.83,Pass
2166,1389121,HK132_CO1007_L05,CO1007,-18,False,8.1,7.8,8.6,,,8.3,B+,3.5,True,3.26,3.26,Pass
2167,1317914,HK132_CO1007_L05,CO1007,-18,False,6.6,7.4,6.5,,,6.7,C+,2.5,True,2.65,2.67,Pass
2168,1362515,HK132_CO1007_L05,CO1007,-18,False,8.4,8.4,8.2,,,8.3,B+,3.5,True,3.87,3.93,Pass
2169,1355499,HK132_CO1007_L05,CO1007,-18,False,9.0,9.6,10.0,,,9.7,A+,4.0,True,4.0,4.0,Pass
2170,1305932,HK132_CO1007_L05,CO1007,-18,False,9.7,8.6,7.3,,,8.0,B+,3.5,True,3.26,3.11,Pass
2171,1379600,HK132_CO1007_L05,CO1007,-18,False,5.1,5.1,4.9,,,5.0,D+,1.5,True,1.47,1.52,Pass
2172,1310898,HK132_CO1007_L05,CO1007,-18,False,6.8,6.4,5.6,,,6.0,C,2.0,True,2.24,2.42,Pass
2173,1375363,HK132_CO1007_L05,CO1007,-18,False,7.5,5.7,5.3,,,5.8,C,2.0,True,2.62,2.48,Pass
2174,1374042,HK132_CO1007_L05,CO1007,-18,False,3.9,3.0,3.4,,,3.4,F,0.0,False,0.14,1.3,Fail
2175,1392311,HK132_CO1007_L05,CO1007,-18,False,7.5,7.6,7.6,,,7.6,B,3.0,True,2.27,2.33,Pass
2176,1380921,HK132_CO1007_L05,CO1007,-18,False,9.8,9.3,9.4,,,9.5,A+,4.0,True,4.0,4.0,Pass
2177,1305477,HK132_CO1007_L05,CO1007,-18,False,8.0,6.8,6.4,,,6.8,C+,2.5,True,2.71,2.79,Pass
2178,1355773,HK132_CO1007_L05,CO1007,-18,False,5.6,5.7,7.2,,,6.6,C+,2.5,True,2.0,1.91,Pass
2179,1349486,HK132_CO1007_L05,CO1007,-18,False,8.4,7.5,8.3,,,8.2,B+,3.5,True,3.59,3.59,Pass
2180,1331354,HK132_CO1007_L05,CO1007,-18,False,5.8,4.6,6.2,,,5.8,C,2.0,True,2.09,2.26,Pass
2181,1390124,HK132_CO1007_L05,CO1007,-18,False,7.5,8.7,8.2,,,8.2,B+,3.5,True,3.21,3.29,Pass
2182,1367755,HK132_CO1007_L05,CO1007,-18,False,6.5,5.6,6.3,,,6.2,C,2.0,True,2.53,2.53,Pass
2183,1315135,HK132_CO1007_L05,CO1007,-18,False,7.7,7.5,7.2,,,7.4,B,3.0,True,3.23,3.38,Pass
2184,1305340,HK132_CO1007_L05,CO1007,-18,False,9.3,6.3,8.1,,,8.0,B+,3.5,True,3.5,3.26,Pass
2185,1355181,HK132_CO1007_L05,CO1007,-18,False,7.4,7.6,8.0,,,7.8,B,3.0,True,3.3,3.09,Pass
2186,1326525,HK132_CO1007_L05,CO1007,-18,False,9.5,9.7,9.9,,,9.8,A+,4.0,True,4.0,3.94,Pass
2187,1395545,HK132_CO1007_L05,CO1007,-18,False,4.3,5.9,3.8,,,4.3,D,1.0,True,0.64,1.0,Pass
2188,1321559,HK132_CO1007_L05,CO1007,-18,False,6.9,7.4,7.1,,,7.1,B,3.0,True,2.41,2.5,Pass
2189,1359281,HK132_CO1007_L05,CO1007,-18,False,8.7,10.0,8.4,,,8.8,A,4.0,True,3.77,3.57,Pass
2190,1313677,HK132_CO1007_L05,CO1007,-18,False,8.5,7.6,8.2,,,8.1,B+,3.5,True,3.26,3.14,Pass
2191,1345978,HK132_CO1007_L05,CO1007,-18,False,10.0,8.3,9.1,,,9.1,A,4.0,True,3.53,3.76,Pass
2192,1375500,HK132_CO1007_L05,CO1007,-18,False,6.2,7.1,6.2,,,6.4,C+,2.5,True,2.68,2.68,Pass
2193,1367618,HK132_CO1007_L05,CO1007,-18,False,6.9,5.4,7.6,,,7.0,B,3.0,True,2.82,2.64,Pass
2194,1356957,HK132_CO1007_L05,CO1007,-18,False,5.4,6.5,6.6,,,6.3,C,2.0,True,1.32,1.72,Pass
2195,1360147,HK132_CO1007_L05,CO1007,-18,False,5.8,8.2,9.4,,,8.4,B+,3.5,True,3.27,3.1,Pass
2196,1384566,HK132_CO1007_L05,CO1007,-18,False,9.8,7.4,7.7,,,8.1,B+,3.5,True,3.26,3.35,Pass
2197,1394087,HK132_CO1007_L05,CO1007,-18,False,7.1,5.9,6.0,,,6.2,C,2.0,True,2.47,2.58,Pass
2198,1336912,HK132_CO1007_L05,CO1007,-18,False,7.2,6.2,5.9,,,6.2,C,2.0,True,2.09,2.11,Pass
2199,1319235,HK132_CO1007_L05,CO1007,-18,False,10.0,8.8,10.0,,,9.8,A+,4.0,True,3.7,3.74,Pass
2200,1376821,HK132_CO1007_L05,CO1007,-18,False,7.1,5.6,6.6,,,6.5,C+,2.5,True,2.35,2.44,Pass
2201,1311035,HK132_CO1007_L05,CO1007,-18,False,8.4,8.0,8.0,,,8.1,B+,3.5,True,3.37,3.29,Pass
2202,1353449,HK132_CO1007_L05,CO1007,-18,False,9.7,10.0,10.0,,,9.9,A+,4.0,True,4.0,4.0,Pass
2203,1376684,HK132_CO1007_L05,CO1007,-18,False,7.1,5.2,6.4,,,6.3,C,2.0,True,2.12,2.15,Pass
2204,1360010,HK132_CO1007_L05,CO1007,-18,False,6.4,5.1,6.7,,,6.3,C,2.0,True,1.79,1.65,Pass
2205,1324064,HK132_CO1007_L05,CO1007,-18,False,6.6,7.1,6.3,,,6.5,C+,2.5,True,2.41,2.45,Pass
2206,1328438,HK132_CO1007_L05,CO1007,-18,False,6.8,7.2,7.1,,,7.1,B,3.0,True,2.65,2.79,Pass
2207,1351399,HK132_CO1007_L05,CO1007,-18,False,5.7,7.5,5.6,,,6.0,C,2.0,True,2.38,2.23,Pass
2208,1301695,HK132_CO1007_L05,CO1007,-18,False,8.8,7.7,6.9,,,7.4,B,3.0,True,3.0,3.26,Pass
2209,1369942,HK132_CO1007_L05,CO1007,-18,False,6.6,5.6,6.8,,,6.5,C+,2.5,True,2.18,2.21,Pass
2210,1356639,HK132_CO1007_L05,CO1007,-18,False,4.9,6.8,6.4,,,6.2,C,2.0,True,2.03,2.08,Pass
2211,1332538,HK132_CO1007_L05,CO1007,-18,False,7.8,8.6,8.4,,,8.3,B+,3.5,True,3.83,3.5,Pass
2212,1366023,HK132_CO1007_L05,CO1007,-18,False,6.0,8.1,6.2,,,6.5,C+,2.5,True,2.77,2.71,Pass
2213,1337778,HK132_CO1007_L05,CO1007,-18,False,6.2,6.4,4.5,,,5.2,D+,1.5,True,1.65,1.67,Pass
2214,1340875,HK132_CO1007_L05,CO1007,-18,False,5.2,5.7,5.8,,,5.7,C,2.0,True,1.91,1.65,Pass
2215,1323746,HK132_CO1007_L05,CO1007,-18,False,5.8,7.6,7.2,,,7.0,B,3.0,True,2.27,2.4,Pass
2216,1330351,HK132_CO1007_L05,CO1007,-18,False,7.6,8.5,7.6,,,7.8,B,3.0,True,2.97,3.16,Pass
2217,1316001,HK132_CO1007_L05,CO1007,-18,False,7.6,8.9,7.6,,,7.9,B,3.0,True,3.3,3.22,Pass
2218,1303153,HK132_CO1007_L05,CO1007,-18,False,6.1,8.4,8.0,,,7.7,B,3.0,True,2.24,2.26,Pass
2219,1301103,HK132_CO1007_L05,CO1007,-18,False,6.4,5.5,5.2,,,5.5,C,2.0,True,1.44,1.38,Pass
2220,1380329,HK132_CO1007_L05,CO1007,-18,False,7.8,7.1,8.4,,,8.0,B+,3.5,True,3.12,3.09,Pass
2221,1347891,HK132_CO1007_L05,CO1007,-18,False,5.3,5.6,6.7,,,6.2,C,2.0,True,1.71,1.86,Pass
2222,1343336,HK132_CO1007_L05,CO1007,-18,False,5.3,7.4,7.6,,,7.1,B,3.0,True,2.41,2.38,Pass
2223,1373039,HK132_CO1007_L05,CO1007,-18,False,6.1,7.6,7.1,,,7.0,B,3.0,True,2.74,2.7,Pass
2224,1391900,HK132_CO1007_L05,CO1007,-18,False,6.4,6.3,5.7,,,6.0,C,2.0,True,1.94,1.97,Pass
2225,1303427,HK132_CO1007_L05,CO1007,-18,False,7.4,7.4,6.9,,,7.1,B,3.0,True,2.62,2.47,Pass
2226,1311901,HK132_CO1007_L05,CO1007,-18,False,6.9,6.2,6.9,,,6.8,C+,2.5,True,2.47,2.39,Pass
2227,1357231,HK132_CO1007_L05,CO1007,-18,False,6.1,6.7,7.2,,,6.9,C+,2.5,True,2.38,2.26,Pass
2228,1356228,HK132_CO1007_L05,CO1007,-18,False,7.7,6.7,4.6,,,5.6,C,2.0,True,2.32,2.38,Pass
2229,1346115,HK132_CO1007_L05,CO1007,-18,False,6.1,6.9,7.1,,,6.9,C+,2.5,True,2.5,2.39,Pass
2230,1337049,HK132_CO1007_L05,CO1007,-18,False,8.8,8.1,7.2,,,7.7,B,3.0,True,3.0,3.05,Pass
2231,1344383,HK132_CO1007_L05,CO1007,-18,False,8.5,8.4,7.0,,,7.6,B,3.0,True,3.3,3.47,Pass
2232,1380192,HK132_CO1007_L05,CO1007,-18,False,5.4,4.0,5.3,,,5.1,D+,1.5,True,2.15,2.06,Pass
2233,1314269,HK132_CO1007_L05,CO1007,-18,False,8.8,10.0,9.2,,,9.3,A,4.0,True,3.97,3.71,Pass
2234,1348165,HK132_CO1007_L05,CO1007,-18,False,5.9,6.2,6.4,,,6.3,C,2.0,True,1.74,1.76,Pass
2235,1324475,HK132_CO1007_L05,CO1007,-18,False,6.6,6.5,5.9,,,6.2,C,2.0,True,2.26,2.18,Pass
2236,1303290,HK132_CO1007_L05,CO1007,-18,False,6.7,7.1,7.8,,,7.4,B,3.0,True,3.2,3.17,Pass
2237,1371718,HK132_CO1007_L05,CO1007,-18,False,7.8,8.5,8.7,,,8.5,A,4.0,True,3.44,3.41,Pass
2238,1317322,HK132_CO1007_L05,CO1007,-18,False,6.7,6.1,7.1,,,6.8,C+,2.5,True,2.44,2.38,Pass
2239,1309714,HK132_CO1007_L05,CO1007,-18,False,8.3,7.0,7.8,,,7.7,B,3.0,True,2.65,2.88,Pass
2240,1372447,HK132_CO1007_L05,CO1007,-18,False,6.6,7.8,6.9,,,7.0,B,3.0,True,3.0,3.0,Pass
2241,1340283,HK132_CO1007_L05,CO1007,-18,False,5.1,6.7,6.9,,,6.5,C+,2.5,True,2.41,2.45,Pass
2242,1382834,HK132_CO1007_L05,CO1007,-18,False,7.0,7.7,6.5,,,6.8,C+,2.5,True,2.4,2.43,Pass
2243,1392174,HK132_CO1007_L05,CO1007,-18,False,9.1,9.1,9.1,,,9.1,A,4.0,True,3.97,3.88,Pass
2244,1363381,HK132_CO1007_L05,CO1007,-18,False,7.4,7.6,8.2,,,7.9,B,3.0,True,3.0,3.12,Pass
2245,1308256,HK132_CO1007_L05,CO1007,-18,False,6.6,6.2,7.4,,,7.0,B,3.0,True,2.47,2.52,Pass
2246,1371581,HK132_CO1007_L05,CO1007,-18,False,6.6,6.9,6.1,,,6.4,C+,2.5,True,2.68,2.64,Pass
2247,1377276,HK132_CO1007_L05,CO1007,-18,False,5.9,6.3,5.2,,,5.6,C,2.0,True,1.88,1.92,Pass
2248,1382971,HK132_CO1007_L05,CO1007,-18,False,7.0,6.7,7.5,,,7.2,B,3.0,True,2.53,2.61,Pass
2249,1397458,HK132_CO1007_L05,CO1007,-18,False,6.1,6.3,6.7,,,6.5,C+,2.5,True,2.21,2.17,Pass
2250,1383837,HK132_CO1007_L05,CO1007,-18,False,4.5,6.0,6.2,,,5.8,C,2.0,True,1.79,1.73,Pass
2251,1338825,HK132_CO1007_L05,CO1007,-18,False,8.4,6.9,6.1,,,6.7,C+,2.5,True,2.97,3.03,Pass
2252,1304474,HK132_CO1007_L05,CO1007,-18,False,6.2,5.1,3.4,,,4.3,D,1.0,True,1.71,1.55,Pass
2253,1368484,HK132_CO1007_L05,CO1007,-18,False,6.0,5.5,5.3,,,5.5,C,2.0,True,1.68,1.67,Pass
2254,1312356,HK132_CO1007_L05,CO1007,-18,False,6.3,7.1,7.4,,,7.1,B,3.0,True,2.76,2.8,Pass
2255,1368210,HK132_CO1007_L05,CO1007,-18,False,9.1,10.0,9.2,,,9.3,A,4.0,True,4.0,4.0,Pass
2256,1362197,HK132_CO1007_L05,CO1007,-18,False,9.7,7.7,7.7,,,8.1,B+,3.5,True,3.2,3.1,Pass
2257,1333130,HK132_CO1007_L05,CO1007,-18,False,8.3,9.6,6.9,,,7.7,B,3.0,True,3.2,3.17,Pass
2258,1374634,HK132_CO1007_L05,CO1007,-18,False,4.6,4.2,5.3,,,4.9,D,1.0,True,1.47,1.64,Pass
2259,1303427,HK132_CO1027_L01,CO1027,-18,False,7.4,6.7,6.1,6.6,,6.5,C+,2.5,True,2.62,2.47,Pass
2260,1317459,HK132_CO1027_L01,CO1027,-18,False,7.5,7.8,8.5,8.4,,8.2,B+,3.5,True,3.2,3.17,Pass
2261,1396411,HK132_CO1027_L01,CO1027,-18,False,6.5,7.3,7.4,6.0,,7.1,B,3.0,True,3.0,3.2,Pass
2262,1399782,HK132_CO1027_L01,CO1027,-18,False,7.5,8.6,6.6,9.1,,7.4,B,3.0,True,3.23,3.19,Pass
2263,1343928,HK132_CO1027_L01,CO1027,-18,False,8.8,8.3,8.4,9.8,,8.6,A,4.0,True,4.0,4.0,Pass
2264,1394679,HK132_CO1027_L01,CO1027,-18,False,4.8,4.7,4.9,4.9,,4.8,D,1.0,True,1.47,1.61,Pass
2265,1313951,HK132_CO1027_L01,CO1027,-18,False,8.5,7.7,7.6,8.8,,7.9,B,3.0,True,3.33,3.29,Pass
2266,1307982,HK132_CO1027_L01,CO1027,-18,False,9.6,7.8,7.4,7.3,,7.9,B,3.0,True,3.07,2.91,Pass
2267,1352402,HK132_CO1027_L01,CO1027,-18,False,7.2,8.1,8.1,6.8,,7.8,B,3.0,True,3.23,3.19,Pass
2268,1338962,HK132_CO1027_L01,CO1027,-18,False,6.5,6.5,7.6,6.4,,7.0,B,3.0,True,2.26,2.35,Pass
2269,1367755,HK132_CO1027_L01,CO1027,-18,False,7.5,6.6,5.9,6.0,,6.4,C+,2.5,True,2.53,2.53,Pass
2270,1381787,HK132_CO1027_L01,CO1027,-18,False,9.2,8.9,8.9,9.2,,9.0,A,4.0,True,3.67,3.7,Pass
2271,1353586,HK132_CO1027_L01,CO1027,-18,False,5.4,4.4,6.7,4.9,,5.8,C,2.0,True,2.15,2.06,Pass
2272,1388666,HK132_CO1027_L01,CO1027,-18,False,7.5,7.3,7.2,7.4,,7.3,B,3.0,True,3.0,3.12,Pass
2273,1398598,HK132_CO1027_L01,CO1027,-18,False,6.8,7.2,6.1,8.7,,6.7,C+,2.5,True,2.79,2.73,Pass
2274,1393632,HK132_CO1027_L01,CO1027,-18,False,7.8,6.3,6.9,6.5,,6.9,C+,2.5,True,2.76,2.73,Pass
2275,1324201,HK132_CO1027_L01,CO1027,-18,False,6.6,6.9,5.5,8.1,,6.3,C,2.0,True,2.32,2.45,Pass
2276,1375089,HK132_CO1027_L01,CO1027,-18,False,6.7,4.7,5.7,6.4,,5.8,C,2.0,True,2.17,2.1,Pass
2277,1366160,HK132_CO1027_L01,CO1027,-18,False,6.6,7.2,6.0,5.3,,6.3,C,2.0,True,2.38,2.2,Pass
2278,1368802,HK132_CO1027_L01,CO1027,-18,False,6.9,7.6,7.7,7.9,,7.5,B,3.0,True,2.88,2.91,Pass
2279,1332538,HK132_CO1027_L01,CO1027,-18,False,8.8,9.5,9.3,9.5,,9.3,A,4.0,True,3.83,3.5,Pass
2280,1318188,HK132_CO1027_L01,CO1027,-18,False,7.2,6.3,8.9,6.6,,7.8,B,3.0,True,2.68,2.58,Pass
2281,1369213,HK132_CO1027_L01,CO1027,-18,False,7.7,7.3,8.1,8.6,,7.9,B,3.0,True,3.7,3.6,Pass
2282,1304019,HK132_CO1027_L01,CO1027,-18,False,10.0,9.6,9.8,9.0,,9.7,A+,4.0,True,3.97,3.98,Pass
2283,1339554,HK132_CO1027_L01,CO1027,-18,False,7.5,7.2,9.4,7.4,,8.4,B+,3.5,True,3.37,3.43,Pass
2284,1301377,HK132_CO1027_L01,CO1027,-18,False,7.0,6.6,6.2,6.4,,6.5,C+,2.5,True,2.06,2.03,Pass
2285,1368073,HK132_CO1027_L01,CO1027,-18,False,6.7,6.2,6.3,6.6,,6.4,C+,2.5,True,2.32,2.29,Pass
2286,1304474,HK132_CO1027_L01,CO1027,-18,False,7.0,4.8,5.1,6.5,,5.6,C,2.0,True,1.71,1.55,Pass
2287,1355773,HK132_CO1027_L01,CO1027,-18,False,6.1,4.9,8.2,5.8,,6.9,C+,2.5,True,2.0,1.91,Pass
2288,1346115,HK132_CO1027_L01,CO1027,-18,False,5.4,6.5,5.6,5.5,,5.7,C,2.0,True,2.5,2.39,Pass
2289,1391900,HK132_CO1027_L01,CO1027,-18,False,6.8,6.0,7.1,5.6,,6.7,C+,2.5,True,1.94,1.97,Pass
2290,1325522,HK132_CO1027_L01,CO1027,-18,False,5.9,4.2,6.1,4.7,,5.5,C,2.0,True,2.27,2.21,Pass
2291,1374771,HK132_CO1027_L01,CO1027,-18,False,6.9,8.9,7.4,6.4,,7.5,B,3.0,True,3.1,3.24,Pass
2292,1337504,HK132_CO1027_L01,CO1027,-18,False,5.1,5.8,5.9,6.0,,5.7,C,2.0,True,1.88,1.91,Pass
2293,1385021,HK132_CO1027_L01,CO1027,-18,False,7.3,6.1,6.5,6.9,,6.6,C+,2.5,True,2.35,2.24,Pass
2294,1384429,HK132_CO1027_L01,CO1027,-18,False,7.3,6.3,6.5,4.7,,6.4,C+,2.5,True,2.32,2.33,Pass
2295,1340557,HK132_CO1027_L01,CO1027,-18,False,7.0,6.1,6.9,7.1,,6.8,C+,2.5,True,2.3,2.45,Pass
2296,1339417,HK132_CO1027_L01,CO1027,-18,False,6.3,7.0,7.7,6.2,,7.1,B,3.0,True,2.53,2.4,Pass
2297,1368939,HK132_CO1027_L01,CO1027,-18,False,7.4,6.2,5.1,6.2,,5.9,C,2.0,True,2.0,2.27,Pass
2298,1375226,HK132_CO1027_L01,CO1027,-18,False,6.7,5.0,5.8,6.3,,5.9,C,2.0,True,2.59,2.53,Pass
2299,1375818,HK132_CO1027_L01,CO1027,-18,False,8.3,8.4,7.3,8.3,,7.8,B,3.0,True,3.03,3.09,Pass
2300,1337367,HK132_CO1027_L01,CO1027,-18,False,5.0,4.3,4.8,6.3,,4.9,D,1.0,True,1.2,1.59,Pass
2301,1371263,HK132_CO1027_L01,CO1027,-18,False,6.0,5.7,6.1,7.3,,6.1,C,2.0,True,1.5,1.53,Pass
2302,1364839,HK132_CO1027_L01,CO1027,-18,False,6.4,5.1,6.7,6.1,,6.3,C,2.0,True,2.24,2.06,Pass
2303,1313540,HK132_CO1027_L01,CO1027,-18,False,6.0,4.8,7.2,5.6,,6.3,C,2.0,True,1.62,1.59,Pass
2304,1349623,HK132_CO1027_L01,CO1027,-18,False,6.3,8.5,6.5,6.2,,6.8,C+,2.5,True,2.65,2.65,Pass
2305,1333267,HK132_CO1027_L01,CO1027,-18,False,6.9,4.1,4.0,4.3,,4.6,D,1.0,True,0.95,1.22,Pass
2306,1342607,HK132_CO1027_L01,CO1027,-18,False,6.9,7.0,4.7,4.5,,5.6,C,2.0,True,1.59,1.47,Pass
2307,1372721,HK132_CO1027_L01,CO1027,-18,False,7.4,8.0,6.5,7.5,,7.1,B,3.0,True,2.93,2.9,Pass
2308,1308119,HK132_CO1027_L01,CO1027,-18,False,7.5,8.0,7.0,7.7,,7.4,B,3.0,True,3.5,3.5,Pass
2309,1319964,HK132_CO1027_L01,CO1027,-18,False,6.9,7.6,7.1,7.7,,7.2,B,3.0,True,3.13,2.98,Pass
2310,1369531,HK132_CO1027_L01,CO1027,-18,False,6.5,5.5,3.4,5.8,,4.7,D,1.0,True,1.74,2.02,Pass
2311,1317185,HK132_CO1027_L01,CO1027,-18,False,6.3,6.9,6.8,5.8,,6.6,C+,2.5,True,2.26,2.29,Pass
2312,1358689,HK132_CO1027_L01,CO1027,-18,False,8.0,6.9,7.3,7.0,,7.3,B,3.0,True,2.12,2.35,Pass
2313,1376684,HK132_CO1027_L01,CO1027,-18,False,6.0,6.7,6.3,5.3,,6.2,C,2.0,True,2.12,2.15,Pass
2314,1388392,HK132_CO1027_L01,CO1027,-18,False,5.0,4.9,4.2,3.8,,4.5,D,1.0,True,0.3,1.0,Pass
2315,1306935,HK132_CO1027_L01,CO1027,-18,False,6.3,7.3,5.5,7.1,,6.2,C,2.0,True,2.29,2.26,Pass
2316,1391445,HK132_CO1027_L01,CO1027,-18,False,7.0,7.3,6.0,6.3,,6.5,C+,2.5,True,2.35,2.38,Pass
2317,1389258,HK132_CO1027_L01,CO1027,-18,False,9.3,8.6,9.5,10.0,,9.3,A,4.0,True,4.0,4.0,Pass
2318,1317777,HK132_CO1027_L01,CO1027,-18,False,6.9,8.0,7.0,6.9,,7.2,B,3.0,True,2.8,2.9,Pass
2319,1322743,HK132_CO1027_L01,CO1027,-18,False,6.4,5.8,6.1,7.7,,6.3,C,2.0,True,2.32,2.33,Pass
2320,1312493,HK132_CO1027_L01,CO1027,-18,False,6.2,7.8,7.9,9.2,,7.7,B,3.0,True,3.1,3.05,Pass
2321,1378597,HK132_CO1027_L01,CO1027,-18,False,6.2,6.6,6.3,5.6,,6.3,C,2.0,True,2.3,2.05,Pass
2322,1302424,HK132_CO1027_L01,CO1027,-18,False,7.3,6.0,7.0,5.8,,6.7,C+,2.5,True,1.79,1.83,Pass
2323,1342925,HK132_CO1027_L01,CO1027,-18,False,6.4,6.4,6.9,6.1,,6.6,C+,2.5,True,1.97,2.14,Pass
2324,1352857,HK132_CO1027_L01,CO1027,-18,False,9.7,10.0,8.7,7.4,,9.0,A,4.0,True,3.97,3.98,Pass
2325,1383563,HK132_CO1027_L01,CO1027,-18,False,5.6,6.7,7.7,6.3,,6.9,C+,2.5,True,2.71,2.59,Pass
2326,1394361,HK132_CO1027_L01,CO1027,-18,False,7.3,7.8,6.7,8.0,,7.2,B,3.0,True,3.33,3.34,Pass
2327,1361923,HK132_CO1027_L01,CO1027,-18,False,7.3,7.9,8.0,8.1,,7.8,B,3.0,True,3.4,3.34,Pass
2328,1331217,HK132_CO1027_L01,CO1027,-18,False,5.4,4.7,3.8,6.3,,4.5,D,1.0,True,1.53,1.62,Pass
2329,1350078,HK132_CO1027_L01,CO1027,-18,False,5.1,6.1,5.1,5.4,,5.3,D+,1.5,True,1.82,1.92,Pass
2330,1343062,HK132_CO1027_L01,CO1027,-18,False,6.0,7.4,6.0,6.6,,6.3,C,2.0,True,2.29,2.32,Pass
2331,1324793,HK132_CO1027_L01,CO1027,-18,False,10.0,9.4,10.0,9.2,,9.8,A+,4.0,True,4.0,4.0,Pass
2332,1370397,HK132_CO1027_L01,CO1027,-18,False,9.3,8.5,7.0,7.1,,7.8,B,3.0,True,3.03,2.95,Pass
2333,1309714,HK132_CO1027_L01,CO1027,-18,False,7.2,7.1,5.7,7.2,,6.4,C+,2.5,True,2.65,2.88,Pass
2334,1343336,HK132_CO1027_L01,CO1027,-18,False,6.6,6.7,6.5,6.3,,6.5,C+,2.5,True,2.41,2.38,Pass
2335,1303745,HK132_CO1027_L01,CO1027,-18,False,9.5,9.2,7.4,8.8,,8.3,B+,3.5,True,3.73,3.74,Pass
2336,1326843,HK132_CO1027_L01,CO1027,-18,False,6.3,5.8,6.3,5.9,,6.2,C,2.0,True,2.15,2.15,Pass
2337,1383700,HK132_CO1027_L01,CO1027,-18,False,7.6,7.5,8.2,7.6,,7.9,B,3.0,True,3.06,3.03,Pass
2338,1317322,HK132_CO1027_L01,CO1027,-18,False,4.9,6.8,6.9,7.4,,6.5,C+,2.5,True,2.44,2.38,Pass
2339,1357960,HK132_CO1027_L01,CO1027,-18,False,5.6,5.6,4.6,6.7,,5.2,D+,1.5,True,1.44,1.62,Pass
2340,1341604,HK132_CO1027_L01,CO1027,-18,False,6.5,9.8,6.8,7.8,,7.4,B,3.0,True,2.9,2.95,Pass
2341,1371992,HK132_CO1027_L01,CO1027,-18,False,6.6,4.4,7.1,4.8,,6.2,C,2.0,True,1.97,2.16,Pass
2342,1362652,HK132_CO1027_L01,CO1027,-18,False,5.4,5.8,5.0,3.8,,5.1,D+,1.5,True,1.32,1.47,Pass
2343,1359007,HK132_CO1027_L01,CO1027,-18,False,5.4,6.2,6.6,7.2,,6.3,C,2.0,True,2.41,2.36,Pass
2344,1338096,HK132_CO1027_L01,CO1027,-18,False,6.2,5.5,7.7,6.0,,6.8,C+,2.5,True,2.53,2.53,Pass
2345,1317048,HK132_CO1027_L01,CO1027,-18,False,5.5,6.7,6.3,6.2,,6.2,C,2.0,True,2.35,2.21,Pass
2346,1343654,HK132_CO1027_L01,CO1027,-18,False,6.9,5.9,5.8,5.5,,6.0,C,2.0,True,2.13,2.07,Pass
2347,1392903,HK132_CO1027_L01,CO1027,-18,False,6.5,8.0,6.4,7.6,,6.9,C+,2.5,True,2.33,2.31,Pass
2348,1398461,HK132_CO1027_L01,CO1027,-18,False,8.4,7.1,8.2,7.9,,8.0,B+,3.5,True,3.3,3.47,Pass
2349,1387208,HK132_CO1027_L01,CO1027,-18,False,8.5,8.4,7.3,8.6,,7.9,B,3.0,True,3.1,3.1,Pass
2350,1387800,HK132_CO1027_L01,CO1027,-18,False,7.6,5.9,6.2,6.7,,6.5,C+,2.5,True,2.29,2.24,Pass
2351,1307253,HK132_CO1027_L01,CO1027,-18,False,7.8,8.1,8.8,7.8,,8.4,B+,3.5,True,3.37,3.26,Pass
2352,1351399,HK132_CO1027_L01,CO1027,-18,False,6.9,6.5,7.2,5.7,,6.8,C+,2.5,True,2.38,2.23,Pass
2353,1323609,HK132_CO1027_L01,CO1027,-18,False,8.6,8.0,10.0,8.9,,9.2,A,4.0,True,4.0,4.0,Pass
2354,1385613,HK132_CO1027_L01,CO1027,-18,False,6.8,6.2,6.7,7.4,,6.7,C+,2.5,True,2.47,2.45,Pass
2355,1324064,HK132_CO1027_L01,CO1027,-18,False,5.8,7.7,6.2,6.3,,6.4,C+,2.5,True,2.41,2.45,Pass
2356,1303882,HK132_CO1027_L01,CO1027,-18,False,8.7,8.0,7.8,8.4,,8.1,B+,3.5,True,3.41,3.45,Pass
2357,1349349,HK132_CO1027_L01,CO1027,-18,False,6.5,6.8,5.4,6.2,,6.0,C,2.0,True,1.62,1.68,Pass
2358,1379600,HK132_CO1027_L02,CO1027,-18,False,5.7,6.0,5.4,5.4,,5.6,C,2.0,True,1.47,1.52,Pass
2359,1319235,HK132_CO1027_L02,CO1027,-18,False,5.5,7.4,9.1,8.7,,8.0,B+,3.5,True,3.7,3.74,Pass
2360,1344520,HK132_CO1027_L02,CO1027,-18,False,6.4,5.5,6.8,6.5,,6.4,C+,2.5,True,2.56,2.65,Pass
2361,1326251,HK132_CO1027_L02,CO1027,-18,False,7.3,5.1,7.2,7.5,,6.8,C+,2.5,True,2.41,2.52,Pass
2362,1344657,HK132_CO1027_L02,CO1027,-18,False,6.6,5.6,6.2,5.3,,6.1,C,2.0,True,2.13,2.12,Pass
2363,1378279,HK132_CO1027_L02,CO1027,-18,False,6.9,6.6,6.3,6.6,,6.5,C+,2.5,True,2.35,2.08,Pass
2364,1376821,HK132_CO1027_L02,CO1027,-18,False,6.2,7.8,6.0,6.7,,6.5,C+,2.5,True,2.35,2.44,Pass
2365,1378005,HK132_CO1027_L02,CO1027,-18,False,7.0,7.3,8.3,8.3,,7.8,B,3.0,True,2.93,2.9,Pass
2366,1370260,HK132_CO1027_L02,CO1027,-18,False,4.9,6.1,6.4,5.2,,5.9,C,2.0,True,2.12,2.0,Pass
2367,1345386,HK132_CO1027_L02,CO1027,-18,False,8.2,7.1,6.5,7.5,,7.1,B,3.0,True,3.27,3.07,Pass
2368,1380192,HK132_CO1027_L02,CO1027,-18,False,5.9,4.5,6.0,5.8,,5.7,C,2.0,True,2.15,2.06,Pass
2369,1360010,HK132_CO1027_L02,CO1027,-18,False,5.1,6.7,4.9,5.0,,5.3,D+,1.5,True,1.79,1.65,Pass
2370,1329622,HK132_CO1027_L02,CO1027,-18,False,5.7,5.6,5.9,5.7,,5.8,C,2.0,True,1.85,1.74,Pass
2371,1325796,HK132_CO1027_L02,CO1027,-18,False,7.3,8.2,7.7,7.7,,7.7,B,3.0,True,3.09,3.14,Pass
2372,1387937,HK132_CO1027_L02,CO1027,-18,False,7.9,8.4,8.0,7.4,,8.0,B+,3.5,True,3.07,3.1,Pass
2373,1350352,HK132_CO1027_L02,CO1027,-18,False,8.4,8.3,9.3,6.5,,8.6,A,4.0,True,3.33,3.17,Pass
2374,1355499,HK132_CO1027_L02,CO1027,-18,False,9.2,9.1,8.9,9.8,,9.1,A,4.0,True,4.0,4.0,Pass
2375,1382971,HK132_CO1027_L02,CO1027,-18,False,6.4,5.5,7.3,6.4,,6.7,C+,2.5,True,2.53,2.61,Pass
2376,1328575,HK132_CO1027_L02,CO1027,-18,False,6.0,7.9,7.8,7.4,,7.4,B,3.0,True,2.57,2.55,Pass
2377,1385295,HK132_CO1027_L02,CO1027,-18,False,5.2,5.8,5.4,5.4,,5.4,D+,1.5,True,1.6,1.41,Pass
2378,1315727,HK132_CO1027_L02,CO1027,-18,False,7.0,6.2,6.3,6.4,,6.4,C+,2.5,True,2.15,2.27,Pass
2379,1392629,HK132_CO1027_L02,CO1027,-18,False,5.8,6.5,6.4,5.9,,6.2,C,2.0,True,2.15,2.2,Pass
2380,1336638,HK132_CO1027_L02,CO1027,-18,False,7.5,8.2,7.0,7.3,,7.4,B,3.0,True,3.47,3.09,Pass
2381,1397458,HK132_CO1027_L02,CO1027,-18,False,5.4,5.5,5.0,6.3,,5.3,D+,1.5,True,2.21,2.17,Pass
2382,1355181,HK132_CO1027_L02,CO1027,-18,False,8.9,8.1,8.1,8.7,,8.3,B+,3.5,True,3.3,3.09,Pass
2383,1301695,HK132_CO1027_L02,CO1027,-18,False,8.3,6.9,8.2,7.0,,7.8,B,3.0,True,3.0,3.26,Pass
2384,1312948,HK132_CO1027_L02,CO1027,-18,False,6.6,5.5,5.6,5.3,,5.8,C,2.0,True,2.62,2.61,Pass
2385,1373176,HK132_CO1027_L02,CO1027,-18,False,3.6,5.0,5.3,4.8,,4.8,D,1.0,True,1.85,1.91,Pass
2386,1367481,HK132_CO1027_L02,CO1027,-18,False,7.8,7.5,8.0,8.0,,7.9,B,3.0,True,3.23,3.14,Pass
2387,1332812,HK132_CO1027_L02,CO1027,-18,False,6.4,6.5,4.7,4.7,,5.4,D+,1.5,True,0.76,1.33,Pass
2388,1336775,HK132_CO1027_L02,CO1027,-18,False,6.2,6.1,6.8,6.5,,6.5,C+,2.5,True,2.03,2.19,Pass
2389,1324338,HK132_CO1027_L02,CO1027,-18,False,6.7,6.0,5.4,6.9,,5.9,C,2.0,True,1.97,2.07,Pass
2390,1369076,HK132_CO1027_L02,CO1027,-18,False,5.3,5.8,6.2,5.8,,5.9,C,2.0,True,1.53,1.73,Pass
2391,1328301,HK132_CO1027_L02,CO1027,-18,False,5.4,4.6,6.4,5.1,,5.7,C,2.0,True,1.59,1.74,Pass
2392,1369942,HK132_CO1027_L02,CO1027,-18,False,5.6,7.6,5.9,7.2,,6.3,C,2.0,True,2.18,2.21,Pass
2393,1363244,HK132_CO1027_L02,CO1027,-18,False,8.9,9.1,10.0,8.7,,9.5,A+,4.0,True,4.0,3.93,Pass
2394,1387663,HK132_CO1027_L02,CO1027,-18,False,9.0,6.7,7.6,7.9,,7.7,B,3.0,True,3.13,3.14,Pass
2395,1335317,HK132_CO1027_L02,CO1027,-18,False,5.5,7.9,6.0,5.6,,6.2,C,2.0,True,2.24,2.08,Pass
2396,1342196,HK132_CO1027_L02,CO1027,-18,False,6.6,7.3,7.8,6.7,,7.3,B,3.0,True,3.18,3.12,Pass
2397,1338233,HK132_CO1027_L02,CO1027,-18,False,7.1,4.6,5.2,7.0,,5.6,C,2.0,True,2.29,2.18,Pass
2398,1304748,HK132_CO1027_L02,CO1027,-18,False,7.8,7.5,10.0,8.2,,8.9,A,4.0,True,3.37,3.26,Pass
2399,1381376,HK132_CO1027_L02,CO1027,-18,False,8.4,8.3,8.3,7.2,,8.2,B+,3.5,True,3.23,3.31,Pass
2400,1329167,HK132_CO1027_L02,CO1027,-18,False,8.6,10.0,8.9,7.7,,8.9,A,4.0,True,3.92,3.95,Pass
2401,1393495,HK132_CO1027_L02,CO1027,-18,False,6.0,7.2,6.4,7.6,,6.6,C+,2.5,True,2.85,2.73,Pass
2402,1350670,HK132_CO1027_L02,CO1027,-18,False,5.4,6.4,5.3,7.5,,5.8,C,2.0,True,2.35,2.53,Pass
2403,1306206,HK132_CO1027_L02,CO1027,-18,False,8.0,6.9,5.3,8.5,,6.5,C+,2.5,True,2.0,1.98,Pass
2404,1326388,HK132_CO1027_L02,CO1027,-18,False,8.6,8.9,7.8,7.3,,8.1,B+,3.5,True,3.77,3.83,Pass
2405,1352720,HK132_CO1027_L02,CO1027,-18,False,7.4,8.5,7.5,6.0,,7.5,B,3.0,True,3.0,3.11,Pass
2406,1344383,HK132_CO1027_L02,CO1027,-18,False,8.1,7.9,8.7,8.3,,8.4,B+,3.5,True,3.3,3.47,Pass
2407,1323746,HK132_CO1027_L02,CO1027,-18,False,7.0,5.9,6.4,5.6,,6.3,C,2.0,True,2.27,2.4,Pass
2408,1340875,HK132_CO1027_L02,CO1027,-18,False,6.1,6.6,5.6,5.1,,5.8,C,2.0,True,1.91,1.65,Pass
2409,1381650,HK132_CO1027_L02,CO1027,-18,False,4.7,7.0,5.4,7.4,,5.8,C,2.0,True,2.06,2.17,Pass
2410,1318643,HK132_CO1027_L02,CO1027,-18,False,6.1,6.0,7.0,7.7,,6.7,C+,2.5,True,2.32,2.33,Pass
2411,1329759,HK132_CO1027_L02,CO1027,-18,False,7.3,8.0,6.2,7.8,,6.9,C+,2.5,True,2.41,2.55,Pass
2412,1349212,HK132_CO1027_L02,CO1027,-18,False,5.4,7.4,4.5,6.9,,5.5,C,2.0,True,2.18,2.14,Pass
2413,1394087,HK132_CO1027_L02,CO1027,-18,False,6.6,6.6,6.1,7.0,,6.4,C+,2.5,True,2.47,2.58,Pass
2414,1318506,HK132_CO1027_L02,CO1027,-18,False,5.1,5.4,6.6,6.0,,6.0,C,2.0,True,1.65,1.82,Pass
2415,1313814,HK132_CO1027_L02,CO1027,-18,False,5.8,8.9,8.4,6.1,,7.8,B,3.0,True,3.15,3.08,Pass
2416,1386024,HK132_CO1027_L02,CO1027,-18,False,7.7,6.9,7.4,7.4,,7.4,B,3.0,True,2.85,3.06,Pass
2417,1320693,HK132_CO1027_L02,CO1027,-18,False,7.1,5.9,6.5,6.5,,6.5,C+,2.5,True,2.62,2.47,Pass
2418,1377868,HK132_CO1027_L02,CO1027,-18,False,6.7,7.0,7.9,6.6,,7.4,B,3.0,True,2.47,2.39,Pass
2419,1316319,HK132_CO1027_L02,CO1027,-18,False,4.4,6.1,6.1,5.7,,5.7,C,2.0,True,2.41,2.36,Pass
2420,1377413,HK132_CO1027_L02,CO1027,-18,False,5.2,5.2,4.3,5.2,,4.8,D,1.0,True,1.33,1.43,Pass
2421,1326525,HK132_CO1027_L02,CO1027,-18,False,7.8,9.7,8.9,8.6,,8.8,A,4.0,True,4.0,3.94,Pass
2422,1385887,HK132_CO1027_L02,CO1027,-18,False,8.7,7.1,7.1,9.0,,7.6,B,3.0,True,3.6,3.52,Pass
2423,1334588,HK132_CO1027_L02,CO1027,-18,False,6.2,6.2,6.8,6.0,,6.5,C+,2.5,True,2.44,2.48,Pass
2424,1395408,HK132_CO1027_L02,CO1027,-18,False,6.0,6.1,5.2,4.7,,5.5,C,2.0,True,2.06,2.14,Pass
2425,1355044,HK132_CO1027_L02,CO1027,-18,False,7.0,8.8,8.0,7.7,,7.9,B,3.0,True,3.27,3.21,Pass
2426,1353723,HK132_CO1027_L02,CO1027,-18,False,6.1,3.9,5.6,5.0,,5.3,D+,1.5,True,0.7,1.16,Pass
2427,1399053,HK132_CO1027_L02,CO1027,-18,False,5.8,6.7,6.7,5.5,,6.4,C+,2.5,True,2.3,2.34,Pass
2428,1322014,HK132_CO1027_L02,CO1027,-18,False,6.5,5.6,6.2,7.4,,6.3,C,2.0,True,2.41,2.58,Pass
2429,1359418,HK132_CO1027_L02,CO1027,-18,False,4.0,4.7,2.5,3.5,,3.3,F,0.0,False,0.5,1.0,Fail
2430,1301969,HK132_CO1027_L02,CO1027,-18,False,5.8,6.3,6.9,6.5,,6.5,C+,2.5,True,2.5,2.39,Pass
2431,1335909,HK132_CO1027_L02,CO1027,-18,False,7.4,7.2,5.8,6.4,,6.5,C+,2.5,True,2.59,2.42,Pass
2432,1384884,HK132_CO1027_L02,CO1027,-18,False,8.8,7.5,7.9,7.7,,8.0,B+,3.5,True,3.2,3.24,Pass
2433,1333130,HK132_CO1027_L02,CO1027,-18,False,9.1,5.7,8.1,8.4,,7.8,B,3.0,True,3.2,3.17,Pass
2434,1378734,HK132_CO1027_L02,CO1027,-18,False,3.7,3.3,3.9,5.8,,3.9,F,0.0,False,0.79,1.21,Fail
2435,1314543,HK132_CO1027_L02,CO1027,-18,False,5.9,5.8,4.9,4.3,,5.2,D+,1.5,True,1.7,1.52,Pass
2436,1375955,HK132_CO1027_L02,CO1027,-18,False,5.6,6.6,6.4,6.2,,6.3,C,2.0,True,2.24,2.03,Pass
2437,1333996,HK132_CO1027_L02,CO1027,-18,False,8.3,9.3,9.2,8.9,,9.0,A,4.0,True,3.97,3.98,Pass
2438,1339828,HK132_CO1027_L02,CO1027,-18,False,8.5,6.4,7.9,7.6,,7.7,B,3.0,True,3.17,3.38,Pass
2439,1362060,HK132_CO1027_L02,CO1027,-18,False,9.7,8.3,9.0,8.7,,9.0,A,4.0,True,3.43,3.59,Pass
2440,1320101,HK132_CO1027_L02,CO1027,-18,False,7.6,7.6,7.3,6.8,,7.4,B,3.0,True,3.17,3.02,Pass
2441,1306798,HK132_CO1027_L02,CO1027,-18,False,7.1,6.8,7.0,7.1,,7.0,B,3.0,True,3.09,3.17,Pass
2442,1320830,HK132_CO1027_L02,CO1027,-18,False,6.8,8.1,5.9,7.0,,6.6,C+,2.5,True,3.07,3.22,Pass
2443,1344065,HK132_CO1027_L02,CO1027,-18,False,8.0,8.5,8.9,9.8,,8.7,A,4.0,True,3.83,3.8,Pass
2444,1362926,HK132_CO1027_L02,CO1027,-18,False,8.4,7.7,7.6,7.3,,7.8,B,3.0,True,3.23,3.31,Pass
2445,1335591,HK132_CO1027_L02,CO1027,-18,False,6.6,5.8,6.3,5.7,,6.2,C,2.0,True,2.18,2.21,Pass
2446,1388803,HK132_CO1027_L02,CO1027,-18,False,6.4,6.9,6.6,6.2,,6.6,C+,2.5,True,2.35,2.33,Pass
2447,1309577,HK132_CO1027_L02,CO1027,-18,False,6.6,5.9,7.3,5.6,,6.7,C+,2.5,True,2.38,2.35,Pass
2448,1345978,HK132_CO1027_L02,CO1027,-18,False,8.7,7.9,9.3,9.1,,8.9,A,4.0,True,3.53,3.76,Pass
2449,1387345,HK132_CO1027_L02,CO1027,-18,False,7.9,7.3,7.5,9.2,,7.7,B,3.0,True,3.06,3.09,Pass
2450,1311627,HK132_CO1027_L02,CO1027,-18,False,6.5,5.8,6.3,7.0,,6.3,C,2.0,True,2.24,1.97,Pass
2451,1316456,HK132_CO1027_L02,CO1027,-18,False,6.1,4.7,5.0,6.4,,5.3,D+,1.5,True,1.5,1.65,Pass
2452,1393950,HK132_CO1027_L02,CO1027,-18,False,5.5,5.3,5.3,4.8,,5.3,D+,1.5,True,1.7,1.62,Pass
2453,1319372,HK132_CO1027_L02,CO1027,-18,False,6.6,7.0,5.1,6.5,,5.9,C,2.0,True,3.03,3.02,Pass
2454,1314680,HK132_CO1027_L02,CO1027,-18,False,8.1,7.2,7.0,7.2,,7.3,B,3.0,True,3.0,3.05,Pass
2455,1345704,HK132_CO1027_L02,CO1027,-18,False,5.0,4.4,6.3,7.1,,5.7,C,2.0,True,1.93,1.86,Pass
2456,1327117,HK132_CO1027_L02,CO1027,-18,False,8.0,3.6,6.1,5.7,,5.9,C,2.0,True,2.53,2.66,Pass
2457,1374634,HK132_CO1027_L03,CO1027,-18,False,6.0,5.7,5.2,4.6,,5.4,D+,1.5,True,1.47,1.64,Pass
2458,1398187,HK132_CO1027_L03,CO1027,-18,False,6.1,6.9,8.4,7.0,,7.5,B,3.0,True,2.83,2.78,Pass
2459,1325659,HK132_CO1027_L03,CO1027,-18,False,6.1,6.6,7.6,7.4,,7.1,B,3.0,True,3.47,3.29,Pass
2460,1340283,HK132_CO1027_L03,CO1027,-18,False,7.6,5.9,7.0,6.2,,6.8,C+,2.5,True,2.41,2.45,Pass
2461,1306069,HK132_CO1027_L03,CO1027,-18,False,7.7,8.1,8.3,8.0,,8.1,B+,3.5,True,3.71,3.42,Pass
2462,1399190,HK132_CO1027_L03,CO1027,-18,False,6.3,5.8,6.7,6.4,,6.4,C+,2.5,True,2.6,2.55,Pass
2463,1330762,HK132_CO1027_L03,CO1027,-18,False,7.2,8.7,7.3,8.1,,7.6,B,3.0,True,3.23,3.16,Pass
2464,1361194,HK132_CO1027_L03,CO1027,-18,False,7.7,6.3,6.7,6.8,,6.8,C+,2.5,True,2.93,3.02,Pass
2465,1337641,HK132_CO1027_L03,CO1027,-18,False,7.9,7.2,6.5,7.0,,7.0,B,3.0,True,3.13,3.14,Pass
2466,1375500,HK132_CO1027_L03,CO1027,-18,False,8.2,7.6,6.5,6.1,,7.0,B,3.0,True,2.68,2.68,Pass
2467,1382105,HK132_CO1027_L03,CO1027,-18,False,7.3,9.7,6.3,8.7,,7.4,B,3.0,True,3.0,3.12,Pass
2468,1348165,HK132_CO1027_L03,CO1027,-18,False,6.0,5.1,3.9,7.3,,4.9,D,1.0,True,1.74,1.76,Pass
2469,1364247,HK132_CO1027_L03,CO1027,-18,False,6.4,6.4,9.0,5.7,,7.6,B,3.0,True,2.5,2.32,Pass
2470,1348028,HK132_CO1027_L03,CO1027,-18,False,6.6,7.5,6.4,7.2,,6.7,C+,2.5,True,2.63,2.59,Pass
2471,1366434,HK132_CO1027_L03,CO1027,-18,False,8.8,8.8,9.1,7.7,,8.8,A,4.0,True,3.43,3.43,Pass
2472,1333541,HK132_CO1027_L03,CO1027,-18,False,5.4,6.0,6.3,6.0,,6.0,C,2.0,True,2.21,2.39,Pass
2473,1307527,HK132_CO1027_L03,CO1027,-18,False,8.3,8.4,9.3,8.0,,8.8,A,4.0,True,3.53,3.42,Pass
2474,1360465,HK132_CO1027_L03,CO1027,-18,False,7.1,7.8,5.8,6.1,,6.5,C+,2.5,True,2.15,2.35,Pass
2475,1380055,HK132_CO1027_L03,CO1027,-18,False,6.5,5.3,6.4,6.7,,6.2,C,2.0,True,2.47,2.32,Pass
2476,1386479,HK132_CO1027_L03,CO1027,-18,False,6.1,6.3,5.7,4.9,,5.8,C,2.0,True,2.35,2.41,Pass
2477,1364702,HK132_CO1027_L03,CO1027,-18,False,4.4,4.7,7.3,3.7,,5.8,C,2.0,True,1.68,1.85,Pass
2478,1364110,HK132_CO1027_L03,CO1027,-18,False,8.3,9.3,8.9,8.0,,8.8,A,4.0,True,3.07,3.21,Pass
2479,1378142,HK132_CO1027_L03,CO1027,-18,False,8.0,6.1,7.2,8.0,,7.2,B,3.0,True,3.27,3.07,Pass
2480,1355636,HK132_CO1027_L03,CO1027,-18,False,6.7,4.2,4.6,5.1,,5.0,D+,1.5,True,1.59,1.61,Pass
2481,1311035,HK132_CO1027_L03,CO1027,-18,False,7.4,6.8,8.8,8.4,,8.1,B+,3.5,True,3.37,3.29,Pass
2482,1366023,HK132_CO1027_L03,CO1027,-18,False,6.1,6.1,5.5,5.9,,5.8,C,2.0,True,2.77,2.71,Pass
2483,1308256,HK132_CO1027_L03,CO1027,-18,False,5.9,6.5,6.7,6.8,,6.5,C+,2.5,True,2.47,2.52,Pass
2484,1360602,HK132_CO1027_L03,CO1027,-18,False,4.1,3.4,4.0,3.0,,3.8,F,0.0,False,0.27,1.25,Fail
2485,1303290,HK132_CO1027_L03,CO1027,-18,False,6.9,7.5,8.1,9.9,,7.9,B,3.0,True,3.2,3.17,Pass
2486,1340146,HK132_CO1027_L03,CO1027,-18,False,6.9,6.3,6.2,5.4,,6.3,C,2.0,True,2.15,2.29,Pass
2487,1348620,HK132_CO1027_L03,CO1027,-18,False,9.3,9.2,9.2,9.1,,9.2,A,4.0,True,4.0,4.0,Pass
2488,1361468,HK132_CO1027_L03,CO1027,-18,False,4.5,5.4,3.6,4.5,,4.2,D,1.0,True,1.53,1.47,Pass
2489,1354178,HK132_CO1027_L03,CO1027,-18,False,6.8,6.5,7.6,5.9,,7.0,B,3.0,True,2.37,2.31,Pass
2490,1390579,HK132_CO1027_L03,CO1027,-18,False,8.4,6.4,5.6,6.3,,6.4,C+,2.5,True,2.29,2.36,Pass
2491,1354907,HK132_CO1027_L03,CO1027,-18,False,10.0,8.5,8.1,8.9,,8.6,A,4.0,True,3.56,3.69,Pass
2492,1346433,HK132_CO1027_L03,CO1027,-18,False,8.2,7.1,9.4,7.5,,8.5,A,4.0,True,3.5,3.45,Pass
2493,1307390,HK132_CO1027_L03,CO1027,-18,False,8.2,7.3,7.5,8.0,,7.7,B,3.0,True,3.0,3.0,Pass
2494,1329896,HK132_CO1027_L03,CO1027,-18,False,8.7,8.8,8.0,9.5,,8.4,B+,3.5,True,3.8,3.83,Pass
2495,1392037,HK132_CO1027_L03,CO1027,-18,False,7.1,7.7,7.9,7.1,,7.6,B,3.0,True,3.15,3.05,Pass
2496,1334862,HK132_CO1027_L03,CO1027,-18,False,8.0,7.7,6.9,8.3,,7.4,B,3.0,True,2.93,2.91,Pass
2497,1316001,HK132_CO1027_L03,CO1027,-18,False,8.4,9.1,7.6,7.7,,8.1,B+,3.5,True,3.3,3.22,Pass
2498,1347299,HK132_CO1027_L03,CO1027,-18,False,6.2,6.8,7.2,6.4,,6.8,C+,2.5,True,2.53,2.53,Pass
2499,1390716,HK132_CO1027_L03,CO1027,-18,False,8.0,4.8,4.0,4.4,,5.0,D+,1.5,True,1.62,1.65,Pass
2500,1346570,HK132_CO1027_L03,CO1027,-18,False,5.3,4.3,4.8,4.4,,4.8,D,1.0,True,1.44,1.44,Pass
2501,1391308,HK132_CO1027_L03,CO1027,-18,False,6.7,4.1,4.6,4.3,,4.9,D,1.0,True,0.27,1.0,Pass
2502,1363973,HK132_CO1027_L03,CO1027,-18,False,5.7,5.5,4.8,5.9,,5.2,D+,1.5,True,1.41,1.47,Pass
2503,1305932,HK132_CO1027_L03,CO1027,-18,False,8.3,7.4,7.3,7.3,,7.5,B,3.0,True,3.26,3.11,Pass
2504,1397869,HK132_CO1027_L03,CO1027,-18,False,10.0,9.8,8.3,8.4,,8.9,A,4.0,True,4.0,4.0,Pass
2505,1313085,HK132_CO1027_L03,CO1027,-18,False,6.6,5.1,3.6,5.3,,4.7,D,1.0,True,2.09,2.14,Pass
2506,1336320,HK132_CO1027_L03,CO1027,-18,False,6.2,5.2,6.8,6.7,,6.3,C,2.0,True,2.09,2.17,Pass
2507,1374497,HK132_CO1027_L03,CO1027,-18,False,8.7,6.8,8.0,6.5,,7.8,B,3.0,True,3.0,3.0,Pass
2508,1327709,HK132_CO1027_L03,CO1027,-18,False,5.8,6.1,5.8,7.2,,6.0,C,2.0,True,2.29,2.39,Pass
2509,1305340,HK132_CO1027_L03,CO1027,-18,False,7.5,7.9,6.7,7.0,,7.1,B,3.0,True,3.5,3.26,Pass
2510,1365294,HK132_CO1027_L03,CO1027,-18,False,10.0,8.4,10.0,9.6,,9.6,A+,4.0,True,4.0,4.0,Pass
2511,1377550,HK132_CO1027_L03,CO1027,-18,False,5.5,6.5,5.2,4.6,,5.5,C,2.0,True,1.65,1.48,Pass
2512,1336046,HK132_CO1027_L03,CO1027,-18,False,8.6,10.0,9.8,8.4,,9.5,A+,4.0,True,3.72,3.67,Pass
2513,1341012,HK132_CO1027_L03,CO1027,-18,False,5.9,5.7,5.6,4.8,,5.6,C,2.0,True,1.53,1.52,Pass
2514,1334270,HK132_CO1027_L03,CO1027,-18,False,6.2,7.3,6.5,7.2,,6.7,C+,2.5,True,2.47,2.48,Pass
2515,1380921,HK132_CO1027_L03,CO1027,-18,False,8.6,9.7,8.9,9.2,,9.0,A,4.0,True,4.0,4.0,Pass
2516,1378871,HK132_CO1027_L03,CO1027,-18,False,6.9,8.3,7.9,8.4,,7.8,B,3.0,True,3.13,3.17,Pass
2517,1327983,HK132_CO1027_L03,CO1027,-18,False,7.7,7.1,7.5,6.6,,7.4,B,3.0,True,3.1,3.05,Pass
2518,1384292,HK132_CO1027_L03,CO1027,-18,False,5.7,6.6,6.3,5.0,,6.1,C,2.0,True,2.12,2.42,Pass
2519,1330351,HK132_CO1027_L03,CO1027,-18,False,7.4,8.0,7.3,8.6,,7.6,B,3.0,True,2.97,3.16,Pass
2520,1340420,HK132_CO1027_L03,CO1027,-18,False,4.7,7.0,5.9,6.2,,5.9,C,2.0,True,1.82,1.73,Pass
2521,1356639,HK132_CO1027_L03,CO1027,-18,False,6.2,5.9,6.1,4.9,,6.0,C,2.0,True,2.03,2.08,Pass
2522,1304611,HK132_CO1027_L03,CO1027,-18,False,8.3,9.1,8.5,7.3,,8.5,A,4.0,True,3.9,3.95,Pass
2523,1384155,HK132_CO1027_L03,CO1027,-18,False,4.7,4.8,5.5,5.2,,5.2,D+,1.5,True,1.26,1.63,Pass
2524,1372447,HK132_CO1027_L03,CO1027,-18,False,8.2,8.2,7.5,8.0,,7.8,B,3.0,True,3.0,3.0,Pass
2525,1397140,HK132_CO1027_L03,CO1027,-18,False,4.7,5.0,4.7,5.1,,4.8,D,1.0,True,1.65,1.71,Pass
2526,1376092,HK132_CO1027_L03,CO1027,-18,False,5.7,7.2,7.6,6.8,,7.1,B,3.0,True,2.74,2.61,Pass
2527,1334133,HK132_CO1027_L03,CO1027,-18,False,9.8,8.3,8.7,9.1,,8.9,A,4.0,True,3.63,3.81,Pass
2528,1382834,HK132_CO1027_L03,CO1027,-18,False,6.1,5.6,5.7,6.4,,5.8,C,2.0,True,2.4,2.43,Pass
2529,1308393,HK132_CO1027_L03,CO1027,-18,False,9.1,9.1,8.3,8.7,,8.7,A,4.0,True,3.97,3.98,Pass
2530,1363518,HK132_CO1027_L03,CO1027,-18,False,8.7,7.1,8.0,7.4,,7.9,B,3.0,True,3.03,2.97,Pass
2531,1355910,HK132_CO1027_L03,CO1027,-18,False,7.5,5.7,8.3,5.9,,7.4,B,3.0,True,2.24,2.32,Pass
2532,1369668,HK132_CO1027_L03,CO1027,-18,False,5.9,6.2,7.1,6.6,,6.6,C+,2.5,True,2.47,2.41,Pass
2533,1308711,HK132_CO1027_L03,CO1027,-18,False,8.8,8.4,9.0,8.8,,8.8,A,4.0,True,3.47,3.61,Pass
2534,1323017,HK132_CO1027_L03,CO1027,-18,False,6.4,6.6,5.9,6.1,,6.2,C,2.0,True,2.24,2.39,Pass
2535,1310169,HK132_CO1027_L03,CO1027,-18,False,7.4,7.0,6.7,7.5,,7.0,B,3.0,True,2.91,2.83,Pass
2536,1315864,HK132_CO1027_L03,CO1027,-18,False,6.1,4.5,6.8,5.0,,6.0,C,2.0,True,2.26,2.17,Pass
2537,1350215,HK132_CO1027_L03,CO1027,-18,False,6.8,5.6,6.9,6.7,,6.6,C+,2.5,True,2.24,2.15,Pass
2538,1331809,HK132_CO1027_L03,CO1027,-18,False,6.1,6.2,6.4,6.4,,6.3,C,2.0,True,2.12,2.15,Pass
2539,1324930,HK132_CO1027_L03,CO1027,-18,False,2.9,4.1,4.1,5.3,,4.0,D,1.0,True,0.7,1.0,Pass
2540,1341741,HK132_CO1027_L03,CO1027,-18,False,8.5,8.4,6.5,6.4,,7.3,B,3.0,True,3.23,3.14,Pass
2541,1320556,HK132_CO1027_L03,CO1027,-18,False,6.4,6.9,6.2,7.1,,6.5,C+,2.5,True,2.33,2.22,Pass
2542,1366752,HK132_CO1027_L03,CO1027,-18,False,6.2,5.7,6.4,6.2,,6.2,C,2.0,True,2.15,2.17,Pass
2543,1363381,HK132_CO1027_L03,CO1027,-18,False,8.2,8.6,6.9,8.4,,7.7,B,3.0,True,3.0,3.12,Pass
2544,1321559,HK132_CO1027_L03,CO1027,-18,False,7.1,6.8,6.1,8.2,,6.6,C+,2.5,True,2.41,2.5,Pass
2545,1338825,HK132_CO1027_L03,CO1027,-18,False,7.6,8.3,8.0,10.0,,8.2,B+,3.5,True,2.97,3.03,Pass
2546,1348894,HK132_CO1027_L03,CO1027,-18,False,5.9,6.1,6.6,5.5,,6.2,C,2.0,True,2.13,2.0,Pass
2547,1379326,HK132_CO1027_L03,CO1027,-18,False,7.3,6.7,8.3,8.6,,7.8,B,3.0,True,3.29,3.27,Pass
2548,1382379,HK132_CO1027_L03,CO1027,-18,False,6.9,6.7,6.8,7.4,,6.9,C+,2.5,True,2.5,2.45,Pass
2549,1366297,HK132_CO1027_L03,CO1027,-18,False,5.3,5.6,5.4,5.5,,5.4,D+,1.5,True,1.94,2.05,Pass
2550,1329030,HK132_CO1027_L03,CO1027,-18,False,6.8,6.0,5.5,6.5,,6.0,C,2.0,True,2.15,2.26,Pass
2551,1373768,HK132_CO1027_L03,CO1027,-18,False,8.4,9.0,7.2,8.2,,7.9,B,3.0,True,3.44,3.44,Pass
2552,1352128,HK132_CO1027_L03,CO1027,-18,False,8.5,7.2,7.6,8.2,,7.8,B,3.0,True,3.23,3.26,Pass
2553,1339099,HK132_CO1027_L03,CO1027,-18,False,7.4,7.7,7.0,6.8,,7.2,B,3.0,True,2.97,3.02,Pass
2554,1351673,HK132_CO1027_L03,CO1027,-18,False,6.2,6.8,7.1,7.5,,6.9,C+,2.5,True,2.21,2.29,Pass
2555,1310898,HK132_CO1027_L03,CO1027,-18,False,7.6,5.9,5.6,6.9,,6.2,C,2.0,True,2.24,2.42,Pass
2556,1386616,HK132_CO1027_L04,CO1027,-18,False,2.9,4.3,3.4,3.8,,3.5,F,0.0,False,0.32,1.0,Fail
2557,1362515,HK132_CO1027_L04,CO1027,-18,False,8.4,9.0,8.4,9.7,,8.7,A,4.0,True,3.87,3.93,Pass
2558,1328438,HK132_CO1027_L04,CO1027,-18,False,7.6,8.0,6.4,6.1,,6.9,C+,2.5,True,2.65,2.79,Pass
2559,1381058,HK132_CO1027_L04,CO1027,-18,False,7.3,8.3,7.7,8.4,,7.8,B,3.0,True,3.13,3.14,Pass
2560,1332675,HK132_CO1027_L04,CO1027,-18,False,8.2,8.3,8.0,7.7,,8.1,B+,3.5,True,3.2,3.24,Pass
2561,1332083,HK132_CO1027_L04,CO1027,-18,False,6.9,7.6,7.4,7.3,,7.3,B,3.0,True,3.0,3.0,Pass
2562,1371855,HK132_CO1027_L04,CO1027,-18,False,6.0,6.8,4.8,5.2,,5.5,C,2.0,True,1.59,1.39,Pass
2563,1367026,HK132_CO1027_L04,CO1027,-18,False,7.9,9.2,7.7,9.4,,8.2,B+,3.5,True,3.6,3.72,Pass
2564,1333404,HK132_CO1027_L04,CO1027,-18,False,5.7,6.0,6.9,7.1,,6.5,C+,2.5,True,2.44,2.42,Pass
2565,1330488,HK132_CO1027_L04,CO1027,-18,False,7.5,7.0,8.0,8.4,,7.7,B,3.0,True,3.1,3.22,Pass
2566,1345249,HK132_CO1027_L04,CO1027,-18,False,6.8,7.4,7.8,9.0,,7.6,B,3.0,True,3.3,3.21,Pass
2567,1395090,HK132_CO1027_L04,CO1027,-18,False,5.6,5.5,6.3,5.3,,5.9,C,2.0,True,1.5,1.58,Pass
2568,1359144,HK132_CO1027_L04,CO1027,-18,False,8.3,10.0,9.2,8.8,,9.1,A,4.0,True,4.0,4.0,Pass
2569,1371581,HK132_CO1027_L04,CO1027,-18,False,7.1,7.4,6.6,7.3,,6.9,C+,2.5,True,2.68,2.64,Pass
2570,1314998,HK132_CO1027_L04,CO1027,-18,False,5.6,5.7,7.3,4.4,,6.3,C,2.0,True,2.47,2.29,Pass
2571,1311490,HK132_CO1027_L04,CO1027,-18,False,9.4,9.1,8.8,9.7,,9.1,A,4.0,True,3.97,3.93,Pass
2572,1321422,HK132_CO1027_L04,CO1027,-18,False,7.8,8.4,7.6,7.4,,7.8,B,3.0,True,3.0,3.0,Pass
2573,1351991,HK132_CO1027_L04,CO1027,-18,False,6.9,6.9,6.3,5.5,,6.5,C+,2.5,True,2.76,2.62,Pass
2574,1313677,HK132_CO1027_L04,CO1027,-18,False,7.0,6.3,6.5,7.8,,6.7,C+,2.5,True,3.26,3.14,Pass
2575,1341149,HK132_CO1027_L04,CO1027,-18,False,4.1,6.8,5.3,6.0,,5.4,D+,1.5,True,1.5,1.61,Pass
2576,1364976,HK132_CO1027_L04,CO1027,-18,False,7.9,6.9,7.4,7.4,,7.4,B,3.0,True,3.35,3.29,Pass
2577,1354452,HK132_CO1027_L04,CO1027,-18,False,7.2,7.2,8.1,8.5,,7.8,B,3.0,True,3.1,3.21,Pass
2578,1370534,HK132_CO1027_L04,CO1027,-18,False,7.3,6.7,6.3,7.1,,6.7,C+,2.5,True,2.32,2.39,Pass
2579,1318780,HK132_CO1027_L04,CO1027,-18,False,7.3,8.2,7.8,7.6,,7.8,B,3.0,True,3.0,2.93,Pass
2580,1397595,HK132_CO1027_L04,CO1027,-18,False,5.9,6.0,5.7,6.2,,5.9,C,2.0,True,2.15,2.24,Pass
2581,1385158,HK132_CO1027_L04,CO1027,-18,False,9.1,9.3,8.3,7.9,,8.6,A,4.0,True,3.3,3.21,Pass
2582,1305203,HK132_CO1027_L04,CO1027,-18,False,5.4,6.5,7.3,7.1,,6.7,C+,2.5,True,2.35,2.12,Pass
2583,1389850,HK132_CO1027_L04,CO1027,-18,False,5.3,5.0,6.5,5.3,,5.8,C,2.0,True,1.53,1.58,Pass
2584,1398324,HK132_CO1027_L04,CO1027,-18,False,6.3,5.9,6.1,5.6,,6.0,C,2.0,True,2.41,2.44,Pass
2585,1312356,HK132_CO1027_L04,CO1027,-18,False,6.2,7.4,7.0,7.9,,7.0,B,3.0,True,2.76,2.8,Pass
2586,1365431,HK132_CO1027_L04,CO1027,-18,False,7.8,7.2,9.0,7.7,,8.3,B+,3.5,True,3.1,3.07,Pass
2587,1310443,HK132_CO1027_L04,CO1027,-18,False,9.5,10.0,8.9,8.4,,9.2,A,4.0,True,4.0,3.9,Pass
2588,1361786,HK132_CO1027_L04,CO1027,-18,False,8.5,7.6,7.4,6.9,,7.6,B,3.0,True,3.09,3.14,Pass
2589,1394816,HK132_CO1027_L04,CO1027,-18,False,5.7,9.3,5.1,7.6,,6.3,C,2.0,True,2.35,2.3,Pass
2590,1335454,HK132_CO1027_L04,CO1027,-18,False,9.0,7.4,7.9,8.3,,8.1,B+,3.5,True,3.37,3.26,Pass
2591,1302698,HK132_CO1027_L04,CO1027,-18,False,8.7,7.1,9.6,7.4,,8.7,A,4.0,True,3.43,3.22,Pass
2592,1302561,HK132_CO1027_L04,CO1027,-18,False,8.6,7.9,7.5,7.6,,7.8,B,3.0,True,3.47,3.29,Pass
2593,1357231,HK132_CO1027_L04,CO1027,-18,False,5.8,7.4,7.3,6.8,,7.0,B,3.0,True,2.38,2.26,Pass
2594,1376229,HK132_CO1027_L04,CO1027,-18,False,6.9,8.5,7.9,8.2,,7.9,B,3.0,True,3.26,3.35,Pass
2595,1357094,HK132_CO1027_L04,CO1027,-18,False,8.2,7.7,10.0,8.4,,9.0,A,4.0,True,3.47,3.45,Pass
2596,1301832,HK132_CO1027_L04,CO1027,-18,False,4.1,5.7,5.7,4.3,,5.2,D+,1.5,True,1.44,1.38,Pass
2597,1330033,HK132_CO1027_L04,CO1027,-18,False,5.3,6.9,6.2,5.1,,6.1,C,2.0,True,2.15,2.26,Pass
2598,1360739,HK132_CO1027_L04,CO1027,-18,False,8.2,8.2,7.3,7.5,,7.7,B,3.0,True,3.13,3.34,Pass
2599,1358278,HK132_CO1027_L04,CO1027,-18,False,5.3,6.5,5.4,6.4,,5.7,C,2.0,True,2.09,2.29,Pass
2600,1349486,HK132_CO1027_L04,CO1027,-18,False,6.8,6.6,8.0,8.7,,7.5,B,3.0,True,3.59,3.59,Pass
2601,1385750,HK132_CO1027_L04,CO1027,-18,False,6.7,6.3,6.5,6.6,,6.5,C+,2.5,True,2.35,2.36,Pass
2602,1320967,HK132_CO1027_L04,CO1027,-18,False,5.5,5.1,6.1,5.0,,5.7,C,2.0,True,1.44,1.6,Pass
2603,1331080,HK132_CO1027_L04,CO1027,-18,False,6.5,8.1,8.2,8.2,,7.8,B,3.0,True,3.1,3.38,Pass
2604,1342470,HK132_CO1027_L04,CO1027,-18,False,7.2,8.0,6.7,8.8,,7.3,B,3.0,True,3.63,3.24,Pass
2605,1379463,HK132_CO1027_L04,CO1027,-18,False,8.5,8.5,8.4,8.1,,8.4,B+,3.5,True,3.3,3.14,Pass
2606,1390853,HK132_CO1027_L04,CO1027,-18,False,8.3,7.4,6.8,6.6,,7.2,B,3.0,True,3.27,3.19,Pass
2607,1337049,HK132_CO1027_L04,CO1027,-18,False,6.9,7.2,7.1,7.4,,7.1,B,3.0,True,3.0,3.05,Pass
2608,1300966,HK132_CO1027_L04,CO1027,-18,False,5.2,8.4,5.5,5.1,,6.0,C,2.0,True,1.62,1.65,Pass
2609,1336183,HK132_CO1027_L04,CO1027,-18,False,6.4,7.4,8.0,7.0,,7.5,B,3.0,True,2.79,2.83,Pass
2610,1315135,HK132_CO1027_L04,CO1027,-18,False,8.6,7.2,7.5,7.9,,7.7,B,3.0,True,3.23,3.38,Pass
2611,1313222,HK132_CO1027_L04,CO1027,-18,False,8.4,8.4,8.4,10.0,,8.6,A,4.0,True,3.62,3.45,Pass
2612,1322880,HK132_CO1027_L04,CO1027,-18,False,6.0,5.0,6.6,5.5,,6.0,C,2.0,True,1.85,1.83,Pass
2613,1392311,HK132_CO1027_L04,CO1027,-18,False,4.5,5.8,7.2,6.5,,6.3,C,2.0,True,2.27,2.33,Pass
2614,1388074,HK132_CO1027_L04,CO1027,-18,False,6.4,6.5,7.1,5.8,,6.7,C+,2.5,True,2.18,2.26,Pass
2615,1325067,HK132_CO1027_L04,CO1027,-18,False,6.8,6.4,7.8,6.8,,7.2,B,3.0,True,3.03,2.86,Pass
2616,1360147,HK132_CO1027_L04,CO1027,-18,False,6.5,7.2,6.8,8.1,,7.0,B,3.0,True,3.27,3.1,Pass
2617,1307664,HK132_CO1027_L04,CO1027,-18,False,6.8,6.2,7.6,6.9,,7.1,B,3.0,True,2.47,2.47,Pass
2618,1311172,HK132_CO1027_L04,CO1027,-18,False,4.1,7.0,4.8,5.6,,5.2,D+,1.5,True,1.68,1.62,Pass
2619,1396866,HK132_CO1027_L04,CO1027,-18,False,6.3,9.3,8.2,8.1,,8.0,B+,3.5,True,3.33,3.33,Pass
2620,1373905,HK132_CO1027_L04,CO1027,-18,False,7.2,7.5,7.1,5.9,,7.1,B,3.0,True,2.44,2.23,Pass
2621,1358415,HK132_CO1027_L04,CO1027,-18,False,7.1,8.2,8.0,7.7,,7.8,B,3.0,True,3.13,2.83,Pass
2622,1393358,HK132_CO1027_L04,CO1027,-18,False,6.5,5.4,5.8,7.4,,6.0,C,2.0,True,2.37,2.36,Pass
2623,1391171,HK132_CO1027_L04,CO1027,-18,False,7.8,7.7,8.4,9.0,,8.2,B+,3.5,True,3.73,3.33,Pass
2624,1303153,HK132_CO1027_L04,CO1027,-18,False,6.2,4.8,4.8,6.8,,5.3,D+,1.5,True,2.24,2.26,Pass
2625,1305477,HK132_CO1027_L04,CO1027,-18,False,6.9,7.7,7.3,6.5,,7.2,B,3.0,True,2.71,2.79,Pass
2626,1339691,HK132_CO1027_L04,CO1027,-18,False,5.6,7.6,7.3,8.1,,7.1,B,3.0,True,3.03,3.12,Pass
2627,1348757,HK132_CO1027_L04,CO1027,-18,False,4.2,4.6,4.6,4.0,,4.5,D,1.0,True,1.41,1.42,Pass
2628,1323335,HK132_CO1027_L04,CO1027,-18,False,3.6,3.5,2.4,4.0,,3.0,F,0.0,False,0.18,1.0,Fail
2629,1398916,HK132_CO1027_L04,CO1027,-18,False,7.1,8.4,8.6,7.5,,8.2,B+,3.5,True,3.2,3.17,Pass
2630,1383837,HK132_CO1027_L04,CO1027,-18,False,3.7,6.3,6.0,4.9,,5.5,C,2.0,True,1.79,1.73,Pass
2631,1308985,HK132_CO1027_L04,CO1027,-18,False,7.5,9.3,7.2,8.3,,7.8,B,3.0,True,3.15,3.02,Pass
2632,1389121,HK132_CO1027_L04,CO1027,-18,False,8.5,8.0,8.1,6.3,,8.0,B+,3.5,True,3.26,3.26,Pass
2633,1343199,HK132_CO1027_L04,CO1027,-18,False,6.2,6.7,6.0,5.8,,6.2,C,2.0,True,2.18,2.17,Pass
2634,1368210,HK132_CO1027_L04,CO1027,-18,False,9.3,10.0,9.0,10.0,,9.4,A,4.0,True,4.0,4.0,Pass
2635,1391582,HK132_CO1027_L04,CO1027,-18,False,6.1,9.8,7.0,7.2,,7.4,B,3.0,True,2.59,2.36,Pass
2636,1352265,HK132_CO1027_L04,CO1027,-18,False,6.6,6.3,8.1,7.0,,7.3,B,3.0,True,3.23,3.12,Pass
2637,1300648,HK132_CO1027_L04,CO1027,-18,False,6.9,7.9,6.6,6.2,,6.9,C+,2.5,True,2.9,2.74,Pass
2638,1369805,HK132_CO1027_L04,CO1027,-18,False,7.9,7.9,7.7,9.3,,7.9,B,3.0,True,3.8,3.64,Pass
2639,1302106,HK132_CO1027_L04,CO1027,-18,False,7.0,5.7,7.8,5.8,,7.0,B,3.0,True,2.76,2.55,Pass
2640,1334725,HK132_CO1027_L04,CO1027,-18,False,10.0,9.9,9.7,9.0,,9.7,A+,4.0,True,3.97,3.98,Pass
2641,1315272,HK132_CO1027_L04,CO1027,-18,False,6.0,5.1,7.0,5.9,,6.3,C,2.0,True,2.12,2.18,Pass
2642,1345841,HK132_CO1027_L04,CO1027,-18,False,3.2,6.1,3.3,3.8,,3.9,F,0.0,False,0.0,1.0,Fail
2643,1327572,HK132_CO1027_L04,CO1027,-18,False,7.8,7.6,6.5,8.6,,7.2,B,3.0,True,2.97,2.98,Pass
2644,1370989,HK132_CO1027_L04,CO1027,-18,False,7.6,5.5,6.3,5.4,,6.3,C,2.0,True,2.53,2.5,Pass
2645,1359736,HK132_CO1027_L04,CO1027,-18,False,7.3,9.1,8.1,8.0,,8.1,B+,3.5,True,3.53,3.52,Pass
2646,1331946,HK132_CO1027_L04,CO1027,-18,False,7.7,8.1,7.5,7.4,,7.7,B,3.0,True,3.4,3.29,Pass
2647,1310032,HK132_CO1027_L04,CO1027,-18,False,7.8,7.4,7.8,6.9,,7.6,B,3.0,True,2.97,2.67,Pass
2648,1327846,HK132_CO1027_L04,CO1027,-18,False,7.4,6.8,5.7,6.0,,6.3,C,2.0,True,2.5,2.64,Pass
2649,1346844,HK132_CO1027_L04,CO1027,-18,False,6.9,7.7,5.8,6.9,,6.5,C+,2.5,True,2.74,2.79,Pass
2650,1379008,HK132_CO1027_L04,CO1027,-18,False,8.1,6.3,7.3,7.0,,7.2,B,3.0,True,2.74,2.68,Pass
2651,1343791,HK132_CO1027_L04,CO1027,-18,False,5.7,6.4,5.8,6.7,,6.0,C,2.0,True,1.87,2.27,Pass
2652,1347162,HK132_CO1027_L04,CO1027,-18,False,7.1,5.1,4.2,6.7,,5.2,D+,1.5,True,2.09,2.09,Pass
2653,1359281,HK132_CO1027_L04,CO1027,-18,False,8.8,7.9,7.6,9.4,,8.1,B+,3.5,True,3.77,3.57,Pass
2654,1396274,HK132_CO1027_L04,CO1027,-18,False,6.5,5.4,6.9,6.3,,6.5,C+,2.5,True,2.62,2.32,Pass
2655,1321285,HK132_CO1027_L05,CO1027,-18,False,7.7,6.8,8.6,7.9,,8.0,B+,3.5,True,3.5,3.48,Pass
2656,1331354,HK132_CO1027_L05,CO1027,-18,False,5.5,6.6,5.9,7.0,,6.1,C,2.0,True,2.09,2.26,Pass
2657,1311764,HK132_CO1027_L05,CO1027,-18,False,5.1,5.6,3.9,5.4,,4.6,D,1.0,True,1.41,1.44,Pass
2658,1347436,HK132_CO1027_L05,CO1027,-18,False,6.2,7.1,7.0,7.4,,6.9,C+,2.5,True,2.35,2.48,Pass
2659,1317914,HK132_CO1027_L05,CO1027,-18,False,6.5,7.4,6.8,6.1,,6.8,C+,2.5,True,2.65,2.67,Pass
2660,1357823,HK132_CO1027_L05,CO1027,-18,False,6.6,6.0,6.6,6.6,,6.5,C+,2.5,True,2.15,2.05,Pass
2661,1375363,HK132_CO1027_L05,CO1027,-18,False,6.2,7.0,5.4,5.6,,5.9,C,2.0,True,2.62,2.48,Pass
2662,1349941,HK132_CO1027_L05,CO1027,-18,False,8.7,8.5,8.5,10.0,,8.7,A,4.0,True,4.0,3.93,Pass
2663,1311901,HK132_CO1027_L05,CO1027,-18,False,7.4,6.3,7.5,5.8,,7.1,B,3.0,True,2.47,2.39,Pass
2664,1304885,HK132_CO1027_L05,CO1027,-18,False,6.1,6.8,5.4,6.1,,5.9,C,2.0,True,2.18,2.17,Pass
2665,1326980,HK132_CO1027_L05,CO1027,-18,False,7.1,7.3,8.2,7.0,,7.7,B,3.0,True,2.74,2.59,Pass
2666,1322288,HK132_CO1027_L05,CO1027,-18,False,5.0,6.7,6.8,6.0,,6.3,C,2.0,True,2.38,2.2,Pass
2667,1359873,HK132_CO1027_L05,CO1027,-18,False,7.5,6.4,6.4,6.8,,6.7,C+,2.5,True,2.53,2.33,Pass
2668,1306661,HK132_CO1027_L05,CO1027,-18,False,8.4,5.9,7.6,7.8,,7.4,B,3.0,True,3.13,3.26,Pass
2669,1326114,HK132_CO1027_L05,CO1027,-18,False,6.1,6.5,4.9,5.7,,5.5,C,2.0,True,2.37,2.31,Pass
2670,1382516,HK132_CO1027_L05,CO1027,-18,False,10.0,8.9,7.8,6.0,,8.3,B+,3.5,True,3.92,3.95,Pass
2671,1351536,HK132_CO1027_L05,CO1027,-18,False,7.6,8.9,8.9,8.6,,8.6,A,4.0,True,3.2,3.43,Pass
2672,1392766,HK132_CO1027_L05,CO1027,-18,False,6.0,6.4,6.7,6.9,,6.5,C+,2.5,True,2.74,2.62,Pass
2673,1381513,HK132_CO1027_L05,CO1027,-18,False,7.1,7.3,7.3,7.2,,7.2,B,3.0,True,3.0,3.12,Pass
2674,1373039,HK132_CO1027_L05,CO1027,-18,False,6.6,6.4,7.9,6.3,,7.2,B,3.0,True,2.74,2.7,Pass
2675,1338370,HK132_CO1027_L05,CO1027,-18,False,8.2,7.9,8.6,8.5,,8.4,B+,3.5,True,3.89,3.83,Pass
2676,1319827,HK132_CO1027_L05,CO1027,-18,False,5.9,6.7,6.6,6.1,,6.4,C+,2.5,True,2.44,2.33,Pass
2677,1316593,HK132_CO1027_L05,CO1027,-18,False,6.0,7.0,6.4,5.7,,6.4,C+,2.5,True,2.32,2.21,Pass
2678,1356365,HK132_CO1027_L05,CO1027,-18,False,6.3,7.8,8.8,7.7,,8.0,B+,3.5,True,3.23,3.19,Pass
2679,1372584,HK132_CO1027_L05,CO1027,-18,False,8.1,6.8,8.6,7.5,,8.0,B+,3.5,True,3.1,2.98,Pass
2680,1358552,HK132_CO1027_L05,CO1027,-18,False,7.3,7.1,5.7,5.3,,6.3,C,2.0,True,2.26,2.39,Pass
2681,1367618,HK132_CO1027_L05,CO1027,-18,False,6.6,6.7,6.6,6.4,,6.6,C+,2.5,True,2.82,2.64,Pass
2682,1341878,HK132_CO1027_L05,CO1027,-18,False,7.7,6.7,6.5,6.3,,6.8,C+,2.5,True,2.85,2.82,Pass
2683,1353131,HK132_CO1027_L05,CO1027,-18,False,7.5,7.9,8.1,9.1,,8.0,B+,3.5,True,3.09,3.36,Pass
2684,1347891,HK132_CO1027_L05,CO1027,-18,False,6.0,7.5,4.8,5.9,,5.7,C,2.0,True,1.71,1.86,Pass
2685,1399919,HK132_CO1027_L05,CO1027,-18,False,8.4,7.7,7.4,10.0,,7.9,B,3.0,True,3.33,3.38,Pass
2686,1384566,HK132_CO1027_L05,CO1027,-18,False,7.7,6.1,6.4,6.6,,6.6,C+,2.5,True,3.26,3.35,Pass
2687,1304156,HK132_CO1027_L05,CO1027,-18,False,4.1,3.6,3.6,2.9,,3.6,F,0.0,False,0.18,1.0,Fail
2688,1329304,HK132_CO1027_L05,CO1027,-18,False,7.9,8.0,8.2,8.6,,8.1,B+,3.5,True,3.2,3.24,Pass
2689,1314406,HK132_CO1027_L05,CO1027,-18,False,6.0,6.8,5.9,8.1,,6.3,C,2.0,True,2.38,2.33,Pass
2690,1397003,HK132_CO1027_L05,CO1027,-18,False,6.7,5.9,7.0,5.4,,6.6,C+,2.5,True,2.15,2.27,Pass
2691,1345112,HK132_CO1027_L05,CO1027,-18,False,6.1,6.7,6.4,5.3,,6.3,C,2.0,True,2.41,2.44,Pass
2692,1395682,HK132_CO1027_L05,CO1027,-18,False,7.3,6.0,6.5,6.5,,6.6,C+,2.5,True,2.53,2.44,Pass
2693,1362197,HK132_CO1027_L05,CO1027,-18,False,8.7,7.2,6.9,9.8,,7.6,B,3.0,True,3.2,3.1,Pass
2694,1323472,HK132_CO1027_L05,CO1027,-18,False,7.8,6.8,6.3,5.9,,6.7,C+,2.5,True,2.62,2.61,Pass
2695,1342333,HK132_CO1027_L05,CO1027,-18,False,5.7,6.3,7.9,6.9,,7.0,B,3.0,True,2.35,2.26,Pass
2696,1300511,HK132_CO1027_L05,CO1027,-18,False,6.4,7.3,6.7,8.6,,7.0,B,3.0,True,3.43,3.34,Pass
2697,1354315,HK132_CO1027_L05,CO1027,-18,False,6.3,4.8,7.7,5.3,,6.6,C+,2.5,True,2.15,2.32,Pass
2698,1356957,HK132_CO1027_L05,CO1027,-18,False,5.8,4.9,5.7,5.5,,5.5,C,2.0,True,1.32,1.72,Pass
2699,1314269,HK132_CO1027_L05,CO1027,-18,False,10.0,10.0,9.1,7.7,,9.3,A,4.0,True,3.97,3.71,Pass
2700,1366889,HK132_CO1027_L05,CO1027,-18,False,7.7,6.7,7.3,7.6,,7.3,B,3.0,True,2.68,2.58,Pass
2701,1320238,HK132_CO1027_L05,CO1027,-18,False,6.4,7.4,6.1,6.5,,6.5,C+,2.5,True,2.62,2.59,Pass
2702,1399645,HK132_CO1027_L05,CO1027,-18,False,5.4,6.3,6.2,6.3,,6.1,C,2.0,True,1.79,1.67,Pass
2703,1389395,HK132_CO1027_L05,CO1027,-18,False,6.2,5.3,6.1,5.2,,5.9,C,2.0,True,1.5,1.75,Pass
2704,1372310,HK132_CO1027_L05,CO1027,-18,False,5.5,6.0,5.9,7.5,,6.0,C,2.0,True,1.87,1.74,Pass
2705,1380329,HK132_CO1027_L05,CO1027,-18,False,7.9,8.8,7.1,8.3,,7.7,B,3.0,True,3.12,3.09,Pass
2706,1368484,HK132_CO1027_L05,CO1027,-18,False,5.2,4.6,6.0,5.2,,5.5,C,2.0,True,1.68,1.67,Pass
2707,1373313,HK132_CO1027_L05,CO1027,-18,False,6.1,8.2,6.8,8.7,,7.1,B,3.0,True,2.93,2.72,Pass
2708,1318051,HK132_CO1027_L05,CO1027,-18,False,7.6,6.4,7.8,6.2,,7.3,B,3.0,True,3.09,3.0,Pass
2709,1301103,HK132_CO1027_L05,CO1027,-18,False,4.5,4.2,4.1,6.6,,4.5,D,1.0,True,1.44,1.38,Pass
2710,1322151,HK132_CO1027_L05,CO1027,-18,False,7.2,6.3,5.6,6.6,,6.2,C,2.0,True,2.12,2.11,Pass
2711,1365705,HK132_CO1027_L05,CO1027,-18,False,8.5,7.7,7.6,8.6,,7.9,B,3.0,True,3.23,3.33,Pass
2712,1394224,HK132_CO1027_L05,CO1027,-18,False,6.2,6.3,4.6,5.3,,5.3,D+,1.5,True,1.8,1.9,Pass
2713,1352994,HK132_CO1027_L05,CO1027,-18,False,5.7,5.7,5.5,6.5,,5.7,C,2.0,True,2.59,2.36,Pass
2714,1357686,HK132_CO1027_L05,CO1027,-18,False,7.8,9.5,7.5,8.7,,8.1,B+,3.5,True,3.71,3.59,Pass
2715,1310761,HK132_CO1027_L05,CO1027,-18,False,8.0,8.7,8.7,9.8,,8.7,A,4.0,True,4.0,3.95,Pass
2716,1337778,HK132_CO1027_L05,CO1027,-18,False,5.3,5.7,5.9,5.0,,5.7,C,2.0,True,1.65,1.67,Pass
2717,1301240,HK132_CO1027_L05,CO1027,-18,False,8.3,9.6,8.7,7.9,,8.7,A,4.0,True,3.27,3.14,Pass
2718,1356228,HK132_CO1027_L05,CO1027,-18,False,5.8,6.3,7.7,6.3,,6.9,C+,2.5,True,2.32,2.38,Pass
2719,1350944,HK132_CO1027_L05,CO1027,-18,False,6.7,8.7,8.0,9.4,,8.0,B+,3.5,True,3.32,3.21,Pass
2720,1353860,HK132_CO1027_L05,CO1027,-18,False,6.7,5.9,6.3,5.9,,6.3,C,2.0,True,1.94,2.08,Pass
2721,1377276,HK132_CO1027_L05,CO1027,-18,False,5.4,6.4,5.8,6.7,,5.9,C,2.0,True,1.88,1.92,Pass
2722,1309440,HK132_CO1027_L05,CO1027,-18,False,5.9,5.9,6.8,6.6,,6.4,C+,2.5,True,2.38,2.32,Pass
2723,1380784,HK132_CO1027_L05,CO1027,-18,False,6.5,7.4,6.6,6.2,,6.7,C+,2.5,True,2.21,2.2,Pass
2724,1396137,HK132_CO1027_L05,CO1027,-18,False,7.7,7.5,7.1,8.4,,7.4,B,3.0,True,3.53,3.41,Pass
2725,1389987,HK132_CO1027_L05,CO1027,-18,False,8.8,9.2,8.7,9.4,,8.9,A,4.0,True,3.97,3.98,Pass
2726,1312219,HK132_CO1027_L05,CO1027,-18,False,9.5,9.9,9.6,7.9,,9.5,A+,4.0,True,4.0,4.0,Pass
2727,1395545,HK132_CO1027_L05,CO1027,-18,False,4.4,4.3,3.7,5.0,,4.1,D,1.0,True,0.64,1.0,Pass
2728,1368347,HK132_CO1027_L05,CO1027,-18,False,7.1,7.1,7.0,6.5,,7.0,B,3.0,True,2.53,2.27,Pass
2729,1362789,HK132_CO1027_L05,CO1027,-18,False,7.5,7.9,7.1,8.0,,7.4,B,3.0,True,3.27,3.38,Pass
2730,1336912,HK132_CO1027_L05,CO1027,-18,False,6.7,6.6,6.9,6.9,,6.8,C+,2.5,True,2.09,2.11,Pass
2731,1397732,HK132_CO1027_L05,CO1027,-18,False,7.6,5.4,6.8,6.3,,6.6,C+,2.5,True,2.53,2.45,Pass
2732,1324475,HK132_CO1027_L05,CO1027,-18,False,6.4,6.5,5.1,6.0,,5.7,C,2.0,True,2.26,2.18,Pass
2733,1394953,HK132_CO1027_L05,CO1027,-18,False,6.2,2.4,5.7,6.1,,5.2,D+,1.5,True,2.24,2.3,Pass
2734,1382242,HK132_CO1027_L05,CO1027,-18,False,8.0,8.0,7.0,7.9,,7.5,B,3.0,True,3.63,3.53,Pass
2735,1300374,HK132_CO1027_L05,CO1027,-18,False,5.5,6.7,3.0,5.4,,4.5,D,1.0,True,1.47,1.58,Pass
2736,1353449,HK132_CO1027_L05,CO1027,-18,False,9.5,9.3,8.1,9.7,,8.8,A,4.0,True,4.0,4.0,Pass
2737,1390124,HK132_CO1027_L05,CO1027,-18,False,8.5,9.1,7.9,6.6,,8.1,B+,3.5,True,3.21,3.29,Pass
2738,1388529,HK132_CO1027_L05,CO1027,-18,False,5.8,6.7,6.1,6.4,,6.2,C,2.0,True,2.35,2.56,Pass
2739,1371718,HK132_CO1027_L05,CO1027,-18,False,7.5,7.9,6.6,6.8,,7.1,B,3.0,True,3.44,3.41,Pass
2740,1330625,HK132_CO1027_L05,CO1027,-18,False,5.3,5.4,6.9,8.1,,6.4,C+,2.5,True,2.32,2.29,Pass
2741,1300237,HK132_CO1027_L05,CO1027,-18,False,8.2,7.6,8.2,7.8,,8.0,B+,3.5,True,3.6,3.53,Pass
2742,1386342,HK132_CO1027_L05,CO1027,-18,False,8.8,9.3,8.1,8.3,,8.5,A,4.0,True,3.59,3.53,Pass
2743,1361331,HK132_CO1027_L05,CO1027,-18,False,6.4,8.2,5.8,8.7,,6.7,C+,2.5,True,3.18,3.3,Pass
2744,1310306,HK132_CO1027_L05,CO1027,-18,False,8.6,8.8,8.6,8.8,,8.7,A,4.0,True,3.97,3.98,Pass
2745,1395819,HK132_CO1027_L05,CO1027,-18,False,6.4,6.7,6.4,5.9,,6.4,C+,2.5,True,2.41,2.56,Pass
2746,1327254,HK132_CO1027_L05,CO1027,-18,False,5.7,7.5,6.2,4.8,,6.2,C,2.0,True,2.35,2.14,Pass
2747,1308848,HK132_CO1027_L05,CO1027,-18,False,7.1,8.9,8.2,6.9,,8.0,B+,3.5,True,3.03,3.0,Pass
2748,1387071,HK132_CO1027_L05,CO1027,-18,False,8.8,7.7,8.6,7.4,,8.3,B+,3.5,True,3.7,3.74,Pass
2749,1392174,HK132_CO1027_L05,CO1027,-18,False,9.0,7.7,10.0,8.1,,9.2,A,4.0,True,3.97,3.88,Pass
2750,1371126,HK132_CO1027_L05,CO1027,-18,False,5.2,6.2,4.3,4.5,,4.9,D,1.0,True,1.6,1.71,Pass
2751,1356502,HK132_CO1027_L05,CO1027,-18,False,7.4,7.3,5.8,7.6,,6.6,C+,2.5,True,2.24,2.18,Pass
2752,1316730,HK132_CO1027_L05,CO1027,-18,False,8.7,9.5,9.8,8.4,,9.4,A,4.0,True,4.0,3.83,Pass
2753,1336775,HK132_PH1007_L01,PH1007,-18,False,,,4.6,,5.0,4.8,D,1.0,True,2.03,2.19,Pass
2754,1352265,HK132_PH1007_L01,PH1007,-18,False,,,6.9,,6.3,6.7,C+,2.5,True,3.23,3.12,Pass
2755,1356365,HK132_PH1007_L01,PH1007,-18,False,,,7.8,,7.4,7.6,B,3.0,True,3.23,3.19,Pass
2756,1374771,HK132_PH1007_L01,PH1007,-18,False,,,6.6,,6.8,6.7,C+,2.5,True,3.1,3.24,Pass
2757,1301240,HK132_PH1007_L01,PH1007,-18,False,,,6.5,,7.1,6.7,C+,2.5,True,3.27,3.14,Pass
2758,1368347,HK132_PH1007_L01,PH1007,-18,False,,,6.2,,5.1,5.8,C,2.0,True,2.53,2.27,Pass
2759,1311172,HK132_PH1007_L01,PH1007,-18,False,,,5.4,,4.2,4.9,D,1.0,True,1.68,1.62,Pass
2760,1332538,HK132_PH1007_L01,PH1007,-18,False,,,7.7,,8.7,8.1,B+,3.5,True,3.83,3.5,Pass
2761,1316001,HK132_PH1007_L01,PH1007,-18,False,,,6.1,,8.0,6.9,C+,2.5,True,3.3,3.22,Pass
2762,1307253,HK132_PH1007_L01,PH1007,-18,False,,,8.2,,7.9,8.1,B+,3.5,True,3.37,3.26,Pass
2763,1348028,HK132_PH1007_L01,PH1007,-18,False,,,6.7,,5.6,6.3,C,2.0,True,2.63,2.59,Pass
2764,1346707,HK132_PH1007_L01,PH1007,-18,False,,,1.0,,2.9,1.8,F,0.0,False,0.19,1.0,Fail
2765,1379463,HK132_PH1007_L01,PH1007,-18,False,,,7.9,,5.4,6.9,C+,2.5,True,3.3,3.14,Pass
2766,1364110,HK132_PH1007_L01,PH1007,-18,False,,,7.2,,8.0,7.5,B,3.0,True,3.07,3.21,Pass
2767,1360010,HK132_PH1007_L01,PH1007,-18,False,,,5.5,,5.4,5.5,C,2.0,True,1.79,1.65,Pass
2768,1348165,HK132_PH1007_L01,PH1007,-18,False,,,5.2,,5.8,5.4,D+,1.5,True,1.74,1.76,Pass
2769,1397140,HK132_PH1007_L01,PH1007,-18,False,,,4.0,,5.6,4.6,D,1.0,True,1.65,1.71,Pass
2770,1332083,HK132_PH1007_L01,PH1007,-18,False,,,7.7,,7.2,7.5,B,3.0,True,3.0,3.0,Pass
2771,1363244,HK132_PH1007_L01,PH1007,-18,False,,,8.7,,8.1,8.5,A,4.0,True,4.0,3.93,Pass
2772,1340146,HK132_PH1007_L01,PH1007,-18,False,,,5.4,,6.9,6.0,C,2.0,True,2.15,2.29,Pass
2773,1367618,HK132_PH1007_L01,PH1007,-18,False,,,5.9,,7.3,6.5,C+,2.5,True,2.82,2.64,Pass
2774,1397003,HK132_PH1007_L01,PH1007,-18,False,,,5.3,,5.2,5.3,D+,1.5,True,2.15,2.27,Pass
2775,1351673,HK132_PH1007_L01,PH1007,-18,False,,,6.2,,5.7,6.0,C,2.0,True,2.21,2.29,Pass
2776,1345249,HK132_PH1007_L01,PH1007,-18,False,,,6.3,,7.3,6.7,C+,2.5,True,3.3,3.21,Pass
2777,1314269,HK132_PH1007_L01,PH1007,-18,False,,,8.6,,7.6,8.2,B+,3.5,True,3.97,3.71,Pass
2778,1387071,HK132_PH1007_L01,PH1007,-18,False,,,7.4,,7.4,7.4,B,3.0,True,3.7,3.74,Pass
2779,1325659,HK132_PH1007_L01,PH1007,-18,False,,,9.2,,8.7,9.0,A,4.0,True,3.47,3.29,Pass
2780,1398324,HK132_PH1007_L01,PH1007,-18,False,,,5.8,,6.0,5.9,C,2.0,True,2.41,2.44,Pass
2781,1333996,HK132_PH1007_L01,PH1007,-18,False,,,7.9,,8.1,8.0,B+,3.5,True,3.97,3.98,Pass
2782,1313677,HK132_PH1007_L01,PH1007,-18,False,,,6.9,,8.0,7.3,B,3.0,True,3.26,3.14,Pass
2783,1394816,HK132_PH1007_L01,PH1007,-18,False,,,6.1,,5.4,5.8,C,2.0,True,2.35,2.3,Pass
2784,1362652,HK132_PH1007_L01,PH1007,-18,False,,,4.9,,4.3,4.7,D,1.0,True,1.32,1.47,Pass
2785,1394087,HK132_PH1007_L01,PH1007,-18,False,,,6.0,,6.7,6.3,C,2.0,True,2.47,2.58,Pass
2786,1305340,HK132_PH1007_L01,PH1007,-18,False,,,8.2,,7.3,7.8,B,3.0,True,3.5,3.26,Pass
2787,1342333,HK132_PH1007_L01,PH1007,-18,False,,,6.4,,5.6,6.1,C,2.0,True,2.35,2.26,Pass
2788,1382242,HK132_PH1007_L01,PH1007,-18,False,,,8.2,,6.5,7.5,B,3.0,True,3.63,3.53,Pass
2789,1334588,HK132_PH1007_L01,PH1007,-18,False,,,5.3,,7.2,6.1,C,2.0,True,2.44,2.48,Pass
2790,1313085,HK132_PH1007_L01,PH1007,-18,False,,,6.9,,5.3,6.3,C,2.0,True,2.09,2.14,Pass
2791,1352402,HK132_PH1007_L01,PH1007,-18,False,,,6.7,,6.5,6.6,C+,2.5,True,3.23,3.19,Pass
2792,1322880,HK132_PH1007_L01,PH1007,-18,False,,,5.4,,4.7,5.1,D+,1.5,True,1.85,1.83,Pass
2793,1353449,HK132_PH1007_L01,PH1007,-18,False,,,8.5,,8.6,8.5,A,4.0,True,4.0,4.0,Pass
2794,1382105,HK132_PH1007_L01,PH1007,-18,False,,,7.8,,8.1,7.9,B,3.0,True,3.0,3.12,Pass
2795,1380192,HK132_PH1007_L01,PH1007,-18,False,,,5.5,,4.9,5.3,D+,1.5,True,2.15,2.06,Pass
2796,1378734,HK132_PH1007_L01,PH1007,-18,False,,,5.2,,4.2,4.8,D,1.0,True,0.79,1.21,Pass
2797,1375089,HK132_PH1007_L01,PH1007,-18,False,,,6.8,,6.3,6.6,C+,2.5,True,2.17,2.1,Pass
2798,1311901,HK132_PH1007_L01,PH1007,-18,False,,,6.6,,5.2,6.0,C,2.0,True,2.47,2.39,Pass
2799,1369668,HK132_PH1007_L01,PH1007,-18,False,,,7.6,,5.6,6.8,C+,2.5,True,2.47,2.41,Pass
2800,1329167,HK132_PH1007_L01,PH1007,-18,False,,,8.6,,8.9,8.7,A,4.0,True,3.92,3.95,Pass
2801,1375955,HK132_PH1007_L01,PH1007,-18,False,,,7.0,,5.3,6.3,C,2.0,True,2.24,2.03,Pass
2802,1300237,HK132_PH1007_L01,PH1007,-18,False,,,8.5,,7.4,8.1,B+,3.5,True,3.6,3.53,Pass
2803,1380329,HK132_PH1007_L01,PH1007,-18,False,,,6.7,,8.1,7.3,B,3.0,True,3.12,3.09,Pass
2804,1361331,HK132_PH1007_L01,PH1007,-18,False,,,7.5,,8.0,7.7,B,3.0,True,3.18,3.3,Pass
2805,1395408,HK132_PH1007_L01,PH1007,-18,False,,,4.6,,5.2,4.8,D,1.0,True,2.06,2.14,Pass
2806,1389395,HK132_PH1007_L01,PH1007,-18,False,,,4.0,,3.6,3.8,F,0.0,False,1.5,1.75,Fail
2807,1397732,HK132_PH1007_L01,PH1007,-18,False,,,6.3,,6.4,6.3,C,2.0,True,2.53,2.45,Pass
2808,1397595,HK132_PH1007_L01,PH1007,-18,False,,,5.3,,5.8,5.5,C,2.0,True,2.15,2.24,Pass
2809,1359144,HK132_PH1007_L01,PH1007,-18,False,,,9.5,,7.9,8.9,A,4.0,True,4.0,4.0,Pass
2810,1321559,HK132_PH1007_L01,PH1007,-18,False,,,4.7,,6.2,5.3,D+,1.5,True,2.41,2.5,Pass
2811,1396274,HK132_PH1007_L01,PH1007,-18,False,,,5.2,,5.1,5.2,D+,1.5,True,2.62,2.32,Pass
2812,1373905,HK132_PH1007_L01,PH1007,-18,False,,,4.8,,4.8,4.8,D,1.0,True,2.44,2.23,Pass
2813,1356502,HK132_PH1007_L01,PH1007,-18,False,,,5.6,,4.6,5.2,D+,1.5,True,2.24,2.18,Pass
2814,1376684,HK132_PH1007_L01,PH1007,-18,False,,,5.8,,5.9,5.8,C,2.0,True,2.12,2.15,Pass
2815,1338233,HK132_PH1007_L01,PH1007,-18,False,,,6.1,,7.3,6.6,C+,2.5,True,2.29,2.18,Pass
2816,1373768,HK132_PH1007_L01,PH1007,-18,False,,,7.9,,7.7,7.8,B,3.0,True,3.44,3.44,Pass
2817,1319372,HK132_PH1007_L01,PH1007,-18,False,,,6.7,,6.1,6.5,C+,2.5,True,3.03,3.02,Pass
2818,1323472,HK132_PH1007_L01,PH1007,-18,False,,,5.8,,6.2,6.0,C,2.0,True,2.62,2.61,Pass
2819,1365431,HK132_PH1007_L01,PH1007,-18,False,,,6.5,,7.7,7.0,B,3.0,True,3.1,3.07,Pass
2820,1324475,HK132_PH1007_L01,PH1007,-18,False,,,5.2,,5.7,5.4,D+,1.5,True,2.26,2.18,Pass
2821,1303882,HK132_PH1007_L01,PH1007,-18,False,,,7.6,,8.2,7.8,B,3.0,True,3.41,3.45,Pass
2822,1364839,HK132_PH1007_L01,PH1007,-18,False,,,5.5,,6.5,5.9,C,2.0,True,2.24,2.06,Pass
2823,1305203,HK132_PH1007_L01,PH1007,-18,False,,,5.2,,5.3,5.2,D+,1.5,True,2.35,2.12,Pass
2824,1388666,HK132_PH1007_L01,PH1007,-18,False,,,8.8,,6.5,7.9,B,3.0,True,3.0,3.12,Pass
2825,1335454,HK132_PH1007_L01,PH1007,-18,False,,,8.2,,7.9,8.1,B+,3.5,True,3.37,3.26,Pass
2826,1332812,HK132_PH1007_L01,PH1007,-18,False,,,4.0,,3.7,3.9,F,0.0,False,0.76,1.33,Fail
2827,1372584,HK132_PH1007_L01,PH1007,-18,False,,,7.5,,7.1,7.3,B,3.0,True,3.1,2.98,Pass
2828,1385158,HK132_PH1007_L01,PH1007,-18,False,,,9.2,,7.7,8.6,A,4.0,True,3.3,3.21,Pass
2829,1370534,HK132_PH1007_L01,PH1007,-18,False,,,6.3,,5.5,6.0,C,2.0,True,2.32,2.39,Pass
2830,1311627,HK132_PH1007_L01,PH1007,-18,False,,,5.0,,6.3,5.5,C,2.0,True,2.24,1.97,Pass
2831,1355044,HK132_PH1007_L01,PH1007,-18,False,,,6.8,,7.8,7.2,B,3.0,True,3.27,3.21,Pass
2832,1368073,HK132_PH1007_L01,PH1007,-18,False,,,5.7,,6.7,6.1,C,2.0,True,2.32,2.29,Pass
2833,1398916,HK132_PH1007_L01,PH1007,-18,False,,,6.7,,7.9,7.2,B,3.0,True,3.2,3.17,Pass
2834,1338370,HK132_PH1007_L01,PH1007,-18,False,,,8.0,,8.6,8.2,B+,3.5,True,3.89,3.83,Pass
2835,1394679,HK132_PH1007_L01,PH1007,-18,False,,,4.3,,4.7,4.5,D,1.0,True,1.47,1.61,Pass
2836,1379326,HK132_PH1007_L01,PH1007,-18,False,,,6.2,,7.5,6.7,C+,2.5,True,3.29,3.27,Pass
2837,1372310,HK132_PH1007_L01,PH1007,-18,False,,,5.8,,5.0,5.5,C,2.0,True,1.87,1.74,Pass
2838,1302561,HK132_PH1007_L01,PH1007,-18,False,,,8.2,,7.5,7.9,B,3.0,True,3.47,3.29,Pass
2839,1342196,HK132_PH1007_L01,PH1007,-18,False,,,7.4,,6.3,7.0,B,3.0,True,3.18,3.12,Pass
2840,1313222,HK132_PH1007_L01,PH1007,-18,False,,,8.0,,7.9,8.0,B+,3.5,True,3.62,3.45,Pass
2841,1303427,HK132_PH1007_L01,PH1007,-18,False,,,4.6,,5.6,5.0,D+,1.5,True,2.62,2.47,Pass
2842,1326251,HK132_PH1007_L01,PH1007,-18,False,,,7.6,,6.2,7.0,B,3.0,True,2.41,2.52,Pass
2843,1371992,HK132_PH1007_L01,PH1007,-18,False,,,5.4,,6.2,5.7,C,2.0,True,1.97,2.16,Pass
2844,1348757,HK132_PH1007_L01,PH1007,-18,False,,,5.4,,5.0,5.2,D+,1.5,True,1.41,1.42,Pass
2845,1359281,HK132_PH1007_L01,PH1007,-18,False,,,7.8,,9.4,8.4,B+,3.5,True,3.77,3.57,Pass
2846,1328575,HK132_PH1007_L01,PH1007,-18,False,,,6.5,,6.5,6.5,C+,2.5,True,2.57,2.55,Pass
2847,1300374,HK132_PH1007_L01,PH1007,-18,False,,,6.6,,5.1,6.0,C,2.0,True,1.47,1.58,Pass
2848,1351399,HK132_PH1007_L01,PH1007,-18,False,,,6.9,,6.1,6.6,C+,2.5,True,2.38,2.23,Pass
2849,1335317,HK132_PH1007_L01,PH1007,-18,False,,,5.4,,6.0,5.6,C,2.0,True,2.24,2.08,Pass
2850,1375226,HK132_PH1007_L01,PH1007,-18,False,,,6.3,,6.6,6.4,C+,2.5,True,2.59,2.53,Pass
2851,1385295,HK132_PH1007_L02,PH1007,-18,False,,,4.3,,6.2,5.1,D+,1.5,True,1.6,1.41,Pass
2852,1390579,HK132_PH1007_L02,PH1007,-18,False,,,6.5,,6.0,6.3,C,2.0,True,2.29,2.36,Pass
2853,1310443,HK132_PH1007_L02,PH1007,-18,False,,,9.7,,10.0,9.8,A+,4.0,True,4.0,3.9,Pass
2854,1351991,HK132_PH1007_L02,PH1007,-18,False,,,6.8,,6.0,6.5,C+,2.5,True,2.76,2.62,Pass
2855,1394953,HK132_PH1007_L02,PH1007,-18,False,,,6.4,,5.8,6.2,C,2.0,True,2.24,2.3,Pass
2856,1339828,HK132_PH1007_L02,PH1007,-18,False,,,7.8,,8.6,8.1,B+,3.5,True,3.17,3.38,Pass
2857,1382971,HK132_PH1007_L02,PH1007,-18,False,,,5.2,,6.4,5.7,C,2.0,True,2.53,2.61,Pass
2858,1379600,HK132_PH1007_L02,PH1007,-18,False,,,4.2,,4.9,4.5,D,1.0,True,1.47,1.52,Pass
2859,1357823,HK132_PH1007_L02,PH1007,-18,False,,,4.0,,4.8,4.3,D,1.0,True,2.15,2.05,Pass
2860,1398598,HK132_PH1007_L02,PH1007,-18,False,,,5.9,,6.9,6.3,C,2.0,True,2.79,2.73,Pass
2861,1368939,HK132_PH1007_L02,PH1007,-18,False,,,5.8,,6.0,5.9,C,2.0,True,2.0,2.27,Pass
2862,1324201,HK132_PH1007_L02,PH1007,-18,False,,,4.7,,6.0,5.2,D+,1.5,True,2.32,2.45,Pass
2863,1378142,HK132_PH1007_L02,PH1007,-18,False,,,7.5,,8.5,7.9,B,3.0,True,3.27,3.07,Pass
2864,1327572,HK132_PH1007_L02,PH1007,-18,False,,,6.4,,6.5,6.4,C+,2.5,True,2.97,2.98,Pass
2865,1395682,HK132_PH1007_L02,PH1007,-18,False,,,6.1,,6.9,6.4,C+,2.5,True,2.53,2.44,Pass
2866,1373176,HK132_PH1007_L02,PH1007,-18,False,,,5.0,,5.2,5.1,D+,1.5,True,1.85,1.91,Pass
2867,1356228,HK132_PH1007_L02,PH1007,-18,False,,,7.2,,5.1,6.4,C+,2.5,True,2.32,2.38,Pass
2868,1312493,HK132_PH1007_L02,PH1007,-18,False,,,5.3,,8.7,6.7,C+,2.5,True,3.1,3.05,Pass
2869,1366297,HK132_PH1007_L02,PH1007,-18,False,,,6.5,,6.1,6.3,C,2.0,True,1.94,2.05,Pass
2870,1347891,HK132_PH1007_L02,PH1007,-18,False,,,5.6,,3.9,4.9,D,1.0,True,1.71,1.86,Pass
2871,1333130,HK132_PH1007_L02,PH1007,-18,False,,,6.6,,7.0,6.8,C+,2.5,True,3.2,3.17,Pass
2872,1366752,HK132_PH1007_L02,PH1007,-18,False,,,5.7,,4.6,5.3,D+,1.5,True,2.15,2.17,Pass
2873,1344383,HK132_PH1007_L02,PH1007,-18,False,,,7.7,,8.1,7.9,B,3.0,True,3.3,3.47,Pass
2874,1343928,HK132_PH1007_L02,PH1007,-18,False,,,9.1,,9.1,9.1,A,4.0,True,4.0,4.0,Pass
2875,1369942,HK132_PH1007_L02,PH1007,-18,False,,,5.5,,6.3,5.8,C,2.0,True,2.18,2.21,Pass
2876,1310169,HK132_PH1007_L02,PH1007,-18,False,,,5.8,,6.9,6.2,C,2.0,True,2.91,2.83,Pass
2877,1320693,HK132_PH1007_L02,PH1007,-18,False,,,5.8,,5.6,5.7,C,2.0,True,2.62,2.47,Pass
2878,1383837,HK132_PH1007_L02,PH1007,-18,False,,,4.5,,6.0,5.1,D+,1.5,True,1.79,1.73,Pass
2879,1300511,HK132_PH1007_L02,PH1007,-18,False,,,6.2,,6.9,6.5,C+,2.5,True,3.43,3.34,Pass
2880,1378005,HK132_PH1007_L02,PH1007,-18,False,,,9.4,,7.4,8.6,A,4.0,True,2.93,2.9,Pass
2881,1361194,HK132_PH1007_L02,PH1007,-18,False,,,7.8,,7.8,7.8,B,3.0,True,2.93,3.02,Pass
2882,1363381,HK132_PH1007_L02,PH1007,-18,False,,,7.9,,6.8,7.5,B,3.0,True,3.0,3.12,Pass
2883,1377276,HK132_PH1007_L02,PH1007,-18,False,,,6.1,,6.0,6.1,C,2.0,True,1.88,1.92,Pass
2884,1371855,HK132_PH1007_L02,PH1007,-18,False,,,3.9,,4.1,4.0,D,1.0,True,1.59,1.39,Pass
2885,1348620,HK132_PH1007_L02,PH1007,-18,False,,,9.2,,9.0,9.1,A,4.0,True,4.0,4.0,Pass
2886,1389121,HK132_PH1007_L02,PH1007,-18,False,,,5.9,,7.6,6.6,C+,2.5,True,3.26,3.26,Pass
2887,1347162,HK132_PH1007_L02,PH1007,-18,False,,,5.1,,5.1,5.1,D+,1.5,True,2.09,2.09,Pass
2888,1366160,HK132_PH1007_L02,PH1007,-18,False,,,7.2,,5.5,6.5,C+,2.5,True,2.38,2.2,Pass
2889,1311035,HK132_PH1007_L02,PH1007,-18,False,,,8.2,,6.7,7.6,B,3.0,True,3.37,3.29,Pass
2890,1309577,HK132_PH1007_L02,PH1007,-18,False,,,6.4,,6.7,6.5,C+,2.5,True,2.38,2.35,Pass
2891,1323609,HK132_PH1007_L02,PH1007,-18,False,,,9.2,,9.5,9.3,A,4.0,True,4.0,4.0,Pass
2892,1336046,HK132_PH1007_L02,PH1007,-18,False,,,7.9,,8.4,8.1,B+,3.5,True,3.72,3.67,Pass
2893,1310306,HK132_PH1007_L02,PH1007,-18,False,,,8.5,,8.1,8.3,B+,3.5,True,3.97,3.98,Pass
2894,1376547,HK132_PH1007_L02,PH1007,-18,False,,,2.9,,2.7,2.8,F,0.0,False,0.21,1.19,Fail
2895,1304748,HK132_PH1007_L02,PH1007,-18,False,,,7.4,,7.8,7.6,B,3.0,True,3.37,3.26,Pass
2896,1389987,HK132_PH1007_L02,PH1007,-18,False,,,7.6,,9.0,8.2,B+,3.5,True,3.97,3.98,Pass
2897,1313814,HK132_PH1007_L02,PH1007,-18,False,,,10.0,,7.9,9.2,A,4.0,True,3.15,3.08,Pass
2898,1320238,HK132_PH1007_L02,PH1007,-18,False,,,6.5,,6.4,6.5,C+,2.5,True,2.62,2.59,Pass
2899,1305477,HK132_PH1007_L02,PH1007,-18,False,,,7.6,,6.5,7.2,B,3.0,True,2.71,2.79,Pass
2900,1339099,HK132_PH1007_L02,PH1007,-18,False,,,7.3,,6.1,6.8,C+,2.5,True,2.97,3.02,Pass
2901,1364976,HK132_PH1007_L02,PH1007,-18,False,,,7.5,,7.0,7.3,B,3.0,True,3.35,3.29,Pass
2902,1323017,HK132_PH1007_L02,PH1007,-18,False,,,6.4,,6.6,6.5,C+,2.5,True,2.24,2.39,Pass
2903,1304885,HK132_PH1007_L02,PH1007,-18,False,,,5.6,,5.8,5.7,C,2.0,True,2.18,2.17,Pass
2904,1316593,HK132_PH1007_L02,PH1007,-18,False,,,3.0,,6.1,4.2,D,1.0,True,2.32,2.21,Pass
2905,1375363,HK132_PH1007_L02,PH1007,-18,False,,,7.0,,6.6,6.8,C+,2.5,True,2.62,2.48,Pass
2906,1341149,HK132_PH1007_L02,PH1007,-18,False,,,2.3,,3.2,2.7,F,0.0,False,1.5,1.61,Fail
2907,1334133,HK132_PH1007_L02,PH1007,-18,False,,,9.0,,9.1,9.0,A,4.0,True,3.63,3.81,Pass
2908,1327846,HK132_PH1007_L02,PH1007,-18,False,,,5.3,,6.1,5.6,C,2.0,True,2.5,2.64,Pass
2909,1329030,HK132_PH1007_L02,PH1007,-18,False,,,5.3,,5.5,5.4,D+,1.5,True,2.15,2.26,Pass
2910,1315135,HK132_PH1007_L02,PH1007,-18,False,,,7.7,,7.3,7.5,B,3.0,True,3.23,3.38,Pass
2911,1383563,HK132_PH1007_L02,PH1007,-18,False,,,7.0,,6.3,6.7,C+,2.5,True,2.71,2.59,Pass
2912,1397458,HK132_PH1007_L02,PH1007,-18,False,,,5.7,,6.7,6.1,C,2.0,True,2.21,2.17,Pass
2913,1312356,HK132_PH1007_L02,PH1007,-18,False,,,6.9,,7.3,7.1,B,3.0,True,2.76,2.8,Pass
2914,1318051,HK132_PH1007_L02,PH1007,-18,False,,,6.7,,6.5,6.6,C+,2.5,True,3.09,3.0,Pass
2915,1341741,HK132_PH1007_L02,PH1007,-18,False,,,7.6,,5.5,6.8,C+,2.5,True,3.23,3.14,Pass
2916,1337778,HK132_PH1007_L02,PH1007,-18,False,,,4.7,,4.1,4.5,D,1.0,True,1.65,1.67,Pass
2917,1326114,HK132_PH1007_L02,PH1007,-18,False,,,5.7,,7.5,6.4,C+,2.5,True,2.37,2.31,Pass
2918,1357231,HK132_PH1007_L02,PH1007,-18,False,,,4.8,,7.2,5.8,C,2.0,True,2.38,2.26,Pass
2919,1371718,HK132_PH1007_L02,PH1007,-18,False,,,7.5,,7.6,7.5,B,3.0,True,3.44,3.41,Pass
2920,1318643,HK132_PH1007_L02,PH1007,-18,False,,,4.2,,6.1,5.0,D+,1.5,True,2.32,2.33,Pass
2921,1376229,HK132_PH1007_L02,PH1007,-18,False,,,8.1,,8.2,8.1,B+,3.5,True,3.26,3.35,Pass
2922,1303745,HK132_PH1007_L02,PH1007,-18,False,,,8.0,,7.8,7.9,B,3.0,True,3.73,3.74,Pass
2923,1377868,HK132_PH1007_L02,PH1007,-18,False,,,5.7,,6.6,6.1,C,2.0,True,2.47,2.39,Pass
2924,1356957,HK132_PH1007_L02,PH1007,-18,False,,,6.1,,6.0,6.1,C,2.0,True,1.32,1.72,Pass
2925,1336320,HK132_PH1007_L02,PH1007,-18,False,,,4.6,,6.4,5.3,D+,1.5,True,2.09,2.17,Pass
2926,1349941,HK132_PH1007_L02,PH1007,-18,False,,,9.7,,9.5,9.6,A+,4.0,True,4.0,3.93,Pass
2927,1366889,HK132_PH1007_L02,PH1007,-18,False,,,4.5,,5.1,4.7,D,1.0,True,2.68,2.58,Pass
2928,1324064,HK132_PH1007_L02,PH1007,-18,False,,,6.9,,5.7,6.4,C+,2.5,True,2.41,2.45,Pass
2929,1396411,HK132_PH1007_L02,PH1007,-18,False,,,6.9,,8.0,7.3,B,3.0,True,3.0,3.2,Pass
2930,1364702,HK132_PH1007_L02,PH1007,-18,False,,,5.3,,4.3,4.9,D,1.0,True,1.68,1.85,Pass
2931,1316730,HK132_PH1007_L02,PH1007,-18,False,,,9.1,,8.2,8.7,A,4.0,True,4.0,3.83,Pass
2932,1321422,HK132_PH1007_L02,PH1007,-18,False,,,7.5,,6.2,7.0,B,3.0,True,3.0,3.0,Pass
2933,1311764,HK132_PH1007_L02,PH1007,-18,False,,,4.2,,4.2,4.2,D,1.0,True,1.41,1.44,Pass
2934,1370989,HK132_PH1007_L02,PH1007,-18,False,,,6.3,,6.6,6.4,C+,2.5,True,2.53,2.5,Pass
2935,1393358,HK132_PH1007_L02,PH1007,-18,False,,,4.6,,5.6,5.0,D+,1.5,True,2.37,2.36,Pass
2936,1378279,HK132_PH1007_L02,PH1007,-18,False,,,5.5,,5.2,5.4,D+,1.5,True,2.35,2.08,Pass
2937,1354907,HK132_PH1007_L02,PH1007,-18,False,,,7.2,,7.1,7.2,B,3.0,True,3.56,3.69,Pass
2938,1346115,HK132_PH1007_L02,PH1007,-18,False,,,6.2,,4.8,5.6,C,2.0,True,2.5,2.39,Pass
2939,1349212,HK132_PH1007_L02,PH1007,-18,False,,,7.1,,7.6,7.3,B,3.0,True,2.18,2.14,Pass
2940,1333267,HK132_PH1007_L02,PH1007,-18,False,,,5.3,,4.6,5.0,D+,1.5,True,0.95,1.22,Pass
2941,1359873,HK132_PH1007_L02,PH1007,-18,False,,,5.9,,5.2,5.6,C,2.0,True,2.53,2.33,Pass
2942,1378871,HK132_PH1007_L02,PH1007,-18,False,,,8.1,,7.4,7.8,B,3.0,True,3.13,3.17,Pass
2943,1308848,HK132_PH1007_L02,PH1007,-18,False,,,6.6,,5.9,6.3,C,2.0,True,3.03,3.0,Pass
2944,1361923,HK132_PH1007_L02,PH1007,-18,False,,,8.6,,8.3,8.5,A,4.0,True,3.4,3.34,Pass
2945,1301969,HK132_PH1007_L02,PH1007,-18,False,,,7.1,,5.2,6.3,C,2.0,True,2.5,2.39,Pass
2946,1340875,HK132_PH1007_L02,PH1007,-18,False,,,4.4,,4.8,4.6,D,1.0,True,1.91,1.65,Pass
2947,1350352,HK132_PH1007_L02,PH1007,-18,False,,,7.0,,7.0,7.0,B,3.0,True,3.33,3.17,Pass
2948,1319235,HK132_PH1007_L02,PH1007,-18,False,,,7.0,,6.6,6.8,C+,2.5,True,3.7,3.74,Pass
2949,1382516,HK132_PH1007_L03,PH1007,-18,False,,,10.0,,10.0,10.0,A+,4.0,True,3.92,3.95,Pass
2950,1345978,HK132_PH1007_L03,PH1007,-18,False,,,10.0,,7.9,9.2,A,4.0,True,3.53,3.76,Pass
2951,1306798,HK132_PH1007_L03,PH1007,-18,False,,,6.7,,8.1,7.3,B,3.0,True,3.09,3.17,Pass
2952,1345112,HK132_PH1007_L03,PH1007,-18,False,,,7.1,,4.7,6.1,C,2.0,True,2.41,2.44,Pass
2953,1305932,HK132_PH1007_L03,PH1007,-18,False,,,8.1,,3.7,6.3,C,2.0,True,3.26,3.11,Pass
2954,1338825,HK132_PH1007_L03,PH1007,-18,False,,,8.2,,7.7,8.0,B+,3.5,True,2.97,3.03,Pass
2955,1315272,HK132_PH1007_L03,PH1007,-18,False,,,5.6,,5.5,5.6,C,2.0,True,2.12,2.18,Pass
2956,1395090,HK132_PH1007_L03,PH1007,-18,False,,,3.9,,3.9,3.9,F,0.0,False,1.5,1.58,Fail
2957,1338096,HK132_PH1007_L03,PH1007,-18,False,,,5.7,,7.4,6.4,C+,2.5,True,2.53,2.53,Pass
2958,1350078,HK132_PH1007_L03,PH1007,-18,False,,,4.6,,6.0,5.2,D+,1.5,True,1.82,1.92,Pass
2959,1362926,HK132_PH1007_L03,PH1007,-18,False,,,7.9,,7.6,7.8,B,3.0,True,3.23,3.31,Pass
2960,1300966,HK132_PH1007_L03,PH1007,-18,False,,,5.5,,4.9,5.3,D+,1.5,True,1.62,1.65,Pass
2961,1357094,HK132_PH1007_L03,PH1007,-18,False,,,8.0,,7.9,8.0,B+,3.5,True,3.47,3.45,Pass
2962,1312219,HK132_PH1007_L03,PH1007,-18,False,,,8.4,,9.4,8.8,A,4.0,True,4.0,4.0,Pass
2963,1333404,HK132_PH1007_L03,PH1007,-18,False,,,6.7,,4.7,5.9,C,2.0,True,2.44,2.42,Pass
2964,1317914,HK132_PH1007_L03,PH1007,-18,False,,,6.2,,5.7,6.0,C,2.0,True,2.65,2.67,Pass
2965,1381376,HK132_PH1007_L03,PH1007,-18,False,,,6.5,,7.9,7.1,B,3.0,True,3.23,3.31,Pass
2966,1342925,HK132_PH1007_L03,PH1007,-18,False,,,5.6,,4.8,5.3,D+,1.5,True,1.97,2.14,Pass
2967,1358552,HK132_PH1007_L03,PH1007,-18,False,,,6.2,,7.1,6.6,C+,2.5,True,2.26,2.39,Pass
2968,1352720,HK132_PH1007_L03,PH1007,-18,False,,,8.7,,6.6,7.9,B,3.0,True,3.0,3.11,Pass
2969,1331809,HK132_PH1007_L03,PH1007,-18,False,,,5.7,,6.6,6.1,C,2.0,True,2.12,2.15,Pass
2970,1397869,HK132_PH1007_L03,PH1007,-18,False,,,8.7,,9.7,9.1,A,4.0,True,4.0,4.0,Pass
2971,1334862,HK132_PH1007_L03,PH1007,-18,False,,,7.1,,6.7,6.9,C+,2.5,True,2.93,2.91,Pass
2972,1386342,HK132_PH1007_L03,PH1007,-18,False,,,6.8,,6.8,6.8,C+,2.5,True,3.59,3.53,Pass
2973,1376821,HK132_PH1007_L03,PH1007,-18,False,,,5.9,,7.3,6.5,C+,2.5,True,2.35,2.44,Pass
2974,1360147,HK132_PH1007_L03,PH1007,-18,False,,,8.6,,6.6,7.8,B,3.0,True,3.27,3.1,Pass
2975,1355773,HK132_PH1007_L03,PH1007,-18,False,,,5.8,,4.0,5.1,D+,1.5,True,2.0,1.91,Pass
2976,1318780,HK132_PH1007_L03,PH1007,-18,False,,,6.9,,7.5,7.1,B,3.0,True,3.0,2.93,Pass
2977,1344657,HK132_PH1007_L03,PH1007,-18,False,,,5.1,,6.4,5.6,C,2.0,True,2.13,2.12,Pass
2978,1331354,HK132_PH1007_L03,PH1007,-18,False,,,5.9,,5.6,5.8,C,2.0,True,2.09,2.26,Pass
2979,1351536,HK132_PH1007_L03,PH1007,-18,False,,,8.2,,7.1,7.8,B,3.0,True,3.2,3.43,Pass
2980,1370260,HK132_PH1007_L03,PH1007,-18,False,,,5.4,,6.1,5.7,C,2.0,True,2.12,2.0,Pass
2981,1347299,HK132_PH1007_L03,PH1007,-18,False,,,7.5,,6.6,7.1,B,3.0,True,2.53,2.53,Pass
2982,1307527,HK132_PH1007_L03,PH1007,-18,False,,,7.9,,6.8,7.5,B,3.0,True,3.53,3.42,Pass
2983,1314998,HK132_PH1007_L03,PH1007,-18,False,,,6.9,,6.2,6.6,C+,2.5,True,2.47,2.29,Pass
2984,1344520,HK132_PH1007_L03,PH1007,-18,False,,,4.1,,5.9,4.8,D,1.0,True,2.56,2.65,Pass
2985,1368484,HK132_PH1007_L03,PH1007,-18,False,,,4.9,,4.4,4.7,D,1.0,True,1.68,1.67,Pass
2986,1338962,HK132_PH1007_L03,PH1007,-18,False,,,5.1,,5.1,5.1,D+,1.5,True,2.26,2.35,Pass
2987,1390124,HK132_PH1007_L03,PH1007,-18,False,,,8.0,,8.8,8.3,B+,3.5,True,3.21,3.29,Pass
2988,1328438,HK132_PH1007_L03,PH1007,-18,False,,,7.0,,6.9,7.0,B,3.0,True,2.65,2.79,Pass
2989,1326843,HK132_PH1007_L03,PH1007,-18,False,,,5.2,,5.4,5.3,D+,1.5,True,2.15,2.15,Pass
2990,1319964,HK132_PH1007_L03,PH1007,-18,False,,,7.1,,7.8,7.4,B,3.0,True,3.13,2.98,Pass
2991,1385613,HK132_PH1007_L03,PH1007,-18,False,,,7.9,,5.6,7.0,B,3.0,True,2.47,2.45,Pass
2992,1368210,HK132_PH1007_L03,PH1007,-18,False,,,8.7,,9.8,9.1,A,4.0,True,4.0,4.0,Pass
2993,1362060,HK132_PH1007_L03,PH1007,-18,False,,,7.1,,7.7,7.3,B,3.0,True,3.43,3.59,Pass
2994,1390716,HK132_PH1007_L03,PH1007,-18,False,,,5.4,,4.1,4.9,D,1.0,True,1.62,1.65,Pass
2995,1358689,HK132_PH1007_L03,PH1007,-18,False,,,5.8,,4.6,5.3,D+,1.5,True,2.12,2.35,Pass
2996,1369805,HK132_PH1007_L03,PH1007,-18,False,,,8.6,,8.5,8.6,A,4.0,True,3.8,3.64,Pass
2997,1353860,HK132_PH1007_L03,PH1007,-18,False,,,5.1,,6.6,5.7,C,2.0,True,1.94,2.08,Pass
2998,1399645,HK132_PH1007_L03,PH1007,-18,False,,,4.9,,3.7,4.4,D,1.0,True,1.79,1.67,Pass
2999,1345386,HK132_PH1007_L03,PH1007,-18,False,,,6.9,,7.5,7.1,B,3.0,True,3.27,3.07,Pass
3000,1381787,HK132_PH1007_L03,PH1007,-18,False,,,8.5,,7.1,7.9,B,3.0,True,3.67,3.7,Pass
3001,1343062,HK132_PH1007_L03,PH1007,-18,False,,,5.5,,4.7,5.2,D+,1.5,True,2.29,2.32,Pass
3002,1380784,HK132_PH1007_L03,PH1007,-18,False,,,5.3,,6.5,5.8,C,2.0,True,2.21,2.2,Pass
3003,1398187,HK132_PH1007_L03,PH1007,-18,False,,,7.1,,5.8,6.6,C+,2.5,True,2.83,2.78,Pass
3004,1350944,HK132_PH1007_L03,PH1007,-18,False,,,7.4,,8.8,8.0,B+,3.5,True,3.32,3.21,Pass
3005,1327709,HK132_PH1007_L03,PH1007,-18,False,,,6.1,,5.4,5.8,C,2.0,True,2.29,2.39,Pass
3006,1321285,HK132_PH1007_L03,PH1007,-18,False,,,7.4,,7.6,7.5,B,3.0,True,3.5,3.48,Pass
3007,1398461,HK132_PH1007_L03,PH1007,-18,False,,,8.7,,8.2,8.5,A,4.0,True,3.3,3.47,Pass
3008,1329622,HK132_PH1007_L03,PH1007,-18,False,,,5.6,,5.6,5.6,C,2.0,True,1.85,1.74,Pass
3009,1346433,HK132_PH1007_L03,PH1007,-18,False,,,8.5,,8.5,8.5,A,4.0,True,3.5,3.45,Pass
3010,1359007,HK132_PH1007_L03,PH1007,-18,False,,,5.7,,7.0,6.2,C,2.0,True,2.41,2.36,Pass
3011,1384566,HK132_PH1007_L03,PH1007,-18,False,,,8.7,,7.9,8.4,B+,3.5,True,3.26,3.35,Pass
3012,1354178,HK132_PH1007_L03,PH1007,-18,False,,,5.9,,7.2,6.4,C+,2.5,True,2.37,2.31,Pass
3013,1378597,HK132_PH1007_L03,PH1007,-18,False,,,7.2,,5.9,6.7,C+,2.5,True,2.3,2.05,Pass
3014,1384429,HK132_PH1007_L03,PH1007,-18,False,,,5.8,,5.0,5.5,C,2.0,True,2.32,2.33,Pass
3015,1337049,HK132_PH1007_L03,PH1007,-18,False,,,6.9,,7.8,7.3,B,3.0,True,3.0,3.05,Pass
3016,1384884,HK132_PH1007_L03,PH1007,-18,False,,,7.5,,5.5,6.7,C+,2.5,True,3.2,3.24,Pass
3017,1370397,HK132_PH1007_L03,PH1007,-18,False,,,7.3,,9.8,8.3,B+,3.5,True,3.03,2.95,Pass
3018,1345704,HK132_PH1007_L03,PH1007,-18,False,,,4.3,,5.7,4.9,D,1.0,True,1.93,1.86,Pass
3019,1393950,HK132_PH1007_L03,PH1007,-18,False,,,5.7,,5.3,5.5,C,2.0,True,1.7,1.62,Pass
3020,1399919,HK132_PH1007_L03,PH1007,-18,False,,,7.4,,7.4,7.4,B,3.0,True,3.33,3.38,Pass
3021,1343199,HK132_PH1007_L03,PH1007,-18,False,,,5.6,,5.2,5.4,D+,1.5,True,2.18,2.17,Pass
3022,1366434,HK132_PH1007_L03,PH1007,-18,False,,,8.3,,7.0,7.8,B,3.0,True,3.43,3.43,Pass
3023,1388392,HK132_PH1007_L03,PH1007,-18,False,,,0.9,,4.1,2.2,F,0.0,False,0.3,1.0,Fail
3024,1379008,HK132_PH1007_L03,PH1007,-18,False,,,6.4,,7.5,6.8,C+,2.5,True,2.74,2.68,Pass
3025,1331080,HK132_PH1007_L03,PH1007,-18,False,,,7.5,,5.6,6.7,C+,2.5,True,3.1,3.38,Pass
3026,1330351,HK132_PH1007_L03,PH1007,-18,False,,,6.8,,6.2,6.6,C+,2.5,True,2.97,3.16,Pass
3027,1355910,HK132_PH1007_L03,PH1007,-18,False,,,6.7,,6.8,6.7,C+,2.5,True,2.24,2.32,Pass
3028,1327117,HK132_PH1007_L03,PH1007,-18,False,,,6.7,,6.3,6.5,C+,2.5,True,2.53,2.66,Pass
3029,1350670,HK132_PH1007_L03,PH1007,-18,False,,,5.9,,6.2,6.0,C,2.0,True,2.35,2.53,Pass
3030,1396866,HK132_PH1007_L03,PH1007,-18,False,,,7.2,,7.3,7.2,B,3.0,True,3.33,3.33,Pass
3031,1399053,HK132_PH1007_L03,PH1007,-18,False,,,4.6,,6.0,5.2,D+,1.5,True,2.3,2.34,Pass
3032,1355181,HK132_PH1007_L03,PH1007,-18,False,,,7.4,,7.3,7.4,B,3.0,True,3.3,3.09,Pass
3033,1337367,HK132_PH1007_L03,PH1007,-18,False,,,4.5,,3.9,4.3,D,1.0,True,1.2,1.59,Pass
3034,1388803,HK132_PH1007_L03,PH1007,-18,False,,,5.7,,5.0,5.4,D+,1.5,True,2.35,2.33,Pass
3035,1315727,HK132_PH1007_L03,PH1007,-18,False,,,6.5,,5.8,6.2,C,2.0,True,2.15,2.27,Pass
3036,1373039,HK132_PH1007_L03,PH1007,-18,False,,,7.4,,6.6,7.1,B,3.0,True,2.74,2.7,Pass
3037,1361786,HK132_PH1007_L03,PH1007,-18,False,,,6.3,,7.0,6.6,C+,2.5,True,3.09,3.14,Pass
3038,1318506,HK132_PH1007_L03,PH1007,-18,False,,,6.4,,5.5,6.0,C,2.0,True,1.65,1.82,Pass
3039,1358415,HK132_PH1007_L03,PH1007,-18,False,,,6.3,,5.9,6.1,C,2.0,True,3.13,2.83,Pass
3040,1382379,HK132_PH1007_L03,PH1007,-18,False,,,5.3,,6.3,5.7,C,2.0,True,2.5,2.45,Pass
3041,1383700,HK132_PH1007_L03,PH1007,-18,False,,,7.1,,6.3,6.8,C+,2.5,True,3.06,3.03,Pass
3042,1357960,HK132_PH1007_L03,PH1007,-18,False,,,4.2,,3.0,3.7,F,0.0,False,1.44,1.62,Fail
3043,1366023,HK132_PH1007_L03,PH1007,-18,False,,,6.5,,6.8,6.6,C+,2.5,True,2.77,2.71,Pass
3044,1322743,HK132_PH1007_L03,PH1007,-18,False,,,5.5,,5.8,5.6,C,2.0,True,2.32,2.33,Pass
3045,1339417,HK132_PH1007_L03,PH1007,-18,False,,,6.9,,7.1,7.0,B,3.0,True,2.53,2.4,Pass
3046,1381650,HK132_PH1007_L03,PH1007,-18,False,,,5.9,,5.4,5.7,C,2.0,True,2.06,2.17,Pass
3047,1355636,HK132_PH1007_L04,PH1007,-18,False,,,5.1,,5.7,5.3,D+,1.5,True,1.59,1.61,Pass
3048,1391582,HK132_PH1007_L04,PH1007,-18,False,,,6.6,,6.1,6.4,C+,2.5,True,2.59,2.36,Pass
3049,1330762,HK132_PH1007_L04,PH1007,-18,False,,,7.5,,7.5,7.5,B,3.0,True,3.23,3.16,Pass
3050,1301695,HK132_PH1007_L04,PH1007,-18,False,,,7.2,,7.2,7.2,B,3.0,True,3.0,3.26,Pass
3051,1303153,HK132_PH1007_L04,PH1007,-18,False,,,7.1,,5.2,6.3,C,2.0,True,2.24,2.26,Pass
3052,1389850,HK132_PH1007_L04,PH1007,-18,False,,,4.3,,3.7,4.1,D,1.0,True,1.53,1.58,Pass
3053,1377550,HK132_PH1007_L04,PH1007,-18,False,,,4.1,,4.4,4.2,D,1.0,True,1.65,1.48,Pass
3054,1374042,HK132_PH1007_L04,PH1007,-18,False,,,3.3,,2.7,3.1,F,0.0,False,0.14,1.3,Fail
3055,1349486,HK132_PH1007_L04,PH1007,-18,False,,,7.1,,9.4,8.0,B+,3.5,True,3.59,3.59,Pass
3056,1375818,HK132_PH1007_L04,PH1007,-18,False,,,6.6,,5.9,6.3,C,2.0,True,3.03,3.09,Pass
3057,1352128,HK132_PH1007_L04,PH1007,-18,False,,,7.8,,7.3,7.6,B,3.0,True,3.23,3.26,Pass
3058,1324338,HK132_PH1007_L04,PH1007,-18,False,,,4.4,,5.8,5.0,D+,1.5,True,1.97,2.07,Pass
3059,1324930,HK132_PH1007_L04,PH1007,-18,False,,,4.6,,2.1,3.6,F,0.0,False,0.7,1.0,Fail
3060,1392311,HK132_PH1007_L04,PH1007,-18,False,,,4.9,,6.5,5.5,C,2.0,True,2.27,2.33,Pass
3061,1330625,HK132_PH1007_L04,PH1007,-18,False,,,6.5,,6.4,6.5,C+,2.5,True,2.32,2.29,Pass
3062,1308119,HK132_PH1007_L04,PH1007,-18,False,,,7.4,,7.9,7.6,B,3.0,True,3.5,3.5,Pass
3063,1339554,HK132_PH1007_L04,PH1007,-18,False,,,8.1,,6.6,7.5,B,3.0,True,3.37,3.43,Pass
3064,1354315,HK132_PH1007_L04,PH1007,-18,False,,,5.1,,6.6,5.7,C,2.0,True,2.15,2.32,Pass
3065,1380055,HK132_PH1007_L04,PH1007,-18,False,,,5.8,,6.3,6.0,C,2.0,True,2.47,2.32,Pass
3066,1322151,HK132_PH1007_L04,PH1007,-18,False,,,6.3,,5.6,6.0,C,2.0,True,2.12,2.11,Pass
3067,1372447,HK132_PH1007_L04,PH1007,-18,False,,,6.9,,7.3,7.1,B,3.0,True,3.0,3.0,Pass
3068,1306206,HK132_PH1007_L04,PH1007,-18,False,,,6.3,,6.7,6.5,C+,2.5,True,2.0,1.98,Pass
3069,1317459,HK132_PH1007_L04,PH1007,-18,False,,,6.5,,6.8,6.6,C+,2.5,True,3.2,3.17,Pass
3070,1392903,HK132_PH1007_L04,PH1007,-18,False,,,5.4,,4.5,5.0,D+,1.5,True,2.33,2.31,Pass
3071,1390853,HK132_PH1007_L04,PH1007,-18,False,,,7.0,,6.9,7.0,B,3.0,True,3.27,3.19,Pass
3072,1391171,HK132_PH1007_L04,PH1007,-18,False,,,7.8,,8.1,7.9,B,3.0,True,3.73,3.33,Pass
3073,1301832,HK132_PH1007_L04,PH1007,-18,False,,,4.2,,3.6,4.0,D,1.0,True,1.44,1.38,Pass
3074,1318188,HK132_PH1007_L04,PH1007,-18,False,,,6.2,,5.7,6.0,C,2.0,True,2.68,2.58,Pass
3075,1307390,HK132_PH1007_L04,PH1007,-18,False,,,5.5,,6.9,6.1,C,2.0,True,3.0,3.0,Pass
3076,1336638,HK132_PH1007_L04,PH1007,-18,False,,,8.8,,7.0,8.1,B+,3.5,True,3.47,3.09,Pass
3077,1399190,HK132_PH1007_L04,PH1007,-18,False,,,6.1,,5.2,5.7,C,2.0,True,2.6,2.55,Pass
3078,1306661,HK132_PH1007_L04,PH1007,-18,False,,,8.6,,8.0,8.4,B+,3.5,True,3.13,3.26,Pass
3079,1362197,HK132_PH1007_L04,PH1007,-18,False,,,6.7,,7.1,6.9,C+,2.5,True,3.2,3.1,Pass
3080,1307982,HK132_PH1007_L04,PH1007,-18,False,,,6.8,,4.9,6.0,C,2.0,True,3.07,2.91,Pass
3081,1334270,HK132_PH1007_L04,PH1007,-18,False,,,5.1,,7.7,6.1,C,2.0,True,2.47,2.48,Pass
3082,1327983,HK132_PH1007_L04,PH1007,-18,False,,,7.3,,6.8,7.1,B,3.0,True,3.1,3.05,Pass
3083,1323746,HK132_PH1007_L04,PH1007,-18,False,,,6.4,,5.6,6.1,C,2.0,True,2.27,2.4,Pass
3084,1362515,HK132_PH1007_L04,PH1007,-18,False,,,9.7,,8.4,9.2,A,4.0,True,3.87,3.93,Pass
3085,1350215,HK132_PH1007_L04,PH1007,-18,False,,,5.9,,5.6,5.8,C,2.0,True,2.24,2.15,Pass
3086,1355499,HK132_PH1007_L04,PH1007,-18,False,,,9.5,,8.8,9.2,A,4.0,True,4.0,4.0,Pass
3087,1368802,HK132_PH1007_L04,PH1007,-18,False,,,7.2,,5.7,6.6,C+,2.5,True,2.88,2.91,Pass
3088,1302106,HK132_PH1007_L04,PH1007,-18,False,,,7.8,,7.6,7.7,B,3.0,True,2.76,2.55,Pass
3089,1331946,HK132_PH1007_L04,PH1007,-18,False,,,8.9,,6.7,8.0,B+,3.5,True,3.4,3.29,Pass
3090,1313540,HK132_PH1007_L04,PH1007,-18,False,,,5.1,,4.5,4.9,D,1.0,True,1.62,1.59,Pass
3091,1322014,HK132_PH1007_L04,PH1007,-18,False,,,6.0,,6.8,6.3,C,2.0,True,2.41,2.58,Pass
3092,1311490,HK132_PH1007_L04,PH1007,-18,False,,,7.7,,8.8,8.1,B+,3.5,True,3.97,3.93,Pass
3093,1336183,HK132_PH1007_L04,PH1007,-18,False,,,6.3,,6.8,6.5,C+,2.5,True,2.79,2.83,Pass
3094,1343654,HK132_PH1007_L04,PH1007,-18,False,,,6.1,,6.5,6.3,C,2.0,True,2.13,2.07,Pass
3095,1308256,HK132_PH1007_L04,PH1007,-18,False,,,6.9,,6.1,6.6,C+,2.5,True,2.47,2.52,Pass
3096,1394361,HK132_PH1007_L04,PH1007,-18,False,,,7.1,,7.0,7.1,B,3.0,True,3.33,3.34,Pass
3097,1393632,HK132_PH1007_L04,PH1007,-18,False,,,6.8,,6.4,6.6,C+,2.5,True,2.76,2.73,Pass
3098,1365294,HK132_PH1007_L04,PH1007,-18,False,,,9.8,,8.1,9.1,A,4.0,True,4.0,4.0,Pass
3099,1313951,HK132_PH1007_L04,PH1007,-18,False,,,6.8,,8.4,7.4,B,3.0,True,3.33,3.29,Pass
3100,1331217,HK132_PH1007_L04,PH1007,-18,False,,,3.8,,4.0,3.9,F,0.0,False,1.53,1.62,Fail
3101,1309714,HK132_PH1007_L04,PH1007,-18,False,,,6.1,,7.9,6.8,C+,2.5,True,2.65,2.88,Pass
3102,1392629,HK132_PH1007_L04,PH1007,-18,False,,,7.6,,5.7,6.8,C+,2.5,True,2.15,2.2,Pass
3103,1350807,HK132_PH1007_L04,PH1007,-18,False,,,3.9,,3.7,3.8,F,0.0,False,0.19,1.0,Fail
3104,1301377,HK132_PH1007_L04,PH1007,-18,False,,,5.3,,5.0,5.2,D+,1.5,True,2.06,2.03,Pass
3105,1317185,HK132_PH1007_L04,PH1007,-18,False,,,7.3,,6.0,6.8,C+,2.5,True,2.26,2.29,Pass
3106,1387345,HK132_PH1007_L04,PH1007,-18,False,,,8.6,,6.8,7.9,B,3.0,True,3.06,3.09,Pass
3107,1341604,HK132_PH1007_L04,PH1007,-18,False,,,7.5,,7.3,7.4,B,3.0,True,2.9,2.95,Pass
3108,1369076,HK132_PH1007_L04,PH1007,-18,False,,,2.6,,5.2,3.6,F,0.0,False,1.53,1.73,Fail
3109,1307664,HK132_PH1007_L04,PH1007,-18,False,,,4.6,,6.1,5.2,D+,1.5,True,2.47,2.47,Pass
3110,1365705,HK132_PH1007_L04,PH1007,-18,False,,,6.5,,6.7,6.6,C+,2.5,True,3.23,3.33,Pass
3111,1375500,HK132_PH1007_L04,PH1007,-18,False,,,6.1,,5.8,6.0,C,2.0,True,2.68,2.68,Pass
3112,1306935,HK132_PH1007_L04,PH1007,-18,False,,,7.0,,7.0,7.0,B,3.0,True,2.29,2.26,Pass
3113,1316456,HK132_PH1007_L04,PH1007,-18,False,,,4.1,,5.6,4.7,D,1.0,True,1.5,1.65,Pass
3114,1310898,HK132_PH1007_L04,PH1007,-18,False,,,5.4,,5.3,5.4,D+,1.5,True,2.24,2.42,Pass
3115,1385750,HK132_PH1007_L04,PH1007,-18,False,,,7.0,,6.1,6.6,C+,2.5,True,2.35,2.36,Pass
3116,1317322,HK132_PH1007_L04,PH1007,-18,False,,,5.3,,6.7,5.9,C,2.0,True,2.44,2.38,Pass
3117,1360465,HK132_PH1007_L04,PH1007,-18,False,,,6.0,,6.7,6.3,C,2.0,True,2.15,2.35,Pass
3118,1320101,HK132_PH1007_L04,PH1007,-18,False,,,7.2,,7.9,7.5,B,3.0,True,3.17,3.02,Pass
3119,1328301,HK132_PH1007_L04,PH1007,-18,False,,,4.3,,4.8,4.5,D,1.0,True,1.59,1.74,Pass
3120,1301103,HK132_PH1007_L04,PH1007,-18,False,,,4.4,,5.0,4.6,D,1.0,True,1.44,1.38,Pass
3121,1330488,HK132_PH1007_L04,PH1007,-18,False,,,7.1,,7.2,7.1,B,3.0,True,3.1,3.22,Pass
3122,1329759,HK132_PH1007_L04,PH1007,-18,False,,,4.9,,7.5,5.9,C,2.0,True,2.41,2.55,Pass
3123,1394224,HK132_PH1007_L04,PH1007,-18,False,,,5.4,,5.8,5.6,C,2.0,True,1.8,1.9,Pass
3124,1341878,HK132_PH1007_L04,PH1007,-18,False,,,6.4,,7.9,7.0,B,3.0,True,2.85,2.82,Pass
3125,1306069,HK132_PH1007_L04,PH1007,-18,False,,,8.2,,8.9,8.5,A,4.0,True,3.71,3.42,Pass
3126,1396137,HK132_PH1007_L04,PH1007,-18,False,,,8.2,,7.8,8.0,B+,3.5,True,3.53,3.41,Pass
3127,1347436,HK132_PH1007_L04,PH1007,-18,False,,,7.2,,6.1,6.8,C+,2.5,True,2.35,2.48,Pass
3128,1336912,HK132_PH1007_L04,PH1007,-18,False,,,6.3,,6.4,6.3,C,2.0,True,2.09,2.11,Pass
3129,1300648,HK132_PH1007_L04,PH1007,-18,False,,,6.3,,6.8,6.5,C+,2.5,True,2.9,2.74,Pass
3130,1340557,HK132_PH1007_L04,PH1007,-18,False,,,5.8,,6.6,6.1,C,2.0,True,2.3,2.45,Pass
3131,1333541,HK132_PH1007_L04,PH1007,-18,False,,,6.9,,7.0,6.9,C+,2.5,True,2.21,2.39,Pass
3132,1389258,HK132_PH1007_L04,PH1007,-18,False,,,9.3,,9.7,9.5,A+,4.0,True,4.0,4.0,Pass
3133,1371126,HK132_PH1007_L04,PH1007,-18,False,,,4.5,,5.0,4.7,D,1.0,True,1.6,1.71,Pass
3134,1317048,HK132_PH1007_L04,PH1007,-18,False,,,5.2,,6.0,5.5,C,2.0,True,2.35,2.21,Pass
3135,1308711,HK132_PH1007_L04,PH1007,-18,False,,,9.4,,6.8,8.4,B+,3.5,True,3.47,3.61,Pass
3136,1310761,HK132_PH1007_L04,PH1007,-18,False,,,9.0,,7.9,8.6,A,4.0,True,4.0,3.95,Pass
3137,1304611,HK132_PH1007_L04,PH1007,-18,False,,,10.0,,8.3,9.3,A,4.0,True,3.9,3.95,Pass
3138,1364247,HK132_PH1007_L04,PH1007,-18,False,,,6.5,,5.4,6.1,C,2.0,True,2.5,2.32,Pass
3139,1352857,HK132_PH1007_L04,PH1007,-18,False,,,8.0,,8.3,8.1,B+,3.5,True,3.97,3.98,Pass
3140,1381058,HK132_PH1007_L04,PH1007,-18,False,,,6.5,,7.7,7.0,B,3.0,True,3.13,3.14,Pass
3141,1359736,HK132_PH1007_L04,PH1007,-18,False,,,5.2,,7.9,6.3,C,2.0,True,3.53,3.52,Pass
3142,1367026,HK132_PH1007_L04,PH1007,-18,False,,,7.6,,9.2,8.2,B+,3.5,True,3.6,3.72,Pass
3143,1340420,HK132_PH1007_L04,PH1007,-18,False,,,5.6,,6.4,5.9,C,2.0,True,1.82,1.73,Pass
3144,1353131,HK132_PH1007_L04,PH1007,-18,False,,,7.4,,7.0,7.2,B,3.0,True,3.09,3.36,Pass
3145,1388074,HK132_PH1007_L05,PH1007,-18,False,,,4.8,,6.3,5.4,D+,1.5,True,2.18,2.26,Pass
3146,1327254,HK132_PH1007_L05,PH1007,-18,False,,,5.1,,4.1,4.7,D,1.0,True,2.35,2.14,Pass
3147,1335909,HK132_PH1007_L05,PH1007,-18,False,,,6.1,,6.8,6.4,C+,2.5,True,2.59,2.42,Pass
3148,1337504,HK132_PH1007_L05,PH1007,-18,False,,,5.9,,4.5,5.3,D+,1.5,True,1.88,1.91,Pass
3149,1314543,HK132_PH1007_L05,PH1007,-18,False,,,4.5,,4.6,4.5,D,1.0,True,1.7,1.52,Pass
3150,1325067,HK132_PH1007_L05,PH1007,-18,False,,,6.2,,7.6,6.8,C+,2.5,True,3.03,2.86,Pass
3151,1349349,HK132_PH1007_L05,PH1007,-18,False,,,6.5,,5.6,6.1,C,2.0,True,1.62,1.68,Pass
3152,1310032,HK132_PH1007_L05,PH1007,-18,False,,,7.6,,5.1,6.6,C+,2.5,True,2.97,2.67,Pass
3153,1302424,HK132_PH1007_L05,PH1007,-18,False,,,4.8,,6.6,5.5,C,2.0,True,1.79,1.83,Pass
3154,1392766,HK132_PH1007_L05,PH1007,-18,False,,,7.0,,6.3,6.7,C+,2.5,True,2.74,2.62,Pass
3155,1334725,HK132_PH1007_L05,PH1007,-18,False,,,8.2,,8.4,8.3,B+,3.5,True,3.97,3.98,Pass
3156,1386024,HK132_PH1007_L05,PH1007,-18,False,,,6.9,,6.6,6.8,C+,2.5,True,2.85,3.06,Pass
3157,1371581,HK132_PH1007_L05,PH1007,-18,False,,,7.8,,5.9,7.0,B,3.0,True,2.68,2.64,Pass
3158,1303290,HK132_PH1007_L05,PH1007,-18,False,,,6.6,,7.9,7.1,B,3.0,True,3.2,3.17,Pass
3159,1386479,HK132_PH1007_L05,PH1007,-18,False,,,6.1,,6.3,6.2,C,2.0,True,2.35,2.41,Pass
3160,1342470,HK132_PH1007_L05,PH1007,-18,False,,,7.5,,8.3,7.8,B,3.0,True,3.63,3.24,Pass
3161,1337641,HK132_PH1007_L05,PH1007,-18,False,,,6.8,,7.9,7.2,B,3.0,True,3.13,3.14,Pass
3162,1392037,HK132_PH1007_L05,PH1007,-18,False,,,7.7,,9.0,8.2,B+,3.5,True,3.15,3.05,Pass
3163,1308985,HK132_PH1007_L05,PH1007,-18,False,,,8.1,,7.0,7.7,B,3.0,True,3.15,3.02,Pass
3164,1393495,HK132_PH1007_L05,PH1007,-18,False,,,6.8,,6.4,6.6,C+,2.5,True,2.85,2.73,Pass
3165,1385021,HK132_PH1007_L05,PH1007,-18,False,,,4.7,,5.5,5.0,D+,1.5,True,2.35,2.24,Pass
3166,1387937,HK132_PH1007_L05,PH1007,-18,False,,,7.6,,8.5,8.0,B+,3.5,True,3.07,3.1,Pass
3167,1312948,HK132_PH1007_L05,PH1007,-18,False,,,7.1,,5.7,6.5,C+,2.5,True,2.62,2.61,Pass
3168,1345841,HK132_PH1007_L05,PH1007,-18,False,,,3.6,,3.2,3.4,F,0.0,False,0.0,1.0,Fail
3169,1329896,HK132_PH1007_L05,PH1007,-18,False,,,9.0,,8.7,8.9,A,4.0,True,3.8,3.83,Pass
3170,1346570,HK132_PH1007_L05,PH1007,-18,False,,,4.0,,4.8,4.3,D,1.0,True,1.44,1.44,Pass
3171,1335591,HK132_PH1007_L05,PH1007,-18,False,,,6.2,,5.3,5.8,C,2.0,True,2.18,2.21,Pass
3172,1329304,HK132_PH1007_L05,PH1007,-18,False,,,8.0,,7.2,7.7,B,3.0,True,3.2,3.24,Pass
3173,1391445,HK132_PH1007_L05,PH1007,-18,False,,,5.9,,5.9,5.9,C,2.0,True,2.35,2.38,Pass
3174,1302698,HK132_PH1007_L05,PH1007,-18,False,,,7.1,,5.9,6.6,C+,2.5,True,3.43,3.22,Pass
3175,1381513,HK132_PH1007_L05,PH1007,-18,False,,,7.1,,9.2,7.9,B,3.0,True,3.0,3.12,Pass
3176,1376092,HK132_PH1007_L05,PH1007,-18,False,,,7.5,,6.4,7.1,B,3.0,True,2.74,2.61,Pass
3177,1339691,HK132_PH1007_L05,PH1007,-18,False,,,7.3,,7.8,7.5,B,3.0,True,3.03,3.12,Pass
3178,1325522,HK132_PH1007_L05,PH1007,-18,False,,,6.3,,6.2,6.3,C,2.0,True,2.27,2.21,Pass
3179,1385887,HK132_PH1007_L05,PH1007,-18,False,,,6.8,,7.8,7.2,B,3.0,True,3.6,3.52,Pass
3180,1322288,HK132_PH1007_L05,PH1007,-18,False,,,6.1,,5.0,5.7,C,2.0,True,2.38,2.2,Pass
3181,1320967,HK132_PH1007_L05,PH1007,-18,False,,,3.9,,5.1,4.4,D,1.0,True,1.44,1.6,Pass
3182,1369531,HK132_PH1007_L05,PH1007,-18,False,,,6.1,,5.7,5.9,C,2.0,True,1.74,2.02,Pass
3183,1326980,HK132_PH1007_L05,PH1007,-18,False,,,6.5,,6.6,6.5,C+,2.5,True,2.74,2.59,Pass
3184,1316319,HK132_PH1007_L05,PH1007,-18,False,,,6.1,,5.5,5.9,C,2.0,True,2.41,2.36,Pass
3185,1363518,HK132_PH1007_L05,PH1007,-18,False,,,7.7,,6.6,7.3,B,3.0,True,3.03,2.97,Pass
3186,1374634,HK132_PH1007_L05,PH1007,-18,False,,,6.7,,5.0,6.0,C,2.0,True,1.47,1.64,Pass
3187,1382834,HK132_PH1007_L05,PH1007,-18,False,,,6.4,,7.2,6.7,C+,2.5,True,2.4,2.43,Pass
3188,1363973,HK132_PH1007_L05,PH1007,-18,False,,,5.0,,5.4,5.2,D+,1.5,True,1.41,1.47,Pass
3189,1361468,HK132_PH1007_L05,PH1007,-18,False,,,4.5,,4.1,4.3,D,1.0,True,1.53,1.47,Pass
3190,1332675,HK132_PH1007_L05,PH1007,-18,False,,,8.2,,6.0,7.3,B,3.0,True,3.2,3.24,Pass
3191,1374497,HK132_PH1007_L05,PH1007,-18,False,,,6.9,,8.6,7.6,B,3.0,True,3.0,3.0,Pass
3192,1384292,HK132_PH1007_L05,PH1007,-18,False,,,5.0,,4.7,4.9,D,1.0,True,2.12,2.42,Pass
3193,1392174,HK132_PH1007_L05,PH1007,-18,False,,,7.9,,9.2,8.4,B+,3.5,True,3.97,3.88,Pass
3194,1353586,HK132_PH1007_L05,PH1007,-18,False,,,6.9,,5.3,6.3,C,2.0,True,2.15,2.06,Pass
3195,1326525,HK132_PH1007_L05,PH1007,-18,False,,,9.0,,7.8,8.5,A,4.0,True,4.0,3.94,Pass
3196,1317777,HK132_PH1007_L05,PH1007,-18,False,,,6.1,,5.7,5.9,C,2.0,True,2.8,2.9,Pass
3197,1308393,HK132_PH1007_L05,PH1007,-18,False,,,7.2,,9.4,8.1,B+,3.5,True,3.97,3.98,Pass
3198,1387663,HK132_PH1007_L05,PH1007,-18,False,,,7.7,,7.6,7.7,B,3.0,True,3.13,3.14,Pass
3199,1380921,HK132_PH1007_L05,PH1007,-18,False,,,8.3,,9.2,8.7,A,4.0,True,4.0,4.0,Pass
3200,1314406,HK132_PH1007_L05,PH1007,-18,False,,,4.6,,5.8,5.1,D+,1.5,True,2.38,2.33,Pass
3201,1343791,HK132_PH1007_L05,PH1007,-18,False,,,2.6,,5.6,3.8,F,0.0,False,1.87,2.27,Fail
3202,1372721,HK132_PH1007_L05,PH1007,-18,False,,,6.5,,5.7,6.2,C,2.0,True,2.93,2.9,Pass
3203,1362789,HK132_PH1007_L05,PH1007,-18,False,,,7.7,,8.2,7.9,B,3.0,True,3.27,3.38,Pass
3204,1330033,HK132_PH1007_L05,PH1007,-18,False,,,5.5,,5.3,5.4,D+,1.5,True,2.15,2.26,Pass
3205,1373313,HK132_PH1007_L05,PH1007,-18,False,,,6.2,,6.3,6.2,C,2.0,True,2.93,2.72,Pass
3206,1352994,HK132_PH1007_L05,PH1007,-18,False,,,6.9,,7.5,7.1,B,3.0,True,2.59,2.36,Pass
3207,1356639,HK132_PH1007_L05,PH1007,-18,False,,,5.6,,6.8,6.1,C,2.0,True,2.03,2.08,Pass
3208,1360739,HK132_PH1007_L05,PH1007,-18,False,,,7.8,,6.9,7.4,B,3.0,True,3.13,3.34,Pass
3209,1314680,HK132_PH1007_L05,PH1007,-18,False,,,7.2,,8.3,7.6,B,3.0,True,3.0,3.05,Pass
3210,1354452,HK132_PH1007_L05,PH1007,-18,False,,,7.2,,8.5,7.7,B,3.0,True,3.1,3.21,Pass
3211,1309440,HK132_PH1007_L05,PH1007,-18,False,,,5.2,,6.7,5.8,C,2.0,True,2.38,2.32,Pass
3212,1320830,HK132_PH1007_L05,PH1007,-18,False,,,7.6,,9.0,8.2,B+,3.5,True,3.07,3.22,Pass
3213,1326388,HK132_PH1007_L05,PH1007,-18,False,,,9.0,,8.1,8.6,A,4.0,True,3.77,3.83,Pass
3214,1399782,HK132_PH1007_L05,PH1007,-18,False,,,7.2,,8.5,7.7,B,3.0,True,3.23,3.19,Pass
3215,1348894,HK132_PH1007_L05,PH1007,-18,False,,,6.6,,5.5,6.2,C,2.0,True,2.13,2.0,Pass
3216,1346844,HK132_PH1007_L05,PH1007,-18,False,,,8.1,,7.0,7.7,B,3.0,True,2.74,2.79,Pass
3217,1387800,HK132_PH1007_L05,PH1007,-18,False,,,6.3,,6.2,6.3,C,2.0,True,2.29,2.24,Pass
3218,1325796,HK132_PH1007_L05,PH1007,-18,False,,,6.8,,6.2,6.6,C+,2.5,True,3.09,3.14,Pass
3219,1319827,HK132_PH1007_L05,PH1007,-18,False,,,6.6,,5.6,6.2,C,2.0,True,2.44,2.33,Pass
3220,1315864,HK132_PH1007_L05,PH1007,-18,False,,,5.9,,5.9,5.9,C,2.0,True,2.26,2.17,Pass
3221,1340283,HK132_PH1007_L05,PH1007,-18,False,,,6.1,,5.9,6.0,C,2.0,True,2.41,2.45,Pass
3222,1371263,HK132_PH1007_L05,PH1007,-18,False,,,3.7,,5.1,4.3,D,1.0,True,1.5,1.53,Pass
3223,1341012,HK132_PH1007_L05,PH1007,-18,False,,,3.8,,4.1,3.9,F,0.0,False,1.53,1.52,Fail
3224,1367755,HK132_PH1007_L05,PH1007,-18,False,,,5.1,,5.7,5.3,D+,1.5,True,2.53,2.53,Pass
3225,1377413,HK132_PH1007_L05,PH1007,-18,False,,,4.5,,4.7,4.6,D,1.0,True,1.33,1.43,Pass
3226,1395819,HK132_PH1007_L05,PH1007,-18,False,,,6.5,,5.9,6.3,C,2.0,True,2.41,2.56,Pass
3227,1367481,HK132_PH1007_L05,PH1007,-18,False,,,6.9,,7.6,7.2,B,3.0,True,3.23,3.14,Pass
3228,1358278,HK132_PH1007_L05,PH1007,-18,False,,,5.3,,6.5,5.8,C,2.0,True,2.09,2.29,Pass
3229,1388529,HK132_PH1007_L05,PH1007,-18,False,,,6.4,,6.4,6.4,C+,2.5,True,2.35,2.56,Pass
3230,1344065,HK132_PH1007_L05,PH1007,-18,False,,,9.9,,10.0,9.9,A+,4.0,True,3.83,3.8,Pass
3231,1357686,HK132_PH1007_L05,PH1007,-18,False,,,7.8,,8.1,7.9,B,3.0,True,3.71,3.59,Pass
3232,1342607,HK132_PH1007_L05,PH1007,-18,False,,,4.0,,5.1,4.4,D,1.0,True,1.59,1.47,Pass
3233,1343336,HK132_PH1007_L05,PH1007,-18,False,,,5.7,,5.5,5.6,C,2.0,True,2.41,2.38,Pass
3234,1387208,HK132_PH1007_L05,PH1007,-18,False,,,6.7,,6.8,6.7,C+,2.5,True,3.1,3.1,Pass
3235,1304474,HK132_PH1007_L05,PH1007,-18,False,,,5.5,,5.5,5.5,C,2.0,True,1.71,1.55,Pass
3236,1369213,HK132_PH1007_L05,PH1007,-18,False,,,8.8,,8.0,8.5,A,4.0,True,3.7,3.6,Pass
3237,1320556,HK132_PH1007_L05,PH1007,-18,False,,,5.8,,6.0,5.9,C,2.0,True,2.33,2.22,Pass
3238,1349623,HK132_PH1007_L05,PH1007,-18,False,,,5.8,,6.1,5.9,C,2.0,True,2.65,2.65,Pass
3239,1324793,HK132_PH1007_L05,PH1007,-18,False,,,8.1,,9.2,8.5,A,4.0,True,4.0,4.0,Pass
3240,1384155,HK132_PH1007_L05,PH1007,-18,False,,,5.4,,3.7,4.7,D,1.0,True,1.26,1.63,Pass
3241,1304019,HK132_PH1007_L05,PH1007,-18,False,,,8.7,,7.8,8.3,B+,3.5,True,3.97,3.98,Pass
3242,1391900,HK132_PH1007_L05,PH1007,-18,False,,,5.0,,2.6,4.0,D,1.0,True,1.94,1.97,Pass
3243,1310306,HK132_MI1003_L01,MI1003,-18,False,10.0,8.5,9.6,,,9.5,A+,4.0,True,3.97,3.98,Pass
3244,1381058,HK132_MI1003_L01,MI1003,-18,False,8.1,7.2,6.5,,,7.0,B,3.0,True,3.13,3.14,Pass
3245,1358689,HK132_MI1003_L01,MI1003,-18,False,6.9,6.9,7.0,,,7.0,B,3.0,True,2.12,2.35,Pass
3246,1317777,HK132_MI1003_L01,MI1003,-18,False,8.1,7.3,6.9,,,7.2,B,3.0,True,2.8,2.9,Pass
3247,1368210,HK132_MI1003_L01,MI1003,-18,False,9.3,9.1,9.3,,,9.3,A,4.0,True,4.0,4.0,Pass
3248,1333267,HK132_MI1003_L01,MI1003,-18,False,4.4,3.8,4.9,,,4.6,D,1.0,True,0.95,1.22,Pass
3249,1374771,HK132_MI1003_L01,MI1003,-18,False,8.6,7.9,7.8,,,8.0,B+,3.5,True,3.1,3.24,Pass
3250,1398598,HK132_MI1003_L01,MI1003,-18,False,6.6,6.6,5.7,,,6.1,C,2.0,True,2.79,2.73,Pass
3251,1377550,HK132_MI1003_L01,MI1003,-18,False,5.5,4.0,5.6,,,5.3,D+,1.5,True,1.65,1.48,Pass
3252,1319827,HK132_MI1003_L01,MI1003,-18,False,6.5,6.3,5.7,,,6.0,C,2.0,True,2.44,2.33,Pass
3253,1323017,HK132_MI1003_L01,MI1003,-18,False,4.6,5.5,6.4,,,5.9,C,2.0,True,2.24,2.39,Pass
3254,1379008,HK132_MI1003_L01,MI1003,-18,False,6.5,7.1,6.2,,,6.4,C+,2.5,True,2.74,2.68,Pass
3255,1349941,HK132_MI1003_L01,MI1003,-18,False,8.9,10.0,9.4,,,9.4,A,4.0,True,4.0,3.93,Pass
3256,1310443,HK132_MI1003_L01,MI1003,-18,False,9.2,8.0,9.8,,,9.3,A,4.0,True,4.0,3.9,Pass
3257,1300237,HK132_MI1003_L01,MI1003,-18,False,7.9,8.2,7.9,,,8.0,B+,3.5,True,3.6,3.53,Pass
3258,1373176,HK132_MI1003_L01,MI1003,-18,False,6.1,5.9,6.2,,,6.1,C,2.0,True,1.85,1.91,Pass
3259,1343791,HK132_MI1003_L01,MI1003,-18,False,4.5,6.3,7.1,,,6.4,C+,2.5,True,1.87,2.27,Pass
3260,1369668,HK132_MI1003_L01,MI1003,-18,False,6.5,6.1,8.3,,,7.5,B,3.0,True,2.47,2.41,Pass
3261,1351673,HK132_MI1003_L01,MI1003,-18,False,6.4,7.1,5.9,,,6.2,C,2.0,True,2.21,2.29,Pass
3262,1366752,HK132_MI1003_L01,MI1003,-18,False,6.4,6.7,6.6,,,6.6,C+,2.5,True,2.15,2.17,Pass
3263,1383563,HK132_MI1003_L01,MI1003,-18,False,8.0,8.2,6.8,,,7.3,B,3.0,True,2.71,2.59,Pass
3264,1384292,HK132_MI1003_L01,MI1003,-18,False,6.0,5.7,7.0,,,6.5,C+,2.5,True,2.12,2.42,Pass
3265,1378597,HK132_MI1003_L01,MI1003,-18,False,6.8,7.0,6.1,,,6.4,C+,2.5,True,2.3,2.05,Pass
3266,1378142,HK132_MI1003_L01,MI1003,-18,False,7.3,8.1,7.9,,,7.8,B,3.0,True,3.27,3.07,Pass
3267,1304885,HK132_MI1003_L01,MI1003,-18,False,7.0,7.3,6.3,,,6.6,C+,2.5,True,2.18,2.17,Pass
3268,1353586,HK132_MI1003_L01,MI1003,-18,False,5.5,6.2,6.6,,,6.3,C,2.0,True,2.15,2.06,Pass
3269,1304156,HK132_MI1003_L01,MI1003,-18,False,5.0,3.3,4.3,,,4.2,D,1.0,True,0.18,1.0,Pass
3270,1380784,HK132_MI1003_L01,MI1003,-18,False,7.2,7.7,7.9,,,7.7,B,3.0,True,2.21,2.2,Pass
3271,1318506,HK132_MI1003_L01,MI1003,-18,False,4.4,6.8,5.9,,,5.8,C,2.0,True,1.65,1.82,Pass
3272,1326388,HK132_MI1003_L01,MI1003,-18,False,9.0,8.8,8.5,,,8.7,A,4.0,True,3.77,3.83,Pass
3273,1355499,HK132_MI1003_L01,MI1003,-18,False,9.0,8.2,9.1,,,8.9,A,4.0,True,4.0,4.0,Pass
3274,1346844,HK132_MI1003_L01,MI1003,-18,False,6.8,6.7,6.2,,,6.4,C+,2.5,True,2.74,2.79,Pass
3275,1376821,HK132_MI1003_L01,MI1003,-18,False,6.5,6.5,7.0,,,6.8,C+,2.5,True,2.35,2.44,Pass
3276,1315727,HK132_MI1003_L01,MI1003,-18,False,5.7,5.4,6.1,,,5.9,C,2.0,True,2.15,2.27,Pass
3277,1339099,HK132_MI1003_L01,MI1003,-18,False,7.1,8.7,8.0,,,8.0,B+,3.5,True,2.97,3.02,Pass
3278,1349486,HK132_MI1003_L01,MI1003,-18,False,8.6,9.3,8.7,,,8.8,A,4.0,True,3.59,3.59,Pass
3279,1345386,HK132_MI1003_L01,MI1003,-18,False,7.1,6.2,6.3,,,6.4,C+,2.5,True,3.27,3.07,Pass
3280,1371992,HK132_MI1003_L01,MI1003,-18,False,6.6,7.9,6.7,,,6.9,C+,2.5,True,1.97,2.16,Pass
3281,1337367,HK132_MI1003_L01,MI1003,-18,False,6.5,6.5,7.4,,,7.0,B,3.0,True,1.2,1.59,Pass
3282,1359281,HK132_MI1003_L01,MI1003,-18,False,9.4,9.1,8.5,,,8.8,A,4.0,True,3.77,3.57,Pass
3283,1354315,HK132_MI1003_L01,MI1003,-18,False,7.1,6.8,6.6,,,6.7,C+,2.5,True,2.15,2.32,Pass
3284,1348165,HK132_MI1003_L01,MI1003,-18,False,4.4,5.7,5.1,,,5.1,D+,1.5,True,1.74,1.76,Pass
3285,1317048,HK132_MI1003_L01,MI1003,-18,False,6.9,5.7,6.9,,,6.7,C+,2.5,True,2.35,2.21,Pass
3286,1302424,HK132_MI1003_L01,MI1003,-18,False,5.0,6.3,5.4,,,5.5,C,2.0,True,1.79,1.83,Pass
3287,1394361,HK132_MI1003_L01,MI1003,-18,False,8.3,9.1,7.2,,,7.8,B,3.0,True,3.33,3.34,Pass
3288,1312493,HK132_MI1003_L01,MI1003,-18,False,7.7,8.5,7.1,,,7.5,B,3.0,True,3.1,3.05,Pass
3289,1334725,HK132_MI1003_L01,MI1003,-18,False,9.6,9.8,10.0,,,9.9,A+,4.0,True,3.97,3.98,Pass
3290,1376547,HK132_MI1003_L01,MI1003,-18,False,5.2,5.0,5.5,,,5.3,D+,1.5,True,0.21,1.19,Pass
3291,1398324,HK132_MI1003_L01,MI1003,-18,False,7.0,5.8,5.5,,,5.9,C,2.0,True,2.41,2.44,Pass
3292,1354452,HK132_MI1003_L01,MI1003,-18,False,7.7,6.8,7.0,,,7.1,B,3.0,True,3.1,3.21,Pass
3293,1341149,HK132_MI1003_L01,MI1003,-18,False,7.5,5.2,5.0,,,5.5,C,2.0,True,1.5,1.61,Pass
3294,1332812,HK132_MI1003_L01,MI1003,-18,False,6.7,5.6,4.4,,,5.1,D+,1.5,True,0.76,1.33,Pass
3295,1388074,HK132_MI1003_L01,MI1003,-18,False,5.6,3.7,6.3,,,5.6,C,2.0,True,2.18,2.26,Pass
3296,1385750,HK132_MI1003_L01,MI1003,-18,False,6.9,7.1,6.3,,,6.6,C+,2.5,True,2.35,2.36,Pass
3297,1318051,HK132_MI1003_L01,MI1003,-18,False,7.9,7.5,7.2,,,7.4,B,3.0,True,3.09,3.0,Pass
3298,1301103,HK132_MI1003_L01,MI1003,-18,False,5.0,4.8,5.9,,,5.5,C,2.0,True,1.44,1.38,Pass
3299,1390716,HK132_MI1003_L01,MI1003,-18,False,5.2,5.8,4.6,,,5.0,D+,1.5,True,1.62,1.65,Pass
3300,1335454,HK132_MI1003_L01,MI1003,-18,False,7.0,8.1,7.8,,,7.7,B,3.0,True,3.37,3.26,Pass
3301,1391171,HK132_MI1003_L01,MI1003,-18,False,7.7,7.7,7.9,,,7.8,B,3.0,True,3.73,3.33,Pass
3302,1367481,HK132_MI1003_L01,MI1003,-18,False,8.0,8.4,8.9,,,8.6,A,4.0,True,3.23,3.14,Pass
3303,1347891,HK132_MI1003_L01,MI1003,-18,False,6.6,6.0,7.4,,,7.0,B,3.0,True,1.71,1.86,Pass
3304,1347162,HK132_MI1003_L01,MI1003,-18,False,6.8,6.1,5.9,,,6.1,C,2.0,True,2.09,2.09,Pass
3305,1382971,HK132_MI1003_L01,MI1003,-18,False,6.0,7.3,6.3,,,6.4,C+,2.5,True,2.53,2.61,Pass
3306,1336320,HK132_MI1003_L01,MI1003,-18,False,6.7,6.6,6.2,,,6.4,C+,2.5,True,2.09,2.17,Pass
3307,1374042,HK132_MI1003_L01,MI1003,-18,False,4.5,4.1,4.1,,,4.2,D,1.0,True,0.14,1.3,Pass
3308,1344657,HK132_MI1003_L01,MI1003,-18,False,7.8,7.0,5.6,,,6.3,C,2.0,True,2.13,2.12,Pass
3309,1309440,HK132_MI1003_L01,MI1003,-18,False,6.7,7.2,6.1,,,6.4,C+,2.5,True,2.38,2.32,Pass
3310,1350944,HK132_MI1003_L01,MI1003,-18,False,8.9,8.4,8.5,,,8.6,A,4.0,True,3.32,3.21,Pass
3311,1375226,HK132_MI1003_L01,MI1003,-18,False,7.1,7.4,7.4,,,7.3,B,3.0,True,2.59,2.53,Pass
3312,1376229,HK132_MI1003_L01,MI1003,-18,False,8.0,7.2,7.8,,,7.7,B,3.0,True,3.26,3.35,Pass
3313,1361468,HK132_MI1003_L01,MI1003,-18,False,4.8,5.6,5.2,,,5.2,D+,1.5,True,1.53,1.47,Pass
3314,1382105,HK132_MI1003_L01,MI1003,-18,False,7.3,9.3,9.2,,,8.8,A,4.0,True,3.0,3.12,Pass
3315,1371126,HK132_MI1003_L01,MI1003,-18,False,5.4,5.7,5.5,,,5.5,C,2.0,True,1.6,1.71,Pass
3316,1329304,HK132_MI1003_L01,MI1003,-18,False,7.1,7.6,7.7,,,7.6,B,3.0,True,3.2,3.24,Pass
3317,1326843,HK132_MI1003_L01,MI1003,-18,False,6.7,5.7,6.8,,,6.6,C+,2.5,True,2.15,2.15,Pass
3318,1393632,HK132_MI1003_L01,MI1003,-18,False,7.2,6.0,7.3,,,7.0,B,3.0,True,2.76,2.73,Pass
3319,1366889,HK132_MI1003_L01,MI1003,-18,False,7.1,8.8,7.0,,,7.4,B,3.0,True,2.68,2.58,Pass
3320,1395682,HK132_MI1003_L01,MI1003,-18,False,6.0,6.2,6.3,,,6.2,C,2.0,True,2.53,2.44,Pass
3321,1327572,HK132_MI1003_L01,MI1003,-18,False,7.7,7.1,7.0,,,7.2,B,3.0,True,2.97,2.98,Pass
3322,1363381,HK132_MI1003_L01,MI1003,-18,False,7.4,8.2,8.4,,,8.2,B+,3.5,True,3.0,3.12,Pass
3323,1331354,HK132_MI1003_L01,MI1003,-18,False,6.0,6.7,5.8,,,6.0,C,2.0,True,2.09,2.26,Pass
3324,1338233,HK132_MI1003_L01,MI1003,-18,False,5.8,5.8,6.1,,,6.0,C,2.0,True,2.29,2.18,Pass
3325,1397458,HK132_MI1003_L01,MI1003,-18,False,5.9,5.2,6.9,,,6.4,C+,2.5,True,2.21,2.17,Pass
3326,1340875,HK132_MI1003_L01,MI1003,-18,False,5.9,5.0,5.4,,,5.4,D+,1.5,True,1.91,1.65,Pass
3327,1361331,HK132_MI1003_L01,MI1003,-18,False,7.0,8.5,7.2,,,7.4,B,3.0,True,3.18,3.3,Pass
3328,1399919,HK132_MI1003_L01,MI1003,-18,False,7.7,8.3,8.9,,,8.5,A,4.0,True,3.33,3.38,Pass
3329,1336046,HK132_MI1003_L01,MI1003,-18,False,8.8,9.7,9.2,,,9.2,A,4.0,True,3.72,3.67,Pass
3330,1372584,HK132_MI1003_L01,MI1003,-18,False,7.6,7.9,6.4,,,6.9,C+,2.5,True,3.1,2.98,Pass
3331,1331809,HK132_MI1003_L01,MI1003,-18,False,7.2,6.3,6.4,,,6.5,C+,2.5,True,2.12,2.15,Pass
3332,1327983,HK132_MI1003_L01,MI1003,-18,False,8.1,9.2,7.8,,,8.1,B+,3.5,True,3.1,3.05,Pass
3333,1348757,HK132_MI1003_L01,MI1003,-18,False,5.2,4.8,5.2,,,5.1,D+,1.5,True,1.41,1.42,Pass
3334,1332083,HK132_MI1003_L01,MI1003,-18,False,8.5,8.6,7.3,,,7.8,B,3.0,True,3.0,3.0,Pass
3335,1330625,HK132_MI1003_L01,MI1003,-18,False,6.0,8.8,6.2,,,6.7,C+,2.5,True,2.32,2.29,Pass
3336,1392766,HK132_MI1003_L01,MI1003,-18,False,6.8,6.2,5.9,,,6.1,C,2.0,True,2.74,2.62,Pass
3337,1340420,HK132_MI1003_L01,MI1003,-18,False,7.1,5.9,6.7,,,6.6,C+,2.5,True,1.82,1.73,Pass
3338,1389987,HK132_MI1003_L01,MI1003,-18,False,7.5,10.0,10.0,,,9.5,A+,4.0,True,3.97,3.98,Pass
3339,1328438,HK132_MI1003_L01,MI1003,-18,False,7.6,7.3,6.0,,,6.6,C+,2.5,True,2.65,2.79,Pass
3340,1313677,HK132_MI1003_L01,MI1003,-18,False,8.5,5.6,6.3,,,6.6,C+,2.5,True,3.26,3.14,Pass
3341,1307253,HK132_MI1003_L01,MI1003,-18,False,7.7,8.1,8.6,,,8.3,B+,3.5,True,3.37,3.26,Pass
3342,1338825,HK132_MI1003_L01,MI1003,-18,False,8.8,8.0,9.3,,,8.9,A,4.0,True,2.97,3.03,Pass
3343,1367618,HK132_MI1003_L02,MI1003,-18,False,7.0,6.9,6.9,,,6.9,C+,2.5,True,2.82,2.64,Pass
3344,1368073,HK132_MI1003_L02,MI1003,-18,False,6.8,7.3,5.5,,,6.1,C,2.0,True,2.32,2.29,Pass
3345,1325796,HK132_MI1003_L02,MI1003,-18,False,7.1,7.8,8.4,,,8.0,B+,3.5,True,3.09,3.14,Pass
3346,1367026,HK132_MI1003_L02,MI1003,-18,False,8.2,9.8,9.0,,,9.0,A,4.0,True,3.6,3.72,Pass
3347,1342607,HK132_MI1003_L02,MI1003,-18,False,6.0,5.1,5.0,,,5.2,D+,1.5,True,1.59,1.47,Pass
3348,1301240,HK132_MI1003_L02,MI1003,-18,False,7.4,6.8,6.6,,,6.8,C+,2.5,True,3.27,3.14,Pass
3349,1373768,HK132_MI1003_L02,MI1003,-18,False,8.4,8.0,9.3,,,8.9,A,4.0,True,3.44,3.44,Pass
3350,1308848,HK132_MI1003_L02,MI1003,-18,False,7.9,6.8,8.9,,,8.3,B+,3.5,True,3.03,3.0,Pass
3351,1333404,HK132_MI1003_L02,MI1003,-18,False,6.2,5.1,6.9,,,6.4,C+,2.5,True,2.44,2.42,Pass
3352,1339691,HK132_MI1003_L02,MI1003,-18,False,7.5,4.0,7.7,,,6.9,C+,2.5,True,3.03,3.12,Pass
3353,1342196,HK132_MI1003_L02,MI1003,-18,False,7.3,6.2,6.9,,,6.8,C+,2.5,True,3.18,3.12,Pass
3354,1301969,HK132_MI1003_L02,MI1003,-18,False,6.1,6.0,4.4,,,5.1,D+,1.5,True,2.5,2.39,Pass
3355,1332675,HK132_MI1003_L02,MI1003,-18,False,6.8,7.5,7.1,,,7.1,B,3.0,True,3.2,3.24,Pass
3356,1385158,HK132_MI1003_L02,MI1003,-18,False,7.8,8.4,8.5,,,8.3,B+,3.5,True,3.3,3.21,Pass
3357,1366434,HK132_MI1003_L02,MI1003,-18,False,8.1,7.0,7.0,,,7.2,B,3.0,True,3.43,3.43,Pass
3358,1379600,HK132_MI1003_L02,MI1003,-18,False,5.5,3.5,5.3,,,5.0,D+,1.5,True,1.47,1.52,Pass
3359,1356957,HK132_MI1003_L02,MI1003,-18,False,4.5,3.7,6.3,,,5.4,D+,1.5,True,1.32,1.72,Pass
3360,1373039,HK132_MI1003_L02,MI1003,-18,False,5.9,8.5,6.4,,,6.7,C+,2.5,True,2.74,2.7,Pass
3361,1352402,HK132_MI1003_L02,MI1003,-18,False,8.1,8.5,7.6,,,7.9,B,3.0,True,3.23,3.19,Pass
3362,1308985,HK132_MI1003_L02,MI1003,-18,False,6.3,7.8,7.6,,,7.4,B,3.0,True,3.15,3.02,Pass
3363,1356502,HK132_MI1003_L02,MI1003,-18,False,4.9,7.0,5.5,,,5.7,C,2.0,True,2.24,2.18,Pass
3364,1300511,HK132_MI1003_L02,MI1003,-18,False,7.2,8.7,5.9,,,6.7,C+,2.5,True,3.43,3.34,Pass
3365,1303745,HK132_MI1003_L02,MI1003,-18,False,8.9,9.6,9.1,,,9.2,A,4.0,True,3.73,3.74,Pass
3366,1333996,HK132_MI1003_L02,MI1003,-18,False,9.1,9.5,7.8,,,8.4,B+,3.5,True,3.97,3.98,Pass
3367,1386024,HK132_MI1003_L02,MI1003,-18,False,7.8,7.6,8.7,,,8.3,B+,3.5,True,2.85,3.06,Pass
3368,1364110,HK132_MI1003_L02,MI1003,-18,False,6.6,7.4,8.1,,,7.7,B,3.0,True,3.07,3.21,Pass
3369,1336775,HK132_MI1003_L02,MI1003,-18,False,6.4,6.6,6.9,,,6.7,C+,2.5,True,2.03,2.19,Pass
3370,1392174,HK132_MI1003_L02,MI1003,-18,False,7.6,7.6,9.8,,,8.9,A,4.0,True,3.97,3.88,Pass
3371,1324930,HK132_MI1003_L02,MI1003,-18,False,4.7,4.5,3.8,,,4.1,D,1.0,True,0.7,1.0,Pass
3372,1311035,HK132_MI1003_L02,MI1003,-18,False,8.6,8.5,8.4,,,8.5,A,4.0,True,3.37,3.29,Pass
3373,1349349,HK132_MI1003_L02,MI1003,-18,False,6.4,4.7,7.0,,,6.4,C+,2.5,True,1.62,1.68,Pass
3374,1334133,HK132_MI1003_L02,MI1003,-18,False,9.2,8.5,10.0,,,9.5,A+,4.0,True,3.63,3.81,Pass
3375,1370397,HK132_MI1003_L02,MI1003,-18,False,7.7,8.4,6.9,,,7.4,B,3.0,True,3.03,2.95,Pass
3376,1360147,HK132_MI1003_L02,MI1003,-18,False,8.1,8.2,7.9,,,8.0,B+,3.5,True,3.27,3.1,Pass
3377,1302561,HK132_MI1003_L02,MI1003,-18,False,8.2,8.5,7.9,,,8.1,B+,3.5,True,3.47,3.29,Pass
3378,1321422,HK132_MI1003_L02,MI1003,-18,False,7.8,7.6,7.8,,,7.8,B,3.0,True,3.0,3.0,Pass
3379,1345112,HK132_MI1003_L02,MI1003,-18,False,5.7,6.8,6.1,,,6.2,C,2.0,True,2.41,2.44,Pass
3380,1380921,HK132_MI1003_L02,MI1003,-18,False,9.2,10.0,9.0,,,9.2,A,4.0,True,4.0,4.0,Pass
3381,1389258,HK132_MI1003_L02,MI1003,-18,False,7.8,9.1,8.7,,,8.6,A,4.0,True,4.0,4.0,Pass
3382,1305932,HK132_MI1003_L02,MI1003,-18,False,7.4,8.5,7.8,,,7.9,B,3.0,True,3.26,3.11,Pass
3383,1318188,HK132_MI1003_L02,MI1003,-18,False,9.0,6.2,6.5,,,6.9,C+,2.5,True,2.68,2.58,Pass
3384,1343336,HK132_MI1003_L02,MI1003,-18,False,7.3,5.5,5.7,,,6.0,C,2.0,True,2.41,2.38,Pass
3385,1366297,HK132_MI1003_L02,MI1003,-18,False,7.9,5.9,6.7,,,6.8,C+,2.5,True,1.94,2.05,Pass
3386,1360465,HK132_MI1003_L02,MI1003,-18,False,6.8,6.4,6.6,,,6.6,C+,2.5,True,2.15,2.35,Pass
3387,1350215,HK132_MI1003_L02,MI1003,-18,False,6.8,6.0,6.3,,,6.3,C,2.0,True,2.24,2.15,Pass
3388,1381513,HK132_MI1003_L02,MI1003,-18,False,7.9,8.6,9.2,,,8.8,A,4.0,True,3.0,3.12,Pass
3389,1364702,HK132_MI1003_L02,MI1003,-18,False,6.2,5.0,5.8,,,5.7,C,2.0,True,1.68,1.85,Pass
3390,1311490,HK132_MI1003_L02,MI1003,-18,False,9.8,9.2,10.0,,,9.8,A+,4.0,True,3.97,3.93,Pass
3391,1387208,HK132_MI1003_L02,MI1003,-18,False,6.8,7.0,6.9,,,6.9,C+,2.5,True,3.1,3.1,Pass
3392,1321559,HK132_MI1003_L02,MI1003,-18,False,4.8,6.8,6.5,,,6.2,C,2.0,True,2.41,2.5,Pass
3393,1383837,HK132_MI1003_L02,MI1003,-18,False,6.0,5.5,6.2,,,6.0,C,2.0,True,1.79,1.73,Pass
3394,1308393,HK132_MI1003_L02,MI1003,-18,False,9.6,8.7,9.8,,,9.5,A+,4.0,True,3.97,3.98,Pass
3395,1322880,HK132_MI1003_L02,MI1003,-18,False,6.6,5.9,5.2,,,5.6,C,2.0,True,1.85,1.83,Pass
3396,1312219,HK132_MI1003_L02,MI1003,-18,False,9.0,10.0,7.9,,,8.5,A,4.0,True,4.0,4.0,Pass
3397,1343654,HK132_MI1003_L02,MI1003,-18,False,5.6,5.4,6.8,,,6.3,C,2.0,True,2.13,2.07,Pass
3398,1368939,HK132_MI1003_L02,MI1003,-18,False,6.1,6.9,6.9,,,6.7,C+,2.5,True,2.0,2.27,Pass
3399,1351399,HK132_MI1003_L02,MI1003,-18,False,5.4,6.5,5.8,,,5.9,C,2.0,True,2.38,2.23,Pass
3400,1371855,HK132_MI1003_L02,MI1003,-18,False,4.6,5.6,5.2,,,5.2,D+,1.5,True,1.59,1.39,Pass
3401,1302698,HK132_MI1003_L02,MI1003,-18,False,6.6,6.2,8.6,,,7.7,B,3.0,True,3.43,3.22,Pass
3402,1317459,HK132_MI1003_L02,MI1003,-18,False,7.1,6.8,7.3,,,7.2,B,3.0,True,3.2,3.17,Pass
3403,1375363,HK132_MI1003_L02,MI1003,-18,False,6.6,5.3,6.5,,,6.3,C,2.0,True,2.62,2.48,Pass
3404,1310169,HK132_MI1003_L02,MI1003,-18,False,7.6,7.9,6.8,,,7.2,B,3.0,True,2.91,2.83,Pass
3405,1325067,HK132_MI1003_L02,MI1003,-18,False,6.7,8.8,8.1,,,8.0,B+,3.5,True,3.03,2.86,Pass
3406,1310898,HK132_MI1003_L02,MI1003,-18,False,6.6,5.9,8.3,,,7.5,B,3.0,True,2.24,2.42,Pass
3407,1331946,HK132_MI1003_L02,MI1003,-18,False,8.1,7.4,8.5,,,8.2,B+,3.5,True,3.4,3.29,Pass
3408,1324475,HK132_MI1003_L02,MI1003,-18,False,6.3,6.5,6.0,,,6.2,C,2.0,True,2.26,2.18,Pass
3409,1339554,HK132_MI1003_L02,MI1003,-18,False,7.6,9.0,7.7,,,7.9,B,3.0,True,3.37,3.43,Pass
3410,1381376,HK132_MI1003_L02,MI1003,-18,False,7.8,8.5,8.4,,,8.3,B+,3.5,True,3.23,3.31,Pass
3411,1396274,HK132_MI1003_L02,MI1003,-18,False,6.3,5.3,5.9,,,5.9,C,2.0,True,2.62,2.32,Pass
3412,1308711,HK132_MI1003_L02,MI1003,-18,False,7.9,8.6,8.0,,,8.1,B+,3.5,True,3.47,3.61,Pass
3413,1348894,HK132_MI1003_L02,MI1003,-18,False,5.3,6.1,6.3,,,6.1,C,2.0,True,2.13,2.0,Pass
3414,1388666,HK132_MI1003_L02,MI1003,-18,False,9.0,9.0,7.5,,,8.1,B+,3.5,True,3.0,3.12,Pass
3415,1307527,HK132_MI1003_L02,MI1003,-18,False,7.5,7.3,7.9,,,7.7,B,3.0,True,3.53,3.42,Pass
3416,1346707,HK132_MI1003_L02,MI1003,-18,False,3.6,2.3,4.2,,,3.7,F,0.0,False,0.19,1.0,Fail
3417,1369805,HK132_MI1003_L02,MI1003,-18,False,8.4,8.9,7.5,,,8.0,B+,3.5,True,3.8,3.64,Pass
3418,1331217,HK132_MI1003_L02,MI1003,-18,False,5.1,5.3,3.8,,,4.4,D,1.0,True,1.53,1.62,Pass
3419,1358415,HK132_MI1003_L02,MI1003,-18,False,7.7,6.6,7.6,,,7.4,B,3.0,True,3.13,2.83,Pass
3420,1314998,HK132_MI1003_L02,MI1003,-18,False,6.2,6.4,7.1,,,6.8,C+,2.5,True,2.47,2.29,Pass
3421,1302106,HK132_MI1003_L02,MI1003,-18,False,6.8,4.6,6.9,,,6.4,C+,2.5,True,2.76,2.55,Pass
3422,1308119,HK132_MI1003_L02,MI1003,-18,False,6.7,7.3,8.4,,,7.8,B,3.0,True,3.5,3.5,Pass
3423,1323609,HK132_MI1003_L02,MI1003,-18,False,8.4,8.8,8.3,,,8.4,B+,3.5,True,4.0,4.0,Pass
3424,1389395,HK132_MI1003_L02,MI1003,-18,False,6.1,5.5,5.3,,,5.5,C,2.0,True,1.5,1.75,Pass
3425,1399190,HK132_MI1003_L02,MI1003,-18,False,6.6,7.1,7.5,,,7.2,B,3.0,True,2.6,2.55,Pass
3426,1350807,HK132_MI1003_L02,MI1003,-18,False,3.6,4.4,4.8,,,4.5,D,1.0,True,0.19,1.0,Pass
3427,1378871,HK132_MI1003_L02,MI1003,-18,False,8.5,7.2,7.7,,,7.8,B,3.0,True,3.13,3.17,Pass
3428,1325522,HK132_MI1003_L02,MI1003,-18,False,5.3,6.6,6.8,,,6.5,C+,2.5,True,2.27,2.21,Pass
3429,1365431,HK132_MI1003_L02,MI1003,-18,False,7.8,7.3,7.1,,,7.3,B,3.0,True,3.1,3.07,Pass
3430,1320967,HK132_MI1003_L02,MI1003,-18,False,4.7,3.1,4.3,,,4.1,D,1.0,True,1.44,1.6,Pass
3431,1345841,HK132_MI1003_L02,MI1003,-18,False,5.5,3.9,4.6,,,4.6,D,1.0,True,0.0,1.0,Pass
3432,1310032,HK132_MI1003_L02,MI1003,-18,False,7.4,6.6,6.5,,,6.7,C+,2.5,True,2.97,2.67,Pass
3433,1338096,HK132_MI1003_L02,MI1003,-18,False,5.9,7.1,5.6,,,6.0,C,2.0,True,2.53,2.53,Pass
3434,1373905,HK132_MI1003_L02,MI1003,-18,False,6.4,6.7,6.5,,,6.5,C+,2.5,True,2.44,2.23,Pass
3435,1308256,HK132_MI1003_L02,MI1003,-18,False,8.8,6.4,6.7,,,7.1,B,3.0,True,2.47,2.52,Pass
3436,1369213,HK132_MI1003_L02,MI1003,-18,False,8.3,8.3,8.3,,,8.3,B+,3.5,True,3.7,3.6,Pass
3437,1309577,HK132_MI1003_L02,MI1003,-18,False,5.9,7.3,7.4,,,7.1,B,3.0,True,2.38,2.35,Pass
3438,1395408,HK132_MI1003_L02,MI1003,-18,False,6.9,7.0,5.3,,,6.0,C,2.0,True,2.06,2.14,Pass
3439,1376684,HK132_MI1003_L02,MI1003,-18,False,6.1,7.1,7.1,,,6.9,C+,2.5,True,2.12,2.15,Pass
3440,1337778,HK132_MI1003_L02,MI1003,-18,False,6.4,7.0,6.8,,,6.8,C+,2.5,True,1.65,1.67,Pass
3441,1394224,HK132_MI1003_L02,MI1003,-18,False,6.0,7.2,6.7,,,6.7,C+,2.5,True,1.8,1.9,Pass
3442,1340146,HK132_MI1003_L02,MI1003,-18,False,6.4,6.8,5.7,,,6.1,C,2.0,True,2.15,2.29,Pass
3443,1311627,HK132_MI1003_L03,MI1003,-18,False,6.4,6.3,7.1,,,6.8,C+,2.5,True,2.24,1.97,Pass
3444,1344065,HK132_MI1003_L03,MI1003,-18,False,8.1,9.3,7.8,,,8.2,B+,3.5,True,3.83,3.8,Pass
3445,1326980,HK132_MI1003_L03,MI1003,-18,False,7.0,6.3,7.6,,,7.2,B,3.0,True,2.74,2.59,Pass
3446,1395090,HK132_MI1003_L03,MI1003,-18,False,4.5,3.8,5.1,,,4.7,D,1.0,True,1.5,1.58,Pass
3447,1399782,HK132_MI1003_L03,MI1003,-18,False,7.0,8.4,7.9,,,7.8,B,3.0,True,3.23,3.19,Pass
3448,1306069,HK132_MI1003_L03,MI1003,-18,False,8.5,7.2,8.3,,,8.1,B+,3.5,True,3.71,3.42,Pass
3449,1391445,HK132_MI1003_L03,MI1003,-18,False,7.9,6.6,6.5,,,6.8,C+,2.5,True,2.35,2.38,Pass
3450,1360739,HK132_MI1003_L03,MI1003,-18,False,7.3,8.1,8.0,,,7.9,B,3.0,True,3.13,3.34,Pass
3451,1386616,HK132_MI1003_L03,MI1003,-18,False,4.6,4.7,3.0,,,3.7,F,0.0,False,0.32,1.0,Fail
3452,1376092,HK132_MI1003_L03,MI1003,-18,False,7.1,8.0,6.2,,,6.7,C+,2.5,True,2.74,2.61,Pass
3453,1343199,HK132_MI1003_L03,MI1003,-18,False,7.3,7.5,4.3,,,5.5,C,2.0,True,2.18,2.17,Pass
3454,1357823,HK132_MI1003_L03,MI1003,-18,False,7.6,5.8,6.2,,,6.4,C+,2.5,True,2.15,2.05,Pass
3455,1337504,HK132_MI1003_L03,MI1003,-18,False,6.9,7.4,5.2,,,6.0,C,2.0,True,1.88,1.91,Pass
3456,1352265,HK132_MI1003_L03,MI1003,-18,False,7.4,7.5,7.3,,,7.4,B,3.0,True,3.23,3.12,Pass
3457,1384884,HK132_MI1003_L03,MI1003,-18,False,7.3,7.4,6.0,,,6.5,C+,2.5,True,3.2,3.24,Pass
3458,1328575,HK132_MI1003_L03,MI1003,-18,False,6.6,6.4,7.3,,,7.0,B,3.0,True,2.57,2.55,Pass
3459,1350670,HK132_MI1003_L03,MI1003,-18,False,7.3,5.3,6.1,,,6.2,C,2.0,True,2.35,2.53,Pass
3460,1387071,HK132_MI1003_L03,MI1003,-18,False,8.4,9.1,7.0,,,7.7,B,3.0,True,3.7,3.74,Pass
3461,1306798,HK132_MI1003_L03,MI1003,-18,False,7.7,8.1,7.0,,,7.4,B,3.0,True,3.09,3.17,Pass
3462,1396866,HK132_MI1003_L03,MI1003,-18,False,8.1,8.2,7.8,,,7.9,B,3.0,True,3.33,3.33,Pass
3463,1390124,HK132_MI1003_L03,MI1003,-18,False,9.1,8.4,8.2,,,8.4,B+,3.5,True,3.21,3.29,Pass
3464,1384566,HK132_MI1003_L03,MI1003,-18,False,8.1,7.2,7.2,,,7.4,B,3.0,True,3.26,3.35,Pass
3465,1378734,HK132_MI1003_L03,MI1003,-18,False,6.1,5.0,5.0,,,5.2,D+,1.5,True,0.79,1.21,Pass
3466,1387937,HK132_MI1003_L03,MI1003,-18,False,6.6,7.0,8.6,,,7.9,B,3.0,True,3.07,3.1,Pass
3467,1315864,HK132_MI1003_L03,MI1003,-18,False,7.2,5.1,7.5,,,7.0,B,3.0,True,2.26,2.17,Pass
3468,1350078,HK132_MI1003_L03,MI1003,-18,False,5.3,5.9,5.8,,,5.7,C,2.0,True,1.82,1.92,Pass
3469,1381650,HK132_MI1003_L03,MI1003,-18,False,7.2,6.0,7.0,,,6.8,C+,2.5,True,2.06,2.17,Pass
3470,1363973,HK132_MI1003_L03,MI1003,-18,False,6.5,6.1,5.4,,,5.8,C,2.0,True,1.41,1.47,Pass
3471,1305340,HK132_MI1003_L03,MI1003,-18,False,7.7,7.2,9.0,,,8.4,B+,3.5,True,3.5,3.26,Pass
3472,1327254,HK132_MI1003_L03,MI1003,-18,False,6.5,6.2,7.5,,,7.0,B,3.0,True,2.35,2.14,Pass
3473,1323335,HK132_MI1003_L03,MI1003,-18,False,5.1,3.0,3.7,,,3.8,F,0.0,False,0.18,1.0,Fail
3474,1323472,HK132_MI1003_L03,MI1003,-18,False,6.2,7.2,6.3,,,6.5,C+,2.5,True,2.62,2.61,Pass
3475,1359418,HK132_MI1003_L03,MI1003,-18,False,4.7,4.4,4.4,,,4.5,D,1.0,True,0.5,1.0,Pass
3476,1306935,HK132_MI1003_L03,MI1003,-18,False,5.5,6.8,6.3,,,6.2,C,2.0,True,2.29,2.26,Pass
3477,1362060,HK132_MI1003_L03,MI1003,-18,False,6.8,8.3,7.8,,,7.7,B,3.0,True,3.43,3.59,Pass
3478,1371581,HK132_MI1003_L03,MI1003,-18,False,6.4,7.0,7.4,,,7.1,B,3.0,True,2.68,2.64,Pass
3479,1373313,HK132_MI1003_L03,MI1003,-18,False,7.4,8.0,8.4,,,8.1,B+,3.5,True,2.93,2.72,Pass
3480,1312948,HK132_MI1003_L03,MI1003,-18,False,7.0,6.6,6.7,,,6.7,C+,2.5,True,2.62,2.61,Pass
3481,1333130,HK132_MI1003_L03,MI1003,-18,False,7.6,8.5,7.7,,,7.8,B,3.0,True,3.2,3.17,Pass
3482,1300648,HK132_MI1003_L03,MI1003,-18,False,7.3,7.3,10.0,,,8.9,A,4.0,True,2.9,2.74,Pass
3483,1354907,HK132_MI1003_L03,MI1003,-18,False,7.4,8.8,7.7,,,7.9,B,3.0,True,3.56,3.69,Pass
3484,1395545,HK132_MI1003_L03,MI1003,-18,False,5.2,4.5,4.2,,,4.5,D,1.0,True,0.64,1.0,Pass
3485,1303290,HK132_MI1003_L03,MI1003,-18,False,8.6,8.7,7.8,,,8.1,B+,3.5,True,3.2,3.17,Pass
3486,1320238,HK132_MI1003_L03,MI1003,-18,False,7.3,6.5,6.8,,,6.8,C+,2.5,True,2.62,2.59,Pass
3487,1328301,HK132_MI1003_L03,MI1003,-18,False,6.1,4.7,6.1,,,5.8,C,2.0,True,1.59,1.74,Pass
3488,1335909,HK132_MI1003_L03,MI1003,-18,False,6.0,6.2,6.5,,,6.3,C,2.0,True,2.59,2.42,Pass
3489,1384155,HK132_MI1003_L03,MI1003,-18,False,5.2,6.6,4.9,,,5.3,D+,1.5,True,1.26,1.63,Pass
3490,1301377,HK132_MI1003_L03,MI1003,-18,False,7.0,6.1,5.7,,,6.0,C,2.0,True,2.06,2.03,Pass
3491,1397003,HK132_MI1003_L03,MI1003,-18,False,5.8,7.2,5.0,,,5.6,C,2.0,True,2.15,2.27,Pass
3492,1382242,HK132_MI1003_L03,MI1003,-18,False,7.7,8.0,5.5,,,6.4,C+,2.5,True,3.63,3.53,Pass
3493,1387800,HK132_MI1003_L03,MI1003,-18,False,6.8,7.0,6.4,,,6.6,C+,2.5,True,2.29,2.24,Pass
3494,1315272,HK132_MI1003_L03,MI1003,-18,False,6.4,7.5,6.1,,,6.4,C+,2.5,True,2.12,2.18,Pass
3495,1372447,HK132_MI1003_L03,MI1003,-18,False,8.7,7.2,9.0,,,8.6,A,4.0,True,3.0,3.0,Pass
3496,1394679,HK132_MI1003_L03,MI1003,-18,False,6.4,8.4,6.0,,,6.6,C+,2.5,True,1.47,1.61,Pass
3497,1394087,HK132_MI1003_L03,MI1003,-18,False,6.6,5.6,7.1,,,6.7,C+,2.5,True,2.47,2.58,Pass
3498,1363244,HK132_MI1003_L03,MI1003,-18,False,9.1,9.3,9.5,,,9.4,A,4.0,True,4.0,3.93,Pass
3499,1305203,HK132_MI1003_L03,MI1003,-18,False,6.2,7.0,6.6,,,6.6,C+,2.5,True,2.35,2.12,Pass
3500,1318780,HK132_MI1003_L03,MI1003,-18,False,8.3,7.7,8.0,,,8.0,B+,3.5,True,3.0,2.93,Pass
3501,1354178,HK132_MI1003_L03,MI1003,-18,False,6.4,6.6,6.1,,,6.3,C,2.0,True,2.37,2.31,Pass
3502,1334270,HK132_MI1003_L03,MI1003,-18,False,5.5,7.3,6.7,,,6.6,C+,2.5,True,2.47,2.48,Pass
3503,1309714,HK132_MI1003_L03,MI1003,-18,False,6.3,7.2,8.3,,,7.7,B,3.0,True,2.65,2.88,Pass
3504,1316001,HK132_MI1003_L03,MI1003,-18,False,8.1,7.3,6.3,,,6.9,C+,2.5,True,3.3,3.22,Pass
3505,1334588,HK132_MI1003_L03,MI1003,-18,False,8.0,4.9,6.0,,,6.2,C,2.0,True,2.44,2.48,Pass
3506,1351536,HK132_MI1003_L03,MI1003,-18,False,8.1,8.8,8.2,,,8.3,B+,3.5,True,3.2,3.43,Pass
3507,1319372,HK132_MI1003_L03,MI1003,-18,False,8.3,6.7,7.0,,,7.2,B,3.0,True,3.03,3.02,Pass
3508,1335591,HK132_MI1003_L03,MI1003,-18,False,6.8,6.5,6.8,,,6.7,C+,2.5,True,2.18,2.21,Pass
3509,1362515,HK132_MI1003_L03,MI1003,-18,False,9.2,8.9,8.4,,,8.7,A,4.0,True,3.87,3.93,Pass
3510,1340557,HK132_MI1003_L03,MI1003,-18,False,6.5,6.2,6.7,,,6.6,C+,2.5,True,2.3,2.45,Pass
3511,1360602,HK132_MI1003_L03,MI1003,-18,False,3.9,3.8,4.1,,,4.0,D,1.0,True,0.27,1.25,Pass
3512,1337049,HK132_MI1003_L03,MI1003,-18,False,7.9,5.9,8.6,,,7.9,B,3.0,True,3.0,3.05,Pass
3513,1324338,HK132_MI1003_L03,MI1003,-18,False,6.8,6.5,5.8,,,6.1,C,2.0,True,1.97,2.07,Pass
3514,1311764,HK132_MI1003_L03,MI1003,-18,False,4.8,5.9,4.2,,,4.7,D,1.0,True,1.41,1.44,Pass
3515,1382516,HK132_MI1003_L03,MI1003,-18,False,9.6,9.7,9.4,,,9.5,A+,4.0,True,3.92,3.95,Pass
3516,1362652,HK132_MI1003_L03,MI1003,-18,False,5.8,5.5,5.8,,,5.7,C,2.0,True,1.32,1.47,Pass
3517,1334862,HK132_MI1003_L03,MI1003,-18,False,8.3,7.8,7.0,,,7.4,B,3.0,True,2.93,2.91,Pass
3518,1327846,HK132_MI1003_L03,MI1003,-18,False,6.5,6.8,7.1,,,6.9,C+,2.5,True,2.5,2.64,Pass
3519,1371718,HK132_MI1003_L03,MI1003,-18,False,7.1,8.5,9.3,,,8.7,A,4.0,True,3.44,3.41,Pass
3520,1357686,HK132_MI1003_L03,MI1003,-18,False,9.1,8.8,9.0,,,9.0,A,4.0,True,3.71,3.59,Pass
3521,1398461,HK132_MI1003_L03,MI1003,-18,False,8.3,8.1,8.7,,,8.5,A,4.0,True,3.3,3.47,Pass
3522,1399645,HK132_MI1003_L03,MI1003,-18,False,5.1,5.8,5.8,,,5.7,C,2.0,True,1.79,1.67,Pass
3523,1329759,HK132_MI1003_L03,MI1003,-18,False,7.9,6.2,7.2,,,7.1,B,3.0,True,2.41,2.55,Pass
3524,1392629,HK132_MI1003_L03,MI1003,-18,False,10.0,6.8,8.7,,,8.6,A,4.0,True,2.15,2.2,Pass
3525,1377276,HK132_MI1003_L03,MI1003,-18,False,6.3,4.9,5.9,,,5.8,C,2.0,True,1.88,1.92,Pass
3526,1314269,HK132_MI1003_L03,MI1003,-18,False,8.1,8.4,8.1,,,8.2,B+,3.5,True,3.97,3.71,Pass
3527,1359144,HK132_MI1003_L03,MI1003,-18,False,9.9,8.3,8.2,,,8.6,A,4.0,True,4.0,4.0,Pass
3528,1313814,HK132_MI1003_L03,MI1003,-18,False,9.0,7.3,8.1,,,8.1,B+,3.5,True,3.15,3.08,Pass
3529,1368347,HK132_MI1003_L03,MI1003,-18,False,6.9,7.9,6.4,,,6.8,C+,2.5,True,2.53,2.27,Pass
3530,1320101,HK132_MI1003_L03,MI1003,-18,False,8.0,7.6,7.0,,,7.3,B,3.0,True,3.17,3.02,Pass
3531,1377868,HK132_MI1003_L03,MI1003,-18,False,7.9,6.7,7.1,,,7.2,B,3.0,True,2.47,2.39,Pass
3532,1368484,HK132_MI1003_L03,MI1003,-18,False,5.7,7.1,6.0,,,6.2,C,2.0,True,1.68,1.67,Pass
3533,1394953,HK132_MI1003_L03,MI1003,-18,False,6.8,6.4,6.0,,,6.2,C,2.0,True,2.24,2.3,Pass
3534,1353131,HK132_MI1003_L03,MI1003,-18,False,8.0,7.8,6.8,,,7.2,B,3.0,True,3.09,3.36,Pass
3535,1364247,HK132_MI1003_L03,MI1003,-18,False,6.1,6.8,6.6,,,6.5,C+,2.5,True,2.5,2.32,Pass
3536,1319964,HK132_MI1003_L03,MI1003,-18,False,8.5,9.3,8.3,,,8.5,A,4.0,True,3.13,2.98,Pass
3537,1365294,HK132_MI1003_L03,MI1003,-18,False,9.2,10.0,9.1,,,9.3,A,4.0,True,4.0,4.0,Pass
3538,1339828,HK132_MI1003_L03,MI1003,-18,False,8.3,8.1,8.6,,,8.4,B+,3.5,True,3.17,3.38,Pass
3539,1379326,HK132_MI1003_L03,MI1003,-18,False,7.9,9.8,7.3,,,7.9,B,3.0,True,3.29,3.27,Pass
3540,1303427,HK132_MI1003_L03,MI1003,-18,False,7.4,7.5,6.7,,,7.0,B,3.0,True,2.62,2.47,Pass
3541,1366160,HK132_MI1003_L03,MI1003,-18,False,5.4,5.4,6.7,,,6.2,C,2.0,True,2.38,2.2,Pass
3542,1326525,HK132_MI1003_L03,MI1003,-18,False,8.8,9.2,9.2,,,9.1,A,4.0,True,4.0,3.94,Pass
3543,1391582,HK132_MI1003_L04,MI1003,-18,False,5.9,8.0,6.1,,,6.4,C+,2.5,True,2.59,2.36,Pass
3544,1350352,HK132_MI1003_L04,MI1003,-18,False,8.5,8.0,7.7,,,7.9,B,3.0,True,3.33,3.17,Pass
3545,1322743,HK132_MI1003_L04,MI1003,-18,False,6.6,6.7,6.8,,,6.7,C+,2.5,True,2.32,2.33,Pass
3546,1361786,HK132_MI1003_L04,MI1003,-18,False,8.1,8.8,8.2,,,8.3,B+,3.5,True,3.09,3.14,Pass
3547,1375089,HK132_MI1003_L04,MI1003,-18,False,7.7,6.2,4.3,,,5.4,D+,1.5,True,2.17,2.1,Pass
3548,1314543,HK132_MI1003_L04,MI1003,-18,False,4.7,5.6,5.3,,,5.2,D+,1.5,True,1.7,1.52,Pass
3549,1369942,HK132_MI1003_L04,MI1003,-18,False,5.5,6.6,6.3,,,6.2,C,2.0,True,2.18,2.21,Pass
3550,1337641,HK132_MI1003_L04,MI1003,-18,False,8.3,7.6,8.9,,,8.5,A,4.0,True,3.13,3.14,Pass
3551,1342925,HK132_MI1003_L04,MI1003,-18,False,5.8,6.8,7.7,,,7.1,B,3.0,True,1.97,2.14,Pass
3552,1370534,HK132_MI1003_L04,MI1003,-18,False,7.1,6.4,6.9,,,6.8,C+,2.5,True,2.32,2.39,Pass
3553,1381787,HK132_MI1003_L04,MI1003,-18,False,8.9,9.7,7.3,,,8.1,B+,3.5,True,3.67,3.7,Pass
3554,1324201,HK132_MI1003_L04,MI1003,-18,False,7.5,6.7,5.4,,,6.1,C,2.0,True,2.32,2.45,Pass
3555,1359873,HK132_MI1003_L04,MI1003,-18,False,5.9,7.7,7.0,,,6.9,C+,2.5,True,2.53,2.33,Pass
3556,1391900,HK132_MI1003_L04,MI1003,-18,False,6.5,5.8,4.3,,,5.0,D+,1.5,True,1.94,1.97,Pass
3557,1355910,HK132_MI1003_L04,MI1003,-18,False,6.0,6.1,6.5,,,6.3,C,2.0,True,2.24,2.32,Pass
3558,1341878,HK132_MI1003_L04,MI1003,-18,False,7.9,6.1,6.9,,,6.9,C+,2.5,True,2.85,2.82,Pass
3559,1372310,HK132_MI1003_L04,MI1003,-18,False,6.3,5.0,6.9,,,6.4,C+,2.5,True,1.87,1.74,Pass
3560,1320830,HK132_MI1003_L04,MI1003,-18,False,8.1,8.4,6.9,,,7.4,B,3.0,True,3.07,3.22,Pass
3561,1336183,HK132_MI1003_L04,MI1003,-18,False,7.0,5.9,7.1,,,6.8,C+,2.5,True,2.79,2.83,Pass
3562,1341012,HK132_MI1003_L04,MI1003,-18,False,5.1,5.3,5.4,,,5.3,D+,1.5,True,1.53,1.52,Pass
3563,1353723,HK132_MI1003_L04,MI1003,-18,False,4.5,6.4,4.5,,,4.9,D,1.0,True,0.7,1.16,Pass
3564,1329030,HK132_MI1003_L04,MI1003,-18,False,8.1,6.5,6.1,,,6.6,C+,2.5,True,2.15,2.26,Pass
3565,1311901,HK132_MI1003_L04,MI1003,-18,False,7.6,7.2,6.6,,,6.9,C+,2.5,True,2.47,2.39,Pass
3566,1314406,HK132_MI1003_L04,MI1003,-18,False,7.3,7.0,7.9,,,7.6,B,3.0,True,2.38,2.33,Pass
3567,1395819,HK132_MI1003_L04,MI1003,-18,False,6.7,6.8,6.3,,,6.5,C+,2.5,True,2.41,2.56,Pass
3568,1322288,HK132_MI1003_L04,MI1003,-18,False,5.5,5.8,6.1,,,5.9,C,2.0,True,2.38,2.2,Pass
3569,1356639,HK132_MI1003_L04,MI1003,-18,False,6.6,7.4,6.8,,,6.9,C+,2.5,True,2.03,2.08,Pass
3570,1332538,HK132_MI1003_L04,MI1003,-18,False,5.0,8.4,9.1,,,8.1,B+,3.5,True,3.83,3.5,Pass
3571,1365705,HK132_MI1003_L04,MI1003,-18,False,7.7,7.8,7.2,,,7.4,B,3.0,True,3.23,3.33,Pass
3572,1374497,HK132_MI1003_L04,MI1003,-18,False,7.8,6.9,6.9,,,7.1,B,3.0,True,3.0,3.0,Pass
3573,1322151,HK132_MI1003_L04,MI1003,-18,False,5.3,7.0,6.8,,,6.5,C+,2.5,True,2.12,2.11,Pass
3574,1369076,HK132_MI1003_L04,MI1003,-18,False,5.2,5.4,5.5,,,5.4,D+,1.5,True,1.53,1.73,Pass
3575,1347436,HK132_MI1003_L04,MI1003,-18,False,7.8,7.8,4.3,,,5.7,C,2.0,True,2.35,2.48,Pass
3576,1385613,HK132_MI1003_L04,MI1003,-18,False,5.7,6.5,6.9,,,6.6,C+,2.5,True,2.47,2.45,Pass
3577,1375500,HK132_MI1003_L04,MI1003,-18,False,8.9,6.9,7.3,,,7.5,B,3.0,True,2.68,2.68,Pass
3578,1341604,HK132_MI1003_L04,MI1003,-18,False,8.2,6.1,7.8,,,7.5,B,3.0,True,2.9,2.95,Pass
3579,1317185,HK132_MI1003_L04,MI1003,-18,False,6.4,6.7,7.7,,,7.2,B,3.0,True,2.26,2.29,Pass
3580,1346433,HK132_MI1003_L04,MI1003,-18,False,8.2,10.0,7.6,,,8.2,B+,3.5,True,3.5,3.45,Pass
3581,1364976,HK132_MI1003_L04,MI1003,-18,False,8.1,9.2,8.1,,,8.3,B+,3.5,True,3.35,3.29,Pass
3582,1370260,HK132_MI1003_L04,MI1003,-18,False,5.6,6.9,7.5,,,7.0,B,3.0,True,2.12,2.0,Pass
3583,1313085,HK132_MI1003_L04,MI1003,-18,False,6.6,6.9,6.2,,,6.4,C+,2.5,True,2.09,2.14,Pass
3584,1359007,HK132_MI1003_L04,MI1003,-18,False,6.3,7.1,6.1,,,6.3,C,2.0,True,2.41,2.36,Pass
3585,1372721,HK132_MI1003_L04,MI1003,-18,False,7.3,8.1,7.7,,,7.7,B,3.0,True,2.93,2.9,Pass
3586,1358278,HK132_MI1003_L04,MI1003,-18,False,6.3,6.7,6.7,,,6.6,C+,2.5,True,2.09,2.29,Pass
3587,1352857,HK132_MI1003_L04,MI1003,-18,False,8.5,9.6,10.0,,,9.6,A+,4.0,True,3.97,3.98,Pass
3588,1356228,HK132_MI1003_L04,MI1003,-18,False,5.9,7.0,6.9,,,6.7,C+,2.5,True,2.32,2.38,Pass
3589,1388803,HK132_MI1003_L04,MI1003,-18,False,5.5,6.2,7.1,,,6.6,C+,2.5,True,2.35,2.33,Pass
3590,1318643,HK132_MI1003_L04,MI1003,-18,False,7.6,6.9,7.3,,,7.3,B,3.0,True,2.32,2.33,Pass
3591,1305477,HK132_MI1003_L04,MI1003,-18,False,7.7,6.7,7.1,,,7.1,B,3.0,True,2.71,2.79,Pass
3592,1393358,HK132_MI1003_L04,MI1003,-18,False,5.3,5.7,6.9,,,6.3,C,2.0,True,2.37,2.36,Pass
3593,1348028,HK132_MI1003_L04,MI1003,-18,False,7.1,7.4,6.3,,,6.7,C+,2.5,True,2.63,2.59,Pass
3594,1377413,HK132_MI1003_L04,MI1003,-18,False,6.3,5.6,6.6,,,6.3,C,2.0,True,1.33,1.43,Pass
3595,1317322,HK132_MI1003_L04,MI1003,-18,False,7.8,6.6,6.2,,,6.6,C+,2.5,True,2.44,2.38,Pass
3596,1364839,HK132_MI1003_L04,MI1003,-18,False,4.9,5.7,6.0,,,5.7,C,2.0,True,2.24,2.06,Pass
3597,1326114,HK132_MI1003_L04,MI1003,-18,False,7.6,5.7,6.7,,,6.7,C+,2.5,True,2.37,2.31,Pass
3598,1388392,HK132_MI1003_L04,MI1003,-18,False,4.0,3.8,3.7,,,3.8,F,0.0,False,0.3,1.0,Fail
3599,1356365,HK132_MI1003_L04,MI1003,-18,False,8.5,7.4,8.0,,,8.0,B+,3.5,True,3.23,3.19,Pass
3600,1310761,HK132_MI1003_L04,MI1003,-18,False,9.2,9.3,8.1,,,8.6,A,4.0,True,4.0,3.95,Pass
3601,1398916,HK132_MI1003_L04,MI1003,-18,False,10.0,9.5,7.5,,,8.4,B+,3.5,True,3.2,3.17,Pass
3602,1348620,HK132_MI1003_L04,MI1003,-18,False,9.2,10.0,9.9,,,9.8,A+,4.0,True,4.0,4.0,Pass
3603,1389121,HK132_MI1003_L04,MI1003,-18,False,8.0,7.7,7.1,,,7.4,B,3.0,True,3.26,3.26,Pass
3604,1324793,HK132_MI1003_L04,MI1003,-18,False,9.5,8.6,8.8,,,8.9,A,4.0,True,4.0,4.0,Pass
3605,1398187,HK132_MI1003_L04,MI1003,-18,False,6.9,5.1,5.7,,,5.8,C,2.0,True,2.83,2.78,Pass
3606,1392037,HK132_MI1003_L04,MI1003,-18,False,7.3,8.2,9.1,,,8.6,A,4.0,True,3.15,3.05,Pass
3607,1367755,HK132_MI1003_L04,MI1003,-18,False,6.3,6.5,7.1,,,6.8,C+,2.5,True,2.53,2.53,Pass
3608,1369531,HK132_MI1003_L04,MI1003,-18,False,4.9,6.2,5.2,,,5.3,D+,1.5,True,1.74,2.02,Pass
3609,1323746,HK132_MI1003_L04,MI1003,-18,False,5.5,6.8,6.6,,,6.4,C+,2.5,True,2.27,2.4,Pass
3610,1357960,HK132_MI1003_L04,MI1003,-18,False,5.8,5.3,3.9,,,4.6,D,1.0,True,1.44,1.62,Pass
3611,1307982,HK132_MI1003_L04,MI1003,-18,False,7.8,7.0,7.5,,,7.5,B,3.0,True,3.07,2.91,Pass
3612,1389850,HK132_MI1003_L04,MI1003,-18,False,6.1,5.7,6.8,,,6.4,C+,2.5,True,1.53,1.58,Pass
3613,1380055,HK132_MI1003_L04,MI1003,-18,False,7.5,5.1,7.8,,,7.2,B,3.0,True,2.47,2.32,Pass
3614,1349623,HK132_MI1003_L04,MI1003,-18,False,5.6,6.4,6.3,,,6.2,C,2.0,True,2.65,2.65,Pass
3615,1370989,HK132_MI1003_L04,MI1003,-18,False,6.9,7.5,8.3,,,7.9,B,3.0,True,2.53,2.5,Pass
3616,1304019,HK132_MI1003_L04,MI1003,-18,False,10.0,10.0,8.9,,,9.3,A,4.0,True,3.97,3.98,Pass
3617,1330762,HK132_MI1003_L04,MI1003,-18,False,7.8,7.0,6.9,,,7.1,B,3.0,True,3.23,3.16,Pass
3618,1343928,HK132_MI1003_L04,MI1003,-18,False,8.9,10.0,10.0,,,9.8,A+,4.0,True,4.0,4.0,Pass
3619,1390579,HK132_MI1003_L04,MI1003,-18,False,7.7,8.5,6.8,,,7.3,B,3.0,True,2.29,2.36,Pass
3620,1382379,HK132_MI1003_L04,MI1003,-18,False,6.5,6.7,6.5,,,6.5,C+,2.5,True,2.5,2.45,Pass
3621,1371263,HK132_MI1003_L04,MI1003,-18,False,5.9,4.9,4.6,,,4.9,D,1.0,True,1.5,1.53,Pass
3622,1396411,HK132_MI1003_L04,MI1003,-18,False,7.8,8.6,7.9,,,8.0,B+,3.5,True,3.0,3.2,Pass
3623,1304474,HK132_MI1003_L04,MI1003,-18,False,5.3,7.7,5.6,,,6.0,C,2.0,True,1.71,1.55,Pass
3624,1352128,HK132_MI1003_L04,MI1003,-18,False,7.6,8.2,8.6,,,8.3,B+,3.5,True,3.23,3.26,Pass
3625,1316593,HK132_MI1003_L04,MI1003,-18,False,6.4,5.9,5.9,,,6.0,C,2.0,True,2.32,2.21,Pass
3626,1352720,HK132_MI1003_L04,MI1003,-18,False,8.1,6.4,7.2,,,7.2,B,3.0,True,3.0,3.11,Pass
3627,1316456,HK132_MI1003_L04,MI1003,-18,False,5.0,6.1,5.5,,,5.5,C,2.0,True,1.5,1.65,Pass
3628,1355773,HK132_MI1003_L04,MI1003,-18,False,4.5,6.2,6.0,,,5.7,C,2.0,True,2.0,1.91,Pass
3629,1341741,HK132_MI1003_L04,MI1003,-18,False,7.2,7.3,6.7,,,6.9,C+,2.5,True,3.23,3.14,Pass
3630,1390853,HK132_MI1003_L04,MI1003,-18,False,8.5,9.0,6.9,,,7.6,B,3.0,True,3.27,3.19,Pass
3631,1393950,HK132_MI1003_L04,MI1003,-18,False,6.5,5.1,5.5,,,5.6,C,2.0,True,1.7,1.62,Pass
3632,1340283,HK132_MI1003_L04,MI1003,-18,False,6.9,6.2,6.3,,,6.4,C+,2.5,True,2.41,2.45,Pass
3633,1361923,HK132_MI1003_L04,MI1003,-18,False,8.0,8.1,9.1,,,8.7,A,4.0,True,3.4,3.34,Pass
3634,1313951,HK132_MI1003_L04,MI1003,-18,False,8.3,9.5,5.8,,,7.0,B,3.0,True,3.33,3.29,Pass
3635,1320556,HK132_MI1003_L04,MI1003,-18,False,5.7,7.4,5.2,,,5.7,C,2.0,True,2.33,2.22,Pass
3636,1347299,HK132_MI1003_L04,MI1003,-18,False,7.0,6.6,6.8,,,6.8,C+,2.5,True,2.53,2.53,Pass
3637,1300966,HK132_MI1003_L04,MI1003,-18,False,5.0,5.6,5.4,,,5.4,D+,1.5,True,1.62,1.65,Pass
3638,1330351,HK132_MI1003_L04,MI1003,-18,False,8.6,6.9,7.8,,,7.8,B,3.0,True,2.97,3.16,Pass
3639,1382834,HK132_MI1003_L04,MI1003,-18,False,7.8,7.7,6.9,,,7.2,B,3.0,True,2.4,2.43,Pass
3640,1313540,HK132_MI1003_L04,MI1003,-18,False,5.3,5.2,6.0,,,5.7,C,2.0,True,1.62,1.59,Pass
3641,1329896,HK132_MI1003_L04,MI1003,-18,False,8.2,8.1,8.6,,,8.4,B+,3.5,True,3.8,3.83,Pass
3642,1336638,HK132_MI1003_L05,MI1003,-18,False,8.8,9.1,7.9,,,8.3,B+,3.5,True,3.47,3.09,Pass
3643,1300374,HK132_MI1003_L05,MI1003,-18,False,5.8,6.8,5.1,,,5.6,C,2.0,True,1.47,1.58,Pass
3644,1366023,HK132_MI1003_L05,MI1003,-18,False,6.8,6.0,5.1,,,5.6,C,2.0,True,2.77,2.71,Pass
3645,1333541,HK132_MI1003_L05,MI1003,-18,False,5.5,7.3,6.7,,,6.6,C+,2.5,True,2.21,2.39,Pass
3646,1344520,HK132_MI1003_L05,MI1003,-18,False,7.6,7.1,5.6,,,6.3,C,2.0,True,2.56,2.65,Pass
3647,1384429,HK132_MI1003_L05,MI1003,-18,False,6.8,6.4,6.1,,,6.3,C,2.0,True,2.32,2.33,Pass
3648,1306206,HK132_MI1003_L05,MI1003,-18,False,5.8,6.2,7.9,,,7.1,B,3.0,True,2.0,1.98,Pass
3649,1380329,HK132_MI1003_L05,MI1003,-18,False,7.2,9.0,9.3,,,8.8,A,4.0,True,3.12,3.09,Pass
3650,1312356,HK132_MI1003_L05,MI1003,-18,False,6.0,7.3,6.8,,,6.7,C+,2.5,True,2.76,2.8,Pass
3651,1379463,HK132_MI1003_L05,MI1003,-18,False,7.9,8.4,7.1,,,7.5,B,3.0,True,3.3,3.14,Pass
3652,1355044,HK132_MI1003_L05,MI1003,-18,False,6.8,8.5,9.5,,,8.8,A,4.0,True,3.27,3.21,Pass
3653,1397732,HK132_MI1003_L05,MI1003,-18,False,6.0,7.5,7.8,,,7.4,B,3.0,True,2.53,2.45,Pass
3654,1357231,HK132_MI1003_L05,MI1003,-18,False,6.5,5.4,5.3,,,5.6,C,2.0,True,2.38,2.26,Pass
3655,1396137,HK132_MI1003_L05,MI1003,-18,False,9.0,8.7,8.1,,,8.4,B+,3.5,True,3.53,3.41,Pass
3656,1345704,HK132_MI1003_L05,MI1003,-18,False,6.0,4.6,6.0,,,5.7,C,2.0,True,1.93,1.86,Pass
3657,1351991,HK132_MI1003_L05,MI1003,-18,False,5.9,6.8,7.0,,,6.7,C+,2.5,True,2.76,2.62,Pass
3658,1326251,HK132_MI1003_L05,MI1003,-18,False,6.7,5.7,5.9,,,6.0,C,2.0,True,2.41,2.52,Pass
3659,1353449,HK132_MI1003_L05,MI1003,-18,False,10.0,9.8,9.3,,,9.5,A+,4.0,True,4.0,4.0,Pass
3660,1397869,HK132_MI1003_L05,MI1003,-18,False,8.3,9.1,10.0,,,9.5,A+,4.0,True,4.0,4.0,Pass
3661,1345978,HK132_MI1003_L05,MI1003,-18,False,8.2,8.0,8.2,,,8.2,B+,3.5,True,3.53,3.76,Pass
3662,1345249,HK132_MI1003_L05,MI1003,-18,False,8.5,7.7,6.6,,,7.2,B,3.0,True,3.3,3.21,Pass
3663,1330033,HK132_MI1003_L05,MI1003,-18,False,7.2,6.1,6.6,,,6.6,C+,2.5,True,2.15,2.26,Pass
3664,1319235,HK132_MI1003_L05,MI1003,-18,False,8.8,8.3,6.5,,,7.3,B,3.0,True,3.7,3.74,Pass
3665,1385887,HK132_MI1003_L05,MI1003,-18,False,8.3,7.8,8.4,,,8.3,B+,3.5,True,3.6,3.52,Pass
3666,1311172,HK132_MI1003_L05,MI1003,-18,False,5.2,5.6,5.2,,,5.3,D+,1.5,True,1.68,1.62,Pass
3667,1392903,HK132_MI1003_L05,MI1003,-18,False,4.9,7.4,5.9,,,6.0,C,2.0,True,2.33,2.31,Pass
3668,1355181,HK132_MI1003_L05,MI1003,-18,False,9.0,8.3,8.5,,,8.6,A,4.0,True,3.3,3.09,Pass
3669,1327117,HK132_MI1003_L05,MI1003,-18,False,6.0,8.0,7.2,,,7.1,B,3.0,True,2.53,2.66,Pass
3670,1330488,HK132_MI1003_L05,MI1003,-18,False,7.7,9.1,8.1,,,8.2,B+,3.5,True,3.1,3.22,Pass
3671,1363518,HK132_MI1003_L05,MI1003,-18,False,6.8,8.4,7.1,,,7.3,B,3.0,True,3.03,2.97,Pass
3672,1375818,HK132_MI1003_L05,MI1003,-18,False,7.0,8.1,7.1,,,7.3,B,3.0,True,3.03,3.09,Pass
3673,1322014,HK132_MI1003_L05,MI1003,-18,False,6.1,6.8,7.2,,,6.9,C+,2.5,True,2.41,2.58,Pass
3674,1383700,HK132_MI1003_L05,MI1003,-18,False,7.6,8.7,8.1,,,8.1,B+,3.5,True,3.06,3.03,Pass
3675,1320693,HK132_MI1003_L05,MI1003,-18,False,6.7,6.9,7.1,,,7.0,B,3.0,True,2.62,2.47,Pass
3676,1358552,HK132_MI1003_L05,MI1003,-18,False,7.6,7.3,6.8,,,7.1,B,3.0,True,2.26,2.39,Pass
3677,1301832,HK132_MI1003_L05,MI1003,-18,False,6.9,5.0,5.9,,,5.9,C,2.0,True,1.44,1.38,Pass
3678,1327709,HK132_MI1003_L05,MI1003,-18,False,7.7,7.2,5.9,,,6.5,C+,2.5,True,2.29,2.39,Pass
3679,1344383,HK132_MI1003_L05,MI1003,-18,False,8.8,7.3,8.9,,,8.6,A,4.0,True,3.3,3.47,Pass
3680,1313222,HK132_MI1003_L05,MI1003,-18,False,9.9,7.8,8.4,,,8.6,A,4.0,True,3.62,3.45,Pass
3681,1349212,HK132_MI1003_L05,MI1003,-18,False,5.5,6.6,6.1,,,6.1,C,2.0,True,2.18,2.14,Pass
3682,1325659,HK132_MI1003_L05,MI1003,-18,False,7.8,8.2,7.5,,,7.7,B,3.0,True,3.47,3.29,Pass
3683,1306661,HK132_MI1003_L05,MI1003,-18,False,7.7,7.0,8.3,,,7.9,B,3.0,True,3.13,3.26,Pass
3684,1335317,HK132_MI1003_L05,MI1003,-18,False,7.1,6.4,6.8,,,6.8,C+,2.5,True,2.24,2.08,Pass
3685,1346570,HK132_MI1003_L05,MI1003,-18,False,6.5,5.6,8.5,,,7.5,B,3.0,True,1.44,1.44,Pass
3686,1385295,HK132_MI1003_L05,MI1003,-18,False,5.4,5.9,4.0,,,4.7,D,1.0,True,1.6,1.41,Pass
3687,1301695,HK132_MI1003_L05,MI1003,-18,False,8.0,8.7,7.3,,,7.7,B,3.0,True,3.0,3.26,Pass
3688,1368802,HK132_MI1003_L05,MI1003,-18,False,7.6,7.6,7.2,,,7.4,B,3.0,True,2.88,2.91,Pass
3689,1339417,HK132_MI1003_L05,MI1003,-18,False,4.9,5.5,7.0,,,6.3,C,2.0,True,2.53,2.4,Pass
3690,1380192,HK132_MI1003_L05,MI1003,-18,False,5.0,5.0,4.3,,,4.6,D,1.0,True,2.15,2.06,Pass
3691,1386479,HK132_MI1003_L05,MI1003,-18,False,7.2,8.5,6.8,,,7.2,B,3.0,True,2.35,2.41,Pass
3692,1362789,HK132_MI1003_L05,MI1003,-18,False,8.8,9.6,7.1,,,7.9,B,3.0,True,3.27,3.38,Pass
3693,1362926,HK132_MI1003_L05,MI1003,-18,False,7.4,8.0,8.6,,,8.2,B+,3.5,True,3.23,3.31,Pass
3694,1338962,HK132_MI1003_L05,MI1003,-18,False,7.1,6.1,7.5,,,7.1,B,3.0,True,2.26,2.35,Pass
3695,1391308,HK132_MI1003_L05,MI1003,-18,False,3.6,3.8,4.3,,,4.1,D,1.0,True,0.27,1.0,Pass
3696,1346115,HK132_MI1003_L05,MI1003,-18,False,7.1,5.5,7.0,,,6.7,C+,2.5,True,2.5,2.39,Pass
3697,1374634,HK132_MI1003_L05,MI1003,-18,False,5.3,5.8,5.9,,,5.8,C,2.0,True,1.47,1.64,Pass
3698,1355636,HK132_MI1003_L05,MI1003,-18,False,4.8,6.4,4.6,,,5.0,D+,1.5,True,1.59,1.61,Pass
3699,1342333,HK132_MI1003_L05,MI1003,-18,False,6.7,6.0,5.7,,,6.0,C,2.0,True,2.35,2.26,Pass
3700,1387345,HK132_MI1003_L05,MI1003,-18,False,7.4,9.0,6.9,,,7.4,B,3.0,True,3.06,3.09,Pass
3701,1321285,HK132_MI1003_L05,MI1003,-18,False,7.3,7.1,8.4,,,7.9,B,3.0,True,3.5,3.48,Pass
3702,1361194,HK132_MI1003_L05,MI1003,-18,False,6.9,8.5,7.4,,,7.5,B,3.0,True,2.93,3.02,Pass
3703,1386342,HK132_MI1003_L05,MI1003,-18,False,8.9,7.6,8.9,,,8.6,A,4.0,True,3.59,3.53,Pass
3704,1307390,HK132_MI1003_L05,MI1003,-18,False,9.8,7.7,7.9,,,8.2,B+,3.5,True,3.0,3.0,Pass
3705,1304748,HK132_MI1003_L05,MI1003,-18,False,7.8,8.5,9.4,,,8.9,A,4.0,True,3.37,3.26,Pass
3706,1378005,HK132_MI1003_L05,MI1003,-18,False,8.1,6.9,8.0,,,7.8,B,3.0,True,2.93,2.9,Pass
3707,1388529,HK132_MI1003_L05,MI1003,-18,False,5.9,6.1,7.0,,,6.6,C+,2.5,True,2.35,2.56,Pass
3708,1314680,HK132_MI1003_L05,MI1003,-18,False,8.6,8.4,6.3,,,7.2,B,3.0,True,3.0,3.05,Pass
3709,1324064,HK132_MI1003_L05,MI1003,-18,False,6.8,6.6,6.2,,,6.4,C+,2.5,True,2.41,2.45,Pass
3710,1317914,HK132_MI1003_L05,MI1003,-18,False,5.9,6.8,6.3,,,6.3,C,2.0,True,2.65,2.67,Pass
3711,1338370,HK132_MI1003_L05,MI1003,-18,False,10.0,8.9,8.8,,,9.1,A,4.0,True,3.89,3.83,Pass
3712,1304611,HK132_MI1003_L05,MI1003,-18,False,9.8,9.6,8.5,,,9.0,A,4.0,True,3.9,3.95,Pass
3713,1385021,HK132_MI1003_L05,MI1003,-18,False,6.4,6.5,5.4,,,5.8,C,2.0,True,2.35,2.24,Pass
3714,1316319,HK132_MI1003_L05,MI1003,-18,False,5.5,5.9,7.6,,,6.8,C+,2.5,True,2.41,2.36,Pass
3715,1397595,HK132_MI1003_L05,MI1003,-18,False,6.1,6.7,6.2,,,6.3,C,2.0,True,2.15,2.24,Pass
3716,1387663,HK132_MI1003_L05,MI1003,-18,False,7.9,7.9,8.7,,,8.4,B+,3.5,True,3.13,3.14,Pass
3717,1378279,HK132_MI1003_L05,MI1003,-18,False,5.8,5.9,6.0,,,5.9,C,2.0,True,2.35,2.08,Pass
3718,1399053,HK132_MI1003_L05,MI1003,-18,False,6.1,6.3,7.3,,,6.9,C+,2.5,True,2.3,2.34,Pass
3719,1394816,HK132_MI1003_L05,MI1003,-18,False,6.8,6.5,5.9,,,6.2,C,2.0,True,2.35,2.3,Pass
3720,1397140,HK132_MI1003_L05,MI1003,-18,False,5.2,5.7,6.0,,,5.8,C,2.0,True,1.65,1.71,Pass
3721,1303882,HK132_MI1003_L05,MI1003,-18,False,10.0,7.6,6.6,,,7.5,B,3.0,True,3.41,3.45,Pass
3722,1393495,HK132_MI1003_L05,MI1003,-18,False,7.5,6.6,6.0,,,6.4,C+,2.5,True,2.85,2.73,Pass
3723,1343062,HK132_MI1003_L05,MI1003,-18,False,7.3,9.7,7.7,,,8.0,B+,3.5,True,2.29,2.32,Pass
3724,1315135,HK132_MI1003_L05,MI1003,-18,False,8.7,8.0,8.2,,,8.3,B+,3.5,True,3.23,3.38,Pass
3725,1336912,HK132_MI1003_L05,MI1003,-18,False,6.9,6.2,6.6,,,6.6,C+,2.5,True,2.09,2.11,Pass
3726,1352994,HK132_MI1003_L05,MI1003,-18,False,6.8,7.0,6.7,,,6.8,C+,2.5,True,2.59,2.36,Pass
3727,1375955,HK132_MI1003_L05,MI1003,-18,False,5.5,5.7,6.9,,,6.4,C+,2.5,True,2.24,2.03,Pass
3728,1392311,HK132_MI1003_L05,MI1003,-18,False,7.0,5.9,6.4,,,6.4,C+,2.5,True,2.27,2.33,Pass
3729,1357094,HK132_MI1003_L05,MI1003,-18,False,8.0,8.8,6.0,,,7.0,B,3.0,True,3.47,3.45,Pass
3730,1303153,HK132_MI1003_L05,MI1003,-18,False,9.0,6.1,6.8,,,7.1,B,3.0,True,2.24,2.26,Pass
3731,1342470,HK132_MI1003_L05,MI1003,-18,False,7.4,7.3,8.3,,,7.9,B,3.0,True,3.63,3.24,Pass
3732,1329167,HK132_MI1003_L05,MI1003,-18,False,8.3,9.3,8.0,,,8.3,B+,3.5,True,3.92,3.95,Pass
3733,1362197,HK132_MI1003_L05,MI1003,-18,False,7.2,8.6,7.7,,,7.8,B,3.0,True,3.2,3.1,Pass
3734,1353860,HK132_MI1003_L05,MI1003,-18,False,5.8,5.7,5.9,,,5.8,C,2.0,True,1.94,2.08,Pass
3735,1360010,HK132_MI1003_L05,MI1003,-18,False,6.2,7.3,5.3,,,5.9,C,2.0,True,1.79,1.65,Pass
3736,1307664,HK132_MI1003_L05,MI1003,-18,False,6.9,6.5,7.3,,,7.1,B,3.0,True,2.47,2.47,Pass
3737,1331080,HK132_MI1003_L05,MI1003,-18,False,8.6,6.1,6.8,,,7.0,B,3.0,True,3.1,3.38,Pass
3738,1316730,HK132_MI1003_L05,MI1003,-18,False,9.6,9.7,9.2,,,9.4,A,4.0,True,4.0,3.83,Pass
3739,1329622,HK132_MI1003_L05,MI1003,-18,False,6.0,5.6,6.0,,,5.9,C,2.0,True,1.85,1.74,Pass
3740,1359736,HK132_MI1003_L05,MI1003,-18,False,8.5,8.6,8.5,,,8.5,A,4.0,True,3.53,3.52,Pass
3741,1326525,HK132_CH1003_L01,CH1003,-18,False,,7.7,9.0,9.2,,8.7,A,4.0,True,4.0,3.94,Pass
3742,1344065,HK132_CH1003_L01,CH1003,-18,False,,8.7,7.4,7.7,,7.9,B,3.0,True,3.83,3.8,Pass
3743,1324793,HK132_CH1003_L01,CH1003,-18,False,,7.8,9.1,9.5,,8.8,A,4.0,True,4.0,4.0,Pass
3744,1389258,HK132_CH1003_L01,CH1003,-18,False,,8.9,9.2,9.1,,9.1,A,4.0,True,4.0,4.0,Pass
3745,1382516,HK132_CH1003_L01,CH1003,-18,False,,8.5,9.5,8.9,,9.1,A,4.0,True,3.92,3.95,Pass
3746,1381787,HK132_CH1003_L01,CH1003,-18,False,,9.0,7.7,7.9,,8.1,B+,3.5,True,3.67,3.7,Pass
3747,1336046,HK132_CH1003_L01,CH1003,-18,False,,8.2,7.9,7.9,,8.0,B+,3.5,True,3.72,3.67,Pass
3748,1334725,HK132_CH1003_L01,CH1003,-18,False,,10.0,10.0,9.0,,9.8,A+,4.0,True,3.97,3.98,Pass
3749,1312219,HK132_CH1003_L01,CH1003,-18,False,,9.5,9.1,7.9,,9.0,A,4.0,True,4.0,4.0,Pass
3750,1343928,HK132_CH1003_L01,CH1003,-18,False,,10.0,8.2,7.8,,8.7,A,4.0,True,4.0,4.0,Pass
3751,1352857,HK132_CH1003_L01,CH1003,-18,False,,8.2,9.2,9.7,,9.0,A,4.0,True,3.97,3.98,Pass
3752,1338370,HK132_CH1003_L01,CH1003,-18,False,,8.4,9.4,9.5,,9.1,A,4.0,True,3.89,3.83,Pass
3753,1368210,HK132_CH1003_L01,CH1003,-18,False,,9.8,10.0,8.7,,9.7,A+,4.0,True,4.0,4.0,Pass
3754,1389987,HK132_CH1003_L01,CH1003,-18,False,,9.0,9.2,9.2,,9.1,A,4.0,True,3.97,3.98,Pass
3755,1329167,HK132_CH1003_L01,CH1003,-18,False,,10.0,7.9,8.3,,8.6,A,4.0,True,3.92,3.95,Pass
3756,1354907,HK132_CH1003_L01,CH1003,-18,False,,7.8,7.9,7.5,,7.8,B,3.0,True,3.56,3.69,Pass
3757,1360602,HK132_LA1003_L01,LA1003,-18,True,2.5,3.8,2.0,,,2.6,F,0.0,False,0.27,1.25,Fail
3758,1332812,HK132_LA1003_L01,LA1003,-18,True,5.0,3.2,3.0,,,3.5,F,0.0,False,0.76,1.33,Fail
3759,1328301,HK132_LA1003_L01,LA1003,-18,True,3.7,4.4,3.1,,,3.6,F,0.0,False,1.59,1.74,Fail
3760,1323335,HK132_LA1003_L01,LA1003,-18,True,3.6,3.9,3.0,,,3.4,F,0.0,False,0.18,1.0,Fail
3761,1374634,HK132_LA1003_L01,LA1003,-18,True,4.5,3.7,3.1,,,3.6,F,0.0,False,1.47,1.64,Fail
3762,1345841,HK132_LA1003_L01,LA1003,-18,True,4.0,2.2,4.6,,,3.8,F,0.0,False,0.0,1.0,Fail
3763,1350807,HK132_LA1003_L01,LA1003,-18,True,3.8,2.4,2.6,,,2.8,F,0.0,False,0.19,1.0,Fail
3764,1395545,HK132_LA1003_L01,LA1003,-18,True,2.5,3.1,3.3,,,3.1,F,0.0,False,0.64,1.0,Fail
3765,1357960,HK132_LA1003_L01,LA1003,-18,True,4.0,3.8,3.5,,,3.7,F,0.0,False,1.44,1.62,Fail
3766,1386616,HK132_LA1003_L01,LA1003,-18,True,2.9,2.2,4.2,,,3.3,F,0.0,False,0.32,1.0,Fail
3767,1353723,HK132_LA1003_L01,LA1003,-18,True,3.6,1.7,4.4,,,3.4,F,0.0,False,0.7,1.16,Fail
3768,1346707,HK132_LA1003_L01,LA1003,-18,True,3.5,3.2,4.2,,,3.8,F,0.0,False,0.19,1.0,Fail
3769,1388392,HK132_LA1003_L01,LA1003,-18,True,3.4,2.6,4.4,,,3.7,F,0.0,False,0.3,1.0,Fail
3770,1304156,HK132_LA1003_L01,LA1003,-18,True,2.9,1.6,3.9,,,3.0,F,0.0,False,0.18,1.0,Fail
3771,1391308,HK132_LA1003_L01,LA1003,-18,True,3.7,4.0,2.7,,,3.3,F,0.0,False,0.27,1.0,Fail
3772,1359418,HK132_LA1003_L01,LA1003,-18,True,2.9,3.7,3.6,,,3.5,F,0.0,False,0.5,1.0,Fail
3773,1378734,HK132_LA1003_L01,LA1003,-18,True,4.2,4.0,3.8,,,3.9,F,0.0,False,0.79,1.21,Fail
3774,1374042,HK132_LA1003_L01,LA1003,-18,True,2.5,3.9,4.3,,,3.8,F,0.0,False,0.14,1.3,Fail
3775,1324930,HK132_LA1003_L01,LA1003,-18,True,2.2,4.0,2.1,,,2.7,F,0.0,False,0.7,1.0,Fail
3776,1374042,HK132_CO1005_L01,CO1005,-18,True,3.3,,2.2,3.9,,2.9,F,0.0,False,0.14,1.3,Fail
3777,1304156,HK132_CO1005_L01,CO1005,-18,True,3.8,,3.9,3.8,,3.8,F,0.0,False,0.18,1.0,Fail
3778,1324930,HK132_CO1005_L01,CO1005,-18,True,3.3,,3.5,2.1,,3.0,F,0.0,False,0.7,1.0,Fail
3779,1395545,HK132_CO1005_L01,CO1005,-18,True,2.5,,3.6,3.4,,3.3,F,0.0,False,0.64,1.0,Fail
3780,1346707,HK132_CO1005_L01,CO1005,-18,True,3.1,,4.7,2.9,,3.8,F,0.0,False,0.19,1.0,Fail
3781,1353723,HK132_CO1005_L01,CO1005,-18,True,3.2,,4.1,3.7,,3.8,F,0.0,False,0.7,1.16,Fail
3782,1323335,HK132_CO1005_L01,CO1005,-18,True,3.5,,3.2,3.1,,3.2,F,0.0,False,0.18,1.0,Fail
3783,1337367,HK132_CO1005_L01,CO1005,-18,True,4.5,,3.9,3.3,,3.8,F,0.0,False,1.2,1.59,Fail
3784,1350807,HK132_CO1005_L01,CO1005,-18,True,4.8,,3.8,3.2,,3.8,F,0.0,False,0.19,1.0,Fail
3785,1360602,HK132_CO1005_L01,CO1005,-18,True,4.3,,2.8,2.6,,3.0,F,0.0,False,0.27,1.25,Fail
3786,1376547,HK132_CO1005_L01,CO1005,-18,True,3.6,,2.5,2.6,,2.8,F,0.0,False,0.21,1.19,Fail
3787,1359418,HK132_CO1005_L01,CO1005,-18,True,4.4,,2.7,3.4,,3.2,F,0.0,False,0.5,1.0,Fail
3788,1391308,HK132_CO1005_L01,CO1005,-18,True,3.1,,3.4,3.9,,3.5,F,0.0,False,0.27,1.0,Fail
3789,1388392,HK132_CO1005_L01,CO1005,-18,True,2.3,,3.8,3.1,,3.3,F,0.0,False,0.3,1.0,Fail
3790,1386616,HK132_CO1005_L01,CO1005,-18,True,4.6,,3.2,4.2,,3.8,F,0.0,False,0.32,1.0,Fail
3791,1323335,HK132_CO1023_L01,CO1023,-18,True,5.9,,2.9,3.4,,3.6,F,0.0,False,0.18,1.0,Fail
3792,1359418,HK132_CO1023_L01,CO1023,-18,True,4.6,,2.9,4.0,,3.5,F,0.0,False,0.5,1.0,Fail
3793,1346707,HK132_CO1023_L01,CO1023,-18,True,3.5,,3.5,2.7,,3.3,F,0.0,False,0.19,1.0,Fail
3794,1360602,HK132_CO1023_L01,CO1023,-18,True,3.3,,2.6,4.1,,3.0,F,0.0,False,0.27,1.25,Fail
3795,1386616,HK132_CO1023_L01,CO1023,-18,True,4.6,,3.4,4.4,,3.8,F,0.0,False,0.32,1.0,Fail
3796,1353723,HK132_CO1023_L01,CO1023,-18,True,4.0,,3.4,4.2,,3.7,F,0.0,False,0.7,1.16,Fail
3797,1391308,HK132_CO1023_L01,CO1023,-18,True,1.6,,3.7,4.0,,3.3,F,0.0,False,0.27,1.0,Fail
3798,1304156,HK132_CO1023_L01,CO1023,-18,True,4.5,,3.1,4.1,,3.6,F,0.0,False,0.18,1.0,Fail
3799,1395545,HK132_CO1023_L01,CO1023,-18,True,4.5,,3.2,3.7,,3.6,F,0.0,False,0.64,1.0,Fail
3800,1376547,HK132_MT1003_L01,MT1003,-18,True,5.1,4.0,3.2,,,3.7,F,0.0,False,0.21,1.19,Fail
3801,1346707,HK132_MT1003_L01,MT1003,-18,True,3.0,3.3,3.5,,,3.4,F,0.0,False,0.19,1.0,Fail
3802,1350807,HK132_MT1003_L01,MT1003,-18,True,3.3,2.8,4.4,,,3.9,F,0.0,False,0.19,1.0,Fail
3803,1391308,HK132_MT1003_L01,MT1003,-18,True,2.9,3.9,2.6,,,2.9,F,0.0,False,0.27,1.0,Fail
3804,1323335,HK132_MT1003_L01,MT1003,-18,True,3.8,4.1,3.9,,,3.9,F,0.0,False,0.18,1.0,Fail
3805,1386616,HK132_MT1003_L01,MT1003,-18,True,4.5,4.4,3.2,,,3.7,F,0.0,False,0.32,1.0,Fail
3806,1376547,HK132_PE1003_L01,PE1003,-18,True,3.4,3.2,3.8,,,3.6,F,0.0,False,0.21,1.19,Fail
3807,1346707,HK132_PE1003_L01,PE1003,-18,True,3.0,4.4,3.5,,,3.6,F,0.0,False,0.19,1.0,Fail
3808,1391308,HK132_PE1003_L01,PE1003,-18,True,3.2,2.7,2.9,,,2.9,F,0.0,False,0.27,1.0,Fail
3809,1360602,HK132_PE1003_L01,PE1003,-18,True,4.7,4.0,3.6,,,3.9,F,0.0,False,0.27,1.25,Fail
3810,1333267,HK132_PH1003_L01,PH1003,-18,True,5.1,4.4,3.2,,,3.8,F,0.0,False,0.95,1.22,Fail
3811,1360602,HK132_PH1003_L01,PH1003,-18,True,4.4,4.1,2.7,,,3.3,F,0.0,False,0.27,1.25,Fail
3812,1350807,HK132_PH1003_L01,PH1003,-18,True,3.0,3.4,4.3,,,3.9,F,0.0,False,0.19,1.0,Fail
3813,1374042,HK132_PH1003_L01,PH1003,-18,True,3.0,5.2,3.6,,,3.8,F,0.0,False,0.14,1.3,Fail
3814,1376547,HK132_PH1003_L01,PH1003,-18,True,3.2,3.7,4.1,,,3.8,F,0.0,False,0.21,1.19,Fail
3815,1346707,HK132_PH1003_L01,PH1003,-18,True,3.6,3.5,3.8,,,3.7,F,0.0,False,0.19,1.0,Fail
3816,1384155,HK132_PH1003_L01,PH1003,-18,True,4.9,5.0,2.8,,,3.7,F,0.0,False,1.26,1.63,Fail
