enrollment_id,student_id,class_id,course_id,semester,retaken,btl,giua_ky,cuoi_ky,lab,quiz,final_score,letter_grade,gpa_4,passed,semester_gpa_4,final_gpa_4,status
1,2393983,HK232_LA1005_L01,LA1005,2,False,8.3,9.4,8.2,,,8.6,A,4.0,True,3.41,3.36,Pass
2,2391432,HK232_LA1005_L01,LA1005,2,False,5.4,7.0,5.7,,,6.0,C,2.0,True,2.71,2.53,Pass
3,2344197,HK232_LA1005_L01,LA1005,2,False,5.0,5.9,5.9,,,5.7,C,2.0,True,2.12,2.27,Pass
4,2360149,HK232_LA1005_L01,LA1005,2,False,7.6,7.0,5.4,,,6.3,C,2.0,True,2.41,2.47,Pass
5,2394604,HK232_LA1005_L01,LA1005,2,False,4.7,7.3,6.4,,,6.3,C,2.0,True,2.47,2.35,Pass
6,2333691,HK232_LA1005_L01,LA1005,2,False,7.0,7.5,6.9,,,7.1,B,3.0,True,2.74,2.56,Pass
7,2314030,HK232_LA1005_L01,LA1005,2,False,8.2,7.4,7.0,,,7.4,B,3.0,True,3.12,3.2,Pass
8,2336779,HK232_LA1005_L01,LA1005,2,False,5.1,5.4,6.5,,,5.9,C,2.0,True,1.71,1.64,Pass
9,2359184,HK232_LA1005_L01,LA1005,2,False,6.5,5.4,5.6,,,5.7,C,2.0,True,1.74,2.0,Pass
10,2363623,HK232_LA1005_L01,LA1005,2,False,7.3,6.5,5.4,,,6.1,C,2.0,True,2.29,2.18,Pass
11,2369497,HK232_LA1005_L01,LA1005,2,False,5.3,3.3,5.3,,,4.7,D,1.0,True,1.74,1.74,Pass
12,2319090,HK232_LA1005_L01,LA1005,2,False,3.9,3.7,4.8,,,4.3,D,1.0,True,1.59,1.58,Pass
13,2363237,HK232_LA1005_L01,LA1005,2,False,4.7,4.7,5.4,,,5.1,D+,1.5,True,1.76,1.56,Pass
14,2336007,HK232_LA1005_L01,LA1005,2,False,5.6,6.7,6.8,,,6.5,C+,2.5,True,2.26,2.18,Pass
15,2331912,HK232_LA1005_L01,LA1005,2,False,6.9,6.3,5.6,,,6.1,C,2.0,True,2.15,2.24,Pass
16,2338902,HK232_LA1005_L01,LA1005,2,False,5.1,7.2,5.6,,,6.0,C,2.0,True,2.85,2.64,Pass
17,2324343,HK232_LA1005_L01,LA1005,2,False,5.5,6.0,6.8,,,6.3,C,2.0,True,2.29,2.26,Pass
18,2322992,HK232_LA1005_L01,LA1005,2,False,6.8,4.4,5.1,,,5.2,D+,1.5,True,1.91,1.74,Pass
19,2370227,HK232_LA1005_L01,LA1005,2,False,6.5,7.8,7.8,,,7.5,B,3.0,True,2.62,2.64,Pass
20,2376294,HK232_LA1005_L01,LA1005,2,False,7.0,3.8,5.2,,,5.1,D+,1.5,True,2.47,2.36,Pass
21,2359335,HK232_LA1005_L01,LA1005,2,False,5.9,6.1,6.7,,,6.4,C+,2.5,True,2.62,2.7,Pass
22,2399429,HK232_LA1005_L01,LA1005,2,False,6.1,5.9,5.4,,,5.7,C,2.0,True,2.32,2.2,Pass
23,2304917,HK232_LA1005_L01,LA1005,2,False,5.6,6.3,6.8,,,6.4,C+,2.5,True,2.41,2.39,Pass
24,2332340,HK232_LA1005_L01,LA1005,2,False,4.7,5.6,5.6,,,5.4,D+,1.5,True,2.26,2.29,Pass
25,2380926,HK232_LA1005_L01,LA1005,2,False,4.8,5.3,5.9,,,5.5,C,2.0,True,1.47,1.58,Pass
26,2347092,HK232_LA1005_L01,LA1005,2,False,6.2,6.1,7.1,,,6.6,C+,2.5,True,2.35,2.35,Pass
27,2309356,HK232_LA1005_L01,LA1005,2,False,7.7,7.4,7.7,,,7.6,B,3.0,True,3.0,2.85,Pass
28,2342804,HK232_LA1005_L01,LA1005,2,False,5.1,5.2,6.4,,,5.8,C,2.0,True,2.15,2.18,Pass
29,2325501,HK232_LA1005_L01,LA1005,2,False,6.8,6.3,5.7,,,6.1,C,2.0,True,2.24,2.39,Pass
30,2328589,HK232_LA1005_L01,LA1005,2,False,6.0,6.3,5.2,,,5.7,C,2.0,True,2.59,2.41,Pass
31,2396106,HK232_LA1005_L01,LA1005,2,False,8.1,7.1,8.0,,,7.8,B,3.0,True,2.94,2.97,Pass
32,2301208,HK232_LA1005_L01,LA1005,2,False,6.1,5.8,5.8,,,5.9,C,2.0,True,2.56,2.68,Pass
33,2397692,HK232_LA1005_L01,LA1005,2,False,6.3,7.3,6.6,,,6.8,C+,2.5,True,2.44,2.21,Pass
34,2344583,HK232_LA1005_L01,LA1005,2,False,5.6,6.6,6.3,,,6.2,C,2.0,True,3.0,2.92,Pass
35,2300436,HK232_LA1005_L01,LA1005,2,False,4.7,5.7,5.6,,,5.4,D+,1.5,True,1.35,1.59,Pass
36,2345162,HK232_LA1005_L01,LA1005,2,False,7.0,7.0,7.0,,,7.0,B,3.0,True,3.09,3.2,Pass
37,2338172,HK232_LA1005_L01,LA1005,2,False,6.9,7.3,7.4,,,7.3,B,3.0,True,3.21,3.26,Pass
38,2374557,HK232_LA1005_L01,LA1005,2,False,5.4,5.8,5.7,,,5.7,C,2.0,True,2.21,2.39,Pass
39,2349987,HK232_LA1005_L01,LA1005,2,False,6.0,6.1,5.7,,,5.9,C,2.0,True,2.35,2.15,Pass
40,2384098,HK232_LA1005_L01,LA1005,2,False,4.4,6.6,6.4,,,6.1,C,2.0,True,2.09,2.23,Pass
41,2391046,HK232_LA1005_L01,LA1005,2,False,6.1,6.9,6.1,,,6.3,C,2.0,True,2.41,2.36,Pass
42,2391667,HK232_LA1005_L01,LA1005,2,False,7.1,7.0,8.7,,,7.9,B,3.0,True,3.09,3.05,Pass
43,2328052,HK232_LA1005_L01,LA1005,2,False,5.2,5.2,5.7,,,5.5,C,2.0,True,2.12,2.14,Pass
44,2310128,HK232_LA1005_L01,LA1005,2,False,4.2,5.2,4.0,,,4.4,D,1.0,True,1.44,1.52,Pass
45,2326466,HK232_LA1005_L01,LA1005,2,False,4.3,4.2,5.5,,,4.9,D,1.0,True,1.71,1.45,Pass
46,2342846,HK232_LA1005_L01,LA1005,2,False,7.9,7.6,6.0,,,6.9,C+,2.5,True,2.91,2.89,Pass
47,2356826,HK232_LA1005_L01,LA1005,2,False,7.9,7.4,6.1,,,6.8,C+,2.5,True,2.62,2.62,Pass
48,2303910,HK232_LA1005_L01,LA1005,2,False,4.8,5.4,4.1,,,4.6,D,1.0,True,1.44,1.67,Pass
49,2377259,HK232_LA1005_L01,LA1005,2,False,5.6,6.7,4.7,,,5.5,C,2.0,True,2.21,1.94,Pass
50,2384249,HK232_LA1005_L01,LA1005,2,False,5.5,5.7,6.2,,,5.9,C,2.0,True,1.88,1.97,Pass
51,2368532,HK232_LA1005_L01,LA1005,2,False,5.0,5.1,6.0,,,5.5,C,2.0,True,1.74,1.67,Pass
52,2396878,HK232_LA1005_L01,LA1005,2,False,3.8,7.4,6.9,,,6.4,C+,2.5,True,2.26,2.39,Pass
53,2337786,HK232_LA1005_L01,LA1005,2,False,6.9,7.7,6.0,,,6.7,C+,2.5,True,3.24,3.24,Pass
54,2341839,HK232_LA1005_L01,LA1005,2,False,6.8,6.0,6.9,,,6.6,C+,2.5,True,2.35,2.41,Pass
55,2337400,HK232_LA1005_L01,LA1005,2,False,9.3,7.5,8.2,,,8.2,B+,3.5,True,3.15,3.12,Pass
56,2385449,HK232_LA1005_L01,LA1005,2,False,7.1,7.6,8.2,,,7.8,B,3.0,True,3.32,3.32,Pass
57,2300394,HK232_LA1005_L01,LA1005,2,False,7.7,6.9,6.3,,,6.8,C+,2.5,True,2.5,2.42,Pass
58,2393404,HK232_LA1005_L01,LA1005,2,False,5.8,5.7,6.5,,,6.1,C,2.0,True,2.71,2.74,Pass
59,2398271,HK232_LA1005_L01,LA1005,2,False,4.5,5.7,4.7,,,5.0,D+,1.5,True,1.76,1.68,Pass
60,2317118,HK232_LA1005_L01,LA1005,2,False,6.6,6.8,5.1,,,5.9,C,2.0,True,2.44,2.29,Pass
61,2395762,HK232_LA1005_L01,LA1005,2,False,7.6,8.9,8.4,,,8.4,B+,3.5,True,3.03,3.21,Pass
62,2386565,HK232_LA1005_L01,LA1005,2,False,6.3,7.7,5.5,,,6.3,C,2.0,True,2.88,2.91,Pass
63,2359377,HK232_LA1005_L01,LA1005,2,False,7.5,7.9,5.7,,,6.7,C+,2.5,True,2.47,2.44,Pass
64,2375908,HK232_LA1005_L01,LA1005,2,False,5.2,4.6,4.9,,,4.9,D,1.0,True,1.71,1.76,Pass
65,2301787,HK232_LA1005_L01,LA1005,2,False,6.3,4.6,5.8,,,5.5,C,2.0,True,1.97,2.02,Pass
66,2395183,HK232_LA1005_L01,LA1005,2,False,5.1,5.3,6.2,,,5.7,C,2.0,True,2.21,2.21,Pass
67,2375522,HK232_LA1005_L01,LA1005,2,False,5.0,5.3,5.0,,,5.1,D+,1.5,True,1.41,1.36,Pass
68,2354317,HK232_LA1005_L01,LA1005,2,False,4.7,5.6,5.3,,,5.3,D+,1.5,True,1.97,2.15,Pass
69,2323336,HK232_LA1005_L01,LA1005,2,False,5.4,6.2,4.2,,,5.0,D+,1.5,True,2.38,2.44,Pass
70,2368490,HK232_LA1005_L01,LA1005,2,False,5.7,7.4,6.2,,,6.5,C+,2.5,True,2.44,2.48,Pass
71,2365167,HK232_LA1005_L01,LA1005,2,False,5.1,4.9,4.9,,,4.9,D,1.0,True,1.59,1.61,Pass
72,2398464,HK232_LA1005_L01,LA1005,2,False,5.2,6.6,6.8,,,6.4,C+,2.5,True,2.62,2.5,Pass
73,2374322,HK232_LA1005_L01,LA1005,2,False,7.0,4.9,4.9,,,5.3,D+,1.5,True,1.68,1.56,Pass
74,2346320,HK232_LA1005_L01,LA1005,2,False,6.8,6.0,5.8,,,6.1,C,2.0,True,2.18,2.17,Pass
75,2301166,HK232_LA1005_L01,LA1005,2,False,5.3,6.9,5.9,,,6.1,C,2.0,True,2.21,2.08,Pass
76,2301745,HK232_LA1005_L01,LA1005,2,False,5.0,5.9,8.1,,,6.8,C+,2.5,True,2.74,2.71,Pass
77,2395569,HK232_LA1005_L01,LA1005,2,False,5.6,5.6,6.3,,,5.9,C,2.0,True,2.62,2.53,Pass
78,2365209,HK232_LA1005_L01,LA1005,2,False,7.0,6.8,7.3,,,7.1,B,3.0,True,3.0,2.77,Pass
79,2384484,HK232_LA1005_L01,LA1005,2,False,5.8,6.4,5.4,,,5.8,C,2.0,True,2.5,2.44,Pass
80,2397264,HK232_LA1005_L01,LA1005,2,False,5.7,5.6,5.8,,,5.7,C,2.0,True,1.88,2.11,Pass
81,2375136,HK232_LA1005_L01,LA1005,2,False,5.6,5.8,5.3,,,5.5,C,2.0,True,2.18,2.21,Pass
82,2344155,HK232_LA1005_L01,LA1005,2,False,5.9,3.7,6.8,,,5.7,C,2.0,True,2.21,2.3,Pass
83,2380582,HK232_LA1005_L01,LA1005,2,False,5.1,7.0,5.9,,,6.1,C,2.0,True,2.76,2.5,Pass
84,2376680,HK232_LA1005_L01,LA1005,2,False,5.4,4.8,7.0,,,6.0,C,2.0,True,2.29,2.29,Pass
85,2372971,HK232_LA1005_L01,LA1005,2,False,5.7,6.2,6.5,,,6.2,C,2.0,True,2.32,2.17,Pass
86,2306998,HK232_LA1005_L01,LA1005,2,False,6.2,6.1,7.4,,,6.8,C+,2.5,True,2.76,2.56,Pass
87,2390123,HK232_LA1005_L01,LA1005,2,False,5.3,4.4,5.0,,,4.9,D,1.0,True,2.06,2.11,Pass
88,2301015,HK232_LA1005_L01,LA1005,2,False,4.1,3.9,4.2,,,4.1,D,1.0,True,1.29,1.33,Pass
89,2342418,HK232_LA1005_L01,LA1005,2,False,3.8,3.4,5.8,,,4.7,D,1.0,True,1.56,1.56,Pass
90,2390853,HK232_LA1005_L01,LA1005,2,False,5.1,6.2,4.8,,,5.3,D+,1.5,True,2.12,2.29,Pass
91,2331719,HK232_LA1005_L01,LA1005,2,False,5.5,6.4,6.1,,,6.1,C,2.0,True,2.5,2.55,Pass
92,2360921,HK232_LA1005_L01,LA1005,2,False,4.9,6.2,7.5,,,6.6,C+,2.5,True,2.59,2.53,Pass
93,2322027,HK232_LA1005_L01,LA1005,2,False,5.3,5.2,4.7,,,5.0,D+,1.5,True,2.35,2.23,Pass
94,2387379,HK232_LA1005_L01,LA1005,2,False,8.1,5.7,6.8,,,6.7,C+,2.5,True,2.5,2.56,Pass
95,2386993,HK232_LA1005_L01,LA1005,2,False,6.2,5.1,5.1,,,5.3,D+,1.5,True,1.97,2.03,Pass
96,2339095,HK232_LA1005_L01,LA1005,2,False,6.5,6.4,5.9,,,6.2,C,2.0,True,2.5,2.42,Pass
97,2373978,HK232_LA1005_L01,LA1005,2,False,3.7,6.2,5.6,,,5.4,D+,1.5,True,2.12,2.11,Pass
98,2349643,HK232_LA1005_L01,LA1005,2,False,5.7,4.1,5.0,,,4.9,D,1.0,True,1.65,1.55,Pass
99,2389888,HK232_LA1005_L01,LA1005,2,False,6.3,4.2,4.5,,,4.8,D,1.0,True,1.74,1.38,Pass
100,2388537,HK232_LA1005_L01,LA1005,2,False,5.2,6.4,6.6,,,6.3,C,2.0,True,2.44,2.33,Pass
101,2342460,HK232_LA1005_L01,LA1005,2,False,5.4,6.6,6.2,,,6.2,C,2.0,True,2.44,2.38,Pass
102,2304103,HK232_LA1005_L01,LA1005,2,False,5.2,4.5,6.3,,,5.5,C,2.0,True,1.82,1.76,Pass
103,2354854,HK232_LA1005_L01,LA1005,2,False,4.9,6.7,5.7,,,5.8,C,2.0,True,1.88,2.14,Pass
104,2380775,HK232_LA1005_L01,LA1005,2,False,5.8,5.0,5.5,,,5.4,D+,1.5,True,2.21,2.55,Pass
105,2394369,HK232_LA1005_L01,LA1005,2,False,3.3,5.2,4.6,,,4.5,D,1.0,True,1.88,1.55,Pass
106,2391281,HK232_LA1005_L01,LA1005,2,False,7.2,5.5,5.1,,,5.6,C,2.0,True,2.0,2.0,Pass
107,2381505,HK232_LA1005_L01,LA1005,2,False,5.8,4.5,4.6,,,4.8,D,1.0,True,1.91,1.82,Pass
108,2345548,HK232_LA1005_L01,LA1005,2,False,6.0,5.9,6.5,,,6.2,C,2.0,True,2.41,2.38,Pass
109,2349794,HK232_LA1005_L01,LA1005,2,False,6.2,6.6,6.9,,,6.7,C+,2.5,True,2.53,2.52,Pass
110,2364202,HK232_LA1005_L01,LA1005,2,False,4.6,4.1,5.7,,,5.0,D+,1.5,True,1.97,1.77,Pass
111,2396341,HK232_LA1005_L01,LA1005,2,False,6.5,6.5,5.9,,,6.2,C,2.0,True,2.47,2.5,Pass
112,2321406,HK232_LA1005_L01,LA1005,2,False,6.1,6.7,6.4,,,6.4,C+,2.5,True,2.44,2.7,Pass
113,2354275,HK232_LA1005_L01,LA1005,2,False,6.2,5.9,5.8,,,5.9,C,2.0,True,2.15,2.15,Pass
114,2321213,HK232_LA1005_L01,LA1005,2,False,6.2,5.4,6.4,,,6.1,C,2.0,True,2.53,2.55,Pass
115,2338709,HK232_LA1005_L01,LA1005,2,False,5.7,6.6,5.5,,,5.9,C,2.0,True,2.24,2.17,Pass
116,2370462,HK232_LA1005_L02,LA1005,2,False,5.0,5.2,5.9,,,5.5,C,2.0,True,1.68,1.5,Pass
117,2302752,HK232_LA1005_L02,LA1005,2,False,4.1,3.9,3.9,,,3.9,F,0.0,False,1.35,1.65,Fail
118,2373399,HK232_LA1005_L02,LA1005,2,False,4.6,5.0,5.4,,,5.1,D+,1.5,True,1.76,1.76,Pass
119,2339137,HK232_LA1005_L02,LA1005,2,False,6.1,6.1,4.4,,,5.2,D+,1.5,True,2.53,2.56,Pass
120,2350222,HK232_LA1005_L02,LA1005,2,False,5.0,6.2,5.4,,,5.6,C,2.0,True,2.32,2.14,Pass
121,2375715,HK232_LA1005_L02,LA1005,2,False,5.8,5.9,7.2,,,6.5,C+,2.5,True,2.5,2.26,Pass
122,2345741,HK232_LA1005_L02,LA1005,2,False,5.8,5.6,7.1,,,6.4,C+,2.5,True,2.47,2.45,Pass
123,2397071,HK232_LA1005_L02,LA1005,2,False,5.8,5.3,7.1,,,6.3,C,2.0,True,2.15,2.12,Pass
124,2306268,HK232_LA1005_L02,LA1005,2,False,5.2,5.3,4.4,,,4.8,D,1.0,True,2.06,2.15,Pass
125,2318704,HK232_LA1005_L02,LA1005,2,False,6.8,5.8,5.3,,,5.8,C,2.0,True,2.12,2.12,Pass
126,2391625,HK232_LA1005_L02,LA1005,2,False,7.3,6.0,6.3,,,6.4,C+,2.5,True,2.68,2.71,Pass
127,2348636,HK232_LA1005_L02,LA1005,2,False,4.4,5.4,5.5,,,5.2,D+,1.5,True,1.94,1.97,Pass
128,2355475,HK232_LA1005_L02,LA1005,2,False,5.2,5.2,4.4,,,4.8,D,1.0,True,1.74,1.7,Pass
129,2333112,HK232_LA1005_L02,LA1005,2,False,7.9,7.4,8.5,,,8.1,B+,3.5,True,3.29,3.14,Pass
130,2359914,HK232_LA1005_L02,LA1005,2,False,4.9,4.7,5.0,,,4.9,D,1.0,True,1.76,1.7,Pass
131,2310170,HK232_LA1005_L02,LA1005,2,False,6.9,7.7,5.9,,,6.6,C+,2.5,True,2.53,2.62,Pass
132,2365981,HK232_LA1005_L02,LA1005,2,False,5.1,4.3,5.3,,,5.0,D+,1.5,True,1.68,1.76,Pass
133,2375673,HK232_LA1005_L02,LA1005,2,False,5.8,3.5,6.1,,,5.3,D+,1.5,True,2.06,1.98,Pass
134,2344390,HK232_LA1005_L02,LA1005,2,False,6.3,6.4,7.4,,,6.9,C+,2.5,True,2.79,2.83,Pass
135,2300201,HK232_LA1005_L02,LA1005,2,False,8.9,7.6,10.0,,,9.1,A,4.0,True,3.35,3.12,Pass
136,2353310,HK232_LA1005_L02,LA1005,2,False,5.0,5.8,6.1,,,5.8,C,2.0,True,2.24,2.29,Pass
137,2307812,HK232_LA1005_L02,LA1005,2,False,6.5,5.2,6.5,,,6.1,C,2.0,True,2.09,2.17,Pass
138,2396299,HK232_LA1005_L02,LA1005,2,False,7.5,8.0,7.3,,,7.5,B,3.0,True,3.0,3.0,Pass
139,2342653,HK232_LA1005_L02,LA1005,2,False,5.7,6.5,5.6,,,5.9,C,2.0,True,2.47,2.39,Pass
140,2311093,HK232_LA1005_L02,LA1005,2,False,5.9,5.1,4.6,,,5.0,D+,1.5,True,1.74,1.83,Pass
141,2316539,HK232_LA1005_L02,LA1005,2,False,2.7,3.7,4.5,,,3.9,F,0.0,False,0.33,1.0,Fail
142,2323764,HK232_LA1005_L02,LA1005,2,False,4.8,5.7,5.7,,,5.5,C,2.0,True,1.56,1.71,Pass
143,2322950,HK232_LA1005_L02,LA1005,2,False,5.2,6.8,5.1,,,5.6,C,2.0,True,2.35,2.47,Pass
144,2308970,HK232_LA1005_L02,LA1005,2,False,5.6,5.9,6.7,,,6.2,C,2.0,True,2.76,2.88,Pass
145,2363044,HK232_LA1005_L02,LA1005,2,False,5.7,6.5,6.7,,,6.4,C+,2.5,True,2.59,2.61,Pass
146,2396534,HK232_LA1005_L02,LA1005,2,False,6.0,6.4,6.4,,,6.3,C,2.0,True,2.41,2.47,Pass
147,2385986,HK232_LA1005_L02,LA1005,2,False,6.2,6.0,6.4,,,6.2,C,2.0,True,2.47,2.41,Pass
148,2333456,HK232_LA1005_L02,LA1005,2,False,2.5,4.8,4.4,,,4.1,D,1.0,True,1.47,1.5,Pass
149,2390702,HK232_LA1005_L02,LA1005,2,False,4.9,5.5,4.5,,,4.9,D,1.0,True,1.71,1.59,Pass
150,2389544,HK232_LA1005_L02,LA1005,2,False,5.6,5.4,5.5,,,5.5,C,2.0,True,2.29,2.26,Pass
151,2308777,HK232_LA1005_L02,LA1005,2,False,6.8,6.1,6.7,,,6.5,C+,2.5,True,2.41,2.42,Pass
152,2390509,HK232_LA1005_L02,LA1005,2,False,5.2,6.8,6.2,,,6.2,C,2.0,True,2.35,2.23,Pass
153,2381740,HK232_LA1005_L02,LA1005,2,False,7.1,6.4,6.1,,,6.4,C+,2.5,True,2.47,2.29,Pass
154,2329210,HK232_LA1005_L02,LA1005,2,False,6.7,6.7,5.7,,,6.2,C,2.0,True,2.5,2.33,Pass
155,2307384,HK232_LA1005_L02,LA1005,2,False,4.5,6.1,2.9,,,4.2,D,1.0,True,1.85,1.56,Pass
156,2379424,HK232_LA1005_L02,LA1005,2,False,5.6,6.0,5.2,,,5.5,C,2.0,True,2.79,2.83,Pass
157,2315767,HK232_LA1005_L02,LA1005,2,False,5.3,5.3,6.3,,,5.8,C,2.0,True,1.74,1.77,Pass
158,2306805,HK232_LA1005_L02,LA1005,2,False,6.0,5.8,5.6,,,5.7,C,2.0,True,2.21,2.08,Pass
159,2352538,HK232_LA1005_L02,LA1005,2,False,6.6,5.8,6.3,,,6.2,C,2.0,True,2.09,2.2,Pass
160,2390467,HK232_LA1005_L02,LA1005,2,False,9.8,8.1,6.6,,,7.7,B,3.0,True,3.0,2.94,Pass
161,2325929,HK232_LA1005_L02,LA1005,2,False,5.4,4.9,5.8,,,5.4,D+,1.5,True,1.47,1.44,Pass
162,2319669,HK232_LA1005_L02,LA1005,2,False,5.5,6.6,6.5,,,6.3,C,2.0,True,2.24,2.18,Pass
163,2346127,HK232_LA1005_L02,LA1005,2,False,8.1,5.8,6.7,,,6.7,C+,2.5,True,2.56,2.29,Pass
164,2336821,HK232_LA1005_L02,LA1005,2,False,7.7,7.1,6.6,,,7.0,B,3.0,True,3.09,3.14,Pass
165,2359763,HK232_LA1005_L02,LA1005,2,False,6.1,7.7,6.5,,,6.8,C+,2.5,True,2.47,2.5,Pass
166,2390316,HK232_LA1005_L02,LA1005,2,False,6.3,6.3,5.8,,,6.0,C,2.0,True,2.21,2.21,Pass
167,2320441,HK232_LA1005_L02,LA1005,2,False,7.3,8.1,7.3,,,7.5,B,3.0,True,2.79,2.86,Pass
168,2372006,HK232_LA1005_L02,LA1005,2,False,6.3,5.9,6.7,,,6.4,C+,2.5,True,2.41,2.33,Pass
169,2316346,HK232_LA1005_L02,LA1005,2,False,6.0,5.3,5.2,,,5.4,D+,1.5,True,2.41,2.48,Pass
170,2384442,HK232_LA1005_L02,LA1005,2,False,5.2,6.0,5.7,,,5.7,C,2.0,True,2.35,2.29,Pass
171,2300629,HK232_LA1005_L02,LA1005,2,False,6.1,5.6,6.5,,,6.2,C,2.0,True,2.09,1.97,Pass
172,2384056,HK232_LA1005_L02,LA1005,2,False,6.0,5.7,6.4,,,6.1,C,2.0,True,2.32,2.17,Pass
173,2343576,HK232_LA1005_L02,LA1005,2,False,6.5,10.0,7.3,,,7.9,B,3.0,True,3.21,3.21,Pass
174,2385407,HK232_LA1005_L02,LA1005,2,False,5.4,4.6,6.0,,,5.5,C,2.0,True,1.88,1.8,Pass
175,2325115,HK232_LA1005_L02,LA1005,2,False,6.6,6.5,6.3,,,6.4,C+,2.5,True,2.35,2.23,Pass
176,2321062,HK232_LA1005_L02,LA1005,2,False,4.8,5.3,5.4,,,5.2,D+,1.5,True,0.59,1.14,Pass
177,2311328,HK232_LA1005_L02,LA1005,2,False,5.9,6.5,7.6,,,6.9,C+,2.5,True,2.71,2.62,Pass
178,2358949,HK232_LA1005_L02,LA1005,2,False,5.3,6.6,5.7,,,5.9,C,2.0,True,2.53,2.33,Pass
179,2312486,HK232_LA1005_L02,LA1005,2,False,5.9,6.1,5.1,,,5.6,C,2.0,True,2.12,2.09,Pass
180,2354661,HK232_LA1005_L02,LA1005,2,False,5.4,6.1,6.2,,,6.0,C,2.0,True,2.65,2.42,Pass
181,2383477,HK232_LA1005_L02,LA1005,2,False,6.3,5.2,7.0,,,6.3,C,2.0,True,2.09,2.15,Pass
182,2395141,HK232_LA1005_L02,LA1005,2,False,3.9,3.6,3.1,,,3.4,F,0.0,False,1.26,1.42,Fail
183,2305496,HK232_LA1005_L02,LA1005,2,False,5.9,6.6,6.9,,,6.6,C+,2.5,True,2.29,2.32,Pass
184,2303717,HK232_LA1005_L02,LA1005,2,False,3.8,3.2,3.2,,,3.3,F,0.0,False,0.5,1.09,Fail
185,2357212,HK232_LA1005_L02,LA1005,2,False,6.6,5.0,6.1,,,5.9,C,2.0,True,2.56,2.36,Pass
186,2391818,HK232_LA1005_L02,LA1005,2,False,5.2,7.0,5.9,,,6.1,C,2.0,True,2.18,2.38,Pass
187,2316388,HK232_LA1005_L02,LA1005,2,False,6.4,7.6,6.2,,,6.7,C+,2.5,True,2.88,2.92,Pass
188,2368876,HK232_LA1005_L02,LA1005,2,False,5.8,6.1,5.9,,,5.9,C,2.0,True,2.12,1.94,Pass
189,2370034,HK232_LA1005_L02,LA1005,2,False,5.6,5.8,4.6,,,5.2,D+,1.5,True,1.79,1.79,Pass
190,2315423,HK232_LA1005_L02,LA1005,2,False,5.3,5.2,4.9,,,5.1,D+,1.5,True,1.82,1.67,Pass
191,2302131,HK232_LA1005_L02,LA1005,2,False,5.8,4.2,4.1,,,4.5,D,1.0,True,1.88,1.92,Pass
192,2362851,HK232_LA1005_L02,LA1005,2,False,5.9,5.6,7.5,,,6.6,C+,2.5,True,2.56,2.45,Pass
193,2367332,HK232_LA1005_L02,LA1005,2,False,8.7,6.8,7.0,,,7.3,B,3.0,True,3.06,2.95,Pass
194,2321834,HK232_LA1005_L02,LA1005,2,False,6.3,5.4,5.8,,,5.8,C,2.0,True,2.32,2.21,Pass
195,2385835,HK232_LA1005_L02,LA1005,2,False,5.8,7.4,5.9,,,6.3,C,2.0,True,1.79,1.74,Pass
196,2331761,HK232_LA1005_L02,LA1005,2,False,6.0,5.9,5.1,,,5.5,C,2.0,True,1.91,1.95,Pass
197,2334035,HK232_LA1005_L02,LA1005,2,False,7.3,6.5,8.4,,,7.6,B,3.0,True,2.97,3.05,Pass
198,2309742,HK232_LA1005_L02,LA1005,2,False,6.2,6.0,6.4,,,6.2,C,2.0,True,2.29,2.42,Pass
199,2348443,HK232_LA1005_L02,LA1005,2,False,4.3,3.8,5.4,,,4.7,D,1.0,True,1.56,1.52,Pass
200,2343232,HK232_LA1005_L02,LA1005,2,False,6.6,5.5,7.0,,,6.5,C+,2.5,True,2.29,2.56,Pass
201,2319283,HK232_LA1005_L02,LA1005,2,False,8.4,7.2,6.8,,,7.2,B,3.0,True,2.82,2.91,Pass
202,2341260,HK232_LA1005_L02,LA1005,2,False,6.1,6.3,6.9,,,6.6,C+,2.5,True,3.35,3.24,Pass
203,2356440,HK232_LA1005_L02,LA1005,2,False,4.7,5.2,5.4,,,5.2,D+,1.5,True,1.74,1.79,Pass
204,2336628,HK232_LA1005_L02,LA1005,2,False,5.3,4.5,4.2,,,4.5,D,1.0,True,1.97,1.95,Pass
205,2383863,HK232_LA1005_L02,LA1005,2,False,5.3,4.4,5.5,,,5.1,D+,1.5,True,1.82,1.79,Pass
206,2390081,HK232_LA1005_L02,LA1005,2,False,7.0,7.7,7.3,,,7.4,B,3.0,True,2.59,2.59,Pass
207,2343618,HK232_LA1005_L02,LA1005,2,False,7.3,7.6,8.5,,,8.0,B+,3.5,True,3.03,3.08,Pass
208,2308005,HK232_LA1005_L02,LA1005,2,False,3.0,4.0,2.7,,,3.2,F,0.0,False,0.68,1.12,Fail
209,2302517,HK232_LA1005_L02,LA1005,2,False,0.2,3.8,4.4,,,3.4,F,0.0,False,0.74,1.06,Fail
210,2311479,HK232_LA1005_L02,LA1005,2,False,5.9,6.0,6.6,,,6.3,C,2.0,True,2.74,2.7,Pass
211,2372199,HK232_LA1005_L02,LA1005,2,False,5.2,6.1,5.9,,,5.8,C,2.0,True,1.82,1.91,Pass
212,2315616,HK232_LA1005_L02,LA1005,2,False,8.1,8.1,8.1,,,8.1,B+,3.5,True,3.26,3.21,Pass
213,2386414,HK232_LA1005_L02,LA1005,2,False,8.8,7.4,7.0,,,7.5,B,3.0,True,3.0,3.02,Pass
214,2359721,HK232_LA1005_L02,LA1005,2,False,7.9,7.2,6.2,,,6.8,C+,2.5,True,2.68,2.56,Pass
215,2368918,HK232_LA1005_L02,LA1005,2,False,4.8,4.9,4.4,,,4.6,D,1.0,True,1.29,1.59,Pass
216,2361114,HK232_LA1005_L02,LA1005,2,False,6.3,6.9,6.0,,,6.3,C,2.0,True,2.41,2.39,Pass
217,2345934,HK232_LA1005_L02,LA1005,2,False,4.9,4.2,6.0,,,5.2,D+,1.5,True,1.26,1.29,Pass
218,2391474,HK232_LA1005_L02,LA1005,2,False,6.7,6.0,6.4,,,6.3,C,2.0,True,2.53,2.45,Pass
219,2324536,HK232_LA1005_L02,LA1005,2,False,5.8,6.6,6.6,,,6.4,C+,2.5,True,2.15,2.39,Pass
220,2397885,HK232_LA1005_L02,LA1005,2,False,6.8,6.1,6.2,,,6.3,C,2.0,True,2.53,2.59,Pass
221,2364051,HK232_LA1005_L02,LA1005,2,False,7.7,7.0,6.6,,,6.9,C+,2.5,True,2.5,2.33,Pass
222,2323378,HK232_LA1005_L02,LA1005,2,False,5.2,5.4,6.8,,,6.1,C,2.0,True,2.53,2.3,Pass
223,2301938,HK232_LA1005_L02,LA1005,2,False,7.5,9.0,7.9,,,8.1,B+,3.5,True,3.32,3.44,Pass
224,2315809,HK232_LA1005_L02,LA1005,2,False,6.3,5.2,6.2,,,5.9,C,2.0,True,2.0,1.95,Pass
225,2392632,HK232_LA1005_L02,LA1005,2,False,4.7,5.2,5.5,,,5.2,D+,1.5,True,1.97,1.86,Pass
226,2396148,HK232_LA1005_L02,LA1005,2,False,6.2,6.2,5.8,,,6.0,C,2.0,True,2.15,2.06,Pass
227,2368297,HK232_LA1005_L02,LA1005,2,False,5.1,5.2,7.7,,,6.4,C+,2.5,True,2.71,2.59,Pass
228,2323143,HK232_LA1005_L02,LA1005,2,False,5.1,7.2,5.3,,,5.8,C,2.0,True,2.53,2.52,Pass
229,2326894,HK232_LA1005_L02,LA1005,2,False,6.9,6.9,5.1,,,6.0,C,2.0,True,2.59,2.61,Pass
230,2337744,HK232_LA1005_L02,LA1005,2,False,6.4,5.2,5.8,,,5.7,C,2.0,True,2.29,2.2,Pass
231,2363665,HK232_LA1005_L03,LA1005,2,False,8.2,6.4,6.9,,,7.0,B,3.0,True,2.12,2.08,Pass
232,2342611,HK232_LA1005_L03,LA1005,2,False,3.9,3.7,4.3,,,4.0,D,1.0,True,1.88,1.71,Pass
233,2369304,HK232_LA1005_L03,LA1005,2,False,5.6,5.8,5.5,,,5.6,C,2.0,True,2.06,2.05,Pass
234,2396727,HK232_LA1005_L03,LA1005,2,False,7.9,7.6,7.8,,,7.8,B,3.0,True,3.68,3.61,Pass
235,2337165,HK232_LA1005_L03,LA1005,2,False,4.0,4.3,4.6,,,4.4,D,1.0,True,1.21,1.38,Pass
236,2392053,HK232_LA1005_L03,LA1005,2,False,5.8,6.2,5.0,,,5.5,C,2.0,True,2.03,2.14,Pass
237,2320634,HK232_LA1005_L03,LA1005,2,False,7.8,7.9,7.2,,,7.5,B,3.0,True,3.12,3.24,Pass
238,2321020,HK232_LA1005_L03,LA1005,2,False,6.0,6.8,5.9,,,6.2,C,2.0,True,2.24,2.12,Pass
239,2341453,HK232_LA1005_L03,LA1005,2,False,8.2,7.1,6.9,,,7.2,B,3.0,True,3.12,3.14,Pass
240,2350994,HK232_LA1005_L03,LA1005,2,False,4.5,5.2,5.5,,,5.2,D+,1.5,True,2.03,1.97,Pass
241,2375094,HK232_LA1005_L03,LA1005,2,False,5.7,6.1,4.3,,,5.1,D+,1.5,True,2.24,2.24,Pass
242,2382898,HK232_LA1005_L03,LA1005,2,False,7.2,5.6,7.4,,,6.8,C+,2.5,True,2.24,2.24,Pass
243,2330947,HK232_LA1005_L03,LA1005,2,False,8.1,8.9,8.5,,,8.5,A,4.0,True,3.18,3.18,Pass
244,2357833,HK232_LA1005_L03,LA1005,2,False,5.5,5.7,6.5,,,6.1,C,2.0,True,2.0,2.05,Pass
245,2316732,HK232_LA1005_L03,LA1005,2,False,4.8,5.1,5.8,,,5.4,D+,1.5,True,2.06,2.09,Pass
246,2384635,HK232_LA1005_L03,LA1005,2,False,7.0,8.1,5.8,,,6.7,C+,2.5,True,3.06,2.98,Pass
247,2382512,HK232_LA1005_L03,LA1005,2,False,4.9,5.1,4.0,,,4.5,D,1.0,True,1.74,1.76,Pass
248,2319862,HK232_LA1005_L03,LA1005,2,False,8.7,7.8,4.6,,,6.4,C+,2.5,True,3.35,3.41,Pass
249,2332533,HK232_LA1005_L03,LA1005,2,False,6.7,6.4,6.3,,,6.4,C+,2.5,True,2.29,2.27,Pass
250,2348678,HK232_LA1005_L03,LA1005,2,False,5.3,5.0,4.7,,,4.9,D,1.0,True,2.09,1.98,Pass
251,2390895,HK232_LA1005_L03,LA1005,2,False,4.7,5.1,3.7,,,4.3,D,1.0,True,1.65,1.55,Pass
252,2305882,HK232_LA1005_L03,LA1005,2,False,5.6,7.4,5.5,,,6.1,C,2.0,True,2.26,2.38,Pass
253,2360342,HK232_LA1005_L03,LA1005,2,False,4.8,5.5,4.1,,,4.7,D,1.0,True,1.35,1.33,Pass
254,2397499,HK232_LA1005_L03,LA1005,2,False,5.6,5.1,7.5,,,6.4,C+,2.5,True,2.32,2.29,Pass
255,2349601,HK232_LA1005_L03,LA1005,2,False,6.6,7.1,7.5,,,7.2,B,3.0,True,3.0,3.05,Pass
256,2357019,HK232_LA1005_L03,LA1005,2,False,7.6,7.8,7.3,,,7.5,B,3.0,True,3.44,3.29,Pass
257,2327817,HK232_LA1005_L03,LA1005,2,False,8.7,8.6,6.2,,,7.4,B,3.0,True,3.29,3.58,Pass
258,2399815,HK232_LA1005_L03,LA1005,2,False,6.0,7.1,6.4,,,6.5,C+,2.5,True,2.56,2.8,Pass
259,2374943,HK232_LA1005_L03,LA1005,2,False,3.8,5.2,4.9,,,4.8,D,1.0,True,0.48,1.0,Pass
260,2351187,HK232_LA1005_L03,LA1005,2,False,5.3,5.0,6.0,,,5.6,C,2.0,True,1.82,1.65,Pass
261,2315574,HK232_LA1005_L03,LA1005,2,False,6.4,5.8,5.9,,,6.0,C,2.0,True,2.74,2.7,Pass
262,2354896,HK232_LA1005_L03,LA1005,2,False,5.7,6.3,5.8,,,5.9,C,2.0,True,2.32,2.27,Pass
263,2398078,HK232_LA1005_L03,LA1005,2,False,6.3,5.5,5.2,,,5.5,C,2.0,True,2.29,2.2,Pass
264,2314416,HK232_LA1005_L03,LA1005,2,False,6.2,5.8,5.3,,,5.6,C,2.0,True,2.59,2.58,Pass
265,2349215,HK232_LA1005_L03,LA1005,2,False,5.8,6.7,5.5,,,5.9,C,2.0,True,2.38,2.38,Pass
266,2306461,HK232_LA1005_L03,LA1005,2,False,3.5,2.7,3.5,,,3.3,F,0.0,False,0.2,1.0,Fail
267,2359570,HK232_LA1005_L03,LA1005,2,False,7.8,3.9,6.0,,,5.7,C,2.0,True,2.12,2.14,Pass
268,2397306,HK232_LA1005_L03,LA1005,2,False,5.4,6.6,4.9,,,5.5,C,2.0,True,2.65,2.61,Pass
269,2360300,HK232_LA1005_L03,LA1005,2,False,8.2,7.4,8.6,,,8.2,B+,3.5,True,3.44,3.55,Pass
270,2302366,HK232_LA1005_L03,LA1005,2,False,7.1,6.4,5.6,,,6.1,C,2.0,True,2.76,2.74,Pass
271,2326273,HK232_LA1005_L03,LA1005,2,False,6.1,5.8,6.9,,,6.4,C+,2.5,True,2.47,2.36,Pass
272,2353738,HK232_LA1005_L03,LA1005,2,False,5.2,5.1,4.4,,,4.8,D,1.0,True,1.43,1.75,Pass
273,2393211,HK232_LA1005_L03,LA1005,2,False,8.2,8.1,6.9,,,7.5,B,3.0,True,3.09,3.21,Pass
274,2327859,HK232_LA1005_L03,LA1005,2,False,3.0,3.7,4.8,,,4.1,D,1.0,True,1.74,1.65,Pass
275,2364244,HK232_LA1005_L03,LA1005,2,False,6.9,6.0,5.7,,,6.0,C,2.0,True,2.5,2.32,Pass
276,2303331,HK232_LA1005_L03,LA1005,2,False,7.2,6.2,6.7,,,6.7,C+,2.5,True,2.71,2.52,Pass
277,2359142,HK232_LA1005_L03,LA1005,2,False,4.7,4.6,5.5,,,5.1,D+,1.5,True,1.79,1.64,Pass
278,2358605,HK232_LA1005_L03,LA1005,2,False,7.3,6.4,6.5,,,6.6,C+,2.5,True,2.44,2.35,Pass
279,2379961,HK232_LA1005_L03,LA1005,2,False,4.9,5.1,6.2,,,5.6,C,2.0,True,1.91,2.2,Pass
280,2344348,HK232_LA1005_L03,LA1005,2,False,6.3,5.7,5.8,,,5.9,C,2.0,True,1.85,1.79,Pass
281,2340102,HK232_LA1005_L03,LA1005,2,False,4.6,5.5,4.7,,,4.9,D,1.0,True,1.82,1.56,Pass
282,2370999,HK232_LA1005_L03,LA1005,2,False,6.7,6.9,4.0,,,5.4,D+,1.5,True,2.56,2.62,Pass
283,2334270,HK232_LA1005_L03,LA1005,2,False,5.9,7.5,6.5,,,6.7,C+,2.5,True,2.35,2.45,Pass
284,2348829,HK232_LA1005_L03,LA1005,2,False,6.7,6.8,8.2,,,7.5,B,3.0,True,3.18,3.17,Pass
285,2344004,HK232_LA1005_L03,LA1005,2,False,6.7,6.7,5.7,,,6.2,C,2.0,True,3.24,3.26,Pass
286,2338323,HK232_LA1005_L03,LA1005,2,False,6.2,4.9,4.3,,,4.9,D,1.0,True,2.32,2.39,Pass
287,2380968,HK232_LA1005_L03,LA1005,2,False,6.4,6.1,6.5,,,6.4,C+,2.5,True,2.35,2.53,Pass
288,2300008,HK232_LA1005_L03,LA1005,2,False,7.3,5.2,4.9,,,5.5,C,2.0,True,2.24,2.27,Pass
289,2349408,HK232_LA1005_L03,LA1005,2,False,5.7,5.4,5.6,,,5.6,C,2.0,True,2.65,2.5,Pass
290,2349450,HK232_LA1005_L03,LA1005,2,False,7.3,8.3,7.8,,,7.8,B,3.0,True,3.06,3.03,Pass
291,2359956,HK232_LA1005_L03,LA1005,2,False,6.1,7.3,6.8,,,6.8,C+,2.5,True,3.41,3.32,Pass
292,2319476,HK232_LA1005_L03,LA1005,2,False,5.2,4.6,5.5,,,5.2,D+,1.5,True,1.82,1.85,Pass
293,2304875,HK232_LA1005_L03,LA1005,2,False,4.8,4.3,5.0,,,4.8,D,1.0,True,1.71,1.58,Pass
294,2395527,HK232_LA1005_L03,LA1005,2,False,7.3,4.9,5.2,,,5.5,C,2.0,True,1.94,1.86,Pass
295,2351573,HK232_LA1005_L03,LA1005,2,False,6.8,6.0,7.2,,,6.8,C+,2.5,True,2.47,2.41,Pass
296,2310900,HK232_LA1005_L03,LA1005,2,False,6.8,6.7,6.5,,,6.6,C+,2.5,True,2.59,2.61,Pass
297,2390660,HK232_LA1005_L03,LA1005,2,False,4.4,4.4,5.4,,,4.9,D,1.0,True,1.76,1.74,Pass
298,2330175,HK232_LA1005_L03,LA1005,2,False,6.6,6.3,5.4,,,5.9,C,2.0,True,2.12,2.26,Pass
299,2324922,HK232_LA1005_L03,LA1005,2,False,6.4,6.3,6.2,,,6.3,C,2.0,True,2.68,2.48,Pass
300,2349022,HK232_LA1005_L03,LA1005,2,False,4.3,4.7,5.2,,,4.9,D,1.0,True,1.85,1.8,Pass
301,2379382,HK232_LA1005_L03,LA1005,2,False,6.7,5.6,8.1,,,7.1,B,3.0,True,2.76,2.62,Pass
302,2308584,HK232_LA1005_L03,LA1005,2,False,5.5,6.2,7.1,,,6.5,C+,2.5,True,2.38,2.27,Pass
303,2352580,HK232_LA1005_L03,LA1005,2,False,5.8,5.9,6.2,,,6.0,C,2.0,True,2.0,2.08,Pass
304,2336586,HK232_LA1005_L03,LA1005,2,False,6.1,5.1,5.3,,,5.4,D+,1.5,True,1.65,1.47,Pass
305,2374515,HK232_LA1005_L03,LA1005,2,False,6.4,5.7,6.0,,,6.0,C,2.0,True,2.62,2.48,Pass
306,2342074,HK232_LA1005_L03,LA1005,2,False,7.5,6.2,6.5,,,6.6,C+,2.5,True,3.0,2.95,Pass
307,2377452,HK232_LA1005_L03,LA1005,2,False,5.2,5.9,4.8,,,5.2,D+,1.5,True,2.62,2.73,Pass
308,2394755,HK232_LA1005_L03,LA1005,2,False,6.2,5.3,6.0,,,5.8,C,2.0,True,2.47,2.29,Pass
309,2346513,HK232_LA1005_L03,LA1005,2,False,3.8,6.7,4.6,,,5.1,D+,1.5,True,1.85,1.77,Pass
310,2328010,HK232_LA1005_L03,LA1005,2,False,4.3,4.8,4.8,,,4.7,D,1.0,True,1.74,1.67,Pass
311,2380196,HK232_LA1005_L03,LA1005,2,False,6.4,4.9,6.3,,,5.9,C,2.0,True,2.21,2.14,Pass
312,2334463,HK232_LA1005_L03,LA1005,2,False,6.8,7.6,7.1,,,7.2,B,3.0,True,2.5,2.56,Pass
313,2302559,HK232_LA1005_L03,LA1005,2,False,5.6,5.0,5.2,,,5.2,D+,1.5,True,2.12,2.06,Pass
314,2344734,HK232_LA1005_L03,LA1005,2,False,5.5,6.7,6.2,,,6.2,C,2.0,True,2.35,2.41,Pass
315,2310514,HK232_LA1005_L03,LA1005,2,False,5.3,6.3,6.3,,,6.1,C,2.0,True,2.53,2.18,Pass
316,2399857,HK232_LA1005_L03,LA1005,2,False,6.0,6.9,6.6,,,6.6,C+,2.5,True,2.59,2.59,Pass
317,2321599,HK232_LA1005_L03,LA1005,2,False,6.8,5.9,6.8,,,6.5,C+,2.5,True,2.79,2.67,Pass
318,2385214,HK232_LA1005_L03,LA1005,2,False,6.8,7.1,6.7,,,6.8,C+,2.5,True,2.97,2.73,Pass
319,2350801,HK232_LA1005_L03,LA1005,2,False,7.4,7.8,7.3,,,7.5,B,3.0,True,3.15,3.2,Pass
320,2366367,HK232_LA1005_L03,LA1005,2,False,5.7,7.0,6.3,,,6.4,C+,2.5,True,1.88,1.74,Pass
321,2347906,HK232_LA1005_L03,LA1005,2,False,6.9,6.5,7.7,,,7.2,B,3.0,True,3.0,3.18,Pass
322,2381119,HK232_LA1005_L03,LA1005,2,False,6.8,6.0,4.6,,,5.5,C,2.0,True,1.91,1.95,Pass
323,2355047,HK232_LA1005_L03,LA1005,2,False,6.2,6.1,5.4,,,5.8,C,2.0,True,2.24,2.14,Pass
324,2311286,HK232_LA1005_L03,LA1005,2,False,8.2,6.6,7.6,,,7.4,B,3.0,True,3.06,2.8,Pass
325,2394176,HK232_LA1005_L03,LA1005,2,False,5.5,6.3,6.2,,,6.1,C,2.0,True,2.09,2.03,Pass
326,2344969,HK232_LA1005_L03,LA1005,2,False,6.5,5.6,7.1,,,6.5,C+,2.5,True,2.03,2.03,Pass
327,2375287,HK232_LA1005_L03,LA1005,2,False,5.2,5.6,6.0,,,5.7,C,2.0,True,1.62,1.74,Pass
328,2342032,HK232_LA1005_L03,LA1005,2,False,5.2,8.1,6.5,,,6.7,C+,2.5,True,2.53,2.61,Pass
329,2374129,HK232_LA1005_L03,LA1005,2,False,6.3,6.2,4.8,,,5.5,C,2.0,True,2.47,2.41,Pass
330,2307619,HK232_LA1005_L03,LA1005,2,False,7.0,6.2,7.4,,,7.0,B,3.0,True,3.15,3.26,Pass
331,2337207,HK232_LA1005_L03,LA1005,2,False,8.3,7.2,7.2,,,7.4,B,3.0,True,2.88,2.82,Pass
332,2377645,HK232_LA1005_L03,LA1005,2,False,5.0,4.8,6.3,,,5.6,C,2.0,True,1.71,1.66,Pass
333,2389351,HK232_LA1005_L03,LA1005,2,False,5.0,5.9,7.1,,,6.3,C,2.0,True,2.26,2.2,Pass
334,2310556,HK232_LA1005_L03,LA1005,2,False,5.9,6.7,8.5,,,7.4,B,3.0,True,2.21,2.15,Pass
335,2313837,HK232_LA1005_L03,LA1005,2,False,7.1,8.3,6.8,,,7.3,B,3.0,True,2.97,2.94,Pass
336,2371234,HK232_LA1005_L03,LA1005,2,False,5.5,3.3,4.7,,,4.4,D,1.0,True,1.79,1.62,Pass
337,2335621,HK232_LA1005_L03,LA1005,2,False,6.5,4.1,4.1,,,4.6,D,1.0,True,1.5,1.53,Pass
338,2394990,HK232_LA1005_L03,LA1005,2,False,4.7,5.1,4.0,,,4.5,D,1.0,True,1.44,1.44,Pass
339,2388923,HK232_LA1005_L03,LA1005,2,False,7.7,6.2,8.0,,,7.4,B,3.0,True,3.12,3.15,Pass
340,2376252,HK232_LA1005_L03,LA1005,2,False,6.4,6.1,7.1,,,6.7,C+,2.5,True,2.71,2.47,Pass
341,2353889,HK232_LA1005_L03,LA1005,2,False,4.4,5.8,6.3,,,5.8,C,2.0,True,1.85,1.8,Pass
342,2314609,HK232_LA1005_L03,LA1005,2,False,6.0,4.9,3.9,,,4.6,D,1.0,True,1.85,1.82,Pass
343,2322606,HK232_LA1005_L03,LA1005,2,False,6.8,7.2,6.2,,,6.6,C+,2.5,True,2.5,2.38,Pass
344,2327666,HK232_LA1005_L03,LA1005,2,False,5.0,3.5,3.6,,,3.8,F,0.0,False,0.62,1.09,Fail
345,2383670,HK232_LA1005_L04,LA1005,2,False,7.6,7.8,7.7,,,7.7,B,3.0,True,3.21,3.23,Pass
346,2381547,HK232_LA1005_L04,LA1005,2,False,5.0,6.3,5.6,,,5.7,C,2.0,True,2.06,1.8,Pass
347,2300973,HK232_LA1005_L04,LA1005,2,False,5.9,5.5,5.0,,,5.3,D+,1.5,True,2.26,2.44,Pass
348,2301401,HK232_LA1005_L04,LA1005,2,False,5.8,6.4,5.5,,,5.8,C,2.0,True,2.44,2.56,Pass
349,2378803,HK232_LA1005_L04,LA1005,2,False,6.6,6.9,7.4,,,7.1,B,3.0,True,3.26,3.27,Pass
350,2358798,HK232_LA1005_L04,LA1005,2,False,6.3,6.9,5.2,,,5.9,C,2.0,True,2.03,1.98,Pass
351,2399664,HK232_LA1005_L04,LA1005,2,False,5.4,4.6,6.3,,,5.6,C,2.0,True,2.41,2.5,Pass
352,2361307,HK232_LA1005_L04,LA1005,2,False,5.9,6.2,4.4,,,5.2,D+,1.5,True,2.24,2.33,Pass
353,2343811,HK232_LA1005_L04,LA1005,2,False,6.5,4.9,6.3,,,5.9,C,2.0,True,2.47,2.27,Pass
354,2313023,HK232_LA1005_L04,LA1005,2,False,3.6,4.3,5.4,,,4.7,D,1.0,True,1.5,1.59,Pass
355,2371813,HK232_LA1005_L04,LA1005,2,False,7.9,7.0,8.0,,,7.7,B,3.0,True,3.0,3.2,Pass
356,2326080,HK232_LA1005_L04,LA1005,2,False,6.0,6.8,5.9,,,6.2,C,2.0,True,2.21,2.24,Pass
357,2339523,HK232_LA1005_L04,LA1005,2,False,6.6,6.9,6.1,,,6.4,C+,2.5,True,2.68,2.61,Pass
358,2300587,HK232_LA1005_L04,LA1005,2,False,6.4,7.2,5.3,,,6.1,C,2.0,True,2.38,2.53,Pass
359,2348485,HK232_LA1005_L04,LA1005,2,False,8.8,8.0,7.4,,,7.9,B,3.0,True,3.24,3.26,Pass
360,2382126,HK232_LA1005_L04,LA1005,2,False,5.2,6.1,5.8,,,5.8,C,2.0,True,2.76,2.65,Pass
361,2302945,HK232_LA1005_L04,LA1005,2,False,7.0,7.0,5.8,,,6.4,C+,2.5,True,2.12,2.23,Pass
362,2373550,HK232_LA1005_L04,LA1005,2,False,7.2,5.3,6.5,,,6.3,C,2.0,True,1.94,2.0,Pass
363,2350608,HK232_LA1005_L04,LA1005,2,False,5.2,7.0,6.6,,,6.4,C+,2.5,True,2.29,2.41,Pass
364,2395720,HK232_LA1005_L04,LA1005,2,False,6.8,5.8,7.7,,,7.0,B,3.0,True,2.62,2.64,Pass
365,2358026,HK232_LA1005_L04,LA1005,2,False,5.8,4.7,5.0,,,5.1,D+,1.5,True,2.03,2.06,Pass
366,2353931,HK232_LA1005_L04,LA1005,2,False,3.8,4.6,3.6,,,3.9,F,0.0,False,1.53,1.71,Fail
367,2380540,HK232_LA1005_L04,LA1005,2,False,3.8,5.3,5.7,,,5.2,D+,1.5,True,1.82,1.92,Pass
368,2305303,HK232_LA1005_L04,LA1005,2,False,7.0,6.7,6.7,,,6.8,C+,2.5,True,2.44,2.42,Pass
369,2370806,HK232_LA1005_L04,LA1005,2,False,7.7,5.2,6.4,,,6.3,C,2.0,True,2.44,2.41,Pass
370,2361693,HK232_LA1005_L04,LA1005,2,False,4.0,5.8,5.3,,,5.2,D+,1.5,True,1.06,1.2,Pass
371,2378417,HK232_LA1005_L04,LA1005,2,False,5.9,6.5,7.1,,,6.7,C+,2.5,True,2.15,2.15,Pass
372,2396685,HK232_LA1005_L04,LA1005,2,False,4.1,3.4,5.2,,,4.4,D,1.0,True,1.65,1.75,Pass
373,2331333,HK232_LA1005_L04,LA1005,2,False,6.6,5.0,5.2,,,5.4,D+,1.5,True,2.06,2.08,Pass
374,2311865,HK232_LA1005_L04,LA1005,2,False,6.6,4.5,6.5,,,5.9,C,2.0,True,2.21,2.41,Pass
375,2326659,HK232_LA1005_L04,LA1005,2,False,5.9,6.3,6.5,,,6.3,C,2.0,True,2.12,2.11,Pass
376,2373936,HK232_LA1005_L04,LA1005,2,False,4.2,3.9,4.0,,,4.0,D,1.0,True,1.44,1.5,Pass
377,2377838,HK232_LA1005_L04,LA1005,2,False,5.0,6.4,6.3,,,6.1,C,2.0,True,2.56,2.48,Pass
378,2360107,HK232_LA1005_L04,LA1005,2,False,5.7,4.9,5.4,,,5.3,D+,1.5,True,2.18,2.09,Pass
379,2370269,HK232_LA1005_L04,LA1005,2,False,6.1,6.4,4.8,,,5.5,C,2.0,True,2.41,2.45,Pass
380,2314223,HK232_LA1005_L04,LA1005,2,False,4.4,4.5,5.2,,,4.8,D,1.0,True,1.71,1.64,Pass
381,2362272,HK232_LA1005_L04,LA1005,2,False,5.6,6.6,6.2,,,6.2,C,2.0,True,2.29,2.23,Pass
382,2328245,HK232_LA1005_L04,LA1005,2,False,5.5,5.3,6.1,,,5.7,C,2.0,True,2.32,2.38,Pass
383,2385021,HK232_LA1005_L04,LA1005,2,False,4.3,4.7,4.1,,,4.3,D,1.0,True,1.18,1.33,Pass
384,2312679,HK232_LA1005_L04,LA1005,2,False,5.3,5.5,4.9,,,5.2,D+,1.5,True,1.85,1.88,Pass
385,2390274,HK232_LA1005_L04,LA1005,2,False,7.5,6.7,6.2,,,6.6,C+,2.5,True,2.56,2.64,Pass
386,2388730,HK232_LA1005_L04,LA1005,2,False,5.6,6.1,6.2,,,6.0,C,2.0,True,2.21,2.18,Pass
387,2340874,HK232_LA1005_L04,LA1005,2,False,5.7,5.3,4.9,,,5.2,D+,1.5,True,1.29,1.32,Pass
388,2355668,HK232_LA1005_L04,LA1005,2,False,4.3,5.9,6.4,,,5.8,C,2.0,True,2.47,2.33,Pass
389,2320055,HK232_LA1005_L04,LA1005,2,False,6.2,5.9,6.7,,,6.4,C+,2.5,True,2.09,2.3,Pass
390,2316925,HK232_LA1005_L04,LA1005,2,False,5.4,5.2,5.2,,,5.2,D+,1.5,True,2.09,2.15,Pass
391,2363472,HK232_LA1005_L04,LA1005,2,False,8.2,7.6,7.0,,,7.4,B,3.0,True,3.09,3.15,Pass
392,2321255,HK232_LA1005_L04,LA1005,2,False,5.4,6.1,7.2,,,6.5,C+,2.5,True,2.53,2.42,Pass
393,2363430,HK232_LA1005_L04,LA1005,2,False,6.9,6.8,6.7,,,6.8,C+,2.5,True,2.71,2.92,Pass
394,2307233,HK232_LA1005_L04,LA1005,2,False,5.9,4.8,5.8,,,5.5,C,2.0,True,2.09,2.24,Pass
395,2332726,HK232_LA1005_L04,LA1005,2,False,6.6,5.1,6.7,,,6.2,C,2.0,True,2.41,2.33,Pass
396,2393018,HK232_LA1005_L04,LA1005,2,False,5.7,5.6,5.3,,,5.5,C,2.0,True,2.12,2.05,Pass
397,2382319,HK232_LA1005_L04,LA1005,2,False,6.7,6.0,4.6,,,5.4,D+,1.5,True,1.74,1.89,Pass
398,2389695,HK232_LA1005_L04,LA1005,2,False,7.1,7.2,6.1,,,6.6,C+,2.5,True,2.76,2.89,Pass
399,2384870,HK232_LA1005_L04,LA1005,2,False,6.5,5.2,5.7,,,5.7,C,2.0,True,2.29,2.2,Pass
400,2378845,HK232_LA1005_L04,LA1005,2,False,5.2,5.3,4.6,,,4.9,D,1.0,True,1.29,1.39,Pass
401,2318897,HK232_LA1005_L04,LA1005,2,False,7.9,7.1,7.9,,,7.7,B,3.0,True,2.71,2.56,Pass
402,2337937,HK232_LA1005_L04,LA1005,2,False,4.8,5.0,5.4,,,5.2,D+,1.5,True,1.4,1.71,Pass
403,2365553,HK232_LA1005_L04,LA1005,2,False,5.6,5.5,4.8,,,5.2,D+,1.5,True,1.71,1.58,Pass
404,2339716,HK232_LA1005_L04,LA1005,2,False,5.1,5.7,5.2,,,5.3,D+,1.5,True,1.88,1.88,Pass
405,2383284,HK232_LA1005_L04,LA1005,2,False,6.0,7.6,6.5,,,6.7,C+,2.5,True,2.21,2.21,Pass
406,2386800,HK232_LA1005_L04,LA1005,2,False,6.3,5.7,6.9,,,6.4,C+,2.5,True,3.15,3.3,Pass
407,2321448,HK232_LA1005_L04,LA1005,2,False,8.7,6.9,5.6,,,6.6,C+,2.5,True,2.15,2.24,Pass
408,2350029,HK232_LA1005_L04,LA1005,2,False,5.3,4.7,4.9,,,4.9,D,1.0,True,1.5,1.5,Pass
409,2370655,HK232_LA1005_L04,LA1005,2,False,6.8,4.5,5.4,,,5.4,D+,1.5,True,1.85,1.85,Pass
410,2343425,HK232_LA1005_L04,LA1005,2,False,6.8,5.9,5.7,,,6.0,C,2.0,True,2.26,2.14,Pass
411,2351766,HK232_LA1005_L04,LA1005,2,False,4.7,5.1,5.5,,,5.2,D+,1.5,True,1.79,1.77,Pass
412,2371041,HK232_LA1005_L04,LA1005,2,False,7.5,6.4,7.7,,,7.3,B,3.0,True,3.29,3.24,Pass
413,2359528,HK232_LA1005_L04,LA1005,2,False,6.0,5.4,5.9,,,5.8,C,2.0,True,1.74,1.64,Pass
414,2337358,HK232_LA1005_L04,LA1005,2,False,6.8,7.4,6.7,,,6.9,C+,2.5,True,3.53,3.55,Pass
415,2346899,HK232_LA1005_L04,LA1005,2,False,6.3,6.6,6.9,,,6.7,C+,2.5,True,2.18,2.18,Pass
416,2363858,HK232_LA1005_L04,LA1005,2,False,6.5,7.5,6.7,,,6.9,C+,2.5,True,2.62,2.62,Pass
417,2312444,HK232_LA1005_L04,LA1005,2,False,4.0,6.4,4.8,,,5.1,D+,1.5,True,0.62,1.21,Pass
418,2342997,HK232_LA1005_L04,LA1005,2,False,4.8,4.9,7.3,,,6.1,C,2.0,True,2.71,2.65,Pass
419,2313258,HK232_LA1005_L04,LA1005,2,False,8.0,7.1,8.6,,,8.0,B+,3.5,True,3.5,3.3,Pass
420,2369883,HK232_LA1005_L04,LA1005,2,False,6.1,6.6,7.0,,,6.7,C+,2.5,True,2.21,2.32,Pass
421,2394411,HK232_LA1005_L04,LA1005,2,False,5.9,6.7,6.5,,,6.4,C+,2.5,True,2.24,2.24,Pass
422,2376101,HK232_LA1005_L04,LA1005,2,False,5.4,5.1,6.0,,,5.6,C,2.0,True,2.12,2.0,Pass
423,2369069,HK232_LA1005_L04,LA1005,2,False,7.6,8.3,7.1,,,7.6,B,3.0,True,2.91,3.05,Pass
424,2394797,HK232_LA1005_L04,LA1005,2,False,7.8,7.7,7.1,,,7.4,B,3.0,True,3.35,3.18,Pass
425,2311135,HK232_LA1005_L04,LA1005,2,False,5.8,3.5,5.0,,,4.7,D,1.0,True,1.35,1.52,Pass
426,2315381,HK232_LA1005_L04,LA1005,2,False,8.1,7.1,6.9,,,7.2,B,3.0,True,3.06,3.11,Pass
427,2336972,HK232_LA1005_L04,LA1005,2,False,5.5,4.6,4.9,,,4.9,D,1.0,True,1.59,1.61,Pass
428,2337593,HK232_LA1005_L04,LA1005,2,False,5.1,5.6,5.2,,,5.3,D+,1.5,True,2.15,2.14,Pass
429,2300243,HK232_LA1005_L04,LA1005,2,False,4.0,3.5,4.4,,,4.1,D,1.0,True,1.03,1.06,Pass
430,2389158,HK232_LA1005_L04,LA1005,2,False,6.0,8.1,5.4,,,6.3,C,2.0,True,2.12,2.29,Pass
431,2301594,HK232_LA1005_L04,LA1005,2,False,4.9,4.4,4.7,,,4.7,D,1.0,True,1.21,1.41,Pass
432,2363816,HK232_LA1005_L04,LA1005,2,False,5.3,5.2,4.8,,,5.0,D+,1.5,True,1.65,1.74,Pass
433,2312830,HK232_LA1005_L04,LA1005,2,False,6.7,7.2,7.6,,,7.3,B,3.0,True,3.24,3.24,Pass
434,2387186,HK232_LA1005_L04,LA1005,2,False,4.2,6.1,6.3,,,5.8,C,2.0,True,2.12,2.21,Pass
435,2302324,HK232_LA1005_L04,LA1005,2,False,6.9,5.8,6.7,,,6.5,C+,2.5,True,2.44,2.23,Pass
436,2357791,HK232_LA1005_L04,LA1005,2,False,4.2,5.7,4.3,,,4.7,D,1.0,True,1.76,1.7,Pass
437,2352773,HK232_LA1005_L04,LA1005,2,False,7.0,5.5,5.5,,,5.8,C,2.0,True,2.09,2.18,Pass
438,2392439,HK232_LA1005_L04,LA1005,2,False,4.9,4.8,5.1,,,5.0,D+,1.5,True,1.82,1.58,Pass
439,2353159,HK232_LA1005_L04,LA1005,2,False,5.8,5.2,6.3,,,5.9,C,2.0,True,2.53,2.61,Pass
440,2349064,HK232_LA1005_L04,LA1005,2,False,6.3,6.3,5.3,,,5.8,C,2.0,True,2.09,2.39,Pass
441,2353545,HK232_LA1005_L04,LA1005,2,False,3.1,3.4,3.8,,,3.5,F,0.0,False,1.68,1.68,Fail
442,2367718,HK232_LA1005_L04,LA1005,2,False,7.2,4.8,7.8,,,6.8,C+,2.5,True,2.82,2.64,Pass
443,2383091,HK232_LA1005_L04,LA1005,2,False,6.3,6.7,5.7,,,6.1,C,2.0,True,2.68,2.58,Pass
444,2325308,HK232_LA1005_L04,LA1005,2,False,5.8,5.6,4.9,,,5.3,D+,1.5,True,1.94,2.09,Pass
445,2316195,HK232_LA1005_L04,LA1005,2,False,5.9,6.1,4.8,,,5.4,D+,1.5,True,2.09,2.21,Pass
446,2343769,HK232_LA1005_L04,LA1005,2,False,6.8,7.6,6.8,,,7.0,B,3.0,True,2.88,2.94,Pass
447,2347327,HK232_LA1005_L04,LA1005,2,False,5.7,6.5,4.4,,,5.3,D+,1.5,True,2.68,2.48,Pass
448,2374708,HK232_LA1005_L04,LA1005,2,False,7.8,9.1,6.7,,,7.6,B,3.0,True,3.03,3.03,Pass
449,2339330,HK232_LA1005_L04,LA1005,2,False,4.8,4.4,6.7,,,5.6,C,2.0,True,1.5,1.39,Pass
450,2332298,HK232_LA1005_L04,LA1005,2,False,6.4,6.0,6.4,,,6.3,C,2.0,True,2.44,2.35,Pass
451,2395334,HK232_LA1005_L04,LA1005,2,False,7.4,7.6,7.4,,,7.5,B,3.0,True,3.47,3.58,Pass
452,2351959,HK232_LA1005_L04,LA1005,2,False,5.0,5.7,3.2,,,4.3,D,1.0,True,1.82,1.92,Pass
453,2328824,HK232_LA1005_L04,LA1005,2,False,4.0,3.6,4.3,,,4.0,D,1.0,True,1.44,1.38,Pass
454,2305647,HK232_LA1005_L04,LA1005,2,False,8.1,7.2,9.2,,,8.4,B+,3.5,True,3.35,3.3,Pass
455,2372778,HK232_LA1005_L04,LA1005,2,False,6.8,6.6,5.5,,,6.1,C,2.0,True,2.44,2.2,Pass
456,2387958,HK232_LA1005_L04,LA1005,2,False,6.2,8.5,8.1,,,7.8,B,3.0,True,2.74,2.82,Pass
457,2310321,HK232_LA1005_L04,LA1005,2,False,7.0,4.7,6.1,,,5.9,C,2.0,True,2.59,2.64,Pass
458,2304489,HK232_LA1005_L04,LA1005,2,False,6.2,5.6,4.9,,,5.4,D+,1.5,True,2.53,2.33,Pass
459,2368725,HK232_PE1005_L01,PE1005,2,False,8.4,9.5,7.5,,,8.1,B+,3.5,True,3.47,3.17,Pass
460,2327859,HK232_PE1005_L01,PE1005,2,False,5.1,6.9,4.8,,,5.3,D+,1.5,True,1.74,1.65,Pass
461,2308777,HK232_PE1005_L01,PE1005,2,False,6.0,6.9,6.6,,,6.5,C+,2.5,True,2.41,2.42,Pass
462,2319283,HK232_PE1005_L01,PE1005,2,False,7.9,7.3,6.9,,,7.2,B,3.0,True,2.82,2.91,Pass
463,2352773,HK232_PE1005_L01,PE1005,2,False,5.8,6.9,5.4,,,5.8,C,2.0,True,2.09,2.18,Pass
464,2373357,HK232_PE1005_L01,PE1005,2,False,8.2,8.4,7.6,,,7.9,B,3.0,True,3.23,3.26,Pass
465,2364437,HK232_PE1005_L01,PE1005,2,False,6.9,9.0,7.2,,,7.5,B,3.0,True,3.23,3.38,Pass
466,2399043,HK232_PE1005_L01,PE1005,2,False,7.2,9.7,7.5,,,7.9,B,3.0,True,3.37,3.29,Pass
467,2311865,HK232_PE1005_L01,PE1005,2,False,7.7,6.4,6.3,,,6.6,C+,2.5,True,2.21,2.41,Pass
468,2366367,HK232_PE1005_L01,PE1005,2,False,6.6,5.3,6.8,,,6.5,C+,2.5,True,1.88,1.74,Pass
469,2391625,HK232_PE1005_L01,PE1005,2,False,7.8,6.2,5.5,,,6.1,C,2.0,True,2.68,2.71,Pass
470,2394948,HK232_PE1005_L01,PE1005,2,False,3.4,4.1,3.3,,,3.5,F,0.0,False,0.18,1.0,Fail
471,2389158,HK232_PE1005_L01,PE1005,2,False,6.0,7.0,5.7,,,6.0,C,2.0,True,2.12,2.29,Pass
472,2326273,HK232_PE1005_L01,PE1005,2,False,6.8,7.4,6.3,,,6.6,C+,2.5,True,2.47,2.36,Pass
473,2394411,HK232_PE1005_L01,PE1005,2,False,6.7,6.6,6.9,,,6.8,C+,2.5,True,2.24,2.24,Pass
474,2317311,HK232_PE1005_L01,PE1005,2,False,6.2,7.9,8.2,,,7.7,B,3.0,True,2.2,2.22,Pass
475,2381312,HK232_PE1005_L01,PE1005,2,False,8.2,8.0,7.3,,,7.6,B,3.0,True,3.5,3.45,Pass
476,2319476,HK232_PE1005_L01,PE1005,2,False,5.4,6.9,5.0,,,5.5,C,2.0,True,1.82,1.85,Pass
477,2345162,HK232_PE1005_L01,PE1005,2,False,7.3,8.2,7.5,,,7.6,B,3.0,True,3.09,3.2,Pass
478,2322992,HK232_PE1005_L01,PE1005,2,False,5.8,6.2,6.2,,,6.1,C,2.0,True,1.91,1.74,Pass
479,2309163,HK232_PE1005_L01,PE1005,2,False,10.0,8.6,9.2,,,9.2,A,4.0,True,3.87,3.93,Pass
480,2395334,HK232_PE1005_L01,PE1005,2,False,8.9,9.0,8.5,,,8.7,A,4.0,True,3.47,3.58,Pass
481,2320676,HK232_PE1005_L01,PE1005,2,False,7.4,8.0,7.1,,,7.3,B,3.0,True,3.0,3.02,Pass
482,2397885,HK232_PE1005_L01,PE1005,2,False,6.3,7.3,7.0,,,6.9,C+,2.5,True,2.53,2.59,Pass
483,2378610,HK232_PE1005_L01,PE1005,2,False,8.4,9.6,7.7,,,8.2,B+,3.5,True,3.63,3.59,Pass
484,2367525,HK232_PE1005_L01,PE1005,2,False,7.5,8.4,10.0,,,9.2,A,4.0,True,3.17,3.03,Pass
485,2326315,HK232_PE1005_L01,PE1005,2,False,6.5,7.1,8.2,,,7.6,B,3.0,True,2.47,2.72,Pass
486,2331568,HK232_PE1005_L01,PE1005,2,False,4.3,8.1,5.6,,,5.8,C,2.0,True,1.33,1.34,Pass
487,2360728,HK232_PE1005_L01,PE1005,2,False,6.7,6.6,6.3,,,6.4,C+,2.5,True,2.43,2.36,Pass
488,2337014,HK232_PE1005_L01,PE1005,2,False,9.4,8.2,9.3,,,9.1,A,4.0,True,3.33,3.34,Pass
489,2333112,HK232_PE1005_L01,PE1005,2,False,8.3,8.5,7.9,,,8.1,B+,3.5,True,3.29,3.14,Pass
490,2379424,HK232_PE1005_L01,PE1005,2,False,7.4,5.8,7.3,,,7.0,B,3.0,True,2.79,2.83,Pass
491,2365016,HK232_PE1005_L01,PE1005,2,False,10.0,9.1,9.8,,,9.7,A+,4.0,True,4.0,4.0,Pass
492,2323336,HK232_PE1005_L01,PE1005,2,False,6.4,6.5,7.2,,,6.9,C+,2.5,True,2.38,2.44,Pass
493,2369497,HK232_PE1005_L01,PE1005,2,False,5.9,5.7,4.2,,,4.8,D,1.0,True,1.74,1.74,Pass
494,2317546,HK232_PE1005_L01,PE1005,2,False,7.4,7.7,6.2,,,6.7,C+,2.5,True,3.07,3.28,Pass
495,2342997,HK232_PE1005_L01,PE1005,2,False,6.8,8.4,6.6,,,7.0,B,3.0,True,2.71,2.65,Pass
496,2357019,HK232_PE1005_L01,PE1005,2,False,8.3,7.7,8.3,,,8.2,B+,3.5,True,3.44,3.29,Pass
497,2395183,HK232_PE1005_L01,PE1005,2,False,6.8,8.2,6.6,,,7.0,B,3.0,True,2.21,2.21,Pass
498,2351959,HK232_PE1005_L01,PE1005,2,False,5.6,5.3,6.0,,,5.8,C,2.0,True,1.82,1.92,Pass
499,2338558,HK232_PE1005_L01,PE1005,2,False,8.5,7.2,7.4,,,7.6,B,3.0,True,3.1,3.19,Pass
500,2311521,HK232_PE1005_L01,PE1005,2,False,6.0,8.9,9.0,,,8.4,B+,3.5,True,3.37,3.31,Pass
501,2397499,HK232_PE1005_L01,PE1005,2,False,6.8,6.2,7.3,,,7.0,B,3.0,True,2.32,2.29,Pass
502,2352580,HK232_PE1005_L01,PE1005,2,False,6.0,7.0,5.7,,,6.0,C,2.0,True,2.0,2.08,Pass
503,2370076,HK232_PE1005_L01,PE1005,2,False,9.0,7.2,9.0,,,8.6,A,4.0,True,3.83,3.86,Pass
504,2321792,HK232_PE1005_L01,PE1005,2,False,8.0,7.5,7.8,,,7.8,B,3.0,True,3.07,3.07,Pass
505,2315423,HK232_PE1005_L01,PE1005,2,False,6.1,6.1,4.6,,,5.2,D+,1.5,True,1.82,1.67,Pass
506,2385256,HK232_PE1005_L01,PE1005,2,False,6.5,6.7,7.8,,,7.3,B,3.0,True,2.2,2.1,Pass
507,2386993,HK232_PE1005_L01,PE1005,2,False,6.1,6.3,7.0,,,6.7,C+,2.5,True,1.97,2.03,Pass
508,2335042,HK232_PE1005_L01,PE1005,2,False,6.4,7.6,6.8,,,6.9,C+,2.5,True,2.93,2.97,Pass
509,2301980,HK232_PE1005_L01,PE1005,2,False,5.2,6.4,7.3,,,6.7,C+,2.5,True,3.0,3.09,Pass
510,2324150,HK232_PE1005_L01,PE1005,2,False,8.1,8.1,7.9,,,8.0,B+,3.5,True,2.97,2.91,Pass
511,2322371,HK232_PE1005_L01,PE1005,2,False,8.5,9.8,9.1,,,9.1,A,4.0,True,3.89,3.94,Pass
512,2321213,HK232_PE1005_L01,PE1005,2,False,6.2,6.6,7.2,,,6.9,C+,2.5,True,2.53,2.55,Pass
513,2358177,HK232_PE1005_L01,PE1005,2,False,6.1,6.2,6.5,,,6.4,C+,2.5,True,2.4,2.26,Pass
514,2329210,HK232_PE1005_L01,PE1005,2,False,6.4,7.5,7.9,,,7.5,B,3.0,True,2.5,2.33,Pass
515,2397113,HK232_PE1005_L01,PE1005,2,False,9.6,8.8,8.0,,,8.5,A,4.0,True,3.5,3.26,Pass
516,2360493,HK232_PE1005_L01,PE1005,2,False,8.3,7.1,8.1,,,7.9,B,3.0,True,3.77,3.88,Pass
517,2325694,HK232_PE1005_L01,PE1005,2,False,5.9,5.8,6.5,,,6.2,C,2.0,True,2.13,2.05,Pass
518,2395376,HK232_PE1005_L01,PE1005,2,False,10.0,7.6,8.2,,,8.4,B+,3.5,True,3.13,3.12,Pass
519,2323529,HK232_PE1005_L01,PE1005,2,False,7.3,7.0,7.0,,,7.1,B,3.0,True,2.93,2.9,Pass
520,2306654,HK232_PE1005_L01,PE1005,2,False,4.8,6.2,5.0,,,5.2,D+,1.5,True,1.23,1.31,Pass
521,2316539,HK232_PE1005_L01,PE1005,2,False,4.0,4.9,3.8,,,4.1,D,1.0,True,0.33,1.0,Pass
522,2390123,HK232_PE1005_L01,PE1005,2,False,6.8,6.0,6.7,,,6.6,C+,2.5,True,2.06,2.11,Pass
523,2376059,HK232_PE1005_L01,PE1005,2,False,6.6,6.5,5.8,,,6.1,C,2.0,True,1.93,1.93,Pass
524,2357640,HK232_PE1005_L01,PE1005,2,False,7.6,8.4,8.8,,,8.5,A,4.0,True,3.7,3.6,Pass
525,2378845,HK232_PE1005_L01,PE1005,2,False,7.3,4.6,5.7,,,5.8,C,2.0,True,1.29,1.39,Pass
526,2379189,HK232_PE1005_L01,PE1005,2,False,8.2,6.6,7.4,,,7.4,B,3.0,True,3.2,3.36,Pass
527,2303910,HK232_PE1005_L01,PE1005,2,False,5.2,5.8,5.8,,,5.7,C,2.0,True,1.44,1.67,Pass
528,2348871,HK232_PE1005_L01,PE1005,2,False,7.0,6.3,7.9,,,7.4,B,3.0,True,3.1,3.12,Pass
529,2363086,HK232_PE1005_L01,PE1005,2,False,7.5,7.7,6.8,,,7.1,B,3.0,True,3.03,3.02,Pass
530,2327280,HK232_PE1005_L01,PE1005,2,False,8.9,8.5,7.4,,,7.9,B,3.0,True,3.33,3.36,Pass
531,2365788,HK232_PE1005_L01,PE1005,2,False,8.2,8.4,7.7,,,7.9,B,3.0,True,3.17,3.28,Pass
532,2326894,HK232_PE1005_L01,PE1005,2,False,7.9,7.2,8.5,,,8.1,B+,3.5,True,2.59,2.61,Pass
533,2334463,HK232_PE1005_L01,PE1005,2,False,8.0,6.6,6.5,,,6.8,C+,2.5,True,2.5,2.56,Pass
534,2399622,HK232_PE1005_L01,PE1005,2,False,7.5,7.1,8.3,,,7.9,B,3.0,True,3.43,3.22,Pass
535,2327666,HK232_PE1005_L01,PE1005,2,False,5.0,4.8,4.2,,,4.5,D,1.0,True,0.62,1.09,Pass
536,2395527,HK232_PE1005_L01,PE1005,2,False,6.3,5.9,6.5,,,6.3,C,2.0,True,1.94,1.86,Pass
537,2342074,HK232_PE1005_L01,PE1005,2,False,8.7,6.7,7.4,,,7.5,B,3.0,True,3.0,2.95,Pass
538,2381119,HK232_PE1005_L01,PE1005,2,False,6.7,6.3,7.0,,,6.8,C+,2.5,True,1.91,1.95,Pass
539,2357833,HK232_PE1005_L01,PE1005,2,False,4.5,5.7,5.5,,,5.3,D+,1.5,True,2.0,2.05,Pass
540,2382705,HK232_PE1005_L01,PE1005,2,False,7.2,8.6,9.0,,,8.6,A,4.0,True,3.5,3.53,Pass
541,2376873,HK232_PE1005_L01,PE1005,2,False,8.3,8.1,8.2,,,8.2,B+,3.5,True,3.8,3.6,Pass
542,2338751,HK232_PE1005_L01,PE1005,2,False,9.0,7.4,8.0,,,8.1,B+,3.5,True,3.03,3.07,Pass
543,2349987,HK232_PE1005_L01,PE1005,2,False,6.0,5.5,5.9,,,5.8,C,2.0,True,2.35,2.15,Pass
544,2333498,HK232_PE1005_L01,PE1005,2,False,8.6,7.9,9.0,,,8.7,A,4.0,True,4.0,3.9,Pass
545,2338365,HK232_PE1005_L01,PE1005,2,False,7.9,7.6,5.9,,,6.6,C+,2.5,True,2.7,2.62,Pass
546,2380389,HK232_PE1005_L01,PE1005,2,False,4.2,4.9,4.7,,,4.6,D,1.0,True,0.32,1.0,Pass
547,2329017,HK232_PE1005_L01,PE1005,2,False,6.4,6.7,5.5,,,5.9,C,2.0,True,2.27,2.21,Pass
548,2396727,HK232_PE1005_L01,PE1005,2,False,7.6,8.8,9.8,,,9.2,A,4.0,True,3.68,3.61,Pass
549,2302752,HK232_PE1005_L01,PE1005,2,False,5.5,6.5,6.3,,,6.2,C,2.0,True,1.35,1.65,Pass
550,2367911,HK232_PE1005_L01,PE1005,2,False,5.4,7.8,8.1,,,7.5,B,3.0,True,3.23,3.17,Pass
551,2374943,HK232_PE1005_L01,PE1005,2,False,5.0,4.2,4.9,,,4.8,D,1.0,True,0.48,1.0,Pass
552,2305454,HK232_PE1005_L01,PE1005,2,False,8.7,8.6,8.1,,,8.3,B+,3.5,True,3.1,3.26,Pass
553,2369455,HK232_PE1005_L01,PE1005,2,False,9.5,10.0,8.9,,,9.2,A,4.0,True,3.97,3.93,Pass
554,2385835,HK232_PE1005_L01,PE1005,2,False,6.3,5.4,5.2,,,5.5,C,2.0,True,1.79,1.74,Pass
555,2386607,HK232_PE1005_L01,PE1005,2,False,8.1,8.2,9.2,,,8.8,A,4.0,True,3.47,3.34,Pass
556,2322799,HK232_PE1005_L01,PE1005,2,False,9.2,10.0,8.2,,,8.8,A,4.0,True,3.67,3.71,Pass
557,2350222,HK232_PE1005_L01,PE1005,2,False,7.6,7.4,6.5,,,6.9,C+,2.5,True,2.32,2.14,Pass
558,2361886,HK232_PE1005_L01,PE1005,2,False,10.0,8.7,9.2,,,9.3,A,4.0,True,3.87,3.81,Pass
559,2341839,HK232_PE1005_L01,PE1005,2,False,5.1,5.5,6.9,,,6.3,C,2.0,True,2.35,2.41,Pass
560,2351380,HK232_PE1005_L01,PE1005,2,False,6.4,6.3,6.0,,,6.1,C,2.0,True,2.5,2.64,Pass
561,2341646,HK232_PE1005_L01,PE1005,2,False,9.7,6.7,6.0,,,6.9,C+,2.5,True,2.53,2.38,Pass
562,2391474,HK232_PE1005_L01,PE1005,2,False,7.2,6.9,6.5,,,6.7,C+,2.5,True,2.53,2.45,Pass
563,2354275,HK232_PE1005_L01,PE1005,2,False,5.4,6.8,6.6,,,6.4,C+,2.5,True,2.15,2.15,Pass
564,2320441,HK232_PE1005_L01,PE1005,2,False,9.4,6.6,8.0,,,8.0,B+,3.5,True,2.79,2.86,Pass
565,2372392,HK232_PE1005_L01,PE1005,2,False,6.9,8.9,7.6,,,7.7,B,3.0,True,3.23,3.29,Pass
566,2398271,HK232_PE1005_L01,PE1005,2,False,5.0,5.5,4.5,,,4.8,D,1.0,True,1.76,1.68,Pass
567,2385793,HK232_PE1005_L01,PE1005,2,False,6.1,6.1,5.3,,,5.6,C,2.0,True,1.77,1.84,Pass
568,2356633,HK232_PE1005_L01,PE1005,2,False,7.3,5.4,7.3,,,6.9,C+,2.5,True,2.43,2.59,Pass
569,2390509,HK232_PE1005_L01,PE1005,2,False,6.2,5.7,5.8,,,5.9,C,2.0,True,2.35,2.23,Pass
570,2387765,HK232_PE1005_L01,PE1005,2,False,3.6,4.7,5.5,,,5.0,D+,1.5,True,0.14,1.0,Pass
571,2318318,HK232_PE1005_L01,PE1005,2,False,4.5,6.5,6.6,,,6.2,C,2.0,True,2.23,2.38,Pass
572,2331333,HK232_PE1005_L01,PE1005,2,False,6.9,6.5,6.1,,,6.3,C,2.0,True,2.06,2.08,Pass
573,2315381,HK232_PE1005_L01,PE1005,2,False,8.3,8.7,7.1,,,7.7,B,3.0,True,3.06,3.11,Pass
574,2338130,HK232_PE1005_L01,PE1005,2,False,8.3,9.8,8.2,,,8.5,A,4.0,True,4.0,4.0,Pass
575,2357598,HK232_PE1005_L01,PE1005,2,False,7.2,9.1,8.5,,,8.4,B+,3.5,True,2.97,3.16,Pass
576,2304103,HK232_PE1005_L02,PE1005,2,False,5.6,5.5,5.8,,,5.7,C,2.0,True,1.82,1.76,Pass
577,2305110,HK232_PE1005_L02,PE1005,2,False,8.7,8.3,7.3,,,7.8,B,3.0,True,2.83,2.84,Pass
578,2318083,HK232_PE1005_L02,PE1005,2,False,6.2,7.2,7.1,,,6.9,C+,2.5,True,2.37,2.19,Pass
579,2365360,HK232_PE1005_L02,PE1005,2,False,9.0,8.3,6.9,,,7.6,B,3.0,True,3.23,3.41,Pass
580,2301787,HK232_PE1005_L02,PE1005,2,False,6.5,4.5,6.4,,,6.0,C,2.0,True,1.97,2.02,Pass
581,2345548,HK232_PE1005_L02,PE1005,2,False,6.9,6.8,7.6,,,7.3,B,3.0,True,2.41,2.38,Pass
582,2389309,HK232_PE1005_L02,PE1005,2,False,5.8,8.0,8.0,,,7.6,B,3.0,True,2.83,2.91,Pass
583,2379382,HK232_PE1005_L02,PE1005,2,False,7.4,6.4,5.8,,,6.2,C,2.0,True,2.76,2.62,Pass
584,2331526,HK232_PE1005_L02,PE1005,2,False,6.1,6.6,7.5,,,7.0,B,3.0,True,2.5,2.62,Pass
585,2344541,HK232_PE1005_L02,PE1005,2,False,7.0,7.6,7.9,,,7.7,B,3.0,True,2.4,2.53,Pass
586,2395762,HK232_PE1005_L02,PE1005,2,False,6.1,7.3,8.4,,,7.7,B,3.0,True,3.03,3.21,Pass
587,2380003,HK232_PE1005_L02,PE1005,2,False,9.6,9.3,7.6,,,8.3,B+,3.5,True,4.0,4.0,Pass
588,2394369,HK232_PE1005_L02,PE1005,2,False,5.7,6.3,5.5,,,5.7,C,2.0,True,1.88,1.55,Pass
589,2366753,HK232_PE1005_L02,PE1005,2,False,8.9,10.0,8.5,,,8.9,A,4.0,True,4.0,4.0,Pass
590,2333691,HK232_PE1005_L02,PE1005,2,False,7.0,7.4,6.3,,,6.7,C+,2.5,True,2.74,2.56,Pass
591,2375908,HK232_PE1005_L02,PE1005,2,False,6.0,4.4,5.7,,,5.5,C,2.0,True,1.71,1.76,Pass
592,2347671,HK232_PE1005_L02,PE1005,2,False,6.2,5.2,4.5,,,5.0,D+,1.5,True,1.7,1.67,Pass
593,2302173,HK232_PE1005_L02,PE1005,2,False,4.7,3.6,3.5,,,3.8,F,0.0,False,0.55,1.0,Fail
594,2361693,HK232_PE1005_L02,PE1005,2,False,4.6,5.6,4.8,,,4.9,D,1.0,True,1.06,1.2,Pass
595,2301938,HK232_PE1005_L02,PE1005,2,False,8.4,6.5,9.1,,,8.4,B+,3.5,True,3.32,3.44,Pass
596,2397692,HK232_PE1005_L02,PE1005,2,False,5.7,6.5,7.4,,,6.9,C+,2.5,True,2.44,2.21,Pass
597,2318125,HK232_PE1005_L02,PE1005,2,False,5.5,5.2,5.6,,,5.5,C,2.0,True,1.9,1.9,Pass
598,2354082,HK232_PE1005_L02,PE1005,2,False,8.6,7.5,8.3,,,8.2,B+,3.5,True,2.97,2.97,Pass
599,2382126,HK232_PE1005_L02,PE1005,2,False,6.4,8.5,5.4,,,6.2,C,2.0,True,2.76,2.65,Pass
600,2334077,HK232_PE1005_L02,PE1005,2,False,4.7,5.5,5.4,,,5.3,D+,1.5,True,1.18,1.71,Pass
601,2334035,HK232_PE1005_L02,PE1005,2,False,8.7,7.4,7.8,,,7.9,B,3.0,True,2.97,3.05,Pass
602,2358605,HK232_PE1005_L02,PE1005,2,False,7.0,5.6,6.5,,,6.4,C+,2.5,True,2.44,2.35,Pass
603,2374557,HK232_PE1005_L02,PE1005,2,False,6.0,5.4,7.0,,,6.5,C+,2.5,True,2.21,2.39,Pass
604,2310170,HK232_PE1005_L02,PE1005,2,False,7.1,6.9,7.8,,,7.5,B,3.0,True,2.53,2.62,Pass
605,2303138,HK232_PE1005_L02,PE1005,2,False,7.4,7.8,7.1,,,7.3,B,3.0,True,3.2,3.29,Pass
606,2321448,HK232_PE1005_L02,PE1005,2,False,5.7,5.4,7.1,,,6.5,C+,2.5,True,2.15,2.24,Pass
607,2344583,HK232_PE1005_L02,PE1005,2,False,6.7,7.4,8.1,,,7.7,B,3.0,True,3.0,2.92,Pass
608,2359377,HK232_PE1005_L02,PE1005,2,False,6.7,7.6,6.2,,,6.6,C+,2.5,True,2.47,2.44,Pass
609,2353352,HK232_PE1005_L02,PE1005,2,False,7.4,6.2,5.4,,,6.0,C,2.0,True,2.8,2.79,Pass
610,2330561,HK232_PE1005_L02,PE1005,2,False,9.7,10.0,8.0,,,8.7,A,4.0,True,3.87,3.83,Pass
611,2332105,HK232_PE1005_L02,PE1005,2,False,10.0,9.7,9.2,,,9.5,A+,4.0,True,3.97,3.98,Pass
612,2384249,HK232_PE1005_L02,PE1005,2,False,5.5,5.2,6.8,,,6.2,C,2.0,True,1.88,1.97,Pass
613,2386800,HK232_PE1005_L02,PE1005,2,False,8.6,8.4,9.4,,,9.0,A,4.0,True,3.15,3.3,Pass
614,2369883,HK232_PE1005_L02,PE1005,2,False,6.7,7.4,5.5,,,6.1,C,2.0,True,2.21,2.32,Pass
615,2304917,HK232_PE1005_L02,PE1005,2,False,6.9,6.2,6.1,,,6.3,C,2.0,True,2.41,2.39,Pass
616,2368104,HK232_PE1005_L02,PE1005,2,False,9.4,8.7,8.8,,,8.9,A,4.0,True,4.0,4.0,Pass
617,2367332,HK232_PE1005_L02,PE1005,2,False,7.5,8.8,6.2,,,7.0,B,3.0,True,3.06,2.95,Pass
618,2300822,HK232_PE1005_L02,PE1005,2,False,8.1,8.0,8.3,,,8.2,B+,3.5,True,3.37,3.52,Pass
619,2359142,HK232_PE1005_L02,PE1005,2,False,5.4,5.5,5.3,,,5.4,D+,1.5,True,1.79,1.64,Pass
620,2357405,HK232_PE1005_L02,PE1005,2,False,10.0,9.4,9.6,,,9.6,A+,4.0,True,3.75,3.86,Pass
621,2332533,HK232_PE1005_L02,PE1005,2,False,8.0,6.9,7.0,,,7.2,B,3.0,True,2.29,2.27,Pass
622,2358219,HK232_PE1005_L02,PE1005,2,False,7.8,7.8,7.3,,,7.5,B,3.0,True,3.33,3.31,Pass
623,2372971,HK232_PE1005_L02,PE1005,2,False,7.7,6.1,6.6,,,6.7,C+,2.5,True,2.32,2.17,Pass
624,2300629,HK232_PE1005_L02,PE1005,2,False,6.4,6.6,7.9,,,7.3,B,3.0,True,2.09,1.97,Pass
625,2394604,HK232_PE1005_L02,PE1005,2,False,5.4,5.1,6.6,,,6.1,C,2.0,True,2.47,2.35,Pass
626,2360921,HK232_PE1005_L02,PE1005,2,False,7.3,5.8,6.3,,,6.4,C+,2.5,True,2.59,2.53,Pass
627,2359763,HK232_PE1005_L02,PE1005,2,False,6.7,6.8,8.3,,,7.7,B,3.0,True,2.47,2.5,Pass
628,2342804,HK232_PE1005_L02,PE1005,2,False,6.9,6.6,7.8,,,7.4,B,3.0,True,2.15,2.18,Pass
629,2365402,HK232_PE1005_L02,PE1005,2,False,4.0,3.0,3.8,,,3.7,F,0.0,False,0.32,1.18,Fail
630,2324922,HK232_PE1005_L02,PE1005,2,False,5.8,7.0,7.3,,,6.9,C+,2.5,True,2.68,2.48,Pass
631,2324343,HK232_PE1005_L02,PE1005,2,False,6.4,7.3,6.2,,,6.5,C+,2.5,True,2.29,2.26,Pass
632,2347864,HK232_PE1005_L02,PE1005,2,False,4.8,4.3,6.5,,,5.7,C,2.0,True,1.43,1.55,Pass
633,2307233,HK232_PE1005_L02,PE1005,2,False,6.3,8.2,6.0,,,6.5,C+,2.5,True,2.09,2.24,Pass
634,2369304,HK232_PE1005_L02,PE1005,2,False,6.4,6.8,6.6,,,6.6,C+,2.5,True,2.06,2.05,Pass
635,2392825,HK232_PE1005_L02,PE1005,2,False,4.9,5.9,5.0,,,5.2,D+,1.5,True,1.37,1.6,Pass
636,2396299,HK232_PE1005_L02,PE1005,2,False,7.6,7.6,8.3,,,8.0,B+,3.5,True,3.0,3.0,Pass
637,2352731,HK232_PE1005_L02,PE1005,2,False,7.1,7.8,6.8,,,7.1,B,3.0,True,3.1,3.05,Pass
638,2380968,HK232_PE1005_L02,PE1005,2,False,6.8,6.9,6.1,,,6.4,C+,2.5,True,2.35,2.53,Pass
639,2317932,HK232_PE1005_L02,PE1005,2,False,9.4,9.3,10.0,,,9.7,A+,4.0,True,4.0,4.0,Pass
640,2355668,HK232_PE1005_L02,PE1005,2,False,6.4,4.0,5.5,,,5.4,D+,1.5,True,2.47,2.33,Pass
641,2356247,HK232_PE1005_L02,PE1005,2,False,9.0,9.8,8.6,,,8.9,A,4.0,True,3.67,3.69,Pass
642,2342225,HK232_PE1005_L02,PE1005,2,False,5.2,5.3,6.9,,,6.2,C,2.0,True,1.56,1.71,Pass
643,2358370,HK232_PE1005_L02,PE1005,2,False,7.7,8.5,7.5,,,7.7,B,3.0,True,3.8,3.66,Pass
644,2353889,HK232_PE1005_L02,PE1005,2,False,7.0,6.8,6.5,,,6.7,C+,2.5,True,1.85,1.8,Pass
645,2398657,HK232_PE1005_L02,PE1005,2,False,7.7,8.3,7.0,,,7.4,B,3.0,True,2.83,2.91,Pass
646,2342460,HK232_PE1005_L02,PE1005,2,False,6.9,4.8,7.0,,,6.5,C+,2.5,True,2.44,2.38,Pass
647,2311093,HK232_PE1005_L02,PE1005,2,False,5.7,5.1,6.2,,,5.9,C,2.0,True,1.74,1.83,Pass
648,2357212,HK232_PE1005_L02,PE1005,2,False,7.2,6.2,7.7,,,7.3,B,3.0,True,2.56,2.36,Pass
649,2333649,HK232_PE1005_L02,PE1005,2,False,10.0,8.9,9.2,,,9.3,A,4.0,True,3.92,3.95,Pass
650,2333456,HK232_PE1005_L02,PE1005,2,False,6.2,6.1,5.7,,,5.9,C,2.0,True,1.47,1.5,Pass
651,2300008,HK232_PE1005_L02,PE1005,2,False,6.8,7.7,6.9,,,7.0,B,3.0,True,2.24,2.27,Pass
652,2301745,HK232_PE1005_L02,PE1005,2,False,7.2,6.7,6.2,,,6.5,C+,2.5,True,2.74,2.71,Pass
653,2353159,HK232_PE1005_L02,PE1005,2,False,6.2,6.6,5.9,,,6.1,C,2.0,True,2.53,2.61,Pass
654,2391088,HK232_PE1005_L02,PE1005,2,False,9.5,7.6,7.9,,,8.2,B+,3.5,True,3.37,3.57,Pass
655,2325501,HK232_PE1005_L02,PE1005,2,False,5.7,6.5,6.8,,,6.5,C+,2.5,True,2.24,2.39,Pass
656,2322606,HK232_PE1005_L02,PE1005,2,False,6.6,7.9,6.7,,,6.9,C+,2.5,True,2.5,2.38,Pass
657,2393211,HK232_PE1005_L02,PE1005,2,False,7.7,7.0,7.4,,,7.4,B,3.0,True,3.09,3.21,Pass
658,2304296,HK232_PE1005_L02,PE1005,2,False,9.1,7.1,7.5,,,7.7,B,3.0,True,3.07,3.17,Pass
659,2361500,HK232_PE1005_L02,PE1005,2,False,4.6,5.1,4.0,,,4.3,D,1.0,True,0.6,1.0,Pass
660,2320869,HK232_PE1005_L02,PE1005,2,False,8.5,9.3,8.6,,,8.7,A,4.0,True,3.87,3.93,Pass
661,2398850,HK232_PE1005_L02,PE1005,2,False,6.9,5.6,7.1,,,6.8,C+,2.5,True,1.83,1.69,Pass
662,2337593,HK232_PE1005_L02,PE1005,2,False,7.7,4.4,5.9,,,6.0,C,2.0,True,2.15,2.14,Pass
663,2386372,HK232_PE1005_L02,PE1005,2,False,8.3,7.9,7.7,,,7.9,B,3.0,True,2.83,2.91,Pass
664,2359335,HK232_PE1005_L02,PE1005,2,False,7.1,8.4,8.6,,,8.3,B+,3.5,True,2.62,2.7,Pass
665,2322757,HK232_PE1005_L02,PE1005,2,False,9.2,10.0,8.3,,,8.8,A,4.0,True,4.0,4.0,Pass
666,2337207,HK232_PE1005_L02,PE1005,2,False,7.7,8.2,7.0,,,7.4,B,3.0,True,2.88,2.82,Pass
667,2322564,HK232_PE1005_L02,PE1005,2,False,9.1,9.0,9.0,,,9.0,A,4.0,True,4.0,4.0,Pass
668,2358991,HK232_PE1005_L02,PE1005,2,False,6.3,6.2,6.0,,,6.1,C,2.0,True,2.6,2.43,Pass
669,2325308,HK232_PE1005_L02,PE1005,2,False,6.3,6.1,7.8,,,7.2,B,3.0,True,1.94,2.09,Pass
670,2312444,HK232_PE1005_L02,PE1005,2,False,4.2,3.7,5.6,,,4.9,D,1.0,True,0.62,1.21,Pass
671,2330368,HK232_PE1005_L02,PE1005,2,False,7.0,6.0,5.7,,,6.0,C,2.0,True,2.27,2.38,Pass
672,2329982,HK232_PE1005_L02,PE1005,2,False,8.7,8.5,7.7,,,8.1,B+,3.5,True,3.37,3.31,Pass
673,2348057,HK232_PE1005_L02,PE1005,2,False,7.8,7.5,8.0,,,7.9,B,3.0,True,3.47,3.5,Pass
674,2358949,HK232_PE1005_L02,PE1005,2,False,6.7,6.6,7.8,,,7.3,B,3.0,True,2.53,2.33,Pass
675,2316153,HK232_PE1005_L02,PE1005,2,False,7.9,8.7,7.6,,,7.9,B,3.0,True,3.23,3.19,Pass
676,2390081,HK232_PE1005_L02,PE1005,2,False,6.0,6.2,6.2,,,6.2,C,2.0,True,2.59,2.59,Pass
677,2333884,HK232_PE1005_L02,PE1005,2,False,2.6,3.3,3.9,,,3.5,F,0.0,False,0.27,1.43,Fail
678,2393790,HK232_PE1005_L02,PE1005,2,False,8.2,8.4,8.4,,,8.4,B+,3.5,True,3.5,3.33,Pass
679,2343962,HK232_PE1005_L02,PE1005,2,False,3.6,4.4,3.5,,,3.7,F,0.0,False,0.45,1.0,Fail
680,2375866,HK232_PE1005_L02,PE1005,2,False,8.1,9.7,10.0,,,9.6,A+,4.0,True,3.97,3.98,Pass
681,2339095,HK232_PE1005_L02,PE1005,2,False,7.5,5.4,6.0,,,6.2,C,2.0,True,2.5,2.42,Pass
682,2353738,HK232_PE1005_L02,PE1005,2,False,6.4,5.6,4.8,,,5.3,D+,1.5,True,1.43,1.75,Pass
683,2356440,HK232_PE1005_L02,PE1005,2,False,5.0,5.8,5.8,,,5.6,C,2.0,True,1.74,1.79,Pass
684,2326659,HK232_PE1005_L02,PE1005,2,False,6.7,7.2,6.0,,,6.4,C+,2.5,True,2.12,2.11,Pass
685,2364823,HK232_PE1005_L02,PE1005,2,False,5.0,5.2,7.5,,,6.5,C+,2.5,True,1.97,1.93,Pass
686,2375673,HK232_PE1005_L02,PE1005,2,False,5.2,5.8,5.8,,,5.7,C,2.0,True,2.06,1.98,Pass
687,2383477,HK232_PE1005_L02,PE1005,2,False,6.5,5.3,7.5,,,6.9,C+,2.5,True,2.09,2.15,Pass
688,2337744,HK232_PE1005_L02,PE1005,2,False,6.2,7.7,6.2,,,6.5,C+,2.5,True,2.29,2.2,Pass
689,2386221,HK232_PE1005_L02,PE1005,2,False,7.2,8.4,9.3,,,8.7,A,4.0,True,3.83,3.91,Pass
690,2312293,HK232_PE1005_L02,PE1005,2,False,6.4,7.1,5.8,,,6.2,C,2.0,True,2.37,2.38,Pass
691,2351573,HK232_PE1005_L02,PE1005,2,False,6.4,6.3,6.7,,,6.6,C+,2.5,True,2.47,2.41,Pass
692,2349215,HK232_PE1005_L03,PE1005,2,False,7.6,5.9,6.2,,,6.4,C+,2.5,True,2.38,2.38,Pass
693,2388730,HK232_PE1005_L03,PE1005,2,False,8.2,6.4,6.3,,,6.7,C+,2.5,True,2.21,2.18,Pass
694,2312872,HK232_PE1005_L03,PE1005,2,False,9.2,10.0,8.8,,,9.1,A,4.0,True,3.97,3.91,Pass
695,2383905,HK232_PE1005_L03,PE1005,2,False,5.3,5.9,6.6,,,6.2,C,2.0,True,1.73,1.93,Pass
696,2330754,HK232_PE1005_L03,PE1005,2,False,7.5,9.8,9.7,,,9.3,A,4.0,True,3.97,3.98,Pass
697,2309356,HK232_PE1005_L03,PE1005,2,False,7.0,4.8,7.0,,,6.6,C+,2.5,True,3.0,2.85,Pass
698,2317697,HK232_PE1005_L03,PE1005,2,False,5.5,5.5,6.1,,,5.9,C,2.0,True,1.73,1.71,Pass
699,2312100,HK232_PE1005_L03,PE1005,2,False,7.8,8.4,9.2,,,8.8,A,4.0,True,3.37,3.41,Pass
700,2379961,HK232_PE1005_L03,PE1005,2,False,7.3,6.6,7.0,,,7.0,B,3.0,True,1.91,2.2,Pass
701,2381933,HK232_PE1005_L03,PE1005,2,False,5.6,4.8,5.0,,,5.1,D+,1.5,True,1.47,1.55,Pass
702,2310900,HK232_PE1005_L03,PE1005,2,False,7.8,5.9,7.7,,,7.4,B,3.0,True,2.59,2.61,Pass
703,2360107,HK232_PE1005_L03,PE1005,2,False,6.2,6.4,7.1,,,6.8,C+,2.5,True,2.18,2.09,Pass
704,2316388,HK232_PE1005_L03,PE1005,2,False,7.6,7.9,8.8,,,8.4,B+,3.5,True,2.88,2.92,Pass
705,2386565,HK232_PE1005_L03,PE1005,2,False,7.6,7.9,8.6,,,8.3,B+,3.5,True,2.88,2.91,Pass
706,2340102,HK232_PE1005_L03,PE1005,2,False,6.0,6.3,5.8,,,5.9,C,2.0,True,1.82,1.56,Pass
707,2303717,HK232_PE1005_L03,PE1005,2,False,4.1,3.5,4.7,,,4.3,D,1.0,True,0.5,1.09,Pass
708,2309549,HK232_PE1005_L03,PE1005,2,False,10.0,9.3,9.2,,,9.4,A,4.0,True,4.0,4.0,Pass
709,2308584,HK232_PE1005_L03,PE1005,2,False,7.3,6.5,7.5,,,7.3,B,3.0,True,2.38,2.27,Pass
710,2314030,HK232_PE1005_L03,PE1005,2,False,7.6,8.1,7.8,,,7.8,B,3.0,True,3.12,3.2,Pass
711,2339716,HK232_PE1005_L03,PE1005,2,False,4.1,5.9,5.9,,,5.5,C,2.0,True,1.88,1.88,Pass
712,2347520,HK232_PE1005_L03,PE1005,2,False,7.9,7.1,8.2,,,7.9,B,3.0,True,3.23,3.24,Pass
713,2317504,HK232_PE1005_L03,PE1005,2,False,9.6,8.2,8.8,,,8.8,A,4.0,True,3.67,3.62,Pass
714,2362079,HK232_PE1005_L03,PE1005,2,False,7.5,8.0,7.1,,,7.4,B,3.0,True,3.2,3.14,Pass
715,2336779,HK232_PE1005_L03,PE1005,2,False,5.2,6.0,5.8,,,5.7,C,2.0,True,1.71,1.64,Pass
716,2327817,HK232_PE1005_L03,PE1005,2,False,8.3,8.3,8.9,,,8.7,A,4.0,True,3.29,3.58,Pass
717,2313837,HK232_PE1005_L03,PE1005,2,False,8.8,8.4,7.8,,,8.1,B+,3.5,True,2.97,2.94,Pass
718,2359184,HK232_PE1005_L03,PE1005,2,False,7.2,4.5,5.4,,,5.6,C,2.0,True,1.74,2.0,Pass
719,2303524,HK232_PE1005_L03,PE1005,2,False,7.5,7.8,7.7,,,7.7,B,3.0,True,3.2,3.1,Pass
720,2327045,HK232_PE1005_L03,PE1005,2,False,8.1,8.9,6.4,,,7.2,B,3.0,True,2.77,2.78,Pass
721,2322413,HK232_PE1005_L03,PE1005,2,False,8.3,8.7,7.9,,,8.1,B+,3.5,True,3.6,3.52,Pass
722,2323571,HK232_PE1005_L03,PE1005,2,False,8.8,8.7,8.3,,,8.5,A,4.0,True,4.0,3.95,Pass
723,2370613,HK232_PE1005_L03,PE1005,2,False,2.2,4.6,3.8,,,3.6,F,0.0,False,0.52,1.0,Fail
724,2384635,HK232_PE1005_L03,PE1005,2,False,8.1,7.6,7.9,,,7.9,B,3.0,True,3.06,2.98,Pass
725,2338709,HK232_PE1005_L03,PE1005,2,False,6.8,6.3,6.1,,,6.3,C,2.0,True,2.24,2.17,Pass
726,2394990,HK232_PE1005_L03,PE1005,2,False,6.4,6.1,6.2,,,6.2,C,2.0,True,1.44,1.44,Pass
727,2308970,HK232_PE1005_L03,PE1005,2,False,7.1,9.2,8.7,,,8.5,A,4.0,True,2.76,2.88,Pass
728,2391281,HK232_PE1005_L03,PE1005,2,False,6.6,4.7,6.4,,,6.1,C,2.0,True,2.0,2.0,Pass
729,2335814,HK232_PE1005_L03,PE1005,2,False,7.5,6.1,5.2,,,5.8,C,2.0,True,2.6,2.57,Pass
730,2327087,HK232_PE1005_L03,PE1005,2,False,6.3,7.8,9.2,,,8.3,B+,3.5,True,3.33,3.29,Pass
731,2383670,HK232_PE1005_L03,PE1005,2,False,7.7,9.7,6.7,,,7.5,B,3.0,True,3.21,3.23,Pass
732,2395720,HK232_PE1005_L03,PE1005,2,False,6.8,7.3,6.6,,,6.8,C+,2.5,True,2.62,2.64,Pass
733,2320827,HK232_PE1005_L03,PE1005,2,False,7.7,7.4,8.1,,,7.9,B,3.0,True,3.1,3.19,Pass
734,2313451,HK232_PE1005_L03,PE1005,2,False,8.6,8.4,8.0,,,8.2,B+,3.5,True,3.37,3.21,Pass
735,2382319,HK232_PE1005_L03,PE1005,2,False,4.6,6.1,7.7,,,6.8,C+,2.5,True,1.74,1.89,Pass
736,2313023,HK232_PE1005_L03,PE1005,2,False,5.3,5.5,5.4,,,5.4,D+,1.5,True,1.5,1.59,Pass
737,2300587,HK232_PE1005_L03,PE1005,2,False,7.8,6.9,7.6,,,7.5,B,3.0,True,2.38,2.53,Pass
738,2336586,HK232_PE1005_L03,PE1005,2,False,6.0,4.7,5.8,,,5.6,C,2.0,True,1.65,1.47,Pass
739,2326466,HK232_PE1005_L03,PE1005,2,False,4.8,5.9,5.1,,,5.2,D+,1.5,True,1.71,1.45,Pass
740,2358756,HK232_PE1005_L03,PE1005,2,False,10.0,8.6,9.2,,,9.2,A,4.0,True,4.0,4.0,Pass
741,2369069,HK232_PE1005_L03,PE1005,2,False,8.0,7.2,7.1,,,7.3,B,3.0,True,2.91,3.05,Pass
742,2375522,HK232_PE1005_L03,PE1005,2,False,5.1,4.1,4.2,,,4.4,D,1.0,True,1.41,1.36,Pass
743,2368532,HK232_PE1005_L03,PE1005,2,False,6.8,5.2,5.7,,,5.8,C,2.0,True,1.74,1.67,Pass
744,2352387,HK232_PE1005_L03,PE1005,2,False,8.0,7.3,8.3,,,8.0,B+,3.5,True,3.4,3.38,Pass
745,2334270,HK232_PE1005_L03,PE1005,2,False,6.5,7.1,6.1,,,6.4,C+,2.5,True,2.35,2.45,Pass
746,2385063,HK232_PE1005_L03,PE1005,2,False,6.0,6.6,7.3,,,6.9,C+,2.5,True,1.73,1.86,Pass
747,2386179,HK232_PE1005_L03,PE1005,2,False,7.5,9.0,8.0,,,8.1,B+,3.5,True,3.63,3.34,Pass
748,2389888,HK232_PE1005_L03,PE1005,2,False,5.3,5.7,5.8,,,5.7,C,2.0,True,1.74,1.38,Pass
749,2300436,HK232_PE1005_L03,PE1005,2,False,5.6,5.4,5.7,,,5.6,C,2.0,True,1.35,1.59,Pass
750,2356054,HK232_PE1005_L03,PE1005,2,False,8.5,7.7,6.6,,,7.2,B,3.0,True,3.7,3.5,Pass
751,2388344,HK232_PE1005_L03,PE1005,2,False,7.9,8.0,6.8,,,7.3,B,3.0,True,3.17,3.26,Pass
752,2380540,HK232_PE1005_L03,PE1005,2,False,5.9,5.6,6.6,,,6.3,C,2.0,True,1.82,1.92,Pass
753,2384442,HK232_PE1005_L03,PE1005,2,False,5.0,6.7,5.7,,,5.8,C,2.0,True,2.35,2.29,Pass
754,2370848,HK232_PE1005_L03,PE1005,2,False,3.7,4.9,4.5,,,4.4,D,1.0,True,0.82,1.32,Pass
755,2343425,HK232_PE1005_L03,PE1005,2,False,7.0,6.7,6.0,,,6.3,C,2.0,True,2.26,2.14,Pass
756,2390702,HK232_PE1005_L03,PE1005,2,False,6.1,6.2,5.6,,,5.8,C,2.0,True,1.71,1.59,Pass
757,2328438,HK232_PE1005_L03,PE1005,2,False,7.5,9.6,10.0,,,9.4,A,4.0,True,3.93,3.9,Pass
758,2311672,HK232_PE1005_L03,PE1005,2,False,3.3,5.2,3.5,,,3.8,F,0.0,False,0.86,1.23,Fail
759,2309742,HK232_PE1005_L03,PE1005,2,False,6.1,5.9,5.1,,,5.5,C,2.0,True,2.29,2.42,Pass
760,2387186,HK232_PE1005_L03,PE1005,2,False,6.1,6.0,6.5,,,6.3,C,2.0,True,2.12,2.21,Pass
761,2339909,HK232_PE1005_L03,PE1005,2,False,5.9,6.5,7.5,,,7.0,B,3.0,True,1.93,1.97,Pass
762,2373592,HK232_PE1005_L03,PE1005,2,False,8.1,6.7,6.4,,,6.8,C+,2.5,True,3.1,3.17,Pass
763,2366174,HK232_PE1005_L03,PE1005,2,False,10.0,9.1,9.4,,,9.5,A+,4.0,True,3.87,3.93,Pass
764,2359528,HK232_PE1005_L03,PE1005,2,False,5.8,5.9,3.9,,,4.7,D,1.0,True,1.74,1.64,Pass
765,2348443,HK232_PE1005_L03,PE1005,2,False,6.3,6.0,6.2,,,6.2,C,2.0,True,1.56,1.52,Pass
766,2346706,HK232_PE1005_L03,PE1005,2,False,6.0,7.6,6.9,,,6.9,C+,2.5,True,3.17,3.26,Pass
767,2389930,HK232_PE1005_L03,PE1005,2,False,6.0,7.4,5.4,,,5.9,C,2.0,True,2.13,2.19,Pass
768,2323185,HK232_PE1005_L03,PE1005,2,False,6.7,7.0,7.8,,,7.4,B,3.0,True,2.37,2.4,Pass
769,2306075,HK232_PE1005_L03,PE1005,2,False,7.3,5.5,5.8,,,6.0,C,2.0,True,2.87,2.93,Pass
770,2323378,HK232_PE1005_L03,PE1005,2,False,4.7,5.0,4.6,,,4.7,D,1.0,True,2.53,2.3,Pass
771,2320634,HK232_PE1005_L03,PE1005,2,False,9.0,6.9,8.8,,,8.5,A,4.0,True,3.12,3.24,Pass
772,2360535,HK232_PE1005_L03,PE1005,2,False,9.0,7.5,8.3,,,8.3,B+,3.5,True,3.87,3.88,Pass
773,2307040,HK232_PE1005_L03,PE1005,2,False,6.8,6.5,7.9,,,7.4,B,3.0,True,3.2,3.17,Pass
774,2373399,HK232_PE1005_L03,PE1005,2,False,5.8,5.3,6.5,,,6.1,C,2.0,True,1.76,1.76,Pass
775,2326080,HK232_PE1005_L03,PE1005,2,False,6.0,6.5,6.8,,,6.6,C+,2.5,True,2.21,2.24,Pass
776,2347713,HK232_PE1005_L03,PE1005,2,False,6.7,6.4,6.4,,,6.5,C+,2.5,True,2.73,2.57,Pass
777,2318276,HK232_PE1005_L03,PE1005,2,False,6.3,5.6,5.9,,,5.9,C,2.0,True,2.6,2.55,Pass
778,2300243,HK232_PE1005_L03,PE1005,2,False,5.3,4.5,5.5,,,5.3,D+,1.5,True,1.03,1.06,Pass
779,2370462,HK232_PE1005_L03,PE1005,2,False,5.6,4.3,5.1,,,5.0,D+,1.5,True,1.68,1.5,Pass
780,2348099,HK232_PE1005_L03,PE1005,2,False,8.7,8.1,7.6,,,7.9,B,3.0,True,3.13,3.07,Pass
781,2328203,HK232_PE1005_L03,PE1005,2,False,5.4,5.3,7.4,,,6.6,C+,2.5,True,2.37,2.26,Pass
782,2332298,HK232_PE1005_L03,PE1005,2,False,5.5,7.1,5.9,,,6.1,C,2.0,True,2.44,2.35,Pass
783,2384056,HK232_PE1005_L03,PE1005,2,False,5.8,6.9,6.3,,,6.3,C,2.0,True,2.32,2.17,Pass
784,2338323,HK232_PE1005_L03,PE1005,2,False,7.0,8.2,6.4,,,6.9,C+,2.5,True,2.32,2.39,Pass
785,2332684,HK232_PE1005_L03,PE1005,2,False,6.7,7.6,7.8,,,7.5,B,3.0,True,3.0,3.07,Pass
786,2392246,HK232_PE1005_L03,PE1005,2,False,8.9,6.7,7.3,,,7.5,B,3.0,True,3.2,3.16,Pass
787,2316581,HK232_PE1005_L03,PE1005,2,False,7.7,8.7,9.2,,,8.8,A,4.0,True,3.23,3.14,Pass
788,2388537,HK232_PE1005_L03,PE1005,2,False,5.4,6.8,6.1,,,6.1,C,2.0,True,2.44,2.33,Pass
789,2301552,HK232_PE1005_L03,PE1005,2,False,6.5,7.7,5.7,,,6.3,C,2.0,True,2.23,2.43,Pass
790,2367718,HK232_PE1005_L03,PE1005,2,False,5.5,6.2,6.0,,,5.9,C,2.0,True,2.82,2.64,Pass
791,2308391,HK232_PE1005_L03,PE1005,2,False,9.0,9.9,10.0,,,9.8,A+,4.0,True,3.69,3.78,Pass
792,2345741,HK232_PE1005_L03,PE1005,2,False,6.1,6.6,6.8,,,6.6,C+,2.5,True,2.47,2.45,Pass
793,2390660,HK232_PE1005_L03,PE1005,2,False,5.6,5.8,5.3,,,5.5,C,2.0,True,1.76,1.74,Pass
794,2374364,HK232_PE1005_L03,PE1005,2,False,6.7,8.2,6.7,,,7.0,B,3.0,True,3.6,3.38,Pass
795,2337165,HK232_PE1005_L03,PE1005,2,False,5.7,5.4,5.0,,,5.2,D+,1.5,True,1.21,1.38,Pass
796,2361114,HK232_PE1005_L03,PE1005,2,False,5.7,7.9,6.4,,,6.6,C+,2.5,True,2.41,2.39,Pass
797,2339330,HK232_PE1005_L03,PE1005,2,False,5.4,3.8,5.6,,,5.2,D+,1.5,True,1.5,1.39,Pass
798,2350801,HK232_PE1005_L03,PE1005,2,False,7.3,8.3,8.1,,,8.0,B+,3.5,True,3.15,3.2,Pass
799,2363472,HK232_PE1005_L03,PE1005,2,False,7.3,8.2,8.4,,,8.1,B+,3.5,True,3.09,3.15,Pass
800,2307384,HK232_PE1005_L03,PE1005,2,False,5.2,4.5,4.7,,,4.8,D,1.0,True,1.85,1.56,Pass
801,2360342,HK232_PE1005_L03,PE1005,2,False,4.1,6.0,6.5,,,5.9,C,2.0,True,1.35,1.33,Pass
802,2341067,HK232_PE1005_L03,PE1005,2,False,7.5,8.3,8.6,,,8.3,B+,3.5,True,3.13,3.02,Pass
803,2370999,HK232_PE1005_L03,PE1005,2,False,6.8,7.4,5.4,,,6.1,C,2.0,True,2.56,2.62,Pass
804,2352924,HK232_PE1005_L03,PE1005,2,False,9.0,8.8,9.9,,,9.5,A+,4.0,True,3.97,3.98,Pass
805,2345355,HK232_PE1005_L03,PE1005,2,False,8.0,8.6,5.0,,,6.3,C,2.0,True,3.33,3.36,Pass
806,2340874,HK232_PE1005_L03,PE1005,2,False,6.4,6.5,4.8,,,5.5,C,2.0,True,1.29,1.32,Pass
807,2305303,HK232_PE1005_L03,PE1005,2,False,6.5,6.0,6.9,,,6.6,C+,2.5,True,2.44,2.42,Pass
808,2326122,HK232_PE1005_L04,PE1005,2,False,8.5,5.9,7.8,,,7.6,B,3.0,True,3.33,3.22,Pass
809,2317890,HK232_PE1005_L04,PE1005,2,False,8.6,10.0,9.2,,,9.2,A,4.0,True,3.87,3.83,Pass
810,2374708,HK232_PE1005_L04,PE1005,2,False,7.1,8.7,8.5,,,8.3,B+,3.5,True,3.03,3.03,Pass
811,2325115,HK232_PE1005_L04,PE1005,2,False,5.6,5.8,5.7,,,5.7,C,2.0,True,2.35,2.23,Pass
812,2348250,HK232_PE1005_L04,PE1005,2,False,5.3,3.7,6.1,,,5.5,C,2.0,True,1.73,1.81,Pass
813,2396341,HK232_PE1005_L04,PE1005,2,False,5.1,6.1,5.7,,,5.7,C,2.0,True,2.47,2.5,Pass
814,2331719,HK232_PE1005_L04,PE1005,2,False,6.8,6.8,6.7,,,6.7,C+,2.5,True,2.5,2.55,Pass
815,2335428,HK232_PE1005_L04,PE1005,2,False,9.0,9.8,9.2,,,9.3,A,4.0,True,3.6,3.52,Pass
816,2389544,HK232_PE1005_L04,PE1005,2,False,5.8,6.8,6.6,,,6.5,C+,2.5,True,2.29,2.26,Pass
817,2336200,HK232_PE1005_L04,PE1005,2,False,5.9,7.5,6.5,,,6.6,C+,2.5,True,2.0,2.12,Pass
818,2384484,HK232_PE1005_L04,PE1005,2,False,6.7,6.3,7.2,,,6.9,C+,2.5,True,2.5,2.44,Pass
819,2363858,HK232_PE1005_L04,PE1005,2,False,6.9,5.7,7.1,,,6.8,C+,2.5,True,2.62,2.62,Pass
820,2385600,HK232_PE1005_L04,PE1005,2,False,4.2,4.4,2.9,,,3.5,F,0.0,False,0.55,1.18,Fail
821,2369648,HK232_PE1005_L04,PE1005,2,False,9.0,7.7,9.1,,,8.8,A,4.0,True,4.0,4.0,Pass
822,2374129,HK232_PE1005_L04,PE1005,2,False,5.6,5.7,6.5,,,6.2,C,2.0,True,2.47,2.41,Pass
823,2340295,HK232_PE1005_L04,PE1005,2,False,8.5,8.6,9.9,,,9.4,A,4.0,True,3.97,3.91,Pass
824,2310128,HK232_PE1005_L04,PE1005,2,False,6.0,5.2,4.2,,,4.8,D,1.0,True,1.44,1.52,Pass
825,2301594,HK232_PE1005_L04,PE1005,2,False,6.2,6.3,5.8,,,6.0,C,2.0,True,1.21,1.41,Pass
826,2312679,HK232_PE1005_L04,PE1005,2,False,6.2,5.7,6.8,,,6.5,C+,2.5,True,1.85,1.88,Pass
827,2314802,HK232_PE1005_L04,PE1005,2,False,7.7,8.6,7.5,,,7.8,B,3.0,True,3.27,3.19,Pass
828,2348678,HK232_PE1005_L04,PE1005,2,False,6.8,6.2,5.7,,,6.0,C,2.0,True,2.09,1.98,Pass
829,2393018,HK232_PE1005_L04,PE1005,2,False,6.1,4.8,5.6,,,5.5,C,2.0,True,2.12,2.05,Pass
830,2378417,HK232_PE1005_L04,PE1005,2,False,6.0,6.0,6.6,,,6.4,C+,2.5,True,2.15,2.15,Pass
831,2333070,HK232_PE1005_L04,PE1005,2,False,7.8,3.5,7.0,,,6.5,C+,2.5,True,2.5,2.5,Pass
832,2356826,HK232_PE1005_L04,PE1005,2,False,6.3,4.9,7.0,,,6.4,C+,2.5,True,2.62,2.62,Pass
833,2385214,HK232_PE1005_L04,PE1005,2,False,6.9,7.9,8.1,,,7.8,B,3.0,True,2.97,2.73,Pass
834,2353545,HK232_PE1005_L04,PE1005,2,False,4.3,5.6,4.9,,,4.9,D,1.0,True,1.68,1.68,Pass
835,2306998,HK232_PE1005_L04,PE1005,2,False,5.8,6.7,7.9,,,7.2,B,3.0,True,2.76,2.56,Pass
836,2377452,HK232_PE1005_L04,PE1005,2,False,6.2,6.7,6.4,,,6.4,C+,2.5,True,2.62,2.73,Pass
837,2300973,HK232_PE1005_L04,PE1005,2,False,6.2,7.1,5.8,,,6.1,C,2.0,True,2.26,2.44,Pass
838,2389695,HK232_PE1005_L04,PE1005,2,False,6.1,8.9,6.9,,,7.1,B,3.0,True,2.76,2.89,Pass
839,2348292,HK232_PE1005_L04,PE1005,2,False,7.9,7.5,7.7,,,7.7,B,3.0,True,3.1,3.07,Pass
840,2396148,HK232_PE1005_L04,PE1005,2,False,6.0,6.7,7.3,,,6.9,C+,2.5,True,2.15,2.06,Pass
841,2312251,HK232_PE1005_L04,PE1005,2,False,7.2,7.9,7.4,,,7.5,B,3.0,True,3.0,3.05,Pass
842,2364588,HK232_PE1005_L04,PE1005,2,False,8.3,8.8,9.1,,,8.9,A,4.0,True,3.92,3.95,Pass
843,2339288,HK232_PE1005_L04,PE1005,2,False,7.7,8.5,8.4,,,8.3,B+,3.5,True,3.23,3.19,Pass
844,2375287,HK232_PE1005_L04,PE1005,2,False,7.2,4.8,6.6,,,6.4,C+,2.5,True,1.62,1.74,Pass
845,2384291,HK232_PE1005_L04,PE1005,2,False,8.7,8.3,7.9,,,8.1,B+,3.5,True,3.43,3.22,Pass
846,2362658,HK232_PE1005_L04,PE1005,2,False,7.3,7.9,7.7,,,7.7,B,3.0,True,2.9,3.02,Pass
847,2393983,HK232_PE1005_L04,PE1005,2,False,7.6,8.2,7.5,,,7.7,B,3.0,True,3.41,3.36,Pass
848,2353117,HK232_PE1005_L04,PE1005,2,False,6.8,6.1,5.1,,,5.6,C,2.0,True,2.4,2.22,Pass
849,2363044,HK232_PE1005_L04,PE1005,2,False,6.9,6.6,6.6,,,6.7,C+,2.5,True,2.59,2.61,Pass
850,2349257,HK232_PE1005_L04,PE1005,2,False,10.0,8.2,8.5,,,8.7,A,4.0,True,4.0,4.0,Pass
851,2376101,HK232_PE1005_L04,PE1005,2,False,6.4,5.7,6.4,,,6.3,C,2.0,True,2.12,2.0,Pass
852,2331140,HK232_PE1005_L04,PE1005,2,False,8.2,8.2,7.9,,,8.0,B+,3.5,True,3.89,3.88,Pass
853,2380582,HK232_PE1005_L04,PE1005,2,False,6.2,6.8,7.3,,,7.0,B,3.0,True,2.76,2.5,Pass
854,2370420,HK232_PE1005_L04,PE1005,2,False,8.4,8.5,10.0,,,9.4,A,4.0,True,3.89,3.94,Pass
855,2306226,HK232_PE1005_L04,PE1005,2,False,6.1,6.7,5.6,,,5.9,C,2.0,True,2.37,2.36,Pass
856,2395913,HK232_PE1005_L04,PE1005,2,False,7.6,7.8,7.6,,,7.6,B,3.0,True,3.3,3.24,Pass
857,2379575,HK232_PE1005_L04,PE1005,2,False,7.0,5.4,6.0,,,6.1,C,2.0,True,1.97,1.98,Pass
858,2347285,HK232_PE1005_L04,PE1005,2,False,9.0,7.5,9.5,,,9.0,A,4.0,True,3.37,3.29,Pass
859,2351187,HK232_PE1005_L04,PE1005,2,False,5.9,7.3,5.3,,,5.8,C,2.0,True,1.82,1.65,Pass
860,2371813,HK232_PE1005_L04,PE1005,2,False,8.2,8.6,7.6,,,7.9,B,3.0,True,3.0,3.2,Pass
861,2394562,HK232_PE1005_L04,PE1005,2,False,6.3,6.3,8.2,,,7.4,B,3.0,True,2.83,2.9,Pass
862,2398464,HK232_PE1005_L04,PE1005,2,False,6.2,6.3,6.3,,,6.3,C,2.0,True,2.62,2.5,Pass
863,2316195,HK232_PE1005_L04,PE1005,2,False,6.5,6.6,4.4,,,5.3,D+,1.5,True,2.09,2.21,Pass
864,2328824,HK232_PE1005_L04,PE1005,2,False,5.8,4.7,4.3,,,4.7,D,1.0,True,1.44,1.38,Pass
865,2370227,HK232_PE1005_L04,PE1005,2,False,6.9,7.4,7.6,,,7.4,B,3.0,True,2.62,2.64,Pass
866,2376680,HK232_PE1005_L04,PE1005,2,False,4.6,8.0,6.4,,,6.4,C+,2.5,True,2.29,2.29,Pass
867,2312637,HK232_PE1005_L04,PE1005,2,False,3.7,3.3,5.4,,,4.6,D,1.0,True,0.4,1.0,Pass
868,2330947,HK232_PE1005_L04,PE1005,2,False,8.1,8.2,7.5,,,7.8,B,3.0,True,3.18,3.18,Pass
869,2357791,HK232_PE1005_L04,PE1005,2,False,6.1,5.3,6.6,,,6.2,C,2.0,True,1.76,1.7,Pass
870,2317160,HK232_PE1005_L04,PE1005,2,False,9.4,8.5,8.3,,,8.6,A,4.0,True,3.4,3.45,Pass
871,2310514,HK232_PE1005_L04,PE1005,2,False,6.8,6.0,6.5,,,6.5,C+,2.5,True,2.53,2.18,Pass
872,2394797,HK232_PE1005_L04,PE1005,2,False,8.0,9.0,6.7,,,7.4,B,3.0,True,3.35,3.18,Pass
873,2368876,HK232_PE1005_L04,PE1005,2,False,6.4,6.8,7.4,,,7.1,B,3.0,True,2.12,1.94,Pass
874,2390853,HK232_PE1005_L04,PE1005,2,False,5.6,6.6,7.0,,,6.6,C+,2.5,True,2.12,2.29,Pass
875,2378803,HK232_PE1005_L04,PE1005,2,False,8.0,7.9,6.7,,,7.2,B,3.0,True,3.26,3.27,Pass
876,2354468,HK232_PE1005_L04,PE1005,2,False,5.9,6.4,5.8,,,5.9,C,2.0,True,1.5,1.5,Pass
877,2340488,HK232_PE1005_L04,PE1005,2,False,9.2,10.0,9.5,,,9.5,A+,4.0,True,4.0,4.0,Pass
878,2328589,HK232_PE1005_L04,PE1005,2,False,6.4,5.7,5.5,,,5.7,C,2.0,True,2.59,2.41,Pass
879,2344390,HK232_PE1005_L04,PE1005,2,False,5.5,6.7,7.2,,,6.8,C+,2.5,True,2.79,2.83,Pass
880,2374515,HK232_PE1005_L04,PE1005,2,False,6.9,7.5,7.9,,,7.6,B,3.0,True,2.62,2.48,Pass
881,2327473,HK232_PE1005_L04,PE1005,2,False,3.4,3.4,4.1,,,3.8,F,0.0,False,0.62,1.38,Fail
882,2302559,HK232_PE1005_L04,PE1005,2,False,6.9,5.8,6.5,,,6.4,C+,2.5,True,2.12,2.06,Pass
883,2380347,HK232_PE1005_L04,PE1005,2,False,7.6,7.2,8.4,,,8.0,B+,3.5,True,3.27,3.14,Pass
884,2355047,HK232_PE1005_L04,PE1005,2,False,8.1,7.7,6.2,,,6.9,C+,2.5,True,2.24,2.14,Pass
885,2358026,HK232_PE1005_L04,PE1005,2,False,6.1,6.5,6.0,,,6.1,C,2.0,True,2.03,2.06,Pass
886,2346899,HK232_PE1005_L04,PE1005,2,False,6.1,6.3,6.2,,,6.2,C,2.0,True,2.18,2.18,Pass
887,2387958,HK232_PE1005_L04,PE1005,2,False,8.8,6.9,7.8,,,7.8,B,3.0,True,2.74,2.82,Pass
888,2384870,HK232_PE1005_L04,PE1005,2,False,8.2,6.8,8.4,,,8.0,B+,3.5,True,2.29,2.2,Pass
889,2352152,HK232_PE1005_L04,PE1005,2,False,8.0,8.7,7.6,,,7.9,B,3.0,True,3.03,3.02,Pass
890,2392053,HK232_PE1005_L04,PE1005,2,False,7.1,5.9,6.6,,,6.6,C+,2.5,True,2.03,2.14,Pass
891,2315960,HK232_PE1005_L04,PE1005,2,False,8.2,8.2,6.6,,,7.2,B,3.0,True,3.27,3.14,Pass
892,2314223,HK232_PE1005_L04,PE1005,2,False,5.7,7.2,6.1,,,6.2,C,2.0,True,1.71,1.64,Pass
893,2358412,HK232_PE1005_L04,PE1005,2,False,5.4,6.9,5.4,,,5.7,C,2.0,True,1.29,1.46,Pass
894,2375329,HK232_PE1005_L04,PE1005,2,False,7.4,7.6,8.1,,,7.9,B,3.0,True,3.0,3.05,Pass
895,2300780,HK232_PE1005_L04,PE1005,2,False,8.3,7.4,7.3,,,7.5,B,3.0,True,3.5,3.26,Pass
896,2322220,HK232_PE1005_L04,PE1005,2,False,5.6,7.3,7.1,,,6.8,C+,2.5,True,2.33,2.43,Pass
897,2395955,HK232_PE1005_L04,PE1005,2,False,7.6,8.6,8.8,,,8.5,A,4.0,True,3.4,3.33,Pass
898,2379768,HK232_PE1005_L04,PE1005,2,False,8.3,7.5,7.8,,,7.8,B,3.0,True,3.33,3.22,Pass
899,2321255,HK232_PE1005_L04,PE1005,2,False,6.9,6.7,6.8,,,6.8,C+,2.5,True,2.53,2.42,Pass
900,2368297,HK232_PE1005_L04,PE1005,2,False,6.2,7.1,6.9,,,6.8,C+,2.5,True,2.71,2.59,Pass
901,2354854,HK232_PE1005_L04,PE1005,2,False,6.9,5.3,6.0,,,6.0,C,2.0,True,1.88,2.14,Pass
902,2370806,HK232_PE1005_L04,PE1005,2,False,6.3,6.9,7.5,,,7.1,B,3.0,True,2.44,2.41,Pass
903,2350415,HK232_PE1005_L04,PE1005,2,False,3.7,3.8,4.6,,,4.3,D,1.0,True,0.14,1.0,Pass
904,2311479,HK232_PE1005_L04,PE1005,2,False,7.1,6.7,5.8,,,6.2,C,2.0,True,2.74,2.7,Pass
905,2381547,HK232_PE1005_L04,PE1005,2,False,5.6,5.3,6.5,,,6.1,C,2.0,True,2.06,1.8,Pass
906,2315188,HK232_PE1005_L04,PE1005,2,False,8.6,8.1,9.0,,,8.7,A,4.0,True,4.0,4.0,Pass
907,2305068,HK232_PE1005_L04,PE1005,2,False,8.0,9.2,8.0,,,8.2,B+,3.5,True,3.97,3.98,Pass
908,2380154,HK232_PE1005_L04,PE1005,2,False,3.4,7.3,6.2,,,5.9,C,2.0,True,1.8,1.84,Pass
909,2363237,HK232_PE1005_L04,PE1005,2,False,5.0,4.7,4.8,,,4.8,D,1.0,True,1.76,1.56,Pass
910,2306847,HK232_PE1005_L04,PE1005,2,False,5.3,6.7,4.7,,,5.2,D+,1.5,True,2.0,2.05,Pass
911,2392632,HK232_PE1005_L04,PE1005,2,False,6.2,7.5,4.6,,,5.5,C,2.0,True,1.97,1.86,Pass
912,2362465,HK232_PE1005_L04,PE1005,2,False,7.4,6.6,6.4,,,6.6,C+,2.5,True,2.57,2.71,Pass
913,2328052,HK232_PE1005_L04,PE1005,2,False,5.6,5.4,6.0,,,5.8,C,2.0,True,2.12,2.14,Pass
914,2373785,HK232_PE1005_L04,PE1005,2,False,4.2,5.4,4.1,,,4.4,D,1.0,True,0.97,1.12,Pass
915,2370655,HK232_PE1005_L04,PE1005,2,False,6.5,5.3,6.3,,,6.1,C,2.0,True,1.85,1.85,Pass
916,2383091,HK232_PE1005_L04,PE1005,2,False,6.7,5.9,6.5,,,6.4,C+,2.5,True,2.68,2.58,Pass
917,2343811,HK232_PE1005_L04,PE1005,2,False,6.6,7.5,5.0,,,5.8,C,2.0,True,2.47,2.27,Pass
918,2386758,HK232_PE1005_L04,PE1005,2,False,7.9,8.2,7.8,,,7.9,B,3.0,True,3.37,3.31,Pass
919,2312058,HK232_PE1005_L04,PE1005,2,False,7.8,8.6,9.7,,,9.1,A,4.0,True,3.2,3.17,Pass
920,2333842,HK232_PE1005_L04,PE1005,2,False,8.9,9.2,8.8,,,8.9,A,4.0,True,3.33,3.24,Pass
921,2332491,HK232_PE1005_L04,PE1005,2,False,9.3,8.1,8.5,,,8.6,A,4.0,True,3.97,3.98,Pass
922,2388923,HK232_PE1005_L04,PE1005,2,False,8.0,7.2,8.6,,,8.2,B+,3.5,True,3.12,3.15,Pass
923,2337786,HK232_PE1005_L04,PE1005,2,False,8.1,8.6,9.1,,,8.8,A,4.0,True,3.24,3.24,Pass
924,2306268,HK232_PE1005_L05,PE1005,2,False,7.8,7.3,5.7,,,6.4,C+,2.5,True,2.06,2.15,Pass
925,2365167,HK232_PE1005_L05,PE1005,2,False,4.6,6.2,5.4,,,5.4,D+,1.5,True,1.59,1.61,Pass
926,2363623,HK232_PE1005_L05,PE1005,2,False,7.2,6.4,5.7,,,6.1,C,2.0,True,2.29,2.18,Pass
927,2368683,HK232_PE1005_L05,PE1005,2,False,7.8,7.6,8.8,,,8.4,B+,3.5,True,2.97,3.09,Pass
928,2334849,HK232_PE1005_L05,PE1005,2,False,7.9,9.1,8.8,,,8.7,A,4.0,True,3.47,3.66,Pass
929,2316732,HK232_PE1005_L05,PE1005,2,False,5.8,6.7,4.8,,,5.4,D+,1.5,True,2.06,2.09,Pass
930,2396920,HK232_PE1005_L05,PE1005,2,False,8.8,7.0,7.8,,,7.8,B,3.0,True,3.23,3.34,Pass
931,2320248,HK232_PE1005_L05,PE1005,2,False,8.5,9.0,9.4,,,9.1,A,4.0,True,4.0,4.0,Pass
932,2393404,HK232_PE1005_L05,PE1005,2,False,7.6,6.2,7.6,,,7.3,B,3.0,True,2.71,2.74,Pass
933,2319090,HK232_PE1005_L05,PE1005,2,False,4.7,5.7,6.3,,,5.9,C,2.0,True,1.59,1.58,Pass
934,2337551,HK232_PE1005_L05,PE1005,2,False,8.0,8.5,9.6,,,9.1,A,4.0,True,3.7,3.79,Pass
935,2364051,HK232_PE1005_L05,PE1005,2,False,5.9,6.7,5.3,,,5.7,C,2.0,True,2.5,2.33,Pass
936,2336393,HK232_PE1005_L05,PE1005,2,False,7.9,8.3,9.6,,,9.0,A,4.0,True,3.13,3.28,Pass
937,2318511,HK232_PE1005_L05,PE1005,2,False,4.9,4.1,3.3,,,3.8,F,0.0,False,0.33,1.0,Fail
938,2391046,HK232_PE1005_L05,PE1005,2,False,6.2,6.4,6.3,,,6.3,C,2.0,True,2.41,2.36,Pass
939,2338516,HK232_PE1005_L05,PE1005,2,False,7.4,8.3,7.8,,,7.8,B,3.0,True,3.33,3.29,Pass
940,2347327,HK232_PE1005_L05,PE1005,2,False,5.4,5.8,6.2,,,6.0,C,2.0,True,2.68,2.48,Pass
941,2386028,HK232_PE1005_L05,PE1005,2,False,9.5,9.5,9.0,,,9.2,A,4.0,True,3.97,3.98,Pass
942,2337358,HK232_PE1005_L05,PE1005,2,False,9.5,7.3,7.7,,,8.0,B+,3.5,True,3.53,3.55,Pass
943,2345934,HK232_PE1005_L05,PE1005,2,False,5.4,7.2,4.1,,,5.0,D+,1.5,True,1.26,1.29,Pass
944,2388151,HK232_PE1005_L05,PE1005,2,False,6.9,7.2,7.1,,,7.1,B,3.0,True,2.47,2.48,Pass
945,2379231,HK232_PE1005_L05,PE1005,2,False,9.0,10.0,8.8,,,9.1,A,4.0,True,3.89,3.83,Pass
946,2361307,HK232_PE1005_L05,PE1005,2,False,6.2,6.6,6.7,,,6.6,C+,2.5,True,2.24,2.33,Pass
947,2314609,HK232_PE1005_L05,PE1005,2,False,6.2,5.7,4.1,,,4.8,D,1.0,True,1.85,1.82,Pass
948,2349022,HK232_PE1005_L05,PE1005,2,False,4.1,5.2,5.3,,,5.0,D+,1.5,True,1.85,1.8,Pass
949,2339523,HK232_PE1005_L05,PE1005,2,False,7.7,6.4,6.7,,,6.8,C+,2.5,True,2.68,2.61,Pass
950,2365553,HK232_PE1005_L05,PE1005,2,False,5.2,6.2,5.3,,,5.5,C,2.0,True,1.71,1.58,Pass
951,2363816,HK232_PE1005_L05,PE1005,2,False,5.0,5.9,4.7,,,5.0,D+,1.5,True,1.65,1.74,Pass
952,2359914,HK232_PE1005_L05,PE1005,2,False,5.7,6.0,5.3,,,5.5,C,2.0,True,1.76,1.7,Pass
953,2368339,HK232_PE1005_L05,PE1005,2,False,4.6,4.2,4.5,,,4.5,D,1.0,True,0.7,1.0,Pass
954,2374901,HK232_PE1005_L05,PE1005,2,False,4.8,3.8,3.4,,,3.8,F,0.0,False,0.18,1.0,Fail
955,2333263,HK232_PE1005_L05,PE1005,2,False,6.0,6.3,5.9,,,6.0,C,2.0,True,1.68,1.76,Pass
956,2317739,HK232_PE1005_L05,PE1005,2,False,6.9,8.6,7.9,,,7.8,B,3.0,True,3.13,3.16,Pass
957,2372006,HK232_PE1005_L05,PE1005,2,False,8.0,6.0,6.7,,,6.8,C+,2.5,True,2.41,2.33,Pass
958,2306461,HK232_PE1005_L05,PE1005,2,False,2.5,4.2,4.0,,,3.7,F,0.0,False,0.2,1.0,Fail
959,2313258,HK232_PE1005_L05,PE1005,2,False,9.6,7.9,8.5,,,8.6,A,4.0,True,3.5,3.3,Pass
960,2366560,HK232_PE1005_L05,PE1005,2,False,8.4,8.8,8.3,,,8.4,B+,3.5,True,3.33,3.29,Pass
961,2310556,HK232_PE1005_L05,PE1005,2,False,6.5,6.9,7.1,,,6.9,C+,2.5,True,2.21,2.15,Pass
962,2311714,HK232_PE1005_L05,PE1005,2,False,7.7,7.0,7.2,,,7.3,B,3.0,True,3.2,3.17,Pass
963,2399857,HK232_PE1005_L05,PE1005,2,False,6.7,5.1,7.9,,,7.1,B,3.0,True,2.59,2.59,Pass
964,2364202,HK232_PE1005_L05,PE1005,2,False,5.2,6.2,5.1,,,5.3,D+,1.5,True,1.97,1.77,Pass
965,2315574,HK232_PE1005_L05,PE1005,2,False,6.6,7.2,6.7,,,6.8,C+,2.5,True,2.74,2.7,Pass
966,2362272,HK232_PE1005_L05,PE1005,2,False,6.9,6.0,6.3,,,6.4,C+,2.5,True,2.29,2.23,Pass
967,2359721,HK232_PE1005_L05,PE1005,2,False,7.3,7.2,5.8,,,6.4,C+,2.5,True,2.68,2.56,Pass
968,2371620,HK232_PE1005_L05,PE1005,2,False,7.3,5.9,6.9,,,6.8,C+,2.5,True,2.23,2.31,Pass
969,2347478,HK232_PE1005_L05,PE1005,2,False,8.6,8.5,8.5,,,8.5,A,4.0,True,3.93,3.78,Pass
970,2321406,HK232_PE1005_L05,PE1005,2,False,5.6,6.3,7.7,,,7.0,B,3.0,True,2.44,2.7,Pass
971,2344197,HK232_PE1005_L05,PE1005,2,False,6.9,6.4,5.9,,,6.2,C,2.0,True,2.12,2.27,Pass
972,2384828,HK232_PE1005_L05,PE1005,2,False,7.7,7.9,8.0,,,7.9,B,3.0,True,3.33,3.34,Pass
973,2398078,HK232_PE1005_L05,PE1005,2,False,6.8,6.8,5.9,,,6.3,C,2.0,True,2.29,2.2,Pass
974,2342418,HK232_PE1005_L05,PE1005,2,False,6.0,4.5,5.3,,,5.3,D+,1.5,True,1.56,1.56,Pass
975,2301208,HK232_PE1005_L05,PE1005,2,False,7.0,6.4,8.9,,,8.0,B+,3.5,True,2.56,2.68,Pass
976,2384098,HK232_PE1005_L05,PE1005,2,False,6.3,5.3,6.4,,,6.2,C,2.0,True,2.09,2.23,Pass
977,2368490,HK232_PE1005_L05,PE1005,2,False,4.8,7.4,5.7,,,5.9,C,2.0,True,2.44,2.48,Pass
978,2342032,HK232_PE1005_L05,PE1005,2,False,6.8,6.7,7.0,,,6.9,C+,2.5,True,2.53,2.61,Pass
979,2352345,HK232_PE1005_L05,PE1005,2,False,6.6,6.0,6.9,,,6.7,C+,2.5,True,2.4,2.57,Pass
980,2354124,HK232_PE1005_L05,PE1005,2,False,5.2,4.6,3.3,,,3.9,F,0.0,False,0.29,1.0,Fail
981,2331954,HK232_PE1005_L05,PE1005,2,False,8.7,10.0,9.6,,,9.5,A+,4.0,True,4.0,4.0,Pass
982,2331761,HK232_PE1005_L05,PE1005,2,False,5.3,6.8,6.8,,,6.5,C+,2.5,True,1.91,1.95,Pass
983,2349643,HK232_PE1005_L05,PE1005,2,False,6.1,6.2,5.3,,,5.6,C,2.0,True,1.65,1.55,Pass
984,2305840,HK232_PE1005_L05,PE1005,2,False,7.0,7.3,6.8,,,6.9,C+,2.5,True,3.1,3.24,Pass
985,2332147,HK232_PE1005_L05,PE1005,2,False,8.2,8.4,8.4,,,8.4,B+,3.5,True,3.07,3.1,Pass
986,2351766,HK232_PE1005_L05,PE1005,2,False,5.0,5.7,5.6,,,5.5,C,2.0,True,1.79,1.77,Pass
987,2337937,HK232_PE1005_L05,PE1005,2,False,5.7,7.2,4.4,,,5.2,D+,1.5,True,1.4,1.71,Pass
988,2304875,HK232_PE1005_L05,PE1005,2,False,4.9,5.9,5.4,,,5.4,D+,1.5,True,1.71,1.58,Pass
989,2327431,HK232_PE1005_L05,PE1005,2,False,8.3,10.0,8.6,,,8.8,A,4.0,True,3.73,3.62,Pass
990,2377645,HK232_PE1005_L05,PE1005,2,False,4.4,6.2,5.3,,,5.3,D+,1.5,True,1.71,1.66,Pass
991,2355861,HK232_PE1005_L05,PE1005,2,False,9.2,8.9,9.0,,,9.0,A,4.0,True,4.0,4.0,Pass
992,2375480,HK232_PE1005_L05,PE1005,2,False,9.6,8.8,10.0,,,9.7,A+,4.0,True,3.89,3.88,Pass
993,2397264,HK232_PE1005_L05,PE1005,2,False,5.0,5.1,5.7,,,5.4,D+,1.5,True,1.88,2.11,Pass
994,2358563,HK232_PE1005_L05,PE1005,2,False,9.0,9.3,7.6,,,8.2,B+,3.5,True,3.37,3.41,Pass
995,2336821,HK232_PE1005_L05,PE1005,2,False,7.3,7.8,7.4,,,7.5,B,3.0,True,3.09,3.14,Pass
996,2300050,HK232_PE1005_L05,PE1005,2,False,7.6,8.6,7.5,,,7.7,B,3.0,True,3.27,3.28,Pass
997,2383863,HK232_PE1005_L05,PE1005,2,False,5.7,5.1,6.9,,,6.3,C,2.0,True,1.82,1.79,Pass
998,2335621,HK232_PE1005_L05,PE1005,2,False,6.8,5.8,5.8,,,6.0,C,2.0,True,1.5,1.53,Pass
999,2379038,HK232_PE1005_L05,PE1005,2,False,8.7,9.6,9.4,,,9.3,A,4.0,True,4.0,3.83,Pass
1000,2312486,HK232_PE1005_L05,PE1005,2,False,6.5,6.4,6.7,,,6.6,C+,2.5,True,2.12,2.09,Pass
1001,2362851,HK232_PE1005_L05,PE1005,2,False,8.1,6.2,7.0,,,7.1,B,3.0,True,2.56,2.45,Pass
1002,2344004,HK232_PE1005_L05,PE1005,2,False,6.7,7.8,7.9,,,7.6,B,3.0,True,3.24,3.26,Pass
1003,2364395,HK232_PE1005_L05,PE1005,2,False,9.1,8.1,8.0,,,8.2,B+,3.5,True,3.93,3.91,Pass
1004,2316002,HK232_PE1005_L05,PE1005,2,False,4.3,6.2,5.6,,,5.5,C,2.0,True,1.9,1.71,Pass
1005,2344734,HK232_PE1005_L05,PE1005,2,False,6.2,7.1,6.6,,,6.6,C+,2.5,True,2.35,2.41,Pass
1006,2328782,HK232_PE1005_L05,PE1005,2,False,8.8,8.7,8.8,,,8.8,A,4.0,True,3.64,3.73,Pass
1007,2380926,HK232_PE1005_L05,PE1005,2,False,6.0,7.2,6.6,,,6.6,C+,2.5,True,1.47,1.58,Pass
1008,2316967,HK232_PE1005_L05,PE1005,2,False,7.7,7.5,7.7,,,7.7,B,3.0,True,3.0,3.14,Pass
1009,2313644,HK232_PE1005_L05,PE1005,2,False,5.4,5.9,4.6,,,5.0,D+,1.5,True,2.13,2.16,Pass
1010,2322950,HK232_PE1005_L05,PE1005,2,False,6.4,5.8,7.3,,,6.8,C+,2.5,True,2.35,2.47,Pass
1011,2332340,HK232_PE1005_L05,PE1005,2,False,6.8,5.8,6.5,,,6.4,C+,2.5,True,2.26,2.29,Pass
1012,2311328,HK232_PE1005_L05,PE1005,2,False,6.8,7.7,7.1,,,7.2,B,3.0,True,2.71,2.62,Pass
1013,2339137,HK232_PE1005_L05,PE1005,2,False,6.9,6.8,8.0,,,7.5,B,3.0,True,2.53,2.56,Pass
1014,2340681,HK232_PE1005_L05,PE1005,2,False,7.9,8.0,7.8,,,7.9,B,3.0,True,3.23,3.12,Pass
1015,2365209,HK232_PE1005_L05,PE1005,2,False,6.5,7.0,7.1,,,7.0,B,3.0,True,3.0,2.77,Pass
1016,2399664,HK232_PE1005_L05,PE1005,2,False,5.7,6.4,6.2,,,6.1,C,2.0,True,2.41,2.5,Pass
1017,2328010,HK232_PE1005_L05,PE1005,2,False,5.7,5.2,6.0,,,5.8,C,2.0,True,1.74,1.67,Pass
1018,2306033,HK232_PE1005_L05,PE1005,2,False,3.7,4.2,5.1,,,4.6,D,1.0,True,0.0,1.5,Pass
1019,2371041,HK232_PE1005_L05,PE1005,2,False,8.6,8.4,8.1,,,8.3,B+,3.5,True,3.29,3.24,Pass
1020,2350608,HK232_PE1005_L05,PE1005,2,False,6.5,7.3,5.8,,,6.2,C,2.0,True,2.29,2.41,Pass
1021,2316925,HK232_PE1005_L05,PE1005,2,False,7.1,6.6,5.8,,,6.2,C,2.0,True,2.09,2.15,Pass
1022,2347906,HK232_PE1005_L05,PE1005,2,False,8.5,7.3,7.5,,,7.7,B,3.0,True,3.0,3.18,Pass
1023,2300394,HK232_PE1005_L05,PE1005,2,False,5.5,7.7,6.1,,,6.3,C,2.0,True,2.5,2.42,Pass
1024,2371427,HK232_PE1005_L05,PE1005,2,False,6.9,7.5,7.9,,,7.6,B,3.0,True,3.27,3.36,Pass
1025,2396492,HK232_PE1005_L05,PE1005,2,False,6.4,6.6,6.8,,,6.7,C+,2.5,True,2.5,2.57,Pass
1026,2371234,HK232_PE1005_L05,PE1005,2,False,6.4,5.3,5.0,,,5.3,D+,1.5,True,1.79,1.62,Pass
1027,2324729,HK232_PE1005_L05,PE1005,2,False,8.9,8.7,6.9,,,7.7,B,3.0,True,2.73,2.74,Pass
1028,2380733,HK232_PE1005_L05,PE1005,2,False,7.7,7.4,8.0,,,7.8,B,3.0,True,3.23,3.31,Pass
1029,2302366,HK232_PE1005_L05,PE1005,2,False,8.7,7.7,7.4,,,7.7,B,3.0,True,2.76,2.74,Pass
1030,2348485,HK232_PE1005_L05,PE1005,2,False,8.6,8.8,7.7,,,8.1,B+,3.5,True,3.24,3.26,Pass
1031,2307619,HK232_PE1005_L05,PE1005,2,False,8.4,7.9,7.0,,,7.5,B,3.0,True,3.15,3.26,Pass
1032,2332919,HK232_PE1005_L05,PE1005,2,False,7.3,8.2,8.4,,,8.1,B+,3.5,True,3.7,3.6,Pass
1033,2306612,HK232_PE1005_L05,PE1005,2,False,4.5,6.0,5.4,,,5.3,D+,1.5,True,0.78,1.06,Pass
1034,2367139,HK232_PE1005_L05,PE1005,2,False,7.4,8.1,7.6,,,7.7,B,3.0,True,3.73,3.69,Pass
1035,2375094,HK232_PE1005_L05,PE1005,2,False,4.7,6.3,6.6,,,6.2,C,2.0,True,2.24,2.24,Pass
1036,2391239,HK232_PE1005_L05,PE1005,2,False,5.0,5.4,5.4,,,5.3,D+,1.5,True,1.71,2.0,Pass
1037,2353503,HK232_PE1005_L05,PE1005,2,False,8.4,7.2,9.0,,,8.5,A,4.0,True,2.93,2.9,Pass
1038,2381161,HK232_PE1005_L05,PE1005,2,False,9.6,8.9,8.8,,,9.0,A,4.0,True,3.97,3.98,Pass
1039,2336628,HK232_PE1005_L05,PE1005,2,False,5.6,5.8,6.2,,,6.0,C,2.0,True,1.97,1.95,Pass
1040,2365595,HK232_PE1005_L06,PE1005,2,False,6.7,6.3,7.3,,,7.0,B,3.0,True,2.77,2.6,Pass
1041,2315809,HK232_PE1005_L06,PE1005,2,False,10.0,6.6,6.1,,,7.0,B,3.0,True,2.0,1.95,Pass
1042,2374750,HK232_PE1005_L06,PE1005,2,False,5.8,7.0,7.1,,,6.8,C+,2.5,True,3.0,3.02,Pass
1043,2349794,HK232_PE1005_L06,PE1005,2,False,7.0,7.5,5.9,,,6.4,C+,2.5,True,2.53,2.52,Pass
1044,2396534,HK232_PE1005_L06,PE1005,2,False,7.6,6.9,6.3,,,6.7,C+,2.5,True,2.41,2.47,Pass
1045,2354896,HK232_PE1005_L06,PE1005,2,False,6.6,6.7,6.2,,,6.4,C+,2.5,True,2.32,2.27,Pass
1046,2344155,HK232_PE1005_L06,PE1005,2,False,7.4,7.0,7.3,,,7.3,B,3.0,True,2.21,2.3,Pass
1047,2342653,HK232_PE1005_L06,PE1005,2,False,6.7,8.0,7.0,,,7.1,B,3.0,True,2.47,2.39,Pass
1048,2307577,HK232_PE1005_L06,PE1005,2,False,8.0,7.9,7.8,,,7.9,B,3.0,True,3.87,3.83,Pass
1049,2328631,HK232_PE1005_L06,PE1005,2,False,3.8,4.7,3.6,,,3.9,F,0.0,False,0.19,1.0,Fail
1050,2313065,HK232_PE1005_L06,PE1005,2,False,9.1,7.9,7.7,,,8.0,B+,3.5,True,3.67,3.81,Pass
1051,2347134,HK232_PE1005_L06,PE1005,2,False,7.7,8.7,5.6,,,6.6,C+,2.5,True,3.5,3.48,Pass
1052,2394755,HK232_PE1005_L06,PE1005,2,False,5.8,6.9,6.2,,,6.3,C,2.0,True,2.47,2.29,Pass
1053,2372199,HK232_PE1005_L06,PE1005,2,False,6.0,7.1,6.8,,,6.7,C+,2.5,True,1.82,1.91,Pass
1054,2373743,HK232_PE1005_L06,PE1005,2,False,7.8,7.7,7.0,,,7.3,B,3.0,True,3.2,3.17,Pass
1055,2318897,HK232_PE1005_L06,PE1005,2,False,6.7,7.6,7.7,,,7.5,B,3.0,True,2.71,2.56,Pass
1056,2369111,HK232_PE1005_L06,PE1005,2,False,9.5,9.1,8.2,,,8.6,A,4.0,True,4.0,4.0,Pass
1057,2354703,HK232_PE1005_L06,PE1005,2,False,7.2,7.7,7.9,,,7.7,B,3.0,True,3.03,2.81,Pass
1058,2381354,HK232_PE1005_L06,PE1005,2,False,9.9,8.3,9.6,,,9.4,A,4.0,True,3.83,3.91,Pass
1059,2368146,HK232_PE1005_L06,PE1005,2,False,8.4,8.1,7.4,,,7.7,B,3.0,True,3.47,3.38,Pass
1060,2379617,HK232_PE1005_L06,PE1005,2,False,8.1,7.6,7.6,,,7.7,B,3.0,True,3.2,3.17,Pass
1061,2387572,HK232_PE1005_L06,PE1005,2,False,6.3,6.9,7.5,,,7.1,B,3.0,True,3.1,3.07,Pass
1062,2315767,HK232_PE1005_L06,PE1005,2,False,5.5,5.9,5.9,,,5.8,C,2.0,True,1.74,1.77,Pass
1063,2349450,HK232_PE1005_L06,PE1005,2,False,5.0,6.9,7.7,,,7.0,B,3.0,True,3.06,3.03,Pass
1064,2331912,HK232_PE1005_L06,PE1005,2,False,7.2,7.9,6.0,,,6.6,C+,2.5,True,2.15,2.24,Pass
1065,2374171,HK232_PE1005_L06,PE1005,2,False,7.5,7.6,8.0,,,7.8,B,3.0,True,3.0,3.21,Pass
1066,2306805,HK232_PE1005_L06,PE1005,2,False,6.4,5.7,6.5,,,6.3,C,2.0,True,2.21,2.08,Pass
1067,2396878,HK232_PE1005_L06,PE1005,2,False,6.4,6.0,6.3,,,6.3,C,2.0,True,2.26,2.39,Pass
1068,2352966,HK232_PE1005_L06,PE1005,2,False,7.0,7.1,7.1,,,7.1,B,3.0,True,3.37,3.19,Pass
1069,2323764,HK232_PE1005_L06,PE1005,2,False,5.3,7.0,6.5,,,6.4,C+,2.5,True,1.56,1.71,Pass
1070,2301359,HK232_PE1005_L06,PE1005,2,False,5.4,7.0,8.3,,,7.5,B,3.0,True,3.23,3.24,Pass
1071,2391818,HK232_PE1005_L06,PE1005,2,False,6.2,5.1,5.6,,,5.6,C,2.0,True,2.18,2.38,Pass
1072,2360300,HK232_PE1005_L06,PE1005,2,False,7.8,8.9,8.2,,,8.3,B+,3.5,True,3.44,3.55,Pass
1073,2311286,HK232_PE1005_L06,PE1005,2,False,8.1,7.6,6.7,,,7.2,B,3.0,True,3.06,2.8,Pass
1074,2346513,HK232_PE1005_L06,PE1005,2,False,6.1,5.9,5.2,,,5.5,C,2.0,True,1.85,1.77,Pass
1075,2310942,HK232_PE1005_L06,PE1005,2,False,4.6,4.4,3.1,,,3.7,F,0.0,False,0.57,1.11,Fail
1076,2376294,HK232_PE1005_L06,PE1005,2,False,8.7,6.4,6.5,,,6.9,C+,2.5,True,2.47,2.36,Pass
1077,2399236,HK232_PE1005_L06,PE1005,2,False,10.0,7.9,7.8,,,8.3,B+,3.5,True,3.93,3.97,Pass
1078,2346127,HK232_PE1005_L06,PE1005,2,False,7.0,5.9,6.7,,,6.6,C+,2.5,True,2.56,2.29,Pass
1079,2349408,HK232_PE1005_L06,PE1005,2,False,5.7,7.6,7.4,,,7.1,B,3.0,True,2.65,2.5,Pass
1080,2302324,HK232_PE1005_L06,PE1005,2,False,7.1,6.2,6.5,,,6.6,C+,2.5,True,2.44,2.23,Pass
1081,2305261,HK232_PE1005_L06,PE1005,2,False,9.8,9.5,9.0,,,9.3,A,4.0,True,4.0,3.95,Pass
1082,2321834,HK232_PE1005_L06,PE1005,2,False,7.5,6.8,7.5,,,7.4,B,3.0,True,2.32,2.21,Pass
1083,2390316,HK232_PE1005_L06,PE1005,2,False,6.6,7.6,6.1,,,6.5,C+,2.5,True,2.21,2.21,Pass
1084,2337979,HK232_PE1005_L06,PE1005,2,False,7.8,7.6,7.5,,,7.6,B,3.0,True,3.23,3.1,Pass
1085,2386414,HK232_PE1005_L06,PE1005,2,False,8.2,7.5,7.1,,,7.4,B,3.0,True,3.0,3.02,Pass
1086,2376487,HK232_PE1005_L06,PE1005,2,False,1.9,3.5,3.4,,,3.1,F,0.0,False,0.18,1.0,Fail
1087,2394176,HK232_PE1005_L06,PE1005,2,False,6.3,6.9,6.6,,,6.6,C+,2.5,True,2.09,2.03,Pass
1088,2389351,HK232_PE1005_L06,PE1005,2,False,7.0,5.7,6.1,,,6.2,C,2.0,True,2.26,2.2,Pass
1089,2373936,HK232_PE1005_L06,PE1005,2,False,5.4,5.5,5.2,,,5.3,D+,1.5,True,1.44,1.5,Pass
1090,2380196,HK232_PE1005_L06,PE1005,2,False,6.5,4.9,6.1,,,5.9,C,2.0,True,2.21,2.14,Pass
1091,2330175,HK232_PE1005_L06,PE1005,2,False,7.1,8.8,7.3,,,7.6,B,3.0,True,2.12,2.26,Pass
1092,2389737,HK232_PE1005_L06,PE1005,2,False,8.1,5.0,7.1,,,6.9,C+,2.5,True,3.13,3.19,Pass
1093,2326701,HK232_PE1005_L06,PE1005,2,False,6.3,8.3,7.7,,,7.5,B,3.0,True,3.17,3.16,Pass
1094,2341881,HK232_PE1005_L06,PE1005,2,False,8.4,9.1,8.3,,,8.5,A,4.0,True,2.8,3.0,Pass
1095,2329789,HK232_PE1005_L06,PE1005,2,False,8.7,8.1,9.9,,,9.3,A,4.0,True,3.93,3.9,Pass
1096,2378652,HK232_PE1005_L06,PE1005,2,False,8.1,7.6,7.0,,,7.3,B,3.0,True,3.03,3.24,Pass
1097,2355475,HK232_PE1005_L06,PE1005,2,False,6.2,5.4,5.6,,,5.7,C,2.0,True,1.74,1.7,Pass
1098,2327238,HK232_PE1005_L06,PE1005,2,False,7.2,5.8,6.7,,,6.6,C+,2.5,True,2.23,2.24,Pass
1099,2327624,HK232_PE1005_L06,PE1005,2,False,10.0,8.2,9.0,,,9.0,A,4.0,True,4.0,4.0,Pass
1100,2382898,HK232_PE1005_L06,PE1005,2,False,7.4,6.1,7.0,,,6.9,C+,2.5,True,2.24,2.24,Pass
1101,2385407,HK232_PE1005_L06,PE1005,2,False,5.5,4.9,5.9,,,5.6,C,2.0,True,1.88,1.8,Pass
1102,2310363,HK232_PE1005_L06,PE1005,2,False,4.3,4.6,3.1,,,3.6,F,0.0,False,0.32,1.0,Fail
1103,2385642,HK232_PE1005_L06,PE1005,2,False,8.8,7.9,8.8,,,8.6,A,4.0,True,4.0,3.95,Pass
1104,2305496,HK232_PE1005_L06,PE1005,2,False,6.6,7.2,6.7,,,6.8,C+,2.5,True,2.29,2.32,Pass
1105,2395569,HK232_PE1005_L06,PE1005,2,False,5.9,6.1,7.1,,,6.7,C+,2.5,True,2.62,2.53,Pass
1106,2372585,HK232_PE1005_L06,PE1005,2,False,4.9,4.2,5.0,,,4.8,D,1.0,True,0.45,1.1,Pass
1107,2372778,HK232_PE1005_L06,PE1005,2,False,6.4,5.9,6.2,,,6.2,C,2.0,True,2.44,2.2,Pass
1108,2396685,HK232_PE1005_L06,PE1005,2,False,5.3,5.6,6.0,,,5.8,C,2.0,True,1.65,1.75,Pass
1109,2329596,HK232_PE1005_L06,PE1005,2,False,7.7,7.1,9.0,,,8.4,B+,3.5,True,2.97,3.17,Pass
1110,2368918,HK232_PE1005_L06,PE1005,2,False,4.9,4.9,5.0,,,5.0,D+,1.5,True,1.29,1.59,Pass
1111,2377259,HK232_PE1005_L06,PE1005,2,False,6.2,5.6,5.2,,,5.5,C,2.0,True,2.21,1.94,Pass
1112,2349836,HK232_PE1005_L06,PE1005,2,False,6.6,8.2,5.8,,,6.4,C+,2.5,True,2.3,2.36,Pass
1113,2354510,HK232_PE1005_L06,PE1005,2,False,10.0,7.9,10.0,,,9.6,A+,4.0,True,4.0,4.0,Pass
1114,2364974,HK232_PE1005_L06,PE1005,2,False,5.6,5.1,4.9,,,5.1,D+,1.5,True,1.53,1.69,Pass
1115,2321599,HK232_PE1005_L06,PE1005,2,False,6.8,5.9,6.7,,,6.6,C+,2.5,True,2.79,2.67,Pass
1116,2325887,HK232_PE1005_L06,PE1005,2,False,8.1,7.3,7.5,,,7.6,B,3.0,True,3.07,3.09,Pass
1117,2338902,HK232_PE1005_L06,PE1005,2,False,5.9,6.7,7.8,,,7.2,B,3.0,True,2.85,2.64,Pass
1118,2310707,HK232_PE1005_L06,PE1005,2,False,8.9,10.0,9.8,,,9.7,A+,4.0,True,3.87,3.93,Pass
1119,2348636,HK232_PE1005_L06,PE1005,2,False,5.2,5.2,5.5,,,5.4,D+,1.5,True,1.94,1.97,Pass
1120,2395141,HK232_PE1005_L06,PE1005,2,False,5.4,5.0,4.4,,,4.7,D,1.0,True,1.26,1.42,Pass
1121,2316346,HK232_PE1005_L06,PE1005,2,False,6.3,5.2,7.1,,,6.6,C+,2.5,True,2.41,2.48,Pass
1122,2364781,HK232_PE1005_L06,PE1005,2,False,9.2,8.5,8.8,,,8.8,A,4.0,True,3.43,3.55,Pass
1123,2305882,HK232_PE1005_L06,PE1005,2,False,7.1,6.7,6.2,,,6.5,C+,2.5,True,2.26,2.38,Pass
1124,2370269,HK232_PE1005_L06,PE1005,2,False,6.6,5.8,7.3,,,6.9,C+,2.5,True,2.41,2.45,Pass
1125,2365746,HK232_PE1005_L06,PE1005,2,False,7.6,8.6,6.4,,,7.1,B,3.0,True,3.1,3.05,Pass
1126,2378224,HK232_PE1005_L06,PE1005,2,False,5.4,5.8,6.8,,,6.3,C,2.0,True,2.6,2.53,Pass
1127,2354661,HK232_PE1005_L06,PE1005,2,False,6.2,7.6,5.9,,,6.3,C,2.0,True,2.65,2.42,Pass
1128,2387379,HK232_PE1005_L06,PE1005,2,False,8.1,6.9,5.9,,,6.5,C+,2.5,True,2.5,2.56,Pass
1129,2373978,HK232_PE1005_L06,PE1005,2,False,6.6,7.0,6.5,,,6.6,C+,2.5,True,2.12,2.11,Pass
1130,2342611,HK232_PE1005_L06,PE1005,2,False,6.2,4.9,4.8,,,5.1,D+,1.5,True,1.88,1.71,Pass
1131,2306419,HK232_PE1005_L06,PE1005,2,False,10.0,8.1,7.3,,,8.0,B+,3.5,True,3.1,3.19,Pass
1132,2342846,HK232_PE1005_L06,PE1005,2,False,7.5,8.4,8.0,,,8.0,B+,3.5,True,2.91,2.89,Pass
1133,2315616,HK232_PE1005_L06,PE1005,2,False,8.5,7.0,8.4,,,8.1,B+,3.5,True,3.26,3.21,Pass
1134,2391667,HK232_PE1005_L06,PE1005,2,False,7.4,8.3,7.3,,,7.5,B,3.0,True,3.09,3.05,Pass
1135,2364630,HK232_PE1005_L06,PE1005,2,False,8.7,8.2,8.6,,,8.5,A,4.0,True,3.78,3.88,Pass
1136,2383284,HK232_PE1005_L06,PE1005,2,False,6.0,6.9,7.7,,,7.2,B,3.0,True,2.21,2.21,Pass
1137,2364244,HK232_PE1005_L06,PE1005,2,False,5.8,7.0,7.0,,,6.8,C+,2.5,True,2.5,2.32,Pass
1138,2341453,HK232_PE1005_L06,PE1005,2,False,7.4,6.3,6.4,,,6.6,C+,2.5,True,3.12,3.14,Pass
1139,2337400,HK232_PE1005_L06,PE1005,2,False,8.0,8.2,6.5,,,7.1,B,3.0,True,3.15,3.12,Pass
1140,2357984,HK232_PE1005_L06,PE1005,2,False,7.5,8.6,7.4,,,7.7,B,3.0,True,2.83,3.03,Pass
1141,2343576,HK232_PE1005_L06,PE1005,2,False,8.3,7.7,7.2,,,7.5,B,3.0,True,3.21,3.21,Pass
1142,2319862,HK232_PE1005_L06,PE1005,2,False,8.3,8.8,7.9,,,8.2,B+,3.5,True,3.35,3.41,Pass
1143,2363665,HK232_PE1005_L06,PE1005,2,False,7.0,6.1,5.0,,,5.6,C,2.0,True,2.12,2.08,Pass
1144,2329403,HK232_PE1005_L06,PE1005,2,False,7.4,7.6,7.7,,,7.6,B,3.0,True,3.23,3.31,Pass
1145,2363279,HK232_PE1005_L06,PE1005,2,False,7.3,8.2,7.0,,,7.3,B,3.0,True,3.53,3.34,Pass
1146,2348829,HK232_PE1005_L06,PE1005,2,False,8.1,9.2,8.0,,,8.3,B+,3.5,True,3.18,3.17,Pass
1147,2373550,HK232_PE1005_L06,PE1005,2,False,6.2,6.8,6.2,,,6.3,C,2.0,True,1.94,2.0,Pass
1148,2302131,HK232_PE1005_L06,PE1005,2,False,5.4,6.6,5.8,,,5.9,C,2.0,True,1.88,1.92,Pass
1149,2305647,HK232_PE1005_L06,PE1005,2,False,7.3,8.6,8.4,,,8.2,B+,3.5,True,3.35,3.3,Pass
1150,2344776,HK232_PE1005_L06,PE1005,2,False,6.7,7.6,7.0,,,7.1,B,3.0,True,3.0,2.95,Pass
1151,2355089,HK232_PE1005_L06,PE1005,2,False,8.7,8.0,10.0,,,9.3,A,4.0,True,3.97,3.93,Pass
1152,2300201,HK232_PE1005_L06,PE1005,2,False,7.5,7.7,8.4,,,8.1,B+,3.5,True,3.35,3.12,Pass
1153,2377066,HK232_PE1005_L06,PE1005,2,False,7.7,7.3,6.7,,,7.0,B,3.0,True,3.0,3.16,Pass
1154,2334656,HK232_PE1005_L06,PE1005,2,False,6.8,7.4,7.3,,,7.2,B,3.0,True,3.1,3.19,Pass
1155,2378031,HK232_PE1005_L06,PE1005,2,False,9.1,9.3,9.3,,,9.3,A,4.0,True,4.0,4.0,Pass
1156,2344348,HK232_PE1005_L07,PE1005,2,False,5.9,7.4,6.6,,,6.6,C+,2.5,True,1.85,1.79,Pass
1157,2350994,HK232_PE1005_L07,PE1005,2,False,5.8,5.1,5.6,,,5.5,C,2.0,True,2.03,1.97,Pass
1158,2308005,HK232_PE1005_L07,PE1005,2,False,6.6,6.3,5.5,,,5.9,C,2.0,True,0.68,1.12,Pass
1159,2311907,HK232_PE1005_L07,PE1005,2,False,4.6,5.8,5.8,,,5.6,C,2.0,True,1.5,1.59,Pass
1160,2321020,HK232_PE1005_L07,PE1005,2,False,6.2,6.6,5.1,,,5.6,C,2.0,True,2.24,2.12,Pass
1161,2302945,HK232_PE1005_L07,PE1005,2,False,5.6,5.5,6.8,,,6.3,C,2.0,True,2.12,2.23,Pass
1162,2353310,HK232_PE1005_L07,PE1005,2,False,6.9,7.1,7.3,,,7.2,B,3.0,True,2.24,2.29,Pass
1163,2370034,HK232_PE1005_L07,PE1005,2,False,6.2,6.1,6.3,,,6.2,C,2.0,True,1.79,1.79,Pass
1164,2363430,HK232_PE1005_L07,PE1005,2,False,7.6,7.8,6.9,,,7.2,B,3.0,True,2.71,2.92,Pass
1165,2397306,HK232_PE1005_L07,PE1005,2,False,6.0,6.7,7.0,,,6.7,C+,2.5,True,2.65,2.61,Pass
1166,2349601,HK232_PE1005_L07,PE1005,2,False,8.0,8.5,8.2,,,8.2,B+,3.5,True,3.0,3.05,Pass
1167,2322178,HK232_PE1005_L07,PE1005,2,False,6.1,5.4,5.9,,,5.8,C,2.0,True,1.03,1.43,Pass
1168,2385021,HK232_PE1005_L07,PE1005,2,False,4.3,6.3,3.7,,,4.3,D,1.0,True,1.18,1.33,Pass
1169,2344969,HK232_PE1005_L07,PE1005,2,False,6.3,5.7,7.1,,,6.7,C+,2.5,True,2.03,2.03,Pass
1170,2358798,HK232_PE1005_L07,PE1005,2,False,5.8,7.0,7.0,,,6.8,C+,2.5,True,2.03,1.98,Pass
1171,2369690,HK232_PE1005_L07,PE1005,2,False,8.0,7.4,7.3,,,7.5,B,3.0,True,3.07,3.02,Pass
1172,2391860,HK232_PE1005_L07,PE1005,2,False,8.2,7.2,8.8,,,8.4,B+,3.5,True,3.27,3.47,Pass
1173,2343039,HK232_PE1005_L07,PE1005,2,False,8.3,8.4,10.0,,,9.3,A,4.0,True,3.63,3.71,Pass
1174,2328245,HK232_PE1005_L07,PE1005,2,False,7.0,5.3,5.9,,,6.0,C,2.0,True,2.32,2.38,Pass
1175,2301166,HK232_PE1005_L07,PE1005,2,False,6.0,5.5,5.1,,,5.4,D+,1.5,True,2.21,2.08,Pass
1176,2355282,HK232_PE1005_L07,PE1005,2,False,8.9,8.3,7.1,,,7.7,B,3.0,True,2.87,3.0,Pass
1177,2389502,HK232_PE1005_L07,PE1005,2,False,9.0,8.1,7.4,,,7.9,B,3.0,True,3.43,3.41,Pass
1178,2391432,HK232_PE1005_L07,PE1005,2,False,6.5,6.9,6.4,,,6.5,C+,2.5,True,2.71,2.53,Pass
1179,2307812,HK232_PE1005_L07,PE1005,2,False,5.6,6.7,7.0,,,6.7,C+,2.5,True,2.09,2.17,Pass
1180,2390274,HK232_PE1005_L07,PE1005,2,False,6.1,6.9,5.6,,,6.0,C,2.0,True,2.56,2.64,Pass
1181,2384677,HK232_PE1005_L07,PE1005,2,False,5.3,6.0,6.3,,,6.0,C,2.0,True,2.43,2.24,Pass
1182,2354317,HK232_PE1005_L07,PE1005,2,False,6.9,5.9,6.6,,,6.5,C+,2.5,True,1.97,2.15,Pass
1183,2360149,HK232_PE1005_L07,PE1005,2,False,6.8,6.5,7.4,,,7.1,B,3.0,True,2.41,2.47,Pass
1184,2374322,HK232_PE1005_L07,PE1005,2,False,3.7,5.3,5.2,,,4.9,D,1.0,True,1.68,1.56,Pass
1185,2314995,HK232_PE1005_L07,PE1005,2,False,8.3,9.0,7.2,,,7.8,B,3.0,True,3.58,3.61,Pass
1186,2389116,HK232_PE1005_L07,PE1005,2,False,7.5,8.1,8.6,,,8.3,B+,3.5,True,2.93,3.03,Pass
1187,2323143,HK232_PE1005_L07,PE1005,2,False,7.2,5.4,6.0,,,6.1,C,2.0,True,2.53,2.52,Pass
1188,2318704,HK232_PE1005_L07,PE1005,2,False,5.2,7.4,6.8,,,6.6,C+,2.5,True,2.12,2.12,Pass
1189,2343383,HK232_PE1005_L07,PE1005,2,False,5.0,4.8,4.7,,,4.8,D,1.0,True,2.0,1.83,Pass
1190,2359570,HK232_PE1005_L07,PE1005,2,False,6.9,6.0,7.1,,,6.8,C+,2.5,True,2.12,2.14,Pass
1191,2378996,HK232_PE1005_L07,PE1005,2,False,2.7,4.2,6.1,,,5.0,D+,1.5,True,0.55,1.0,Pass
1192,2396106,HK232_PE1005_L07,PE1005,2,False,8.6,8.6,7.8,,,8.1,B+,3.5,True,2.94,2.97,Pass
1193,2373164,HK232_PE1005_L07,PE1005,2,False,6.6,5.9,5.0,,,5.5,C,2.0,True,2.23,2.24,Pass
1194,2304682,HK232_PE1005_L07,PE1005,2,False,6.0,9.3,6.2,,,6.8,C+,2.5,True,2.87,2.98,Pass
1195,2301015,HK232_PE1005_L07,PE1005,2,False,5.8,6.4,5.1,,,5.5,C,2.0,True,1.29,1.33,Pass
1196,2343769,HK232_PE1005_L07,PE1005,2,False,7.2,8.7,7.7,,,7.8,B,3.0,True,2.88,2.94,Pass
1197,2325929,HK232_PE1005_L07,PE1005,2,False,2.9,6.1,5.8,,,5.3,D+,1.5,True,1.47,1.44,Pass
1198,2326852,HK232_PE1005_L07,PE1005,2,False,7.9,8.7,8.6,,,8.5,A,4.0,True,3.83,3.91,Pass
1199,2397071,HK232_PE1005_L07,PE1005,2,False,5.4,6.8,6.5,,,6.3,C,2.0,True,2.15,2.12,Pass
1200,2353696,HK232_PE1005_L07,PE1005,2,False,8.3,8.9,8.9,,,8.8,A,4.0,True,3.81,3.73,Pass
1201,2382512,HK232_PE1005_L07,PE1005,2,False,5.2,6.6,5.6,,,5.7,C,2.0,True,1.74,1.76,Pass
1202,2343618,HK232_PE1005_L07,PE1005,2,False,8.2,7.6,7.6,,,7.7,B,3.0,True,3.03,3.08,Pass
1203,2307770,HK232_PE1005_L07,PE1005,2,False,6.6,7.8,7.5,,,7.4,B,3.0,True,3.4,3.33,Pass
1204,2375136,HK232_PE1005_L07,PE1005,2,False,5.8,5.1,7.5,,,6.7,C+,2.5,True,2.18,2.21,Pass
1205,2319669,HK232_PE1005_L07,PE1005,2,False,4.7,5.8,7.0,,,6.3,C,2.0,True,2.24,2.18,Pass
1206,2310321,HK232_PE1005_L07,PE1005,2,False,5.9,7.0,6.5,,,6.5,C+,2.5,True,2.59,2.64,Pass
1207,2316774,HK232_PE1005_L07,PE1005,2,False,5.7,6.6,5.8,,,5.9,C,2.0,True,2.43,2.41,Pass
1208,2335235,HK232_PE1005_L07,PE1005,2,False,9.0,8.7,8.1,,,8.4,B+,3.5,True,3.97,3.86,Pass
1209,2324536,HK232_PE1005_L07,PE1005,2,False,5.8,6.5,6.5,,,6.4,C+,2.5,True,2.15,2.39,Pass
1210,2392011,HK232_PE1005_L07,PE1005,2,False,9.0,9.5,8.5,,,8.8,A,4.0,True,4.0,4.0,Pass
1211,2347092,HK232_PE1005_L07,PE1005,2,False,6.2,5.5,5.2,,,5.5,C,2.0,True,2.35,2.35,Pass
1212,2302517,HK232_PE1005_L07,PE1005,2,False,4.6,4.9,3.7,,,4.1,D,1.0,True,0.74,1.06,Pass
1213,2328396,HK232_PE1005_L07,PE1005,2,False,7.1,5.5,5.3,,,5.7,C,2.0,True,2.67,2.78,Pass
1214,2355240,HK232_PE1005_L07,PE1005,2,False,7.0,6.1,7.9,,,7.4,B,3.0,True,3.13,3.12,Pass
1215,2308198,HK232_PE1005_L07,PE1005,2,False,4.5,4.5,4.5,,,4.5,D,1.0,True,0.19,1.0,Pass
1216,2359956,HK232_PE1005_L07,PE1005,2,False,7.3,8.4,7.5,,,7.6,B,3.0,True,3.41,3.32,Pass
1217,2333305,HK232_PE1005_L07,PE1005,2,False,9.0,9.1,9.0,,,9.0,A,4.0,True,3.0,3.05,Pass
1218,2321641,HK232_PE1005_L07,PE1005,2,False,5.9,6.4,5.5,,,5.8,C,2.0,True,2.7,2.36,Pass
1219,2309935,HK232_PE1005_L07,PE1005,2,False,8.4,9.3,9.9,,,9.5,A+,4.0,True,4.0,4.0,Pass
1220,2381740,HK232_PE1005_L07,PE1005,2,False,6.4,6.8,5.8,,,6.1,C,2.0,True,2.47,2.29,Pass
1221,2349064,HK232_PE1005_L07,PE1005,2,False,6.4,5.5,8.0,,,7.2,B,3.0,True,2.09,2.39,Pass
1222,2390895,HK232_PE1005_L07,PE1005,2,False,6.6,5.7,5.3,,,5.6,C,2.0,True,1.65,1.55,Pass
1223,2312830,HK232_PE1005_L07,PE1005,2,False,8.2,7.1,8.3,,,8.0,B+,3.5,True,3.24,3.24,Pass
1224,2366946,HK232_PE1005_L07,PE1005,2,False,5.6,6.0,6.2,,,6.0,C,2.0,True,2.1,2.19,Pass
1225,2376252,HK232_PE1005_L07,PE1005,2,False,7.8,8.6,7.2,,,7.6,B,3.0,True,2.71,2.47,Pass
1226,2338172,HK232_PE1005_L07,PE1005,2,False,4.6,7.2,8.4,,,7.4,B,3.0,True,3.21,3.26,Pass
1227,2364009,HK232_PE1005_L07,PE1005,2,False,7.5,9.1,5.9,,,6.9,C+,2.5,True,3.47,3.26,Pass
1228,2310749,HK232_PE1005_L07,PE1005,2,False,5.9,4.5,5.6,,,5.4,D+,1.5,True,1.4,1.59,Pass
1229,2301401,HK232_PE1005_L07,PE1005,2,False,6.1,5.2,7.2,,,6.6,C+,2.5,True,2.44,2.56,Pass
1230,2350029,HK232_PE1005_L07,PE1005,2,False,5.3,7.3,5.6,,,5.9,C,2.0,True,1.5,1.5,Pass
1231,2365981,HK232_PE1005_L07,PE1005,2,False,5.0,4.9,6.4,,,5.8,C,2.0,True,1.68,1.76,Pass
1232,2338944,HK232_PE1005_L07,PE1005,2,False,8.6,9.6,7.8,,,8.3,B+,3.5,True,3.33,3.34,Pass
1233,2346320,HK232_PE1005_L07,PE1005,2,False,6.0,6.7,5.9,,,6.1,C,2.0,True,2.18,2.17,Pass
1234,2385449,HK232_PE1005_L07,PE1005,2,False,7.5,7.4,8.6,,,8.1,B+,3.5,True,3.32,3.32,Pass
1235,2353931,HK232_PE1005_L07,PE1005,2,False,5.1,6.6,6.0,,,5.9,C,2.0,True,1.53,1.71,Pass
1236,2311135,HK232_PE1005_L07,PE1005,2,False,4.5,5.0,4.6,,,4.7,D,1.0,True,1.35,1.52,Pass
1237,2332877,HK232_PE1005_L07,PE1005,2,False,9.5,9.1,8.6,,,8.9,A,4.0,True,3.86,3.92,Pass
1238,2342267,HK232_PE1005_L07,PE1005,2,False,8.5,9.8,9.4,,,9.3,A,4.0,True,4.0,4.0,Pass
1239,2385986,HK232_PE1005_L07,PE1005,2,False,7.2,7.7,5.8,,,6.5,C+,2.5,True,2.47,2.41,Pass
1240,2399815,HK232_PE1005_L07,PE1005,2,False,7.1,7.3,6.2,,,6.6,C+,2.5,True,2.56,2.8,Pass
1241,2399429,HK232_PE1005_L07,PE1005,2,False,4.8,5.0,5.9,,,5.5,C,2.0,True,2.32,2.2,Pass
1242,2343190,HK232_PE1005_L07,PE1005,2,False,8.6,9.5,8.7,,,8.8,A,4.0,True,4.0,4.0,Pass
1243,2321062,HK232_PE1005_L07,PE1005,2,False,4.4,5.1,6.6,,,5.9,C,2.0,True,0.59,1.14,Pass
1244,2336972,HK232_PE1005_L07,PE1005,2,False,5.8,5.4,5.4,,,5.5,C,2.0,True,1.59,1.61,Pass
1245,2392439,HK232_PE1005_L07,PE1005,2,False,5.0,5.5,6.0,,,5.7,C,2.0,True,1.82,1.58,Pass
1246,2352538,HK232_PE1005_L07,PE1005,2,False,6.0,6.0,7.4,,,6.8,C+,2.5,True,2.09,2.2,Pass
1247,2393597,HK232_PE1005_L07,PE1005,2,False,7.7,7.6,7.9,,,7.8,B,3.0,True,3.13,3.03,Pass
1248,2320055,HK232_PE1005_L07,PE1005,2,False,7.2,7.5,6.6,,,6.9,C+,2.5,True,2.09,2.3,Pass
1249,2362893,HK232_PE1005_L07,PE1005,2,False,5.1,4.7,5.7,,,5.4,D+,1.5,True,1.29,1.38,Pass
1250,2379810,HK232_PE1005_L07,PE1005,2,False,7.7,7.5,8.5,,,8.1,B+,3.5,True,2.5,2.72,Pass
1251,2336007,HK232_PE1005_L07,PE1005,2,False,7.9,6.8,6.5,,,6.8,C+,2.5,True,2.26,2.18,Pass
1252,2317118,HK232_PE1005_L07,PE1005,2,False,7.4,6.0,8.7,,,7.9,B,3.0,True,2.44,2.29,Pass
1253,2343232,HK232_PE1005_L07,PE1005,2,False,7.3,8.3,7.1,,,7.4,B,3.0,True,2.29,2.56,Pass
1254,2314416,HK232_PE1005_L07,PE1005,2,False,6.8,6.8,6.3,,,6.5,C+,2.5,True,2.59,2.58,Pass
1255,2305689,HK232_PE1005_L07,PE1005,2,False,8.6,7.6,7.4,,,7.7,B,3.0,True,3.5,3.26,Pass
1256,2323957,HK232_PE1005_L07,PE1005,2,False,8.1,7.7,7.9,,,7.9,B,3.0,True,3.37,3.38,Pass
1257,2317353,HK232_PE1005_L07,PE1005,2,False,6.6,6.6,7.4,,,7.1,B,3.0,True,2.63,2.66,Pass
1258,2307191,HK232_PE1005_L07,PE1005,2,False,6.8,6.2,6.1,,,6.3,C,2.0,True,2.5,2.52,Pass
1259,2304489,HK232_PE1005_L07,PE1005,2,False,6.6,6.2,6.9,,,6.7,C+,2.5,True,2.53,2.33,Pass
1260,2380775,HK232_PE1005_L07,PE1005,2,False,7.3,6.2,6.7,,,6.7,C+,2.5,True,2.21,2.55,Pass
1261,2375715,HK232_PE1005_L07,PE1005,2,False,6.9,6.0,7.7,,,7.2,B,3.0,True,2.5,2.26,Pass
1262,2390467,HK232_PE1005_L07,PE1005,2,False,6.8,5.4,10.0,,,8.4,B+,3.5,True,3.0,2.94,Pass
1263,2369841,HK232_PE1005_L07,PE1005,2,False,5.8,7.9,6.6,,,6.7,C+,2.5,True,1.97,1.86,Pass
1264,2332726,HK232_PE1005_L07,PE1005,2,False,8.1,8.0,6.6,,,7.2,B,3.0,True,2.41,2.33,Pass
1265,2321985,HK232_PE1005_L07,PE1005,2,False,8.0,8.4,7.5,,,7.8,B,3.0,True,3.13,3.26,Pass
1266,2369262,HK232_PE1005_L07,PE1005,2,False,7.3,7.8,9.9,,,9.0,A,4.0,True,3.33,3.36,Pass
1267,2322027,HK232_PE1005_L07,PE1005,2,False,6.4,5.3,6.1,,,6.0,C,2.0,True,2.35,2.23,Pass
1268,2303331,HK232_PE1005_L07,PE1005,2,False,7.5,5.7,7.1,,,6.9,C+,2.5,True,2.71,2.52,Pass
1269,2381505,HK232_PE1005_L07,PE1005,2,False,5.4,4.9,5.6,,,5.4,D+,1.5,True,1.91,1.82,Pass
1270,2341260,HK232_PE1005_L07,PE1005,2,False,8.1,7.9,7.6,,,7.8,B,3.0,True,3.35,3.24,Pass
1271,2377838,HK232_PE1005_L07,PE1005,2,False,5.7,6.3,7.5,,,6.9,C+,2.5,True,2.56,2.48,Pass
1272,2315423,HK232_MT1005_L01,MT1005,2,False,5.5,6.2,6.7,,,6.4,C+,2.5,True,1.82,1.67,Pass
1273,2312251,HK232_MT1005_L01,MT1005,2,False,6.7,7.8,6.8,,,7.0,B,3.0,True,3.0,3.05,Pass
1274,2343769,HK232_MT1005_L01,MT1005,2,False,7.8,8.5,7.3,,,7.6,B,3.0,True,2.88,2.94,Pass
1275,2353352,HK232_MT1005_L01,MT1005,2,False,7.2,8.3,7.7,,,7.7,B,3.0,True,2.8,2.79,Pass
1276,2362079,HK232_MT1005_L01,MT1005,2,False,8.2,6.8,7.4,,,7.4,B,3.0,True,3.2,3.14,Pass
1277,2316002,HK232_MT1005_L01,MT1005,2,False,5.5,5.6,5.5,,,5.5,C,2.0,True,1.9,1.71,Pass
1278,2389116,HK232_MT1005_L01,MT1005,2,False,6.5,8.0,8.2,,,7.8,B,3.0,True,2.93,3.03,Pass
1279,2328245,HK232_MT1005_L01,MT1005,2,False,5.3,8.8,7.5,,,7.3,B,3.0,True,2.32,2.38,Pass
1280,2349836,HK232_MT1005_L01,MT1005,2,False,5.8,6.1,7.2,,,6.7,C+,2.5,True,2.3,2.36,Pass
1281,2316195,HK232_MT1005_L01,MT1005,2,False,5.3,6.2,6.3,,,6.1,C,2.0,True,2.09,2.21,Pass
1282,2343425,HK232_MT1005_L01,MT1005,2,False,6.3,6.5,7.1,,,6.8,C+,2.5,True,2.26,2.14,Pass
1283,2386221,HK232_MT1005_L01,MT1005,2,False,9.3,9.1,9.6,,,9.4,A,4.0,True,3.83,3.91,Pass
1284,2310749,HK232_MT1005_L01,MT1005,2,False,7.0,4.0,3.6,,,4.4,D,1.0,True,1.4,1.59,Pass
1285,2360300,HK232_MT1005_L01,MT1005,2,False,9.0,9.3,7.8,,,8.3,B+,3.5,True,3.44,3.55,Pass
1286,2350029,HK232_MT1005_L01,MT1005,2,False,5.8,5.7,5.8,,,5.8,C,2.0,True,1.5,1.5,Pass
1287,2328438,HK232_MT1005_L01,MT1005,2,False,8.3,8.5,8.6,,,8.5,A,4.0,True,3.93,3.9,Pass
1288,2353117,HK232_MT1005_L01,MT1005,2,False,6.3,6.9,6.4,,,6.5,C+,2.5,True,2.4,2.22,Pass
1289,2300436,HK232_MT1005_L01,MT1005,2,False,6.6,4.9,3.4,,,4.3,D,1.0,True,1.35,1.59,Pass
1290,2387572,HK232_MT1005_L01,MT1005,2,False,7.0,6.7,7.7,,,7.4,B,3.0,True,3.1,3.07,Pass
1291,2316732,HK232_MT1005_L01,MT1005,2,False,6.6,6.4,7.3,,,7.0,B,3.0,True,2.06,2.09,Pass
1292,2344969,HK232_MT1005_L01,MT1005,2,False,5.7,6.2,5.2,,,5.5,C,2.0,True,2.03,2.03,Pass
1293,2334849,HK232_MT1005_L01,MT1005,2,False,9.1,8.7,4.3,,,6.1,C,2.0,True,3.47,3.66,Pass
1294,2353889,HK232_MT1005_L01,MT1005,2,False,5.0,5.8,6.0,,,5.8,C,2.0,True,1.85,1.8,Pass
1295,2322371,HK232_MT1005_L01,MT1005,2,False,8.8,9.7,9.9,,,9.6,A+,4.0,True,3.89,3.94,Pass
1296,2315381,HK232_MT1005_L01,MT1005,2,False,7.3,7.3,7.7,,,7.5,B,3.0,True,3.06,3.11,Pass
1297,2390274,HK232_MT1005_L01,MT1005,2,False,8.3,6.2,7.2,,,7.2,B,3.0,True,2.56,2.64,Pass
1298,2395183,HK232_MT1005_L01,MT1005,2,False,6.4,5.2,6.2,,,6.0,C,2.0,True,2.21,2.21,Pass
1299,2386758,HK232_MT1005_L01,MT1005,2,False,8.7,8.3,8.6,,,8.6,A,4.0,True,3.37,3.31,Pass
1300,2326852,HK232_MT1005_L01,MT1005,2,False,9.1,9.7,9.4,,,9.4,A,4.0,True,3.83,3.91,Pass
1301,2365981,HK232_MT1005_L01,MT1005,2,False,4.9,4.7,6.0,,,5.5,C,2.0,True,1.68,1.76,Pass
1302,2318276,HK232_MT1005_L01,MT1005,2,False,6.2,7.1,7.0,,,6.9,C+,2.5,True,2.6,2.55,Pass
1303,2325694,HK232_MT1005_L01,MT1005,2,False,4.9,6.6,6.3,,,6.1,C,2.0,True,2.13,2.05,Pass
1304,2341260,HK232_MT1005_L01,MT1005,2,False,8.5,7.9,7.0,,,7.5,B,3.0,True,3.35,3.24,Pass
1305,2313451,HK232_MT1005_L01,MT1005,2,False,9.5,8.7,7.2,,,8.0,B+,3.5,True,3.37,3.21,Pass
1306,2333498,HK232_MT1005_L01,MT1005,2,False,9.4,9.1,10.0,,,9.7,A+,4.0,True,4.0,3.9,Pass
1307,2359763,HK232_MT1005_L01,MT1005,2,False,7.4,6.6,6.1,,,6.5,C+,2.5,True,2.47,2.5,Pass
1308,2378610,HK232_MT1005_L01,MT1005,2,False,8.6,7.9,7.8,,,8.0,B+,3.5,True,3.63,3.59,Pass
1309,2344197,HK232_MT1005_L01,MT1005,2,False,6.9,7.3,6.1,,,6.5,C+,2.5,True,2.12,2.27,Pass
1310,2300050,HK232_MT1005_L01,MT1005,2,False,6.3,6.7,9.3,,,8.2,B+,3.5,True,3.27,3.28,Pass
1311,2358219,HK232_MT1005_L01,MT1005,2,False,8.6,8.9,8.7,,,8.7,A,4.0,True,3.33,3.31,Pass
1312,2305110,HK232_MT1005_L01,MT1005,2,False,7.2,7.6,6.2,,,6.7,C+,2.5,True,2.83,2.84,Pass
1313,2373592,HK232_MT1005_L01,MT1005,2,False,8.6,8.1,6.6,,,7.3,B,3.0,True,3.1,3.17,Pass
1314,2301594,HK232_MT1005_L01,MT1005,2,False,4.9,5.6,4.7,,,4.9,D,1.0,True,1.21,1.41,Pass
1315,2327280,HK232_MT1005_L01,MT1005,2,False,8.2,7.5,8.8,,,8.4,B+,3.5,True,3.33,3.36,Pass
1316,2354275,HK232_MT1005_L01,MT1005,2,False,5.2,6.6,6.6,,,6.3,C,2.0,True,2.15,2.15,Pass
1317,2363816,HK232_MT1005_L01,MT1005,2,False,6.8,6.3,6.0,,,6.2,C,2.0,True,1.65,1.74,Pass
1318,2303717,HK232_MT1005_L01,MT1005,2,False,3.8,2.6,4.2,,,3.8,F,0.0,False,0.5,1.09,Fail
1319,2390895,HK232_MT1005_L01,MT1005,2,False,5.2,4.8,6.1,,,5.7,C,2.0,True,1.65,1.55,Pass
1320,2311672,HK232_MT1005_L01,MT1005,2,False,6.0,4.2,5.1,,,5.1,D+,1.5,True,0.86,1.23,Pass
1321,2393018,HK232_MT1005_L01,MT1005,2,False,5.5,7.2,5.8,,,6.0,C,2.0,True,2.12,2.05,Pass
1322,2363044,HK232_MT1005_L01,MT1005,2,False,7.1,6.7,7.4,,,7.2,B,3.0,True,2.59,2.61,Pass
1323,2343576,HK232_MT1005_L01,MT1005,2,False,7.0,7.4,6.9,,,7.0,B,3.0,True,3.21,3.21,Pass
1324,2388730,HK232_MT1005_L01,MT1005,2,False,4.7,7.0,5.4,,,5.6,C,2.0,True,2.21,2.18,Pass
1325,2358991,HK232_MT1005_L01,MT1005,2,False,6.4,7.3,7.5,,,7.2,B,3.0,True,2.6,2.43,Pass
1326,2303910,HK232_MT1005_L01,MT1005,2,False,5.3,5.5,6.7,,,6.2,C,2.0,True,1.44,1.67,Pass
1327,2323764,HK232_MT1005_L01,MT1005,2,False,6.6,6.4,5.4,,,5.8,C,2.0,True,1.56,1.71,Pass
1328,2378031,HK232_MT1005_L01,MT1005,2,False,9.3,10.0,9.5,,,9.6,A+,4.0,True,4.0,4.0,Pass
1329,2321599,HK232_MT1005_L01,MT1005,2,False,6.5,6.3,6.2,,,6.3,C,2.0,True,2.79,2.67,Pass
1330,2330947,HK232_MT1005_L01,MT1005,2,False,7.4,8.6,7.8,,,7.9,B,3.0,True,3.18,3.18,Pass
1331,2370848,HK232_MT1005_L01,MT1005,2,False,5.6,4.7,5.9,,,5.6,C,2.0,True,0.82,1.32,Pass
1332,2337207,HK232_MT1005_L01,MT1005,2,False,7.1,7.9,7.0,,,7.2,B,3.0,True,2.88,2.82,Pass
1333,2335814,HK232_MT1005_L01,MT1005,2,False,7.3,6.7,7.1,,,7.1,B,3.0,True,2.6,2.57,Pass
1334,2382512,HK232_MT1005_L01,MT1005,2,False,5.8,5.4,6.1,,,5.9,C,2.0,True,1.74,1.76,Pass
1335,2354468,HK232_MT1005_L01,MT1005,2,False,4.4,5.6,4.9,,,4.9,D,1.0,True,1.5,1.5,Pass
1336,2381547,HK232_MT1005_L01,MT1005,2,False,6.4,6.0,7.4,,,6.9,C+,2.5,True,2.06,1.8,Pass
1337,2302559,HK232_MT1005_L01,MT1005,2,False,6.4,5.8,6.1,,,6.1,C,2.0,True,2.12,2.06,Pass
1338,2332726,HK232_MT1005_L01,MT1005,2,False,6.6,6.6,6.8,,,6.7,C+,2.5,True,2.41,2.33,Pass
1339,2385600,HK232_MT1005_L01,MT1005,2,False,4.7,4.9,4.5,,,4.6,D,1.0,True,0.55,1.18,Pass
1340,2325929,HK232_MT1005_L01,MT1005,2,False,6.6,3.8,5.9,,,5.6,C,2.0,True,1.47,1.44,Pass
1341,2309356,HK232_MT1005_L01,MT1005,2,False,7.7,7.2,8.4,,,8.0,B+,3.5,True,3.0,2.85,Pass
1342,2367332,HK232_MT1005_L01,MT1005,2,False,9.3,8.3,7.6,,,8.1,B+,3.5,True,3.06,2.95,Pass
1343,2365360,HK232_MT1005_L01,MT1005,2,False,7.7,7.4,7.2,,,7.3,B,3.0,True,3.23,3.41,Pass
1344,2337593,HK232_MT1005_L01,MT1005,2,False,6.1,5.5,6.3,,,6.1,C,2.0,True,2.15,2.14,Pass
1345,2304917,HK232_MT1005_L01,MT1005,2,False,7.7,7.1,6.1,,,6.6,C+,2.5,True,2.41,2.39,Pass
1346,2393790,HK232_MT1005_L01,MT1005,2,False,7.9,8.2,7.9,,,8.0,B+,3.5,True,3.5,3.33,Pass
1347,2368725,HK232_MT1005_L01,MT1005,2,False,7.0,6.9,8.7,,,8.0,B+,3.5,True,3.47,3.17,Pass
1348,2305882,HK232_MT1005_L01,MT1005,2,False,6.8,6.8,6.3,,,6.5,C+,2.5,True,2.26,2.38,Pass
1349,2368490,HK232_MT1005_L01,MT1005,2,False,5.4,6.4,5.6,,,5.7,C,2.0,True,2.44,2.48,Pass
1350,2317546,HK232_MT1005_L01,MT1005,2,False,8.0,8.3,7.6,,,7.8,B,3.0,True,3.07,3.28,Pass
1351,2360149,HK232_MT1005_L01,MT1005,2,False,5.8,5.5,6.3,,,6.0,C,2.0,True,2.41,2.47,Pass
1352,2358370,HK232_MT1005_L01,MT1005,2,False,9.3,9.0,8.2,,,8.6,A,4.0,True,3.8,3.66,Pass
1353,2360493,HK232_MT1005_L01,MT1005,2,False,9.0,9.0,9.1,,,9.1,A,4.0,True,3.77,3.88,Pass
1354,2303138,HK232_MT1005_L01,MT1005,2,False,8.3,7.8,8.1,,,8.1,B+,3.5,True,3.2,3.29,Pass
1355,2355668,HK232_MT1005_L01,MT1005,2,False,5.6,6.2,8.1,,,7.2,B,3.0,True,2.47,2.33,Pass
1356,2335428,HK232_MT1005_L01,MT1005,2,False,8.5,9.1,9.6,,,9.3,A,4.0,True,3.6,3.52,Pass
1357,2360342,HK232_MT1005_L01,MT1005,2,False,4.3,5.0,4.6,,,4.6,D,1.0,True,1.35,1.33,Pass
1358,2377645,HK232_MT1005_L01,MT1005,2,False,5.2,6.8,5.6,,,5.8,C,2.0,True,1.71,1.66,Pass
1359,2395913,HK232_MT1005_L01,MT1005,2,False,7.7,7.2,8.8,,,8.3,B+,3.5,True,3.3,3.24,Pass
1360,2336628,HK232_MT1005_L01,MT1005,2,False,6.7,6.5,6.1,,,6.3,C,2.0,True,1.97,1.95,Pass
1361,2374557,HK232_MT1005_L01,MT1005,2,False,6.8,7.1,6.6,,,6.7,C+,2.5,True,2.21,2.39,Pass
1362,2369841,HK232_MT1005_L01,MT1005,2,False,6.1,5.7,4.6,,,5.1,D+,1.5,True,1.97,1.86,Pass
1363,2385986,HK232_MT1005_L01,MT1005,2,False,7.2,8.3,6.9,,,7.2,B,3.0,True,2.47,2.41,Pass
1364,2373357,HK232_MT1005_L01,MT1005,2,False,7.2,8.0,8.7,,,8.3,B+,3.5,True,3.23,3.26,Pass
1365,2345548,HK232_MT1005_L01,MT1005,2,False,6.5,8.0,6.2,,,6.6,C+,2.5,True,2.41,2.38,Pass
1366,2377259,HK232_MT1005_L01,MT1005,2,False,5.9,6.4,7.7,,,7.1,B,3.0,True,2.21,1.94,Pass
1367,2326122,HK232_MT1005_L01,MT1005,2,False,7.3,7.9,7.2,,,7.4,B,3.0,True,3.33,3.22,Pass
1368,2346320,HK232_MT1005_L01,MT1005,2,False,7.3,6.0,6.4,,,6.5,C+,2.5,True,2.18,2.17,Pass
1369,2354317,HK232_MT1005_L01,MT1005,2,False,6.1,5.6,6.2,,,6.1,C,2.0,True,1.97,2.15,Pass
1370,2363665,HK232_MT1005_L01,MT1005,2,False,4.6,6.6,6.3,,,6.0,C,2.0,True,2.12,2.08,Pass
1371,2320055,HK232_MT1005_L01,MT1005,2,False,5.3,5.7,6.3,,,6.0,C,2.0,True,2.09,2.3,Pass
1372,2375866,HK232_MT1005_L01,MT1005,2,False,8.5,9.6,8.5,,,8.7,A,4.0,True,3.97,3.98,Pass
1373,2364202,HK232_MT1005_L01,MT1005,2,False,4.9,5.2,6.4,,,5.9,C,2.0,True,1.97,1.77,Pass
1374,2347134,HK232_MT1005_L01,MT1005,2,False,9.6,8.1,7.8,,,8.2,B+,3.5,True,3.5,3.48,Pass
1375,2332877,HK232_MT1005_L01,MT1005,2,False,10.0,8.9,9.1,,,9.2,A,4.0,True,3.86,3.92,Pass
1376,2349794,HK232_MT1005_L01,MT1005,2,False,6.6,7.0,6.8,,,6.8,C+,2.5,True,2.53,2.52,Pass
1377,2384056,HK232_MT1005_L01,MT1005,2,False,6.0,7.2,7.2,,,7.0,B,3.0,True,2.32,2.17,Pass
1378,2302131,HK232_MT1005_L01,MT1005,2,False,4.9,6.0,6.4,,,6.0,C,2.0,True,1.88,1.92,Pass
1379,2391818,HK232_MT1005_L01,MT1005,2,False,6.2,6.4,4.8,,,5.4,D+,1.5,True,2.18,2.38,Pass
1380,2322992,HK232_MT1005_L01,MT1005,2,False,5.7,5.3,4.8,,,5.1,D+,1.5,True,1.91,1.74,Pass
1381,2347520,HK232_MT1005_L01,MT1005,2,False,8.3,8.8,7.7,,,8.0,B+,3.5,True,3.23,3.24,Pass
1382,2349450,HK232_MT1005_L01,MT1005,2,False,6.9,7.6,8.1,,,7.8,B,3.0,True,3.06,3.03,Pass
1383,2366753,HK232_MT1005_L01,MT1005,2,False,9.8,10.0,9.0,,,9.4,A,4.0,True,4.0,4.0,Pass
1384,2375715,HK232_MT1005_L01,MT1005,2,False,5.3,5.9,7.1,,,6.5,C+,2.5,True,2.5,2.26,Pass
1385,2391281,HK232_MT1005_L01,MT1005,2,False,5.5,5.8,5.6,,,5.6,C,2.0,True,2.0,2.0,Pass
1386,2306998,HK232_MT1005_L01,MT1005,2,False,6.3,6.1,7.8,,,7.2,B,3.0,True,2.76,2.56,Pass
1387,2397692,HK232_MT1005_L01,MT1005,2,False,6.6,6.6,6.7,,,6.7,C+,2.5,True,2.44,2.21,Pass
1388,2374171,HK232_MT1005_L01,MT1005,2,False,6.9,8.2,7.9,,,7.8,B,3.0,True,3.0,3.21,Pass
1389,2307812,HK232_MT1005_L02,MT1005,2,False,6.4,7.6,5.9,,,6.3,C,2.0,True,2.09,2.17,Pass
1390,2369111,HK232_MT1005_L02,MT1005,2,False,9.0,8.7,10.0,,,9.5,A+,4.0,True,4.0,4.0,Pass
1391,2375673,HK232_MT1005_L02,MT1005,2,False,5.8,6.1,6.4,,,6.2,C,2.0,True,2.06,1.98,Pass
1392,2346513,HK232_MT1005_L02,MT1005,2,False,5.3,5.3,6.7,,,6.1,C,2.0,True,1.85,1.77,Pass
1393,2361693,HK232_MT1005_L02,MT1005,2,False,5.4,6.3,4.2,,,4.9,D,1.0,True,1.06,1.2,Pass
1394,2317697,HK232_MT1005_L02,MT1005,2,False,5.1,6.2,5.4,,,5.5,C,2.0,True,1.73,1.71,Pass
1395,2330368,HK232_MT1005_L02,MT1005,2,False,6.2,6.9,6.2,,,6.3,C,2.0,True,2.27,2.38,Pass
1396,2338709,HK232_MT1005_L02,MT1005,2,False,6.5,8.4,6.2,,,6.7,C+,2.5,True,2.24,2.17,Pass
1397,2317739,HK232_MT1005_L02,MT1005,2,False,8.1,7.8,8.3,,,8.2,B+,3.5,True,3.13,3.16,Pass
1398,2349987,HK232_MT1005_L02,MT1005,2,False,6.0,7.3,5.9,,,6.2,C,2.0,True,2.35,2.15,Pass
1399,2350415,HK232_MT1005_L02,MT1005,2,False,3.9,3.2,3.4,,,3.5,F,0.0,False,0.14,1.0,Fail
1400,2358412,HK232_MT1005_L02,MT1005,2,False,5.7,5.2,5.8,,,5.7,C,2.0,True,1.29,1.46,Pass
1401,2332533,HK232_MT1005_L02,MT1005,2,False,5.5,5.5,5.3,,,5.4,D+,1.5,True,2.29,2.27,Pass
1402,2385063,HK232_MT1005_L02,MT1005,2,False,6.7,4.5,4.3,,,4.8,D,1.0,True,1.73,1.86,Pass
1403,2324922,HK232_MT1005_L02,MT1005,2,False,7.0,7.4,7.4,,,7.3,B,3.0,True,2.68,2.48,Pass
1404,2302945,HK232_MT1005_L02,MT1005,2,False,5.3,7.4,4.8,,,5.4,D+,1.5,True,2.12,2.23,Pass
1405,2337979,HK232_MT1005_L02,MT1005,2,False,8.9,7.2,8.1,,,8.1,B+,3.5,True,3.23,3.1,Pass
1406,2365746,HK232_MT1005_L02,MT1005,2,False,8.1,8.1,7.6,,,7.8,B,3.0,True,3.1,3.05,Pass
1407,2375094,HK232_MT1005_L02,MT1005,2,False,7.9,5.8,6.5,,,6.6,C+,2.5,True,2.24,2.24,Pass
1408,2309935,HK232_MT1005_L02,MT1005,2,False,8.9,10.0,9.6,,,9.5,A+,4.0,True,4.0,4.0,Pass
1409,2323336,HK232_MT1005_L02,MT1005,2,False,7.2,7.2,6.9,,,7.0,B,3.0,True,2.38,2.44,Pass
1410,2340102,HK232_MT1005_L02,MT1005,2,False,5.0,4.7,6.0,,,5.5,C,2.0,True,1.82,1.56,Pass
1411,2336972,HK232_MT1005_L02,MT1005,2,False,4.2,5.2,4.9,,,4.8,D,1.0,True,1.59,1.61,Pass
1412,2341067,HK232_MT1005_L02,MT1005,2,False,8.0,7.2,7.6,,,7.6,B,3.0,True,3.13,3.02,Pass
1413,2323529,HK232_MT1005_L02,MT1005,2,False,8.1,6.2,7.7,,,7.5,B,3.0,True,2.93,2.9,Pass
1414,2344734,HK232_MT1005_L02,MT1005,2,False,6.9,7.6,6.5,,,6.8,C+,2.5,True,2.35,2.41,Pass
1415,2372585,HK232_MT1005_L02,MT1005,2,False,5.6,4.4,3.5,,,4.1,D,1.0,True,0.45,1.1,Pass
1416,2328396,HK232_MT1005_L02,MT1005,2,False,6.5,6.7,7.4,,,7.1,B,3.0,True,2.67,2.78,Pass
1417,2399429,HK232_MT1005_L02,MT1005,2,False,6.5,7.1,5.3,,,5.9,C,2.0,True,2.32,2.2,Pass
1418,2317118,HK232_MT1005_L02,MT1005,2,False,6.4,7.4,6.6,,,6.7,C+,2.5,True,2.44,2.29,Pass
1419,2347327,HK232_MT1005_L02,MT1005,2,False,6.4,6.9,7.2,,,7.0,B,3.0,True,2.68,2.48,Pass
1420,2350994,HK232_MT1005_L02,MT1005,2,False,6.1,6.2,5.9,,,6.0,C,2.0,True,2.03,1.97,Pass
1421,2395955,HK232_MT1005_L02,MT1005,2,False,8.2,9.1,8.7,,,8.7,A,4.0,True,3.4,3.33,Pass
1422,2357019,HK232_MT1005_L02,MT1005,2,False,8.2,7.4,9.7,,,8.9,A,4.0,True,3.44,3.29,Pass
1423,2333112,HK232_MT1005_L02,MT1005,2,False,8.1,7.8,8.2,,,8.1,B+,3.5,True,3.29,3.14,Pass
1424,2327473,HK232_MT1005_L02,MT1005,2,False,2.1,3.8,6.4,,,5.0,D+,1.5,True,0.62,1.38,Pass
1425,2319669,HK232_MT1005_L02,MT1005,2,False,6.1,6.6,7.2,,,6.9,C+,2.5,True,2.24,2.18,Pass
1426,2347092,HK232_MT1005_L02,MT1005,2,False,6.0,6.8,6.2,,,6.3,C,2.0,True,2.35,2.35,Pass
1427,2359184,HK232_MT1005_L02,MT1005,2,False,6.6,6.5,5.4,,,5.9,C,2.0,True,1.74,2.0,Pass
1428,2306268,HK232_MT1005_L02,MT1005,2,False,6.3,6.3,5.5,,,5.8,C,2.0,True,2.06,2.15,Pass
1429,2398078,HK232_MT1005_L02,MT1005,2,False,7.9,5.6,6.5,,,6.6,C+,2.5,True,2.29,2.2,Pass
1430,2300822,HK232_MT1005_L02,MT1005,2,False,8.2,7.9,8.7,,,8.4,B+,3.5,True,3.37,3.52,Pass
1431,2310900,HK232_MT1005_L02,MT1005,2,False,6.3,7.3,6.8,,,6.8,C+,2.5,True,2.59,2.61,Pass
1432,2395376,HK232_MT1005_L02,MT1005,2,False,7.7,6.9,7.3,,,7.3,B,3.0,True,3.13,3.12,Pass
1433,2348292,HK232_MT1005_L02,MT1005,2,False,9.4,7.6,7.5,,,7.9,B,3.0,True,3.1,3.07,Pass
1434,2391088,HK232_MT1005_L02,MT1005,2,False,8.4,6.6,8.3,,,8.0,B+,3.5,True,3.37,3.57,Pass
1435,2376059,HK232_MT1005_L02,MT1005,2,False,5.5,6.5,5.5,,,5.7,C,2.0,True,1.93,1.93,Pass
1436,2341453,HK232_MT1005_L02,MT1005,2,False,8.1,9.0,7.0,,,7.6,B,3.0,True,3.12,3.14,Pass
1437,2316925,HK232_MT1005_L02,MT1005,2,False,6.0,5.9,4.9,,,5.3,D+,1.5,True,2.09,2.15,Pass
1438,2332919,HK232_MT1005_L02,MT1005,2,False,9.5,9.8,8.6,,,9.0,A,4.0,True,3.7,3.6,Pass
1439,2368532,HK232_MT1005_L02,MT1005,2,False,4.7,5.3,5.2,,,5.1,D+,1.5,True,1.74,1.67,Pass
1440,2359721,HK232_MT1005_L02,MT1005,2,False,6.1,7.9,6.6,,,6.8,C+,2.5,True,2.68,2.56,Pass
1441,2370613,HK232_MT1005_L02,MT1005,2,False,4.5,3.9,4.5,,,4.4,D,1.0,True,0.52,1.0,Pass
1442,2379189,HK232_MT1005_L02,MT1005,2,False,8.2,7.5,7.4,,,7.6,B,3.0,True,3.2,3.36,Pass
1443,2379768,HK232_MT1005_L02,MT1005,2,False,7.6,7.0,8.5,,,8.0,B+,3.5,True,3.33,3.22,Pass
1444,2349643,HK232_MT1005_L02,MT1005,2,False,5.7,4.5,5.0,,,5.0,D+,1.5,True,1.65,1.55,Pass
1445,2354661,HK232_MT1005_L02,MT1005,2,False,7.2,6.3,7.3,,,7.1,B,3.0,True,2.65,2.42,Pass
1446,2332298,HK232_MT1005_L02,MT1005,2,False,7.4,6.7,6.4,,,6.7,C+,2.5,True,2.44,2.35,Pass
1447,2368297,HK232_MT1005_L02,MT1005,2,False,6.8,7.0,7.3,,,7.1,B,3.0,True,2.71,2.59,Pass
1448,2379382,HK232_MT1005_L02,MT1005,2,False,6.2,6.6,7.1,,,6.8,C+,2.5,True,2.76,2.62,Pass
1449,2326894,HK232_MT1005_L02,MT1005,2,False,6.6,5.6,7.0,,,6.6,C+,2.5,True,2.59,2.61,Pass
1450,2364630,HK232_MT1005_L02,MT1005,2,False,8.3,8.5,6.0,,,7.0,B,3.0,True,3.78,3.88,Pass
1451,2378996,HK232_MT1005_L02,MT1005,2,False,2.6,3.4,5.4,,,4.4,D,1.0,True,0.55,1.0,Pass
1452,2322606,HK232_MT1005_L02,MT1005,2,False,8.5,7.4,6.9,,,7.3,B,3.0,True,2.5,2.38,Pass
1453,2330561,HK232_MT1005_L02,MT1005,2,False,9.2,9.4,9.6,,,9.5,A+,4.0,True,3.87,3.83,Pass
1454,2393404,HK232_MT1005_L02,MT1005,2,False,7.4,5.8,6.7,,,6.7,C+,2.5,True,2.71,2.74,Pass
1455,2393983,HK232_MT1005_L02,MT1005,2,False,8.8,8.2,7.8,,,8.1,B+,3.5,True,3.41,3.36,Pass
1456,2305068,HK232_MT1005_L02,MT1005,2,False,9.9,8.4,9.4,,,9.3,A,4.0,True,3.97,3.98,Pass
1457,2362272,HK232_MT1005_L02,MT1005,2,False,7.3,5.3,6.5,,,6.4,C+,2.5,True,2.29,2.23,Pass
1458,2342074,HK232_MT1005_L02,MT1005,2,False,8.7,7.1,7.6,,,7.7,B,3.0,True,3.0,2.95,Pass
1459,2346706,HK232_MT1005_L02,MT1005,2,False,7.7,7.2,7.1,,,7.2,B,3.0,True,3.17,3.26,Pass
1460,2359335,HK232_MT1005_L02,MT1005,2,False,7.0,5.6,8.0,,,7.3,B,3.0,True,2.62,2.7,Pass
1461,2365167,HK232_MT1005_L02,MT1005,2,False,4.3,5.6,5.4,,,5.2,D+,1.5,True,1.59,1.61,Pass
1462,2333070,HK232_MT1005_L02,MT1005,2,False,5.7,7.9,8.8,,,8.0,B+,3.5,True,2.5,2.5,Pass
1463,2362658,HK232_MT1005_L02,MT1005,2,False,7.6,6.8,8.2,,,7.8,B,3.0,True,2.9,3.02,Pass
1464,2338516,HK232_MT1005_L02,MT1005,2,False,7.6,7.5,7.4,,,7.5,B,3.0,True,3.33,3.29,Pass
1465,2343190,HK232_MT1005_L02,MT1005,2,False,8.0,8.8,8.7,,,8.6,A,4.0,True,4.0,4.0,Pass
1466,2313065,HK232_MT1005_L02,MT1005,2,False,8.8,8.7,7.4,,,7.9,B,3.0,True,3.67,3.81,Pass
1467,2389695,HK232_MT1005_L02,MT1005,2,False,6.6,8.6,6.9,,,7.2,B,3.0,True,2.76,2.89,Pass
1468,2388923,HK232_MT1005_L02,MT1005,2,False,7.5,7.6,7.3,,,7.4,B,3.0,True,3.12,3.15,Pass
1469,2399664,HK232_MT1005_L02,MT1005,2,False,7.0,6.8,6.6,,,6.7,C+,2.5,True,2.41,2.5,Pass
1470,2388344,HK232_MT1005_L02,MT1005,2,False,8.5,6.9,7.1,,,7.3,B,3.0,True,3.17,3.26,Pass
1471,2306654,HK232_MT1005_L02,MT1005,2,False,4.7,4.2,4.8,,,4.7,D,1.0,True,1.23,1.31,Pass
1472,2302324,HK232_MT1005_L02,MT1005,2,False,7.3,7.5,7.3,,,7.3,B,3.0,True,2.44,2.23,Pass
1473,2368339,HK232_MT1005_L02,MT1005,2,False,4.1,5.1,4.2,,,4.4,D,1.0,True,0.7,1.0,Pass
1474,2382898,HK232_MT1005_L02,MT1005,2,False,5.3,5.7,6.6,,,6.2,C,2.0,True,2.24,2.24,Pass
1475,2370999,HK232_MT1005_L02,MT1005,2,False,7.1,7.4,6.9,,,7.0,B,3.0,True,2.56,2.62,Pass
1476,2339330,HK232_MT1005_L02,MT1005,2,False,5.2,4.9,5.1,,,5.1,D+,1.5,True,1.5,1.39,Pass
1477,2341839,HK232_MT1005_L02,MT1005,2,False,7.2,6.1,7.0,,,6.9,C+,2.5,True,2.35,2.41,Pass
1478,2394411,HK232_MT1005_L02,MT1005,2,False,6.0,8.0,6.4,,,6.6,C+,2.5,True,2.24,2.24,Pass
1479,2390316,HK232_MT1005_L02,MT1005,2,False,6.4,6.3,6.5,,,6.4,C+,2.5,True,2.21,2.21,Pass
1480,2380540,HK232_MT1005_L02,MT1005,2,False,5.9,4.5,6.8,,,6.2,C,2.0,True,1.82,1.92,Pass
1481,2348871,HK232_MT1005_L02,MT1005,2,False,9.1,7.9,6.9,,,7.5,B,3.0,True,3.1,3.12,Pass
1482,2306033,HK232_MT1005_L02,MT1005,2,False,3.6,4.4,2.6,,,3.2,F,0.0,False,0.0,1.5,Fail
1483,2318125,HK232_MT1005_L02,MT1005,2,False,6.5,4.9,6.2,,,6.0,C,2.0,True,1.9,1.9,Pass
1484,2372778,HK232_MT1005_L02,MT1005,2,False,6.7,6.2,8.0,,,7.4,B,3.0,True,2.44,2.2,Pass
1485,2372199,HK232_MT1005_L02,MT1005,2,False,6.3,6.2,5.7,,,5.9,C,2.0,True,1.82,1.91,Pass
1486,2308777,HK232_MT1005_L02,MT1005,2,False,7.8,8.1,5.7,,,6.6,C+,2.5,True,2.41,2.42,Pass
1487,2379424,HK232_MT1005_L02,MT1005,2,False,7.4,7.4,7.6,,,7.5,B,3.0,True,2.79,2.83,Pass
1488,2381505,HK232_MT1005_L02,MT1005,2,False,6.3,5.9,5.3,,,5.6,C,2.0,True,1.91,1.82,Pass
1489,2330175,HK232_MT1005_L02,MT1005,2,False,5.6,7.1,5.8,,,6.0,C,2.0,True,2.12,2.26,Pass
1490,2354896,HK232_MT1005_L02,MT1005,2,False,6.9,6.8,6.9,,,6.9,C+,2.5,True,2.32,2.27,Pass
1491,2319862,HK232_MT1005_L02,MT1005,2,False,7.9,7.6,8.2,,,8.0,B+,3.5,True,3.35,3.41,Pass
1492,2321448,HK232_MT1005_L02,MT1005,2,False,6.2,6.3,6.2,,,6.2,C,2.0,True,2.15,2.24,Pass
1493,2384484,HK232_MT1005_L02,MT1005,2,False,7.2,6.9,6.5,,,6.7,C+,2.5,True,2.5,2.44,Pass
1494,2320869,HK232_MT1005_L02,MT1005,2,False,8.1,10.0,8.1,,,8.5,A,4.0,True,3.87,3.93,Pass
1495,2395720,HK232_MT1005_L02,MT1005,2,False,6.3,6.1,7.9,,,7.2,B,3.0,True,2.62,2.64,Pass
1496,2310363,HK232_MT1005_L02,MT1005,2,False,4.3,4.9,4.0,,,4.2,D,1.0,True,0.32,1.0,Pass
1497,2398464,HK232_MT1005_L02,MT1005,2,False,6.7,6.6,6.4,,,6.5,C+,2.5,True,2.62,2.5,Pass
1498,2315960,HK232_MT1005_L02,MT1005,2,False,8.0,8.6,8.9,,,8.7,A,4.0,True,3.27,3.14,Pass
1499,2304875,HK232_MT1005_L02,MT1005,2,False,5.0,5.6,5.2,,,5.2,D+,1.5,True,1.71,1.58,Pass
1500,2396106,HK232_MT1005_L02,MT1005,2,False,8.1,7.6,7.9,,,7.9,B,3.0,True,2.94,2.97,Pass
1501,2369883,HK232_MT1005_L02,MT1005,2,False,7.5,7.3,6.1,,,6.6,C+,2.5,True,2.21,2.32,Pass
1502,2338130,HK232_MT1005_L02,MT1005,2,False,10.0,8.5,9.7,,,9.5,A+,4.0,True,4.0,4.0,Pass
1503,2397306,HK232_MT1005_L02,MT1005,2,False,6.9,6.6,7.3,,,7.1,B,3.0,True,2.65,2.61,Pass
1504,2370034,HK232_MT1005_L02,MT1005,2,False,6.6,6.6,5.0,,,5.6,C,2.0,True,1.79,1.79,Pass
1505,2312679,HK232_MT1005_L03,MT1005,2,False,5.2,5.5,5.8,,,5.6,C,2.0,True,1.85,1.88,Pass
1506,2340488,HK232_MT1005_L03,MT1005,2,False,8.4,8.6,9.5,,,9.1,A,4.0,True,4.0,4.0,Pass
1507,2315574,HK232_MT1005_L03,MT1005,2,False,6.1,7.1,7.6,,,7.2,B,3.0,True,2.74,2.7,Pass
1508,2324536,HK232_MT1005_L03,MT1005,2,False,6.3,6.5,6.1,,,6.2,C,2.0,True,2.15,2.39,Pass
1509,2329017,HK232_MT1005_L03,MT1005,2,False,5.8,6.6,6.7,,,6.5,C+,2.5,True,2.27,2.21,Pass
1510,2347906,HK232_MT1005_L03,MT1005,2,False,7.9,7.6,7.4,,,7.5,B,3.0,True,3.0,3.18,Pass
1511,2301980,HK232_MT1005_L03,MT1005,2,False,6.9,6.8,7.3,,,7.1,B,3.0,True,3.0,3.09,Pass
1512,2390702,HK232_MT1005_L03,MT1005,2,False,4.4,5.3,5.1,,,5.0,D+,1.5,True,1.71,1.59,Pass
1513,2390081,HK232_MT1005_L03,MT1005,2,False,7.4,8.9,8.0,,,8.1,B+,3.5,True,2.59,2.59,Pass
1514,2305454,HK232_MT1005_L03,MT1005,2,False,8.6,7.6,7.3,,,7.6,B,3.0,True,3.1,3.26,Pass
1515,2389930,HK232_MT1005_L03,MT1005,2,False,7.1,6.7,6.5,,,6.7,C+,2.5,True,2.13,2.19,Pass
1516,2342032,HK232_MT1005_L03,MT1005,2,False,5.6,6.7,6.8,,,6.5,C+,2.5,True,2.53,2.61,Pass
1517,2327087,HK232_MT1005_L03,MT1005,2,False,8.2,8.1,7.8,,,7.9,B,3.0,True,3.33,3.29,Pass
1518,2321062,HK232_MT1005_L03,MT1005,2,False,4.7,4.2,4.7,,,4.6,D,1.0,True,0.59,1.14,Pass
1519,2380196,HK232_MT1005_L03,MT1005,2,False,6.1,6.4,6.2,,,6.2,C,2.0,True,2.21,2.14,Pass
1520,2371234,HK232_MT1005_L03,MT1005,2,False,5.7,7.2,5.0,,,5.6,C,2.0,True,1.79,1.62,Pass
1521,2352387,HK232_MT1005_L03,MT1005,2,False,8.2,7.0,8.3,,,8.0,B+,3.5,True,3.4,3.38,Pass
1522,2355861,HK232_MT1005_L03,MT1005,2,False,9.2,9.6,9.6,,,9.5,A+,4.0,True,4.0,4.0,Pass
1523,2332147,HK232_MT1005_L03,MT1005,2,False,9.3,6.8,7.3,,,7.6,B,3.0,True,3.07,3.1,Pass
1524,2304682,HK232_MT1005_L03,MT1005,2,False,7.2,8.2,7.0,,,7.3,B,3.0,True,2.87,2.98,Pass
1525,2394369,HK232_MT1005_L03,MT1005,2,False,7.6,3.9,6.1,,,6.0,C,2.0,True,1.88,1.55,Pass
1526,2333305,HK232_MT1005_L03,MT1005,2,False,5.7,8.4,7.7,,,7.4,B,3.0,True,3.0,3.05,Pass
1527,2306419,HK232_MT1005_L03,MT1005,2,False,8.7,7.9,7.3,,,7.7,B,3.0,True,3.1,3.19,Pass
1528,2395762,HK232_MT1005_L03,MT1005,2,False,7.7,8.2,7.4,,,7.6,B,3.0,True,3.03,3.21,Pass
1529,2327666,HK232_MT1005_L03,MT1005,2,False,3.8,4.0,4.4,,,4.2,D,1.0,True,0.62,1.09,Pass
1530,2371813,HK232_MT1005_L03,MT1005,2,False,6.9,7.2,7.2,,,7.1,B,3.0,True,3.0,3.2,Pass
1531,2385021,HK232_MT1005_L03,MT1005,2,False,3.4,6.4,5.5,,,5.3,D+,1.5,True,1.18,1.33,Pass
1532,2371620,HK232_MT1005_L03,MT1005,2,False,6.1,6.8,6.0,,,6.2,C,2.0,True,2.23,2.31,Pass
1533,2373785,HK232_MT1005_L03,MT1005,2,False,4.1,5.1,3.8,,,4.1,D,1.0,True,0.97,1.12,Pass
1534,2353503,HK232_MT1005_L03,MT1005,2,False,7.8,8.0,7.7,,,7.8,B,3.0,True,2.93,2.9,Pass
1535,2348678,HK232_MT1005_L03,MT1005,2,False,6.7,6.5,5.6,,,6.0,C,2.0,True,2.09,1.98,Pass
1536,2359528,HK232_MT1005_L03,MT1005,2,False,6.1,5.4,3.7,,,4.5,D,1.0,True,1.74,1.64,Pass
1537,2389888,HK232_MT1005_L03,MT1005,2,False,5.5,5.3,6.0,,,5.8,C,2.0,True,1.74,1.38,Pass
1538,2344583,HK232_MT1005_L03,MT1005,2,False,7.2,8.0,6.9,,,7.2,B,3.0,True,3.0,2.92,Pass
1539,2309163,HK232_MT1005_L03,MT1005,2,False,9.8,8.7,7.7,,,8.3,B+,3.5,True,3.87,3.93,Pass
1540,2307770,HK232_MT1005_L03,MT1005,2,False,8.1,8.6,8.2,,,8.3,B+,3.5,True,3.4,3.33,Pass
1541,2312872,HK232_MT1005_L03,MT1005,2,False,8.9,9.2,8.6,,,8.8,A,4.0,True,3.97,3.91,Pass
1542,2357833,HK232_MT1005_L03,MT1005,2,False,5.0,7.1,5.7,,,5.8,C,2.0,True,2.0,2.05,Pass
1543,2388537,HK232_MT1005_L03,MT1005,2,False,6.1,7.1,7.1,,,6.9,C+,2.5,True,2.44,2.33,Pass
1544,2360107,HK232_MT1005_L03,MT1005,2,False,6.3,5.9,6.2,,,6.2,C,2.0,True,2.18,2.09,Pass
1545,2308970,HK232_MT1005_L03,MT1005,2,False,7.1,8.2,7.3,,,7.4,B,3.0,True,2.76,2.88,Pass
1546,2352924,HK232_MT1005_L03,MT1005,2,False,8.8,9.8,9.1,,,9.2,A,4.0,True,3.97,3.98,Pass
1547,2392246,HK232_MT1005_L03,MT1005,2,False,7.6,6.9,7.6,,,7.5,B,3.0,True,3.2,3.16,Pass
1548,2383905,HK232_MT1005_L03,MT1005,2,False,6.0,4.1,5.0,,,5.0,D+,1.5,True,1.73,1.93,Pass
1549,2338902,HK232_MT1005_L03,MT1005,2,False,6.2,8.5,6.4,,,6.8,C+,2.5,True,2.85,2.64,Pass
1550,2395141,HK232_MT1005_L03,MT1005,2,False,3.6,5.9,5.2,,,5.0,D+,1.5,True,1.26,1.42,Pass
1551,2352538,HK232_MT1005_L03,MT1005,2,False,6.6,6.3,5.8,,,6.1,C,2.0,True,2.09,2.2,Pass
1552,2362465,HK232_MT1005_L03,MT1005,2,False,6.1,6.6,8.0,,,7.3,B,3.0,True,2.57,2.71,Pass
1553,2359377,HK232_MT1005_L03,MT1005,2,False,6.0,5.5,5.8,,,5.8,C,2.0,True,2.47,2.44,Pass
1554,2314030,HK232_MT1005_L03,MT1005,2,False,8.0,7.9,6.4,,,7.0,B,3.0,True,3.12,3.2,Pass
1555,2364051,HK232_MT1005_L03,MT1005,2,False,6.7,5.4,6.6,,,6.4,C+,2.5,True,2.5,2.33,Pass
1556,2312293,HK232_MT1005_L03,MT1005,2,False,7.9,5.3,7.4,,,7.1,B,3.0,True,2.37,2.38,Pass
1557,2359142,HK232_MT1005_L03,MT1005,2,False,5.1,5.4,5.9,,,5.6,C,2.0,True,1.79,1.64,Pass
1558,2352966,HK232_MT1005_L03,MT1005,2,False,7.2,9.3,8.7,,,8.5,A,4.0,True,3.37,3.19,Pass
1559,2317160,HK232_MT1005_L03,MT1005,2,False,7.5,8.5,8.5,,,8.3,B+,3.5,True,3.4,3.45,Pass
1560,2309549,HK232_MT1005_L03,MT1005,2,False,8.6,9.5,9.0,,,9.0,A,4.0,True,4.0,4.0,Pass
1561,2375480,HK232_MT1005_L03,MT1005,2,False,8.4,8.3,7.9,,,8.1,B+,3.5,True,3.89,3.88,Pass
1562,2374708,HK232_MT1005_L03,MT1005,2,False,7.4,8.1,7.6,,,7.7,B,3.0,True,3.03,3.03,Pass
1563,2363086,HK232_MT1005_L03,MT1005,2,False,8.2,9.5,7.0,,,7.7,B,3.0,True,3.03,3.02,Pass
1564,2343039,HK232_MT1005_L03,MT1005,2,False,7.5,7.6,7.4,,,7.5,B,3.0,True,3.63,3.71,Pass
1565,2385256,HK232_MT1005_L03,MT1005,2,False,4.7,6.6,9.3,,,7.8,B,3.0,True,2.2,2.1,Pass
1566,2369690,HK232_MT1005_L03,MT1005,2,False,7.5,6.0,6.9,,,6.8,C+,2.5,True,3.07,3.02,Pass
1567,2355240,HK232_MT1005_L03,MT1005,2,False,7.9,8.2,7.4,,,7.7,B,3.0,True,3.13,3.12,Pass
1568,2311328,HK232_MT1005_L03,MT1005,2,False,7.8,6.5,7.2,,,7.2,B,3.0,True,2.71,2.62,Pass
1569,2365209,HK232_MT1005_L03,MT1005,2,False,8.4,7.1,8.1,,,8.0,B+,3.5,True,3.0,2.77,Pass
1570,2372006,HK232_MT1005_L03,MT1005,2,False,6.0,6.3,7.0,,,6.7,C+,2.5,True,2.41,2.33,Pass
1571,2387186,HK232_MT1005_L03,MT1005,2,False,7.4,6.5,6.8,,,6.9,C+,2.5,True,2.12,2.21,Pass
1572,2386372,HK232_MT1005_L03,MT1005,2,False,7.1,8.1,8.1,,,7.9,B,3.0,True,2.83,2.91,Pass
1573,2383863,HK232_MT1005_L03,MT1005,2,False,6.8,6.0,4.8,,,5.4,D+,1.5,True,1.82,1.79,Pass
1574,2384828,HK232_MT1005_L03,MT1005,2,False,7.8,8.8,7.2,,,7.6,B,3.0,True,3.33,3.34,Pass
1575,2340681,HK232_MT1005_L03,MT1005,2,False,7.8,7.5,7.6,,,7.6,B,3.0,True,3.23,3.12,Pass
1576,2380775,HK232_MT1005_L03,MT1005,2,False,6.4,7.5,8.0,,,7.6,B,3.0,True,2.21,2.55,Pass
1577,2340874,HK232_MT1005_L03,MT1005,2,False,5.4,3.0,5.3,,,4.9,D,1.0,True,1.29,1.32,Pass
1578,2314802,HK232_MT1005_L03,MT1005,2,False,6.8,7.3,8.2,,,7.7,B,3.0,True,3.27,3.19,Pass
1579,2356247,HK232_MT1005_L03,MT1005,2,False,9.2,8.2,8.3,,,8.5,A,4.0,True,3.67,3.69,Pass
1580,2308005,HK232_MT1005_L03,MT1005,2,False,2.9,5.8,3.0,,,3.5,F,0.0,False,0.68,1.12,Fail
1581,2329789,HK232_MT1005_L03,MT1005,2,False,9.8,8.7,9.3,,,9.3,A,4.0,True,3.93,3.9,Pass
1582,2317504,HK232_MT1005_L03,MT1005,2,False,7.3,8.6,8.6,,,8.3,B+,3.5,True,3.67,3.62,Pass
1583,2344776,HK232_MT1005_L03,MT1005,2,False,6.8,7.5,7.8,,,7.5,B,3.0,True,3.0,2.95,Pass
1584,2384291,HK232_MT1005_L03,MT1005,2,False,9.4,7.6,8.5,,,8.5,A,4.0,True,3.43,3.22,Pass
1585,2312444,HK232_MT1005_L03,MT1005,2,False,4.8,4.3,3.3,,,3.8,F,0.0,False,0.62,1.21,Fail
1586,2350608,HK232_MT1005_L03,MT1005,2,False,5.7,6.6,6.6,,,6.4,C+,2.5,True,2.29,2.41,Pass
1587,2321020,HK232_MT1005_L03,MT1005,2,False,8.2,6.7,8.0,,,7.8,B,3.0,True,2.24,2.12,Pass
1588,2378803,HK232_MT1005_L03,MT1005,2,False,6.8,8.3,6.7,,,7.0,B,3.0,True,3.26,3.27,Pass
1589,2379231,HK232_MT1005_L03,MT1005,2,False,9.2,8.8,10.0,,,9.6,A+,4.0,True,3.89,3.83,Pass
1590,2371427,HK232_MT1005_L03,MT1005,2,False,7.9,7.7,8.1,,,8.0,B+,3.5,True,3.27,3.36,Pass
1591,2342611,HK232_MT1005_L03,MT1005,2,False,5.6,5.7,6.6,,,6.2,C,2.0,True,1.88,1.71,Pass
1592,2396341,HK232_MT1005_L03,MT1005,2,False,7.7,6.6,7.9,,,7.6,B,3.0,True,2.47,2.5,Pass
1593,2374515,HK232_MT1005_L03,MT1005,2,False,6.0,6.8,7.8,,,7.2,B,3.0,True,2.62,2.48,Pass
1594,2376101,HK232_MT1005_L03,MT1005,2,False,5.4,5.1,6.4,,,5.9,C,2.0,True,2.12,2.0,Pass
1595,2382126,HK232_MT1005_L03,MT1005,2,False,6.4,7.6,7.6,,,7.4,B,3.0,True,2.76,2.65,Pass
1596,2319090,HK232_MT1005_L03,MT1005,2,False,6.3,6.1,6.2,,,6.2,C,2.0,True,1.59,1.58,Pass
1597,2356826,HK232_MT1005_L03,MT1005,2,False,6.2,5.8,5.8,,,5.9,C,2.0,True,2.62,2.62,Pass
1598,2386565,HK232_MT1005_L03,MT1005,2,False,6.5,7.0,8.6,,,7.9,B,3.0,True,2.88,2.91,Pass
1599,2363858,HK232_MT1005_L03,MT1005,2,False,6.2,7.0,7.8,,,7.3,B,3.0,True,2.62,2.62,Pass
1600,2337744,HK232_MT1005_L03,MT1005,2,False,7.1,5.4,5.0,,,5.5,C,2.0,True,2.29,2.2,Pass
1601,2349022,HK232_MT1005_L03,MT1005,2,False,5.2,7.2,6.4,,,6.3,C,2.0,True,1.85,1.8,Pass
1602,2321213,HK232_MT1005_L03,MT1005,2,False,8.4,6.2,7.3,,,7.3,B,3.0,True,2.53,2.55,Pass
1603,2391046,HK232_MT1005_L03,MT1005,2,False,5.7,8.1,6.2,,,6.5,C+,2.5,True,2.41,2.36,Pass
1604,2363623,HK232_MT1005_L03,MT1005,2,False,4.7,5.6,6.7,,,6.1,C,2.0,True,2.29,2.18,Pass
1605,2300243,HK232_MT1005_L03,MT1005,2,False,4.0,5.7,4.0,,,4.3,D,1.0,True,1.03,1.06,Pass
1606,2303524,HK232_MT1005_L03,MT1005,2,False,8.2,8.5,6.9,,,7.5,B,3.0,True,3.2,3.1,Pass
1607,2317311,HK232_MT1005_L03,MT1005,2,False,6.2,5.9,6.3,,,6.2,C,2.0,True,2.2,2.22,Pass
1608,2310556,HK232_MT1005_L03,MT1005,2,False,7.1,5.6,6.3,,,6.3,C,2.0,True,2.21,2.15,Pass
1609,2380154,HK232_MT1005_L03,MT1005,2,False,6.3,6.9,4.7,,,5.5,C,2.0,True,1.8,1.84,Pass
1610,2362851,HK232_MT1005_L03,MT1005,2,False,7.2,8.3,7.6,,,7.7,B,3.0,True,2.56,2.45,Pass
1611,2353310,HK232_MT1005_L03,MT1005,2,False,5.7,7.2,6.5,,,6.5,C+,2.5,True,2.24,2.29,Pass
1612,2391625,HK232_MT1005_L03,MT1005,2,False,3.9,7.8,7.9,,,7.1,B,3.0,True,2.68,2.71,Pass
1613,2385449,HK232_MT1005_L03,MT1005,2,False,8.6,7.5,8.2,,,8.1,B+,3.5,True,3.32,3.32,Pass
1614,2385642,HK232_MT1005_L03,MT1005,2,False,9.0,8.6,9.4,,,9.2,A,4.0,True,4.0,3.95,Pass
1615,2326315,HK232_MT1005_L03,MT1005,2,False,6.6,8.8,5.7,,,6.5,C+,2.5,True,2.47,2.72,Pass
1616,2345355,HK232_MT1005_L03,MT1005,2,False,9.0,9.2,7.3,,,8.0,B+,3.5,True,3.33,3.36,Pass
1617,2375522,HK232_MT1005_L03,MT1005,2,False,5.3,4.8,4.8,,,4.9,D,1.0,True,1.41,1.36,Pass
1618,2340295,HK232_MT1005_L03,MT1005,2,False,8.7,9.3,8.4,,,8.6,A,4.0,True,3.97,3.91,Pass
1619,2310942,HK232_MT1005_L03,MT1005,2,False,2.8,4.9,5.0,,,4.5,D,1.0,True,0.57,1.11,Pass
1620,2344390,HK232_MT1005_L03,MT1005,2,False,6.7,7.6,7.3,,,7.2,B,3.0,True,2.79,2.83,Pass
1621,2339288,HK232_MT1005_L04,MT1005,2,False,8.4,5.4,8.2,,,7.7,B,3.0,True,3.23,3.19,Pass
1622,2398657,HK232_MT1005_L04,MT1005,2,False,7.2,5.9,7.1,,,6.9,C+,2.5,True,2.83,2.91,Pass
1623,2355089,HK232_MT1005_L04,MT1005,2,False,9.7,8.8,8.9,,,9.0,A,4.0,True,3.97,3.93,Pass
1624,2369262,HK232_MT1005_L04,MT1005,2,False,8.4,7.5,7.5,,,7.7,B,3.0,True,3.33,3.36,Pass
1625,2393211,HK232_MT1005_L04,MT1005,2,False,8.9,9.4,4.5,,,6.4,C+,2.5,True,3.09,3.21,Pass
1626,2363430,HK232_MT1005_L04,MT1005,2,False,8.5,9.2,7.1,,,7.8,B,3.0,True,2.71,2.92,Pass
1627,2357640,HK232_MT1005_L04,MT1005,2,False,8.0,8.9,9.0,,,8.8,A,4.0,True,3.7,3.6,Pass
1628,2316581,HK232_MT1005_L04,MT1005,2,False,7.9,7.6,8.0,,,7.9,B,3.0,True,3.23,3.14,Pass
1629,2370462,HK232_MT1005_L04,MT1005,2,False,5.5,5.1,5.4,,,5.4,D+,1.5,True,1.68,1.5,Pass
1630,2335235,HK232_MT1005_L04,MT1005,2,False,9.6,8.3,10.0,,,9.6,A+,4.0,True,3.97,3.86,Pass
1631,2352731,HK232_MT1005_L04,MT1005,2,False,8.0,7.3,7.5,,,7.6,B,3.0,True,3.1,3.05,Pass
1632,2369304,HK232_MT1005_L04,MT1005,2,False,5.3,6.2,6.8,,,6.4,C+,2.5,True,2.06,2.05,Pass
1633,2325308,HK232_MT1005_L04,MT1005,2,False,6.6,5.1,5.2,,,5.5,C,2.0,True,1.94,2.09,Pass
1634,2304103,HK232_MT1005_L04,MT1005,2,False,5.5,5.9,6.4,,,6.1,C,2.0,True,1.82,1.76,Pass
1635,2387958,HK232_MT1005_L04,MT1005,2,False,8.4,6.4,7.5,,,7.5,B,3.0,True,2.74,2.82,Pass
1636,2328052,HK232_MT1005_L04,MT1005,2,False,8.2,5.3,5.6,,,6.1,C,2.0,True,2.12,2.14,Pass
1637,2348057,HK232_MT1005_L04,MT1005,2,False,6.8,8.3,9.1,,,8.5,A,4.0,True,3.47,3.5,Pass
1638,2357598,HK232_MT1005_L04,MT1005,2,False,8.3,8.6,6.8,,,7.5,B,3.0,True,2.97,3.16,Pass
1639,2394604,HK232_MT1005_L04,MT1005,2,False,6.2,6.2,6.9,,,6.6,C+,2.5,True,2.47,2.35,Pass
1640,2302366,HK232_MT1005_L04,MT1005,2,False,5.8,7.4,7.0,,,6.8,C+,2.5,True,2.76,2.74,Pass
1641,2386414,HK232_MT1005_L04,MT1005,2,False,8.9,8.2,7.3,,,7.8,B,3.0,True,3.0,3.02,Pass
1642,2389309,HK232_MT1005_L04,MT1005,2,False,6.7,8.2,7.5,,,7.5,B,3.0,True,2.83,2.91,Pass
1643,2327624,HK232_MT1005_L04,MT1005,2,False,9.5,9.8,10.0,,,9.9,A+,4.0,True,4.0,4.0,Pass
1644,2357984,HK232_MT1005_L04,MT1005,2,False,6.0,8.2,6.3,,,6.6,C+,2.5,True,2.83,3.03,Pass
1645,2397499,HK232_MT1005_L04,MT1005,2,False,6.8,6.8,5.8,,,6.2,C,2.0,True,2.32,2.29,Pass
1646,2329210,HK232_MT1005_L04,MT1005,2,False,6.3,6.5,6.9,,,6.7,C+,2.5,True,2.5,2.33,Pass
1647,2357791,HK232_MT1005_L04,MT1005,2,False,6.0,5.6,5.5,,,5.6,C,2.0,True,1.76,1.7,Pass
1648,2366367,HK232_MT1005_L04,MT1005,2,False,5.8,5.5,5.3,,,5.4,D+,1.5,True,1.88,1.74,Pass
1649,2312100,HK232_MT1005_L04,MT1005,2,False,7.9,7.5,7.9,,,7.8,B,3.0,True,3.37,3.41,Pass
1650,2314995,HK232_MT1005_L04,MT1005,2,False,9.3,8.7,7.1,,,7.9,B,3.0,True,3.58,3.61,Pass
1651,2367911,HK232_MT1005_L04,MT1005,2,False,7.1,7.8,6.9,,,7.1,B,3.0,True,3.23,3.17,Pass
1652,2326701,HK232_MT1005_L04,MT1005,2,False,8.7,7.3,8.4,,,8.2,B+,3.5,True,3.17,3.16,Pass
1653,2314416,HK232_MT1005_L04,MT1005,2,False,7.3,6.0,6.2,,,6.4,C+,2.5,True,2.59,2.58,Pass
1654,2375136,HK232_MT1005_L04,MT1005,2,False,7.3,6.4,6.2,,,6.5,C+,2.5,True,2.18,2.21,Pass
1655,2373936,HK232_MT1005_L04,MT1005,2,False,4.7,5.9,5.8,,,5.6,C,2.0,True,1.44,1.5,Pass
1656,2364974,HK232_MT1005_L04,MT1005,2,False,4.7,6.1,6.1,,,5.8,C,2.0,True,1.53,1.69,Pass
1657,2358605,HK232_MT1005_L04,MT1005,2,False,7.7,6.3,6.1,,,6.5,C+,2.5,True,2.44,2.35,Pass
1658,2331912,HK232_MT1005_L04,MT1005,2,False,5.9,6.6,6.0,,,6.1,C,2.0,True,2.15,2.24,Pass
1659,2342460,HK232_MT1005_L04,MT1005,2,False,6.6,6.1,6.7,,,6.6,C+,2.5,True,2.44,2.38,Pass
1660,2389737,HK232_MT1005_L04,MT1005,2,False,7.3,6.7,6.4,,,6.6,C+,2.5,True,3.13,3.19,Pass
1661,2312058,HK232_MT1005_L04,MT1005,2,False,7.6,8.6,9.6,,,9.0,A,4.0,True,3.2,3.17,Pass
1662,2343811,HK232_MT1005_L04,MT1005,2,False,6.1,5.7,6.7,,,6.4,C+,2.5,True,2.47,2.27,Pass
1663,2320827,HK232_MT1005_L04,MT1005,2,False,7.1,7.7,7.3,,,7.3,B,3.0,True,3.1,3.19,Pass
1664,2394797,HK232_MT1005_L04,MT1005,2,False,8.4,8.2,7.2,,,7.6,B,3.0,True,3.35,3.18,Pass
1665,2384635,HK232_MT1005_L04,MT1005,2,False,8.0,7.1,7.5,,,7.5,B,3.0,True,3.06,2.98,Pass
1666,2330754,HK232_MT1005_L04,MT1005,2,False,9.7,9.3,9.9,,,9.7,A+,4.0,True,3.97,3.98,Pass
1667,2316388,HK232_MT1005_L04,MT1005,2,False,7.7,6.8,6.8,,,7.0,B,3.0,True,2.88,2.92,Pass
1668,2356054,HK232_MT1005_L04,MT1005,2,False,8.1,8.0,8.2,,,8.1,B+,3.5,True,3.7,3.5,Pass
1669,2371041,HK232_MT1005_L04,MT1005,2,False,7.8,8.5,7.6,,,7.8,B,3.0,True,3.29,3.24,Pass
1670,2300394,HK232_MT1005_L04,MT1005,2,False,6.2,7.1,7.5,,,7.2,B,3.0,True,2.5,2.42,Pass
1671,2315188,HK232_MT1005_L04,MT1005,2,False,9.6,9.3,9.3,,,9.4,A,4.0,True,4.0,4.0,Pass
1672,2399043,HK232_MT1005_L04,MT1005,2,False,8.1,8.3,8.3,,,8.3,B+,3.5,True,3.37,3.29,Pass
1673,2328782,HK232_MT1005_L04,MT1005,2,False,9.8,8.3,7.1,,,7.9,B,3.0,True,3.64,3.73,Pass
1674,2322027,HK232_MT1005_L04,MT1005,2,False,7.5,6.1,6.8,,,6.8,C+,2.5,True,2.35,2.23,Pass
1675,2357212,HK232_MT1005_L04,MT1005,2,False,6.6,6.3,6.8,,,6.7,C+,2.5,True,2.56,2.36,Pass
1676,2361500,HK232_MT1005_L04,MT1005,2,False,3.6,3.7,4.2,,,4.0,D,1.0,True,0.6,1.0,Pass
1677,2358949,HK232_MT1005_L04,MT1005,2,False,6.9,6.4,6.8,,,6.7,C+,2.5,True,2.53,2.33,Pass
1678,2338323,HK232_MT1005_L04,MT1005,2,False,6.4,6.4,6.8,,,6.6,C+,2.5,True,2.32,2.39,Pass
1679,2356440,HK232_MT1005_L04,MT1005,2,False,6.6,4.3,5.8,,,5.7,C,2.0,True,1.74,1.79,Pass
1680,2336821,HK232_MT1005_L04,MT1005,2,False,7.5,8.0,7.6,,,7.7,B,3.0,True,3.09,3.14,Pass
1681,2370806,HK232_MT1005_L04,MT1005,2,False,7.6,6.7,7.2,,,7.2,B,3.0,True,2.44,2.41,Pass
1682,2331954,HK232_MT1005_L04,MT1005,2,False,7.7,9.0,8.8,,,8.6,A,4.0,True,4.0,4.0,Pass
1683,2327238,HK232_MT1005_L04,MT1005,2,False,7.2,5.3,5.5,,,5.8,C,2.0,True,2.23,2.24,Pass
1684,2332105,HK232_MT1005_L04,MT1005,2,False,9.0,8.7,8.8,,,8.8,A,4.0,True,3.97,3.98,Pass
1685,2331140,HK232_MT1005_L04,MT1005,2,False,8.6,9.6,8.1,,,8.5,A,4.0,True,3.89,3.88,Pass
1686,2343232,HK232_MT1005_L04,MT1005,2,False,7.7,5.8,5.9,,,6.2,C,2.0,True,2.29,2.56,Pass
1687,2305303,HK232_MT1005_L04,MT1005,2,False,6.5,5.6,6.8,,,6.5,C+,2.5,True,2.44,2.42,Pass
1688,2335042,HK232_MT1005_L04,MT1005,2,False,7.9,7.4,7.6,,,7.6,B,3.0,True,2.93,2.97,Pass
1689,2386800,HK232_MT1005_L04,MT1005,2,False,7.9,8.6,7.7,,,7.9,B,3.0,True,3.15,3.3,Pass
1690,2385835,HK232_MT1005_L04,MT1005,2,False,5.9,5.2,5.4,,,5.5,C,2.0,True,1.79,1.74,Pass
1691,2313023,HK232_MT1005_L04,MT1005,2,False,6.1,6.8,6.4,,,6.4,C+,2.5,True,1.5,1.59,Pass
1692,2321985,HK232_MT1005_L04,MT1005,2,False,8.2,8.2,8.6,,,8.4,B+,3.5,True,3.13,3.26,Pass
1693,2327817,HK232_MT1005_L04,MT1005,2,False,8.0,8.7,7.9,,,8.1,B+,3.5,True,3.29,3.58,Pass
1694,2382705,HK232_MT1005_L04,MT1005,2,False,7.6,8.1,8.5,,,8.2,B+,3.5,True,3.5,3.53,Pass
1695,2325501,HK232_MT1005_L04,MT1005,2,False,6.0,7.5,6.2,,,6.4,C+,2.5,True,2.24,2.39,Pass
1696,2367718,HK232_MT1005_L04,MT1005,2,False,7.7,8.8,7.0,,,7.5,B,3.0,True,2.82,2.64,Pass
1697,2311286,HK232_MT1005_L04,MT1005,2,False,8.4,5.9,7.6,,,7.4,B,3.0,True,3.06,2.8,Pass
1698,2379617,HK232_MT1005_L04,MT1005,2,False,6.2,7.7,7.7,,,7.4,B,3.0,True,3.2,3.17,Pass
1699,2333842,HK232_MT1005_L04,MT1005,2,False,8.2,8.4,5.5,,,6.6,C+,2.5,True,3.33,3.24,Pass
1700,2344348,HK232_MT1005_L04,MT1005,2,False,5.9,6.4,5.7,,,5.9,C,2.0,True,1.85,1.79,Pass
1701,2322564,HK232_MT1005_L04,MT1005,2,False,9.0,8.9,10.0,,,9.6,A+,4.0,True,4.0,4.0,Pass
1702,2324729,HK232_MT1005_L04,MT1005,2,False,5.9,5.8,7.5,,,6.8,C+,2.5,True,2.73,2.74,Pass
1703,2385214,HK232_MT1005_L04,MT1005,2,False,7.2,7.6,7.7,,,7.6,B,3.0,True,2.97,2.73,Pass
1704,2311521,HK232_MT1005_L04,MT1005,2,False,7.6,7.8,7.3,,,7.5,B,3.0,True,3.37,3.31,Pass
1705,2366174,HK232_MT1005_L04,MT1005,2,False,9.3,8.4,7.4,,,8.0,B+,3.5,True,3.87,3.93,Pass
1706,2308584,HK232_MT1005_L04,MT1005,2,False,6.4,7.0,6.7,,,6.7,C+,2.5,True,2.38,2.27,Pass
1707,2316967,HK232_MT1005_L04,MT1005,2,False,7.9,7.9,7.3,,,7.5,B,3.0,True,3.0,3.14,Pass
1708,2381933,HK232_MT1005_L04,MT1005,2,False,6.3,5.3,3.4,,,4.4,D,1.0,True,1.47,1.55,Pass
1709,2328203,HK232_MT1005_L04,MT1005,2,False,6.3,6.1,5.7,,,5.9,C,2.0,True,2.37,2.26,Pass
1710,2342997,HK232_MT1005_L04,MT1005,2,False,6.6,6.9,7.3,,,7.1,B,3.0,True,2.71,2.65,Pass
1711,2391239,HK232_MT1005_L04,MT1005,2,False,5.9,5.4,6.0,,,5.9,C,2.0,True,1.71,2.0,Pass
1712,2390123,HK232_MT1005_L04,MT1005,2,False,5.1,5.0,6.2,,,5.7,C,2.0,True,2.06,2.11,Pass
1713,2365402,HK232_MT1005_L04,MT1005,2,False,5.9,3.8,3.4,,,4.0,D,1.0,True,0.32,1.18,Pass
1714,2334656,HK232_MT1005_L04,MT1005,2,False,9.1,7.2,8.6,,,8.4,B+,3.5,True,3.1,3.19,Pass
1715,2391432,HK232_MT1005_L04,MT1005,2,False,6.7,7.2,7.0,,,7.0,B,3.0,True,2.71,2.53,Pass
1716,2379810,HK232_MT1005_L04,MT1005,2,False,6.1,4.9,6.7,,,6.2,C,2.0,True,2.5,2.72,Pass
1717,2376487,HK232_MT1005_L04,MT1005,2,False,6.6,3.8,3.4,,,4.1,D,1.0,True,0.18,1.0,Pass
1718,2320441,HK232_MT1005_L04,MT1005,2,False,6.3,8.8,6.5,,,6.9,C+,2.5,True,2.79,2.86,Pass
1719,2354510,HK232_MT1005_L04,MT1005,2,False,10.0,8.7,9.3,,,9.3,A,4.0,True,4.0,4.0,Pass
1720,2368104,HK232_MT1005_L04,MT1005,2,False,9.4,8.8,8.5,,,8.7,A,4.0,True,4.0,4.0,Pass
1721,2380389,HK232_MT1005_L04,MT1005,2,False,4.3,4.1,5.1,,,4.7,D,1.0,True,0.32,1.0,Pass
1722,2313258,HK232_MT1005_L04,MT1005,2,False,7.9,8.2,7.7,,,7.8,B,3.0,True,3.5,3.3,Pass
1723,2358563,HK232_MT1005_L04,MT1005,2,False,7.4,8.2,9.9,,,9.1,A,4.0,True,3.37,3.41,Pass
1724,2331719,HK232_MT1005_L04,MT1005,2,False,8.1,6.8,7.4,,,7.4,B,3.0,True,2.5,2.55,Pass
1725,2334270,HK232_MT1005_L04,MT1005,2,False,6.6,6.4,7.0,,,6.8,C+,2.5,True,2.35,2.45,Pass
1726,2396299,HK232_MT1005_L04,MT1005,2,False,8.1,7.7,7.6,,,7.7,B,3.0,True,3.0,3.0,Pass
1727,2377838,HK232_MT1005_L04,MT1005,2,False,7.1,7.4,7.3,,,7.3,B,3.0,True,2.56,2.48,Pass
1728,2355282,HK232_MT1005_L04,MT1005,2,False,7.7,7.1,8.0,,,7.8,B,3.0,True,2.87,3.0,Pass
1729,2328010,HK232_MT1005_L04,MT1005,2,False,4.9,5.6,6.2,,,5.8,C,2.0,True,1.74,1.67,Pass
1730,2396727,HK232_MT1005_L04,MT1005,2,False,8.0,8.9,9.0,,,8.8,A,4.0,True,3.68,3.61,Pass
1731,2323957,HK232_MT1005_L04,MT1005,2,False,8.3,7.9,8.0,,,8.0,B+,3.5,True,3.37,3.38,Pass
1732,2374322,HK232_MT1005_L04,MT1005,2,False,6.4,5.0,6.2,,,6.0,C,2.0,True,1.68,1.56,Pass
1733,2397071,HK232_MT1005_L04,MT1005,2,False,6.5,6.9,7.1,,,6.9,C+,2.5,True,2.15,2.12,Pass
1734,2380968,HK232_MT1005_L04,MT1005,2,False,6.2,5.2,5.6,,,5.6,C,2.0,True,2.35,2.53,Pass
1735,2343618,HK232_MT1005_L04,MT1005,2,False,7.8,10.0,6.4,,,7.4,B,3.0,True,3.03,3.08,Pass
1736,2353159,HK232_MT1005_L04,MT1005,2,False,5.8,6.3,7.4,,,6.9,C+,2.5,True,2.53,2.61,Pass
1737,2315767,HK232_MT1005_L05,MT1005,2,False,6.8,5.5,5.7,,,5.9,C,2.0,True,1.74,1.77,Pass
1738,2369648,HK232_MT1005_L05,MT1005,2,False,9.7,9.9,9.2,,,9.4,A,4.0,True,4.0,4.0,Pass
1739,2370420,HK232_MT1005_L05,MT1005,2,False,8.6,8.1,8.4,,,8.4,B+,3.5,True,3.89,3.94,Pass
1740,2381354,HK232_MT1005_L05,MT1005,2,False,9.9,9.0,9.4,,,9.4,A,4.0,True,3.83,3.91,Pass
1741,2352580,HK232_MT1005_L05,MT1005,2,False,6.0,7.2,7.1,,,6.9,C+,2.5,True,2.0,2.08,Pass
1742,2337165,HK232_MT1005_L05,MT1005,2,False,4.9,6.8,4.3,,,4.9,D,1.0,True,1.21,1.38,Pass
1743,2380926,HK232_MT1005_L05,MT1005,2,False,5.5,5.3,4.3,,,4.7,D,1.0,True,1.47,1.58,Pass
1744,2307619,HK232_MT1005_L05,MT1005,2,False,6.9,8.1,7.4,,,7.4,B,3.0,True,3.15,3.26,Pass
1745,2338751,HK232_MT1005_L05,MT1005,2,False,8.1,7.1,8.2,,,8.0,B+,3.5,True,3.03,3.07,Pass
1746,2348829,HK232_MT1005_L05,MT1005,2,False,6.9,6.4,7.8,,,7.3,B,3.0,True,3.18,3.17,Pass
1747,2334463,HK232_MT1005_L05,MT1005,2,False,7.1,6.1,6.0,,,6.2,C,2.0,True,2.5,2.56,Pass
1748,2392825,HK232_MT1005_L05,MT1005,2,False,4.7,5.4,4.8,,,4.9,D,1.0,True,1.37,1.6,Pass
1749,2351766,HK232_MT1005_L05,MT1005,2,False,5.2,4.9,5.6,,,5.4,D+,1.5,True,1.79,1.77,Pass
1750,2391474,HK232_MT1005_L05,MT1005,2,False,6.6,6.4,6.5,,,6.5,C+,2.5,True,2.53,2.45,Pass
1751,2356633,HK232_MT1005_L05,MT1005,2,False,7.5,6.3,6.8,,,6.8,C+,2.5,True,2.43,2.59,Pass
1752,2384870,HK232_MT1005_L05,MT1005,2,False,6.2,6.2,6.5,,,6.4,C+,2.5,True,2.29,2.2,Pass
1753,2332340,HK232_MT1005_L05,MT1005,2,False,7.9,6.5,6.7,,,6.9,C+,2.5,True,2.26,2.29,Pass
1754,2333691,HK232_MT1005_L05,MT1005,2,False,6.2,6.4,6.8,,,6.6,C+,2.5,True,2.74,2.56,Pass
1755,2352345,HK232_MT1005_L05,MT1005,2,False,6.5,7.5,5.4,,,6.0,C,2.0,True,2.4,2.57,Pass
1756,2383091,HK232_MT1005_L05,MT1005,2,False,7.9,7.0,6.8,,,7.1,B,3.0,True,2.68,2.58,Pass
1757,2348485,HK232_MT1005_L05,MT1005,2,False,9.1,6.8,7.0,,,7.4,B,3.0,True,3.24,3.26,Pass
1758,2322799,HK232_MT1005_L05,MT1005,2,False,8.6,8.8,7.9,,,8.2,B+,3.5,True,3.67,3.71,Pass
1759,2302517,HK232_MT1005_L05,MT1005,2,False,4.3,4.7,4.5,,,4.5,D,1.0,True,0.74,1.06,Pass
1760,2391667,HK232_MT1005_L05,MT1005,2,False,7.4,7.9,7.4,,,7.5,B,3.0,True,3.09,3.05,Pass
1761,2347864,HK232_MT1005_L05,MT1005,2,False,4.5,5.0,4.8,,,4.8,D,1.0,True,1.43,1.55,Pass
1762,2386993,HK232_MT1005_L05,MT1005,2,False,5.6,5.5,6.0,,,5.8,C,2.0,True,1.97,2.03,Pass
1763,2307233,HK232_MT1005_L05,MT1005,2,False,6.1,6.5,4.7,,,5.3,D+,1.5,True,2.09,2.24,Pass
1764,2348636,HK232_MT1005_L05,MT1005,2,False,6.3,6.2,5.7,,,5.9,C,2.0,True,1.94,1.97,Pass
1765,2311479,HK232_MT1005_L05,MT1005,2,False,6.7,7.5,7.1,,,7.1,B,3.0,True,2.74,2.7,Pass
1766,2392439,HK232_MT1005_L05,MT1005,2,False,6.0,4.9,5.4,,,5.4,D+,1.5,True,1.82,1.58,Pass
1767,2373399,HK232_MT1005_L05,MT1005,2,False,5.6,6.1,4.9,,,5.3,D+,1.5,True,1.76,1.76,Pass
1768,2313837,HK232_MT1005_L05,MT1005,2,False,8.2,7.1,7.6,,,7.6,B,3.0,True,2.97,2.94,Pass
1769,2358756,HK232_MT1005_L05,MT1005,2,False,8.4,9.6,9.7,,,9.4,A,4.0,True,4.0,4.0,Pass
1770,2368876,HK232_MT1005_L05,MT1005,2,False,6.7,5.3,6.6,,,6.4,C+,2.5,True,2.12,1.94,Pass
1771,2380733,HK232_MT1005_L05,MT1005,2,False,8.3,8.0,8.6,,,8.4,B+,3.5,True,3.23,3.31,Pass
1772,2343962,HK232_MT1005_L05,MT1005,2,False,3.7,4.5,3.2,,,3.6,F,0.0,False,0.45,1.0,Fail
1773,2365788,HK232_MT1005_L05,MT1005,2,False,7.9,8.3,8.6,,,8.4,B+,3.5,True,3.17,3.28,Pass
1774,2339716,HK232_MT1005_L05,MT1005,2,False,5.9,6.0,5.8,,,5.9,C,2.0,True,1.88,1.88,Pass
1775,2301938,HK232_MT1005_L05,MT1005,2,False,7.7,7.9,8.6,,,8.3,B+,3.5,True,3.32,3.44,Pass
1776,2389351,HK232_MT1005_L05,MT1005,2,False,5.9,7.2,7.2,,,6.9,C+,2.5,True,2.26,2.2,Pass
1777,2385793,HK232_MT1005_L05,MT1005,2,False,5.2,4.7,5.2,,,5.1,D+,1.5,True,1.77,1.84,Pass
1778,2399857,HK232_MT1005_L05,MT1005,2,False,7.6,7.5,7.3,,,7.4,B,3.0,True,2.59,2.59,Pass
1779,2375908,HK232_MT1005_L05,MT1005,2,False,4.7,5.4,5.5,,,5.3,D+,1.5,True,1.71,1.76,Pass
1780,2342418,HK232_MT1005_L05,MT1005,2,False,5.6,6.0,4.7,,,5.1,D+,1.5,True,1.56,1.56,Pass
1781,2392632,HK232_MT1005_L05,MT1005,2,False,5.9,6.8,5.0,,,5.5,C,2.0,True,1.97,1.86,Pass
1782,2390660,HK232_MT1005_L05,MT1005,2,False,5.1,5.2,6.1,,,5.7,C,2.0,True,1.76,1.74,Pass
1783,2319476,HK232_MT1005_L05,MT1005,2,False,6.1,5.8,5.9,,,5.9,C,2.0,True,1.82,1.85,Pass
1784,2307191,HK232_MT1005_L05,MT1005,2,False,5.2,6.7,7.6,,,6.9,C+,2.5,True,2.5,2.52,Pass
1785,2368918,HK232_MT1005_L05,MT1005,2,False,5.6,4.6,5.5,,,5.3,D+,1.5,True,1.29,1.59,Pass
1786,2353545,HK232_MT1005_L05,MT1005,2,False,5.7,4.8,5.7,,,5.5,C,2.0,True,1.68,1.68,Pass
1787,2333884,HK232_MT1005_L05,MT1005,2,False,4.1,4.5,3.3,,,3.7,F,0.0,False,0.27,1.43,Fail
1788,2323571,HK232_MT1005_L05,MT1005,2,False,9.4,8.7,8.5,,,8.7,A,4.0,True,4.0,3.95,Pass
1789,2374901,HK232_MT1005_L05,MT1005,2,False,4.2,2.8,4.4,,,4.0,D,1.0,True,0.18,1.0,Pass
1790,2395569,HK232_MT1005_L05,MT1005,2,False,6.7,6.6,7.5,,,7.2,B,3.0,True,2.62,2.53,Pass
1791,2307577,HK232_MT1005_L05,MT1005,2,False,8.2,8.2,9.8,,,9.2,A,4.0,True,3.87,3.83,Pass
1792,2333263,HK232_MT1005_L05,MT1005,2,False,6.3,5.3,4.4,,,5.0,D+,1.5,True,1.68,1.76,Pass
1793,2391860,HK232_MT1005_L05,MT1005,2,False,7.9,8.4,8.1,,,8.1,B+,3.5,True,3.27,3.47,Pass
1794,2300587,HK232_MT1005_L05,MT1005,2,False,7.5,7.2,6.1,,,6.6,C+,2.5,True,2.38,2.53,Pass
1795,2354703,HK232_MT1005_L05,MT1005,2,False,8.0,7.6,6.6,,,7.1,B,3.0,True,3.03,2.81,Pass
1796,2378417,HK232_MT1005_L05,MT1005,2,False,6.2,5.4,4.2,,,4.8,D,1.0,True,2.15,2.15,Pass
1797,2300008,HK232_MT1005_L05,MT1005,2,False,6.0,6.3,8.6,,,7.6,B,3.0,True,2.24,2.27,Pass
1798,2361114,HK232_MT1005_L05,MT1005,2,False,6.8,7.1,6.0,,,6.4,C+,2.5,True,2.41,2.39,Pass
1799,2326080,HK232_MT1005_L05,MT1005,2,False,6.2,6.6,5.7,,,6.0,C,2.0,True,2.21,2.24,Pass
1800,2396534,HK232_MT1005_L05,MT1005,2,False,6.6,7.5,6.1,,,6.5,C+,2.5,True,2.41,2.47,Pass
1801,2336393,HK232_MT1005_L05,MT1005,2,False,7.6,8.2,7.5,,,7.7,B,3.0,True,3.13,3.28,Pass
1802,2317932,HK232_MT1005_L05,MT1005,2,False,9.3,10.0,8.5,,,9.0,A,4.0,True,4.0,4.0,Pass
1803,2301401,HK232_MT1005_L05,MT1005,2,False,7.0,5.3,6.6,,,6.4,C+,2.5,True,2.44,2.56,Pass
1804,2313644,HK232_MT1005_L05,MT1005,2,False,6.5,6.1,5.9,,,6.1,C,2.0,True,2.13,2.16,Pass
1805,2370655,HK232_MT1005_L05,MT1005,2,False,5.5,4.5,6.0,,,5.6,C,2.0,True,1.85,1.85,Pass
1806,2310170,HK232_MT1005_L05,MT1005,2,False,6.5,7.1,5.3,,,5.9,C,2.0,True,2.53,2.62,Pass
1807,2399622,HK232_MT1005_L05,MT1005,2,False,8.0,6.9,8.3,,,8.0,B+,3.5,True,3.43,3.22,Pass
1808,2332491,HK232_MT1005_L05,MT1005,2,False,8.8,8.1,9.1,,,8.8,A,4.0,True,3.97,3.98,Pass
1809,2301208,HK232_MT1005_L05,MT1005,2,False,6.2,7.0,8.1,,,7.5,B,3.0,True,2.56,2.68,Pass
1810,2373164,HK232_MT1005_L05,MT1005,2,False,6.0,6.9,5.1,,,5.6,C,2.0,True,2.23,2.24,Pass
1811,2345934,HK232_MT1005_L05,MT1005,2,False,5.3,5.0,4.5,,,4.8,D,1.0,True,1.26,1.29,Pass
1812,2367139,HK232_MT1005_L05,MT1005,2,False,8.1,8.8,8.7,,,8.6,A,4.0,True,3.73,3.69,Pass
1813,2394562,HK232_MT1005_L05,MT1005,2,False,7.6,6.4,7.5,,,7.3,B,3.0,True,2.83,2.9,Pass
1814,2348250,HK232_MT1005_L05,MT1005,2,False,6.5,5.5,5.9,,,5.9,C,2.0,True,1.73,1.81,Pass
1815,2370227,HK232_MT1005_L05,MT1005,2,False,7.2,6.5,6.5,,,6.6,C+,2.5,True,2.62,2.64,Pass
1816,2316153,HK232_MT1005_L05,MT1005,2,False,7.8,7.0,7.0,,,7.2,B,3.0,True,3.23,3.19,Pass
1817,2398850,HK232_MT1005_L05,MT1005,2,False,5.5,5.5,5.1,,,5.3,D+,1.5,True,1.83,1.69,Pass
1818,2365553,HK232_MT1005_L05,MT1005,2,False,3.7,7.1,5.8,,,5.6,C,2.0,True,1.71,1.58,Pass
1819,2300973,HK232_MT1005_L05,MT1005,2,False,7.4,6.7,6.6,,,6.8,C+,2.5,True,2.26,2.44,Pass
1820,2310707,HK232_MT1005_L05,MT1005,2,False,9.8,9.7,7.4,,,8.3,B+,3.5,True,3.87,3.93,Pass
1821,2381312,HK232_MT1005_L05,MT1005,2,False,6.6,7.6,7.4,,,7.3,B,3.0,True,3.5,3.45,Pass
1822,2315616,HK232_MT1005_L05,MT1005,2,False,9.5,7.6,7.0,,,7.6,B,3.0,True,3.26,3.21,Pass
1823,2389544,HK232_MT1005_L05,MT1005,2,False,6.9,6.1,5.9,,,6.1,C,2.0,True,2.29,2.26,Pass
1824,2337358,HK232_MT1005_L05,MT1005,2,False,9.9,10.0,7.4,,,8.4,B+,3.5,True,3.53,3.55,Pass
1825,2347478,HK232_MT1005_L05,MT1005,2,False,9.7,9.0,8.3,,,8.7,A,4.0,True,3.93,3.78,Pass
1826,2322220,HK232_MT1005_L05,MT1005,2,False,5.9,7.1,7.8,,,7.3,B,3.0,True,2.33,2.43,Pass
1827,2381119,HK232_MT1005_L05,MT1005,2,False,5.9,3.0,5.5,,,5.1,D+,1.5,True,1.91,1.95,Pass
1828,2342653,HK232_MT1005_L05,MT1005,2,False,6.2,7.4,7.2,,,7.0,B,3.0,True,2.47,2.39,Pass
1829,2364009,HK232_MT1005_L05,MT1005,2,False,8.2,7.4,9.7,,,8.9,A,4.0,True,3.47,3.26,Pass
1830,2336200,HK232_MT1005_L05,MT1005,2,False,3.9,6.7,6.3,,,5.9,C,2.0,True,2.0,2.12,Pass
1831,2310128,HK232_MT1005_L05,MT1005,2,False,4.2,6.4,5.1,,,5.2,D+,1.5,True,1.44,1.52,Pass
1832,2350222,HK232_MT1005_L05,MT1005,2,False,6.2,6.2,6.9,,,6.6,C+,2.5,True,2.32,2.14,Pass
1833,2311135,HK232_MT1005_L05,MT1005,2,False,4.8,5.4,4.2,,,4.6,D,1.0,True,1.35,1.52,Pass
1834,2342804,HK232_MT1005_L05,MT1005,2,False,7.1,6.1,6.9,,,6.8,C+,2.5,True,2.15,2.18,Pass
1835,2386028,HK232_MT1005_L05,MT1005,2,False,8.7,8.5,8.9,,,8.8,A,4.0,True,3.97,3.98,Pass
1836,2364244,HK232_MT1005_L05,MT1005,2,False,6.9,6.4,6.2,,,6.4,C+,2.5,True,2.5,2.32,Pass
1837,2386179,HK232_MT1005_L05,MT1005,2,False,7.6,8.7,7.6,,,7.8,B,3.0,True,3.63,3.34,Pass
1838,2328589,HK232_MT1005_L05,MT1005,2,False,6.0,5.1,8.3,,,7.2,B,3.0,True,2.59,2.41,Pass
1839,2384442,HK232_MT1005_L05,MT1005,2,False,7.9,7.7,7.7,,,7.7,B,3.0,True,2.35,2.29,Pass
1840,2377452,HK232_MT1005_L05,MT1005,2,False,7.1,7.4,8.2,,,7.8,B,3.0,True,2.62,2.73,Pass
1841,2342846,HK232_MT1005_L05,MT1005,2,False,7.1,6.6,7.9,,,7.5,B,3.0,True,2.91,2.89,Pass
1842,2328824,HK232_MT1005_L05,MT1005,2,False,4.4,5.5,5.5,,,5.3,D+,1.5,True,1.44,1.38,Pass
1843,2318083,HK232_MT1005_L05,MT1005,2,False,6.4,6.9,6.7,,,6.7,C+,2.5,True,2.37,2.19,Pass
1844,2349601,HK232_MT1005_L05,MT1005,2,False,5.7,6.6,7.5,,,7.0,B,3.0,True,3.0,3.05,Pass
1845,2366560,HK232_MT1005_L05,MT1005,2,False,8.6,8.1,8.0,,,8.1,B+,3.5,True,3.33,3.29,Pass
1846,2320248,HK232_MT1005_L05,MT1005,2,False,8.8,8.9,9.5,,,9.2,A,4.0,True,4.0,4.0,Pass
1847,2328631,HK232_MT1005_L05,MT1005,2,False,4.5,5.2,4.1,,,4.4,D,1.0,True,0.19,1.0,Pass
1848,2350801,HK232_MT1005_L05,MT1005,2,False,9.1,7.3,8.4,,,8.3,B+,3.5,True,3.15,3.2,Pass
1849,2361307,HK232_MT1005_L05,MT1005,2,False,7.0,5.8,7.0,,,6.8,C+,2.5,True,2.24,2.33,Pass
1850,2388151,HK232_MT1005_L05,MT1005,2,False,5.6,5.9,5.5,,,5.6,C,2.0,True,2.47,2.48,Pass
1851,2342225,HK232_MT1005_L05,MT1005,2,False,5.0,5.6,6.0,,,5.7,C,2.0,True,1.56,1.71,Pass
1852,2305496,HK232_MT1005_L05,MT1005,2,False,6.7,7.1,6.9,,,6.9,C+,2.5,True,2.29,2.32,Pass
1853,2386607,HK232_MT1005_L06,MT1005,2,False,6.1,7.5,8.2,,,7.6,B,3.0,True,3.47,3.34,Pass
1854,2355475,HK232_MT1005_L06,MT1005,2,False,4.0,6.2,5.5,,,5.3,D+,1.5,True,1.74,1.7,Pass
1855,2314223,HK232_MT1005_L06,MT1005,2,False,5.3,6.5,6.6,,,6.3,C,2.0,True,1.71,1.64,Pass
1856,2316774,HK232_MT1005_L06,MT1005,2,False,5.5,6.4,6.2,,,6.1,C,2.0,True,2.43,2.41,Pass
1857,2387379,HK232_MT1005_L06,MT1005,2,False,6.6,7.9,7.1,,,7.2,B,3.0,True,2.5,2.56,Pass
1858,2318318,HK232_MT1005_L06,MT1005,2,False,6.5,6.0,7.2,,,6.8,C+,2.5,True,2.23,2.38,Pass
1859,2370076,HK232_MT1005_L06,MT1005,2,False,9.2,7.8,9.9,,,9.3,A,4.0,True,3.83,3.86,Pass
1860,2321792,HK232_MT1005_L06,MT1005,2,False,7.2,6.2,6.7,,,6.7,C+,2.5,True,3.07,3.07,Pass
1861,2344004,HK232_MT1005_L06,MT1005,2,False,7.2,6.1,9.0,,,8.1,B+,3.5,True,3.24,3.26,Pass
1862,2375287,HK232_MT1005_L06,MT1005,2,False,5.6,4.8,4.9,,,5.0,D+,1.5,True,1.62,1.74,Pass
1863,2359956,HK232_MT1005_L06,MT1005,2,False,8.7,7.5,8.8,,,8.5,A,4.0,True,3.41,3.32,Pass
1864,2322413,HK232_MT1005_L06,MT1005,2,False,7.7,9.0,8.4,,,8.4,B+,3.5,True,3.6,3.52,Pass
1865,2326466,HK232_MT1005_L06,MT1005,2,False,5.9,5.7,4.9,,,5.3,D+,1.5,True,1.71,1.45,Pass
1866,2329982,HK232_MT1005_L06,MT1005,2,False,8.4,10.0,7.2,,,8.0,B+,3.5,True,3.37,3.31,Pass
1867,2351959,HK232_MT1005_L06,MT1005,2,False,6.5,6.0,6.0,,,6.1,C,2.0,True,1.82,1.92,Pass
1868,2368146,HK232_MT1005_L06,MT1005,2,False,9.5,8.5,7.9,,,8.3,B+,3.5,True,3.47,3.38,Pass
1869,2316539,HK232_MT1005_L06,MT1005,2,False,4.5,4.5,4.8,,,4.7,D,1.0,True,0.33,1.0,Pass
1870,2351573,HK232_MT1005_L06,MT1005,2,False,5.0,7.4,6.6,,,6.4,C+,2.5,True,2.47,2.41,Pass
1871,2323143,HK232_MT1005_L06,MT1005,2,False,7.1,7.9,6.5,,,6.9,C+,2.5,True,2.53,2.52,Pass
1872,2353696,HK232_MT1005_L06,MT1005,2,False,9.5,7.2,8.2,,,8.3,B+,3.5,True,3.81,3.73,Pass
1873,2331568,HK232_MT1005_L06,MT1005,2,False,5.4,5.2,3.8,,,4.4,D,1.0,True,1.33,1.34,Pass
1874,2346899,HK232_MT1005_L06,MT1005,2,False,6.0,7.2,6.6,,,6.6,C+,2.5,True,2.18,2.18,Pass
1875,2337551,HK232_MT1005_L06,MT1005,2,False,9.0,8.3,8.0,,,8.3,B+,3.5,True,3.7,3.79,Pass
1876,2325115,HK232_MT1005_L06,MT1005,2,False,6.2,7.1,5.7,,,6.1,C,2.0,True,2.35,2.23,Pass
1877,2360535,HK232_MT1005_L06,MT1005,2,False,8.6,8.7,8.5,,,8.6,A,4.0,True,3.87,3.88,Pass
1878,2312637,HK232_MT1005_L06,MT1005,2,False,4.0,4.3,4.5,,,4.4,D,1.0,True,0.4,1.0,Pass
1879,2376873,HK232_MT1005_L06,MT1005,2,False,9.3,8.0,9.2,,,9.0,A,4.0,True,3.8,3.6,Pass
1880,2315809,HK232_MT1005_L06,MT1005,2,False,6.0,6.1,7.1,,,6.7,C+,2.5,True,2.0,1.95,Pass
1881,2375329,HK232_MT1005_L06,MT1005,2,False,8.4,7.6,7.6,,,7.8,B,3.0,True,3.0,3.05,Pass
1882,2312486,HK232_MT1005_L06,MT1005,2,False,6.0,5.8,6.6,,,6.3,C,2.0,True,2.12,2.09,Pass
1883,2301552,HK232_MT1005_L06,MT1005,2,False,6.4,6.3,5.0,,,5.5,C,2.0,True,2.23,2.43,Pass
1884,2331761,HK232_MT1005_L06,MT1005,2,False,7.0,6.9,6.4,,,6.6,C+,2.5,True,1.91,1.95,Pass
1885,2344541,HK232_MT1005_L06,MT1005,2,False,5.1,7.8,6.4,,,6.4,C+,2.5,True,2.4,2.53,Pass
1886,2363237,HK232_MT1005_L06,MT1005,2,False,5.3,4.8,6.5,,,5.9,C,2.0,True,1.76,1.56,Pass
1887,2378845,HK232_MT1005_L06,MT1005,2,False,4.6,4.8,5.5,,,5.2,D+,1.5,True,1.29,1.39,Pass
1888,2321406,HK232_MT1005_L06,MT1005,2,False,5.2,6.0,7.2,,,6.6,C+,2.5,True,2.44,2.7,Pass
1889,2376680,HK232_MT1005_L06,MT1005,2,False,5.9,5.1,5.9,,,5.7,C,2.0,True,2.29,2.29,Pass
1890,2360921,HK232_MT1005_L06,MT1005,2,False,7.3,6.3,6.4,,,6.6,C+,2.5,True,2.59,2.53,Pass
1891,2344155,HK232_MT1005_L06,MT1005,2,False,6.5,5.6,6.4,,,6.3,C,2.0,True,2.21,2.3,Pass
1892,2347713,HK232_MT1005_L06,MT1005,2,False,6.9,7.2,7.0,,,7.0,B,3.0,True,2.73,2.57,Pass
1893,2338558,HK232_MT1005_L06,MT1005,2,False,7.0,8.7,7.9,,,7.9,B,3.0,True,3.1,3.19,Pass
1894,2345741,HK232_MT1005_L06,MT1005,2,False,5.4,6.5,5.4,,,5.6,C,2.0,True,2.47,2.45,Pass
1895,2351187,HK232_MT1005_L06,MT1005,2,False,5.3,3.6,5.5,,,5.1,D+,1.5,True,1.82,1.65,Pass
1896,2334077,HK232_MT1005_L06,MT1005,2,False,4.4,5.6,5.0,,,5.0,D+,1.5,True,1.18,1.71,Pass
1897,2369497,HK232_MT1005_L06,MT1005,2,False,4.8,6.0,5.0,,,5.2,D+,1.5,True,1.74,1.74,Pass
1898,2392011,HK232_MT1005_L06,MT1005,2,False,9.9,10.0,9.5,,,9.7,A+,4.0,True,4.0,4.0,Pass
1899,2311907,HK232_MT1005_L06,MT1005,2,False,4.9,5.2,5.3,,,5.2,D+,1.5,True,1.5,1.59,Pass
1900,2324150,HK232_MT1005_L06,MT1005,2,False,7.2,6.7,6.2,,,6.5,C+,2.5,True,2.97,2.91,Pass
1901,2349408,HK232_MT1005_L06,MT1005,2,False,5.7,6.1,7.4,,,6.8,C+,2.5,True,2.65,2.5,Pass
1902,2399236,HK232_MT1005_L06,MT1005,2,False,9.2,8.4,9.0,,,8.9,A,4.0,True,3.93,3.97,Pass
1903,2336007,HK232_MT1005_L06,MT1005,2,False,7.5,5.8,6.7,,,6.7,C+,2.5,True,2.26,2.18,Pass
1904,2337400,HK232_MT1005_L06,MT1005,2,False,8.4,8.4,6.8,,,7.4,B,3.0,True,3.15,3.12,Pass
1905,2301359,HK232_MT1005_L06,MT1005,2,False,8.2,7.1,8.0,,,7.9,B,3.0,True,3.23,3.24,Pass
1906,2364437,HK232_MT1005_L06,MT1005,2,False,8.7,7.8,5.6,,,6.7,C+,2.5,True,3.23,3.38,Pass
1907,2384677,HK232_MT1005_L06,MT1005,2,False,6.2,6.8,7.6,,,7.2,B,3.0,True,2.43,2.24,Pass
1908,2377066,HK232_MT1005_L06,MT1005,2,False,8.9,8.0,6.9,,,7.5,B,3.0,True,3.0,3.16,Pass
1909,2305689,HK232_MT1005_L06,MT1005,2,False,8.7,9.1,8.3,,,8.5,A,4.0,True,3.5,3.26,Pass
1910,2305840,HK232_MT1005_L06,MT1005,2,False,7.8,5.9,7.1,,,7.0,B,3.0,True,3.1,3.24,Pass
1911,2381161,HK232_MT1005_L06,MT1005,2,False,9.2,9.4,8.8,,,9.0,A,4.0,True,3.97,3.98,Pass
1912,2349064,HK232_MT1005_L06,MT1005,2,False,6.5,5.4,6.2,,,6.1,C,2.0,True,2.09,2.39,Pass
1913,2354124,HK232_MT1005_L06,MT1005,2,False,3.0,4.3,4.0,,,3.9,F,0.0,False,0.29,1.0,Fail
1914,2337786,HK232_MT1005_L06,MT1005,2,False,7.0,6.9,7.5,,,7.3,B,3.0,True,3.24,3.24,Pass
1915,2342267,HK232_MT1005_L06,MT1005,2,False,9.0,9.0,8.5,,,8.7,A,4.0,True,4.0,4.0,Pass
1916,2378224,HK232_MT1005_L06,MT1005,2,False,7.4,7.5,6.8,,,7.1,B,3.0,True,2.6,2.53,Pass
1917,2396148,HK232_MT1005_L06,MT1005,2,False,6.1,5.3,6.3,,,6.1,C,2.0,True,2.15,2.06,Pass
1918,2370269,HK232_MT1005_L06,MT1005,2,False,7.8,6.4,7.7,,,7.5,B,3.0,True,2.41,2.45,Pass
1919,2337014,HK232_MT1005_L06,MT1005,2,False,8.0,7.9,8.1,,,8.0,B+,3.5,True,3.33,3.34,Pass
1920,2360728,HK232_MT1005_L06,MT1005,2,False,8.2,6.7,5.9,,,6.5,C+,2.5,True,2.43,2.36,Pass
1921,2321834,HK232_MT1005_L06,MT1005,2,False,8.0,4.9,6.8,,,6.7,C+,2.5,True,2.32,2.21,Pass
1922,2372392,HK232_MT1005_L06,MT1005,2,False,7.5,8.8,8.4,,,8.3,B+,3.5,True,3.23,3.29,Pass
1923,2306805,HK232_MT1005_L06,MT1005,2,False,6.7,6.5,6.1,,,6.3,C,2.0,True,2.21,2.08,Pass
1924,2378652,HK232_MT1005_L06,MT1005,2,False,8.8,8.2,7.8,,,8.1,B+,3.5,True,3.03,3.24,Pass
1925,2395334,HK232_MT1005_L06,MT1005,2,False,8.0,7.7,8.5,,,8.2,B+,3.5,True,3.47,3.58,Pass
1926,2373743,HK232_MT1005_L06,MT1005,2,False,7.4,8.9,8.3,,,8.2,B+,3.5,True,3.2,3.17,Pass
1927,2334035,HK232_MT1005_L06,MT1005,2,False,6.8,6.2,6.8,,,6.7,C+,2.5,True,2.97,3.05,Pass
1928,2352773,HK232_MT1005_L06,MT1005,2,False,6.1,5.7,6.4,,,6.2,C,2.0,True,2.09,2.18,Pass
1929,2306075,HK232_MT1005_L06,MT1005,2,False,9.3,5.1,8.1,,,7.7,B,3.0,True,2.87,2.93,Pass
1930,2376294,HK232_MT1005_L06,MT1005,2,False,6.6,7.5,7.3,,,7.2,B,3.0,True,2.47,2.36,Pass
1931,2304489,HK232_MT1005_L06,MT1005,2,False,6.4,5.4,6.8,,,6.4,C+,2.5,True,2.53,2.33,Pass
1932,2363472,HK232_MT1005_L06,MT1005,2,False,7.0,9.3,6.9,,,7.4,B,3.0,True,3.09,3.15,Pass
1933,2306461,HK232_MT1005_L06,MT1005,2,False,5.8,2.9,5.1,,,4.8,D,1.0,True,0.2,1.0,Pass
1934,2396492,HK232_MT1005_L06,MT1005,2,False,6.6,5.1,6.9,,,6.5,C+,2.5,True,2.5,2.57,Pass
1935,2394755,HK232_MT1005_L06,MT1005,2,False,6.5,6.1,6.5,,,6.4,C+,2.5,True,2.47,2.29,Pass
1936,2397264,HK232_MT1005_L06,MT1005,2,False,6.2,5.5,5.1,,,5.4,D+,1.5,True,1.88,2.11,Pass
1937,2376252,HK232_MT1005_L06,MT1005,2,False,8.3,5.9,7.2,,,7.2,B,3.0,True,2.71,2.47,Pass
1938,2358177,HK232_MT1005_L06,MT1005,2,False,5.3,6.5,6.8,,,6.4,C+,2.5,True,2.4,2.26,Pass
1939,2301787,HK232_MT1005_L06,MT1005,2,False,6.2,4.2,6.7,,,6.1,C,2.0,True,1.97,2.02,Pass
1940,2364823,HK232_MT1005_L06,MT1005,2,False,5.9,5.3,7.1,,,6.5,C+,2.5,True,1.97,1.93,Pass
1941,2384249,HK232_MT1005_L06,MT1005,2,False,6.5,6.5,5.6,,,6.0,C,2.0,True,1.88,1.97,Pass
1942,2304296,HK232_MT1005_L06,MT1005,2,False,8.2,8.1,7.5,,,7.8,B,3.0,True,3.07,3.17,Pass
1943,2382319,HK232_MT1005_L06,MT1005,2,False,5.0,6.1,6.0,,,5.8,C,2.0,True,1.74,1.89,Pass
1944,2363279,HK232_MT1005_L06,MT1005,2,False,9.0,8.3,7.9,,,8.2,B+,3.5,True,3.53,3.34,Pass
1945,2339523,HK232_MT1005_L06,MT1005,2,False,9.5,4.9,7.6,,,7.4,B,3.0,True,2.68,2.61,Pass
1946,2333649,HK232_MT1005_L06,MT1005,2,False,8.8,9.0,8.8,,,8.8,A,4.0,True,3.92,3.95,Pass
1947,2396878,HK232_MT1005_L06,MT1005,2,False,6.9,6.1,6.3,,,6.4,C+,2.5,True,2.26,2.39,Pass
1948,2389502,HK232_MT1005_L06,MT1005,2,False,9.0,7.8,8.8,,,8.6,A,4.0,True,3.43,3.41,Pass
1949,2398271,HK232_MT1005_L06,MT1005,2,False,5.3,6.2,6.4,,,6.1,C,2.0,True,1.76,1.68,Pass
1950,2318511,HK232_MT1005_L06,MT1005,2,False,4.6,3.7,4.3,,,4.2,D,1.0,True,0.33,1.0,Pass
1951,2390509,HK232_MT1005_L06,MT1005,2,False,7.3,5.6,6.5,,,6.5,C+,2.5,True,2.35,2.23,Pass
1952,2301015,HK232_MT1005_L06,MT1005,2,False,5.9,4.6,3.5,,,4.2,D,1.0,True,1.29,1.33,Pass
1953,2331333,HK232_MT1005_L06,MT1005,2,False,6.8,5.5,5.8,,,5.9,C,2.0,True,2.06,2.08,Pass
1954,2311714,HK232_MT1005_L06,MT1005,2,False,7.6,7.6,6.7,,,7.1,B,3.0,True,3.2,3.17,Pass
1955,2318704,HK232_MT1005_L06,MT1005,2,False,6.4,7.2,6.7,,,6.7,C+,2.5,True,2.12,2.12,Pass
1956,2372971,HK232_MT1005_L06,MT1005,2,False,7.9,7.5,6.1,,,6.7,C+,2.5,True,2.32,2.17,Pass
1957,2395527,HK232_MT1005_L06,MT1005,2,False,6.0,5.5,6.3,,,6.1,C,2.0,True,1.94,1.86,Pass
1958,2310321,HK232_MT1005_L06,MT1005,2,False,7.1,7.4,7.4,,,7.3,B,3.0,True,2.59,2.64,Pass
1959,2322178,HK232_MT1005_L06,MT1005,2,False,5.5,4.8,4.1,,,4.5,D,1.0,True,1.03,1.43,Pass
1960,2327045,HK232_MT1005_L06,MT1005,2,False,7.3,8.9,6.6,,,7.2,B,3.0,True,2.77,2.78,Pass
1961,2317353,HK232_MT1005_L06,MT1005,2,False,5.4,6.6,8.3,,,7.4,B,3.0,True,2.63,2.66,Pass
1962,2369069,HK232_MT1005_L06,MT1005,2,False,6.8,6.7,7.3,,,7.1,B,3.0,True,2.91,3.05,Pass
1963,2364781,HK232_MT1005_L06,MT1005,2,False,6.4,7.6,6.9,,,6.9,C+,2.5,True,3.43,3.55,Pass
1964,2307384,HK232_MT1005_L06,MT1005,2,False,6.5,6.1,5.1,,,5.6,C,2.0,True,1.85,1.56,Pass
1965,2380003,HK232_MT1005_L06,MT1005,2,False,8.9,8.6,10.0,,,9.5,A+,4.0,True,4.0,4.0,Pass
1966,2364395,HK232_MT1005_L06,MT1005,2,False,8.5,8.4,8.7,,,8.6,A,4.0,True,3.93,3.91,Pass
1967,2329596,HK232_MT1005_L06,MT1005,2,False,8.1,8.3,8.4,,,8.3,B+,3.5,True,2.97,3.17,Pass
1968,2361886,HK232_MT1005_L06,MT1005,2,False,8.1,9.2,7.6,,,8.0,B+,3.5,True,3.87,3.81,Pass
1969,2349215,HK232_MT1005_L07,MT1005,2,False,6.0,4.9,6.2,,,5.9,C,2.0,True,2.38,2.38,Pass
1970,2355047,HK232_MT1005_L07,MT1005,2,False,6.6,6.4,4.9,,,5.5,C,2.0,True,2.24,2.14,Pass
1971,2374364,HK232_MT1005_L07,MT1005,2,False,7.3,7.9,10.0,,,9.0,A,4.0,True,3.6,3.38,Pass
1972,2354082,HK232_MT1005_L07,MT1005,2,False,7.1,6.8,7.7,,,7.4,B,3.0,True,2.97,2.97,Pass
1973,2381740,HK232_MT1005_L07,MT1005,2,False,6.5,5.8,7.4,,,6.9,C+,2.5,True,2.47,2.29,Pass
1974,2320676,HK232_MT1005_L07,MT1005,2,False,7.2,7.8,7.8,,,7.7,B,3.0,True,3.0,3.02,Pass
1975,2300201,HK232_MT1005_L07,MT1005,2,False,8.3,8.4,9.4,,,9.0,A,4.0,True,3.35,3.12,Pass
1976,2317890,HK232_MT1005_L07,MT1005,2,False,9.5,8.5,7.6,,,8.2,B+,3.5,True,3.87,3.83,Pass
1977,2336779,HK232_MT1005_L07,MT1005,2,False,5.4,6.0,5.1,,,5.3,D+,1.5,True,1.71,1.64,Pass
1978,2365016,HK232_MT1005_L07,MT1005,2,False,10.0,9.6,7.6,,,8.5,A,4.0,True,4.0,4.0,Pass
1979,2319283,HK232_MT1005_L07,MT1005,2,False,6.5,7.3,6.3,,,6.5,C+,2.5,True,2.82,2.91,Pass
1980,2397113,HK232_MT1005_L07,MT1005,2,False,7.3,9.3,8.2,,,8.2,B+,3.5,True,3.5,3.26,Pass
1981,2318897,HK232_MT1005_L07,MT1005,2,False,7.7,7.4,6.6,,,7.0,B,3.0,True,2.71,2.56,Pass
1982,2380582,HK232_MT1005_L07,MT1005,2,False,7.4,7.7,7.5,,,7.5,B,3.0,True,2.76,2.5,Pass
1983,2353931,HK232_MT1005_L07,MT1005,2,False,5.4,5.1,5.8,,,5.6,C,2.0,True,1.53,1.71,Pass
1984,2312830,HK232_MT1005_L07,MT1005,2,False,7.7,7.7,8.5,,,8.2,B+,3.5,True,3.24,3.24,Pass
1985,2302173,HK232_MT1005_L07,MT1005,2,False,3.1,4.8,4.4,,,4.2,D,1.0,True,0.55,1.0,Pass
1986,2314609,HK232_MT1005_L07,MT1005,2,False,4.4,6.2,5.8,,,5.6,C,2.0,True,1.85,1.82,Pass
1987,2311093,HK232_MT1005_L07,MT1005,2,False,7.3,5.6,5.5,,,5.9,C,2.0,True,1.74,1.83,Pass
1988,2322950,HK232_MT1005_L07,MT1005,2,False,6.4,7.2,7.4,,,7.2,B,3.0,True,2.35,2.47,Pass
1989,2379575,HK232_MT1005_L07,MT1005,2,False,5.6,7.6,5.6,,,6.0,C,2.0,True,1.97,1.98,Pass
1990,2327859,HK232_MT1005_L07,MT1005,2,False,5.4,5.1,5.7,,,5.5,C,2.0,True,1.74,1.65,Pass
1991,2339137,HK232_MT1005_L07,MT1005,2,False,7.0,6.6,6.8,,,6.8,C+,2.5,True,2.53,2.56,Pass
1992,2322757,HK232_MT1005_L07,MT1005,2,False,8.5,8.8,10.0,,,9.5,A+,4.0,True,4.0,4.0,Pass
1993,2335621,HK232_MT1005_L07,MT1005,2,False,5.8,4.0,6.1,,,5.6,C,2.0,True,1.5,1.53,Pass
1994,2303331,HK232_MT1005_L07,MT1005,2,False,7.8,8.2,5.8,,,6.7,C+,2.5,True,2.71,2.52,Pass
1995,2306226,HK232_MT1005_L07,MT1005,2,False,7.3,7.5,6.9,,,7.1,B,3.0,True,2.37,2.36,Pass
1996,2380347,HK232_MT1005_L07,MT1005,2,False,8.6,8.9,8.7,,,8.7,A,4.0,True,3.27,3.14,Pass
1997,2320634,HK232_MT1005_L07,MT1005,2,False,9.0,7.5,8.3,,,8.3,B+,3.5,True,3.12,3.24,Pass
1998,2366946,HK232_MT1005_L07,MT1005,2,False,3.9,4.9,7.0,,,6.0,C,2.0,True,2.1,2.19,Pass
1999,2338944,HK232_MT1005_L07,MT1005,2,False,8.9,8.5,7.3,,,7.9,B,3.0,True,3.33,3.34,Pass
2000,2358798,HK232_MT1005_L07,MT1005,2,False,6.1,7.2,6.0,,,6.3,C,2.0,True,2.03,1.98,Pass
2001,2309742,HK232_MT1005_L07,MT1005,2,False,6.1,6.3,7.1,,,6.7,C+,2.5,True,2.29,2.42,Pass
2002,2393597,HK232_MT1005_L07,MT1005,2,False,8.9,8.3,7.4,,,7.9,B,3.0,True,3.13,3.03,Pass
2003,2383670,HK232_MT1005_L07,MT1005,2,False,9.2,8.6,9.1,,,9.0,A,4.0,True,3.21,3.23,Pass
2004,2394990,HK232_MT1005_L07,MT1005,2,False,5.3,4.4,5.4,,,5.2,D+,1.5,True,1.44,1.44,Pass
2005,2389158,HK232_MT1005_L07,MT1005,2,False,6.8,6.6,5.1,,,5.7,C,2.0,True,2.12,2.29,Pass
2006,2347285,HK232_MT1005_L07,MT1005,2,False,7.9,6.4,8.6,,,8.0,B+,3.5,True,3.37,3.29,Pass
2007,2379038,HK232_MT1005_L07,MT1005,2,False,9.3,8.7,9.0,,,9.0,A,4.0,True,4.0,3.83,Pass
2008,2321641,HK232_MT1005_L07,MT1005,2,False,6.9,8.4,7.1,,,7.3,B,3.0,True,2.7,2.36,Pass
2009,2321255,HK232_MT1005_L07,MT1005,2,False,6.8,7.6,6.2,,,6.6,C+,2.5,True,2.53,2.42,Pass
2010,2324343,HK232_MT1005_L07,MT1005,2,False,6.0,8.6,6.1,,,6.6,C+,2.5,True,2.29,2.26,Pass
2011,2300629,HK232_MT1005_L07,MT1005,2,False,6.1,6.1,5.5,,,5.7,C,2.0,True,2.09,1.97,Pass
2012,2341881,HK232_MT1005_L07,MT1005,2,False,8.4,8.0,6.7,,,7.3,B,3.0,True,2.8,3.0,Pass
2013,2392053,HK232_MT1005_L07,MT1005,2,False,5.7,5.0,6.3,,,5.9,C,2.0,True,2.03,2.14,Pass
2014,2359570,HK232_MT1005_L07,MT1005,2,False,6.5,6.2,6.4,,,6.4,C+,2.5,True,2.12,2.14,Pass
2015,2323185,HK232_MT1005_L07,MT1005,2,False,6.1,8.3,5.8,,,6.4,C+,2.5,True,2.37,2.4,Pass
2016,2323378,HK232_MT1005_L07,MT1005,2,False,4.0,6.1,8.3,,,7.0,B,3.0,True,2.53,2.3,Pass
2017,2373978,HK232_MT1005_L07,MT1005,2,False,5.9,6.3,5.6,,,5.8,C,2.0,True,2.12,2.11,Pass
2018,2336586,HK232_MT1005_L07,MT1005,2,False,5.6,5.9,5.4,,,5.5,C,2.0,True,1.65,1.47,Pass
2019,2399815,HK232_MT1005_L07,MT1005,2,False,6.9,7.9,7.2,,,7.3,B,3.0,True,2.56,2.8,Pass
2020,2337937,HK232_MT1005_L07,MT1005,2,False,5.1,5.1,6.7,,,6.1,C,2.0,True,1.4,1.71,Pass
2021,2300780,HK232_MT1005_L07,MT1005,2,False,7.0,8.4,8.3,,,8.1,B+,3.5,True,3.5,3.26,Pass
2022,2343383,HK232_MT1005_L07,MT1005,2,False,5.7,6.6,6.2,,,6.2,C,2.0,True,2.0,1.83,Pass
2023,2368683,HK232_MT1005_L07,MT1005,2,False,7.4,7.0,7.4,,,7.3,B,3.0,True,2.97,3.09,Pass
2024,2329403,HK232_MT1005_L07,MT1005,2,False,7.6,8.6,8.6,,,8.4,B+,3.5,True,3.23,3.31,Pass
2025,2338172,HK232_MT1005_L07,MT1005,2,False,8.5,7.6,6.9,,,7.4,B,3.0,True,3.21,3.26,Pass
2026,2345162,HK232_MT1005_L07,MT1005,2,False,8.8,7.2,7.5,,,7.7,B,3.0,True,3.09,3.2,Pass
2027,2301745,HK232_MT1005_L07,MT1005,2,False,9.1,6.7,7.6,,,7.7,B,3.0,True,2.74,2.71,Pass
2028,2364588,HK232_MT1005_L07,MT1005,2,False,10.0,8.6,9.2,,,9.2,A,4.0,True,3.92,3.95,Pass
2029,2348443,HK232_MT1005_L07,MT1005,2,False,6.8,6.0,4.6,,,5.3,D+,1.5,True,1.56,1.52,Pass
2030,2394948,HK232_MT1005_L07,MT1005,2,False,4.0,3.7,5.2,,,4.7,D,1.0,True,0.18,1.0,Pass
2031,2357405,HK232_MT1005_L07,MT1005,2,False,10.0,7.2,8.9,,,8.8,A,4.0,True,3.75,3.86,Pass
2032,2352152,HK232_MT1005_L07,MT1005,2,False,7.6,7.6,7.4,,,7.5,B,3.0,True,3.03,3.02,Pass
2033,2374943,HK232_MT1005_L07,MT1005,2,False,8.3,2.8,3.8,,,4.5,D,1.0,True,0.48,1.0,Pass
2034,2307040,HK232_MT1005_L07,MT1005,2,False,7.7,6.9,7.8,,,7.6,B,3.0,True,3.2,3.17,Pass
2035,2373550,HK232_MT1005_L07,MT1005,2,False,6.0,5.7,5.5,,,5.6,C,2.0,True,1.94,2.0,Pass
2036,2397885,HK232_MT1005_L07,MT1005,2,False,5.0,6.7,6.8,,,6.4,C+,2.5,True,2.53,2.59,Pass
2037,2333456,HK232_MT1005_L07,MT1005,2,False,5.1,4.9,5.5,,,5.3,D+,1.5,True,1.47,1.5,Pass
2038,2332684,HK232_MT1005_L07,MT1005,2,False,7.9,8.1,7.8,,,7.9,B,3.0,True,3.0,3.07,Pass
2039,2348099,HK232_MT1005_L07,MT1005,2,False,8.4,8.2,8.4,,,8.4,B+,3.5,True,3.13,3.07,Pass
2040,2365595,HK232_MT1005_L07,MT1005,2,False,6.1,8.6,8.4,,,8.0,B+,3.5,True,2.77,2.6,Pass
2041,2325887,HK232_MT1005_L07,MT1005,2,False,7.2,7.5,6.8,,,7.0,B,3.0,True,3.07,3.09,Pass
2042,2331526,HK232_MT1005_L07,MT1005,2,False,6.6,8.5,6.3,,,6.8,C+,2.5,True,2.5,2.62,Pass
2043,2306847,HK232_MT1005_L07,MT1005,2,False,6.2,6.4,5.8,,,6.0,C,2.0,True,2.0,2.05,Pass
2044,2362893,HK232_MT1005_L07,MT1005,2,False,4.6,5.6,5.6,,,5.4,D+,1.5,True,1.29,1.38,Pass
2045,2301166,HK232_MT1005_L07,MT1005,2,False,6.1,4.0,7.0,,,6.2,C,2.0,True,2.21,2.08,Pass
2046,2359914,HK232_MT1005_L07,MT1005,2,False,4.9,5.5,6.9,,,6.2,C,2.0,True,1.76,1.7,Pass
2047,2305261,HK232_MT1005_L07,MT1005,2,False,8.0,9.6,9.5,,,9.2,A,4.0,True,4.0,3.95,Pass
2048,2374750,HK232_MT1005_L07,MT1005,2,False,6.5,6.9,9.2,,,8.2,B+,3.5,True,3.0,3.02,Pass
2049,2394176,HK232_MT1005_L07,MT1005,2,False,6.5,4.5,6.1,,,5.9,C,2.0,True,2.09,2.03,Pass
2050,2396685,HK232_MT1005_L07,MT1005,2,False,5.3,5.3,6.3,,,5.9,C,2.0,True,1.65,1.75,Pass
2051,2308198,HK232_MT1005_L07,MT1005,2,False,4.1,4.5,4.9,,,4.7,D,1.0,True,0.19,1.0,Pass
2052,2305647,HK232_MT1005_L07,MT1005,2,False,7.4,8.2,6.8,,,7.2,B,3.0,True,3.35,3.3,Pass
2053,2327431,HK232_MT1005_L07,MT1005,2,False,8.8,7.9,7.1,,,7.6,B,3.0,True,3.73,3.62,Pass
2054,2326659,HK232_MT1005_L07,MT1005,2,False,7.0,5.9,6.9,,,6.7,C+,2.5,True,2.12,2.11,Pass
2055,2383284,HK232_MT1005_L07,MT1005,2,False,5.9,6.1,4.8,,,5.3,D+,1.5,True,2.21,2.21,Pass
2056,2311865,HK232_MT1005_L07,MT1005,2,False,7.5,7.4,6.3,,,6.8,C+,2.5,True,2.21,2.41,Pass
2057,2326273,HK232_MT1005_L07,MT1005,2,False,7.7,7.1,7.5,,,7.5,B,3.0,True,2.47,2.36,Pass
2058,2347671,HK232_MT1005_L07,MT1005,2,False,5.7,5.8,5.7,,,5.7,C,2.0,True,1.7,1.67,Pass
2059,2369455,HK232_MT1005_L07,MT1005,2,False,10.0,9.2,9.0,,,9.2,A,4.0,True,3.97,3.93,Pass
2060,2390467,HK232_MT1005_L07,MT1005,2,False,7.0,8.2,7.9,,,7.8,B,3.0,True,3.0,2.94,Pass
2061,2351380,HK232_MT1005_L07,MT1005,2,False,6.2,6.9,6.7,,,6.6,C+,2.5,True,2.5,2.64,Pass
2062,2384098,HK232_MT1005_L07,MT1005,2,False,5.9,6.7,5.4,,,5.8,C,2.0,True,2.09,2.23,Pass
2063,2387765,HK232_MT1005_L07,MT1005,2,False,4.2,5.1,3.4,,,3.9,F,0.0,False,0.14,1.0,Fail
2064,2379961,HK232_MT1005_L07,MT1005,2,False,5.4,6.4,4.9,,,5.3,D+,1.5,True,1.91,2.2,Pass
2065,2316346,HK232_MT1005_L07,MT1005,2,False,6.6,8.0,7.4,,,7.4,B,3.0,True,2.41,2.48,Pass
2066,2390853,HK232_MT1005_L07,MT1005,2,False,6.3,6.9,7.1,,,6.9,C+,2.5,True,2.12,2.29,Pass
2067,2306612,HK232_MT1005_L07,MT1005,2,False,4.4,4.1,4.2,,,4.2,D,1.0,True,0.78,1.06,Pass
2068,2383477,HK232_MT1005_L07,MT1005,2,False,5.1,6.5,6.7,,,6.3,C,2.0,True,2.09,2.15,Pass
2069,2396920,HK232_MT1005_L07,MT1005,2,False,8.1,7.1,8.7,,,8.3,B+,3.5,True,3.23,3.34,Pass
2070,2308391,HK232_MT1005_L07,MT1005,2,False,8.7,7.6,7.3,,,7.6,B,3.0,True,3.69,3.78,Pass
2071,2374129,HK232_MT1005_L07,MT1005,2,False,7.0,7.0,6.8,,,6.9,C+,2.5,True,2.47,2.41,Pass
2072,2346127,HK232_MT1005_L07,MT1005,2,False,7.2,7.0,6.4,,,6.7,C+,2.5,True,2.56,2.29,Pass
2073,2339909,HK232_MT1005_L07,MT1005,2,False,5.1,6.2,7.0,,,6.5,C+,2.5,True,1.93,1.97,Pass
2074,2354854,HK232_MT1005_L07,MT1005,2,False,6.3,6.9,6.2,,,6.4,C+,2.5,True,1.88,2.14,Pass
2075,2338365,HK232_MT1005_L07,MT1005,2,False,6.7,6.3,7.7,,,7.2,B,3.0,True,2.7,2.62,Pass
2076,2367525,HK232_MT1005_L07,MT1005,2,False,7.9,7.2,7.5,,,7.5,B,3.0,True,3.17,3.03,Pass
2077,2339095,HK232_MT1005_L07,MT1005,2,False,8.2,7.1,5.6,,,6.4,C+,2.5,True,2.5,2.42,Pass
2078,2349257,HK232_MT1005_L07,MT1005,2,False,9.0,9.0,9.1,,,9.1,A,4.0,True,4.0,4.0,Pass
2079,2310514,HK232_MT1005_L07,MT1005,2,False,7.6,7.1,8.0,,,7.7,B,3.0,True,2.53,2.18,Pass
2080,2302752,HK232_MT1005_L07,MT1005,2,False,6.0,5.3,4.4,,,4.9,D,1.0,True,1.35,1.65,Pass
2081,2353738,HK232_MT1005_L07,MT1005,2,False,4.6,5.4,5.2,,,5.1,D+,1.5,True,1.43,1.75,Pass
2082,2385407,HK232_MT1005_L07,MT1005,2,False,5.4,5.9,5.3,,,5.4,D+,1.5,True,1.88,1.8,Pass
2083,2358026,HK232_MT1005_L07,MT1005,2,False,6.3,6.4,6.9,,,6.7,C+,2.5,True,2.03,2.06,Pass
2084,2341646,HK232_MT1005_L07,MT1005,2,False,5.5,6.6,7.3,,,6.8,C+,2.5,True,2.53,2.38,Pass
2085,2348829,HK232_MT1007_L01,MT1007,2,False,8.0,7.5,8.3,,,8.0,B+,3.5,True,3.18,3.17,Pass
2086,2317353,HK232_MT1007_L01,MT1007,2,False,7.8,7.2,5.9,,,6.7,C+,2.5,True,2.63,2.66,Pass
2087,2316539,HK232_MT1007_L01,MT1007,2,False,4.4,6.5,2.9,,,4.3,D,1.0,True,0.33,1.0,Pass
2088,2300436,HK232_MT1007_L01,MT1007,2,False,5.3,5.2,5.2,,,5.2,D+,1.5,True,1.35,1.59,Pass
2089,2314609,HK232_MT1007_L01,MT1007,2,False,6.0,4.7,5.7,,,5.5,C,2.0,True,1.85,1.82,Pass
2090,2349794,HK232_MT1007_L01,MT1007,2,False,5.8,7.1,3.6,,,5.1,D+,1.5,True,2.53,2.52,Pass
2091,2346127,HK232_MT1007_L01,MT1007,2,False,7.3,7.7,6.4,,,7.0,B,3.0,True,2.56,2.29,Pass
2092,2328052,HK232_MT1007_L01,MT1007,2,False,7.0,5.6,7.2,,,6.7,C+,2.5,True,2.12,2.14,Pass
2093,2327087,HK232_MT1007_L01,MT1007,2,False,7.5,8.1,7.6,,,7.7,B,3.0,True,3.33,3.29,Pass
2094,2368490,HK232_MT1007_L01,MT1007,2,False,5.5,7.6,7.7,,,7.2,B,3.0,True,2.44,2.48,Pass
2095,2328438,HK232_MT1007_L01,MT1007,2,False,8.4,9.3,9.2,,,9.1,A,4.0,True,3.93,3.9,Pass
2096,2355240,HK232_MT1007_L01,MT1007,2,False,8.6,8.0,7.1,,,7.7,B,3.0,True,3.13,3.12,Pass
2097,2394797,HK232_MT1007_L01,MT1007,2,False,8.2,9.9,7.8,,,8.5,A,4.0,True,3.35,3.18,Pass
2098,2369883,HK232_MT1007_L01,MT1007,2,False,6.4,5.9,5.5,,,5.8,C,2.0,True,2.21,2.32,Pass
2099,2396341,HK232_MT1007_L01,MT1007,2,False,6.2,6.6,5.0,,,5.7,C,2.0,True,2.47,2.5,Pass
2100,2332726,HK232_MT1007_L01,MT1007,2,False,6.7,6.9,7.0,,,6.9,C+,2.5,True,2.41,2.33,Pass
2101,2396299,HK232_MT1007_L01,MT1007,2,False,6.2,7.1,7.3,,,7.0,B,3.0,True,3.0,3.0,Pass
2102,2323957,HK232_MT1007_L01,MT1007,2,False,6.7,9.1,8.0,,,8.1,B+,3.5,True,3.37,3.38,Pass
2103,2363086,HK232_MT1007_L01,MT1007,2,False,10.0,7.0,8.5,,,8.3,B+,3.5,True,3.03,3.02,Pass
2104,2375715,HK232_MT1007_L01,MT1007,2,False,5.4,6.1,6.5,,,6.2,C,2.0,True,2.5,2.26,Pass
2105,2355282,HK232_MT1007_L01,MT1007,2,False,6.9,7.0,6.9,,,6.9,C+,2.5,True,2.87,3.0,Pass
2106,2332298,HK232_MT1007_L01,MT1007,2,False,5.7,6.6,7.7,,,7.0,B,3.0,True,2.44,2.35,Pass
2107,2323529,HK232_MT1007_L01,MT1007,2,False,7.8,7.7,7.4,,,7.6,B,3.0,True,2.93,2.9,Pass
2108,2366946,HK232_MT1007_L01,MT1007,2,False,6.1,6.7,5.9,,,6.2,C,2.0,True,2.1,2.19,Pass
2109,2390274,HK232_MT1007_L01,MT1007,2,False,5.6,6.7,6.8,,,6.5,C+,2.5,True,2.56,2.64,Pass
2110,2364202,HK232_MT1007_L01,MT1007,2,False,5.2,5.0,5.9,,,5.5,C,2.0,True,1.97,1.77,Pass
2111,2319090,HK232_MT1007_L01,MT1007,2,False,5.6,5.7,4.4,,,5.0,D+,1.5,True,1.59,1.58,Pass
2112,2359956,HK232_MT1007_L01,MT1007,2,False,7.9,8.5,9.7,,,9.0,A,4.0,True,3.41,3.32,Pass
2113,2364588,HK232_MT1007_L01,MT1007,2,False,10.0,10.0,10.0,,,10.0,A+,4.0,True,3.92,3.95,Pass
2114,2388151,HK232_MT1007_L01,MT1007,2,False,6.8,6.7,6.7,,,6.7,C+,2.5,True,2.47,2.48,Pass
2115,2325501,HK232_MT1007_L01,MT1007,2,False,6.1,7.1,7.0,,,6.8,C+,2.5,True,2.24,2.39,Pass
2116,2329982,HK232_MT1007_L01,MT1007,2,False,7.9,7.4,6.3,,,7.0,B,3.0,True,3.37,3.31,Pass
2117,2359377,HK232_MT1007_L01,MT1007,2,False,6.1,7.7,5.7,,,6.4,C+,2.5,True,2.47,2.44,Pass
2118,2344155,HK232_MT1007_L01,MT1007,2,False,6.4,8.6,5.8,,,6.8,C+,2.5,True,2.21,2.3,Pass
2119,2380540,HK232_MT1007_L01,MT1007,2,False,4.7,5.1,6.1,,,5.5,C,2.0,True,1.82,1.92,Pass
2120,2344197,HK232_MT1007_L01,MT1007,2,False,6.3,5.8,7.4,,,6.7,C+,2.5,True,2.12,2.27,Pass
2121,2353159,HK232_MT1007_L01,MT1007,2,False,7.3,6.6,6.8,,,6.8,C+,2.5,True,2.53,2.61,Pass
2122,2301980,HK232_MT1007_L01,MT1007,2,False,7.2,7.2,7.8,,,7.5,B,3.0,True,3.0,3.09,Pass
2123,2327859,HK232_MT1007_L01,MT1007,2,False,5.2,5.8,6.0,,,5.8,C,2.0,True,1.74,1.65,Pass
2124,2348443,HK232_MT1007_L01,MT1007,2,False,5.7,5.3,5.2,,,5.3,D+,1.5,True,1.56,1.52,Pass
2125,2308005,HK232_MT1007_L01,MT1007,2,False,4.2,5.3,5.9,,,5.4,D+,1.5,True,0.68,1.12,Pass
2126,2342846,HK232_MT1007_L01,MT1007,2,False,7.6,7.2,7.4,,,7.4,B,3.0,True,2.91,2.89,Pass
2127,2346513,HK232_MT1007_L01,MT1007,2,False,5.4,6.3,4.9,,,5.4,D+,1.5,True,1.85,1.77,Pass
2128,2313451,HK232_MT1007_L01,MT1007,2,False,7.9,6.8,8.0,,,7.6,B,3.0,True,3.37,3.21,Pass
2129,2331954,HK232_MT1007_L01,MT1007,2,False,10.0,9.7,9.3,,,9.6,A+,4.0,True,4.0,4.0,Pass
2130,2378845,HK232_MT1007_L01,MT1007,2,False,6.3,5.3,7.0,,,6.3,C,2.0,True,1.29,1.39,Pass
2131,2340681,HK232_MT1007_L01,MT1007,2,False,8.4,7.3,8.7,,,8.2,B+,3.5,True,3.23,3.12,Pass
2132,2396920,HK232_MT1007_L01,MT1007,2,False,7.9,8.1,8.1,,,8.1,B+,3.5,True,3.23,3.34,Pass
2133,2324150,HK232_MT1007_L01,MT1007,2,False,6.7,7.9,6.7,,,7.1,B,3.0,True,2.97,2.91,Pass
2134,2302517,HK232_MT1007_L01,MT1007,2,False,4.0,4.4,6.2,,,5.2,D+,1.5,True,0.74,1.06,Pass
2135,2357212,HK232_MT1007_L01,MT1007,2,False,5.7,7.4,7.2,,,7.0,B,3.0,True,2.56,2.36,Pass
2136,2397113,HK232_MT1007_L01,MT1007,2,False,7.9,7.4,8.2,,,7.9,B,3.0,True,3.5,3.26,Pass
2137,2334035,HK232_MT1007_L01,MT1007,2,False,8.2,8.1,7.3,,,7.7,B,3.0,True,2.97,3.05,Pass
2138,2353738,HK232_MT1007_L01,MT1007,2,False,5.1,6.8,5.6,,,5.9,C,2.0,True,1.43,1.75,Pass
2139,2387958,HK232_MT1007_L01,MT1007,2,False,7.1,8.4,6.3,,,7.1,B,3.0,True,2.74,2.82,Pass
2140,2380582,HK232_MT1007_L01,MT1007,2,False,5.8,8.4,6.9,,,7.1,B,3.0,True,2.76,2.5,Pass
2141,2331912,HK232_MT1007_L01,MT1007,2,False,7.5,6.0,7.8,,,7.2,B,3.0,True,2.15,2.24,Pass
2142,2317697,HK232_MT1007_L01,MT1007,2,False,6.0,6.9,4.4,,,5.5,C,2.0,True,1.73,1.71,Pass
2143,2336821,HK232_MT1007_L01,MT1007,2,False,9.0,7.1,8.5,,,8.2,B+,3.5,True,3.09,3.14,Pass
2144,2314030,HK232_MT1007_L01,MT1007,2,False,7.3,8.7,8.4,,,8.3,B+,3.5,True,3.12,3.2,Pass
2145,2337551,HK232_MT1007_L01,MT1007,2,False,7.7,8.3,8.1,,,8.1,B+,3.5,True,3.7,3.79,Pass
2146,2311328,HK232_MT1007_L01,MT1007,2,False,7.2,6.2,7.7,,,7.2,B,3.0,True,2.71,2.62,Pass
2147,2380926,HK232_MT1007_L01,MT1007,2,False,5.5,6.5,6.4,,,6.2,C,2.0,True,1.47,1.58,Pass
2148,2347478,HK232_MT1007_L01,MT1007,2,False,8.5,8.3,8.7,,,8.5,A,4.0,True,3.93,3.78,Pass
2149,2303910,HK232_MT1007_L01,MT1007,2,False,5.9,6.1,4.9,,,5.5,C,2.0,True,1.44,1.67,Pass
2150,2332105,HK232_MT1007_L01,MT1007,2,False,9.5,9.7,8.4,,,9.0,A,4.0,True,3.97,3.98,Pass
2151,2305303,HK232_MT1007_L01,MT1007,2,False,6.1,6.3,6.9,,,6.6,C+,2.5,True,2.44,2.42,Pass
2152,2363858,HK232_MT1007_L01,MT1007,2,False,8.3,7.0,7.7,,,7.6,B,3.0,True,2.62,2.62,Pass
2153,2312293,HK232_MT1007_L01,MT1007,2,False,8.2,6.1,6.4,,,6.7,C+,2.5,True,2.37,2.38,Pass
2154,2305647,HK232_MT1007_L01,MT1007,2,False,6.9,7.2,6.9,,,7.0,B,3.0,True,3.35,3.3,Pass
2155,2310900,HK232_MT1007_L01,MT1007,2,False,8.2,6.4,8.0,,,7.6,B,3.0,True,2.59,2.61,Pass
2156,2335428,HK232_MT1007_L01,MT1007,2,False,8.8,8.0,8.6,,,8.5,A,4.0,True,3.6,3.52,Pass
2157,2359914,HK232_MT1007_L01,MT1007,2,False,8.2,5.5,5.2,,,5.9,C,2.0,True,1.76,1.7,Pass
2158,2377259,HK232_MT1007_L01,MT1007,2,False,5.4,5.3,5.0,,,5.2,D+,1.5,True,2.21,1.94,Pass
2159,2331568,HK232_MT1007_L01,MT1007,2,False,3.9,4.5,4.9,,,4.6,D,1.0,True,1.33,1.34,Pass
2160,2365746,HK232_MT1007_L01,MT1007,2,False,7.3,8.1,8.4,,,8.1,B+,3.5,True,3.1,3.05,Pass
2161,2305454,HK232_MT1007_L01,MT1007,2,False,7.3,7.6,8.6,,,8.0,B+,3.5,True,3.1,3.26,Pass
2162,2367332,HK232_MT1007_L01,MT1007,2,False,7.7,7.1,7.4,,,7.4,B,3.0,True,3.06,2.95,Pass
2163,2317890,HK232_MT1007_L01,MT1007,2,False,8.5,9.9,8.5,,,8.9,A,4.0,True,3.87,3.83,Pass
2164,2358798,HK232_MT1007_L01,MT1007,2,False,6.3,6.4,6.1,,,6.2,C,2.0,True,2.03,1.98,Pass
2165,2353889,HK232_MT1007_L01,MT1007,2,False,4.2,5.0,5.4,,,5.0,D+,1.5,True,1.85,1.8,Pass
2166,2353310,HK232_MT1007_L01,MT1007,2,False,6.7,6.4,5.9,,,6.2,C,2.0,True,2.24,2.29,Pass
2167,2396148,HK232_MT1007_L01,MT1007,2,False,6.6,6.6,6.1,,,6.3,C,2.0,True,2.15,2.06,Pass
2168,2327666,HK232_MT1007_L01,MT1007,2,False,1.0,4.4,3.8,,,3.4,F,0.0,False,0.62,1.09,Fail
2169,2355047,HK232_MT1007_L01,MT1007,2,False,6.1,4.9,6.0,,,5.7,C,2.0,True,2.24,2.14,Pass
2170,2322371,HK232_MT1007_L01,MT1007,2,False,9.3,9.1,9.8,,,9.5,A+,4.0,True,3.89,3.94,Pass
2171,2395569,HK232_MT1007_L01,MT1007,2,False,7.2,8.0,6.4,,,7.0,B,3.0,True,2.62,2.53,Pass
2172,2391281,HK232_MT1007_L01,MT1007,2,False,5.5,5.8,6.7,,,6.2,C,2.0,True,2.0,2.0,Pass
2173,2363237,HK232_MT1007_L01,MT1007,2,False,5.3,7.1,4.9,,,5.6,C,2.0,True,1.76,1.56,Pass
2174,2315767,HK232_MT1007_L01,MT1007,2,False,5.8,5.4,4.9,,,5.2,D+,1.5,True,1.74,1.77,Pass
2175,2329017,HK232_MT1007_L01,MT1007,2,False,8.1,4.4,6.0,,,5.9,C,2.0,True,2.27,2.21,Pass
2176,2395141,HK232_MT1007_L01,MT1007,2,False,5.6,5.2,6.6,,,6.0,C,2.0,True,1.26,1.42,Pass
2177,2380968,HK232_MT1007_L01,MT1007,2,False,6.6,6.6,6.2,,,6.4,C+,2.5,True,2.35,2.53,Pass
2178,2375136,HK232_MT1007_L01,MT1007,2,False,6.0,6.6,6.0,,,6.2,C,2.0,True,2.18,2.21,Pass
2179,2357640,HK232_MT1007_L01,MT1007,2,False,9.0,8.7,8.5,,,8.7,A,4.0,True,3.7,3.6,Pass
2180,2382705,HK232_MT1007_L01,MT1007,2,False,8.4,8.6,8.1,,,8.3,B+,3.5,True,3.5,3.53,Pass
2181,2380003,HK232_MT1007_L01,MT1007,2,False,9.7,8.0,9.8,,,9.2,A,4.0,True,4.0,4.0,Pass
2182,2310514,HK232_MT1007_L01,MT1007,2,False,7.4,8.0,7.6,,,7.7,B,3.0,True,2.53,2.18,Pass
2183,2396878,HK232_MT1007_L01,MT1007,2,False,4.7,6.6,6.7,,,6.3,C,2.0,True,2.26,2.39,Pass
2184,2309549,HK232_MT1007_L01,MT1007,2,False,8.8,8.9,9.0,,,8.9,A,4.0,True,4.0,4.0,Pass
2185,2392246,HK232_MT1007_L01,MT1007,2,False,7.1,7.8,7.6,,,7.6,B,3.0,True,3.2,3.16,Pass
2186,2392053,HK232_MT1007_L01,MT1007,2,False,5.3,5.1,6.6,,,5.9,C,2.0,True,2.03,2.14,Pass
2187,2361693,HK232_MT1007_L01,MT1007,2,False,5.6,6.1,3.6,,,4.8,D,1.0,True,1.06,1.2,Pass
2188,2316732,HK232_MT1007_L01,MT1007,2,False,7.2,4.8,6.4,,,6.1,C,2.0,True,2.06,2.09,Pass
2189,2364974,HK232_MT1007_L01,MT1007,2,False,6.5,4.5,4.6,,,4.9,D,1.0,True,1.53,1.69,Pass
2190,2394990,HK232_MT1007_L01,MT1007,2,False,5.3,5.0,3.4,,,4.3,D,1.0,True,1.44,1.44,Pass
2191,2337744,HK232_MT1007_L01,MT1007,2,False,6.3,6.9,7.3,,,7.0,B,3.0,True,2.29,2.2,Pass
2192,2338944,HK232_MT1007_L01,MT1007,2,False,7.6,7.2,8.6,,,8.0,B+,3.5,True,3.33,3.34,Pass
2193,2383477,HK232_MT1007_L01,MT1007,2,False,6.0,6.5,6.0,,,6.2,C,2.0,True,2.09,2.15,Pass
2194,2356054,HK232_MT1007_L01,MT1007,2,False,8.1,7.5,8.5,,,8.1,B+,3.5,True,3.7,3.5,Pass
2195,2386221,HK232_MT1007_L01,MT1007,2,False,8.6,8.3,8.6,,,8.5,A,4.0,True,3.83,3.91,Pass
2196,2316581,HK232_MT1007_L01,MT1007,2,False,7.0,8.9,8.1,,,8.1,B+,3.5,True,3.23,3.14,Pass
2197,2398464,HK232_MT1007_L01,MT1007,2,False,6.6,7.5,6.5,,,6.8,C+,2.5,True,2.62,2.5,Pass
2198,2315960,HK232_MT1007_L01,MT1007,2,False,8.0,7.1,7.1,,,7.3,B,3.0,True,3.27,3.14,Pass
2199,2327238,HK232_MT1007_L01,MT1007,2,False,5.7,6.9,6.0,,,6.2,C,2.0,True,2.23,2.24,Pass
2200,2399664,HK232_MT1007_L01,MT1007,2,False,7.4,6.8,6.5,,,6.8,C+,2.5,True,2.41,2.5,Pass
2201,2315574,HK232_MT1007_L02,MT1007,2,False,7.9,7.5,6.9,,,7.3,B,3.0,True,2.74,2.7,Pass
2202,2355668,HK232_MT1007_L02,MT1007,2,False,6.5,7.4,6.0,,,6.5,C+,2.5,True,2.47,2.33,Pass
2203,2332877,HK232_MT1007_L02,MT1007,2,False,9.9,8.4,9.9,,,9.4,A,4.0,True,3.86,3.92,Pass
2204,2334077,HK232_MT1007_L02,MT1007,2,False,4.7,5.2,4.9,,,5.0,D+,1.5,True,1.18,1.71,Pass
2205,2349643,HK232_MT1007_L02,MT1007,2,False,5.4,5.1,5.4,,,5.3,D+,1.5,True,1.65,1.55,Pass
2206,2396106,HK232_MT1007_L02,MT1007,2,False,6.9,7.7,7.6,,,7.5,B,3.0,True,2.94,2.97,Pass
2207,2319283,HK232_MT1007_L02,MT1007,2,False,7.6,7.0,7.1,,,7.2,B,3.0,True,2.82,2.91,Pass
2208,2388923,HK232_MT1007_L02,MT1007,2,False,7.6,6.7,8.6,,,7.8,B,3.0,True,3.12,3.15,Pass
2209,2303331,HK232_MT1007_L02,MT1007,2,False,6.6,6.9,7.7,,,7.2,B,3.0,True,2.71,2.52,Pass
2210,2301787,HK232_MT1007_L02,MT1007,2,False,6.3,5.0,6.5,,,6.0,C,2.0,True,1.97,2.02,Pass
2211,2359142,HK232_MT1007_L02,MT1007,2,False,4.3,5.6,6.6,,,5.8,C,2.0,True,1.79,1.64,Pass
2212,2352345,HK232_MT1007_L02,MT1007,2,False,7.0,7.9,7.7,,,7.6,B,3.0,True,2.4,2.57,Pass
2213,2328782,HK232_MT1007_L02,MT1007,2,False,8.9,10.0,9.0,,,9.3,A,4.0,True,3.64,3.73,Pass
2214,2302173,HK232_MT1007_L02,MT1007,2,False,5.9,5.3,3.9,,,4.7,D,1.0,True,0.55,1.0,Pass
2215,2372006,HK232_MT1007_L02,MT1007,2,False,5.8,5.8,7.4,,,6.6,C+,2.5,True,2.41,2.33,Pass
2216,2317160,HK232_MT1007_L02,MT1007,2,False,8.6,8.0,7.3,,,7.8,B,3.0,True,3.4,3.45,Pass
2217,2356633,HK232_MT1007_L02,MT1007,2,False,6.0,6.9,5.6,,,6.1,C,2.0,True,2.43,2.59,Pass
2218,2357833,HK232_MT1007_L02,MT1007,2,False,5.8,6.8,6.3,,,6.3,C,2.0,True,2.0,2.05,Pass
2219,2358991,HK232_MT1007_L02,MT1007,2,False,5.9,5.3,7.6,,,6.6,C+,2.5,True,2.6,2.43,Pass
2220,2315188,HK232_MT1007_L02,MT1007,2,False,9.0,8.6,9.7,,,9.2,A,4.0,True,4.0,4.0,Pass
2221,2306998,HK232_MT1007_L02,MT1007,2,False,7.6,6.8,6.4,,,6.8,C+,2.5,True,2.76,2.56,Pass
2222,2342460,HK232_MT1007_L02,MT1007,2,False,6.4,7.8,7.2,,,7.2,B,3.0,True,2.44,2.38,Pass
2223,2333263,HK232_MT1007_L02,MT1007,2,False,5.9,7.4,5.9,,,6.4,C+,2.5,True,1.68,1.76,Pass
2224,2335814,HK232_MT1007_L02,MT1007,2,False,8.1,7.5,6.2,,,7.0,B,3.0,True,2.6,2.57,Pass
2225,2320869,HK232_MT1007_L02,MT1007,2,False,8.5,9.5,7.6,,,8.4,B+,3.5,True,3.87,3.93,Pass
2226,2333112,HK232_MT1007_L02,MT1007,2,False,8.6,8.9,7.6,,,8.2,B+,3.5,True,3.29,3.14,Pass
2227,2304296,HK232_MT1007_L02,MT1007,2,False,7.4,7.9,8.4,,,8.1,B+,3.5,True,3.07,3.17,Pass
2228,2312679,HK232_MT1007_L02,MT1007,2,False,6.0,5.0,5.3,,,5.3,D+,1.5,True,1.85,1.88,Pass
2229,2354661,HK232_MT1007_L02,MT1007,2,False,6.7,5.2,7.7,,,6.8,C+,2.5,True,2.65,2.42,Pass
2230,2362465,HK232_MT1007_L02,MT1007,2,False,8.2,6.0,7.7,,,7.3,B,3.0,True,2.57,2.71,Pass
2231,2351959,HK232_MT1007_L02,MT1007,2,False,6.2,4.7,5.8,,,5.6,C,2.0,True,1.82,1.92,Pass
2232,2304682,HK232_MT1007_L02,MT1007,2,False,6.3,7.0,8.1,,,7.4,B,3.0,True,2.87,2.98,Pass
2233,2373592,HK232_MT1007_L02,MT1007,2,False,7.5,8.8,7.6,,,7.9,B,3.0,True,3.1,3.17,Pass
2234,2318125,HK232_MT1007_L02,MT1007,2,False,5.8,5.8,5.8,,,5.8,C,2.0,True,1.9,1.9,Pass
2235,2314223,HK232_MT1007_L02,MT1007,2,False,6.2,5.7,6.3,,,6.1,C,2.0,True,1.71,1.64,Pass
2236,2327624,HK232_MT1007_L02,MT1007,2,False,9.0,9.1,9.0,,,9.0,A,4.0,True,4.0,4.0,Pass
2237,2306612,HK232_MT1007_L02,MT1007,2,False,6.3,5.1,4.5,,,5.0,D+,1.5,True,0.78,1.06,Pass
2238,2343618,HK232_MT1007_L02,MT1007,2,False,7.8,7.1,7.9,,,7.6,B,3.0,True,3.03,3.08,Pass
2239,2330368,HK232_MT1007_L02,MT1007,2,False,5.1,4.7,6.4,,,5.6,C,2.0,True,2.27,2.38,Pass
2240,2393790,HK232_MT1007_L02,MT1007,2,False,7.5,7.6,7.7,,,7.6,B,3.0,True,3.5,3.33,Pass
2241,2305689,HK232_MT1007_L02,MT1007,2,False,8.3,8.3,8.4,,,8.4,B+,3.5,True,3.5,3.26,Pass
2242,2375866,HK232_MT1007_L02,MT1007,2,False,8.8,9.5,10.0,,,9.6,A+,4.0,True,3.97,3.98,Pass
2243,2370999,HK232_MT1007_L02,MT1007,2,False,7.7,6.3,7.9,,,7.4,B,3.0,True,2.56,2.62,Pass
2244,2348099,HK232_MT1007_L02,MT1007,2,False,7.9,9.0,7.0,,,7.8,B,3.0,True,3.13,3.07,Pass
2245,2306805,HK232_MT1007_L02,MT1007,2,False,6.3,5.8,6.9,,,6.5,C+,2.5,True,2.21,2.08,Pass
2246,2346899,HK232_MT1007_L02,MT1007,2,False,6.8,7.8,4.7,,,6.1,C,2.0,True,2.18,2.18,Pass
2247,2340874,HK232_MT1007_L02,MT1007,2,False,4.6,4.6,4.9,,,4.8,D,1.0,True,1.29,1.32,Pass
2248,2321020,HK232_MT1007_L02,MT1007,2,False,5.0,6.1,5.8,,,5.7,C,2.0,True,2.24,2.12,Pass
2249,2371234,HK232_MT1007_L02,MT1007,2,False,6.4,5.7,5.9,,,5.9,C,2.0,True,1.79,1.62,Pass
2250,2369841,HK232_MT1007_L02,MT1007,2,False,7.0,7.2,5.9,,,6.5,C+,2.5,True,1.97,1.86,Pass
2251,2349836,HK232_MT1007_L02,MT1007,2,False,6.7,7.2,5.9,,,6.5,C+,2.5,True,2.3,2.36,Pass
2252,2369304,HK232_MT1007_L02,MT1007,2,False,6.3,5.2,5.9,,,5.8,C,2.0,True,2.06,2.05,Pass
2253,2358756,HK232_MT1007_L02,MT1007,2,False,10.0,10.0,10.0,,,10.0,A+,4.0,True,4.0,4.0,Pass
2254,2349601,HK232_MT1007_L02,MT1007,2,False,7.5,8.5,6.0,,,7.0,B,3.0,True,3.0,3.05,Pass
2255,2358605,HK232_MT1007_L02,MT1007,2,False,7.2,5.8,6.2,,,6.3,C,2.0,True,2.44,2.35,Pass
2256,2398657,HK232_MT1007_L02,MT1007,2,False,7.4,6.4,8.0,,,7.4,B,3.0,True,2.83,2.91,Pass
2257,2374129,HK232_MT1007_L02,MT1007,2,False,6.7,5.2,6.6,,,6.2,C,2.0,True,2.47,2.41,Pass
2258,2352387,HK232_MT1007_L02,MT1007,2,False,7.8,7.2,8.8,,,8.1,B+,3.5,True,3.4,3.38,Pass
2259,2362079,HK232_MT1007_L02,MT1007,2,False,6.7,9.1,8.8,,,8.5,A,4.0,True,3.2,3.14,Pass
2260,2394604,HK232_MT1007_L02,MT1007,2,False,6.3,7.6,5.2,,,6.1,C,2.0,True,2.47,2.35,Pass
2261,2345741,HK232_MT1007_L02,MT1007,2,False,6.5,7.3,7.2,,,7.1,B,3.0,True,2.47,2.45,Pass
2262,2322799,HK232_MT1007_L02,MT1007,2,False,7.9,8.5,7.4,,,7.8,B,3.0,True,3.67,3.71,Pass
2263,2366367,HK232_MT1007_L02,MT1007,2,False,6.3,6.6,5.7,,,6.1,C,2.0,True,1.88,1.74,Pass
2264,2356247,HK232_MT1007_L02,MT1007,2,False,8.1,8.6,7.4,,,7.9,B,3.0,True,3.67,3.69,Pass
2265,2347520,HK232_MT1007_L02,MT1007,2,False,7.9,8.1,8.2,,,8.1,B+,3.5,True,3.23,3.24,Pass
2266,2344541,HK232_MT1007_L02,MT1007,2,False,7.1,6.9,8.4,,,7.7,B,3.0,True,2.4,2.53,Pass
2267,2364395,HK232_MT1007_L02,MT1007,2,False,8.8,8.5,8.5,,,8.6,A,4.0,True,3.93,3.91,Pass
2268,2376487,HK232_MT1007_L02,MT1007,2,False,4.5,3.4,3.8,,,3.8,F,0.0,False,0.18,1.0,Fail
2269,2392011,HK232_MT1007_L02,MT1007,2,False,9.1,8.6,9.1,,,8.9,A,4.0,True,4.0,4.0,Pass
2270,2323378,HK232_MT1007_L02,MT1007,2,False,7.0,7.5,7.0,,,7.2,B,3.0,True,2.53,2.3,Pass
2271,2340295,HK232_MT1007_L02,MT1007,2,False,8.4,9.1,9.3,,,9.1,A,4.0,True,3.97,3.91,Pass
2272,2368725,HK232_MT1007_L02,MT1007,2,False,7.3,8.3,8.6,,,8.2,B+,3.5,True,3.47,3.17,Pass
2273,2379382,HK232_MT1007_L02,MT1007,2,False,6.0,7.8,7.4,,,7.2,B,3.0,True,2.76,2.62,Pass
2274,2385021,HK232_MT1007_L02,MT1007,2,False,5.4,6.0,3.3,,,4.5,D,1.0,True,1.18,1.33,Pass
2275,2364630,HK232_MT1007_L02,MT1007,2,False,10.0,9.3,8.7,,,9.1,A,4.0,True,3.78,3.88,Pass
2276,2321062,HK232_MT1007_L02,MT1007,2,False,3.7,4.6,2.6,,,3.4,F,0.0,False,0.59,1.14,Fail
2277,2306268,HK232_MT1007_L02,MT1007,2,False,6.2,6.8,6.9,,,6.7,C+,2.5,True,2.06,2.15,Pass
2278,2328396,HK232_MT1007_L02,MT1007,2,False,6.0,6.4,6.8,,,6.5,C+,2.5,True,2.67,2.78,Pass
2279,2331526,HK232_MT1007_L02,MT1007,2,False,5.9,6.7,6.8,,,6.6,C+,2.5,True,2.5,2.62,Pass
2280,2364244,HK232_MT1007_L02,MT1007,2,False,7.1,6.4,6.2,,,6.4,C+,2.5,True,2.5,2.32,Pass
2281,2374708,HK232_MT1007_L02,MT1007,2,False,6.5,7.1,8.3,,,7.6,B,3.0,True,3.03,3.03,Pass
2282,2337358,HK232_MT1007_L02,MT1007,2,False,8.0,8.5,8.3,,,8.3,B+,3.5,True,3.53,3.55,Pass
2283,2394411,HK232_MT1007_L02,MT1007,2,False,6.9,6.7,5.5,,,6.1,C,2.0,True,2.24,2.24,Pass
2284,2329789,HK232_MT1007_L02,MT1007,2,False,7.7,9.9,8.1,,,8.6,A,4.0,True,3.93,3.9,Pass
2285,2333498,HK232_MT1007_L02,MT1007,2,False,9.9,8.9,8.9,,,9.1,A,4.0,True,4.0,3.9,Pass
2286,2338558,HK232_MT1007_L02,MT1007,2,False,7.8,8.5,7.5,,,7.9,B,3.0,True,3.1,3.19,Pass
2287,2389309,HK232_MT1007_L02,MT1007,2,False,6.4,7.1,6.6,,,6.7,C+,2.5,True,2.83,2.91,Pass
2288,2307040,HK232_MT1007_L02,MT1007,2,False,7.6,8.6,7.6,,,7.9,B,3.0,True,3.2,3.17,Pass
2289,2370462,HK232_MT1007_L02,MT1007,2,False,4.0,5.4,5.1,,,5.0,D+,1.5,True,1.68,1.5,Pass
2290,2389351,HK232_MT1007_L02,MT1007,2,False,6.1,7.2,6.7,,,6.7,C+,2.5,True,2.26,2.2,Pass
2291,2328589,HK232_MT1007_L02,MT1007,2,False,7.4,7.1,7.4,,,7.3,B,3.0,True,2.59,2.41,Pass
2292,2342074,HK232_MT1007_L02,MT1007,2,False,6.5,8.0,8.3,,,7.9,B,3.0,True,3.0,2.95,Pass
2293,2300050,HK232_MT1007_L02,MT1007,2,False,8.7,7.8,7.6,,,7.9,B,3.0,True,3.27,3.28,Pass
2294,2333305,HK232_MT1007_L02,MT1007,2,False,7.2,7.8,7.3,,,7.4,B,3.0,True,3.0,3.05,Pass
2295,2312486,HK232_MT1007_L02,MT1007,2,False,6.5,6.3,5.9,,,6.1,C,2.0,True,2.12,2.09,Pass
2296,2397071,HK232_MT1007_L02,MT1007,2,False,5.1,6.8,4.7,,,5.4,D+,1.5,True,2.15,2.12,Pass
2297,2314995,HK232_MT1007_L02,MT1007,2,False,9.1,8.8,9.5,,,9.2,A,4.0,True,3.58,3.61,Pass
2298,2316388,HK232_MT1007_L02,MT1007,2,False,8.0,7.0,7.4,,,7.4,B,3.0,True,2.88,2.92,Pass
2299,2338130,HK232_MT1007_L02,MT1007,2,False,10.0,10.0,8.8,,,9.4,A,4.0,True,4.0,4.0,Pass
2300,2395720,HK232_MT1007_L02,MT1007,2,False,7.7,7.5,5.9,,,6.7,C+,2.5,True,2.62,2.64,Pass
2301,2308970,HK232_MT1007_L02,MT1007,2,False,6.6,7.8,6.9,,,7.1,B,3.0,True,2.76,2.88,Pass
2302,2368532,HK232_MT1007_L02,MT1007,2,False,5.3,6.0,6.2,,,6.0,C,2.0,True,1.74,1.67,Pass
2303,2369648,HK232_MT1007_L02,MT1007,2,False,10.0,7.5,9.9,,,9.2,A,4.0,True,4.0,4.0,Pass
2304,2332147,HK232_MT1007_L02,MT1007,2,False,9.5,7.8,8.8,,,8.6,A,4.0,True,3.07,3.1,Pass
2305,2341881,HK232_MT1007_L02,MT1007,2,False,9.9,7.4,6.9,,,7.7,B,3.0,True,2.8,3.0,Pass
2306,2310363,HK232_MT1007_L02,MT1007,2,False,4.6,5.1,3.8,,,4.3,D,1.0,True,0.32,1.0,Pass
2307,2326701,HK232_MT1007_L02,MT1007,2,False,7.2,7.5,8.1,,,7.7,B,3.0,True,3.17,3.16,Pass
2308,2329403,HK232_MT1007_L02,MT1007,2,False,8.0,6.0,7.7,,,7.2,B,3.0,True,3.23,3.31,Pass
2309,2378610,HK232_MT1007_L02,MT1007,2,False,8.8,8.8,8.3,,,8.6,A,4.0,True,3.63,3.59,Pass
2310,2326659,HK232_MT1007_L02,MT1007,2,False,5.9,5.5,5.1,,,5.4,D+,1.5,True,2.12,2.11,Pass
2311,2395762,HK232_MT1007_L02,MT1007,2,False,7.4,7.8,7.6,,,7.6,B,3.0,True,3.03,3.21,Pass
2312,2340102,HK232_MT1007_L02,MT1007,2,False,6.3,6.0,5.8,,,6.0,C,2.0,True,1.82,1.56,Pass
2313,2309935,HK232_MT1007_L02,MT1007,2,False,8.9,9.4,8.5,,,8.8,A,4.0,True,4.0,4.0,Pass
2314,2375522,HK232_MT1007_L02,MT1007,2,False,5.3,5.3,5.6,,,5.4,D+,1.5,True,1.41,1.36,Pass
2315,2339716,HK232_MT1007_L02,MT1007,2,False,8.6,4.7,5.9,,,6.1,C,2.0,True,1.88,1.88,Pass
2316,2396727,HK232_MT1007_L02,MT1007,2,False,8.1,8.7,7.4,,,7.9,B,3.0,True,3.68,3.61,Pass
2317,2376252,HK232_MT1007_L03,MT1007,2,False,5.9,7.7,6.0,,,6.5,C+,2.5,True,2.71,2.47,Pass
2318,2300394,HK232_MT1007_L03,MT1007,2,False,6.6,6.0,6.4,,,6.3,C,2.0,True,2.5,2.42,Pass
2319,2399815,HK232_MT1007_L03,MT1007,2,False,6.7,7.1,8.0,,,7.5,B,3.0,True,2.56,2.8,Pass
2320,2388730,HK232_MT1007_L03,MT1007,2,False,5.8,5.7,5.2,,,5.5,C,2.0,True,2.21,2.18,Pass
2321,2321213,HK232_MT1007_L03,MT1007,2,False,6.1,7.9,8.3,,,7.7,B,3.0,True,2.53,2.55,Pass
2322,2307384,HK232_MT1007_L03,MT1007,2,False,5.9,5.6,5.7,,,5.7,C,2.0,True,1.85,1.56,Pass
2323,2349064,HK232_MT1007_L03,MT1007,2,False,5.9,7.4,5.3,,,6.1,C,2.0,True,2.09,2.39,Pass
2324,2379231,HK232_MT1007_L03,MT1007,2,False,7.0,9.1,10.0,,,9.1,A,4.0,True,3.89,3.83,Pass
2325,2363472,HK232_MT1007_L03,MT1007,2,False,8.5,9.6,7.4,,,8.3,B+,3.5,True,3.09,3.15,Pass
2326,2342997,HK232_MT1007_L03,MT1007,2,False,7.8,7.6,6.3,,,7.0,B,3.0,True,2.71,2.65,Pass
2327,2300780,HK232_MT1007_L03,MT1007,2,False,8.5,7.2,8.3,,,8.0,B+,3.5,True,3.5,3.26,Pass
2328,2380389,HK232_MT1007_L03,MT1007,2,False,5.3,3.4,5.1,,,4.6,D,1.0,True,0.32,1.0,Pass
2329,2361886,HK232_MT1007_L03,MT1007,2,False,8.4,9.7,9.5,,,9.3,A,4.0,True,3.87,3.81,Pass
2330,2396685,HK232_MT1007_L03,MT1007,2,False,6.7,6.1,5.2,,,5.8,C,2.0,True,1.65,1.75,Pass
2331,2301745,HK232_MT1007_L03,MT1007,2,False,7.3,8.9,6.5,,,7.4,B,3.0,True,2.74,2.71,Pass
2332,2311135,HK232_MT1007_L03,MT1007,2,False,3.7,4.7,6.2,,,5.2,D+,1.5,True,1.35,1.52,Pass
2333,2384828,HK232_MT1007_L03,MT1007,2,False,8.3,8.3,8.2,,,8.2,B+,3.5,True,3.33,3.34,Pass
2334,2338323,HK232_MT1007_L03,MT1007,2,False,6.6,6.5,5.8,,,6.2,C,2.0,True,2.32,2.39,Pass
2335,2389737,HK232_MT1007_L03,MT1007,2,False,7.1,9.8,6.1,,,7.4,B,3.0,True,3.13,3.19,Pass
2336,2350608,HK232_MT1007_L03,MT1007,2,False,5.7,7.0,5.8,,,6.1,C,2.0,True,2.29,2.41,Pass
2337,2395913,HK232_MT1007_L03,MT1007,2,False,8.3,6.4,6.6,,,6.9,C+,2.5,True,3.3,3.24,Pass
2338,2349408,HK232_MT1007_L03,MT1007,2,False,5.9,6.4,8.4,,,7.3,B,3.0,True,2.65,2.5,Pass
2339,2307233,HK232_MT1007_L03,MT1007,2,False,5.3,7.2,5.9,,,6.2,C,2.0,True,2.09,2.24,Pass
2340,2362272,HK232_MT1007_L03,MT1007,2,False,7.7,8.5,6.6,,,7.4,B,3.0,True,2.29,2.23,Pass
2341,2303717,HK232_MT1007_L03,MT1007,2,False,3.8,5.3,3.3,,,4.0,D,1.0,True,0.5,1.09,Pass
2342,2386993,HK232_MT1007_L03,MT1007,2,False,7.2,6.4,4.2,,,5.5,C,2.0,True,1.97,2.03,Pass
2343,2360493,HK232_MT1007_L03,MT1007,2,False,9.3,8.3,8.9,,,8.8,A,4.0,True,3.77,3.88,Pass
2344,2360728,HK232_MT1007_L03,MT1007,2,False,6.4,5.9,7.8,,,7.0,B,3.0,True,2.43,2.36,Pass
2345,2390895,HK232_MT1007_L03,MT1007,2,False,4.3,4.5,4.8,,,4.6,D,1.0,True,1.65,1.55,Pass
2346,2376101,HK232_MT1007_L03,MT1007,2,False,5.2,5.2,5.9,,,5.6,C,2.0,True,2.12,2.0,Pass
2347,2385835,HK232_MT1007_L03,MT1007,2,False,5.9,8.0,4.5,,,5.8,C,2.0,True,1.79,1.74,Pass
2348,2379961,HK232_MT1007_L03,MT1007,2,False,5.0,6.8,6.5,,,6.3,C,2.0,True,1.91,2.2,Pass
2349,2316002,HK232_MT1007_L03,MT1007,2,False,4.4,4.4,5.6,,,5.0,D+,1.5,True,1.9,1.71,Pass
2350,2300973,HK232_MT1007_L03,MT1007,2,False,7.9,6.3,7.4,,,7.2,B,3.0,True,2.26,2.44,Pass
2351,2344969,HK232_MT1007_L03,MT1007,2,False,7.0,5.0,6.2,,,6.0,C,2.0,True,2.03,2.03,Pass
2352,2341839,HK232_MT1007_L03,MT1007,2,False,6.8,7.0,7.3,,,7.1,B,3.0,True,2.35,2.41,Pass
2353,2339137,HK232_MT1007_L03,MT1007,2,False,7.7,6.1,7.0,,,6.9,C+,2.5,True,2.53,2.56,Pass
2354,2333649,HK232_MT1007_L03,MT1007,2,False,9.5,9.8,8.7,,,9.2,A,4.0,True,3.92,3.95,Pass
2355,2381312,HK232_MT1007_L03,MT1007,2,False,8.1,8.8,8.5,,,8.5,A,4.0,True,3.5,3.45,Pass
2356,2372971,HK232_MT1007_L03,MT1007,2,False,5.5,5.3,5.7,,,5.5,C,2.0,True,2.32,2.17,Pass
2357,2375329,HK232_MT1007_L03,MT1007,2,False,7.3,7.3,8.4,,,7.8,B,3.0,True,3.0,3.05,Pass
2358,2312251,HK232_MT1007_L03,MT1007,2,False,6.3,8.0,7.5,,,7.4,B,3.0,True,3.0,3.05,Pass
2359,2357598,HK232_MT1007_L03,MT1007,2,False,6.3,8.6,7.5,,,7.6,B,3.0,True,2.97,3.16,Pass
2360,2361114,HK232_MT1007_L03,MT1007,2,False,6.6,7.9,7.9,,,7.6,B,3.0,True,2.41,2.39,Pass
2361,2370227,HK232_MT1007_L03,MT1007,2,False,6.5,5.3,5.9,,,5.8,C,2.0,True,2.62,2.64,Pass
2362,2316774,HK232_MT1007_L03,MT1007,2,False,6.5,7.2,8.1,,,7.5,B,3.0,True,2.43,2.41,Pass
2363,2389544,HK232_MT1007_L03,MT1007,2,False,5.9,7.0,5.7,,,6.1,C,2.0,True,2.29,2.26,Pass
2364,2331719,HK232_MT1007_L03,MT1007,2,False,6.3,6.5,7.0,,,6.7,C+,2.5,True,2.5,2.55,Pass
2365,2338516,HK232_MT1007_L03,MT1007,2,False,8.6,8.1,8.7,,,8.5,A,4.0,True,3.33,3.29,Pass
2366,2333691,HK232_MT1007_L03,MT1007,2,False,7.4,6.9,6.2,,,6.7,C+,2.5,True,2.74,2.56,Pass
2367,2391088,HK232_MT1007_L03,MT1007,2,False,7.4,7.5,8.4,,,7.9,B,3.0,True,3.37,3.57,Pass
2368,2394176,HK232_MT1007_L03,MT1007,2,False,5.6,5.4,6.0,,,5.7,C,2.0,True,2.09,2.03,Pass
2369,2370806,HK232_MT1007_L03,MT1007,2,False,7.1,7.7,6.2,,,6.8,C+,2.5,True,2.44,2.41,Pass
2370,2338902,HK232_MT1007_L03,MT1007,2,False,6.2,8.5,7.3,,,7.4,B,3.0,True,2.85,2.64,Pass
2371,2389695,HK232_MT1007_L03,MT1007,2,False,8.0,7.7,7.4,,,7.6,B,3.0,True,2.76,2.89,Pass
2372,2329210,HK232_MT1007_L03,MT1007,2,False,10.0,7.4,5.6,,,7.0,B,3.0,True,2.5,2.33,Pass
2373,2399043,HK232_MT1007_L03,MT1007,2,False,8.0,7.0,7.0,,,7.2,B,3.0,True,3.37,3.29,Pass
2374,2370848,HK232_MT1007_L03,MT1007,2,False,5.0,5.3,4.8,,,5.0,D+,1.5,True,0.82,1.32,Pass
2375,2367718,HK232_MT1007_L03,MT1007,2,False,7.1,7.3,6.9,,,7.1,B,3.0,True,2.82,2.64,Pass
2376,2315809,HK232_MT1007_L03,MT1007,2,False,6.2,6.0,6.1,,,6.1,C,2.0,True,2.0,1.95,Pass
2377,2342267,HK232_MT1007_L03,MT1007,2,False,9.9,9.6,9.3,,,9.5,A+,4.0,True,4.0,4.0,Pass
2378,2399622,HK232_MT1007_L03,MT1007,2,False,7.6,9.3,8.2,,,8.4,B+,3.5,True,3.43,3.22,Pass
2379,2318511,HK232_MT1007_L03,MT1007,2,False,4.4,4.3,3.8,,,4.1,D,1.0,True,0.33,1.0,Pass
2380,2324922,HK232_MT1007_L03,MT1007,2,False,6.6,7.3,6.7,,,6.9,C+,2.5,True,2.68,2.48,Pass
2381,2321641,HK232_MT1007_L03,MT1007,2,False,6.8,7.7,6.7,,,7.0,B,3.0,True,2.7,2.36,Pass
2382,2344390,HK232_MT1007_L03,MT1007,2,False,9.5,6.8,6.4,,,7.1,B,3.0,True,2.79,2.83,Pass
2383,2327431,HK232_MT1007_L03,MT1007,2,False,8.1,9.1,8.3,,,8.5,A,4.0,True,3.73,3.62,Pass
2384,2368683,HK232_MT1007_L03,MT1007,2,False,6.9,8.5,7.8,,,7.8,B,3.0,True,2.97,3.09,Pass
2385,2316925,HK232_MT1007_L03,MT1007,2,False,7.0,6.0,8.0,,,7.2,B,3.0,True,2.09,2.15,Pass
2386,2365595,HK232_MT1007_L03,MT1007,2,False,6.5,4.9,7.7,,,6.6,C+,2.5,True,2.77,2.6,Pass
2387,2322606,HK232_MT1007_L03,MT1007,2,False,8.6,7.3,5.7,,,6.8,C+,2.5,True,2.5,2.38,Pass
2388,2337979,HK232_MT1007_L03,MT1007,2,False,6.7,8.4,9.0,,,8.4,B+,3.5,True,3.23,3.1,Pass
2389,2397264,HK232_MT1007_L03,MT1007,2,False,6.4,6.6,6.5,,,6.5,C+,2.5,True,1.88,2.11,Pass
2390,2333884,HK232_MT1007_L03,MT1007,2,False,4.9,4.4,6.5,,,5.6,C,2.0,True,0.27,1.43,Pass
2391,2345355,HK232_MT1007_L03,MT1007,2,False,7.1,8.7,8.2,,,8.1,B+,3.5,True,3.33,3.36,Pass
2392,2349022,HK232_MT1007_L03,MT1007,2,False,5.2,6.1,7.4,,,6.6,C+,2.5,True,1.85,1.8,Pass
2393,2300822,HK232_MT1007_L03,MT1007,2,False,7.8,9.2,8.8,,,8.7,A,4.0,True,3.37,3.52,Pass
2394,2388537,HK232_MT1007_L03,MT1007,2,False,6.8,6.9,7.0,,,6.9,C+,2.5,True,2.44,2.33,Pass
2395,2385256,HK232_MT1007_L03,MT1007,2,False,6.7,6.4,5.9,,,6.2,C,2.0,True,2.2,2.1,Pass
2396,2309356,HK232_MT1007_L03,MT1007,2,False,7.6,7.8,8.7,,,8.2,B+,3.5,True,3.0,2.85,Pass
2397,2384870,HK232_MT1007_L03,MT1007,2,False,7.7,6.0,6.5,,,6.6,C+,2.5,True,2.29,2.2,Pass
2398,2311286,HK232_MT1007_L03,MT1007,2,False,7.7,7.2,7.3,,,7.3,B,3.0,True,3.06,2.8,Pass
2399,2311714,HK232_MT1007_L03,MT1007,2,False,8.3,7.2,7.5,,,7.6,B,3.0,True,3.2,3.17,Pass
2400,2385214,HK232_MT1007_L03,MT1007,2,False,5.1,7.2,7.4,,,6.9,C+,2.5,True,2.97,2.73,Pass
2401,2366174,HK232_MT1007_L03,MT1007,2,False,8.8,10.0,9.9,,,9.7,A+,4.0,True,3.87,3.93,Pass
2402,2318276,HK232_MT1007_L03,MT1007,2,False,6.3,7.0,6.2,,,6.5,C+,2.5,True,2.6,2.55,Pass
2403,2362851,HK232_MT1007_L03,MT1007,2,False,10.0,6.6,6.9,,,7.4,B,3.0,True,2.56,2.45,Pass
2404,2354275,HK232_MT1007_L03,MT1007,2,False,6.4,6.4,7.0,,,6.7,C+,2.5,True,2.15,2.15,Pass
2405,2360342,HK232_MT1007_L03,MT1007,2,False,4.7,4.7,5.7,,,5.2,D+,1.5,True,1.35,1.33,Pass
2406,2360535,HK232_MT1007_L03,MT1007,2,False,10.0,9.1,9.0,,,9.2,A,4.0,True,3.87,3.88,Pass
2407,2389888,HK232_MT1007_L03,MT1007,2,False,5.9,5.1,5.7,,,5.6,C,2.0,True,1.74,1.38,Pass
2408,2365788,HK232_MT1007_L03,MT1007,2,False,6.7,7.8,6.7,,,7.0,B,3.0,True,3.17,3.28,Pass
2409,2377838,HK232_MT1007_L03,MT1007,2,False,7.1,6.3,8.1,,,7.4,B,3.0,True,2.56,2.48,Pass
2410,2344348,HK232_MT1007_L03,MT1007,2,False,6.1,5.9,4.3,,,5.1,D+,1.5,True,1.85,1.79,Pass
2411,2359528,HK232_MT1007_L03,MT1007,2,False,5.5,5.4,6.4,,,5.9,C,2.0,True,1.74,1.64,Pass
2412,2300201,HK232_MT1007_L03,MT1007,2,False,7.2,6.3,7.7,,,7.2,B,3.0,True,3.35,3.12,Pass
2413,2379038,HK232_MT1007_L03,MT1007,2,False,9.6,8.8,10.0,,,9.6,A+,4.0,True,4.0,3.83,Pass
2414,2331333,HK232_MT1007_L03,MT1007,2,False,6.5,7.0,6.1,,,6.5,C+,2.5,True,2.06,2.08,Pass
2415,2353545,HK232_MT1007_L03,MT1007,2,False,6.9,6.2,5.4,,,5.9,C,2.0,True,1.68,1.68,Pass
2416,2384484,HK232_MT1007_L03,MT1007,2,False,7.2,6.9,5.3,,,6.2,C,2.0,True,2.5,2.44,Pass
2417,2386028,HK232_MT1007_L03,MT1007,2,False,9.5,8.0,10.0,,,9.3,A,4.0,True,3.97,3.98,Pass
2418,2372199,HK232_MT1007_L03,MT1007,2,False,6.5,5.7,5.7,,,5.9,C,2.0,True,1.82,1.91,Pass
2419,2334270,HK232_MT1007_L03,MT1007,2,False,6.8,7.3,6.8,,,6.9,C+,2.5,True,2.35,2.45,Pass
2420,2352152,HK232_MT1007_L03,MT1007,2,False,8.6,7.8,7.5,,,7.8,B,3.0,True,3.03,3.02,Pass
2421,2354468,HK232_MT1007_L03,MT1007,2,False,3.5,5.4,4.3,,,4.5,D,1.0,True,1.5,1.5,Pass
2422,2332919,HK232_MT1007_L03,MT1007,2,False,8.0,7.0,8.2,,,7.8,B,3.0,True,3.7,3.6,Pass
2423,2366560,HK232_MT1007_L03,MT1007,2,False,9.1,8.0,8.7,,,8.6,A,4.0,True,3.33,3.29,Pass
2424,2301015,HK232_MT1007_L03,MT1007,2,False,4.7,5.5,5.9,,,5.5,C,2.0,True,1.29,1.33,Pass
2425,2318897,HK232_MT1007_L03,MT1007,2,False,5.7,7.7,7.8,,,7.3,B,3.0,True,2.71,2.56,Pass
2426,2312100,HK232_MT1007_L03,MT1007,2,False,8.1,8.1,9.6,,,8.8,A,4.0,True,3.37,3.41,Pass
2427,2317546,HK232_MT1007_L03,MT1007,2,False,7.1,9.0,7.8,,,8.0,B+,3.5,True,3.07,3.28,Pass
2428,2310170,HK232_MT1007_L03,MT1007,2,False,7.4,6.2,6.2,,,6.4,C+,2.5,True,2.53,2.62,Pass
2429,2374364,HK232_MT1007_L03,MT1007,2,False,8.0,7.9,7.8,,,7.9,B,3.0,True,3.6,3.38,Pass
2430,2311093,HK232_MT1007_L03,MT1007,2,False,5.3,5.0,3.5,,,4.3,D,1.0,True,1.74,1.83,Pass
2431,2343190,HK232_MT1007_L03,MT1007,2,False,10.0,8.5,8.6,,,8.8,A,4.0,True,4.0,4.0,Pass
2432,2328245,HK232_MT1007_L03,MT1007,2,False,6.8,7.4,6.3,,,6.7,C+,2.5,True,2.32,2.38,Pass
2433,2386758,HK232_MT1007_L04,MT1007,2,False,8.4,7.8,8.3,,,8.2,B+,3.5,True,3.37,3.31,Pass
2434,2350801,HK232_MT1007_L04,MT1007,2,False,7.9,7.3,7.9,,,7.7,B,3.0,True,3.15,3.2,Pass
2435,2381740,HK232_MT1007_L04,MT1007,2,False,6.7,7.6,6.5,,,6.9,C+,2.5,True,2.47,2.29,Pass
2436,2332340,HK232_MT1007_L04,MT1007,2,False,6.2,6.9,6.3,,,6.5,C+,2.5,True,2.26,2.29,Pass
2437,2326273,HK232_MT1007_L04,MT1007,2,False,5.8,5.9,8.8,,,7.3,B,3.0,True,2.47,2.36,Pass
2438,2386607,HK232_MT1007_L04,MT1007,2,False,6.5,7.8,7.6,,,7.4,B,3.0,True,3.47,3.34,Pass
2439,2324536,HK232_MT1007_L04,MT1007,2,False,5.5,7.1,5.8,,,6.1,C,2.0,True,2.15,2.39,Pass
2440,2358563,HK232_MT1007_L04,MT1007,2,False,8.9,6.9,8.4,,,8.1,B+,3.5,True,3.37,3.41,Pass
2441,2387765,HK232_MT1007_L04,MT1007,2,False,3.9,4.8,4.5,,,4.5,D,1.0,True,0.14,1.0,Pass
2442,2316967,HK232_MT1007_L04,MT1007,2,False,6.0,7.6,7.7,,,7.3,B,3.0,True,3.0,3.14,Pass
2443,2353503,HK232_MT1007_L04,MT1007,2,False,9.3,9.4,7.2,,,8.3,B+,3.5,True,2.93,2.9,Pass
2444,2391818,HK232_MT1007_L04,MT1007,2,False,7.6,6.7,6.6,,,6.8,C+,2.5,True,2.18,2.38,Pass
2445,2360107,HK232_MT1007_L04,MT1007,2,False,4.5,6.2,6.9,,,6.2,C,2.0,True,2.18,2.09,Pass
2446,2395527,HK232_MT1007_L04,MT1007,2,False,5.1,6.0,4.4,,,5.0,D+,1.5,True,1.94,1.86,Pass
2447,2362658,HK232_MT1007_L04,MT1007,2,False,7.5,6.9,6.3,,,6.7,C+,2.5,True,2.9,3.02,Pass
2448,2313065,HK232_MT1007_L04,MT1007,2,False,8.1,10.0,10.0,,,9.6,A+,4.0,True,3.67,3.81,Pass
2449,2301938,HK232_MT1007_L04,MT1007,2,False,8.5,7.4,7.0,,,7.4,B,3.0,True,3.32,3.44,Pass
2450,2310707,HK232_MT1007_L04,MT1007,2,False,10.0,9.0,10.0,,,9.7,A+,4.0,True,3.87,3.93,Pass
2451,2339909,HK232_MT1007_L04,MT1007,2,False,5.9,6.1,4.2,,,5.1,D+,1.5,True,1.93,1.97,Pass
2452,2305882,HK232_MT1007_L04,MT1007,2,False,6.6,6.4,6.1,,,6.3,C,2.0,True,2.26,2.38,Pass
2453,2330754,HK232_MT1007_L04,MT1007,2,False,9.3,9.3,9.0,,,9.2,A,4.0,True,3.97,3.98,Pass
2454,2331761,HK232_MT1007_L04,MT1007,2,False,6.3,6.3,6.2,,,6.2,C,2.0,True,1.91,1.95,Pass
2455,2379424,HK232_MT1007_L04,MT1007,2,False,7.4,7.5,6.5,,,7.0,B,3.0,True,2.79,2.83,Pass
2456,2375480,HK232_MT1007_L04,MT1007,2,False,9.7,8.9,9.4,,,9.3,A,4.0,True,3.89,3.88,Pass
2457,2318704,HK232_MT1007_L04,MT1007,2,False,6.7,6.0,5.8,,,6.0,C,2.0,True,2.12,2.12,Pass
2458,2378417,HK232_MT1007_L04,MT1007,2,False,6.1,5.4,5.5,,,5.6,C,2.0,True,2.15,2.15,Pass
2459,2341453,HK232_MT1007_L04,MT1007,2,False,7.4,6.0,7.3,,,6.9,C+,2.5,True,3.12,3.14,Pass
2460,2322220,HK232_MT1007_L04,MT1007,2,False,6.8,6.2,6.6,,,6.5,C+,2.5,True,2.33,2.43,Pass
2461,2312872,HK232_MT1007_L04,MT1007,2,False,10.0,9.3,9.7,,,9.6,A+,4.0,True,3.97,3.91,Pass
2462,2369069,HK232_MT1007_L04,MT1007,2,False,8.0,8.3,7.2,,,7.7,B,3.0,True,2.91,3.05,Pass
2463,2330947,HK232_MT1007_L04,MT1007,2,False,7.9,7.3,6.9,,,7.2,B,3.0,True,3.18,3.18,Pass
2464,2302945,HK232_MT1007_L04,MT1007,2,False,6.8,6.5,6.9,,,6.8,C+,2.5,True,2.12,2.23,Pass
2465,2393597,HK232_MT1007_L04,MT1007,2,False,7.2,7.0,7.7,,,7.4,B,3.0,True,3.13,3.03,Pass
2466,2389930,HK232_MT1007_L04,MT1007,2,False,7.0,6.5,5.6,,,6.2,C,2.0,True,2.13,2.19,Pass
2467,2385600,HK232_MT1007_L04,MT1007,2,False,3.3,5.2,4.9,,,4.7,D,1.0,True,0.55,1.18,Pass
2468,2301594,HK232_MT1007_L04,MT1007,2,False,5.8,6.3,5.6,,,5.8,C,2.0,True,1.21,1.41,Pass
2469,2335235,HK232_MT1007_L04,MT1007,2,False,8.3,8.6,9.3,,,8.9,A,4.0,True,3.97,3.86,Pass
2470,2327473,HK232_MT1007_L04,MT1007,2,False,3.6,4.6,1.9,,,3.0,F,0.0,False,0.62,1.38,Fail
2471,2317118,HK232_MT1007_L04,MT1007,2,False,5.2,6.4,6.9,,,6.4,C+,2.5,True,2.44,2.29,Pass
2472,2347134,HK232_MT1007_L04,MT1007,2,False,8.9,8.8,8.6,,,8.7,A,4.0,True,3.5,3.48,Pass
2473,2359335,HK232_MT1007_L04,MT1007,2,False,6.7,6.6,5.8,,,6.2,C,2.0,True,2.62,2.7,Pass
2474,2325115,HK232_MT1007_L04,MT1007,2,False,6.8,7.1,7.0,,,7.0,B,3.0,True,2.35,2.23,Pass
2475,2348292,HK232_MT1007_L04,MT1007,2,False,8.3,8.5,8.3,,,8.4,B+,3.5,True,3.1,3.07,Pass
2476,2349450,HK232_MT1007_L04,MT1007,2,False,9.7,7.5,6.8,,,7.6,B,3.0,True,3.06,3.03,Pass
2477,2313644,HK232_MT1007_L04,MT1007,2,False,5.4,5.5,6.6,,,6.0,C,2.0,True,2.13,2.16,Pass
2478,2377066,HK232_MT1007_L04,MT1007,2,False,7.3,7.3,8.3,,,7.8,B,3.0,True,3.0,3.16,Pass
2479,2337937,HK232_MT1007_L04,MT1007,2,False,5.7,6.1,5.9,,,5.9,C,2.0,True,1.4,1.71,Pass
2480,2388344,HK232_MT1007_L04,MT1007,2,False,7.4,7.3,8.7,,,8.0,B+,3.5,True,3.17,3.26,Pass
2481,2391474,HK232_MT1007_L04,MT1007,2,False,6.1,6.0,6.5,,,6.3,C,2.0,True,2.53,2.45,Pass
2482,2365360,HK232_MT1007_L04,MT1007,2,False,6.8,8.1,8.2,,,7.9,B,3.0,True,3.23,3.41,Pass
2483,2321792,HK232_MT1007_L04,MT1007,2,False,7.1,6.9,7.4,,,7.2,B,3.0,True,3.07,3.07,Pass
2484,2394948,HK232_MT1007_L04,MT1007,2,False,4.0,3.5,3.5,,,3.6,F,0.0,False,0.18,1.0,Fail
2485,2300587,HK232_MT1007_L04,MT1007,2,False,3.8,6.7,5.4,,,5.5,C,2.0,True,2.38,2.53,Pass
2486,2397306,HK232_MT1007_L04,MT1007,2,False,7.5,6.7,6.1,,,6.6,C+,2.5,True,2.65,2.61,Pass
2487,2397692,HK232_MT1007_L04,MT1007,2,False,6.0,5.4,6.6,,,6.1,C,2.0,True,2.44,2.21,Pass
2488,2376059,HK232_MT1007_L04,MT1007,2,False,5.4,5.5,5.7,,,5.6,C,2.0,True,1.93,1.93,Pass
2489,2374322,HK232_MT1007_L04,MT1007,2,False,4.8,5.5,5.8,,,5.5,C,2.0,True,1.68,1.56,Pass
2490,2321599,HK232_MT1007_L04,MT1007,2,False,6.8,7.9,8.5,,,8.0,B+,3.5,True,2.79,2.67,Pass
2491,2313258,HK232_MT1007_L04,MT1007,2,False,8.0,7.5,9.0,,,8.3,B+,3.5,True,3.5,3.3,Pass
2492,2351766,HK232_MT1007_L04,MT1007,2,False,6.3,6.0,5.2,,,5.7,C,2.0,True,1.79,1.77,Pass
2493,2322027,HK232_MT1007_L04,MT1007,2,False,7.9,6.9,6.8,,,7.0,B,3.0,True,2.35,2.23,Pass
2494,2365981,HK232_MT1007_L04,MT1007,2,False,5.0,5.2,5.9,,,5.5,C,2.0,True,1.68,1.76,Pass
2495,2345548,HK232_MT1007_L04,MT1007,2,False,5.2,7.9,7.2,,,7.0,B,3.0,True,2.41,2.38,Pass
2496,2336007,HK232_MT1007_L04,MT1007,2,False,5.9,5.8,6.5,,,6.2,C,2.0,True,2.26,2.18,Pass
2497,2384442,HK232_MT1007_L04,MT1007,2,False,7.4,5.2,6.0,,,6.0,C,2.0,True,2.35,2.29,Pass
2498,2336972,HK232_MT1007_L04,MT1007,2,False,5.7,6.8,5.8,,,6.1,C,2.0,True,1.59,1.61,Pass
2499,2385449,HK232_MT1007_L04,MT1007,2,False,8.4,8.4,7.9,,,8.2,B+,3.5,True,3.32,3.32,Pass
2500,2334463,HK232_MT1007_L04,MT1007,2,False,7.0,5.5,8.2,,,7.1,B,3.0,True,2.5,2.56,Pass
2501,2307577,HK232_MT1007_L04,MT1007,2,False,8.9,7.8,8.7,,,8.5,A,4.0,True,3.87,3.83,Pass
2502,2319669,HK232_MT1007_L04,MT1007,2,False,7.4,5.0,7.8,,,6.9,C+,2.5,True,2.24,2.18,Pass
2503,2339095,HK232_MT1007_L04,MT1007,2,False,8.2,6.9,6.5,,,7.0,B,3.0,True,2.5,2.42,Pass
2504,2310942,HK232_MT1007_L04,MT1007,2,False,3.9,4.7,3.9,,,4.1,D,1.0,True,0.57,1.11,Pass
2505,2305261,HK232_MT1007_L04,MT1007,2,False,8.6,9.2,9.3,,,9.1,A,4.0,True,4.0,3.95,Pass
2506,2393404,HK232_MT1007_L04,MT1007,2,False,7.1,8.8,7.5,,,7.8,B,3.0,True,2.71,2.74,Pass
2507,2385407,HK232_MT1007_L04,MT1007,2,False,6.0,6.1,5.2,,,5.6,C,2.0,True,1.88,1.8,Pass
2508,2379810,HK232_MT1007_L04,MT1007,2,False,7.7,7.0,6.0,,,6.6,C+,2.5,True,2.5,2.72,Pass
2509,2341067,HK232_MT1007_L04,MT1007,2,False,6.8,8.5,8.0,,,7.9,B,3.0,True,3.13,3.02,Pass
2510,2305068,HK232_MT1007_L04,MT1007,2,False,8.5,10.0,9.1,,,9.2,A,4.0,True,3.97,3.98,Pass
2511,2379575,HK232_MT1007_L04,MT1007,2,False,5.8,5.8,6.2,,,6.0,C,2.0,True,1.97,1.98,Pass
2512,2382319,HK232_MT1007_L04,MT1007,2,False,4.9,5.1,4.7,,,4.9,D,1.0,True,1.74,1.89,Pass
2513,2311521,HK232_MT1007_L04,MT1007,2,False,8.1,8.9,8.2,,,8.4,B+,3.5,True,3.37,3.31,Pass
2514,2317739,HK232_MT1007_L04,MT1007,2,False,8.2,8.3,7.4,,,7.8,B,3.0,True,3.13,3.16,Pass
2515,2348871,HK232_MT1007_L04,MT1007,2,False,6.6,7.5,9.0,,,8.1,B+,3.5,True,3.1,3.12,Pass
2516,2311865,HK232_MT1007_L04,MT1007,2,False,6.9,5.8,6.2,,,6.2,C,2.0,True,2.21,2.41,Pass
2517,2390660,HK232_MT1007_L04,MT1007,2,False,5.1,6.3,5.6,,,5.7,C,2.0,True,1.76,1.74,Pass
2518,2304875,HK232_MT1007_L04,MT1007,2,False,4.2,4.9,6.1,,,5.4,D+,1.5,True,1.71,1.58,Pass
2519,2313837,HK232_MT1007_L04,MT1007,2,False,8.3,7.4,9.1,,,8.4,B+,3.5,True,2.97,2.94,Pass
2520,2379189,HK232_MT1007_L04,MT1007,2,False,7.8,7.8,7.9,,,7.8,B,3.0,True,3.2,3.36,Pass
2521,2314416,HK232_MT1007_L04,MT1007,2,False,6.9,5.7,7.3,,,6.7,C+,2.5,True,2.59,2.58,Pass
2522,2337207,HK232_MT1007_L04,MT1007,2,False,6.8,7.5,6.0,,,6.6,C+,2.5,True,2.88,2.82,Pass
2523,2308391,HK232_MT1007_L04,MT1007,2,False,9.4,9.2,9.0,,,9.1,A,4.0,True,3.69,3.78,Pass
2524,2304103,HK232_MT1007_L04,MT1007,2,False,2.5,6.0,5.5,,,5.0,D+,1.5,True,1.82,1.76,Pass
2525,2343383,HK232_MT1007_L04,MT1007,2,False,6.9,7.2,6.2,,,6.6,C+,2.5,True,2.0,1.83,Pass
2526,2326466,HK232_MT1007_L04,MT1007,2,False,4.2,4.6,6.5,,,5.5,C,2.0,True,1.71,1.45,Pass
2527,2302366,HK232_MT1007_L04,MT1007,2,False,7.1,6.7,7.1,,,7.0,B,3.0,True,2.76,2.74,Pass
2528,2387379,HK232_MT1007_L04,MT1007,2,False,5.7,8.0,6.5,,,6.8,C+,2.5,True,2.5,2.56,Pass
2529,2399429,HK232_MT1007_L04,MT1007,2,False,6.8,6.6,5.4,,,6.0,C,2.0,True,2.32,2.2,Pass
2530,2325929,HK232_MT1007_L04,MT1007,2,False,6.4,5.0,5.2,,,5.4,D+,1.5,True,1.47,1.44,Pass
2531,2348057,HK232_MT1007_L04,MT1007,2,False,9.8,6.3,7.8,,,7.8,B,3.0,True,3.47,3.5,Pass
2532,2395334,HK232_MT1007_L04,MT1007,2,False,6.9,8.0,10.0,,,8.8,A,4.0,True,3.47,3.58,Pass
2533,2329596,HK232_MT1007_L04,MT1007,2,False,8.2,7.7,7.4,,,7.7,B,3.0,True,2.97,3.17,Pass
2534,2355089,HK232_MT1007_L04,MT1007,2,False,10.0,9.0,9.0,,,9.2,A,4.0,True,3.97,3.93,Pass
2535,2366753,HK232_MT1007_L04,MT1007,2,False,9.7,9.5,9.6,,,9.6,A+,4.0,True,4.0,4.0,Pass
2536,2384677,HK232_MT1007_L04,MT1007,2,False,5.5,6.2,6.3,,,6.1,C,2.0,True,2.43,2.24,Pass
2537,2333842,HK232_MT1007_L04,MT1007,2,False,7.8,8.0,7.3,,,7.6,B,3.0,True,3.33,3.24,Pass
2538,2322413,HK232_MT1007_L04,MT1007,2,False,9.0,8.5,8.2,,,8.4,B+,3.5,True,3.6,3.52,Pass
2539,2367911,HK232_MT1007_L04,MT1007,2,False,6.4,8.8,8.6,,,8.2,B+,3.5,True,3.23,3.17,Pass
2540,2378652,HK232_MT1007_L04,MT1007,2,False,7.6,7.1,8.0,,,7.7,B,3.0,True,3.03,3.24,Pass
2541,2383284,HK232_MT1007_L04,MT1007,2,False,7.1,6.4,6.7,,,6.7,C+,2.5,True,2.21,2.21,Pass
2542,2346706,HK232_MT1007_L04,MT1007,2,False,8.9,9.0,7.1,,,8.0,B+,3.5,True,3.17,3.26,Pass
2543,2392825,HK232_MT1007_L04,MT1007,2,False,5.5,3.9,4.8,,,4.7,D,1.0,True,1.37,1.6,Pass
2544,2380775,HK232_MT1007_L04,MT1007,2,False,7.3,7.0,6.1,,,6.6,C+,2.5,True,2.21,2.55,Pass
2545,2342418,HK232_MT1007_L04,MT1007,2,False,5.9,5.5,6.0,,,5.8,C,2.0,True,1.56,1.56,Pass
2546,2364437,HK232_MT1007_L04,MT1007,2,False,10.0,8.9,8.2,,,8.8,A,4.0,True,3.23,3.38,Pass
2547,2309742,HK232_MT1007_L04,MT1007,2,False,6.2,6.3,6.9,,,6.6,C+,2.5,True,2.29,2.42,Pass
2548,2362893,HK232_MT1007_L04,MT1007,2,False,3.6,6.4,5.3,,,5.3,D+,1.5,True,1.29,1.38,Pass
2549,2300629,HK232_MT1007_L05,MT1007,2,False,5.9,6.3,6.2,,,6.2,C,2.0,True,2.09,1.97,Pass
2550,2306461,HK232_MT1007_L05,MT1007,2,False,3.6,4.1,2.5,,,3.2,F,0.0,False,0.2,1.0,Fail
2551,2315616,HK232_MT1007_L05,MT1007,2,False,9.1,6.4,7.9,,,7.7,B,3.0,True,3.26,3.21,Pass
2552,2359721,HK232_MT1007_L05,MT1007,2,False,7.3,6.8,6.8,,,6.9,C+,2.5,True,2.68,2.56,Pass
2553,2358026,HK232_MT1007_L05,MT1007,2,False,4.9,6.3,5.6,,,5.7,C,2.0,True,2.03,2.06,Pass
2554,2353352,HK232_MT1007_L05,MT1007,2,False,8.0,8.3,7.2,,,7.7,B,3.0,True,2.8,2.79,Pass
2555,2386414,HK232_MT1007_L05,MT1007,2,False,8.4,6.1,8.8,,,7.9,B,3.0,True,3.0,3.02,Pass
2556,2320055,HK232_MT1007_L05,MT1007,2,False,5.8,6.5,6.1,,,6.2,C,2.0,True,2.09,2.3,Pass
2557,2338172,HK232_MT1007_L05,MT1007,2,False,6.2,7.3,8.2,,,7.5,B,3.0,True,3.21,3.26,Pass
2558,2334656,HK232_MT1007_L05,MT1007,2,False,7.1,7.1,7.5,,,7.3,B,3.0,True,3.1,3.19,Pass
2559,2322950,HK232_MT1007_L05,MT1007,2,False,6.8,7.3,4.8,,,5.9,C,2.0,True,2.35,2.47,Pass
2560,2358219,HK232_MT1007_L05,MT1007,2,False,8.6,8.1,7.3,,,7.8,B,3.0,True,3.33,3.31,Pass
2561,2341646,HK232_MT1007_L05,MT1007,2,False,8.2,6.5,6.7,,,6.9,C+,2.5,True,2.53,2.38,Pass
2562,2308777,HK232_MT1007_L05,MT1007,2,False,7.3,6.2,5.8,,,6.2,C,2.0,True,2.41,2.42,Pass
2563,2369690,HK232_MT1007_L05,MT1007,2,False,9.8,7.2,7.5,,,7.9,B,3.0,True,3.07,3.02,Pass
2564,2338365,HK232_MT1007_L05,MT1007,2,False,7.3,6.4,7.3,,,7.0,B,3.0,True,2.7,2.62,Pass
2565,2325887,HK232_MT1007_L05,MT1007,2,False,7.3,8.0,8.2,,,8.0,B+,3.5,True,3.07,3.09,Pass
2566,2328010,HK232_MT1007_L05,MT1007,2,False,5.4,5.8,5.2,,,5.4,D+,1.5,True,1.74,1.67,Pass
2567,2303524,HK232_MT1007_L05,MT1007,2,False,7.2,8.4,8.1,,,8.0,B+,3.5,True,3.2,3.1,Pass
2568,2350029,HK232_MT1007_L05,MT1007,2,False,4.7,5.6,6.0,,,5.6,C,2.0,True,1.5,1.5,Pass
2569,2363430,HK232_MT1007_L05,MT1007,2,False,7.3,7.3,8.4,,,7.8,B,3.0,True,2.71,2.92,Pass
2570,2323764,HK232_MT1007_L05,MT1007,2,False,5.4,4.9,4.6,,,4.8,D,1.0,True,1.56,1.71,Pass
2571,2365167,HK232_MT1007_L05,MT1007,2,False,5.7,5.4,5.3,,,5.4,D+,1.5,True,1.59,1.61,Pass
2572,2374750,HK232_MT1007_L05,MT1007,2,False,7.0,6.4,7.3,,,7.0,B,3.0,True,3.0,3.02,Pass
2573,2323185,HK232_MT1007_L05,MT1007,2,False,6.5,4.6,6.8,,,6.1,C,2.0,True,2.37,2.4,Pass
2574,2369262,HK232_MT1007_L05,MT1007,2,False,8.3,6.7,9.2,,,8.3,B+,3.5,True,3.33,3.36,Pass
2575,2390467,HK232_MT1007_L05,MT1007,2,False,7.1,7.1,7.9,,,7.5,B,3.0,True,3.0,2.94,Pass
2576,2351380,HK232_MT1007_L05,MT1007,2,False,6.4,6.3,6.8,,,6.6,C+,2.5,True,2.5,2.64,Pass
2577,2385642,HK232_MT1007_L05,MT1007,2,False,10.0,7.8,9.0,,,8.8,A,4.0,True,4.0,3.95,Pass
2578,2321985,HK232_MT1007_L05,MT1007,2,False,7.9,7.8,7.4,,,7.6,B,3.0,True,3.13,3.26,Pass
2579,2310749,HK232_MT1007_L05,MT1007,2,False,6.0,5.6,5.7,,,5.7,C,2.0,True,1.4,1.59,Pass
2580,2350415,HK232_MT1007_L05,MT1007,2,False,4.6,3.4,4.4,,,4.1,D,1.0,True,0.14,1.0,Pass
2581,2389502,HK232_MT1007_L05,MT1007,2,False,8.5,7.5,7.6,,,7.8,B,3.0,True,3.43,3.41,Pass
2582,2306654,HK232_MT1007_L05,MT1007,2,False,4.5,4.8,4.8,,,4.7,D,1.0,True,1.23,1.31,Pass
2583,2380347,HK232_MT1007_L05,MT1007,2,False,5.0,8.5,8.3,,,7.7,B,3.0,True,3.27,3.14,Pass
2584,2381547,HK232_MT1007_L05,MT1007,2,False,5.7,5.5,7.2,,,6.4,C+,2.5,True,2.06,1.8,Pass
2585,2347671,HK232_MT1007_L05,MT1007,2,False,6.0,5.5,4.4,,,5.1,D+,1.5,True,1.7,1.67,Pass
2586,2391046,HK232_MT1007_L05,MT1007,2,False,7.8,7.0,7.7,,,7.5,B,3.0,True,2.41,2.36,Pass
2587,2387572,HK232_MT1007_L05,MT1007,2,False,7.4,7.3,7.6,,,7.5,B,3.0,True,3.1,3.07,Pass
2588,2394562,HK232_MT1007_L05,MT1007,2,False,8.7,7.3,5.8,,,6.8,C+,2.5,True,2.83,2.9,Pass
2589,2305496,HK232_MT1007_L05,MT1007,2,False,5.1,6.7,6.3,,,6.2,C,2.0,True,2.29,2.32,Pass
2590,2381119,HK232_MT1007_L05,MT1007,2,False,6.9,7.3,5.1,,,6.1,C,2.0,True,1.91,1.95,Pass
2591,2339330,HK232_MT1007_L05,MT1007,2,False,7.1,6.0,5.3,,,5.9,C,2.0,True,1.5,1.39,Pass
2592,2310128,HK232_MT1007_L05,MT1007,2,False,4.6,6.1,7.5,,,6.5,C+,2.5,True,1.44,1.52,Pass
2593,2347864,HK232_MT1007_L05,MT1007,2,False,6.1,6.3,5.3,,,5.8,C,2.0,True,1.43,1.55,Pass
2594,2307770,HK232_MT1007_L05,MT1007,2,False,6.3,6.8,7.4,,,7.0,B,3.0,True,3.4,3.33,Pass
2595,2368876,HK232_MT1007_L05,MT1007,2,False,5.8,7.4,4.9,,,5.8,C,2.0,True,2.12,1.94,Pass
2596,2320248,HK232_MT1007_L05,MT1007,2,False,8.9,9.3,9.3,,,9.2,A,4.0,True,4.0,4.0,Pass
2597,2347906,HK232_MT1007_L05,MT1007,2,False,7.8,8.0,5.7,,,6.8,C+,2.5,True,3.0,3.18,Pass
2598,2346320,HK232_MT1007_L05,MT1007,2,False,5.6,5.8,6.7,,,6.2,C,2.0,True,2.18,2.17,Pass
2599,2352538,HK232_MT1007_L05,MT1007,2,False,6.0,6.9,5.9,,,6.2,C,2.0,True,2.09,2.2,Pass
2600,2300243,HK232_MT1007_L05,MT1007,2,False,4.5,4.6,4.0,,,4.3,D,1.0,True,1.03,1.06,Pass
2601,2373357,HK232_MT1007_L05,MT1007,2,False,8.3,8.1,8.3,,,8.2,B+,3.5,True,3.23,3.26,Pass
2602,2348636,HK232_MT1007_L05,MT1007,2,False,6.3,5.2,5.6,,,5.6,C,2.0,True,1.94,1.97,Pass
2603,2354317,HK232_MT1007_L05,MT1007,2,False,6.2,6.8,3.6,,,5.1,D+,1.5,True,1.97,2.15,Pass
2604,2397499,HK232_MT1007_L05,MT1007,2,False,6.0,6.1,6.7,,,6.4,C+,2.5,True,2.32,2.29,Pass
2605,2371620,HK232_MT1007_L05,MT1007,2,False,5.8,7.2,7.2,,,6.9,C+,2.5,True,2.23,2.31,Pass
2606,2375673,HK232_MT1007_L05,MT1007,2,False,5.6,6.0,6.0,,,5.9,C,2.0,True,2.06,1.98,Pass
2607,2311479,HK232_MT1007_L05,MT1007,2,False,7.5,7.6,8.7,,,8.1,B+,3.5,True,2.74,2.7,Pass
2608,2357019,HK232_MT1007_L05,MT1007,2,False,7.2,7.4,8.3,,,7.8,B,3.0,True,3.44,3.29,Pass
2609,2351187,HK232_MT1007_L05,MT1007,2,False,6.3,5.4,5.4,,,5.6,C,2.0,True,1.82,1.65,Pass
2610,2385063,HK232_MT1007_L05,MT1007,2,False,5.3,5.7,6.2,,,5.9,C,2.0,True,1.73,1.86,Pass
2611,2381505,HK232_MT1007_L05,MT1007,2,False,6.1,6.3,5.5,,,5.9,C,2.0,True,1.91,1.82,Pass
2612,2342225,HK232_MT1007_L05,MT1007,2,False,5.5,6.4,4.6,,,5.3,D+,1.5,True,1.56,1.71,Pass
2613,2302752,HK232_MT1007_L05,MT1007,2,False,5.4,3.9,4.4,,,4.5,D,1.0,True,1.35,1.65,Pass
2614,2337165,HK232_MT1007_L05,MT1007,2,False,6.7,5.6,4.1,,,5.1,D+,1.5,True,1.21,1.38,Pass
2615,2340488,HK232_MT1007_L05,MT1007,2,False,8.9,10.0,10.0,,,9.8,A+,4.0,True,4.0,4.0,Pass
2616,2317504,HK232_MT1007_L05,MT1007,2,False,8.7,8.6,8.3,,,8.5,A,4.0,True,3.67,3.62,Pass
2617,2332491,HK232_MT1007_L05,MT1007,2,False,8.2,9.4,8.2,,,8.6,A,4.0,True,3.97,3.98,Pass
2618,2367525,HK232_MT1007_L05,MT1007,2,False,7.4,7.5,7.8,,,7.6,B,3.0,True,3.17,3.03,Pass
2619,2391239,HK232_MT1007_L05,MT1007,2,False,5.6,4.8,8.2,,,6.7,C+,2.5,True,1.71,2.0,Pass
2620,2316346,HK232_MT1007_L05,MT1007,2,False,6.3,7.9,8.4,,,7.8,B,3.0,True,2.41,2.48,Pass
2621,2343962,HK232_MT1007_L05,MT1007,2,False,4.5,4.2,4.8,,,4.6,D,1.0,True,0.45,1.0,Pass
2622,2398078,HK232_MT1007_L05,MT1007,2,False,7.7,6.4,7.7,,,7.3,B,3.0,True,2.29,2.2,Pass
2623,2380196,HK232_MT1007_L05,MT1007,2,False,7.5,6.1,6.8,,,6.7,C+,2.5,True,2.21,2.14,Pass
2624,2352924,HK232_MT1007_L05,MT1007,2,False,8.9,9.7,9.5,,,9.4,A,4.0,True,3.97,3.98,Pass
2625,2321834,HK232_MT1007_L05,MT1007,2,False,4.8,6.8,5.9,,,6.0,C,2.0,True,2.32,2.21,Pass
2626,2392632,HK232_MT1007_L05,MT1007,2,False,6.5,5.6,5.8,,,5.9,C,2.0,True,1.97,1.86,Pass
2627,2336628,HK232_MT1007_L05,MT1007,2,False,7.2,5.0,7.2,,,6.5,C+,2.5,True,1.97,1.95,Pass
2628,2337593,HK232_MT1007_L05,MT1007,2,False,6.2,5.1,5.9,,,5.7,C,2.0,True,2.15,2.14,Pass
2629,2342032,HK232_MT1007_L05,MT1007,2,False,7.5,6.9,7.3,,,7.2,B,3.0,True,2.53,2.61,Pass
2630,2307812,HK232_MT1007_L05,MT1007,2,False,5.3,7.4,6.6,,,6.6,C+,2.5,True,2.09,2.17,Pass
2631,2363665,HK232_MT1007_L05,MT1007,2,False,6.3,5.9,4.8,,,5.4,D+,1.5,True,2.12,2.08,Pass
2632,2361307,HK232_MT1007_L05,MT1007,2,False,7.7,6.3,6.6,,,6.7,C+,2.5,True,2.24,2.33,Pass
2633,2351573,HK232_MT1007_L05,MT1007,2,False,5.9,5.4,7.5,,,6.6,C+,2.5,True,2.47,2.41,Pass
2634,2383905,HK232_MT1007_L05,MT1007,2,False,4.9,6.0,6.3,,,5.9,C,2.0,True,1.73,1.93,Pass
2635,2386372,HK232_MT1007_L05,MT1007,2,False,9.3,6.3,7.0,,,7.2,B,3.0,True,2.83,2.91,Pass
2636,2374557,HK232_MT1007_L05,MT1007,2,False,5.9,7.0,6.6,,,6.6,C+,2.5,True,2.21,2.39,Pass
2637,2370420,HK232_MT1007_L05,MT1007,2,False,8.8,10.0,8.6,,,9.1,A,4.0,True,3.89,3.94,Pass
2638,2350994,HK232_MT1007_L05,MT1007,2,False,5.6,6.4,6.0,,,6.0,C,2.0,True,2.03,1.97,Pass
2639,2379617,HK232_MT1007_L05,MT1007,2,False,7.0,7.9,7.5,,,7.5,B,3.0,True,3.2,3.17,Pass
2640,2390702,HK232_MT1007_L05,MT1007,2,False,5.6,4.7,6.4,,,5.7,C,2.0,True,1.71,1.59,Pass
2641,2343811,HK232_MT1007_L05,MT1007,2,False,7.7,6.9,5.9,,,6.6,C+,2.5,True,2.47,2.27,Pass
2642,2345934,HK232_MT1007_L05,MT1007,2,False,4.3,4.1,6.4,,,5.3,D+,1.5,True,1.26,1.29,Pass
2643,2385793,HK232_MT1007_L05,MT1007,2,False,5.9,5.1,5.7,,,5.6,C,2.0,True,1.77,1.84,Pass
2644,2375094,HK232_MT1007_L05,MT1007,2,False,6.1,6.3,6.2,,,6.2,C,2.0,True,2.24,2.24,Pass
2645,2370269,HK232_MT1007_L05,MT1007,2,False,7.1,7.1,5.7,,,6.4,C+,2.5,True,2.41,2.45,Pass
2646,2395376,HK232_MT1007_L05,MT1007,2,False,7.7,7.2,7.5,,,7.5,B,3.0,True,3.13,3.12,Pass
2647,2314802,HK232_MT1007_L05,MT1007,2,False,6.4,8.1,7.7,,,7.6,B,3.0,True,3.27,3.19,Pass
2648,2320634,HK232_MT1007_L05,MT1007,2,False,8.1,7.9,6.6,,,7.3,B,3.0,True,3.12,3.24,Pass
2649,2323143,HK232_MT1007_L05,MT1007,2,False,7.0,5.4,6.9,,,6.5,C+,2.5,True,2.53,2.52,Pass
2650,2313023,HK232_MT1007_L05,MT1007,2,False,5.4,5.7,4.5,,,5.0,D+,1.5,True,1.5,1.59,Pass
2651,2316195,HK232_MT1007_L05,MT1007,2,False,6.0,6.0,7.3,,,6.7,C+,2.5,True,2.09,2.21,Pass
2652,2312444,HK232_MT1007_L05,MT1007,2,False,5.0,5.1,4.7,,,4.9,D,1.0,True,0.62,1.21,Pass
2653,2318318,HK232_MT1007_L05,MT1007,2,False,6.3,7.1,7.1,,,6.9,C+,2.5,True,2.23,2.38,Pass
2654,2320827,HK232_MT1007_L05,MT1007,2,False,6.4,8.0,7.2,,,7.3,B,3.0,True,3.1,3.19,Pass
2655,2358177,HK232_MT1007_L05,MT1007,2,False,8.3,7.1,6.0,,,6.8,C+,2.5,True,2.4,2.26,Pass
2656,2345162,HK232_MT1007_L05,MT1007,2,False,8.1,7.8,8.3,,,8.1,B+,3.5,True,3.09,3.2,Pass
2657,2357405,HK232_MT1007_L05,MT1007,2,False,9.6,9.8,10.0,,,9.9,A+,4.0,True,3.75,3.86,Pass
2658,2354082,HK232_MT1007_L05,MT1007,2,False,7.6,6.5,8.4,,,7.7,B,3.0,True,2.97,2.97,Pass
2659,2322992,HK232_MT1007_L05,MT1007,2,False,5.2,4.9,5.2,,,5.1,D+,1.5,True,1.91,1.74,Pass
2660,2338751,HK232_MT1007_L05,MT1007,2,False,6.4,5.9,7.6,,,6.8,C+,2.5,True,3.03,3.07,Pass
2661,2348250,HK232_MT1007_L05,MT1007,2,False,6.0,6.5,5.9,,,6.1,C,2.0,True,1.73,1.81,Pass
2662,2301166,HK232_MT1007_L05,MT1007,2,False,7.4,7.1,7.5,,,7.4,B,3.0,True,2.21,2.08,Pass
2663,2369497,HK232_MT1007_L05,MT1007,2,False,4.9,5.2,6.5,,,5.8,C,2.0,True,1.74,1.74,Pass
2664,2310321,HK232_MT1007_L05,MT1007,2,False,6.9,7.6,7.4,,,7.4,B,3.0,True,2.59,2.64,Pass
2665,2339523,HK232_MT1007_L06,MT1007,2,False,6.9,7.1,7.0,,,7.0,B,3.0,True,2.68,2.61,Pass
2666,2320441,HK232_MT1007_L06,MT1007,2,False,7.1,7.1,6.3,,,6.7,C+,2.5,True,2.79,2.86,Pass
2667,2311672,HK232_MT1007_L06,MT1007,2,False,4.7,5.1,6.0,,,5.5,C,2.0,True,0.86,1.23,Pass
2668,2323336,HK232_MT1007_L06,MT1007,2,False,6.5,7.6,5.9,,,6.5,C+,2.5,True,2.38,2.44,Pass
2669,2352966,HK232_MT1007_L06,MT1007,2,False,8.4,8.1,8.2,,,8.2,B+,3.5,True,3.37,3.19,Pass
2670,2317311,HK232_MT1007_L06,MT1007,2,False,6.1,5.9,6.8,,,6.4,C+,2.5,True,2.2,2.22,Pass
2671,2359570,HK232_MT1007_L06,MT1007,2,False,6.9,5.9,5.2,,,5.8,C,2.0,True,2.12,2.14,Pass
2672,2378996,HK232_MT1007_L06,MT1007,2,False,5.8,4.8,4.4,,,4.8,D,1.0,True,0.55,1.0,Pass
2673,2311907,HK232_MT1007_L06,MT1007,2,False,5.4,5.5,5.4,,,5.4,D+,1.5,True,1.5,1.59,Pass
2674,2330561,HK232_MT1007_L06,MT1007,2,False,10.0,9.2,7.2,,,8.4,B+,3.5,True,3.87,3.83,Pass
2675,2325308,HK232_MT1007_L06,MT1007,2,False,6.8,5.8,5.9,,,6.1,C,2.0,True,1.94,2.09,Pass
2676,2397885,HK232_MT1007_L06,MT1007,2,False,7.0,8.3,7.4,,,7.6,B,3.0,True,2.53,2.59,Pass
2677,2307191,HK232_MT1007_L06,MT1007,2,False,5.9,5.2,5.9,,,5.7,C,2.0,True,2.5,2.52,Pass
2678,2316153,HK232_MT1007_L06,MT1007,2,False,6.5,8.4,8.8,,,8.2,B+,3.5,True,3.23,3.19,Pass
2679,2383670,HK232_MT1007_L06,MT1007,2,False,8.1,8.8,8.2,,,8.4,B+,3.5,True,3.21,3.23,Pass
2680,2302131,HK232_MT1007_L06,MT1007,2,False,5.7,7.1,7.6,,,7.1,B,3.0,True,1.88,1.92,Pass
2681,2376873,HK232_MT1007_L06,MT1007,2,False,9.9,7.7,7.7,,,8.1,B+,3.5,True,3.8,3.6,Pass
2682,2304917,HK232_MT1007_L06,MT1007,2,False,6.5,6.9,5.5,,,6.1,C,2.0,True,2.41,2.39,Pass
2683,2360149,HK232_MT1007_L06,MT1007,2,False,7.7,6.4,7.3,,,7.1,B,3.0,True,2.41,2.47,Pass
2684,2359184,HK232_MT1007_L06,MT1007,2,False,5.1,6.1,4.6,,,5.1,D+,1.5,True,1.74,2.0,Pass
2685,2327045,HK232_MT1007_L06,MT1007,2,False,8.3,7.9,5.6,,,6.8,C+,2.5,True,2.77,2.78,Pass
2686,2367139,HK232_MT1007_L06,MT1007,2,False,7.1,9.3,8.9,,,8.7,A,4.0,True,3.73,3.69,Pass
2687,2304489,HK232_MT1007_L06,MT1007,2,False,6.5,10.0,8.1,,,8.3,B+,3.5,True,2.53,2.33,Pass
2688,2354124,HK232_MT1007_L06,MT1007,2,False,5.5,4.4,4.0,,,4.4,D,1.0,True,0.29,1.0,Pass
2689,2302559,HK232_MT1007_L06,MT1007,2,False,6.2,5.9,9.6,,,7.8,B,3.0,True,2.12,2.06,Pass
2690,2384098,HK232_MT1007_L06,MT1007,2,False,5.7,5.7,6.0,,,5.8,C,2.0,True,2.09,2.23,Pass
2691,2343232,HK232_MT1007_L06,MT1007,2,False,6.9,6.3,7.3,,,6.9,C+,2.5,True,2.29,2.56,Pass
2692,2368918,HK232_MT1007_L06,MT1007,2,False,4.7,5.2,6.2,,,5.6,C,2.0,True,1.29,1.59,Pass
2693,2306419,HK232_MT1007_L06,MT1007,2,False,7.9,7.3,8.5,,,8.0,B+,3.5,True,3.1,3.19,Pass
2694,2357791,HK232_MT1007_L06,MT1007,2,False,5.6,5.7,5.6,,,5.6,C,2.0,True,1.76,1.7,Pass
2695,2331140,HK232_MT1007_L06,MT1007,2,False,8.0,8.2,8.0,,,8.1,B+,3.5,True,3.89,3.88,Pass
2696,2336779,HK232_MT1007_L06,MT1007,2,False,5.5,7.2,5.8,,,6.2,C,2.0,True,1.71,1.64,Pass
2697,2368146,HK232_MT1007_L06,MT1007,2,False,7.7,7.6,8.8,,,8.2,B+,3.5,True,3.47,3.38,Pass
2698,2360300,HK232_MT1007_L06,MT1007,2,False,8.6,9.1,7.9,,,8.4,B+,3.5,True,3.44,3.55,Pass
2699,2349215,HK232_MT1007_L06,MT1007,2,False,6.1,6.5,6.6,,,6.5,C+,2.5,True,2.38,2.38,Pass
2700,2369111,HK232_MT1007_L06,MT1007,2,False,9.5,8.4,10.0,,,9.4,A,4.0,True,4.0,4.0,Pass
2701,2337014,HK232_MT1007_L06,MT1007,2,False,7.5,7.6,8.4,,,8.0,B+,3.5,True,3.33,3.34,Pass
2702,2344583,HK232_MT1007_L06,MT1007,2,False,6.9,6.5,7.7,,,7.2,B,3.0,True,3.0,2.92,Pass
2703,2375908,HK232_MT1007_L06,MT1007,2,False,5.8,5.4,6.3,,,5.9,C,2.0,True,1.71,1.76,Pass
2704,2386565,HK232_MT1007_L06,MT1007,2,False,7.8,6.7,8.0,,,7.6,B,3.0,True,2.88,2.91,Pass
2705,2381354,HK232_MT1007_L06,MT1007,2,False,8.8,8.3,6.9,,,7.7,B,3.0,True,3.83,3.91,Pass
2706,2391667,HK232_MT1007_L06,MT1007,2,False,5.9,7.7,7.9,,,7.4,B,3.0,True,3.09,3.05,Pass
2707,2398850,HK232_MT1007_L06,MT1007,2,False,5.1,5.2,6.0,,,5.6,C,2.0,True,1.83,1.69,Pass
2708,2378803,HK232_MT1007_L06,MT1007,2,False,8.5,8.1,7.8,,,8.0,B+,3.5,True,3.26,3.27,Pass
2709,2343039,HK232_MT1007_L06,MT1007,2,False,9.0,7.6,8.9,,,8.5,A,4.0,True,3.63,3.71,Pass
2710,2373743,HK232_MT1007_L06,MT1007,2,False,7.8,8.1,7.5,,,7.7,B,3.0,True,3.2,3.17,Pass
2711,2359763,HK232_MT1007_L06,MT1007,2,False,6.5,5.8,7.1,,,6.6,C+,2.5,True,2.47,2.5,Pass
2712,2383091,HK232_MT1007_L06,MT1007,2,False,5.9,7.5,7.6,,,7.2,B,3.0,True,2.68,2.58,Pass
2713,2324729,HK232_MT1007_L06,MT1007,2,False,6.0,7.7,5.9,,,6.5,C+,2.5,True,2.73,2.74,Pass
2714,2312637,HK232_MT1007_L06,MT1007,2,False,4.4,4.3,3.4,,,3.9,F,0.0,False,0.4,1.0,Fail
2715,2341260,HK232_MT1007_L06,MT1007,2,False,8.0,8.9,8.3,,,8.4,B+,3.5,True,3.35,3.24,Pass
2716,2373936,HK232_MT1007_L06,MT1007,2,False,6.4,6.0,6.0,,,6.1,C,2.0,True,1.44,1.5,Pass
2717,2370655,HK232_MT1007_L06,MT1007,2,False,6.6,6.2,6.8,,,6.6,C+,2.5,True,1.85,1.85,Pass
2718,2364009,HK232_MT1007_L06,MT1007,2,False,7.4,6.9,7.7,,,7.4,B,3.0,True,3.47,3.26,Pass
2719,2382898,HK232_MT1007_L06,MT1007,2,False,6.5,7.6,6.1,,,6.6,C+,2.5,True,2.24,2.24,Pass
2720,2342653,HK232_MT1007_L06,MT1007,2,False,5.8,5.8,6.5,,,6.2,C,2.0,True,2.47,2.39,Pass
2721,2322757,HK232_MT1007_L06,MT1007,2,False,8.9,8.8,8.8,,,8.8,A,4.0,True,4.0,4.0,Pass
2722,2321255,HK232_MT1007_L06,MT1007,2,False,7.0,6.3,7.8,,,7.2,B,3.0,True,2.53,2.42,Pass
2723,2305110,HK232_MT1007_L06,MT1007,2,False,10.0,7.2,7.1,,,7.7,B,3.0,True,2.83,2.84,Pass
2724,2361500,HK232_MT1007_L06,MT1007,2,False,4.9,3.4,4.9,,,4.5,D,1.0,True,0.6,1.0,Pass
2725,2384291,HK232_MT1007_L06,MT1007,2,False,6.8,8.3,6.7,,,7.2,B,3.0,True,3.43,3.22,Pass
2726,2373785,HK232_MT1007_L06,MT1007,2,False,5.4,4.4,5.2,,,5.0,D+,1.5,True,0.97,1.12,Pass
2727,2365402,HK232_MT1007_L06,MT1007,2,False,2.8,4.3,4.7,,,4.2,D,1.0,True,0.32,1.18,Pass
2728,2399857,HK232_MT1007_L06,MT1007,2,False,6.5,7.3,7.0,,,7.0,B,3.0,True,2.59,2.59,Pass
2729,2365016,HK232_MT1007_L06,MT1007,2,False,9.1,9.5,9.6,,,9.5,A+,4.0,True,4.0,4.0,Pass
2730,2363044,HK232_MT1007_L06,MT1007,2,False,6.4,5.8,6.7,,,6.4,C+,2.5,True,2.59,2.61,Pass
2731,2301552,HK232_MT1007_L06,MT1007,2,False,7.2,6.1,5.5,,,6.0,C,2.0,True,2.23,2.43,Pass
2732,2335621,HK232_MT1007_L06,MT1007,2,False,4.7,6.9,5.6,,,5.8,C,2.0,True,1.5,1.53,Pass
2733,2381933,HK232_MT1007_L06,MT1007,2,False,5.4,5.5,4.7,,,5.1,D+,1.5,True,1.47,1.55,Pass
2734,2323571,HK232_MT1007_L06,MT1007,2,False,8.3,9.5,8.4,,,8.7,A,4.0,True,4.0,3.95,Pass
2735,2382126,HK232_MT1007_L06,MT1007,2,False,6.6,8.5,7.8,,,7.8,B,3.0,True,2.76,2.65,Pass
2736,2333070,HK232_MT1007_L06,MT1007,2,False,7.2,3.7,7.7,,,6.4,C+,2.5,True,2.5,2.5,Pass
2737,2391625,HK232_MT1007_L06,MT1007,2,False,6.6,7.2,6.7,,,6.8,C+,2.5,True,2.68,2.71,Pass
2738,2308198,HK232_MT1007_L06,MT1007,2,False,4.5,3.5,3.3,,,3.6,F,0.0,False,0.19,1.0,Fail
2739,2381161,HK232_MT1007_L06,MT1007,2,False,8.9,8.6,10.0,,,9.4,A,4.0,True,3.97,3.98,Pass
2740,2325694,HK232_MT1007_L06,MT1007,2,False,6.9,6.6,5.7,,,6.2,C,2.0,True,2.13,2.05,Pass
2741,2328824,HK232_MT1007_L06,MT1007,2,False,5.5,4.9,5.3,,,5.2,D+,1.5,True,1.44,1.38,Pass
2742,2354896,HK232_MT1007_L06,MT1007,2,False,7.7,7.8,6.4,,,7.1,B,3.0,True,2.32,2.27,Pass
2743,2371427,HK232_MT1007_L06,MT1007,2,False,8.6,7.8,7.3,,,7.7,B,3.0,True,3.27,3.36,Pass
2744,2307619,HK232_MT1007_L06,MT1007,2,False,8.0,8.5,10.0,,,9.2,A,4.0,True,3.15,3.26,Pass
2745,2371041,HK232_MT1007_L06,MT1007,2,False,7.6,7.1,7.4,,,7.3,B,3.0,True,3.29,3.24,Pass
2746,2326315,HK232_MT1007_L06,MT1007,2,False,7.7,6.7,7.3,,,7.2,B,3.0,True,2.47,2.72,Pass
2747,2393211,HK232_MT1007_L06,MT1007,2,False,8.7,8.1,8.5,,,8.4,B+,3.5,True,3.09,3.21,Pass
2748,2354854,HK232_MT1007_L06,MT1007,2,False,6.5,6.2,5.8,,,6.1,C,2.0,True,1.88,2.14,Pass
2749,2326122,HK232_MT1007_L06,MT1007,2,False,8.7,8.2,8.5,,,8.4,B+,3.5,True,3.33,3.22,Pass
2750,2390123,HK232_MT1007_L06,MT1007,2,False,6.9,7.4,5.8,,,6.5,C+,2.5,True,2.06,2.11,Pass
2751,2368339,HK232_MT1007_L06,MT1007,2,False,4.4,5.4,3.6,,,4.3,D,1.0,True,0.7,1.0,Pass
2752,2389116,HK232_MT1007_L06,MT1007,2,False,6.9,8.2,7.7,,,7.7,B,3.0,True,2.93,3.03,Pass
2753,2334849,HK232_MT1007_L06,MT1007,2,False,8.1,9.2,7.9,,,8.3,B+,3.5,True,3.47,3.66,Pass
2754,2348678,HK232_MT1007_L06,MT1007,2,False,5.1,6.4,7.3,,,6.6,C+,2.5,True,2.09,1.98,Pass
2755,2306075,HK232_MT1007_L06,MT1007,2,False,6.6,7.5,6.7,,,6.9,C+,2.5,True,2.87,2.93,Pass
2756,2333456,HK232_MT1007_L06,MT1007,2,False,6.0,5.7,4.0,,,4.9,D,1.0,True,1.47,1.5,Pass
2757,2395183,HK232_MT1007_L06,MT1007,2,False,7.2,6.0,6.5,,,6.5,C+,2.5,True,2.21,2.21,Pass
2758,2357984,HK232_MT1007_L06,MT1007,2,False,7.4,6.0,8.8,,,7.7,B,3.0,True,2.83,3.03,Pass
2759,2322178,HK232_MT1007_L06,MT1007,2,False,4.6,4.9,3.8,,,4.3,D,1.0,True,1.03,1.43,Pass
2760,2383863,HK232_MT1007_L06,MT1007,2,False,6.1,6.0,5.2,,,5.6,C,2.0,True,1.82,1.79,Pass
2761,2303138,HK232_MT1007_L06,MT1007,2,False,8.0,7.4,7.9,,,7.8,B,3.0,True,3.2,3.29,Pass
2762,2344734,HK232_MT1007_L06,MT1007,2,False,5.0,6.1,6.4,,,6.0,C,2.0,True,2.35,2.41,Pass
2763,2364823,HK232_MT1007_L06,MT1007,2,False,5.9,6.3,5.9,,,6.0,C,2.0,True,1.97,1.93,Pass
2764,2395955,HK232_MT1007_L06,MT1007,2,False,9.3,8.3,6.9,,,7.8,B,3.0,True,3.4,3.33,Pass
2765,2301401,HK232_MT1007_L06,MT1007,2,False,7.2,5.9,8.0,,,7.2,B,3.0,True,2.44,2.56,Pass
2766,2380733,HK232_MT1007_L06,MT1007,2,False,9.1,8.1,7.7,,,8.1,B+,3.5,True,3.23,3.31,Pass
2767,2376680,HK232_MT1007_L06,MT1007,2,False,7.1,6.7,5.3,,,6.1,C,2.0,True,2.29,2.29,Pass
2768,2343576,HK232_MT1007_L06,MT1007,2,False,7.6,9.0,7.3,,,7.9,B,3.0,True,3.21,3.21,Pass
2769,2343769,HK232_MT1007_L06,MT1007,2,False,6.7,7.1,6.6,,,6.8,C+,2.5,True,2.88,2.94,Pass
2770,2396492,HK232_MT1007_L06,MT1007,2,False,6.3,6.2,8.4,,,7.3,B,3.0,True,2.5,2.57,Pass
2771,2321406,HK232_MT1007_L06,MT1007,2,False,7.1,7.6,7.1,,,7.2,B,3.0,True,2.44,2.7,Pass
2772,2378031,HK232_MT1007_L06,MT1007,2,False,10.0,8.9,7.6,,,8.5,A,4.0,True,4.0,4.0,Pass
2773,2322564,HK232_MT1007_L06,MT1007,2,False,9.1,9.1,9.6,,,9.3,A,4.0,True,4.0,4.0,Pass
2774,2370076,HK232_MT1007_L06,MT1007,2,False,8.6,7.8,8.8,,,8.5,A,4.0,True,3.83,3.86,Pass
2775,2320676,HK232_MT1007_L06,MT1007,2,False,7.3,8.3,7.7,,,7.8,B,3.0,True,3.0,3.02,Pass
2776,2398271,HK232_MT1007_L06,MT1007,2,False,5.1,5.9,5.5,,,5.5,C,2.0,True,1.76,1.68,Pass
2777,2392439,HK232_MT1007_L06,MT1007,2,False,5.8,7.0,7.4,,,7.0,B,3.0,True,1.82,1.58,Pass
2778,2371813,HK232_MT1007_L06,MT1007,2,False,7.8,7.2,7.4,,,7.4,B,3.0,True,3.0,3.2,Pass
2779,2358370,HK232_MT1007_L06,MT1007,2,False,8.6,8.8,8.7,,,8.7,A,4.0,True,3.8,3.66,Pass
2780,2384635,HK232_MT1007_L06,MT1007,2,False,5.5,8.3,6.9,,,7.0,B,3.0,True,3.06,2.98,Pass
2781,2342804,HK232_MT1007_L07,MT1007,2,False,5.5,6.7,7.1,,,6.7,C+,2.5,True,2.15,2.18,Pass
2782,2372392,HK232_MT1007_L07,MT1007,2,False,7.4,7.7,7.5,,,7.5,B,3.0,True,3.23,3.29,Pass
2783,2337786,HK232_MT1007_L07,MT1007,2,False,8.3,8.3,8.7,,,8.5,A,4.0,True,3.24,3.24,Pass
2784,2354703,HK232_MT1007_L07,MT1007,2,False,6.9,6.4,6.7,,,6.7,C+,2.5,True,3.03,2.81,Pass
2785,2312058,HK232_MT1007_L07,MT1007,2,False,8.3,8.5,7.1,,,7.8,B,3.0,True,3.2,3.17,Pass
2786,2328203,HK232_MT1007_L07,MT1007,2,False,6.8,6.3,6.8,,,6.7,C+,2.5,True,2.37,2.26,Pass
2787,2319476,HK232_MT1007_L07,MT1007,2,False,6.7,5.8,6.2,,,6.2,C,2.0,True,1.82,1.85,Pass
2788,2377452,HK232_MT1007_L07,MT1007,2,False,6.8,7.3,7.4,,,7.2,B,3.0,True,2.62,2.73,Pass
2789,2394369,HK232_MT1007_L07,MT1007,2,False,5.6,6.1,4.9,,,5.4,D+,1.5,True,1.88,1.55,Pass
2790,2377645,HK232_MT1007_L07,MT1007,2,False,4.4,5.0,5.8,,,5.3,D+,1.5,True,1.71,1.66,Pass
2791,2306226,HK232_MT1007_L07,MT1007,2,False,9.2,4.0,6.4,,,6.2,C,2.0,True,2.37,2.36,Pass
2792,2374515,HK232_MT1007_L07,MT1007,2,False,7.2,8.1,6.8,,,7.3,B,3.0,True,2.62,2.48,Pass
2793,2391860,HK232_MT1007_L07,MT1007,2,False,7.3,8.8,7.7,,,7.9,B,3.0,True,3.27,3.47,Pass
2794,2390316,HK232_MT1007_L07,MT1007,2,False,5.9,6.9,6.1,,,6.3,C,2.0,True,2.21,2.21,Pass
2795,2339288,HK232_MT1007_L07,MT1007,2,False,7.3,7.9,8.6,,,8.1,B+,3.5,True,3.23,3.19,Pass
2796,2374943,HK232_MT1007_L07,MT1007,2,False,3.1,5.5,3.1,,,3.8,F,0.0,False,0.48,1.0,Fail
2797,2370613,HK232_MT1007_L07,MT1007,2,False,4.7,4.4,4.2,,,4.4,D,1.0,True,0.52,1.0,Pass
2798,2380154,HK232_MT1007_L07,MT1007,2,False,6.7,5.8,5.5,,,5.8,C,2.0,True,1.8,1.84,Pass
2799,2347327,HK232_MT1007_L07,MT1007,2,False,6.8,6.5,7.4,,,7.0,B,3.0,True,2.68,2.48,Pass
2800,2306033,HK232_MT1007_L07,MT1007,2,False,3.9,3.5,4.1,,,3.9,F,0.0,False,0.0,1.5,Fail
2801,2349257,HK232_MT1007_L07,MT1007,2,False,8.7,9.0,9.0,,,8.9,A,4.0,True,4.0,4.0,Pass
2802,2389158,HK232_MT1007_L07,MT1007,2,False,8.2,6.8,5.4,,,6.4,C+,2.5,True,2.12,2.29,Pass
2803,2347713,HK232_MT1007_L07,MT1007,2,False,6.8,8.0,7.2,,,7.4,B,3.0,True,2.73,2.57,Pass
2804,2393983,HK232_MT1007_L07,MT1007,2,False,7.3,7.2,8.4,,,7.8,B,3.0,True,3.41,3.36,Pass
2805,2372778,HK232_MT1007_L07,MT1007,2,False,6.2,6.6,6.0,,,6.2,C,2.0,True,2.44,2.2,Pass
2806,2302324,HK232_MT1007_L07,MT1007,2,False,5.9,7.1,6.3,,,6.5,C+,2.5,True,2.44,2.23,Pass
2807,2364051,HK232_MT1007_L07,MT1007,2,False,6.6,8.0,6.3,,,6.9,C+,2.5,True,2.5,2.33,Pass
2808,2348485,HK232_MT1007_L07,MT1007,2,False,7.7,6.9,6.1,,,6.7,C+,2.5,True,3.24,3.26,Pass
2809,2379768,HK232_MT1007_L07,MT1007,2,False,7.8,7.3,8.4,,,8.0,B+,3.5,True,3.33,3.22,Pass
2810,2374171,HK232_MT1007_L07,MT1007,2,False,7.9,7.6,6.9,,,7.3,B,3.0,True,3.0,3.21,Pass
2811,2349987,HK232_MT1007_L07,MT1007,2,False,6.9,6.0,5.6,,,6.0,C,2.0,True,2.35,2.15,Pass
2812,2390509,HK232_MT1007_L07,MT1007,2,False,6.7,5.3,6.2,,,6.0,C,2.0,True,2.35,2.23,Pass
2813,2399236,HK232_MT1007_L07,MT1007,2,False,8.0,9.9,9.7,,,9.4,A,4.0,True,3.93,3.97,Pass
2814,2312830,HK232_MT1007_L07,MT1007,2,False,8.1,8.5,8.0,,,8.2,B+,3.5,True,3.24,3.24,Pass
2815,2326080,HK232_MT1007_L07,MT1007,2,False,6.6,6.1,6.6,,,6.4,C+,2.5,True,2.21,2.24,Pass
2816,2330175,HK232_MT1007_L07,MT1007,2,False,7.1,6.7,6.2,,,6.5,C+,2.5,True,2.12,2.26,Pass
2817,2390081,HK232_MT1007_L07,MT1007,2,False,6.1,6.5,6.3,,,6.3,C,2.0,True,2.59,2.59,Pass
2818,2305840,HK232_MT1007_L07,MT1007,2,False,7.2,8.4,8.8,,,8.4,B+,3.5,True,3.1,3.24,Pass
2819,2347285,HK232_MT1007_L07,MT1007,2,False,6.9,8.7,8.1,,,8.0,B+,3.5,True,3.37,3.29,Pass
2820,2335042,HK232_MT1007_L07,MT1007,2,False,7.3,6.9,7.2,,,7.1,B,3.0,True,2.93,2.97,Pass
2821,2343425,HK232_MT1007_L07,MT1007,2,False,6.8,6.3,8.4,,,7.5,B,3.0,True,2.26,2.14,Pass
2822,2365209,HK232_MT1007_L07,MT1007,2,False,7.9,8.2,6.6,,,7.3,B,3.0,True,3.0,2.77,Pass
2823,2326852,HK232_MT1007_L07,MT1007,2,False,9.4,9.3,8.2,,,8.8,A,4.0,True,3.83,3.91,Pass
2824,2336200,HK232_MT1007_L07,MT1007,2,False,5.5,5.6,5.5,,,5.5,C,2.0,True,2.0,2.12,Pass
2825,2300008,HK232_MT1007_L07,MT1007,2,False,6.3,6.6,5.7,,,6.1,C,2.0,True,2.24,2.27,Pass
2826,2396534,HK232_MT1007_L07,MT1007,2,False,6.9,7.5,7.7,,,7.5,B,3.0,True,2.41,2.47,Pass
2827,2332684,HK232_MT1007_L07,MT1007,2,False,6.9,8.3,6.2,,,7.0,B,3.0,True,3.0,3.07,Pass
2828,2358949,HK232_MT1007_L07,MT1007,2,False,6.3,7.2,7.0,,,6.9,C+,2.5,True,2.53,2.33,Pass
2829,2373978,HK232_MT1007_L07,MT1007,2,False,6.8,8.2,5.8,,,6.7,C+,2.5,True,2.12,2.11,Pass
2830,2384249,HK232_MT1007_L07,MT1007,2,False,5.9,6.3,5.9,,,6.0,C,2.0,True,1.88,1.97,Pass
2831,2353117,HK232_MT1007_L07,MT1007,2,False,6.0,6.0,6.9,,,6.5,C+,2.5,True,2.4,2.22,Pass
2832,2374901,HK232_MT1007_L07,MT1007,2,False,4.2,3.1,3.2,,,3.4,F,0.0,False,0.18,1.0,Fail
2833,2317932,HK232_MT1007_L07,MT1007,2,False,9.7,9.1,9.5,,,9.4,A,4.0,True,4.0,4.0,Pass
2834,2363623,HK232_MT1007_L07,MT1007,2,False,5.7,5.3,6.0,,,5.7,C,2.0,True,2.29,2.18,Pass
2835,2332533,HK232_MT1007_L07,MT1007,2,False,5.7,6.6,7.2,,,6.7,C+,2.5,True,2.29,2.27,Pass
2836,2363279,HK232_MT1007_L07,MT1007,2,False,8.1,7.5,7.6,,,7.7,B,3.0,True,3.53,3.34,Pass
2837,2352731,HK232_MT1007_L07,MT1007,2,False,7.8,7.3,9.2,,,8.3,B+,3.5,True,3.1,3.05,Pass
2838,2353931,HK232_MT1007_L07,MT1007,2,False,6.3,6.4,5.3,,,5.8,C,2.0,True,1.53,1.71,Pass
2839,2363816,HK232_MT1007_L07,MT1007,2,False,7.2,6.3,5.4,,,6.0,C,2.0,True,1.65,1.74,Pass
2840,2301359,HK232_MT1007_L07,MT1007,2,False,8.9,7.9,7.6,,,8.0,B+,3.5,True,3.23,3.24,Pass
2841,2344776,HK232_MT1007_L07,MT1007,2,False,8.5,6.8,6.9,,,7.2,B,3.0,True,3.0,2.95,Pass
2842,2390853,HK232_MT1007_L07,MT1007,2,False,5.4,7.3,6.3,,,6.4,C+,2.5,True,2.12,2.29,Pass
2843,2368297,HK232_MT1007_L07,MT1007,2,False,7.3,6.9,7.2,,,7.1,B,3.0,True,2.71,2.59,Pass
2844,2358412,HK232_MT1007_L07,MT1007,2,False,5.2,5.0,4.8,,,4.9,D,1.0,True,1.29,1.46,Pass
2845,2310556,HK232_MT1007_L07,MT1007,2,False,7.5,6.4,6.2,,,6.5,C+,2.5,True,2.21,2.15,Pass
2846,2393018,HK232_MT1007_L07,MT1007,2,False,6.1,6.0,6.7,,,6.4,C+,2.5,True,2.12,2.05,Pass
2847,2384056,HK232_MT1007_L07,MT1007,2,False,6.1,6.9,7.2,,,6.9,C+,2.5,True,2.32,2.17,Pass
2848,2375287,HK232_MT1007_L07,MT1007,2,False,5.4,5.7,6.2,,,5.9,C,2.0,True,1.62,1.74,Pass
2849,2364781,HK232_MT1007_L07,MT1007,2,False,9.4,8.8,8.2,,,8.6,A,4.0,True,3.43,3.55,Pass
2850,2373550,HK232_MT1007_L07,MT1007,2,False,6.1,3.8,6.2,,,5.5,C,2.0,True,1.94,2.0,Pass
2851,2301208,HK232_MT1007_L07,MT1007,2,False,6.2,6.3,5.9,,,6.1,C,2.0,True,2.56,2.68,Pass
2852,2336393,HK232_MT1007_L07,MT1007,2,False,9.5,7.7,7.9,,,8.2,B+,3.5,True,3.13,3.28,Pass
2853,2324343,HK232_MT1007_L07,MT1007,2,False,6.5,6.4,6.4,,,6.4,C+,2.5,True,2.29,2.26,Pass
2854,2356826,HK232_MT1007_L07,MT1007,2,False,6.5,6.1,6.6,,,6.4,C+,2.5,True,2.62,2.62,Pass
2855,2319862,HK232_MT1007_L07,MT1007,2,False,8.6,8.6,8.3,,,8.4,B+,3.5,True,3.35,3.41,Pass
2856,2350222,HK232_MT1007_L07,MT1007,2,False,6.0,6.6,5.8,,,6.1,C,2.0,True,2.32,2.14,Pass
2857,2342611,HK232_MT1007_L07,MT1007,2,False,5.3,6.2,6.4,,,6.1,C,2.0,True,1.88,1.71,Pass
2858,2354510,HK232_MT1007_L07,MT1007,2,False,10.0,10.0,9.3,,,9.7,A+,4.0,True,4.0,4.0,Pass
2859,2378224,HK232_MT1007_L07,MT1007,2,False,6.1,5.5,5.6,,,5.7,C,2.0,True,2.6,2.53,Pass
2860,2372585,HK232_MT1007_L07,MT1007,2,False,5.9,5.0,5.4,,,5.4,D+,1.5,True,0.45,1.1,Pass
2861,2327280,HK232_MT1007_L07,MT1007,2,False,8.2,8.7,9.3,,,8.9,A,4.0,True,3.33,3.36,Pass
2862,2308584,HK232_MT1007_L07,MT1007,2,False,5.6,6.1,6.7,,,6.3,C,2.0,True,2.38,2.27,Pass
2863,2353696,HK232_MT1007_L07,MT1007,2,False,9.2,8.7,9.2,,,9.0,A,4.0,True,3.81,3.73,Pass
2864,2370034,HK232_MT1007_L07,MT1007,2,False,5.5,4.8,5.4,,,5.2,D+,1.5,True,1.79,1.79,Pass
2865,2338709,HK232_MT1007_L07,MT1007,2,False,6.4,5.8,6.5,,,6.3,C,2.0,True,2.24,2.17,Pass
2866,2382512,HK232_MT1007_L07,MT1007,2,False,4.9,5.5,5.2,,,5.2,D+,1.5,True,1.74,1.76,Pass
2867,2318083,HK232_MT1007_L07,MT1007,2,False,5.2,5.9,6.1,,,5.9,C,2.0,True,2.37,2.19,Pass
2868,2365553,HK232_MT1007_L07,MT1007,2,False,4.2,5.2,6.0,,,5.4,D+,1.5,True,1.71,1.58,Pass
2869,2355475,HK232_MT1007_L07,MT1007,2,False,5.7,4.6,6.1,,,5.6,C,2.0,True,1.74,1.7,Pass
2870,2321448,HK232_MT1007_L07,MT1007,2,False,5.8,5.8,6.9,,,6.3,C,2.0,True,2.15,2.24,Pass
2871,2360921,HK232_MT1007_L07,MT1007,2,False,6.2,6.6,6.9,,,6.7,C+,2.5,True,2.59,2.53,Pass
2872,2368104,HK232_MT1007_L07,MT1007,2,False,9.8,9.3,9.0,,,9.2,A,4.0,True,4.0,4.0,Pass
2873,2352580,HK232_MT1007_L07,MT1007,2,False,5.9,5.4,6.6,,,6.1,C,2.0,True,2.0,2.08,Pass
2874,2386800,HK232_MT1007_L07,MT1007,2,False,7.3,8.2,7.5,,,7.7,B,3.0,True,3.15,3.3,Pass
2875,2391432,HK232_MT1007_L07,MT1007,2,False,6.7,7.0,7.7,,,7.3,B,3.0,True,2.71,2.53,Pass
2876,2386179,HK232_MT1007_L07,MT1007,2,False,8.0,9.2,8.2,,,8.5,A,4.0,True,3.63,3.34,Pass
2877,2337400,HK232_MT1007_L07,MT1007,2,False,8.5,6.9,7.1,,,7.3,B,3.0,True,3.15,3.12,Pass
2878,2369455,HK232_MT1007_L07,MT1007,2,False,9.9,8.9,8.3,,,8.8,A,4.0,True,3.97,3.93,Pass
2879,2387186,HK232_MT1007_L07,MT1007,2,False,5.9,5.7,5.0,,,5.4,D+,1.5,True,2.12,2.21,Pass
2880,2315381,HK232_MT1007_L07,MT1007,2,False,7.3,8.5,8.7,,,8.4,B+,3.5,True,3.06,3.11,Pass
2881,2336586,HK232_MT1007_L07,MT1007,2,False,5.4,5.2,5.1,,,5.2,D+,1.5,True,1.65,1.47,Pass
2882,2385986,HK232_MT1007_L07,MT1007,2,False,6.3,7.4,6.9,,,6.9,C+,2.5,True,2.47,2.41,Pass
2883,2347092,HK232_MT1007_L07,MT1007,2,False,6.5,6.3,6.4,,,6.4,C+,2.5,True,2.35,2.35,Pass
2884,2344004,HK232_MT1007_L07,MT1007,2,False,7.6,8.1,9.0,,,8.4,B+,3.5,True,3.24,3.26,Pass
2885,2309163,HK232_MT1007_L07,MT1007,2,False,8.3,9.0,9.4,,,9.1,A,4.0,True,3.87,3.93,Pass
2886,2326894,HK232_MT1007_L07,MT1007,2,False,6.0,8.3,6.7,,,7.0,B,3.0,True,2.59,2.61,Pass
2887,2373399,HK232_MT1007_L07,MT1007,2,False,4.4,6.0,6.4,,,5.9,C,2.0,True,1.76,1.76,Pass
2888,2355861,HK232_MT1007_L07,MT1007,2,False,9.0,9.2,9.4,,,9.3,A,4.0,True,4.0,4.0,Pass
2889,2306847,HK232_MT1007_L07,MT1007,2,False,7.0,5.6,6.3,,,6.2,C,2.0,True,2.0,2.05,Pass
2890,2394755,HK232_MT1007_L07,MT1007,2,False,7.3,6.5,7.1,,,7.0,B,3.0,True,2.47,2.29,Pass
2891,2376294,HK232_MT1007_L07,MT1007,2,False,7.0,7.0,5.8,,,6.4,C+,2.5,True,2.47,2.36,Pass
2892,2373164,HK232_MT1007_L07,MT1007,2,False,6.9,6.4,6.6,,,6.6,C+,2.5,True,2.23,2.24,Pass
2893,2352773,HK232_MT1007_L07,MT1007,2,False,7.1,5.1,7.0,,,6.4,C+,2.5,True,2.09,2.18,Pass
2894,2315423,HK232_MT1007_L07,MT1007,2,False,5.6,4.2,3.8,,,4.3,D,1.0,True,1.82,1.67,Pass
2895,2327817,HK232_MT1007_L07,MT1007,2,False,7.2,8.9,8.2,,,8.2,B+,3.5,True,3.29,3.58,Pass
2896,2356440,HK232_MT1007_L07,MT1007,2,False,5.5,5.3,3.8,,,4.6,D,1.0,True,1.74,1.79,Pass
2897,2317697,HK232_CO1007_L01,CO1007,2,False,5.8,6.1,6.5,,,6.3,C,2.0,True,1.73,1.71,Pass
2898,2320827,HK232_CO1007_L01,CO1007,2,False,6.3,8.4,7.8,,,7.6,B,3.0,True,3.1,3.19,Pass
2899,2333112,HK232_CO1007_L01,CO1007,2,False,7.4,8.2,7.0,,,7.3,B,3.0,True,3.29,3.14,Pass
2900,2352924,HK232_CO1007_L01,CO1007,2,False,10.0,8.4,8.7,,,8.9,A,4.0,True,3.97,3.98,Pass
2901,2336779,HK232_CO1007_L01,CO1007,2,False,4.8,5.8,5.5,,,5.4,D+,1.5,True,1.71,1.64,Pass
2902,2363472,HK232_CO1007_L01,CO1007,2,False,7.0,7.0,7.0,,,7.0,B,3.0,True,3.09,3.15,Pass
2903,2354124,HK232_CO1007_L01,CO1007,2,False,3.4,6.4,3.3,,,3.9,F,0.0,False,0.29,1.0,Fail
2904,2344734,HK232_CO1007_L01,CO1007,2,False,7.4,6.7,7.4,,,7.3,B,3.0,True,2.35,2.41,Pass
2905,2341646,HK232_CO1007_L01,CO1007,2,False,7.4,6.3,7.0,,,6.9,C+,2.5,True,2.53,2.38,Pass
2906,2363665,HK232_CO1007_L01,CO1007,2,False,7.0,6.4,6.0,,,6.3,C,2.0,True,2.12,2.08,Pass
2907,2319090,HK232_CO1007_L01,CO1007,2,False,5.0,7.3,5.0,,,5.5,C,2.0,True,1.59,1.58,Pass
2908,2317160,HK232_CO1007_L01,CO1007,2,False,8.5,7.1,6.6,,,7.1,B,3.0,True,3.4,3.45,Pass
2909,2371620,HK232_CO1007_L01,CO1007,2,False,6.6,7.7,6.2,,,6.6,C+,2.5,True,2.23,2.31,Pass
2910,2393018,HK232_CO1007_L01,CO1007,2,False,6.6,4.9,6.0,,,5.9,C,2.0,True,2.12,2.05,Pass
2911,2347671,HK232_CO1007_L01,CO1007,2,False,5.3,5.8,4.6,,,5.0,D+,1.5,True,1.7,1.67,Pass
2912,2360728,HK232_CO1007_L01,CO1007,2,False,5.9,6.4,6.4,,,6.3,C,2.0,True,2.43,2.36,Pass
2913,2347864,HK232_CO1007_L01,CO1007,2,False,4.5,6.3,5.2,,,5.3,D+,1.5,True,1.43,1.55,Pass
2914,2380196,HK232_CO1007_L01,CO1007,2,False,6.0,7.5,6.1,,,6.4,C+,2.5,True,2.21,2.14,Pass
2915,2374364,HK232_CO1007_L01,CO1007,2,False,8.5,7.5,8.6,,,8.4,B+,3.5,True,3.6,3.38,Pass
2916,2322799,HK232_CO1007_L01,CO1007,2,False,9.2,9.2,8.3,,,8.7,A,4.0,True,3.67,3.71,Pass
2917,2348871,HK232_CO1007_L01,CO1007,2,False,8.4,9.4,7.2,,,7.9,B,3.0,True,3.1,3.12,Pass
2918,2365746,HK232_CO1007_L01,CO1007,2,False,7.7,7.3,7.3,,,7.4,B,3.0,True,3.1,3.05,Pass
2919,2385835,HK232_CO1007_L01,CO1007,2,False,5.9,6.1,5.6,,,5.8,C,2.0,True,1.79,1.74,Pass
2920,2394797,HK232_CO1007_L01,CO1007,2,False,8.6,8.3,8.0,,,8.2,B+,3.5,True,3.35,3.18,Pass
2921,2335814,HK232_CO1007_L01,CO1007,2,False,6.9,6.5,5.9,,,6.2,C,2.0,True,2.6,2.57,Pass
2922,2315188,HK232_CO1007_L01,CO1007,2,False,9.0,7.8,9.6,,,9.1,A,4.0,True,4.0,4.0,Pass
2923,2316195,HK232_CO1007_L01,CO1007,2,False,7.3,6.5,5.6,,,6.1,C,2.0,True,2.09,2.21,Pass
2924,2326315,HK232_CO1007_L01,CO1007,2,False,7.0,9.6,4.5,,,6.0,C,2.0,True,2.47,2.72,Pass
2925,2332877,HK232_CO1007_L01,CO1007,2,False,10.0,9.9,8.2,,,8.9,A,4.0,True,3.86,3.92,Pass
2926,2318276,HK232_CO1007_L01,CO1007,2,False,7.5,8.0,7.4,,,7.5,B,3.0,True,2.6,2.55,Pass
2927,2369690,HK232_CO1007_L01,CO1007,2,False,8.7,6.8,8.5,,,8.2,B+,3.5,True,3.07,3.02,Pass
2928,2357984,HK232_CO1007_L01,CO1007,2,False,6.8,7.2,7.1,,,7.1,B,3.0,True,2.83,3.03,Pass
2929,2391432,HK232_CO1007_L01,CO1007,2,False,7.2,6.7,6.5,,,6.7,C+,2.5,True,2.71,2.53,Pass
2930,2382126,HK232_CO1007_L01,CO1007,2,False,7.4,5.7,7.0,,,6.8,C+,2.5,True,2.76,2.65,Pass
2931,2393211,HK232_CO1007_L01,CO1007,2,False,8.4,8.0,7.9,,,8.0,B+,3.5,True,3.09,3.21,Pass
2932,2319283,HK232_CO1007_L01,CO1007,2,False,6.6,8.6,7.1,,,7.3,B,3.0,True,2.82,2.91,Pass
2933,2331526,HK232_CO1007_L01,CO1007,2,False,7.1,8.7,7.6,,,7.7,B,3.0,True,2.5,2.62,Pass
2934,2383863,HK232_CO1007_L01,CO1007,2,False,4.7,6.8,5.9,,,5.8,C,2.0,True,1.82,1.79,Pass
2935,2397692,HK232_CO1007_L01,CO1007,2,False,6.5,7.0,7.6,,,7.3,B,3.0,True,2.44,2.21,Pass
2936,2385642,HK232_CO1007_L01,CO1007,2,False,9.0,8.2,8.8,,,8.7,A,4.0,True,4.0,3.95,Pass
2937,2323764,HK232_CO1007_L01,CO1007,2,False,4.1,6.3,5.2,,,5.2,D+,1.5,True,1.56,1.71,Pass
2938,2376294,HK232_CO1007_L01,CO1007,2,False,7.4,6.6,6.3,,,6.6,C+,2.5,True,2.47,2.36,Pass
2939,2365360,HK232_CO1007_L01,CO1007,2,False,7.2,8.1,8.3,,,8.0,B+,3.5,True,3.23,3.41,Pass
2940,2379424,HK232_CO1007_L01,CO1007,2,False,6.8,8.8,6.8,,,7.2,B,3.0,True,2.79,2.83,Pass
2941,2343039,HK232_CO1007_L01,CO1007,2,False,8.6,9.8,9.6,,,9.4,A,4.0,True,3.63,3.71,Pass
2942,2333649,HK232_CO1007_L01,CO1007,2,False,8.8,9.8,8.7,,,8.9,A,4.0,True,3.92,3.95,Pass
2943,2348057,HK232_CO1007_L01,CO1007,2,False,8.8,6.7,8.6,,,8.3,B+,3.5,True,3.47,3.5,Pass
2944,2306612,HK232_CO1007_L01,CO1007,2,False,3.9,3.8,4.7,,,4.4,D,1.0,True,0.78,1.06,Pass
2945,2355668,HK232_CO1007_L01,CO1007,2,False,7.3,7.0,6.1,,,6.5,C+,2.5,True,2.47,2.33,Pass
2946,2348678,HK232_CO1007_L01,CO1007,2,False,6.8,7.3,6.7,,,6.8,C+,2.5,True,2.09,1.98,Pass
2947,2314995,HK232_CO1007_L01,CO1007,2,False,9.9,9.1,8.1,,,8.7,A,4.0,True,3.58,3.61,Pass
2948,2311135,HK232_CO1007_L01,CO1007,2,False,4.2,5.0,5.4,,,5.1,D+,1.5,True,1.35,1.52,Pass
2949,2328052,HK232_CO1007_L01,CO1007,2,False,6.4,5.6,5.5,,,5.7,C,2.0,True,2.12,2.14,Pass
2950,2303331,HK232_CO1007_L01,CO1007,2,False,7.5,6.5,7.2,,,7.1,B,3.0,True,2.71,2.52,Pass
2951,2394755,HK232_CO1007_L01,CO1007,2,False,6.8,6.4,5.4,,,5.9,C,2.0,True,2.47,2.29,Pass
2952,2375673,HK232_CO1007_L01,CO1007,2,False,6.3,6.7,6.4,,,6.4,C+,2.5,True,2.06,1.98,Pass
2953,2345355,HK232_CO1007_L01,CO1007,2,False,7.3,8.0,7.4,,,7.5,B,3.0,True,3.33,3.36,Pass
2954,2364395,HK232_CO1007_L01,CO1007,2,False,8.5,8.9,9.0,,,8.9,A,4.0,True,3.93,3.91,Pass
2955,2369069,HK232_CO1007_L01,CO1007,2,False,6.2,8.0,7.2,,,7.2,B,3.0,True,2.91,3.05,Pass
2956,2383091,HK232_CO1007_L01,CO1007,2,False,7.7,7.0,7.3,,,7.3,B,3.0,True,2.68,2.58,Pass
2957,2383905,HK232_CO1007_L01,CO1007,2,False,5.8,4.6,5.9,,,5.6,C,2.0,True,1.73,1.93,Pass
2958,2331954,HK232_CO1007_L01,CO1007,2,False,10.0,9.6,9.6,,,9.7,A+,4.0,True,4.0,4.0,Pass
2959,2359142,HK232_CO1007_L01,CO1007,2,False,5.7,6.1,5.3,,,5.5,C,2.0,True,1.79,1.64,Pass
2960,2356633,HK232_CO1007_L01,CO1007,2,False,6.3,6.5,6.5,,,6.5,C+,2.5,True,2.43,2.59,Pass
2961,2305261,HK232_CO1007_L01,CO1007,2,False,9.0,9.4,9.4,,,9.3,A,4.0,True,4.0,3.95,Pass
2962,2365209,HK232_CO1007_L01,CO1007,2,False,7.7,5.8,6.8,,,6.8,C+,2.5,True,3.0,2.77,Pass
2963,2320676,HK232_CO1007_L01,CO1007,2,False,6.9,7.9,8.1,,,7.8,B,3.0,True,3.0,3.02,Pass
2964,2337744,HK232_CO1007_L01,CO1007,2,False,5.4,5.7,7.2,,,6.5,C+,2.5,True,2.29,2.2,Pass
2965,2382705,HK232_CO1007_L01,CO1007,2,False,8.8,8.6,8.2,,,8.4,B+,3.5,True,3.5,3.53,Pass
2966,2307233,HK232_CO1007_L01,CO1007,2,False,7.7,7.6,5.7,,,6.5,C+,2.5,True,2.09,2.24,Pass
2967,2386414,HK232_CO1007_L01,CO1007,2,False,8.4,8.8,6.0,,,7.0,B,3.0,True,3.0,3.02,Pass
2968,2358798,HK232_CO1007_L01,CO1007,2,False,5.9,5.7,6.3,,,6.1,C,2.0,True,2.03,1.98,Pass
2969,2318897,HK232_CO1007_L01,CO1007,2,False,5.9,5.4,7.6,,,6.8,C+,2.5,True,2.71,2.56,Pass
2970,2339095,HK232_CO1007_L01,CO1007,2,False,6.2,7.9,6.7,,,6.8,C+,2.5,True,2.5,2.42,Pass
2971,2311093,HK232_CO1007_L01,CO1007,2,False,6.6,6.1,6.1,,,6.2,C,2.0,True,1.74,1.83,Pass
2972,2330175,HK232_CO1007_L01,CO1007,2,False,7.1,6.7,5.7,,,6.2,C,2.0,True,2.12,2.26,Pass
2973,2329789,HK232_CO1007_L01,CO1007,2,False,9.4,8.9,8.3,,,8.6,A,4.0,True,3.93,3.9,Pass
2974,2349643,HK232_CO1007_L01,CO1007,2,False,7.4,5.8,5.1,,,5.7,C,2.0,True,1.65,1.55,Pass
2975,2342225,HK232_CO1007_L01,CO1007,2,False,5.6,4.8,6.0,,,5.7,C,2.0,True,1.56,1.71,Pass
2976,2333305,HK232_CO1007_L01,CO1007,2,False,6.2,7.8,7.5,,,7.3,B,3.0,True,3.0,3.05,Pass
2977,2370655,HK232_CO1007_L01,CO1007,2,False,7.0,5.6,4.5,,,5.2,D+,1.5,True,1.85,1.85,Pass
2978,2309356,HK232_CO1007_L01,CO1007,2,False,7.1,6.7,7.1,,,7.0,B,3.0,True,3.0,2.85,Pass
2979,2331761,HK232_CO1007_L01,CO1007,2,False,5.7,6.3,5.0,,,5.4,D+,1.5,True,1.91,1.95,Pass
2980,2310128,HK232_CO1007_L01,CO1007,2,False,4.6,4.2,5.2,,,4.9,D,1.0,True,1.44,1.52,Pass
2981,2332105,HK232_CO1007_L01,CO1007,2,False,9.5,8.9,10.0,,,9.7,A+,4.0,True,3.97,3.98,Pass
2982,2398657,HK232_CO1007_L01,CO1007,2,False,9.0,6.9,7.7,,,7.8,B,3.0,True,2.83,2.91,Pass
2983,2395569,HK232_CO1007_L01,CO1007,2,False,6.9,6.7,6.4,,,6.6,C+,2.5,True,2.62,2.53,Pass
2984,2378652,HK232_CO1007_L01,CO1007,2,False,7.2,8.0,7.9,,,7.8,B,3.0,True,3.03,3.24,Pass
2985,2308391,HK232_CO1007_L01,CO1007,2,False,7.6,8.6,9.8,,,9.1,A,4.0,True,3.69,3.78,Pass
2986,2307577,HK232_CO1007_L01,CO1007,2,False,8.6,9.5,9.0,,,9.0,A,4.0,True,3.87,3.83,Pass
2987,2340102,HK232_CO1007_L01,CO1007,2,False,6.8,4.0,6.1,,,5.8,C,2.0,True,1.82,1.56,Pass
2988,2322371,HK232_CO1007_L01,CO1007,2,False,8.6,8.5,8.3,,,8.4,B+,3.5,True,3.89,3.94,Pass
2989,2359570,HK232_CO1007_L01,CO1007,2,False,6.2,5.3,5.5,,,5.6,C,2.0,True,2.12,2.14,Pass
2990,2368532,HK232_CO1007_L01,CO1007,2,False,6.0,5.6,5.9,,,5.9,C,2.0,True,1.74,1.67,Pass
2991,2373164,HK232_CO1007_L01,CO1007,2,False,5.8,7.2,6.6,,,6.6,C+,2.5,True,2.23,2.24,Pass
2992,2350801,HK232_CO1007_L01,CO1007,2,False,8.3,7.0,7.7,,,7.7,B,3.0,True,3.15,3.2,Pass
2993,2375480,HK232_CO1007_L01,CO1007,2,False,10.0,8.3,8.2,,,8.6,A,4.0,True,3.89,3.88,Pass
2994,2384677,HK232_CO1007_L01,CO1007,2,False,6.2,5.4,7.2,,,6.6,C+,2.5,True,2.43,2.24,Pass
2995,2315616,HK232_CO1007_L01,CO1007,2,False,6.5,7.7,9.0,,,8.2,B+,3.5,True,3.26,3.21,Pass
2996,2304489,HK232_CO1007_L01,CO1007,2,False,6.6,6.0,6.8,,,6.6,C+,2.5,True,2.53,2.33,Pass
2997,2358991,HK232_CO1007_L01,CO1007,2,False,6.2,7.4,6.6,,,6.7,C+,2.5,True,2.6,2.43,Pass
2998,2340681,HK232_CO1007_L01,CO1007,2,False,8.2,7.6,8.2,,,8.1,B+,3.5,True,3.23,3.12,Pass
2999,2399857,HK232_CO1007_L01,CO1007,2,False,5.9,6.7,6.1,,,6.2,C,2.0,True,2.59,2.59,Pass
3000,2362893,HK232_CO1007_L01,CO1007,2,False,6.8,5.4,4.8,,,5.3,D+,1.5,True,1.29,1.38,Pass
3001,2305068,HK232_CO1007_L01,CO1007,2,False,8.8,9.7,9.0,,,9.1,A,4.0,True,3.97,3.98,Pass
3002,2332340,HK232_CO1007_L01,CO1007,2,False,5.6,7.3,7.2,,,6.9,C+,2.5,True,2.26,2.29,Pass
3003,2331719,HK232_CO1007_L01,CO1007,2,False,7.0,6.3,6.0,,,6.3,C,2.0,True,2.5,2.55,Pass
3004,2307770,HK232_CO1007_L01,CO1007,2,False,8.7,7.7,8.9,,,8.6,A,4.0,True,3.4,3.33,Pass
3005,2395334,HK232_CO1007_L01,CO1007,2,False,9.2,7.9,8.0,,,8.2,B+,3.5,True,3.47,3.58,Pass
3006,2324729,HK232_CO1007_L01,CO1007,2,False,8.4,7.2,7.6,,,7.7,B,3.0,True,2.73,2.74,Pass
3007,2389544,HK232_CO1007_L01,CO1007,2,False,6.4,5.5,8.2,,,7.3,B,3.0,True,2.29,2.26,Pass
3008,2322178,HK232_CO1007_L01,CO1007,2,False,5.9,5.6,4.9,,,5.2,D+,1.5,True,1.03,1.43,Pass
3009,2357019,HK232_CO1007_L01,CO1007,2,False,7.2,8.4,8.1,,,8.0,B+,3.5,True,3.44,3.29,Pass
3010,2365788,HK232_CO1007_L01,CO1007,2,False,8.4,8.2,7.4,,,7.8,B,3.0,True,3.17,3.28,Pass
3011,2392825,HK232_CO1007_L01,CO1007,2,False,6.7,6.0,5.4,,,5.8,C,2.0,True,1.37,1.6,Pass
3012,2378845,HK232_CO1007_L02,CO1007,2,False,6.6,5.5,4.1,,,4.9,D,1.0,True,1.29,1.39,Pass
3013,2396920,HK232_CO1007_L02,CO1007,2,False,7.9,7.7,7.8,,,7.8,B,3.0,True,3.23,3.34,Pass
3014,2343962,HK232_CO1007_L02,CO1007,2,False,4.7,3.9,3.8,,,4.0,D,1.0,True,0.45,1.0,Pass
3015,2307812,HK232_CO1007_L02,CO1007,2,False,7.6,6.1,5.8,,,6.2,C,2.0,True,2.09,2.17,Pass
3016,2338558,HK232_CO1007_L02,CO1007,2,False,7.3,8.6,7.2,,,7.5,B,3.0,True,3.1,3.19,Pass
3017,2323378,HK232_CO1007_L02,CO1007,2,False,6.4,6.0,6.8,,,6.6,C+,2.5,True,2.53,2.3,Pass
3018,2360107,HK232_CO1007_L02,CO1007,2,False,8.2,5.1,7.4,,,7.1,B,3.0,True,2.18,2.09,Pass
3019,2369497,HK232_CO1007_L02,CO1007,2,False,4.8,5.0,6.6,,,5.9,C,2.0,True,1.74,1.74,Pass
3020,2387379,HK232_CO1007_L02,CO1007,2,False,6.0,6.6,5.3,,,5.7,C,2.0,True,2.5,2.56,Pass
3021,2301401,HK232_CO1007_L02,CO1007,2,False,6.0,6.3,6.9,,,6.6,C+,2.5,True,2.44,2.56,Pass
3022,2365595,HK232_CO1007_L02,CO1007,2,False,6.4,6.9,6.7,,,6.7,C+,2.5,True,2.77,2.6,Pass
3023,2394562,HK232_CO1007_L02,CO1007,2,False,8.8,7.3,7.5,,,7.7,B,3.0,True,2.83,2.9,Pass
3024,2345162,HK232_CO1007_L02,CO1007,2,False,7.4,8.0,7.3,,,7.5,B,3.0,True,3.09,3.2,Pass
3025,2302366,HK232_CO1007_L02,CO1007,2,False,7.3,7.8,8.3,,,8.0,B+,3.5,True,2.76,2.74,Pass
3026,2312486,HK232_CO1007_L02,CO1007,2,False,5.9,5.2,6.6,,,6.2,C,2.0,True,2.12,2.09,Pass
3027,2332491,HK232_CO1007_L02,CO1007,2,False,9.1,7.5,9.4,,,9.0,A,4.0,True,3.97,3.98,Pass
3028,2303138,HK232_CO1007_L02,CO1007,2,False,7.8,7.1,8.0,,,7.8,B,3.0,True,3.2,3.29,Pass
3029,2303717,HK232_CO1007_L02,CO1007,2,False,4.7,4.0,4.5,,,4.4,D,1.0,True,0.5,1.09,Pass
3030,2375715,HK232_CO1007_L02,CO1007,2,False,6.7,6.5,8.0,,,7.4,B,3.0,True,2.5,2.26,Pass
3031,2347478,HK232_CO1007_L02,CO1007,2,False,9.1,9.4,9.4,,,9.3,A,4.0,True,3.93,3.78,Pass
3032,2325929,HK232_CO1007_L02,CO1007,2,False,5.2,4.4,5.0,,,4.9,D,1.0,True,1.47,1.44,Pass
3033,2308777,HK232_CO1007_L02,CO1007,2,False,7.9,7.0,7.6,,,7.5,B,3.0,True,2.41,2.42,Pass
3034,2368683,HK232_CO1007_L02,CO1007,2,False,8.0,6.7,7.7,,,7.6,B,3.0,True,2.97,3.09,Pass
3035,2384635,HK232_CO1007_L02,CO1007,2,False,8.9,8.8,8.0,,,8.3,B+,3.5,True,3.06,2.98,Pass
3036,2360149,HK232_CO1007_L02,CO1007,2,False,6.3,6.5,6.4,,,6.4,C+,2.5,True,2.41,2.47,Pass
3037,2317353,HK232_CO1007_L02,CO1007,2,False,8.0,7.4,6.8,,,7.2,B,3.0,True,2.63,2.66,Pass
3038,2354468,HK232_CO1007_L02,CO1007,2,False,5.4,5.1,6.2,,,5.8,C,2.0,True,1.5,1.5,Pass
3039,2327666,HK232_CO1007_L02,CO1007,2,False,3.6,4.5,5.6,,,5.0,D+,1.5,True,0.62,1.09,Pass
3040,2338751,HK232_CO1007_L02,CO1007,2,False,9.0,6.9,7.1,,,7.4,B,3.0,True,3.03,3.07,Pass
3041,2377838,HK232_CO1007_L02,CO1007,2,False,6.2,5.9,6.9,,,6.6,C+,2.5,True,2.56,2.48,Pass
3042,2386372,HK232_CO1007_L02,CO1007,2,False,6.0,7.1,6.8,,,6.7,C+,2.5,True,2.83,2.91,Pass
3043,2328245,HK232_CO1007_L02,CO1007,2,False,7.6,6.1,6.0,,,6.3,C,2.0,True,2.32,2.38,Pass
3044,2359721,HK232_CO1007_L02,CO1007,2,False,6.8,8.5,7.3,,,7.4,B,3.0,True,2.68,2.56,Pass
3045,2369304,HK232_CO1007_L02,CO1007,2,False,6.6,6.5,5.8,,,6.1,C,2.0,True,2.06,2.05,Pass
3046,2384098,HK232_CO1007_L02,CO1007,2,False,5.5,5.1,6.4,,,6.0,C,2.0,True,2.09,2.23,Pass
3047,2385600,HK232_CO1007_L02,CO1007,2,False,4.3,4.9,4.5,,,4.5,D,1.0,True,0.55,1.18,Pass
3048,2379768,HK232_CO1007_L02,CO1007,2,False,7.9,7.5,8.3,,,8.1,B+,3.5,True,3.33,3.22,Pass
3049,2328438,HK232_CO1007_L02,CO1007,2,False,8.9,8.5,8.7,,,8.7,A,4.0,True,3.93,3.9,Pass
3050,2330561,HK232_CO1007_L02,CO1007,2,False,9.7,9.3,10.0,,,9.8,A+,4.0,True,3.87,3.83,Pass
3051,2379617,HK232_CO1007_L02,CO1007,2,False,7.6,6.7,7.8,,,7.5,B,3.0,True,3.2,3.17,Pass
3052,2396299,HK232_CO1007_L02,CO1007,2,False,8.3,8.0,7.1,,,7.5,B,3.0,True,3.0,3.0,Pass
3053,2320869,HK232_CO1007_L02,CO1007,2,False,9.3,9.4,8.6,,,8.9,A,4.0,True,3.87,3.93,Pass
3054,2354661,HK232_CO1007_L02,CO1007,2,False,8.7,6.2,7.1,,,7.2,B,3.0,True,2.65,2.42,Pass
3055,2356440,HK232_CO1007_L02,CO1007,2,False,6.1,5.1,6.7,,,6.3,C,2.0,True,1.74,1.79,Pass
3056,2330368,HK232_CO1007_L02,CO1007,2,False,7.0,8.5,5.8,,,6.6,C+,2.5,True,2.27,2.38,Pass
3057,2326080,HK232_CO1007_L02,CO1007,2,False,6.1,7.7,6.8,,,6.8,C+,2.5,True,2.21,2.24,Pass
3058,2383670,HK232_CO1007_L02,CO1007,2,False,7.5,8.9,5.7,,,6.7,C+,2.5,True,3.21,3.23,Pass
3059,2312251,HK232_CO1007_L02,CO1007,2,False,7.9,8.0,8.1,,,8.0,B+,3.5,True,3.0,3.05,Pass
3060,2300243,HK232_CO1007_L02,CO1007,2,False,5.2,3.9,4.5,,,4.5,D,1.0,True,1.03,1.06,Pass
3061,2322757,HK232_CO1007_L02,CO1007,2,False,9.4,8.9,9.5,,,9.4,A,4.0,True,4.0,4.0,Pass
3062,2387186,HK232_CO1007_L02,CO1007,2,False,7.2,6.4,6.2,,,6.4,C+,2.5,True,2.12,2.21,Pass
3063,2333263,HK232_CO1007_L02,CO1007,2,False,5.6,6.1,5.7,,,5.8,C,2.0,True,1.68,1.76,Pass
3064,2374708,HK232_CO1007_L02,CO1007,2,False,7.7,8.4,8.5,,,8.3,B+,3.5,True,3.03,3.03,Pass
3065,2325694,HK232_CO1007_L02,CO1007,2,False,6.1,7.2,6.7,,,6.7,C+,2.5,True,2.13,2.05,Pass
3066,2364437,HK232_CO1007_L02,CO1007,2,False,8.1,8.0,7.1,,,7.5,B,3.0,True,3.23,3.38,Pass
3067,2301938,HK232_CO1007_L02,CO1007,2,False,6.5,8.0,8.8,,,8.2,B+,3.5,True,3.32,3.44,Pass
3068,2349064,HK232_CO1007_L02,CO1007,2,False,5.6,5.7,6.1,,,5.9,C,2.0,True,2.09,2.39,Pass
3069,2360342,HK232_CO1007_L02,CO1007,2,False,5.9,6.6,6.1,,,6.2,C,2.0,True,1.35,1.33,Pass
3070,2380540,HK232_CO1007_L02,CO1007,2,False,4.9,4.2,7.2,,,6.1,C,2.0,True,1.82,1.92,Pass
3071,2363279,HK232_CO1007_L02,CO1007,2,False,7.8,8.2,8.0,,,8.0,B+,3.5,True,3.53,3.34,Pass
3072,2324922,HK232_CO1007_L02,CO1007,2,False,6.9,6.5,7.3,,,7.1,B,3.0,True,2.68,2.48,Pass
3073,2321448,HK232_CO1007_L02,CO1007,2,False,6.7,7.2,5.7,,,6.2,C,2.0,True,2.15,2.24,Pass
3074,2354317,HK232_CO1007_L02,CO1007,2,False,6.3,6.4,6.8,,,6.6,C+,2.5,True,1.97,2.15,Pass
3075,2352152,HK232_CO1007_L02,CO1007,2,False,7.7,6.3,7.2,,,7.1,B,3.0,True,3.03,3.02,Pass
3076,2360493,HK232_CO1007_L02,CO1007,2,False,8.0,9.4,8.2,,,8.4,B+,3.5,True,3.77,3.88,Pass
3077,2395762,HK232_CO1007_L02,CO1007,2,False,7.3,9.1,6.5,,,7.2,B,3.0,True,3.03,3.21,Pass
3078,2350222,HK232_CO1007_L02,CO1007,2,False,5.9,7.0,7.0,,,6.8,C+,2.5,True,2.32,2.14,Pass
3079,2355475,HK232_CO1007_L02,CO1007,2,False,5.0,6.2,5.7,,,5.7,C,2.0,True,1.74,1.7,Pass
3080,2373399,HK232_CO1007_L02,CO1007,2,False,6.8,4.7,6.7,,,6.3,C,2.0,True,1.76,1.76,Pass
3081,2344390,HK232_CO1007_L02,CO1007,2,False,6.4,7.7,6.2,,,6.5,C+,2.5,True,2.79,2.83,Pass
3082,2345548,HK232_CO1007_L02,CO1007,2,False,6.2,6.3,7.3,,,6.9,C+,2.5,True,2.41,2.38,Pass
3083,2374557,HK232_CO1007_L02,CO1007,2,False,6.7,5.7,6.3,,,6.3,C,2.0,True,2.21,2.39,Pass
3084,2347520,HK232_CO1007_L02,CO1007,2,False,6.2,8.3,7.7,,,7.5,B,3.0,True,3.23,3.24,Pass
3085,2314802,HK232_CO1007_L02,CO1007,2,False,7.7,7.2,9.3,,,8.6,A,4.0,True,3.27,3.19,Pass
3086,2311714,HK232_CO1007_L02,CO1007,2,False,6.7,6.5,7.9,,,7.4,B,3.0,True,3.2,3.17,Pass
3087,2385063,HK232_CO1007_L02,CO1007,2,False,5.8,5.6,5.3,,,5.5,C,2.0,True,1.73,1.86,Pass
3088,2359956,HK232_CO1007_L02,CO1007,2,False,8.1,9.4,7.4,,,7.9,B,3.0,True,3.41,3.32,Pass
3089,2342653,HK232_CO1007_L02,CO1007,2,False,6.2,6.6,7.5,,,7.1,B,3.0,True,2.47,2.39,Pass
3090,2363086,HK232_CO1007_L02,CO1007,2,False,8.5,7.2,7.9,,,7.9,B,3.0,True,3.03,3.02,Pass
3091,2307384,HK232_CO1007_L02,CO1007,2,False,6.4,4.7,5.6,,,5.6,C,2.0,True,1.85,1.56,Pass
3092,2338172,HK232_CO1007_L02,CO1007,2,False,7.2,7.7,9.6,,,8.7,A,4.0,True,3.21,3.26,Pass
3093,2382898,HK232_CO1007_L02,CO1007,2,False,6.3,6.0,6.0,,,6.1,C,2.0,True,2.24,2.24,Pass
3094,2353545,HK232_CO1007_L02,CO1007,2,False,4.9,6.8,6.6,,,6.3,C,2.0,True,1.68,1.68,Pass
3095,2350608,HK232_CO1007_L02,CO1007,2,False,6.4,6.3,6.8,,,6.6,C+,2.5,True,2.29,2.41,Pass
3096,2372199,HK232_CO1007_L02,CO1007,2,False,5.4,7.1,4.8,,,5.4,D+,1.5,True,1.82,1.91,Pass
3097,2370269,HK232_CO1007_L02,CO1007,2,False,6.3,7.2,6.0,,,6.3,C,2.0,True,2.41,2.45,Pass
3098,2313451,HK232_CO1007_L02,CO1007,2,False,8.6,9.0,7.5,,,8.0,B+,3.5,True,3.37,3.21,Pass
3099,2316732,HK232_CO1007_L02,CO1007,2,False,5.5,5.8,5.3,,,5.4,D+,1.5,True,2.06,2.09,Pass
3100,2341839,HK232_CO1007_L02,CO1007,2,False,4.3,6.3,6.3,,,5.9,C,2.0,True,2.35,2.41,Pass
3101,2364781,HK232_CO1007_L02,CO1007,2,False,8.1,7.3,9.2,,,8.6,A,4.0,True,3.43,3.55,Pass
3102,2334270,HK232_CO1007_L02,CO1007,2,False,6.3,8.3,6.0,,,6.5,C+,2.5,True,2.35,2.45,Pass
3103,2383477,HK232_CO1007_L02,CO1007,2,False,5.7,6.8,7.4,,,6.9,C+,2.5,True,2.09,2.15,Pass
3104,2344197,HK232_CO1007_L02,CO1007,2,False,7.0,4.4,6.7,,,6.3,C,2.0,True,2.12,2.27,Pass
3105,2364974,HK232_CO1007_L02,CO1007,2,False,4.9,3.8,6.6,,,5.7,C,2.0,True,1.53,1.69,Pass
3106,2311479,HK232_CO1007_L02,CO1007,2,False,6.2,6.7,6.2,,,6.3,C,2.0,True,2.74,2.7,Pass
3107,2373785,HK232_CO1007_L02,CO1007,2,False,3.1,5.2,4.3,,,4.2,D,1.0,True,0.97,1.12,Pass
3108,2387958,HK232_CO1007_L02,CO1007,2,False,6.5,7.4,5.7,,,6.2,C,2.0,True,2.74,2.82,Pass
3109,2379189,HK232_CO1007_L02,CO1007,2,False,7.9,7.2,7.1,,,7.3,B,3.0,True,3.2,3.36,Pass
3110,2342074,HK232_CO1007_L02,CO1007,2,False,7.7,8.2,8.7,,,8.4,B+,3.5,True,3.0,2.95,Pass
3111,2306998,HK232_CO1007_L02,CO1007,2,False,8.3,8.4,7.7,,,8.0,B+,3.5,True,2.76,2.56,Pass
3112,2380775,HK232_CO1007_L02,CO1007,2,False,7.2,5.3,5.4,,,5.7,C,2.0,True,2.21,2.55,Pass
3113,2335428,HK232_CO1007_L02,CO1007,2,False,9.2,8.2,8.0,,,8.3,B+,3.5,True,3.6,3.52,Pass
3114,2389888,HK232_CO1007_L02,CO1007,2,False,5.4,6.3,5.3,,,5.5,C,2.0,True,1.74,1.38,Pass
3115,2329017,HK232_CO1007_L02,CO1007,2,False,6.5,7.6,6.0,,,6.4,C+,2.5,True,2.27,2.21,Pass
3116,2362851,HK232_CO1007_L02,CO1007,2,False,6.5,5.1,6.2,,,6.0,C,2.0,True,2.56,2.45,Pass
3117,2320055,HK232_CO1007_L02,CO1007,2,False,6.7,6.6,7.5,,,7.2,B,3.0,True,2.09,2.3,Pass
3118,2355047,HK232_CO1007_L02,CO1007,2,False,7.8,6.4,7.4,,,7.3,B,3.0,True,2.24,2.14,Pass
3119,2347906,HK232_CO1007_L02,CO1007,2,False,6.9,7.7,8.6,,,8.1,B+,3.5,True,3.0,3.18,Pass
3120,2313023,HK232_CO1007_L02,CO1007,2,False,5.1,4.8,3.9,,,4.3,D,1.0,True,1.5,1.59,Pass
3121,2371427,HK232_CO1007_L02,CO1007,2,False,7.9,8.2,7.8,,,7.9,B,3.0,True,3.27,3.36,Pass
3122,2321255,HK232_CO1007_L02,CO1007,2,False,7.1,7.3,6.5,,,6.8,C+,2.5,True,2.53,2.42,Pass
3123,2312679,HK232_CO1007_L02,CO1007,2,False,5.8,5.7,5.3,,,5.5,C,2.0,True,1.85,1.88,Pass
3124,2378803,HK232_CO1007_L02,CO1007,2,False,6.7,8.0,8.6,,,8.1,B+,3.5,True,3.26,3.27,Pass
3125,2338130,HK232_CO1007_L02,CO1007,2,False,9.3,10.0,10.0,,,9.9,A+,4.0,True,4.0,4.0,Pass
3126,2344155,HK232_CO1007_L02,CO1007,2,False,6.6,7.0,6.3,,,6.5,C+,2.5,True,2.21,2.3,Pass
3127,2311521,HK232_CO1007_L03,CO1007,2,False,7.9,7.1,9.2,,,8.5,A,4.0,True,3.37,3.31,Pass
3128,2327859,HK232_CO1007_L03,CO1007,2,False,4.9,5.9,6.2,,,5.9,C,2.0,True,1.74,1.65,Pass
3129,2381933,HK232_CO1007_L03,CO1007,2,False,4.6,5.6,5.8,,,5.5,C,2.0,True,1.47,1.55,Pass
3130,2374750,HK232_CO1007_L03,CO1007,2,False,7.9,7.6,6.5,,,7.0,B,3.0,True,3.0,3.02,Pass
3131,2327280,HK232_CO1007_L03,CO1007,2,False,8.2,7.8,7.7,,,7.8,B,3.0,True,3.33,3.36,Pass
3132,2351573,HK232_CO1007_L03,CO1007,2,False,7.2,5.6,6.4,,,6.4,C+,2.5,True,2.47,2.41,Pass
3133,2301015,HK232_CO1007_L03,CO1007,2,False,5.0,4.4,5.0,,,4.9,D,1.0,True,1.29,1.33,Pass
3134,2333842,HK232_CO1007_L03,CO1007,2,False,9.2,9.6,9.4,,,9.4,A,4.0,True,3.33,3.24,Pass
3135,2389695,HK232_CO1007_L03,CO1007,2,False,7.9,6.6,7.8,,,7.6,B,3.0,True,2.76,2.89,Pass
3136,2322027,HK232_CO1007_L03,CO1007,2,False,6.0,4.8,6.7,,,6.2,C,2.0,True,2.35,2.23,Pass
3137,2389116,HK232_CO1007_L03,CO1007,2,False,7.0,8.3,7.8,,,7.7,B,3.0,True,2.93,3.03,Pass
3138,2391818,HK232_CO1007_L03,CO1007,2,False,6.3,7.1,6.5,,,6.6,C+,2.5,True,2.18,2.38,Pass
3139,2311286,HK232_CO1007_L03,CO1007,2,False,6.9,8.0,9.1,,,8.4,B+,3.5,True,3.06,2.8,Pass
3140,2320248,HK232_CO1007_L03,CO1007,2,False,8.7,10.0,9.8,,,9.6,A+,4.0,True,4.0,4.0,Pass
3141,2340874,HK232_CO1007_L03,CO1007,2,False,5.0,6.3,5.7,,,5.7,C,2.0,True,1.29,1.32,Pass
3142,2352538,HK232_CO1007_L03,CO1007,2,False,5.8,5.9,6.3,,,6.1,C,2.0,True,2.09,2.2,Pass
3143,2391625,HK232_CO1007_L03,CO1007,2,False,6.1,7.8,6.2,,,6.5,C+,2.5,True,2.68,2.71,Pass
3144,2312100,HK232_CO1007_L03,CO1007,2,False,7.3,9.8,8.3,,,8.4,B+,3.5,True,3.37,3.41,Pass
3145,2317546,HK232_CO1007_L03,CO1007,2,False,7.9,8.5,7.6,,,7.8,B,3.0,True,3.07,3.28,Pass
3146,2337358,HK232_CO1007_L03,CO1007,2,False,7.5,8.9,9.3,,,8.9,A,4.0,True,3.53,3.55,Pass
3147,2390895,HK232_CO1007_L03,CO1007,2,False,6.5,6.9,5.8,,,6.2,C,2.0,True,1.65,1.55,Pass
3148,2376101,HK232_CO1007_L03,CO1007,2,False,6.3,6.5,6.3,,,6.3,C,2.0,True,2.12,2.0,Pass
3149,2347092,HK232_CO1007_L03,CO1007,2,False,6.8,5.9,6.4,,,6.4,C+,2.5,True,2.35,2.35,Pass
3150,2336007,HK232_CO1007_L03,CO1007,2,False,7.2,7.2,5.5,,,6.2,C,2.0,True,2.26,2.18,Pass
3151,2370999,HK232_CO1007_L03,CO1007,2,False,5.4,5.4,7.5,,,6.7,C+,2.5,True,2.56,2.62,Pass
3152,2326659,HK232_CO1007_L03,CO1007,2,False,5.1,6.1,6.9,,,6.4,C+,2.5,True,2.12,2.11,Pass
3153,2382319,HK232_CO1007_L03,CO1007,2,False,5.7,6.0,5.5,,,5.6,C,2.0,True,1.74,1.89,Pass
3154,2327624,HK232_CO1007_L03,CO1007,2,False,8.1,7.8,10.0,,,9.2,A,4.0,True,4.0,4.0,Pass
3155,2312444,HK232_CO1007_L03,CO1007,2,False,5.8,5.0,3.7,,,4.4,D,1.0,True,0.62,1.21,Pass
3156,2386607,HK232_CO1007_L03,CO1007,2,False,9.3,8.1,9.7,,,9.3,A,4.0,True,3.47,3.34,Pass
3157,2323571,HK232_CO1007_L03,CO1007,2,False,9.1,9.5,8.7,,,8.9,A,4.0,True,4.0,3.95,Pass
3158,2391281,HK232_CO1007_L03,CO1007,2,False,5.1,5.6,5.8,,,5.6,C,2.0,True,2.0,2.0,Pass
3159,2380347,HK232_CO1007_L03,CO1007,2,False,9.3,8.1,6.5,,,7.4,B,3.0,True,3.27,3.14,Pass
3160,2389502,HK232_CO1007_L03,CO1007,2,False,8.2,8.3,8.9,,,8.6,A,4.0,True,3.43,3.41,Pass
3161,2342267,HK232_CO1007_L03,CO1007,2,False,9.0,8.3,9.1,,,8.9,A,4.0,True,4.0,4.0,Pass
3162,2316346,HK232_CO1007_L03,CO1007,2,False,7.0,7.4,6.4,,,6.7,C+,2.5,True,2.41,2.48,Pass
3163,2375094,HK232_CO1007_L03,CO1007,2,False,6.2,6.4,6.9,,,6.7,C+,2.5,True,2.24,2.24,Pass
3164,2352731,HK232_CO1007_L03,CO1007,2,False,7.9,7.1,8.1,,,7.9,B,3.0,True,3.1,3.05,Pass
3165,2350994,HK232_CO1007_L03,CO1007,2,False,7.4,6.8,6.1,,,6.5,C+,2.5,True,2.03,1.97,Pass
3166,2370848,HK232_CO1007_L03,CO1007,2,False,4.8,4.2,3.9,,,4.1,D,1.0,True,0.82,1.32,Pass
3167,2386565,HK232_CO1007_L03,CO1007,2,False,7.9,8.2,7.8,,,7.9,B,3.0,True,2.88,2.91,Pass
3168,2368490,HK232_CO1007_L03,CO1007,2,False,7.1,6.6,6.3,,,6.5,C+,2.5,True,2.44,2.48,Pass
3169,2378996,HK232_CO1007_L03,CO1007,2,False,5.6,4.4,4.1,,,4.5,D,1.0,True,0.55,1.0,Pass
3170,2346706,HK232_CO1007_L03,CO1007,2,False,8.8,8.5,8.0,,,8.3,B+,3.5,True,3.17,3.26,Pass
3171,2300973,HK232_CO1007_L03,CO1007,2,False,6.4,5.8,6.4,,,6.3,C,2.0,True,2.26,2.44,Pass
3172,2332533,HK232_CO1007_L03,CO1007,2,False,7.6,6.3,6.3,,,6.6,C+,2.5,True,2.29,2.27,Pass
3173,2394176,HK232_CO1007_L03,CO1007,2,False,5.2,5.6,6.0,,,5.8,C,2.0,True,2.09,2.03,Pass
3174,2396341,HK232_CO1007_L03,CO1007,2,False,5.4,6.8,7.0,,,6.6,C+,2.5,True,2.47,2.5,Pass
3175,2374515,HK232_CO1007_L03,CO1007,2,False,6.7,7.1,6.9,,,6.9,C+,2.5,True,2.62,2.48,Pass
3176,2379382,HK232_CO1007_L03,CO1007,2,False,6.5,7.1,8.0,,,7.5,B,3.0,True,2.76,2.62,Pass
3177,2333070,HK232_CO1007_L03,CO1007,2,False,6.3,6.4,5.8,,,6.0,C,2.0,True,2.5,2.5,Pass
3178,2360535,HK232_CO1007_L03,CO1007,2,False,7.8,7.9,8.2,,,8.1,B+,3.5,True,3.87,3.88,Pass
3179,2328824,HK232_CO1007_L03,CO1007,2,False,5.7,4.6,6.6,,,6.0,C,2.0,True,1.44,1.38,Pass
3180,2302131,HK232_CO1007_L03,CO1007,2,False,6.2,5.3,5.5,,,5.6,C,2.0,True,1.88,1.92,Pass
3181,2364244,HK232_CO1007_L03,CO1007,2,False,5.1,5.2,7.6,,,6.6,C+,2.5,True,2.5,2.32,Pass
3182,2323529,HK232_CO1007_L03,CO1007,2,False,7.3,7.5,7.2,,,7.3,B,3.0,True,2.93,2.9,Pass
3183,2353738,HK232_CO1007_L03,CO1007,2,False,6.1,4.3,6.7,,,6.1,C,2.0,True,1.43,1.75,Pass
3184,2305454,HK232_CO1007_L03,CO1007,2,False,7.7,7.7,7.4,,,7.5,B,3.0,True,3.1,3.26,Pass
3185,2303910,HK232_CO1007_L03,CO1007,2,False,6.3,4.7,4.4,,,4.8,D,1.0,True,1.44,1.67,Pass
3186,2310556,HK232_CO1007_L03,CO1007,2,False,6.9,6.0,6.0,,,6.2,C,2.0,True,2.21,2.15,Pass
3187,2391239,HK232_CO1007_L03,CO1007,2,False,5.5,6.7,6.5,,,6.3,C,2.0,True,1.71,2.0,Pass
3188,2338944,HK232_CO1007_L03,CO1007,2,False,7.6,8.1,8.2,,,8.1,B+,3.5,True,3.33,3.34,Pass
3189,2338709,HK232_CO1007_L03,CO1007,2,False,6.5,6.8,6.4,,,6.5,C+,2.5,True,2.24,2.17,Pass
3190,2384249,HK232_CO1007_L03,CO1007,2,False,5.5,5.6,5.9,,,5.8,C,2.0,True,1.88,1.97,Pass
3191,2352773,HK232_CO1007_L03,CO1007,2,False,7.3,6.8,5.8,,,6.3,C,2.0,True,2.09,2.18,Pass
3192,2301208,HK232_CO1007_L03,CO1007,2,False,6.6,8.8,6.6,,,7.0,B,3.0,True,2.56,2.68,Pass
3193,2321792,HK232_CO1007_L03,CO1007,2,False,8.3,7.0,8.8,,,8.3,B+,3.5,True,3.07,3.07,Pass
3194,2318318,HK232_CO1007_L03,CO1007,2,False,7.2,6.1,6.0,,,6.3,C,2.0,True,2.23,2.38,Pass
3195,2352580,HK232_CO1007_L03,CO1007,2,False,6.5,6.6,6.2,,,6.3,C,2.0,True,2.0,2.08,Pass
3196,2321599,HK232_CO1007_L03,CO1007,2,False,6.2,7.1,8.4,,,7.7,B,3.0,True,2.79,2.67,Pass
3197,2346127,HK232_CO1007_L03,CO1007,2,False,7.9,6.0,6.8,,,6.9,C+,2.5,True,2.56,2.29,Pass
3198,2301552,HK232_CO1007_L03,CO1007,2,False,6.6,6.7,7.0,,,6.9,C+,2.5,True,2.23,2.43,Pass
3199,2392632,HK232_CO1007_L03,CO1007,2,False,5.1,6.2,5.4,,,5.5,C,2.0,True,1.97,1.86,Pass
3200,2370034,HK232_CO1007_L03,CO1007,2,False,5.4,5.4,5.5,,,5.5,C,2.0,True,1.79,1.79,Pass
3201,2300780,HK232_CO1007_L03,CO1007,2,False,8.3,8.0,8.8,,,8.5,A,4.0,True,3.5,3.26,Pass
3202,2357791,HK232_CO1007_L03,CO1007,2,False,4.9,3.9,6.2,,,5.5,C,2.0,True,1.76,1.7,Pass
3203,2342418,HK232_CO1007_L03,CO1007,2,False,5.3,7.0,5.2,,,5.6,C,2.0,True,1.56,1.56,Pass
3204,2364202,HK232_CO1007_L03,CO1007,2,False,4.8,4.6,6.3,,,5.7,C,2.0,True,1.97,1.77,Pass
3205,2371234,HK232_CO1007_L03,CO1007,2,False,5.2,5.1,5.9,,,5.6,C,2.0,True,1.79,1.62,Pass
3206,2335042,HK232_CO1007_L03,CO1007,2,False,6.9,9.9,7.9,,,8.1,B+,3.5,True,2.93,2.97,Pass
3207,2385256,HK232_CO1007_L03,CO1007,2,False,6.5,5.9,6.0,,,6.1,C,2.0,True,2.2,2.1,Pass
3208,2355282,HK232_CO1007_L03,CO1007,2,False,8.6,7.5,7.7,,,7.8,B,3.0,True,2.87,3.0,Pass
3209,2377259,HK232_CO1007_L03,CO1007,2,False,6.0,5.5,6.8,,,6.4,C+,2.5,True,2.21,1.94,Pass
3210,2342846,HK232_CO1007_L03,CO1007,2,False,8.5,7.3,7.3,,,7.5,B,3.0,True,2.91,2.89,Pass
3211,2384828,HK232_CO1007_L03,CO1007,2,False,8.2,8.3,8.3,,,8.3,B+,3.5,True,3.33,3.34,Pass
3212,2390660,HK232_CO1007_L03,CO1007,2,False,5.9,6.5,6.2,,,6.2,C,2.0,True,1.76,1.74,Pass
3213,2392246,HK232_CO1007_L03,CO1007,2,False,7.1,9.7,7.9,,,8.1,B+,3.5,True,3.2,3.16,Pass
3214,2397885,HK232_CO1007_L03,CO1007,2,False,7.8,7.2,8.1,,,7.9,B,3.0,True,2.53,2.59,Pass
3215,2328589,HK232_CO1007_L03,CO1007,2,False,6.5,5.4,6.8,,,6.5,C+,2.5,True,2.59,2.41,Pass
3216,2378031,HK232_CO1007_L03,CO1007,2,False,10.0,9.9,9.9,,,9.9,A+,4.0,True,4.0,4.0,Pass
3217,2365981,HK232_CO1007_L03,CO1007,2,False,5.5,5.0,5.5,,,5.4,D+,1.5,True,1.68,1.76,Pass
3218,2352966,HK232_CO1007_L03,CO1007,2,False,8.1,8.7,7.6,,,7.9,B,3.0,True,3.37,3.19,Pass
3219,2359377,HK232_CO1007_L03,CO1007,2,False,5.7,7.5,7.5,,,7.1,B,3.0,True,2.47,2.44,Pass
3220,2322220,HK232_CO1007_L03,CO1007,2,False,4.3,5.9,6.1,,,5.7,C,2.0,True,2.33,2.43,Pass
3221,2343425,HK232_CO1007_L03,CO1007,2,False,6.6,6.4,5.6,,,6.0,C,2.0,True,2.26,2.14,Pass
3222,2310707,HK232_CO1007_L03,CO1007,2,False,9.3,9.8,10.0,,,9.8,A+,4.0,True,3.87,3.93,Pass
3223,2351766,HK232_CO1007_L03,CO1007,2,False,5.9,5.9,6.1,,,6.0,C,2.0,True,1.79,1.77,Pass
3224,2318125,HK232_CO1007_L03,CO1007,2,False,6.2,5.0,6.4,,,6.1,C,2.0,True,1.9,1.9,Pass
3225,2328396,HK232_CO1007_L03,CO1007,2,False,7.3,7.9,7.1,,,7.3,B,3.0,True,2.67,2.78,Pass
3226,2365553,HK232_CO1007_L03,CO1007,2,False,6.9,4.6,6.2,,,6.0,C,2.0,True,1.71,1.58,Pass
3227,2381505,HK232_CO1007_L03,CO1007,2,False,5.9,5.5,6.9,,,6.4,C+,2.5,True,1.91,1.82,Pass
3228,2381740,HK232_CO1007_L03,CO1007,2,False,5.8,6.3,7.9,,,7.2,B,3.0,True,2.47,2.29,Pass
3229,2348443,HK232_CO1007_L03,CO1007,2,False,3.6,5.6,5.3,,,5.0,D+,1.5,True,1.56,1.52,Pass
3230,2389158,HK232_CO1007_L03,CO1007,2,False,5.6,6.1,6.5,,,6.2,C,2.0,True,2.12,2.29,Pass
3231,2343769,HK232_CO1007_L03,CO1007,2,False,7.1,9.0,7.0,,,7.4,B,3.0,True,2.88,2.94,Pass
3232,2323336,HK232_CO1007_L03,CO1007,2,False,6.9,6.0,6.9,,,6.7,C+,2.5,True,2.38,2.44,Pass
3233,2339523,HK232_CO1007_L03,CO1007,2,False,6.9,6.6,6.0,,,6.3,C,2.0,True,2.68,2.61,Pass
3234,2363430,HK232_CO1007_L03,CO1007,2,False,7.2,8.2,5.4,,,6.3,C,2.0,True,2.71,2.92,Pass
3235,2361693,HK232_CO1007_L03,CO1007,2,False,4.1,4.9,4.6,,,4.6,D,1.0,True,1.06,1.2,Pass
3236,2398464,HK232_CO1007_L03,CO1007,2,False,8.0,7.8,7.0,,,7.4,B,3.0,True,2.62,2.5,Pass
3237,2348829,HK232_CO1007_L03,CO1007,2,False,7.4,7.8,7.1,,,7.3,B,3.0,True,3.18,3.17,Pass
3238,2341881,HK232_CO1007_L03,CO1007,2,False,7.5,7.9,7.3,,,7.5,B,3.0,True,2.8,3.0,Pass
3239,2328782,HK232_CO1007_L03,CO1007,2,False,8.5,8.0,8.5,,,8.4,B+,3.5,True,3.64,3.73,Pass
3240,2321406,HK232_CO1007_L03,CO1007,2,False,6.4,6.8,5.6,,,6.0,C,2.0,True,2.44,2.7,Pass
3241,2357640,HK232_CO1007_L04,CO1007,2,False,7.1,8.3,8.8,,,8.4,B+,3.5,True,3.7,3.6,Pass
3242,2367139,HK232_CO1007_L04,CO1007,2,False,8.2,9.2,10.0,,,9.5,A+,4.0,True,3.73,3.69,Pass
3243,2300587,HK232_CO1007_L04,CO1007,2,False,7.9,6.1,7.5,,,7.3,B,3.0,True,2.38,2.53,Pass
3244,2388344,HK232_CO1007_L04,CO1007,2,False,7.6,7.9,6.7,,,7.1,B,3.0,True,3.17,3.26,Pass
3245,2369455,HK232_CO1007_L04,CO1007,2,False,9.8,8.6,9.4,,,9.3,A,4.0,True,3.97,3.93,Pass
3246,2321062,HK232_CO1007_L04,CO1007,2,False,4.6,5.1,2.9,,,3.7,F,0.0,False,0.59,1.14,Fail
3247,2362079,HK232_CO1007_L04,CO1007,2,False,9.0,9.3,6.8,,,7.7,B,3.0,True,3.2,3.14,Pass
3248,2353159,HK232_CO1007_L04,CO1007,2,False,6.4,6.2,6.9,,,6.7,C+,2.5,True,2.53,2.61,Pass
3249,2326122,HK232_CO1007_L04,CO1007,2,False,8.2,7.6,8.2,,,8.1,B+,3.5,True,3.33,3.22,Pass
3250,2366174,HK232_CO1007_L04,CO1007,2,False,10.0,8.4,8.8,,,9.0,A,4.0,True,3.87,3.93,Pass
3251,2338323,HK232_CO1007_L04,CO1007,2,False,7.0,5.4,6.8,,,6.6,C+,2.5,True,2.32,2.39,Pass
3252,2316925,HK232_CO1007_L04,CO1007,2,False,7.7,6.7,5.8,,,6.4,C+,2.5,True,2.09,2.15,Pass
3253,2316002,HK232_CO1007_L04,CO1007,2,False,5.8,5.6,4.8,,,5.2,D+,1.5,True,1.9,1.71,Pass
3254,2353889,HK232_CO1007_L04,CO1007,2,False,5.2,6.3,5.5,,,5.6,C,2.0,True,1.85,1.8,Pass
3255,2347713,HK232_CO1007_L04,CO1007,2,False,6.2,6.7,7.0,,,6.8,C+,2.5,True,2.73,2.57,Pass
3256,2301980,HK232_CO1007_L04,CO1007,2,False,8.0,5.1,7.7,,,7.2,B,3.0,True,3.0,3.09,Pass
3257,2358219,HK232_CO1007_L04,CO1007,2,False,7.6,7.6,6.4,,,6.9,C+,2.5,True,3.33,3.31,Pass
3258,2302517,HK232_CO1007_L04,CO1007,2,False,2.7,3.8,5.6,,,4.7,D,1.0,True,0.74,1.06,Pass
3259,2399664,HK232_CO1007_L04,CO1007,2,False,6.4,5.2,6.8,,,6.4,C+,2.5,True,2.41,2.5,Pass
3260,2386028,HK232_CO1007_L04,CO1007,2,False,8.3,9.5,8.3,,,8.5,A,4.0,True,3.97,3.98,Pass
3261,2376680,HK232_CO1007_L04,CO1007,2,False,7.4,6.0,7.7,,,7.3,B,3.0,True,2.29,2.29,Pass
3262,2390853,HK232_CO1007_L04,CO1007,2,False,6.1,6.1,5.0,,,5.4,D+,1.5,True,2.12,2.29,Pass
3263,2322992,HK232_CO1007_L04,CO1007,2,False,5.5,5.9,8.1,,,7.1,B,3.0,True,1.91,1.74,Pass
3264,2300008,HK232_CO1007_L04,CO1007,2,False,7.5,7.7,5.3,,,6.2,C,2.0,True,2.24,2.27,Pass
3265,2356826,HK232_CO1007_L04,CO1007,2,False,6.9,5.5,7.9,,,7.2,B,3.0,True,2.62,2.62,Pass
3266,2398271,HK232_CO1007_L04,CO1007,2,False,5.1,6.6,4.4,,,5.0,D+,1.5,True,1.76,1.68,Pass
3267,2354275,HK232_CO1007_L04,CO1007,2,False,5.5,6.4,5.3,,,5.6,C,2.0,True,2.15,2.15,Pass
3268,2324536,HK232_CO1007_L04,CO1007,2,False,6.6,6.3,5.4,,,5.8,C,2.0,True,2.15,2.39,Pass
3269,2326701,HK232_CO1007_L04,CO1007,2,False,6.7,8.0,8.9,,,8.3,B+,3.5,True,3.17,3.16,Pass
3270,2375287,HK232_CO1007_L04,CO1007,2,False,4.7,5.9,5.1,,,5.2,D+,1.5,True,1.62,1.74,Pass
3271,2354703,HK232_CO1007_L04,CO1007,2,False,7.5,9.1,8.1,,,8.2,B+,3.5,True,3.03,2.81,Pass
3272,2375908,HK232_CO1007_L04,CO1007,2,False,5.4,6.1,5.5,,,5.6,C,2.0,True,1.71,1.76,Pass
3273,2364009,HK232_CO1007_L04,CO1007,2,False,7.2,7.6,8.8,,,8.2,B+,3.5,True,3.47,3.26,Pass
3274,2349836,HK232_CO1007_L04,CO1007,2,False,5.5,6.8,5.6,,,5.8,C,2.0,True,2.3,2.36,Pass
3275,2398078,HK232_CO1007_L04,CO1007,2,False,6.0,5.8,5.8,,,5.8,C,2.0,True,2.29,2.2,Pass
3276,2342804,HK232_CO1007_L04,CO1007,2,False,6.6,5.8,5.7,,,5.9,C,2.0,True,2.15,2.18,Pass
3277,2300050,HK232_CO1007_L04,CO1007,2,False,7.2,7.6,8.4,,,8.0,B+,3.5,True,3.27,3.28,Pass
3278,2332684,HK232_CO1007_L04,CO1007,2,False,7.9,7.8,7.8,,,7.8,B,3.0,True,3.0,3.07,Pass
3279,2344348,HK232_CO1007_L04,CO1007,2,False,5.9,5.4,5.5,,,5.6,C,2.0,True,1.85,1.79,Pass
3280,2312830,HK232_CO1007_L04,CO1007,2,False,8.2,7.0,7.5,,,7.5,B,3.0,True,3.24,3.24,Pass
3281,2349257,HK232_CO1007_L04,CO1007,2,False,9.4,9.3,9.0,,,9.1,A,4.0,True,4.0,4.0,Pass
3282,2324150,HK232_CO1007_L04,CO1007,2,False,7.3,9.6,8.3,,,8.4,B+,3.5,True,2.97,2.91,Pass
3283,2362658,HK232_CO1007_L04,CO1007,2,False,6.8,8.2,7.9,,,7.7,B,3.0,True,2.9,3.02,Pass
3284,2386800,HK232_CO1007_L04,CO1007,2,False,8.5,8.5,7.6,,,8.0,B+,3.5,True,3.15,3.3,Pass
3285,2396685,HK232_CO1007_L04,CO1007,2,False,4.3,4.9,5.8,,,5.3,D+,1.5,True,1.65,1.75,Pass
3286,2375329,HK232_CO1007_L04,CO1007,2,False,7.7,7.7,7.8,,,7.8,B,3.0,True,3.0,3.05,Pass
3287,2392053,HK232_CO1007_L04,CO1007,2,False,6.3,4.8,5.5,,,5.5,C,2.0,True,2.03,2.14,Pass
3288,2358605,HK232_CO1007_L04,CO1007,2,False,6.5,6.1,7.9,,,7.3,B,3.0,True,2.44,2.35,Pass
3289,2363623,HK232_CO1007_L04,CO1007,2,False,5.9,6.7,6.5,,,6.4,C+,2.5,True,2.29,2.18,Pass
3290,2313837,HK232_CO1007_L04,CO1007,2,False,7.1,6.1,7.1,,,6.9,C+,2.5,True,2.97,2.94,Pass
3291,2337937,HK232_CO1007_L04,CO1007,2,False,5.4,4.7,5.2,,,5.1,D+,1.5,True,1.4,1.71,Pass
3292,2351187,HK232_CO1007_L04,CO1007,2,False,5.0,4.2,6.3,,,5.6,C,2.0,True,1.82,1.65,Pass
3293,2331333,HK232_CO1007_L04,CO1007,2,False,7.0,7.0,5.8,,,6.3,C,2.0,True,2.06,2.08,Pass
3294,2305110,HK232_CO1007_L04,CO1007,2,False,8.5,8.7,7.0,,,7.6,B,3.0,True,2.83,2.84,Pass
3295,2311907,HK232_CO1007_L04,CO1007,2,False,6.2,5.1,5.7,,,5.7,C,2.0,True,1.5,1.59,Pass
3296,2304875,HK232_CO1007_L04,CO1007,2,False,5.6,4.9,6.4,,,5.9,C,2.0,True,1.71,1.58,Pass
3297,2376059,HK232_CO1007_L04,CO1007,2,False,5.8,5.5,6.7,,,6.3,C,2.0,True,1.93,1.93,Pass
3298,2394369,HK232_CO1007_L04,CO1007,2,False,5.2,4.1,7.5,,,6.4,C+,2.5,True,1.88,1.55,Pass
3299,2352345,HK232_CO1007_L04,CO1007,2,False,6.8,7.0,5.9,,,6.3,C,2.0,True,2.4,2.57,Pass
3300,2334035,HK232_CO1007_L04,CO1007,2,False,7.5,7.7,7.6,,,7.6,B,3.0,True,2.97,3.05,Pass
3301,2337207,HK232_CO1007_L04,CO1007,2,False,6.9,6.8,7.9,,,7.5,B,3.0,True,2.88,2.82,Pass
3302,2369111,HK232_CO1007_L04,CO1007,2,False,8.7,9.7,10.0,,,9.7,A+,4.0,True,4.0,4.0,Pass
3303,2391667,HK232_CO1007_L04,CO1007,2,False,8.0,7.7,7.6,,,7.7,B,3.0,True,3.09,3.05,Pass
3304,2389930,HK232_CO1007_L04,CO1007,2,False,6.6,5.8,5.6,,,5.8,C,2.0,True,2.13,2.19,Pass
3305,2341067,HK232_CO1007_L04,CO1007,2,False,7.2,7.2,8.5,,,8.0,B+,3.5,True,3.13,3.02,Pass
3306,2326852,HK232_CO1007_L04,CO1007,2,False,8.1,8.1,8.0,,,8.0,B+,3.5,True,3.83,3.91,Pass
3307,2399815,HK232_CO1007_L04,CO1007,2,False,6.4,6.2,5.6,,,5.9,C,2.0,True,2.56,2.8,Pass
3308,2302559,HK232_CO1007_L04,CO1007,2,False,7.0,4.7,5.2,,,5.5,C,2.0,True,2.12,2.06,Pass
3309,2329596,HK232_CO1007_L04,CO1007,2,False,8.5,6.1,6.3,,,6.7,C+,2.5,True,2.97,3.17,Pass
3310,2348292,HK232_CO1007_L04,CO1007,2,False,7.7,6.7,6.9,,,7.0,B,3.0,True,3.1,3.07,Pass
3311,2356247,HK232_CO1007_L04,CO1007,2,False,9.4,9.6,7.2,,,8.1,B+,3.5,True,3.67,3.69,Pass
3312,2335235,HK232_CO1007_L04,CO1007,2,False,10.0,9.4,8.1,,,8.7,A,4.0,True,3.97,3.86,Pass
3313,2339716,HK232_CO1007_L04,CO1007,2,False,5.1,6.4,5.3,,,5.5,C,2.0,True,1.88,1.88,Pass
3314,2358756,HK232_CO1007_L04,CO1007,2,False,9.3,10.0,9.6,,,9.6,A+,4.0,True,4.0,4.0,Pass
3315,2338365,HK232_CO1007_L04,CO1007,2,False,6.2,7.1,4.8,,,5.5,C,2.0,True,2.7,2.62,Pass
3316,2316581,HK232_CO1007_L04,CO1007,2,False,9.2,7.6,8.2,,,8.3,B+,3.5,True,3.23,3.14,Pass
3317,2354896,HK232_CO1007_L04,CO1007,2,False,7.5,7.0,5.5,,,6.2,C,2.0,True,2.32,2.27,Pass
3318,2373978,HK232_CO1007_L04,CO1007,2,False,6.4,6.7,7.1,,,6.9,C+,2.5,True,2.12,2.11,Pass
3319,2305303,HK232_CO1007_L04,CO1007,2,False,7.6,6.7,6.8,,,6.9,C+,2.5,True,2.44,2.42,Pass
3320,2391088,HK232_CO1007_L04,CO1007,2,False,8.8,7.7,8.4,,,8.3,B+,3.5,True,3.37,3.57,Pass
3321,2329210,HK232_CO1007_L04,CO1007,2,False,6.5,6.9,6.7,,,6.7,C+,2.5,True,2.5,2.33,Pass
3322,2301166,HK232_CO1007_L04,CO1007,2,False,6.3,7.3,5.1,,,5.8,C,2.0,True,2.21,2.08,Pass
3323,2393404,HK232_CO1007_L04,CO1007,2,False,7.8,7.5,7.5,,,7.6,B,3.0,True,2.71,2.74,Pass
3324,2363816,HK232_CO1007_L04,CO1007,2,False,4.5,4.3,5.0,,,4.8,D,1.0,True,1.65,1.74,Pass
3325,2388537,HK232_CO1007_L04,CO1007,2,False,7.2,6.3,6.6,,,6.7,C+,2.5,True,2.44,2.33,Pass
3326,2314223,HK232_CO1007_L04,CO1007,2,False,6.1,4.3,5.6,,,5.4,D+,1.5,True,1.71,1.64,Pass
3327,2306461,HK232_CO1007_L04,CO1007,2,False,2.8,3.5,4.3,,,3.8,F,0.0,False,0.2,1.0,Fail
3328,2371813,HK232_CO1007_L04,CO1007,2,False,8.0,8.2,6.7,,,7.3,B,3.0,True,3.0,3.2,Pass
3329,2311328,HK232_CO1007_L04,CO1007,2,False,7.3,6.0,6.6,,,6.6,C+,2.5,True,2.71,2.62,Pass
3330,2347285,HK232_CO1007_L04,CO1007,2,False,7.3,8.2,7.3,,,7.5,B,3.0,True,3.37,3.29,Pass
3331,2385021,HK232_CO1007_L04,CO1007,2,False,4.8,5.5,5.3,,,5.2,D+,1.5,True,1.18,1.33,Pass
3332,2324343,HK232_CO1007_L04,CO1007,2,False,8.3,5.8,5.4,,,6.1,C,2.0,True,2.29,2.26,Pass
3333,2305647,HK232_CO1007_L04,CO1007,2,False,7.2,7.5,8.7,,,8.2,B+,3.5,True,3.35,3.3,Pass
3334,2318083,HK232_CO1007_L04,CO1007,2,False,7.2,5.5,6.5,,,6.4,C+,2.5,True,2.37,2.19,Pass
3335,2349450,HK232_CO1007_L04,CO1007,2,False,10.0,8.9,7.5,,,8.3,B+,3.5,True,3.06,3.03,Pass
3336,2386221,HK232_CO1007_L04,CO1007,2,False,9.7,8.3,8.3,,,8.6,A,4.0,True,3.83,3.91,Pass
3337,2307619,HK232_CO1007_L04,CO1007,2,False,8.1,7.9,7.4,,,7.6,B,3.0,True,3.15,3.26,Pass
3338,2346320,HK232_CO1007_L04,CO1007,2,False,5.9,6.2,4.6,,,5.2,D+,1.5,True,2.18,2.17,Pass
3339,2358949,HK232_CO1007_L04,CO1007,2,False,8.0,6.7,7.4,,,7.4,B,3.0,True,2.53,2.33,Pass
3340,2305689,HK232_CO1007_L04,CO1007,2,False,7.5,8.8,8.4,,,8.3,B+,3.5,True,3.5,3.26,Pass
3341,2353696,HK232_CO1007_L04,CO1007,2,False,8.9,8.6,9.1,,,9.0,A,4.0,True,3.81,3.73,Pass
3342,2338902,HK232_CO1007_L04,CO1007,2,False,6.5,7.9,8.8,,,8.2,B+,3.5,True,2.85,2.64,Pass
3343,2362465,HK232_CO1007_L04,CO1007,2,False,6.5,6.9,5.0,,,5.7,C,2.0,True,2.57,2.71,Pass
3344,2361500,HK232_CO1007_L04,CO1007,2,False,5.0,3.4,4.3,,,4.3,D,1.0,True,0.6,1.0,Pass
3345,2301359,HK232_CO1007_L04,CO1007,2,False,6.7,7.4,8.8,,,8.1,B+,3.5,True,3.23,3.24,Pass
3346,2391474,HK232_CO1007_L04,CO1007,2,False,6.7,8.0,7.7,,,7.6,B,3.0,True,2.53,2.45,Pass
3347,2323957,HK232_CO1007_L04,CO1007,2,False,9.3,8.1,8.1,,,8.3,B+,3.5,True,3.37,3.38,Pass
3348,2332919,HK232_CO1007_L04,CO1007,2,False,8.0,7.4,10.0,,,9.1,A,4.0,True,3.7,3.6,Pass
3349,2337593,HK232_CO1007_L04,CO1007,2,False,6.9,6.7,8.0,,,7.5,B,3.0,True,2.15,2.14,Pass
3350,2345934,HK232_CO1007_L04,CO1007,2,False,4.9,5.5,5.5,,,5.4,D+,1.5,True,1.26,1.29,Pass
3351,2394411,HK232_CO1007_L04,CO1007,2,False,5.6,4.9,6.1,,,5.8,C,2.0,True,2.24,2.24,Pass
3352,2308970,HK232_CO1007_L04,CO1007,2,False,7.6,8.2,6.5,,,7.1,B,3.0,True,2.76,2.88,Pass
3353,2388151,HK232_CO1007_L04,CO1007,2,False,8.0,6.9,7.1,,,7.2,B,3.0,True,2.47,2.48,Pass
3354,2306419,HK232_CO1007_L04,CO1007,2,False,8.9,7.8,7.2,,,7.7,B,3.0,True,3.1,3.19,Pass
3355,2389309,HK232_CO1007_L05,CO1007,2,False,8.1,7.7,7.3,,,7.5,B,3.0,True,2.83,2.91,Pass
3356,2315960,HK232_CO1007_L05,CO1007,2,False,6.9,7.2,7.6,,,7.4,B,3.0,True,3.27,3.14,Pass
3357,2395527,HK232_CO1007_L05,CO1007,2,False,5.9,5.7,5.2,,,5.4,D+,1.5,True,1.94,1.86,Pass
3358,2367332,HK232_CO1007_L05,CO1007,2,False,8.4,7.5,7.1,,,7.4,B,3.0,True,3.06,2.95,Pass
3359,2380733,HK232_CO1007_L05,CO1007,2,False,7.2,7.9,7.1,,,7.3,B,3.0,True,3.23,3.31,Pass
3360,2301745,HK232_CO1007_L05,CO1007,2,False,7.4,6.6,6.9,,,6.9,C+,2.5,True,2.74,2.71,Pass
3361,2326466,HK232_CO1007_L05,CO1007,2,False,4.5,7.3,5.5,,,5.7,C,2.0,True,1.71,1.45,Pass
3362,2307191,HK232_CO1007_L05,CO1007,2,False,7.2,6.5,7.5,,,7.2,B,3.0,True,2.5,2.52,Pass
3363,2384056,HK232_CO1007_L05,CO1007,2,False,6.4,5.7,5.8,,,5.9,C,2.0,True,2.32,2.17,Pass
3364,2393790,HK232_CO1007_L05,CO1007,2,False,9.2,6.2,9.6,,,8.8,A,4.0,True,3.5,3.33,Pass
3365,2374129,HK232_CO1007_L05,CO1007,2,False,7.1,6.8,7.4,,,7.2,B,3.0,True,2.47,2.41,Pass
3366,2370613,HK232_CO1007_L05,CO1007,2,False,4.9,4.1,4.7,,,4.6,D,1.0,True,0.52,1.0,Pass
3367,2349987,HK232_CO1007_L05,CO1007,2,False,7.3,6.2,7.5,,,7.2,B,3.0,True,2.35,2.15,Pass
3368,2379575,HK232_CO1007_L05,CO1007,2,False,5.7,6.9,4.5,,,5.2,D+,1.5,True,1.97,1.98,Pass
3369,2388923,HK232_CO1007_L05,CO1007,2,False,8.0,9.6,8.1,,,8.4,B+,3.5,True,3.12,3.15,Pass
3370,2326273,HK232_CO1007_L05,CO1007,2,False,6.1,6.1,6.0,,,6.0,C,2.0,True,2.47,2.36,Pass
3371,2386179,HK232_CO1007_L05,CO1007,2,False,8.4,8.9,10.0,,,9.5,A+,4.0,True,3.63,3.34,Pass
3372,2339909,HK232_CO1007_L05,CO1007,2,False,6.0,6.7,5.4,,,5.8,C,2.0,True,1.93,1.97,Pass
3373,2314030,HK232_CO1007_L05,CO1007,2,False,8.1,7.3,7.1,,,7.3,B,3.0,True,3.12,3.2,Pass
3374,2380926,HK232_CO1007_L05,CO1007,2,False,5.6,5.5,3.8,,,4.5,D,1.0,True,1.47,1.58,Pass
3375,2317932,HK232_CO1007_L05,CO1007,2,False,9.8,10.0,10.0,,,10.0,A+,4.0,True,4.0,4.0,Pass
3376,2310942,HK232_CO1007_L05,CO1007,2,False,3.9,3.4,4.3,,,4.0,D,1.0,True,0.57,1.11,Pass
3377,2377066,HK232_CO1007_L05,CO1007,2,False,7.8,7.7,6.6,,,7.1,B,3.0,True,3.0,3.16,Pass
3378,2343811,HK232_CO1007_L05,CO1007,2,False,7.4,5.8,6.4,,,6.5,C+,2.5,True,2.47,2.27,Pass
3379,2390702,HK232_CO1007_L05,CO1007,2,False,7.3,4.9,5.9,,,6.0,C,2.0,True,1.71,1.59,Pass
3380,2310900,HK232_CO1007_L05,CO1007,2,False,6.8,6.7,7.1,,,7.0,B,3.0,True,2.59,2.61,Pass
3381,2300201,HK232_CO1007_L05,CO1007,2,False,6.9,8.2,8.0,,,7.8,B,3.0,True,3.35,3.12,Pass
3382,2383284,HK232_CO1007_L05,CO1007,2,False,3.9,6.8,6.3,,,5.9,C,2.0,True,2.21,2.21,Pass
3383,2372971,HK232_CO1007_L05,CO1007,2,False,8.5,6.5,6.1,,,6.7,C+,2.5,True,2.32,2.17,Pass
3384,2327431,HK232_CO1007_L05,CO1007,2,False,8.1,9.7,9.6,,,9.3,A,4.0,True,3.73,3.62,Pass
3385,2390316,HK232_CO1007_L05,CO1007,2,False,6.0,6.6,5.5,,,5.8,C,2.0,True,2.21,2.21,Pass
3386,2385407,HK232_CO1007_L05,CO1007,2,False,5.4,5.2,7.1,,,6.4,C+,2.5,True,1.88,1.8,Pass
3387,2304917,HK232_CO1007_L05,CO1007,2,False,8.0,7.1,7.9,,,7.8,B,3.0,True,2.41,2.39,Pass
3388,2378224,HK232_CO1007_L05,CO1007,2,False,7.5,6.8,6.8,,,6.9,C+,2.5,True,2.6,2.53,Pass
3389,2341260,HK232_CO1007_L05,CO1007,2,False,8.1,8.4,8.7,,,8.5,A,4.0,True,3.35,3.24,Pass
3390,2368297,HK232_CO1007_L05,CO1007,2,False,6.6,7.1,7.4,,,7.2,B,3.0,True,2.71,2.59,Pass
3391,2385986,HK232_CO1007_L05,CO1007,2,False,5.5,7.3,7.0,,,6.8,C+,2.5,True,2.47,2.41,Pass
3392,2334656,HK232_CO1007_L05,CO1007,2,False,7.8,7.9,7.6,,,7.7,B,3.0,True,3.1,3.19,Pass
3393,2343383,HK232_CO1007_L05,CO1007,2,False,5.1,5.5,6.7,,,6.1,C,2.0,True,2.0,1.83,Pass
3394,2320634,HK232_CO1007_L05,CO1007,2,False,7.3,7.9,7.8,,,7.7,B,3.0,True,3.12,3.24,Pass
3395,2399043,HK232_CO1007_L05,CO1007,2,False,9.0,6.3,7.8,,,7.7,B,3.0,True,3.37,3.29,Pass
3396,2359914,HK232_CO1007_L05,CO1007,2,False,6.1,6.3,5.0,,,5.5,C,2.0,True,1.76,1.7,Pass
3397,2310749,HK232_CO1007_L05,CO1007,2,False,5.3,4.7,6.5,,,5.9,C,2.0,True,1.4,1.59,Pass
3398,2316153,HK232_CO1007_L05,CO1007,2,False,7.7,7.9,8.0,,,7.9,B,3.0,True,3.23,3.19,Pass
3399,2368146,HK232_CO1007_L05,CO1007,2,False,9.3,8.0,7.9,,,8.2,B+,3.5,True,3.47,3.38,Pass
3400,2333498,HK232_CO1007_L05,CO1007,2,False,9.2,9.1,8.6,,,8.8,A,4.0,True,4.0,3.9,Pass
3401,2347327,HK232_CO1007_L05,CO1007,2,False,6.1,6.0,7.8,,,7.1,B,3.0,True,2.68,2.48,Pass
3402,2315381,HK232_CO1007_L05,CO1007,2,False,8.5,7.9,7.3,,,7.7,B,3.0,True,3.06,3.11,Pass
3403,2317504,HK232_CO1007_L05,CO1007,2,False,7.9,9.0,9.4,,,9.0,A,4.0,True,3.67,3.62,Pass
3404,2358177,HK232_CO1007_L05,CO1007,2,False,6.7,7.4,6.6,,,6.8,C+,2.5,True,2.4,2.26,Pass
3405,2372585,HK232_CO1007_L05,CO1007,2,False,3.9,4.2,3.0,,,3.4,F,0.0,False,0.45,1.1,Fail
3406,2372778,HK232_CO1007_L05,CO1007,2,False,7.7,6.4,6.1,,,6.5,C+,2.5,True,2.44,2.2,Pass
3407,2395720,HK232_CO1007_L05,CO1007,2,False,8.8,5.9,7.6,,,7.5,B,3.0,True,2.62,2.64,Pass
3408,2359763,HK232_CO1007_L05,CO1007,2,False,7.5,7.4,6.4,,,6.8,C+,2.5,True,2.47,2.5,Pass
3409,2321641,HK232_CO1007_L05,CO1007,2,False,6.8,6.6,8.2,,,7.6,B,3.0,True,2.7,2.36,Pass
3410,2399236,HK232_CO1007_L05,CO1007,2,False,8.0,8.7,9.3,,,8.9,A,4.0,True,3.93,3.97,Pass
3411,2350029,HK232_CO1007_L05,CO1007,2,False,4.1,6.7,4.2,,,4.7,D,1.0,True,1.5,1.5,Pass
3412,2362272,HK232_CO1007_L05,CO1007,2,False,6.8,6.8,5.7,,,6.1,C,2.0,True,2.29,2.23,Pass
3413,2355089,HK232_CO1007_L05,CO1007,2,False,8.5,10.0,8.8,,,9.0,A,4.0,True,3.97,3.93,Pass
3414,2368725,HK232_CO1007_L05,CO1007,2,False,8.1,9.3,8.2,,,8.4,B+,3.5,True,3.47,3.17,Pass
3415,2310170,HK232_CO1007_L05,CO1007,2,False,6.7,6.7,7.3,,,7.1,B,3.0,True,2.53,2.62,Pass
3416,2363858,HK232_CO1007_L05,CO1007,2,False,5.5,5.6,6.4,,,6.1,C,2.0,True,2.62,2.62,Pass
3417,2316774,HK232_CO1007_L05,CO1007,2,False,6.4,5.6,6.9,,,6.5,C+,2.5,True,2.43,2.41,Pass
3418,2325308,HK232_CO1007_L05,CO1007,2,False,7.9,7.3,5.5,,,6.3,C,2.0,True,1.94,2.09,Pass
3419,2302324,HK232_CO1007_L05,CO1007,2,False,5.7,6.1,6.7,,,6.4,C+,2.5,True,2.44,2.23,Pass
3420,2369841,HK232_CO1007_L05,CO1007,2,False,5.8,6.5,6.4,,,6.3,C,2.0,True,1.97,1.86,Pass
3421,2375136,HK232_CO1007_L05,CO1007,2,False,5.8,6.6,5.7,,,5.9,C,2.0,True,2.18,2.21,Pass
3422,2349794,HK232_CO1007_L05,CO1007,2,False,6.7,6.5,7.5,,,7.1,B,3.0,True,2.53,2.52,Pass
3423,2370806,HK232_CO1007_L05,CO1007,2,False,8.0,5.6,5.8,,,6.2,C,2.0,True,2.44,2.41,Pass
3424,2378610,HK232_CO1007_L05,CO1007,2,False,8.6,7.9,9.7,,,9.1,A,4.0,True,3.63,3.59,Pass
3425,2323185,HK232_CO1007_L05,CO1007,2,False,7.4,7.6,6.3,,,6.8,C+,2.5,True,2.37,2.4,Pass
3426,2396492,HK232_CO1007_L05,CO1007,2,False,5.7,7.4,5.5,,,5.9,C,2.0,True,2.5,2.57,Pass
3427,2367525,HK232_CO1007_L05,CO1007,2,False,8.0,7.9,7.8,,,7.9,B,3.0,True,3.17,3.03,Pass
3428,2395141,HK232_CO1007_L05,CO1007,2,False,4.2,6.1,4.6,,,4.8,D,1.0,True,1.26,1.42,Pass
3429,2366367,HK232_CO1007_L05,CO1007,2,False,5.6,5.6,6.3,,,6.0,C,2.0,True,1.88,1.74,Pass
3430,2306805,HK232_CO1007_L05,CO1007,2,False,5.6,6.5,6.6,,,6.4,C+,2.5,True,2.21,2.08,Pass
3431,2384442,HK232_CO1007_L05,CO1007,2,False,6.7,7.1,6.7,,,6.8,C+,2.5,True,2.35,2.29,Pass
3432,2351380,HK232_CO1007_L05,CO1007,2,False,5.7,7.9,6.8,,,6.8,C+,2.5,True,2.5,2.64,Pass
3433,2398850,HK232_CO1007_L05,CO1007,2,False,5.5,5.8,6.3,,,6.0,C,2.0,True,1.83,1.69,Pass
3434,2309163,HK232_CO1007_L05,CO1007,2,False,10.0,8.6,9.8,,,9.6,A+,4.0,True,3.87,3.93,Pass
3435,2306268,HK232_CO1007_L05,CO1007,2,False,5.4,7.0,5.7,,,5.9,C,2.0,True,2.06,2.15,Pass
3436,2330947,HK232_CO1007_L05,CO1007,2,False,7.2,7.6,6.7,,,7.0,B,3.0,True,3.18,3.18,Pass
3437,2309549,HK232_CO1007_L05,CO1007,2,False,9.4,10.0,9.2,,,9.4,A,4.0,True,4.0,4.0,Pass
3438,2329982,HK232_CO1007_L05,CO1007,2,False,7.9,9.7,8.8,,,8.8,A,4.0,True,3.37,3.31,Pass
3439,2310321,HK232_CO1007_L05,CO1007,2,False,6.2,6.1,6.9,,,6.6,C+,2.5,True,2.59,2.64,Pass
3440,2377452,HK232_CO1007_L05,CO1007,2,False,6.4,6.4,6.4,,,6.4,C+,2.5,True,2.62,2.73,Pass
3441,2319476,HK232_CO1007_L05,CO1007,2,False,5.2,5.3,5.8,,,5.6,C,2.0,True,1.82,1.85,Pass
3442,2368104,HK232_CO1007_L05,CO1007,2,False,7.8,10.0,8.3,,,8.5,A,4.0,True,4.0,4.0,Pass
3443,2381547,HK232_CO1007_L05,CO1007,2,False,5.1,4.3,5.9,,,5.4,D+,1.5,True,2.06,1.8,Pass
3444,2339330,HK232_CO1007_L05,CO1007,2,False,5.9,4.8,4.6,,,4.9,D,1.0,True,1.5,1.39,Pass
3445,2325887,HK232_CO1007_L05,CO1007,2,False,8.1,6.9,8.1,,,7.9,B,3.0,True,3.07,3.09,Pass
3446,2317118,HK232_CO1007_L05,CO1007,2,False,7.1,6.9,7.1,,,7.1,B,3.0,True,2.44,2.29,Pass
3447,2335621,HK232_CO1007_L05,CO1007,2,False,5.3,5.0,4.6,,,4.8,D,1.0,True,1.5,1.53,Pass
3448,2368876,HK232_CO1007_L05,CO1007,2,False,6.4,6.8,5.9,,,6.2,C,2.0,True,2.12,1.94,Pass
3449,2390509,HK232_CO1007_L05,CO1007,2,False,5.2,6.2,7.3,,,6.7,C+,2.5,True,2.35,2.23,Pass
3450,2304682,HK232_CO1007_L05,CO1007,2,False,6.6,8.0,7.4,,,7.4,B,3.0,True,2.87,2.98,Pass
3451,2373357,HK232_CO1007_L05,CO1007,2,False,7.6,8.0,7.5,,,7.6,B,3.0,True,3.23,3.26,Pass
3452,2355240,HK232_CO1007_L05,CO1007,2,False,8.7,8.7,7.9,,,8.2,B+,3.5,True,3.13,3.12,Pass
3453,2390081,HK232_CO1007_L05,CO1007,2,False,6.7,6.3,6.0,,,6.2,C,2.0,True,2.59,2.59,Pass
3454,2337165,HK232_CO1007_L05,CO1007,2,False,4.3,4.9,5.9,,,5.4,D+,1.5,True,1.21,1.38,Pass
3455,2379810,HK232_CO1007_L05,CO1007,2,False,8.6,7.8,6.8,,,7.4,B,3.0,True,2.5,2.72,Pass
3456,2374901,HK232_CO1007_L05,CO1007,2,False,3.9,3.9,3.6,,,3.7,F,0.0,False,0.18,1.0,Fail
3457,2312872,HK232_CO1007_L05,CO1007,2,False,8.1,8.8,10.0,,,9.4,A,4.0,True,3.97,3.91,Pass
3458,2321985,HK232_CO1007_L05,CO1007,2,False,7.9,8.3,7.6,,,7.8,B,3.0,True,3.13,3.26,Pass
3459,2327087,HK232_CO1007_L05,CO1007,2,False,8.6,8.8,8.1,,,8.3,B+,3.5,True,3.33,3.29,Pass
3460,2322950,HK232_CO1007_L05,CO1007,2,False,6.5,5.8,6.8,,,6.5,C+,2.5,True,2.35,2.47,Pass
3461,2359184,HK232_CO1007_L05,CO1007,2,False,6.8,5.7,4.9,,,5.4,D+,1.5,True,1.74,2.0,Pass
3462,2365016,HK232_CO1007_L05,CO1007,2,False,9.9,8.2,9.0,,,9.0,A,4.0,True,4.0,4.0,Pass
3463,2337979,HK232_CO1007_L05,CO1007,2,False,8.0,7.4,8.1,,,7.9,B,3.0,True,3.23,3.1,Pass
3464,2339137,HK232_CO1007_L05,CO1007,2,False,8.3,6.6,8.4,,,8.0,B+,3.5,True,2.53,2.56,Pass
3465,2310514,HK232_CO1007_L05,CO1007,2,False,7.6,6.5,5.9,,,6.4,C+,2.5,True,2.53,2.18,Pass
3466,2390274,HK232_CO1007_L05,CO1007,2,False,6.5,6.7,5.2,,,5.8,C,2.0,True,2.56,2.64,Pass
3467,2333691,HK232_CO1007_L05,CO1007,2,False,7.3,6.5,7.6,,,7.3,B,3.0,True,2.74,2.56,Pass
3468,2325501,HK232_CO1007_L05,CO1007,2,False,6.0,6.3,5.8,,,5.9,C,2.0,True,2.24,2.39,Pass
3469,2364630,HK232_CO1007_L06,CO1007,2,False,8.3,8.0,10.0,,,9.3,A,4.0,True,3.78,3.88,Pass
3470,2336393,HK232_CO1007_L06,CO1007,2,False,7.5,8.2,8.2,,,8.1,B+,3.5,True,3.13,3.28,Pass
3471,2313644,HK232_CO1007_L06,CO1007,2,False,6.7,5.8,6.9,,,6.6,C+,2.5,True,2.13,2.16,Pass
3472,2352387,HK232_CO1007_L06,CO1007,2,False,7.3,8.1,8.4,,,8.1,B+,3.5,True,3.4,3.38,Pass
3473,2331912,HK232_CO1007_L06,CO1007,2,False,7.4,5.9,5.0,,,5.7,C,2.0,True,2.15,2.24,Pass
3474,2301787,HK232_CO1007_L06,CO1007,2,False,6.8,6.9,5.9,,,6.3,C,2.0,True,1.97,2.02,Pass
3475,2374943,HK232_CO1007_L06,CO1007,2,False,3.5,2.9,5.4,,,4.5,D,1.0,True,0.48,1.0,Pass
3476,2332726,HK232_CO1007_L06,CO1007,2,False,5.9,6.7,6.6,,,6.5,C+,2.5,True,2.41,2.33,Pass
3477,2354082,HK232_CO1007_L06,CO1007,2,False,8.2,8.3,7.2,,,7.6,B,3.0,True,2.97,2.97,Pass
3478,2354854,HK232_CO1007_L06,CO1007,2,False,6.2,5.5,3.7,,,4.6,D,1.0,True,1.88,2.14,Pass
3479,2346899,HK232_CO1007_L06,CO1007,2,False,7.2,5.3,6.1,,,6.2,C,2.0,True,2.18,2.18,Pass
3480,2381161,HK232_CO1007_L06,CO1007,2,False,8.9,9.5,8.1,,,8.5,A,4.0,True,3.97,3.98,Pass
3481,2345741,HK232_CO1007_L06,CO1007,2,False,6.6,5.4,7.1,,,6.7,C+,2.5,True,2.47,2.45,Pass
3482,2353310,HK232_CO1007_L06,CO1007,2,False,6.0,7.2,6.7,,,6.7,C+,2.5,True,2.24,2.29,Pass
3483,2312637,HK232_CO1007_L06,CO1007,2,False,3.8,2.2,3.0,,,3.0,F,0.0,False,0.4,1.0,Fail
3484,2361114,HK232_CO1007_L06,CO1007,2,False,6.1,7.7,5.7,,,6.2,C,2.0,True,2.41,2.39,Pass
3485,2396727,HK232_CO1007_L06,CO1007,2,False,8.8,7.7,8.8,,,8.6,A,4.0,True,3.68,3.61,Pass
3486,2397306,HK232_CO1007_L06,CO1007,2,False,7.9,6.5,7.8,,,7.6,B,3.0,True,2.65,2.61,Pass
3487,2379231,HK232_CO1007_L06,CO1007,2,False,8.7,9.6,10.0,,,9.7,A+,4.0,True,3.89,3.83,Pass
3488,2349601,HK232_CO1007_L06,CO1007,2,False,8.0,7.9,7.2,,,7.5,B,3.0,True,3.0,3.05,Pass
3489,2327473,HK232_CO1007_L06,CO1007,2,False,6.0,4.3,4.9,,,5.0,D+,1.5,True,0.62,1.38,Pass
3490,2357598,HK232_CO1007_L06,CO1007,2,False,8.1,8.5,7.3,,,7.7,B,3.0,True,2.97,3.16,Pass
3491,2315809,HK232_CO1007_L06,CO1007,2,False,5.9,6.8,4.6,,,5.3,D+,1.5,True,2.0,1.95,Pass
3492,2313258,HK232_CO1007_L06,CO1007,2,False,8.6,9.3,8.8,,,8.9,A,4.0,True,3.5,3.3,Pass
3493,2337551,HK232_CO1007_L06,CO1007,2,False,8.0,9.4,9.3,,,9.1,A,4.0,True,3.7,3.79,Pass
3494,2327045,HK232_CO1007_L06,CO1007,2,False,7.2,6.8,6.4,,,6.6,C+,2.5,True,2.77,2.78,Pass
3495,2382512,HK232_CO1007_L06,CO1007,2,False,5.6,5.8,6.0,,,5.9,C,2.0,True,1.74,1.76,Pass
3496,2391046,HK232_CO1007_L06,CO1007,2,False,6.4,6.8,6.5,,,6.5,C+,2.5,True,2.41,2.36,Pass
3497,2381354,HK232_CO1007_L06,CO1007,2,False,9.2,9.3,8.2,,,8.6,A,4.0,True,3.83,3.91,Pass
3498,2316388,HK232_CO1007_L06,CO1007,2,False,8.9,7.4,7.3,,,7.6,B,3.0,True,2.88,2.92,Pass
3499,2307040,HK232_CO1007_L06,CO1007,2,False,7.1,8.5,8.0,,,7.9,B,3.0,True,3.2,3.17,Pass
3500,2331568,HK232_CO1007_L06,CO1007,2,False,5.8,5.5,4.5,,,5.0,D+,1.5,True,1.33,1.34,Pass
3501,2364051,HK232_CO1007_L06,CO1007,2,False,7.0,6.9,6.7,,,6.8,C+,2.5,True,2.5,2.33,Pass
3502,2321834,HK232_CO1007_L06,CO1007,2,False,7.4,8.2,5.8,,,6.6,C+,2.5,True,2.32,2.21,Pass
3503,2337786,HK232_CO1007_L06,CO1007,2,False,8.7,7.8,7.9,,,8.0,B+,3.5,True,3.24,3.24,Pass
3504,2332147,HK232_CO1007_L06,CO1007,2,False,7.0,7.1,6.8,,,6.9,C+,2.5,True,3.07,3.1,Pass
3505,2356054,HK232_CO1007_L06,CO1007,2,False,7.5,8.3,9.2,,,8.7,A,4.0,True,3.7,3.5,Pass
3506,2373550,HK232_CO1007_L06,CO1007,2,False,6.1,6.4,6.0,,,6.1,C,2.0,True,1.94,2.0,Pass
3507,2349022,HK232_CO1007_L06,CO1007,2,False,5.8,6.4,5.9,,,6.0,C,2.0,True,1.85,1.8,Pass
3508,2315767,HK232_CO1007_L06,CO1007,2,False,4.6,5.2,5.8,,,5.4,D+,1.5,True,1.74,1.77,Pass
3509,2302752,HK232_CO1007_L06,CO1007,2,False,5.3,5.6,5.5,,,5.5,C,2.0,True,1.35,1.65,Pass
3510,2359335,HK232_CO1007_L06,CO1007,2,False,6.7,7.2,7.5,,,7.3,B,3.0,True,2.62,2.7,Pass
3511,2321213,HK232_CO1007_L06,CO1007,2,False,7.1,6.1,5.8,,,6.1,C,2.0,True,2.53,2.55,Pass
3512,2344969,HK232_CO1007_L06,CO1007,2,False,8.0,5.4,5.3,,,5.9,C,2.0,True,2.03,2.03,Pass
3513,2355861,HK232_CO1007_L06,CO1007,2,False,8.8,8.7,9.5,,,9.2,A,4.0,True,4.0,4.0,Pass
3514,2361307,HK232_CO1007_L06,CO1007,2,False,6.0,7.9,6.2,,,6.5,C+,2.5,True,2.24,2.33,Pass
3515,2391860,HK232_CO1007_L06,CO1007,2,False,8.1,8.3,7.8,,,8.0,B+,3.5,True,3.27,3.47,Pass
3516,2300394,HK232_CO1007_L06,CO1007,2,False,6.6,6.7,6.2,,,6.4,C+,2.5,True,2.5,2.42,Pass
3517,2367911,HK232_CO1007_L06,CO1007,2,False,8.3,8.0,8.4,,,8.3,B+,3.5,True,3.23,3.17,Pass
3518,2313065,HK232_CO1007_L06,CO1007,2,False,8.8,9.9,9.3,,,9.3,A,4.0,True,3.67,3.81,Pass
3519,2372006,HK232_CO1007_L06,CO1007,2,False,6.0,6.5,7.4,,,6.9,C+,2.5,True,2.41,2.33,Pass
3520,2348485,HK232_CO1007_L06,CO1007,2,False,8.1,9.4,8.4,,,8.5,A,4.0,True,3.24,3.26,Pass
3521,2384484,HK232_CO1007_L06,CO1007,2,False,6.1,7.7,7.4,,,7.2,B,3.0,True,2.5,2.44,Pass
3522,2366753,HK232_CO1007_L06,CO1007,2,False,8.8,9.6,8.9,,,9.0,A,4.0,True,4.0,4.0,Pass
3523,2369262,HK232_CO1007_L06,CO1007,2,False,7.9,8.2,8.0,,,8.0,B+,3.5,True,3.33,3.36,Pass
3524,2342032,HK232_CO1007_L06,CO1007,2,False,7.1,6.9,6.3,,,6.6,C+,2.5,True,2.53,2.61,Pass
3525,2385214,HK232_CO1007_L06,CO1007,2,False,7.9,8.5,7.9,,,8.0,B+,3.5,True,2.97,2.73,Pass
3526,2388730,HK232_CO1007_L06,CO1007,2,False,5.9,6.6,6.5,,,6.4,C+,2.5,True,2.21,2.18,Pass
3527,2378417,HK232_CO1007_L06,CO1007,2,False,8.8,7.4,7.3,,,7.6,B,3.0,True,2.15,2.15,Pass
3528,2334463,HK232_CO1007_L06,CO1007,2,False,7.7,6.6,6.4,,,6.7,C+,2.5,True,2.5,2.56,Pass
3529,2323143,HK232_CO1007_L06,CO1007,2,False,6.3,7.9,6.8,,,6.9,C+,2.5,True,2.53,2.52,Pass
3530,2314609,HK232_CO1007_L06,CO1007,2,False,5.4,7.2,5.1,,,5.6,C,2.0,True,1.85,1.82,Pass
3531,2380154,HK232_CO1007_L06,CO1007,2,False,4.8,6.1,5.1,,,5.2,D+,1.5,True,1.8,1.84,Pass
3532,2392011,HK232_CO1007_L06,CO1007,2,False,8.5,9.6,8.9,,,9.0,A,4.0,True,4.0,4.0,Pass
3533,2358026,HK232_CO1007_L06,CO1007,2,False,6.6,6.4,5.4,,,5.8,C,2.0,True,2.03,2.06,Pass
3534,2349408,HK232_CO1007_L06,CO1007,2,False,7.1,7.1,7.4,,,7.3,B,3.0,True,2.65,2.5,Pass
3535,2306226,HK232_CO1007_L06,CO1007,2,False,5.8,6.7,5.7,,,5.9,C,2.0,True,2.37,2.36,Pass
3536,2312293,HK232_CO1007_L06,CO1007,2,False,6.6,6.6,6.1,,,6.3,C,2.0,True,2.37,2.38,Pass
3537,2327238,HK232_CO1007_L06,CO1007,2,False,5.1,9.2,6.0,,,6.5,C+,2.5,True,2.23,2.24,Pass
3538,2300436,HK232_CO1007_L06,CO1007,2,False,5.6,3.9,5.0,,,4.9,D,1.0,True,1.35,1.59,Pass
3539,2357833,HK232_CO1007_L06,CO1007,2,False,5.2,7.1,5.4,,,5.7,C,2.0,True,2.0,2.05,Pass
3540,2384291,HK232_CO1007_L06,CO1007,2,False,8.1,8.1,7.9,,,8.0,B+,3.5,True,3.43,3.22,Pass
3541,2384870,HK232_CO1007_L06,CO1007,2,False,7.1,5.7,5.7,,,6.0,C,2.0,True,2.29,2.2,Pass
3542,2341453,HK232_CO1007_L06,CO1007,2,False,8.6,7.7,8.6,,,8.4,B+,3.5,True,3.12,3.14,Pass
3543,2385449,HK232_CO1007_L06,CO1007,2,False,8.4,8.1,8.4,,,8.3,B+,3.5,True,3.32,3.32,Pass
3544,2306075,HK232_CO1007_L06,CO1007,2,False,6.9,7.2,7.8,,,7.5,B,3.0,True,2.87,2.93,Pass
3545,2334077,HK232_CO1007_L06,CO1007,2,False,5.1,5.0,4.2,,,4.5,D,1.0,True,1.18,1.71,Pass
3546,2343618,HK232_CO1007_L06,CO1007,2,False,8.1,8.0,7.7,,,7.8,B,3.0,True,3.03,3.08,Pass
3547,2380582,HK232_CO1007_L06,CO1007,2,False,7.9,7.1,6.9,,,7.1,B,3.0,True,2.76,2.5,Pass
3548,2347134,HK232_CO1007_L06,CO1007,2,False,8.1,7.9,8.4,,,8.2,B+,3.5,True,3.5,3.48,Pass
3549,2395376,HK232_CO1007_L06,CO1007,2,False,9.0,7.6,8.4,,,8.4,B+,3.5,True,3.13,3.12,Pass
3550,2336628,HK232_CO1007_L06,CO1007,2,False,5.7,5.7,6.3,,,6.1,C,2.0,True,1.97,1.95,Pass
3551,2305840,HK232_CO1007_L06,CO1007,2,False,8.0,8.9,7.5,,,7.9,B,3.0,True,3.1,3.24,Pass
3552,2311672,HK232_CO1007_L06,CO1007,2,False,5.3,4.1,4.1,,,4.3,D,1.0,True,0.86,1.23,Pass
3553,2337014,HK232_CO1007_L06,CO1007,2,False,8.9,8.1,7.5,,,7.9,B,3.0,True,3.33,3.34,Pass
3554,2399622,HK232_CO1007_L06,CO1007,2,False,8.2,8.5,8.2,,,8.3,B+,3.5,True,3.43,3.22,Pass
3555,2368339,HK232_CO1007_L06,CO1007,2,False,4.3,4.2,3.9,,,4.0,D,1.0,True,0.7,1.0,Pass
3556,2390467,HK232_CO1007_L06,CO1007,2,False,9.3,7.6,6.8,,,7.5,B,3.0,True,3.0,2.94,Pass
3557,2376252,HK232_CO1007_L06,CO1007,2,False,8.1,8.8,6.5,,,7.3,B,3.0,True,2.71,2.47,Pass
3558,2358563,HK232_CO1007_L06,CO1007,2,False,8.6,8.9,7.0,,,7.7,B,3.0,True,3.37,3.41,Pass
3559,2322564,HK232_CO1007_L06,CO1007,2,False,9.1,10.0,9.4,,,9.5,A+,4.0,True,4.0,4.0,Pass
3560,2364588,HK232_CO1007_L06,CO1007,2,False,9.7,8.2,9.1,,,9.0,A,4.0,True,3.92,3.95,Pass
3561,2301594,HK232_CO1007_L06,CO1007,2,False,4.7,4.4,4.4,,,4.5,D,1.0,True,1.21,1.41,Pass
3562,2360921,HK232_CO1007_L06,CO1007,2,False,6.8,8.0,7.1,,,7.2,B,3.0,True,2.59,2.53,Pass
3563,2332298,HK232_CO1007_L06,CO1007,2,False,7.2,6.7,6.5,,,6.7,C+,2.5,True,2.44,2.35,Pass
3564,2377645,HK232_CO1007_L06,CO1007,2,False,4.4,6.1,5.9,,,5.6,C,2.0,True,1.71,1.66,Pass
3565,2357405,HK232_CO1007_L06,CO1007,2,False,8.2,10.0,9.4,,,9.3,A,4.0,True,3.75,3.86,Pass
3566,2326894,HK232_CO1007_L06,CO1007,2,False,5.6,6.9,7.4,,,6.9,C+,2.5,True,2.59,2.61,Pass
3567,2373936,HK232_CO1007_L06,CO1007,2,False,5.4,5.2,4.6,,,4.9,D,1.0,True,1.44,1.5,Pass
3568,2304103,HK232_CO1007_L06,CO1007,2,False,5.1,5.1,6.0,,,5.6,C,2.0,True,1.82,1.76,Pass
3569,2365167,HK232_CO1007_L06,CO1007,2,False,6.1,5.3,5.6,,,5.6,C,2.0,True,1.59,1.61,Pass
3570,2375522,HK232_CO1007_L06,CO1007,2,False,6.0,5.9,5.8,,,5.9,C,2.0,True,1.41,1.36,Pass
3571,2354510,HK232_CO1007_L06,CO1007,2,False,9.6,9.4,9.3,,,9.4,A,4.0,True,4.0,4.0,Pass
3572,2397113,HK232_CO1007_L06,CO1007,2,False,7.6,8.7,8.3,,,8.2,B+,3.5,True,3.5,3.26,Pass
3573,2393983,HK232_CO1007_L06,CO1007,2,False,7.8,7.1,8.7,,,8.2,B+,3.5,True,3.41,3.36,Pass
3574,2302945,HK232_CO1007_L06,CO1007,2,False,6.4,5.8,6.4,,,6.3,C,2.0,True,2.12,2.23,Pass
3575,2348099,HK232_CO1007_L06,CO1007,2,False,6.3,6.7,7.6,,,7.2,B,3.0,True,3.13,3.07,Pass
3576,2344583,HK232_CO1007_L06,CO1007,2,False,7.7,7.7,8.2,,,8.0,B+,3.5,True,3.0,2.92,Pass
3577,2329403,HK232_CO1007_L06,CO1007,2,False,7.2,8.2,8.1,,,7.9,B,3.0,True,3.23,3.31,Pass
3578,2317739,HK232_CO1007_L06,CO1007,2,False,8.2,8.3,7.7,,,7.9,B,3.0,True,3.13,3.16,Pass
3579,2308584,HK232_CO1007_L06,CO1007,2,False,6.9,5.9,6.6,,,6.5,C+,2.5,True,2.38,2.27,Pass
3580,2304296,HK232_CO1007_L06,CO1007,2,False,7.8,7.4,6.9,,,7.2,B,3.0,True,3.07,3.17,Pass
3581,2358412,HK232_CO1007_L06,CO1007,2,False,6.2,5.6,5.7,,,5.8,C,2.0,True,1.29,1.46,Pass
3582,2342997,HK232_CO1007_L06,CO1007,2,False,6.3,6.3,6.7,,,6.5,C+,2.5,True,2.71,2.65,Pass
3583,2396106,HK232_CO1007_L07,CO1007,2,False,7.5,7.1,7.5,,,7.4,B,3.0,True,2.94,2.97,Pass
3584,2393597,HK232_CO1007_L07,CO1007,2,False,7.7,7.9,8.5,,,8.2,B+,3.5,True,3.13,3.03,Pass
3585,2380968,HK232_CO1007_L07,CO1007,2,False,6.3,7.3,6.9,,,6.9,C+,2.5,True,2.35,2.53,Pass
3586,2328010,HK232_CO1007_L07,CO1007,2,False,6.5,6.0,6.1,,,6.2,C,2.0,True,1.74,1.67,Pass
3587,2363044,HK232_CO1007_L07,CO1007,2,False,6.5,6.3,5.7,,,6.0,C,2.0,True,2.59,2.61,Pass
3588,2317890,HK232_CO1007_L07,CO1007,2,False,10.0,9.6,8.2,,,8.8,A,4.0,True,3.87,3.83,Pass
3589,2373592,HK232_CO1007_L07,CO1007,2,False,7.6,7.2,7.6,,,7.5,B,3.0,True,3.1,3.17,Pass
3590,2374322,HK232_CO1007_L07,CO1007,2,False,6.9,6.8,4.1,,,5.2,D+,1.5,True,1.68,1.56,Pass
3591,2353352,HK232_CO1007_L07,CO1007,2,False,7.0,6.8,7.5,,,7.3,B,3.0,True,2.8,2.79,Pass
3592,2343576,HK232_CO1007_L07,CO1007,2,False,7.5,9.4,9.0,,,8.8,A,4.0,True,3.21,3.21,Pass
3593,2379038,HK232_CO1007_L07,CO1007,2,False,9.9,8.8,9.3,,,9.3,A,4.0,True,4.0,3.83,Pass
3594,2317311,HK232_CO1007_L07,CO1007,2,False,7.4,6.0,4.7,,,5.5,C,2.0,True,2.2,2.22,Pass
3595,2340295,HK232_CO1007_L07,CO1007,2,False,9.7,9.7,8.1,,,8.7,A,4.0,True,3.97,3.91,Pass
3596,2344004,HK232_CO1007_L07,CO1007,2,False,8.4,7.9,8.0,,,8.1,B+,3.5,True,3.24,3.26,Pass
3597,2302173,HK232_CO1007_L07,CO1007,2,False,4.7,4.1,4.5,,,4.5,D,1.0,True,0.55,1.0,Pass
3598,2333456,HK232_CO1007_L07,CO1007,2,False,6.2,6.4,5.7,,,5.9,C,2.0,True,1.47,1.5,Pass
3599,2353503,HK232_CO1007_L07,CO1007,2,False,6.9,7.8,6.2,,,6.7,C+,2.5,True,2.93,2.9,Pass
3600,2396148,HK232_CO1007_L07,CO1007,2,False,6.6,5.6,6.6,,,6.4,C+,2.5,True,2.15,2.06,Pass
3601,2366560,HK232_CO1007_L07,CO1007,2,False,7.5,6.9,7.6,,,7.4,B,3.0,True,3.33,3.29,Pass
3602,2381312,HK232_CO1007_L07,CO1007,2,False,8.3,8.2,7.8,,,8.0,B+,3.5,True,3.5,3.45,Pass
3603,2368918,HK232_CO1007_L07,CO1007,2,False,5.6,5.1,5.4,,,5.4,D+,1.5,True,1.29,1.59,Pass
3604,2344541,HK232_CO1007_L07,CO1007,2,False,7.9,6.7,6.9,,,7.1,B,3.0,True,2.4,2.53,Pass
3605,2319669,HK232_CO1007_L07,CO1007,2,False,6.0,6.1,6.2,,,6.1,C,2.0,True,2.24,2.18,Pass
3606,2370076,HK232_CO1007_L07,CO1007,2,False,8.7,9.5,8.8,,,8.9,A,4.0,True,3.83,3.86,Pass
3607,2349215,HK232_CO1007_L07,CO1007,2,False,7.5,6.7,7.6,,,7.4,B,3.0,True,2.38,2.38,Pass
3608,2366946,HK232_CO1007_L07,CO1007,2,False,5.5,6.2,6.3,,,6.1,C,2.0,True,2.1,2.19,Pass
3609,2357212,HK232_CO1007_L07,CO1007,2,False,7.3,6.5,7.7,,,7.4,B,3.0,True,2.56,2.36,Pass
3610,2315423,HK232_CO1007_L07,CO1007,2,False,6.7,6.4,6.3,,,6.4,C+,2.5,True,1.82,1.67,Pass
3611,2300822,HK232_CO1007_L07,CO1007,2,False,7.9,8.0,7.8,,,7.9,B,3.0,True,3.37,3.52,Pass
3612,2342460,HK232_CO1007_L07,CO1007,2,False,6.7,6.4,6.8,,,6.7,C+,2.5,True,2.44,2.38,Pass
3613,2343232,HK232_CO1007_L07,CO1007,2,False,5.6,6.3,5.6,,,5.7,C,2.0,True,2.29,2.56,Pass
3614,2379961,HK232_CO1007_L07,CO1007,2,False,5.6,6.9,5.2,,,5.6,C,2.0,True,1.91,2.2,Pass
3615,2370227,HK232_CO1007_L07,CO1007,2,False,7.2,7.2,8.2,,,7.8,B,3.0,True,2.62,2.64,Pass
3616,2361886,HK232_CO1007_L07,CO1007,2,False,8.3,9.3,8.6,,,8.7,A,4.0,True,3.87,3.81,Pass
3617,2360300,HK232_CO1007_L07,CO1007,2,False,8.1,8.8,7.6,,,7.9,B,3.0,True,3.44,3.55,Pass
3618,2344776,HK232_CO1007_L07,CO1007,2,False,7.7,8.3,7.6,,,7.8,B,3.0,True,3.0,2.95,Pass
3619,2385793,HK232_CO1007_L07,CO1007,2,False,7.0,6.3,6.1,,,6.3,C,2.0,True,1.77,1.84,Pass
3620,2337400,HK232_CO1007_L07,CO1007,2,False,5.4,7.9,9.3,,,8.2,B+,3.5,True,3.15,3.12,Pass
3621,2389737,HK232_CO1007_L07,CO1007,2,False,8.3,8.1,8.8,,,8.6,A,4.0,True,3.13,3.19,Pass
3622,2331140,HK232_CO1007_L07,CO1007,2,False,9.2,9.5,10.0,,,9.7,A+,4.0,True,3.89,3.88,Pass
3623,2322606,HK232_CO1007_L07,CO1007,2,False,7.2,6.5,5.1,,,5.8,C,2.0,True,2.5,2.38,Pass
3624,2376873,HK232_CO1007_L07,CO1007,2,False,8.9,8.1,9.0,,,8.8,A,4.0,True,3.8,3.6,Pass
3625,2353931,HK232_CO1007_L07,CO1007,2,False,5.9,5.7,6.0,,,5.9,C,2.0,True,1.53,1.71,Pass
3626,2351959,HK232_CO1007_L07,CO1007,2,False,4.7,5.2,6.6,,,5.9,C,2.0,True,1.82,1.92,Pass
3627,2394990,HK232_CO1007_L07,CO1007,2,False,5.6,6.5,5.5,,,5.7,C,2.0,True,1.44,1.44,Pass
3628,2303524,HK232_CO1007_L07,CO1007,2,False,9.8,9.4,7.4,,,8.3,B+,3.5,True,3.2,3.1,Pass
3629,2353117,HK232_CO1007_L07,CO1007,2,False,5.2,6.2,8.1,,,7.1,B,3.0,True,2.4,2.22,Pass
3630,2305882,HK232_CO1007_L07,CO1007,2,False,5.7,8.2,6.1,,,6.4,C+,2.5,True,2.26,2.38,Pass
3631,2367718,HK232_CO1007_L07,CO1007,2,False,6.6,6.4,7.5,,,7.1,B,3.0,True,2.82,2.64,Pass
3632,2338516,HK232_CO1007_L07,CO1007,2,False,6.9,7.1,7.3,,,7.2,B,3.0,True,3.33,3.29,Pass
3633,2370462,HK232_CO1007_L07,CO1007,2,False,6.3,6.0,5.9,,,6.0,C,2.0,True,1.68,1.5,Pass
3634,2381119,HK232_CO1007_L07,CO1007,2,False,6.8,6.2,6.1,,,6.3,C,2.0,True,1.91,1.95,Pass
3635,2389351,HK232_CO1007_L07,CO1007,2,False,6.6,6.9,5.9,,,6.2,C,2.0,True,2.26,2.2,Pass
3636,2336972,HK232_CO1007_L07,CO1007,2,False,7.3,5.3,6.2,,,6.2,C,2.0,True,1.59,1.61,Pass
3637,2386993,HK232_CO1007_L07,CO1007,2,False,5.1,7.7,6.0,,,6.2,C,2.0,True,1.97,2.03,Pass
3638,2309742,HK232_CO1007_L07,CO1007,2,False,5.6,6.6,6.0,,,6.0,C,2.0,True,2.29,2.42,Pass
3639,2397264,HK232_CO1007_L07,CO1007,2,False,6.2,5.7,6.6,,,6.3,C,2.0,True,1.88,2.11,Pass
3640,2399429,HK232_CO1007_L07,CO1007,2,False,6.6,8.0,6.8,,,7.0,B,3.0,True,2.32,2.2,Pass
3641,2396878,HK232_CO1007_L07,CO1007,2,False,6.5,6.8,5.9,,,6.2,C,2.0,True,2.26,2.39,Pass
3642,2328203,HK232_CO1007_L07,CO1007,2,False,7.4,7.3,7.6,,,7.5,B,3.0,True,2.37,2.26,Pass
3643,2380003,HK232_CO1007_L07,CO1007,2,False,9.3,10.0,9.6,,,9.6,A+,4.0,True,4.0,4.0,Pass
3644,2314416,HK232_CO1007_L07,CO1007,2,False,7.4,6.5,7.3,,,7.2,B,3.0,True,2.59,2.58,Pass
3645,2369883,HK232_CO1007_L07,CO1007,2,False,5.7,6.3,5.5,,,5.7,C,2.0,True,2.21,2.32,Pass
3646,2395183,HK232_CO1007_L07,CO1007,2,False,6.4,5.0,6.9,,,6.4,C+,2.5,True,2.21,2.21,Pass
3647,2372392,HK232_CO1007_L07,CO1007,2,False,7.5,7.5,8.1,,,7.9,B,3.0,True,3.23,3.29,Pass
3648,2392439,HK232_CO1007_L07,CO1007,2,False,5.9,5.6,4.8,,,5.2,D+,1.5,True,1.82,1.58,Pass
3649,2336200,HK232_CO1007_L07,CO1007,2,False,7.1,6.6,5.0,,,5.7,C,2.0,True,2.0,2.12,Pass
3650,2374171,HK232_CO1007_L07,CO1007,2,False,7.2,7.9,8.0,,,7.8,B,3.0,True,3.0,3.21,Pass
3651,2348250,HK232_CO1007_L07,CO1007,2,False,4.3,4.4,7.1,,,6.0,C,2.0,True,1.73,1.81,Pass
3652,2395913,HK232_CO1007_L07,CO1007,2,False,7.2,9.0,10.0,,,9.2,A,4.0,True,3.3,3.24,Pass
3653,2306847,HK232_CO1007_L07,CO1007,2,False,6.3,7.0,6.0,,,6.3,C,2.0,True,2.0,2.05,Pass
3654,2320441,HK232_CO1007_L07,CO1007,2,False,6.0,7.0,8.1,,,7.5,B,3.0,True,2.79,2.86,Pass
3655,2346513,HK232_CO1007_L07,CO1007,2,False,4.8,5.1,6.2,,,5.7,C,2.0,True,1.85,1.77,Pass
3656,2336586,HK232_CO1007_L07,CO1007,2,False,5.7,5.4,5.1,,,5.3,D+,1.5,True,1.65,1.47,Pass
3657,2340488,HK232_CO1007_L07,CO1007,2,False,10.0,10.0,10.0,,,10.0,A+,4.0,True,4.0,4.0,Pass
3658,2364823,HK232_CO1007_L07,CO1007,2,False,5.2,6.2,5.8,,,5.8,C,2.0,True,1.97,1.93,Pass
3659,2386758,HK232_CO1007_L07,CO1007,2,False,7.6,8.1,7.4,,,7.6,B,3.0,True,3.37,3.31,Pass
3660,2318704,HK232_CO1007_L07,CO1007,2,False,5.8,4.9,6.7,,,6.2,C,2.0,True,2.12,2.12,Pass
3661,2319862,HK232_CO1007_L07,CO1007,2,False,8.8,8.5,7.6,,,8.0,B+,3.5,True,3.35,3.41,Pass
3662,2334849,HK232_CO1007_L07,CO1007,2,False,8.8,8.4,8.6,,,8.6,A,4.0,True,3.47,3.66,Pass
3663,2397499,HK232_CO1007_L07,CO1007,2,False,6.5,5.8,6.6,,,6.4,C+,2.5,True,2.32,2.29,Pass
3664,2315574,HK232_CO1007_L07,CO1007,2,False,7.9,7.6,6.6,,,7.1,B,3.0,True,2.74,2.7,Pass
3665,2373743,HK232_CO1007_L07,CO1007,2,False,8.8,6.9,8.2,,,8.1,B+,3.5,True,3.2,3.17,Pass
3666,2371041,HK232_CO1007_L07,CO1007,2,False,8.8,7.8,9.0,,,8.7,A,4.0,True,3.29,3.24,Pass
3667,2387572,HK232_CO1007_L07,CO1007,2,False,7.1,7.9,9.2,,,8.5,A,4.0,True,3.1,3.07,Pass
3668,2306654,HK232_CO1007_L07,CO1007,2,False,4.2,4.4,5.4,,,5.0,D+,1.5,True,1.23,1.31,Pass
3669,2305496,HK232_CO1007_L07,CO1007,2,False,7.4,5.8,6.9,,,6.8,C+,2.5,True,2.29,2.32,Pass
3670,2370420,HK232_CO1007_L07,CO1007,2,False,10.0,9.2,10.0,,,9.8,A+,4.0,True,3.89,3.94,Pass
3671,2343190,HK232_CO1007_L07,CO1007,2,False,9.1,8.6,9.5,,,9.2,A,4.0,True,4.0,4.0,Pass
3672,2363237,HK232_CO1007_L07,CO1007,2,False,4.9,5.8,5.0,,,5.1,D+,1.5,True,1.76,1.56,Pass
3673,2396534,HK232_CO1007_L07,CO1007,2,False,5.9,5.7,6.1,,,6.0,C,2.0,True,2.41,2.47,Pass
3674,2358370,HK232_CO1007_L07,CO1007,2,False,8.2,8.1,9.0,,,8.7,A,4.0,True,3.8,3.66,Pass
3675,2309935,HK232_CO1007_L07,CO1007,2,False,9.4,9.1,9.4,,,9.3,A,4.0,True,4.0,4.0,Pass
3676,2325115,HK232_CO1007_L07,CO1007,2,False,5.1,6.6,6.7,,,6.4,C+,2.5,True,2.35,2.23,Pass
3677,2330754,HK232_CO1007_L07,CO1007,2,False,9.8,9.0,9.6,,,9.5,A+,4.0,True,3.97,3.98,Pass
3678,2336821,HK232_CO1007_L07,CO1007,2,False,7.4,6.7,8.3,,,7.8,B,3.0,True,3.09,3.14,Pass
3679,2316967,HK232_CO1007_L07,CO1007,2,False,6.4,6.9,7.2,,,7.0,B,3.0,True,3.0,3.14,Pass
3680,2394604,HK232_CO1007_L07,CO1007,2,False,6.7,7.3,8.0,,,7.6,B,3.0,True,2.47,2.35,Pass
3681,2348636,HK232_CO1007_L07,CO1007,2,False,5.7,7.1,6.0,,,6.2,C,2.0,True,1.94,1.97,Pass
3682,2369648,HK232_CO1007_L07,CO1007,2,False,10.0,9.8,9.2,,,9.5,A+,4.0,True,4.0,4.0,Pass
3683,2397071,HK232_CO1007_L07,CO1007,2,False,6.2,7.5,6.3,,,6.5,C+,2.5,True,2.15,2.12,Pass
3684,2322413,HK232_CO1007_L07,CO1007,2,False,7.8,7.9,8.2,,,8.1,B+,3.5,True,3.6,3.52,Pass
3685,2300629,HK232_CO1007_L07,CO1007,2,False,6.2,6.6,6.8,,,6.6,C+,2.5,True,2.09,1.97,Pass
3686,2311865,HK232_CO1007_L07,CO1007,2,False,6.7,6.4,4.9,,,5.6,C,2.0,True,2.21,2.41,Pass
3687,2395955,HK232_CO1007_L07,CO1007,2,False,7.9,7.5,8.9,,,8.4,B+,3.5,True,3.4,3.33,Pass
3688,2375866,HK232_CO1007_L07,CO1007,2,False,8.2,8.6,9.7,,,9.2,A,4.0,True,3.97,3.98,Pass
3689,2359528,HK232_CO1007_L07,CO1007,2,False,4.9,5.2,6.1,,,5.7,C,2.0,True,1.74,1.64,Pass
3690,2308005,HK232_CO1007_L07,CO1007,2,False,4.9,4.0,5.2,,,4.9,D,1.0,True,0.68,1.12,Pass
3691,2339288,HK232_CO1007_L07,CO1007,2,False,8.1,7.3,8.5,,,8.2,B+,3.5,True,3.23,3.19,Pass
3692,2342611,HK232_CO1007_L07,CO1007,2,False,4.5,5.9,6.4,,,5.9,C,2.0,True,1.88,1.71,Pass
3693,2312058,HK232_CO1007_L07,CO1007,2,False,8.6,7.2,7.4,,,7.6,B,3.0,True,3.2,3.17,Pass
3694,2390123,HK232_CO1007_L07,CO1007,2,False,5.1,6.8,5.8,,,5.9,C,2.0,True,2.06,2.11,Pass
3695,2321020,HK232_CO1007_L07,CO1007,2,False,6.8,6.2,4.9,,,5.5,C,2.0,True,2.24,2.12,Pass
3696,2327817,HK232_CO1007_L07,CO1007,2,False,8.6,7.2,7.8,,,7.8,B,3.0,True,3.29,3.58,Pass
3697,2350029,HK232_CO1027_L01,CO1027,2,False,5.0,6.0,4.9,4.7,,5.1,D+,1.5,True,1.5,1.5,Pass
3698,2344197,HK232_CO1027_L01,CO1027,2,False,5.2,6.5,4.6,7.3,,5.4,D+,1.5,True,2.12,2.27,Pass
3699,2388151,HK232_CO1027_L01,CO1027,2,False,8.0,5.2,6.5,6.6,,6.6,C+,2.5,True,2.47,2.48,Pass
3700,2317504,HK232_CO1027_L01,CO1027,2,False,7.5,8.0,8.1,7.2,,7.9,B,3.0,True,3.67,3.62,Pass
3701,2396106,HK232_CO1027_L01,CO1027,2,False,6.9,7.7,8.4,6.9,,7.8,B,3.0,True,2.94,2.97,Pass
3702,2325887,HK232_CO1027_L01,CO1027,2,False,9.0,8.1,7.2,7.3,,7.8,B,3.0,True,3.07,3.09,Pass
3703,2365981,HK232_CO1027_L01,CO1027,2,False,4.9,4.5,6.0,4.3,,5.3,D+,1.5,True,1.68,1.76,Pass
3704,2361693,HK232_CO1027_L01,CO1027,2,False,3.4,3.9,6.0,4.2,,4.9,D,1.0,True,1.06,1.2,Pass
3705,2354854,HK232_CO1027_L01,CO1027,2,False,6.2,5.2,6.1,6.0,,5.9,C,2.0,True,1.88,2.14,Pass
3706,2373550,HK232_CO1027_L01,CO1027,2,False,6.0,6.1,6.7,5.7,,6.3,C,2.0,True,1.94,2.0,Pass
3707,2390895,HK232_CO1027_L01,CO1027,2,False,6.8,5.6,5.4,5.9,,5.8,C,2.0,True,1.65,1.55,Pass
3708,2376487,HK232_CO1027_L01,CO1027,2,False,4.0,4.1,2.9,3.0,,3.4,F,0.0,False,0.18,1.0,Fail
3709,2384291,HK232_CO1027_L01,CO1027,2,False,8.3,7.1,7.6,8.6,,7.7,B,3.0,True,3.43,3.22,Pass
3710,2339909,HK232_CO1027_L01,CO1027,2,False,7.2,3.7,5.1,5.7,,5.3,D+,1.5,True,1.93,1.97,Pass
3711,2344734,HK232_CO1027_L01,CO1027,2,False,6.2,7.8,5.1,5.9,,5.9,C,2.0,True,2.35,2.41,Pass
3712,2356440,HK232_CO1027_L01,CO1027,2,False,5.3,6.7,5.2,5.3,,5.5,C,2.0,True,1.74,1.79,Pass
3713,2311672,HK232_CO1027_L01,CO1027,2,False,3.8,5.3,4.0,4.6,,4.3,D,1.0,True,0.86,1.23,Pass
3714,2343190,HK232_CO1027_L01,CO1027,2,False,10.0,9.3,8.5,8.6,,9.0,A,4.0,True,4.0,4.0,Pass
3715,2386758,HK232_CO1027_L01,CO1027,2,False,7.5,6.3,7.2,8.1,,7.2,B,3.0,True,3.37,3.31,Pass
3716,2317932,HK232_CO1027_L01,CO1027,2,False,8.3,8.2,9.1,7.6,,8.6,A,4.0,True,4.0,4.0,Pass
3717,2398657,HK232_CO1027_L01,CO1027,2,False,9.1,8.2,7.4,7.6,,7.9,B,3.0,True,2.83,2.91,Pass
3718,2347092,HK232_CO1027_L01,CO1027,2,False,6.8,7.0,6.9,5.4,,6.8,C+,2.5,True,2.35,2.35,Pass
3719,2375094,HK232_CO1027_L01,CO1027,2,False,6.7,5.6,7.5,6.8,,6.9,C+,2.5,True,2.24,2.24,Pass
3720,2384828,HK232_CO1027_L01,CO1027,2,False,8.2,7.5,8.5,8.3,,8.2,B+,3.5,True,3.33,3.34,Pass
3721,2389695,HK232_CO1027_L01,CO1027,2,False,7.0,5.9,5.9,6.9,,6.2,C,2.0,True,2.76,2.89,Pass
3722,2314609,HK232_CO1027_L01,CO1027,2,False,6.2,6.0,6.4,5.3,,6.2,C,2.0,True,1.85,1.82,Pass
3723,2397264,HK232_CO1027_L01,CO1027,2,False,6.0,5.8,4.7,4.9,,5.2,D+,1.5,True,1.88,2.11,Pass
3724,2372006,HK232_CO1027_L01,CO1027,2,False,5.4,5.5,5.9,6.0,,5.7,C,2.0,True,2.41,2.33,Pass
3725,2349643,HK232_CO1027_L01,CO1027,2,False,4.5,5.3,6.1,5.6,,5.6,C,2.0,True,1.65,1.55,Pass
3726,2378803,HK232_CO1027_L01,CO1027,2,False,7.0,7.8,8.6,7.3,,8.0,B+,3.5,True,3.26,3.27,Pass
3727,2307191,HK232_CO1027_L01,CO1027,2,False,6.2,6.7,7.0,5.5,,6.6,C+,2.5,True,2.5,2.52,Pass
3728,2379424,HK232_CO1027_L01,CO1027,2,False,6.6,6.2,7.0,7.4,,6.8,C+,2.5,True,2.79,2.83,Pass
3729,2370269,HK232_CO1027_L01,CO1027,2,False,6.8,7.3,6.3,5.7,,6.5,C+,2.5,True,2.41,2.45,Pass
3730,2379575,HK232_CO1027_L01,CO1027,2,False,6.7,5.8,7.0,6.9,,6.7,C+,2.5,True,1.97,1.98,Pass
3731,2365209,HK232_CO1027_L01,CO1027,2,False,7.1,7.4,7.7,6.7,,7.4,B,3.0,True,3.0,2.77,Pass
3732,2316153,HK232_CO1027_L01,CO1027,2,False,7.8,8.7,8.5,6.0,,8.2,B+,3.5,True,3.23,3.19,Pass
3733,2357405,HK232_CO1027_L01,CO1027,2,False,9.8,7.7,7.6,8.5,,8.2,B+,3.5,True,3.75,3.86,Pass
3734,2322757,HK232_CO1027_L01,CO1027,2,False,8.6,7.8,9.1,8.9,,8.7,A,4.0,True,4.0,4.0,Pass
3735,2381161,HK232_CO1027_L01,CO1027,2,False,9.6,8.8,8.3,8.9,,8.7,A,4.0,True,3.97,3.98,Pass
3736,2332684,HK232_CO1027_L01,CO1027,2,False,8.8,8.6,6.6,6.7,,7.5,B,3.0,True,3.0,3.07,Pass
3737,2389737,HK232_CO1027_L01,CO1027,2,False,8.2,6.8,7.3,9.0,,7.6,B,3.0,True,3.13,3.19,Pass
3738,2380154,HK232_CO1027_L01,CO1027,2,False,6.6,5.9,5.3,5.4,,5.7,C,2.0,True,1.8,1.84,Pass
3739,2311135,HK232_CO1027_L01,CO1027,2,False,6.1,5.7,4.5,4.3,,5.0,D+,1.5,True,1.35,1.52,Pass
3740,2399815,HK232_CO1027_L01,CO1027,2,False,6.9,5.7,6.6,7.4,,6.6,C+,2.5,True,2.56,2.8,Pass
3741,2362465,HK232_CO1027_L01,CO1027,2,False,7.7,6.2,6.0,6.8,,6.5,C+,2.5,True,2.57,2.71,Pass
3742,2364823,HK232_CO1027_L01,CO1027,2,False,5.6,5.9,4.2,7.0,,5.1,D+,1.5,True,1.97,1.93,Pass
3743,2378996,HK232_CO1027_L01,CO1027,2,False,3.6,4.9,2.6,4.3,,3.4,F,0.0,False,0.55,1.0,Fail
3744,2303717,HK232_CO1027_L01,CO1027,2,False,3.2,4.5,4.5,5.1,,4.3,D,1.0,True,0.5,1.09,Pass
3745,2307384,HK232_CO1027_L01,CO1027,2,False,5.1,5.4,6.1,5.5,,5.7,C,2.0,True,1.85,1.56,Pass
3746,2306847,HK232_CO1027_L01,CO1027,2,False,6.4,7.5,5.9,6.0,,6.3,C,2.0,True,2.0,2.05,Pass
3747,2343232,HK232_CO1027_L01,CO1027,2,False,6.9,7.1,6.3,6.2,,6.6,C+,2.5,True,2.29,2.56,Pass
3748,2358563,HK232_CO1027_L01,CO1027,2,False,6.7,8.4,7.1,7.8,,7.3,B,3.0,True,3.37,3.41,Pass
3749,2385449,HK232_CO1027_L01,CO1027,2,False,7.2,7.1,7.2,8.4,,7.3,B,3.0,True,3.32,3.32,Pass
3750,2313258,HK232_CO1027_L01,CO1027,2,False,8.1,8.3,8.1,7.8,,8.1,B+,3.5,True,3.5,3.3,Pass
3751,2346320,HK232_CO1027_L01,CO1027,2,False,6.3,6.3,6.4,6.8,,6.4,C+,2.5,True,2.18,2.17,Pass
3752,2373357,HK232_CO1027_L01,CO1027,2,False,7.3,7.1,7.0,7.8,,7.2,B,3.0,True,3.23,3.26,Pass
3753,2346899,HK232_CO1027_L01,CO1027,2,False,5.7,7.2,5.5,6.1,,5.9,C,2.0,True,2.18,2.18,Pass
3754,2362272,HK232_CO1027_L01,CO1027,2,False,5.7,6.1,5.1,6.5,,5.6,C,2.0,True,2.29,2.23,Pass
3755,2355668,HK232_CO1027_L01,CO1027,2,False,6.6,6.5,6.2,5.9,,6.3,C,2.0,True,2.47,2.33,Pass
3756,2312293,HK232_CO1027_L01,CO1027,2,False,6.7,6.3,6.0,7.2,,6.3,C,2.0,True,2.37,2.38,Pass
3757,2361307,HK232_CO1027_L01,CO1027,2,False,5.6,6.6,6.4,6.6,,6.3,C,2.0,True,2.24,2.33,Pass
3758,2360493,HK232_CO1027_L01,CO1027,2,False,8.5,8.2,7.9,9.3,,8.2,B+,3.5,True,3.77,3.88,Pass
3759,2333456,HK232_CO1027_L01,CO1027,2,False,6.5,5.0,4.2,5.8,,5.0,D+,1.5,True,1.47,1.5,Pass
3760,2398464,HK232_CO1027_L01,CO1027,2,False,5.7,6.7,6.6,6.1,,6.4,C+,2.5,True,2.62,2.5,Pass
3761,2375673,HK232_CO1027_L01,CO1027,2,False,5.5,6.2,5.6,6.3,,5.8,C,2.0,True,2.06,1.98,Pass
3762,2301552,HK232_CO1027_L01,CO1027,2,False,7.7,6.0,6.8,6.2,,6.8,C+,2.5,True,2.23,2.43,Pass
3763,2368490,HK232_CO1027_L01,CO1027,2,False,5.8,6.9,7.3,6.0,,6.8,C+,2.5,True,2.44,2.48,Pass
3764,2337744,HK232_CO1027_L01,CO1027,2,False,5.7,5.1,6.5,6.7,,6.1,C,2.0,True,2.29,2.2,Pass
3765,2327859,HK232_CO1027_L01,CO1027,2,False,5.2,4.8,5.2,6.0,,5.2,D+,1.5,True,1.74,1.65,Pass
3766,2392053,HK232_CO1027_L01,CO1027,2,False,6.8,5.0,6.4,7.5,,6.3,C,2.0,True,2.03,2.14,Pass
3767,2373592,HK232_CO1027_L01,CO1027,2,False,6.5,8.7,8.9,7.0,,8.2,B+,3.5,True,3.1,3.17,Pass
3768,2318704,HK232_CO1027_L01,CO1027,2,False,5.6,4.8,5.8,5.1,,5.5,C,2.0,True,2.12,2.12,Pass
3769,2381354,HK232_CO1027_L01,CO1027,2,False,9.1,8.5,8.7,8.7,,8.7,A,4.0,True,3.83,3.91,Pass
3770,2310900,HK232_CO1027_L01,CO1027,2,False,6.3,7.5,5.6,6.6,,6.2,C,2.0,True,2.59,2.61,Pass
3771,2309742,HK232_CO1027_L01,CO1027,2,False,6.2,6.4,7.4,5.9,,6.8,C+,2.5,True,2.29,2.42,Pass
3772,2367139,HK232_CO1027_L01,CO1027,2,False,9.4,7.2,7.2,8.3,,7.8,B,3.0,True,3.73,3.69,Pass
3773,2337786,HK232_CO1027_L01,CO1027,2,False,8.2,7.9,7.1,7.3,,7.5,B,3.0,True,3.24,3.24,Pass
3774,2307577,HK232_CO1027_L01,CO1027,2,False,8.7,8.9,8.2,8.1,,8.4,B+,3.5,True,3.87,3.83,Pass
3775,2351959,HK232_CO1027_L01,CO1027,2,False,5.5,5.9,6.2,5.0,,5.9,C,2.0,True,1.82,1.92,Pass
3776,2319669,HK232_CO1027_L01,CO1027,2,False,6.6,5.2,6.7,6.1,,6.3,C,2.0,True,2.24,2.18,Pass
3777,2372392,HK232_CO1027_L01,CO1027,2,False,8.9,6.6,8.8,7.1,,8.2,B+,3.5,True,3.23,3.29,Pass
3778,2336821,HK232_CO1027_L01,CO1027,2,False,9.0,6.7,7.6,7.2,,7.7,B,3.0,True,3.09,3.14,Pass
3779,2316388,HK232_CO1027_L01,CO1027,2,False,8.3,9.2,6.8,6.1,,7.5,B,3.0,True,2.88,2.92,Pass
3780,2357212,HK232_CO1027_L01,CO1027,2,False,6.6,7.1,6.8,5.2,,6.7,C+,2.5,True,2.56,2.36,Pass
3781,2331333,HK232_CO1027_L01,CO1027,2,False,7.1,5.7,5.2,5.4,,5.7,C,2.0,True,2.06,2.08,Pass
3782,2387958,HK232_CO1027_L01,CO1027,2,False,9.1,5.4,7.6,6.8,,7.4,B,3.0,True,2.74,2.82,Pass
3783,2381119,HK232_CO1027_L01,CO1027,2,False,6.7,6.7,6.1,6.9,,6.4,C+,2.5,True,1.91,1.95,Pass
3784,2395376,HK232_CO1027_L01,CO1027,2,False,7.6,6.4,7.7,7.8,,7.4,B,3.0,True,3.13,3.12,Pass
3785,2316581,HK232_CO1027_L01,CO1027,2,False,8.8,8.9,6.7,7.5,,7.6,B,3.0,True,3.23,3.14,Pass
3786,2381547,HK232_CO1027_L01,CO1027,2,False,6.0,5.2,5.7,5.1,,5.6,C,2.0,True,2.06,1.8,Pass
3787,2374364,HK232_CO1027_L01,CO1027,2,False,8.6,7.4,8.9,8.2,,8.5,A,4.0,True,3.6,3.38,Pass
3788,2326852,HK232_CO1027_L01,CO1027,2,False,8.7,8.9,10.0,9.4,,9.5,A+,4.0,True,3.83,3.91,Pass
3789,2390509,HK232_CO1027_L01,CO1027,2,False,8.4,6.0,6.0,6.3,,6.5,C+,2.5,True,2.35,2.23,Pass
3790,2344004,HK232_CO1027_L01,CO1027,2,False,6.5,7.5,8.4,7.6,,7.8,B,3.0,True,3.24,3.26,Pass
3791,2385256,HK232_CO1027_L01,CO1027,2,False,4.5,6.3,6.4,7.6,,6.1,C,2.0,True,2.2,2.1,Pass
3792,2347713,HK232_CO1027_L01,CO1027,2,False,7.5,6.5,6.3,6.2,,6.6,C+,2.5,True,2.73,2.57,Pass
3793,2352345,HK232_CO1027_L01,CO1027,2,False,6.1,7.5,7.0,8.3,,7.0,B,3.0,True,2.4,2.57,Pass
3794,2378610,HK232_CO1027_L01,CO1027,2,False,8.6,7.0,7.6,10.0,,7.9,B,3.0,True,3.63,3.59,Pass
3795,2386607,HK232_CO1027_L01,CO1027,2,False,8.5,8.2,8.4,10.0,,8.5,A,4.0,True,3.47,3.34,Pass
3796,2357640,HK232_CO1027_L01,CO1027,2,False,8.8,7.2,8.3,8.3,,8.2,B+,3.5,True,3.7,3.6,Pass
3797,2309935,HK232_CO1027_L01,CO1027,2,False,10.0,10.0,7.4,9.8,,8.7,A,4.0,True,4.0,4.0,Pass
3798,2349064,HK232_CO1027_L01,CO1027,2,False,5.5,7.1,6.3,7.0,,6.4,C+,2.5,True,2.09,2.39,Pass
3799,2354703,HK232_CO1027_L01,CO1027,2,False,6.3,6.6,8.7,6.6,,7.6,B,3.0,True,3.03,2.81,Pass
3800,2397885,HK232_CO1027_L01,CO1027,2,False,6.5,5.9,6.4,6.4,,6.3,C,2.0,True,2.53,2.59,Pass
3801,2364437,HK232_CO1027_L01,CO1027,2,False,8.2,8.7,7.6,8.3,,8.0,B+,3.5,True,3.23,3.38,Pass
3802,2354124,HK232_CO1027_L01,CO1027,2,False,2.8,3.8,4.6,4.7,,4.1,D,1.0,True,0.29,1.0,Pass
3803,2377645,HK232_CO1027_L01,CO1027,2,False,5.9,5.6,4.6,5.0,,5.1,D+,1.5,True,1.71,1.66,Pass
3804,2346706,HK232_CO1027_L01,CO1027,2,False,7.3,7.9,8.4,7.0,,7.9,B,3.0,True,3.17,3.26,Pass
3805,2348443,HK232_CO1027_L01,CO1027,2,False,6.4,4.9,5.8,5.7,,5.7,C,2.0,True,1.56,1.52,Pass
3806,2342418,HK232_CO1027_L01,CO1027,2,False,6.1,3.8,3.6,6.0,,4.4,D,1.0,True,1.56,1.56,Pass
3807,2342804,HK232_CO1027_L01,CO1027,2,False,5.5,5.8,6.5,7.2,,6.2,C,2.0,True,2.15,2.18,Pass
3808,2396299,HK232_CO1027_L01,CO1027,2,False,6.1,7.1,7.6,8.4,,7.3,B,3.0,True,3.0,3.0,Pass
3809,2330754,HK232_CO1027_L01,CO1027,2,False,9.4,9.4,9.5,8.3,,9.3,A,4.0,True,3.97,3.98,Pass
3810,2357598,HK232_CO1027_L01,CO1027,2,False,7.3,8.4,6.8,7.2,,7.3,B,3.0,True,2.97,3.16,Pass
3811,2329596,HK232_CO1027_L01,CO1027,2,False,8.2,7.6,7.0,7.5,,7.4,B,3.0,True,2.97,3.17,Pass
3812,2328052,HK232_CO1027_L02,CO1027,2,False,6.6,6.4,6.8,6.0,,6.6,C+,2.5,True,2.12,2.14,Pass
3813,2302324,HK232_CO1027_L02,CO1027,2,False,5.8,4.0,5.7,6.3,,5.4,D+,1.5,True,2.44,2.23,Pass
3814,2323957,HK232_CO1027_L02,CO1027,2,False,7.4,6.8,8.6,7.8,,7.9,B,3.0,True,3.37,3.38,Pass
3815,2355861,HK232_CO1027_L02,CO1027,2,False,6.3,9.4,9.8,8.7,,8.9,A,4.0,True,4.0,4.0,Pass
3816,2372971,HK232_CO1027_L02,CO1027,2,False,6.9,6.4,7.2,6.0,,6.9,C+,2.5,True,2.32,2.17,Pass
3817,2377066,HK232_CO1027_L02,CO1027,2,False,8.3,7.4,6.9,7.8,,7.4,B,3.0,True,3.0,3.16,Pass
3818,2320634,HK232_CO1027_L02,CO1027,2,False,6.8,8.3,7.8,8.7,,7.8,B,3.0,True,3.12,3.24,Pass
3819,2326122,HK232_CO1027_L02,CO1027,2,False,7.7,7.6,9.0,7.4,,8.3,B+,3.5,True,3.33,3.22,Pass
3820,2306075,HK232_CO1027_L02,CO1027,2,False,7.4,8.0,7.4,6.7,,7.5,B,3.0,True,2.87,2.93,Pass
3821,2354468,HK232_CO1027_L02,CO1027,2,False,4.4,5.5,6.8,6.4,,6.0,C,2.0,True,1.5,1.5,Pass
3822,2370655,HK232_CO1027_L02,CO1027,2,False,5.8,5.9,5.4,5.4,,5.6,C,2.0,True,1.85,1.85,Pass
3823,2375329,HK232_CO1027_L02,CO1027,2,False,7.7,7.8,7.1,7.3,,7.4,B,3.0,True,3.0,3.05,Pass
3824,2359528,HK232_CO1027_L02,CO1027,2,False,6.0,5.5,5.9,5.2,,5.8,C,2.0,True,1.74,1.64,Pass
3825,2353545,HK232_CO1027_L02,CO1027,2,False,5.7,5.4,5.1,6.2,,5.4,D+,1.5,True,1.68,1.68,Pass
3826,2333884,HK232_CO1027_L02,CO1027,2,False,4.2,3.2,3.1,2.6,,3.3,F,0.0,False,0.27,1.43,Fail
3827,2344776,HK232_CO1027_L02,CO1027,2,False,6.8,6.3,7.3,8.8,,7.2,B,3.0,True,3.0,2.95,Pass
3828,2392246,HK232_CO1027_L02,CO1027,2,False,7.5,7.7,8.3,7.8,,8.0,B+,3.5,True,3.2,3.16,Pass
3829,2303331,HK232_CO1027_L02,CO1027,2,False,6.7,7.9,6.7,4.7,,6.7,C+,2.5,True,2.71,2.52,Pass
3830,2382319,HK232_CO1027_L02,CO1027,2,False,6.3,6.2,5.7,6.4,,6.0,C,2.0,True,1.74,1.89,Pass
3831,2320676,HK232_CO1027_L02,CO1027,2,False,7.0,7.3,8.2,8.0,,7.8,B,3.0,True,3.0,3.02,Pass
3832,2348292,HK232_CO1027_L02,CO1027,2,False,7.5,7.3,8.3,8.1,,7.9,B,3.0,True,3.1,3.07,Pass
3833,2386800,HK232_CO1027_L02,CO1027,2,False,9.1,8.3,7.5,9.5,,8.2,B+,3.5,True,3.15,3.3,Pass
3834,2351766,HK232_CO1027_L02,CO1027,2,False,6.3,4.4,5.6,6.3,,5.6,C,2.0,True,1.79,1.77,Pass
3835,2363086,HK232_CO1027_L02,CO1027,2,False,7.0,7.2,8.3,7.6,,7.8,B,3.0,True,3.03,3.02,Pass
3836,2304103,HK232_CO1027_L02,CO1027,2,False,6.2,4.7,5.1,5.9,,5.3,D+,1.5,True,1.82,1.76,Pass
3837,2362893,HK232_CO1027_L02,CO1027,2,False,4.9,5.4,5.4,5.5,,5.3,D+,1.5,True,1.29,1.38,Pass
3838,2394797,HK232_CO1027_L02,CO1027,2,False,7.1,7.5,7.4,7.6,,7.4,B,3.0,True,3.35,3.18,Pass
3839,2340102,HK232_CO1027_L02,CO1027,2,False,4.9,5.7,6.2,5.3,,5.8,C,2.0,True,1.82,1.56,Pass
3840,2395955,HK232_CO1027_L02,CO1027,2,False,7.0,6.9,7.7,6.9,,7.3,B,3.0,True,3.4,3.33,Pass
3841,2350994,HK232_CO1027_L02,CO1027,2,False,3.8,6.5,5.9,6.1,,5.6,C,2.0,True,2.03,1.97,Pass
3842,2318125,HK232_CO1027_L02,CO1027,2,False,5.2,6.0,4.5,5.4,,5.0,D+,1.5,True,1.9,1.9,Pass
3843,2341453,HK232_CO1027_L02,CO1027,2,False,8.6,7.3,8.5,8.0,,8.2,B+,3.5,True,3.12,3.14,Pass
3844,2384249,HK232_CO1027_L02,CO1027,2,False,5.3,4.6,5.2,5.9,,5.2,D+,1.5,True,1.88,1.97,Pass
3845,2370806,HK232_CO1027_L02,CO1027,2,False,7.1,7.0,6.0,6.3,,6.5,C+,2.5,True,2.44,2.41,Pass
3846,2325115,HK232_CO1027_L02,CO1027,2,False,6.8,6.3,5.8,6.3,,6.2,C,2.0,True,2.35,2.23,Pass
3847,2331761,HK232_CO1027_L02,CO1027,2,False,6.4,4.7,5.4,5.2,,5.4,D+,1.5,True,1.91,1.95,Pass
3848,2300201,HK232_CO1027_L02,CO1027,2,False,7.0,7.4,8.0,8.2,,7.7,B,3.0,True,3.35,3.12,Pass
3849,2322799,HK232_CO1027_L02,CO1027,2,False,8.4,8.1,9.1,9.4,,8.8,A,4.0,True,3.67,3.71,Pass
3850,2303138,HK232_CO1027_L02,CO1027,2,False,7.6,9.2,7.2,6.5,,7.6,B,3.0,True,3.2,3.29,Pass
3851,2387765,HK232_CO1027_L02,CO1027,2,False,4.2,3.1,3.4,3.1,,3.5,F,0.0,False,0.14,1.0,Fail
3852,2355240,HK232_CO1027_L02,CO1027,2,False,6.6,8.3,7.3,7.9,,7.4,B,3.0,True,3.13,3.12,Pass
3853,2319090,HK232_CO1027_L02,CO1027,2,False,5.1,4.9,3.9,5.4,,4.5,D,1.0,True,1.59,1.58,Pass
3854,2305647,HK232_CO1027_L02,CO1027,2,False,7.6,8.1,9.1,8.3,,8.5,A,4.0,True,3.35,3.3,Pass
3855,2355089,HK232_CO1027_L02,CO1027,2,False,9.3,8.8,8.7,9.6,,8.9,A,4.0,True,3.97,3.93,Pass
3856,2326466,HK232_CO1027_L02,CO1027,2,False,5.4,6.0,5.6,5.7,,5.7,C,2.0,True,1.71,1.45,Pass
3857,2336007,HK232_CO1027_L02,CO1027,2,False,6.7,6.6,6.3,7.1,,6.5,C+,2.5,True,2.26,2.18,Pass
3858,2369069,HK232_CO1027_L02,CO1027,2,False,7.3,7.3,5.9,7.5,,6.6,C+,2.5,True,2.91,3.05,Pass
3859,2311714,HK232_CO1027_L02,CO1027,2,False,8.6,8.1,9.8,8.1,,9.1,A,4.0,True,3.2,3.17,Pass
3860,2348678,HK232_CO1027_L02,CO1027,2,False,5.6,6.0,6.8,5.7,,6.3,C,2.0,True,2.09,1.98,Pass
3861,2323378,HK232_CO1027_L02,CO1027,2,False,6.6,5.4,6.1,6.2,,6.1,C,2.0,True,2.53,2.3,Pass
3862,2361114,HK232_CO1027_L02,CO1027,2,False,5.9,6.4,6.7,6.2,,6.4,C+,2.5,True,2.41,2.39,Pass
3863,2337937,HK232_CO1027_L02,CO1027,2,False,5.1,6.0,5.0,5.3,,5.2,D+,1.5,True,1.4,1.71,Pass
3864,2331526,HK232_CO1027_L02,CO1027,2,False,7.4,5.9,5.9,6.5,,6.3,C,2.0,True,2.5,2.62,Pass
3865,2337593,HK232_CO1027_L02,CO1027,2,False,5.2,6.0,5.6,6.1,,5.7,C,2.0,True,2.15,2.14,Pass
3866,2304875,HK232_CO1027_L02,CO1027,2,False,6.5,5.2,7.9,5.9,,6.9,C+,2.5,True,1.71,1.58,Pass
3867,2307040,HK232_CO1027_L02,CO1027,2,False,6.7,8.4,9.4,7.3,,8.5,A,4.0,True,3.2,3.17,Pass
3868,2343769,HK232_CO1027_L02,CO1027,2,False,7.5,7.9,6.9,7.5,,7.3,B,3.0,True,2.88,2.94,Pass
3869,2386565,HK232_CO1027_L02,CO1027,2,False,9.1,8.3,6.7,8.1,,7.6,B,3.0,True,2.88,2.91,Pass
3870,2397113,HK232_CO1027_L02,CO1027,2,False,8.9,9.0,9.3,8.2,,9.1,A,4.0,True,3.5,3.26,Pass
3871,2328010,HK232_CO1027_L02,CO1027,2,False,6.3,6.3,5.0,4.8,,5.5,C,2.0,True,1.74,1.67,Pass
3872,2395141,HK232_CO1027_L02,CO1027,2,False,4.1,5.4,5.7,4.3,,5.2,D+,1.5,True,1.26,1.42,Pass
3873,2384056,HK232_CO1027_L02,CO1027,2,False,6.0,5.0,5.5,5.3,,5.5,C,2.0,True,2.32,2.17,Pass
3874,2354661,HK232_CO1027_L02,CO1027,2,False,6.8,7.3,6.8,4.9,,6.7,C+,2.5,True,2.65,2.42,Pass
3875,2391667,HK232_CO1027_L02,CO1027,2,False,8.7,7.8,8.2,7.6,,8.2,B+,3.5,True,3.09,3.05,Pass
3876,2345548,HK232_CO1027_L02,CO1027,2,False,6.4,7.5,5.3,7.3,,6.2,C,2.0,True,2.41,2.38,Pass
3877,2336393,HK232_CO1027_L02,CO1027,2,False,7.2,6.7,6.8,7.4,,6.9,C+,2.5,True,3.13,3.28,Pass
3878,2367332,HK232_CO1027_L02,CO1027,2,False,10.0,6.4,6.2,7.4,,7.1,B,3.0,True,3.06,2.95,Pass
3879,2357833,HK232_CO1027_L02,CO1027,2,False,4.6,7.0,6.1,7.1,,6.1,C,2.0,True,2.0,2.05,Pass
3880,2346127,HK232_CO1027_L02,CO1027,2,False,6.9,7.5,5.9,7.8,,6.6,C+,2.5,True,2.56,2.29,Pass
3881,2301745,HK232_CO1027_L02,CO1027,2,False,7.0,6.6,7.1,5.5,,6.8,C+,2.5,True,2.74,2.71,Pass
3882,2325694,HK232_CO1027_L02,CO1027,2,False,6.0,7.8,5.0,5.4,,5.8,C,2.0,True,2.13,2.05,Pass
3883,2339716,HK232_CO1027_L02,CO1027,2,False,6.2,5.9,5.7,5.7,,5.8,C,2.0,True,1.88,1.88,Pass
3884,2391860,HK232_CO1027_L02,CO1027,2,False,6.8,8.1,8.4,7.3,,7.9,B,3.0,True,3.27,3.47,Pass
3885,2308777,HK232_CO1027_L02,CO1027,2,False,6.1,5.9,6.1,6.1,,6.1,C,2.0,True,2.41,2.42,Pass
3886,2395913,HK232_CO1027_L02,CO1027,2,False,8.2,7.2,6.7,7.3,,7.2,B,3.0,True,3.3,3.24,Pass
3887,2347864,HK232_CO1027_L02,CO1027,2,False,5.6,4.6,5.1,5.6,,5.1,D+,1.5,True,1.43,1.55,Pass
3888,2344541,HK232_CO1027_L02,CO1027,2,False,6.4,6.9,3.0,6.8,,4.8,D,1.0,True,2.4,2.53,Pass
3889,2385835,HK232_CO1027_L02,CO1027,2,False,5.1,4.7,3.7,5.8,,4.4,D,1.0,True,1.79,1.74,Pass
3890,2303524,HK232_CO1027_L02,CO1027,2,False,7.1,9.0,8.1,6.3,,7.9,B,3.0,True,3.2,3.1,Pass
3891,2393211,HK232_CO1027_L02,CO1027,2,False,7.5,6.0,8.1,6.8,,7.4,B,3.0,True,3.09,3.21,Pass
3892,2365402,HK232_CO1027_L02,CO1027,2,False,2.9,4.2,3.7,4.6,,3.7,F,0.0,False,0.32,1.18,Fail
3893,2379038,HK232_CO1027_L02,CO1027,2,False,9.8,9.9,8.7,9.2,,9.2,A,4.0,True,4.0,3.83,Pass
3894,2318318,HK232_CO1027_L02,CO1027,2,False,6.1,5.0,5.7,6.4,,5.7,C,2.0,True,2.23,2.38,Pass
3895,2328203,HK232_CO1027_L02,CO1027,2,False,6.0,5.3,6.4,5.9,,6.1,C,2.0,True,2.37,2.26,Pass
3896,2301980,HK232_CO1027_L02,CO1027,2,False,8.0,5.8,9.0,8.6,,8.1,B+,3.5,True,3.0,3.09,Pass
3897,2379189,HK232_CO1027_L02,CO1027,2,False,7.5,7.5,9.5,8.9,,8.6,A,4.0,True,3.2,3.36,Pass
3898,2390123,HK232_CO1027_L02,CO1027,2,False,6.7,5.8,6.5,6.6,,6.4,C+,2.5,True,2.06,2.11,Pass
3899,2321062,HK232_CO1027_L02,CO1027,2,False,4.2,4.5,4.7,5.3,,4.6,D,1.0,True,0.59,1.14,Pass
3900,2388344,HK232_CO1027_L02,CO1027,2,False,8.6,7.7,8.0,7.8,,8.0,B+,3.5,True,3.17,3.26,Pass
3901,2395183,HK232_CO1027_L02,CO1027,2,False,5.6,5.0,5.7,5.4,,5.5,C,2.0,True,2.21,2.21,Pass
3902,2321599,HK232_CO1027_L02,CO1027,2,False,8.3,6.5,7.8,6.3,,7.5,B,3.0,True,2.79,2.67,Pass
3903,2321255,HK232_CO1027_L02,CO1027,2,False,5.8,6.5,7.4,6.6,,6.8,C+,2.5,True,2.53,2.42,Pass
3904,2349257,HK232_CO1027_L02,CO1027,2,False,8.8,9.0,9.1,10.0,,9.1,A,4.0,True,4.0,4.0,Pass
3905,2381933,HK232_CO1027_L02,CO1027,2,False,4.8,5.2,5.2,4.6,,5.1,D+,1.5,True,1.47,1.55,Pass
3906,2312486,HK232_CO1027_L02,CO1027,2,False,7.3,6.0,6.2,7.1,,6.5,C+,2.5,True,2.12,2.09,Pass
3907,2306268,HK232_CO1027_L02,CO1027,2,False,5.9,5.8,6.8,6.5,,6.4,C+,2.5,True,2.06,2.15,Pass
3908,2322371,HK232_CO1027_L02,CO1027,2,False,9.6,10.0,10.0,8.2,,9.7,A+,4.0,True,3.89,3.94,Pass
3909,2334077,HK232_CO1027_L02,CO1027,2,False,5.8,5.0,5.4,5.1,,5.4,D+,1.5,True,1.18,1.71,Pass
3910,2359377,HK232_CO1027_L02,CO1027,2,False,7.1,6.5,6.5,7.0,,6.7,C+,2.5,True,2.47,2.44,Pass
3911,2331140,HK232_CO1027_L02,CO1027,2,False,9.7,9.4,9.0,8.7,,9.2,A,4.0,True,3.89,3.88,Pass
3912,2316346,HK232_CO1027_L02,CO1027,2,False,4.6,5.8,4.7,5.8,,5.0,D+,1.5,True,2.41,2.48,Pass
3913,2368146,HK232_CO1027_L02,CO1027,2,False,7.6,7.0,8.6,8.5,,8.1,B+,3.5,True,3.47,3.38,Pass
3914,2321985,HK232_CO1027_L02,CO1027,2,False,7.7,8.4,7.1,8.2,,7.6,B,3.0,True,3.13,3.26,Pass
3915,2353738,HK232_CO1027_L02,CO1027,2,False,5.2,4.9,5.0,5.9,,5.1,D+,1.5,True,1.43,1.75,Pass
3916,2332726,HK232_CO1027_L02,CO1027,2,False,5.7,6.5,6.9,6.7,,6.6,C+,2.5,True,2.41,2.33,Pass
3917,2369883,HK232_CO1027_L02,CO1027,2,False,5.1,6.5,6.2,7.4,,6.2,C,2.0,True,2.21,2.32,Pass
3918,2327666,HK232_CO1027_L02,CO1027,2,False,3.9,5.3,4.3,3.6,,4.3,D,1.0,True,0.62,1.09,Pass
3919,2347520,HK232_CO1027_L02,CO1027,2,False,8.2,8.6,7.5,7.4,,7.8,B,3.0,True,3.23,3.24,Pass
3920,2370227,HK232_CO1027_L02,CO1027,2,False,7.2,6.4,6.2,6.5,,6.5,C+,2.5,True,2.62,2.64,Pass
3921,2323571,HK232_CO1027_L02,CO1027,2,False,9.6,8.8,8.1,9.9,,8.7,A,4.0,True,4.0,3.95,Pass
3922,2397071,HK232_CO1027_L02,CO1027,2,False,6.0,4.7,5.9,5.4,,5.6,C,2.0,True,2.15,2.12,Pass
3923,2383905,HK232_CO1027_L02,CO1027,2,False,5.5,5.4,7.0,5.2,,6.2,C,2.0,True,1.73,1.93,Pass
3924,2368532,HK232_CO1027_L02,CO1027,2,False,6.2,4.8,4.9,6.2,,5.3,D+,1.5,True,1.74,1.67,Pass
3925,2352966,HK232_CO1027_L02,CO1027,2,False,8.5,7.4,7.6,8.1,,7.8,B,3.0,True,3.37,3.19,Pass
3926,2396878,HK232_CO1027_L02,CO1027,2,False,7.8,5.9,5.9,7.5,,6.4,C+,2.5,True,2.26,2.39,Pass
3927,2363279,HK232_CO1027_L03,CO1027,2,False,8.9,8.5,8.9,7.9,,8.7,A,4.0,True,3.53,3.34,Pass
3928,2358412,HK232_CO1027_L03,CO1027,2,False,4.6,6.3,4.2,4.1,,4.7,D,1.0,True,1.29,1.46,Pass
3929,2305303,HK232_CO1027_L03,CO1027,2,False,6.8,7.1,6.5,6.6,,6.7,C+,2.5,True,2.44,2.42,Pass
3930,2381740,HK232_CO1027_L03,CO1027,2,False,4.7,6.7,6.3,5.9,,6.0,C,2.0,True,2.47,2.29,Pass
3931,2392011,HK232_CO1027_L03,CO1027,2,False,8.3,10.0,8.4,9.6,,8.8,A,4.0,True,4.0,4.0,Pass
3932,2385407,HK232_CO1027_L03,CO1027,2,False,5.1,6.2,4.7,6.0,,5.2,D+,1.5,True,1.88,1.8,Pass
3933,2302366,HK232_CO1027_L03,CO1027,2,False,7.8,6.9,7.4,7.6,,7.4,B,3.0,True,2.76,2.74,Pass
3934,2338172,HK232_CO1027_L03,CO1027,2,False,7.3,5.7,8.3,6.6,,7.4,B,3.0,True,3.21,3.26,Pass
3935,2353159,HK232_CO1027_L03,CO1027,2,False,6.1,9.4,6.4,7.8,,7.1,B,3.0,True,2.53,2.61,Pass
3936,2313065,HK232_CO1027_L03,CO1027,2,False,8.3,8.9,9.2,9.4,,9.0,A,4.0,True,3.67,3.81,Pass
3937,2328396,HK232_CO1027_L03,CO1027,2,False,5.3,5.5,6.6,6.2,,6.1,C,2.0,True,2.67,2.78,Pass
3938,2327045,HK232_CO1027_L03,CO1027,2,False,7.7,8.0,7.3,8.4,,7.6,B,3.0,True,2.77,2.78,Pass
3939,2332147,HK232_CO1027_L03,CO1027,2,False,7.7,8.9,7.5,8.0,,7.9,B,3.0,True,3.07,3.1,Pass
3940,2369111,HK232_CO1027_L03,CO1027,2,False,8.7,10.0,9.6,9.0,,9.4,A,4.0,True,4.0,4.0,Pass
3941,2368876,HK232_CO1027_L03,CO1027,2,False,6.2,6.6,6.7,4.1,,6.3,C,2.0,True,2.12,1.94,Pass
3942,2313644,HK232_CO1027_L03,CO1027,2,False,6.0,6.0,5.5,6.6,,5.8,C,2.0,True,2.13,2.16,Pass
3943,2306805,HK232_CO1027_L03,CO1027,2,False,6.4,4.2,5.8,7.6,,5.8,C,2.0,True,2.21,2.08,Pass
3944,2314030,HK232_CO1027_L03,CO1027,2,False,7.3,8.2,8.0,6.3,,7.7,B,3.0,True,3.12,3.2,Pass
3945,2310707,HK232_CO1027_L03,CO1027,2,False,10.0,10.0,9.9,9.8,,9.9,A+,4.0,True,3.87,3.93,Pass
3946,2323185,HK232_CO1027_L03,CO1027,2,False,7.1,8.1,6.2,6.5,,6.8,C+,2.5,True,2.37,2.4,Pass
3947,2345162,HK232_CO1027_L03,CO1027,2,False,6.7,6.3,8.6,7.2,,7.6,B,3.0,True,3.09,3.2,Pass
3948,2312872,HK232_CO1027_L03,CO1027,2,False,8.9,9.5,8.5,9.6,,8.9,A,4.0,True,3.97,3.91,Pass
3949,2352387,HK232_CO1027_L03,CO1027,2,False,7.1,8.8,7.7,7.3,,7.8,B,3.0,True,3.4,3.38,Pass
3950,2332919,HK232_CO1027_L03,CO1027,2,False,7.6,8.1,8.5,6.8,,8.1,B+,3.5,True,3.7,3.6,Pass
3951,2315574,HK232_CO1027_L03,CO1027,2,False,6.0,6.3,7.0,7.0,,6.7,C+,2.5,True,2.74,2.7,Pass
3952,2315188,HK232_CO1027_L03,CO1027,2,False,9.1,8.1,8.3,9.6,,8.6,A,4.0,True,4.0,4.0,Pass
3953,2376101,HK232_CO1027_L03,CO1027,2,False,5.3,6.9,8.0,6.8,,7.1,B,3.0,True,2.12,2.0,Pass
3954,2312100,HK232_CO1027_L03,CO1027,2,False,7.1,6.5,8.4,8.6,,7.8,B,3.0,True,3.37,3.41,Pass
3955,2389888,HK232_CO1027_L03,CO1027,2,False,5.0,5.7,4.6,6.4,,5.1,D+,1.5,True,1.74,1.38,Pass
3956,2347478,HK232_CO1027_L03,CO1027,2,False,8.6,8.7,9.2,9.2,,9.0,A,4.0,True,3.93,3.78,Pass
3957,2395527,HK232_CO1027_L03,CO1027,2,False,7.0,6.6,7.4,6.7,,7.1,B,3.0,True,1.94,1.86,Pass
3958,2329017,HK232_CO1027_L03,CO1027,2,False,6.1,5.5,5.9,6.4,,5.9,C,2.0,True,2.27,2.21,Pass
3959,2304296,HK232_CO1027_L03,CO1027,2,False,6.6,7.7,7.7,7.6,,7.5,B,3.0,True,3.07,3.17,Pass
3960,2322220,HK232_CO1027_L03,CO1027,2,False,6.3,7.0,5.9,6.3,,6.2,C,2.0,True,2.33,2.43,Pass
3961,2308391,HK232_CO1027_L03,CO1027,2,False,9.4,9.2,10.0,10.0,,9.7,A+,4.0,True,3.69,3.78,Pass
3962,2316925,HK232_CO1027_L03,CO1027,2,False,6.2,6.9,5.5,6.4,,6.0,C,2.0,True,2.09,2.15,Pass
3963,2359914,HK232_CO1027_L03,CO1027,2,False,4.3,3.7,5.6,6.2,,5.0,D+,1.5,True,1.76,1.7,Pass
3964,2341646,HK232_CO1027_L03,CO1027,2,False,6.5,7.2,7.1,7.0,,7.0,B,3.0,True,2.53,2.38,Pass
3965,2349022,HK232_CO1027_L03,CO1027,2,False,4.5,4.8,5.7,4.1,,5.1,D+,1.5,True,1.85,1.8,Pass
3966,2310321,HK232_CO1027_L03,CO1027,2,False,7.8,6.1,5.8,6.3,,6.3,C,2.0,True,2.59,2.64,Pass
3967,2351573,HK232_CO1027_L03,CO1027,2,False,6.6,5.9,6.5,6.0,,6.4,C+,2.5,True,2.47,2.41,Pass
3968,2365167,HK232_CO1027_L03,CO1027,2,False,4.9,5.3,4.6,6.7,,5.0,D+,1.5,True,1.59,1.61,Pass
3969,2364630,HK232_CO1027_L03,CO1027,2,False,8.1,9.5,8.5,8.7,,8.6,A,4.0,True,3.78,3.88,Pass
3970,2383284,HK232_CO1027_L03,CO1027,2,False,6.8,7.0,7.4,6.2,,7.1,B,3.0,True,2.21,2.21,Pass
3971,2323764,HK232_CO1027_L03,CO1027,2,False,5.8,5.3,5.1,5.4,,5.3,D+,1.5,True,1.56,1.71,Pass
3972,2313451,HK232_CO1027_L03,CO1027,2,False,9.0,8.3,8.0,7.3,,8.2,B+,3.5,True,3.37,3.21,Pass
3973,2348829,HK232_CO1027_L03,CO1027,2,False,7.7,9.0,8.5,7.5,,8.3,B+,3.5,True,3.18,3.17,Pass
3974,2314802,HK232_CO1027_L03,CO1027,2,False,7.9,7.7,6.9,7.9,,7.4,B,3.0,True,3.27,3.19,Pass
3975,2380540,HK232_CO1027_L03,CO1027,2,False,4.3,5.1,5.1,6.4,,5.1,D+,1.5,True,1.82,1.92,Pass
3976,2342074,HK232_CO1027_L03,CO1027,2,False,6.9,7.0,7.2,7.9,,7.2,B,3.0,True,3.0,2.95,Pass
3977,2335235,HK232_CO1027_L03,CO1027,2,False,9.5,8.3,8.8,9.5,,8.9,A,4.0,True,3.97,3.86,Pass
3978,2365746,HK232_CO1027_L03,CO1027,2,False,7.8,7.4,7.9,6.3,,7.6,B,3.0,True,3.1,3.05,Pass
3979,2322950,HK232_CO1027_L03,CO1027,2,False,6.3,6.9,5.5,6.8,,6.1,C,2.0,True,2.35,2.47,Pass
3980,2369262,HK232_CO1027_L03,CO1027,2,False,6.8,7.8,8.6,7.5,,8.0,B+,3.5,True,3.33,3.36,Pass
3981,2319476,HK232_CO1027_L03,CO1027,2,False,5.3,5.4,5.6,4.4,,5.4,D+,1.5,True,1.82,1.85,Pass
3982,2399664,HK232_CO1027_L03,CO1027,2,False,5.6,4.3,7.6,9.2,,6.7,C+,2.5,True,2.41,2.5,Pass
3983,2306654,HK232_CO1027_L03,CO1027,2,False,6.1,6.2,4.4,3.8,,5.0,D+,1.5,True,1.23,1.31,Pass
3984,2326659,HK232_CO1027_L03,CO1027,2,False,6.0,6.3,5.8,5.9,,6.0,C,2.0,True,2.12,2.11,Pass
3985,2326273,HK232_CO1027_L03,CO1027,2,False,5.5,6.6,5.4,6.5,,5.8,C,2.0,True,2.47,2.36,Pass
3986,2320055,HK232_CO1027_L03,CO1027,2,False,4.6,6.3,4.6,4.6,,4.9,D,1.0,True,2.09,2.3,Pass
3987,2302517,HK232_CO1027_L03,CO1027,2,False,3.7,3.7,3.6,3.8,,3.7,F,0.0,False,0.74,1.06,Fail
3988,2391818,HK232_CO1027_L03,CO1027,2,False,7.0,6.6,6.2,6.5,,6.5,C+,2.5,True,2.18,2.38,Pass
3989,2365553,HK232_CO1027_L03,CO1027,2,False,6.7,6.0,4.2,4.5,,5.1,D+,1.5,True,1.71,1.58,Pass
3990,2391474,HK232_CO1027_L03,CO1027,2,False,7.3,6.5,7.9,6.5,,7.4,B,3.0,True,2.53,2.45,Pass
3991,2329210,HK232_CO1027_L03,CO1027,2,False,5.6,7.3,6.6,6.9,,6.6,C+,2.5,True,2.5,2.33,Pass
3992,2384442,HK232_CO1027_L03,CO1027,2,False,7.2,6.2,5.9,7.0,,6.3,C,2.0,True,2.35,2.29,Pass
3993,2335042,HK232_CO1027_L03,CO1027,2,False,5.5,7.8,5.5,8.5,,6.3,C,2.0,True,2.93,2.97,Pass
3994,2320827,HK232_CO1027_L03,CO1027,2,False,6.7,7.0,9.4,8.4,,8.3,B+,3.5,True,3.1,3.19,Pass
3995,2343383,HK232_CO1027_L03,CO1027,2,False,4.3,5.4,5.8,4.9,,5.3,D+,1.5,True,2.0,1.83,Pass
3996,2343039,HK232_CO1027_L03,CO1027,2,False,8.8,7.4,8.4,8.8,,8.3,B+,3.5,True,3.63,3.71,Pass
3997,2384677,HK232_CO1027_L03,CO1027,2,False,6.8,5.0,7.8,5.9,,6.8,C+,2.5,True,2.43,2.24,Pass
3998,2320869,HK232_CO1027_L03,CO1027,2,False,7.8,9.7,8.7,9.6,,8.8,A,4.0,True,3.87,3.93,Pass
3999,2324922,HK232_CO1027_L03,CO1027,2,False,7.0,6.3,6.8,5.0,,6.6,C+,2.5,True,2.68,2.48,Pass
4000,2337207,HK232_CO1027_L03,CO1027,2,False,8.2,8.3,7.2,6.0,,7.5,B,3.0,True,2.88,2.82,Pass
4001,2344583,HK232_CO1027_L03,CO1027,2,False,6.9,7.9,7.0,6.8,,7.1,B,3.0,True,3.0,2.92,Pass
4002,2390316,HK232_CO1027_L03,CO1027,2,False,6.1,4.4,7.4,6.4,,6.4,C+,2.5,True,2.21,2.21,Pass
4003,2321641,HK232_CO1027_L03,CO1027,2,False,6.0,5.7,6.8,5.7,,6.3,C,2.0,True,2.7,2.36,Pass
4004,2340681,HK232_CO1027_L03,CO1027,2,False,8.7,6.9,7.4,6.9,,7.5,B,3.0,True,3.23,3.12,Pass
4005,2319862,HK232_CO1027_L03,CO1027,2,False,8.1,8.7,8.4,8.1,,8.4,B+,3.5,True,3.35,3.41,Pass
4006,2366753,HK232_CO1027_L03,CO1027,2,False,10.0,9.6,9.2,8.7,,9.4,A,4.0,True,4.0,4.0,Pass
4007,2300436,HK232_CO1027_L03,CO1027,2,False,5.7,6.3,5.1,5.9,,5.5,C,2.0,True,1.35,1.59,Pass
4008,2315381,HK232_CO1027_L03,CO1027,2,False,8.3,7.9,7.0,8.0,,7.5,B,3.0,True,3.06,3.11,Pass
4009,2329789,HK232_CO1027_L03,CO1027,2,False,9.5,8.5,9.4,9.1,,9.2,A,4.0,True,3.93,3.9,Pass
4010,2305068,HK232_CO1027_L03,CO1027,2,False,8.7,9.2,8.9,8.0,,8.8,A,4.0,True,3.97,3.98,Pass
4011,2322178,HK232_CO1027_L03,CO1027,2,False,4.3,4.7,5.8,4.9,,5.2,D+,1.5,True,1.03,1.43,Pass
4012,2368918,HK232_CO1027_L03,CO1027,2,False,6.1,6.6,5.8,6.2,,6.1,C,2.0,True,1.29,1.59,Pass
4013,2312637,HK232_CO1027_L03,CO1027,2,False,5.1,4.3,4.1,3.7,,4.3,D,1.0,True,0.4,1.0,Pass
4014,2305454,HK232_CO1027_L03,CO1027,2,False,6.7,7.6,6.7,7.5,,7.0,B,3.0,True,3.1,3.26,Pass
4015,2333498,HK232_CO1027_L03,CO1027,2,False,9.7,8.1,9.1,7.8,,8.9,A,4.0,True,4.0,3.9,Pass
4016,2301208,HK232_CO1027_L03,CO1027,2,False,7.4,6.6,5.6,8.3,,6.4,C+,2.5,True,2.56,2.68,Pass
4017,2364244,HK232_CO1027_L03,CO1027,2,False,6.3,6.5,7.6,6.4,,7.0,B,3.0,True,2.5,2.32,Pass
4018,2311286,HK232_CO1027_L03,CO1027,2,False,7.8,7.9,7.2,7.2,,7.5,B,3.0,True,3.06,2.8,Pass
4019,2332877,HK232_CO1027_L03,CO1027,2,False,9.4,9.5,8.3,8.2,,8.8,A,4.0,True,3.86,3.92,Pass
4020,2309163,HK232_CO1027_L03,CO1027,2,False,8.7,10.0,9.0,9.7,,9.2,A,4.0,True,3.87,3.93,Pass
4021,2313023,HK232_CO1027_L03,CO1027,2,False,5.1,4.7,4.6,5.3,,4.8,D,1.0,True,1.5,1.59,Pass
4022,2338130,HK232_CO1027_L03,CO1027,2,False,9.7,8.7,9.3,8.7,,9.2,A,4.0,True,4.0,4.0,Pass
4023,2389544,HK232_CO1027_L03,CO1027,2,False,6.3,7.5,6.5,8.0,,6.8,C+,2.5,True,2.29,2.26,Pass
4024,2337358,HK232_CO1027_L03,CO1027,2,False,8.1,8.1,8.8,7.3,,8.4,B+,3.5,True,3.53,3.55,Pass
4025,2357791,HK232_CO1027_L03,CO1027,2,False,4.3,5.7,5.7,4.9,,5.3,D+,1.5,True,1.76,1.7,Pass
4026,2396492,HK232_CO1027_L03,CO1027,2,False,6.5,5.8,6.7,7.3,,6.5,C+,2.5,True,2.5,2.57,Pass
4027,2363816,HK232_CO1027_L03,CO1027,2,False,5.7,5.7,5.3,6.0,,5.5,C,2.0,True,1.65,1.74,Pass
4028,2336586,HK232_CO1027_L03,CO1027,2,False,4.8,4.8,5.4,5.8,,5.2,D+,1.5,True,1.65,1.47,Pass
4029,2302559,HK232_CO1027_L03,CO1027,2,False,5.1,7.2,6.2,6.0,,6.2,C,2.0,True,2.12,2.06,Pass
4030,2348099,HK232_CO1027_L03,CO1027,2,False,8.0,7.1,7.0,7.9,,7.3,B,3.0,True,3.13,3.07,Pass
4031,2398078,HK232_CO1027_L03,CO1027,2,False,6.4,6.6,4.7,6.8,,5.6,C,2.0,True,2.29,2.2,Pass
4032,2333263,HK232_CO1027_L03,CO1027,2,False,6.7,4.7,6.3,6.3,,6.1,C,2.0,True,1.68,1.76,Pass
4033,2379961,HK232_CO1027_L03,CO1027,2,False,6.8,6.0,6.8,5.8,,6.5,C+,2.5,True,1.91,2.2,Pass
4034,2361886,HK232_CO1027_L03,CO1027,2,False,10.0,8.7,8.2,9.5,,8.8,A,4.0,True,3.87,3.81,Pass
4035,2375480,HK232_CO1027_L03,CO1027,2,False,8.9,9.7,8.6,8.6,,8.9,A,4.0,True,3.89,3.88,Pass
4036,2368104,HK232_CO1027_L03,CO1027,2,False,6.9,8.7,9.4,9.6,,8.8,A,4.0,True,4.0,4.0,Pass
4037,2353352,HK232_CO1027_L03,CO1027,2,False,5.9,6.1,6.7,4.2,,6.2,C,2.0,True,2.8,2.79,Pass
4038,2364051,HK232_CO1027_L03,CO1027,2,False,6.7,7.1,5.7,7.8,,6.4,C+,2.5,True,2.5,2.33,Pass
4039,2370076,HK232_CO1027_L03,CO1027,2,False,8.3,9.4,8.1,7.7,,8.4,B+,3.5,True,3.83,3.86,Pass
4040,2324343,HK232_CO1027_L03,CO1027,2,False,6.2,5.7,7.9,5.9,,6.9,C+,2.5,True,2.29,2.26,Pass
4041,2393404,HK232_CO1027_L03,CO1027,2,False,7.7,6.9,8.2,7.0,,7.7,B,3.0,True,2.71,2.74,Pass
4042,2392825,HK232_CO1027_L04,CO1027,2,False,5.4,3.9,5.7,5.5,,5.3,D+,1.5,True,1.37,1.6,Pass
4043,2356054,HK232_CO1027_L04,CO1027,2,False,7.5,8.1,9.4,7.1,,8.5,A,4.0,True,3.7,3.5,Pass
4044,2311907,HK232_CO1027_L04,CO1027,2,False,4.3,6.6,3.9,5.9,,4.7,D,1.0,True,1.5,1.59,Pass
4045,2374515,HK232_CO1027_L04,CO1027,2,False,6.8,6.5,6.5,6.1,,6.5,C+,2.5,True,2.62,2.48,Pass
4046,2365360,HK232_CO1027_L04,CO1027,2,False,8.1,8.1,8.7,7.3,,8.3,B+,3.5,True,3.23,3.41,Pass
4047,2318083,HK232_CO1027_L04,CO1027,2,False,6.1,6.7,7.5,6.1,,6.9,C+,2.5,True,2.37,2.19,Pass
4048,2332298,HK232_CO1027_L04,CO1027,2,False,5.8,6.5,6.3,6.7,,6.3,C,2.0,True,2.44,2.35,Pass
4049,2392439,HK232_CO1027_L04,CO1027,2,False,6.3,5.3,6.3,4.2,,5.9,C,2.0,True,1.82,1.58,Pass
4050,2314223,HK232_CO1027_L04,CO1027,2,False,4.5,4.3,6.8,6.0,,5.8,C,2.0,True,1.71,1.64,Pass
4051,2352538,HK232_CO1027_L04,CO1027,2,False,6.5,5.3,7.1,7.1,,6.6,C+,2.5,True,2.09,2.2,Pass
4052,2369304,HK232_CO1027_L04,CO1027,2,False,5.6,5.4,5.9,6.4,,5.8,C,2.0,True,2.06,2.05,Pass
4053,2394990,HK232_CO1027_L04,CO1027,2,False,4.6,5.8,5.0,5.8,,5.2,D+,1.5,True,1.44,1.44,Pass
4054,2321213,HK232_CO1027_L04,CO1027,2,False,7.1,6.5,6.8,7.3,,6.8,C+,2.5,True,2.53,2.55,Pass
4055,2390853,HK232_CO1027_L04,CO1027,2,False,6.7,7.5,6.1,7.1,,6.6,C+,2.5,True,2.12,2.29,Pass
4056,2376252,HK232_CO1027_L04,CO1027,2,False,7.0,7.1,6.8,7.0,,6.9,C+,2.5,True,2.71,2.47,Pass
4057,2375715,HK232_CO1027_L04,CO1027,2,False,6.5,5.3,7.2,5.3,,6.5,C+,2.5,True,2.5,2.26,Pass
4058,2322027,HK232_CO1027_L04,CO1027,2,False,5.7,5.8,7.5,6.1,,6.7,C+,2.5,True,2.35,2.23,Pass
4059,2353310,HK232_CO1027_L04,CO1027,2,False,5.2,5.9,5.9,7.4,,5.9,C,2.0,True,2.24,2.29,Pass
4060,2374129,HK232_CO1027_L04,CO1027,2,False,7.1,7.5,7.0,6.0,,7.0,B,3.0,True,2.47,2.41,Pass
4061,2388537,HK232_CO1027_L04,CO1027,2,False,6.8,6.5,7.0,6.8,,6.8,C+,2.5,True,2.44,2.33,Pass
4062,2339095,HK232_CO1027_L04,CO1027,2,False,6.1,6.6,6.9,6.3,,6.6,C+,2.5,True,2.5,2.42,Pass
4063,2312058,HK232_CO1027_L04,CO1027,2,False,7.4,7.5,5.5,7.0,,6.4,C+,2.5,True,3.2,3.17,Pass
4064,2392632,HK232_CO1027_L04,CO1027,2,False,4.7,4.7,6.7,5.4,,5.8,C,2.0,True,1.97,1.86,Pass
4065,2389309,HK232_CO1027_L04,CO1027,2,False,7.6,7.2,6.8,7.8,,7.1,B,3.0,True,2.83,2.91,Pass
4066,2386028,HK232_CO1027_L04,CO1027,2,False,10.0,10.0,8.1,9.6,,9.0,A,4.0,True,3.97,3.98,Pass
4067,2339330,HK232_CO1027_L04,CO1027,2,False,5.3,4.7,5.1,5.3,,5.1,D+,1.5,True,1.5,1.39,Pass
4068,2381312,HK232_CO1027_L04,CO1027,2,False,7.4,8.0,9.9,7.2,,8.8,A,4.0,True,3.5,3.45,Pass
4069,2317697,HK232_CO1027_L04,CO1027,2,False,3.6,4.8,4.9,6.4,,4.8,D,1.0,True,1.73,1.71,Pass
4070,2395334,HK232_CO1027_L04,CO1027,2,False,8.4,7.5,6.9,8.9,,7.5,B,3.0,True,3.47,3.58,Pass
4071,2354082,HK232_CO1027_L04,CO1027,2,False,7.6,8.9,7.0,9.6,,7.8,B,3.0,True,2.97,2.97,Pass
4072,2352924,HK232_CO1027_L04,CO1027,2,False,8.1,9.0,8.9,8.1,,8.7,A,4.0,True,3.97,3.98,Pass
4073,2371234,HK232_CO1027_L04,CO1027,2,False,3.2,4.7,5.8,6.5,,5.1,D+,1.5,True,1.79,1.62,Pass
4074,2325501,HK232_CO1027_L04,CO1027,2,False,6.0,7.4,5.8,5.3,,6.1,C,2.0,True,2.24,2.39,Pass
4075,2380733,HK232_CO1027_L04,CO1027,2,False,7.9,6.7,7.9,7.5,,7.6,B,3.0,True,3.23,3.31,Pass
4076,2378031,HK232_CO1027_L04,CO1027,2,False,8.9,8.6,9.0,10.0,,9.0,A,4.0,True,4.0,4.0,Pass
4077,2380003,HK232_CO1027_L04,CO1027,2,False,9.1,9.5,8.5,9.7,,8.9,A,4.0,True,4.0,4.0,Pass
4078,2306612,HK232_CO1027_L04,CO1027,2,False,3.4,4.5,4.4,4.0,,4.2,D,1.0,True,0.78,1.06,Pass
4079,2322413,HK232_CO1027_L04,CO1027,2,False,8.5,8.2,8.5,9.1,,8.5,A,4.0,True,3.6,3.52,Pass
4080,2372199,HK232_CO1027_L04,CO1027,2,False,4.6,6.3,6.5,6.5,,6.1,C,2.0,True,1.82,1.91,Pass
4081,2384870,HK232_CO1027_L04,CO1027,2,False,6.6,8.6,6.3,6.3,,6.8,C+,2.5,True,2.29,2.2,Pass
4082,2383863,HK232_CO1027_L04,CO1027,2,False,5.1,4.3,6.4,6.0,,5.7,C,2.0,True,1.82,1.79,Pass
4083,2352773,HK232_CO1027_L04,CO1027,2,False,5.4,6.4,5.0,6.8,,5.5,C,2.0,True,2.09,2.18,Pass
4084,2373785,HK232_CO1027_L04,CO1027,2,False,4.6,4.3,3.5,4.9,,4.0,D,1.0,True,0.97,1.12,Pass
4085,2302131,HK232_CO1027_L04,CO1027,2,False,4.7,3.8,5.3,5.7,,4.9,D,1.0,True,1.88,1.92,Pass
4086,2376873,HK232_CO1027_L04,CO1027,2,False,8.9,8.2,8.0,8.1,,8.2,B+,3.5,True,3.8,3.6,Pass
4087,2385793,HK232_CO1027_L04,CO1027,2,False,4.7,5.1,5.4,6.1,,5.3,D+,1.5,True,1.77,1.84,Pass
4088,2342997,HK232_CO1027_L04,CO1027,2,False,7.5,6.5,7.4,6.5,,7.2,B,3.0,True,2.71,2.65,Pass
4089,2311093,HK232_CO1027_L04,CO1027,2,False,7.2,5.3,6.2,2.6,,5.9,C,2.0,True,1.74,1.83,Pass
4090,2369648,HK232_CO1027_L04,CO1027,2,False,8.5,9.7,8.8,8.3,,8.9,A,4.0,True,4.0,4.0,Pass
4091,2363472,HK232_CO1027_L04,CO1027,2,False,8.1,7.7,7.0,8.5,,7.5,B,3.0,True,3.09,3.15,Pass
4092,2305840,HK232_CO1027_L04,CO1027,2,False,7.7,7.4,6.6,7.2,,7.0,B,3.0,True,3.1,3.24,Pass
4093,2302752,HK232_CO1027_L04,CO1027,2,False,5.9,5.7,5.3,5.3,,5.5,C,2.0,True,1.35,1.65,Pass
4094,2373399,HK232_CO1027_L04,CO1027,2,False,6.0,6.0,5.3,6.2,,5.7,C,2.0,True,1.76,1.76,Pass
4095,2385986,HK232_CO1027_L04,CO1027,2,False,6.8,6.0,4.6,6.3,,5.5,C,2.0,True,2.47,2.41,Pass
4096,2389351,HK232_CO1027_L04,CO1027,2,False,6.3,5.9,6.7,5.8,,6.4,C+,2.5,True,2.26,2.2,Pass
4097,2320248,HK232_CO1027_L04,CO1027,2,False,8.8,9.1,8.3,8.8,,8.6,A,4.0,True,4.0,4.0,Pass
4098,2358219,HK232_CO1027_L04,CO1027,2,False,9.3,8.9,8.4,7.0,,8.5,A,4.0,True,3.33,3.31,Pass
4099,2374557,HK232_CO1027_L04,CO1027,2,False,5.2,8.0,6.0,6.4,,6.3,C,2.0,True,2.21,2.39,Pass
4100,2324729,HK232_CO1027_L04,CO1027,2,False,8.3,7.9,6.8,7.3,,7.4,B,3.0,True,2.73,2.74,Pass
4101,2348485,HK232_CO1027_L04,CO1027,2,False,8.3,6.8,9.0,7.3,,8.2,B+,3.5,True,3.24,3.26,Pass
4102,2307619,HK232_CO1027_L04,CO1027,2,False,7.3,6.8,7.6,10.0,,7.6,B,3.0,True,3.15,3.26,Pass
4103,2321792,HK232_CO1027_L04,CO1027,2,False,7.6,7.4,8.7,8.4,,8.2,B+,3.5,True,3.07,3.07,Pass
4104,2386414,HK232_CO1027_L04,CO1027,2,False,7.4,7.6,7.5,7.9,,7.5,B,3.0,True,3.0,3.02,Pass
4105,2336779,HK232_CO1027_L04,CO1027,2,False,3.5,6.2,6.0,5.6,,5.5,C,2.0,True,1.71,1.64,Pass
4106,2397306,HK232_CO1027_L04,CO1027,2,False,5.6,6.8,7.1,5.6,,6.6,C+,2.5,True,2.65,2.61,Pass
4107,2365788,HK232_CO1027_L04,CO1027,2,False,8.5,7.0,8.0,7.6,,7.9,B,3.0,True,3.17,3.28,Pass
4108,2362851,HK232_CO1027_L04,CO1027,2,False,7.3,6.3,7.0,6.4,,6.9,C+,2.5,True,2.56,2.45,Pass
4109,2369497,HK232_CO1027_L04,CO1027,2,False,5.3,4.5,6.5,4.8,,5.7,C,2.0,True,1.74,1.74,Pass
4110,2376059,HK232_CO1027_L04,CO1027,2,False,6.6,4.5,6.1,4.8,,5.8,C,2.0,True,1.93,1.93,Pass
4111,2360300,HK232_CO1027_L04,CO1027,2,False,8.5,9.6,8.3,7.0,,8.5,A,4.0,True,3.44,3.55,Pass
4112,2328824,HK232_CO1027_L04,CO1027,2,False,4.6,5.8,4.5,4.8,,4.8,D,1.0,True,1.44,1.38,Pass
4113,2304917,HK232_CO1027_L04,CO1027,2,False,7.4,7.2,5.6,5.5,,6.3,C,2.0,True,2.41,2.39,Pass
4114,2341881,HK232_CO1027_L04,CO1027,2,False,7.1,7.0,5.4,8.1,,6.3,C,2.0,True,2.8,3.0,Pass
4115,2308584,HK232_CO1027_L04,CO1027,2,False,6.1,6.1,7.2,5.4,,6.6,C+,2.5,True,2.38,2.27,Pass
4116,2365016,HK232_CO1027_L04,CO1027,2,False,8.5,8.7,9.5,9.2,,9.1,A,4.0,True,4.0,4.0,Pass
4117,2320441,HK232_CO1027_L04,CO1027,2,False,7.6,7.2,7.8,8.1,,7.7,B,3.0,True,2.79,2.86,Pass
4118,2338944,HK232_CO1027_L04,CO1027,2,False,8.1,6.3,9.2,7.6,,8.2,B+,3.5,True,3.33,3.34,Pass
4119,2361500,HK232_CO1027_L04,CO1027,2,False,3.7,3.7,3.6,4.7,,3.8,F,0.0,False,0.6,1.0,Fail
4120,2391625,HK232_CO1027_L04,CO1027,2,False,7.5,6.2,7.2,6.2,,7.0,B,3.0,True,2.68,2.71,Pass
4121,2378652,HK232_CO1027_L04,CO1027,2,False,7.8,7.4,5.6,6.5,,6.5,C+,2.5,True,3.03,3.24,Pass
4122,2353696,HK232_CO1027_L04,CO1027,2,False,8.1,9.4,8.8,6.8,,8.6,A,4.0,True,3.81,3.73,Pass
4123,2301359,HK232_CO1027_L04,CO1027,2,False,6.8,8.1,6.9,7.5,,7.2,B,3.0,True,3.23,3.24,Pass
4124,2336972,HK232_CO1027_L04,CO1027,2,False,6.4,6.2,5.8,5.2,,5.9,C,2.0,True,1.59,1.61,Pass
4125,2321406,HK232_CO1027_L04,CO1027,2,False,6.8,7.1,6.5,6.0,,6.6,C+,2.5,True,2.44,2.7,Pass
4126,2347134,HK232_CO1027_L04,CO1027,2,False,8.2,8.4,8.7,7.2,,8.4,B+,3.5,True,3.5,3.48,Pass
4127,2311865,HK232_CO1027_L04,CO1027,2,False,7.5,6.8,5.6,7.8,,6.4,C+,2.5,True,2.21,2.41,Pass
4128,2324536,HK232_CO1027_L04,CO1027,2,False,6.4,7.4,6.0,7.2,,6.5,C+,2.5,True,2.15,2.39,Pass
4129,2394176,HK232_CO1027_L04,CO1027,2,False,5.7,6.2,7.0,7.3,,6.6,C+,2.5,True,2.09,2.03,Pass
4130,2385214,HK232_CO1027_L04,CO1027,2,False,5.4,7.3,9.2,7.9,,7.9,B,3.0,True,2.97,2.73,Pass
4131,2305882,HK232_CO1027_L04,CO1027,2,False,5.4,6.5,6.0,6.7,,6.0,C,2.0,True,2.26,2.38,Pass
4132,2359721,HK232_CO1027_L04,CO1027,2,False,8.1,6.9,6.5,8.7,,7.1,B,3.0,True,2.68,2.56,Pass
4133,2322564,HK232_CO1027_L04,CO1027,2,False,9.1,9.8,9.0,9.9,,9.3,A,4.0,True,4.0,4.0,Pass
4134,2359184,HK232_CO1027_L04,CO1027,2,False,6.2,6.6,5.8,6.1,,6.1,C,2.0,True,1.74,2.0,Pass
4135,2391046,HK232_CO1027_L04,CO1027,2,False,7.5,6.9,4.6,7.0,,5.9,C,2.0,True,2.41,2.36,Pass
4136,2396148,HK232_CO1027_L04,CO1027,2,False,6.4,6.4,6.2,6.5,,6.3,C,2.0,True,2.15,2.06,Pass
4137,2360728,HK232_CO1027_L04,CO1027,2,False,6.8,7.6,6.9,5.6,,6.9,C+,2.5,True,2.43,2.36,Pass
4138,2310363,HK232_CO1027_L04,CO1027,2,False,3.5,3.3,4.0,3.2,,3.7,F,0.0,False,0.32,1.0,Fail
4139,2306419,HK232_CO1027_L04,CO1027,2,False,7.1,7.1,8.1,7.6,,7.6,B,3.0,True,3.1,3.19,Pass
4140,2326894,HK232_CO1027_L04,CO1027,2,False,6.0,7.1,8.0,6.5,,7.3,B,3.0,True,2.59,2.61,Pass
4141,2317890,HK232_CO1027_L04,CO1027,2,False,9.7,9.5,10.0,9.7,,9.8,A+,4.0,True,3.87,3.83,Pass
4142,2380389,HK232_CO1027_L04,CO1027,2,False,3.5,3.9,3.9,3.1,,3.7,F,0.0,False,0.32,1.0,Fail
4143,2382512,HK232_CO1027_L04,CO1027,2,False,5.3,5.1,5.7,6.0,,5.5,C,2.0,True,1.74,1.76,Pass
4144,2396341,HK232_CO1027_L04,CO1027,2,False,6.7,6.0,6.6,6.8,,6.5,C+,2.5,True,2.47,2.5,Pass
4145,2388923,HK232_CO1027_L04,CO1027,2,False,7.9,6.0,8.9,6.8,,7.9,B,3.0,True,3.12,3.15,Pass
4146,2395720,HK232_CO1027_L04,CO1027,2,False,6.8,6.6,5.8,7.1,,6.3,C,2.0,True,2.62,2.64,Pass
4147,2333649,HK232_CO1027_L04,CO1027,2,False,8.1,8.9,8.2,9.0,,8.4,B+,3.5,True,3.92,3.95,Pass
4148,2386179,HK232_CO1027_L04,CO1027,2,False,8.8,8.2,8.4,9.0,,8.5,A,4.0,True,3.63,3.34,Pass
4149,2340874,HK232_CO1027_L04,CO1027,2,False,6.0,4.8,4.4,5.6,,4.9,D,1.0,True,1.29,1.32,Pass
4150,2342611,HK232_CO1027_L04,CO1027,2,False,5.7,6.5,5.3,5.9,,5.7,C,2.0,True,1.88,1.71,Pass
4151,2302945,HK232_CO1027_L04,CO1027,2,False,6.5,6.1,6.6,6.8,,6.5,C+,2.5,True,2.12,2.23,Pass
4152,2300243,HK232_CO1027_L04,CO1027,2,False,4.5,5.0,4.7,3.6,,4.6,D,1.0,True,1.03,1.06,Pass
4153,2321834,HK232_CO1027_L04,CO1027,2,False,6.6,5.9,7.2,6.1,,6.7,C+,2.5,True,2.32,2.21,Pass
4154,2341260,HK232_CO1027_L04,CO1027,2,False,7.2,8.9,8.6,7.8,,8.3,B+,3.5,True,3.35,3.24,Pass
4155,2351380,HK232_CO1027_L04,CO1027,2,False,6.1,6.1,6.8,6.9,,6.5,C+,2.5,True,2.5,2.64,Pass
4156,2358756,HK232_CO1027_L04,CO1027,2,False,10.0,7.8,10.0,7.4,,9.3,A,4.0,True,4.0,4.0,Pass
4157,2397692,HK232_CO1027_L05,CO1027,2,False,5.8,6.7,6.7,6.2,,6.5,C+,2.5,True,2.44,2.21,Pass
4158,2337165,HK232_CO1027_L05,CO1027,2,False,4.2,4.4,4.7,6.4,,4.7,D,1.0,True,1.21,1.38,Pass
4159,2354275,HK232_CO1027_L05,CO1027,2,False,7.2,7.3,6.7,5.4,,6.8,C+,2.5,True,2.15,2.15,Pass
4160,2352731,HK232_CO1027_L05,CO1027,2,False,7.6,8.7,7.7,6.7,,7.8,B,3.0,True,3.1,3.05,Pass
4161,2311479,HK232_CO1027_L05,CO1027,2,False,6.1,6.5,7.7,6.3,,7.0,B,3.0,True,2.74,2.7,Pass
4162,2323529,HK232_CO1027_L05,CO1027,2,False,7.4,6.9,6.4,7.2,,6.8,C+,2.5,True,2.93,2.9,Pass
4163,2378417,HK232_CO1027_L05,CO1027,2,False,6.3,7.1,6.4,4.8,,6.4,C+,2.5,True,2.15,2.15,Pass
4164,2363430,HK232_CO1027_L05,CO1027,2,False,7.8,7.6,7.3,7.3,,7.5,B,3.0,True,2.71,2.92,Pass
4165,2338709,HK232_CO1027_L05,CO1027,2,False,5.3,5.4,6.2,4.7,,5.7,C,2.0,True,2.24,2.17,Pass
4166,2328782,HK232_CO1027_L05,CO1027,2,False,9.4,8.8,9.8,8.3,,9.4,A,4.0,True,3.64,3.73,Pass
4167,2330561,HK232_CO1027_L05,CO1027,2,False,9.9,8.7,9.9,8.6,,9.5,A+,4.0,True,3.87,3.83,Pass
4168,2348250,HK232_CO1027_L05,CO1027,2,False,4.9,4.6,5.0,4.7,,4.9,D,1.0,True,1.73,1.81,Pass
4169,2369690,HK232_CO1027_L05,CO1027,2,False,6.9,8.7,8.5,7.6,,8.1,B+,3.5,True,3.07,3.02,Pass
4170,2386221,HK232_CO1027_L05,CO1027,2,False,8.0,10.0,9.1,9.6,,9.1,A,4.0,True,3.83,3.91,Pass
4171,2333305,HK232_CO1027_L05,CO1027,2,False,7.3,8.4,6.5,8.0,,7.2,B,3.0,True,3.0,3.05,Pass
4172,2359335,HK232_CO1027_L05,CO1027,2,False,6.3,7.1,6.3,6.4,,6.5,C+,2.5,True,2.62,2.7,Pass
4173,2351187,HK232_CO1027_L05,CO1027,2,False,5.1,4.5,7.2,4.5,,6.0,C,2.0,True,1.82,1.65,Pass
4174,2387186,HK232_CO1027_L05,CO1027,2,False,5.0,5.9,5.8,6.6,,5.7,C,2.0,True,2.12,2.21,Pass
4175,2356826,HK232_CO1027_L05,CO1027,2,False,5.4,7.6,7.0,8.5,,7.0,B,3.0,True,2.62,2.62,Pass
4176,2317311,HK232_CO1027_L05,CO1027,2,False,6.8,6.4,7.5,5.2,,6.9,C+,2.5,True,2.2,2.22,Pass
4177,2394411,HK232_CO1027_L05,CO1027,2,False,6.1,5.6,6.0,6.1,,6.0,C,2.0,True,2.24,2.24,Pass
4178,2385642,HK232_CO1027_L05,CO1027,2,False,9.9,8.9,8.6,9.3,,9.0,A,4.0,True,4.0,3.95,Pass
4179,2348871,HK232_CO1027_L05,CO1027,2,False,6.9,7.3,7.7,6.2,,7.3,B,3.0,True,3.1,3.12,Pass
4180,2338902,HK232_CO1027_L05,CO1027,2,False,5.9,7.6,7.5,6.5,,7.1,B,3.0,True,2.85,2.64,Pass
4181,2379768,HK232_CO1027_L05,CO1027,2,False,7.6,8.9,7.5,7.5,,7.8,B,3.0,True,3.33,3.22,Pass
4182,2367525,HK232_CO1027_L05,CO1027,2,False,8.6,8.5,7.8,7.6,,8.1,B+,3.5,True,3.17,3.03,Pass
4183,2359763,HK232_CO1027_L05,CO1027,2,False,6.2,5.6,7.2,7.6,,6.7,C+,2.5,True,2.47,2.5,Pass
4184,2342460,HK232_CO1027_L05,CO1027,2,False,6.4,7.3,5.9,5.9,,6.3,C,2.0,True,2.44,2.38,Pass
4185,2349408,HK232_CO1027_L05,CO1027,2,False,6.5,7.2,6.9,4.5,,6.6,C+,2.5,True,2.65,2.5,Pass
4186,2394562,HK232_CO1027_L05,CO1027,2,False,6.7,7.5,7.4,7.1,,7.2,B,3.0,True,2.83,2.9,Pass
4187,2309356,HK232_CO1027_L05,CO1027,2,False,5.9,6.4,5.6,6.3,,5.9,C,2.0,True,3.0,2.85,Pass
4188,2399622,HK232_CO1027_L05,CO1027,2,False,8.1,8.1,8.3,6.8,,8.1,B+,3.5,True,3.43,3.22,Pass
4189,2398271,HK232_CO1027_L05,CO1027,2,False,6.1,5.8,5.3,5.4,,5.6,C,2.0,True,1.76,1.68,Pass
4190,2316002,HK232_CO1027_L05,CO1027,2,False,6.2,6.6,8.4,5.5,,7.3,B,3.0,True,1.9,1.71,Pass
4191,2375866,HK232_CO1027_L05,CO1027,2,False,10.0,8.6,8.2,9.1,,8.7,A,4.0,True,3.97,3.98,Pass
4192,2373978,HK232_CO1027_L05,CO1027,2,False,5.2,6.2,6.9,5.4,,6.3,C,2.0,True,2.12,2.11,Pass
4193,2358949,HK232_CO1027_L05,CO1027,2,False,5.9,6.4,6.9,6.3,,6.5,C+,2.5,True,2.53,2.33,Pass
4194,2312830,HK232_CO1027_L05,CO1027,2,False,7.4,7.6,7.3,6.5,,7.3,B,3.0,True,3.24,3.24,Pass
4195,2393597,HK232_CO1027_L05,CO1027,2,False,9.0,7.5,6.3,7.8,,7.2,B,3.0,True,3.13,3.03,Pass
4196,2363858,HK232_CO1027_L05,CO1027,2,False,5.8,6.7,7.7,5.7,,6.9,C+,2.5,True,2.62,2.62,Pass
4197,2335621,HK232_CO1027_L05,CO1027,2,False,6.5,4.7,4.7,5.2,,5.1,D+,1.5,True,1.5,1.53,Pass
4198,2380926,HK232_CO1027_L05,CO1027,2,False,6.3,6.4,5.4,5.4,,5.8,C,2.0,True,1.47,1.58,Pass
4199,2364009,HK232_CO1027_L05,CO1027,2,False,7.2,7.6,7.8,7.3,,7.6,B,3.0,True,3.47,3.26,Pass
4200,2340488,HK232_CO1027_L05,CO1027,2,False,8.9,9.5,10.0,9.4,,9.6,A+,4.0,True,4.0,4.0,Pass
4201,2311328,HK232_CO1027_L05,CO1027,2,False,7.2,6.4,6.8,7.2,,6.8,C+,2.5,True,2.71,2.62,Pass
4202,2373743,HK232_CO1027_L05,CO1027,2,False,9.1,6.6,6.6,6.9,,7.1,B,3.0,True,3.2,3.17,Pass
4203,2383091,HK232_CO1027_L05,CO1027,2,False,6.4,6.0,6.0,6.9,,6.2,C,2.0,True,2.68,2.58,Pass
4204,2348057,HK232_CO1027_L05,CO1027,2,False,5.7,7.9,7.9,8.6,,7.5,B,3.0,True,3.47,3.5,Pass
4205,2350222,HK232_CO1027_L05,CO1027,2,False,6.6,6.2,7.0,6.9,,6.8,C+,2.5,True,2.32,2.14,Pass
4206,2345355,HK232_CO1027_L05,CO1027,2,False,6.5,7.8,8.6,8.6,,8.0,B+,3.5,True,3.33,3.36,Pass
4207,2347327,HK232_CO1027_L05,CO1027,2,False,6.9,5.9,6.3,7.3,,6.4,C+,2.5,True,2.68,2.48,Pass
4208,2349794,HK232_CO1027_L05,CO1027,2,False,7.0,6.8,7.5,4.7,,7.0,B,3.0,True,2.53,2.52,Pass
4209,2370999,HK232_CO1027_L05,CO1027,2,False,7.0,5.5,6.6,5.9,,6.4,C+,2.5,True,2.56,2.62,Pass
4210,2387379,HK232_CO1027_L05,CO1027,2,False,5.7,5.4,8.2,5.6,,6.9,C+,2.5,True,2.5,2.56,Pass
4211,2379382,HK232_CO1027_L05,CO1027,2,False,5.5,6.2,6.8,7.3,,6.5,C+,2.5,True,2.76,2.62,Pass
4212,2376680,HK232_CO1027_L05,CO1027,2,False,6.7,5.6,6.5,7.4,,6.5,C+,2.5,True,2.29,2.29,Pass
4213,2357019,HK232_CO1027_L05,CO1027,2,False,8.5,6.4,8.3,9.1,,8.0,B+,3.5,True,3.44,3.29,Pass
4214,2305496,HK232_CO1027_L05,CO1027,2,False,6.3,6.4,5.2,5.7,,5.7,C,2.0,True,2.29,2.32,Pass
4215,2389158,HK232_CO1027_L05,CO1027,2,False,6.2,5.4,5.7,6.9,,5.9,C,2.0,True,2.12,2.29,Pass
4216,2370848,HK232_CO1027_L05,CO1027,2,False,3.9,4.8,3.1,5.0,,3.8,F,0.0,False,0.82,1.32,Fail
4217,2367718,HK232_CO1027_L05,CO1027,2,False,7.3,6.5,6.6,7.4,,6.8,C+,2.5,True,2.82,2.64,Pass
4218,2332105,HK232_CO1027_L05,CO1027,2,False,10.0,10.0,10.0,9.7,,10.0,A+,4.0,True,3.97,3.98,Pass
4219,2306998,HK232_CO1027_L05,CO1027,2,False,6.7,7.2,6.0,5.3,,6.3,C,2.0,True,2.76,2.56,Pass
4220,2315616,HK232_CO1027_L05,CO1027,2,False,7.2,7.5,8.9,6.2,,8.0,B+,3.5,True,3.26,3.21,Pass
4221,2300587,HK232_CO1027_L05,CO1027,2,False,5.8,6.8,6.0,6.8,,6.2,C,2.0,True,2.38,2.53,Pass
4222,2327431,HK232_CO1027_L05,CO1027,2,False,9.1,8.8,9.4,8.0,,9.1,A,4.0,True,3.73,3.62,Pass
4223,2355475,HK232_CO1027_L05,CO1027,2,False,5.9,7.8,6.0,4.4,,6.2,C,2.0,True,1.74,1.7,Pass
4224,2394369,HK232_CO1027_L05,CO1027,2,False,5.0,5.3,5.9,5.7,,5.6,C,2.0,True,1.88,1.55,Pass
4225,2399857,HK232_CO1027_L05,CO1027,2,False,6.9,7.2,6.3,6.6,,6.6,C+,2.5,True,2.59,2.59,Pass
4226,2312444,HK232_CO1027_L05,CO1027,2,False,4.9,4.7,3.4,4.2,,4.0,D,1.0,True,0.62,1.21,Pass
4227,2330947,HK232_CO1027_L05,CO1027,2,False,6.8,7.1,9.5,7.1,,8.2,B+,3.5,True,3.18,3.18,Pass
4228,2316732,HK232_CO1027_L05,CO1027,2,False,4.8,5.4,6.1,5.1,,5.6,C,2.0,True,2.06,2.09,Pass
4229,2338558,HK232_CO1027_L05,CO1027,2,False,7.5,7.6,9.1,7.4,,8.3,B+,3.5,True,3.1,3.19,Pass
4230,2375136,HK232_CO1027_L05,CO1027,2,False,6.0,5.9,7.3,7.6,,6.8,C+,2.5,True,2.18,2.21,Pass
4231,2354317,HK232_CO1027_L05,CO1027,2,False,4.9,5.9,6.3,5.0,,5.8,C,2.0,True,1.97,2.15,Pass
4232,2308970,HK232_CO1027_L05,CO1027,2,False,7.1,8.1,5.6,7.2,,6.6,C+,2.5,True,2.76,2.88,Pass
4233,2364974,HK232_CO1027_L05,CO1027,2,False,6.6,6.4,6.4,4.4,,6.2,C,2.0,True,1.53,1.69,Pass
4234,2378224,HK232_CO1027_L05,CO1027,2,False,7.1,7.0,7.4,6.3,,7.2,B,3.0,True,2.6,2.53,Pass
4235,2374171,HK232_CO1027_L05,CO1027,2,False,7.1,7.9,6.8,8.5,,7.2,B,3.0,True,3.0,3.21,Pass
4236,2388730,HK232_CO1027_L05,CO1027,2,False,6.0,7.7,6.6,5.7,,6.6,C+,2.5,True,2.21,2.18,Pass
4237,2323336,HK232_CO1027_L05,CO1027,2,False,6.0,7.0,5.4,6.0,,5.9,C,2.0,True,2.38,2.44,Pass
4238,2328438,HK232_CO1027_L05,CO1027,2,False,8.8,9.4,9.8,7.8,,9.3,A,4.0,True,3.93,3.9,Pass
4239,2366560,HK232_CO1027_L05,CO1027,2,False,6.9,7.8,7.4,9.3,,7.6,B,3.0,True,3.33,3.29,Pass
4240,2391281,HK232_CO1027_L05,CO1027,2,False,6.9,5.2,6.1,6.3,,6.1,C,2.0,True,2.0,2.0,Pass
4241,2321448,HK232_CO1027_L05,CO1027,2,False,6.4,6.2,6.7,7.0,,6.6,C+,2.5,True,2.15,2.24,Pass
4242,2353503,HK232_CO1027_L05,CO1027,2,False,7.2,8.2,7.6,6.6,,7.5,B,3.0,True,2.93,2.9,Pass
4243,2317739,HK232_CO1027_L05,CO1027,2,False,8.7,6.0,8.1,7.7,,7.8,B,3.0,True,3.13,3.16,Pass
4244,2352152,HK232_CO1027_L05,CO1027,2,False,5.7,6.9,7.7,9.6,,7.3,B,3.0,True,3.03,3.02,Pass
4245,2382705,HK232_CO1027_L05,CO1027,2,False,8.4,7.4,8.7,7.9,,8.3,B+,3.5,True,3.5,3.53,Pass
4246,2307233,HK232_CO1027_L05,CO1027,2,False,6.4,6.6,6.5,6.6,,6.5,C+,2.5,True,2.09,2.24,Pass
4247,2344390,HK232_CO1027_L05,CO1027,2,False,4.8,6.1,8.0,7.7,,7.0,B,3.0,True,2.79,2.83,Pass
4248,2364588,HK232_CO1027_L05,CO1027,2,False,8.5,10.0,9.4,8.8,,9.3,A,4.0,True,3.92,3.95,Pass
4249,2306033,HK232_CO1027_L05,CO1027,2,False,3.0,4.1,3.8,3.6,,3.7,F,0.0,False,0.0,1.5,Fail
4250,2360342,HK232_CO1027_L05,CO1027,2,False,5.9,5.2,4.9,4.7,,5.1,D+,1.5,True,1.35,1.33,Pass
4251,2362658,HK232_CO1027_L05,CO1027,2,False,6.6,7.9,8.1,9.5,,7.9,B,3.0,True,2.9,3.02,Pass
4252,2371620,HK232_CO1027_L05,CO1027,2,False,5.9,5.6,6.7,5.5,,6.2,C,2.0,True,2.23,2.31,Pass
4253,2322992,HK232_CO1027_L05,CO1027,2,False,5.7,5.9,6.2,5.6,,6.0,C,2.0,True,1.91,1.74,Pass
4254,2352580,HK232_CO1027_L05,CO1027,2,False,6.2,5.2,6.7,6.9,,6.3,C,2.0,True,2.0,2.08,Pass
4255,2339137,HK232_CO1027_L05,CO1027,2,False,6.6,7.1,5.6,6.5,,6.2,C,2.0,True,2.53,2.56,Pass
4256,2337551,HK232_CO1027_L05,CO1027,2,False,9.9,9.3,8.5,8.7,,9.0,A,4.0,True,3.7,3.79,Pass
4257,2333112,HK232_CO1027_L05,CO1027,2,False,8.2,7.0,7.0,8.3,,7.4,B,3.0,True,3.29,3.14,Pass
4258,2377838,HK232_CO1027_L05,CO1027,2,False,6.4,6.3,6.0,6.1,,6.2,C,2.0,True,2.56,2.48,Pass
4259,2342653,HK232_CO1027_L05,CO1027,2,False,6.0,4.0,6.9,5.6,,6.0,C,2.0,True,2.47,2.39,Pass
4260,2363044,HK232_CO1027_L05,CO1027,2,False,5.7,6.4,7.9,6.6,,7.0,B,3.0,True,2.59,2.61,Pass
4261,2370462,HK232_CO1027_L05,CO1027,2,False,5.4,6.1,4.6,4.5,,5.0,D+,1.5,True,1.68,1.5,Pass
4262,2334849,HK232_CO1027_L05,CO1027,2,False,8.4,9.0,9.7,10.0,,9.3,A,4.0,True,3.47,3.66,Pass
4263,2373936,HK232_CO1027_L05,CO1027,2,False,5.8,4.5,5.1,5.6,,5.2,D+,1.5,True,1.44,1.5,Pass
4264,2300629,HK232_CO1027_L05,CO1027,2,False,5.8,4.7,6.4,5.6,,5.9,C,2.0,True,2.09,1.97,Pass
4265,2396534,HK232_CO1027_L05,CO1027,2,False,5.9,5.4,7.2,6.3,,6.5,C+,2.5,True,2.41,2.47,Pass
4266,2301015,HK232_CO1027_L05,CO1027,2,False,4.7,5.3,5.3,5.8,,5.2,D+,1.5,True,1.29,1.33,Pass
4267,2369841,HK232_CO1027_L05,CO1027,2,False,6.7,5.4,5.6,5.7,,5.8,C,2.0,True,1.97,1.86,Pass
4268,2367911,HK232_CO1027_L05,CO1027,2,False,6.3,7.7,7.2,8.2,,7.2,B,3.0,True,3.23,3.17,Pass
4269,2348636,HK232_CO1027_L05,CO1027,2,False,5.6,6.2,5.5,5.5,,5.7,C,2.0,True,1.94,1.97,Pass
4270,2368725,HK232_CO1027_L05,CO1027,2,False,8.4,7.9,8.4,9.4,,8.4,B+,3.5,True,3.47,3.17,Pass
4271,2301938,HK232_CO1027_L06,CO1027,2,False,9.3,6.9,7.3,7.8,,7.7,B,3.0,True,3.32,3.44,Pass
4272,2318276,HK232_CO1027_L06,CO1027,2,False,5.0,10.0,6.1,5.9,,6.6,C+,2.5,True,2.6,2.55,Pass
4273,2371041,HK232_CO1027_L06,CO1027,2,False,7.8,8.3,8.3,8.2,,8.2,B+,3.5,True,3.29,3.24,Pass
4274,2327238,HK232_CO1027_L06,CO1027,2,False,6.5,5.8,7.0,5.7,,6.5,C+,2.5,True,2.23,2.24,Pass
4275,2364781,HK232_CO1027_L06,CO1027,2,False,8.7,7.9,8.1,8.1,,8.2,B+,3.5,True,3.43,3.55,Pass
4276,2341839,HK232_CO1027_L06,CO1027,2,False,6.8,6.9,5.4,6.1,,6.1,C,2.0,True,2.35,2.41,Pass
4277,2368683,HK232_CO1027_L06,CO1027,2,False,9.4,7.8,7.0,7.1,,7.7,B,3.0,True,2.97,3.09,Pass
4278,2331719,HK232_CO1027_L06,CO1027,2,False,6.4,7.3,7.5,5.3,,7.0,B,3.0,True,2.5,2.55,Pass
4279,2334270,HK232_CO1027_L06,CO1027,2,False,6.6,5.7,6.1,6.6,,6.2,C,2.0,True,2.35,2.45,Pass
4280,2334656,HK232_CO1027_L06,CO1027,2,False,8.3,6.1,7.7,8.2,,7.6,B,3.0,True,3.1,3.19,Pass
4281,2356633,HK232_CO1027_L06,CO1027,2,False,6.9,6.1,7.1,7.1,,6.9,C+,2.5,True,2.43,2.59,Pass
4282,2355282,HK232_CO1027_L06,CO1027,2,False,8.3,7.2,7.7,7.6,,7.7,B,3.0,True,2.87,3.0,Pass
4283,2391088,HK232_CO1027_L06,CO1027,2,False,8.0,7.4,8.8,8.4,,8.3,B+,3.5,True,3.37,3.57,Pass
4284,2373164,HK232_CO1027_L06,CO1027,2,False,6.1,6.5,5.3,6.4,,5.8,C,2.0,True,2.23,2.24,Pass
4285,2318897,HK232_CO1027_L06,CO1027,2,False,7.0,3.9,5.6,7.4,,5.7,C,2.0,True,2.71,2.56,Pass
4286,2354896,HK232_CO1027_L06,CO1027,2,False,5.5,5.9,5.9,5.7,,5.8,C,2.0,True,2.32,2.27,Pass
4287,2358798,HK232_CO1027_L06,CO1027,2,False,7.5,6.9,6.4,6.0,,6.7,C+,2.5,True,2.03,1.98,Pass
4288,2337014,HK232_CO1027_L06,CO1027,2,False,5.6,8.0,9.2,7.5,,8.1,B+,3.5,True,3.33,3.34,Pass
4289,2332491,HK232_CO1027_L06,CO1027,2,False,10.0,10.0,8.3,8.7,,9.0,A,4.0,True,3.97,3.98,Pass
4290,2333842,HK232_CO1027_L06,CO1027,2,False,8.5,8.2,10.0,7.5,,9.1,A,4.0,True,3.33,3.24,Pass
4291,2375522,HK232_CO1027_L06,CO1027,2,False,5.0,5.8,4.8,3.3,,4.9,D,1.0,True,1.41,1.36,Pass
4292,2333691,HK232_CO1027_L06,CO1027,2,False,6.1,7.7,7.1,6.5,,7.0,B,3.0,True,2.74,2.56,Pass
4293,2317546,HK232_CO1027_L06,CO1027,2,False,5.8,7.4,8.7,8.0,,7.8,B,3.0,True,3.07,3.28,Pass
4294,2323143,HK232_CO1027_L06,CO1027,2,False,7.2,6.5,7.2,6.6,,7.0,B,3.0,True,2.53,2.52,Pass
4295,2326701,HK232_CO1027_L06,CO1027,2,False,6.5,6.9,6.9,8.0,,6.9,C+,2.5,True,3.17,3.16,Pass
4296,2347906,HK232_CO1027_L06,CO1027,2,False,6.3,8.4,6.9,7.6,,7.2,B,3.0,True,3.0,3.18,Pass
4297,2319283,HK232_CO1027_L06,CO1027,2,False,7.1,7.5,7.2,7.3,,7.2,B,3.0,True,2.82,2.91,Pass
4298,2310749,HK232_CO1027_L06,CO1027,2,False,4.6,3.9,4.8,4.7,,4.6,D,1.0,True,1.4,1.59,Pass
4299,2349601,HK232_CO1027_L06,CO1027,2,False,7.4,7.9,8.2,7.7,,7.9,B,3.0,True,3.0,3.05,Pass
4300,2353931,HK232_CO1027_L06,CO1027,2,False,4.8,3.9,5.2,5.0,,4.8,D,1.0,True,1.53,1.71,Pass
4301,2341067,HK232_CO1027_L06,CO1027,2,False,8.7,8.0,6.8,7.9,,7.5,B,3.0,True,3.13,3.02,Pass
4302,2344348,HK232_CO1027_L06,CO1027,2,False,5.5,5.0,5.6,6.2,,5.5,C,2.0,True,1.85,1.79,Pass
4303,2395569,HK232_CO1027_L06,CO1027,2,False,7.0,6.7,6.7,7.8,,6.9,C+,2.5,True,2.62,2.53,Pass
4304,2375908,HK232_CO1027_L06,CO1027,2,False,5.5,4.5,6.0,4.6,,5.5,C,2.0,True,1.71,1.76,Pass
4305,2308005,HK232_CO1027_L06,CO1027,2,False,4.5,4.2,5.3,4.8,,4.9,D,1.0,True,0.68,1.12,Pass
4306,2321020,HK232_CO1027_L06,CO1027,2,False,5.4,5.8,5.7,6.0,,5.7,C,2.0,True,2.24,2.12,Pass
4307,2322606,HK232_CO1027_L06,CO1027,2,False,5.7,6.5,7.1,6.3,,6.6,C+,2.5,True,2.5,2.38,Pass
4308,2391432,HK232_CO1027_L06,CO1027,2,False,7.8,6.6,7.5,7.2,,7.4,B,3.0,True,2.71,2.53,Pass
4309,2358370,HK232_CO1027_L06,CO1027,2,False,8.3,7.6,7.3,9.2,,7.8,B,3.0,True,3.8,3.66,Pass
4310,2310128,HK232_CO1027_L06,CO1027,2,False,5.1,6.2,4.2,5.7,,4.9,D,1.0,True,1.44,1.52,Pass
4311,2364395,HK232_CO1027_L06,CO1027,2,False,8.4,10.0,8.4,8.3,,8.7,A,4.0,True,3.93,3.91,Pass
4312,2315809,HK232_CO1027_L06,CO1027,2,False,6.3,5.5,5.1,7.3,,5.6,C,2.0,True,2.0,1.95,Pass
4313,2355047,HK232_CO1027_L06,CO1027,2,False,6.6,7.4,5.5,6.5,,6.2,C,2.0,True,2.24,2.14,Pass
4314,2376294,HK232_CO1027_L06,CO1027,2,False,5.6,6.8,7.0,6.6,,6.6,C+,2.5,True,2.47,2.36,Pass
4315,2363237,HK232_CO1027_L06,CO1027,2,False,4.4,5.6,6.0,5.8,,5.6,C,2.0,True,1.76,1.56,Pass
4316,2386993,HK232_CO1027_L06,CO1027,2,False,6.4,6.6,6.3,6.4,,6.4,C+,2.5,True,1.97,2.03,Pass
4317,2382898,HK232_CO1027_L06,CO1027,2,False,7.0,6.2,6.7,6.1,,6.6,C+,2.5,True,2.24,2.24,Pass
4318,2327624,HK232_CO1027_L06,CO1027,2,False,8.7,8.8,9.1,9.2,,9.0,A,4.0,True,4.0,4.0,Pass
4319,2399429,HK232_CO1027_L06,CO1027,2,False,6.4,6.6,7.2,6.6,,6.9,C+,2.5,True,2.32,2.2,Pass
4320,2343618,HK232_CO1027_L06,CO1027,2,False,8.8,7.9,6.9,6.2,,7.4,B,3.0,True,3.03,3.08,Pass
4321,2301787,HK232_CO1027_L06,CO1027,2,False,6.3,5.8,5.8,7.3,,6.0,C,2.0,True,1.97,2.02,Pass
4322,2384484,HK232_CO1027_L06,CO1027,2,False,5.9,6.5,6.5,6.3,,6.4,C+,2.5,True,2.5,2.44,Pass
4323,2379810,HK232_CO1027_L06,CO1027,2,False,6.2,7.3,7.0,7.4,,6.9,C+,2.5,True,2.5,2.72,Pass
4324,2358177,HK232_CO1027_L06,CO1027,2,False,4.7,7.1,6.1,6.5,,6.1,C,2.0,True,2.4,2.26,Pass
4325,2303910,HK232_CO1027_L06,CO1027,2,False,2.7,6.0,4.5,4.4,,4.4,D,1.0,True,1.44,1.67,Pass
4326,2342267,HK232_CO1027_L06,CO1027,2,False,9.4,9.2,8.5,9.8,,8.9,A,4.0,True,4.0,4.0,Pass
4327,2349987,HK232_CO1027_L06,CO1027,2,False,7.0,6.6,6.6,6.8,,6.7,C+,2.5,True,2.35,2.15,Pass
4328,2380582,HK232_CO1027_L06,CO1027,2,False,6.9,7.0,6.7,5.5,,6.7,C+,2.5,True,2.76,2.5,Pass
4329,2300008,HK232_CO1027_L06,CO1027,2,False,5.5,6.9,6.1,6.3,,6.2,C,2.0,True,2.24,2.27,Pass
4330,2330175,HK232_CO1027_L06,CO1027,2,False,7.5,7.4,4.9,7.1,,6.1,C,2.0,True,2.12,2.26,Pass
4331,2386372,HK232_CO1027_L06,CO1027,2,False,7.1,8.0,6.2,9.1,,7.0,B,3.0,True,2.83,2.91,Pass
4332,2370034,HK232_CO1027_L06,CO1027,2,False,5.8,6.5,6.5,5.5,,6.3,C,2.0,True,1.79,1.79,Pass
4333,2379231,HK232_CO1027_L06,CO1027,2,False,9.4,9.6,8.8,9.0,,9.1,A,4.0,True,3.89,3.83,Pass
4334,2382126,HK232_CO1027_L06,CO1027,2,False,7.3,7.0,7.7,5.7,,7.3,B,3.0,True,2.76,2.65,Pass
4335,2396685,HK232_CO1027_L06,CO1027,2,False,5.2,5.2,5.7,6.0,,5.5,C,2.0,True,1.65,1.75,Pass
4336,2326315,HK232_CO1027_L06,CO1027,2,False,6.9,6.6,6.5,8.5,,6.8,C+,2.5,True,2.47,2.72,Pass
4337,2310170,HK232_CO1027_L06,CO1027,2,False,6.4,6.3,7.0,5.9,,6.6,C+,2.5,True,2.53,2.62,Pass
4338,2316967,HK232_CO1027_L06,CO1027,2,False,7.0,7.9,8.3,6.9,,7.8,B,3.0,True,3.0,3.14,Pass
4339,2360535,HK232_CO1027_L06,CO1027,2,False,9.3,8.9,8.2,10.0,,8.7,A,4.0,True,3.87,3.88,Pass
4340,2334463,HK232_CO1027_L06,CO1027,2,False,6.7,5.5,7.3,7.1,,6.8,C+,2.5,True,2.5,2.56,Pass
4341,2343425,HK232_CO1027_L06,CO1027,2,False,4.9,6.2,6.3,6.7,,6.0,C,2.0,True,2.26,2.14,Pass
4342,2374708,HK232_CO1027_L06,CO1027,2,False,8.1,6.9,6.3,7.6,,6.9,C+,2.5,True,3.03,3.03,Pass
4343,2385021,HK232_CO1027_L06,CO1027,2,False,5.7,5.2,4.4,5.4,,4.9,D,1.0,True,1.18,1.33,Pass
4344,2384635,HK232_CO1027_L06,CO1027,2,False,8.2,8.2,6.5,6.9,,7.2,B,3.0,True,3.06,2.98,Pass
4345,2393018,HK232_CO1027_L06,CO1027,2,False,7.3,6.2,7.2,4.5,,6.8,C+,2.5,True,2.12,2.05,Pass
4346,2389116,HK232_CO1027_L06,CO1027,2,False,7.7,5.9,7.0,6.7,,6.9,C+,2.5,True,2.93,3.03,Pass
4347,2334035,HK232_CO1027_L06,CO1027,2,False,7.8,8.6,7.9,8.6,,8.1,B+,3.5,True,2.97,3.05,Pass
4348,2390702,HK232_CO1027_L06,CO1027,2,False,4.9,6.2,6.1,5.2,,5.8,C,2.0,True,1.71,1.59,Pass
4349,2315767,HK232_CO1027_L06,CO1027,2,False,5.5,4.7,5.7,6.3,,5.5,C,2.0,True,1.74,1.77,Pass
4350,2366367,HK232_CO1027_L06,CO1027,2,False,4.9,6.1,5.8,7.2,,5.8,C,2.0,True,1.88,1.74,Pass
4351,2358605,HK232_CO1027_L06,CO1027,2,False,6.4,7.3,5.8,7.1,,6.3,C,2.0,True,2.44,2.35,Pass
4352,2379617,HK232_CO1027_L06,CO1027,2,False,8.9,8.3,8.7,7.8,,8.6,A,4.0,True,3.2,3.17,Pass
4353,2396920,HK232_CO1027_L06,CO1027,2,False,8.8,7.2,7.4,8.5,,7.8,B,3.0,True,3.23,3.34,Pass
4354,2358991,HK232_CO1027_L06,CO1027,2,False,7.2,6.8,6.7,6.0,,6.8,C+,2.5,True,2.6,2.43,Pass
4355,2336628,HK232_CO1027_L06,CO1027,2,False,4.6,6.5,6.8,4.2,,6.0,C,2.0,True,1.97,1.95,Pass
4356,2393983,HK232_CO1027_L06,CO1027,2,False,9.3,8.3,7.9,8.1,,8.3,B+,3.5,True,3.41,3.36,Pass
4357,2328589,HK232_CO1027_L06,CO1027,2,False,6.9,6.9,6.1,6.6,,6.5,C+,2.5,True,2.59,2.41,Pass
4358,2368297,HK232_CO1027_L06,CO1027,2,False,6.4,6.9,6.0,5.5,,6.2,C,2.0,True,2.71,2.59,Pass
4359,2306226,HK232_CO1027_L06,CO1027,2,False,5.9,7.0,7.1,8.0,,6.9,C+,2.5,True,2.37,2.36,Pass
4360,2353117,HK232_CO1027_L06,CO1027,2,False,6.4,5.9,4.3,5.8,,5.2,D+,1.5,True,2.4,2.22,Pass
4361,2390081,HK232_CO1027_L06,CO1027,2,False,7.1,6.6,6.8,7.3,,6.9,C+,2.5,True,2.59,2.59,Pass
4362,2315423,HK232_CO1027_L06,CO1027,2,False,5.7,6.0,3.5,5.1,,4.6,D,1.0,True,1.82,1.67,Pass
4363,2329982,HK232_CO1027_L06,CO1027,2,False,8.2,8.0,7.5,7.8,,7.8,B,3.0,True,3.37,3.31,Pass
4364,2300394,HK232_CO1027_L06,CO1027,2,False,6.6,7.3,6.4,6.4,,6.6,C+,2.5,True,2.5,2.42,Pass
4365,2390274,HK232_CO1027_L06,CO1027,2,False,6.4,8.0,6.9,7.1,,7.0,B,3.0,True,2.56,2.64,Pass
4366,2342032,HK232_CO1027_L06,CO1027,2,False,5.5,6.6,6.0,7.0,,6.1,C,2.0,True,2.53,2.61,Pass
4367,2380347,HK232_CO1027_L06,CO1027,2,False,7.8,7.6,7.0,8.0,,7.4,B,3.0,True,3.27,3.14,Pass
4368,2354510,HK232_CO1027_L06,CO1027,2,False,9.4,9.1,9.1,9.7,,9.2,A,4.0,True,4.0,4.0,Pass
4369,2358026,HK232_CO1027_L06,CO1027,2,False,5.9,6.0,5.3,5.3,,5.6,C,2.0,True,2.03,2.06,Pass
4370,2399236,HK232_CO1027_L06,CO1027,2,False,8.4,7.5,8.9,9.1,,8.5,A,4.0,True,3.93,3.97,Pass
4371,2383477,HK232_CO1027_L06,CO1027,2,False,6.1,6.8,6.1,5.6,,6.2,C,2.0,True,2.09,2.15,Pass
4372,2359956,HK232_CO1027_L06,CO1027,2,False,8.5,6.4,8.7,7.7,,8.1,B+,3.5,True,3.41,3.32,Pass
4373,2350801,HK232_CO1027_L06,CO1027,2,False,8.6,8.9,7.2,7.5,,7.8,B,3.0,True,3.15,3.2,Pass
4374,2339523,HK232_CO1027_L06,CO1027,2,False,7.2,7.1,7.9,7.6,,7.6,B,3.0,True,2.68,2.61,Pass
4375,2338365,HK232_CO1027_L06,CO1027,2,False,6.8,6.9,7.6,6.0,,7.1,B,3.0,True,2.7,2.62,Pass
4376,2326080,HK232_CO1027_L06,CO1027,2,False,5.9,5.8,6.2,6.0,,6.0,C,2.0,True,2.21,2.24,Pass
4377,2337400,HK232_CO1027_L06,CO1027,2,False,8.4,6.1,7.3,7.0,,7.2,B,3.0,True,3.15,3.12,Pass
4378,2347285,HK232_CO1027_L06,CO1027,2,False,8.8,8.2,8.3,7.7,,8.3,B+,3.5,True,3.37,3.29,Pass
4379,2333070,HK232_CO1027_L06,CO1027,2,False,5.2,5.8,6.6,5.9,,6.1,C,2.0,True,2.5,2.5,Pass
4380,2314995,HK232_CO1027_L06,CO1027,2,False,8.0,9.5,7.8,7.3,,8.1,B+,3.5,True,3.58,3.61,Pass
4381,2301594,HK232_CO1027_L06,CO1027,2,False,5.6,7.0,4.8,5.3,,5.4,D+,1.5,True,1.21,1.41,Pass
4382,2391239,HK232_CO1027_L06,CO1027,2,False,5.1,4.3,5.8,5.4,,5.3,D+,1.5,True,1.71,2.0,Pass
4383,2337979,HK232_CO1027_L06,CO1027,2,False,8.8,7.9,6.8,7.7,,7.5,B,3.0,True,3.23,3.1,Pass
4384,2340295,HK232_CO1027_L06,CO1027,2,False,8.7,9.5,9.4,10.0,,9.3,A,4.0,True,3.97,3.91,Pass
4385,2312251,HK232_CO1027_L07,CO1027,2,False,7.8,6.3,6.7,7.8,,6.9,C+,2.5,True,3.0,3.05,Pass
4386,2300780,HK232_CO1027_L07,CO1027,2,False,7.6,8.1,7.6,7.0,,7.6,B,3.0,True,3.5,3.26,Pass
4387,2368339,HK232_CO1027_L07,CO1027,2,False,4.4,4.2,4.3,2.7,,4.1,D,1.0,True,0.7,1.0,Pass
4388,2363623,HK232_CO1027_L07,CO1027,2,False,7.7,7.6,7.1,6.3,,7.2,B,3.0,True,2.29,2.18,Pass
4389,2356247,HK232_CO1027_L07,CO1027,2,False,8.1,9.1,8.5,9.1,,8.6,A,4.0,True,3.67,3.69,Pass
4390,2331954,HK232_CO1027_L07,CO1027,2,False,8.6,8.9,8.2,9.0,,8.5,A,4.0,True,4.0,4.0,Pass
4391,2309549,HK232_CO1027_L07,CO1027,2,False,10.0,10.0,10.0,10.0,,10.0,A+,4.0,True,4.0,4.0,Pass
4392,2307770,HK232_CO1027_L07,CO1027,2,False,6.9,7.7,8.1,7.0,,7.7,B,3.0,True,3.4,3.33,Pass
4393,2335428,HK232_CO1027_L07,CO1027,2,False,7.7,8.6,7.9,7.3,,7.9,B,3.0,True,3.6,3.52,Pass
4394,2346513,HK232_CO1027_L07,CO1027,2,False,6.4,5.7,6.1,5.0,,6.0,C,2.0,True,1.85,1.77,Pass
4395,2316774,HK232_CO1027_L07,CO1027,2,False,7.0,6.5,6.6,6.2,,6.6,C+,2.5,True,2.43,2.41,Pass
4396,2344155,HK232_CO1027_L07,CO1027,2,False,6.4,5.9,6.1,7.3,,6.2,C,2.0,True,2.21,2.3,Pass
4397,2310514,HK232_CO1027_L07,CO1027,2,False,6.2,4.7,6.9,5.0,,6.1,C,2.0,True,2.53,2.18,Pass
4398,2371427,HK232_CO1027_L07,CO1027,2,False,6.6,7.8,9.5,7.9,,8.4,B+,3.5,True,3.27,3.36,Pass
4399,2317353,HK232_CO1027_L07,CO1027,2,False,6.0,7.2,5.2,7.8,,6.0,C,2.0,True,2.63,2.66,Pass
4400,2393790,HK232_CO1027_L07,CO1027,2,False,7.9,7.7,8.2,8.6,,8.1,B+,3.5,True,3.5,3.33,Pass
4401,2350608,HK232_CO1027_L07,CO1027,2,False,6.1,6.5,5.6,5.3,,5.8,C,2.0,True,2.29,2.41,Pass
4402,2325929,HK232_CO1027_L07,CO1027,2,False,5.7,6.0,5.2,5.0,,5.4,D+,1.5,True,1.47,1.44,Pass
4403,2394755,HK232_CO1027_L07,CO1027,2,False,6.9,6.1,8.1,7.7,,7.4,B,3.0,True,2.47,2.29,Pass
4404,2381505,HK232_CO1027_L07,CO1027,2,False,6.0,4.2,5.1,6.1,,5.2,D+,1.5,True,1.91,1.82,Pass
4405,2338323,HK232_CO1027_L07,CO1027,2,False,6.9,6.1,7.7,6.2,,7.1,B,3.0,True,2.32,2.39,Pass
4406,2314416,HK232_CO1027_L07,CO1027,2,False,6.1,7.7,6.4,6.4,,6.6,C+,2.5,True,2.59,2.58,Pass
4407,2300050,HK232_CO1027_L07,CO1027,2,False,7.1,7.5,7.1,7.6,,7.2,B,3.0,True,3.27,3.28,Pass
4408,2397499,HK232_CO1027_L07,CO1027,2,False,7.1,6.1,6.8,5.4,,6.6,C+,2.5,True,2.32,2.29,Pass
4409,2342846,HK232_CO1027_L07,CO1027,2,False,7.5,6.3,8.0,7.5,,7.5,B,3.0,True,2.91,2.89,Pass
4410,2380775,HK232_CO1027_L07,CO1027,2,False,6.0,5.9,4.1,7.4,,5.2,D+,1.5,True,2.21,2.55,Pass
4411,2374322,HK232_CO1027_L07,CO1027,2,False,4.9,5.0,5.0,5.4,,5.0,D+,1.5,True,1.68,1.56,Pass
4412,2353889,HK232_CO1027_L07,CO1027,2,False,4.6,6.0,6.3,5.4,,5.8,C,2.0,True,1.85,1.8,Pass
4413,2360149,HK232_CO1027_L07,CO1027,2,False,5.4,7.3,7.2,6.9,,6.8,C+,2.5,True,2.41,2.47,Pass
4414,2371813,HK232_CO1027_L07,CO1027,2,False,8.7,7.6,6.6,8.3,,7.4,B,3.0,True,3.0,3.2,Pass
4415,2374750,HK232_CO1027_L07,CO1027,2,False,7.7,7.2,5.2,8.2,,6.4,C+,2.5,True,3.0,3.02,Pass
4416,2305110,HK232_CO1027_L07,CO1027,2,False,7.4,7.5,7.9,8.1,,7.7,B,3.0,True,2.83,2.84,Pass
4417,2313837,HK232_CO1027_L07,CO1027,2,False,7.9,6.4,7.2,8.5,,7.3,B,3.0,True,2.97,2.94,Pass
4418,2336200,HK232_CO1027_L07,CO1027,2,False,5.5,7.1,5.8,6.0,,6.0,C,2.0,True,2.0,2.12,Pass
4419,2389502,HK232_CO1027_L07,CO1027,2,False,7.3,6.6,6.6,7.6,,6.8,C+,2.5,True,3.43,3.41,Pass
4420,2390467,HK232_CO1027_L07,CO1027,2,False,7.1,8.4,7.0,7.3,,7.3,B,3.0,True,3.0,2.94,Pass
4421,2375287,HK232_CO1027_L07,CO1027,2,False,5.7,5.6,4.9,6.3,,5.3,D+,1.5,True,1.62,1.74,Pass
4422,2377452,HK232_CO1027_L07,CO1027,2,False,7.0,7.0,6.6,7.3,,6.8,C+,2.5,True,2.62,2.73,Pass
4423,2359142,HK232_CO1027_L07,CO1027,2,False,5.9,5.2,5.1,5.2,,5.3,D+,1.5,True,1.79,1.64,Pass
4424,2302173,HK232_CO1027_L07,CO1027,2,False,4.0,3.1,2.8,4.0,,3.2,F,0.0,False,0.55,1.0,Fail
4425,2342225,HK232_CO1027_L07,CO1027,2,False,6.4,4.0,5.3,5.0,,5.2,D+,1.5,True,1.56,1.71,Pass
4426,2390660,HK232_CO1027_L07,CO1027,2,False,5.6,6.2,4.5,4.8,,5.1,D+,1.5,True,1.76,1.74,Pass
4427,2328245,HK232_CO1027_L07,CO1027,2,False,4.9,6.3,5.3,6.4,,5.5,C,2.0,True,2.32,2.38,Pass
4428,2316195,HK232_CO1027_L07,CO1027,2,False,6.1,6.3,7.2,6.4,,6.7,C+,2.5,True,2.09,2.21,Pass
4429,2300822,HK232_CO1027_L07,CO1027,2,False,7.2,8.8,7.3,5.9,,7.4,B,3.0,True,3.37,3.52,Pass
4430,2349215,HK232_CO1027_L07,CO1027,2,False,6.9,6.1,6.1,9.1,,6.6,C+,2.5,True,2.38,2.38,Pass
4431,2369455,HK232_CO1027_L07,CO1027,2,False,9.1,8.5,8.2,8.7,,8.5,A,4.0,True,3.97,3.93,Pass
4432,2394948,HK232_CO1027_L07,CO1027,2,False,3.3,1.3,3.8,3.4,,3.2,F,0.0,False,0.18,1.0,Fail
4433,2300973,HK232_CO1027_L07,CO1027,2,False,6.6,6.6,5.8,7.5,,6.3,C,2.0,True,2.26,2.44,Pass
4434,2332340,HK232_CO1027_L07,CO1027,2,False,6.4,6.2,6.0,7.9,,6.3,C,2.0,True,2.26,2.29,Pass
4435,2335814,HK232_CO1027_L07,CO1027,2,False,7.6,7.0,5.9,6.9,,6.6,C+,2.5,True,2.6,2.57,Pass
4436,2366946,HK232_CO1027_L07,CO1027,2,False,7.7,5.3,6.8,5.2,,6.5,C+,2.5,True,2.1,2.19,Pass
4437,2347671,HK232_CO1027_L07,CO1027,2,False,6.3,6.0,6.4,5.3,,6.2,C,2.0,True,1.7,1.67,Pass
4438,2387572,HK232_CO1027_L07,CO1027,2,False,7.6,6.5,5.8,7.4,,6.5,C+,2.5,True,3.1,3.07,Pass
4439,2332533,HK232_CO1027_L07,CO1027,2,False,5.9,7.8,6.9,6.4,,6.8,C+,2.5,True,2.29,2.27,Pass
4440,2384098,HK232_CO1027_L07,CO1027,2,False,7.1,7.3,7.1,4.8,,6.9,C+,2.5,True,2.09,2.23,Pass
4441,2365595,HK232_CO1027_L07,CO1027,2,False,6.7,5.7,6.8,6.5,,6.5,C+,2.5,True,2.77,2.6,Pass
4442,2377259,HK232_CO1027_L07,CO1027,2,False,7.1,5.2,6.3,7.1,,6.3,C,2.0,True,2.21,1.94,Pass
4443,2317160,HK232_CO1027_L07,CO1027,2,False,8.3,8.3,8.9,8.6,,8.6,A,4.0,True,3.4,3.45,Pass
4444,2325308,HK232_CO1027_L07,CO1027,2,False,6.6,8.0,5.2,6.4,,6.2,C,2.0,True,1.94,2.09,Pass
4445,2385600,HK232_CO1027_L07,CO1027,2,False,3.9,3.7,3.6,4.1,,3.7,F,0.0,False,0.55,1.18,Fail
4446,2372778,HK232_CO1027_L07,CO1027,2,False,6.2,7.3,6.5,6.1,,6.6,C+,2.5,True,2.44,2.2,Pass
4447,2305689,HK232_CO1027_L07,CO1027,2,False,8.7,7.0,6.3,8.4,,7.1,B,3.0,True,3.5,3.26,Pass
4448,2359570,HK232_CO1027_L07,CO1027,2,False,7.4,6.3,5.8,6.0,,6.2,C,2.0,True,2.12,2.14,Pass
4449,2383670,HK232_CO1027_L07,CO1027,2,False,7.7,8.7,7.3,8.2,,7.8,B,3.0,True,3.21,3.23,Pass
4450,2327280,HK232_CO1027_L07,CO1027,2,False,7.6,8.5,7.7,8.1,,7.9,B,3.0,True,3.33,3.36,Pass
4451,2301166,HK232_CO1027_L07,CO1027,2,False,6.1,5.9,6.6,5.9,,6.3,C,2.0,True,2.21,2.08,Pass
4452,2363665,HK232_CO1027_L07,CO1027,2,False,6.5,6.4,6.5,5.7,,6.4,C+,2.5,True,2.12,2.08,Pass
4453,2307812,HK232_CO1027_L07,CO1027,2,False,6.8,6.6,6.1,5.7,,6.3,C,2.0,True,2.09,2.17,Pass
4454,2329403,HK232_CO1027_L07,CO1027,2,False,8.8,8.4,8.1,8.3,,8.3,B+,3.5,True,3.23,3.31,Pass
4455,2310556,HK232_CO1027_L07,CO1027,2,False,5.7,6.1,6.4,5.6,,6.1,C,2.0,True,2.21,2.15,Pass
4456,2343962,HK232_CO1027_L07,CO1027,2,False,5.7,1.3,5.4,3.6,,4.5,D,1.0,True,0.45,1.0,Pass
4457,2331912,HK232_CO1027_L07,CO1027,2,False,6.3,6.7,5.2,6.7,,5.9,C,2.0,True,2.15,2.24,Pass
4458,2349450,HK232_CO1027_L07,CO1027,2,False,8.5,6.7,7.8,6.7,,7.6,B,3.0,True,3.06,3.03,Pass
4459,2360107,HK232_CO1027_L07,CO1027,2,False,5.6,5.2,6.5,7.1,,6.1,C,2.0,True,2.18,2.09,Pass
4460,2364202,HK232_CO1027_L07,CO1027,2,False,6.1,6.4,7.1,5.4,,6.6,C+,2.5,True,1.97,1.77,Pass
4461,2395762,HK232_CO1027_L07,CO1027,2,False,9.0,7.5,7.3,7.4,,7.7,B,3.0,True,3.03,3.21,Pass
4462,2338516,HK232_CO1027_L07,CO1027,2,False,7.2,6.7,8.9,8.3,,8.1,B+,3.5,True,3.33,3.29,Pass
4463,2349836,HK232_CO1027_L07,CO1027,2,False,7.2,6.6,6.6,6.0,,6.7,C+,2.5,True,2.3,2.36,Pass
4464,2394604,HK232_CO1027_L07,CO1027,2,False,7.4,6.9,6.5,6.8,,6.8,C+,2.5,True,2.47,2.35,Pass
4465,2327087,HK232_CO1027_L07,CO1027,2,False,7.7,9.3,8.5,8.1,,8.5,A,4.0,True,3.33,3.29,Pass
4466,2396727,HK232_CO1027_L07,CO1027,2,False,7.8,8.8,8.9,7.9,,8.6,A,4.0,True,3.68,3.61,Pass
4467,2301401,HK232_CO1027_L07,CO1027,2,False,5.7,6.0,6.5,5.2,,6.1,C,2.0,True,2.44,2.56,Pass
4468,2344969,HK232_CO1027_L07,CO1027,2,False,6.0,6.3,5.8,6.3,,6.0,C,2.0,True,2.03,2.03,Pass
4469,2370420,HK232_CO1027_L07,CO1027,2,False,9.0,8.4,10.0,9.5,,9.4,A,4.0,True,3.89,3.94,Pass
4470,2399043,HK232_CO1027_L07,CO1027,2,False,8.3,7.4,9.4,7.5,,8.6,A,4.0,True,3.37,3.29,Pass
4471,2312679,HK232_CO1027_L07,CO1027,2,False,5.1,4.8,6.6,5.8,,5.9,C,2.0,True,1.85,1.88,Pass
4472,2380196,HK232_CO1027_L07,CO1027,2,False,5.6,7.3,6.1,5.9,,6.2,C,2.0,True,2.21,2.14,Pass
4473,2315960,HK232_CO1027_L07,CO1027,2,False,7.4,7.4,7.5,10.0,,7.7,B,3.0,True,3.27,3.14,Pass
4474,2366174,HK232_CO1027_L07,CO1027,2,False,10.0,9.5,10.0,9.6,,9.9,A+,4.0,True,3.87,3.93,Pass
4475,2324150,HK232_CO1027_L07,CO1027,2,False,7.5,8.3,6.9,8.1,,7.4,B,3.0,True,2.97,2.91,Pass
4476,2389930,HK232_CO1027_L07,CO1027,2,False,6.6,5.2,6.0,5.6,,5.9,C,2.0,True,2.13,2.19,Pass
4477,2345741,HK232_CO1027_L07,CO1027,2,False,5.7,6.2,6.8,7.0,,6.5,C+,2.5,True,2.47,2.45,Pass
4478,2357984,HK232_CO1027_L07,CO1027,2,False,8.0,6.6,8.0,7.6,,7.7,B,3.0,True,2.83,3.03,Pass
4479,2306461,HK232_CO1027_L07,CO1027,2,False,3.8,3.3,2.2,4.7,,3.0,F,0.0,False,0.2,1.0,Fail
4480,2339288,HK232_CO1027_L07,CO1027,2,False,7.7,7.4,7.8,8.5,,7.8,B,3.0,True,3.23,3.19,Pass
4481,2385063,HK232_CO1027_L07,CO1027,2,False,6.3,5.5,6.2,5.8,,6.0,C,2.0,True,1.73,1.86,Pass
4482,2362079,HK232_CO1027_L07,CO1027,2,False,7.6,7.6,7.3,7.5,,7.4,B,3.0,True,3.2,3.14,Pass
4483,2304489,HK232_CO1027_L07,CO1027,2,False,9.0,6.6,5.9,7.0,,6.8,C+,2.5,True,2.53,2.33,Pass
4484,2380968,HK232_CO1027_L07,CO1027,2,False,6.7,6.1,6.2,7.0,,6.4,C+,2.5,True,2.35,2.53,Pass
4485,2305261,HK232_CO1027_L07,CO1027,2,False,8.7,9.6,9.9,8.4,,9.4,A,4.0,True,4.0,3.95,Pass
4486,2317118,HK232_CO1027_L07,CO1027,2,False,6.1,5.0,5.7,7.2,,5.8,C,2.0,True,2.44,2.29,Pass
4487,2311521,HK232_CO1027_L07,CO1027,2,False,7.7,7.0,7.0,7.4,,7.2,B,3.0,True,3.37,3.31,Pass
4488,2398850,HK232_CO1027_L07,CO1027,2,False,6.5,6.7,5.5,6.3,,6.0,C,2.0,True,1.83,1.69,Pass
4489,2360921,HK232_CO1027_L07,CO1027,2,False,7.0,7.1,6.4,6.5,,6.7,C+,2.5,True,2.59,2.53,Pass
4490,2345934,HK232_CO1027_L07,CO1027,2,False,5.0,5.8,4.0,4.9,,4.7,D,1.0,True,1.26,1.29,Pass
4491,2343576,HK232_CO1027_L07,CO1027,2,False,7.4,7.5,7.4,7.7,,7.5,B,3.0,True,3.21,3.21,Pass
4492,2304682,HK232_CO1027_L07,CO1027,2,False,7.3,7.8,6.1,6.9,,6.8,C+,2.5,True,2.87,2.98,Pass
4493,2343811,HK232_CO1027_L07,CO1027,2,False,6.1,7.6,7.3,5.8,,7.0,B,3.0,True,2.47,2.27,Pass
4494,2378845,HK232_CO1027_L07,CO1027,2,False,5.0,5.1,4.0,5.8,,4.6,D,1.0,True,1.29,1.39,Pass
4495,2327817,HK232_CO1027_L07,CO1027,2,False,7.8,8.8,8.7,7.8,,8.4,B+,3.5,True,3.29,3.58,Pass
4496,2331568,HK232_CO1027_L07,CO1027,2,False,6.5,5.7,5.7,5.4,,5.8,C,2.0,True,1.33,1.34,Pass
4497,2338751,HK232_CO1027_L07,CO1027,2,False,7.5,7.6,7.6,7.6,,7.6,B,3.0,True,3.03,3.07,Pass
4498,2330368,HK232_CO1027_L07,CO1027,2,False,8.0,6.6,7.1,6.7,,7.1,B,3.0,True,2.27,2.38,Pass
4499,2369111,HK232_PH1007_L01,PH1007,2,False,,,8.8,,10.0,9.3,A,4.0,True,4.0,4.0,Pass
4500,2338558,HK232_PH1007_L01,PH1007,2,False,,,8.1,,7.4,7.8,B,3.0,True,3.1,3.19,Pass
4501,2332533,HK232_PH1007_L01,PH1007,2,False,,,8.1,,5.4,7.0,B,3.0,True,2.29,2.27,Pass
4502,2399857,HK232_PH1007_L01,PH1007,2,False,,,7.3,,5.9,6.7,C+,2.5,True,2.59,2.59,Pass
4503,2347285,HK232_PH1007_L01,PH1007,2,False,,,9.1,,7.4,8.4,B+,3.5,True,3.37,3.29,Pass
4504,2353159,HK232_PH1007_L01,PH1007,2,False,,,6.1,,6.8,6.4,C+,2.5,True,2.53,2.61,Pass
4505,2394411,HK232_PH1007_L01,PH1007,2,False,,,8.0,,5.4,7.0,B,3.0,True,2.24,2.24,Pass
4506,2394562,HK232_PH1007_L01,PH1007,2,False,,,5.3,,6.3,5.7,C,2.0,True,2.83,2.9,Pass
4507,2349643,HK232_PH1007_L01,PH1007,2,False,,,5.1,,5.3,5.2,D+,1.5,True,1.65,1.55,Pass
4508,2379189,HK232_PH1007_L01,PH1007,2,False,,,7.3,,6.5,7.0,B,3.0,True,3.2,3.36,Pass
4509,2322564,HK232_PH1007_L01,PH1007,2,False,,,9.5,,7.4,8.7,A,4.0,True,4.0,4.0,Pass
4510,2333498,HK232_PH1007_L01,PH1007,2,False,,,10.0,,7.8,9.1,A,4.0,True,4.0,3.9,Pass
4511,2342032,HK232_PH1007_L01,PH1007,2,False,,,7.4,,7.7,7.5,B,3.0,True,2.53,2.61,Pass
4512,2393597,HK232_PH1007_L01,PH1007,2,False,,,6.7,,7.9,7.2,B,3.0,True,3.13,3.03,Pass
4513,2359914,HK232_PH1007_L01,PH1007,2,False,,,6.4,,3.7,5.3,D+,1.5,True,1.76,1.7,Pass
4514,2370420,HK232_PH1007_L01,PH1007,2,False,,,8.6,,9.2,8.8,A,4.0,True,3.89,3.94,Pass
4515,2321213,HK232_PH1007_L01,PH1007,2,False,,,7.0,,5.8,6.5,C+,2.5,True,2.53,2.55,Pass
4516,2360149,HK232_PH1007_L01,PH1007,2,False,,,7.0,,6.4,6.8,C+,2.5,True,2.41,2.47,Pass
4517,2352773,HK232_PH1007_L01,PH1007,2,False,,,5.6,,5.3,5.5,C,2.0,True,2.09,2.18,Pass
4518,2329017,HK232_PH1007_L01,PH1007,2,False,,,5.8,,5.5,5.7,C,2.0,True,2.27,2.21,Pass
4519,2374943,HK232_PH1007_L01,PH1007,2,False,,,3.4,,4.1,3.7,F,0.0,False,0.48,1.0,Fail
4520,2384249,HK232_PH1007_L01,PH1007,2,False,,,5.7,,4.1,5.1,D+,1.5,True,1.88,1.97,Pass
4521,2368725,HK232_PH1007_L01,PH1007,2,False,,,7.3,,7.5,7.4,B,3.0,True,3.47,3.17,Pass
4522,2330175,HK232_PH1007_L01,PH1007,2,False,,,6.9,,5.7,6.4,C+,2.5,True,2.12,2.26,Pass
4523,2386372,HK232_PH1007_L01,PH1007,2,False,,,6.1,,7.5,6.7,C+,2.5,True,2.83,2.91,Pass
4524,2326659,HK232_PH1007_L01,PH1007,2,False,,,4.8,,6.3,5.4,D+,1.5,True,2.12,2.11,Pass
4525,2395955,HK232_PH1007_L01,PH1007,2,False,,,8.4,,7.2,7.9,B,3.0,True,3.4,3.33,Pass
4526,2306461,HK232_PH1007_L01,PH1007,2,False,,,2.6,,3.1,2.8,F,0.0,False,0.2,1.0,Fail
4527,2398657,HK232_PH1007_L01,PH1007,2,False,,,6.4,,7.4,6.8,C+,2.5,True,2.83,2.91,Pass
4528,2396727,HK232_PH1007_L01,PH1007,2,False,,,9.0,,7.2,8.3,B+,3.5,True,3.68,3.61,Pass
4529,2398271,HK232_PH1007_L01,PH1007,2,False,,,5.0,,4.5,4.8,D,1.0,True,1.76,1.68,Pass
4530,2371427,HK232_PH1007_L01,PH1007,2,False,,,8.3,,7.7,8.1,B+,3.5,True,3.27,3.36,Pass
4531,2354854,HK232_PH1007_L01,PH1007,2,False,,,5.3,,7.2,6.1,C,2.0,True,1.88,2.14,Pass
4532,2366367,HK232_PH1007_L01,PH1007,2,False,,,4.7,,5.2,4.9,D,1.0,True,1.88,1.74,Pass
4533,2369690,HK232_PH1007_L01,PH1007,2,False,,,6.2,,6.6,6.4,C+,2.5,True,3.07,3.02,Pass
4534,2395334,HK232_PH1007_L01,PH1007,2,False,,,8.9,,9.8,9.3,A,4.0,True,3.47,3.58,Pass
4535,2355861,HK232_PH1007_L01,PH1007,2,False,,,8.6,,9.1,8.8,A,4.0,True,4.0,4.0,Pass
4536,2344155,HK232_PH1007_L01,PH1007,2,False,,,5.5,,5.8,5.6,C,2.0,True,2.21,2.3,Pass
4537,2311135,HK232_PH1007_L01,PH1007,2,False,,,5.9,,5.1,5.6,C,2.0,True,1.35,1.52,Pass
4538,2389888,HK232_PH1007_L01,PH1007,2,False,,,5.5,,3.9,4.9,D,1.0,True,1.74,1.38,Pass
4539,2374171,HK232_PH1007_L01,PH1007,2,False,,,7.7,,6.0,7.0,B,3.0,True,3.0,3.21,Pass
4540,2374750,HK232_PH1007_L01,PH1007,2,False,,,6.3,,6.8,6.5,C+,2.5,True,3.0,3.02,Pass
4541,2362465,HK232_PH1007_L01,PH1007,2,False,,,5.8,,6.6,6.1,C,2.0,True,2.57,2.71,Pass
4542,2350994,HK232_PH1007_L01,PH1007,2,False,,,5.1,,5.6,5.3,D+,1.5,True,2.03,1.97,Pass
4543,2359528,HK232_PH1007_L01,PH1007,2,False,,,5.5,,5.1,5.3,D+,1.5,True,1.74,1.64,Pass
4544,2320676,HK232_PH1007_L01,PH1007,2,False,,,7.9,,7.4,7.7,B,3.0,True,3.0,3.02,Pass
4545,2315381,HK232_PH1007_L01,PH1007,2,False,,,7.2,,6.3,6.8,C+,2.5,True,3.06,3.11,Pass
4546,2323143,HK232_PH1007_L01,PH1007,2,False,,,7.2,,5.4,6.5,C+,2.5,True,2.53,2.52,Pass
4547,2372006,HK232_PH1007_L01,PH1007,2,False,,,6.3,,6.8,6.5,C+,2.5,True,2.41,2.33,Pass
4548,2364823,HK232_PH1007_L01,PH1007,2,False,,,3.9,,4.5,4.1,D,1.0,True,1.97,1.93,Pass
4549,2354124,HK232_PH1007_L01,PH1007,2,False,,,2.7,,3.3,2.9,F,0.0,False,0.29,1.0,Fail
4550,2333070,HK232_PH1007_L01,PH1007,2,False,,,5.9,,5.2,5.6,C,2.0,True,2.5,2.5,Pass
4551,2344197,HK232_PH1007_L01,PH1007,2,False,,,6.0,,5.9,6.0,C,2.0,True,2.12,2.27,Pass
4552,2360300,HK232_PH1007_L01,PH1007,2,False,,,7.1,,9.0,7.9,B,3.0,True,3.44,3.55,Pass
4553,2374557,HK232_PH1007_L01,PH1007,2,False,,,5.8,,5.4,5.6,C,2.0,True,2.21,2.39,Pass
4554,2336393,HK232_PH1007_L01,PH1007,2,False,,,7.5,,8.4,7.9,B,3.0,True,3.13,3.28,Pass
4555,2376680,HK232_PH1007_L01,PH1007,2,False,,,5.2,,5.3,5.2,D+,1.5,True,2.29,2.29,Pass
4556,2331526,HK232_PH1007_L01,PH1007,2,False,,,6.0,,6.0,6.0,C,2.0,True,2.5,2.62,Pass
4557,2369841,HK232_PH1007_L01,PH1007,2,False,,,5.4,,5.6,5.5,C,2.0,True,1.97,1.86,Pass
4558,2321792,HK232_PH1007_L01,PH1007,2,False,,,7.2,,6.2,6.8,C+,2.5,True,3.07,3.07,Pass
4559,2315960,HK232_PH1007_L01,PH1007,2,False,,,7.5,,8.6,7.9,B,3.0,True,3.27,3.14,Pass
4560,2339288,HK232_PH1007_L01,PH1007,2,False,,,8.5,,7.1,7.9,B,3.0,True,3.23,3.19,Pass
4561,2332340,HK232_PH1007_L01,PH1007,2,False,,,6.0,,6.7,6.3,C,2.0,True,2.26,2.29,Pass
4562,2381312,HK232_PH1007_L01,PH1007,2,False,,,6.6,,6.9,6.7,C+,2.5,True,3.5,3.45,Pass
4563,2399043,HK232_PH1007_L01,PH1007,2,False,,,8.5,,7.4,8.1,B+,3.5,True,3.37,3.29,Pass
4564,2380003,HK232_PH1007_L01,PH1007,2,False,,,10.0,,8.8,9.5,A+,4.0,True,4.0,4.0,Pass
4565,2304489,HK232_PH1007_L01,PH1007,2,False,,,6.2,,5.5,5.9,C,2.0,True,2.53,2.33,Pass
4566,2320248,HK232_PH1007_L01,PH1007,2,False,,,10.0,,7.6,9.0,A,4.0,True,4.0,4.0,Pass
4567,2380582,HK232_PH1007_L01,PH1007,2,False,,,6.4,,7.6,6.9,C+,2.5,True,2.76,2.5,Pass
4568,2329982,HK232_PH1007_L01,PH1007,2,False,,,7.0,,6.6,6.8,C+,2.5,True,3.37,3.31,Pass
4569,2363665,HK232_PH1007_L01,PH1007,2,False,,,6.3,,5.0,5.8,C,2.0,True,2.12,2.08,Pass
4570,2320869,HK232_PH1007_L01,PH1007,2,False,,,8.4,,7.8,8.2,B+,3.5,True,3.87,3.93,Pass
4571,2398850,HK232_PH1007_L01,PH1007,2,False,,,5.2,,4.7,5.0,D+,1.5,True,1.83,1.69,Pass
4572,2332877,HK232_PH1007_L01,PH1007,2,False,,,7.4,,7.9,7.6,B,3.0,True,3.86,3.92,Pass
4573,2387572,HK232_PH1007_L01,PH1007,2,False,,,6.0,,6.3,6.1,C,2.0,True,3.1,3.07,Pass
4574,2395141,HK232_PH1007_L01,PH1007,2,False,,,4.2,,4.8,4.4,D,1.0,True,1.26,1.42,Pass
4575,2374129,HK232_PH1007_L01,PH1007,2,False,,,3.5,,5.6,4.3,D,1.0,True,2.47,2.41,Pass
4576,2380926,HK232_PH1007_L01,PH1007,2,False,,,5.1,,4.6,4.9,D,1.0,True,1.47,1.58,Pass
4577,2319283,HK232_PH1007_L01,PH1007,2,False,,,5.9,,5.9,5.9,C,2.0,True,2.82,2.91,Pass
4578,2352152,HK232_PH1007_L01,PH1007,2,False,,,8.5,,7.9,8.3,B+,3.5,True,3.03,3.02,Pass
4579,2300008,HK232_PH1007_L01,PH1007,2,False,,,5.8,,6.1,5.9,C,2.0,True,2.24,2.27,Pass
4580,2347713,HK232_PH1007_L01,PH1007,2,False,,,6.1,,7.1,6.5,C+,2.5,True,2.73,2.57,Pass
4581,2375136,HK232_PH1007_L01,PH1007,2,False,,,4.8,,5.9,5.2,D+,1.5,True,2.18,2.21,Pass
4582,2312486,HK232_PH1007_L01,PH1007,2,False,,,6.5,,6.7,6.6,C+,2.5,True,2.12,2.09,Pass
4583,2349215,HK232_PH1007_L01,PH1007,2,False,,,5.0,,5.1,5.0,D+,1.5,True,2.38,2.38,Pass
4584,2373743,HK232_PH1007_L01,PH1007,2,False,,,5.7,,6.5,6.0,C,2.0,True,3.2,3.17,Pass
4585,2397306,HK232_PH1007_L01,PH1007,2,False,,,6.2,,5.8,6.0,C,2.0,True,2.65,2.61,Pass
4586,2378224,HK232_PH1007_L01,PH1007,2,False,,,6.3,,4.9,5.7,C,2.0,True,2.6,2.53,Pass
4587,2304917,HK232_PH1007_L01,PH1007,2,False,,,5.7,,6.5,6.0,C,2.0,True,2.41,2.39,Pass
4588,2352966,HK232_PH1007_L01,PH1007,2,False,,,8.1,,6.1,7.3,B,3.0,True,3.37,3.19,Pass
4589,2361886,HK232_PH1007_L01,PH1007,2,False,,,8.9,,9.0,8.9,A,4.0,True,3.87,3.81,Pass
4590,2396299,HK232_PH1007_L01,PH1007,2,False,,,8.2,,6.5,7.5,B,3.0,True,3.0,3.0,Pass
4591,2357212,HK232_PH1007_L01,PH1007,2,False,,,4.2,,5.1,4.6,D,1.0,True,2.56,2.36,Pass
4592,2336628,HK232_PH1007_L01,PH1007,2,False,,,6.2,,5.6,6.0,C,2.0,True,1.97,1.95,Pass
4593,2337744,HK232_PH1007_L01,PH1007,2,False,,,6.4,,5.8,6.2,C,2.0,True,2.29,2.2,Pass
4594,2348871,HK232_PH1007_L01,PH1007,2,False,,,7.5,,7.4,7.5,B,3.0,True,3.1,3.12,Pass
4595,2344734,HK232_PH1007_L01,PH1007,2,False,,,5.7,,5.3,5.5,C,2.0,True,2.35,2.41,Pass
4596,2325501,HK232_PH1007_L01,PH1007,2,False,,,5.8,,7.2,6.4,C+,2.5,True,2.24,2.39,Pass
4597,2373164,HK232_PH1007_L01,PH1007,2,False,,,6.0,,4.9,5.6,C,2.0,True,2.23,2.24,Pass
4598,2331719,HK232_PH1007_L01,PH1007,2,False,,,6.0,,5.5,5.8,C,2.0,True,2.5,2.55,Pass
4599,2364244,HK232_PH1007_L01,PH1007,2,False,,,4.9,,6.5,5.5,C,2.0,True,2.5,2.32,Pass
4600,2365209,HK232_PH1007_L01,PH1007,2,False,,,7.7,,7.0,7.4,B,3.0,True,3.0,2.77,Pass
4601,2338365,HK232_PH1007_L01,PH1007,2,False,,,6.6,,6.4,6.5,C+,2.5,True,2.7,2.62,Pass
4602,2307233,HK232_PH1007_L01,PH1007,2,False,,,6.6,,5.3,6.1,C,2.0,True,2.09,2.24,Pass
4603,2338751,HK232_PH1007_L01,PH1007,2,False,,,7.5,,7.1,7.3,B,3.0,True,3.03,3.07,Pass
4604,2377452,HK232_PH1007_L01,PH1007,2,False,,,6.6,,7.5,7.0,B,3.0,True,2.62,2.73,Pass
4605,2317118,HK232_PH1007_L01,PH1007,2,False,,,6.2,,5.6,6.0,C,2.0,True,2.44,2.29,Pass
4606,2351187,HK232_PH1007_L01,PH1007,2,False,,,4.8,,3.2,4.2,D,1.0,True,1.82,1.65,Pass
4607,2383477,HK232_PH1007_L01,PH1007,2,False,,,5.6,,5.1,5.4,D+,1.5,True,2.09,2.15,Pass
4608,2342074,HK232_PH1007_L01,PH1007,2,False,,,6.9,,5.1,6.2,C,2.0,True,3.0,2.95,Pass
4609,2343232,HK232_PH1007_L01,PH1007,2,False,,,7.0,,7.8,7.3,B,3.0,True,2.29,2.56,Pass
4610,2310942,HK232_PH1007_L01,PH1007,2,False,,,4.9,,2.8,4.1,D,1.0,True,0.57,1.11,Pass
4611,2341881,HK232_PH1007_L01,PH1007,2,False,,,7.7,,7.3,7.5,B,3.0,True,2.8,3.0,Pass
4612,2327045,HK232_PH1007_L01,PH1007,2,False,,,7.3,,7.2,7.3,B,3.0,True,2.77,2.78,Pass
4613,2391088,HK232_PH1007_L01,PH1007,2,False,,,7.2,,8.8,7.8,B,3.0,True,3.37,3.57,Pass
4614,2360535,HK232_PH1007_L02,PH1007,2,False,,,9.6,,8.6,9.2,A,4.0,True,3.87,3.88,Pass
4615,2323378,HK232_PH1007_L02,PH1007,2,False,,,6.1,,5.4,5.8,C,2.0,True,2.53,2.3,Pass
4616,2386607,HK232_PH1007_L02,PH1007,2,False,,,8.2,,7.4,7.9,B,3.0,True,3.47,3.34,Pass
4617,2356633,HK232_PH1007_L02,PH1007,2,False,,,7.5,,6.5,7.1,B,3.0,True,2.43,2.59,Pass
4618,2303910,HK232_PH1007_L02,PH1007,2,False,,,5.5,,5.3,5.4,D+,1.5,True,1.44,1.67,Pass
4619,2351380,HK232_PH1007_L02,PH1007,2,False,,,6.3,,6.9,6.5,C+,2.5,True,2.5,2.64,Pass
4620,2363816,HK232_PH1007_L02,PH1007,2,False,,,4.8,,4.9,4.8,D,1.0,True,1.65,1.74,Pass
4621,2393404,HK232_PH1007_L02,PH1007,2,False,,,5.3,,6.3,5.7,C,2.0,True,2.71,2.74,Pass
4622,2306226,HK232_PH1007_L02,PH1007,2,False,,,5.7,,5.9,5.8,C,2.0,True,2.37,2.36,Pass
4623,2396341,HK232_PH1007_L02,PH1007,2,False,,,6.9,,5.7,6.4,C+,2.5,True,2.47,2.5,Pass
4624,2347520,HK232_PH1007_L02,PH1007,2,False,,,7.2,,7.8,7.4,B,3.0,True,3.23,3.24,Pass
4625,2364974,HK232_PH1007_L02,PH1007,2,False,,,4.0,,4.3,4.1,D,1.0,True,1.53,1.69,Pass
4626,2374322,HK232_PH1007_L02,PH1007,2,False,,,4.3,,4.4,4.3,D,1.0,True,1.68,1.56,Pass
4627,2370462,HK232_PH1007_L02,PH1007,2,False,,,5.0,,4.9,5.0,D+,1.5,True,1.68,1.5,Pass
4628,2383863,HK232_PH1007_L02,PH1007,2,False,,,5.4,,5.7,5.5,C,2.0,True,1.82,1.79,Pass
4629,2388537,HK232_PH1007_L02,PH1007,2,False,,,6.5,,6.5,6.5,C+,2.5,True,2.44,2.33,Pass
4630,2392439,HK232_PH1007_L02,PH1007,2,False,,,4.5,,4.9,4.7,D,1.0,True,1.82,1.58,Pass
4631,2329210,HK232_PH1007_L02,PH1007,2,False,,,6.0,,6.2,6.1,C,2.0,True,2.5,2.33,Pass
4632,2355089,HK232_PH1007_L02,PH1007,2,False,,,7.8,,9.4,8.4,B+,3.5,True,3.97,3.93,Pass
4633,2319090,HK232_PH1007_L02,PH1007,2,False,,,5.5,,5.0,5.3,D+,1.5,True,1.59,1.58,Pass
4634,2323957,HK232_PH1007_L02,PH1007,2,False,,,7.7,,8.2,7.9,B,3.0,True,3.37,3.38,Pass
4635,2388344,HK232_PH1007_L02,PH1007,2,False,,,6.6,,7.1,6.8,C+,2.5,True,3.17,3.26,Pass
4636,2370269,HK232_PH1007_L02,PH1007,2,False,,,6.0,,5.7,5.9,C,2.0,True,2.41,2.45,Pass
4637,2346706,HK232_PH1007_L02,PH1007,2,False,,,5.6,,6.7,6.0,C,2.0,True,3.17,3.26,Pass
4638,2312293,HK232_PH1007_L02,PH1007,2,False,,,6.4,,6.2,6.3,C,2.0,True,2.37,2.38,Pass
4639,2391046,HK232_PH1007_L02,PH1007,2,False,,,6.6,,5.7,6.2,C,2.0,True,2.41,2.36,Pass
4640,2384870,HK232_PH1007_L02,PH1007,2,False,,,6.0,,6.2,6.1,C,2.0,True,2.29,2.2,Pass
4641,2382319,HK232_PH1007_L02,PH1007,2,False,,,5.4,,4.9,5.2,D+,1.5,True,1.74,1.89,Pass
4642,2365167,HK232_PH1007_L02,PH1007,2,False,,,5.6,,5.6,5.6,C,2.0,True,1.59,1.61,Pass
4643,2385835,HK232_PH1007_L02,PH1007,2,False,,,5.8,,4.1,5.1,D+,1.5,True,1.79,1.74,Pass
4644,2313258,HK232_PH1007_L02,PH1007,2,False,,,8.2,,8.0,8.1,B+,3.5,True,3.5,3.3,Pass
4645,2318125,HK232_PH1007_L02,PH1007,2,False,,,5.5,,5.5,5.5,C,2.0,True,1.9,1.9,Pass
4646,2325929,HK232_PH1007_L02,PH1007,2,False,,,4.2,,4.3,4.2,D,1.0,True,1.47,1.44,Pass
4647,2328631,HK232_PH1007_L02,PH1007,2,False,,,3.2,,3.9,3.5,F,0.0,False,0.19,1.0,Fail
4648,2342418,HK232_PH1007_L02,PH1007,2,False,,,5.0,,5.5,5.2,D+,1.5,True,1.56,1.56,Pass
4649,2316539,HK232_PH1007_L02,PH1007,2,False,,,3.6,,2.7,3.2,F,0.0,False,0.33,1.0,Fail
4650,2316967,HK232_PH1007_L02,PH1007,2,False,,,6.6,,8.5,7.4,B,3.0,True,3.0,3.14,Pass
4651,2389695,HK232_PH1007_L02,PH1007,2,False,,,6.6,,7.6,7.0,B,3.0,True,2.76,2.89,Pass
4652,2378996,HK232_PH1007_L02,PH1007,2,False,,,3.3,,4.2,3.7,F,0.0,False,0.55,1.0,Fail
4653,2365553,HK232_PH1007_L02,PH1007,2,False,,,4.2,,4.7,4.4,D,1.0,True,1.71,1.58,Pass
4654,2393211,HK232_PH1007_L02,PH1007,2,False,,,8.1,,7.0,7.7,B,3.0,True,3.09,3.21,Pass
4655,2356054,HK232_PH1007_L02,PH1007,2,False,,,7.9,,7.5,7.7,B,3.0,True,3.7,3.5,Pass
4656,2354703,HK232_PH1007_L02,PH1007,2,False,,,6.7,,7.8,7.1,B,3.0,True,3.03,2.81,Pass
4657,2390660,HK232_PH1007_L02,PH1007,2,False,,,4.5,,6.7,5.4,D+,1.5,True,1.76,1.74,Pass
4658,2343769,HK232_PH1007_L02,PH1007,2,False,,,6.1,,7.6,6.7,C+,2.5,True,2.88,2.94,Pass
4659,2327817,HK232_PH1007_L02,PH1007,2,False,,,6.5,,7.8,7.0,B,3.0,True,3.29,3.58,Pass
4660,2302559,HK232_PH1007_L02,PH1007,2,False,,,5.9,,5.9,5.9,C,2.0,True,2.12,2.06,Pass
4661,2342997,HK232_PH1007_L02,PH1007,2,False,,,5.9,,6.5,6.1,C,2.0,True,2.71,2.65,Pass
4662,2322799,HK232_PH1007_L02,PH1007,2,False,,,8.5,,8.6,8.5,A,4.0,True,3.67,3.71,Pass
4663,2310707,HK232_PH1007_L02,PH1007,2,False,,,9.8,,8.9,9.4,A,4.0,True,3.87,3.93,Pass
4664,2306612,HK232_PH1007_L02,PH1007,2,False,,,3.8,,3.5,3.7,F,0.0,False,0.78,1.06,Fail
4665,2355475,HK232_PH1007_L02,PH1007,2,False,,,5.1,,5.6,5.3,D+,1.5,True,1.74,1.7,Pass
4666,2338516,HK232_PH1007_L02,PH1007,2,False,,,8.4,,7.7,8.1,B+,3.5,True,3.33,3.29,Pass
4667,2327473,HK232_PH1007_L02,PH1007,2,False,,,4.0,,4.6,4.2,D,1.0,True,0.62,1.38,Pass
4668,2364395,HK232_PH1007_L02,PH1007,2,False,,,6.9,,8.7,7.6,B,3.0,True,3.93,3.91,Pass
4669,2375522,HK232_PH1007_L02,PH1007,2,False,,,5.4,,5.3,5.4,D+,1.5,True,1.41,1.36,Pass
4670,2346899,HK232_PH1007_L02,PH1007,2,False,,,5.9,,6.7,6.2,C,2.0,True,2.18,2.18,Pass
4671,2365360,HK232_PH1007_L02,PH1007,2,False,,,7.7,,7.5,7.6,B,3.0,True,3.23,3.41,Pass
4672,2352924,HK232_PH1007_L02,PH1007,2,False,,,8.5,,7.7,8.2,B+,3.5,True,3.97,3.98,Pass
4673,2327431,HK232_PH1007_L02,PH1007,2,False,,,8.9,,8.9,8.9,A,4.0,True,3.73,3.62,Pass
4674,2344004,HK232_PH1007_L02,PH1007,2,False,,,9.1,,7.4,8.4,B+,3.5,True,3.24,3.26,Pass
4675,2357833,HK232_PH1007_L02,PH1007,2,False,,,4.9,,6.6,5.6,C,2.0,True,2.0,2.05,Pass
4676,2331140,HK232_PH1007_L02,PH1007,2,False,,,7.7,,9.2,8.3,B+,3.5,True,3.89,3.88,Pass
4677,2327238,HK232_PH1007_L02,PH1007,2,False,,,5.7,,5.5,5.6,C,2.0,True,2.23,2.24,Pass
4678,2358412,HK232_PH1007_L02,PH1007,2,False,,,4.8,,2.1,3.7,F,0.0,False,1.29,1.46,Fail
4679,2322178,HK232_PH1007_L02,PH1007,2,False,,,3.6,,3.5,3.6,F,0.0,False,1.03,1.43,Fail
4680,2363044,HK232_PH1007_L02,PH1007,2,False,,,7.1,,5.4,6.4,C+,2.5,True,2.59,2.61,Pass
4681,2317739,HK232_PH1007_L02,PH1007,2,False,,,6.8,,8.1,7.3,B,3.0,True,3.13,3.16,Pass
4682,2306805,HK232_PH1007_L02,PH1007,2,False,,,5.7,,6.3,5.9,C,2.0,True,2.21,2.08,Pass
4683,2346320,HK232_PH1007_L02,PH1007,2,False,,,9.8,,5.6,8.1,B+,3.5,True,2.18,2.17,Pass
4684,2397499,HK232_PH1007_L02,PH1007,2,False,,,5.4,,5.3,5.4,D+,1.5,True,2.32,2.29,Pass
4685,2347671,HK232_PH1007_L02,PH1007,2,False,,,4.6,,3.8,4.3,D,1.0,True,1.7,1.67,Pass
4686,2349408,HK232_PH1007_L02,PH1007,2,False,,,5.9,,7.3,6.5,C+,2.5,True,2.65,2.5,Pass
4687,2385214,HK232_PH1007_L02,PH1007,2,False,,,8.6,,5.6,7.4,B,3.0,True,2.97,2.73,Pass
4688,2391474,HK232_PH1007_L02,PH1007,2,False,,,5.2,,5.9,5.5,C,2.0,True,2.53,2.45,Pass
4689,2320055,HK232_PH1007_L02,PH1007,2,False,,,5.4,,5.5,5.4,D+,1.5,True,2.09,2.3,Pass
4690,2322992,HK232_PH1007_L02,PH1007,2,False,,,4.3,,5.0,4.6,D,1.0,True,1.91,1.74,Pass
4691,2306075,HK232_PH1007_L02,PH1007,2,False,,,6.3,,6.6,6.4,C+,2.5,True,2.87,2.93,Pass
4692,2377066,HK232_PH1007_L02,PH1007,2,False,,,8.0,,7.1,7.6,B,3.0,True,3.0,3.16,Pass
4693,2380733,HK232_PH1007_L02,PH1007,2,False,,,7.4,,7.2,7.3,B,3.0,True,3.23,3.31,Pass
4694,2329596,HK232_PH1007_L02,PH1007,2,False,,,7.0,,6.8,6.9,C+,2.5,True,2.97,3.17,Pass
4695,2305454,HK232_PH1007_L02,PH1007,2,False,,,6.4,,8.6,7.3,B,3.0,True,3.1,3.26,Pass
4696,2355240,HK232_PH1007_L02,PH1007,2,False,,,7.2,,8.3,7.6,B,3.0,True,3.13,3.12,Pass
4697,2393790,HK232_PH1007_L02,PH1007,2,False,,,7.7,,7.3,7.5,B,3.0,True,3.5,3.33,Pass
4698,2368683,HK232_PH1007_L02,PH1007,2,False,,,7.0,,6.1,6.6,C+,2.5,True,2.97,3.09,Pass
4699,2381505,HK232_PH1007_L02,PH1007,2,False,,,5.8,,6.1,5.9,C,2.0,True,1.91,1.82,Pass
4700,2354275,HK232_PH1007_L02,PH1007,2,False,,,5.2,,4.7,5.0,D+,1.5,True,2.15,2.15,Pass
4701,2355047,HK232_PH1007_L02,PH1007,2,False,,,5.3,,6.8,5.9,C,2.0,True,2.24,2.14,Pass
4702,2301401,HK232_PH1007_L02,PH1007,2,False,,,5.6,,7.5,6.4,C+,2.5,True,2.44,2.56,Pass
4703,2359721,HK232_PH1007_L02,PH1007,2,False,,,4.5,,7.5,5.7,C,2.0,True,2.68,2.56,Pass
4704,2302366,HK232_PH1007_L02,PH1007,2,False,,,4.4,,4.9,4.6,D,1.0,True,2.76,2.74,Pass
4705,2361693,HK232_PH1007_L02,PH1007,2,False,,,4.2,,3.7,4.0,D,1.0,True,1.06,1.2,Pass
4706,2390274,HK232_PH1007_L02,PH1007,2,False,,,6.1,,6.0,6.1,C,2.0,True,2.56,2.64,Pass
4707,2369497,HK232_PH1007_L02,PH1007,2,False,,,4.7,,5.4,5.0,D+,1.5,True,1.74,1.74,Pass
4708,2380347,HK232_PH1007_L02,PH1007,2,False,,,7.5,,7.0,7.3,B,3.0,True,3.27,3.14,Pass
4709,2313065,HK232_PH1007_L02,PH1007,2,False,,,8.1,,8.9,8.4,B+,3.5,True,3.67,3.81,Pass
4710,2371620,HK232_PH1007_L02,PH1007,2,False,,,5.2,,6.1,5.6,C,2.0,True,2.23,2.31,Pass
4711,2317311,HK232_PH1007_L02,PH1007,2,False,,,6.1,,5.8,6.0,C,2.0,True,2.2,2.22,Pass
4712,2389737,HK232_PH1007_L02,PH1007,2,False,,,7.8,,6.6,7.3,B,3.0,True,3.13,3.19,Pass
4713,2359184,HK232_PH1007_L02,PH1007,2,False,,,4.8,,4.5,4.7,D,1.0,True,1.74,2.0,Pass
4714,2337979,HK232_PH1007_L02,PH1007,2,False,,,7.2,,7.4,7.3,B,3.0,True,3.23,3.1,Pass
4715,2376252,HK232_PH1007_L02,PH1007,2,False,,,5.9,,6.9,6.3,C,2.0,True,2.71,2.47,Pass
4716,2327280,HK232_PH1007_L02,PH1007,2,False,,,8.2,,7.4,7.9,B,3.0,True,3.33,3.36,Pass
4717,2314802,HK232_PH1007_L02,PH1007,2,False,,,7.1,,7.2,7.1,B,3.0,True,3.27,3.19,Pass
4718,2315188,HK232_PH1007_L02,PH1007,2,False,,,9.2,,9.2,9.2,A,4.0,True,4.0,4.0,Pass
4719,2396920,HK232_PH1007_L02,PH1007,2,False,,,7.2,,7.4,7.3,B,3.0,True,3.23,3.34,Pass
4720,2356440,HK232_PH1007_L02,PH1007,2,False,,,5.2,,5.5,5.3,D+,1.5,True,1.74,1.79,Pass
4721,2363086,HK232_PH1007_L02,PH1007,2,False,,,5.5,,7.3,6.2,C,2.0,True,3.03,3.02,Pass
4722,2365595,HK232_PH1007_L02,PH1007,2,False,,,6.1,,7.5,6.7,C+,2.5,True,2.77,2.6,Pass
4723,2340295,HK232_PH1007_L02,PH1007,2,False,,,7.9,,8.5,8.1,B+,3.5,True,3.97,3.91,Pass
4724,2316346,HK232_PH1007_L02,PH1007,2,False,,,6.5,,6.5,6.5,C+,2.5,True,2.41,2.48,Pass
4725,2370999,HK232_PH1007_L02,PH1007,2,False,,,5.5,,6.2,5.8,C,2.0,True,2.56,2.62,Pass
4726,2367139,HK232_PH1007_L02,PH1007,2,False,,,7.6,,7.8,7.7,B,3.0,True,3.73,3.69,Pass
4727,2395762,HK232_PH1007_L02,PH1007,2,False,,,6.4,,7.3,6.8,C+,2.5,True,3.03,3.21,Pass
4728,2317546,HK232_PH1007_L02,PH1007,2,False,,,6.0,,8.1,6.8,C+,2.5,True,3.07,3.28,Pass
4729,2307770,HK232_PH1007_L03,PH1007,2,False,,,7.4,,8.0,7.6,B,3.0,True,3.4,3.33,Pass
4730,2321641,HK232_PH1007_L03,PH1007,2,False,,,5.0,,5.7,5.3,D+,1.5,True,2.7,2.36,Pass
4731,2385021,HK232_PH1007_L03,PH1007,2,False,,,3.9,,3.8,3.9,F,0.0,False,1.18,1.33,Fail
4732,2302324,HK232_PH1007_L03,PH1007,2,False,,,7.0,,5.4,6.4,C+,2.5,True,2.44,2.23,Pass
4733,2363430,HK232_PH1007_L03,PH1007,2,False,,,7.0,,7.4,7.2,B,3.0,True,2.71,2.92,Pass
4734,2372585,HK232_PH1007_L03,PH1007,2,False,,,4.6,,3.7,4.2,D,1.0,True,0.45,1.1,Pass
4735,2330368,HK232_PH1007_L03,PH1007,2,False,,,5.1,,4.6,4.9,D,1.0,True,2.27,2.38,Pass
4736,2344969,HK232_PH1007_L03,PH1007,2,False,,,5.5,,5.2,5.4,D+,1.5,True,2.03,2.03,Pass
4737,2382705,HK232_PH1007_L03,PH1007,2,False,,,8.5,,7.6,8.1,B+,3.5,True,3.5,3.53,Pass
4738,2328782,HK232_PH1007_L03,PH1007,2,False,,,8.1,,8.8,8.4,B+,3.5,True,3.64,3.73,Pass
4739,2320441,HK232_PH1007_L03,PH1007,2,False,,,8.1,,5.6,7.1,B,3.0,True,2.79,2.86,Pass
4740,2349022,HK232_PH1007_L03,PH1007,2,False,,,5.4,,4.6,5.1,D+,1.5,True,1.85,1.8,Pass
4741,2343618,HK232_PH1007_L03,PH1007,2,False,,,5.9,,7.1,6.4,C+,2.5,True,3.03,3.08,Pass
4742,2304296,HK232_PH1007_L03,PH1007,2,False,,,7.2,,6.5,6.9,C+,2.5,True,3.07,3.17,Pass
4743,2374901,HK232_PH1007_L03,PH1007,2,False,,,2.8,,2.9,2.8,F,0.0,False,0.18,1.0,Fail
4744,2334849,HK232_PH1007_L03,PH1007,2,False,,,8.7,,8.5,8.6,A,4.0,True,3.47,3.66,Pass
4745,2314416,HK232_PH1007_L03,PH1007,2,False,,,6.8,,7.6,7.1,B,3.0,True,2.59,2.58,Pass
4746,2338323,HK232_PH1007_L03,PH1007,2,False,,,6.8,,6.0,6.5,C+,2.5,True,2.32,2.39,Pass
4747,2300629,HK232_PH1007_L03,PH1007,2,False,,,5.5,,4.7,5.2,D+,1.5,True,2.09,1.97,Pass
4748,2338130,HK232_PH1007_L03,PH1007,2,False,,,8.6,,8.3,8.5,A,4.0,True,4.0,4.0,Pass
4749,2396148,HK232_PH1007_L03,PH1007,2,False,,,6.0,,7.2,6.5,C+,2.5,True,2.15,2.06,Pass
4750,2348250,HK232_PH1007_L03,PH1007,2,False,,,4.2,,5.7,4.8,D,1.0,True,1.73,1.81,Pass
4751,2350415,HK232_PH1007_L03,PH1007,2,False,,,2.7,,3.8,3.1,F,0.0,False,0.14,1.0,Fail
4752,2380775,HK232_PH1007_L03,PH1007,2,False,,,7.2,,6.4,6.9,C+,2.5,True,2.21,2.55,Pass
4753,2314223,HK232_PH1007_L03,PH1007,2,False,,,5.1,,4.7,4.9,D,1.0,True,1.71,1.64,Pass
4754,2300587,HK232_PH1007_L03,PH1007,2,False,,,6.0,,8.1,6.8,C+,2.5,True,2.38,2.53,Pass
4755,2368104,HK232_PH1007_L03,PH1007,2,False,,,9.2,,9.4,9.3,A,4.0,True,4.0,4.0,Pass
4756,2385600,HK232_PH1007_L03,PH1007,2,False,,,4.3,,3.1,3.8,F,0.0,False,0.55,1.18,Fail
4757,2393983,HK232_PH1007_L03,PH1007,2,False,,,7.3,,6.1,6.8,C+,2.5,True,3.41,3.36,Pass
4758,2373399,HK232_PH1007_L03,PH1007,2,False,,,5.0,,4.6,4.8,D,1.0,True,1.76,1.76,Pass
4759,2316153,HK232_PH1007_L03,PH1007,2,False,,,8.6,,7.9,8.3,B+,3.5,True,3.23,3.19,Pass
4760,2328010,HK232_PH1007_L03,PH1007,2,False,,,3.7,,5.8,4.5,D,1.0,True,1.74,1.67,Pass
4761,2338902,HK232_PH1007_L03,PH1007,2,False,,,6.4,,7.1,6.7,C+,2.5,True,2.85,2.64,Pass
4762,2314030,HK232_PH1007_L03,PH1007,2,False,,,8.2,,7.8,8.0,B+,3.5,True,3.12,3.2,Pass
4763,2369262,HK232_PH1007_L03,PH1007,2,False,,,8.4,,7.1,7.9,B,3.0,True,3.33,3.36,Pass
4764,2347092,HK232_PH1007_L03,PH1007,2,False,,,5.6,,6.3,5.9,C,2.0,True,2.35,2.35,Pass
4765,2391625,HK232_PH1007_L03,PH1007,2,False,,,6.1,,6.2,6.1,C,2.0,True,2.68,2.71,Pass
4766,2363858,HK232_PH1007_L03,PH1007,2,False,,,7.0,,7.0,7.0,B,3.0,True,2.62,2.62,Pass
4767,2350029,HK232_PH1007_L03,PH1007,2,False,,,4.3,,5.8,4.9,D,1.0,True,1.5,1.5,Pass
4768,2341646,HK232_PH1007_L03,PH1007,2,False,,,4.9,,5.1,5.0,D+,1.5,True,2.53,2.38,Pass
4769,2309356,HK232_PH1007_L03,PH1007,2,False,,,6.2,,6.9,6.5,C+,2.5,True,3.0,2.85,Pass
4770,2377259,HK232_PH1007_L03,PH1007,2,False,,,4.4,,4.7,4.5,D,1.0,True,2.21,1.94,Pass
4771,2397113,HK232_PH1007_L03,PH1007,2,False,,,8.2,,8.3,8.2,B+,3.5,True,3.5,3.26,Pass
4772,2396878,HK232_PH1007_L03,PH1007,2,False,,,6.1,,6.4,6.2,C,2.0,True,2.26,2.39,Pass
4773,2370613,HK232_PH1007_L03,PH1007,2,False,,,2.3,,3.2,2.7,F,0.0,False,0.52,1.0,Fail
4774,2301980,HK232_PH1007_L03,PH1007,2,False,,,5.1,,5.1,5.1,D+,1.5,True,3.0,3.09,Pass
4775,2344348,HK232_PH1007_L03,PH1007,2,False,,,4.5,,4.9,4.7,D,1.0,True,1.85,1.79,Pass
4776,2309742,HK232_PH1007_L03,PH1007,2,False,,,5.8,,7.1,6.3,C,2.0,True,2.29,2.42,Pass
4777,2310900,HK232_PH1007_L03,PH1007,2,False,,,6.7,,5.5,6.2,C,2.0,True,2.59,2.61,Pass
4778,2322220,HK232_PH1007_L03,PH1007,2,False,,,5.2,,5.7,5.4,D+,1.5,True,2.33,2.43,Pass
4779,2317932,HK232_PH1007_L03,PH1007,2,False,,,8.5,,9.8,9.0,A,4.0,True,4.0,4.0,Pass
4780,2328589,HK232_PH1007_L03,PH1007,2,False,,,5.3,,5.1,5.2,D+,1.5,True,2.59,2.41,Pass
4781,2374515,HK232_PH1007_L03,PH1007,2,False,,,6.9,,5.4,6.3,C,2.0,True,2.62,2.48,Pass
4782,2361500,HK232_PH1007_L03,PH1007,2,False,,,4.1,,4.4,4.2,D,1.0,True,0.6,1.0,Pass
4783,2386800,HK232_PH1007_L03,PH1007,2,False,,,8.0,,7.2,7.7,B,3.0,True,3.15,3.3,Pass
4784,2386179,HK232_PH1007_L03,PH1007,2,False,,,5.9,,8.5,6.9,C+,2.5,True,3.63,3.34,Pass
4785,2318511,HK232_PH1007_L03,PH1007,2,False,,,2.6,,3.5,3.0,F,0.0,False,0.33,1.0,Fail
4786,2352345,HK232_PH1007_L03,PH1007,2,False,,,5.0,,6.2,5.5,C,2.0,True,2.4,2.57,Pass
4787,2303717,HK232_PH1007_L03,PH1007,2,False,,,3.9,,2.9,3.5,F,0.0,False,0.5,1.09,Fail
4788,2397692,HK232_PH1007_L03,PH1007,2,False,,,4.0,,6.3,4.9,D,1.0,True,2.44,2.21,Pass
4789,2305840,HK232_PH1007_L03,PH1007,2,False,,,7.7,,8.2,7.9,B,3.0,True,3.1,3.24,Pass
4790,2331954,HK232_PH1007_L03,PH1007,2,False,,,8.8,,9.4,9.0,A,4.0,True,4.0,4.0,Pass
4791,2378845,HK232_PH1007_L03,PH1007,2,False,,,4.0,,4.8,4.3,D,1.0,True,1.29,1.39,Pass
4792,2334035,HK232_PH1007_L03,PH1007,2,False,,,7.4,,6.3,7.0,B,3.0,True,2.97,3.05,Pass
4793,2367718,HK232_PH1007_L03,PH1007,2,False,,,6.5,,6.8,6.6,C+,2.5,True,2.82,2.64,Pass
4794,2352387,HK232_PH1007_L03,PH1007,2,False,,,8.3,,7.9,8.1,B+,3.5,True,3.4,3.38,Pass
4795,2389158,HK232_PH1007_L03,PH1007,2,False,,,6.6,,6.1,6.4,C+,2.5,True,2.12,2.29,Pass
4796,2375715,HK232_PH1007_L03,PH1007,2,False,,,6.0,,6.8,6.3,C,2.0,True,2.5,2.26,Pass
4797,2362893,HK232_PH1007_L03,PH1007,2,False,,,5.1,,4.5,4.9,D,1.0,True,1.29,1.38,Pass
4798,2379038,HK232_PH1007_L03,PH1007,2,False,,,8.9,,8.9,8.9,A,4.0,True,4.0,3.83,Pass
4799,2378417,HK232_PH1007_L03,PH1007,2,False,,,5.2,,7.1,6.0,C,2.0,True,2.15,2.15,Pass
4800,2317697,HK232_PH1007_L03,PH1007,2,False,,,4.7,,4.3,4.5,D,1.0,True,1.73,1.71,Pass
4801,2311907,HK232_PH1007_L03,PH1007,2,False,,,4.9,,4.0,4.5,D,1.0,True,1.5,1.59,Pass
4802,2305882,HK232_PH1007_L03,PH1007,2,False,,,7.0,,6.4,6.8,C+,2.5,True,2.26,2.38,Pass
4803,2381161,HK232_PH1007_L03,PH1007,2,False,,,7.9,,8.4,8.1,B+,3.5,True,3.97,3.98,Pass
4804,2312251,HK232_PH1007_L03,PH1007,2,False,,,6.3,,7.6,6.8,C+,2.5,True,3.0,3.05,Pass
4805,2339523,HK232_PH1007_L03,PH1007,2,False,,,6.1,,7.8,6.8,C+,2.5,True,2.68,2.61,Pass
4806,2305110,HK232_PH1007_L03,PH1007,2,False,,,6.6,,6.6,6.6,C+,2.5,True,2.83,2.84,Pass
4807,2385642,HK232_PH1007_L03,PH1007,2,False,,,8.6,,8.7,8.6,A,4.0,True,4.0,3.95,Pass
4808,2368490,HK232_PH1007_L03,PH1007,2,False,,,6.3,,6.2,6.3,C,2.0,True,2.44,2.48,Pass
4809,2365746,HK232_PH1007_L03,PH1007,2,False,,,7.8,,6.9,7.4,B,3.0,True,3.1,3.05,Pass
4810,2381933,HK232_PH1007_L03,PH1007,2,False,,,4.6,,4.8,4.7,D,1.0,True,1.47,1.55,Pass
4811,2375287,HK232_PH1007_L03,PH1007,2,False,,,4.4,,4.3,4.4,D,1.0,True,1.62,1.74,Pass
4812,2360107,HK232_PH1007_L03,PH1007,2,False,,,6.4,,5.7,6.1,C,2.0,True,2.18,2.09,Pass
4813,2348057,HK232_PH1007_L03,PH1007,2,False,,,8.3,,8.7,8.5,A,4.0,True,3.47,3.5,Pass
4814,2321406,HK232_PH1007_L03,PH1007,2,False,,,6.6,,5.8,6.3,C,2.0,True,2.44,2.7,Pass
4815,2330561,HK232_PH1007_L03,PH1007,2,False,,,8.2,,8.5,8.3,B+,3.5,True,3.87,3.83,Pass
4816,2324729,HK232_PH1007_L03,PH1007,2,False,,,6.6,,6.3,6.5,C+,2.5,True,2.73,2.74,Pass
4817,2383284,HK232_PH1007_L03,PH1007,2,False,,,6.1,,5.9,6.0,C,2.0,True,2.21,2.21,Pass
4818,2348485,HK232_PH1007_L03,PH1007,2,False,,,7.1,,7.3,7.2,B,3.0,True,3.24,3.26,Pass
4819,2358798,HK232_PH1007_L03,PH1007,2,False,,,4.4,,4.5,4.4,D,1.0,True,2.03,1.98,Pass
4820,2319669,HK232_PH1007_L03,PH1007,2,False,,,7.2,,6.0,6.7,C+,2.5,True,2.24,2.18,Pass
4821,2358177,HK232_PH1007_L03,PH1007,2,False,,,7.2,,5.8,6.6,C+,2.5,True,2.4,2.26,Pass
4822,2343190,HK232_PH1007_L03,PH1007,2,False,,,9.1,,8.7,8.9,A,4.0,True,4.0,4.0,Pass
4823,2342846,HK232_PH1007_L03,PH1007,2,False,,,6.6,,7.4,6.9,C+,2.5,True,2.91,2.89,Pass
4824,2336586,HK232_PH1007_L03,PH1007,2,False,,,5.8,,5.2,5.6,C,2.0,True,1.65,1.47,Pass
4825,2351573,HK232_PH1007_L03,PH1007,2,False,,,5.7,,6.3,5.9,C,2.0,True,2.47,2.41,Pass
4826,2341067,HK232_PH1007_L03,PH1007,2,False,,,7.1,,7.2,7.1,B,3.0,True,3.13,3.02,Pass
4827,2344583,HK232_PH1007_L03,PH1007,2,False,,,7.6,,6.0,7.0,B,3.0,True,3.0,2.92,Pass
4828,2345934,HK232_PH1007_L03,PH1007,2,False,,,3.8,,5.2,4.4,D,1.0,True,1.26,1.29,Pass
4829,2386565,HK232_PH1007_L03,PH1007,2,False,,,8.0,,7.1,7.6,B,3.0,True,2.88,2.91,Pass
4830,2377838,HK232_PH1007_L03,PH1007,2,False,,,6.3,,7.1,6.6,C+,2.5,True,2.56,2.48,Pass
4831,2397264,HK232_PH1007_L03,PH1007,2,False,,,5.9,,5.8,5.9,C,2.0,True,1.88,2.11,Pass
4832,2366174,HK232_PH1007_L03,PH1007,2,False,,,7.6,,10.0,8.6,A,4.0,True,3.87,3.93,Pass
4833,2384635,HK232_PH1007_L03,PH1007,2,False,,,8.1,,5.7,7.1,B,3.0,True,3.06,2.98,Pass
4834,2325887,HK232_PH1007_L03,PH1007,2,False,,,6.5,,7.0,6.7,C+,2.5,True,3.07,3.09,Pass
4835,2379382,HK232_PH1007_L03,PH1007,2,False,,,7.4,,6.2,6.9,C+,2.5,True,2.76,2.62,Pass
4836,2369069,HK232_PH1007_L03,PH1007,2,False,,,7.3,,6.9,7.1,B,3.0,True,2.91,3.05,Pass
4837,2303524,HK232_PH1007_L03,PH1007,2,False,,,7.5,,5.0,6.5,C+,2.5,True,3.2,3.1,Pass
4838,2324922,HK232_PH1007_L03,PH1007,2,False,,,6.8,,6.6,6.7,C+,2.5,True,2.68,2.48,Pass
4839,2310170,HK232_PH1007_L03,PH1007,2,False,,,7.5,,6.5,7.1,B,3.0,True,2.53,2.62,Pass
4840,2324150,HK232_PH1007_L03,PH1007,2,False,,,6.2,,7.1,6.6,C+,2.5,True,2.97,2.91,Pass
4841,2336779,HK232_PH1007_L03,PH1007,2,False,,,4.9,,3.9,4.5,D,1.0,True,1.71,1.64,Pass
4842,2396492,HK232_PH1007_L03,PH1007,2,False,,,6.8,,7.4,7.0,B,3.0,True,2.5,2.57,Pass
4843,2383670,HK232_PH1007_L03,PH1007,2,False,,,7.2,,7.0,7.1,B,3.0,True,3.21,3.23,Pass
4844,2383091,HK232_PH1007_L04,PH1007,2,False,,,5.9,,7.1,6.4,C+,2.5,True,2.68,2.58,Pass
4845,2366946,HK232_PH1007_L04,PH1007,2,False,,,7.2,,4.6,6.2,C,2.0,True,2.1,2.19,Pass
4846,2399815,HK232_PH1007_L04,PH1007,2,False,,,7.0,,4.9,6.2,C,2.0,True,2.56,2.8,Pass
4847,2345162,HK232_PH1007_L04,PH1007,2,False,,,7.9,,7.1,7.6,B,3.0,True,3.09,3.2,Pass
4848,2332919,HK232_PH1007_L04,PH1007,2,False,,,9.1,,8.3,8.8,A,4.0,True,3.7,3.6,Pass
4849,2359956,HK232_PH1007_L04,PH1007,2,False,,,6.2,,7.8,6.8,C+,2.5,True,3.41,3.32,Pass
4850,2379961,HK232_PH1007_L04,PH1007,2,False,,,4.6,,4.2,4.4,D,1.0,True,1.91,2.2,Pass
4851,2353545,HK232_PH1007_L04,PH1007,2,False,,,5.5,,5.8,5.6,C,2.0,True,1.68,1.68,Pass
4852,2364588,HK232_PH1007_L04,PH1007,2,False,,,9.4,,7.7,8.7,A,4.0,True,3.92,3.95,Pass
4853,2347327,HK232_PH1007_L04,PH1007,2,False,,,5.7,,5.8,5.7,C,2.0,True,2.68,2.48,Pass
4854,2322371,HK232_PH1007_L04,PH1007,2,False,,,10.0,,9.7,9.9,A+,4.0,True,3.89,3.94,Pass
4855,2370227,HK232_PH1007_L04,PH1007,2,False,,,6.9,,7.2,7.0,B,3.0,True,2.62,2.64,Pass
4856,2342653,HK232_PH1007_L04,PH1007,2,False,,,5.6,,6.0,5.8,C,2.0,True,2.47,2.39,Pass
4857,2364630,HK232_PH1007_L04,PH1007,2,False,,,8.3,,9.2,8.7,A,4.0,True,3.78,3.88,Pass
4858,2397071,HK232_PH1007_L04,PH1007,2,False,,,6.5,,5.7,6.2,C,2.0,True,2.15,2.12,Pass
4859,2337207,HK232_PH1007_L04,PH1007,2,False,,,6.8,,6.0,6.5,C+,2.5,True,2.88,2.82,Pass
4860,2337014,HK232_PH1007_L04,PH1007,2,False,,,7.7,,6.4,7.2,B,3.0,True,3.33,3.34,Pass
4861,2380196,HK232_PH1007_L04,PH1007,2,False,,,6.0,,5.7,5.9,C,2.0,True,2.21,2.14,Pass
4862,2332105,HK232_PH1007_L04,PH1007,2,False,,,9.2,,6.5,8.1,B+,3.5,True,3.97,3.98,Pass
4863,2322606,HK232_PH1007_L04,PH1007,2,False,,,6.3,,6.7,6.5,C+,2.5,True,2.5,2.38,Pass
4864,2337593,HK232_PH1007_L04,PH1007,2,False,,,4.6,,5.9,5.1,D+,1.5,True,2.15,2.14,Pass
4865,2332298,HK232_PH1007_L04,PH1007,2,False,,,6.8,,6.1,6.5,C+,2.5,True,2.44,2.35,Pass
4866,2326852,HK232_PH1007_L04,PH1007,2,False,,,8.5,,8.1,8.3,B+,3.5,True,3.83,3.91,Pass
4867,2333691,HK232_PH1007_L04,PH1007,2,False,,,5.3,,7.4,6.1,C,2.0,True,2.74,2.56,Pass
4868,2382512,HK232_PH1007_L04,PH1007,2,False,,,5.3,,3.6,4.6,D,1.0,True,1.74,1.76,Pass
4869,2353310,HK232_PH1007_L04,PH1007,2,False,,,6.2,,5.8,6.0,C,2.0,True,2.24,2.29,Pass
4870,2349794,HK232_PH1007_L04,PH1007,2,False,,,6.9,,6.4,6.7,C+,2.5,True,2.53,2.52,Pass
4871,2394797,HK232_PH1007_L04,PH1007,2,False,,,9.0,,8.3,8.7,A,4.0,True,3.35,3.18,Pass
4872,2342267,HK232_PH1007_L04,PH1007,2,False,,,9.3,,9.4,9.3,A,4.0,True,4.0,4.0,Pass
4873,2385986,HK232_PH1007_L04,PH1007,2,False,,,6.2,,7.9,6.9,C+,2.5,True,2.47,2.41,Pass
4874,2368876,HK232_PH1007_L04,PH1007,2,False,,,5.4,,6.0,5.6,C,2.0,True,2.12,1.94,Pass
4875,2389502,HK232_PH1007_L04,PH1007,2,False,,,7.6,,7.7,7.6,B,3.0,True,3.43,3.41,Pass
4876,2316774,HK232_PH1007_L04,PH1007,2,False,,,6.7,,5.5,6.2,C,2.0,True,2.43,2.41,Pass
4877,2394369,HK232_PH1007_L04,PH1007,2,False,,,5.0,,4.9,5.0,D+,1.5,True,1.88,1.55,Pass
4878,2358949,HK232_PH1007_L04,PH1007,2,False,,,6.2,,5.4,5.9,C,2.0,True,2.53,2.33,Pass
4879,2390853,HK232_PH1007_L04,PH1007,2,False,,,5.4,,6.4,5.8,C,2.0,True,2.12,2.29,Pass
4880,2373936,HK232_PH1007_L04,PH1007,2,False,,,2.7,,5.1,3.7,F,0.0,False,1.44,1.5,Fail
4881,2390123,HK232_PH1007_L04,PH1007,2,False,,,5.7,,6.9,6.2,C,2.0,True,2.06,2.11,Pass
4882,2353696,HK232_PH1007_L04,PH1007,2,False,,,8.4,,9.0,8.6,A,4.0,True,3.81,3.73,Pass
4883,2370655,HK232_PH1007_L04,PH1007,2,False,,,4.1,,4.9,4.4,D,1.0,True,1.85,1.85,Pass
4884,2302945,HK232_PH1007_L04,PH1007,2,False,,,5.3,,6.2,5.7,C,2.0,True,2.12,2.23,Pass
4885,2345741,HK232_PH1007_L04,PH1007,2,False,,,7.1,,5.8,6.6,C+,2.5,True,2.47,2.45,Pass
4886,2361114,HK232_PH1007_L04,PH1007,2,False,,,6.9,,5.9,6.5,C+,2.5,True,2.41,2.39,Pass
4887,2376101,HK232_PH1007_L04,PH1007,2,False,,,4.9,,4.8,4.9,D,1.0,True,2.12,2.0,Pass
4888,2335235,HK232_PH1007_L04,PH1007,2,False,,,8.6,,8.0,8.4,B+,3.5,True,3.97,3.86,Pass
4889,2326466,HK232_PH1007_L04,PH1007,2,False,,,4.9,,3.4,4.3,D,1.0,True,1.71,1.45,Pass
4890,2392053,HK232_PH1007_L04,PH1007,2,False,,,6.0,,7.2,6.5,C+,2.5,True,2.03,2.14,Pass
4891,2349601,HK232_PH1007_L04,PH1007,2,False,,,7.6,,7.2,7.4,B,3.0,True,3.0,3.05,Pass
4892,2313644,HK232_PH1007_L04,PH1007,2,False,,,6.2,,4.5,5.5,C,2.0,True,2.13,2.16,Pass
4893,2300973,HK232_PH1007_L04,PH1007,2,False,,,6.4,,7.3,6.8,C+,2.5,True,2.26,2.44,Pass
4894,2373978,HK232_PH1007_L04,PH1007,2,False,,,4.9,,6.1,5.4,D+,1.5,True,2.12,2.11,Pass
4895,2300780,HK232_PH1007_L04,PH1007,2,False,,,7.2,,7.3,7.2,B,3.0,True,3.5,3.26,Pass
4896,2308970,HK232_PH1007_L04,PH1007,2,False,,,7.1,,5.5,6.5,C+,2.5,True,2.76,2.88,Pass
4897,2301594,HK232_PH1007_L04,PH1007,2,False,,,3.6,,3.3,3.5,F,0.0,False,1.21,1.41,Fail
4898,2380968,HK232_PH1007_L04,PH1007,2,False,,,6.0,,6.2,6.1,C,2.0,True,2.35,2.53,Pass
4899,2363237,HK232_PH1007_L04,PH1007,2,False,,,5.0,,4.2,4.7,D,1.0,True,1.76,1.56,Pass
4900,2308005,HK232_PH1007_L04,PH1007,2,False,,,3.3,,4.4,3.7,F,0.0,False,0.68,1.12,Fail
4901,2328203,HK232_PH1007_L04,PH1007,2,False,,,6.2,,5.8,6.0,C,2.0,True,2.37,2.26,Pass
4902,2371813,HK232_PH1007_L04,PH1007,2,False,,,7.5,,8.4,7.9,B,3.0,True,3.0,3.2,Pass
4903,2340488,HK232_PH1007_L04,PH1007,2,False,,,10.0,,9.0,9.6,A+,4.0,True,4.0,4.0,Pass
4904,2392825,HK232_PH1007_L04,PH1007,2,False,,,5.9,,2.9,4.7,D,1.0,True,1.37,1.6,Pass
4905,2350222,HK232_PH1007_L04,PH1007,2,False,,,6.0,,6.1,6.0,C,2.0,True,2.32,2.14,Pass
4906,2347478,HK232_PH1007_L04,PH1007,2,False,,,7.5,,8.0,7.7,B,3.0,True,3.93,3.78,Pass
4907,2365788,HK232_PH1007_L04,PH1007,2,False,,,8.4,,7.7,8.1,B+,3.5,True,3.17,3.28,Pass
4908,2353889,HK232_PH1007_L04,PH1007,2,False,,,4.2,,5.0,4.5,D,1.0,True,1.85,1.8,Pass
4909,2372971,HK232_PH1007_L04,PH1007,2,False,,,5.0,,6.7,5.7,C,2.0,True,2.32,2.17,Pass
4910,2341453,HK232_PH1007_L04,PH1007,2,False,,,7.8,,6.3,7.2,B,3.0,True,3.12,3.14,Pass
4911,2336972,HK232_PH1007_L04,PH1007,2,False,,,4.3,,4.9,4.5,D,1.0,True,1.59,1.61,Pass
4912,2369304,HK232_PH1007_L04,PH1007,2,False,,,5.0,,4.1,4.6,D,1.0,True,2.06,2.05,Pass
4913,2379424,HK232_PH1007_L04,PH1007,2,False,,,7.3,,7.2,7.3,B,3.0,True,2.79,2.83,Pass
4914,2373550,HK232_PH1007_L04,PH1007,2,False,,,3.8,,4.8,4.2,D,1.0,True,1.94,2.0,Pass
4915,2316002,HK232_PH1007_L04,PH1007,2,False,,,4.7,,3.3,4.1,D,1.0,True,1.9,1.71,Pass
4916,2310128,HK232_PH1007_L04,PH1007,2,False,,,5.7,,7.1,6.3,C,2.0,True,1.44,1.52,Pass
4917,2363623,HK232_PH1007_L04,PH1007,2,False,,,6.3,,5.8,6.1,C,2.0,True,2.29,2.18,Pass
4918,2370806,HK232_PH1007_L04,PH1007,2,False,,,6.5,,6.8,6.6,C+,2.5,True,2.44,2.41,Pass
4919,2317353,HK232_PH1007_L04,PH1007,2,False,,,5.7,,6.5,6.0,C,2.0,True,2.63,2.66,Pass
4920,2312058,HK232_PH1007_L04,PH1007,2,False,,,8.8,,7.2,8.2,B+,3.5,True,3.2,3.17,Pass
4921,2372392,HK232_PH1007_L04,PH1007,2,False,,,7.4,,7.3,7.4,B,3.0,True,3.23,3.29,Pass
4922,2316388,HK232_PH1007_L04,PH1007,2,False,,,6.5,,5.7,6.2,C,2.0,True,2.88,2.92,Pass
4923,2343811,HK232_PH1007_L04,PH1007,2,False,,,4.6,,5.6,5.0,D+,1.5,True,2.47,2.27,Pass
4924,2360342,HK232_PH1007_L04,PH1007,2,False,,,3.5,,4.4,3.9,F,0.0,False,1.35,1.33,Fail
4925,2340874,HK232_PH1007_L04,PH1007,2,False,,,3.9,,4.3,4.1,D,1.0,True,1.29,1.32,Pass
4926,2396685,HK232_PH1007_L04,PH1007,2,False,,,3.1,,5.2,3.9,F,0.0,False,1.65,1.75,Fail
4927,2345548,HK232_PH1007_L04,PH1007,2,False,,,6.3,,5.6,6.0,C,2.0,True,2.41,2.38,Pass
4928,2333305,HK232_PH1007_L04,PH1007,2,False,,,7.0,,7.7,7.3,B,3.0,True,3.0,3.05,Pass
4929,2306847,HK232_PH1007_L04,PH1007,2,False,,,6.4,,4.8,5.8,C,2.0,True,2.0,2.05,Pass
4930,2308584,HK232_PH1007_L04,PH1007,2,False,,,5.7,,5.5,5.6,C,2.0,True,2.38,2.27,Pass
4931,2381354,HK232_PH1007_L04,PH1007,2,False,,,10.0,,8.9,9.6,A+,4.0,True,3.83,3.91,Pass
4932,2312100,HK232_PH1007_L04,PH1007,2,False,,,8.7,,6.9,8.0,B+,3.5,True,3.37,3.41,Pass
4933,2387958,HK232_PH1007_L04,PH1007,2,False,,,6.9,,7.0,6.9,C+,2.5,True,2.74,2.82,Pass
4934,2304682,HK232_PH1007_L04,PH1007,2,False,,,6.5,,6.8,6.6,C+,2.5,True,2.87,2.98,Pass
4935,2321062,HK232_PH1007_L04,PH1007,2,False,,,3.7,,4.3,3.9,F,0.0,False,0.59,1.14,Fail
4936,2321020,HK232_PH1007_L04,PH1007,2,False,,,5.2,,5.9,5.5,C,2.0,True,2.24,2.12,Pass
4937,2358991,HK232_PH1007_L04,PH1007,2,False,,,5.9,,6.0,5.9,C,2.0,True,2.6,2.43,Pass
4938,2395527,HK232_PH1007_L04,PH1007,2,False,,,5.8,,4.6,5.3,D+,1.5,True,1.94,1.86,Pass
4939,2375480,HK232_PH1007_L04,PH1007,2,False,,,8.3,,9.3,8.7,A,4.0,True,3.89,3.88,Pass
4940,2300050,HK232_PH1007_L04,PH1007,2,False,,,7.2,,8.8,7.8,B,3.0,True,3.27,3.28,Pass
4941,2328245,HK232_PH1007_L04,PH1007,2,False,,,5.3,,5.8,5.5,C,2.0,True,2.32,2.38,Pass
4942,2334270,HK232_PH1007_L04,PH1007,2,False,,,5.9,,4.6,5.4,D+,1.5,True,2.35,2.45,Pass
4943,2305647,HK232_PH1007_L04,PH1007,2,False,,,7.3,,6.7,7.1,B,3.0,True,3.35,3.3,Pass
4944,2381740,HK232_PH1007_L04,PH1007,2,False,,,4.3,,6.7,5.3,D+,1.5,True,2.47,2.29,Pass
4945,2348443,HK232_PH1007_L04,PH1007,2,False,,,6.1,,5.3,5.8,C,2.0,True,1.56,1.52,Pass
4946,2358026,HK232_PH1007_L04,PH1007,2,False,,,5.4,,4.8,5.2,D+,1.5,True,2.03,2.06,Pass
4947,2329789,HK232_PH1007_L04,PH1007,2,False,,,7.9,,7.4,7.7,B,3.0,True,3.93,3.9,Pass
4948,2389116,HK232_PH1007_L04,PH1007,2,False,,,8.5,,7.4,8.1,B+,3.5,True,2.93,3.03,Pass
4949,2386993,HK232_PH1007_L04,PH1007,2,False,,,4.7,,4.9,4.8,D,1.0,True,1.97,2.03,Pass
4950,2399429,HK232_PH1007_L04,PH1007,2,False,,,6.4,,5.8,6.2,C,2.0,True,2.32,2.2,Pass
4951,2333842,HK232_PH1007_L04,PH1007,2,False,,,8.0,,6.4,7.4,B,3.0,True,3.33,3.24,Pass
4952,2385793,HK232_PH1007_L04,PH1007,2,False,,,5.3,,6.1,5.6,C,2.0,True,1.77,1.84,Pass
4953,2359377,HK232_PH1007_L04,PH1007,2,False,,,6.9,,5.4,6.3,C,2.0,True,2.47,2.44,Pass
4954,2350608,HK232_PH1007_L04,PH1007,2,False,,,6.8,,5.2,6.2,C,2.0,True,2.29,2.41,Pass
4955,2364437,HK232_PH1007_L04,PH1007,2,False,,,8.1,,9.0,8.5,A,4.0,True,3.23,3.38,Pass
4956,2348099,HK232_PH1007_L04,PH1007,2,False,,,7.7,,7.2,7.5,B,3.0,True,3.13,3.07,Pass
4957,2331761,HK232_PH1007_L04,PH1007,2,False,,,6.3,,5.0,5.8,C,2.0,True,1.91,1.95,Pass
4958,2336821,HK232_PH1007_L04,PH1007,2,False,,,6.2,,8.1,7.0,B,3.0,True,3.09,3.14,Pass
4959,2325115,HK232_PH1007_L05,PH1007,2,False,,,5.7,,5.7,5.7,C,2.0,True,2.35,2.23,Pass
4960,2348678,HK232_PH1007_L05,PH1007,2,False,,,6.4,,4.6,5.7,C,2.0,True,2.09,1.98,Pass
4961,2368339,HK232_PH1007_L05,PH1007,2,False,,,4.3,,3.4,3.9,F,0.0,False,0.7,1.0,Fail
4962,2351959,HK232_PH1007_L05,PH1007,2,False,,,4.1,,4.9,4.4,D,1.0,True,1.82,1.92,Pass
4963,2357791,HK232_PH1007_L05,PH1007,2,False,,,5.1,,5.0,5.1,D+,1.5,True,1.76,1.7,Pass
4964,2376294,HK232_PH1007_L05,PH1007,2,False,,,6.0,,6.7,6.3,C,2.0,True,2.47,2.36,Pass
4965,2311328,HK232_PH1007_L05,PH1007,2,False,,,6.7,,6.7,6.7,C+,2.5,True,2.71,2.62,Pass
4966,2327666,HK232_PH1007_L05,PH1007,2,False,,,3.8,,3.9,3.8,F,0.0,False,0.62,1.09,Fail
4967,2343383,HK232_PH1007_L05,PH1007,2,False,,,6.0,,5.2,5.7,C,2.0,True,2.0,1.83,Pass
4968,2332491,HK232_PH1007_L05,PH1007,2,False,,,8.0,,8.2,8.1,B+,3.5,True,3.97,3.98,Pass
4969,2365016,HK232_PH1007_L05,PH1007,2,False,,,9.5,,7.9,8.9,A,4.0,True,4.0,4.0,Pass
4970,2304103,HK232_PH1007_L05,PH1007,2,False,,,6.1,,5.6,5.9,C,2.0,True,1.82,1.76,Pass
4971,2329403,HK232_PH1007_L05,PH1007,2,False,,,7.3,,8.9,7.9,B,3.0,True,3.23,3.31,Pass
4972,2301745,HK232_PH1007_L05,PH1007,2,False,,,7.5,,6.9,7.3,B,3.0,True,2.74,2.71,Pass
4973,2368918,HK232_PH1007_L05,PH1007,2,False,,,3.0,,5.5,4.0,D,1.0,True,1.29,1.59,Pass
4974,2310321,HK232_PH1007_L05,PH1007,2,False,,,7.7,,7.4,7.6,B,3.0,True,2.59,2.64,Pass
4975,2366753,HK232_PH1007_L05,PH1007,2,False,,,8.8,,10.0,9.3,A,4.0,True,4.0,4.0,Pass
4976,2349450,HK232_PH1007_L05,PH1007,2,False,,,6.4,,5.3,6.0,C,2.0,True,3.06,3.03,Pass
4977,2371041,HK232_PH1007_L05,PH1007,2,False,,,6.6,,7.1,6.8,C+,2.5,True,3.29,3.24,Pass
4978,2300201,HK232_PH1007_L05,PH1007,2,False,,,7.5,,6.2,7.0,B,3.0,True,3.35,3.12,Pass
4979,2358370,HK232_PH1007_L05,PH1007,2,False,,,9.4,,7.4,8.6,A,4.0,True,3.8,3.66,Pass
4980,2352538,HK232_PH1007_L05,PH1007,2,False,,,6.1,,6.1,6.1,C,2.0,True,2.09,2.2,Pass
4981,2332726,HK232_PH1007_L05,PH1007,2,False,,,5.9,,6.6,6.2,C,2.0,True,2.41,2.33,Pass
4982,2368532,HK232_PH1007_L05,PH1007,2,False,,,4.0,,4.9,4.4,D,1.0,True,1.74,1.67,Pass
4983,2323185,HK232_PH1007_L05,PH1007,2,False,,,5.6,,6.2,5.8,C,2.0,True,2.37,2.4,Pass
4984,2307384,HK232_PH1007_L05,PH1007,2,False,,,5.3,,5.6,5.4,D+,1.5,True,1.85,1.56,Pass
4985,2396106,HK232_PH1007_L05,PH1007,2,False,,,5.9,,7.0,6.3,C,2.0,True,2.94,2.97,Pass
4986,2348829,HK232_PH1007_L05,PH1007,2,False,,,7.6,,6.8,7.3,B,3.0,True,3.18,3.17,Pass
4987,2389544,HK232_PH1007_L05,PH1007,2,False,,,5.6,,5.0,5.4,D+,1.5,True,2.29,2.26,Pass
4988,2361307,HK232_PH1007_L05,PH1007,2,False,,,5.1,,5.9,5.4,D+,1.5,True,2.24,2.33,Pass
4989,2321985,HK232_PH1007_L05,PH1007,2,False,,,7.6,,7.7,7.6,B,3.0,True,3.13,3.26,Pass
4990,2337551,HK232_PH1007_L05,PH1007,2,False,,,7.5,,8.4,7.9,B,3.0,True,3.7,3.79,Pass
4991,2302131,HK232_PH1007_L05,PH1007,2,False,,,5.7,,5.5,5.6,C,2.0,True,1.88,1.92,Pass
4992,2348292,HK232_PH1007_L05,PH1007,2,False,,,7.4,,7.5,7.4,B,3.0,True,3.1,3.07,Pass
4993,2309163,HK232_PH1007_L05,PH1007,2,False,,,9.1,,8.1,8.7,A,4.0,True,3.87,3.93,Pass
4994,2323336,HK232_PH1007_L05,PH1007,2,False,,,6.4,,6.1,6.3,C,2.0,True,2.38,2.44,Pass
4995,2339716,HK232_PH1007_L05,PH1007,2,False,,,4.9,,4.8,4.9,D,1.0,True,1.88,1.88,Pass
4996,2369455,HK232_PH1007_L05,PH1007,2,False,,,7.9,,9.1,8.4,B+,3.5,True,3.97,3.93,Pass
4997,2313451,HK232_PH1007_L05,PH1007,2,False,,,8.3,,6.6,7.6,B,3.0,True,3.37,3.21,Pass
4998,2312679,HK232_PH1007_L05,PH1007,2,False,,,5.7,,5.7,5.7,C,2.0,True,1.85,1.88,Pass
4999,2342460,HK232_PH1007_L05,PH1007,2,False,,,6.9,,5.9,6.5,C+,2.5,True,2.44,2.38,Pass
5000,2382126,HK232_PH1007_L05,PH1007,2,False,,,7.4,,7.6,7.5,B,3.0,True,2.76,2.65,Pass
5001,2386221,HK232_PH1007_L05,PH1007,2,False,,,8.9,,9.1,9.0,A,4.0,True,3.83,3.91,Pass
5002,2354468,HK232_PH1007_L05,PH1007,2,False,,,5.2,,5.1,5.2,D+,1.5,True,1.5,1.5,Pass
5003,2346513,HK232_PH1007_L05,PH1007,2,False,,,5.2,,6.7,5.8,C,2.0,True,1.85,1.77,Pass
5004,2392632,HK232_PH1007_L05,PH1007,2,False,,,7.0,,5.9,6.6,C+,2.5,True,1.97,1.86,Pass
5005,2303138,HK232_PH1007_L05,PH1007,2,False,,,9.8,,8.2,9.2,A,4.0,True,3.2,3.29,Pass
5006,2326701,HK232_PH1007_L05,PH1007,2,False,,,7.1,,8.3,7.6,B,3.0,True,3.17,3.16,Pass
5007,2328052,HK232_PH1007_L05,PH1007,2,False,,,4.9,,3.6,4.4,D,1.0,True,2.12,2.14,Pass
5008,2311479,HK232_PH1007_L05,PH1007,2,False,,,6.8,,8.0,7.3,B,3.0,True,2.74,2.7,Pass
5009,2337786,HK232_PH1007_L05,PH1007,2,False,,,7.1,,7.5,7.3,B,3.0,True,3.24,3.24,Pass
5010,2362079,HK232_PH1007_L05,PH1007,2,False,,,7.8,,7.1,7.5,B,3.0,True,3.2,3.14,Pass
5011,2357984,HK232_PH1007_L05,PH1007,2,False,,,6.9,,6.9,6.9,C+,2.5,True,2.83,3.03,Pass
5012,2336007,HK232_PH1007_L05,PH1007,2,False,,,5.7,,6.6,6.1,C,2.0,True,2.26,2.18,Pass
5013,2315423,HK232_PH1007_L05,PH1007,2,False,,,5.6,,5.5,5.6,C,2.0,True,1.82,1.67,Pass
5014,2396534,HK232_PH1007_L05,PH1007,2,False,,,6.7,,6.6,6.7,C+,2.5,True,2.41,2.47,Pass
5015,2330754,HK232_PH1007_L05,PH1007,2,False,,,7.6,,8.8,8.1,B+,3.5,True,3.97,3.98,Pass
5016,2308198,HK232_PH1007_L05,PH1007,2,False,,,4.1,,2.2,3.3,F,0.0,False,0.19,1.0,Fail
5017,2370076,HK232_PH1007_L05,PH1007,2,False,,,7.3,,7.4,7.3,B,3.0,True,3.83,3.86,Pass
5018,2341839,HK232_PH1007_L05,PH1007,2,False,,,5.6,,5.9,5.7,C,2.0,True,2.35,2.41,Pass
5019,2384677,HK232_PH1007_L05,PH1007,2,False,,,3.9,,5.0,4.3,D,1.0,True,2.43,2.24,Pass
5020,2395183,HK232_PH1007_L05,PH1007,2,False,,,6.4,,4.3,5.6,C,2.0,True,2.21,2.21,Pass
5021,2385063,HK232_PH1007_L05,PH1007,2,False,,,6.0,,5.8,5.9,C,2.0,True,1.73,1.86,Pass
5022,2363279,HK232_PH1007_L05,PH1007,2,False,,,9.1,,9.0,9.1,A,4.0,True,3.53,3.34,Pass
5023,2347864,HK232_PH1007_L05,PH1007,2,False,,,5.7,,3.4,4.8,D,1.0,True,1.43,1.55,Pass
5024,2326315,HK232_PH1007_L05,PH1007,2,False,,,5.9,,7.2,6.4,C+,2.5,True,2.47,2.72,Pass
5025,2331912,HK232_PH1007_L05,PH1007,2,False,,,5.3,,4.6,5.0,D+,1.5,True,2.15,2.24,Pass
5026,2308777,HK232_PH1007_L05,PH1007,2,False,,,5.8,,6.6,6.1,C,2.0,True,2.41,2.42,Pass
5027,2364051,HK232_PH1007_L05,PH1007,2,False,,,6.7,,6.3,6.5,C+,2.5,True,2.5,2.33,Pass
5028,2368146,HK232_PH1007_L05,PH1007,2,False,,,8.2,,7.1,7.8,B,3.0,True,3.47,3.38,Pass
5029,2353738,HK232_PH1007_L05,PH1007,2,False,,,5.6,,6.0,5.8,C,2.0,True,1.43,1.75,Pass
5030,2306419,HK232_PH1007_L05,PH1007,2,False,,,7.0,,7.5,7.2,B,3.0,True,3.1,3.19,Pass
5031,2308391,HK232_PH1007_L05,PH1007,2,False,,,9.1,,8.2,8.7,A,4.0,True,3.69,3.78,Pass
5032,2362851,HK232_PH1007_L05,PH1007,2,False,,,5.6,,6.2,5.8,C,2.0,True,2.56,2.45,Pass
5033,2327624,HK232_PH1007_L05,PH1007,2,False,,,9.7,,9.6,9.7,A+,4.0,True,4.0,4.0,Pass
5034,2394176,HK232_PH1007_L05,PH1007,2,False,,,5.1,,6.1,5.5,C,2.0,True,2.09,2.03,Pass
5035,2339095,HK232_PH1007_L05,PH1007,2,False,,,6.3,,5.4,5.9,C,2.0,True,2.5,2.42,Pass
5036,2333649,HK232_PH1007_L05,PH1007,2,False,,,8.7,,9.3,8.9,A,4.0,True,3.92,3.95,Pass
5037,2313023,HK232_PH1007_L05,PH1007,2,False,,,5.8,,5.1,5.5,C,2.0,True,1.5,1.59,Pass
5038,2354317,HK232_PH1007_L05,PH1007,2,False,,,5.2,,5.9,5.5,C,2.0,True,1.97,2.15,Pass
5039,2306654,HK232_PH1007_L05,PH1007,2,False,,,4.6,,3.4,4.1,D,1.0,True,1.23,1.31,Pass
5040,2349257,HK232_PH1007_L05,PH1007,2,False,,,8.8,,9.3,9.0,A,4.0,True,4.0,4.0,Pass
5041,2394990,HK232_PH1007_L05,PH1007,2,False,,,4.1,,3.9,4.0,D,1.0,True,1.44,1.44,Pass
5042,2395913,HK232_PH1007_L05,PH1007,2,False,,,8.1,,7.7,7.9,B,3.0,True,3.3,3.24,Pass
5043,2321599,HK232_PH1007_L05,PH1007,2,False,,,7.1,,7.1,7.1,B,3.0,True,2.79,2.67,Pass
5044,2357640,HK232_PH1007_L05,PH1007,2,False,,,6.8,,8.7,7.6,B,3.0,True,3.7,3.6,Pass
5045,2314609,HK232_PH1007_L05,PH1007,2,False,,,5.8,,4.3,5.2,D+,1.5,True,1.85,1.82,Pass
5046,2334463,HK232_PH1007_L05,PH1007,2,False,,,5.8,,5.7,5.8,C,2.0,True,2.5,2.56,Pass
5047,2394755,HK232_PH1007_L05,PH1007,2,False,,,6.6,,5.1,6.0,C,2.0,True,2.47,2.29,Pass
5048,2337358,HK232_PH1007_L05,PH1007,2,False,,,9.0,,7.8,8.5,A,4.0,True,3.53,3.55,Pass
5049,2395569,HK232_PH1007_L05,PH1007,2,False,,,5.9,,5.6,5.8,C,2.0,True,2.62,2.53,Pass
5050,2389351,HK232_PH1007_L05,PH1007,2,False,,,5.2,,5.2,5.2,D+,1.5,True,2.26,2.2,Pass
5051,2317890,HK232_PH1007_L05,PH1007,2,False,,,9.2,,8.2,8.8,A,4.0,True,3.87,3.83,Pass
5052,2354661,HK232_PH1007_L05,PH1007,2,False,,,7.0,,5.2,6.3,C,2.0,True,2.65,2.42,Pass
5053,2301208,HK232_PH1007_L05,PH1007,2,False,,,5.8,,6.9,6.2,C,2.0,True,2.56,2.68,Pass
5054,2338709,HK232_PH1007_L05,PH1007,2,False,,,6.8,,5.1,6.1,C,2.0,True,2.24,2.17,Pass
5055,2302173,HK232_PH1007_L05,PH1007,2,False,,,3.1,,4.3,3.6,F,0.0,False,0.55,1.0,Fail
5056,2381547,HK232_PH1007_L05,PH1007,2,False,,,5.5,,4.4,5.1,D+,1.5,True,2.06,1.8,Pass
5057,2384484,HK232_PH1007_L05,PH1007,2,False,,,6.9,,7.8,7.3,B,3.0,True,2.5,2.44,Pass
5058,2310556,HK232_PH1007_L05,PH1007,2,False,,,6.0,,6.5,6.2,C,2.0,True,2.21,2.15,Pass
5059,2380540,HK232_PH1007_L05,PH1007,2,False,,,5.0,,5.1,5.0,D+,1.5,True,1.82,1.92,Pass
5060,2391239,HK232_PH1007_L05,PH1007,2,False,,,5.3,,4.2,4.9,D,1.0,True,1.71,2.0,Pass
5061,2367525,HK232_PH1007_L05,PH1007,2,False,,,8.3,,8.7,8.5,A,4.0,True,3.17,3.03,Pass
5062,2316581,HK232_PH1007_L05,PH1007,2,False,,,8.5,,6.9,7.9,B,3.0,True,3.23,3.14,Pass
5063,2331568,HK232_PH1007_L05,PH1007,2,False,,,4.7,,4.6,4.7,D,1.0,True,1.33,1.34,Pass
5064,2373357,HK232_PH1007_L05,PH1007,2,False,,,7.1,,7.5,7.3,B,3.0,True,3.23,3.26,Pass
5065,2392246,HK232_PH1007_L05,PH1007,2,False,,,6.8,,7.0,6.9,C+,2.5,True,3.2,3.16,Pass
5066,2359570,HK232_PH1007_L05,PH1007,2,False,,,5.0,,6.2,5.5,C,2.0,True,2.12,2.14,Pass
5067,2398078,HK232_PH1007_L05,PH1007,2,False,,,4.9,,6.9,5.7,C,2.0,True,2.29,2.2,Pass
5068,2335621,HK232_PH1007_L05,PH1007,2,False,,,4.8,,4.0,4.5,D,1.0,True,1.5,1.53,Pass
5069,2305689,HK232_PH1007_L05,PH1007,2,False,,,7.7,,7.6,7.7,B,3.0,True,3.5,3.26,Pass
5070,2307040,HK232_PH1007_L05,PH1007,2,False,,,6.4,,8.2,7.1,B,3.0,True,3.2,3.17,Pass
5071,2325308,HK232_PH1007_L05,PH1007,2,False,,,5.7,,5.1,5.5,C,2.0,True,1.94,2.09,Pass
5072,2303331,HK232_PH1007_L05,PH1007,2,False,,,6.6,,6.7,6.6,C+,2.5,True,2.71,2.52,Pass
5073,2384098,HK232_PH1007_L05,PH1007,2,False,,,6.3,,5.1,5.8,C,2.0,True,2.09,2.23,Pass
5074,2333112,HK232_PH1007_L06,PH1007,2,False,,,8.6,,8.0,8.4,B+,3.5,True,3.29,3.14,Pass
5075,2345355,HK232_PH1007_L06,PH1007,2,False,,,7.8,,6.8,7.4,B,3.0,True,3.33,3.36,Pass
5076,2309935,HK232_PH1007_L06,PH1007,2,False,,,8.1,,9.8,8.8,A,4.0,True,4.0,4.0,Pass
5077,2306998,HK232_PH1007_L06,PH1007,2,False,,,6.8,,6.9,6.8,C+,2.5,True,2.76,2.56,Pass
5078,2336200,HK232_PH1007_L06,PH1007,2,False,,,6.1,,4.7,5.5,C,2.0,True,2.0,2.12,Pass
5079,2391281,HK232_PH1007_L06,PH1007,2,False,,,6.2,,4.8,5.6,C,2.0,True,2.0,2.0,Pass
5080,2330947,HK232_PH1007_L06,PH1007,2,False,,,6.8,,6.8,6.8,C+,2.5,True,3.18,3.18,Pass
5081,2320827,HK232_PH1007_L06,PH1007,2,False,,,7.4,,7.8,7.6,B,3.0,True,3.1,3.19,Pass
5082,2386414,HK232_PH1007_L06,PH1007,2,False,,,7.7,,7.5,7.6,B,3.0,True,3.0,3.02,Pass
5083,2335814,HK232_PH1007_L06,PH1007,2,False,,,6.3,,6.8,6.5,C+,2.5,True,2.6,2.57,Pass
5084,2326122,HK232_PH1007_L06,PH1007,2,False,,,7.4,,6.4,7.0,B,3.0,True,3.33,3.22,Pass
5085,2358605,HK232_PH1007_L06,PH1007,2,False,,,7.2,,6.4,6.9,C+,2.5,True,2.44,2.35,Pass
5086,2385256,HK232_PH1007_L06,PH1007,2,False,,,4.3,,5.7,4.9,D,1.0,True,2.2,2.1,Pass
5087,2309549,HK232_PH1007_L06,PH1007,2,False,,,9.9,,7.1,8.8,A,4.0,True,4.0,4.0,Pass
5088,2372778,HK232_PH1007_L06,PH1007,2,False,,,5.4,,6.1,5.7,C,2.0,True,2.44,2.2,Pass
5089,2365981,HK232_PH1007_L06,PH1007,2,False,,,4.7,,5.2,4.9,D,1.0,True,1.68,1.76,Pass
5090,2343576,HK232_PH1007_L06,PH1007,2,False,,,7.1,,6.6,6.9,C+,2.5,True,3.21,3.21,Pass
5091,2343039,HK232_PH1007_L06,PH1007,2,False,,,8.8,,8.5,8.7,A,4.0,True,3.63,3.71,Pass
5092,2389930,HK232_PH1007_L06,PH1007,2,False,,,5.8,,6.9,6.2,C,2.0,True,2.13,2.19,Pass
5093,2311865,HK232_PH1007_L06,PH1007,2,False,,,5.4,,6.5,5.8,C,2.0,True,2.21,2.41,Pass
5094,2342804,HK232_PH1007_L06,PH1007,2,False,,,4.0,,6.3,4.9,D,1.0,True,2.15,2.18,Pass
5095,2335428,HK232_PH1007_L06,PH1007,2,False,,,7.8,,8.0,7.9,B,3.0,True,3.6,3.52,Pass
5096,2326273,HK232_PH1007_L06,PH1007,2,False,,,6.0,,5.6,5.8,C,2.0,True,2.47,2.36,Pass
5097,2342225,HK232_PH1007_L06,PH1007,2,False,,,6.6,,3.3,5.3,D+,1.5,True,1.56,1.71,Pass
5098,2359142,HK232_PH1007_L06,PH1007,2,False,,,4.5,,4.4,4.5,D,1.0,True,1.79,1.64,Pass
5099,2311521,HK232_PH1007_L06,PH1007,2,False,,,6.8,,7.2,7.0,B,3.0,True,3.37,3.31,Pass
5100,2349836,HK232_PH1007_L06,PH1007,2,False,,,4.5,,5.9,5.1,D+,1.5,True,2.3,2.36,Pass
5101,2394604,HK232_PH1007_L06,PH1007,2,False,,,6.9,,6.4,6.7,C+,2.5,True,2.47,2.35,Pass
5102,2364009,HK232_PH1007_L06,PH1007,2,False,,,9.0,,7.7,8.5,A,4.0,True,3.47,3.26,Pass
5103,2301938,HK232_PH1007_L06,PH1007,2,False,,,8.8,,7.5,8.3,B+,3.5,True,3.32,3.44,Pass
5104,2316195,HK232_PH1007_L06,PH1007,2,False,,,5.5,,5.2,5.4,D+,1.5,True,2.09,2.21,Pass
5105,2362658,HK232_PH1007_L06,PH1007,2,False,,,7.8,,7.2,7.6,B,3.0,True,2.9,3.02,Pass
5106,2389309,HK232_PH1007_L06,PH1007,2,False,,,5.5,,7.5,6.3,C,2.0,True,2.83,2.91,Pass
5107,2358756,HK232_PH1007_L06,PH1007,2,False,,,9.0,,9.1,9.0,A,4.0,True,4.0,4.0,Pass
5108,2351766,HK232_PH1007_L06,PH1007,2,False,,,5.6,,4.7,5.2,D+,1.5,True,1.79,1.77,Pass
5109,2390316,HK232_PH1007_L06,PH1007,2,False,,,5.5,,6.7,6.0,C,2.0,True,2.21,2.21,Pass
5110,2380154,HK232_PH1007_L06,PH1007,2,False,,,4.5,,4.7,4.6,D,1.0,True,1.8,1.84,Pass
5111,2390895,HK232_PH1007_L06,PH1007,2,False,,,4.5,,5.2,4.8,D,1.0,True,1.65,1.55,Pass
5112,2367332,HK232_PH1007_L06,PH1007,2,False,,,5.6,,6.8,6.1,C,2.0,True,3.06,2.95,Pass
5113,2356247,HK232_PH1007_L06,PH1007,2,False,,,7.7,,9.6,8.5,A,4.0,True,3.67,3.69,Pass
5114,2338944,HK232_PH1007_L06,PH1007,2,False,,,8.1,,7.0,7.7,B,3.0,True,3.33,3.34,Pass
5115,2395376,HK232_PH1007_L06,PH1007,2,False,,,8.1,,7.5,7.9,B,3.0,True,3.13,3.12,Pass
5116,2324343,HK232_PH1007_L06,PH1007,2,False,,,5.7,,5.2,5.5,C,2.0,True,2.29,2.26,Pass
5117,2384056,HK232_PH1007_L06,PH1007,2,False,,,5.7,,6.8,6.1,C,2.0,True,2.32,2.17,Pass
5118,2386758,HK232_PH1007_L06,PH1007,2,False,,,7.3,,7.6,7.4,B,3.0,True,3.37,3.31,Pass
5119,2350801,HK232_PH1007_L06,PH1007,2,False,,,9.1,,7.1,8.3,B+,3.5,True,3.15,3.2,Pass
5120,2377645,HK232_PH1007_L06,PH1007,2,False,,,4.2,,3.4,3.9,F,0.0,False,1.71,1.66,Fail
5121,2362272,HK232_PH1007_L06,PH1007,2,False,,,5.9,,5.8,5.9,C,2.0,True,2.29,2.23,Pass
5122,2379231,HK232_PH1007_L06,PH1007,2,False,,,8.5,,7.5,8.1,B+,3.5,True,3.89,3.83,Pass
5123,2354082,HK232_PH1007_L06,PH1007,2,False,,,6.8,,7.1,6.9,C+,2.5,True,2.97,2.97,Pass
5124,2378031,HK232_PH1007_L06,PH1007,2,False,,,8.5,,9.0,8.7,A,4.0,True,4.0,4.0,Pass
5125,2312637,HK232_PH1007_L06,PH1007,2,False,,,4.4,,3.3,4.0,D,1.0,True,0.4,1.0,Pass
5126,2326080,HK232_PH1007_L06,PH1007,2,False,,,6.9,,4.5,5.9,C,2.0,True,2.21,2.24,Pass
5127,2337937,HK232_PH1007_L06,PH1007,2,False,,,5.6,,5.9,5.7,C,2.0,True,1.4,1.71,Pass
5128,2356826,HK232_PH1007_L06,PH1007,2,False,,,7.6,,6.5,7.2,B,3.0,True,2.62,2.62,Pass
5129,2323571,HK232_PH1007_L06,PH1007,2,False,,,8.7,,9.3,8.9,A,4.0,True,4.0,3.95,Pass
5130,2331333,HK232_PH1007_L06,PH1007,2,False,,,5.7,,7.5,6.4,C+,2.5,True,2.06,2.08,Pass
5131,2399664,HK232_PH1007_L06,PH1007,2,False,,,5.8,,5.0,5.5,C,2.0,True,2.41,2.5,Pass
5132,2347906,HK232_PH1007_L06,PH1007,2,False,,,6.3,,6.7,6.5,C+,2.5,True,3.0,3.18,Pass
5133,2355668,HK232_PH1007_L06,PH1007,2,False,,,6.9,,6.0,6.5,C+,2.5,True,2.47,2.33,Pass
5134,2364202,HK232_PH1007_L06,PH1007,2,False,,,5.3,,3.6,4.6,D,1.0,True,1.97,1.77,Pass
5135,2333456,HK232_PH1007_L06,PH1007,2,False,,,5.3,,5.5,5.4,D+,1.5,True,1.47,1.5,Pass
5136,2317160,HK232_PH1007_L06,PH1007,2,False,,,9.3,,7.7,8.7,A,4.0,True,3.4,3.45,Pass
5137,2301787,HK232_PH1007_L06,PH1007,2,False,,,4.8,,5.9,5.2,D+,1.5,True,1.97,2.02,Pass
5138,2301552,HK232_PH1007_L06,PH1007,2,False,,,6.0,,5.2,5.7,C,2.0,True,2.23,2.43,Pass
5139,2360921,HK232_PH1007_L06,PH1007,2,False,,,5.7,,6.8,6.1,C,2.0,True,2.59,2.53,Pass
5140,2301015,HK232_PH1007_L06,PH1007,2,False,,,5.4,,4.5,5.0,D+,1.5,True,1.29,1.33,Pass
5141,2399236,HK232_PH1007_L06,PH1007,2,False,,,7.8,,6.5,7.3,B,3.0,True,3.93,3.97,Pass
5142,2355282,HK232_PH1007_L06,PH1007,2,False,,,6.2,,7.0,6.5,C+,2.5,True,2.87,3.0,Pass
5143,2328438,HK232_PH1007_L06,PH1007,2,False,,,7.7,,8.2,7.9,B,3.0,True,3.93,3.9,Pass
5144,2305261,HK232_PH1007_L06,PH1007,2,False,,,8.9,,9.4,9.1,A,4.0,True,4.0,3.95,Pass
5145,2318276,HK232_PH1007_L06,PH1007,2,False,,,6.3,,6.4,6.3,C,2.0,True,2.6,2.55,Pass
5146,2387186,HK232_PH1007_L06,PH1007,2,False,,,6.0,,4.3,5.3,D+,1.5,True,2.12,2.21,Pass
5147,2352580,HK232_PH1007_L06,PH1007,2,False,,,3.5,,3.9,3.7,F,0.0,False,2.0,2.08,Fail
5148,2305496,HK232_PH1007_L06,PH1007,2,False,,,5.9,,5.4,5.7,C,2.0,True,2.29,2.32,Pass
5149,2359763,HK232_PH1007_L06,PH1007,2,False,,,6.2,,5.8,6.0,C,2.0,True,2.47,2.5,Pass
5150,2370034,HK232_PH1007_L06,PH1007,2,False,,,4.6,,4.4,4.5,D,1.0,True,1.79,1.79,Pass
5151,2375329,HK232_PH1007_L06,PH1007,2,False,,,7.8,,6.6,7.3,B,3.0,True,3.0,3.05,Pass
5152,2390467,HK232_PH1007_L06,PH1007,2,False,,,7.7,,7.4,7.6,B,3.0,True,3.0,2.94,Pass
5153,2346127,HK232_PH1007_L06,PH1007,2,False,,,5.8,,6.6,6.1,C,2.0,True,2.56,2.29,Pass
5154,2324536,HK232_PH1007_L06,PH1007,2,False,,,5.6,,6.7,6.0,C,2.0,True,2.15,2.39,Pass
5155,2302752,HK232_PH1007_L06,PH1007,2,False,,,6.0,,5.5,5.8,C,2.0,True,1.35,1.65,Pass
5156,2376059,HK232_PH1007_L06,PH1007,2,False,,,3.7,,5.8,4.5,D,1.0,True,1.93,1.93,Pass
5157,2302517,HK232_PH1007_L06,PH1007,2,False,,,3.7,,3.2,3.5,F,0.0,False,0.74,1.06,Fail
5158,2328396,HK232_PH1007_L06,PH1007,2,False,,,6.9,,6.6,6.8,C+,2.5,True,2.67,2.78,Pass
5159,2327859,HK232_PH1007_L06,PH1007,2,False,,,3.9,,4.2,4.0,D,1.0,True,1.74,1.65,Pass
5160,2391667,HK232_PH1007_L06,PH1007,2,False,,,7.5,,6.7,7.2,B,3.0,True,3.09,3.05,Pass
5161,2304875,HK232_PH1007_L06,PH1007,2,False,,,4.3,,4.5,4.4,D,1.0,True,1.71,1.58,Pass
5162,2344541,HK232_PH1007_L06,PH1007,2,False,,,6.5,,6.1,6.3,C,2.0,True,2.4,2.53,Pass
5163,2364781,HK232_PH1007_L06,PH1007,2,False,,,7.5,,6.7,7.2,B,3.0,True,3.43,3.55,Pass
5164,2311286,HK232_PH1007_L06,PH1007,2,False,,,5.7,,6.0,5.8,C,2.0,True,3.06,2.8,Pass
5165,2300394,HK232_PH1007_L06,PH1007,2,False,,,4.8,,7.0,5.7,C,2.0,True,2.5,2.42,Pass
5166,2392011,HK232_PH1007_L06,PH1007,2,False,,,9.4,,7.7,8.7,A,4.0,True,4.0,4.0,Pass
5167,2332684,HK232_PH1007_L06,PH1007,2,False,,,6.9,,7.1,7.0,B,3.0,True,3.0,3.07,Pass
5168,2369648,HK232_PH1007_L06,PH1007,2,False,,,8.4,,9.2,8.7,A,4.0,True,4.0,4.0,Pass
5169,2301166,HK232_PH1007_L06,PH1007,2,False,,,6.2,,6.8,6.4,C+,2.5,True,2.21,2.08,Pass
5170,2300243,HK232_PH1007_L06,PH1007,2,False,,,5.4,,5.3,5.4,D+,1.5,True,1.03,1.06,Pass
5171,2388923,HK232_PH1007_L06,PH1007,2,False,,,7.9,,6.9,7.5,B,3.0,True,3.12,3.15,Pass
5172,2363472,HK232_PH1007_L06,PH1007,2,False,,,7.3,,8.0,7.6,B,3.0,True,3.09,3.15,Pass
5173,2321448,HK232_PH1007_L06,PH1007,2,False,,,5.6,,7.0,6.2,C,2.0,True,2.15,2.24,Pass
5174,2332147,HK232_PH1007_L06,PH1007,2,False,,,6.8,,9.5,7.9,B,3.0,True,3.07,3.1,Pass
5175,2384828,HK232_PH1007_L06,PH1007,2,False,,,7.1,,8.3,7.6,B,3.0,True,3.33,3.34,Pass
5176,2360493,HK232_PH1007_L06,PH1007,2,False,,,9.0,,7.9,8.6,A,4.0,True,3.77,3.88,Pass
5177,2384442,HK232_PH1007_L06,PH1007,2,False,,,6.3,,5.3,5.9,C,2.0,True,2.35,2.29,Pass
5178,2318083,HK232_PH1007_L06,PH1007,2,False,,,6.1,,5.5,5.9,C,2.0,True,2.37,2.19,Pass
5179,2388730,HK232_PH1007_L06,PH1007,2,False,,,5.9,,5.4,5.7,C,2.0,True,2.21,2.18,Pass
5180,2339330,HK232_PH1007_L06,PH1007,2,False,,,5.2,,4.5,4.9,D,1.0,True,1.5,1.39,Pass
5181,2312830,HK232_PH1007_L06,PH1007,2,False,,,9.2,,7.1,8.4,B+,3.5,True,3.24,3.24,Pass
5182,2307577,HK232_PH1007_L06,PH1007,2,False,,,8.6,,7.0,8.0,B+,3.5,True,3.87,3.83,Pass
5183,2375866,HK232_PH1007_L06,PH1007,2,False,,,7.5,,8.7,8.0,B+,3.5,True,3.97,3.98,Pass
5184,2373785,HK232_PH1007_L06,PH1007,2,False,,,3.0,,5.6,4.0,D,1.0,True,0.97,1.12,Pass
5185,2388151,HK232_PH1007_L06,PH1007,2,False,,,6.3,,6.3,6.3,C,2.0,True,2.47,2.48,Pass
5186,2344390,HK232_PH1007_L06,PH1007,2,False,,,7.3,,6.0,6.8,C+,2.5,True,2.79,2.83,Pass
5187,2385407,HK232_PH1007_L06,PH1007,2,False,,,5.7,,4.3,5.1,D+,1.5,True,1.88,1.8,Pass
5188,2390081,HK232_PH1007_L07,PH1007,2,False,,,7.2,,6.5,6.9,C+,2.5,True,2.59,2.59,Pass
5189,2323764,HK232_PH1007_L07,PH1007,2,False,,,5.2,,3.8,4.6,D,1.0,True,1.56,1.71,Pass
5190,2357598,HK232_PH1007_L07,PH1007,2,False,,,7.1,,6.7,6.9,C+,2.5,True,2.97,3.16,Pass
5191,2391860,HK232_PH1007_L07,PH1007,2,False,,,6.4,,7.8,7.0,B,3.0,True,3.27,3.47,Pass
5192,2314995,HK232_PH1007_L07,PH1007,2,False,,,7.9,,8.5,8.1,B+,3.5,True,3.58,3.61,Pass
5193,2315767,HK232_PH1007_L07,PH1007,2,False,,,4.5,,5.4,4.9,D,1.0,True,1.74,1.77,Pass
5194,2342611,HK232_PH1007_L07,PH1007,2,False,,,5.7,,6.3,5.9,C,2.0,True,1.88,1.71,Pass
5195,2398464,HK232_PH1007_L07,PH1007,2,False,,,6.0,,7.3,6.5,C+,2.5,True,2.62,2.5,Pass
5196,2337400,HK232_PH1007_L07,PH1007,2,False,,,7.1,,6.7,6.9,C+,2.5,True,3.15,3.12,Pass
5197,2311714,HK232_PH1007_L07,PH1007,2,False,,,7.8,,7.3,7.6,B,3.0,True,3.2,3.17,Pass
5198,2322950,HK232_PH1007_L07,PH1007,2,False,,,5.3,,6.5,5.8,C,2.0,True,2.35,2.47,Pass
5199,2393018,HK232_PH1007_L07,PH1007,2,False,,,4.7,,4.9,4.8,D,1.0,True,2.12,2.05,Pass
5200,2375673,HK232_PH1007_L07,PH1007,2,False,,,5.8,,6.7,6.2,C,2.0,True,2.06,1.98,Pass
5201,2315574,HK232_PH1007_L07,PH1007,2,False,,,6.4,,4.5,5.6,C,2.0,True,2.74,2.7,Pass
5202,2315809,HK232_PH1007_L07,PH1007,2,False,,,5.6,,7.1,6.2,C,2.0,True,2.0,1.95,Pass
5203,2383905,HK232_PH1007_L07,PH1007,2,False,,,3.9,,3.9,3.9,F,0.0,False,1.73,1.93,Fail
5204,2311093,HK232_PH1007_L07,PH1007,2,False,,,5.7,,4.7,5.3,D+,1.5,True,1.74,1.83,Pass
5205,2376873,HK232_PH1007_L07,PH1007,2,False,,,8.0,,9.7,8.7,A,4.0,True,3.8,3.6,Pass
5206,2366560,HK232_PH1007_L07,PH1007,2,False,,,8.1,,6.8,7.6,B,3.0,True,3.33,3.29,Pass
5207,2341260,HK232_PH1007_L07,PH1007,2,False,,,7.3,,7.1,7.2,B,3.0,True,3.35,3.24,Pass
5208,2347134,HK232_PH1007_L07,PH1007,2,False,,,5.8,,6.4,6.0,C,2.0,True,3.5,3.48,Pass
5209,2359335,HK232_PH1007_L07,PH1007,2,False,,,5.4,,6.2,5.7,C,2.0,True,2.62,2.7,Pass
5210,2384291,HK232_PH1007_L07,PH1007,2,False,,,7.6,,8.5,8.0,B+,3.5,True,3.43,3.22,Pass
5211,2379617,HK232_PH1007_L07,PH1007,2,False,,,7.6,,6.2,7.0,B,3.0,True,3.2,3.17,Pass
5212,2322413,HK232_PH1007_L07,PH1007,2,False,,,8.5,,8.1,8.3,B+,3.5,True,3.6,3.52,Pass
5213,2334077,HK232_PH1007_L07,PH1007,2,False,,,4.3,,5.0,4.6,D,1.0,True,1.18,1.71,Pass
5214,2307812,HK232_PH1007_L07,PH1007,2,False,,,5.4,,5.6,5.5,C,2.0,True,2.09,2.17,Pass
5215,2378610,HK232_PH1007_L07,PH1007,2,False,,,8.2,,7.7,8.0,B+,3.5,True,3.63,3.59,Pass
5216,2343425,HK232_PH1007_L07,PH1007,2,False,,,5.2,,5.6,5.4,D+,1.5,True,2.26,2.14,Pass
5217,2340102,HK232_PH1007_L07,PH1007,2,False,,,3.9,,6.1,4.8,D,1.0,True,1.82,1.56,Pass
5218,2386028,HK232_PH1007_L07,PH1007,2,False,,,9.0,,7.4,8.4,B+,3.5,True,3.97,3.98,Pass
5219,2320634,HK232_PH1007_L07,PH1007,2,False,,,6.9,,7.5,7.1,B,3.0,True,3.12,3.24,Pass
5220,2390702,HK232_PH1007_L07,PH1007,2,False,,,5.8,,2.8,4.6,D,1.0,True,1.71,1.59,Pass
5221,2374364,HK232_PH1007_L07,PH1007,2,False,,,7.1,,6.8,7.0,B,3.0,True,3.6,3.38,Pass
5222,2371234,HK232_PH1007_L07,PH1007,2,False,,,5.3,,6.1,5.6,C,2.0,True,1.79,1.62,Pass
5223,2378652,HK232_PH1007_L07,PH1007,2,False,,,7.1,,7.1,7.1,B,3.0,True,3.03,3.24,Pass
5224,2312444,HK232_PH1007_L07,PH1007,2,False,,,3.7,,3.2,3.5,F,0.0,False,0.62,1.21,Fail
5225,2340681,HK232_PH1007_L07,PH1007,2,False,,,7.4,,8.2,7.7,B,3.0,True,3.23,3.12,Pass
5226,2319862,HK232_PH1007_L07,PH1007,2,False,,,6.8,,7.3,7.0,B,3.0,True,3.35,3.41,Pass
5227,2328824,HK232_PH1007_L07,PH1007,2,False,,,3.9,,4.1,4.0,D,1.0,True,1.44,1.38,Pass
5228,2379575,HK232_PH1007_L07,PH1007,2,False,,,5.9,,6.2,6.0,C,2.0,True,1.97,1.98,Pass
5229,2354510,HK232_PH1007_L07,PH1007,2,False,,,8.5,,9.2,8.8,A,4.0,True,4.0,4.0,Pass
5230,2382898,HK232_PH1007_L07,PH1007,2,False,,,5.6,,6.0,5.8,C,2.0,True,2.24,2.24,Pass
5231,2372199,HK232_PH1007_L07,PH1007,2,False,,,3.5,,5.2,4.2,D,1.0,True,1.82,1.91,Pass
5232,2307191,HK232_PH1007_L07,PH1007,2,False,,,6.5,,5.6,6.1,C,2.0,True,2.5,2.52,Pass
5233,2301359,HK232_PH1007_L07,PH1007,2,False,,,8.1,,6.1,7.3,B,3.0,True,3.23,3.24,Pass
5234,2317504,HK232_PH1007_L07,PH1007,2,False,,,9.1,,7.8,8.6,A,4.0,True,3.67,3.62,Pass
5235,2381119,HK232_PH1007_L07,PH1007,2,False,,,4.6,,5.4,4.9,D,1.0,True,1.91,1.95,Pass
5236,2318897,HK232_PH1007_L07,PH1007,2,False,,,6.8,,8.1,7.3,B,3.0,True,2.71,2.56,Pass
5237,2335042,HK232_PH1007_L07,PH1007,2,False,,,7.8,,7.3,7.6,B,3.0,True,2.93,2.97,Pass
5238,2349064,HK232_PH1007_L07,PH1007,2,False,,,5.3,,6.0,5.6,C,2.0,True,2.09,2.39,Pass
5239,2316732,HK232_PH1007_L07,PH1007,2,False,,,6.0,,5.1,5.6,C,2.0,True,2.06,2.09,Pass
5240,2321834,HK232_PH1007_L07,PH1007,2,False,,,6.3,,6.3,6.3,C,2.0,True,2.32,2.21,Pass
5241,2391818,HK232_PH1007_L07,PH1007,2,False,,,5.5,,6.8,6.0,C,2.0,True,2.18,2.38,Pass
5242,2348636,HK232_PH1007_L07,PH1007,2,False,,,5.6,,5.6,5.6,C,2.0,True,1.94,1.97,Pass
5243,2318318,HK232_PH1007_L07,PH1007,2,False,,,6.2,,5.4,5.9,C,2.0,True,2.23,2.38,Pass
5244,2326894,HK232_PH1007_L07,PH1007,2,False,,,5.9,,5.7,5.8,C,2.0,True,2.59,2.61,Pass
5245,2399622,HK232_PH1007_L07,PH1007,2,False,,,6.5,,6.6,6.5,C+,2.5,True,3.43,3.22,Pass
5246,2375908,HK232_PH1007_L07,PH1007,2,False,,,5.3,,3.8,4.7,D,1.0,True,1.71,1.76,Pass
5247,2379768,HK232_PH1007_L07,PH1007,2,False,,,6.6,,7.2,6.8,C+,2.5,True,3.33,3.22,Pass
5248,2313837,HK232_PH1007_L07,PH1007,2,False,,,6.9,,7.5,7.1,B,3.0,True,2.97,2.94,Pass
5249,2316925,HK232_PH1007_L07,PH1007,2,False,,,5.7,,4.5,5.2,D+,1.5,True,2.09,2.15,Pass
5250,2391432,HK232_PH1007_L07,PH1007,2,False,,,6.0,,6.1,6.0,C,2.0,True,2.71,2.53,Pass
5251,2344776,HK232_PH1007_L07,PH1007,2,False,,,7.5,,7.7,7.6,B,3.0,True,3.0,2.95,Pass
5252,2395720,HK232_PH1007_L07,PH1007,2,False,,,5.7,,3.7,4.9,D,1.0,True,2.62,2.64,Pass
5253,2300822,HK232_PH1007_L07,PH1007,2,False,,,8.5,,7.9,8.3,B+,3.5,True,3.37,3.52,Pass
5254,2354896,HK232_PH1007_L07,PH1007,2,False,,,6.8,,6.5,6.7,C+,2.5,True,2.32,2.27,Pass
5255,2379810,HK232_PH1007_L07,PH1007,2,False,,,7.1,,6.5,6.9,C+,2.5,True,2.5,2.72,Pass
5256,2312872,HK232_PH1007_L07,PH1007,2,False,,,8.2,,8.5,8.3,B+,3.5,True,3.97,3.91,Pass
5257,2339137,HK232_PH1007_L07,PH1007,2,False,,,6.4,,6.6,6.5,C+,2.5,True,2.53,2.56,Pass
5258,2322027,HK232_PH1007_L07,PH1007,2,False,,,6.7,,6.3,6.5,C+,2.5,True,2.35,2.23,Pass
5259,2318704,HK232_PH1007_L07,PH1007,2,False,,,5.2,,6.2,5.6,C,2.0,True,2.12,2.12,Pass
5260,2397885,HK232_PH1007_L07,PH1007,2,False,,,6.5,,5.5,6.1,C,2.0,True,2.53,2.59,Pass
5261,2307619,HK232_PH1007_L07,PH1007,2,False,,,6.2,,7.1,6.6,C+,2.5,True,3.15,3.26,Pass
5262,2333263,HK232_PH1007_L07,PH1007,2,False,,,4.2,,5.7,4.8,D,1.0,True,1.68,1.76,Pass
5263,2370848,HK232_PH1007_L07,PH1007,2,False,,,4.2,,3.5,3.9,F,0.0,False,0.82,1.32,Fail
5264,2378803,HK232_PH1007_L07,PH1007,2,False,,,6.2,,7.7,6.8,C+,2.5,True,3.26,3.27,Pass
5265,2319476,HK232_PH1007_L07,PH1007,2,False,,,5.9,,3.9,5.1,D+,1.5,True,1.82,1.85,Pass
5266,2337165,HK232_PH1007_L07,PH1007,2,False,,,4.5,,4.3,4.4,D,1.0,True,1.21,1.38,Pass
5267,2305303,HK232_PH1007_L07,PH1007,2,False,,,5.3,,5.6,5.4,D+,1.5,True,2.44,2.42,Pass
5268,2353117,HK232_PH1007_L07,PH1007,2,False,,,5.2,,6.2,5.6,C,2.0,True,2.4,2.22,Pass
5269,2349987,HK232_PH1007_L07,PH1007,2,False,,,6.4,,6.4,6.4,C+,2.5,True,2.35,2.15,Pass
5270,2305068,HK232_PH1007_L07,PH1007,2,False,,,7.9,,8.2,8.0,B+,3.5,True,3.97,3.98,Pass
5271,2368297,HK232_PH1007_L07,PH1007,2,False,,,5.2,,6.1,5.6,C,2.0,True,2.71,2.59,Pass
5272,2374708,HK232_PH1007_L07,PH1007,2,False,,,6.7,,7.5,7.0,B,3.0,True,3.03,3.03,Pass
5273,2387379,HK232_PH1007_L07,PH1007,2,False,,,6.8,,6.7,6.8,C+,2.5,True,2.5,2.56,Pass
5274,2338172,HK232_PH1007_L07,PH1007,2,False,,,7.0,,6.4,6.8,C+,2.5,True,3.21,3.26,Pass
5275,2321255,HK232_PH1007_L07,PH1007,2,False,,,4.1,,6.8,5.2,D+,1.5,True,2.53,2.42,Pass
5276,2322757,HK232_PH1007_L07,PH1007,2,False,,,10.0,,9.3,9.7,A+,4.0,True,4.0,4.0,Pass
5277,2325694,HK232_PH1007_L07,PH1007,2,False,,,6.6,,4.0,5.6,C,2.0,True,2.13,2.05,Pass
5278,2357019,HK232_PH1007_L07,PH1007,2,False,,,6.9,,7.9,7.3,B,3.0,True,3.44,3.29,Pass
5279,2315616,HK232_PH1007_L07,PH1007,2,False,,,7.6,,7.6,7.6,B,3.0,True,3.26,3.21,Pass
5280,2352731,HK232_PH1007_L07,PH1007,2,False,,,6.4,,8.6,7.3,B,3.0,True,3.1,3.05,Pass
5281,2300436,HK232_PH1007_L07,PH1007,2,False,,,5.2,,5.4,5.3,D+,1.5,True,1.35,1.59,Pass
5282,2323529,HK232_PH1007_L07,PH1007,2,False,,,7.9,,8.5,8.1,B+,3.5,True,2.93,2.9,Pass
5283,2353352,HK232_PH1007_L07,PH1007,2,False,,,7.6,,6.3,7.1,B,3.0,True,2.8,2.79,Pass
5284,2339909,HK232_PH1007_L07,PH1007,2,False,,,5.3,,6.3,5.7,C,2.0,True,1.93,1.97,Pass
5285,2360728,HK232_PH1007_L07,PH1007,2,False,,,6.3,,4.7,5.7,C,2.0,True,2.43,2.36,Pass
5286,2369883,HK232_PH1007_L07,PH1007,2,False,,,6.4,,6.3,6.4,C+,2.5,True,2.21,2.32,Pass
5287,2357405,HK232_PH1007_L07,PH1007,2,False,,,9.2,,8.8,9.0,A,4.0,True,3.75,3.86,Pass
5288,2310514,HK232_PH1007_L07,PH1007,2,False,,,6.4,,6.0,6.2,C,2.0,True,2.53,2.18,Pass
5289,2353503,HK232_PH1007_L07,PH1007,2,False,,,6.5,,7.5,6.9,C+,2.5,True,2.93,2.9,Pass
5290,2327087,HK232_PH1007_L07,PH1007,2,False,,,8.2,,6.5,7.5,B,3.0,True,3.33,3.29,Pass
5291,2375094,HK232_PH1007_L07,PH1007,2,False,,,5.2,,5.8,5.4,D+,1.5,True,2.24,2.24,Pass
5292,2373592,HK232_PH1007_L07,PH1007,2,False,,,7.1,,7.3,7.2,B,3.0,True,3.1,3.17,Pass
5293,2306268,HK232_PH1007_L07,PH1007,2,False,,,6.4,,5.7,6.1,C,2.0,True,2.06,2.15,Pass
5294,2310749,HK232_PH1007_L07,PH1007,2,False,,,3.6,,3.9,3.7,F,0.0,False,1.4,1.59,Fail
5295,2367911,HK232_PH1007_L07,PH1007,2,False,,,8.0,,7.5,7.8,B,3.0,True,3.23,3.17,Pass
5296,2353931,HK232_PH1007_L07,PH1007,2,False,,,4.8,,4.9,4.8,D,1.0,True,1.53,1.71,Pass
5297,2390509,HK232_PH1007_L07,PH1007,2,False,,,5.9,,7.9,6.7,C+,2.5,True,2.35,2.23,Pass
5298,2358563,HK232_PH1007_L07,PH1007,2,False,,,6.8,,7.6,7.1,B,3.0,True,3.37,3.41,Pass
5299,2334656,HK232_PH1007_L07,PH1007,2,False,,,5.9,,8.2,6.8,C+,2.5,True,3.1,3.19,Pass
5300,2385449,HK232_PH1007_L07,PH1007,2,False,,,7.4,,7.8,7.6,B,3.0,True,3.32,3.32,Pass
5301,2358219,HK232_PH1007_L07,PH1007,2,False,,,7.4,,8.6,7.9,B,3.0,True,3.33,3.31,Pass
5302,2363430,HK232_MI1003_L01,MI1003,2,False,5.7,7.8,7.4,,,7.1,B,3.0,True,2.71,2.92,Pass
5303,2337165,HK232_MI1003_L01,MI1003,2,False,5.3,6.8,5.4,,,5.7,C,2.0,True,1.21,1.38,Pass
5304,2316539,HK232_MI1003_L01,MI1003,2,False,3.4,3.4,4.2,,,3.9,F,0.0,False,0.33,1.0,Fail
5305,2311672,HK232_MI1003_L01,MI1003,2,False,4.1,3.5,5.5,,,4.8,D,1.0,True,0.86,1.23,Pass
5306,2311907,HK232_MI1003_L01,MI1003,2,False,6.1,3.9,4.8,,,4.9,D,1.0,True,1.5,1.59,Pass
5307,2348292,HK232_MI1003_L01,MI1003,2,False,8.0,7.2,7.9,,,7.8,B,3.0,True,3.1,3.07,Pass
5308,2306419,HK232_MI1003_L01,MI1003,2,False,7.5,6.7,7.1,,,7.1,B,3.0,True,3.1,3.19,Pass
5309,2358219,HK232_MI1003_L01,MI1003,2,False,10.0,8.6,7.0,,,7.9,B,3.0,True,3.33,3.31,Pass
5310,2357598,HK232_MI1003_L01,MI1003,2,False,8.5,7.8,7.3,,,7.6,B,3.0,True,2.97,3.16,Pass
5311,2322799,HK232_MI1003_L01,MI1003,2,False,8.6,7.3,10.0,,,9.2,A,4.0,True,3.67,3.71,Pass
5312,2394990,HK232_MI1003_L01,MI1003,2,False,6.6,5.5,5.3,,,5.6,C,2.0,True,1.44,1.44,Pass
5313,2336200,HK232_MI1003_L01,MI1003,2,False,5.8,5.7,8.3,,,7.3,B,3.0,True,2.0,2.12,Pass
5314,2379768,HK232_MI1003_L01,MI1003,2,False,8.1,8.8,7.2,,,7.7,B,3.0,True,3.33,3.22,Pass
5315,2399236,HK232_MI1003_L01,MI1003,2,False,8.9,8.6,8.5,,,8.6,A,4.0,True,3.93,3.97,Pass
5316,2394797,HK232_MI1003_L01,MI1003,2,False,7.3,7.1,7.9,,,7.6,B,3.0,True,3.35,3.18,Pass
5317,2320055,HK232_MI1003_L01,MI1003,2,False,7.5,5.7,5.7,,,6.1,C,2.0,True,2.09,2.3,Pass
5318,2383670,HK232_MI1003_L01,MI1003,2,False,8.4,5.9,8.6,,,8.0,B+,3.5,True,3.21,3.23,Pass
5319,2337593,HK232_MI1003_L01,MI1003,2,False,6.2,6.4,7.7,,,7.1,B,3.0,True,2.15,2.14,Pass
5320,2347671,HK232_MI1003_L01,MI1003,2,False,5.7,5.9,5.0,,,5.3,D+,1.5,True,1.7,1.67,Pass
5321,2315381,HK232_MI1003_L01,MI1003,2,False,5.4,7.7,8.0,,,7.4,B,3.0,True,3.06,3.11,Pass
5322,2374364,HK232_MI1003_L01,MI1003,2,False,8.1,9.1,7.2,,,7.8,B,3.0,True,3.6,3.38,Pass
5323,2394411,HK232_MI1003_L01,MI1003,2,False,5.8,6.1,7.4,,,6.8,C+,2.5,True,2.24,2.24,Pass
5324,2319476,HK232_MI1003_L01,MI1003,2,False,5.4,5.9,5.8,,,5.7,C,2.0,True,1.82,1.85,Pass
5325,2361693,HK232_MI1003_L01,MI1003,2,False,5.6,4.5,4.3,,,4.6,D,1.0,True,1.06,1.2,Pass
5326,2364244,HK232_MI1003_L01,MI1003,2,False,7.0,7.4,6.8,,,7.0,B,3.0,True,2.5,2.32,Pass
5327,2394369,HK232_MI1003_L01,MI1003,2,False,5.3,6.1,7.0,,,6.5,C+,2.5,True,1.88,1.55,Pass
5328,2389116,HK232_MI1003_L01,MI1003,2,False,8.3,7.8,7.7,,,7.8,B,3.0,True,2.93,3.03,Pass
5329,2352731,HK232_MI1003_L01,MI1003,2,False,7.7,6.9,7.6,,,7.5,B,3.0,True,3.1,3.05,Pass
5330,2371234,HK232_MI1003_L01,MI1003,2,False,5.0,6.2,6.2,,,6.0,C,2.0,True,1.79,1.62,Pass
5331,2314995,HK232_MI1003_L01,MI1003,2,False,8.4,7.9,8.8,,,8.5,A,4.0,True,3.58,3.61,Pass
5332,2380389,HK232_MI1003_L01,MI1003,2,False,4.8,4.5,3.5,,,4.0,D,1.0,True,0.32,1.0,Pass
5333,2333884,HK232_MI1003_L01,MI1003,2,False,2.8,2.9,3.8,,,3.4,F,0.0,False,0.27,1.43,Fail
5334,2359528,HK232_MI1003_L01,MI1003,2,False,4.3,5.5,5.7,,,5.4,D+,1.5,True,1.74,1.64,Pass
5335,2347864,HK232_MI1003_L01,MI1003,2,False,6.4,4.3,5.8,,,5.6,C,2.0,True,1.43,1.55,Pass
5336,2316581,HK232_MI1003_L01,MI1003,2,False,8.1,8.2,8.1,,,8.1,B+,3.5,True,3.23,3.14,Pass
5337,2397264,HK232_MI1003_L01,MI1003,2,False,6.7,6.1,5.7,,,6.0,C,2.0,True,1.88,2.11,Pass
5338,2367139,HK232_MI1003_L01,MI1003,2,False,7.8,8.5,7.9,,,8.0,B+,3.5,True,3.73,3.69,Pass
5339,2390702,HK232_MI1003_L01,MI1003,2,False,7.2,5.0,5.4,,,5.7,C,2.0,True,1.71,1.59,Pass
5340,2342460,HK232_MI1003_L01,MI1003,2,False,7.3,6.2,6.7,,,6.7,C+,2.5,True,2.44,2.38,Pass
5341,2313451,HK232_MI1003_L01,MI1003,2,False,6.1,7.9,7.9,,,7.5,B,3.0,True,3.37,3.21,Pass
5342,2312293,HK232_MI1003_L01,MI1003,2,False,6.0,5.0,7.2,,,6.5,C+,2.5,True,2.37,2.38,Pass
5343,2311521,HK232_MI1003_L01,MI1003,2,False,9.6,9.7,8.9,,,9.2,A,4.0,True,3.37,3.31,Pass
5344,2347713,HK232_MI1003_L01,MI1003,2,False,6.5,5.9,7.3,,,6.9,C+,2.5,True,2.73,2.57,Pass
5345,2311865,HK232_MI1003_L01,MI1003,2,False,7.3,5.7,6.2,,,6.3,C,2.0,True,2.21,2.41,Pass
5346,2396341,HK232_MI1003_L01,MI1003,2,False,6.3,6.5,6.0,,,6.2,C,2.0,True,2.47,2.5,Pass
5347,2397113,HK232_MI1003_L01,MI1003,2,False,9.0,9.3,8.6,,,8.8,A,4.0,True,3.5,3.26,Pass
5348,2333305,HK232_MI1003_L01,MI1003,2,False,7.9,8.1,5.7,,,6.6,C+,2.5,True,3.0,3.05,Pass
5349,2398078,HK232_MI1003_L01,MI1003,2,False,7.0,5.6,8.1,,,7.4,B,3.0,True,2.29,2.2,Pass
5350,2302173,HK232_MI1003_L01,MI1003,2,False,2.9,3.0,2.7,,,2.8,F,0.0,False,0.55,1.0,Fail
5351,2325501,HK232_MI1003_L01,MI1003,2,False,5.9,7.8,5.9,,,6.3,C,2.0,True,2.24,2.39,Pass
5352,2340874,HK232_MI1003_L01,MI1003,2,False,4.3,4.4,6.2,,,5.5,C,2.0,True,1.29,1.32,Pass
5353,2382126,HK232_MI1003_L01,MI1003,2,False,7.6,7.3,8.1,,,7.8,B,3.0,True,2.76,2.65,Pass
5354,2316388,HK232_MI1003_L01,MI1003,2,False,7.3,6.5,8.2,,,7.7,B,3.0,True,2.88,2.92,Pass
5355,2327045,HK232_MI1003_L01,MI1003,2,False,7.7,8.2,7.7,,,7.8,B,3.0,True,2.77,2.78,Pass
5356,2307040,HK232_MI1003_L01,MI1003,2,False,9.0,8.0,7.6,,,8.0,B+,3.5,True,3.2,3.17,Pass
5357,2321448,HK232_MI1003_L01,MI1003,2,False,7.4,6.6,7.2,,,7.1,B,3.0,True,2.15,2.24,Pass
5358,2358177,HK232_MI1003_L01,MI1003,2,False,7.2,6.7,7.9,,,7.5,B,3.0,True,2.4,2.26,Pass
5359,2302752,HK232_MI1003_L01,MI1003,2,False,4.9,5.0,5.9,,,5.5,C,2.0,True,1.35,1.65,Pass
5360,2368339,HK232_MI1003_L01,MI1003,2,False,3.9,4.0,3.8,,,3.9,F,0.0,False,0.7,1.0,Fail
5361,2388730,HK232_MI1003_L01,MI1003,2,False,6.4,7.1,6.1,,,6.4,C+,2.5,True,2.21,2.18,Pass
5362,2322413,HK232_MI1003_L01,MI1003,2,False,8.3,8.6,8.5,,,8.5,A,4.0,True,3.6,3.52,Pass
5363,2373785,HK232_MI1003_L01,MI1003,2,False,4.6,3.4,5.2,,,4.7,D,1.0,True,0.97,1.12,Pass
5364,2384098,HK232_MI1003_L01,MI1003,2,False,6.3,5.0,6.8,,,6.3,C,2.0,True,2.09,2.23,Pass
5365,2355475,HK232_MI1003_L01,MI1003,2,False,5.8,6.2,8.2,,,7.3,B,3.0,True,1.74,1.7,Pass
5366,2363086,HK232_MI1003_L01,MI1003,2,False,7.8,8.3,8.2,,,8.1,B+,3.5,True,3.03,3.02,Pass
5367,2300394,HK232_MI1003_L01,MI1003,2,False,6.7,7.7,7.1,,,7.1,B,3.0,True,2.5,2.42,Pass
5368,2385449,HK232_MI1003_L01,MI1003,2,False,8.7,8.8,7.0,,,7.7,B,3.0,True,3.32,3.32,Pass
5369,2311093,HK232_MI1003_L01,MI1003,2,False,5.3,5.8,6.2,,,5.9,C,2.0,True,1.74,1.83,Pass
5370,2322950,HK232_MI1003_L01,MI1003,2,False,6.0,6.8,6.3,,,6.3,C,2.0,True,2.35,2.47,Pass
5371,2333456,HK232_MI1003_L01,MI1003,2,False,5.6,6.8,5.5,,,5.8,C,2.0,True,1.47,1.5,Pass
5372,2374901,HK232_MI1003_L01,MI1003,2,False,3.0,3.0,4.6,,,4.0,D,1.0,True,0.18,1.0,Pass
5373,2386414,HK232_MI1003_L01,MI1003,2,False,7.6,7.8,7.8,,,7.8,B,3.0,True,3.0,3.02,Pass
5374,2366946,HK232_MI1003_L01,MI1003,2,False,6.9,5.0,6.3,,,6.2,C,2.0,True,2.1,2.19,Pass
5375,2349257,HK232_MI1003_L01,MI1003,2,False,9.4,8.9,9.8,,,9.5,A+,4.0,True,4.0,4.0,Pass
5376,2383477,HK232_MI1003_L01,MI1003,2,False,8.1,5.6,6.8,,,6.8,C+,2.5,True,2.09,2.15,Pass
5377,2391046,HK232_MI1003_L01,MI1003,2,False,7.0,7.2,5.8,,,6.3,C,2.0,True,2.41,2.36,Pass
5378,2340102,HK232_MI1003_L01,MI1003,2,False,4.7,4.9,5.4,,,5.2,D+,1.5,True,1.82,1.56,Pass
5379,2348678,HK232_MI1003_L01,MI1003,2,False,6.5,5.3,6.1,,,6.0,C,2.0,True,2.09,1.98,Pass
5380,2348443,HK232_MI1003_L01,MI1003,2,False,7.0,6.5,6.1,,,6.4,C+,2.5,True,1.56,1.52,Pass
5381,2321062,HK232_MI1003_L01,MI1003,2,False,5.7,5.5,6.9,,,6.4,C+,2.5,True,0.59,1.14,Pass
5382,2325308,HK232_MI1003_L01,MI1003,2,False,6.4,6.7,6.1,,,6.3,C,2.0,True,1.94,2.09,Pass
5383,2351187,HK232_MI1003_L01,MI1003,2,False,4.3,5.0,4.8,,,4.7,D,1.0,True,1.82,1.65,Pass
5384,2353503,HK232_MI1003_L01,MI1003,2,False,7.1,8.5,7.5,,,7.6,B,3.0,True,2.93,2.9,Pass
5385,2323764,HK232_MI1003_L01,MI1003,2,False,6.2,5.2,4.1,,,4.7,D,1.0,True,1.56,1.71,Pass
5386,2368104,HK232_MI1003_L01,MI1003,2,False,8.8,9.0,9.6,,,9.3,A,4.0,True,4.0,4.0,Pass
5387,2327087,HK232_MI1003_L01,MI1003,2,False,6.1,7.7,7.2,,,7.1,B,3.0,True,3.33,3.29,Pass
5388,2360342,HK232_MI1003_L01,MI1003,2,False,5.9,7.1,3.8,,,4.9,D,1.0,True,1.35,1.33,Pass
5389,2342267,HK232_MI1003_L01,MI1003,2,False,8.1,8.2,9.3,,,8.8,A,4.0,True,4.0,4.0,Pass
5390,2302366,HK232_MI1003_L01,MI1003,2,False,6.9,7.9,6.9,,,7.1,B,3.0,True,2.76,2.74,Pass
5391,2300780,HK232_MI1003_L01,MI1003,2,False,9.2,6.3,7.9,,,7.8,B,3.0,True,3.5,3.26,Pass
5392,2305689,HK232_MI1003_L01,MI1003,2,False,8.0,7.5,7.9,,,7.8,B,3.0,True,3.5,3.26,Pass
5393,2370462,HK232_MI1003_L01,MI1003,2,False,6.3,4.9,6.1,,,5.9,C,2.0,True,1.68,1.5,Pass
5394,2312486,HK232_MI1003_L01,MI1003,2,False,7.6,5.8,6.3,,,6.5,C+,2.5,True,2.12,2.09,Pass
5395,2304489,HK232_MI1003_L01,MI1003,2,False,5.9,5.4,5.8,,,5.7,C,2.0,True,2.53,2.33,Pass
5396,2323957,HK232_MI1003_L01,MI1003,2,False,7.9,8.6,7.3,,,7.7,B,3.0,True,3.37,3.38,Pass
5397,2331761,HK232_MI1003_L01,MI1003,2,False,6.6,6.0,6.7,,,6.5,C+,2.5,True,1.91,1.95,Pass
5398,2381505,HK232_MI1003_L01,MI1003,2,False,5.1,5.8,5.8,,,5.7,C,2.0,True,1.91,1.82,Pass
5399,2389544,HK232_MI1003_L01,MI1003,2,False,8.0,6.2,6.3,,,6.6,C+,2.5,True,2.29,2.26,Pass
5400,2397885,HK232_MI1003_L01,MI1003,2,False,7.5,6.2,7.2,,,7.1,B,3.0,True,2.53,2.59,Pass
5401,2359142,HK232_MI1003_L01,MI1003,2,False,4.0,6.5,5.7,,,5.5,C,2.0,True,1.79,1.64,Pass
5402,2388537,HK232_MI1003_L01,MI1003,2,False,7.2,7.4,6.2,,,6.6,C+,2.5,True,2.44,2.33,Pass
5403,2357212,HK232_MI1003_L01,MI1003,2,False,6.4,6.4,7.1,,,6.8,C+,2.5,True,2.56,2.36,Pass
5404,2300587,HK232_MI1003_L01,MI1003,2,False,6.0,7.0,7.3,,,7.0,B,3.0,True,2.38,2.53,Pass
5405,2344004,HK232_MI1003_L01,MI1003,2,False,7.5,8.6,7.2,,,7.5,B,3.0,True,3.24,3.26,Pass
5406,2364588,HK232_MI1003_L01,MI1003,2,False,9.4,10.0,8.2,,,8.8,A,4.0,True,3.92,3.95,Pass
5407,2302517,HK232_MI1003_L01,MI1003,2,False,4.9,3.7,4.4,,,4.4,D,1.0,True,0.74,1.06,Pass
5408,2335428,HK232_MI1003_L01,MI1003,2,False,7.6,8.5,8.6,,,8.4,B+,3.5,True,3.6,3.52,Pass
5409,2358026,HK232_MI1003_L01,MI1003,2,False,6.4,6.4,5.8,,,6.0,C,2.0,True,2.03,2.06,Pass
5410,2395527,HK232_MI1003_L01,MI1003,2,False,7.1,6.2,6.1,,,6.3,C,2.0,True,1.94,1.86,Pass
5411,2360300,HK232_MI1003_L01,MI1003,2,False,8.3,7.9,8.6,,,8.4,B+,3.5,True,3.44,3.55,Pass
5412,2384677,HK232_MI1003_L01,MI1003,2,False,5.5,7.1,6.1,,,6.2,C,2.0,True,2.43,2.24,Pass
5413,2344734,HK232_MI1003_L01,MI1003,2,False,7.1,6.9,7.4,,,7.2,B,3.0,True,2.35,2.41,Pass
5414,2377259,HK232_MI1003_L01,MI1003,2,False,6.6,5.3,6.7,,,6.4,C+,2.5,True,2.21,1.94,Pass
5415,2339137,HK232_MI1003_L01,MI1003,2,False,7.4,5.7,7.0,,,6.8,C+,2.5,True,2.53,2.56,Pass
5416,2378224,HK232_MI1003_L01,MI1003,2,False,4.9,7.0,5.6,,,5.7,C,2.0,True,2.6,2.53,Pass
5417,2367911,HK232_MI1003_L01,MI1003,2,False,8.5,8.3,7.9,,,8.1,B+,3.5,True,3.23,3.17,Pass
5418,2312444,HK232_MI1003_L01,MI1003,2,False,5.5,4.9,6.2,,,5.8,C,2.0,True,0.62,1.21,Pass
5419,2381312,HK232_MI1003_L02,MI1003,2,False,8.3,8.1,8.1,,,8.1,B+,3.5,True,3.5,3.45,Pass
5420,2322757,HK232_MI1003_L02,MI1003,2,False,9.8,8.9,8.8,,,9.0,A,4.0,True,4.0,4.0,Pass
5421,2326659,HK232_MI1003_L02,MI1003,2,False,6.5,7.5,7.2,,,7.1,B,3.0,True,2.12,2.11,Pass
5422,2375329,HK232_MI1003_L02,MI1003,2,False,9.3,8.0,6.9,,,7.6,B,3.0,True,3.0,3.05,Pass
5423,2326315,HK232_MI1003_L02,MI1003,2,False,7.9,7.5,8.3,,,8.1,B+,3.5,True,2.47,2.72,Pass
5424,2326466,HK232_MI1003_L02,MI1003,2,False,4.6,5.6,6.2,,,5.8,C,2.0,True,1.71,1.45,Pass
5425,2364823,HK232_MI1003_L02,MI1003,2,False,4.6,5.1,5.7,,,5.4,D+,1.5,True,1.97,1.93,Pass
5426,2364009,HK232_MI1003_L02,MI1003,2,False,7.5,6.9,7.2,,,7.2,B,3.0,True,3.47,3.26,Pass
5427,2343962,HK232_MI1003_L02,MI1003,2,False,6.7,4.4,3.6,,,4.4,D,1.0,True,0.45,1.0,Pass
5428,2352538,HK232_MI1003_L02,MI1003,2,False,6.8,5.8,6.4,,,6.4,C+,2.5,True,2.09,2.2,Pass
5429,2338709,HK232_MI1003_L02,MI1003,2,False,6.7,6.4,6.5,,,6.5,C+,2.5,True,2.24,2.17,Pass
5430,2354124,HK232_MI1003_L02,MI1003,2,False,3.3,4.8,4.0,,,4.0,D,1.0,True,0.29,1.0,Pass
5431,2317160,HK232_MI1003_L02,MI1003,2,False,7.4,9.2,9.7,,,9.1,A,4.0,True,3.4,3.45,Pass
5432,2372392,HK232_MI1003_L02,MI1003,2,False,7.8,7.1,7.0,,,7.2,B,3.0,True,3.23,3.29,Pass
5433,2314802,HK232_MI1003_L02,MI1003,2,False,7.8,8.3,8.4,,,8.3,B+,3.5,True,3.27,3.19,Pass
5434,2326701,HK232_MI1003_L02,MI1003,2,False,7.1,7.6,8.0,,,7.7,B,3.0,True,3.17,3.16,Pass
5435,2395720,HK232_MI1003_L02,MI1003,2,False,8.0,7.1,6.5,,,6.9,C+,2.5,True,2.62,2.64,Pass
5436,2379617,HK232_MI1003_L02,MI1003,2,False,7.1,7.7,8.6,,,8.1,B+,3.5,True,3.2,3.17,Pass
5437,2392439,HK232_MI1003_L02,MI1003,2,False,5.1,6.1,5.1,,,5.3,D+,1.5,True,1.82,1.58,Pass
5438,2338558,HK232_MI1003_L02,MI1003,2,False,6.6,7.5,7.5,,,7.3,B,3.0,True,3.1,3.19,Pass
5439,2341881,HK232_MI1003_L02,MI1003,2,False,10.0,8.8,6.6,,,7.7,B,3.0,True,2.8,3.0,Pass
5440,2347134,HK232_MI1003_L02,MI1003,2,False,8.3,7.2,7.7,,,7.7,B,3.0,True,3.5,3.48,Pass
5441,2324150,HK232_MI1003_L02,MI1003,2,False,7.3,8.0,8.0,,,7.9,B,3.0,True,2.97,2.91,Pass
5442,2315809,HK232_MI1003_L02,MI1003,2,False,6.3,7.2,5.8,,,6.2,C,2.0,True,2.0,1.95,Pass
5443,2307577,HK232_MI1003_L02,MI1003,2,False,7.1,10.0,7.9,,,8.2,B+,3.5,True,3.87,3.83,Pass
5444,2358756,HK232_MI1003_L02,MI1003,2,False,9.5,10.0,9.4,,,9.5,A+,4.0,True,4.0,4.0,Pass
5445,2354854,HK232_MI1003_L02,MI1003,2,False,6.2,5.9,5.8,,,5.9,C,2.0,True,1.88,2.14,Pass
5446,2354468,HK232_MI1003_L02,MI1003,2,False,5.6,7.4,6.3,,,6.4,C+,2.5,True,1.5,1.5,Pass
5447,2388151,HK232_MI1003_L02,MI1003,2,False,7.0,6.9,6.5,,,6.7,C+,2.5,True,2.47,2.48,Pass
5448,2316153,HK232_MI1003_L02,MI1003,2,False,7.0,7.2,6.6,,,6.8,C+,2.5,True,3.23,3.19,Pass
5449,2361307,HK232_MI1003_L02,MI1003,2,False,5.8,5.9,6.1,,,6.0,C,2.0,True,2.24,2.33,Pass
5450,2333842,HK232_MI1003_L02,MI1003,2,False,7.3,7.7,9.1,,,8.5,A,4.0,True,3.33,3.24,Pass
5451,2306612,HK232_MI1003_L02,MI1003,2,False,3.9,5.4,5.1,,,4.9,D,1.0,True,0.78,1.06,Pass
5452,2376873,HK232_MI1003_L02,MI1003,2,False,9.1,9.1,8.0,,,8.4,B+,3.5,True,3.8,3.6,Pass
5453,2326080,HK232_MI1003_L02,MI1003,2,False,6.6,7.4,6.6,,,6.8,C+,2.5,True,2.21,2.24,Pass
5454,2328824,HK232_MI1003_L02,MI1003,2,False,5.4,6.9,5.8,,,5.9,C,2.0,True,1.44,1.38,Pass
5455,2340488,HK232_MI1003_L02,MI1003,2,False,9.5,8.5,9.6,,,9.4,A,4.0,True,4.0,4.0,Pass
5456,2362658,HK232_MI1003_L02,MI1003,2,False,7.4,8.1,7.4,,,7.5,B,3.0,True,2.9,3.02,Pass
5457,2375908,HK232_MI1003_L02,MI1003,2,False,5.2,4.6,6.1,,,5.6,C,2.0,True,1.71,1.76,Pass
5458,2368918,HK232_MI1003_L02,MI1003,2,False,4.5,5.3,6.7,,,6.0,C,2.0,True,1.29,1.59,Pass
5459,2334656,HK232_MI1003_L02,MI1003,2,False,7.7,7.2,8.0,,,7.8,B,3.0,True,3.1,3.19,Pass
5460,2329017,HK232_MI1003_L02,MI1003,2,False,6.2,5.4,5.4,,,5.6,C,2.0,True,2.27,2.21,Pass
5461,2311714,HK232_MI1003_L02,MI1003,2,False,8.7,7.7,7.1,,,7.5,B,3.0,True,3.2,3.17,Pass
5462,2329982,HK232_MI1003_L02,MI1003,2,False,8.2,7.0,8.0,,,7.8,B,3.0,True,3.37,3.31,Pass
5463,2316774,HK232_MI1003_L02,MI1003,2,False,7.3,6.8,7.2,,,7.1,B,3.0,True,2.43,2.41,Pass
5464,2345934,HK232_MI1003_L02,MI1003,2,False,5.9,6.9,4.1,,,5.0,D+,1.5,True,1.26,1.29,Pass
5465,2358798,HK232_MI1003_L02,MI1003,2,False,6.7,6.6,6.4,,,6.5,C+,2.5,True,2.03,1.98,Pass
5466,2309742,HK232_MI1003_L02,MI1003,2,False,5.8,7.9,7.9,,,7.5,B,3.0,True,2.29,2.42,Pass
5467,2369497,HK232_MI1003_L02,MI1003,2,False,5.1,6.3,5.5,,,5.6,C,2.0,True,1.74,1.74,Pass
5468,2332340,HK232_MI1003_L02,MI1003,2,False,6.8,6.4,7.0,,,6.8,C+,2.5,True,2.26,2.29,Pass
5469,2381119,HK232_MI1003_L02,MI1003,2,False,6.0,6.3,5.9,,,6.0,C,2.0,True,1.91,1.95,Pass
5470,2325887,HK232_MI1003_L02,MI1003,2,False,8.1,7.5,8.8,,,8.4,B+,3.5,True,3.07,3.09,Pass
5471,2371620,HK232_MI1003_L02,MI1003,2,False,5.6,5.2,6.5,,,6.1,C,2.0,True,2.23,2.31,Pass
5472,2326894,HK232_MI1003_L02,MI1003,2,False,7.3,7.0,7.4,,,7.3,B,3.0,True,2.59,2.61,Pass
5473,2342997,HK232_MI1003_L02,MI1003,2,False,7.5,6.6,7.0,,,7.0,B,3.0,True,2.71,2.65,Pass
5474,2354896,HK232_MI1003_L02,MI1003,2,False,6.6,5.6,7.9,,,7.2,B,3.0,True,2.32,2.27,Pass
5475,2320441,HK232_MI1003_L02,MI1003,2,False,7.4,7.0,7.4,,,7.3,B,3.0,True,2.79,2.86,Pass
5476,2315616,HK232_MI1003_L02,MI1003,2,False,7.7,7.7,7.7,,,7.7,B,3.0,True,3.26,3.21,Pass
5477,2360493,HK232_MI1003_L02,MI1003,2,False,9.8,8.8,10.0,,,9.7,A+,4.0,True,3.77,3.88,Pass
5478,2344197,HK232_MI1003_L02,MI1003,2,False,6.4,6.0,5.3,,,5.7,C,2.0,True,2.12,2.27,Pass
5479,2359377,HK232_MI1003_L02,MI1003,2,False,7.3,5.4,7.4,,,7.0,B,3.0,True,2.47,2.44,Pass
5480,2388344,HK232_MI1003_L02,MI1003,2,False,7.3,8.9,7.3,,,7.6,B,3.0,True,3.17,3.26,Pass
5481,2367718,HK232_MI1003_L02,MI1003,2,False,3.5,5.8,6.1,,,5.5,C,2.0,True,2.82,2.64,Pass
5482,2306847,HK232_MI1003_L02,MI1003,2,False,5.7,6.3,5.4,,,5.6,C,2.0,True,2.0,2.05,Pass
5483,2344390,HK232_MI1003_L02,MI1003,2,False,7.1,6.9,6.8,,,6.9,C+,2.5,True,2.79,2.83,Pass
5484,2331719,HK232_MI1003_L02,MI1003,2,False,5.7,7.4,5.2,,,5.7,C,2.0,True,2.5,2.55,Pass
5485,2389930,HK232_MI1003_L02,MI1003,2,False,6.3,6.5,5.7,,,6.0,C,2.0,True,2.13,2.19,Pass
5486,2315767,HK232_MI1003_L02,MI1003,2,False,6.3,6.0,4.1,,,4.9,D,1.0,True,1.74,1.77,Pass
5487,2321834,HK232_MI1003_L02,MI1003,2,False,5.8,6.1,6.6,,,6.3,C,2.0,True,2.32,2.21,Pass
5488,2326852,HK232_MI1003_L02,MI1003,2,False,9.4,10.0,9.6,,,9.6,A+,4.0,True,3.83,3.91,Pass
5489,2329403,HK232_MI1003_L02,MI1003,2,False,8.2,9.3,7.3,,,7.9,B,3.0,True,3.23,3.31,Pass
5490,2344348,HK232_MI1003_L02,MI1003,2,False,5.1,4.7,6.1,,,5.6,C,2.0,True,1.85,1.79,Pass
5491,2398464,HK232_MI1003_L02,MI1003,2,False,6.7,7.0,7.4,,,7.2,B,3.0,True,2.62,2.5,Pass
5492,2356633,HK232_MI1003_L02,MI1003,2,False,7.0,6.2,7.2,,,7.0,B,3.0,True,2.43,2.59,Pass
5493,2328052,HK232_MI1003_L02,MI1003,2,False,6.9,6.8,6.4,,,6.6,C+,2.5,True,2.12,2.14,Pass
5494,2395376,HK232_MI1003_L02,MI1003,2,False,8.0,8.3,6.9,,,7.4,B,3.0,True,3.13,3.12,Pass
5495,2372971,HK232_MI1003_L02,MI1003,2,False,6.6,7.0,4.5,,,5.4,D+,1.5,True,2.32,2.17,Pass
5496,2300201,HK232_MI1003_L02,MI1003,2,False,7.4,7.3,8.0,,,7.7,B,3.0,True,3.35,3.12,Pass
5497,2398657,HK232_MI1003_L02,MI1003,2,False,7.8,8.1,7.8,,,7.9,B,3.0,True,2.83,2.91,Pass
5498,2363816,HK232_MI1003_L02,MI1003,2,False,5.9,6.3,6.0,,,6.0,C,2.0,True,1.65,1.74,Pass
5499,2394948,HK232_MI1003_L02,MI1003,2,False,3.2,3.1,3.1,,,3.1,F,0.0,False,0.18,1.0,Fail
5500,2361114,HK232_MI1003_L02,MI1003,2,False,6.3,7.3,7.1,,,7.0,B,3.0,True,2.41,2.39,Pass
5501,2327473,HK232_MI1003_L02,MI1003,2,False,4.5,3.7,4.5,,,4.3,D,1.0,True,0.62,1.38,Pass
5502,2358563,HK232_MI1003_L02,MI1003,2,False,8.9,7.9,7.7,,,8.0,B+,3.5,True,3.37,3.41,Pass
5503,2327817,HK232_MI1003_L02,MI1003,2,False,9.1,8.1,8.1,,,8.3,B+,3.5,True,3.29,3.58,Pass
5504,2323571,HK232_MI1003_L02,MI1003,2,False,9.2,8.4,8.8,,,8.8,A,4.0,True,4.0,3.95,Pass
5505,2364395,HK232_MI1003_L02,MI1003,2,False,8.9,6.9,8.2,,,8.1,B+,3.5,True,3.93,3.91,Pass
5506,2362272,HK232_MI1003_L02,MI1003,2,False,5.8,6.2,6.5,,,6.3,C,2.0,True,2.29,2.23,Pass
5507,2372199,HK232_MI1003_L02,MI1003,2,False,6.6,7.5,6.2,,,6.5,C+,2.5,True,1.82,1.91,Pass
5508,2343190,HK232_MI1003_L02,MI1003,2,False,5.6,8.2,8.9,,,8.1,B+,3.5,True,4.0,4.0,Pass
5509,2310900,HK232_MI1003_L02,MI1003,2,False,6.6,6.2,6.5,,,6.5,C+,2.5,True,2.59,2.61,Pass
5510,2380154,HK232_MI1003_L02,MI1003,2,False,6.6,6.9,4.8,,,5.6,C,2.0,True,1.8,1.84,Pass
5511,2379038,HK232_MI1003_L02,MI1003,2,False,9.4,7.9,8.2,,,8.4,B+,3.5,True,4.0,3.83,Pass
5512,2347327,HK232_MI1003_L02,MI1003,2,False,5.6,6.2,5.6,,,5.7,C,2.0,True,2.68,2.48,Pass
5513,2338516,HK232_MI1003_L02,MI1003,2,False,7.9,9.1,6.9,,,7.5,B,3.0,True,3.33,3.29,Pass
5514,2373164,HK232_MI1003_L02,MI1003,2,False,5.0,4.7,6.0,,,5.5,C,2.0,True,2.23,2.24,Pass
5515,2306461,HK232_MI1003_L02,MI1003,2,False,4.4,3.9,4.2,,,4.2,D,1.0,True,0.2,1.0,Pass
5516,2306998,HK232_MI1003_L02,MI1003,2,False,6.1,7.3,6.5,,,6.6,C+,2.5,True,2.76,2.56,Pass
5517,2379961,HK232_MI1003_L02,MI1003,2,False,6.8,5.1,6.7,,,6.4,C+,2.5,True,1.91,2.2,Pass
5518,2326273,HK232_MI1003_L02,MI1003,2,False,5.1,7.2,7.0,,,6.7,C+,2.5,True,2.47,2.36,Pass
5519,2322371,HK232_MI1003_L02,MI1003,2,False,9.7,9.4,9.0,,,9.2,A,4.0,True,3.89,3.94,Pass
5520,2318318,HK232_MI1003_L02,MI1003,2,False,7.3,6.9,6.5,,,6.7,C+,2.5,True,2.23,2.38,Pass
5521,2378417,HK232_MI1003_L02,MI1003,2,False,4.4,7.2,6.9,,,6.5,C+,2.5,True,2.15,2.15,Pass
5522,2354510,HK232_MI1003_L02,MI1003,2,False,10.0,8.1,9.7,,,9.4,A,4.0,True,4.0,4.0,Pass
5523,2372006,HK232_MI1003_L02,MI1003,2,False,7.2,6.6,6.1,,,6.4,C+,2.5,True,2.41,2.33,Pass
5524,2382898,HK232_MI1003_L02,MI1003,2,False,7.6,6.0,5.8,,,6.2,C,2.0,True,2.24,2.24,Pass
5525,2374708,HK232_MI1003_L02,MI1003,2,False,7.8,7.1,7.9,,,7.7,B,3.0,True,3.03,3.03,Pass
5526,2384249,HK232_MI1003_L02,MI1003,2,False,6.5,6.1,5.5,,,5.8,C,2.0,True,1.88,1.97,Pass
5527,2329789,HK232_MI1003_L02,MI1003,2,False,9.6,8.9,9.0,,,9.1,A,4.0,True,3.93,3.9,Pass
5528,2364781,HK232_MI1003_L02,MI1003,2,False,8.1,7.8,8.5,,,8.3,B+,3.5,True,3.43,3.55,Pass
5529,2310707,HK232_MI1003_L02,MI1003,2,False,8.3,9.8,10.0,,,9.6,A+,4.0,True,3.87,3.93,Pass
5530,2368683,HK232_MI1003_L02,MI1003,2,False,9.0,8.7,7.0,,,7.7,B,3.0,True,2.97,3.09,Pass
5531,2320827,HK232_MI1003_L02,MI1003,2,False,7.8,7.7,8.1,,,8.0,B+,3.5,True,3.1,3.19,Pass
5532,2335621,HK232_MI1003_L02,MI1003,2,False,5.5,4.6,4.3,,,4.6,D,1.0,True,1.5,1.53,Pass
5533,2331568,HK232_MI1003_L02,MI1003,2,False,6.7,4.8,5.2,,,5.4,D+,1.5,True,1.33,1.34,Pass
5534,2323185,HK232_MI1003_L02,MI1003,2,False,5.9,7.7,5.5,,,6.0,C,2.0,True,2.37,2.4,Pass
5535,2377452,HK232_MI1003_L03,MI1003,2,False,7.1,7.3,6.8,,,7.0,B,3.0,True,2.62,2.73,Pass
5536,2346127,HK232_MI1003_L03,MI1003,2,False,7.3,5.2,6.2,,,6.2,C,2.0,True,2.56,2.29,Pass
5537,2355089,HK232_MI1003_L03,MI1003,2,False,9.4,9.1,9.4,,,9.3,A,4.0,True,3.97,3.93,Pass
5538,2363279,HK232_MI1003_L03,MI1003,2,False,6.9,7.0,9.0,,,8.2,B+,3.5,True,3.53,3.34,Pass
5539,2333070,HK232_MI1003_L03,MI1003,2,False,5.7,6.3,6.3,,,6.2,C,2.0,True,2.5,2.5,Pass
5540,2358412,HK232_MI1003_L03,MI1003,2,False,5.2,6.3,5.3,,,5.5,C,2.0,True,1.29,1.46,Pass
5541,2396727,HK232_MI1003_L03,MI1003,2,False,8.3,8.8,8.7,,,8.6,A,4.0,True,3.68,3.61,Pass
5542,2304875,HK232_MI1003_L03,MI1003,2,False,5.2,4.7,3.4,,,4.0,D,1.0,True,1.71,1.58,Pass
5543,2379810,HK232_MI1003_L03,MI1003,2,False,8.1,7.5,8.0,,,7.9,B,3.0,True,2.5,2.72,Pass
5544,2391432,HK232_MI1003_L03,MI1003,2,False,5.5,6.8,6.5,,,6.4,C+,2.5,True,2.71,2.53,Pass
5545,2360107,HK232_MI1003_L03,MI1003,2,False,6.7,7.2,6.3,,,6.6,C+,2.5,True,2.18,2.09,Pass
5546,2303138,HK232_MI1003_L03,MI1003,2,False,7.6,7.3,8.0,,,7.8,B,3.0,True,3.2,3.29,Pass
5547,2303717,HK232_MI1003_L03,MI1003,2,False,4.1,3.8,4.2,,,4.1,D,1.0,True,0.5,1.09,Pass
5548,2339523,HK232_MI1003_L03,MI1003,2,False,5.7,7.0,5.3,,,5.7,C,2.0,True,2.68,2.61,Pass
5549,2322992,HK232_MI1003_L03,MI1003,2,False,5.6,5.4,5.8,,,5.7,C,2.0,True,1.91,1.74,Pass
5550,2359184,HK232_MI1003_L03,MI1003,2,False,6.3,5.9,7.5,,,6.9,C+,2.5,True,1.74,2.0,Pass
5551,2320869,HK232_MI1003_L03,MI1003,2,False,9.0,8.6,8.1,,,8.4,B+,3.5,True,3.87,3.93,Pass
5552,2370076,HK232_MI1003_L03,MI1003,2,False,9.6,9.7,8.2,,,8.8,A,4.0,True,3.83,3.86,Pass
5553,2338365,HK232_MI1003_L03,MI1003,2,False,7.6,6.2,7.1,,,7.0,B,3.0,True,2.7,2.62,Pass
5554,2364051,HK232_MI1003_L03,MI1003,2,False,7.2,6.8,7.4,,,7.2,B,3.0,True,2.5,2.33,Pass
5555,2399043,HK232_MI1003_L03,MI1003,2,False,8.0,8.3,8.8,,,8.5,A,4.0,True,3.37,3.29,Pass
5556,2350415,HK232_MI1003_L03,MI1003,2,False,3.9,4.3,3.3,,,3.6,F,0.0,False,0.14,1.0,Fail
5557,2332105,HK232_MI1003_L03,MI1003,2,False,8.8,9.1,9.4,,,9.2,A,4.0,True,3.97,3.98,Pass
5558,2359763,HK232_MI1003_L03,MI1003,2,False,7.1,7.6,6.0,,,6.5,C+,2.5,True,2.47,2.5,Pass
5559,2350608,HK232_MI1003_L03,MI1003,2,False,6.8,6.6,6.7,,,6.7,C+,2.5,True,2.29,2.41,Pass
5560,2302559,HK232_MI1003_L03,MI1003,2,False,7.4,6.2,7.6,,,7.3,B,3.0,True,2.12,2.06,Pass
5561,2396920,HK232_MI1003_L03,MI1003,2,False,8.3,7.9,6.8,,,7.3,B,3.0,True,3.23,3.34,Pass
5562,2381740,HK232_MI1003_L03,MI1003,2,False,5.4,6.0,6.5,,,6.2,C,2.0,True,2.47,2.29,Pass
5563,2374943,HK232_MI1003_L03,MI1003,2,False,3.4,3.5,4.6,,,4.1,D,1.0,True,0.48,1.0,Pass
5564,2312872,HK232_MI1003_L03,MI1003,2,False,8.8,8.9,9.0,,,8.9,A,4.0,True,3.97,3.91,Pass
5565,2347520,HK232_MI1003_L03,MI1003,2,False,7.9,8.8,8.5,,,8.4,B+,3.5,True,3.23,3.24,Pass
5566,2355240,HK232_MI1003_L03,MI1003,2,False,8.8,7.4,8.8,,,8.5,A,4.0,True,3.13,3.12,Pass
5567,2342653,HK232_MI1003_L03,MI1003,2,False,7.1,6.6,6.7,,,6.8,C+,2.5,True,2.47,2.39,Pass
5568,2325115,HK232_MI1003_L03,MI1003,2,False,5.4,4.5,6.4,,,5.8,C,2.0,True,2.35,2.23,Pass
5569,2370655,HK232_MI1003_L03,MI1003,2,False,5.6,6.2,6.1,,,6.0,C,2.0,True,1.85,1.85,Pass
5570,2356826,HK232_MI1003_L03,MI1003,2,False,7.1,6.6,6.6,,,6.7,C+,2.5,True,2.62,2.62,Pass
5571,2354661,HK232_MI1003_L03,MI1003,2,False,6.2,5.9,5.5,,,5.7,C,2.0,True,2.65,2.42,Pass
5572,2347906,HK232_MI1003_L03,MI1003,2,False,8.6,7.7,8.4,,,8.3,B+,3.5,True,3.0,3.18,Pass
5573,2378031,HK232_MI1003_L03,MI1003,2,False,9.6,9.2,9.0,,,9.2,A,4.0,True,4.0,4.0,Pass
5574,2318276,HK232_MI1003_L03,MI1003,2,False,6.7,6.2,6.6,,,6.5,C+,2.5,True,2.6,2.55,Pass
5575,2370034,HK232_MI1003_L03,MI1003,2,False,6.2,4.8,5.1,,,5.3,D+,1.5,True,1.79,1.79,Pass
5576,2390467,HK232_MI1003_L03,MI1003,2,False,8.0,7.5,8.3,,,8.1,B+,3.5,True,3.0,2.94,Pass
5577,2355282,HK232_MI1003_L03,MI1003,2,False,6.7,8.7,8.2,,,8.0,B+,3.5,True,2.87,3.0,Pass
5578,2317546,HK232_MI1003_L03,MI1003,2,False,7.7,7.9,7.1,,,7.4,B,3.0,True,3.07,3.28,Pass
5579,2305261,HK232_MI1003_L03,MI1003,2,False,8.8,8.4,9.5,,,9.1,A,4.0,True,4.0,3.95,Pass
5580,2337979,HK232_MI1003_L03,MI1003,2,False,6.3,8.0,7.2,,,7.2,B,3.0,True,3.23,3.1,Pass
5581,2314416,HK232_MI1003_L03,MI1003,2,False,6.3,6.5,6.3,,,6.3,C,2.0,True,2.59,2.58,Pass
5582,2386607,HK232_MI1003_L03,MI1003,2,False,7.4,8.6,7.0,,,7.4,B,3.0,True,3.47,3.34,Pass
5583,2369455,HK232_MI1003_L03,MI1003,2,False,8.5,7.4,8.7,,,8.4,B+,3.5,True,3.97,3.93,Pass
5584,2312637,HK232_MI1003_L03,MI1003,2,False,4.1,5.3,4.5,,,4.6,D,1.0,True,0.4,1.0,Pass
5585,2307770,HK232_MI1003_L03,MI1003,2,False,7.6,8.7,8.3,,,8.2,B+,3.5,True,3.4,3.33,Pass
5586,2367332,HK232_MI1003_L03,MI1003,2,False,7.5,6.2,8.1,,,7.6,B,3.0,True,3.06,2.95,Pass
5587,2349408,HK232_MI1003_L03,MI1003,2,False,7.2,5.8,7.2,,,6.9,C+,2.5,True,2.65,2.5,Pass
5588,2305840,HK232_MI1003_L03,MI1003,2,False,7.5,8.8,8.3,,,8.2,B+,3.5,True,3.1,3.24,Pass
5589,2349450,HK232_MI1003_L03,MI1003,2,False,8.8,7.1,7.3,,,7.6,B,3.0,True,3.06,3.03,Pass
5590,2351380,HK232_MI1003_L03,MI1003,2,False,7.4,4.6,7.9,,,7.1,B,3.0,True,2.5,2.64,Pass
5591,2338130,HK232_MI1003_L03,MI1003,2,False,10.0,9.6,9.2,,,9.4,A,4.0,True,4.0,4.0,Pass
5592,2312679,HK232_MI1003_L03,MI1003,2,False,5.7,5.5,5.5,,,5.5,C,2.0,True,1.85,1.88,Pass
5593,2317118,HK232_MI1003_L03,MI1003,2,False,5.7,6.9,7.9,,,7.3,B,3.0,True,2.44,2.29,Pass
5594,2361500,HK232_MI1003_L03,MI1003,2,False,3.9,4.5,4.3,,,4.3,D,1.0,True,0.6,1.0,Pass
5595,2364437,HK232_MI1003_L03,MI1003,2,False,8.5,8.8,5.2,,,6.6,C+,2.5,True,3.23,3.38,Pass
5596,2396148,HK232_MI1003_L03,MI1003,2,False,6.6,7.9,6.0,,,6.5,C+,2.5,True,2.15,2.06,Pass
5597,2349643,HK232_MI1003_L03,MI1003,2,False,3.9,5.0,5.7,,,5.2,D+,1.5,True,1.65,1.55,Pass
5598,2334035,HK232_MI1003_L03,MI1003,2,False,7.3,8.2,9.0,,,8.5,A,4.0,True,2.97,3.05,Pass
5599,2397499,HK232_MI1003_L03,MI1003,2,False,6.6,6.2,6.9,,,6.7,C+,2.5,True,2.32,2.29,Pass
5600,2365209,HK232_MI1003_L03,MI1003,2,False,7.3,8.1,6.1,,,6.7,C+,2.5,True,3.0,2.77,Pass
5601,2393597,HK232_MI1003_L03,MI1003,2,False,7.4,8.4,7.2,,,7.5,B,3.0,True,3.13,3.03,Pass
5602,2305068,HK232_MI1003_L03,MI1003,2,False,8.5,8.1,9.3,,,8.9,A,4.0,True,3.97,3.98,Pass
5603,2342032,HK232_MI1003_L03,MI1003,2,False,7.1,6.8,7.3,,,7.2,B,3.0,True,2.53,2.61,Pass
5604,2300822,HK232_MI1003_L03,MI1003,2,False,9.1,7.1,6.7,,,7.3,B,3.0,True,3.37,3.52,Pass
5605,2319283,HK232_MI1003_L03,MI1003,2,False,7.9,6.2,8.4,,,7.9,B,3.0,True,2.82,2.91,Pass
5606,2369262,HK232_MI1003_L03,MI1003,2,False,7.1,7.7,7.1,,,7.2,B,3.0,True,3.33,3.36,Pass
5607,2325694,HK232_MI1003_L03,MI1003,2,False,6.3,7.7,5.6,,,6.2,C,2.0,True,2.13,2.05,Pass
5608,2310556,HK232_MI1003_L03,MI1003,2,False,6.3,7.3,6.0,,,6.3,C,2.0,True,2.21,2.15,Pass
5609,2305496,HK232_MI1003_L03,MI1003,2,False,6.1,6.1,7.2,,,6.8,C+,2.5,True,2.29,2.32,Pass
5610,2311286,HK232_MI1003_L03,MI1003,2,False,6.7,7.7,7.9,,,7.6,B,3.0,True,3.06,2.8,Pass
5611,2336821,HK232_MI1003_L03,MI1003,2,False,7.4,8.8,7.2,,,7.6,B,3.0,True,3.09,3.14,Pass
5612,2389158,HK232_MI1003_L03,MI1003,2,False,6.4,6.2,7.4,,,7.0,B,3.0,True,2.12,2.29,Pass
5613,2307619,HK232_MI1003_L03,MI1003,2,False,7.5,7.8,6.8,,,7.1,B,3.0,True,3.15,3.26,Pass
5614,2373743,HK232_MI1003_L03,MI1003,2,False,7.2,6.4,7.3,,,7.1,B,3.0,True,3.2,3.17,Pass
5615,2303524,HK232_MI1003_L03,MI1003,2,False,8.7,9.6,7.4,,,8.1,B+,3.5,True,3.2,3.1,Pass
5616,2379189,HK232_MI1003_L03,MI1003,2,False,7.3,8.9,8.6,,,8.4,B+,3.5,True,3.2,3.36,Pass
5617,2336393,HK232_MI1003_L03,MI1003,2,False,7.7,8.5,7.7,,,7.9,B,3.0,True,3.13,3.28,Pass
5618,2324536,HK232_MI1003_L03,MI1003,2,False,7.0,6.4,5.7,,,6.1,C,2.0,True,2.15,2.39,Pass
5619,2316732,HK232_MI1003_L03,MI1003,2,False,5.2,5.0,5.2,,,5.2,D+,1.5,True,2.06,2.09,Pass
5620,2382512,HK232_MI1003_L03,MI1003,2,False,6.0,5.7,5.4,,,5.6,C,2.0,True,1.74,1.76,Pass
5621,2313258,HK232_MI1003_L03,MI1003,2,False,7.5,7.3,8.4,,,8.0,B+,3.5,True,3.5,3.3,Pass
5622,2310942,HK232_MI1003_L03,MI1003,2,False,3.8,4.0,4.1,,,4.0,D,1.0,True,0.57,1.11,Pass
5623,2328203,HK232_MI1003_L03,MI1003,2,False,6.8,7.5,6.7,,,6.9,C+,2.5,True,2.37,2.26,Pass
5624,2354275,HK232_MI1003_L03,MI1003,2,False,5.7,6.0,6.0,,,5.9,C,2.0,True,2.15,2.15,Pass
5625,2313065,HK232_MI1003_L03,MI1003,2,False,9.7,8.7,10.0,,,9.7,A+,4.0,True,3.67,3.81,Pass
5626,2380582,HK232_MI1003_L03,MI1003,2,False,3.0,7.2,6.4,,,5.9,C,2.0,True,2.76,2.5,Pass
5627,2357791,HK232_MI1003_L03,MI1003,2,False,5.6,6.7,6.6,,,6.4,C+,2.5,True,1.76,1.7,Pass
5628,2371813,HK232_MI1003_L03,MI1003,2,False,7.6,9.1,8.0,,,8.1,B+,3.5,True,3.0,3.2,Pass
5629,2382705,HK232_MI1003_L03,MI1003,2,False,9.2,8.4,7.8,,,8.2,B+,3.5,True,3.5,3.53,Pass
5630,2385600,HK232_MI1003_L03,MI1003,2,False,4.5,4.3,3.3,,,3.7,F,0.0,False,0.55,1.18,Fail
5631,2365360,HK232_MI1003_L03,MI1003,2,False,7.8,8.1,8.9,,,8.5,A,4.0,True,3.23,3.41,Pass
5632,2369883,HK232_MI1003_L03,MI1003,2,False,5.5,8.6,8.3,,,7.8,B,3.0,True,2.21,2.32,Pass
5633,2392632,HK232_MI1003_L03,MI1003,2,False,5.5,6.0,5.8,,,5.8,C,2.0,True,1.97,1.86,Pass
5634,2311328,HK232_MI1003_L03,MI1003,2,False,6.4,5.2,8.1,,,7.2,B,3.0,True,2.71,2.62,Pass
5635,2398271,HK232_MI1003_L03,MI1003,2,False,5.0,3.7,4.8,,,4.6,D,1.0,True,1.76,1.68,Pass
5636,2357640,HK232_MI1003_L03,MI1003,2,False,7.6,9.2,8.6,,,8.5,A,4.0,True,3.7,3.6,Pass
5637,2308198,HK232_MI1003_L03,MI1003,2,False,2.3,3.4,4.0,,,3.5,F,0.0,False,0.19,1.0,Fail
5638,2370999,HK232_MI1003_L03,MI1003,2,False,7.3,5.4,6.8,,,6.6,C+,2.5,True,2.56,2.62,Pass
5639,2383905,HK232_MI1003_L03,MI1003,2,False,5.3,6.1,6.7,,,6.3,C,2.0,True,1.73,1.93,Pass
5640,2321599,HK232_MI1003_L03,MI1003,2,False,7.6,7.1,7.4,,,7.4,B,3.0,True,2.79,2.67,Pass
5641,2391860,HK232_MI1003_L03,MI1003,2,False,8.0,7.9,8.3,,,8.2,B+,3.5,True,3.27,3.47,Pass
5642,2389502,HK232_MI1003_L03,MI1003,2,False,7.5,7.6,5.9,,,6.6,C+,2.5,True,3.43,3.41,Pass
5643,2323378,HK232_MI1003_L03,MI1003,2,False,6.0,5.7,6.7,,,6.4,C+,2.5,True,2.53,2.3,Pass
5644,2374129,HK232_MI1003_L03,MI1003,2,False,5.5,7.0,6.2,,,6.2,C,2.0,True,2.47,2.41,Pass
5645,2356054,HK232_MI1003_L03,MI1003,2,False,7.9,9.2,7.5,,,7.9,B,3.0,True,3.7,3.5,Pass
5646,2353931,HK232_MI1003_L03,MI1003,2,False,4.3,5.7,5.3,,,5.2,D+,1.5,True,1.53,1.71,Pass
5647,2314223,HK232_MI1003_L03,MI1003,2,False,6.0,4.7,3.7,,,4.4,D,1.0,True,1.71,1.64,Pass
5648,2307233,HK232_MI1003_L03,MI1003,2,False,6.3,6.9,6.5,,,6.5,C+,2.5,True,2.09,2.24,Pass
5649,2301980,HK232_MI1003_L03,MI1003,2,False,8.6,7.6,8.6,,,8.4,B+,3.5,True,3.0,3.09,Pass
5650,2365746,HK232_MI1003_L03,MI1003,2,False,6.4,8.2,8.6,,,8.1,B+,3.5,True,3.1,3.05,Pass
5651,2393018,HK232_MI1003_L04,MI1003,2,False,6.5,5.3,5.9,,,5.9,C,2.0,True,2.12,2.05,Pass
5652,2314609,HK232_MI1003_L04,MI1003,2,False,5.8,5.7,7.0,,,6.5,C+,2.5,True,1.85,1.82,Pass
5653,2310514,HK232_MI1003_L04,MI1003,2,False,7.1,5.9,7.1,,,6.9,C+,2.5,True,2.53,2.18,Pass
5654,2308005,HK232_MI1003_L04,MI1003,2,False,5.9,4.1,3.5,,,4.1,D,1.0,True,0.68,1.12,Pass
5655,2339288,HK232_MI1003_L04,MI1003,2,False,10.0,6.9,8.5,,,8.5,A,4.0,True,3.23,3.19,Pass
5656,2315423,HK232_MI1003_L04,MI1003,2,False,6.4,4.9,4.7,,,5.1,D+,1.5,True,1.82,1.67,Pass
5657,2380968,HK232_MI1003_L04,MI1003,2,False,5.8,7.6,6.8,,,6.8,C+,2.5,True,2.35,2.53,Pass
5658,2310363,HK232_MI1003_L04,MI1003,2,False,3.0,5.6,4.2,,,4.2,D,1.0,True,0.32,1.0,Pass
5659,2329596,HK232_MI1003_L04,MI1003,2,False,6.8,8.2,7.5,,,7.5,B,3.0,True,2.97,3.17,Pass
5660,2301208,HK232_MI1003_L04,MI1003,2,False,6.9,6.9,6.7,,,6.8,C+,2.5,True,2.56,2.68,Pass
5661,2396878,HK232_MI1003_L04,MI1003,2,False,6.0,7.7,6.6,,,6.7,C+,2.5,True,2.26,2.39,Pass
5662,2348485,HK232_MI1003_L04,MI1003,2,False,8.4,8.3,6.9,,,7.5,B,3.0,True,3.24,3.26,Pass
5663,2343232,HK232_MI1003_L04,MI1003,2,False,8.4,6.2,6.5,,,6.8,C+,2.5,True,2.29,2.56,Pass
5664,2365595,HK232_MI1003_L04,MI1003,2,False,6.7,5.2,7.4,,,6.8,C+,2.5,True,2.77,2.6,Pass
5665,2352345,HK232_MI1003_L04,MI1003,2,False,5.5,7.1,7.4,,,7.0,B,3.0,True,2.4,2.57,Pass
5666,2300050,HK232_MI1003_L04,MI1003,2,False,7.6,8.8,8.7,,,8.5,A,4.0,True,3.27,3.28,Pass
5667,2309549,HK232_MI1003_L04,MI1003,2,False,9.6,9.6,9.7,,,9.7,A+,4.0,True,4.0,4.0,Pass
5668,2304917,HK232_MI1003_L04,MI1003,2,False,7.9,7.3,7.4,,,7.5,B,3.0,True,2.41,2.39,Pass
5669,2323143,HK232_MI1003_L04,MI1003,2,False,6.8,7.8,7.3,,,7.3,B,3.0,True,2.53,2.52,Pass
5670,2351766,HK232_MI1003_L04,MI1003,2,False,5.9,5.3,6.5,,,6.1,C,2.0,True,1.79,1.77,Pass
5671,2359956,HK232_MI1003_L04,MI1003,2,False,8.3,7.7,7.4,,,7.6,B,3.0,True,3.41,3.32,Pass
5672,2376252,HK232_MI1003_L04,MI1003,2,False,9.1,7.3,6.4,,,7.1,B,3.0,True,2.71,2.47,Pass
5673,2363858,HK232_MI1003_L04,MI1003,2,False,6.4,7.1,7.4,,,7.1,B,3.0,True,2.62,2.62,Pass
5674,2391088,HK232_MI1003_L04,MI1003,2,False,8.6,10.0,8.9,,,9.1,A,4.0,True,3.37,3.57,Pass
5675,2300436,HK232_MI1003_L04,MI1003,2,False,5.5,4.6,5.7,,,5.4,D+,1.5,True,1.35,1.59,Pass
5676,2338323,HK232_MI1003_L04,MI1003,2,False,6.1,6.1,6.3,,,6.2,C,2.0,True,2.32,2.39,Pass
5677,2346320,HK232_MI1003_L04,MI1003,2,False,7.6,6.7,6.4,,,6.7,C+,2.5,True,2.18,2.17,Pass
5678,2385835,HK232_MI1003_L04,MI1003,2,False,5.8,5.6,3.9,,,4.6,D,1.0,True,1.79,1.74,Pass
5679,2330754,HK232_MI1003_L04,MI1003,2,False,8.7,8.8,9.9,,,9.4,A,4.0,True,3.97,3.98,Pass
5680,2338902,HK232_MI1003_L04,MI1003,2,False,7.0,7.2,8.1,,,7.7,B,3.0,True,2.85,2.64,Pass
5681,2304296,HK232_MI1003_L04,MI1003,2,False,7.9,8.4,7.6,,,7.8,B,3.0,True,3.07,3.17,Pass
5682,2343425,HK232_MI1003_L04,MI1003,2,False,7.3,6.3,5.4,,,6.0,C,2.0,True,2.26,2.14,Pass
5683,2337358,HK232_MI1003_L04,MI1003,2,False,8.5,8.3,8.2,,,8.3,B+,3.5,True,3.53,3.55,Pass
5684,2332919,HK232_MI1003_L04,MI1003,2,False,6.9,7.0,7.6,,,7.3,B,3.0,True,3.7,3.6,Pass
5685,2349064,HK232_MI1003_L04,MI1003,2,False,5.8,6.6,7.8,,,7.2,B,3.0,True,2.09,2.39,Pass
5686,2302324,HK232_MI1003_L04,MI1003,2,False,5.8,7.3,6.3,,,6.4,C+,2.5,True,2.44,2.23,Pass
5687,2372778,HK232_MI1003_L04,MI1003,2,False,5.5,6.0,7.0,,,6.5,C+,2.5,True,2.44,2.2,Pass
5688,2353889,HK232_MI1003_L04,MI1003,2,False,4.5,6.0,6.0,,,5.7,C,2.0,True,1.85,1.8,Pass
5689,2354317,HK232_MI1003_L04,MI1003,2,False,6.2,5.9,5.7,,,5.8,C,2.0,True,1.97,2.15,Pass
5690,2331954,HK232_MI1003_L04,MI1003,2,False,9.1,9.8,9.2,,,9.3,A,4.0,True,4.0,4.0,Pass
5691,2316925,HK232_MI1003_L04,MI1003,2,False,4.8,6.2,5.5,,,5.5,C,2.0,True,2.09,2.15,Pass
5692,2391474,HK232_MI1003_L04,MI1003,2,False,7.9,6.6,6.4,,,6.7,C+,2.5,True,2.53,2.45,Pass
5693,2331140,HK232_MI1003_L04,MI1003,2,False,8.7,9.7,9.6,,,9.4,A,4.0,True,3.89,3.88,Pass
5694,2362079,HK232_MI1003_L04,MI1003,2,False,7.3,7.9,9.0,,,8.4,B+,3.5,True,3.2,3.14,Pass
5695,2386179,HK232_MI1003_L04,MI1003,2,False,9.3,6.7,6.3,,,7.0,B,3.0,True,3.63,3.34,Pass
5696,2301594,HK232_MI1003_L04,MI1003,2,False,5.6,5.1,6.7,,,6.2,C,2.0,True,1.21,1.41,Pass
5697,2391667,HK232_MI1003_L04,MI1003,2,False,7.8,7.5,7.5,,,7.6,B,3.0,True,3.09,3.05,Pass
5698,2304103,HK232_MI1003_L04,MI1003,2,False,5.3,6.3,5.1,,,5.4,D+,1.5,True,1.82,1.76,Pass
5699,2390660,HK232_MI1003_L04,MI1003,2,False,5.7,6.2,5.8,,,5.9,C,2.0,True,1.76,1.74,Pass
5700,2306033,HK232_MI1003_L04,MI1003,2,False,3.8,3.1,6.0,,,5.0,D+,1.5,True,0.0,1.5,Pass
5701,2350994,HK232_MI1003_L04,MI1003,2,False,5.5,5.1,6.5,,,6.0,C,2.0,True,2.03,1.97,Pass
5702,2321985,HK232_MI1003_L04,MI1003,2,False,7.9,7.4,7.9,,,7.8,B,3.0,True,3.13,3.26,Pass
5703,2336007,HK232_MI1003_L04,MI1003,2,False,7.4,5.9,7.6,,,7.2,B,3.0,True,2.26,2.18,Pass
5704,2328438,HK232_MI1003_L04,MI1003,2,False,9.3,8.1,8.1,,,8.3,B+,3.5,True,3.93,3.9,Pass
5705,2341646,HK232_MI1003_L04,MI1003,2,False,7.7,6.0,5.5,,,6.0,C,2.0,True,2.53,2.38,Pass
5706,2360728,HK232_MI1003_L04,MI1003,2,False,5.7,6.5,5.5,,,5.7,C,2.0,True,2.43,2.36,Pass
5707,2352966,HK232_MI1003_L04,MI1003,2,False,7.5,8.2,6.8,,,7.2,B,3.0,True,3.37,3.19,Pass
5708,2375094,HK232_MI1003_L04,MI1003,2,False,6.3,5.7,6.6,,,6.4,C+,2.5,True,2.24,2.24,Pass
5709,2319669,HK232_MI1003_L04,MI1003,2,False,6.2,7.1,5.6,,,6.0,C,2.0,True,2.24,2.18,Pass
5710,2366174,HK232_MI1003_L04,MI1003,2,False,9.6,9.5,9.2,,,9.3,A,4.0,True,3.87,3.93,Pass
5711,2392825,HK232_MI1003_L04,MI1003,2,False,4.3,7.7,5.5,,,5.7,C,2.0,True,1.37,1.6,Pass
5712,2370269,HK232_MI1003_L04,MI1003,2,False,7.1,5.3,6.1,,,6.1,C,2.0,True,2.41,2.45,Pass
5713,2344583,HK232_MI1003_L04,MI1003,2,False,7.1,7.4,6.9,,,7.0,B,3.0,True,3.0,2.92,Pass
5714,2301552,HK232_MI1003_L04,MI1003,2,False,6.3,6.3,7.4,,,7.0,B,3.0,True,2.23,2.43,Pass
5715,2334270,HK232_MI1003_L04,MI1003,2,False,6.6,7.1,5.7,,,6.2,C,2.0,True,2.35,2.45,Pass
5716,2322606,HK232_MI1003_L04,MI1003,2,False,7.6,5.8,7.5,,,7.2,B,3.0,True,2.5,2.38,Pass
5717,2387572,HK232_MI1003_L04,MI1003,2,False,7.5,8.6,8.6,,,8.4,B+,3.5,True,3.1,3.07,Pass
5718,2332684,HK232_MI1003_L04,MI1003,2,False,7.6,8.2,8.7,,,8.4,B+,3.5,True,3.0,3.07,Pass
5719,2338751,HK232_MI1003_L04,MI1003,2,False,7.9,7.4,9.0,,,8.5,A,4.0,True,3.03,3.07,Pass
5720,2395569,HK232_MI1003_L04,MI1003,2,False,5.6,6.9,6.6,,,6.5,C+,2.5,True,2.62,2.53,Pass
5721,2384635,HK232_MI1003_L04,MI1003,2,False,9.3,8.2,6.9,,,7.6,B,3.0,True,3.06,2.98,Pass
5722,2348636,HK232_MI1003_L04,MI1003,2,False,5.5,5.6,6.5,,,6.1,C,2.0,True,1.94,1.97,Pass
5723,2398850,HK232_MI1003_L04,MI1003,2,False,6.6,7.2,5.6,,,6.1,C,2.0,True,1.83,1.69,Pass
5724,2305110,HK232_MI1003_L04,MI1003,2,False,7.6,8.0,7.6,,,7.7,B,3.0,True,2.83,2.84,Pass
5725,2350029,HK232_MI1003_L04,MI1003,2,False,6.2,6.3,4.5,,,5.2,D+,1.5,True,1.5,1.5,Pass
5726,2374515,HK232_MI1003_L04,MI1003,2,False,8.3,6.4,7.5,,,7.4,B,3.0,True,2.62,2.48,Pass
5727,2379575,HK232_MI1003_L04,MI1003,2,False,6.4,6.6,5.2,,,5.7,C,2.0,True,1.97,1.98,Pass
5728,2332726,HK232_MI1003_L04,MI1003,2,False,5.7,7.2,6.4,,,6.4,C+,2.5,True,2.41,2.33,Pass
5729,2316195,HK232_MI1003_L04,MI1003,2,False,6.3,6.2,7.5,,,7.0,B,3.0,True,2.09,2.21,Pass
5730,2380347,HK232_MI1003_L04,MI1003,2,False,6.9,6.9,6.6,,,6.7,C+,2.5,True,3.27,3.14,Pass
5731,2380733,HK232_MI1003_L04,MI1003,2,False,6.5,7.8,9.3,,,8.4,B+,3.5,True,3.23,3.31,Pass
5732,2385407,HK232_MI1003_L04,MI1003,2,False,5.4,5.7,5.5,,,5.5,C,2.0,True,1.88,1.8,Pass
5733,2351959,HK232_MI1003_L04,MI1003,2,False,6.6,5.9,5.3,,,5.7,C,2.0,True,1.82,1.92,Pass
5734,2317890,HK232_MI1003_L04,MI1003,2,False,9.4,7.6,9.3,,,9.0,A,4.0,True,3.87,3.83,Pass
5735,2389737,HK232_MI1003_L04,MI1003,2,False,7.1,7.5,7.4,,,7.4,B,3.0,True,3.13,3.19,Pass
5736,2363665,HK232_MI1003_L04,MI1003,2,False,5.9,4.8,6.1,,,5.8,C,2.0,True,2.12,2.08,Pass
5737,2392246,HK232_MI1003_L04,MI1003,2,False,8.0,8.3,9.1,,,8.7,A,4.0,True,3.2,3.16,Pass
5738,2324343,HK232_MI1003_L04,MI1003,2,False,8.1,6.2,6.0,,,6.5,C+,2.5,True,2.29,2.26,Pass
5739,2339716,HK232_MI1003_L04,MI1003,2,False,5.7,5.0,4.4,,,4.8,D,1.0,True,1.88,1.88,Pass
5740,2368297,HK232_MI1003_L04,MI1003,2,False,6.9,6.7,7.0,,,6.9,C+,2.5,True,2.71,2.59,Pass
5741,2320248,HK232_MI1003_L04,MI1003,2,False,9.2,9.3,7.9,,,8.4,B+,3.5,True,4.0,4.0,Pass
5742,2387186,HK232_MI1003_L04,MI1003,2,False,6.4,7.5,5.6,,,6.1,C,2.0,True,2.12,2.21,Pass
5743,2375673,HK232_MI1003_L04,MI1003,2,False,5.4,6.4,6.8,,,6.4,C+,2.5,True,2.06,1.98,Pass
5744,2323336,HK232_MI1003_L04,MI1003,2,False,5.4,7.5,6.5,,,6.5,C+,2.5,True,2.38,2.44,Pass
5745,2328396,HK232_MI1003_L04,MI1003,2,False,8.1,5.8,5.4,,,6.0,C,2.0,True,2.67,2.78,Pass
5746,2360535,HK232_MI1003_L04,MI1003,2,False,8.3,7.5,8.7,,,8.4,B+,3.5,True,3.87,3.88,Pass
5747,2379231,HK232_MI1003_L04,MI1003,2,False,10.0,9.0,9.3,,,9.4,A,4.0,True,3.89,3.83,Pass
5748,2339330,HK232_MI1003_L04,MI1003,2,False,5.4,5.8,4.4,,,4.9,D,1.0,True,1.5,1.39,Pass
5749,2335042,HK232_MI1003_L04,MI1003,2,False,6.0,8.5,8.4,,,7.9,B,3.0,True,2.93,2.97,Pass
5750,2319090,HK232_MI1003_L04,MI1003,2,False,6.2,5.9,4.4,,,5.1,D+,1.5,True,1.59,1.58,Pass
5751,2322220,HK232_MI1003_L04,MI1003,2,False,6.2,6.3,7.8,,,7.2,B,3.0,True,2.33,2.43,Pass
5752,2376487,HK232_MI1003_L04,MI1003,2,False,4.0,6.8,4.2,,,4.7,D,1.0,True,0.18,1.0,Pass
5753,2301401,HK232_MI1003_L04,MI1003,2,False,6.4,5.9,6.6,,,6.4,C+,2.5,True,2.44,2.56,Pass
5754,2378803,HK232_MI1003_L04,MI1003,2,False,7.5,6.5,7.9,,,7.5,B,3.0,True,3.26,3.27,Pass
5755,2359721,HK232_MI1003_L04,MI1003,2,False,8.0,5.8,6.2,,,6.5,C+,2.5,True,2.68,2.56,Pass
5756,2300629,HK232_MI1003_L04,MI1003,2,False,5.1,6.8,6.3,,,6.2,C,2.0,True,2.09,1.97,Pass
5757,2310170,HK232_MI1003_L04,MI1003,2,False,5.4,7.8,7.1,,,6.9,C+,2.5,True,2.53,2.62,Pass
5758,2395141,HK232_MI1003_L04,MI1003,2,False,5.9,4.6,4.9,,,5.0,D+,1.5,True,1.26,1.42,Pass
5759,2347478,HK232_MI1003_L04,MI1003,2,False,10.0,8.3,7.8,,,8.3,B+,3.5,True,3.93,3.78,Pass
5760,2343383,HK232_MI1003_L04,MI1003,2,False,5.6,6.0,4.5,,,5.0,D+,1.5,True,2.0,1.83,Pass
5761,2342611,HK232_MI1003_L04,MI1003,2,False,6.2,7.5,6.4,,,6.6,C+,2.5,True,1.88,1.71,Pass
5762,2374750,HK232_MI1003_L04,MI1003,2,False,7.9,10.0,7.7,,,8.2,B+,3.5,True,3.0,3.02,Pass
5763,2385256,HK232_MI1003_L04,MI1003,2,False,5.9,6.0,6.2,,,6.1,C,2.0,True,2.2,2.1,Pass
5764,2330175,HK232_MI1003_L04,MI1003,2,False,5.9,6.3,7.9,,,7.2,B,3.0,True,2.12,2.26,Pass
5765,2337207,HK232_MI1003_L04,MI1003,2,False,7.4,7.8,7.6,,,7.6,B,3.0,True,2.88,2.82,Pass
5766,2376680,HK232_MI1003_L04,MI1003,2,False,7.7,6.7,5.3,,,6.1,C,2.0,True,2.29,2.29,Pass
5767,2321406,HK232_MI1003_L05,MI1003,2,False,5.3,6.9,8.9,,,7.8,B,3.0,True,2.44,2.7,Pass
5768,2381161,HK232_MI1003_L05,MI1003,2,False,8.2,9.2,10.0,,,9.5,A+,4.0,True,3.97,3.98,Pass
5769,2349987,HK232_MI1003_L05,MI1003,2,False,6.5,5.4,7.7,,,7.0,B,3.0,True,2.35,2.15,Pass
5770,2332533,HK232_MI1003_L05,MI1003,2,False,7.0,6.8,6.1,,,6.4,C+,2.5,True,2.29,2.27,Pass
5771,2363472,HK232_MI1003_L05,MI1003,2,False,8.9,8.7,8.4,,,8.6,A,4.0,True,3.09,3.15,Pass
5772,2395334,HK232_MI1003_L05,MI1003,2,False,7.5,9.2,7.5,,,7.8,B,3.0,True,3.47,3.58,Pass
5773,2373936,HK232_MI1003_L05,MI1003,2,False,5.9,6.8,5.8,,,6.0,C,2.0,True,1.44,1.5,Pass
5774,2368490,HK232_MI1003_L05,MI1003,2,False,7.5,5.6,7.4,,,7.1,B,3.0,True,2.44,2.48,Pass
5775,2309935,HK232_MI1003_L05,MI1003,2,False,8.1,9.7,9.5,,,9.3,A,4.0,True,4.0,4.0,Pass
5776,2310128,HK232_MI1003_L05,MI1003,2,False,6.7,4.8,6.5,,,6.2,C,2.0,True,1.44,1.52,Pass
5777,2375480,HK232_MI1003_L05,MI1003,2,False,9.5,8.5,8.7,,,8.8,A,4.0,True,3.89,3.88,Pass
5778,2342225,HK232_MI1003_L05,MI1003,2,False,4.5,5.6,5.8,,,5.5,C,2.0,True,1.56,1.71,Pass
5779,2341453,HK232_MI1003_L05,MI1003,2,False,8.6,8.3,7.7,,,8.0,B+,3.5,True,3.12,3.14,Pass
5780,2361886,HK232_MI1003_L05,MI1003,2,False,8.3,8.5,9.3,,,8.9,A,4.0,True,3.87,3.81,Pass
5781,2386565,HK232_MI1003_L05,MI1003,2,False,6.7,8.0,7.7,,,7.6,B,3.0,True,2.88,2.91,Pass
5782,2384870,HK232_MI1003_L05,MI1003,2,False,5.6,7.0,7.4,,,7.0,B,3.0,True,2.29,2.2,Pass
5783,2362893,HK232_MI1003_L05,MI1003,2,False,3.9,5.8,5.0,,,4.9,D,1.0,True,1.29,1.38,Pass
5784,2378652,HK232_MI1003_L05,MI1003,2,False,8.3,10.0,8.8,,,8.9,A,4.0,True,3.03,3.24,Pass
5785,2376059,HK232_MI1003_L05,MI1003,2,False,4.9,6.2,6.1,,,5.9,C,2.0,True,1.93,1.93,Pass
5786,2345162,HK232_MI1003_L05,MI1003,2,False,7.8,8.1,8.0,,,8.0,B+,3.5,True,3.09,3.2,Pass
5787,2365981,HK232_MI1003_L05,MI1003,2,False,4.9,6.3,6.2,,,6.0,C,2.0,True,1.68,1.76,Pass
5788,2370420,HK232_MI1003_L05,MI1003,2,False,10.0,9.3,8.8,,,9.1,A,4.0,True,3.89,3.94,Pass
5789,2327666,HK232_MI1003_L05,MI1003,2,False,4.2,4.2,5.8,,,5.2,D+,1.5,True,0.62,1.09,Pass
5790,2313023,HK232_MI1003_L05,MI1003,2,False,5.5,6.5,4.0,,,4.8,D,1.0,True,1.5,1.59,Pass
5791,2306226,HK232_MI1003_L05,MI1003,2,False,5.6,7.6,6.7,,,6.7,C+,2.5,True,2.37,2.36,Pass
5792,2333263,HK232_MI1003_L05,MI1003,2,False,6.1,5.5,6.0,,,5.9,C,2.0,True,1.68,1.76,Pass
5793,2386028,HK232_MI1003_L05,MI1003,2,False,10.0,10.0,9.3,,,9.6,A+,4.0,True,3.97,3.98,Pass
5794,2368876,HK232_MI1003_L05,MI1003,2,False,5.5,5.9,5.9,,,5.8,C,2.0,True,2.12,1.94,Pass
5795,2315188,HK232_MI1003_L05,MI1003,2,False,7.7,9.3,9.4,,,9.0,A,4.0,True,4.0,4.0,Pass
5796,2373550,HK232_MI1003_L05,MI1003,2,False,5.4,5.8,7.0,,,6.4,C+,2.5,True,1.94,2.0,Pass
5797,2306268,HK232_MI1003_L05,MI1003,2,False,6.7,5.3,6.1,,,6.1,C,2.0,True,2.06,2.15,Pass
5798,2331526,HK232_MI1003_L05,MI1003,2,False,5.8,9.0,7.2,,,7.3,B,3.0,True,2.5,2.62,Pass
5799,2327624,HK232_MI1003_L05,MI1003,2,False,8.9,9.8,9.2,,,9.3,A,4.0,True,4.0,4.0,Pass
5800,2385986,HK232_MI1003_L05,MI1003,2,False,6.1,5.5,6.6,,,6.3,C,2.0,True,2.47,2.41,Pass
5801,2333691,HK232_MI1003_L05,MI1003,2,False,7.2,6.9,6.4,,,6.7,C+,2.5,True,2.74,2.56,Pass
5802,2330368,HK232_MI1003_L05,MI1003,2,False,6.2,5.5,5.8,,,5.8,C,2.0,True,2.27,2.38,Pass
5803,2393404,HK232_MI1003_L05,MI1003,2,False,7.2,7.4,7.2,,,7.2,B,3.0,True,2.71,2.74,Pass
5804,2321641,HK232_MI1003_L05,MI1003,2,False,6.1,7.3,5.8,,,6.2,C,2.0,True,2.7,2.36,Pass
5805,2362465,HK232_MI1003_L05,MI1003,2,False,6.4,6.5,7.5,,,7.1,B,3.0,True,2.57,2.71,Pass
5806,2363623,HK232_MI1003_L05,MI1003,2,False,5.5,6.8,6.1,,,6.1,C,2.0,True,2.29,2.18,Pass
5807,2320676,HK232_MI1003_L05,MI1003,2,False,8.1,6.8,6.5,,,6.9,C+,2.5,True,3.0,3.02,Pass
5808,2384828,HK232_MI1003_L05,MI1003,2,False,7.7,7.0,8.6,,,8.1,B+,3.5,True,3.33,3.34,Pass
5809,2367525,HK232_MI1003_L05,MI1003,2,False,8.6,7.7,8.1,,,8.1,B+,3.5,True,3.17,3.03,Pass
5810,2311479,HK232_MI1003_L05,MI1003,2,False,6.3,8.0,7.7,,,7.5,B,3.0,True,2.74,2.7,Pass
5811,2393790,HK232_MI1003_L05,MI1003,2,False,6.1,7.3,8.9,,,8.0,B+,3.5,True,3.5,3.33,Pass
5812,2364974,HK232_MI1003_L05,MI1003,2,False,5.6,5.4,5.3,,,5.4,D+,1.5,True,1.53,1.69,Pass
5813,2301787,HK232_MI1003_L05,MI1003,2,False,6.9,6.1,7.2,,,6.9,C+,2.5,True,1.97,2.02,Pass
5814,2343576,HK232_MI1003_L05,MI1003,2,False,7.3,5.9,7.5,,,7.1,B,3.0,True,3.21,3.21,Pass
5815,2349215,HK232_MI1003_L05,MI1003,2,False,7.1,7.8,5.3,,,6.2,C,2.0,True,2.38,2.38,Pass
5816,2327859,HK232_MI1003_L05,MI1003,2,False,5.5,5.0,6.7,,,6.1,C,2.0,True,1.74,1.65,Pass
5817,2380003,HK232_MI1003_L05,MI1003,2,False,8.9,8.5,8.3,,,8.5,A,4.0,True,4.0,4.0,Pass
5818,2332491,HK232_MI1003_L05,MI1003,2,False,10.0,9.5,8.5,,,9.0,A,4.0,True,3.97,3.98,Pass
5819,2389888,HK232_MI1003_L05,MI1003,2,False,4.7,6.2,5.8,,,5.7,C,2.0,True,1.74,1.38,Pass
5820,2371427,HK232_MI1003_L05,MI1003,2,False,8.0,7.6,9.7,,,8.9,A,4.0,True,3.27,3.36,Pass
5821,2369111,HK232_MI1003_L05,MI1003,2,False,8.7,10.0,10.0,,,9.7,A+,4.0,True,4.0,4.0,Pass
5822,2348099,HK232_MI1003_L05,MI1003,2,False,8.1,8.9,7.9,,,8.1,B+,3.5,True,3.13,3.07,Pass
5823,2346899,HK232_MI1003_L05,MI1003,2,False,6.7,6.2,7.3,,,7.0,B,3.0,True,2.18,2.18,Pass
5824,2360149,HK232_MI1003_L05,MI1003,2,False,6.7,7.4,7.1,,,7.1,B,3.0,True,2.41,2.47,Pass
5825,2307384,HK232_MI1003_L05,MI1003,2,False,5.5,5.3,4.9,,,5.1,D+,1.5,True,1.85,1.56,Pass
5826,2378610,HK232_MI1003_L05,MI1003,2,False,8.4,9.5,7.5,,,8.1,B+,3.5,True,3.63,3.59,Pass
5827,2322564,HK232_MI1003_L05,MI1003,2,False,9.5,10.0,9.0,,,9.3,A,4.0,True,4.0,4.0,Pass
5828,2391281,HK232_MI1003_L05,MI1003,2,False,5.5,6.3,5.2,,,5.5,C,2.0,True,2.0,2.0,Pass
5829,2311135,HK232_MI1003_L05,MI1003,2,False,4.7,3.9,5.4,,,5.0,D+,1.5,True,1.35,1.52,Pass
5830,2344541,HK232_MI1003_L05,MI1003,2,False,6.7,7.6,6.6,,,6.8,C+,2.5,True,2.4,2.53,Pass
5831,2331333,HK232_MI1003_L05,MI1003,2,False,6.7,6.4,7.2,,,6.9,C+,2.5,True,2.06,2.08,Pass
5832,2350801,HK232_MI1003_L05,MI1003,2,False,7.5,8.3,9.0,,,8.6,A,4.0,True,3.15,3.2,Pass
5833,2325929,HK232_MI1003_L05,MI1003,2,False,5.0,6.0,5.5,,,5.5,C,2.0,True,1.47,1.44,Pass
5834,2339909,HK232_MI1003_L05,MI1003,2,False,6.7,6.0,5.6,,,5.9,C,2.0,True,1.93,1.97,Pass
5835,2386221,HK232_MI1003_L05,MI1003,2,False,7.8,7.7,8.2,,,8.0,B+,3.5,True,3.83,3.91,Pass
5836,2375287,HK232_MI1003_L05,MI1003,2,False,4.2,6.2,5.7,,,5.5,C,2.0,True,1.62,1.74,Pass
5837,2352387,HK232_MI1003_L05,MI1003,2,False,7.7,8.5,8.1,,,8.1,B+,3.5,True,3.4,3.38,Pass
5838,2352773,HK232_MI1003_L05,MI1003,2,False,7.9,6.1,5.9,,,6.3,C,2.0,True,2.09,2.18,Pass
5839,2340681,HK232_MI1003_L05,MI1003,2,False,7.4,6.9,8.6,,,8.0,B+,3.5,True,3.23,3.12,Pass
5840,2380196,HK232_MI1003_L05,MI1003,2,False,6.1,7.2,5.6,,,6.0,C,2.0,True,2.21,2.14,Pass
5841,2385063,HK232_MI1003_L05,MI1003,2,False,5.9,6.8,5.8,,,6.0,C,2.0,True,1.73,1.86,Pass
5842,2390509,HK232_MI1003_L05,MI1003,2,False,7.3,7.0,6.6,,,6.8,C+,2.5,True,2.35,2.23,Pass
5843,2318704,HK232_MI1003_L05,MI1003,2,False,5.0,5.8,6.8,,,6.2,C,2.0,True,2.12,2.12,Pass
5844,2369690,HK232_MI1003_L05,MI1003,2,False,8.4,8.2,8.1,,,8.2,B+,3.5,True,3.07,3.02,Pass
5845,2352580,HK232_MI1003_L05,MI1003,2,False,7.3,6.7,6.5,,,6.7,C+,2.5,True,2.0,2.08,Pass
5846,2337400,HK232_MI1003_L05,MI1003,2,False,8.7,7.8,5.9,,,6.8,C+,2.5,True,3.15,3.12,Pass
5847,2349601,HK232_MI1003_L05,MI1003,2,False,8.3,8.0,6.3,,,7.0,B,3.0,True,3.0,3.05,Pass
5848,2379424,HK232_MI1003_L05,MI1003,2,False,7.3,6.4,7.0,,,6.9,C+,2.5,True,2.79,2.83,Pass
5849,2307812,HK232_MI1003_L05,MI1003,2,False,5.8,5.0,5.9,,,5.7,C,2.0,True,2.09,2.17,Pass
5850,2386993,HK232_MI1003_L05,MI1003,2,False,7.0,6.8,7.0,,,7.0,B,3.0,True,1.97,2.03,Pass
5851,2384442,HK232_MI1003_L05,MI1003,2,False,5.8,8.1,5.8,,,6.3,C,2.0,True,2.35,2.29,Pass
5852,2316002,HK232_MI1003_L05,MI1003,2,False,4.4,6.1,8.3,,,7.1,B,3.0,True,1.9,1.71,Pass
5853,2384484,HK232_MI1003_L05,MI1003,2,False,5.1,5.9,6.1,,,5.9,C,2.0,True,2.5,2.44,Pass
5854,2395955,HK232_MI1003_L05,MI1003,2,False,8.8,7.0,9.5,,,8.9,A,4.0,True,3.4,3.33,Pass
5855,2397306,HK232_MI1003_L05,MI1003,2,False,7.7,7.2,6.6,,,6.9,C+,2.5,True,2.65,2.61,Pass
5856,2348250,HK232_MI1003_L05,MI1003,2,False,4.7,4.8,6.5,,,5.8,C,2.0,True,1.73,1.81,Pass
5857,2396492,HK232_MI1003_L05,MI1003,2,False,6.5,7.1,6.5,,,6.6,C+,2.5,True,2.5,2.57,Pass
5858,2343618,HK232_MI1003_L05,MI1003,2,False,5.8,8.5,8.7,,,8.1,B+,3.5,True,3.03,3.08,Pass
5859,2331912,HK232_MI1003_L05,MI1003,2,False,7.2,6.7,6.7,,,6.8,C+,2.5,True,2.15,2.24,Pass
5860,2304682,HK232_MI1003_L05,MI1003,2,False,8.1,8.4,7.7,,,7.9,B,3.0,True,2.87,2.98,Pass
5861,2309356,HK232_MI1003_L05,MI1003,2,False,7.3,6.9,5.8,,,6.3,C,2.0,True,3.0,2.85,Pass
5862,2365016,HK232_MI1003_L05,MI1003,2,False,9.7,9.1,9.3,,,9.3,A,4.0,True,4.0,4.0,Pass
5863,2380775,HK232_MI1003_L05,MI1003,2,False,7.0,3.9,5.6,,,5.5,C,2.0,True,2.21,2.55,Pass
5864,2306075,HK232_MI1003_L05,MI1003,2,False,7.7,8.7,7.0,,,7.5,B,3.0,True,2.87,2.93,Pass
5865,2317739,HK232_MI1003_L05,MI1003,2,False,8.0,8.0,7.4,,,7.6,B,3.0,True,3.13,3.16,Pass
5866,2336586,HK232_MI1003_L05,MI1003,2,False,6.0,6.1,4.9,,,5.4,D+,1.5,True,1.65,1.47,Pass
5867,2353545,HK232_MI1003_L05,MI1003,2,False,5.1,5.6,4.3,,,4.7,D,1.0,True,1.68,1.68,Pass
5868,2332298,HK232_MI1003_L05,MI1003,2,False,5.1,5.4,7.6,,,6.7,C+,2.5,True,2.44,2.35,Pass
5869,2363044,HK232_MI1003_L05,MI1003,2,False,6.4,7.2,7.2,,,7.0,B,3.0,True,2.59,2.61,Pass
5870,2317353,HK232_MI1003_L05,MI1003,2,False,7.6,7.4,7.3,,,7.4,B,3.0,True,2.63,2.66,Pass
5871,2301745,HK232_MI1003_L05,MI1003,2,False,6.0,7.4,6.4,,,6.5,C+,2.5,True,2.74,2.71,Pass
5872,2377838,HK232_MI1003_L05,MI1003,2,False,8.0,7.2,7.3,,,7.4,B,3.0,True,2.56,2.48,Pass
5873,2353738,HK232_MI1003_L05,MI1003,2,False,4.8,6.6,5.4,,,5.5,C,2.0,True,1.43,1.75,Pass
5874,2301166,HK232_MI1003_L05,MI1003,2,False,7.0,6.8,7.6,,,7.3,B,3.0,True,2.21,2.08,Pass
5875,2354082,HK232_MI1003_L05,MI1003,2,False,9.3,8.1,7.9,,,8.2,B+,3.5,True,2.97,2.97,Pass
5876,2317697,HK232_MI1003_L05,MI1003,2,False,5.6,5.9,6.4,,,6.1,C,2.0,True,1.73,1.71,Pass
5877,2384291,HK232_MI1003_L05,MI1003,2,False,7.1,8.0,7.8,,,7.7,B,3.0,True,3.43,3.22,Pass
5878,2396106,HK232_MI1003_L05,MI1003,2,False,8.0,7.6,8.0,,,7.9,B,3.0,True,2.94,2.97,Pass
5879,2327280,HK232_MI1003_L05,MI1003,2,False,9.6,7.2,9.0,,,8.8,A,4.0,True,3.33,3.36,Pass
5880,2353117,HK232_MI1003_L05,MI1003,2,False,5.8,6.2,5.5,,,5.7,C,2.0,True,2.4,2.22,Pass
5881,2373592,HK232_MI1003_L05,MI1003,2,False,9.4,6.6,6.7,,,7.2,B,3.0,True,3.1,3.17,Pass
5882,2391625,HK232_MI1003_L05,MI1003,2,False,5.6,7.1,7.5,,,7.0,B,3.0,True,2.68,2.71,Pass
5883,2307191,HK232_MI1003_L06,MI1003,2,False,7.1,7.1,6.9,,,7.0,B,3.0,True,2.5,2.52,Pass
5884,2333498,HK232_MI1003_L06,MI1003,2,False,8.9,10.0,8.7,,,9.0,A,4.0,True,4.0,3.9,Pass
5885,2348871,HK232_MI1003_L06,MI1003,2,False,7.7,6.5,8.5,,,7.9,B,3.0,True,3.1,3.12,Pass
5886,2330561,HK232_MI1003_L06,MI1003,2,False,8.9,7.5,9.7,,,9.1,A,4.0,True,3.87,3.83,Pass
5887,2396299,HK232_MI1003_L06,MI1003,2,False,7.4,8.2,7.1,,,7.4,B,3.0,True,3.0,3.0,Pass
5888,2322178,HK232_MI1003_L06,MI1003,2,False,5.1,5.6,6.5,,,6.0,C,2.0,True,1.03,1.43,Pass
5889,2343039,HK232_MI1003_L06,MI1003,2,False,7.5,9.5,9.7,,,9.2,A,4.0,True,3.63,3.71,Pass
5890,2376101,HK232_MI1003_L06,MI1003,2,False,6.5,7.0,6.5,,,6.6,C+,2.5,True,2.12,2.0,Pass
5891,2333112,HK232_MI1003_L06,MI1003,2,False,7.6,8.5,9.2,,,8.7,A,4.0,True,3.29,3.14,Pass
5892,2312058,HK232_MI1003_L06,MI1003,2,False,8.5,8.8,7.3,,,7.8,B,3.0,True,3.2,3.17,Pass
5893,2375136,HK232_MI1003_L06,MI1003,2,False,6.2,8.0,5.4,,,6.1,C,2.0,True,2.18,2.21,Pass
5894,2369648,HK232_MI1003_L06,MI1003,2,False,9.3,8.1,8.8,,,8.8,A,4.0,True,4.0,4.0,Pass
5895,2337744,HK232_MI1003_L06,MI1003,2,False,6.9,5.5,7.5,,,7.0,B,3.0,True,2.29,2.2,Pass
5896,2305303,HK232_MI1003_L06,MI1003,2,False,6.7,6.6,6.1,,,6.3,C,2.0,True,2.44,2.42,Pass
5897,2381547,HK232_MI1003_L06,MI1003,2,False,5.2,5.9,4.4,,,4.9,D,1.0,True,2.06,1.8,Pass
5898,2300243,HK232_MI1003_L06,MI1003,2,False,4.2,4.2,3.3,,,3.7,F,0.0,False,1.03,1.06,Fail
5899,2318511,HK232_MI1003_L06,MI1003,2,False,4.9,3.6,4.4,,,4.3,D,1.0,True,0.33,1.0,Pass
5900,2399857,HK232_MI1003_L06,MI1003,2,False,5.9,6.4,6.4,,,6.3,C,2.0,True,2.59,2.59,Pass
5901,2316346,HK232_MI1003_L06,MI1003,2,False,5.8,6.9,7.0,,,6.7,C+,2.5,True,2.41,2.48,Pass
5902,2365553,HK232_MI1003_L06,MI1003,2,False,5.8,5.0,6.5,,,6.1,C,2.0,True,1.71,1.58,Pass
5903,2310749,HK232_MI1003_L06,MI1003,2,False,5.6,6.1,4.9,,,5.3,D+,1.5,True,1.4,1.59,Pass
5904,2312100,HK232_MI1003_L06,MI1003,2,False,8.1,8.8,8.8,,,8.7,A,4.0,True,3.37,3.41,Pass
5905,2343811,HK232_MI1003_L06,MI1003,2,False,6.6,6.9,6.8,,,6.8,C+,2.5,True,2.47,2.27,Pass
5906,2336779,HK232_MI1003_L06,MI1003,2,False,5.4,4.9,5.4,,,5.3,D+,1.5,True,1.71,1.64,Pass
5907,2342804,HK232_MI1003_L06,MI1003,2,False,6.6,6.5,7.0,,,6.8,C+,2.5,True,2.15,2.18,Pass
5908,2333649,HK232_MI1003_L06,MI1003,2,False,9.5,8.4,9.4,,,9.2,A,4.0,True,3.92,3.95,Pass
5909,2355861,HK232_MI1003_L06,MI1003,2,False,10.0,8.1,8.6,,,8.8,A,4.0,True,4.0,4.0,Pass
5910,2359335,HK232_MI1003_L06,MI1003,2,False,6.8,5.4,6.6,,,6.4,C+,2.5,True,2.62,2.7,Pass
5911,2322027,HK232_MI1003_L06,MI1003,2,False,7.2,7.3,6.6,,,6.9,C+,2.5,True,2.35,2.23,Pass
5912,2370227,HK232_MI1003_L06,MI1003,2,False,6.8,7.2,7.4,,,7.2,B,3.0,True,2.62,2.64,Pass
5913,2329210,HK232_MI1003_L06,MI1003,2,False,6.8,6.7,7.5,,,7.2,B,3.0,True,2.5,2.33,Pass
5914,2399622,HK232_MI1003_L06,MI1003,2,False,7.8,8.0,6.8,,,7.2,B,3.0,True,3.43,3.22,Pass
5915,2347092,HK232_MI1003_L06,MI1003,2,False,6.7,5.9,5.7,,,5.9,C,2.0,True,2.35,2.35,Pass
5916,2395762,HK232_MI1003_L06,MI1003,2,False,6.7,8.7,8.2,,,8.0,B+,3.5,True,3.03,3.21,Pass
5917,2338172,HK232_MI1003_L06,MI1003,2,False,8.6,8.4,8.0,,,8.2,B+,3.5,True,3.21,3.26,Pass
5918,2316967,HK232_MI1003_L06,MI1003,2,False,7.6,8.6,8.0,,,8.0,B+,3.5,True,3.0,3.14,Pass
5919,2376294,HK232_MI1003_L06,MI1003,2,False,6.1,8.0,6.2,,,6.5,C+,2.5,True,2.47,2.36,Pass
5920,2380926,HK232_MI1003_L06,MI1003,2,False,6.0,5.6,4.8,,,5.2,D+,1.5,True,1.47,1.58,Pass
5921,2334849,HK232_MI1003_L06,MI1003,2,False,9.0,9.6,8.8,,,9.0,A,4.0,True,3.47,3.66,Pass
5922,2375866,HK232_MI1003_L06,MI1003,2,False,10.0,9.5,10.0,,,9.9,A+,4.0,True,3.97,3.98,Pass
5923,2301359,HK232_MI1003_L06,MI1003,2,False,8.0,9.6,7.2,,,7.8,B,3.0,True,3.23,3.24,Pass
5924,2360921,HK232_MI1003_L06,MI1003,2,False,8.3,6.3,7.4,,,7.4,B,3.0,True,2.59,2.53,Pass
5925,2358991,HK232_MI1003_L06,MI1003,2,False,6.5,6.3,6.5,,,6.5,C+,2.5,True,2.6,2.43,Pass
5926,2380540,HK232_MI1003_L06,MI1003,2,False,5.3,4.7,5.1,,,5.1,D+,1.5,True,1.82,1.92,Pass
5927,2358949,HK232_MI1003_L06,MI1003,2,False,5.6,7.8,6.6,,,6.6,C+,2.5,True,2.53,2.33,Pass
5928,2313644,HK232_MI1003_L06,MI1003,2,False,6.8,7.2,6.3,,,6.6,C+,2.5,True,2.13,2.16,Pass
5929,2319862,HK232_MI1003_L06,MI1003,2,False,8.3,5.5,7.5,,,7.3,B,3.0,True,3.35,3.41,Pass
5930,2385214,HK232_MI1003_L06,MI1003,2,False,8.4,7.4,7.3,,,7.5,B,3.0,True,2.97,2.73,Pass
5931,2344776,HK232_MI1003_L06,MI1003,2,False,8.7,7.9,8.4,,,8.4,B+,3.5,True,3.0,2.95,Pass
5932,2351573,HK232_MI1003_L06,MI1003,2,False,6.8,5.5,6.3,,,6.2,C,2.0,True,2.47,2.41,Pass
5933,2303910,HK232_MI1003_L06,MI1003,2,False,6.5,5.5,5.3,,,5.6,C,2.0,True,1.44,1.67,Pass
5934,2344155,HK232_MI1003_L06,MI1003,2,False,5.8,7.1,7.3,,,7.0,B,3.0,True,2.21,2.3,Pass
5935,2345741,HK232_MI1003_L06,MI1003,2,False,5.8,5.7,6.6,,,6.3,C,2.0,True,2.47,2.45,Pass
5936,2314030,HK232_MI1003_L06,MI1003,2,False,8.0,7.2,7.7,,,7.7,B,3.0,True,3.12,3.2,Pass
5937,2308391,HK232_MI1003_L06,MI1003,2,False,8.2,10.0,9.6,,,9.4,A,4.0,True,3.69,3.78,Pass
5938,2371041,HK232_MI1003_L06,MI1003,2,False,7.5,8.5,8.0,,,8.0,B+,3.5,True,3.29,3.24,Pass
5939,2348829,HK232_MI1003_L06,MI1003,2,False,6.8,7.4,7.3,,,7.2,B,3.0,True,3.18,3.17,Pass
5940,2341067,HK232_MI1003_L06,MI1003,2,False,7.6,7.8,8.0,,,7.9,B,3.0,True,3.13,3.02,Pass
5941,2343769,HK232_MI1003_L06,MI1003,2,False,8.1,8.0,5.9,,,6.8,C+,2.5,True,2.88,2.94,Pass
5942,2301015,HK232_MI1003_L06,MI1003,2,False,4.2,6.4,5.0,,,5.1,D+,1.5,True,1.29,1.33,Pass
5943,2324922,HK232_MI1003_L06,MI1003,2,False,6.2,6.5,7.4,,,7.0,B,3.0,True,2.68,2.48,Pass
5944,2328245,HK232_MI1003_L06,MI1003,2,False,6.2,7.2,6.7,,,6.7,C+,2.5,True,2.32,2.38,Pass
5945,2317504,HK232_MI1003_L06,MI1003,2,False,7.7,8.5,9.3,,,8.8,A,4.0,True,3.67,3.62,Pass
5946,2394755,HK232_MI1003_L06,MI1003,2,False,6.2,8.5,5.7,,,6.4,C+,2.5,True,2.47,2.29,Pass
5947,2321792,HK232_MI1003_L06,MI1003,2,False,7.1,7.6,8.7,,,8.2,B+,3.5,True,3.07,3.07,Pass
5948,2390316,HK232_MI1003_L06,MI1003,2,False,8.1,7.3,6.2,,,6.8,C+,2.5,True,2.21,2.21,Pass
5949,2309163,HK232_MI1003_L06,MI1003,2,False,10.0,9.6,10.0,,,9.9,A+,4.0,True,3.87,3.93,Pass
5950,2334077,HK232_MI1003_L06,MI1003,2,False,7.3,4.2,5.0,,,5.3,D+,1.5,True,1.18,1.71,Pass
5951,2342418,HK232_MI1003_L06,MI1003,2,False,4.3,5.6,5.2,,,5.1,D+,1.5,True,1.56,1.56,Pass
5952,2392011,HK232_MI1003_L06,MI1003,2,False,10.0,10.0,9.6,,,9.8,A+,4.0,True,4.0,4.0,Pass
5953,2355668,HK232_MI1003_L06,MI1003,2,False,6.1,6.7,7.7,,,7.2,B,3.0,True,2.47,2.33,Pass
5954,2328589,HK232_MI1003_L06,MI1003,2,False,6.1,6.4,5.7,,,5.9,C,2.0,True,2.59,2.41,Pass
5955,2310321,HK232_MI1003_L06,MI1003,2,False,5.9,6.5,7.4,,,6.9,C+,2.5,True,2.59,2.64,Pass
5956,2328631,HK232_MI1003_L06,MI1003,2,False,4.6,4.6,4.4,,,4.5,D,1.0,True,0.19,1.0,Pass
5957,2302131,HK232_MI1003_L06,MI1003,2,False,6.3,5.5,5.2,,,5.5,C,2.0,True,1.88,1.92,Pass
5958,2340295,HK232_MI1003_L06,MI1003,2,False,8.9,9.3,9.8,,,9.5,A+,4.0,True,3.97,3.91,Pass
5959,2385793,HK232_MI1003_L06,MI1003,2,False,6.4,6.0,5.7,,,5.9,C,2.0,True,1.77,1.84,Pass
5960,2373399,HK232_MI1003_L06,MI1003,2,False,5.6,4.4,5.3,,,5.2,D+,1.5,True,1.76,1.76,Pass
5961,2328010,HK232_MI1003_L06,MI1003,2,False,4.9,4.5,4.3,,,4.5,D,1.0,True,1.74,1.67,Pass
5962,2349022,HK232_MI1003_L06,MI1003,2,False,6.7,4.9,6.7,,,6.3,C,2.0,True,1.85,1.8,Pass
5963,2399429,HK232_MI1003_L06,MI1003,2,False,5.8,7.1,6.5,,,6.5,C+,2.5,True,2.32,2.2,Pass
5964,2337014,HK232_MI1003_L06,MI1003,2,False,7.8,7.4,8.1,,,7.9,B,3.0,True,3.33,3.34,Pass
5965,2300008,HK232_MI1003_L06,MI1003,2,False,6.7,6.1,6.8,,,6.6,C+,2.5,True,2.24,2.27,Pass
5966,2346513,HK232_MI1003_L06,MI1003,2,False,5.7,5.0,5.5,,,5.4,D+,1.5,True,1.85,1.77,Pass
5967,2399664,HK232_MI1003_L06,MI1003,2,False,5.8,7.5,8.4,,,7.7,B,3.0,True,2.41,2.5,Pass
5968,2349794,HK232_MI1003_L06,MI1003,2,False,7.5,6.0,7.1,,,7.0,B,3.0,True,2.53,2.52,Pass
5969,2396685,HK232_MI1003_L06,MI1003,2,False,8.5,6.1,5.4,,,6.2,C,2.0,True,1.65,1.75,Pass
5970,2318897,HK232_MI1003_L06,MI1003,2,False,6.6,6.2,6.9,,,6.7,C+,2.5,True,2.71,2.56,Pass
5971,2377645,HK232_MI1003_L06,MI1003,2,False,6.8,5.6,5.9,,,6.0,C,2.0,True,1.71,1.66,Pass
5972,2363237,HK232_MI1003_L06,MI1003,2,False,5.3,5.3,6.0,,,5.7,C,2.0,True,1.76,1.56,Pass
5973,2378845,HK232_MI1003_L06,MI1003,2,False,4.9,5.0,6.1,,,5.6,C,2.0,True,1.29,1.39,Pass
5974,2391818,HK232_MI1003_L06,MI1003,2,False,5.5,6.6,8.6,,,7.6,B,3.0,True,2.18,2.38,Pass
5975,2390895,HK232_MI1003_L06,MI1003,2,False,5.4,6.0,5.3,,,5.5,C,2.0,True,1.65,1.55,Pass
5976,2313837,HK232_MI1003_L06,MI1003,2,False,7.4,7.3,7.1,,,7.2,B,3.0,True,2.97,2.94,Pass
5977,2327238,HK232_MI1003_L06,MI1003,2,False,6.4,6.6,5.6,,,6.0,C,2.0,True,2.23,2.24,Pass
5978,2373357,HK232_MI1003_L06,MI1003,2,False,7.8,8.5,8.3,,,8.2,B+,3.5,True,3.23,3.26,Pass
5979,2305647,HK232_MI1003_L06,MI1003,2,False,8.1,7.6,6.6,,,7.1,B,3.0,True,3.35,3.3,Pass
5980,2342074,HK232_MI1003_L06,MI1003,2,False,7.1,7.3,8.2,,,7.8,B,3.0,True,3.0,2.95,Pass
5981,2337937,HK232_MI1003_L06,MI1003,2,False,5.3,8.3,6.8,,,6.8,C+,2.5,True,1.4,1.71,Pass
5982,2368725,HK232_MI1003_L06,MI1003,2,False,8.4,8.1,8.0,,,8.1,B+,3.5,True,3.47,3.17,Pass
5983,2312830,HK232_MI1003_L06,MI1003,2,False,8.6,10.0,7.3,,,8.1,B+,3.5,True,3.24,3.24,Pass
5984,2323529,HK232_MI1003_L06,MI1003,2,False,7.7,7.8,7.7,,,7.7,B,3.0,True,2.93,2.9,Pass
5985,2306654,HK232_MI1003_L06,MI1003,2,False,4.6,6.0,5.0,,,5.1,D+,1.5,True,1.23,1.31,Pass
5986,2335235,HK232_MI1003_L06,MI1003,2,False,8.3,9.5,8.6,,,8.7,A,4.0,True,3.97,3.86,Pass
5987,2378996,HK232_MI1003_L06,MI1003,2,False,4.5,4.6,5.0,,,4.8,D,1.0,True,0.55,1.0,Pass
5988,2353159,HK232_MI1003_L06,MI1003,2,False,6.6,6.4,7.2,,,6.9,C+,2.5,True,2.53,2.61,Pass
5989,2327431,HK232_MI1003_L06,MI1003,2,False,9.6,9.5,8.0,,,8.6,A,4.0,True,3.73,3.62,Pass
5990,2364630,HK232_MI1003_L06,MI1003,2,False,7.8,6.3,8.0,,,7.6,B,3.0,True,3.78,3.88,Pass
5991,2318083,HK232_MI1003_L06,MI1003,2,False,6.7,6.9,5.3,,,5.9,C,2.0,True,2.37,2.19,Pass
5992,2358370,HK232_MI1003_L06,MI1003,2,False,9.0,7.9,8.7,,,8.6,A,4.0,True,3.8,3.66,Pass
5993,2318125,HK232_MI1003_L06,MI1003,2,False,6.2,4.4,4.4,,,4.8,D,1.0,True,1.9,1.9,Pass
5994,2388923,HK232_MI1003_L06,MI1003,2,False,7.9,8.2,9.9,,,9.2,A,4.0,True,3.12,3.15,Pass
5995,2386372,HK232_MI1003_L06,MI1003,2,False,8.0,8.7,8.0,,,8.1,B+,3.5,True,2.83,2.91,Pass
5996,2357833,HK232_MI1003_L06,MI1003,2,False,5.6,6.6,5.9,,,6.0,C,2.0,True,2.0,2.05,Pass
5997,2328782,HK232_MI1003_L06,MI1003,2,False,8.0,8.6,8.8,,,8.6,A,4.0,True,3.64,3.73,Pass
5998,2397071,HK232_MI1003_L06,MI1003,2,False,7.3,7.6,6.5,,,6.9,C+,2.5,True,2.15,2.12,Pass
5999,2341839,HK232_MI1003_L07,MI1003,2,False,7.0,7.1,8.7,,,8.0,B+,3.5,True,2.35,2.41,Pass
6000,2364202,HK232_MI1003_L07,MI1003,2,False,4.5,5.1,6.0,,,5.5,C,2.0,True,1.97,1.77,Pass
6001,2368532,HK232_MI1003_L07,MI1003,2,False,6.1,5.8,5.8,,,5.9,C,2.0,True,1.74,1.67,Pass
6002,2317932,HK232_MI1003_L07,MI1003,2,False,8.4,9.6,9.0,,,9.0,A,4.0,True,4.0,4.0,Pass
6003,2321020,HK232_MI1003_L07,MI1003,2,False,6.3,6.3,6.0,,,6.1,C,2.0,True,2.24,2.12,Pass
6004,2385021,HK232_MI1003_L07,MI1003,2,False,5.8,6.0,5.5,,,5.7,C,2.0,True,1.18,1.33,Pass
6005,2391239,HK232_MI1003_L07,MI1003,2,False,5.6,5.0,6.0,,,5.7,C,2.0,True,1.71,2.0,Pass
6006,2383284,HK232_MI1003_L07,MI1003,2,False,6.6,6.8,6.2,,,6.4,C+,2.5,True,2.21,2.21,Pass
6007,2365167,HK232_MI1003_L07,MI1003,2,False,5.6,3.8,4.2,,,4.4,D,1.0,True,1.59,1.61,Pass
6008,2365788,HK232_MI1003_L07,MI1003,2,False,8.2,8.5,8.7,,,8.6,A,4.0,True,3.17,3.28,Pass
6009,2389695,HK232_MI1003_L07,MI1003,2,False,7.0,6.8,7.3,,,7.1,B,3.0,True,2.76,2.89,Pass
6010,2357984,HK232_MI1003_L07,MI1003,2,False,6.9,8.4,6.5,,,7.0,B,3.0,True,2.83,3.03,Pass
6011,2369069,HK232_MI1003_L07,MI1003,2,False,7.7,7.2,6.9,,,7.1,B,3.0,True,2.91,3.05,Pass
6012,2315574,HK232_MI1003_L07,MI1003,2,False,6.2,7.1,7.2,,,7.0,B,3.0,True,2.74,2.7,Pass
6013,2366367,HK232_MI1003_L07,MI1003,2,False,4.7,4.6,5.0,,,4.9,D,1.0,True,1.88,1.74,Pass
6014,2305454,HK232_MI1003_L07,MI1003,2,False,8.2,8.2,7.5,,,7.8,B,3.0,True,3.1,3.26,Pass
6015,2353310,HK232_MI1003_L07,MI1003,2,False,7.7,5.4,6.7,,,6.6,C+,2.5,True,2.24,2.29,Pass
6016,2379382,HK232_MI1003_L07,MI1003,2,False,5.5,7.5,6.7,,,6.6,C+,2.5,True,2.76,2.62,Pass
6017,2308584,HK232_MI1003_L07,MI1003,2,False,8.3,7.3,5.8,,,6.6,C+,2.5,True,2.38,2.27,Pass
6018,2356440,HK232_MI1003_L07,MI1003,2,False,6.3,4.2,5.7,,,5.5,C,2.0,True,1.74,1.79,Pass
6019,2344969,HK232_MI1003_L07,MI1003,2,False,6.5,5.8,6.9,,,6.6,C+,2.5,True,2.03,2.03,Pass
6020,2334463,HK232_MI1003_L07,MI1003,2,False,7.2,6.2,7.0,,,6.9,C+,2.5,True,2.5,2.56,Pass
6021,2324729,HK232_MI1003_L07,MI1003,2,False,6.9,7.4,6.9,,,7.0,B,3.0,True,2.73,2.74,Pass
6022,2308777,HK232_MI1003_L07,MI1003,2,False,6.1,5.8,7.5,,,6.9,C+,2.5,True,2.41,2.42,Pass
6023,2305882,HK232_MI1003_L07,MI1003,2,False,8.1,5.7,6.6,,,6.7,C+,2.5,True,2.26,2.38,Pass
6024,2373978,HK232_MI1003_L07,MI1003,2,False,6.4,6.2,7.1,,,6.8,C+,2.5,True,2.12,2.11,Pass
6025,2375715,HK232_MI1003_L07,MI1003,2,False,6.5,6.1,7.0,,,6.7,C+,2.5,True,2.5,2.26,Pass
6026,2374557,HK232_MI1003_L07,MI1003,2,False,7.0,7.7,8.4,,,8.0,B+,3.5,True,2.21,2.39,Pass
6027,2387379,HK232_MI1003_L07,MI1003,2,False,6.4,7.8,6.0,,,6.4,C+,2.5,True,2.5,2.56,Pass
6028,2338944,HK232_MI1003_L07,MI1003,2,False,9.1,8.7,8.0,,,8.4,B+,3.5,True,3.33,3.34,Pass
6029,2337786,HK232_MI1003_L07,MI1003,2,False,7.1,7.7,9.2,,,8.5,A,4.0,True,3.24,3.24,Pass
6030,2321255,HK232_MI1003_L07,MI1003,2,False,6.2,6.4,5.4,,,5.8,C,2.0,True,2.53,2.42,Pass
6031,2399815,HK232_MI1003_L07,MI1003,2,False,6.1,6.8,7.0,,,6.8,C+,2.5,True,2.56,2.8,Pass
6032,2368146,HK232_MI1003_L07,MI1003,2,False,8.3,7.0,7.7,,,7.7,B,3.0,True,3.47,3.38,Pass
6033,2390081,HK232_MI1003_L07,MI1003,2,False,7.6,6.9,8.5,,,8.0,B+,3.5,True,2.59,2.59,Pass
6034,2303331,HK232_MI1003_L07,MI1003,2,False,7.4,5.9,7.2,,,7.0,B,3.0,True,2.71,2.52,Pass
6035,2353352,HK232_MI1003_L07,MI1003,2,False,5.8,6.9,6.4,,,6.4,C+,2.5,True,2.8,2.79,Pass
6036,2396534,HK232_MI1003_L07,MI1003,2,False,5.8,6.1,7.4,,,6.8,C+,2.5,True,2.41,2.47,Pass
6037,2386758,HK232_MI1003_L07,MI1003,2,False,7.3,8.3,8.2,,,8.0,B+,3.5,True,3.37,3.31,Pass
6038,2375522,HK232_MI1003_L07,MI1003,2,False,6.7,5.7,4.6,,,5.2,D+,1.5,True,1.41,1.36,Pass
6039,2357405,HK232_MI1003_L07,MI1003,2,False,10.0,9.1,9.9,,,9.8,A+,4.0,True,3.75,3.86,Pass
6040,2370848,HK232_MI1003_L07,MI1003,2,False,4.5,4.6,4.2,,,4.3,D,1.0,True,0.82,1.32,Pass
6041,2359570,HK232_MI1003_L07,MI1003,2,False,7.1,6.6,6.6,,,6.7,C+,2.5,True,2.12,2.14,Pass
6042,2342846,HK232_MI1003_L07,MI1003,2,False,7.9,7.4,7.7,,,7.7,B,3.0,True,2.91,2.89,Pass
6043,2366753,HK232_MI1003_L07,MI1003,2,False,8.6,8.1,10.0,,,9.3,A,4.0,True,4.0,4.0,Pass
6044,2365402,HK232_MI1003_L07,MI1003,2,False,2.4,2.9,3.1,,,2.9,F,0.0,False,0.32,1.18,Fail
6045,2390274,HK232_MI1003_L07,MI1003,2,False,7.9,6.1,5.2,,,5.9,C,2.0,True,2.56,2.64,Pass
6046,2346706,HK232_MI1003_L07,MI1003,2,False,7.5,8.3,10.0,,,9.2,A,4.0,True,3.17,3.26,Pass
6047,2383863,HK232_MI1003_L07,MI1003,2,False,4.1,4.8,5.9,,,5.3,D+,1.5,True,1.82,1.79,Pass
6048,2383091,HK232_MI1003_L07,MI1003,2,False,6.6,6.4,7.3,,,7.0,B,3.0,True,2.68,2.58,Pass
6049,2306805,HK232_MI1003_L07,MI1003,2,False,6.2,7.8,5.7,,,6.2,C,2.0,True,2.21,2.08,Pass
6050,2341260,HK232_MI1003_L07,MI1003,2,False,8.0,8.7,7.8,,,8.0,B+,3.5,True,3.35,3.24,Pass
6051,2352152,HK232_MI1003_L07,MI1003,2,False,8.3,8.4,8.2,,,8.3,B+,3.5,True,3.03,3.02,Pass
6052,2392053,HK232_MI1003_L07,MI1003,2,False,5.8,8.2,6.6,,,6.8,C+,2.5,True,2.03,2.14,Pass
6053,2395913,HK232_MI1003_L07,MI1003,2,False,9.0,7.9,8.2,,,8.3,B+,3.5,True,3.3,3.24,Pass
6054,2332147,HK232_MI1003_L07,MI1003,2,False,8.2,8.8,8.4,,,8.4,B+,3.5,True,3.07,3.1,Pass
6055,2345355,HK232_MI1003_L07,MI1003,2,False,7.8,7.9,7.8,,,7.8,B,3.0,True,3.33,3.36,Pass
6056,2390853,HK232_MI1003_L07,MI1003,2,False,7.0,6.6,7.2,,,7.0,B,3.0,True,2.12,2.29,Pass
6057,2370613,HK232_MI1003_L07,MI1003,2,False,3.5,4.7,2.9,,,3.4,F,0.0,False,0.52,1.0,Fail
6058,2385642,HK232_MI1003_L07,MI1003,2,False,8.6,9.5,7.7,,,8.2,B+,3.5,True,4.0,3.95,Pass
6059,2387765,HK232_MI1003_L07,MI1003,2,False,4.8,4.0,5.1,,,4.8,D,1.0,True,0.14,1.0,Pass
6060,2321213,HK232_MI1003_L07,MI1003,2,False,6.8,7.1,6.7,,,6.8,C+,2.5,True,2.53,2.55,Pass
6061,2370806,HK232_MI1003_L07,MI1003,2,False,6.4,6.0,6.0,,,6.1,C,2.0,True,2.44,2.41,Pass
6062,2317311,HK232_MI1003_L07,MI1003,2,False,7.0,7.4,7.1,,,7.1,B,3.0,True,2.2,2.22,Pass
6063,2350222,HK232_MI1003_L07,MI1003,2,False,7.3,5.6,6.1,,,6.2,C,2.0,True,2.32,2.14,Pass
6064,2356247,HK232_MI1003_L07,MI1003,2,False,9.9,9.2,9.6,,,9.6,A+,4.0,True,3.67,3.69,Pass
6065,2381354,HK232_MI1003_L07,MI1003,2,False,10.0,9.3,8.6,,,9.0,A,4.0,True,3.83,3.91,Pass
6066,2369841,HK232_MI1003_L07,MI1003,2,False,5.9,5.1,6.4,,,6.0,C,2.0,True,1.97,1.86,Pass
6067,2386800,HK232_MI1003_L07,MI1003,2,False,7.0,7.8,7.6,,,7.5,B,3.0,True,3.15,3.3,Pass
6068,2372585,HK232_MI1003_L07,MI1003,2,False,4.3,4.4,3.6,,,3.9,F,0.0,False,0.45,1.1,Fail
6069,2393983,HK232_MI1003_L07,MI1003,2,False,7.6,7.7,10.0,,,9.1,A,4.0,True,3.41,3.36,Pass
6070,2352924,HK232_MI1003_L07,MI1003,2,False,9.7,8.2,8.0,,,8.4,B+,3.5,True,3.97,3.98,Pass
6071,2336628,HK232_MI1003_L07,MI1003,2,False,4.7,5.9,5.0,,,5.1,D+,1.5,True,1.97,1.95,Pass
6072,2394562,HK232_MI1003_L07,MI1003,2,False,7.6,7.4,8.1,,,7.9,B,3.0,True,2.83,2.9,Pass
6073,2369304,HK232_MI1003_L07,MI1003,2,False,7.3,6.3,6.5,,,6.6,C+,2.5,True,2.06,2.05,Pass
6074,2335814,HK232_MI1003_L07,MI1003,2,False,6.1,6.8,7.3,,,7.0,B,3.0,True,2.6,2.57,Pass
6075,2382319,HK232_MI1003_L07,MI1003,2,False,6.5,5.2,7.1,,,6.6,C+,2.5,True,1.74,1.89,Pass
6076,2358605,HK232_MI1003_L07,MI1003,2,False,7.3,7.3,6.7,,,6.9,C+,2.5,True,2.44,2.35,Pass
6077,2345548,HK232_MI1003_L07,MI1003,2,False,6.5,6.5,5.4,,,5.8,C,2.0,True,2.41,2.38,Pass
6078,2384056,HK232_MI1003_L07,MI1003,2,False,6.4,7.3,7.0,,,6.9,C+,2.5,True,2.32,2.17,Pass
6079,2395183,HK232_MI1003_L07,MI1003,2,False,6.4,6.5,5.0,,,5.6,C,2.0,True,2.21,2.21,Pass
6080,2389309,HK232_MI1003_L07,MI1003,2,False,7.7,8.2,9.6,,,8.9,A,4.0,True,2.83,2.91,Pass
6081,2374322,HK232_MI1003_L07,MI1003,2,False,5.4,5.1,4.6,,,4.9,D,1.0,True,1.68,1.56,Pass
6082,2362851,HK232_MI1003_L07,MI1003,2,False,7.4,5.6,6.2,,,6.3,C,2.0,True,2.56,2.45,Pass
6083,2389351,HK232_MI1003_L07,MI1003,2,False,7.3,5.6,7.1,,,6.8,C+,2.5,True,2.26,2.2,Pass
6084,2326122,HK232_MI1003_L07,MI1003,2,False,8.2,9.1,7.2,,,7.8,B,3.0,True,3.33,3.22,Pass
6085,2387958,HK232_MI1003_L07,MI1003,2,False,7.2,7.1,7.3,,,7.2,B,3.0,True,2.74,2.82,Pass
6086,2302945,HK232_MI1003_L07,MI1003,2,False,6.4,6.8,5.9,,,6.2,C,2.0,True,2.12,2.23,Pass
6087,2308970,HK232_MI1003_L07,MI1003,2,False,7.8,8.2,7.2,,,7.5,B,3.0,True,2.76,2.88,Pass
6088,2381933,HK232_MI1003_L07,MI1003,2,False,5.2,6.0,5.4,,,5.5,C,2.0,True,1.47,1.55,Pass
6089,2315960,HK232_MI1003_L07,MI1003,2,False,8.0,6.9,8.1,,,7.8,B,3.0,True,3.27,3.14,Pass
6090,2320634,HK232_MI1003_L07,MI1003,2,False,8.0,8.3,8.8,,,8.5,A,4.0,True,3.12,3.24,Pass
6091,2366560,HK232_MI1003_L07,MI1003,2,False,8.7,8.2,7.7,,,8.0,B+,3.5,True,3.33,3.29,Pass
6092,2339095,HK232_MI1003_L07,MI1003,2,False,8.3,7.7,6.1,,,6.9,C+,2.5,True,2.5,2.42,Pass
6093,2394176,HK232_MI1003_L07,MI1003,2,False,4.8,6.3,6.4,,,6.1,C,2.0,True,2.09,2.03,Pass
6094,2355047,HK232_MI1003_L07,MI1003,2,False,6.6,6.5,6.6,,,6.6,C+,2.5,True,2.24,2.14,Pass
6095,2349836,HK232_MI1003_L07,MI1003,2,False,5.0,6.0,7.3,,,6.6,C+,2.5,True,2.3,2.36,Pass
6096,2397692,HK232_MI1003_L07,MI1003,2,False,6.3,5.8,6.3,,,6.2,C,2.0,True,2.44,2.21,Pass
6097,2353696,HK232_MI1003_L07,MI1003,2,False,9.0,9.1,9.5,,,9.3,A,4.0,True,3.81,3.73,Pass
6098,2377066,HK232_MI1003_L07,MI1003,2,False,7.2,7.9,7.1,,,7.3,B,3.0,True,3.0,3.16,Pass
6099,2354703,HK232_MI1003_L07,MI1003,2,False,7.7,7.4,7.9,,,7.8,B,3.0,True,3.03,2.81,Pass
6100,2330947,HK232_MI1003_L07,MI1003,2,False,6.0,7.8,9.6,,,8.5,A,4.0,True,3.18,3.18,Pass
6101,2301938,HK232_MI1003_L07,MI1003,2,False,6.8,8.7,7.1,,,7.4,B,3.0,True,3.32,3.44,Pass
6102,2337551,HK232_MI1003_L07,MI1003,2,False,9.2,10.0,9.0,,,9.2,A,4.0,True,3.7,3.79,Pass
6103,2332877,HK232_MI1003_L07,MI1003,2,False,9.7,9.2,8.9,,,9.1,A,4.0,True,3.86,3.92,Pass
6104,2348057,HK232_MI1003_L07,MI1003,2,False,8.1,7.4,8.1,,,8.0,B+,3.5,True,3.47,3.5,Pass
6105,2312251,HK232_MI1003_L07,MI1003,2,False,8.0,7.9,8.6,,,8.3,B+,3.5,True,3.0,3.05,Pass
6106,2300973,HK232_MI1003_L07,MI1003,2,False,6.1,6.3,6.7,,,6.5,C+,2.5,True,2.26,2.44,Pass
6107,2390123,HK232_MI1003_L07,MI1003,2,False,7.1,5.2,5.7,,,5.9,C,2.0,True,2.06,2.11,Pass
6108,2394604,HK232_MI1003_L07,MI1003,2,False,7.6,7.1,8.0,,,7.7,B,3.0,True,2.47,2.35,Pass
6109,2357019,HK232_MI1003_L07,MI1003,2,False,6.2,7.8,7.4,,,7.2,B,3.0,True,3.44,3.29,Pass
6110,2347285,HK232_MI1003_L07,MI1003,2,False,8.2,8.4,9.4,,,9.0,A,4.0,True,3.37,3.29,Pass
6111,2393211,HK232_MI1003_L07,MI1003,2,False,7.4,8.1,8.0,,,7.9,B,3.0,True,3.09,3.21,Pass
6112,2336972,HK232_MI1003_L07,MI1003,2,False,5.4,5.5,4.8,,,5.1,D+,1.5,True,1.59,1.61,Pass
6113,2359914,HK232_MI1003_L07,MI1003,2,False,7.1,6.6,4.1,,,5.2,D+,1.5,True,1.76,1.7,Pass
6114,2374171,HK232_MI1003_L07,MI1003,2,False,7.0,7.1,6.7,,,6.8,C+,2.5,True,3.0,3.21,Pass
6115,2385642,HK232_CH1003_L01,CH1003,2,False,,8.1,9.1,8.6,,8.7,A,4.0,True,4.0,3.95,Pass
6116,2313065,HK232_CH1003_L01,CH1003,2,False,,9.3,7.6,8.8,,8.4,B+,3.5,True,3.67,3.81,Pass
6117,2322371,HK232_CH1003_L01,CH1003,2,False,,8.2,9.4,9.6,,9.1,A,4.0,True,3.89,3.94,Pass
6118,2380003,HK232_CH1003_L01,CH1003,2,False,,10.0,8.3,10.0,,9.2,A,4.0,True,4.0,4.0,Pass
6119,2386221,HK232_CH1003_L01,CH1003,2,False,,8.0,7.6,8.0,,7.8,B,3.0,True,3.83,3.91,Pass
6120,2308391,HK232_CH1003_L01,CH1003,2,False,,8.5,7.7,8.7,,8.1,B+,3.5,True,3.69,3.78,Pass
6121,2330754,HK232_CH1003_L01,CH1003,2,False,,9.8,8.6,9.7,,9.2,A,4.0,True,3.97,3.98,Pass
6122,2364588,HK232_CH1003_L01,CH1003,2,False,,8.6,7.5,8.8,,8.1,B+,3.5,True,3.92,3.95,Pass
6123,2353696,HK232_CH1003_L01,CH1003,2,False,,7.9,8.6,8.7,,8.4,B+,3.5,True,3.81,3.73,Pass
6124,2370420,HK232_CH1003_L01,CH1003,2,False,,9.4,9.1,9.1,,9.2,A,4.0,True,3.89,3.94,Pass
6125,2379231,HK232_CH1003_L01,CH1003,2,False,,8.1,8.3,7.5,,8.1,B+,3.5,True,3.89,3.83,Pass
6126,2357405,HK232_CH1003_L01,CH1003,2,False,,7.8,7.9,8.2,,7.9,B,3.0,True,3.75,3.86,Pass
6127,2332105,HK232_CH1003_L01,CH1003,2,False,,8.5,9.0,9.5,,8.9,A,4.0,True,3.97,3.98,Pass
6128,2309549,HK232_CH1003_L01,CH1003,2,False,,9.7,8.6,10.0,,9.2,A,4.0,True,4.0,4.0,Pass
6129,2328782,HK232_CH1003_L01,CH1003,2,False,,8.6,9.8,8.0,,9.1,A,4.0,True,3.64,3.73,Pass
6130,2314995,HK232_CH1003_L01,CH1003,2,False,,8.2,8.0,8.1,,8.1,B+,3.5,True,3.58,3.61,Pass
6131,2369111,HK232_CH1003_L01,CH1003,2,False,,9.1,8.6,7.9,,8.6,A,4.0,True,4.0,4.0,Pass
6132,2381354,HK232_CH1003_L01,CH1003,2,False,,8.9,10.0,9.6,,9.6,A+,4.0,True,3.83,3.91,Pass
6133,2331140,HK232_CH1003_L01,CH1003,2,False,,9.3,8.0,9.0,,8.6,A,4.0,True,3.89,3.88,Pass
6134,2332491,HK232_CH1003_L01,CH1003,2,False,,9.4,10.0,9.4,,9.7,A+,4.0,True,3.97,3.98,Pass
6135,2334849,HK232_CH1003_L01,CH1003,2,False,,7.8,9.9,8.4,,9.0,A,4.0,True,3.47,3.66,Pass
6136,2332877,HK232_CH1003_L01,CH1003,2,False,,8.1,8.7,7.0,,8.2,B+,3.5,True,3.86,3.92,Pass
6137,2333649,HK232_CH1003_L01,CH1003,2,False,,9.3,8.9,10.0,,9.2,A,4.0,True,3.92,3.95,Pass
6138,2364630,HK232_CH1003_L01,CH1003,2,False,,8.5,9.3,7.9,,8.8,A,4.0,True,3.78,3.88,Pass
6139,2375480,HK232_CH1003_L01,CH1003,2,False,,8.5,9.2,8.4,,8.8,A,4.0,True,3.89,3.88,Pass
6140,2310942,HK232_PE1003_L01,PE1003,2,True,4.7,4.1,2.7,,,3.4,F,0.0,False,0.57,1.11,Fail
6141,2354124,HK232_PE1003_L01,PE1003,2,True,4.1,4.2,3.8,,,3.9,F,0.0,False,0.29,1.0,Fail
6142,2376487,HK232_PE1003_L01,PE1003,2,True,3.3,4.0,3.7,,,3.7,F,0.0,False,0.18,1.0,Fail
6143,2306461,HK232_PE1003_L01,PE1003,2,True,4.0,3.5,3.9,,,3.8,F,0.0,False,0.2,1.0,Fail
6144,2306033,HK232_PE1003_L01,PE1003,2,True,3.9,4.5,3.2,,,3.6,F,0.0,False,0.0,1.5,Fail
6145,2302173,HK232_PE1003_L01,PE1003,2,True,3.5,3.0,4.3,,,3.9,F,0.0,False,0.55,1.0,Fail
6146,2306612,HK232_PE1003_L01,PE1003,2,True,3.2,4.3,4.0,,,3.9,F,0.0,False,0.78,1.06,Fail
6147,2350415,HK232_PE1003_L01,PE1003,2,True,3.9,2.1,2.5,,,2.7,F,0.0,False,0.14,1.0,Fail
6148,2374901,HK232_PE1003_L01,PE1003,2,True,3.5,2.0,2.7,,,2.7,F,0.0,False,0.18,1.0,Fail
6149,2302517,HK232_PE1003_L01,PE1003,2,True,4.2,3.5,4.0,,,3.9,F,0.0,False,0.74,1.06,Fail
6150,2300243,HK232_PE1003_L01,PE1003,2,True,3.5,3.0,3.8,,,3.6,F,0.0,False,1.03,1.06,Fail
6151,2387765,HK232_PE1003_L01,PE1003,2,True,4.4,2.6,4.1,,,3.9,F,0.0,False,0.14,1.0,Fail
6152,2378996,HK232_CO1005_L01,CO1005,2,True,3.1,,3.6,4.7,,3.8,F,0.0,False,0.55,1.0,Fail
6153,2343962,HK232_CO1005_L01,CO1005,2,True,2.8,,3.7,3.2,,3.4,F,0.0,False,0.45,1.0,Fail
6154,2385600,HK232_CO1005_L01,CO1005,2,True,3.5,,2.4,2.3,,2.6,F,0.0,False,0.55,1.18,Fail
6155,2311672,HK232_CO1005_L01,CO1005,2,True,5.3,,2.8,3.7,,3.6,F,0.0,False,0.86,1.23,Fail
6156,2333884,HK232_CO1005_L01,CO1005,2,True,2.8,,5.3,0.6,,3.4,F,0.0,False,0.27,1.43,Fail
6157,2310942,HK232_CO1005_L01,CO1005,2,True,2.7,,3.1,3.4,,3.1,F,0.0,False,0.57,1.11,Fail
6158,2350415,HK232_CO1005_L01,CO1005,2,True,2.4,,3.3,3.0,,3.0,F,0.0,False,0.14,1.0,Fail
6159,2310363,HK232_CO1005_L01,CO1005,2,True,2.7,,3.3,4.1,,3.4,F,0.0,False,0.32,1.0,Fail
6160,2370613,HK232_CO1005_L01,CO1005,2,True,3.5,,3.3,3.3,,3.3,F,0.0,False,0.52,1.0,Fail
6161,2380389,HK232_CO1005_L01,CO1005,2,True,3.4,,2.7,4.1,,3.3,F,0.0,False,0.32,1.0,Fail
6162,2368339,HK232_CO1005_L01,CO1005,2,True,2.9,,4.2,3.3,,3.7,F,0.0,False,0.7,1.0,Fail
6163,2387765,HK232_CO1005_L01,CO1005,2,True,3.6,,3.2,2.7,,3.1,F,0.0,False,0.14,1.0,Fail
6164,2328631,HK232_CO1005_L01,CO1005,2,True,2.2,,3.4,3.1,,3.1,F,0.0,False,0.19,1.0,Fail
6165,2316539,HK232_CO1005_L01,CO1005,2,True,3.0,,3.4,1.3,,2.7,F,0.0,False,0.33,1.0,Fail
6166,2318511,HK232_CO1005_L01,CO1005,2,True,3.8,,2.4,3.7,,3.1,F,0.0,False,0.33,1.0,Fail
6167,2370848,HK232_CO1005_L01,CO1005,2,True,2.5,,3.5,4.1,,3.5,F,0.0,False,0.82,1.32,Fail
6168,2303717,HK232_CO1005_L01,CO1005,2,True,3.8,,3.8,3.5,,3.7,F,0.0,False,0.5,1.09,Fail
6169,2306612,HK232_CO1005_L01,CO1005,2,True,2.4,,3.4,3.8,,3.3,F,0.0,False,0.78,1.06,Fail
6170,2394948,HK232_CO1005_L01,CO1005,2,True,2.8,,2.4,4.4,,3.1,F,0.0,False,0.18,1.0,Fail
6171,2361500,HK232_CO1005_L01,CO1005,2,True,2.8,,4.0,3.5,,3.6,F,0.0,False,0.6,1.0,Fail
6172,2312637,HK232_CO1005_L01,CO1005,2,True,3.3,,3.1,3.3,,3.2,F,0.0,False,0.4,1.0,Fail
6173,2372585,HK232_CO1005_L01,CO1005,2,True,4.6,,2.9,4.8,,3.8,F,0.0,False,0.45,1.1,Fail
6174,2306033,HK232_CO1005_L01,CO1005,2,True,3.4,,3.1,1.8,,2.8,F,0.0,False,0.0,1.5,Fail
6175,2327473,HK232_CO1005_L01,CO1005,2,True,3.9,,3.7,3.2,,3.6,F,0.0,False,0.62,1.38,Fail
6176,2374943,HK232_CO1005_L01,CO1005,2,True,4.2,,3.4,3.8,,3.7,F,0.0,False,0.48,1.0,Fail
6177,2302173,HK232_CO1005_L01,CO1005,2,True,2.2,,3.4,2.8,,3.0,F,0.0,False,0.55,1.0,Fail
6178,2306461,HK232_CO1005_L01,CO1005,2,True,2.9,,2.1,3.1,,2.6,F,0.0,False,0.2,1.0,Fail
6179,2365402,HK232_CO1005_L01,CO1005,2,True,3.1,,3.8,3.2,,3.5,F,0.0,False,0.32,1.18,Fail
6180,2353738,HK232_CO1005_L01,CO1005,2,True,2.9,,2.7,5.1,,3.5,F,0.0,False,1.43,1.75,Fail
6181,2376487,HK232_CO1005_L01,CO1005,2,True,3.2,,4.2,3.0,,3.6,F,0.0,False,0.18,1.0,Fail
6182,2308198,HK232_CO1005_L01,CO1005,2,True,5.3,,4.0,1.9,,3.6,F,0.0,False,0.19,1.0,Fail
6183,2394948,HK232_LA1003_L01,LA1003,2,True,3.3,2.5,2.4,,,2.6,F,0.0,False,0.18,1.0,Fail
6184,2311672,HK232_LA1003_L01,LA1003,2,True,2.6,3.6,2.7,,,3.0,F,0.0,False,0.86,1.23,Fail
6185,2368339,HK232_LA1003_L01,LA1003,2,True,2.4,4.4,2.7,,,3.2,F,0.0,False,0.7,1.0,Fail
6186,2342225,HK232_LA1003_L01,LA1003,2,True,4.0,4.4,3.2,,,3.7,F,0.0,False,1.56,1.71,Fail
6187,2310942,HK232_LA1003_L01,LA1003,2,True,2.6,3.5,2.9,,,3.0,F,0.0,False,0.57,1.11,Fail
6188,2350415,HK232_LA1003_L01,LA1003,2,True,2.1,2.4,2.4,,,2.3,F,0.0,False,0.14,1.0,Fail
6189,2380389,HK232_LA1003_L01,LA1003,2,True,2.9,2.1,3.5,,,3.0,F,0.0,False,0.32,1.0,Fail
6190,2343962,HK232_LA1003_L01,LA1003,2,True,3.4,2.8,4.5,,,3.8,F,0.0,False,0.45,1.0,Fail
6191,2358412,HK232_LA1003_L01,LA1003,2,True,3.7,4.1,3.9,,,3.9,F,0.0,False,1.29,1.46,Fail
6192,2391239,HK232_LA1003_L01,LA1003,2,True,2.6,4.3,3.5,,,3.6,F,0.0,False,1.71,2.0,Fail
6193,2312637,HK232_LA1003_L01,LA1003,2,True,3.4,3.0,2.7,,,2.9,F,0.0,False,0.4,1.0,Fail
6194,2385600,HK232_LA1003_L01,LA1003,2,True,3.9,3.0,2.7,,,3.0,F,0.0,False,0.55,1.18,Fail
6195,2374901,HK232_LA1003_L01,LA1003,2,True,3.0,2.0,3.2,,,2.8,F,0.0,False,0.18,1.0,Fail
6196,2334077,HK232_LA1003_L01,LA1003,2,True,5.6,3.2,3.2,,,3.7,F,0.0,False,1.18,1.71,Fail
6197,2378996,HK232_LA1003_L01,LA1003,2,True,2.0,3.6,2.9,,,2.9,F,0.0,False,0.55,1.0,Fail
6198,2354124,HK232_LA1003_L01,LA1003,2,True,3.2,3.9,4.2,,,3.9,F,0.0,False,0.29,1.0,Fail
6199,2306612,HK232_LA1003_L01,LA1003,2,True,3.3,3.7,4.2,,,3.9,F,0.0,False,0.78,1.06,Fail
6200,2370613,HK232_LA1003_L01,LA1003,2,True,3.5,4.0,1.6,,,2.7,F,0.0,False,0.52,1.0,Fail
6201,2302173,HK232_LA1003_L01,LA1003,2,True,2.5,2.7,3.2,,,2.9,F,0.0,False,0.55,1.0,Fail
6202,2373785,HK232_LA1003_L01,LA1003,2,True,2.9,3.2,4.0,,,3.5,F,0.0,False,0.97,1.12,Fail
6203,2328631,HK232_LA1003_L01,LA1003,2,True,1.6,3.0,2.6,,,2.5,F,0.0,False,0.19,1.0,Fail
6204,2376487,HK232_LA1003_L01,LA1003,2,True,2.7,2.1,3.8,,,3.1,F,0.0,False,0.18,1.0,Fail
6205,2361500,HK232_LA1003_L01,LA1003,2,True,3.0,2.9,4.2,,,3.6,F,0.0,False,0.6,1.0,Fail
6206,2327473,HK232_LA1003_L01,LA1003,2,True,3.4,3.5,3.8,,,3.6,F,0.0,False,0.62,1.38,Fail
6207,2364974,HK232_LA1003_L01,LA1003,2,True,3.2,3.5,4.4,,,3.9,F,0.0,False,1.53,1.69,Fail
6208,2322178,HK232_LA1003_L01,LA1003,2,True,4.4,2.2,4.3,,,3.7,F,0.0,False,1.03,1.43,Fail
6209,2362893,HK232_LA1003_L01,LA1003,2,True,4.4,3.8,3.5,,,3.8,F,0.0,False,1.29,1.38,Fail
6210,2308198,HK232_LA1003_L01,LA1003,2,True,2.7,3.8,3.0,,,3.2,F,0.0,False,0.19,1.0,Fail
6211,2372585,HK232_LA1003_L01,LA1003,2,True,3.6,2.8,3.4,,,3.3,F,0.0,False,0.45,1.1,Fail
6212,2306033,HK232_LA1003_L01,LA1003,2,True,3.2,2.5,3.5,,,3.1,F,0.0,False,0.0,1.5,Fail
6213,2333884,HK232_LA1003_L01,LA1003,2,True,2.9,4.1,3.4,,,3.5,F,0.0,False,0.27,1.43,Fail
6214,2365402,HK232_LA1003_L01,LA1003,2,True,4.0,2.4,3.6,,,3.3,F,0.0,False,0.32,1.18,Fail
6215,2310363,HK232_LA1003_L01,LA1003,2,True,3.3,2.0,4.0,,,3.3,F,0.0,False,0.32,1.0,Fail
6216,2318511,HK232_LA1003_L01,LA1003,2,True,2.7,4.2,2.5,,,3.0,F,0.0,False,0.33,1.0,Fail
6217,2370848,HK232_LA1003_L01,LA1003,2,True,4.1,3.6,1.2,,,2.5,F,0.0,False,0.82,1.32,Fail
6218,2387765,HK232_LA1003_L01,LA1003,2,True,3.7,3.2,3.2,,,3.3,F,0.0,False,0.14,1.0,Fail
6219,2333263,HK232_LA1003_L01,LA1003,2,True,4.7,5.0,2.8,,,3.8,F,0.0,False,1.68,1.76,Fail
6220,2374901,HK232_PH1003_L01,PH1003,2,True,3.4,3.6,2.9,,,3.1,F,0.0,False,0.18,1.0,Fail
6221,2387765,HK232_PH1003_L01,PH1003,2,True,3.3,4.9,3.7,,,3.9,F,0.0,False,0.14,1.0,Fail
6222,2350415,HK232_PH1003_L01,PH1003,2,True,3.5,3.9,3.4,,,3.5,F,0.0,False,0.14,1.0,Fail
6223,2354124,HK232_PH1003_L01,PH1003,2,True,4.4,6.6,2.5,,,3.7,F,0.0,False,0.29,1.0,Fail
6224,2370613,HK232_PH1003_L01,PH1003,2,True,2.3,4.3,4.2,,,3.8,F,0.0,False,0.52,1.0,Fail
6225,2310942,HK232_PH1003_L01,PH1003,2,True,5.4,3.8,3.3,,,3.8,F,0.0,False,0.57,1.11,Fail
6226,2328631,HK232_PH1003_L01,PH1003,2,True,4.6,3.0,3.6,,,3.7,F,0.0,False,0.19,1.0,Fail
6227,2316539,HK232_PH1003_L01,PH1003,2,True,3.7,5.0,3.0,,,3.5,F,0.0,False,0.33,1.0,Fail
6228,2318511,HK232_PH1003_L01,PH1003,2,True,4.1,3.4,3.9,,,3.8,F,0.0,False,0.33,1.0,Fail
6229,2380389,HK232_PH1003_L01,PH1003,2,True,3.9,5.2,2.7,,,3.4,F,0.0,False,0.32,1.0,Fail
6230,2308198,HK232_PH1003_L01,PH1003,2,True,4.3,3.1,3.6,,,3.6,F,0.0,False,0.19,1.0,Fail
6231,2327666,HK232_PH1003_L01,PH1003,2,True,4.3,3.3,4.0,,,3.9,F,0.0,False,0.62,1.09,Fail
6232,2310363,HK232_PH1003_L01,PH1003,2,True,2.4,4.2,3.9,,,3.7,F,0.0,False,0.32,1.0,Fail
6233,2333884,HK232_CO1023_L01,CO1023,2,True,2.7,,2.8,4.4,,3.1,F,0.0,False,0.27,1.43,Fail
6234,2311672,HK232_CO1023_L01,CO1023,2,True,2.9,,4.3,3.5,,3.9,F,0.0,False,0.86,1.23,Fail
6235,2387765,HK232_CO1023_L01,CO1023,2,True,3.5,,2.8,4.7,,3.3,F,0.0,False,0.14,1.0,Fail
6236,2394948,HK232_CO1023_L01,CO1023,2,True,1.7,,3.7,4.4,,3.4,F,0.0,False,0.18,1.0,Fail
6237,2380389,HK232_CO1023_L01,CO1023,2,True,2.4,,2.9,3.5,,2.9,F,0.0,False,0.32,1.0,Fail
6238,2365402,HK232_CO1023_L01,CO1023,2,True,4.2,,3.7,3.5,,3.8,F,0.0,False,0.32,1.18,Fail
6239,2343962,HK232_CO1023_L01,CO1023,2,True,3.7,,3.2,5.8,,3.8,F,0.0,False,0.45,1.0,Fail
6240,2328631,HK232_CO1023_L01,CO1023,2,True,4.0,,4.0,2.4,,3.7,F,0.0,False,0.19,1.0,Fail
6241,2306033,HK232_CO1023_L01,CO1023,2,True,3.5,,2.9,3.2,,3.1,F,0.0,False,0.0,1.5,Fail
6242,2310363,HK232_CO1023_L01,CO1023,2,True,4.1,,3.4,4.2,,3.7,F,0.0,False,0.32,1.0,Fail
6243,2376487,HK232_CO1023_L01,CO1023,2,True,5.1,,3.3,3.7,,3.7,F,0.0,False,0.18,1.0,Fail
6244,2328631,HK232_MT1003_L01,MT1003,2,True,4.7,2.8,3.3,,,3.5,F,0.0,False,0.19,1.0,Fail
6245,2365402,HK232_MT1003_L01,MT1003,2,True,3.5,3.3,3.1,,,3.2,F,0.0,False,0.32,1.18,Fail
6246,2374901,HK232_MT1003_L01,MT1003,2,True,3.5,3.3,3.8,,,3.6,F,0.0,False,0.18,1.0,Fail
6247,2394948,HK232_MT1003_L01,MT1003,2,True,3.3,3.5,4.0,,,3.8,F,0.0,False,0.18,1.0,Fail
6248,2318511,HK232_MT1003_L01,MT1003,2,True,4.3,4.9,3.2,,,3.8,F,0.0,False,0.33,1.0,Fail
6249,2350415,HK232_MT1003_L01,MT1003,2,True,3.1,4.0,3.3,,,3.4,F,0.0,False,0.14,1.0,Fail
6250,2374943,HK232_MT1003_L01,MT1003,2,True,2.9,4.4,4.0,,,3.9,F,0.0,False,0.48,1.0,Fail
6251,2333884,HK232_MT1003_L01,MT1003,2,True,3.6,2.3,4.5,,,3.9,F,0.0,False,0.27,1.43,Fail
6252,2316539,HK232_MT1003_L01,MT1003,2,True,4.9,3.9,2.9,,,3.5,F,0.0,False,0.33,1.0,Fail
6253,2306033,HK232_MT1003_L01,MT1003,2,True,4.2,4.3,3.7,,,3.9,F,0.0,False,0.0,1.5,Fail
6254,2308198,HK232_MT1003_L01,MT1003,2,True,4.8,3.8,3.6,,,3.9,F,0.0,False,0.19,1.0,Fail
6255,2312444,HK232_MT1003_L01,MT1003,2,True,4.2,4.6,3.3,,,3.7,F,0.0,False,0.62,1.21,Fail
6256,2372585,HK232_MT1003_L01,MT1003,2,True,3.8,4.4,3.8,,,3.9,F,0.0,False,0.45,1.1,Fail
6257,2327473,HK232_MT1003_L01,MT1003,2,True,3.2,3.7,3.0,,,3.2,F,0.0,False,0.62,1.38,Fail
6258,2368918,HK232_MT1003_L01,MT1003,2,True,4.3,3.8,2.4,,,3.1,F,0.0,False,1.29,1.59,Fail
6259,2376487,HK232_MT1003_L01,MT1003,2,True,3.7,3.4,4.1,,,3.9,F,0.0,False,0.18,1.0,Fail
6260,2337937,HK232_MT1003_L01,MT1003,2,True,5.2,6.2,2.5,,,3.8,F,0.0,False,1.4,1.71,Fail
