enrollment_id,student_id,class_id,course_id,semester,retaken,quiz,btl,cuoi_ky,giua_ky,lab,final_score,letter_grade,gpa_4,passed,semester_gpa_4,final_gpa_4,status
567,1460363,HK161_SP1035_L01,SP1035,-13,False,8.3,8.3,7.5,,,7.9,B,3.0,True,3.28,3.42,Pass
568,1481376,HK161_SP1035_L01,SP1035,-13,False,3.3,2.0,3.7,,,3.1,F,0.0,False,0.18,1.0,Fail
569,1437973,HK161_SP1035_L01,SP1035,-13,False,9.8,8.3,8.7,,,8.8,A,4.0,True,4.0,3.99,Pass
570,1491345,HK161_SP1035_L01,SP1035,-13,False,9.3,6.7,6.6,,,7.2,B,3.0,True,3.06,3.24,Pass
571,1404688,HK161_SP1035_L01,SP1035,-13,False,6.6,6.8,7.4,,,7.1,B,3.0,True,2.58,2.54,Pass
572,1467880,HK161_SP1035_L01,SP1035,-13,False,8.8,8.9,8.1,,,8.5,A,4.0,True,3.39,3.31,Pass
573,1463737,HK161_SP1035_L01,SP1035,-13,False,8.2,9.5,7.3,,,8.1,B+,3.5,True,3.61,3.54,Pass
574,1458217,HK161_SP1035_L01,SP1035,-13,False,6.1,5.9,7.3,,,6.6,C+,2.5,True,2.58,2.49,Pass
575,1425395,HK161_SP1035_L01,SP1035,-13,False,7.8,7.2,7.5,,,7.5,B,3.0,True,3.17,3.27,Pass
576,1494107,HK161_SP1035_L01,SP1035,-13,False,7.1,8.5,8.3,,,8.1,B+,3.5,True,3.08,3.16,Pass
577,1468186,HK161_SP1035_L01,SP1035,-13,False,6.8,6.4,7.4,,,7.0,B,3.0,True,2.28,2.39,Pass
578,1441959,HK161_SP1035_L01,SP1035,-13,False,5.3,5.1,5.6,,,5.4,D+,1.5,True,1.81,1.72,Pass
579,1425548,HK161_SP1035_L01,SP1035,-13,False,8.2,8.2,7.2,,,7.7,B,3.0,True,3.11,3.27,Pass
580,1413433,HK161_SP1035_L01,SP1035,-13,False,9.7,8.6,7.7,,,8.4,B+,3.5,True,3.22,3.45,Pass
581,1484597,HK161_SP1035_L01,SP1035,-13,False,5.1,5.6,5.8,,,5.6,C,2.0,True,1.81,1.7,Pass
582,1453462,HK161_SP1035_L01,SP1035,-13,False,7.0,5.1,5.0,,,5.4,D+,1.5,True,1.56,1.68,Pass
583,1489964,HK161_SP1035_L01,SP1035,-13,False,4.6,5.5,5.7,,,5.4,D+,1.5,True,1.58,1.82,Pass
584,1435364,HK161_SP1035_L01,SP1035,-13,False,7.6,9.5,7.6,,,8.2,B+,3.5,True,3.22,3.18,Pass
585,1439044,HK161_SP1035_L01,SP1035,-13,False,6.9,7.1,8.1,,,7.6,B,3.0,True,3.08,3.22,Pass
586,1484444,HK161_SP1035_L01,SP1035,-13,False,7.7,7.4,7.3,,,7.4,B,3.0,True,3.44,3.42,Pass
587,1453615,HK161_SP1035_L01,SP1035,-13,False,6.5,6.2,5.1,,,5.7,C,2.0,True,1.92,1.87,Pass
588,1425854,HK161_SP1035_L01,SP1035,-13,False,6.6,7.5,7.0,,,7.1,B,3.0,True,2.67,2.85,Pass
589,1479383,HK161_SP1035_L01,SP1035,-13,False,9.3,8.5,8.5,,,8.7,A,4.0,True,3.28,3.22,Pass
590,1458064,HK161_SP1035_L01,SP1035,-13,False,7.9,6.2,6.2,,,6.5,C+,2.5,True,2.33,2.48,Pass
591,1497481,HK161_SP1035_L01,SP1035,-13,False,4.2,6.1,7.3,,,6.3,C,2.0,True,2.33,2.4,Pass
592,1471560,HK161_SP1035_L01,SP1035,-13,False,7.1,8.0,7.6,,,7.6,B,3.0,True,3.0,3.14,Pass
593,1429691,HK161_SP1035_L01,SP1035,-13,False,6.8,8.1,7.3,,,7.4,B,3.0,True,2.58,2.55,Pass
594,1449782,HK161_SP1035_L01,SP1035,-13,False,7.1,6.7,7.7,,,7.3,B,3.0,True,3.0,3.18,Pass
595,1483832,HK161_SP1035_L01,SP1035,-13,False,7.4,7.9,8.3,,,8.0,B+,3.5,True,3.25,3.19,Pass
596,1417572,HK161_SP1035_L01,SP1035,-13,False,7.9,7.6,8.0,,,7.9,B,3.0,True,3.53,3.18,Pass
597,1479689,HK161_SP1035_L01,SP1035,-13,False,9.4,7.7,9.5,,,8.9,A,4.0,True,3.92,3.87,Pass
598,1494260,HK161_SP1035_L01,SP1035,-13,False,5.9,5.6,5.7,,,5.7,C,2.0,True,1.92,1.87,Pass
599,1408984,HK161_SP1035_L01,SP1035,-13,False,7.2,7.5,8.4,,,7.9,B,3.0,True,3.14,3.06,Pass
600,1497328,HK161_SP1035_L01,SP1035,-13,False,7.1,5.6,6.7,,,6.4,C+,2.5,True,2.33,2.41,Pass
601,1447942,HK161_SP1035_L01,SP1035,-13,False,6.9,8.2,7.7,,,7.7,B,3.0,True,3.17,3.24,Pass
602,1489352,HK161_SP1035_L01,SP1035,-13,False,7.2,7.4,8.2,,,7.8,B,3.0,True,3.14,3.16,Pass
603,1487818,HK161_SP1035_L01,SP1035,-13,False,7.2,6.9,7.6,,,7.3,B,3.0,True,3.03,3.2,Pass
604,1459751,HK161_SP1035_L01,SP1035,-13,False,7.0,6.0,4.9,,,5.7,C,2.0,True,2.5,2.45,Pass
605,1481682,HK161_SP1035_L01,SP1035,-13,False,6.3,7.5,7.9,,,7.5,B,3.0,True,2.64,2.65,Pass
606,1459292,HK161_SP1035_L01,SP1035,-13,False,4.8,7.0,5.1,,,5.6,C,2.0,True,2.08,1.93,Pass
607,1483985,HK161_SP1035_L01,SP1035,-13,False,5.1,5.1,6.3,,,5.7,C,2.0,True,1.75,1.72,Pass
608,1430303,HK161_SP1035_L01,SP1035,-13,False,6.8,7.3,7.4,,,7.2,B,3.0,True,3.25,3.07,Pass
609,1425242,HK161_SP1035_L01,SP1035,-13,False,8.1,5.8,6.2,,,6.5,C+,2.5,True,2.08,2.32,Pass
610,1440425,HK161_SP1035_L01,SP1035,-13,False,5.7,7.1,7.7,,,7.1,B,3.0,True,2.78,2.69,Pass
611,1497940,HK161_SP1035_L01,SP1035,-13,False,8.1,7.9,9.3,,,8.6,A,4.0,True,3.28,3.32,Pass
612,1450547,HK161_SP1035_L01,SP1035,-13,False,8.3,8.1,7.1,,,7.6,B,3.0,True,3.0,3.24,Pass
613,1444874,HK161_SP1035_L01,SP1035,-13,False,6.7,6.9,7.5,,,7.2,B,3.0,True,2.42,2.38,Pass
614,1491651,HK161_SP1035_L01,SP1035,-13,False,6.4,7.3,5.8,,,6.4,C+,2.5,True,2.53,2.54,Pass
615,1439966,HK161_SP1035_L01,SP1035,-13,False,6.8,6.0,7.0,,,6.7,C+,2.5,True,2.61,2.55,Pass
616,1456683,HK161_SP1035_L01,SP1035,-13,False,8.3,6.7,9.6,,,8.5,A,4.0,True,3.44,3.36,Pass
617,1431990,HK161_SP1035_L01,SP1035,-13,False,7.6,9.2,6.3,,,7.4,B,3.0,True,3.22,3.1,Pass
618,1433677,HK161_SP1035_L01,SP1035,-13,False,8.7,8.3,6.9,,,7.7,B,3.0,True,3.56,3.49,Pass
619,1446408,HK161_SP1035_L01,SP1035,-13,False,9.2,9.1,8.6,,,8.9,A,4.0,True,3.92,3.88,Pass
620,1415273,HK161_SP1035_L01,SP1035,-13,False,8.5,7.8,10.0,,,9.0,A,4.0,True,3.08,3.2,Pass
621,1482604,HK161_SP1035_L01,SP1035,-13,False,6.5,7.0,7.8,,,7.3,B,3.0,True,3.08,3.14,Pass
622,1443187,HK161_SP1035_L01,SP1035,-13,False,9.0,7.3,7.6,,,7.8,B,3.0,True,3.03,3.02,Pass
623,1450241,HK161_SP1035_L01,SP1035,-13,False,5.7,4.8,6.3,,,5.7,C,2.0,True,1.39,1.58,Pass
624,1450088,HK161_SP1035_L01,SP1035,-13,False,8.6,7.7,7.8,,,7.9,B,3.0,True,3.0,3.09,Pass
625,1496406,HK161_SP1035_L01,SP1035,-13,False,7.7,5.9,5.3,,,6.0,C,2.0,True,1.92,1.94,Pass
626,1432296,HK161_SP1035_L01,SP1035,-13,False,9.1,6.8,7.6,,,7.7,B,3.0,True,3.11,3.31,Pass
627,1467574,HK161_SP1035_L01,SP1035,-13,False,6.9,7.3,7.9,,,7.5,B,3.0,True,2.69,2.59,Pass
628,1422021,HK161_SP1035_L01,SP1035,-13,False,4.8,6.7,6.9,,,6.4,C+,2.5,True,1.53,1.7,Pass
629,1482757,HK161_SP1035_L01,SP1035,-13,False,6.2,6.9,6.1,,,6.4,C+,2.5,True,2.42,2.4,Pass
630,1466958,HK161_SP1035_L01,SP1035,-13,False,6.2,8.1,7.3,,,7.3,B,3.0,True,3.08,3.25,Pass
631,1484138,HK161_SP1035_L01,SP1035,-13,False,6.4,7.2,6.5,,,6.7,C+,2.5,True,2.53,2.49,Pass
632,1405610,HK161_SP1035_L01,SP1035,-13,False,6.8,8.5,6.5,,,7.2,B,3.0,True,2.72,2.56,Pass
633,1408372,HK161_SP1035_L01,SP1035,-13,False,10.0,8.5,7.9,,,8.5,A,4.0,True,3.75,3.59,Pass
634,1415885,HK161_SP1035_L01,SP1035,-13,False,7.8,9.0,7.6,,,8.1,B+,3.5,True,3.06,3.13,Pass
635,1446102,HK161_SP1035_L01,SP1035,-13,False,8.5,8.7,7.4,,,8.0,B+,3.5,True,3.69,3.67,Pass
636,1424936,HK161_SP1035_L01,SP1035,-13,False,8.7,8.7,5.9,,,7.3,B,3.0,True,3.17,3.12,Pass
637,1470179,HK161_SP1035_L01,SP1035,-13,False,7.2,8.8,8.5,,,8.3,B+,3.5,True,3.22,3.43,Pass
638,1456989,HK161_SP1035_L01,SP1035,-13,False,8.8,6.6,6.5,,,7.0,B,3.0,True,3.25,3.09,Pass
639,1472941,HK161_SP1035_L01,SP1035,-13,False,6.9,7.4,5.2,,,6.2,C,2.0,True,2.25,2.22,Pass
640,1475703,HK161_SP1035_L01,SP1035,-13,False,7.0,5.4,8.5,,,7.3,B,3.0,True,1.94,2.01,Pass
641,1439813,HK161_SP1035_L01,SP1035,-13,False,7.4,7.9,7.6,,,7.7,B,3.0,True,3.42,3.37,Pass
642,1496100,HK161_SP1035_L01,SP1035,-13,False,6.6,6.8,7.0,,,6.9,C+,2.5,True,2.28,2.25,Pass
643,1443646,HK161_SP1035_L01,SP1035,-13,False,8.3,6.6,6.6,,,6.9,C+,2.5,True,2.31,2.38,Pass
644,1434905,HK161_SP1035_L01,SP1035,-13,False,6.8,6.9,6.7,,,6.8,C+,2.5,True,2.31,2.5,Pass
645,1474781,HK161_SP1035_L01,SP1035,-13,False,7.7,9.0,7.5,,,8.0,B+,3.5,True,3.36,3.3,Pass
646,1415579,HK161_SP1035_L01,SP1035,-13,False,7.6,6.1,5.3,,,6.0,C,2.0,True,2.44,2.57,Pass
647,1452081,HK161_SP1035_L01,SP1035,-13,False,7.3,7.4,6.1,,,6.7,C+,2.5,True,2.31,2.49,Pass
648,1419875,HK161_SP1035_L01,SP1035,-13,False,8.2,5.3,6.6,,,6.5,C+,2.5,True,2.22,2.44,Pass
649,1435823,HK161_SP1035_L01,SP1035,-13,False,6.5,6.4,7.2,,,6.8,C+,2.5,True,2.22,2.41,Pass
650,1474475,HK161_SP1035_L01,SP1035,-13,False,6.7,8.7,7.3,,,7.6,B,3.0,True,3.0,3.09,Pass
651,1425089,HK161_SP1035_L01,SP1035,-13,False,7.1,8.8,7.5,,,7.8,B,3.0,True,3.25,3.35,Pass
652,1449935,HK161_SP1035_L01,SP1035,-13,False,4.9,5.3,5.7,,,5.4,D+,1.5,True,1.97,1.81,Pass
653,1486284,HK161_SP1035_L01,SP1035,-13,False,7.5,8.4,8.2,,,8.1,B+,3.5,True,3.69,3.57,Pass
654,1489199,HK161_SP1035_L01,SP1035,-13,False,5.2,5.1,5.8,,,5.5,C,2.0,True,1.39,1.56,Pass
655,1462666,HK161_SP1035_L01,SP1035,-13,False,9.0,8.6,8.2,,,8.5,A,4.0,True,3.36,3.48,Pass
656,1488740,HK161_SP1035_L01,SP1035,-13,False,5.7,7.1,6.0,,,6.3,C,2.0,True,2.56,2.54,Pass
657,1448095,HK161_SP1035_L01,SP1035,-13,False,8.0,7.9,7.5,,,7.7,B,3.0,True,3.03,3.1,Pass
658,1464353,HK161_SP1035_L01,SP1035,-13,False,8.9,9.5,7.7,,,8.5,A,4.0,True,3.56,3.3,Pass
659,1410212,HK161_SP1035_L01,SP1035,-13,False,7.7,7.4,6.1,,,6.8,C+,2.5,True,2.86,2.91,Pass
660,1405457,HK161_SP1035_L01,SP1035,-13,False,6.2,6.1,7.9,,,7.0,B,3.0,True,2.39,2.6,Pass
661,1460826,HK161_SP1035_L01,SP1035,-13,False,7.0,7.0,6.5,,,6.8,C+,2.5,True,2.78,2.76,Pass
662,1460979,HK161_SP1035_L01,SP1035,-13,False,6.9,6.1,6.3,,,6.4,C+,2.5,True,2.47,2.35,Pass
663,1443799,HK161_SP1035_L01,SP1035,-13,False,6.2,8.8,8.2,,,8.0,B+,3.5,True,3.42,3.37,Pass
664,1414198,HK161_SP1035_L01,SP1035,-13,False,5.3,7.5,7.6,,,7.1,B,3.0,True,2.5,2.4,Pass
665,1427082,HK161_SP1035_L01,SP1035,-13,False,5.0,5.0,5.0,,,5.0,D+,1.5,True,1.83,1.61,Pass
666,1487053,HK161_SP1035_L01,SP1035,-13,False,8.0,8.5,7.3,,,7.8,B,3.0,True,3.22,3.3,Pass
667,1441653,HK161_SP1035_L01,SP1035,-13,False,4.5,6.3,4.2,,,4.9,D,1.0,True,1.56,1.63,Pass
668,1473094,HK161_SP1035_L01,SP1035,-13,False,7.8,7.6,7.1,,,7.4,B,3.0,True,3.61,3.3,Pass
669,1420946,HK161_SP1035_L01,SP1035,-13,False,7.8,7.6,8.8,,,8.2,B+,3.5,True,3.06,3.18,Pass
670,1455302,HK161_SP1035_L01,SP1035,-13,False,7.4,6.6,9.0,,,8.0,B+,3.5,True,2.97,2.65,Pass
671,1480148,HK161_SP1035_L01,SP1035,-13,False,7.8,6.8,8.3,,,7.8,B,3.0,True,3.0,3.17,Pass
672,1471254,HK161_SP1035_L01,SP1035,-13,False,5.9,5.2,4.7,,,5.1,D+,1.5,True,1.81,1.7,Pass
673,1406222,HK161_SP1035_L02,SP1035,-13,False,8.8,8.5,7.3,,,8.0,B+,3.5,True,3.44,3.29,Pass
674,1402542,HK161_SP1035_L02,SP1035,-13,False,8.4,8.4,8.3,,,8.4,B+,3.5,True,3.31,3.42,Pass
675,1451010,HK161_SP1035_L02,SP1035,-13,False,5.6,5.3,6.8,,,6.1,C,2.0,True,1.92,2.01,Pass
676,1446561,HK161_SP1035_L02,SP1035,-13,False,9.4,8.2,7.7,,,8.2,B+,3.5,True,3.39,3.4,Pass
677,1427541,HK161_SP1035_L02,SP1035,-13,False,7.6,7.6,7.5,,,7.5,B,3.0,True,3.08,3.25,Pass
678,1476315,HK161_SP1035_L02,SP1035,-13,False,10.0,9.6,10.0,,,9.9,A+,4.0,True,3.92,3.95,Pass
679,1438738,HK161_SP1035_L02,SP1035,-13,False,8.1,8.1,10.0,,,9.1,A,4.0,True,3.28,3.41,Pass
680,1432602,HK161_SP1035_L02,SP1035,-13,False,5.6,5.6,5.1,,,5.3,D+,1.5,True,1.58,1.66,Pass
681,1487971,HK161_SP1035_L02,SP1035,-13,False,8.7,7.7,7.8,,,7.9,B,3.0,True,3.28,3.32,Pass
682,1485519,HK161_SP1035_L02,SP1035,-13,False,4.1,5.1,4.9,,,4.8,D,1.0,True,1.03,1.35,Pass
683,1477849,HK161_SP1035_L02,SP1035,-13,False,7.5,8.3,7.6,,,7.8,B,3.0,True,3.31,3.32,Pass
684,1438891,HK161_SP1035_L02,SP1035,-13,False,7.0,8.5,8.5,,,8.2,B+,3.5,True,3.5,3.33,Pass
685,1413739,HK161_SP1035_L02,SP1035,-13,False,7.1,8.6,7.1,,,7.5,B,3.0,True,3.28,3.34,Pass
686,1407603,HK161_SP1035_L02,SP1035,-13,False,8.2,7.9,7.0,,,7.5,B,3.0,True,3.19,3.15,Pass
687,1493801,HK161_SP1035_L02,SP1035,-13,False,8.3,6.6,8.0,,,7.6,B,3.0,True,3.28,3.31,Pass
688,1402389,HK161_SP1035_L02,SP1035,-13,False,5.9,6.1,7.1,,,6.6,C+,2.5,True,2.58,2.64,Pass
689,1464965,HK161_SP1035_L02,SP1035,-13,False,7.1,6.9,7.6,,,7.3,B,3.0,True,2.81,2.73,Pass
690,1482451,HK161_SP1035_L02,SP1035,-13,False,4.4,3.5,4.2,,,4.0,D,1.0,True,0.63,1.02,Pass
691,1496559,HK161_SP1035_L02,SP1035,-13,False,6.7,7.9,7.1,,,7.3,B,3.0,True,2.5,2.46,Pass
692,1443493,HK161_SP1035_L02,SP1035,-13,False,8.6,9.1,7.5,,,8.2,B+,3.5,True,3.22,3.11,Pass
693,1412511,HK161_SP1035_L02,SP1035,-13,False,8.0,9.0,8.8,,,8.7,A,4.0,True,3.19,3.37,Pass
694,1491961,HK161_SP1035_L02,SP1035,-13,False,7.0,8.2,7.6,,,7.7,B,3.0,True,2.92,3.08,Pass
695,1491192,HK161_SP1035_L02,SP1035,-13,False,9.4,9.0,9.0,,,9.1,A,4.0,True,3.67,3.54,Pass
696,1495947,HK161_SP1035_L02,SP1035,-13,False,6.4,7.1,8.4,,,7.6,B,3.0,True,3.61,3.37,Pass
697,1441194,HK161_SP1035_L02,SP1035,-13,False,6.7,7.7,6.5,,,6.9,C+,2.5,True,3.11,3.33,Pass
698,1438432,HK161_SP1035_L02,SP1035,-13,False,8.6,7.6,7.5,,,7.8,B,3.0,True,3.64,3.52,Pass
699,1444721,HK161_SP1035_L02,SP1035,-13,False,4.5,5.0,4.4,,,4.6,D,1.0,True,1.75,1.87,Pass
700,1474016,HK161_SP1035_L02,SP1035,-13,False,6.2,4.7,6.2,,,5.8,C,2.0,True,2.08,2.09,Pass
701,1499015,HK161_SP1035_L02,SP1035,-13,False,7.6,9.0,8.6,,,8.5,A,4.0,True,3.67,3.37,Pass
702,1468645,HK161_SP1035_L02,SP1035,-13,False,8.6,8.3,7.8,,,8.1,B+,3.5,True,3.78,3.47,Pass
703,1419412,HK161_SP1035_L02,SP1035,-13,False,7.9,8.8,8.6,,,8.5,A,4.0,True,3.58,3.46,Pass
704,1494413,HK161_SP1035_L02,SP1035,-13,False,7.8,7.6,8.2,,,7.9,B,3.0,True,3.17,3.28,Pass
705,1478461,HK161_SP1035_L02,SP1035,-13,False,5.0,6.6,6.0,,,6.0,C,2.0,True,2.28,2.14,Pass
706,1484903,HK161_SP1035_L02,SP1035,-13,False,4.6,4.6,6.9,,,5.8,C,2.0,True,1.36,1.6,Pass
707,1483063,HK161_SP1035_L02,SP1035,-13,False,7.1,9.5,10.0,,,9.3,A,4.0,True,3.39,3.13,Pass
708,1463431,HK161_SP1035_L02,SP1035,-13,False,9.7,7.8,8.2,,,8.4,B+,3.5,True,3.47,3.52,Pass
709,1474322,HK161_SP1035_L02,SP1035,-13,False,7.7,7.4,8.7,,,8.1,B+,3.5,True,3.14,3.16,Pass
710,1459445,HK161_SP1035_L02,SP1035,-13,False,5.2,7.5,8.3,,,7.4,B,3.0,True,2.75,2.72,Pass
711,1462972,HK161_SP1035_L02,SP1035,-13,False,8.8,7.0,7.3,,,7.5,B,3.0,True,3.44,3.39,Pass
712,1443952,HK161_SP1035_L02,SP1035,-13,False,6.3,5.9,5.4,,,5.7,C,2.0,True,2.11,1.95,Pass
713,1499474,HK161_SP1035_L02,SP1035,-13,False,8.5,7.5,7.0,,,7.5,B,3.0,True,3.36,3.36,Pass
714,1450394,HK161_SP1035_L02,SP1035,-13,False,5.7,7.0,6.0,,,6.2,C,2.0,True,2.0,2.05,Pass
715,1469873,HK161_SP1035_L02,SP1035,-13,False,7.2,8.3,7.4,,,7.6,B,3.0,True,3.33,3.26,Pass
716,1487359,HK161_SP1035_L02,SP1035,-13,False,9.6,7.2,8.4,,,8.3,B+,3.5,True,3.44,3.32,Pass
717,1482910,HK161_SP1035_L02,SP1035,-13,False,6.6,7.3,7.5,,,7.3,B,3.0,True,2.56,2.51,Pass
718,1420640,HK161_SP1035_L02,SP1035,-13,False,7.3,8.1,6.7,,,7.2,B,3.0,True,3.47,3.52,Pass
719,1426470,HK161_SP1035_L02,SP1035,-13,False,9.1,8.4,6.5,,,7.6,B,3.0,True,3.36,3.24,Pass
720,1479536,HK161_SP1035_L02,SP1035,-13,False,7.7,6.7,5.7,,,6.4,C+,2.5,True,2.25,2.31,Pass
721,1485056,HK161_SP1035_L02,SP1035,-13,False,5.2,4.7,5.8,,,5.3,D+,1.5,True,1.78,1.9,Pass
722,1432143,HK161_SP1035_L02,SP1035,-13,False,8.6,8.8,7.2,,,8.0,B+,3.5,True,3.33,3.25,Pass
723,1469108,HK161_SP1035_L02,SP1035,-13,False,8.5,7.3,7.6,,,7.7,B,3.0,True,3.44,3.37,Pass
724,1445486,HK161_SP1035_L02,SP1035,-13,False,6.6,7.7,7.8,,,7.5,B,3.0,True,3.08,3.18,Pass
725,1409137,HK161_SP1035_L02,SP1035,-13,False,7.7,7.1,7.8,,,7.6,B,3.0,True,3.28,3.31,Pass
726,1486590,HK161_SP1035_L02,SP1035,-13,False,7.3,7.9,8.2,,,7.9,B,3.0,True,3.25,3.27,Pass
727,1469720,HK161_SP1035_L02,SP1035,-13,False,8.4,6.7,5.7,,,6.5,C+,2.5,True,3.06,3.2,Pass
728,1466346,HK161_SP1035_L02,SP1035,-13,False,8.6,8.9,8.6,,,8.7,A,4.0,True,3.42,3.59,Pass
729,1497787,HK161_SP1035_L02,SP1035,-13,False,7.1,8.2,8.5,,,8.1,B+,3.5,True,3.69,3.4,Pass
730,1448401,HK161_SP1035_L02,SP1035,-13,False,8.6,6.9,7.5,,,7.5,B,3.0,True,3.31,3.24,Pass
731,1454843,HK161_SP1035_L02,SP1035,-13,False,8.2,8.6,7.2,,,7.8,B,3.0,True,3.19,3.16,Pass
732,1465424,HK161_SP1035_L02,SP1035,-13,False,8.5,9.1,8.8,,,8.8,A,4.0,True,3.72,3.62,Pass
733,1481070,HK161_SP1035_L02,SP1035,-13,False,6.8,6.4,5.9,,,6.2,C,2.0,True,2.61,2.65,Pass
734,1428157,HK161_SP1035_L02,SP1035,-13,False,6.0,5.5,4.7,,,5.2,D+,1.5,True,1.78,1.79,Pass
735,1495335,HK161_SP1035_L02,SP1035,-13,False,8.1,8.6,7.8,,,8.1,B+,3.5,True,2.89,3.07,Pass
736,1490886,HK161_SP1035_L02,SP1035,-13,False,7.0,7.7,7.8,,,7.6,B,3.0,True,3.19,2.98,Pass
737,1488124,HK161_SP1035_L02,SP1035,-13,False,7.6,8.3,8.1,,,8.1,B+,3.5,True,3.42,3.44,Pass
738,1480611,HK161_SP1035_L02,SP1035,-13,False,7.5,7.1,7.9,,,7.6,B,3.0,True,3.11,3.26,Pass
739,1451163,HK161_SP1035_L02,SP1035,-13,False,8.2,8.4,8.5,,,8.4,B+,3.5,True,3.53,3.42,Pass
740,1484750,HK161_SP1035_L02,SP1035,-13,False,7.5,5.0,6.8,,,6.4,C+,2.5,True,2.56,2.62,Pass
741,1435058,HK161_SP1035_L02,SP1035,-13,False,8.7,7.3,8.4,,,8.1,B+,3.5,True,3.69,3.45,Pass
742,1490733,HK161_SP1035_L02,SP1035,-13,False,4.8,6.8,7.8,,,6.9,C+,2.5,True,2.22,2.12,Pass
743,1480764,HK161_SP1035_L02,SP1035,-13,False,5.8,8.1,6.5,,,6.8,C+,2.5,True,2.58,2.65,Pass
744,1473247,HK161_SP1035_L02,SP1035,-13,False,6.4,7.1,5.9,,,6.4,C+,2.5,True,2.64,2.66,Pass
745,1441806,HK161_SP1035_L02,SP1035,-13,False,7.6,8.0,8.7,,,8.3,B+,3.5,True,3.56,3.31,Pass
746,1421868,HK161_SP1035_L02,SP1035,-13,False,6.7,10.0,8.9,,,8.8,A,4.0,True,3.47,3.32,Pass
747,1491039,HK161_SP1035_L02,SP1035,-13,False,9.0,9.7,9.3,,,9.4,A,4.0,True,4.0,3.93,Pass
748,1447326,HK161_SP1035_L02,SP1035,-13,False,8.5,9.0,8.0,,,8.4,B+,3.5,True,3.44,3.49,Pass
749,1498709,HK161_SP1035_L02,SP1035,-13,False,5.2,6.3,6.6,,,6.2,C,2.0,True,2.08,2.1,Pass
750,1415426,HK161_SP1035_L02,SP1035,-13,False,7.0,7.4,5.9,,,6.6,C+,2.5,True,1.53,1.59,Pass
751,1462050,HK161_SP1035_L02,SP1035,-13,False,7.1,5.5,6.2,,,6.2,C,2.0,True,1.92,1.9,Pass
752,1444568,HK161_SP1035_L02,SP1035,-13,False,6.8,8.9,7.9,,,8.0,B+,3.5,True,3.44,3.38,Pass
753,1479842,HK161_SP1035_L02,SP1035,-13,False,7.6,8.2,9.0,,,8.5,A,4.0,True,3.22,3.35,Pass
754,1489046,HK161_SP1035_L02,SP1035,-13,False,9.4,8.4,8.1,,,8.4,B+,3.5,True,3.06,3.2,Pass
755,1449013,HK161_SP1035_L02,SP1035,-13,False,8.4,8.0,8.4,,,8.3,B+,3.5,True,3.39,3.44,Pass
756,1431531,HK161_SP1035_L02,SP1035,-13,False,6.1,5.8,6.4,,,6.2,C,2.0,True,2.28,2.1,Pass
757,1410824,HK161_SP1035_L02,SP1035,-13,False,9.3,10.0,8.7,,,9.2,A,4.0,True,4.0,4.0,Pass
758,1437510,HK161_SP1035_L02,SP1035,-13,False,9.0,7.5,8.1,,,8.1,B+,3.5,True,3.39,3.34,Pass
759,1488277,HK161_SP1035_L02,SP1035,-13,False,9.0,7.7,7.2,,,7.7,B,3.0,True,3.28,3.43,Pass
760,1430915,HK161_SP1035_L02,SP1035,-13,False,6.4,6.1,7.4,,,6.8,C+,2.5,True,2.42,2.59,Pass
761,1442265,HK161_SP1035_L02,SP1035,-13,False,8.3,10.0,8.7,,,9.0,A,4.0,True,3.22,3.26,Pass
762,1458370,HK161_SP1035_L02,SP1035,-13,False,8.0,6.4,6.0,,,6.5,C+,2.5,True,2.69,2.7,Pass
763,1471101,HK161_SP1035_L02,SP1035,-13,False,9.2,8.6,8.7,,,8.8,A,4.0,True,3.92,3.93,Pass
764,1469414,HK161_SP1035_L02,SP1035,-13,False,8.2,8.1,7.3,,,7.7,B,3.0,True,3.47,3.32,Pass
765,1418953,HK161_SP1035_L02,SP1035,-13,False,6.8,7.3,6.6,,,6.8,C+,2.5,True,2.78,2.67,Pass
766,1402848,HK161_SP1035_L02,SP1035,-13,False,8.0,7.5,8.3,,,8.0,B+,3.5,True,3.14,3.2,Pass
767,1418188,HK161_SP1035_L02,SP1035,-13,False,6.8,7.5,6.6,,,6.9,C+,2.5,True,3.06,3.18,Pass
768,1431378,HK161_SP1035_L02,SP1035,-13,False,6.9,7.4,6.6,,,6.9,C+,2.5,True,3.03,3.07,Pass
769,1438279,HK161_SP1035_L02,SP1035,-13,False,6.9,7.5,7.8,,,7.5,B,3.0,True,3.28,3.42,Pass
770,1425701,HK161_SP1035_L02,SP1035,-13,False,6.2,2.5,4.8,,,4.4,D,1.0,True,1.36,1.71,Pass
771,1412358,HK161_SP1035_L02,SP1035,-13,False,7.4,8.9,8.5,,,8.4,B+,3.5,True,3.06,3.38,Pass
772,1428922,HK161_SP1035_L02,SP1035,-13,False,7.7,7.2,7.3,,,7.3,B,3.0,True,2.75,2.6,Pass
773,1430150,HK161_SP1035_L02,SP1035,-13,False,6.9,7.0,5.9,,,6.4,C+,2.5,True,2.22,2.17,Pass
774,1435517,HK161_SP1035_L02,SP1035,-13,False,9.5,9.4,6.9,,,8.2,B+,3.5,True,3.33,3.29,Pass
775,1428616,HK161_SP1035_L02,SP1035,-13,False,6.4,6.3,5.9,,,6.1,C,2.0,True,2.5,2.27,Pass
776,1415120,HK161_SP1035_L02,SP1035,-13,False,8.2,9.7,9.2,,,9.1,A,4.0,True,3.75,3.87,Pass
777,1424167,HK161_SP1035_L02,SP1035,-13,False,4.4,4.8,5.0,,,4.8,D,1.0,True,1.28,1.52,Pass
778,1423708,HK161_SP1035_L02,SP1035,-13,False,5.9,6.1,4.9,,,5.5,C,2.0,True,1.89,1.66,Pass
779,1476621,HK161_SP1035_L03,SP1035,-13,False,6.7,7.3,6.1,,,6.6,C+,2.5,True,2.42,2.43,Pass
780,1457142,HK161_SP1035_L03,SP1035,-13,False,7.1,7.3,6.7,,,7.0,B,3.0,True,2.56,2.84,Pass
781,1407756,HK161_SP1035_L03,SP1035,-13,False,7.4,7.2,7.7,,,7.5,B,3.0,True,3.08,3.32,Pass
782,1498093,HK161_SP1035_L03,SP1035,-13,False,8.2,7.8,8.6,,,8.3,B+,3.5,True,3.25,3.29,Pass
783,1484291,HK161_SP1035_L03,SP1035,-13,False,6.9,7.5,7.5,,,7.4,B,3.0,True,3.0,3.03,Pass
784,1428463,HK161_SP1035_L03,SP1035,-13,False,6.5,6.5,5.7,,,6.1,C,2.0,True,2.22,2.33,Pass
785,1429997,HK161_SP1035_L03,SP1035,-13,False,10.0,6.6,5.6,,,6.8,C+,2.5,True,3.03,3.23,Pass
786,1405304,HK161_SP1035_L03,SP1035,-13,False,6.3,6.2,5.9,,,6.1,C,2.0,True,2.19,2.45,Pass
787,1410977,HK161_SP1035_L03,SP1035,-13,False,7.5,6.6,6.7,,,6.8,C+,2.5,True,2.44,2.49,Pass
788,1465734,HK161_SP1035_L03,SP1035,-13,False,7.5,6.9,6.8,,,7.0,B,3.0,True,2.81,2.71,Pass
789,1487512,HK161_SP1035_L03,SP1035,-13,False,8.0,8.3,8.7,,,8.4,B+,3.5,True,3.78,3.62,Pass
790,1418647,HK161_SP1035_L03,SP1035,-13,False,7.6,7.7,8.3,,,8.0,B+,3.5,True,3.39,3.42,Pass
791,1499627,HK161_SP1035_L03,SP1035,-13,False,7.8,9.8,10.0,,,9.5,A+,4.0,True,3.81,3.91,Pass
792,1416038,HK161_SP1035_L03,SP1035,-13,False,8.1,8.1,8.7,,,8.4,B+,3.5,True,3.25,3.34,Pass
793,1406375,HK161_SP1035_L03,SP1035,-13,False,5.0,5.6,4.9,,,5.1,D+,1.5,True,1.61,1.71,Pass
794,1413892,HK161_SP1035_L03,SP1035,-13,False,8.1,7.4,7.9,,,7.8,B,3.0,True,3.17,3.36,Pass
795,1405763,HK161_SP1035_L03,SP1035,-13,False,6.0,6.2,5.6,,,5.9,C,2.0,True,1.56,1.65,Pass
796,1448707,HK161_SP1035_L03,SP1035,-13,False,9.0,8.5,8.9,,,8.8,A,4.0,True,4.0,3.95,Pass
797,1475087,HK161_SP1035_L03,SP1035,-13,False,8.9,9.0,8.7,,,8.8,A,4.0,True,4.0,4.0,Pass
798,1404535,HK161_SP1035_L03,SP1035,-13,False,5.6,5.4,5.5,,,5.5,C,2.0,True,1.47,1.61,Pass
799,1475240,HK161_SP1035_L03,SP1035,-13,False,8.0,7.9,9.6,,,8.8,A,4.0,True,3.19,3.2,Pass
800,1423861,HK161_SP1035_L03,SP1035,-13,False,5.7,5.6,5.8,,,5.7,C,2.0,True,1.39,1.75,Pass
801,1456836,HK161_SP1035_L03,SP1035,-13,False,8.8,9.7,8.3,,,8.8,A,4.0,True,4.0,3.96,Pass
802,1477237,HK161_SP1035_L03,SP1035,-13,False,7.2,6.1,6.3,,,6.4,C+,2.5,True,2.31,2.41,Pass
803,1415732,HK161_SP1035_L03,SP1035,-13,False,7.2,7.6,7.4,,,7.4,B,3.0,True,3.17,3.52,Pass
804,1417113,HK161_SP1035_L03,SP1035,-13,False,9.1,8.0,7.8,,,8.1,B+,3.5,True,3.28,3.2,Pass
805,1421099,HK161_SP1035_L03,SP1035,-13,False,8.5,8.8,7.2,,,7.9,B,3.0,True,3.11,3.37,Pass
806,1498556,HK161_SP1035_L03,SP1035,-13,False,7.0,4.0,6.3,,,5.8,C,2.0,True,2.25,2.39,Pass
807,1468339,HK161_SP1035_L03,SP1035,-13,False,5.5,5.7,7.0,,,6.3,C,2.0,True,2.0,1.81,Pass
808,1457911,HK161_SP1035_L03,SP1035,-13,False,6.8,10.0,9.9,,,9.3,A,4.0,True,3.83,3.9,Pass
809,1430609,HK161_SP1035_L03,SP1035,-13,False,7.4,6.4,6.4,,,6.6,C+,2.5,True,2.08,2.33,Pass
810,1427694,HK161_SP1035_L03,SP1035,-13,False,6.8,3.8,5.6,,,5.3,D+,1.5,True,1.58,1.5,Pass
811,1437051,HK161_SP1035_L03,SP1035,-13,False,5.3,6.4,7.5,,,6.7,C+,2.5,True,2.61,2.77,Pass
812,1454384,HK161_SP1035_L03,SP1035,-13,False,6.8,6.1,6.5,,,6.4,C+,2.5,True,2.31,2.17,Pass
813,1406838,HK161_SP1035_L03,SP1035,-13,False,6.9,7.2,7.5,,,7.3,B,3.0,True,3.08,3.11,Pass
814,1447173,HK161_SP1035_L03,SP1035,-13,False,5.7,6.1,5.5,,,5.7,C,2.0,True,1.97,1.95,Pass
815,1401467,HK161_SP1035_L03,SP1035,-13,False,6.6,7.3,7.3,,,7.2,B,3.0,True,3.39,3.4,Pass
816,1433218,HK161_SP1035_L03,SP1035,-13,False,7.1,8.2,7.6,,,7.7,B,3.0,True,3.31,3.14,Pass
817,1414045,HK161_SP1035_L03,SP1035,-13,False,5.5,6.9,8.2,,,7.3,B,3.0,True,3.17,3.38,Pass
818,1474934,HK161_SP1035_L03,SP1035,-13,False,7.1,4.3,5.8,,,5.6,C,2.0,True,1.83,1.89,Pass
819,1410518,HK161_SP1035_L03,SP1035,-13,False,9.1,8.4,7.6,,,8.1,B+,3.5,True,3.31,3.38,Pass
820,1448248,HK161_SP1035_L03,SP1035,-13,False,8.8,9.0,8.8,,,8.9,A,4.0,True,3.22,3.28,Pass
821,1403001,HK161_SP1035_L03,SP1035,-13,False,6.3,7.3,7.8,,,7.3,B,3.0,True,2.83,2.64,Pass
822,1435670,HK161_SP1035_L03,SP1035,-13,False,6.8,6.6,6.1,,,6.4,C+,2.5,True,2.69,2.67,Pass
823,1403464,HK161_SP1035_L03,SP1035,-13,False,7.9,6.0,6.5,,,6.6,C+,2.5,True,2.69,2.64,Pass
824,1467421,HK161_SP1035_L03,SP1035,-13,False,7.5,5.8,6.6,,,6.5,C+,2.5,True,2.47,2.51,Pass
825,1426623,HK161_SP1035_L03,SP1035,-13,False,5.9,7.0,6.3,,,6.4,C+,2.5,True,2.58,2.54,Pass
826,1491498,HK161_SP1035_L03,SP1035,-13,False,9.3,8.1,8.9,,,8.7,A,4.0,True,3.42,3.44,Pass
827,1420793,HK161_SP1035_L03,SP1035,-13,False,7.8,8.1,8.4,,,8.2,B+,3.5,True,3.44,3.39,Pass
828,1429844,HK161_SP1035_L03,SP1035,-13,False,7.5,7.4,6.6,,,7.0,B,3.0,True,2.64,2.54,Pass
829,1465118,HK161_SP1035_L03,SP1035,-13,False,7.4,8.7,7.7,,,7.9,B,3.0,True,3.33,3.41,Pass
830,1453309,HK161_SP1035_L03,SP1035,-13,False,6.9,9.4,8.6,,,8.5,A,4.0,True,3.28,3.32,Pass
831,1451775,HK161_SP1035_L03,SP1035,-13,False,9.1,8.8,6.4,,,7.7,B,3.0,True,3.08,3.19,Pass
832,1411130,HK161_SP1035_L03,SP1035,-13,False,7.4,9.2,7.4,,,7.9,B,3.0,True,3.11,3.19,Pass
833,1463584,HK161_SP1035_L03,SP1035,-13,False,5.5,6.3,6.5,,,6.2,C,2.0,True,2.0,1.77,Pass
834,1430456,HK161_SP1035_L03,SP1035,-13,False,6.6,8.1,7.2,,,7.3,B,3.0,True,3.56,3.52,Pass
835,1463125,HK161_SP1035_L03,SP1035,-13,False,5.8,4.9,5.2,,,5.2,D+,1.5,True,1.97,1.96,Pass
836,1433371,HK161_SP1035_L03,SP1035,-13,False,7.5,7.8,6.9,,,7.3,B,3.0,True,3.39,3.08,Pass
837,1479230,HK161_SP1035_L03,SP1035,-13,False,6.4,7.8,6.0,,,6.6,C+,2.5,True,2.39,2.52,Pass
838,1452697,HK161_SP1035_L03,SP1035,-13,False,8.4,8.1,7.3,,,7.8,B,3.0,True,3.11,3.3,Pass
839,1474169,HK161_SP1035_L03,SP1035,-13,False,9.0,7.8,9.1,,,8.7,A,4.0,True,3.28,3.22,Pass
840,1451469,HK161_SP1035_L03,SP1035,-13,False,8.9,9.5,9.7,,,9.5,A+,4.0,True,3.92,3.96,Pass
841,1400243,HK161_SP1035_L03,SP1035,-13,False,7.4,7.2,6.3,,,6.8,C+,2.5,True,2.78,2.66,Pass
842,1494872,HK161_SP1035_L03,SP1035,-13,False,8.3,8.1,8.9,,,8.5,A,4.0,True,3.67,3.45,Pass
843,1404076,HK161_SP1035_L03,SP1035,-13,False,7.2,5.4,9.3,,,7.7,B,3.0,True,2.33,2.36,Pass
844,1463278,HK161_SP1035_L03,SP1035,-13,False,6.3,5.9,6.7,,,6.4,C+,2.5,True,2.69,2.59,Pass
845,1454996,HK161_SP1035_L03,SP1035,-13,False,7.5,8.0,8.1,,,7.9,B,3.0,True,3.36,3.28,Pass
846,1422480,HK161_SP1035_L03,SP1035,-13,False,8.5,8.1,9.2,,,8.7,A,4.0,True,3.22,3.3,Pass
847,1409443,HK161_SP1035_L03,SP1035,-13,False,8.9,10.0,5.9,,,7.7,B,3.0,True,3.89,3.98,Pass
848,1485978,HK161_SP1035_L03,SP1035,-13,False,8.9,7.9,8.0,,,8.2,B+,3.5,True,3.14,3.27,Pass
849,1477390,HK161_SP1035_L03,SP1035,-13,False,7.5,6.3,8.5,,,7.6,B,3.0,True,3.39,3.28,Pass
850,1406991,HK161_SP1035_L03,SP1035,-13,False,7.0,6.0,7.7,,,7.1,B,3.0,True,2.47,2.49,Pass
851,1481223,HK161_SP1035_L03,SP1035,-13,False,7.6,6.3,6.2,,,6.5,C+,2.5,True,2.14,2.22,Pass
852,1457605,HK161_SP1035_L03,SP1035,-13,False,7.5,7.4,8.5,,,8.0,B+,3.5,True,3.06,3.06,Pass
853,1412664,HK161_SP1035_L03,SP1035,-13,False,6.3,6.6,6.0,,,6.2,C,2.0,True,2.36,2.48,Pass
854,1403617,HK161_SP1035_L03,SP1035,-13,False,7.8,8.2,7.6,,,7.8,B,3.0,True,3.08,3.05,Pass
855,1420028,HK161_SP1035_L03,SP1035,-13,False,8.0,10.0,8.9,,,9.1,A,4.0,True,3.19,3.16,Pass
856,1436439,HK161_SP1035_L03,SP1035,-13,False,7.3,8.0,7.1,,,7.4,B,3.0,True,2.92,2.91,Pass
857,1475856,HK161_SP1035_L03,SP1035,-13,False,6.6,6.8,5.1,,,5.9,C,2.0,True,2.47,2.39,Pass
858,1423249,HK161_SP1035_L03,SP1035,-13,False,7.6,7.0,7.9,,,7.6,B,3.0,True,3.28,3.2,Pass
859,1447020,HK161_SP1035_L03,SP1035,-13,False,8.8,7.7,9.1,,,8.6,A,4.0,True,3.47,3.38,Pass
860,1411283,HK161_SP1035_L03,SP1035,-13,False,9.2,9.7,9.7,,,9.6,A+,4.0,True,3.89,3.91,Pass
861,1486437,HK161_SP1035_L03,SP1035,-13,False,7.8,8.7,8.1,,,8.2,B+,3.5,True,3.14,3.1,Pass
862,1464200,HK161_SP1035_L03,SP1035,-13,False,6.3,5.8,6.1,,,6.0,C,2.0,True,2.28,2.3,Pass
863,1485672,HK161_SP1035_L03,SP1035,-13,False,4.8,6.0,7.1,,,6.3,C,2.0,True,2.53,2.6,Pass
864,1489811,HK161_SP1035_L03,SP1035,-13,False,10.0,9.6,8.0,,,8.9,A,4.0,True,3.5,3.65,Pass
865,1466040,HK161_SP1035_L03,SP1035,-13,False,8.4,8.6,8.8,,,8.7,A,4.0,True,3.28,3.28,Pass
866,1470795,HK161_SP1035_L03,SP1035,-13,False,7.1,7.0,6.2,,,6.6,C+,2.5,True,2.42,2.56,Pass
867,1440578,HK161_SP1035_L03,SP1035,-13,False,6.5,7.2,6.6,,,6.8,C+,2.5,True,2.61,2.69,Pass
868,1401161,HK161_SP1035_L03,SP1035,-13,False,7.4,6.8,9.3,,,8.2,B+,3.5,True,3.14,3.03,Pass
869,1401930,HK161_SP1035_L03,SP1035,-13,False,8.4,9.2,9.2,,,9.0,A,4.0,True,3.72,3.57,Pass
870,1410671,HK161_SP1035_L03,SP1035,-13,False,5.7,7.6,7.9,,,7.4,B,3.0,True,3.44,3.38,Pass
871,1413586,HK161_SP1035_L03,SP1035,-13,False,7.1,6.3,7.3,,,7.0,B,3.0,True,2.64,2.55,Pass
872,1422327,HK161_SP1035_L03,SP1035,-13,False,8.7,7.0,8.9,,,8.3,B+,3.5,True,3.14,3.2,Pass
873,1453003,HK161_SP1035_L03,SP1035,-13,False,8.8,8.5,8.5,,,8.6,A,4.0,True,3.36,3.26,Pass
874,1488893,HK161_SP1035_L03,SP1035,-13,False,8.4,8.3,7.9,,,8.1,B+,3.5,True,3.42,3.43,Pass
875,1421715,HK161_SP1035_L03,SP1035,-13,False,7.8,7.2,5.9,,,6.7,C+,2.5,True,3.22,3.23,Pass
876,1469567,HK161_SP1035_L03,SP1035,-13,False,8.5,8.0,8.0,,,8.1,B+,3.5,True,3.42,3.55,Pass
877,1471713,HK161_SP1035_L03,SP1035,-13,False,5.8,5.9,5.7,,,5.8,C,2.0,True,1.75,1.72,Pass
878,1423555,HK161_SP1035_L03,SP1035,-13,False,6.9,8.6,8.0,,,8.0,B+,3.5,True,3.39,3.23,Pass
879,1405151,HK161_SP1035_L03,SP1035,-13,False,6.9,6.9,7.6,,,7.2,B,3.0,True,3.36,3.3,Pass
880,1412817,HK161_SP1035_L03,SP1035,-13,False,6.9,6.9,6.3,,,6.6,C+,2.5,True,2.33,2.45,Pass
881,1454537,HK161_SP1035_L03,SP1035,-13,False,6.0,5.9,4.9,,,5.4,D+,1.5,True,1.69,1.82,Pass
882,1473553,HK161_SP1035_L03,SP1035,-13,False,8.8,8.8,7.8,,,8.3,B+,3.5,True,3.14,3.33,Pass
883,1469261,HK161_SP1035_L03,SP1035,-13,False,5.8,6.6,4.4,,,5.3,D+,1.5,True,1.94,1.84,Pass
884,1472635,HK161_SP1035_L03,SP1035,-13,False,8.5,7.7,7.7,,,7.9,B,3.0,True,3.39,3.25,Pass
885,1492573,HK161_SP1035_L04,SP1035,-13,False,7.3,4.0,7.4,,,6.4,C+,2.5,True,2.94,2.83,Pass
886,1433830,HK161_SP1035_L04,SP1035,-13,False,7.0,6.6,4.9,,,5.8,C,2.0,True,1.67,1.89,Pass
887,1442881,HK161_SP1035_L04,SP1035,-13,False,8.3,7.1,6.0,,,6.8,C+,2.5,True,2.31,2.43,Pass
888,1483216,HK161_SP1035_L04,SP1035,-13,False,5.1,5.3,4.1,,,4.7,D,1.0,True,1.64,1.62,Pass
889,1458676,HK161_SP1035_L04,SP1035,-13,False,6.8,6.1,6.5,,,6.4,C+,2.5,True,2.5,2.6,Pass
890,1495794,HK161_SP1035_L04,SP1035,-13,False,8.2,7.8,7.2,,,7.6,B,3.0,True,3.25,3.39,Pass
891,1455918,HK161_SP1035_L04,SP1035,-13,False,9.1,8.1,8.6,,,8.6,A,4.0,True,3.58,3.3,Pass
892,1487206,HK161_SP1035_L04,SP1035,-13,False,7.2,5.9,8.7,,,7.6,B,3.0,True,3.64,3.48,Pass
893,1446714,HK161_SP1035_L04,SP1035,-13,False,7.6,8.0,7.0,,,7.4,B,3.0,True,3.33,3.41,Pass
894,1465887,HK161_SP1035_L04,SP1035,-13,False,6.9,7.8,8.3,,,7.9,B,3.0,True,3.36,3.24,Pass
895,1436286,HK161_SP1035_L04,SP1035,-13,False,8.0,6.9,7.3,,,7.3,B,3.0,True,2.81,3.09,Pass
896,1492726,HK161_SP1035_L04,SP1035,-13,False,7.2,8.0,8.3,,,8.0,B+,3.5,True,3.06,3.12,Pass
897,1460210,HK161_SP1035_L04,SP1035,-13,False,7.0,6.8,6.4,,,6.6,C+,2.5,True,2.17,1.97,Pass
898,1465271,HK161_SP1035_L04,SP1035,-13,False,8.9,8.2,8.9,,,8.7,A,4.0,True,3.58,3.51,Pass
899,1459904,HK161_SP1035_L04,SP1035,-13,False,7.1,7.5,9.1,,,8.2,B+,3.5,True,3.25,3.09,Pass
900,1435211,HK161_SP1035_L04,SP1035,-13,False,7.8,7.4,7.6,,,7.6,B,3.0,True,3.0,3.07,Pass
901,1417878,HK161_SP1035_L04,SP1035,-13,False,4.0,7.2,6.1,,,6.0,C,2.0,True,2.36,2.48,Pass
902,1427388,HK161_SP1035_L04,SP1035,-13,False,4.7,6.6,6.1,,,6.0,C,2.0,True,2.42,2.22,Pass
903,1471866,HK161_SP1035_L04,SP1035,-13,False,6.8,9.4,9.3,,,8.8,A,4.0,True,3.42,3.29,Pass
904,1479995,HK161_SP1035_L04,SP1035,-13,False,7.6,7.2,5.8,,,6.6,C+,2.5,True,2.53,2.3,Pass
905,1440119,HK161_SP1035_L04,SP1035,-13,False,8.2,7.3,8.2,,,7.9,B,3.0,True,3.28,3.38,Pass
906,1456530,HK161_SP1035_L04,SP1035,-13,False,8.3,7.5,9.4,,,8.6,A,4.0,True,3.36,3.22,Pass
907,1437357,HK161_SP1035_L04,SP1035,-13,False,8.1,9.3,6.9,,,7.9,B,3.0,True,3.19,3.38,Pass
908,1439507,HK161_SP1035_L04,SP1035,-13,False,6.8,6.2,6.6,,,6.5,C+,2.5,True,2.69,2.46,Pass
909,1458829,HK161_SP1035_L04,SP1035,-13,False,8.7,8.2,8.3,,,8.3,B+,3.5,True,3.39,3.36,Pass
910,1472329,HK161_SP1035_L04,SP1035,-13,False,6.8,6.5,6.5,,,6.6,C+,2.5,True,2.44,2.62,Pass
911,1451622,HK161_SP1035_L04,SP1035,-13,False,6.8,7.8,7.8,,,7.6,B,3.0,True,3.08,3.26,Pass
912,1476468,HK161_SP1035_L04,SP1035,-13,False,9.6,8.8,9.4,,,9.3,A,4.0,True,4.0,3.98,Pass
913,1418494,HK161_SP1035_L04,SP1035,-13,False,8.1,7.2,6.6,,,7.1,B,3.0,True,2.61,2.64,Pass
914,1478155,HK161_SP1035_L04,SP1035,-13,False,9.4,10.0,9.1,,,9.4,A,4.0,True,3.92,3.93,Pass
915,1409290,HK161_SP1035_L04,SP1035,-13,False,8.4,9.1,7.3,,,8.1,B+,3.5,True,3.25,3.33,Pass
916,1407144,HK161_SP1035_L04,SP1035,-13,False,5.5,5.9,6.9,,,6.3,C,2.0,True,2.22,2.36,Pass
917,1494719,HK161_SP1035_L04,SP1035,-13,False,6.2,5.1,6.7,,,6.1,C,2.0,True,1.67,1.56,Pass
918,1461132,HK161_SP1035_L04,SP1035,-13,False,6.8,6.6,6.7,,,6.7,C+,2.5,True,2.61,2.45,Pass
919,1410059,HK161_SP1035_L04,SP1035,-13,False,4.7,6.5,6.8,,,6.3,C,2.0,True,2.44,2.55,Pass
920,1424320,HK161_SP1035_L04,SP1035,-13,False,6.1,5.8,6.4,,,6.2,C,2.0,True,2.42,2.71,Pass
921,1441500,HK161_SP1035_L04,SP1035,-13,False,5.3,7.5,5.7,,,6.2,C,2.0,True,1.83,1.71,Pass
922,1457758,HK161_SP1035_L04,SP1035,-13,False,4.0,3.4,3.7,,,3.7,F,0.0,False,0.84,1.08,Fail
923,1453768,HK161_SP1035_L04,SP1035,-13,False,9.3,7.6,7.7,,,8.0,B+,3.5,True,3.5,3.46,Pass
924,1429228,HK161_SP1035_L04,SP1035,-13,False,8.1,6.5,7.7,,,7.4,B,3.0,True,2.92,3.21,Pass
925,1434136,HK161_SP1035_L04,SP1035,-13,False,8.5,6.7,10.0,,,8.7,A,4.0,True,3.92,3.6,Pass
926,1417266,HK161_SP1035_L04,SP1035,-13,False,7.3,8.4,7.5,,,7.7,B,3.0,True,3.44,3.31,Pass
927,1456071,HK161_SP1035_L04,SP1035,-13,False,7.5,8.5,8.9,,,8.5,A,4.0,True,3.47,3.35,Pass
928,1461897,HK161_SP1035_L04,SP1035,-13,False,6.6,6.5,6.1,,,6.3,C,2.0,True,2.19,2.04,Pass
929,1439660,HK161_SP1035_L04,SP1035,-13,False,6.3,7.9,8.1,,,7.7,B,3.0,True,3.28,3.28,Pass
930,1479077,HK161_SP1035_L04,SP1035,-13,False,7.5,8.3,7.5,,,7.7,B,3.0,True,3.28,3.22,Pass
931,1439197,HK161_SP1035_L04,SP1035,-13,False,7.9,6.9,6.6,,,6.9,C+,2.5,True,2.5,2.68,Pass
932,1409596,HK161_SP1035_L04,SP1035,-13,False,6.7,6.7,5.8,,,6.2,C,2.0,True,2.53,2.49,Pass
933,1493032,HK161_SP1035_L04,SP1035,-13,False,8.2,6.7,9.0,,,8.1,B+,3.5,True,3.69,3.49,Pass
934,1470948,HK161_SP1035_L04,SP1035,-13,False,5.0,5.6,5.6,,,5.5,C,2.0,True,1.75,1.74,Pass
935,1459598,HK161_SP1035_L04,SP1035,-13,False,6.1,7.3,6.6,,,6.7,C+,2.5,True,2.44,2.52,Pass
936,1406069,HK161_SP1035_L04,SP1035,-13,False,6.7,6.9,7.1,,,7.0,B,3.0,True,2.61,2.54,Pass
937,1480917,HK161_SP1035_L04,SP1035,-13,False,6.6,7.8,6.8,,,7.1,B,3.0,True,2.64,2.72,Pass
938,1478002,HK161_SP1035_L04,SP1035,-13,False,7.0,6.3,8.1,,,7.3,B,3.0,True,2.36,2.6,Pass
939,1443340,HK161_SP1035_L04,SP1035,-13,False,8.4,8.0,8.1,,,8.1,B+,3.5,True,3.06,3.09,Pass
940,1419259,HK161_SP1035_L04,SP1035,-13,False,9.9,8.8,9.7,,,9.5,A+,4.0,True,4.0,3.98,Pass
941,1456224,HK161_SP1035_L04,SP1035,-13,False,8.2,8.3,10.0,,,9.1,A,4.0,True,3.28,3.33,Pass
942,1445027,HK161_SP1035_L04,SP1035,-13,False,5.3,4.8,8.7,,,6.8,C+,2.5,True,1.64,1.62,Pass
943,1414967,HK161_SP1035_L04,SP1035,-13,False,8.2,8.2,7.1,,,7.6,B,3.0,True,3.42,3.37,Pass
944,1442418,HK161_SP1035_L04,SP1035,-13,False,7.9,8.2,5.3,,,6.7,C+,2.5,True,3.36,3.39,Pass
945,1434599,HK161_SP1035_L04,SP1035,-13,False,7.7,7.2,9.2,,,8.3,B+,3.5,True,3.53,3.41,Pass
946,1402695,HK161_SP1035_L04,SP1035,-13,False,7.4,8.1,8.7,,,8.3,B+,3.5,True,3.42,3.56,Pass
947,1416654,HK161_SP1035_L04,SP1035,-13,False,7.8,10.0,10.0,,,9.6,A+,4.0,True,4.0,3.93,Pass
948,1411746,HK161_SP1035_L04,SP1035,-13,False,5.2,6.0,6.4,,,6.0,C,2.0,True,2.25,2.07,Pass
949,1492420,HK161_SP1035_L04,SP1035,-13,False,7.7,6.3,6.4,,,6.6,C+,2.5,True,2.5,2.44,Pass
950,1416191,HK161_SP1035_L04,SP1035,-13,False,8.4,6.9,8.9,,,8.2,B+,3.5,True,3.31,3.23,Pass
951,1433065,HK161_SP1035_L04,SP1035,-13,False,5.2,6.8,5.9,,,6.0,C,2.0,True,2.0,1.83,Pass
952,1446255,HK161_SP1035_L04,SP1035,-13,False,6.8,6.8,7.0,,,6.9,C+,2.5,True,2.42,2.43,Pass
953,1455149,HK161_SP1035_L04,SP1035,-13,False,8.6,9.7,9.7,,,9.5,A+,4.0,True,4.0,4.0,Pass
954,1476774,HK161_SP1035_L04,SP1035,-13,False,7.7,7.7,8.0,,,7.8,B,3.0,True,3.08,3.21,Pass
955,1492879,HK161_SP1035_L04,SP1035,-13,False,8.3,8.7,7.1,,,7.8,B,3.0,True,3.25,3.24,Pass
956,1422633,HK161_SP1035_L04,SP1035,-13,False,9.5,10.0,9.3,,,9.6,A+,4.0,True,4.0,3.97,Pass
957,1408525,HK161_SP1035_L04,SP1035,-13,False,5.6,5.3,5.2,,,5.3,D+,1.5,True,1.94,1.69,Pass
958,1455455,HK161_SP1035_L04,SP1035,-13,False,8.5,7.8,7.7,,,7.9,B,3.0,True,3.0,2.99,Pass
959,1477543,HK161_SP1035_L04,SP1035,-13,False,6.4,5.7,6.6,,,6.3,C,2.0,True,2.53,2.51,Pass
960,1440272,HK161_SP1035_L04,SP1035,-13,False,8.7,7.3,6.6,,,7.2,B,3.0,True,3.56,3.48,Pass
961,1489658,HK161_SP1035_L04,SP1035,-13,False,8.5,7.1,6.8,,,7.2,B,3.0,True,3.31,3.49,Pass
962,1462819,HK161_SP1035_L04,SP1035,-13,False,7.7,8.4,8.4,,,8.3,B+,3.5,True,3.25,3.26,Pass
963,1440731,HK161_SP1035_L04,SP1035,-13,False,7.8,7.3,8.1,,,7.8,B,3.0,True,3.0,3.02,Pass
964,1497022,HK161_SP1035_L04,SP1035,-13,False,6.5,6.6,7.5,,,7.0,B,3.0,True,2.64,2.46,Pass
965,1418800,HK161_SP1035_L04,SP1035,-13,False,7.9,7.9,6.8,,,7.3,B,3.0,True,3.08,3.12,Pass
966,1414504,HK161_SP1035_L04,SP1035,-13,False,8.2,9.1,8.1,,,8.4,B+,3.5,True,3.94,3.93,Pass
967,1403770,HK161_SP1035_L04,SP1035,-13,False,8.0,9.5,7.3,,,8.1,B+,3.5,True,3.28,3.19,Pass
968,1449629,HK161_SP1035_L04,SP1035,-13,False,8.7,9.4,7.4,,,8.3,B+,3.5,True,3.25,3.3,Pass
969,1474628,HK161_SP1035_L04,SP1035,-13,False,7.2,8.2,8.5,,,8.1,B+,3.5,True,3.25,3.29,Pass
970,1486131,HK161_SP1035_L04,SP1035,-13,False,8.0,8.1,8.6,,,8.3,B+,3.5,True,3.25,3.3,Pass
971,1402236,HK161_SP1035_L04,SP1035,-13,False,5.7,5.1,5.6,,,5.5,C,2.0,True,1.5,1.8,Pass
972,1417419,HK161_SP1035_L04,SP1035,-13,False,5.9,6.0,5.1,,,5.5,C,2.0,True,1.53,1.63,Pass
973,1427235,HK161_SP1035_L04,SP1035,-13,False,7.5,6.9,8.0,,,7.6,B,3.0,True,3.19,3.12,Pass
974,1400702,HK161_SP1035_L04,SP1035,-13,False,7.4,6.7,7.0,,,7.0,B,3.0,True,3.28,3.1,Pass
975,1436745,HK161_SP1035_L04,SP1035,-13,False,6.5,5.8,6.1,,,6.1,C,2.0,True,2.25,2.46,Pass
976,1453921,HK161_SP1035_L04,SP1035,-13,False,8.2,8.5,8.6,,,8.5,A,4.0,True,3.19,3.33,Pass
977,1437204,HK161_SP1035_L04,SP1035,-13,False,6.9,7.4,6.3,,,6.8,C+,2.5,True,2.78,2.73,Pass
978,1477696,HK161_SP1035_L04,SP1035,-13,False,7.2,6.0,4.8,,,5.6,C,2.0,True,2.53,2.62,Pass
979,1495641,HK161_SP1035_L04,SP1035,-13,False,5.0,6.4,6.4,,,6.1,C,2.0,True,2.0,2.15,Pass
980,1429075,HK161_SP1035_L04,SP1035,-13,False,7.8,7.1,7.2,,,7.3,B,3.0,True,3.19,3.27,Pass
981,1421562,HK161_SP1035_L04,SP1035,-13,False,7.6,6.9,7.3,,,7.2,B,3.0,True,3.19,3.21,Pass
982,1462513,HK161_SP1035_L04,SP1035,-13,False,8.7,8.6,8.0,,,8.3,B+,3.5,True,3.22,3.06,Pass
983,1497175,HK161_SP1035_L04,SP1035,-13,False,5.8,6.9,6.5,,,6.5,C+,2.5,True,2.5,2.47,Pass
984,1471407,HK161_SP1035_L04,SP1035,-13,False,6.9,6.5,5.9,,,6.3,C,2.0,True,2.36,2.42,Pass
985,1403923,HK161_SP1035_L04,SP1035,-13,False,7.8,7.6,8.9,,,8.3,B+,3.5,True,2.97,3.34,Pass
986,1472482,HK161_SP1035_L04,SP1035,-13,False,8.4,7.9,8.2,,,8.2,B+,3.5,True,3.5,3.42,Pass
987,1418341,HK161_SP1035_L04,SP1035,-13,False,7.9,9.1,9.3,,,9.0,A,4.0,True,4.0,3.87,Pass
988,1445333,HK161_SP1035_L04,SP1035,-13,False,7.0,8.4,6.8,,,7.3,B,3.0,True,2.31,2.41,Pass
989,1466805,HK161_SP1035_L04,SP1035,-13,False,6.4,7.2,6.3,,,6.6,C+,2.5,True,2.56,2.54,Pass
990,1499780,HK161_SP1035_L05,SP1035,-13,False,7.4,7.4,5.7,,,6.6,C+,2.5,True,2.25,2.59,Pass
991,1408678,HK161_SP1035_L05,SP1035,-13,False,7.4,6.1,5.1,,,5.9,C,2.0,True,2.53,2.54,Pass
992,1454690,HK161_SP1035_L05,SP1035,-13,False,6.5,6.1,5.1,,,5.7,C,2.0,True,1.58,1.65,Pass
993,1412205,HK161_SP1035_L05,SP1035,-13,False,6.8,5.3,5.4,,,5.7,C,2.0,True,1.92,2.02,Pass
994,1478924,HK161_SP1035_L05,SP1035,-13,False,7.1,7.6,6.6,,,7.0,B,3.0,True,2.22,2.45,Pass
995,1420487,HK161_SP1035_L05,SP1035,-13,False,6.8,8.9,8.4,,,8.2,B+,3.5,True,3.25,3.3,Pass
996,1442112,HK161_SP1035_L05,SP1035,-13,False,8.4,8.4,7.6,,,8.0,B+,3.5,True,3.22,3.24,Pass
997,1493954,HK161_SP1035_L05,SP1035,-13,False,6.3,6.7,6.1,,,6.3,C,2.0,True,2.19,2.33,Pass
998,1473400,HK161_SP1035_L05,SP1035,-13,False,6.6,7.2,7.9,,,7.4,B,3.0,True,3.19,3.04,Pass
999,1420334,HK161_SP1035_L05,SP1035,-13,False,6.5,7.3,7.7,,,7.3,B,3.0,True,2.22,2.06,Pass
1000,1472788,HK161_SP1035_L05,SP1035,-13,False,8.8,7.4,7.4,,,7.7,B,3.0,True,3.14,3.18,Pass
1001,1492114,HK161_SP1035_L05,SP1035,-13,False,7.7,7.2,8.6,,,8.0,B+,3.5,True,3.44,3.45,Pass
1002,1496253,HK161_SP1035_L05,SP1035,-13,False,8.8,9.3,8.8,,,9.0,A,4.0,True,3.19,3.32,Pass
1003,1401008,HK161_SP1035_L05,SP1035,-13,False,7.3,7.2,7.8,,,7.5,B,3.0,True,3.28,3.34,Pass
1004,1436898,HK161_SP1035_L05,SP1035,-13,False,5.9,7.3,5.6,,,6.2,C,2.0,True,1.83,1.9,Pass
1005,1451928,HK161_SP1035_L05,SP1035,-13,False,3.2,6.1,6.0,,,5.5,C,2.0,True,1.64,1.59,Pass
1006,1414351,HK161_SP1035_L05,SP1035,-13,False,8.5,8.4,7.8,,,8.1,B+,3.5,True,3.61,3.57,Pass
1007,1447789,HK161_SP1035_L05,SP1035,-13,False,6.6,7.6,6.9,,,7.0,B,3.0,True,2.47,2.44,Pass
1008,1402083,HK161_SP1035_L05,SP1035,-13,False,6.9,6.2,5.2,,,5.8,C,2.0,True,2.44,2.56,Pass
1009,1408831,HK161_SP1035_L05,SP1035,-13,False,6.6,7.4,6.4,,,6.7,C+,2.5,True,2.94,3.07,Pass
1010,1476162,HK161_SP1035_L05,SP1035,-13,False,4.8,5.1,5.8,,,5.4,D+,1.5,True,1.86,1.64,Pass
1011,1400396,HK161_SP1035_L05,SP1035,-13,False,6.0,6.2,6.6,,,6.4,C+,2.5,True,2.31,2.36,Pass
1012,1499168,HK161_SP1035_L05,SP1035,-13,False,6.6,7.4,6.8,,,6.9,C+,2.5,True,2.61,2.5,Pass
1013,1482145,HK161_SP1035_L05,SP1035,-13,False,7.8,7.9,8.0,,,7.9,B,3.0,True,3.53,3.37,Pass
1014,1452234,HK161_SP1035_L05,SP1035,-13,False,8.9,8.3,7.5,,,8.0,B+,3.5,True,3.5,3.52,Pass
1015,1404229,HK161_SP1035_L05,SP1035,-13,False,5.9,4.4,6.9,,,6.0,C,2.0,True,1.55,1.51,Pass
1016,1441347,HK161_SP1035_L05,SP1035,-13,False,8.4,7.2,8.5,,,8.1,B+,3.5,True,3.06,3.1,Pass
1017,1434752,HK161_SP1035_L05,SP1035,-13,False,5.4,5.6,5.2,,,5.4,D+,1.5,True,1.92,1.85,Pass
1018,1436592,HK161_SP1035_L05,SP1035,-13,False,7.5,6.5,7.7,,,7.3,B,3.0,True,3.53,3.53,Pass
1019,1468033,HK161_SP1035_L05,SP1035,-13,False,7.7,9.3,7.7,,,8.2,B+,3.5,True,3.03,3.21,Pass
1020,1416807,HK161_SP1035_L05,SP1035,-13,False,6.4,5.8,6.3,,,6.2,C,2.0,True,1.81,1.95,Pass
1021,1423402,HK161_SP1035_L05,SP1035,-13,False,6.6,6.5,6.0,,,6.3,C,2.0,True,1.92,1.81,Pass
1022,1445639,HK161_SP1035_L05,SP1035,-13,False,7.9,8.2,8.1,,,8.1,B+,3.5,True,3.31,3.38,Pass
1023,1497634,HK161_SP1035_L05,SP1035,-13,False,9.7,7.6,7.3,,,7.9,B,3.0,True,3.56,3.62,Pass
1024,1412052,HK161_SP1035_L05,SP1035,-13,False,7.8,6.0,7.6,,,7.2,B,3.0,True,2.44,2.66,Pass
1025,1461438,HK161_SP1035_L05,SP1035,-13,False,6.8,8.0,6.7,,,7.1,B,3.0,True,2.75,2.49,Pass
1026,1401314,HK161_SP1035_L05,SP1035,-13,False,7.7,8.6,8.6,,,8.4,B+,3.5,True,3.06,3.09,Pass
1027,1481529,HK161_SP1035_L05,SP1035,-13,False,9.1,6.2,6.8,,,7.1,B,3.0,True,2.53,2.71,Pass
1028,1422174,HK161_SP1035_L05,SP1035,-13,False,7.2,8.5,8.0,,,8.0,B+,3.5,True,2.97,3.13,Pass
1029,1419106,HK161_SP1035_L05,SP1035,-13,False,5.8,6.4,7.2,,,6.7,C+,2.5,True,2.42,2.33,Pass
1030,1466499,HK161_SP1035_L05,SP1035,-13,False,8.6,9.3,8.1,,,8.6,A,4.0,True,3.67,3.55,Pass
1031,1426929,HK161_SP1035_L05,SP1035,-13,False,6.0,7.6,7.7,,,7.3,B,3.0,True,2.58,2.56,Pass
1032,1433983,HK161_SP1035_L05,SP1035,-13,False,6.7,8.2,6.6,,,7.1,B,3.0,True,2.92,2.53,Pass
1033,1444105,HK161_SP1035_L05,SP1035,-13,False,7.1,6.6,7.7,,,7.2,B,3.0,True,2.61,2.53,Pass
1034,1483369,HK161_SP1035_L05,SP1035,-13,False,8.2,6.8,7.9,,,7.6,B,3.0,True,2.92,2.71,Pass
1035,1420181,HK161_SP1035_L05,SP1035,-13,False,9.4,7.3,8.3,,,8.2,B+,3.5,True,3.44,3.33,Pass
1036,1417725,HK161_SP1035_L05,SP1035,-13,False,8.2,7.4,9.1,,,8.4,B+,3.5,True,3.08,3.38,Pass
1037,1482298,HK161_SP1035_L05,SP1035,-13,False,7.2,6.9,10.0,,,8.5,A,4.0,True,3.19,3.27,Pass
1038,1495488,HK161_SP1035_L05,SP1035,-13,False,5.1,6.3,6.2,,,6.0,C,2.0,True,2.0,1.8,Pass
1039,1470332,HK161_SP1035_L05,SP1035,-13,False,9.1,7.6,8.8,,,8.5,A,4.0,True,3.69,3.5,Pass
1040,1448860,HK161_SP1035_L05,SP1035,-13,False,4.0,4.1,2.6,,,3.3,F,0.0,False,0.67,1.03,Fail
1041,1498862,HK161_SP1035_L05,SP1035,-13,False,6.8,5.7,5.8,,,6.0,C,2.0,True,1.81,1.89,Pass
1042,1430762,HK161_SP1035_L05,SP1035,-13,False,6.4,6.6,6.4,,,6.5,C+,2.5,True,2.39,2.21,Pass
1043,1407450,HK161_SP1035_L05,SP1035,-13,False,8.0,6.6,7.2,,,7.2,B,3.0,True,3.08,3.15,Pass
1044,1400855,HK161_SP1035_L05,SP1035,-13,False,9.2,7.8,9.0,,,8.7,A,4.0,True,3.39,3.48,Pass
1045,1449476,HK161_SP1035_L05,SP1035,-13,False,8.0,7.1,6.4,,,6.9,C+,2.5,True,3.31,3.23,Pass
1046,1416960,HK161_SP1035_L05,SP1035,-13,False,7.3,8.2,9.8,,,8.8,A,4.0,True,3.69,3.32,Pass
1047,1426007,HK161_SP1035_L05,SP1035,-13,False,8.2,7.8,8.2,,,8.1,B+,3.5,True,3.31,3.35,Pass
1048,1404382,HK161_SP1035_L05,SP1035,-13,False,7.1,7.0,7.3,,,7.2,B,3.0,True,2.53,2.39,Pass
1049,1431684,HK161_SP1035_L05,SP1035,-13,False,7.8,8.0,10.0,,,9.0,A,4.0,True,3.28,3.65,Pass
1050,1405916,HK161_SP1035_L05,SP1035,-13,False,4.8,8.7,8.4,,,7.8,B,3.0,True,3.19,3.23,Pass
1051,1468492,HK161_SP1035_L05,SP1035,-13,False,7.1,6.3,4.7,,,5.7,C,2.0,True,2.0,1.82,Pass
1052,1458523,HK161_SP1035_L05,SP1035,-13,False,8.0,8.8,8.0,,,8.2,B+,3.5,True,3.25,3.12,Pass
1053,1451316,HK161_SP1035_L05,SP1035,-13,False,7.6,8.4,7.9,,,8.0,B+,3.5,True,3.17,3.31,Pass
1054,1448554,HK161_SP1035_L05,SP1035,-13,False,8.2,7.0,8.6,,,8.0,B+,3.5,True,3.58,3.49,Pass
1055,1413280,HK161_SP1035_L05,SP1035,-13,False,7.2,6.2,7.2,,,6.9,C+,2.5,True,2.22,2.5,Pass
1056,1424783,HK161_SP1035_L05,SP1035,-13,False,7.1,8.4,9.1,,,8.5,A,4.0,True,3.47,3.44,Pass
1057,1485825,HK161_SP1035_L05,SP1035,-13,False,7.0,7.0,6.3,,,6.7,C+,2.5,True,2.42,2.3,Pass
1058,1461744,HK161_SP1035_L05,SP1035,-13,False,6.6,7.7,7.7,,,7.5,B,3.0,True,2.5,2.41,Pass
1059,1453156,HK161_SP1035_L05,SP1035,-13,False,7.8,9.2,8.6,,,8.6,A,4.0,True,3.11,3.33,Pass
1060,1493648,HK161_SP1035_L05,SP1035,-13,False,6.4,4.6,5.0,,,5.2,D+,1.5,True,1.61,1.73,Pass
1061,1411899,HK161_SP1035_L05,SP1035,-13,False,5.3,6.4,5.8,,,5.9,C,2.0,True,2.53,2.57,Pass
1062,1466193,HK161_SP1035_L05,SP1035,-13,False,7.7,8.2,8.2,,,8.1,B+,3.5,True,3.86,3.82,Pass
1063,1407297,HK161_SP1035_L05,SP1035,-13,False,7.7,6.5,6.9,,,6.9,C+,2.5,True,2.31,2.49,Pass
1064,1407909,HK161_SP1035_L05,SP1035,-13,False,5.2,7.6,7.0,,,6.8,C+,2.5,True,2.33,2.59,Pass
1065,1464812,HK161_SP1035_L05,SP1035,-13,False,5.5,6.5,7.5,,,6.8,C+,2.5,True,2.69,2.48,Pass
1066,1431837,HK161_SP1035_L05,SP1035,-13,False,7.3,7.2,7.0,,,7.1,B,3.0,True,2.56,2.51,Pass
1067,1464659,HK161_SP1035_L05,SP1035,-13,False,8.1,8.2,6.6,,,7.4,B,3.0,True,3.03,3.19,Pass
1068,1426776,HK161_SP1035_L05,SP1035,-13,False,7.0,7.5,9.9,,,8.6,A,4.0,True,3.11,2.95,Pass
1069,1466652,HK161_SP1035_L05,SP1035,-13,False,7.8,9.8,8.0,,,8.5,A,4.0,True,3.11,3.1,Pass
1070,1446867,HK161_SP1035_L05,SP1035,-13,False,8.2,8.8,7.4,,,8.0,B+,3.5,True,3.33,3.16,Pass
1071,1461285,HK161_SP1035_L05,SP1035,-13,False,6.3,6.7,6.2,,,6.4,C+,2.5,True,2.06,2.01,Pass
1072,1433524,HK161_SP1035_L05,SP1035,-13,False,7.1,7.1,6.0,,,6.5,C+,2.5,True,2.5,2.55,Pass
1073,1400549,HK161_SP1035_L05,SP1035,-13,False,7.5,8.1,7.4,,,7.6,B,3.0,True,3.19,3.14,Pass
1074,1494566,HK161_SP1035_L05,SP1035,-13,False,6.6,7.3,7.4,,,7.2,B,3.0,True,2.64,2.42,Pass
1075,1410365,HK161_SP1035_L05,SP1035,-13,False,8.9,9.8,9.7,,,9.6,A+,4.0,True,3.81,3.85,Pass
1076,1428769,HK161_SP1035_L05,SP1035,-13,False,7.8,5.9,7.7,,,7.2,B,3.0,True,2.92,2.46,Pass
1077,1456377,HK161_SP1035_L05,SP1035,-13,False,9.1,8.7,7.7,,,8.3,B+,3.5,True,3.58,3.43,Pass
1078,1490427,HK161_SP1035_L05,SP1035,-13,False,6.4,6.7,7.0,,,6.8,C+,2.5,True,2.53,2.51,Pass
1079,1476009,HK161_SP1035_L05,SP1035,-13,False,8.2,7.7,7.9,,,7.9,B,3.0,True,3.25,3.4,Pass
1080,1499321,HK161_SP1035_L05,SP1035,-13,False,6.1,9.1,7.6,,,7.8,B,3.0,True,3.33,3.27,Pass
1081,1438585,HK161_SP1035_L05,SP1035,-13,False,9.1,8.8,9.5,,,9.2,A,4.0,True,3.67,3.52,Pass
1082,1422786,HK161_SP1035_L05,SP1035,-13,False,8.4,7.7,8.1,,,8.0,B+,3.5,True,3.39,3.36,Pass
1083,1487665,HK161_SP1035_L05,SP1035,-13,False,5.5,7.0,7.6,,,7.0,B,3.0,True,2.64,2.5,Pass
1084,1467727,HK161_SP1035_L05,SP1035,-13,False,8.2,9.1,8.1,,,8.4,B+,3.5,True,3.61,3.38,Pass
1085,1428310,HK161_SP1035_L05,SP1035,-13,False,8.4,7.0,9.2,,,8.4,B+,3.5,True,3.42,3.51,Pass
1086,1445180,HK161_SP1035_L05,SP1035,-13,False,8.7,9.1,9.2,,,9.1,A,4.0,True,4.0,3.95,Pass
1087,1424014,HK161_SP1035_L05,SP1035,-13,False,7.4,5.4,6.6,,,6.4,C+,2.5,True,3.03,3.03,Pass
1088,1438126,HK161_SP1035_L05,SP1035,-13,False,8.2,8.6,7.8,,,8.1,B+,3.5,True,3.31,3.16,Pass
1089,1492267,HK161_SP1035_L05,SP1035,-13,False,9.0,9.6,7.6,,,8.5,A,4.0,True,3.47,3.5,Pass
1090,1489505,HK161_SP1035_L05,SP1035,-13,False,8.4,8.8,7.7,,,8.2,B+,3.5,True,3.69,3.57,Pass
1091,1460057,HK161_SP1035_L05,SP1035,-13,False,8.8,7.6,5.9,,,7.0,B,3.0,True,3.28,3.29,Pass
1092,1432449,HK161_SP1035_L05,SP1035,-13,False,8.0,6.6,8.4,,,7.8,B,3.0,True,3.28,3.18,Pass
1093,1493185,HK161_SP1035_L05,SP1035,-13,False,6.8,7.0,5.3,,,6.1,C,2.0,True,2.0,1.96,Pass
1094,1461591,HK161_SP1035_L05,SP1035,-13,False,7.9,7.0,7.6,,,7.5,B,3.0,True,2.83,2.75,Pass
1095,1466193,HK161_CO3093_L01,CO3093,-13,False,,9.6,9.5,8.9,,9.3,A,4.0,True,3.86,3.82,Pass
1096,1480764,HK161_CO3093_L01,CO3093,-13,False,,6.7,7.7,7.8,,7.5,B,3.0,True,2.58,2.65,Pass
1097,1470332,HK161_CO3093_L01,CO3093,-13,False,,8.8,8.0,8.2,,8.2,B+,3.5,True,3.69,3.5,Pass
1098,1412205,HK161_CO3093_L01,CO3093,-13,False,,4.1,5.5,5.9,,5.3,D+,1.5,True,1.92,2.02,Pass
1099,1434752,HK161_CO3093_L01,CO3093,-13,False,,6.6,5.3,6.2,,5.8,C,2.0,True,1.92,1.85,Pass
1100,1466652,HK161_CO3093_L01,CO3093,-13,False,,8.4,7.7,8.4,,8.1,B+,3.5,True,3.11,3.1,Pass
1101,1430456,HK161_CO3093_L01,CO3093,-13,False,,7.8,9.1,8.6,,8.7,A,4.0,True,3.56,3.52,Pass
1102,1417725,HK161_CO3093_L01,CO3093,-13,False,,8.2,7.7,8.0,,7.9,B,3.0,True,3.08,3.38,Pass
1103,1428616,HK161_CO3093_L01,CO3093,-13,False,,5.7,7.4,5.4,,6.5,C+,2.5,True,2.5,2.27,Pass
1104,1404076,HK161_CO3093_L01,CO3093,-13,False,,7.5,6.1,7.7,,6.9,C+,2.5,True,2.33,2.36,Pass
1105,1457142,HK161_CO3093_L01,CO3093,-13,False,,7.8,6.7,6.8,,7.0,B,3.0,True,2.56,2.84,Pass
1106,1433524,HK161_CO3093_L01,CO3093,-13,False,,6.2,4.7,7.4,,5.8,C,2.0,True,2.5,2.55,Pass
1107,1487818,HK161_CO3093_L01,CO3093,-13,False,,8.1,7.8,7.9,,7.9,B,3.0,True,3.03,3.2,Pass
1108,1441194,HK161_CO3093_L01,CO3093,-13,False,,8.8,10.0,7.4,,9.0,A,4.0,True,3.11,3.33,Pass
1109,1489658,HK161_CO3093_L01,CO3093,-13,False,,7.9,6.4,8.5,,7.3,B,3.0,True,3.31,3.49,Pass
1110,1474781,HK161_CO3093_L01,CO3093,-13,False,,8.6,8.5,8.2,,8.4,B+,3.5,True,3.36,3.3,Pass
1111,1404688,HK161_CO3093_L01,CO3093,-13,False,,6.6,7.1,7.1,,7.0,B,3.0,True,2.58,2.54,Pass
1112,1400396,HK161_CO3093_L01,CO3093,-13,False,,7.4,6.6,6.1,,6.6,C+,2.5,True,2.31,2.36,Pass
1113,1411899,HK161_CO3093_L01,CO3093,-13,False,,5.7,8.4,7.9,,7.7,B,3.0,True,2.53,2.57,Pass
1114,1427388,HK161_CO3093_L01,CO3093,-13,False,,6.7,7.7,6.0,,7.0,B,3.0,True,2.42,2.22,Pass
1115,1418647,HK161_CO3093_L01,CO3093,-13,False,,6.9,8.5,9.0,,8.3,B+,3.5,True,3.39,3.42,Pass
1116,1448401,HK161_CO3093_L01,CO3093,-13,False,,8.1,7.2,6.7,,7.2,B,3.0,True,3.31,3.24,Pass
1117,1411130,HK161_CO3093_L01,CO3093,-13,False,,8.7,7.9,6.9,,7.8,B,3.0,True,3.11,3.19,Pass
1118,1463125,HK161_CO3093_L01,CO3093,-13,False,,5.5,6.3,6.1,,6.1,C,2.0,True,1.97,1.96,Pass
1119,1407909,HK161_CO3093_L01,CO3093,-13,False,,6.2,6.9,5.9,,6.5,C+,2.5,True,2.33,2.59,Pass
1120,1485825,HK161_CO3093_L01,CO3093,-13,False,,7.9,6.7,7.2,,7.1,B,3.0,True,2.42,2.3,Pass
1121,1413433,HK161_CO3093_L01,CO3093,-13,False,,8.2,9.2,6.1,,8.1,B+,3.5,True,3.22,3.45,Pass
1122,1492573,HK161_CO3093_L01,CO3093,-13,False,,7.3,6.7,7.5,,7.1,B,3.0,True,2.94,2.83,Pass
1123,1466958,HK161_CO3093_L01,CO3093,-13,False,,7.4,7.7,5.8,,7.1,B,3.0,True,3.08,3.25,Pass
1124,1400855,HK161_CO3093_L01,CO3093,-13,False,,8.1,6.9,8.9,,7.7,B,3.0,True,3.39,3.48,Pass
1125,1463737,HK161_CO3093_L01,CO3093,-13,False,,8.2,8.4,8.3,,8.3,B+,3.5,True,3.61,3.54,Pass
1126,1469108,HK161_CO3093_L01,CO3093,-13,False,,8.6,7.1,8.2,,7.7,B,3.0,True,3.44,3.37,Pass
1127,1427694,HK161_CO3093_L01,CO3093,-13,False,,6.3,5.4,5.7,,5.7,C,2.0,True,1.58,1.5,Pass
1128,1491192,HK161_CO3093_L01,CO3093,-13,False,,7.3,7.6,7.4,,7.5,B,3.0,True,3.67,3.54,Pass
1129,1461132,HK161_CO3093_L01,CO3093,-13,False,,7.3,7.6,6.4,,7.2,B,3.0,True,2.61,2.45,Pass
1130,1435211,HK161_CO3093_L01,CO3093,-13,False,,7.6,7.2,6.8,,7.2,B,3.0,True,3.0,3.07,Pass
1131,1497481,HK161_CO3093_L01,CO3093,-13,False,,7.8,6.2,6.1,,6.5,C+,2.5,True,2.33,2.4,Pass
1132,1415885,HK161_CO3093_L01,CO3093,-13,False,,8.2,6.1,6.4,,6.6,C+,2.5,True,3.06,3.13,Pass
1133,1456989,HK161_CO3093_L01,CO3093,-13,False,,8.6,8.8,7.5,,8.4,B+,3.5,True,3.25,3.09,Pass
1134,1488124,HK161_CO3093_L01,CO3093,-13,False,,7.6,8.3,8.3,,8.2,B+,3.5,True,3.42,3.44,Pass
1135,1487206,HK161_CO3093_L01,CO3093,-13,False,,7.7,8.4,7.4,,8.0,B+,3.5,True,3.64,3.48,Pass
1136,1439813,HK161_CO3093_L01,CO3093,-13,False,,8.8,8.4,8.3,,8.4,B+,3.5,True,3.42,3.37,Pass
1137,1464200,HK161_CO3093_L01,CO3093,-13,False,,6.2,6.4,6.5,,6.4,C+,2.5,True,2.28,2.3,Pass
1138,1467727,HK161_CO3093_L01,CO3093,-13,False,,9.0,8.4,7.2,,8.2,B+,3.5,True,3.61,3.38,Pass
1139,1462972,HK161_CO3093_L01,CO3093,-13,False,,8.9,7.6,8.9,,8.2,B+,3.5,True,3.44,3.39,Pass
1140,1449476,HK161_CO3093_L01,CO3093,-13,False,,7.8,5.9,7.2,,6.7,C+,2.5,True,3.31,3.23,Pass
1141,1490886,HK161_CO3093_L01,CO3093,-13,False,,6.0,9.8,8.0,,8.5,A,4.0,True,3.19,2.98,Pass
1142,1425089,HK161_CO3093_L01,CO3093,-13,False,,7.1,8.1,8.5,,8.0,B+,3.5,True,3.25,3.35,Pass
1143,1411746,HK161_CO3093_L01,CO3093,-13,False,,7.6,4.6,5.5,,5.5,C,2.0,True,2.25,2.07,Pass
1144,1489505,HK161_CO3093_L01,CO3093,-13,False,,8.4,8.8,7.4,,8.3,B+,3.5,True,3.69,3.57,Pass
1145,1482757,HK161_CO3093_L01,CO3093,-13,False,,7.1,6.4,5.6,,6.3,C,2.0,True,2.42,2.4,Pass
1146,1408372,HK161_CO3093_L01,CO3093,-13,False,,8.9,8.3,9.9,,8.9,A,4.0,True,3.75,3.59,Pass
1147,1426007,HK161_CO3093_L01,CO3093,-13,False,,7.9,8.1,8.6,,8.2,B+,3.5,True,3.31,3.35,Pass
1148,1442265,HK161_CO3093_L01,CO3093,-13,False,,8.1,8.0,7.2,,7.8,B,3.0,True,3.22,3.26,Pass
1149,1408678,HK161_CO3093_L01,CO3093,-13,False,,6.9,6.3,6.1,,6.4,C+,2.5,True,2.53,2.54,Pass
1150,1438738,HK161_CO3093_L01,CO3093,-13,False,,8.7,7.3,7.7,,7.7,B,3.0,True,3.28,3.41,Pass
1151,1457605,HK161_CO3093_L01,CO3093,-13,False,,7.1,7.6,7.9,,7.6,B,3.0,True,3.06,3.06,Pass
1152,1431837,HK161_CO3093_L01,CO3093,-13,False,,7.1,7.5,5.8,,6.9,C+,2.5,True,2.56,2.51,Pass
1153,1495488,HK161_CO3093_L01,CO3093,-13,False,,5.1,4.7,7.0,,5.5,C,2.0,True,2.0,1.8,Pass
1154,1424320,HK161_CO3093_L01,CO3093,-13,False,,6.7,6.2,5.7,,6.2,C,2.0,True,2.42,2.71,Pass
1155,1489964,HK161_CO3093_L01,CO3093,-13,False,,6.5,5.7,5.4,,5.8,C,2.0,True,1.58,1.82,Pass
1156,1487512,HK161_CO3093_L01,CO3093,-13,False,,9.0,8.7,8.1,,8.6,A,4.0,True,3.78,3.62,Pass
1157,1471254,HK161_CO3093_L01,CO3093,-13,False,,4.7,5.2,5.3,,5.1,D+,1.5,True,1.81,1.7,Pass
1158,1403617,HK161_CO3093_L01,CO3093,-13,False,,7.4,7.2,8.4,,7.6,B,3.0,True,3.08,3.05,Pass
1159,1469720,HK161_CO3093_L01,CO3093,-13,False,,8.8,7.5,8.0,,7.9,B,3.0,True,3.06,3.2,Pass
1160,1426470,HK161_CO3093_L01,CO3093,-13,False,,8.0,8.4,8.8,,8.4,B+,3.5,True,3.36,3.24,Pass
1161,1461744,HK161_CO3093_L01,CO3093,-13,False,,6.7,6.4,6.0,,6.3,C,2.0,True,2.5,2.41,Pass
1162,1453921,HK161_CO3093_L01,CO3093,-13,False,,8.3,7.4,7.7,,7.7,B,3.0,True,3.19,3.33,Pass
1163,1429691,HK161_CO3093_L01,CO3093,-13,False,,6.3,6.8,6.8,,6.7,C+,2.5,True,2.58,2.55,Pass
1164,1426623,HK161_CO3093_L01,CO3093,-13,False,,5.8,8.0,7.2,,7.3,B,3.0,True,2.58,2.54,Pass
1165,1491651,HK161_CO3093_L01,CO3093,-13,False,,6.7,5.8,6.6,,6.2,C,2.0,True,2.53,2.54,Pass
1166,1453768,HK161_CO3093_L01,CO3093,-13,False,,6.8,8.8,8.6,,8.3,B+,3.5,True,3.5,3.46,Pass
1167,1458064,HK161_CO3093_L01,CO3093,-13,False,,6.2,6.7,5.7,,6.3,C,2.0,True,2.33,2.48,Pass
1168,1437051,HK161_CO3093_L01,CO3093,-13,False,,7.4,7.2,7.0,,7.2,B,3.0,True,2.61,2.77,Pass
1169,1410059,HK161_CO3093_L01,CO3093,-13,False,,6.3,6.7,7.3,,6.8,C+,2.5,True,2.44,2.55,Pass
1170,1430915,HK161_CO3093_L01,CO3093,-13,False,,7.1,6.3,7.2,,6.7,C+,2.5,True,2.42,2.59,Pass
1171,1481223,HK161_CO3093_L01,CO3093,-13,False,,6.4,5.9,5.0,,5.7,C,2.0,True,2.14,2.22,Pass
1172,1451316,HK161_CO3093_L01,CO3093,-13,False,,8.2,7.7,7.4,,7.7,B,3.0,True,3.17,3.31,Pass
1173,1424783,HK161_CO3093_L01,CO3093,-13,False,,8.6,8.4,7.5,,8.2,B+,3.5,True,3.47,3.44,Pass
1174,1480148,HK161_CO3093_L01,CO3093,-13,False,,6.8,8.2,7.0,,7.6,B,3.0,True,3.0,3.17,Pass
1175,1472329,HK161_CO3093_L01,CO3093,-13,False,,6.8,6.7,6.9,,6.8,C+,2.5,True,2.44,2.62,Pass
1176,1446714,HK161_CO3093_L01,CO3093,-13,False,,7.0,8.7,7.7,,8.1,B+,3.5,True,3.33,3.41,Pass
1177,1499015,HK161_CO3093_L01,CO3093,-13,False,,8.2,8.2,8.2,,8.2,B+,3.5,True,3.67,3.37,Pass
1178,1427235,HK161_CO3093_L01,CO3093,-13,False,,7.8,7.8,6.4,,7.4,B,3.0,True,3.19,3.12,Pass
1179,1475703,HK161_CO3093_L01,CO3093,-13,False,,5.6,5.3,5.7,,5.5,C,2.0,True,1.94,2.01,Pass
1180,1424014,HK161_CO3093_L01,CO3093,-13,False,,7.8,7.6,8.8,,8.0,B+,3.5,True,3.03,3.03,Pass
1181,1482910,HK161_CO3093_L01,CO3093,-13,False,,6.1,6.1,6.4,,6.2,C,2.0,True,2.56,2.51,Pass
1182,1488277,HK161_CO3093_L01,CO3093,-13,False,,8.1,8.1,7.6,,7.9,B,3.0,True,3.28,3.43,Pass
1183,1448248,HK161_CO3093_L01,CO3093,-13,False,,7.0,7.3,7.8,,7.4,B,3.0,True,3.22,3.28,Pass
1184,1409137,HK161_CO3093_L01,CO3093,-13,False,,8.5,7.9,7.1,,7.8,B,3.0,True,3.28,3.31,Pass
1185,1445639,HK161_CO3093_L01,CO3093,-13,False,,8.1,8.3,6.4,,7.7,B,3.0,True,3.31,3.38,Pass
1186,1404382,HK161_CO3093_L01,CO3093,-13,False,,6.4,6.3,6.9,,6.5,C+,2.5,True,2.53,2.39,Pass
1187,1479230,HK161_CO3093_L01,CO3093,-13,False,,5.3,6.4,6.8,,6.3,C,2.0,True,2.39,2.52,Pass
1188,1460979,HK161_CO3093_L01,CO3093,-13,False,,7.2,6.6,6.9,,6.8,C+,2.5,True,2.47,2.35,Pass
1189,1488893,HK161_CO3093_L01,CO3093,-13,False,,7.9,8.0,8.5,,8.1,B+,3.5,True,3.42,3.43,Pass
1190,1494107,HK161_CO3093_L01,CO3093,-13,False,,7.0,6.6,7.4,,6.9,C+,2.5,True,3.08,3.16,Pass
1191,1422021,HK161_CO3093_L01,CO3093,-13,False,,6.4,5.0,6.6,,5.8,C,2.0,True,1.53,1.7,Pass
1192,1482604,HK161_CO3093_L01,CO3093,-13,False,,7.9,7.1,7.8,,7.5,B,3.0,True,3.08,3.14,Pass
1193,1462819,HK161_CO3093_L01,CO3093,-13,False,,8.0,6.9,7.0,,7.2,B,3.0,True,3.25,3.26,Pass
1194,1417266,HK161_CO3093_L01,CO3093,-13,False,,8.5,9.8,9.0,,9.3,A,4.0,True,3.44,3.31,Pass
1195,1428922,HK161_CO3093_L01,CO3093,-13,False,,6.7,7.2,6.3,,6.8,C+,2.5,True,2.75,2.6,Pass
1196,1417419,HK161_CO3093_L01,CO3093,-13,False,,6.2,5.9,5.2,,5.8,C,2.0,True,1.53,1.63,Pass
1197,1468186,HK161_CO3093_L01,CO3093,-13,False,,7.1,6.7,6.5,,6.7,C+,2.5,True,2.28,2.39,Pass
1198,1459598,HK161_CO3093_L01,CO3093,-13,False,,8.0,6.2,6.1,,6.5,C+,2.5,True,2.44,2.52,Pass
1199,1442418,HK161_CO3093_L01,CO3093,-13,False,,7.8,8.4,8.2,,8.2,B+,3.5,True,3.36,3.39,Pass
1200,1421099,HK161_CO3093_L01,CO3093,-13,False,,7.7,7.8,7.7,,7.8,B,3.0,True,3.11,3.37,Pass
1201,1469414,HK161_CO3093_L02,CO3093,-13,False,,8.5,8.3,7.9,,8.2,B+,3.5,True,3.47,3.32,Pass
1202,1423861,HK161_CO3093_L02,CO3093,-13,False,,5.1,5.2,3.6,,4.7,D,1.0,True,1.39,1.75,Pass
1203,1428157,HK161_CO3093_L02,CO3093,-13,False,,4.4,5.7,4.4,,5.1,D+,1.5,True,1.78,1.79,Pass
1204,1419412,HK161_CO3093_L02,CO3093,-13,False,,8.0,7.2,7.8,,7.5,B,3.0,True,3.58,3.46,Pass
1205,1496559,HK161_CO3093_L02,CO3093,-13,False,,6.2,7.2,6.6,,6.8,C+,2.5,True,2.5,2.46,Pass
1206,1483985,HK161_CO3093_L02,CO3093,-13,False,,5.7,6.7,5.8,,6.2,C,2.0,True,1.75,1.72,Pass
1207,1431531,HK161_CO3093_L02,CO3093,-13,False,,7.2,5.9,7.4,,6.6,C+,2.5,True,2.28,2.1,Pass
1208,1439044,HK161_CO3093_L02,CO3093,-13,False,,7.8,8.7,7.8,,8.2,B+,3.5,True,3.08,3.22,Pass
1209,1428769,HK161_CO3093_L02,CO3093,-13,False,,7.0,6.4,5.9,,6.4,C+,2.5,True,2.92,2.46,Pass
1210,1439966,HK161_CO3093_L02,CO3093,-13,False,,6.6,5.4,7.7,,6.3,C,2.0,True,2.61,2.55,Pass
1211,1452234,HK161_CO3093_L02,CO3093,-13,False,,8.7,7.4,9.3,,8.2,B+,3.5,True,3.5,3.52,Pass
1212,1492420,HK161_CO3093_L02,CO3093,-13,False,,6.0,7.3,6.3,,6.7,C+,2.5,True,2.5,2.44,Pass
1213,1439197,HK161_CO3093_L02,CO3093,-13,False,,6.4,7.0,6.7,,6.8,C+,2.5,True,2.5,2.68,Pass
1214,1411283,HK161_CO3093_L02,CO3093,-13,False,,8.1,8.7,9.4,,8.8,A,4.0,True,3.89,3.91,Pass
1215,1435058,HK161_CO3093_L02,CO3093,-13,False,,8.6,8.6,7.0,,8.1,B+,3.5,True,3.69,3.45,Pass
1216,1417113,HK161_CO3093_L02,CO3093,-13,False,,6.8,7.7,7.9,,7.6,B,3.0,True,3.28,3.2,Pass
1217,1414045,HK161_CO3093_L02,CO3093,-13,False,,8.0,8.6,7.3,,8.1,B+,3.5,True,3.17,3.38,Pass
1218,1470179,HK161_CO3093_L02,CO3093,-13,False,,8.8,6.7,7.9,,7.5,B,3.0,True,3.22,3.43,Pass
1219,1471560,HK161_CO3093_L02,CO3093,-13,False,,8.8,8.4,8.1,,8.4,B+,3.5,True,3.0,3.14,Pass
1220,1421868,HK161_CO3093_L02,CO3093,-13,False,,9.6,7.7,7.8,,8.1,B+,3.5,True,3.47,3.32,Pass
1221,1493801,HK161_CO3093_L02,CO3093,-13,False,,7.8,8.4,7.6,,8.0,B+,3.5,True,3.28,3.31,Pass
1222,1444721,HK161_CO3093_L02,CO3093,-13,False,,5.9,6.1,6.5,,6.2,C,2.0,True,1.75,1.87,Pass
1223,1467574,HK161_CO3093_L02,CO3093,-13,False,,6.0,7.0,7.0,,6.8,C+,2.5,True,2.69,2.59,Pass
1224,1420640,HK161_CO3093_L02,CO3093,-13,False,,9.4,8.6,8.2,,8.6,A,4.0,True,3.47,3.52,Pass
1225,1496253,HK161_CO3093_L02,CO3093,-13,False,,7.1,6.6,6.3,,6.6,C+,2.5,True,3.19,3.32,Pass
1226,1405763,HK161_CO3093_L02,CO3093,-13,False,,5.8,5.5,4.4,,5.2,D+,1.5,True,1.56,1.65,Pass
1227,1426929,HK161_CO3093_L02,CO3093,-13,False,,6.8,6.4,7.5,,6.8,C+,2.5,True,2.58,2.56,Pass
1228,1481070,HK161_CO3093_L02,CO3093,-13,False,,8.0,6.8,7.4,,7.2,B,3.0,True,2.61,2.65,Pass
1229,1433830,HK161_CO3093_L02,CO3093,-13,False,,5.4,5.8,4.9,,5.4,D+,1.5,True,1.67,1.89,Pass
1230,1441959,HK161_CO3093_L02,CO3093,-13,False,,5.6,4.6,5.9,,5.2,D+,1.5,True,1.81,1.72,Pass
1231,1441347,HK161_CO3093_L02,CO3093,-13,False,,7.4,7.6,7.8,,7.6,B,3.0,True,3.06,3.1,Pass
1232,1450241,HK161_CO3093_L02,CO3093,-13,False,,6.3,4.6,5.6,,5.2,D+,1.5,True,1.39,1.58,Pass
1233,1484444,HK161_CO3093_L02,CO3093,-13,False,,7.8,8.3,8.0,,8.1,B+,3.5,True,3.44,3.42,Pass
1234,1452081,HK161_CO3093_L02,CO3093,-13,False,,7.6,7.0,6.0,,6.8,C+,2.5,True,2.31,2.49,Pass
1235,1462513,HK161_CO3093_L02,CO3093,-13,False,,8.3,6.6,7.9,,7.3,B,3.0,True,3.22,3.06,Pass
1236,1469873,HK161_CO3093_L02,CO3093,-13,False,,7.9,6.7,7.9,,7.3,B,3.0,True,3.33,3.26,Pass
1237,1424936,HK161_CO3093_L02,CO3093,-13,False,,8.1,6.8,10.0,,8.0,B+,3.5,True,3.17,3.12,Pass
1238,1477696,HK161_CO3093_L02,CO3093,-13,False,,6.9,8.2,7.0,,7.6,B,3.0,True,2.53,2.62,Pass
1239,1416191,HK161_CO3093_L02,CO3093,-13,False,,8.0,8.3,9.6,,8.6,A,4.0,True,3.31,3.23,Pass
1240,1476162,HK161_CO3093_L02,CO3093,-13,False,,5.6,8.2,6.1,,7.0,B,3.0,True,1.86,1.64,Pass
1241,1447942,HK161_CO3093_L02,CO3093,-13,False,,7.4,7.8,6.1,,7.2,B,3.0,True,3.17,3.24,Pass
1242,1477390,HK161_CO3093_L02,CO3093,-13,False,,7.4,7.6,7.4,,7.5,B,3.0,True,3.39,3.28,Pass
1243,1457911,HK161_CO3093_L02,CO3093,-13,False,,9.2,6.5,9.0,,7.8,B,3.0,True,3.83,3.9,Pass
1244,1484903,HK161_CO3093_L02,CO3093,-13,False,,4.7,5.0,5.6,,5.1,D+,1.5,True,1.36,1.6,Pass
1245,1482145,HK161_CO3093_L02,CO3093,-13,False,,8.8,8.0,9.1,,8.5,A,4.0,True,3.53,3.37,Pass
1246,1413586,HK161_CO3093_L02,CO3093,-13,False,,7.6,4.4,6.1,,5.5,C,2.0,True,2.64,2.55,Pass
1247,1441653,HK161_CO3093_L02,CO3093,-13,False,,6.3,5.9,6.1,,6.0,C,2.0,True,1.56,1.63,Pass
1248,1449629,HK161_CO3093_L02,CO3093,-13,False,,7.4,8.4,6.8,,7.7,B,3.0,True,3.25,3.3,Pass
1249,1447789,HK161_CO3093_L02,CO3093,-13,False,,7.6,5.5,7.7,,6.6,C+,2.5,True,2.47,2.44,Pass
1250,1402542,HK161_CO3093_L02,CO3093,-13,False,,7.2,7.2,7.7,,7.3,B,3.0,True,3.31,3.42,Pass
1251,1472788,HK161_CO3093_L02,CO3093,-13,False,,8.2,8.5,7.8,,8.2,B+,3.5,True,3.14,3.18,Pass
1252,1479536,HK161_CO3093_L02,CO3093,-13,False,,6.3,6.6,6.1,,6.4,C+,2.5,True,2.25,2.31,Pass
1253,1439507,HK161_CO3093_L02,CO3093,-13,False,,4.7,7.3,6.6,,6.6,C+,2.5,True,2.69,2.46,Pass
1254,1464353,HK161_CO3093_L02,CO3093,-13,False,,7.5,9.3,6.8,,8.2,B+,3.5,True,3.56,3.3,Pass
1255,1492726,HK161_CO3093_L02,CO3093,-13,False,,7.8,8.4,8.7,,8.4,B+,3.5,True,3.06,3.12,Pass
1256,1420487,HK161_CO3093_L02,CO3093,-13,False,,8.4,7.1,8.4,,7.8,B,3.0,True,3.25,3.3,Pass
1257,1436439,HK161_CO3093_L02,CO3093,-13,False,,7.1,6.7,5.5,,6.4,C+,2.5,True,2.92,2.91,Pass
1258,1468492,HK161_CO3093_L02,CO3093,-13,False,,6.4,6.0,5.3,,5.9,C,2.0,True,2.0,1.82,Pass
1259,1481682,HK161_CO3093_L02,CO3093,-13,False,,7.0,7.3,6.6,,7.0,B,3.0,True,2.64,2.65,Pass
1260,1425242,HK161_CO3093_L02,CO3093,-13,False,,5.8,6.0,6.1,,6.0,C,2.0,True,2.08,2.32,Pass
1261,1434599,HK161_CO3093_L02,CO3093,-13,False,,7.7,8.5,6.9,,7.9,B,3.0,True,3.53,3.41,Pass
1262,1483832,HK161_CO3093_L02,CO3093,-13,False,,6.8,8.3,7.1,,7.6,B,3.0,True,3.25,3.19,Pass
1263,1499474,HK161_CO3093_L02,CO3093,-13,False,,8.8,7.1,9.5,,8.2,B+,3.5,True,3.36,3.36,Pass
1264,1410212,HK161_CO3093_L02,CO3093,-13,False,,8.2,7.5,8.0,,7.8,B,3.0,True,2.86,2.91,Pass
1265,1438126,HK161_CO3093_L02,CO3093,-13,False,,8.8,7.4,7.2,,7.6,B,3.0,True,3.31,3.16,Pass
1266,1436745,HK161_CO3093_L02,CO3093,-13,False,,6.0,6.6,7.8,,6.8,C+,2.5,True,2.25,2.46,Pass
1267,1491039,HK161_CO3093_L02,CO3093,-13,False,,9.6,9.7,10.0,,9.8,A+,4.0,True,4.0,3.93,Pass
1268,1485056,HK161_CO3093_L02,CO3093,-13,False,,5.9,5.3,4.5,,5.2,D+,1.5,True,1.78,1.9,Pass
1269,1494413,HK161_CO3093_L02,CO3093,-13,False,,8.0,8.2,6.6,,7.7,B,3.0,True,3.17,3.28,Pass
1270,1431378,HK161_CO3093_L02,CO3093,-13,False,,7.5,7.5,9.1,,8.0,B+,3.5,True,3.03,3.07,Pass
1271,1465887,HK161_CO3093_L02,CO3093,-13,False,,8.8,7.3,8.1,,7.8,B,3.0,True,3.36,3.24,Pass
1272,1405610,HK161_CO3093_L02,CO3093,-13,False,,6.9,8.6,7.0,,7.8,B,3.0,True,2.72,2.56,Pass
1273,1461591,HK161_CO3093_L02,CO3093,-13,False,,7.0,8.2,9.2,,8.3,B+,3.5,True,2.83,2.75,Pass
1274,1408984,HK161_CO3093_L02,CO3093,-13,False,,8.1,6.5,8.4,,7.4,B,3.0,True,3.14,3.06,Pass
1275,1402848,HK161_CO3093_L02,CO3093,-13,False,,7.5,8.0,7.4,,7.7,B,3.0,True,3.14,3.2,Pass
1276,1443799,HK161_CO3093_L02,CO3093,-13,False,,7.8,7.5,7.4,,7.5,B,3.0,True,3.42,3.37,Pass
1277,1466805,HK161_CO3093_L02,CO3093,-13,False,,6.5,7.5,6.8,,7.1,B,3.0,True,2.56,2.54,Pass
1278,1403923,HK161_CO3093_L02,CO3093,-13,False,,7.7,8.2,7.2,,7.8,B,3.0,True,2.97,3.34,Pass
1279,1448554,HK161_CO3093_L02,CO3093,-13,False,,8.8,9.0,8.3,,8.8,A,4.0,True,3.58,3.49,Pass
1280,1443187,HK161_CO3093_L02,CO3093,-13,False,,7.0,7.5,8.0,,7.5,B,3.0,True,3.03,3.02,Pass
1281,1478924,HK161_CO3093_L02,CO3093,-13,False,,6.8,3.5,8.3,,5.6,C,2.0,True,2.22,2.45,Pass
1282,1480917,HK161_CO3093_L02,CO3093,-13,False,,5.9,7.3,6.6,,6.8,C+,2.5,True,2.64,2.72,Pass
1283,1459292,HK161_CO3093_L02,CO3093,-13,False,,7.6,6.1,6.9,,6.6,C+,2.5,True,2.08,1.93,Pass
1284,1405151,HK161_CO3093_L02,CO3093,-13,False,,8.0,7.4,8.3,,7.8,B,3.0,True,3.36,3.3,Pass
1285,1485978,HK161_CO3093_L02,CO3093,-13,False,,8.6,7.6,6.3,,7.4,B,3.0,True,3.14,3.27,Pass
1286,1420334,HK161_CO3093_L02,CO3093,-13,False,,5.8,6.8,5.0,,6.1,C,2.0,True,2.22,2.06,Pass
1287,1473400,HK161_CO3093_L02,CO3093,-13,False,,9.1,8.0,7.1,,8.0,B+,3.5,True,3.19,3.04,Pass
1288,1407450,HK161_CO3093_L02,CO3093,-13,False,,7.7,9.1,6.6,,8.1,B+,3.5,True,3.08,3.15,Pass
1289,1493185,HK161_CO3093_L02,CO3093,-13,False,,5.6,5.9,6.5,,6.0,C,2.0,True,2.0,1.96,Pass
1290,1445180,HK161_CO3093_L02,CO3093,-13,False,,9.0,8.5,9.9,,9.0,A,4.0,True,4.0,3.95,Pass
1291,1492267,HK161_CO3093_L02,CO3093,-13,False,,8.7,7.7,9.0,,8.3,B+,3.5,True,3.47,3.5,Pass
1292,1412817,HK161_CO3093_L02,CO3093,-13,False,,6.6,6.0,6.2,,6.2,C,2.0,True,2.33,2.45,Pass
1293,1431684,HK161_CO3093_L02,CO3093,-13,False,,8.5,8.0,9.1,,8.4,B+,3.5,True,3.28,3.65,Pass
1294,1455302,HK161_CO3093_L02,CO3093,-13,False,,7.1,9.4,7.0,,8.2,B+,3.5,True,2.97,2.65,Pass
1295,1432602,HK161_CO3093_L02,CO3093,-13,False,,6.4,8.4,4.1,,6.7,C+,2.5,True,1.58,1.66,Pass
1296,1403464,HK161_CO3093_L02,CO3093,-13,False,,5.9,5.3,7.6,,6.1,C,2.0,True,2.69,2.64,Pass
1297,1406991,HK161_CO3093_L02,CO3093,-13,False,,7.4,6.4,6.5,,6.6,C+,2.5,True,2.47,2.49,Pass
1298,1409596,HK161_CO3093_L02,CO3093,-13,False,,7.1,6.9,5.6,,6.5,C+,2.5,True,2.53,2.49,Pass
1299,1485672,HK161_CO3093_L02,CO3093,-13,False,,7.3,7.1,5.0,,6.5,C+,2.5,True,2.53,2.6,Pass
1300,1483216,HK161_CO3093_L02,CO3093,-13,False,,5.3,5.7,5.4,,5.5,C,2.0,True,1.64,1.62,Pass
1301,1471407,HK161_CO3093_L02,CO3093,-13,False,,7.0,6.9,5.6,,6.5,C+,2.5,True,2.36,2.42,Pass
1302,1491498,HK161_CO3093_L02,CO3093,-13,False,,8.3,7.6,7.8,,7.8,B,3.0,True,3.42,3.44,Pass
1303,1467421,HK161_CO3093_L02,CO3093,-13,False,,7.6,5.7,7.7,,6.7,C+,2.5,True,2.47,2.51,Pass
1304,1455455,HK161_CO3093_L02,CO3093,-13,False,,7.2,7.2,8.4,,7.6,B,3.0,True,3.0,2.99,Pass
1305,1422633,HK161_CO3093_L02,CO3093,-13,False,,10.0,8.6,9.5,,9.1,A,4.0,True,4.0,3.97,Pass
1306,1465271,HK161_CO3093_L02,CO3093,-13,False,,9.3,8.9,8.6,,8.9,A,4.0,True,3.58,3.51,Pass
1307,1433983,HK161_CO3093_L03,CO3093,-13,False,,6.6,8.0,6.2,,7.2,B,3.0,True,2.92,2.53,Pass
1308,1482451,HK161_CO3093_L03,CO3093,-13,False,,3.0,4.1,4.5,,4.0,D,1.0,True,0.63,1.02,Pass
1309,1446867,HK161_CO3093_L03,CO3093,-13,False,,6.0,7.5,8.4,,7.5,B,3.0,True,3.33,3.16,Pass
1310,1454996,HK161_CO3093_L03,CO3093,-13,False,,8.8,8.5,6.6,,8.0,B+,3.5,True,3.36,3.28,Pass
1311,1418188,HK161_CO3093_L03,CO3093,-13,False,,7.8,7.1,5.9,,6.9,C+,2.5,True,3.06,3.18,Pass
1312,1436898,HK161_CO3093_L03,CO3093,-13,False,,5.2,8.0,4.4,,6.4,C+,2.5,True,1.83,1.9,Pass
1313,1497634,HK161_CO3093_L03,CO3093,-13,False,,8.6,8.5,7.4,,8.2,B+,3.5,True,3.56,3.62,Pass
1314,1416038,HK161_CO3093_L03,CO3093,-13,False,,6.7,8.1,6.2,,7.2,B,3.0,True,3.25,3.34,Pass
1315,1490427,HK161_CO3093_L03,CO3093,-13,False,,6.7,6.7,6.4,,6.6,C+,2.5,True,2.53,2.51,Pass
1316,1476774,HK161_CO3093_L03,CO3093,-13,False,,7.4,8.3,8.9,,8.3,B+,3.5,True,3.08,3.21,Pass
1317,1451775,HK161_CO3093_L03,CO3093,-13,False,,7.2,8.1,8.8,,8.1,B+,3.5,True,3.08,3.19,Pass
1318,1447173,HK161_CO3093_L03,CO3093,-13,False,,7.4,7.7,6.4,,7.2,B,3.0,True,1.97,1.95,Pass
1319,1463278,HK161_CO3093_L03,CO3093,-13,False,,7.2,7.7,5.7,,7.0,B,3.0,True,2.69,2.59,Pass
1320,1475856,HK161_CO3093_L03,CO3093,-13,False,,6.2,6.8,7.1,,6.8,C+,2.5,True,2.47,2.39,Pass
1321,1464812,HK161_CO3093_L03,CO3093,-13,False,,6.6,6.6,7.5,,6.9,C+,2.5,True,2.69,2.48,Pass
1322,1489046,HK161_CO3093_L03,CO3093,-13,False,,8.3,8.7,7.8,,8.3,B+,3.5,True,3.06,3.2,Pass
1323,1495794,HK161_CO3093_L03,CO3093,-13,False,,6.2,8.4,8.9,,8.1,B+,3.5,True,3.25,3.39,Pass
1324,1444568,HK161_CO3093_L03,CO3093,-13,False,,8.0,8.1,7.6,,7.9,B,3.0,True,3.44,3.38,Pass
1325,1484597,HK161_CO3093_L03,CO3093,-13,False,,4.9,6.4,4.5,,5.5,C,2.0,True,1.81,1.7,Pass
1326,1464965,HK161_CO3093_L03,CO3093,-13,False,,5.7,7.5,7.7,,7.2,B,3.0,True,2.81,2.73,Pass
1327,1476621,HK161_CO3093_L03,CO3093,-13,False,,8.0,7.3,7.8,,7.6,B,3.0,True,2.42,2.43,Pass
1328,1433065,HK161_CO3093_L03,CO3093,-13,False,,7.2,7.1,6.8,,7.0,B,3.0,True,2.0,1.83,Pass
1329,1493032,HK161_CO3093_L03,CO3093,-13,False,,9.3,7.5,8.2,,8.1,B+,3.5,True,3.69,3.49,Pass
1330,1418494,HK161_CO3093_L03,CO3093,-13,False,,7.3,7.0,7.5,,7.2,B,3.0,True,2.61,2.64,Pass
1331,1490733,HK161_CO3093_L03,CO3093,-13,False,,6.5,6.4,5.5,,6.2,C,2.0,True,2.22,2.12,Pass
1332,1410518,HK161_CO3093_L03,CO3093,-13,False,,7.7,8.0,8.2,,8.0,B+,3.5,True,3.31,3.38,Pass
1333,1407603,HK161_CO3093_L03,CO3093,-13,False,,7.3,8.1,7.8,,7.8,B,3.0,True,3.19,3.15,Pass
1334,1479689,HK161_CO3093_L03,CO3093,-13,False,,9.4,8.9,9.4,,9.2,A,4.0,True,3.92,3.87,Pass
1335,1440425,HK161_CO3093_L03,CO3093,-13,False,,7.1,6.2,6.1,,6.3,C,2.0,True,2.78,2.69,Pass
1336,1468339,HK161_CO3093_L03,CO3093,-13,False,,6.0,6.2,7.2,,6.5,C+,2.5,True,2.0,1.81,Pass
1337,1435517,HK161_CO3093_L03,CO3093,-13,False,,8.5,8.3,8.7,,8.5,A,4.0,True,3.33,3.29,Pass
1338,1451163,HK161_CO3093_L03,CO3093,-13,False,,7.9,8.9,9.2,,8.8,A,4.0,True,3.53,3.42,Pass
1339,1404229,HK161_CO3093_L03,CO3093,-13,False,,3.5,5.1,4.4,,4.6,D,1.0,True,1.55,1.51,Pass
1340,1498862,HK161_CO3093_L03,CO3093,-13,False,,6.3,4.8,5.9,,5.4,D+,1.5,True,1.81,1.89,Pass
1341,1486590,HK161_CO3093_L03,CO3093,-13,False,,9.3,6.9,8.6,,7.9,B,3.0,True,3.25,3.27,Pass
1342,1407297,HK161_CO3093_L03,CO3093,-13,False,,7.0,6.0,6.6,,6.4,C+,2.5,True,2.31,2.49,Pass
1343,1453003,HK161_CO3093_L03,CO3093,-13,False,,8.4,8.4,7.5,,8.1,B+,3.5,True,3.36,3.26,Pass
1344,1472482,HK161_CO3093_L03,CO3093,-13,False,,7.3,8.3,8.3,,8.1,B+,3.5,True,3.5,3.42,Pass
1345,1429228,HK161_CO3093_L03,CO3093,-13,False,,8.3,7.5,7.9,,7.8,B,3.0,True,2.92,3.21,Pass
1346,1461285,HK161_CO3093_L03,CO3093,-13,False,,5.7,5.9,6.0,,5.9,C,2.0,True,2.06,2.01,Pass
1347,1492114,HK161_CO3093_L03,CO3093,-13,False,,8.2,8.4,7.8,,8.2,B+,3.5,True,3.44,3.45,Pass
1348,1407144,HK161_CO3093_L03,CO3093,-13,False,,7.7,7.1,6.9,,7.2,B,3.0,True,2.22,2.36,Pass
1349,1453156,HK161_CO3093_L03,CO3093,-13,False,,9.8,7.3,7.7,,7.9,B,3.0,True,3.11,3.33,Pass
1350,1479077,HK161_CO3093_L03,CO3093,-13,False,,8.1,8.7,7.6,,8.2,B+,3.5,True,3.28,3.22,Pass
1351,1474016,HK161_CO3093_L03,CO3093,-13,False,,5.3,6.1,5.9,,5.9,C,2.0,True,2.08,2.09,Pass
1352,1498556,HK161_CO3093_L03,CO3093,-13,False,,5.5,5.6,6.8,,5.9,C,2.0,True,2.25,2.39,Pass
1353,1478155,HK161_CO3093_L03,CO3093,-13,False,,8.8,8.5,9.0,,8.7,A,4.0,True,3.92,3.93,Pass
1354,1421562,HK161_CO3093_L03,CO3093,-13,False,,8.3,7.3,7.5,,7.6,B,3.0,True,3.19,3.21,Pass
1355,1440272,HK161_CO3093_L03,CO3093,-13,False,,6.8,9.6,6.7,,8.2,B+,3.5,True,3.56,3.48,Pass
1356,1414198,HK161_CO3093_L03,CO3093,-13,False,,6.9,7.0,8.6,,7.5,B,3.0,True,2.5,2.4,Pass
1357,1423555,HK161_CO3093_L03,CO3093,-13,False,,6.6,8.2,9.2,,8.2,B+,3.5,True,3.39,3.23,Pass
1358,1413739,HK161_CO3093_L03,CO3093,-13,False,,7.9,9.4,8.7,,8.9,A,4.0,True,3.28,3.34,Pass
1359,1458523,HK161_CO3093_L03,CO3093,-13,False,,8.6,5.7,9.0,,7.3,B,3.0,True,3.25,3.12,Pass
1360,1455918,HK161_CO3093_L03,CO3093,-13,False,,7.2,8.5,9.3,,8.5,A,4.0,True,3.58,3.3,Pass
1361,1478002,HK161_CO3093_L03,CO3093,-13,False,,5.4,7.3,6.3,,6.6,C+,2.5,True,2.36,2.6,Pass
1362,1449935,HK161_CO3093_L03,CO3093,-13,False,,5.9,5.9,6.5,,6.1,C,2.0,True,1.97,1.81,Pass
1363,1456530,HK161_CO3093_L03,CO3093,-13,False,,7.4,7.9,8.7,,8.0,B+,3.5,True,3.36,3.22,Pass
1364,1474628,HK161_CO3093_L03,CO3093,-13,False,,7.8,7.8,8.2,,7.9,B,3.0,True,3.25,3.29,Pass
1365,1467880,HK161_CO3093_L03,CO3093,-13,False,,6.8,7.8,8.0,,7.7,B,3.0,True,3.39,3.31,Pass
1366,1497787,HK161_CO3093_L03,CO3093,-13,False,,8.7,7.8,8.2,,8.1,B+,3.5,True,3.69,3.4,Pass
1367,1449782,HK161_CO3093_L03,CO3093,-13,False,,7.8,6.6,8.9,,7.5,B,3.0,True,3.0,3.18,Pass
1368,1443646,HK161_CO3093_L03,CO3093,-13,False,,7.3,5.3,6.7,,6.1,C,2.0,True,2.31,2.38,Pass
1369,1458829,HK161_CO3093_L03,CO3093,-13,False,,8.3,8.9,9.6,,9.0,A,4.0,True,3.39,3.36,Pass
1370,1403770,HK161_CO3093_L03,CO3093,-13,False,,6.6,7.3,8.1,,7.4,B,3.0,True,3.28,3.19,Pass
1371,1419106,HK161_CO3093_L03,CO3093,-13,False,,6.7,6.1,6.4,,6.3,C,2.0,True,2.42,2.33,Pass
1372,1466346,HK161_CO3093_L03,CO3093,-13,False,,8.5,8.1,8.6,,8.3,B+,3.5,True,3.42,3.59,Pass
1373,1429075,HK161_CO3093_L03,CO3093,-13,False,,8.0,6.9,7.5,,7.3,B,3.0,True,3.19,3.27,Pass
1374,1433677,HK161_CO3093_L03,CO3093,-13,False,,8.6,8.1,8.4,,8.3,B+,3.5,True,3.56,3.49,Pass
1375,1415120,HK161_CO3093_L03,CO3093,-13,False,,8.2,8.2,7.8,,8.1,B+,3.5,True,3.75,3.87,Pass
1376,1401930,HK161_CO3093_L03,CO3093,-13,False,,8.6,9.6,7.9,,8.9,A,4.0,True,3.72,3.57,Pass
1377,1487053,HK161_CO3093_L03,CO3093,-13,False,,8.8,7.7,7.4,,7.8,B,3.0,True,3.22,3.3,Pass
1378,1413892,HK161_CO3093_L03,CO3093,-13,False,,8.3,8.4,8.2,,8.3,B+,3.5,True,3.17,3.36,Pass
1379,1401467,HK161_CO3093_L03,CO3093,-13,False,,6.1,7.0,9.1,,7.5,B,3.0,True,3.39,3.4,Pass
1380,1493648,HK161_CO3093_L03,CO3093,-13,False,,5.2,6.3,5.3,,5.8,C,2.0,True,1.61,1.73,Pass
1381,1419875,HK161_CO3093_L03,CO3093,-13,False,,6.1,7.1,6.8,,6.8,C+,2.5,True,2.22,2.44,Pass
1382,1430762,HK161_CO3093_L03,CO3093,-13,False,,6.5,7.2,7.8,,7.2,B,3.0,True,2.39,2.21,Pass
1383,1436286,HK161_CO3093_L03,CO3093,-13,False,,9.2,5.4,7.3,,6.7,C+,2.5,True,2.81,3.09,Pass
1384,1433218,HK161_CO3093_L03,CO3093,-13,False,,7.1,7.1,8.2,,7.4,B,3.0,True,3.31,3.14,Pass
1385,1406222,HK161_CO3093_L03,CO3093,-13,False,,7.0,9.7,8.9,,8.9,A,4.0,True,3.44,3.29,Pass
1386,1410365,HK161_CO3093_L03,CO3093,-13,False,,9.5,9.6,8.8,,9.3,A,4.0,True,3.81,3.85,Pass
1387,1451622,HK161_CO3093_L03,CO3093,-13,False,,7.3,7.6,8.5,,7.8,B,3.0,True,3.08,3.26,Pass
1388,1483369,HK161_CO3093_L03,CO3093,-13,False,,7.4,6.7,7.5,,7.1,B,3.0,True,2.92,2.71,Pass
1389,1484138,HK161_CO3093_L03,CO3093,-13,False,,6.8,5.9,6.9,,6.4,C+,2.5,True,2.53,2.49,Pass
1390,1499321,HK161_CO3093_L03,CO3093,-13,False,,7.5,8.6,8.6,,8.4,B+,3.5,True,3.33,3.27,Pass
1391,1473553,HK161_CO3093_L03,CO3093,-13,False,,9.1,7.9,8.2,,8.2,B+,3.5,True,3.14,3.33,Pass
1392,1458676,HK161_CO3093_L03,CO3093,-13,False,,7.7,6.4,6.8,,6.8,C+,2.5,True,2.5,2.6,Pass
1393,1495947,HK161_CO3093_L03,CO3093,-13,False,,8.3,9.3,7.9,,8.7,A,4.0,True,3.61,3.37,Pass
1394,1456377,HK161_CO3093_L03,CO3093,-13,False,,6.5,9.0,7.4,,8.0,B+,3.5,True,3.58,3.43,Pass
1395,1438432,HK161_CO3093_L03,CO3093,-13,False,,8.8,9.2,7.9,,8.7,A,4.0,True,3.64,3.52,Pass
1396,1477237,HK161_CO3093_L03,CO3093,-13,False,,6.3,7.2,5.8,,6.6,C+,2.5,True,2.31,2.41,Pass
1397,1402083,HK161_CO3093_L03,CO3093,-13,False,,7.1,5.3,7.8,,6.4,C+,2.5,True,2.44,2.56,Pass
1398,1412664,HK161_CO3093_L03,CO3093,-13,False,,6.2,7.0,5.7,,6.5,C+,2.5,True,2.36,2.48,Pass
1399,1445486,HK161_CO3093_L03,CO3093,-13,False,,8.0,6.9,8.0,,7.5,B,3.0,True,3.08,3.18,Pass
1400,1486437,HK161_CO3093_L03,CO3093,-13,False,,6.7,8.0,7.2,,7.5,B,3.0,True,3.14,3.1,Pass
1401,1442881,HK161_CO3093_L03,CO3093,-13,False,,8.3,6.3,5.9,,6.6,C+,2.5,True,2.31,2.43,Pass
1402,1455149,HK161_CO3093_L03,CO3093,-13,False,,9.6,8.6,8.2,,8.7,A,4.0,True,4.0,4.0,Pass
1403,1458370,HK161_CO3093_L03,CO3093,-13,False,,7.3,6.6,5.8,,6.5,C+,2.5,True,2.69,2.7,Pass
1404,1458217,HK161_CO3093_L03,CO3093,-13,False,,6.8,6.9,6.7,,6.8,C+,2.5,True,2.58,2.49,Pass
1405,1437973,HK161_CO3093_L03,CO3093,-13,False,,9.6,9.0,9.5,,9.3,A,4.0,True,4.0,3.99,Pass
1406,1469261,HK161_CO3093_L03,CO3093,-13,False,,5.1,4.7,5.7,,5.1,D+,1.5,True,1.94,1.84,Pass
1407,1407756,HK161_CO3093_L03,CO3093,-13,False,,8.0,8.1,8.9,,8.3,B+,3.5,True,3.08,3.32,Pass
1408,1418800,HK161_CO3093_L03,CO3093,-13,False,,8.0,6.7,8.0,,7.3,B,3.0,True,3.08,3.12,Pass
1409,1430303,HK161_CO3093_L03,CO3093,-13,False,,9.0,7.7,8.3,,8.1,B+,3.5,True,3.25,3.07,Pass
1410,1435364,HK161_CO3093_L03,CO3093,-13,False,,9.4,7.9,9.0,,8.5,A,4.0,True,3.22,3.18,Pass
1411,1423402,HK161_CO3093_L03,CO3093,-13,False,,5.4,5.7,5.6,,5.6,C,2.0,True,1.92,1.81,Pass
1412,1417878,HK161_CO3093_L03,CO3093,-13,False,,6.4,5.8,6.9,,6.2,C,2.0,True,2.36,2.48,Pass
1413,1406069,HK161_CO3093_L04,CO3093,-13,False,,7.1,6.6,6.5,,6.7,C+,2.5,True,2.61,2.54,Pass
1414,1420028,HK161_CO3093_L04,CO3093,-13,False,,8.1,7.3,6.9,,7.3,B,3.0,True,3.19,3.16,Pass
1415,1477849,HK161_CO3093_L04,CO3093,-13,False,,8.0,7.1,8.1,,7.6,B,3.0,True,3.31,3.32,Pass
1416,1454384,HK161_CO3093_L04,CO3093,-13,False,,6.6,6.1,6.6,,6.3,C,2.0,True,2.31,2.17,Pass
1417,1481529,HK161_CO3093_L04,CO3093,-13,False,,4.5,8.2,7.7,,7.3,B,3.0,True,2.53,2.71,Pass
1418,1491961,HK161_CO3093_L04,CO3093,-13,False,,10.0,7.6,6.5,,7.8,B,3.0,True,2.92,3.08,Pass
1419,1491345,HK161_CO3093_L04,CO3093,-13,False,,8.3,7.9,8.3,,8.1,B+,3.5,True,3.06,3.24,Pass
1420,1405304,HK161_CO3093_L04,CO3093,-13,False,,6.5,5.4,7.1,,6.1,C,2.0,True,2.19,2.45,Pass
1421,1418341,HK161_CO3093_L04,CO3093,-13,False,,9.8,8.7,9.3,,9.1,A,4.0,True,4.0,3.87,Pass
1422,1497175,HK161_CO3093_L04,CO3093,-13,False,,6.3,8.1,6.2,,7.2,B,3.0,True,2.5,2.47,Pass
1423,1466499,HK161_CO3093_L04,CO3093,-13,False,,9.3,7.5,8.6,,8.2,B+,3.5,True,3.67,3.55,Pass
1424,1476315,HK161_CO3093_L04,CO3093,-13,False,,8.3,8.7,8.2,,8.5,A,4.0,True,3.92,3.95,Pass
1425,1465424,HK161_CO3093_L04,CO3093,-13,False,,8.1,9.1,8.0,,8.6,A,4.0,True,3.72,3.62,Pass
1426,1450088,HK161_CO3093_L04,CO3093,-13,False,,7.4,8.7,6.0,,7.6,B,3.0,True,3.0,3.09,Pass
1427,1438585,HK161_CO3093_L04,CO3093,-13,False,,8.2,8.3,8.6,,8.4,B+,3.5,True,3.67,3.52,Pass
1428,1494719,HK161_CO3093_L04,CO3093,-13,False,,5.8,5.0,5.8,,5.4,D+,1.5,True,1.67,1.56,Pass
1429,1438891,HK161_CO3093_L04,CO3093,-13,False,,7.6,8.2,9.5,,8.5,A,4.0,True,3.5,3.33,Pass
1430,1437204,HK161_CO3093_L04,CO3093,-13,False,,6.2,7.5,7.8,,7.3,B,3.0,True,2.78,2.73,Pass
1431,1402695,HK161_CO3093_L04,CO3093,-13,False,,10.0,7.8,9.1,,8.6,A,4.0,True,3.42,3.56,Pass
1432,1494260,HK161_CO3093_L04,CO3093,-13,False,,5.2,6.2,6.8,,6.2,C,2.0,True,1.92,1.87,Pass
1433,1423708,HK161_CO3093_L04,CO3093,-13,False,,5.7,4.5,5.1,,4.9,D,1.0,True,1.89,1.66,Pass
1434,1499780,HK161_CO3093_L04,CO3093,-13,False,,6.7,5.4,5.9,,5.8,C,2.0,True,2.25,2.59,Pass
1435,1428310,HK161_CO3093_L04,CO3093,-13,False,,5.8,8.9,8.9,,8.3,B+,3.5,True,3.42,3.51,Pass
1436,1446255,HK161_CO3093_L04,CO3093,-13,False,,5.8,7.8,7.6,,7.3,B,3.0,True,2.42,2.43,Pass
1437,1461438,HK161_CO3093_L04,CO3093,-13,False,,6.1,7.8,7.1,,7.2,B,3.0,True,2.75,2.49,Pass
1438,1409443,HK161_CO3093_L04,CO3093,-13,False,,9.3,9.8,8.7,,9.4,A,4.0,True,3.89,3.98,Pass
1439,1428463,HK161_CO3093_L04,CO3093,-13,False,,6.3,5.6,7.5,,6.3,C,2.0,True,2.22,2.33,Pass
1440,1496406,HK161_CO3093_L04,CO3093,-13,False,,5.2,5.7,6.8,,5.9,C,2.0,True,1.92,1.94,Pass
1441,1451469,HK161_CO3093_L04,CO3093,-13,False,,8.8,8.9,6.9,,8.3,B+,3.5,True,3.92,3.96,Pass
1442,1420946,HK161_CO3093_L04,CO3093,-13,False,,7.8,7.5,8.7,,7.9,B,3.0,True,3.06,3.18,Pass
1443,1497022,HK161_CO3093_L04,CO3093,-13,False,,6.6,5.5,7.3,,6.3,C,2.0,True,2.64,2.46,Pass
1444,1474169,HK161_CO3093_L04,CO3093,-13,False,,8.0,9.6,7.5,,8.7,A,4.0,True,3.28,3.22,Pass
1445,1496100,HK161_CO3093_L04,CO3093,-13,False,,4.6,4.4,6.7,,5.1,D+,1.5,True,2.28,2.25,Pass
1446,1470948,HK161_CO3093_L04,CO3093,-13,False,,4.6,5.6,5.3,,5.3,D+,1.5,True,1.75,1.74,Pass
1447,1460057,HK161_CO3093_L04,CO3093,-13,False,,8.3,8.9,8.8,,8.8,A,4.0,True,3.28,3.29,Pass
1448,1440731,HK161_CO3093_L04,CO3093,-13,False,,8.1,6.7,7.9,,7.3,B,3.0,True,3.0,3.02,Pass
1449,1472941,HK161_CO3093_L04,CO3093,-13,False,,6.8,5.9,7.4,,6.5,C+,2.5,True,2.25,2.22,Pass
1450,1459904,HK161_CO3093_L04,CO3093,-13,False,,8.0,7.5,7.4,,7.6,B,3.0,True,3.25,3.09,Pass
1451,1475240,HK161_CO3093_L04,CO3093,-13,False,,6.6,8.3,7.3,,7.7,B,3.0,True,3.19,3.2,Pass
1452,1479995,HK161_CO3093_L04,CO3093,-13,False,,5.9,6.5,6.6,,6.4,C+,2.5,True,2.53,2.3,Pass
1453,1443340,HK161_CO3093_L04,CO3093,-13,False,,7.0,9.0,7.3,,8.1,B+,3.5,True,3.06,3.09,Pass
1454,1416807,HK161_CO3093_L04,CO3093,-13,False,,6.1,5.5,4.7,,5.4,D+,1.5,True,1.81,1.95,Pass
1455,1410977,HK161_CO3093_L04,CO3093,-13,False,,5.2,7.1,6.0,,6.4,C+,2.5,True,2.44,2.49,Pass
1456,1499627,HK161_CO3093_L04,CO3093,-13,False,,9.5,8.7,7.6,,8.5,A,4.0,True,3.81,3.91,Pass
1457,1471101,HK161_CO3093_L04,CO3093,-13,False,,8.3,8.7,9.1,,8.7,A,4.0,True,3.92,3.93,Pass
1458,1402236,HK161_CO3093_L04,CO3093,-13,False,,6.2,2.7,2.8,,3.4,F,0.0,False,1.5,1.8,Fail
1459,1479383,HK161_CO3093_L04,CO3093,-13,False,,6.8,9.2,8.2,,8.4,B+,3.5,True,3.28,3.22,Pass
1460,1456683,HK161_CO3093_L04,CO3093,-13,False,,8.7,9.1,8.0,,8.7,A,4.0,True,3.44,3.36,Pass
1461,1448095,HK161_CO3093_L04,CO3093,-13,False,,8.1,7.9,7.5,,7.8,B,3.0,True,3.03,3.1,Pass
1462,1492879,HK161_CO3093_L04,CO3093,-13,False,,8.7,7.4,8.2,,7.9,B,3.0,True,3.25,3.24,Pass
1463,1405916,HK161_CO3093_L04,CO3093,-13,False,,7.0,8.0,6.8,,7.4,B,3.0,True,3.19,3.23,Pass
1464,1476468,HK161_CO3093_L04,CO3093,-13,False,,10.0,9.6,9.5,,9.6,A+,4.0,True,4.0,3.98,Pass
1465,1424167,HK161_CO3093_L04,CO3093,-13,False,,5.7,6.4,4.9,,5.8,C,2.0,True,1.28,1.52,Pass
1466,1427541,HK161_CO3093_L04,CO3093,-13,False,,8.2,7.9,9.0,,8.3,B+,3.5,True,3.08,3.25,Pass
1467,1471713,HK161_CO3093_L04,CO3093,-13,False,,5.9,5.6,5.2,,5.5,C,2.0,True,1.75,1.72,Pass
1468,1444105,HK161_CO3093_L04,CO3093,-13,False,,6.9,7.1,8.1,,7.4,B,3.0,True,2.61,2.53,Pass
1469,1443952,HK161_CO3093_L04,CO3093,-13,False,,7.0,6.1,6.4,,6.4,C+,2.5,True,2.11,1.95,Pass
1470,1430609,HK161_CO3093_L04,CO3093,-13,False,,6.0,5.3,7.4,,6.1,C,2.0,True,2.08,2.33,Pass
1471,1410671,HK161_CO3093_L04,CO3093,-13,False,,8.4,7.2,7.7,,7.6,B,3.0,True,3.44,3.38,Pass
1472,1414967,HK161_CO3093_L04,CO3093,-13,False,,7.9,8.9,8.2,,8.5,A,4.0,True,3.42,3.37,Pass
1473,1416654,HK161_CO3093_L04,CO3093,-13,False,,9.1,8.7,9.3,,9.0,A,4.0,True,4.0,3.93,Pass
1474,1457758,HK161_CO3093_L04,CO3093,-13,False,,4.5,3.7,4.5,,4.1,D,1.0,True,0.84,1.08,Pass
1475,1425548,HK161_CO3093_L04,CO3093,-13,False,,8.9,7.6,7.4,,7.8,B,3.0,True,3.11,3.27,Pass
1476,1478461,HK161_CO3093_L04,CO3093,-13,False,,7.1,6.0,7.3,,6.6,C+,2.5,True,2.28,2.14,Pass
1477,1408831,HK161_CO3093_L04,CO3093,-13,False,,6.7,6.8,7.4,,7.0,B,3.0,True,2.94,3.07,Pass
1478,1462666,HK161_CO3093_L04,CO3093,-13,False,,8.1,8.4,8.1,,8.2,B+,3.5,True,3.36,3.48,Pass
1479,1463431,HK161_CO3093_L04,CO3093,-13,False,,8.5,8.2,7.6,,8.1,B+,3.5,True,3.47,3.52,Pass
1480,1445027,HK161_CO3093_L04,CO3093,-13,False,,5.4,4.1,6.4,,5.0,D+,1.5,True,1.64,1.62,Pass
1481,1456071,HK161_CO3093_L04,CO3093,-13,False,,9.2,7.3,9.4,,8.3,B+,3.5,True,3.47,3.35,Pass
1482,1495335,HK161_CO3093_L04,CO3093,-13,False,,8.2,6.9,7.6,,7.4,B,3.0,True,2.89,3.07,Pass
1483,1497328,HK161_CO3093_L04,CO3093,-13,False,,8.4,6.4,6.0,,6.7,C+,2.5,True,2.33,2.41,Pass
1484,1463584,HK161_CO3093_L04,CO3093,-13,False,,5.8,6.0,5.8,,5.9,C,2.0,True,2.0,1.77,Pass
1485,1468645,HK161_CO3093_L04,CO3093,-13,False,,7.3,8.4,7.5,,7.9,B,3.0,True,3.78,3.47,Pass
1486,1486284,HK161_CO3093_L04,CO3093,-13,False,,8.6,10.0,7.8,,9.1,A,4.0,True,3.69,3.57,Pass
1487,1412358,HK161_CO3093_L04,CO3093,-13,False,,8.3,8.0,7.1,,7.8,B,3.0,True,3.06,3.38,Pass
1488,1406375,HK161_CO3093_L04,CO3093,-13,False,,5.2,5.5,5.0,,5.3,D+,1.5,True,1.61,1.71,Pass
1489,1487665,HK161_CO3093_L04,CO3093,-13,False,,7.8,6.4,7.7,,7.1,B,3.0,True,2.64,2.5,Pass
1490,1434136,HK161_CO3093_L04,CO3093,-13,False,,8.9,10.0,8.4,,9.3,A,4.0,True,3.92,3.6,Pass
1491,1412052,HK161_CO3093_L04,CO3093,-13,False,,5.9,6.6,6.7,,6.5,C+,2.5,True,2.44,2.66,Pass
1492,1498709,HK161_CO3093_L04,CO3093,-13,False,,6.2,6.6,5.6,,6.2,C,2.0,True,2.08,2.1,Pass
1493,1454843,HK161_CO3093_L04,CO3093,-13,False,,8.0,8.0,8.1,,8.0,B+,3.5,True,3.19,3.16,Pass
1494,1432143,HK161_CO3093_L04,CO3093,-13,False,,7.8,9.3,7.7,,8.5,A,4.0,True,3.33,3.25,Pass
1495,1483063,HK161_CO3093_L04,CO3093,-13,False,,7.7,7.6,7.5,,7.6,B,3.0,True,3.39,3.13,Pass
1496,1412511,HK161_CO3093_L04,CO3093,-13,False,,8.1,9.4,9.0,,9.0,A,4.0,True,3.19,3.37,Pass
1497,1420181,HK161_CO3093_L04,CO3093,-13,False,,8.2,8.0,6.4,,7.6,B,3.0,True,3.44,3.33,Pass
1498,1473094,HK161_CO3093_L04,CO3093,-13,False,,9.9,8.1,8.1,,8.5,A,4.0,True,3.61,3.3,Pass
1499,1464659,HK161_CO3093_L04,CO3093,-13,False,,7.8,8.0,8.3,,8.1,B+,3.5,True,3.03,3.19,Pass
1500,1449013,HK161_CO3093_L04,CO3093,-13,False,,7.4,7.3,8.0,,7.5,B,3.0,True,3.39,3.44,Pass
1501,1422480,HK161_CO3093_L04,CO3093,-13,False,,6.9,7.8,8.0,,7.7,B,3.0,True,3.22,3.3,Pass
1502,1485519,HK161_CO3093_L04,CO3093,-13,False,,4.8,4.6,5.3,,4.8,D,1.0,True,1.03,1.35,Pass
1503,1488740,HK161_CO3093_L04,CO3093,-13,False,,7.5,7.8,6.5,,7.3,B,3.0,True,2.56,2.54,Pass
1504,1403001,HK161_CO3093_L04,CO3093,-13,False,,7.1,7.0,7.4,,7.1,B,3.0,True,2.83,2.64,Pass
1505,1475087,HK161_CO3093_L04,CO3093,-13,False,,9.8,9.4,9.5,,9.5,A+,4.0,True,4.0,4.0,Pass
1506,1431990,HK161_CO3093_L04,CO3093,-13,False,,6.7,7.1,8.3,,7.4,B,3.0,True,3.22,3.1,Pass
1507,1466040,HK161_CO3093_L04,CO3093,-13,False,,9.9,7.3,7.4,,7.8,B,3.0,True,3.28,3.28,Pass
1508,1452697,HK161_CO3093_L04,CO3093,-13,False,,7.6,8.3,7.5,,7.9,B,3.0,True,3.11,3.3,Pass
1509,1400243,HK161_CO3093_L04,CO3093,-13,False,,6.9,6.6,6.2,,6.5,C+,2.5,True,2.78,2.66,Pass
1510,1474475,HK161_CO3093_L04,CO3093,-13,False,,8.8,7.1,7.6,,7.6,B,3.0,True,3.0,3.09,Pass
1511,1435670,HK161_CO3093_L04,CO3093,-13,False,,7.9,8.2,7.1,,7.8,B,3.0,True,2.69,2.67,Pass
1512,1426776,HK161_CO3093_L04,CO3093,-13,False,,7.5,6.9,7.5,,7.2,B,3.0,True,3.11,2.95,Pass
1513,1453309,HK161_CO3093_L04,CO3093,-13,False,,8.3,7.5,8.4,,7.9,B,3.0,True,3.28,3.32,Pass
1514,1413280,HK161_CO3093_L04,CO3093,-13,False,,8.3,5.6,7.7,,6.8,C+,2.5,True,2.22,2.5,Pass
1515,1447020,HK161_CO3093_L04,CO3093,-13,False,,7.9,7.0,6.8,,7.1,B,3.0,True,3.47,3.38,Pass
1516,1400702,HK161_CO3093_L04,CO3093,-13,False,,8.1,6.7,7.9,,7.3,B,3.0,True,3.28,3.1,Pass
1517,1445333,HK161_CO3093_L04,CO3093,-13,False,,7.0,5.5,6.5,,6.1,C,2.0,True,2.31,2.41,Pass
1518,1420793,HK161_CO3093_L05,CO3093,-13,False,,9.6,8.3,7.7,,8.4,B+,3.5,True,3.44,3.39,Pass
1519,1456224,HK161_CO3093_L05,CO3093,-13,False,,7.2,7.4,7.2,,7.3,B,3.0,True,3.28,3.33,Pass
1520,1423249,HK161_CO3093_L05,CO3093,-13,False,,8.8,7.3,7.8,,7.8,B,3.0,True,3.28,3.2,Pass
1521,1459751,HK161_CO3093_L05,CO3093,-13,False,,6.1,7.5,7.2,,7.1,B,3.0,True,2.5,2.45,Pass
1522,1472635,HK161_CO3093_L05,CO3093,-13,False,,8.2,9.0,6.2,,8.0,B+,3.5,True,3.39,3.25,Pass
1523,1489352,HK161_CO3093_L05,CO3093,-13,False,,7.2,6.9,5.8,,6.6,C+,2.5,True,3.14,3.16,Pass
1524,1415579,HK161_CO3093_L05,CO3093,-13,False,,7.3,6.8,6.4,,6.8,C+,2.5,True,2.44,2.57,Pass
1525,1481376,HK161_CO3093_L05,CO3093,-13,False,,2.6,3.4,3.3,,3.2,F,0.0,False,0.18,1.0,Fail
1526,1469567,HK161_CO3093_L05,CO3093,-13,False,,9.1,7.4,8.7,,8.1,B+,3.5,True,3.42,3.55,Pass
1527,1482298,HK161_CO3093_L05,CO3093,-13,False,,7.5,8.4,8.2,,8.2,B+,3.5,True,3.19,3.27,Pass
1528,1419259,HK161_CO3093_L05,CO3093,-13,False,,9.6,10.0,9.8,,9.9,A+,4.0,True,4.0,3.98,Pass
1529,1448707,HK161_CO3093_L05,CO3093,-13,False,,8.5,9.8,8.2,,9.1,A,4.0,True,4.0,3.95,Pass
1530,1484750,HK161_CO3093_L05,CO3093,-13,False,,5.5,7.1,6.8,,6.7,C+,2.5,True,2.56,2.62,Pass
1531,1414504,HK161_CO3093_L05,CO3093,-13,False,,7.8,8.7,9.8,,8.8,A,4.0,True,3.94,3.93,Pass
1532,1408525,HK161_CO3093_L05,CO3093,-13,False,,5.6,5.4,5.9,,5.6,C,2.0,True,1.94,1.69,Pass
1533,1433371,HK161_CO3093_L05,CO3093,-13,False,,6.5,8.1,6.8,,7.4,B,3.0,True,3.39,3.08,Pass
1534,1415273,HK161_CO3093_L05,CO3093,-13,False,,9.1,7.5,8.1,,8.0,B+,3.5,True,3.08,3.2,Pass
1535,1422327,HK161_CO3093_L05,CO3093,-13,False,,8.8,8.2,7.1,,8.0,B+,3.5,True,3.14,3.2,Pass
1536,1446102,HK161_CO3093_L05,CO3093,-13,False,,8.0,8.4,8.3,,8.3,B+,3.5,True,3.69,3.67,Pass
1537,1454690,HK161_CO3093_L05,CO3093,-13,False,,5.6,4.4,6.4,,5.2,D+,1.5,True,1.58,1.65,Pass
1538,1487359,HK161_CO3093_L05,CO3093,-13,False,,7.5,7.8,8.1,,7.8,B,3.0,True,3.44,3.32,Pass
1539,1425701,HK161_CO3093_L05,CO3093,-13,False,,6.4,5.2,2.3,,4.6,D,1.0,True,1.36,1.71,Pass
1540,1470795,HK161_CO3093_L05,CO3093,-13,False,,5.7,6.4,6.3,,6.2,C,2.0,True,2.42,2.56,Pass
1541,1497940,HK161_CO3093_L05,CO3093,-13,False,,8.2,7.4,9.2,,8.1,B+,3.5,True,3.28,3.32,Pass
1542,1432449,HK161_CO3093_L05,CO3093,-13,False,,7.4,6.8,9.0,,7.6,B,3.0,True,3.28,3.18,Pass
1543,1401314,HK161_CO3093_L05,CO3093,-13,False,,7.5,7.6,6.9,,7.4,B,3.0,True,3.06,3.09,Pass
1544,1404535,HK161_CO3093_L05,CO3093,-13,False,,5.7,5.3,6.7,,5.8,C,2.0,True,1.47,1.61,Pass
1545,1474934,HK161_CO3093_L05,CO3093,-13,False,,5.8,5.4,7.6,,6.1,C,2.0,True,1.83,1.89,Pass
1546,1414351,HK161_CO3093_L05,CO3093,-13,False,,9.1,7.3,7.6,,7.8,B,3.0,True,3.61,3.57,Pass
1547,1447326,HK161_CO3093_L05,CO3093,-13,False,,8.8,8.3,7.5,,8.2,B+,3.5,True,3.44,3.49,Pass
1548,1465118,HK161_CO3093_L05,CO3093,-13,False,,8.2,9.0,8.0,,8.5,A,4.0,True,3.33,3.41,Pass
1549,1489199,HK161_CO3093_L05,CO3093,-13,False,,6.3,5.4,5.7,,5.7,C,2.0,True,1.39,1.56,Pass
1550,1440119,HK161_CO3093_L05,CO3093,-13,False,,8.5,7.8,7.8,,7.9,B,3.0,True,3.28,3.38,Pass
1551,1451010,HK161_CO3093_L05,CO3093,-13,False,,6.0,5.9,5.5,,5.8,C,2.0,True,1.92,2.01,Pass
1552,1493954,HK161_CO3093_L05,CO3093,-13,False,,7.8,6.5,4.7,,6.2,C,2.0,True,2.19,2.33,Pass
1553,1476009,HK161_CO3093_L05,CO3093,-13,False,,7.7,8.2,9.5,,8.5,A,4.0,True,3.25,3.4,Pass
1554,1401008,HK161_CO3093_L05,CO3093,-13,False,,7.7,7.2,7.4,,7.4,B,3.0,True,3.28,3.34,Pass
1555,1425395,HK161_CO3093_L05,CO3093,-13,False,,7.5,8.5,8.2,,8.2,B+,3.5,True,3.17,3.27,Pass
1556,1442112,HK161_CO3093_L05,CO3093,-13,False,,7.2,9.2,7.8,,8.4,B+,3.5,True,3.22,3.24,Pass
1557,1416960,HK161_CO3093_L05,CO3093,-13,False,,8.2,9.2,7.5,,8.5,A,4.0,True,3.69,3.32,Pass
1558,1498093,HK161_CO3093_L05,CO3093,-13,False,,7.7,7.5,8.5,,7.8,B,3.0,True,3.25,3.29,Pass
1559,1422786,HK161_CO3093_L05,CO3093,-13,False,,9.1,8.3,7.5,,8.2,B+,3.5,True,3.39,3.36,Pass
1560,1443493,HK161_CO3093_L05,CO3093,-13,False,,7.1,7.8,9.8,,8.3,B+,3.5,True,3.22,3.11,Pass
1561,1446561,HK161_CO3093_L05,CO3093,-13,False,,8.2,8.0,7.6,,7.9,B,3.0,True,3.39,3.4,Pass
1562,1454537,HK161_CO3093_L05,CO3093,-13,False,,4.7,5.1,7.4,,5.7,C,2.0,True,1.69,1.82,Pass
1563,1451928,HK161_CO3093_L05,CO3093,-13,False,,6.9,4.8,6.0,,5.6,C,2.0,True,1.64,1.59,Pass
1564,1479842,HK161_CO3093_L05,CO3093,-13,False,,8.8,7.4,7.4,,7.7,B,3.0,True,3.22,3.35,Pass
1565,1460210,HK161_CO3093_L05,CO3093,-13,False,,4.9,5.5,5.7,,5.4,D+,1.5,True,2.17,1.97,Pass
1566,1468033,HK161_CO3093_L05,CO3093,-13,False,,7.5,7.5,7.0,,7.3,B,3.0,True,3.03,3.21,Pass
1567,1415426,HK161_CO3093_L05,CO3093,-13,False,,5.0,4.8,6.7,,5.4,D+,1.5,True,1.53,1.59,Pass
1568,1417572,HK161_CO3093_L05,CO3093,-13,False,,9.5,9.3,6.4,,8.5,A,4.0,True,3.53,3.18,Pass
1569,1460826,HK161_CO3093_L05,CO3093,-13,False,,6.9,7.0,7.2,,7.0,B,3.0,True,2.78,2.76,Pass
1570,1471866,HK161_CO3093_L05,CO3093,-13,False,,8.1,7.7,7.4,,7.7,B,3.0,True,3.42,3.29,Pass
1571,1494872,HK161_CO3093_L05,CO3093,-13,False,,8.9,7.2,9.0,,8.1,B+,3.5,True,3.67,3.45,Pass
1572,1418953,HK161_CO3093_L05,CO3093,-13,False,,5.9,7.2,5.8,,6.5,C+,2.5,True,2.78,2.67,Pass
1573,1480611,HK161_CO3093_L05,CO3093,-13,False,,7.4,6.9,7.8,,7.3,B,3.0,True,3.11,3.26,Pass
1574,1437357,HK161_CO3093_L05,CO3093,-13,False,,7.8,7.2,8.4,,7.7,B,3.0,True,3.19,3.38,Pass
1575,1462050,HK161_CO3093_L05,CO3093,-13,False,,5.3,5.5,4.9,,5.3,D+,1.5,True,1.92,1.9,Pass
1576,1487971,HK161_CO3093_L05,CO3093,-13,False,,8.4,8.4,8.1,,8.3,B+,3.5,True,3.28,3.32,Pass
1577,1415732,HK161_CO3093_L05,CO3093,-13,False,,8.1,8.5,8.4,,8.4,B+,3.5,True,3.17,3.52,Pass
1578,1410824,HK161_CO3093_L05,CO3093,-13,False,,8.9,7.9,9.2,,8.5,A,4.0,True,4.0,4.0,Pass
1579,1402389,HK161_CO3093_L05,CO3093,-13,False,,6.6,6.1,6.4,,6.3,C,2.0,True,2.58,2.64,Pass
1580,1421715,HK161_CO3093_L05,CO3093,-13,False,,7.8,8.8,7.6,,8.2,B+,3.5,True,3.22,3.23,Pass
1581,1427082,HK161_CO3093_L05,CO3093,-13,False,,6.2,5.9,5.6,,5.9,C,2.0,True,1.83,1.61,Pass
1582,1406838,HK161_CO3093_L05,CO3093,-13,False,,8.8,7.6,8.8,,8.2,B+,3.5,True,3.08,3.11,Pass
1583,1425854,HK161_CO3093_L05,CO3093,-13,False,,6.4,7.0,6.9,,6.8,C+,2.5,True,2.67,2.85,Pass
1584,1400549,HK161_CO3093_L05,CO3093,-13,False,,8.1,8.2,7.6,,8.0,B+,3.5,True,3.19,3.14,Pass
1585,1456836,HK161_CO3093_L05,CO3093,-13,False,,9.0,8.1,10.0,,8.8,A,4.0,True,4.0,3.96,Pass
1586,1465734,HK161_CO3093_L05,CO3093,-13,False,,8.7,6.0,7.8,,7.1,B,3.0,True,2.81,2.71,Pass
1587,1484291,HK161_CO3093_L05,CO3093,-13,False,,6.7,6.4,7.9,,6.9,C+,2.5,True,3.0,3.03,Pass
1588,1499168,HK161_CO3093_L05,CO3093,-13,False,,7.5,6.5,7.0,,6.8,C+,2.5,True,2.61,2.5,Pass
1589,1432296,HK161_CO3093_L05,CO3093,-13,False,,7.6,7.4,7.8,,7.6,B,3.0,True,3.11,3.31,Pass
1590,1409290,HK161_CO3093_L05,CO3093,-13,False,,6.9,7.6,6.3,,7.1,B,3.0,True,3.25,3.33,Pass
1591,1489811,HK161_CO3093_L05,CO3093,-13,False,,8.7,7.7,8.7,,8.2,B+,3.5,True,3.5,3.65,Pass
1592,1477543,HK161_CO3093_L05,CO3093,-13,False,,6.2,7.0,6.7,,6.8,C+,2.5,True,2.53,2.51,Pass
1593,1435823,HK161_CO3093_L05,CO3093,-13,False,,6.2,6.8,6.8,,6.7,C+,2.5,True,2.22,2.41,Pass
1594,1440578,HK161_CO3093_L05,CO3093,-13,False,,6.2,7.3,6.6,,6.9,C+,2.5,True,2.61,2.69,Pass
1595,1459445,HK161_CO3093_L05,CO3093,-13,False,,8.7,7.9,7.0,,7.8,B,3.0,True,2.75,2.72,Pass
1596,1422174,HK161_CO3093_L05,CO3093,-13,False,,8.3,6.5,8.8,,7.6,B,3.0,True,2.97,3.13,Pass
1597,1448860,HK161_CO3093_L05,CO3093,-13,False,,4.5,5.0,3.9,,4.6,D,1.0,True,0.67,1.03,Pass
1598,1429997,HK161_CO3093_L05,CO3093,-13,False,,7.8,8.3,6.8,,7.8,B,3.0,True,3.03,3.23,Pass
1599,1430150,HK161_CO3093_L05,CO3093,-13,False,,5.8,6.0,5.0,,5.7,C,2.0,True,2.22,2.17,Pass
1600,1437510,HK161_CO3093_L05,CO3093,-13,False,,7.2,8.2,7.3,,7.7,B,3.0,True,3.39,3.34,Pass
1601,1444874,HK161_CO3093_L05,CO3093,-13,False,,7.3,6.1,6.8,,6.5,C+,2.5,True,2.42,2.38,Pass
1602,1401161,HK161_CO3093_L05,CO3093,-13,False,,7.6,8.0,7.2,,7.7,B,3.0,True,3.14,3.03,Pass
1603,1436592,HK161_CO3093_L05,CO3093,-13,False,,7.9,8.6,7.8,,8.2,B+,3.5,True,3.53,3.53,Pass
1604,1450394,HK161_CO3093_L05,CO3093,-13,False,,6.8,6.1,5.2,,6.0,C,2.0,True,2.0,2.05,Pass
1605,1453615,HK161_CO3093_L05,CO3093,-13,False,,5.7,6.2,5.0,,5.7,C,2.0,True,1.92,1.87,Pass
1606,1494566,HK161_CO3093_L05,CO3093,-13,False,,7.7,6.5,6.8,,6.8,C+,2.5,True,2.64,2.42,Pass
1607,1439660,HK161_CO3093_L05,CO3093,-13,False,,8.5,7.1,9.0,,8.0,B+,3.5,True,3.28,3.28,Pass
1608,1450547,HK161_CO3093_L05,CO3093,-13,False,,8.2,7.4,7.9,,7.7,B,3.0,True,3.0,3.24,Pass
1609,1495641,HK161_CO3093_L05,CO3093,-13,False,,6.1,5.3,6.1,,5.7,C,2.0,True,2.0,2.15,Pass
1610,1474322,HK161_CO3093_L05,CO3093,-13,False,,7.6,8.0,7.7,,7.8,B,3.0,True,3.14,3.16,Pass
1611,1441500,HK161_CO3093_L05,CO3093,-13,False,,5.7,6.0,5.9,,5.9,C,2.0,True,1.83,1.71,Pass
1612,1429844,HK161_CO3093_L05,CO3093,-13,False,,7.7,7.4,7.1,,7.4,B,3.0,True,2.64,2.54,Pass
1613,1461897,HK161_CO3093_L05,CO3093,-13,False,,6.4,5.3,5.7,,5.6,C,2.0,True,2.19,2.04,Pass
1614,1434905,HK161_CO3093_L05,CO3093,-13,False,,6.5,5.9,6.9,,6.3,C,2.0,True,2.31,2.5,Pass
1615,1473247,HK161_CO3093_L05,CO3093,-13,False,,6.8,7.5,7.3,,7.3,B,3.0,True,2.64,2.66,Pass
1616,1453462,HK161_CO3093_L05,CO3093,-13,False,,5.4,6.2,5.9,,6.0,C,2.0,True,1.56,1.68,Pass
1617,1460363,HK161_CO3093_L05,CO3093,-13,False,,7.5,7.4,7.5,,7.5,B,3.0,True,3.28,3.42,Pass
1618,1438279,HK161_CO3093_L05,CO3093,-13,False,,7.1,8.7,7.7,,8.1,B+,3.5,True,3.28,3.42,Pass
1619,1441806,HK161_CO3093_L05,CO3093,-13,False,,8.6,8.2,8.4,,8.3,B+,3.5,True,3.56,3.31,Pass
1620,1405457,HK161_CO3093_L05,CO3093,-13,False,,6.0,6.2,6.0,,6.1,C,2.0,True,2.39,2.6,Pass
1621,1446408,HK161_CO3093_L05,CO3093,-13,False,,9.2,8.9,9.6,,9.2,A,4.0,True,3.92,3.88,Pass
1622,1486131,HK161_CO3093_L05,CO3093,-13,False,,7.5,6.5,6.9,,6.8,C+,2.5,True,3.25,3.3,Pass
1623,1460210,HK161_CO2013_L01,CO2013,-13,False,,7.0,6.3,5.9,,6.4,C+,2.5,True,2.17,1.97,Pass
1624,1422021,HK161_CO2013_L01,CO2013,-13,False,,4.7,5.1,5.0,,5.0,D+,1.5,True,1.53,1.7,Pass
1625,1420181,HK161_CO2013_L01,CO2013,-13,False,,7.8,8.9,8.6,,8.6,A,4.0,True,3.44,3.33,Pass
1626,1470795,HK161_CO2013_L01,CO2013,-13,False,,6.7,6.2,7.5,,6.6,C+,2.5,True,2.42,2.56,Pass
1627,1419259,HK161_CO2013_L01,CO2013,-13,False,,8.9,8.4,9.3,,8.7,A,4.0,True,4.0,3.98,Pass
1628,1431990,HK161_CO2013_L01,CO2013,-13,False,,9.4,8.4,7.7,,8.5,A,4.0,True,3.22,3.1,Pass
1629,1466958,HK161_CO2013_L01,CO2013,-13,False,,8.3,7.5,7.4,,7.6,B,3.0,True,3.08,3.25,Pass
1630,1449629,HK161_CO2013_L01,CO2013,-13,False,,8.0,8.1,7.9,,8.0,B+,3.5,True,3.25,3.3,Pass
1631,1426470,HK161_CO2013_L01,CO2013,-13,False,,8.8,8.2,7.6,,8.2,B+,3.5,True,3.36,3.24,Pass
1632,1420487,HK161_CO2013_L01,CO2013,-13,False,,7.1,8.2,8.1,,8.0,B+,3.5,True,3.25,3.3,Pass
1633,1497634,HK161_CO2013_L01,CO2013,-13,False,,8.0,9.1,7.9,,8.6,A,4.0,True,3.56,3.62,Pass
1634,1463737,HK161_CO2013_L01,CO2013,-13,False,,7.3,8.8,8.6,,8.5,A,4.0,True,3.61,3.54,Pass
1635,1453003,HK161_CO2013_L01,CO2013,-13,False,,7.5,7.1,7.7,,7.3,B,3.0,True,3.36,3.26,Pass
1636,1464659,HK161_CO2013_L01,CO2013,-13,False,,7.9,5.2,7.7,,6.2,C,2.0,True,3.03,3.19,Pass
1637,1437357,HK161_CO2013_L01,CO2013,-13,False,,8.6,7.7,8.4,,8.0,B+,3.5,True,3.19,3.38,Pass
1638,1435211,HK161_CO2013_L01,CO2013,-13,False,,6.0,7.6,6.6,,7.1,B,3.0,True,3.0,3.07,Pass
1639,1453768,HK161_CO2013_L01,CO2013,-13,False,,6.3,9.3,7.2,,8.3,B+,3.5,True,3.5,3.46,Pass
1640,1462050,HK161_CO2013_L01,CO2013,-13,False,,5.4,6.3,6.5,,6.2,C,2.0,True,1.92,1.9,Pass
1641,1416807,HK161_CO2013_L01,CO2013,-13,False,,3.8,5.4,4.8,,5.0,D+,1.5,True,1.81,1.95,Pass
1642,1418494,HK161_CO2013_L01,CO2013,-13,False,,6.6,5.9,6.6,,6.2,C,2.0,True,2.61,2.64,Pass
1643,1456530,HK161_CO2013_L01,CO2013,-13,False,,7.4,7.5,7.5,,7.5,B,3.0,True,3.36,3.22,Pass
1644,1487665,HK161_CO2013_L01,CO2013,-13,False,,8.0,6.5,7.1,,6.9,C+,2.5,True,2.64,2.5,Pass
1645,1415732,HK161_CO2013_L01,CO2013,-13,False,,6.4,7.5,8.3,,7.4,B,3.0,True,3.17,3.52,Pass
1646,1426623,HK161_CO2013_L01,CO2013,-13,False,,7.4,5.8,7.7,,6.5,C+,2.5,True,2.58,2.54,Pass
1647,1402848,HK161_CO2013_L01,CO2013,-13,False,,10.0,6.9,8.9,,7.9,B,3.0,True,3.14,3.2,Pass
1648,1473247,HK161_CO2013_L01,CO2013,-13,False,,6.1,6.1,5.6,,6.0,C,2.0,True,2.64,2.66,Pass
1649,1497940,HK161_CO2013_L01,CO2013,-13,False,,8.0,7.4,7.6,,7.6,B,3.0,True,3.28,3.32,Pass
1650,1420334,HK161_CO2013_L01,CO2013,-13,False,,5.6,6.6,7.0,,6.5,C+,2.5,True,2.22,2.06,Pass
1651,1406375,HK161_CO2013_L01,CO2013,-13,False,,5.1,5.9,7.0,,6.0,C,2.0,True,1.61,1.71,Pass
1652,1431378,HK161_CO2013_L01,CO2013,-13,False,,8.7,7.4,7.1,,7.6,B,3.0,True,3.03,3.07,Pass
1653,1468186,HK161_CO2013_L01,CO2013,-13,False,,5.8,6.4,5.7,,6.1,C,2.0,True,2.28,2.39,Pass
1654,1485978,HK161_CO2013_L01,CO2013,-13,False,,8.0,7.4,7.9,,7.6,B,3.0,True,3.14,3.27,Pass
1655,1419412,HK161_CO2013_L01,CO2013,-13,False,,8.5,8.8,10.0,,9.0,A,4.0,True,3.58,3.46,Pass
1656,1424783,HK161_CO2013_L01,CO2013,-13,False,,8.6,8.3,8.0,,8.3,B+,3.5,True,3.47,3.44,Pass
1657,1437204,HK161_CO2013_L01,CO2013,-13,False,,7.6,7.5,6.3,,7.3,B,3.0,True,2.78,2.73,Pass
1658,1491651,HK161_CO2013_L01,CO2013,-13,False,,7.0,7.3,7.0,,7.2,B,3.0,True,2.53,2.54,Pass
1659,1423249,HK161_CO2013_L01,CO2013,-13,False,,7.4,8.3,8.1,,8.1,B+,3.5,True,3.28,3.2,Pass
1660,1456224,HK161_CO2013_L01,CO2013,-13,False,,8.4,7.1,8.6,,7.7,B,3.0,True,3.28,3.33,Pass
1661,1434136,HK161_CO2013_L01,CO2013,-13,False,,8.6,8.8,8.9,,8.8,A,4.0,True,3.92,3.6,Pass
1662,1451163,HK161_CO2013_L01,CO2013,-13,False,,9.6,8.4,7.9,,8.5,A,4.0,True,3.53,3.42,Pass
1663,1415273,HK161_CO2013_L01,CO2013,-13,False,,7.7,6.4,7.5,,6.9,C+,2.5,True,3.08,3.2,Pass
1664,1469873,HK161_CO2013_L01,CO2013,-13,False,,7.0,7.5,9.2,,7.7,B,3.0,True,3.33,3.26,Pass
1665,1472788,HK161_CO2013_L01,CO2013,-13,False,,7.0,6.7,7.5,,6.9,C+,2.5,True,3.14,3.18,Pass
1666,1460057,HK161_CO2013_L01,CO2013,-13,False,,8.1,8.5,7.4,,8.2,B+,3.5,True,3.28,3.29,Pass
1667,1404382,HK161_CO2013_L01,CO2013,-13,False,,6.2,5.1,6.8,,5.7,C,2.0,True,2.53,2.39,Pass
1668,1413739,HK161_CO2013_L01,CO2013,-13,False,,8.5,7.9,8.3,,8.1,B+,3.5,True,3.28,3.34,Pass
1669,1412664,HK161_CO2013_L01,CO2013,-13,False,,6.4,6.5,7.0,,6.6,C+,2.5,True,2.36,2.48,Pass
1670,1492879,HK161_CO2013_L01,CO2013,-13,False,,6.8,7.4,8.4,,7.5,B,3.0,True,3.25,3.24,Pass
1671,1475703,HK161_CO2013_L01,CO2013,-13,False,,5.6,6.3,3.7,,5.6,C,2.0,True,1.94,2.01,Pass
1672,1455149,HK161_CO2013_L01,CO2013,-13,False,,10.0,8.8,8.8,,9.0,A,4.0,True,4.0,4.0,Pass
1673,1488740,HK161_CO2013_L01,CO2013,-13,False,,6.2,7.5,7.6,,7.3,B,3.0,True,2.56,2.54,Pass
1674,1441347,HK161_CO2013_L01,CO2013,-13,False,,7.7,7.7,8.8,,7.9,B,3.0,True,3.06,3.1,Pass
1675,1451469,HK161_CO2013_L01,CO2013,-13,False,,9.7,8.9,10.0,,9.3,A,4.0,True,3.92,3.96,Pass
1676,1456683,HK161_CO2013_L01,CO2013,-13,False,,6.2,7.7,10.0,,7.9,B,3.0,True,3.44,3.36,Pass
1677,1483063,HK161_CO2013_L01,CO2013,-13,False,,7.3,8.5,7.4,,8.0,B+,3.5,True,3.39,3.13,Pass
1678,1454690,HK161_CO2013_L01,CO2013,-13,False,,5.8,5.4,5.6,,5.5,C,2.0,True,1.58,1.65,Pass
1679,1401930,HK161_CO2013_L01,CO2013,-13,False,,8.5,8.1,8.3,,8.2,B+,3.5,True,3.72,3.57,Pass
1680,1461132,HK161_CO2013_L01,CO2013,-13,False,,6.9,7.3,8.2,,7.4,B,3.0,True,2.61,2.45,Pass
1681,1427694,HK161_CO2013_L01,CO2013,-13,False,,5.5,5.4,4.4,,5.2,D+,1.5,True,1.58,1.5,Pass
1682,1402695,HK161_CO2013_L01,CO2013,-13,False,,9.0,8.4,7.7,,8.4,B+,3.5,True,3.42,3.56,Pass
1683,1400396,HK161_CO2013_L01,CO2013,-13,False,,7.0,5.9,6.6,,6.3,C,2.0,True,2.31,2.36,Pass
1684,1455918,HK161_CO2013_L01,CO2013,-13,False,,9.6,8.9,8.5,,9.0,A,4.0,True,3.58,3.3,Pass
1685,1483369,HK161_CO2013_L01,CO2013,-13,False,,6.9,7.5,7.7,,7.4,B,3.0,True,2.92,2.71,Pass
1686,1444874,HK161_CO2013_L01,CO2013,-13,False,,7.1,7.0,6.9,,7.0,B,3.0,True,2.42,2.38,Pass
1687,1463431,HK161_CO2013_L01,CO2013,-13,False,,8.6,6.6,8.2,,7.3,B,3.0,True,3.47,3.52,Pass
1688,1488893,HK161_CO2013_L01,CO2013,-13,False,,7.6,8.2,9.0,,8.2,B+,3.5,True,3.42,3.43,Pass
1689,1422327,HK161_CO2013_L01,CO2013,-13,False,,7.3,6.9,6.8,,7.0,B,3.0,True,3.14,3.2,Pass
1690,1406838,HK161_CO2013_L01,CO2013,-13,False,,8.6,6.3,8.0,,7.1,B,3.0,True,3.08,3.11,Pass
1691,1410824,HK161_CO2013_L01,CO2013,-13,False,,9.3,9.5,10.0,,9.6,A+,4.0,True,4.0,4.0,Pass
1692,1464812,HK161_CO2013_L01,CO2013,-13,False,,6.9,6.9,7.3,,7.0,B,3.0,True,2.69,2.48,Pass
1693,1419875,HK161_CO2013_L01,CO2013,-13,False,,6.6,6.4,5.8,,6.3,C,2.0,True,2.22,2.44,Pass
1694,1489199,HK161_CO2013_L01,CO2013,-13,False,,5.7,5.3,5.1,,5.3,D+,1.5,True,1.39,1.56,Pass
1695,1422174,HK161_CO2013_L01,CO2013,-13,False,,7.2,6.7,8.7,,7.2,B,3.0,True,2.97,3.13,Pass
1696,1490886,HK161_CO2013_L01,CO2013,-13,False,,8.6,8.1,7.7,,8.1,B+,3.5,True,3.19,2.98,Pass
1697,1421562,HK161_CO2013_L01,CO2013,-13,False,,8.6,8.2,7.0,,8.0,B+,3.5,True,3.19,3.21,Pass
1698,1416191,HK161_CO2013_L01,CO2013,-13,False,,8.0,7.6,7.6,,7.7,B,3.0,True,3.31,3.23,Pass
1699,1448401,HK161_CO2013_L01,CO2013,-13,False,,9.1,8.1,9.5,,8.6,A,4.0,True,3.31,3.24,Pass
1700,1429228,HK161_CO2013_L01,CO2013,-13,False,,7.3,7.9,6.8,,7.6,B,3.0,True,2.92,3.21,Pass
1701,1464200,HK161_CO2013_L01,CO2013,-13,False,,6.7,6.9,5.8,,6.6,C+,2.5,True,2.28,2.3,Pass
1702,1438891,HK161_CO2013_L01,CO2013,-13,False,,7.4,8.3,9.2,,8.3,B+,3.5,True,3.5,3.33,Pass
1703,1420793,HK161_CO2013_L01,CO2013,-13,False,,7.6,8.8,9.2,,8.6,A,4.0,True,3.44,3.39,Pass
1704,1468492,HK161_CO2013_L01,CO2013,-13,False,,6.0,6.4,6.0,,6.2,C,2.0,True,2.0,1.82,Pass
1705,1425242,HK161_CO2013_L01,CO2013,-13,False,,6.3,6.5,7.5,,6.7,C+,2.5,True,2.08,2.32,Pass
1706,1465734,HK161_CO2013_L01,CO2013,-13,False,,7.1,7.0,5.7,,6.8,C+,2.5,True,2.81,2.71,Pass
1707,1430303,HK161_CO2013_L01,CO2013,-13,False,,7.4,7.4,8.3,,7.6,B,3.0,True,3.25,3.07,Pass
1708,1404076,HK161_CO2013_L01,CO2013,-13,False,,6.2,7.9,6.5,,7.3,B,3.0,True,2.33,2.36,Pass
1709,1472329,HK161_CO2013_L01,CO2013,-13,False,,6.7,7.1,7.9,,7.2,B,3.0,True,2.44,2.62,Pass
1710,1468645,HK161_CO2013_L01,CO2013,-13,False,,8.0,9.0,8.9,,8.8,A,4.0,True,3.78,3.47,Pass
1711,1479077,HK161_CO2013_L01,CO2013,-13,False,,9.0,7.6,8.3,,8.0,B+,3.5,True,3.28,3.22,Pass
1712,1445486,HK161_CO2013_L01,CO2013,-13,False,,8.3,7.9,6.5,,7.7,B,3.0,True,3.08,3.18,Pass
1713,1412358,HK161_CO2013_L01,CO2013,-13,False,,7.5,7.5,7.8,,7.6,B,3.0,True,3.06,3.38,Pass
1714,1438126,HK161_CO2013_L01,CO2013,-13,False,,6.7,7.2,7.4,,7.1,B,3.0,True,3.31,3.16,Pass
1715,1449013,HK161_CO2013_L01,CO2013,-13,False,,8.1,7.8,8.1,,7.9,B,3.0,True,3.39,3.44,Pass
1716,1466040,HK161_CO2013_L01,CO2013,-13,False,,7.1,8.2,6.8,,7.7,B,3.0,True,3.28,3.28,Pass
1717,1443799,HK161_CO2013_L01,CO2013,-13,False,,8.4,7.4,9.5,,8.0,B+,3.5,True,3.42,3.37,Pass
1718,1469261,HK161_CO2013_L01,CO2013,-13,False,,5.9,5.7,6.3,,5.9,C,2.0,True,1.94,1.84,Pass
1719,1436286,HK161_CO2013_L01,CO2013,-13,False,,7.8,6.6,7.1,,6.9,C+,2.5,True,2.81,3.09,Pass
1720,1437973,HK161_CO2013_L01,CO2013,-13,False,,10.0,10.0,9.4,,9.9,A+,4.0,True,4.0,3.99,Pass
1721,1407909,HK161_CO2013_L01,CO2013,-13,False,,6.4,6.5,7.2,,6.6,C+,2.5,True,2.33,2.59,Pass
1722,1491345,HK161_CO2013_L01,CO2013,-13,False,,8.0,5.7,7.6,,6.5,C+,2.5,True,3.06,3.24,Pass
1723,1438585,HK161_CO2013_L01,CO2013,-13,False,,7.2,8.6,9.7,,8.5,A,4.0,True,3.67,3.52,Pass
1724,1410518,HK161_CO2013_L01,CO2013,-13,False,,6.8,8.0,6.0,,7.4,B,3.0,True,3.31,3.38,Pass
1725,1452697,HK161_CO2013_L01,CO2013,-13,False,,8.3,8.6,7.6,,8.3,B+,3.5,True,3.11,3.3,Pass
1726,1420946,HK161_CO2013_L01,CO2013,-13,False,,7.7,8.5,6.3,,7.9,B,3.0,True,3.06,3.18,Pass
1727,1448554,HK161_CO2013_L01,CO2013,-13,False,,7.5,8.7,8.2,,8.4,B+,3.5,True,3.58,3.49,Pass
1728,1435517,HK161_CO2013_L01,CO2013,-13,False,,7.2,8.8,8.1,,8.3,B+,3.5,True,3.33,3.29,Pass
1729,1405457,HK161_CO2013_L02,CO2013,-13,False,,6.6,6.5,7.0,,6.6,C+,2.5,True,2.39,2.6,Pass
1730,1454996,HK161_CO2013_L02,CO2013,-13,False,,6.2,9.1,8.4,,8.4,B+,3.5,True,3.36,3.28,Pass
1731,1461438,HK161_CO2013_L02,CO2013,-13,False,,5.6,7.4,7.4,,7.0,B,3.0,True,2.75,2.49,Pass
1732,1445180,HK161_CO2013_L02,CO2013,-13,False,,9.4,8.9,8.6,,8.9,A,4.0,True,4.0,3.95,Pass
1733,1400702,HK161_CO2013_L02,CO2013,-13,False,,7.9,8.3,8.1,,8.2,B+,3.5,True,3.28,3.1,Pass
1734,1409443,HK161_CO2013_L02,CO2013,-13,False,,10.0,10.0,10.0,,10.0,A+,4.0,True,3.89,3.98,Pass
1735,1480148,HK161_CO2013_L02,CO2013,-13,False,,8.4,6.8,7.5,,7.3,B,3.0,True,3.0,3.17,Pass
1736,1481376,HK161_CO2013_L02,CO2013,-13,False,,4.1,4.6,3.3,,4.2,D,1.0,True,0.18,1.0,Pass
1737,1450394,HK161_CO2013_L02,CO2013,-13,False,,6.2,6.3,5.6,,6.1,C,2.0,True,2.0,2.05,Pass
1738,1460363,HK161_CO2013_L02,CO2013,-13,False,,8.2,8.3,7.3,,8.1,B+,3.5,True,3.28,3.42,Pass
1739,1466652,HK161_CO2013_L02,CO2013,-13,False,,7.0,7.4,6.7,,7.2,B,3.0,True,3.11,3.1,Pass
1740,1439813,HK161_CO2013_L02,CO2013,-13,False,,7.1,7.8,8.1,,7.7,B,3.0,True,3.42,3.37,Pass
1741,1412052,HK161_CO2013_L02,CO2013,-13,False,,6.0,5.5,7.5,,6.0,C,2.0,True,2.44,2.66,Pass
1742,1454843,HK161_CO2013_L02,CO2013,-13,False,,7.7,8.2,8.4,,8.1,B+,3.5,True,3.19,3.16,Pass
1743,1484138,HK161_CO2013_L02,CO2013,-13,False,,7.4,6.9,7.9,,7.2,B,3.0,True,2.53,2.49,Pass
1744,1402236,HK161_CO2013_L02,CO2013,-13,False,,6.9,5.9,5.0,,5.9,C,2.0,True,1.5,1.8,Pass
1745,1438738,HK161_CO2013_L02,CO2013,-13,False,,7.6,7.7,7.6,,7.7,B,3.0,True,3.28,3.41,Pass
1746,1425395,HK161_CO2013_L02,CO2013,-13,False,,7.9,8.1,7.3,,7.9,B,3.0,True,3.17,3.27,Pass
1747,1477543,HK161_CO2013_L02,CO2013,-13,False,,7.4,6.8,6.9,,6.9,C+,2.5,True,2.53,2.51,Pass
1748,1438279,HK161_CO2013_L02,CO2013,-13,False,,7.4,8.1,9.3,,8.2,B+,3.5,True,3.28,3.42,Pass
1749,1488277,HK161_CO2013_L02,CO2013,-13,False,,8.3,8.5,8.3,,8.4,B+,3.5,True,3.28,3.43,Pass
1750,1414504,HK161_CO2013_L02,CO2013,-13,False,,9.0,9.1,9.7,,9.2,A,4.0,True,3.94,3.93,Pass
1751,1493648,HK161_CO2013_L02,CO2013,-13,False,,6.1,5.9,6.0,,6.0,C,2.0,True,1.61,1.73,Pass
1752,1413433,HK161_CO2013_L02,CO2013,-13,False,,6.2,8.3,8.1,,7.8,B,3.0,True,3.22,3.45,Pass
1753,1482298,HK161_CO2013_L02,CO2013,-13,False,,8.2,7.2,7.1,,7.4,B,3.0,True,3.19,3.27,Pass
1754,1422633,HK161_CO2013_L02,CO2013,-13,False,,8.5,8.3,9.1,,8.5,A,4.0,True,4.0,3.97,Pass
1755,1487512,HK161_CO2013_L02,CO2013,-13,False,,8.2,9.1,9.3,,9.0,A,4.0,True,3.78,3.62,Pass
1756,1490427,HK161_CO2013_L02,CO2013,-13,False,,6.6,7.9,6.2,,7.3,B,3.0,True,2.53,2.51,Pass
1757,1442265,HK161_CO2013_L02,CO2013,-13,False,,7.5,8.6,7.6,,8.2,B+,3.5,True,3.22,3.26,Pass
1758,1471560,HK161_CO2013_L02,CO2013,-13,False,,7.6,6.7,7.5,,7.0,B,3.0,True,3.0,3.14,Pass
1759,1407297,HK161_CO2013_L02,CO2013,-13,False,,6.0,5.8,6.2,,5.9,C,2.0,True,2.31,2.49,Pass
1760,1411130,HK161_CO2013_L02,CO2013,-13,False,,8.6,8.2,7.5,,8.1,B+,3.5,True,3.11,3.19,Pass
1761,1482757,HK161_CO2013_L02,CO2013,-13,False,,6.6,6.4,6.0,,6.4,C+,2.5,True,2.42,2.4,Pass
1762,1480764,HK161_CO2013_L02,CO2013,-13,False,,7.2,6.0,6.8,,6.4,C+,2.5,True,2.58,2.65,Pass
1763,1427388,HK161_CO2013_L02,CO2013,-13,False,,6.0,5.3,6.4,,5.7,C,2.0,True,2.42,2.22,Pass
1764,1439507,HK161_CO2013_L02,CO2013,-13,False,,5.7,7.3,8.1,,7.1,B,3.0,True,2.69,2.46,Pass
1765,1433677,HK161_CO2013_L02,CO2013,-13,False,,9.3,9.2,8.0,,9.0,A,4.0,True,3.56,3.49,Pass
1766,1431837,HK161_CO2013_L02,CO2013,-13,False,,7.3,6.5,7.3,,6.8,C+,2.5,True,2.56,2.51,Pass
1767,1494413,HK161_CO2013_L02,CO2013,-13,False,,8.8,6.6,7.4,,7.2,B,3.0,True,3.17,3.28,Pass
1768,1425701,HK161_CO2013_L02,CO2013,-13,False,,5.6,5.4,4.7,,5.3,D+,1.5,True,1.36,1.71,Pass
1769,1439660,HK161_CO2013_L02,CO2013,-13,False,,9.3,8.2,7.8,,8.3,B+,3.5,True,3.28,3.28,Pass
1770,1491961,HK161_CO2013_L02,CO2013,-13,False,,8.1,7.4,6.6,,7.4,B,3.0,True,2.92,3.08,Pass
1771,1444105,HK161_CO2013_L02,CO2013,-13,False,,5.8,6.3,6.4,,6.2,C,2.0,True,2.61,2.53,Pass
1772,1481682,HK161_CO2013_L02,CO2013,-13,False,,6.7,7.1,6.5,,6.9,C+,2.5,True,2.64,2.65,Pass
1773,1465887,HK161_CO2013_L02,CO2013,-13,False,,7.0,8.3,9.8,,8.3,B+,3.5,True,3.36,3.24,Pass
1774,1495488,HK161_CO2013_L02,CO2013,-13,False,,4.7,6.1,6.2,,5.8,C,2.0,True,2.0,1.8,Pass
1775,1450088,HK161_CO2013_L02,CO2013,-13,False,,7.2,7.8,7.3,,7.6,B,3.0,True,3.0,3.09,Pass
1776,1419106,HK161_CO2013_L02,CO2013,-13,False,,7.2,6.5,7.4,,6.8,C+,2.5,True,2.42,2.33,Pass
1777,1417266,HK161_CO2013_L02,CO2013,-13,False,,9.1,7.7,8.7,,8.2,B+,3.5,True,3.44,3.31,Pass
1778,1429075,HK161_CO2013_L02,CO2013,-13,False,,8.0,8.2,8.1,,8.1,B+,3.5,True,3.19,3.27,Pass
1779,1429997,HK161_CO2013_L02,CO2013,-13,False,,7.2,8.3,7.1,,7.8,B,3.0,True,3.03,3.23,Pass
1780,1489352,HK161_CO2013_L02,CO2013,-13,False,,8.1,10.0,8.2,,9.3,A,4.0,True,3.14,3.16,Pass
1781,1407450,HK161_CO2013_L02,CO2013,-13,False,,7.3,6.8,8.4,,7.2,B,3.0,True,3.08,3.15,Pass
1782,1411746,HK161_CO2013_L02,CO2013,-13,False,,5.9,5.0,6.6,,5.5,C,2.0,True,2.25,2.07,Pass
1783,1401314,HK161_CO2013_L02,CO2013,-13,False,,8.8,7.3,7.7,,7.7,B,3.0,True,3.06,3.09,Pass
1784,1484444,HK161_CO2013_L02,CO2013,-13,False,,8.3,8.4,7.3,,8.2,B+,3.5,True,3.44,3.42,Pass
1785,1478155,HK161_CO2013_L02,CO2013,-13,False,,8.0,9.0,9.1,,8.8,A,4.0,True,3.92,3.93,Pass
1786,1437051,HK161_CO2013_L02,CO2013,-13,False,,6.1,7.5,6.8,,7.1,B,3.0,True,2.61,2.77,Pass
1787,1473400,HK161_CO2013_L02,CO2013,-13,False,,7.9,8.5,7.7,,8.2,B+,3.5,True,3.19,3.04,Pass
1788,1487359,HK161_CO2013_L02,CO2013,-13,False,,8.2,9.1,7.5,,8.6,A,4.0,True,3.44,3.32,Pass
1789,1453615,HK161_CO2013_L02,CO2013,-13,False,,7.9,5.9,4.8,,6.1,C,2.0,True,1.92,1.87,Pass
1790,1403923,HK161_CO2013_L02,CO2013,-13,False,,8.1,7.2,7.9,,7.5,B,3.0,True,2.97,3.34,Pass
1791,1452234,HK161_CO2013_L02,CO2013,-13,False,,7.6,8.3,8.2,,8.1,B+,3.5,True,3.5,3.52,Pass
1792,1443952,HK161_CO2013_L02,CO2013,-13,False,,5.6,7.1,4.9,,6.4,C+,2.5,True,2.11,1.95,Pass
1793,1436745,HK161_CO2013_L02,CO2013,-13,False,,6.7,4.7,8.5,,5.9,C,2.0,True,2.25,2.46,Pass
1794,1448248,HK161_CO2013_L02,CO2013,-13,False,,9.6,8.1,6.6,,8.1,B+,3.5,True,3.22,3.28,Pass
1795,1495947,HK161_CO2013_L02,CO2013,-13,False,,7.3,8.1,8.2,,8.0,B+,3.5,True,3.61,3.37,Pass
1796,1439197,HK161_CO2013_L02,CO2013,-13,False,,6.6,6.6,7.3,,6.7,C+,2.5,True,2.5,2.68,Pass
1797,1424167,HK161_CO2013_L02,CO2013,-13,False,,6.9,4.7,4.7,,5.1,D+,1.5,True,1.28,1.52,Pass
1798,1432296,HK161_CO2013_L02,CO2013,-13,False,,8.5,8.1,7.1,,8.0,B+,3.5,True,3.11,3.31,Pass
1799,1418953,HK161_CO2013_L02,CO2013,-13,False,,6.8,7.2,6.5,,7.0,B,3.0,True,2.78,2.67,Pass
1800,1493185,HK161_CO2013_L02,CO2013,-13,False,,6.8,5.7,6.3,,6.0,C,2.0,True,2.0,1.96,Pass
1801,1471101,HK161_CO2013_L02,CO2013,-13,False,,8.9,8.1,10.0,,8.6,A,4.0,True,3.92,3.93,Pass
1802,1485519,HK161_CO2013_L02,CO2013,-13,False,,5.8,4.7,6.7,,5.3,D+,1.5,True,1.03,1.35,Pass
1803,1485056,HK161_CO2013_L02,CO2013,-13,False,,5.2,6.5,5.9,,6.1,C,2.0,True,1.78,1.9,Pass
1804,1408372,HK161_CO2013_L02,CO2013,-13,False,,8.1,9.1,8.4,,8.8,A,4.0,True,3.75,3.59,Pass
1805,1404229,HK161_CO2013_L02,CO2013,-13,False,,5.9,6.0,6.3,,6.0,C,2.0,True,1.55,1.51,Pass
1806,1486131,HK161_CO2013_L02,CO2013,-13,False,,8.1,8.4,7.7,,8.2,B+,3.5,True,3.25,3.3,Pass
1807,1406069,HK161_CO2013_L02,CO2013,-13,False,,6.6,5.1,6.8,,5.7,C,2.0,True,2.61,2.54,Pass
1808,1460826,HK161_CO2013_L02,CO2013,-13,False,,7.1,7.5,6.6,,7.2,B,3.0,True,2.78,2.76,Pass
1809,1465118,HK161_CO2013_L02,CO2013,-13,False,,7.8,7.8,8.4,,7.9,B,3.0,True,3.33,3.41,Pass
1810,1492114,HK161_CO2013_L02,CO2013,-13,False,,10.0,8.8,8.8,,9.0,A,4.0,True,3.44,3.45,Pass
1811,1492726,HK161_CO2013_L02,CO2013,-13,False,,8.5,6.7,8.0,,7.3,B,3.0,True,3.06,3.12,Pass
1812,1402389,HK161_CO2013_L02,CO2013,-13,False,,6.8,6.5,6.8,,6.6,C+,2.5,True,2.58,2.64,Pass
1813,1404535,HK161_CO2013_L02,CO2013,-13,False,,6.4,5.2,4.4,,5.3,D+,1.5,True,1.47,1.61,Pass
1814,1442112,HK161_CO2013_L02,CO2013,-13,False,,7.5,7.5,8.7,,7.7,B,3.0,True,3.22,3.24,Pass
1815,1499015,HK161_CO2013_L02,CO2013,-13,False,,9.2,8.2,9.2,,8.6,A,4.0,True,3.67,3.37,Pass
1816,1470948,HK161_CO2013_L02,CO2013,-13,False,,6.4,5.6,6.4,,5.9,C,2.0,True,1.75,1.74,Pass
1817,1433371,HK161_CO2013_L02,CO2013,-13,False,,8.8,10.0,5.4,,8.8,A,4.0,True,3.39,3.08,Pass
1818,1458829,HK161_CO2013_L02,CO2013,-13,False,,8.6,8.0,6.8,,7.9,B,3.0,True,3.39,3.36,Pass
1819,1454384,HK161_CO2013_L02,CO2013,-13,False,,6.7,6.1,6.7,,6.3,C,2.0,True,2.31,2.17,Pass
1820,1415426,HK161_CO2013_L02,CO2013,-13,False,,3.8,5.4,5.0,,5.0,D+,1.5,True,1.53,1.59,Pass
1821,1483985,HK161_CO2013_L02,CO2013,-13,False,,5.8,6.3,6.4,,6.2,C,2.0,True,1.75,1.72,Pass
1822,1418800,HK161_CO2013_L02,CO2013,-13,False,,6.6,7.3,7.3,,7.2,B,3.0,True,3.08,3.12,Pass
1823,1459751,HK161_CO2013_L02,CO2013,-13,False,,6.0,5.3,6.9,,5.8,C,2.0,True,2.5,2.45,Pass
1824,1480611,HK161_CO2013_L02,CO2013,-13,False,,8.4,8.2,8.5,,8.3,B+,3.5,True,3.11,3.26,Pass
1825,1459445,HK161_CO2013_L02,CO2013,-13,False,,8.7,6.7,8.2,,7.4,B,3.0,True,2.75,2.72,Pass
1826,1499168,HK161_CO2013_L02,CO2013,-13,False,,5.6,7.8,6.7,,7.1,B,3.0,True,2.61,2.5,Pass
1827,1446561,HK161_CO2013_L02,CO2013,-13,False,,6.6,7.4,8.8,,7.5,B,3.0,True,3.39,3.4,Pass
1828,1418341,HK161_CO2013_L02,CO2013,-13,False,,9.1,9.6,8.0,,9.2,A,4.0,True,4.0,3.87,Pass
1829,1498709,HK161_CO2013_L02,CO2013,-13,False,,6.4,5.7,5.7,,5.8,C,2.0,True,2.08,2.1,Pass
1830,1494260,HK161_CO2013_L02,CO2013,-13,False,,5.7,5.6,6.3,,5.8,C,2.0,True,1.92,1.87,Pass
1831,1406991,HK161_CO2013_L02,CO2013,-13,False,,6.4,6.9,7.1,,6.8,C+,2.5,True,2.47,2.49,Pass
1832,1488124,HK161_CO2013_L02,CO2013,-13,False,,8.4,7.9,8.3,,8.1,B+,3.5,True,3.42,3.44,Pass
1833,1403464,HK161_CO2013_L02,CO2013,-13,False,,7.1,8.1,6.8,,7.6,B,3.0,True,2.69,2.64,Pass
1834,1406222,HK161_CO2013_L02,CO2013,-13,False,,7.9,8.5,9.1,,8.5,A,4.0,True,3.44,3.29,Pass
1835,1486437,HK161_CO2013_L03,CO2013,-13,False,,7.3,7.8,7.6,,7.7,B,3.0,True,3.14,3.1,Pass
1836,1482910,HK161_CO2013_L03,CO2013,-13,False,,6.3,7.3,6.2,,6.9,C+,2.5,True,2.56,2.51,Pass
1837,1457911,HK161_CO2013_L03,CO2013,-13,False,,9.2,9.3,10.0,,9.4,A,4.0,True,3.83,3.9,Pass
1838,1433983,HK161_CO2013_L03,CO2013,-13,False,,7.0,8.0,4.8,,7.2,B,3.0,True,2.92,2.53,Pass
1839,1444568,HK161_CO2013_L03,CO2013,-13,False,,9.8,8.4,8.5,,8.7,A,4.0,True,3.44,3.38,Pass
1840,1499474,HK161_CO2013_L03,CO2013,-13,False,,8.0,7.9,8.2,,8.0,B+,3.5,True,3.36,3.36,Pass
1841,1401161,HK161_CO2013_L03,CO2013,-13,False,,7.6,7.9,7.7,,7.8,B,3.0,True,3.14,3.03,Pass
1842,1456071,HK161_CO2013_L03,CO2013,-13,False,,7.1,8.8,6.6,,8.0,B+,3.5,True,3.47,3.35,Pass
1843,1492420,HK161_CO2013_L03,CO2013,-13,False,,6.5,7.7,3.8,,6.7,C+,2.5,True,2.5,2.44,Pass
1844,1464353,HK161_CO2013_L03,CO2013,-13,False,,9.0,8.1,7.6,,8.2,B+,3.5,True,3.56,3.3,Pass
1845,1426929,HK161_CO2013_L03,CO2013,-13,False,,7.3,7.3,8.1,,7.5,B,3.0,True,2.58,2.56,Pass
1846,1461744,HK161_CO2013_L03,CO2013,-13,False,,7.3,7.3,8.0,,7.4,B,3.0,True,2.5,2.41,Pass
1847,1475856,HK161_CO2013_L03,CO2013,-13,False,,5.8,8.0,7.6,,7.5,B,3.0,True,2.47,2.39,Pass
1848,1432143,HK161_CO2013_L03,CO2013,-13,False,,8.4,8.4,7.4,,8.2,B+,3.5,True,3.33,3.25,Pass
1849,1402083,HK161_CO2013_L03,CO2013,-13,False,,6.6,6.8,7.4,,6.9,C+,2.5,True,2.44,2.56,Pass
1850,1405151,HK161_CO2013_L03,CO2013,-13,False,,8.3,8.1,9.0,,8.3,B+,3.5,True,3.36,3.3,Pass
1851,1430150,HK161_CO2013_L03,CO2013,-13,False,,5.4,6.0,7.3,,6.1,C,2.0,True,2.22,2.17,Pass
1852,1407756,HK161_CO2013_L03,CO2013,-13,False,,8.5,7.2,6.9,,7.4,B,3.0,True,3.08,3.32,Pass
1853,1447789,HK161_CO2013_L03,CO2013,-13,False,,6.2,6.1,8.4,,6.6,C+,2.5,True,2.47,2.44,Pass
1854,1487818,HK161_CO2013_L03,CO2013,-13,False,,8.1,8.5,7.8,,8.3,B+,3.5,True,3.03,3.2,Pass
1855,1405916,HK161_CO2013_L03,CO2013,-13,False,,7.2,8.3,7.9,,8.0,B+,3.5,True,3.19,3.23,Pass
1856,1414351,HK161_CO2013_L03,CO2013,-13,False,,9.3,8.7,8.1,,8.7,A,4.0,True,3.61,3.57,Pass
1857,1499321,HK161_CO2013_L03,CO2013,-13,False,,6.1,7.7,8.2,,7.5,B,3.0,True,3.33,3.27,Pass
1858,1416038,HK161_CO2013_L03,CO2013,-13,False,,8.2,8.7,7.6,,8.4,B+,3.5,True,3.25,3.34,Pass
1859,1467421,HK161_CO2013_L03,CO2013,-13,False,,6.1,5.8,6.1,,5.9,C,2.0,True,2.47,2.51,Pass
1860,1474016,HK161_CO2013_L03,CO2013,-13,False,,6.9,6.3,5.9,,6.3,C,2.0,True,2.08,2.09,Pass
1861,1440731,HK161_CO2013_L03,CO2013,-13,False,,6.8,7.3,8.1,,7.4,B,3.0,True,3.0,3.02,Pass
1862,1421099,HK161_CO2013_L03,CO2013,-13,False,,8.8,8.5,7.6,,8.4,B+,3.5,True,3.11,3.37,Pass
1863,1456989,HK161_CO2013_L03,CO2013,-13,False,,7.7,7.7,7.6,,7.7,B,3.0,True,3.25,3.09,Pass
1864,1477390,HK161_CO2013_L03,CO2013,-13,False,,9.5,8.1,9.1,,8.6,A,4.0,True,3.39,3.28,Pass
1865,1467880,HK161_CO2013_L03,CO2013,-13,False,,8.6,8.3,7.2,,8.1,B+,3.5,True,3.39,3.31,Pass
1866,1457142,HK161_CO2013_L03,CO2013,-13,False,,7.5,6.4,7.8,,6.9,C+,2.5,True,2.56,2.84,Pass
1867,1474628,HK161_CO2013_L03,CO2013,-13,False,,8.9,7.8,8.5,,8.2,B+,3.5,True,3.25,3.29,Pass
1868,1408525,HK161_CO2013_L03,CO2013,-13,False,,4.2,5.4,7.3,,5.5,C,2.0,True,1.94,1.69,Pass
1869,1483216,HK161_CO2013_L03,CO2013,-13,False,,5.7,5.4,6.4,,5.7,C,2.0,True,1.64,1.62,Pass
1870,1424320,HK161_CO2013_L03,CO2013,-13,False,,6.0,6.4,6.2,,6.3,C,2.0,True,2.42,2.71,Pass
1871,1440272,HK161_CO2013_L03,CO2013,-13,False,,8.6,8.4,8.5,,8.5,A,4.0,True,3.56,3.48,Pass
1872,1476315,HK161_CO2013_L03,CO2013,-13,False,,9.9,9.4,7.8,,9.2,A,4.0,True,3.92,3.95,Pass
1873,1442881,HK161_CO2013_L03,CO2013,-13,False,,4.8,6.9,5.7,,6.2,C,2.0,True,2.31,2.43,Pass
1874,1434599,HK161_CO2013_L03,CO2013,-13,False,,7.5,8.6,9.1,,8.5,A,4.0,True,3.53,3.41,Pass
1875,1417572,HK161_CO2013_L03,CO2013,-13,False,,9.6,7.8,8.6,,8.3,B+,3.5,True,3.53,3.18,Pass
1876,1467727,HK161_CO2013_L03,CO2013,-13,False,,8.3,8.8,8.1,,8.6,A,4.0,True,3.61,3.38,Pass
1877,1429844,HK161_CO2013_L03,CO2013,-13,False,,5.6,7.3,6.8,,6.9,C+,2.5,True,2.64,2.54,Pass
1878,1427541,HK161_CO2013_L03,CO2013,-13,False,,8.4,7.2,8.0,,7.6,B,3.0,True,3.08,3.25,Pass
1879,1423861,HK161_CO2013_L03,CO2013,-13,False,,5.0,5.2,5.6,,5.2,D+,1.5,True,1.39,1.75,Pass
1880,1422480,HK161_CO2013_L03,CO2013,-13,False,,7.7,8.2,8.8,,8.2,B+,3.5,True,3.22,3.3,Pass
1881,1476621,HK161_CO2013_L03,CO2013,-13,False,,8.2,5.9,6.5,,6.5,C+,2.5,True,2.42,2.43,Pass
1882,1452081,HK161_CO2013_L03,CO2013,-13,False,,5.8,5.7,6.9,,6.0,C,2.0,True,2.31,2.49,Pass
1883,1440578,HK161_CO2013_L03,CO2013,-13,False,,7.7,7.4,5.9,,7.2,B,3.0,True,2.61,2.69,Pass
1884,1469720,HK161_CO2013_L03,CO2013,-13,False,,8.0,8.1,8.6,,8.2,B+,3.5,True,3.06,3.2,Pass
1885,1447020,HK161_CO2013_L03,CO2013,-13,False,,8.6,7.2,10.0,,8.0,B+,3.5,True,3.47,3.38,Pass
1886,1497175,HK161_CO2013_L03,CO2013,-13,False,,7.0,6.9,6.2,,6.8,C+,2.5,True,2.5,2.47,Pass
1887,1494719,HK161_CO2013_L03,CO2013,-13,False,,5.5,5.7,5.2,,5.6,C,2.0,True,1.67,1.56,Pass
1888,1409290,HK161_CO2013_L03,CO2013,-13,False,,7.8,8.7,7.9,,8.4,B+,3.5,True,3.25,3.33,Pass
1889,1474934,HK161_CO2013_L03,CO2013,-13,False,,6.7,5.9,7.0,,6.3,C,2.0,True,1.83,1.89,Pass
1890,1499627,HK161_CO2013_L03,CO2013,-13,False,,9.0,7.6,9.0,,8.2,B+,3.5,True,3.81,3.91,Pass
1891,1403770,HK161_CO2013_L03,CO2013,-13,False,,7.6,9.3,8.2,,8.7,A,4.0,True,3.28,3.19,Pass
1892,1472482,HK161_CO2013_L03,CO2013,-13,False,,8.0,7.8,9.2,,8.1,B+,3.5,True,3.5,3.42,Pass
1893,1402542,HK161_CO2013_L03,CO2013,-13,False,,6.3,6.9,8.1,,7.0,B,3.0,True,3.31,3.42,Pass
1894,1403617,HK161_CO2013_L03,CO2013,-13,False,,8.3,7.1,7.4,,7.4,B,3.0,True,3.08,3.05,Pass
1895,1469108,HK161_CO2013_L03,CO2013,-13,False,,8.3,8.1,7.7,,8.1,B+,3.5,True,3.44,3.37,Pass
1896,1420640,HK161_CO2013_L03,CO2013,-13,False,,8.2,8.8,9.0,,8.7,A,4.0,True,3.47,3.52,Pass
1897,1417878,HK161_CO2013_L03,CO2013,-13,False,,6.9,6.3,6.2,,6.4,C+,2.5,True,2.36,2.48,Pass
1898,1485672,HK161_CO2013_L03,CO2013,-13,False,,6.0,7.1,6.5,,6.8,C+,2.5,True,2.53,2.6,Pass
1899,1410365,HK161_CO2013_L03,CO2013,-13,False,,8.4,7.4,9.6,,8.0,B+,3.5,True,3.81,3.85,Pass
1900,1435670,HK161_CO2013_L03,CO2013,-13,False,,6.5,7.6,6.7,,7.2,B,3.0,True,2.69,2.67,Pass
1901,1400549,HK161_CO2013_L03,CO2013,-13,False,,8.6,8.2,8.3,,8.3,B+,3.5,True,3.19,3.14,Pass
1902,1416654,HK161_CO2013_L03,CO2013,-13,False,,9.4,9.1,7.2,,8.8,A,4.0,True,4.0,3.93,Pass
1903,1462972,HK161_CO2013_L03,CO2013,-13,False,,5.8,8.7,8.1,,8.0,B+,3.5,True,3.44,3.39,Pass
1904,1482604,HK161_CO2013_L03,CO2013,-13,False,,8.2,7.3,7.7,,7.6,B,3.0,True,3.08,3.14,Pass
1905,1432602,HK161_CO2013_L03,CO2013,-13,False,,3.5,5.6,5.1,,5.1,D+,1.5,True,1.58,1.66,Pass
1906,1463125,HK161_CO2013_L03,CO2013,-13,False,,6.0,7.0,5.5,,6.5,C+,2.5,True,1.97,1.96,Pass
1907,1470179,HK161_CO2013_L03,CO2013,-13,False,,9.3,7.4,7.8,,7.9,B,3.0,True,3.22,3.43,Pass
1908,1497328,HK161_CO2013_L03,CO2013,-13,False,,7.3,6.2,6.6,,6.5,C+,2.5,True,2.33,2.41,Pass
1909,1441194,HK161_CO2013_L03,CO2013,-13,False,,7.9,8.3,6.4,,7.8,B,3.0,True,3.11,3.33,Pass
1910,1491039,HK161_CO2013_L03,CO2013,-13,False,,8.6,9.9,9.4,,9.5,A+,4.0,True,4.0,3.93,Pass
1911,1414967,HK161_CO2013_L03,CO2013,-13,False,,9.1,7.3,7.5,,7.7,B,3.0,True,3.42,3.37,Pass
1912,1490733,HK161_CO2013_L03,CO2013,-13,False,,6.5,6.0,5.7,,6.0,C,2.0,True,2.22,2.12,Pass
1913,1428769,HK161_CO2013_L03,CO2013,-13,False,,5.8,7.5,6.6,,7.0,B,3.0,True,2.92,2.46,Pass
1914,1466346,HK161_CO2013_L03,CO2013,-13,False,,8.4,9.0,8.0,,8.7,A,4.0,True,3.42,3.59,Pass
1915,1471713,HK161_CO2013_L03,CO2013,-13,False,,5.2,5.5,5.8,,5.5,C,2.0,True,1.75,1.72,Pass
1916,1415579,HK161_CO2013_L03,CO2013,-13,False,,6.8,6.5,6.7,,6.6,C+,2.5,True,2.44,2.57,Pass
1917,1451622,HK161_CO2013_L03,CO2013,-13,False,,7.7,6.5,8.3,,7.1,B,3.0,True,3.08,3.26,Pass
1918,1479536,HK161_CO2013_L03,CO2013,-13,False,,5.6,7.3,6.3,,6.8,C+,2.5,True,2.25,2.31,Pass
1919,1458217,HK161_CO2013_L03,CO2013,-13,False,,6.1,6.7,6.2,,6.5,C+,2.5,True,2.58,2.49,Pass
1920,1463584,HK161_CO2013_L03,CO2013,-13,False,,6.0,5.3,5.8,,5.5,C,2.0,True,2.0,1.77,Pass
1921,1440425,HK161_CO2013_L03,CO2013,-13,False,,7.9,8.6,7.5,,8.2,B+,3.5,True,2.78,2.69,Pass
1922,1483832,HK161_CO2013_L03,CO2013,-13,False,,7.4,8.2,8.8,,8.2,B+,3.5,True,3.25,3.19,Pass
1923,1474781,HK161_CO2013_L03,CO2013,-13,False,,8.0,9.0,9.2,,8.8,A,4.0,True,3.36,3.3,Pass
1924,1489658,HK161_CO2013_L03,CO2013,-13,False,,9.1,8.3,8.6,,8.5,A,4.0,True,3.31,3.49,Pass
1925,1428616,HK161_CO2013_L03,CO2013,-13,False,,7.0,5.7,6.4,,6.1,C,2.0,True,2.5,2.27,Pass
1926,1478461,HK161_CO2013_L03,CO2013,-13,False,,6.3,6.9,6.7,,6.7,C+,2.5,True,2.28,2.14,Pass
1927,1447326,HK161_CO2013_L03,CO2013,-13,False,,10.0,8.1,8.3,,8.5,A,4.0,True,3.44,3.49,Pass
1928,1498093,HK161_CO2013_L03,CO2013,-13,False,,7.8,8.7,7.3,,8.2,B+,3.5,True,3.25,3.29,Pass
1929,1446714,HK161_CO2013_L03,CO2013,-13,False,,7.7,7.7,6.8,,7.5,B,3.0,True,3.33,3.41,Pass
1930,1401467,HK161_CO2013_L03,CO2013,-13,False,,8.7,8.4,9.0,,8.6,A,4.0,True,3.39,3.4,Pass
1931,1425854,HK161_CO2013_L03,CO2013,-13,False,,6.6,8.0,8.1,,7.7,B,3.0,True,2.67,2.85,Pass
1932,1497022,HK161_CO2013_L03,CO2013,-13,False,,6.5,6.5,6.4,,6.5,C+,2.5,True,2.64,2.46,Pass
1933,1473094,HK161_CO2013_L03,CO2013,-13,False,,8.4,8.1,8.1,,8.2,B+,3.5,True,3.61,3.3,Pass
1934,1494872,HK161_CO2013_L03,CO2013,-13,False,,7.9,8.6,8.8,,8.5,A,4.0,True,3.67,3.45,Pass
1935,1462513,HK161_CO2013_L03,CO2013,-13,False,,9.1,7.3,6.9,,7.6,B,3.0,True,3.22,3.06,Pass
1936,1443493,HK161_CO2013_L03,CO2013,-13,False,,9.2,7.5,7.0,,7.7,B,3.0,True,3.22,3.11,Pass
1937,1428310,HK161_CO2013_L03,CO2013,-13,False,,9.1,8.3,7.6,,8.3,B+,3.5,True,3.42,3.51,Pass
1938,1482145,HK161_CO2013_L03,CO2013,-13,False,,7.4,8.5,8.3,,8.2,B+,3.5,True,3.53,3.37,Pass
1939,1449782,HK161_CO2013_L03,CO2013,-13,False,,7.6,7.8,8.4,,7.9,B,3.0,True,3.0,3.18,Pass
1940,1458370,HK161_CO2013_L03,CO2013,-13,False,,8.1,7.0,5.9,,7.0,B,3.0,True,2.69,2.7,Pass
1941,1410059,HK161_CO2013_L04,CO2013,-13,False,,6.7,6.2,7.4,,6.5,C+,2.5,True,2.44,2.55,Pass
1942,1443340,HK161_CO2013_L04,CO2013,-13,False,,8.3,7.4,8.5,,7.8,B,3.0,True,3.06,3.09,Pass
1943,1476774,HK161_CO2013_L04,CO2013,-13,False,,7.8,7.3,7.1,,7.4,B,3.0,True,3.08,3.21,Pass
1944,1465271,HK161_CO2013_L04,CO2013,-13,False,,7.6,9.6,9.1,,9.1,A,4.0,True,3.58,3.51,Pass
1945,1433065,HK161_CO2013_L04,CO2013,-13,False,,6.4,6.3,4.6,,6.0,C,2.0,True,2.0,1.83,Pass
1946,1410671,HK161_CO2013_L04,CO2013,-13,False,,8.7,8.1,8.3,,8.3,B+,3.5,True,3.44,3.38,Pass
1947,1489811,HK161_CO2013_L04,CO2013,-13,False,,8.8,8.4,8.3,,8.5,A,4.0,True,3.5,3.65,Pass
1948,1477849,HK161_CO2013_L04,CO2013,-13,False,,7.8,9.4,8.5,,8.9,A,4.0,True,3.31,3.32,Pass
1949,1436439,HK161_CO2013_L04,CO2013,-13,False,,6.9,8.6,6.7,,7.9,B,3.0,True,2.92,2.91,Pass
1950,1464965,HK161_CO2013_L04,CO2013,-13,False,,6.7,6.7,6.4,,6.6,C+,2.5,True,2.81,2.73,Pass
1951,1461285,HK161_CO2013_L04,CO2013,-13,False,,6.6,6.0,5.7,,6.1,C,2.0,True,2.06,2.01,Pass
1952,1469567,HK161_CO2013_L04,CO2013,-13,False,,8.2,7.8,8.9,,8.1,B+,3.5,True,3.42,3.55,Pass
1953,1445333,HK161_CO2013_L04,CO2013,-13,False,,7.0,6.8,6.3,,6.7,C+,2.5,True,2.31,2.41,Pass
1954,1412205,HK161_CO2013_L04,CO2013,-13,False,,7.1,5.7,4.9,,5.8,C,2.0,True,1.92,2.02,Pass
1955,1476468,HK161_CO2013_L04,CO2013,-13,False,,9.7,9.6,10.0,,9.7,A+,4.0,True,4.0,3.98,Pass
1956,1485825,HK161_CO2013_L04,CO2013,-13,False,,6.5,6.8,6.5,,6.7,C+,2.5,True,2.42,2.3,Pass
1957,1428463,HK161_CO2013_L04,CO2013,-13,False,,5.6,7.2,7.6,,7.0,B,3.0,True,2.22,2.33,Pass
1958,1487206,HK161_CO2013_L04,CO2013,-13,False,,8.6,8.4,9.3,,8.6,A,4.0,True,3.64,3.48,Pass
1959,1479995,HK161_CO2013_L04,CO2013,-13,False,,7.1,7.5,6.9,,7.3,B,3.0,True,2.53,2.3,Pass
1960,1453309,HK161_CO2013_L04,CO2013,-13,False,,7.8,7.9,7.2,,7.7,B,3.0,True,3.28,3.32,Pass
1961,1448095,HK161_CO2013_L04,CO2013,-13,False,,7.5,9.2,7.1,,8.4,B+,3.5,True,3.03,3.1,Pass
1962,1409137,HK161_CO2013_L04,CO2013,-13,False,,7.7,8.3,8.2,,8.2,B+,3.5,True,3.28,3.31,Pass
1963,1495641,HK161_CO2013_L04,CO2013,-13,False,,4.9,6.4,6.9,,6.2,C,2.0,True,2.0,2.15,Pass
1964,1432449,HK161_CO2013_L04,CO2013,-13,False,,7.4,8.3,7.9,,8.0,B+,3.5,True,3.28,3.18,Pass
1965,1410212,HK161_CO2013_L04,CO2013,-13,False,,6.5,7.5,7.5,,7.3,B,3.0,True,2.86,2.91,Pass
1966,1405610,HK161_CO2013_L04,CO2013,-13,False,,7.1,6.6,6.9,,6.8,C+,2.5,True,2.72,2.56,Pass
1967,1451775,HK161_CO2013_L04,CO2013,-13,False,,7.7,7.9,8.0,,7.9,B,3.0,True,3.08,3.19,Pass
1968,1433218,HK161_CO2013_L04,CO2013,-13,False,,9.2,8.8,7.0,,8.5,A,4.0,True,3.31,3.14,Pass
1969,1407603,HK161_CO2013_L04,CO2013,-13,False,,8.3,8.2,7.9,,8.2,B+,3.5,True,3.19,3.15,Pass
1970,1433524,HK161_CO2013_L04,CO2013,-13,False,,6.6,6.5,6.7,,6.6,C+,2.5,True,2.5,2.55,Pass
1971,1470332,HK161_CO2013_L04,CO2013,-13,False,,10.0,6.6,7.7,,7.5,B,3.0,True,3.69,3.5,Pass
1972,1451010,HK161_CO2013_L04,CO2013,-13,False,,5.6,5.5,6.1,,5.6,C,2.0,True,1.92,2.01,Pass
1973,1434752,HK161_CO2013_L04,CO2013,-13,False,,5.9,5.9,3.3,,5.4,D+,1.5,True,1.92,1.85,Pass
1974,1411899,HK161_CO2013_L04,CO2013,-13,False,,7.4,6.6,7.2,,6.9,C+,2.5,True,2.53,2.57,Pass
1975,1438432,HK161_CO2013_L04,CO2013,-13,False,,7.6,8.7,8.6,,8.5,A,4.0,True,3.64,3.52,Pass
1976,1457605,HK161_CO2013_L04,CO2013,-13,False,,6.0,7.0,8.0,,7.0,B,3.0,True,3.06,3.06,Pass
1977,1453462,HK161_CO2013_L04,CO2013,-13,False,,5.7,4.4,4.3,,4.6,D,1.0,True,1.56,1.68,Pass
1978,1422786,HK161_CO2013_L04,CO2013,-13,False,,8.3,7.1,8.8,,7.7,B,3.0,True,3.39,3.36,Pass
1979,1481070,HK161_CO2013_L04,CO2013,-13,False,,6.3,7.3,6.2,,6.9,C+,2.5,True,2.61,2.65,Pass
1980,1423555,HK161_CO2013_L04,CO2013,-13,False,,6.7,8.0,8.4,,7.8,B,3.0,True,3.39,3.23,Pass
1981,1460979,HK161_CO2013_L04,CO2013,-13,False,,6.9,5.4,6.5,,5.9,C,2.0,True,2.47,2.35,Pass
1982,1467574,HK161_CO2013_L04,CO2013,-13,False,,6.6,5.8,6.9,,6.2,C,2.0,True,2.69,2.59,Pass
1983,1410977,HK161_CO2013_L04,CO2013,-13,False,,6.2,7.4,6.6,,7.0,B,3.0,True,2.44,2.49,Pass
1984,1441959,HK161_CO2013_L04,CO2013,-13,False,,5.3,7.4,4.4,,6.4,C+,2.5,True,1.81,1.72,Pass
1985,1423402,HK161_CO2013_L04,CO2013,-13,False,,4.9,5.9,5.3,,5.6,C,2.0,True,1.92,1.81,Pass
1986,1445027,HK161_CO2013_L04,CO2013,-13,False,,5.2,6.0,6.0,,5.8,C,2.0,True,1.64,1.62,Pass
1987,1479689,HK161_CO2013_L04,CO2013,-13,False,,9.1,9.5,9.3,,9.4,A,4.0,True,3.92,3.87,Pass
1988,1429691,HK161_CO2013_L04,CO2013,-13,False,,6.9,7.3,6.7,,7.1,B,3.0,True,2.58,2.55,Pass
1989,1482451,HK161_CO2013_L04,CO2013,-13,False,,5.1,4.6,4.3,,4.6,D,1.0,True,0.63,1.02,Pass
1990,1439044,HK161_CO2013_L04,CO2013,-13,False,,7.4,6.9,8.3,,7.3,B,3.0,True,3.08,3.22,Pass
1991,1496559,HK161_CO2013_L04,CO2013,-13,False,,6.4,7.3,7.1,,7.1,B,3.0,True,2.5,2.46,Pass
1992,1417725,HK161_CO2013_L04,CO2013,-13,False,,8.4,8.5,7.6,,8.3,B+,3.5,True,3.08,3.38,Pass
1993,1493801,HK161_CO2013_L04,CO2013,-13,False,,7.9,8.6,8.5,,8.4,B+,3.5,True,3.28,3.31,Pass
1994,1423708,HK161_CO2013_L04,CO2013,-13,False,,6.4,7.5,6.7,,7.1,B,3.0,True,1.89,1.66,Pass
1995,1448860,HK161_CO2013_L04,CO2013,-13,False,,4.3,4.0,4.7,,4.2,D,1.0,True,0.67,1.03,Pass
1996,1478002,HK161_CO2013_L04,CO2013,-13,False,,7.0,5.9,7.0,,6.3,C,2.0,True,2.36,2.6,Pass
1997,1428922,HK161_CO2013_L04,CO2013,-13,False,,5.7,7.5,7.0,,7.0,B,3.0,True,2.75,2.6,Pass
1998,1491192,HK161_CO2013_L04,CO2013,-13,False,,9.1,8.2,9.3,,8.6,A,4.0,True,3.67,3.54,Pass
1999,1494566,HK161_CO2013_L04,CO2013,-13,False,,6.0,6.4,6.8,,6.4,C+,2.5,True,2.64,2.42,Pass
2000,1417113,HK161_CO2013_L04,CO2013,-13,False,,8.3,10.0,8.3,,9.3,A,4.0,True,3.28,3.2,Pass
2001,1441500,HK161_CO2013_L04,CO2013,-13,False,,6.2,5.9,5.4,,5.9,C,2.0,True,1.83,1.71,Pass
2002,1463278,HK161_CO2013_L04,CO2013,-13,False,,6.6,7.8,6.4,,7.3,B,3.0,True,2.69,2.59,Pass
2003,1454537,HK161_CO2013_L04,CO2013,-13,False,,4.5,6.0,5.6,,5.6,C,2.0,True,1.69,1.82,Pass
2004,1403001,HK161_CO2013_L04,CO2013,-13,False,,7.6,7.0,8.7,,7.5,B,3.0,True,2.83,2.64,Pass
2005,1472635,HK161_CO2013_L04,CO2013,-13,False,,8.6,9.0,7.8,,8.7,A,4.0,True,3.39,3.25,Pass
2006,1478924,HK161_CO2013_L04,CO2013,-13,False,,8.1,6.0,6.7,,6.6,C+,2.5,True,2.22,2.45,Pass
2007,1447173,HK161_CO2013_L04,CO2013,-13,False,,5.4,5.2,5.8,,5.4,D+,1.5,True,1.97,1.95,Pass
2008,1458064,HK161_CO2013_L04,CO2013,-13,False,,6.6,6.7,6.4,,6.6,C+,2.5,True,2.33,2.48,Pass
2009,1424014,HK161_CO2013_L04,CO2013,-13,False,,9.4,7.4,7.5,,7.8,B,3.0,True,3.03,3.03,Pass
2010,1455455,HK161_CO2013_L04,CO2013,-13,False,,6.8,7.6,7.7,,7.5,B,3.0,True,3.0,2.99,Pass
2011,1479842,HK161_CO2013_L04,CO2013,-13,False,,7.6,5.0,8.4,,6.2,C,2.0,True,3.22,3.35,Pass
2012,1472941,HK161_CO2013_L04,CO2013,-13,False,,7.2,6.0,5.8,,6.2,C,2.0,True,2.25,2.22,Pass
2013,1409596,HK161_CO2013_L04,CO2013,-13,False,,6.3,6.9,7.4,,6.9,C+,2.5,True,2.53,2.49,Pass
2014,1430609,HK161_CO2013_L04,CO2013,-13,False,,5.9,6.1,9.4,,6.7,C+,2.5,True,2.08,2.33,Pass
2015,1466193,HK161_CO2013_L04,CO2013,-13,False,,7.1,10.0,9.9,,9.4,A,4.0,True,3.86,3.82,Pass
2016,1400855,HK161_CO2013_L04,CO2013,-13,False,,8.1,8.3,8.4,,8.3,B+,3.5,True,3.39,3.48,Pass
2017,1426776,HK161_CO2013_L04,CO2013,-13,False,,8.5,7.4,7.3,,7.6,B,3.0,True,3.11,2.95,Pass
2018,1430456,HK161_CO2013_L04,CO2013,-13,False,,8.4,8.5,8.6,,8.5,A,4.0,True,3.56,3.52,Pass
2019,1414198,HK161_CO2013_L04,CO2013,-13,False,,6.8,7.5,6.8,,7.2,B,3.0,True,2.5,2.4,Pass
2020,1475240,HK161_CO2013_L04,CO2013,-13,False,,8.2,8.0,7.5,,7.9,B,3.0,True,3.19,3.2,Pass
2021,1427082,HK161_CO2013_L04,CO2013,-13,False,,6.0,4.3,6.1,,5.0,D+,1.5,True,1.83,1.61,Pass
2022,1450547,HK161_CO2013_L04,CO2013,-13,False,,9.0,7.4,8.0,,7.8,B,3.0,True,3.0,3.24,Pass
2023,1496253,HK161_CO2013_L04,CO2013,-13,False,,8.1,7.2,7.7,,7.5,B,3.0,True,3.19,3.32,Pass
2024,1431531,HK161_CO2013_L04,CO2013,-13,False,,7.1,6.5,6.5,,6.6,C+,2.5,True,2.28,2.1,Pass
2025,1484291,HK161_CO2013_L04,CO2013,-13,False,,8.6,7.7,7.1,,7.8,B,3.0,True,3.0,3.03,Pass
2026,1421715,HK161_CO2013_L04,CO2013,-13,False,,8.0,8.8,6.9,,8.3,B+,3.5,True,3.22,3.23,Pass
2027,1498556,HK161_CO2013_L04,CO2013,-13,False,,7.1,5.9,6.1,,6.2,C,2.0,True,2.25,2.39,Pass
2028,1496100,HK161_CO2013_L04,CO2013,-13,False,,9.0,7.7,5.9,,7.6,B,3.0,True,2.28,2.25,Pass
2029,1428157,HK161_CO2013_L04,CO2013,-13,False,,6.5,5.5,6.0,,5.8,C,2.0,True,1.78,1.79,Pass
2030,1426007,HK161_CO2013_L04,CO2013,-13,False,,9.0,7.2,7.5,,7.6,B,3.0,True,3.31,3.35,Pass
2031,1495794,HK161_CO2013_L04,CO2013,-13,False,,8.2,7.5,8.2,,7.8,B,3.0,True,3.25,3.39,Pass
2032,1430915,HK161_CO2013_L04,CO2013,-13,False,,7.1,6.9,4.9,,6.5,C+,2.5,True,2.42,2.59,Pass
2033,1446867,HK161_CO2013_L04,CO2013,-13,False,,8.5,8.6,6.7,,8.2,B+,3.5,True,3.33,3.16,Pass
2034,1451928,HK161_CO2013_L04,CO2013,-13,False,,5.7,4.6,5.3,,5.0,D+,1.5,True,1.64,1.59,Pass
2035,1466499,HK161_CO2013_L04,CO2013,-13,False,,7.8,10.0,8.6,,9.3,A,4.0,True,3.67,3.55,Pass
2036,1492573,HK161_CO2013_L04,CO2013,-13,False,,6.3,8.1,6.8,,7.5,B,3.0,True,2.94,2.83,Pass
2037,1468033,HK161_CO2013_L04,CO2013,-13,False,,7.4,6.0,7.4,,6.6,C+,2.5,True,3.03,3.21,Pass
2038,1414045,HK161_CO2013_L04,CO2013,-13,False,,8.0,6.5,8.1,,7.1,B,3.0,True,3.17,3.38,Pass
2039,1430762,HK161_CO2013_L04,CO2013,-13,False,,7.4,5.4,6.0,,5.9,C,2.0,True,2.39,2.21,Pass
2040,1433830,HK161_CO2013_L04,CO2013,-13,False,,5.2,6.0,6.2,,5.9,C,2.0,True,1.67,1.89,Pass
2041,1491498,HK161_CO2013_L04,CO2013,-13,False,,8.5,8.3,9.3,,8.5,A,4.0,True,3.42,3.44,Pass
2042,1489505,HK161_CO2013_L04,CO2013,-13,False,,9.4,9.4,8.4,,9.2,A,4.0,True,3.69,3.57,Pass
2043,1416960,HK161_CO2013_L04,CO2013,-13,False,,8.2,6.9,9.4,,7.7,B,3.0,True,3.69,3.32,Pass
2044,1451316,HK161_CO2013_L04,CO2013,-13,False,,7.7,8.5,7.9,,8.2,B+,3.5,True,3.17,3.31,Pass
2045,1479230,HK161_CO2013_L04,CO2013,-13,False,,6.7,4.6,6.9,,5.5,C,2.0,True,2.39,2.52,Pass
2046,1418647,HK161_CO2013_L05,CO2013,-13,False,,8.8,7.3,8.0,,7.7,B,3.0,True,3.39,3.42,Pass
2047,1427235,HK161_CO2013_L05,CO2013,-13,False,,7.5,8.1,8.1,,8.0,B+,3.5,True,3.19,3.12,Pass
2048,1480917,HK161_CO2013_L05,CO2013,-13,False,,5.8,6.2,7.4,,6.4,C+,2.5,True,2.64,2.72,Pass
2049,1431684,HK161_CO2013_L05,CO2013,-13,False,,8.8,6.9,8.3,,7.6,B,3.0,True,3.28,3.65,Pass
2050,1476009,HK161_CO2013_L05,CO2013,-13,False,,9.7,6.3,8.9,,7.5,B,3.0,True,3.25,3.4,Pass
2051,1474322,HK161_CO2013_L05,CO2013,-13,False,,7.1,7.3,7.7,,7.3,B,3.0,True,3.14,3.16,Pass
2052,1493032,HK161_CO2013_L05,CO2013,-13,False,,7.2,9.7,9.2,,9.1,A,4.0,True,3.69,3.49,Pass
2053,1417419,HK161_CO2013_L05,CO2013,-13,False,,3.8,4.3,4.3,,4.2,D,1.0,True,1.53,1.63,Pass
2054,1459292,HK161_CO2013_L05,CO2013,-13,False,,4.9,5.9,6.1,,5.7,C,2.0,True,2.08,1.93,Pass
2055,1418188,HK161_CO2013_L05,CO2013,-13,False,,7.4,9.0,7.3,,8.3,B+,3.5,True,3.06,3.18,Pass
2056,1465424,HK161_CO2013_L05,CO2013,-13,False,,8.1,8.6,8.1,,8.4,B+,3.5,True,3.72,3.62,Pass
2057,1459904,HK161_CO2013_L05,CO2013,-13,False,,6.9,8.1,9.0,,8.0,B+,3.5,True,3.25,3.09,Pass
2058,1453156,HK161_CO2013_L05,CO2013,-13,False,,7.8,7.1,8.4,,7.5,B,3.0,True,3.11,3.33,Pass
2059,1439966,HK161_CO2013_L05,CO2013,-13,False,,7.5,7.2,7.5,,7.3,B,3.0,True,2.61,2.55,Pass
2060,1471866,HK161_CO2013_L05,CO2013,-13,False,,8.2,9.8,7.6,,9.0,A,4.0,True,3.42,3.29,Pass
2061,1497481,HK161_CO2013_L05,CO2013,-13,False,,6.1,6.0,7.4,,6.3,C,2.0,True,2.33,2.4,Pass
2062,1479383,HK161_CO2013_L05,CO2013,-13,False,,8.9,7.1,8.3,,7.7,B,3.0,True,3.28,3.22,Pass
2063,1424936,HK161_CO2013_L05,CO2013,-13,False,,7.9,7.6,8.4,,7.8,B,3.0,True,3.17,3.12,Pass
2064,1466805,HK161_CO2013_L05,CO2013,-13,False,,6.5,4.8,7.9,,5.8,C,2.0,True,2.56,2.54,Pass
2065,1444721,HK161_CO2013_L05,CO2013,-13,False,,6.0,6.8,5.4,,6.4,C+,2.5,True,1.75,1.87,Pass
2066,1405763,HK161_CO2013_L05,CO2013,-13,False,,5.8,5.0,6.2,,5.4,D+,1.5,True,1.56,1.65,Pass
2067,1440119,HK161_CO2013_L05,CO2013,-13,False,,7.3,8.0,8.6,,8.0,B+,3.5,True,3.28,3.38,Pass
2068,1401008,HK161_CO2013_L05,CO2013,-13,False,,8.3,8.4,8.1,,8.3,B+,3.5,True,3.28,3.34,Pass
2069,1413586,HK161_CO2013_L05,CO2013,-13,False,,8.2,6.1,7.7,,6.8,C+,2.5,True,2.64,2.55,Pass
2070,1457758,HK161_CO2013_L05,CO2013,-13,False,,3.7,4.4,5.6,,4.5,D,1.0,True,0.84,1.08,Pass
2071,1469414,HK161_CO2013_L05,CO2013,-13,False,,8.3,9.9,6.5,,8.9,A,4.0,True,3.47,3.32,Pass
2072,1448707,HK161_CO2013_L05,CO2013,-13,False,,9.0,8.5,9.3,,8.8,A,4.0,True,4.0,3.95,Pass
2073,1489964,HK161_CO2013_L05,CO2013,-13,False,,5.7,5.1,5.2,,5.2,D+,1.5,True,1.58,1.82,Pass
2074,1441653,HK161_CO2013_L05,CO2013,-13,False,,4.1,6.1,6.2,,5.7,C,2.0,True,1.56,1.63,Pass
2075,1413892,HK161_CO2013_L05,CO2013,-13,False,,8.1,7.2,6.8,,7.3,B,3.0,True,3.17,3.36,Pass
2076,1413280,HK161_CO2013_L05,CO2013,-13,False,,8.4,5.7,5.8,,6.3,C,2.0,True,2.22,2.5,Pass
2077,1442418,HK161_CO2013_L05,CO2013,-13,False,,7.7,7.8,8.0,,7.8,B,3.0,True,3.36,3.39,Pass
2078,1492267,HK161_CO2013_L05,CO2013,-13,False,,8.1,8.3,8.7,,8.3,B+,3.5,True,3.47,3.5,Pass
2079,1425548,HK161_CO2013_L05,CO2013,-13,False,,8.2,7.9,8.2,,8.0,B+,3.5,True,3.11,3.27,Pass
2080,1484750,HK161_CO2013_L05,CO2013,-13,False,,8.1,5.4,7.4,,6.3,C,2.0,True,2.56,2.62,Pass
2081,1484903,HK161_CO2013_L05,CO2013,-13,False,,5.2,4.3,4.6,,4.5,D,1.0,True,1.36,1.6,Pass
2082,1415885,HK161_CO2013_L05,CO2013,-13,False,,6.7,8.8,6.5,,7.9,B,3.0,True,3.06,3.13,Pass
2083,1458676,HK161_CO2013_L05,CO2013,-13,False,,7.2,6.0,7.0,,6.4,C+,2.5,True,2.5,2.6,Pass
2084,1497787,HK161_CO2013_L05,CO2013,-13,False,,8.1,9.0,7.4,,8.5,A,4.0,True,3.69,3.4,Pass
2085,1462819,HK161_CO2013_L05,CO2013,-13,False,,7.7,8.8,7.4,,8.3,B+,3.5,True,3.25,3.26,Pass
2086,1486284,HK161_CO2013_L05,CO2013,-13,False,,8.2,8.7,9.1,,8.7,A,4.0,True,3.69,3.57,Pass
2087,1481529,HK161_CO2013_L05,CO2013,-13,False,,5.7,5.7,6.6,,5.9,C,2.0,True,2.53,2.71,Pass
2088,1498862,HK161_CO2013_L05,CO2013,-13,False,,5.9,5.1,5.5,,5.3,D+,1.5,True,1.81,1.89,Pass
2089,1407144,HK161_CO2013_L05,CO2013,-13,False,,6.9,6.7,8.3,,7.1,B,3.0,True,2.22,2.36,Pass
2090,1412511,HK161_CO2013_L05,CO2013,-13,False,,7.3,6.5,8.6,,7.1,B,3.0,True,3.19,3.37,Pass
2091,1455302,HK161_CO2013_L05,CO2013,-13,False,,7.5,8.2,7.5,,7.9,B,3.0,True,2.97,2.65,Pass
2092,1475087,HK161_CO2013_L05,CO2013,-13,False,,9.4,8.9,8.7,,9.0,A,4.0,True,4.0,4.0,Pass
2093,1443646,HK161_CO2013_L05,CO2013,-13,False,,6.0,6.0,6.3,,6.1,C,2.0,True,2.31,2.38,Pass
2094,1494107,HK161_CO2013_L05,CO2013,-13,False,,9.0,7.9,7.8,,8.1,B+,3.5,True,3.08,3.16,Pass
2095,1408831,HK161_CO2013_L05,CO2013,-13,False,,7.3,7.8,7.0,,7.5,B,3.0,True,2.94,3.07,Pass
2096,1474475,HK161_CO2013_L05,CO2013,-13,False,,7.4,8.5,5.0,,7.6,B,3.0,True,3.0,3.09,Pass
2097,1411283,HK161_CO2013_L05,CO2013,-13,False,,10.0,7.5,9.2,,8.3,B+,3.5,True,3.89,3.91,Pass
2098,1493954,HK161_CO2013_L05,CO2013,-13,False,,7.9,6.9,6.0,,6.9,C+,2.5,True,2.19,2.33,Pass
2099,1400243,HK161_CO2013_L05,CO2013,-13,False,,7.4,8.4,7.1,,7.9,B,3.0,True,2.78,2.66,Pass
2100,1435364,HK161_CO2013_L05,CO2013,-13,False,,7.9,7.9,7.2,,7.8,B,3.0,True,3.22,3.18,Pass
2101,1468339,HK161_CO2013_L05,CO2013,-13,False,,4.3,6.1,5.7,,5.7,C,2.0,True,2.0,1.81,Pass
2102,1461897,HK161_CO2013_L05,CO2013,-13,False,,7.3,6.6,5.2,,6.5,C+,2.5,True,2.19,2.04,Pass
2103,1446255,HK161_CO2013_L05,CO2013,-13,False,,5.7,7.2,6.0,,6.7,C+,2.5,True,2.42,2.43,Pass
2104,1449476,HK161_CO2013_L05,CO2013,-13,False,,8.4,8.3,8.2,,8.3,B+,3.5,True,3.31,3.23,Pass
2105,1489046,HK161_CO2013_L05,CO2013,-13,False,,7.8,6.9,8.1,,7.3,B,3.0,True,3.06,3.2,Pass
2106,1446102,HK161_CO2013_L05,CO2013,-13,False,,8.9,9.3,8.5,,9.1,A,4.0,True,3.69,3.67,Pass
2107,1435823,HK161_CO2013_L05,CO2013,-13,False,,6.4,5.9,6.2,,6.1,C,2.0,True,2.22,2.41,Pass
2108,1436592,HK161_CO2013_L05,CO2013,-13,False,,8.3,8.2,8.1,,8.2,B+,3.5,True,3.53,3.53,Pass
2109,1436898,HK161_CO2013_L05,CO2013,-13,False,,6.1,6.0,5.0,,5.8,C,2.0,True,1.83,1.9,Pass
2110,1462666,HK161_CO2013_L05,CO2013,-13,False,,7.0,7.9,8.2,,7.8,B,3.0,True,3.36,3.48,Pass
2111,1471254,HK161_CO2013_L05,CO2013,-13,False,,5.0,7.2,6.0,,6.5,C+,2.5,True,1.81,1.7,Pass
2112,1415120,HK161_CO2013_L05,CO2013,-13,False,,9.2,9.0,8.7,,9.0,A,4.0,True,3.75,3.87,Pass
2113,1456836,HK161_CO2013_L05,CO2013,-13,False,,8.5,9.9,9.5,,9.5,A+,4.0,True,4.0,3.96,Pass
2114,1408678,HK161_CO2013_L05,CO2013,-13,False,,7.2,6.7,5.9,,6.6,C+,2.5,True,2.53,2.54,Pass
2115,1476162,HK161_CO2013_L05,CO2013,-13,False,,5.5,6.0,5.7,,5.8,C,2.0,True,1.86,1.64,Pass
2116,1484597,HK161_CO2013_L05,CO2013,-13,False,,5.1,5.2,5.4,,5.2,D+,1.5,True,1.81,1.7,Pass
2117,1453921,HK161_CO2013_L05,CO2013,-13,False,,8.1,8.1,3.3,,7.1,B,3.0,True,3.19,3.33,Pass
2118,1446408,HK161_CO2013_L05,CO2013,-13,False,,9.5,10.0,10.0,,9.9,A+,4.0,True,3.92,3.88,Pass
2119,1487971,HK161_CO2013_L05,CO2013,-13,False,,7.4,8.7,8.4,,8.4,B+,3.5,True,3.28,3.32,Pass
2120,1445639,HK161_CO2013_L05,CO2013,-13,False,,8.1,7.2,9.0,,7.7,B,3.0,True,3.31,3.38,Pass
2121,1449935,HK161_CO2013_L05,CO2013,-13,False,,6.0,6.6,6.6,,6.5,C+,2.5,True,1.97,1.81,Pass
2122,1474169,HK161_CO2013_L05,CO2013,-13,False,,8.0,7.8,7.8,,7.8,B,3.0,True,3.28,3.22,Pass
2123,1434905,HK161_CO2013_L05,CO2013,-13,False,,6.6,5.3,5.3,,5.6,C,2.0,True,2.31,2.5,Pass
2124,1405304,HK161_CO2013_L05,CO2013,-13,False,,6.9,6.4,6.2,,6.5,C+,2.5,True,2.19,2.45,Pass
2125,1450241,HK161_CO2013_L05,CO2013,-13,False,,4.9,4.9,5.7,,5.1,D+,1.5,True,1.39,1.58,Pass
2126,1486590,HK161_CO2013_L05,CO2013,-13,False,,7.2,7.2,7.7,,7.3,B,3.0,True,3.25,3.27,Pass
2127,1441806,HK161_CO2013_L05,CO2013,-13,False,,7.6,7.5,7.5,,7.5,B,3.0,True,3.56,3.31,Pass
2128,1420028,HK161_CO2013_L05,CO2013,-13,False,,7.9,7.3,7.3,,7.4,B,3.0,True,3.19,3.16,Pass
2129,1412817,HK161_CO2013_L05,CO2013,-13,False,,7.7,5.8,6.7,,6.4,C+,2.5,True,2.33,2.45,Pass
2130,1447942,HK161_CO2013_L05,CO2013,-13,False,,7.8,6.6,7.8,,7.1,B,3.0,True,3.17,3.24,Pass
2131,1473553,HK161_CO2013_L05,CO2013,-13,False,,8.7,7.2,8.5,,7.8,B,3.0,True,3.14,3.33,Pass
2132,1495335,HK161_CO2013_L05,CO2013,-13,False,,8.4,7.4,6.6,,7.4,B,3.0,True,2.89,3.07,Pass
2133,1443187,HK161_CO2013_L05,CO2013,-13,False,,7.6,8.8,6.0,,8.0,B+,3.5,True,3.03,3.02,Pass
2134,1471407,HK161_CO2013_L05,CO2013,-13,False,,7.1,6.3,6.1,,6.4,C+,2.5,True,2.36,2.42,Pass
2135,1461591,HK161_CO2013_L05,CO2013,-13,False,,6.3,7.6,7.0,,7.2,B,3.0,True,2.83,2.75,Pass
2136,1481223,HK161_CO2013_L05,CO2013,-13,False,,6.0,5.5,7.3,,6.0,C,2.0,True,2.14,2.22,Pass
2137,1421868,HK161_CO2013_L05,CO2013,-13,False,,8.6,8.3,7.1,,8.1,B+,3.5,True,3.47,3.32,Pass
2138,1404688,HK161_CO2013_L05,CO2013,-13,False,,6.2,7.7,6.0,,7.1,B,3.0,True,2.58,2.54,Pass
2139,1437510,HK161_CO2013_L05,CO2013,-13,False,,9.5,7.3,8.1,,7.9,B,3.0,True,3.39,3.34,Pass
2140,1456377,HK161_CO2013_L05,CO2013,-13,False,,8.2,8.4,7.7,,8.2,B+,3.5,True,3.58,3.43,Pass
2141,1408984,HK161_CO2013_L05,CO2013,-13,False,,9.0,9.5,7.8,,9.1,A,4.0,True,3.14,3.06,Pass
2142,1477237,HK161_CO2013_L05,CO2013,-13,False,,5.4,5.6,6.9,,5.8,C,2.0,True,2.31,2.41,Pass
2143,1435058,HK161_CO2013_L05,CO2013,-13,False,,8.7,8.7,8.0,,8.6,A,4.0,True,3.69,3.45,Pass
2144,1499780,HK161_CO2013_L05,CO2013,-13,False,,7.0,6.7,7.0,,6.8,C+,2.5,True,2.25,2.59,Pass
2145,1425089,HK161_CO2013_L05,CO2013,-13,False,,7.5,6.9,7.3,,7.1,B,3.0,True,3.25,3.35,Pass
2146,1459598,HK161_CO2013_L05,CO2013,-13,False,,7.6,6.8,8.0,,7.2,B,3.0,True,2.44,2.52,Pass
2147,1458523,HK161_CO2013_L05,CO2013,-13,False,,7.5,8.3,7.5,,8.0,B+,3.5,True,3.25,3.12,Pass
2148,1487053,HK161_CO2013_L05,CO2013,-13,False,,8.2,8.7,8.3,,8.5,A,4.0,True,3.22,3.3,Pass
2149,1477696,HK161_CO2013_L05,CO2013,-13,False,,8.7,6.0,6.7,,6.7,C+,2.5,True,2.53,2.62,Pass
2150,1496406,HK161_CO2013_L05,CO2013,-13,False,,5.7,5.6,5.8,,5.7,C,2.0,True,1.92,1.94,Pass
2151,1412205,HK161_CO3001_L01,CO3001,-13,False,,5.5,5.0,5.9,,5.4,D+,1.5,True,1.92,2.02,Pass
2152,1474781,HK161_CO3001_L01,CO3001,-13,False,,7.8,7.9,6.9,,7.6,B,3.0,True,3.36,3.3,Pass
2153,1470179,HK161_CO3001_L01,CO3001,-13,False,,8.6,7.7,8.6,,8.2,B+,3.5,True,3.22,3.43,Pass
2154,1448095,HK161_CO3001_L01,CO3001,-13,False,,8.7,7.6,7.6,,7.8,B,3.0,True,3.03,3.1,Pass
2155,1410059,HK161_CO3001_L01,CO3001,-13,False,,7.8,6.2,7.0,,6.8,C+,2.5,True,2.44,2.55,Pass
2156,1435517,HK161_CO3001_L01,CO3001,-13,False,,8.8,7.2,6.8,,7.4,B,3.0,True,3.33,3.29,Pass
2157,1478002,HK161_CO3001_L01,CO3001,-13,False,,8.0,7.0,7.5,,7.3,B,3.0,True,2.36,2.6,Pass
2158,1440425,HK161_CO3001_L01,CO3001,-13,False,,6.5,7.1,5.4,,6.5,C+,2.5,True,2.78,2.69,Pass
2159,1476774,HK161_CO3001_L01,CO3001,-13,False,,7.3,7.2,8.8,,7.7,B,3.0,True,3.08,3.21,Pass
2160,1449782,HK161_CO3001_L01,CO3001,-13,False,,7.1,6.4,8.3,,7.1,B,3.0,True,3.0,3.18,Pass
2161,1432296,HK161_CO3001_L01,CO3001,-13,False,,8.7,7.5,8.1,,7.9,B,3.0,True,3.11,3.31,Pass
2162,1474628,HK161_CO3001_L01,CO3001,-13,False,,7.1,8.7,7.4,,8.0,B+,3.5,True,3.25,3.29,Pass
2163,1414967,HK161_CO3001_L01,CO3001,-13,False,,7.9,9.1,8.7,,8.7,A,4.0,True,3.42,3.37,Pass
2164,1405304,HK161_CO3001_L01,CO3001,-13,False,,7.0,6.4,5.7,,6.3,C,2.0,True,2.19,2.45,Pass
2165,1446255,HK161_CO3001_L01,CO3001,-13,False,,4.6,7.4,5.1,,6.2,C,2.0,True,2.42,2.43,Pass
2166,1458829,HK161_CO3001_L01,CO3001,-13,False,,6.8,8.2,8.1,,7.9,B,3.0,True,3.39,3.36,Pass
2167,1497328,HK161_CO3001_L01,CO3001,-13,False,,5.3,5.6,5.5,,5.5,C,2.0,True,2.33,2.41,Pass
2168,1465424,HK161_CO3001_L01,CO3001,-13,False,,6.4,8.5,8.1,,8.0,B+,3.5,True,3.72,3.62,Pass
2169,1474169,HK161_CO3001_L01,CO3001,-13,False,,9.1,6.5,8.7,,7.7,B,3.0,True,3.28,3.22,Pass
2170,1489964,HK161_CO3001_L01,CO3001,-13,False,,6.7,5.5,6.5,,6.0,C,2.0,True,1.58,1.82,Pass
2171,1400855,HK161_CO3001_L01,CO3001,-13,False,,9.6,8.3,8.8,,8.7,A,4.0,True,3.39,3.48,Pass
2172,1415885,HK161_CO3001_L01,CO3001,-13,False,,7.9,8.5,7.3,,8.0,B+,3.5,True,3.06,3.13,Pass
2173,1452081,HK161_CO3001_L01,CO3001,-13,False,,6.7,6.0,6.3,,6.2,C,2.0,True,2.31,2.49,Pass
2174,1401930,HK161_CO3001_L01,CO3001,-13,False,,7.6,8.9,8.5,,8.5,A,4.0,True,3.72,3.57,Pass
2175,1458370,HK161_CO3001_L01,CO3001,-13,False,,6.8,8.6,7.1,,7.8,B,3.0,True,2.69,2.7,Pass
2176,1413586,HK161_CO3001_L01,CO3001,-13,False,,6.7,7.6,6.7,,7.1,B,3.0,True,2.64,2.55,Pass
2177,1470795,HK161_CO3001_L01,CO3001,-13,False,,6.5,7.3,6.4,,6.9,C+,2.5,True,2.42,2.56,Pass
2178,1419106,HK161_CO3001_L01,CO3001,-13,False,,6.2,6.9,5.6,,6.4,C+,2.5,True,2.42,2.33,Pass
2179,1493954,HK161_CO3001_L01,CO3001,-13,False,,7.4,6.2,6.6,,6.6,C+,2.5,True,2.19,2.33,Pass
2180,1497787,HK161_CO3001_L01,CO3001,-13,False,,9.1,9.3,8.7,,9.1,A,4.0,True,3.69,3.4,Pass
2181,1466193,HK161_CO3001_L01,CO3001,-13,False,,9.3,10.0,8.8,,9.5,A+,4.0,True,3.86,3.82,Pass
2182,1413280,HK161_CO3001_L01,CO3001,-13,False,,6.8,6.5,6.6,,6.6,C+,2.5,True,2.22,2.5,Pass
2183,1475087,HK161_CO3001_L01,CO3001,-13,False,,9.2,10.0,9.4,,9.7,A+,4.0,True,4.0,4.0,Pass
2184,1402695,HK161_CO3001_L01,CO3001,-13,False,,7.8,8.7,6.1,,7.7,B,3.0,True,3.42,3.56,Pass
2185,1422786,HK161_CO3001_L01,CO3001,-13,False,,7.5,8.3,8.0,,8.1,B+,3.5,True,3.39,3.36,Pass
2186,1439197,HK161_CO3001_L01,CO3001,-13,False,,8.2,6.5,6.4,,6.8,C+,2.5,True,2.5,2.68,Pass
2187,1434136,HK161_CO3001_L01,CO3001,-13,False,,8.8,8.6,8.3,,8.6,A,4.0,True,3.92,3.6,Pass
2188,1408831,HK161_CO3001_L01,CO3001,-13,False,,7.6,7.2,7.3,,7.3,B,3.0,True,2.94,3.07,Pass
2189,1417266,HK161_CO3001_L01,CO3001,-13,False,,9.1,7.6,8.1,,8.1,B+,3.5,True,3.44,3.31,Pass
2190,1403464,HK161_CO3001_L01,CO3001,-13,False,,7.0,7.6,7.0,,7.3,B,3.0,True,2.69,2.64,Pass
2191,1483063,HK161_CO3001_L01,CO3001,-13,False,,7.4,9.4,8.7,,8.8,A,4.0,True,3.39,3.13,Pass
2192,1440731,HK161_CO3001_L01,CO3001,-13,False,,8.3,7.3,6.9,,7.4,B,3.0,True,3.0,3.02,Pass
2193,1433677,HK161_CO3001_L01,CO3001,-13,False,,6.4,8.1,8.9,,8.0,B+,3.5,True,3.56,3.49,Pass
2194,1418800,HK161_CO3001_L01,CO3001,-13,False,,7.7,7.6,8.1,,7.8,B,3.0,True,3.08,3.12,Pass
2195,1490427,HK161_CO3001_L01,CO3001,-13,False,,6.0,6.8,7.2,,6.8,C+,2.5,True,2.53,2.51,Pass
2196,1442265,HK161_CO3001_L01,CO3001,-13,False,,6.9,7.6,7.7,,7.5,B,3.0,True,3.22,3.26,Pass
2197,1466346,HK161_CO3001_L01,CO3001,-13,False,,8.4,6.8,9.4,,7.9,B,3.0,True,3.42,3.59,Pass
2198,1401314,HK161_CO3001_L01,CO3001,-13,False,,7.5,7.4,7.2,,7.4,B,3.0,True,3.06,3.09,Pass
2199,1406991,HK161_CO3001_L01,CO3001,-13,False,,7.2,6.2,6.8,,6.6,C+,2.5,True,2.47,2.49,Pass
2200,1499015,HK161_CO3001_L01,CO3001,-13,False,,9.9,8.6,8.6,,8.9,A,4.0,True,3.67,3.37,Pass
2201,1429691,HK161_CO3001_L01,CO3001,-13,False,,7.0,6.4,5.6,,6.3,C,2.0,True,2.58,2.55,Pass
2202,1420640,HK161_CO3001_L01,CO3001,-13,False,,7.3,8.0,9.3,,8.2,B+,3.5,True,3.47,3.52,Pass
2203,1471560,HK161_CO3001_L01,CO3001,-13,False,,6.2,8.1,6.5,,7.2,B,3.0,True,3.0,3.14,Pass
2204,1436439,HK161_CO3001_L01,CO3001,-13,False,,8.3,7.6,6.4,,7.4,B,3.0,True,2.92,2.91,Pass
2205,1486284,HK161_CO3001_L01,CO3001,-13,False,,7.6,7.6,9.0,,8.0,B+,3.5,True,3.69,3.57,Pass
2206,1455302,HK161_CO3001_L01,CO3001,-13,False,,8.1,7.2,6.7,,7.2,B,3.0,True,2.97,2.65,Pass
2207,1449013,HK161_CO3001_L01,CO3001,-13,False,,8.0,9.6,8.2,,8.9,A,4.0,True,3.39,3.44,Pass
2208,1425089,HK161_CO3001_L01,CO3001,-13,False,,8.4,7.3,9.1,,8.1,B+,3.5,True,3.25,3.35,Pass
2209,1428769,HK161_CO3001_L01,CO3001,-13,False,,6.2,7.2,7.8,,7.2,B,3.0,True,2.92,2.46,Pass
2210,1436286,HK161_CO3001_L01,CO3001,-13,False,,7.4,7.5,7.6,,7.5,B,3.0,True,2.81,3.09,Pass
2211,1456530,HK161_CO3001_L01,CO3001,-13,False,,8.2,7.2,6.9,,7.3,B,3.0,True,3.36,3.22,Pass
2212,1460979,HK161_CO3001_L01,CO3001,-13,False,,5.9,7.7,7.1,,7.2,B,3.0,True,2.47,2.35,Pass
2213,1428310,HK161_CO3001_L01,CO3001,-13,False,,8.2,8.0,7.7,,8.0,B+,3.5,True,3.42,3.51,Pass
2214,1446714,HK161_CO3001_L01,CO3001,-13,False,,7.2,9.3,8.3,,8.6,A,4.0,True,3.33,3.41,Pass
2215,1433218,HK161_CO3001_L01,CO3001,-13,False,,7.1,8.4,8.6,,8.2,B+,3.5,True,3.31,3.14,Pass
2216,1430456,HK161_CO3001_L01,CO3001,-13,False,,8.2,8.7,8.1,,8.4,B+,3.5,True,3.56,3.52,Pass
2217,1460826,HK161_CO3001_L01,CO3001,-13,False,,6.9,6.0,6.7,,6.4,C+,2.5,True,2.78,2.76,Pass
2218,1414351,HK161_CO3001_L01,CO3001,-13,False,,7.5,9.3,8.3,,8.6,A,4.0,True,3.61,3.57,Pass
2219,1467727,HK161_CO3001_L01,CO3001,-13,False,,10.0,8.8,9.1,,9.1,A,4.0,True,3.61,3.38,Pass
2220,1460210,HK161_CO3001_L01,CO3001,-13,False,,5.8,6.8,8.5,,7.1,B,3.0,True,2.17,1.97,Pass
2221,1401161,HK161_CO3001_L01,CO3001,-13,False,,7.8,8.6,6.6,,7.8,B,3.0,True,3.14,3.03,Pass
2222,1499321,HK161_CO3001_L01,CO3001,-13,False,,6.8,10.0,7.3,,8.6,A,4.0,True,3.33,3.27,Pass
2223,1444721,HK161_CO3001_L01,CO3001,-13,False,,5.6,5.1,5.5,,5.3,D+,1.5,True,1.75,1.87,Pass
2224,1494872,HK161_CO3001_L01,CO3001,-13,False,,7.5,8.7,8.5,,8.4,B+,3.5,True,3.67,3.45,Pass
2225,1485825,HK161_CO3001_L01,CO3001,-13,False,,6.9,6.5,6.1,,6.5,C+,2.5,True,2.42,2.3,Pass
2226,1420487,HK161_CO3001_L01,CO3001,-13,False,,8.9,7.3,8.1,,7.9,B,3.0,True,3.25,3.3,Pass
2227,1466805,HK161_CO3001_L01,CO3001,-13,False,,8.4,7.2,6.6,,7.3,B,3.0,True,2.56,2.54,Pass
2228,1456683,HK161_CO3001_L01,CO3001,-13,False,,7.0,8.2,8.2,,8.0,B+,3.5,True,3.44,3.36,Pass
2229,1471866,HK161_CO3001_L01,CO3001,-13,False,,8.2,8.7,7.5,,8.2,B+,3.5,True,3.42,3.29,Pass
2230,1453003,HK161_CO3001_L01,CO3001,-13,False,,8.6,8.1,8.6,,8.3,B+,3.5,True,3.36,3.26,Pass
2231,1427541,HK161_CO3001_L01,CO3001,-13,False,,8.9,7.9,8.0,,8.1,B+,3.5,True,3.08,3.25,Pass
2232,1476009,HK161_CO3001_L01,CO3001,-13,False,,9.1,8.0,8.7,,8.4,B+,3.5,True,3.25,3.4,Pass
2233,1443493,HK161_CO3001_L01,CO3001,-13,False,,7.2,8.7,7.0,,7.9,B,3.0,True,3.22,3.11,Pass
2234,1452234,HK161_CO3001_L01,CO3001,-13,False,,9.7,8.0,8.5,,8.5,A,4.0,True,3.5,3.52,Pass
2235,1422021,HK161_CO3001_L01,CO3001,-13,False,,5.0,6.0,6.0,,5.8,C,2.0,True,1.53,1.7,Pass
2236,1418341,HK161_CO3001_L01,CO3001,-13,False,,9.1,9.4,8.9,,9.2,A,4.0,True,4.0,3.87,Pass
2237,1407144,HK161_CO3001_L01,CO3001,-13,False,,6.3,5.8,6.5,,6.1,C,2.0,True,2.22,2.36,Pass
2238,1474322,HK161_CO3001_L01,CO3001,-13,False,,8.7,8.1,8.4,,8.3,B+,3.5,True,3.14,3.16,Pass
2239,1439507,HK161_CO3001_L01,CO3001,-13,False,,6.9,6.9,5.2,,6.4,C+,2.5,True,2.69,2.46,Pass
2240,1482910,HK161_CO3001_L01,CO3001,-13,False,,7.9,7.2,6.3,,7.1,B,3.0,True,2.56,2.51,Pass
2241,1474016,HK161_CO3001_L01,CO3001,-13,False,,5.6,5.4,6.0,,5.6,C,2.0,True,2.08,2.09,Pass
2242,1439660,HK161_CO3001_L01,CO3001,-13,False,,6.9,8.0,7.9,,7.8,B,3.0,True,3.28,3.28,Pass
2243,1494566,HK161_CO3001_L01,CO3001,-13,False,,7.9,7.3,6.9,,7.3,B,3.0,True,2.64,2.42,Pass
2244,1450394,HK161_CO3001_L01,CO3001,-13,False,,6.2,5.4,7.2,,6.1,C,2.0,True,2.0,2.05,Pass
2245,1493185,HK161_CO3001_L01,CO3001,-13,False,,5.5,5.2,6.4,,5.6,C,2.0,True,2.0,1.96,Pass
2246,1462972,HK161_CO3001_L01,CO3001,-13,False,,8.7,8.0,8.8,,8.4,B+,3.5,True,3.44,3.39,Pass
2247,1467421,HK161_CO3001_L01,CO3001,-13,False,,6.3,6.1,7.0,,6.4,C+,2.5,True,2.47,2.51,Pass
2248,1416191,HK161_CO3001_L01,CO3001,-13,False,,6.7,7.6,7.4,,7.4,B,3.0,True,3.31,3.23,Pass
2249,1494413,HK161_CO3001_L01,CO3001,-13,False,,8.9,8.2,9.2,,8.6,A,4.0,True,3.17,3.28,Pass
2250,1481070,HK161_CO3001_L01,CO3001,-13,False,,7.5,8.5,7.5,,8.0,B+,3.5,True,2.61,2.65,Pass
2251,1492879,HK161_CO3001_L01,CO3001,-13,False,,8.3,8.1,8.3,,8.2,B+,3.5,True,3.25,3.24,Pass
2252,1441500,HK161_CO3001_L01,CO3001,-13,False,,5.2,6.4,5.3,,5.8,C,2.0,True,1.83,1.71,Pass
2253,1430150,HK161_CO3001_L01,CO3001,-13,False,,5.5,5.3,8.9,,6.4,C+,2.5,True,2.22,2.17,Pass
2254,1483369,HK161_CO3001_L01,CO3001,-13,False,,6.5,6.7,6.2,,6.5,C+,2.5,True,2.92,2.71,Pass
2255,1422327,HK161_CO3001_L01,CO3001,-13,False,,7.5,7.1,8.9,,7.7,B,3.0,True,3.14,3.2,Pass
2256,1456224,HK161_CO3001_L01,CO3001,-13,False,,7.4,8.4,8.6,,8.3,B+,3.5,True,3.28,3.33,Pass
2257,1492420,HK161_CO3001_L02,CO3001,-13,False,,6.9,7.2,7.0,,7.1,B,3.0,True,2.5,2.44,Pass
2258,1492114,HK161_CO3001_L02,CO3001,-13,False,,8.3,7.0,6.5,,7.1,B,3.0,True,3.44,3.45,Pass
2259,1415732,HK161_CO3001_L02,CO3001,-13,False,,7.3,9.1,7.6,,8.3,B+,3.5,True,3.17,3.52,Pass
2260,1420181,HK161_CO3001_L02,CO3001,-13,False,,7.5,8.8,7.5,,8.2,B+,3.5,True,3.44,3.33,Pass
2261,1479689,HK161_CO3001_L02,CO3001,-13,False,,8.7,7.9,8.9,,8.4,B+,3.5,True,3.92,3.87,Pass
2262,1451928,HK161_CO3001_L02,CO3001,-13,False,,5.6,6.1,5.4,,5.8,C,2.0,True,1.64,1.59,Pass
2263,1498556,HK161_CO3001_L02,CO3001,-13,False,,6.6,6.6,7.2,,6.8,C+,2.5,True,2.25,2.39,Pass
2264,1411746,HK161_CO3001_L02,CO3001,-13,False,,6.0,7.3,8.5,,7.4,B,3.0,True,2.25,2.07,Pass
2265,1456989,HK161_CO3001_L02,CO3001,-13,False,,7.1,10.0,8.9,,9.1,A,4.0,True,3.25,3.09,Pass
2266,1453615,HK161_CO3001_L02,CO3001,-13,False,,6.6,5.5,5.1,,5.6,C,2.0,True,1.92,1.87,Pass
2267,1440119,HK161_CO3001_L02,CO3001,-13,False,,7.7,7.3,7.5,,7.4,B,3.0,True,3.28,3.38,Pass
2268,1432143,HK161_CO3001_L02,CO3001,-13,False,,7.1,8.0,8.3,,7.9,B,3.0,True,3.33,3.25,Pass
2269,1414504,HK161_CO3001_L02,CO3001,-13,False,,9.6,8.7,9.8,,9.2,A,4.0,True,3.94,3.93,Pass
2270,1417725,HK161_CO3001_L02,CO3001,-13,False,,7.2,6.7,8.6,,7.4,B,3.0,True,3.08,3.38,Pass
2271,1447789,HK161_CO3001_L02,CO3001,-13,False,,6.6,7.3,6.0,,6.8,C+,2.5,True,2.47,2.44,Pass
2272,1493801,HK161_CO3001_L02,CO3001,-13,False,,7.9,8.4,6.8,,7.8,B,3.0,True,3.28,3.31,Pass
2273,1468033,HK161_CO3001_L02,CO3001,-13,False,,8.5,7.6,7.3,,7.7,B,3.0,True,3.03,3.21,Pass
2274,1461132,HK161_CO3001_L02,CO3001,-13,False,,6.8,6.3,6.7,,6.5,C+,2.5,True,2.61,2.45,Pass
2275,1405610,HK161_CO3001_L02,CO3001,-13,False,,6.9,6.9,7.1,,7.0,B,3.0,True,2.72,2.56,Pass
2276,1488740,HK161_CO3001_L02,CO3001,-13,False,,7.6,6.6,7.5,,7.1,B,3.0,True,2.56,2.54,Pass
2277,1446561,HK161_CO3001_L02,CO3001,-13,False,,6.9,6.1,8.4,,7.0,B,3.0,True,3.39,3.4,Pass
2278,1444568,HK161_CO3001_L02,CO3001,-13,False,,8.1,8.9,8.3,,8.6,A,4.0,True,3.44,3.38,Pass
2279,1458523,HK161_CO3001_L02,CO3001,-13,False,,8.6,8.0,6.6,,7.7,B,3.0,True,3.25,3.12,Pass
2280,1454996,HK161_CO3001_L02,CO3001,-13,False,,10.0,7.5,7.7,,8.1,B+,3.5,True,3.36,3.28,Pass
2281,1465271,HK161_CO3001_L02,CO3001,-13,False,,8.3,7.0,8.3,,7.7,B,3.0,True,3.58,3.51,Pass
2282,1448401,HK161_CO3001_L02,CO3001,-13,False,,7.9,7.3,8.2,,7.7,B,3.0,True,3.31,3.24,Pass
2283,1479383,HK161_CO3001_L02,CO3001,-13,False,,7.5,7.5,7.5,,7.5,B,3.0,True,3.28,3.22,Pass
2284,1474475,HK161_CO3001_L02,CO3001,-13,False,,8.1,7.0,7.7,,7.4,B,3.0,True,3.0,3.09,Pass
2285,1408678,HK161_CO3001_L02,CO3001,-13,False,,7.4,6.7,6.9,,6.9,C+,2.5,True,2.53,2.54,Pass
2286,1498709,HK161_CO3001_L02,CO3001,-13,False,,6.3,6.8,6.0,,6.5,C+,2.5,True,2.08,2.1,Pass
2287,1420334,HK161_CO3001_L02,CO3001,-13,False,,7.0,6.0,5.9,,6.2,C,2.0,True,2.22,2.06,Pass
2288,1415273,HK161_CO3001_L02,CO3001,-13,False,,8.0,7.3,8.5,,7.8,B,3.0,True,3.08,3.2,Pass
2289,1489046,HK161_CO3001_L02,CO3001,-13,False,,7.7,6.4,6.9,,6.8,C+,2.5,True,3.06,3.2,Pass
2290,1449935,HK161_CO3001_L02,CO3001,-13,False,,4.4,6.0,7.0,,6.0,C,2.0,True,1.97,1.81,Pass
2291,1457142,HK161_CO3001_L02,CO3001,-13,False,,7.1,7.3,8.3,,7.6,B,3.0,True,2.56,2.84,Pass
2292,1473400,HK161_CO3001_L02,CO3001,-13,False,,7.0,8.0,7.2,,7.6,B,3.0,True,3.19,3.04,Pass
2293,1428157,HK161_CO3001_L02,CO3001,-13,False,,6.8,4.9,5.2,,5.4,D+,1.5,True,1.78,1.79,Pass
2294,1492726,HK161_CO3001_L02,CO3001,-13,False,,7.7,8.1,8.4,,8.1,B+,3.5,True,3.06,3.12,Pass
2295,1470332,HK161_CO3001_L02,CO3001,-13,False,,8.7,9.3,8.6,,9.0,A,4.0,True,3.69,3.5,Pass
2296,1424783,HK161_CO3001_L02,CO3001,-13,False,,7.7,8.2,9.0,,8.3,B+,3.5,True,3.47,3.44,Pass
2297,1487359,HK161_CO3001_L02,CO3001,-13,False,,9.4,8.0,7.5,,8.1,B+,3.5,True,3.44,3.32,Pass
2298,1455149,HK161_CO3001_L02,CO3001,-13,False,,8.8,8.3,10.0,,8.9,A,4.0,True,4.0,4.0,Pass
2299,1459904,HK161_CO3001_L02,CO3001,-13,False,,8.7,8.4,8.7,,8.6,A,4.0,True,3.25,3.09,Pass
2300,1439044,HK161_CO3001_L02,CO3001,-13,False,,9.6,7.1,7.0,,7.6,B,3.0,True,3.08,3.22,Pass
2301,1499474,HK161_CO3001_L02,CO3001,-13,False,,6.6,8.0,8.4,,7.8,B,3.0,True,3.36,3.36,Pass
2302,1430609,HK161_CO3001_L02,CO3001,-13,False,,5.7,5.9,7.1,,6.2,C,2.0,True,2.08,2.33,Pass
2303,1410824,HK161_CO3001_L02,CO3001,-13,False,,8.8,9.2,10.0,,9.4,A,4.0,True,4.0,4.0,Pass
2304,1428616,HK161_CO3001_L02,CO3001,-13,False,,6.9,7.1,6.1,,6.8,C+,2.5,True,2.5,2.27,Pass
2305,1412664,HK161_CO3001_L02,CO3001,-13,False,,6.0,7.7,6.7,,7.1,B,3.0,True,2.36,2.48,Pass
2306,1491651,HK161_CO3001_L02,CO3001,-13,False,,6.9,6.2,6.7,,6.5,C+,2.5,True,2.53,2.54,Pass
2307,1468339,HK161_CO3001_L02,CO3001,-13,False,,5.7,5.5,6.4,,5.8,C,2.0,True,2.0,1.81,Pass
2308,1408372,HK161_CO3001_L02,CO3001,-13,False,,8.6,8.2,9.1,,8.6,A,4.0,True,3.75,3.59,Pass
2309,1466499,HK161_CO3001_L02,CO3001,-13,False,,8.5,7.8,9.9,,8.6,A,4.0,True,3.67,3.55,Pass
2310,1484444,HK161_CO3001_L02,CO3001,-13,False,,8.1,8.1,7.7,,8.0,B+,3.5,True,3.44,3.42,Pass
2311,1479842,HK161_CO3001_L02,CO3001,-13,False,,7.6,7.8,10.0,,8.4,B+,3.5,True,3.22,3.35,Pass
2312,1416960,HK161_CO3001_L02,CO3001,-13,False,,8.7,8.5,8.5,,8.5,A,4.0,True,3.69,3.32,Pass
2313,1480148,HK161_CO3001_L02,CO3001,-13,False,,8.0,7.9,7.7,,7.9,B,3.0,True,3.0,3.17,Pass
2314,1457605,HK161_CO3001_L02,CO3001,-13,False,,7.3,8.5,7.4,,7.9,B,3.0,True,3.06,3.06,Pass
2315,1407297,HK161_CO3001_L02,CO3001,-13,False,,7.5,6.3,7.2,,6.8,C+,2.5,True,2.31,2.49,Pass
2316,1450547,HK161_CO3001_L02,CO3001,-13,False,,6.9,7.3,7.9,,7.4,B,3.0,True,3.0,3.24,Pass
2317,1451469,HK161_CO3001_L02,CO3001,-13,False,,9.3,9.8,8.8,,9.4,A,4.0,True,3.92,3.96,Pass
2318,1411130,HK161_CO3001_L02,CO3001,-13,False,,8.2,5.9,7.9,,7.0,B,3.0,True,3.11,3.19,Pass
2319,1477543,HK161_CO3001_L02,CO3001,-13,False,,6.7,7.0,7.2,,7.0,B,3.0,True,2.53,2.51,Pass
2320,1469720,HK161_CO3001_L02,CO3001,-13,False,,8.8,6.6,8.1,,7.5,B,3.0,True,3.06,3.2,Pass
2321,1404229,HK161_CO3001_L02,CO3001,-13,False,,6.4,5.6,4.9,,5.5,C,2.0,True,1.55,1.51,Pass
2322,1494107,HK161_CO3001_L02,CO3001,-13,False,,8.0,6.2,8.7,,7.3,B,3.0,True,3.08,3.16,Pass
2323,1454843,HK161_CO3001_L02,CO3001,-13,False,,7.9,7.4,7.4,,7.5,B,3.0,True,3.19,3.16,Pass
2324,1469567,HK161_CO3001_L02,CO3001,-13,False,,8.9,8.6,7.6,,8.4,B+,3.5,True,3.42,3.55,Pass
2325,1473553,HK161_CO3001_L02,CO3001,-13,False,,6.8,7.3,8.6,,7.6,B,3.0,True,3.14,3.33,Pass
2326,1405916,HK161_CO3001_L02,CO3001,-13,False,,7.4,8.4,8.6,,8.3,B+,3.5,True,3.19,3.23,Pass
2327,1476315,HK161_CO3001_L02,CO3001,-13,False,,9.8,9.0,9.2,,9.2,A,4.0,True,3.92,3.95,Pass
2328,1491039,HK161_CO3001_L02,CO3001,-13,False,,10.0,9.3,8.1,,9.1,A,4.0,True,4.0,3.93,Pass
2329,1462513,HK161_CO3001_L02,CO3001,-13,False,,8.1,9.3,10.0,,9.3,A,4.0,True,3.22,3.06,Pass
2330,1484750,HK161_CO3001_L02,CO3001,-13,False,,6.0,6.3,7.3,,6.5,C+,2.5,True,2.56,2.62,Pass
2331,1487053,HK161_CO3001_L02,CO3001,-13,False,,7.2,7.2,8.3,,7.5,B,3.0,True,3.22,3.3,Pass
2332,1458217,HK161_CO3001_L02,CO3001,-13,False,,6.1,7.0,5.5,,6.4,C+,2.5,True,2.58,2.49,Pass
2333,1466040,HK161_CO3001_L02,CO3001,-13,False,,6.6,6.5,8.6,,7.1,B,3.0,True,3.28,3.28,Pass
2334,1455918,HK161_CO3001_L02,CO3001,-13,False,,7.2,8.7,7.4,,8.0,B+,3.5,True,3.58,3.3,Pass
2335,1464353,HK161_CO3001_L02,CO3001,-13,False,,6.8,8.6,8.1,,8.1,B+,3.5,True,3.56,3.3,Pass
2336,1429075,HK161_CO3001_L02,CO3001,-13,False,,7.8,8.0,8.6,,8.1,B+,3.5,True,3.19,3.27,Pass
2337,1488277,HK161_CO3001_L02,CO3001,-13,False,,7.9,8.6,8.7,,8.5,A,4.0,True,3.28,3.43,Pass
2338,1407450,HK161_CO3001_L02,CO3001,-13,False,,6.8,7.7,8.0,,7.6,B,3.0,True,3.08,3.15,Pass
2339,1481682,HK161_CO3001_L02,CO3001,-13,False,,7.7,7.3,5.9,,7.0,B,3.0,True,2.64,2.65,Pass
2340,1419875,HK161_CO3001_L02,CO3001,-13,False,,7.3,6.4,6.5,,6.6,C+,2.5,True,2.22,2.44,Pass
2341,1466958,HK161_CO3001_L02,CO3001,-13,False,,6.2,6.9,8.1,,7.1,B,3.0,True,3.08,3.25,Pass
2342,1461744,HK161_CO3001_L02,CO3001,-13,False,,5.7,6.5,6.4,,6.3,C,2.0,True,2.5,2.41,Pass
2343,1420946,HK161_CO3001_L02,CO3001,-13,False,,7.9,8.4,7.8,,8.1,B+,3.5,True,3.06,3.18,Pass
2344,1491345,HK161_CO3001_L02,CO3001,-13,False,,8.1,7.2,7.9,,7.6,B,3.0,True,3.06,3.24,Pass
2345,1477696,HK161_CO3001_L02,CO3001,-13,False,,5.4,7.6,6.4,,6.8,C+,2.5,True,2.53,2.62,Pass
2346,1419259,HK161_CO3001_L02,CO3001,-13,False,,9.0,9.5,8.3,,9.0,A,4.0,True,4.0,3.98,Pass
2347,1471254,HK161_CO3001_L02,CO3001,-13,False,,6.3,4.7,6.2,,5.5,C,2.0,True,1.81,1.7,Pass
2348,1404535,HK161_CO3001_L02,CO3001,-13,False,,4.5,5.6,4.8,,5.1,D+,1.5,True,1.47,1.61,Pass
2349,1463737,HK161_CO3001_L02,CO3001,-13,False,,7.5,9.0,7.3,,8.2,B+,3.5,True,3.61,3.54,Pass
2350,1402848,HK161_CO3001_L02,CO3001,-13,False,,8.1,7.7,8.8,,8.1,B+,3.5,True,3.14,3.2,Pass
2351,1489658,HK161_CO3001_L02,CO3001,-13,False,,6.6,8.8,8.7,,8.3,B+,3.5,True,3.31,3.49,Pass
2352,1410212,HK161_CO3001_L02,CO3001,-13,False,,7.6,6.2,6.7,,6.6,C+,2.5,True,2.86,2.91,Pass
2353,1478461,HK161_CO3001_L02,CO3001,-13,False,,5.7,6.8,6.8,,6.6,C+,2.5,True,2.28,2.14,Pass
2354,1477849,HK161_CO3001_L02,CO3001,-13,False,,8.0,8.5,7.9,,8.2,B+,3.5,True,3.31,3.32,Pass
2355,1472329,HK161_CO3001_L02,CO3001,-13,False,,6.3,6.7,7.2,,6.8,C+,2.5,True,2.44,2.62,Pass
2356,1412358,HK161_CO3001_L02,CO3001,-13,False,,7.5,7.3,7.0,,7.2,B,3.0,True,3.06,3.38,Pass
2357,1431378,HK161_CO3001_L02,CO3001,-13,False,,7.9,7.4,7.1,,7.4,B,3.0,True,3.03,3.07,Pass
2358,1460057,HK161_CO3001_L02,CO3001,-13,False,,7.9,6.0,6.8,,6.6,C+,2.5,True,3.28,3.29,Pass
2359,1434599,HK161_CO3001_L02,CO3001,-13,False,,8.5,7.2,6.2,,7.2,B,3.0,True,3.53,3.41,Pass
2360,1415579,HK161_CO3001_L02,CO3001,-13,False,,6.9,6.2,4.3,,5.8,C,2.0,True,2.44,2.57,Pass
2361,1406069,HK161_CO3001_L02,CO3001,-13,False,,6.7,7.0,6.7,,6.8,C+,2.5,True,2.61,2.54,Pass
2362,1480611,HK161_CO3001_L03,CO3001,-13,False,,7.5,6.3,9.0,,7.3,B,3.0,True,3.11,3.26,Pass
2363,1432449,HK161_CO3001_L03,CO3001,-13,False,,8.0,7.3,7.6,,7.5,B,3.0,True,3.28,3.18,Pass
2364,1430762,HK161_CO3001_L03,CO3001,-13,False,,5.6,7.3,7.7,,7.1,B,3.0,True,2.39,2.21,Pass
2365,1418188,HK161_CO3001_L03,CO3001,-13,False,,7.8,7.4,8.0,,7.7,B,3.0,True,3.06,3.18,Pass
2366,1487818,HK161_CO3001_L03,CO3001,-13,False,,6.9,8.0,7.9,,7.8,B,3.0,True,3.03,3.2,Pass
2367,1422633,HK161_CO3001_L03,CO3001,-13,False,,10.0,9.6,9.0,,9.5,A+,4.0,True,4.0,3.97,Pass
2368,1423861,HK161_CO3001_L03,CO3001,-13,False,,5.7,4.4,5.5,,5.0,D+,1.5,True,1.39,1.75,Pass
2369,1444874,HK161_CO3001_L03,CO3001,-13,False,,7.1,6.2,5.6,,6.2,C,2.0,True,2.42,2.38,Pass
2370,1459292,HK161_CO3001_L03,CO3001,-13,False,,7.6,6.4,5.3,,6.3,C,2.0,True,2.08,1.93,Pass
2371,1490886,HK161_CO3001_L03,CO3001,-13,False,,7.1,8.2,7.2,,7.7,B,3.0,True,3.19,2.98,Pass
2372,1416654,HK161_CO3001_L03,CO3001,-13,False,,8.7,9.3,8.6,,9.0,A,4.0,True,4.0,3.93,Pass
2373,1425701,HK161_CO3001_L03,CO3001,-13,False,,4.0,5.4,5.4,,5.1,D+,1.5,True,1.36,1.71,Pass
2374,1426623,HK161_CO3001_L03,CO3001,-13,False,,6.9,6.8,7.0,,6.9,C+,2.5,True,2.58,2.54,Pass
2375,1452697,HK161_CO3001_L03,CO3001,-13,False,,8.0,7.4,8.3,,7.8,B,3.0,True,3.11,3.3,Pass
2376,1417878,HK161_CO3001_L03,CO3001,-13,False,,7.3,5.5,6.7,,6.2,C,2.0,True,2.36,2.48,Pass
2377,1446867,HK161_CO3001_L03,CO3001,-13,False,,8.2,7.0,8.0,,7.5,B,3.0,True,3.33,3.16,Pass
2378,1495641,HK161_CO3001_L03,CO3001,-13,False,,6.6,5.6,7.0,,6.2,C,2.0,True,2.0,2.15,Pass
2379,1495794,HK161_CO3001_L03,CO3001,-13,False,,7.7,8.3,7.6,,8.0,B+,3.5,True,3.25,3.39,Pass
2380,1485056,HK161_CO3001_L03,CO3001,-13,False,,7.3,5.7,4.6,,5.7,C,2.0,True,1.78,1.9,Pass
2381,1433524,HK161_CO3001_L03,CO3001,-13,False,,7.2,6.9,7.1,,7.0,B,3.0,True,2.5,2.55,Pass
2382,1451010,HK161_CO3001_L03,CO3001,-13,False,,5.9,4.8,5.3,,5.2,D+,1.5,True,1.92,2.01,Pass
2383,1461438,HK161_CO3001_L03,CO3001,-13,False,,7.7,7.7,6.8,,7.4,B,3.0,True,2.75,2.49,Pass
2384,1400549,HK161_CO3001_L03,CO3001,-13,False,,7.8,8.6,6.9,,7.9,B,3.0,True,3.19,3.14,Pass
2385,1464659,HK161_CO3001_L03,CO3001,-13,False,,8.9,8.0,7.6,,8.1,B+,3.5,True,3.03,3.19,Pass
2386,1497634,HK161_CO3001_L03,CO3001,-13,False,,9.4,7.9,8.6,,8.4,B+,3.5,True,3.56,3.62,Pass
2387,1446102,HK161_CO3001_L03,CO3001,-13,False,,6.1,7.1,8.4,,7.3,B,3.0,True,3.69,3.67,Pass
2388,1447020,HK161_CO3001_L03,CO3001,-13,False,,6.9,9.2,9.9,,8.9,A,4.0,True,3.47,3.38,Pass
2389,1490733,HK161_CO3001_L03,CO3001,-13,False,,6.8,5.4,5.9,,5.8,C,2.0,True,2.22,2.12,Pass
2390,1400243,HK161_CO3001_L03,CO3001,-13,False,,6.7,6.6,7.0,,6.7,C+,2.5,True,2.78,2.66,Pass
2391,1410671,HK161_CO3001_L03,CO3001,-13,False,,7.2,9.6,7.9,,8.6,A,4.0,True,3.44,3.38,Pass
2392,1465118,HK161_CO3001_L03,CO3001,-13,False,,7.8,6.3,8.1,,7.1,B,3.0,True,3.33,3.41,Pass
2393,1413739,HK161_CO3001_L03,CO3001,-13,False,,6.5,7.6,7.8,,7.4,B,3.0,True,3.28,3.34,Pass
2394,1400396,HK161_CO3001_L03,CO3001,-13,False,,6.1,6.6,7.5,,6.8,C+,2.5,True,2.31,2.36,Pass
2395,1469108,HK161_CO3001_L03,CO3001,-13,False,,8.4,8.7,10.0,,9.0,A,4.0,True,3.44,3.37,Pass
2396,1410977,HK161_CO3001_L03,CO3001,-13,False,,6.5,5.1,3.1,,4.8,D,1.0,True,2.44,2.49,Pass
2397,1468186,HK161_CO3001_L03,CO3001,-13,False,,6.7,6.6,7.0,,6.7,C+,2.5,True,2.28,2.39,Pass
2398,1423708,HK161_CO3001_L03,CO3001,-13,False,,5.9,5.6,6.1,,5.8,C,2.0,True,1.89,1.66,Pass
2399,1453768,HK161_CO3001_L03,CO3001,-13,False,,8.4,10.0,8.5,,9.2,A,4.0,True,3.5,3.46,Pass
2400,1478155,HK161_CO3001_L03,CO3001,-13,False,,8.9,9.7,9.8,,9.6,A+,4.0,True,3.92,3.93,Pass
2401,1486131,HK161_CO3001_L03,CO3001,-13,False,,7.7,8.7,8.7,,8.5,A,4.0,True,3.25,3.3,Pass
2402,1459445,HK161_CO3001_L03,CO3001,-13,False,,7.4,7.2,7.9,,7.5,B,3.0,True,2.75,2.72,Pass
2403,1415426,HK161_CO3001_L03,CO3001,-13,False,,5.0,5.4,5.3,,5.3,D+,1.5,True,1.53,1.59,Pass
2404,1405457,HK161_CO3001_L03,CO3001,-13,False,,6.2,5.7,7.3,,6.3,C,2.0,True,2.39,2.6,Pass
2405,1441347,HK161_CO3001_L03,CO3001,-13,False,,7.3,7.6,8.5,,7.8,B,3.0,True,3.06,3.1,Pass
2406,1440578,HK161_CO3001_L03,CO3001,-13,False,,6.5,6.2,7.0,,6.5,C+,2.5,True,2.61,2.69,Pass
2407,1402389,HK161_CO3001_L03,CO3001,-13,False,,7.2,6.1,7.8,,6.8,C+,2.5,True,2.58,2.64,Pass
2408,1424167,HK161_CO3001_L03,CO3001,-13,False,,5.6,5.4,4.8,,5.3,D+,1.5,True,1.28,1.52,Pass
2409,1454690,HK161_CO3001_L03,CO3001,-13,False,,5.7,5.7,4.8,,5.4,D+,1.5,True,1.58,1.65,Pass
2410,1496406,HK161_CO3001_L03,CO3001,-13,False,,6.7,5.2,6.2,,5.8,C,2.0,True,1.92,1.94,Pass
2411,1427694,HK161_CO3001_L03,CO3001,-13,False,,5.5,6.0,5.1,,5.6,C,2.0,True,1.58,1.5,Pass
2412,1404688,HK161_CO3001_L03,CO3001,-13,False,,5.2,5.1,7.2,,5.8,C,2.0,True,2.58,2.54,Pass
2413,1408525,HK161_CO3001_L03,CO3001,-13,False,,4.6,5.7,6.1,,5.6,C,2.0,True,1.94,1.69,Pass
2414,1487206,HK161_CO3001_L03,CO3001,-13,False,,9.8,8.6,8.9,,8.9,A,4.0,True,3.64,3.48,Pass
2415,1477390,HK161_CO3001_L03,CO3001,-13,False,,7.9,8.4,7.7,,8.1,B+,3.5,True,3.39,3.28,Pass
2416,1431837,HK161_CO3001_L03,CO3001,-13,False,,5.5,6.3,6.8,,6.3,C,2.0,True,2.56,2.51,Pass
2417,1476468,HK161_CO3001_L03,CO3001,-13,False,,9.5,8.8,8.8,,8.9,A,4.0,True,4.0,3.98,Pass
2418,1494719,HK161_CO3001_L03,CO3001,-13,False,,5.1,5.7,4.9,,5.3,D+,1.5,True,1.67,1.56,Pass
2419,1451622,HK161_CO3001_L03,CO3001,-13,False,,7.8,8.0,8.1,,8.0,B+,3.5,True,3.08,3.26,Pass
2420,1482145,HK161_CO3001_L03,CO3001,-13,False,,7.7,9.1,6.4,,8.0,B+,3.5,True,3.53,3.37,Pass
2421,1441959,HK161_CO3001_L03,CO3001,-13,False,,7.1,6.8,5.1,,6.3,C,2.0,True,1.81,1.72,Pass
2422,1479077,HK161_CO3001_L03,CO3001,-13,False,,8.3,6.8,8.4,,7.6,B,3.0,True,3.28,3.22,Pass
2423,1422174,HK161_CO3001_L03,CO3001,-13,False,,10.0,7.4,7.3,,7.9,B,3.0,True,2.97,3.13,Pass
2424,1485672,HK161_CO3001_L03,CO3001,-13,False,,7.2,5.8,5.7,,6.1,C,2.0,True,2.53,2.6,Pass
2425,1468492,HK161_CO3001_L03,CO3001,-13,False,,6.5,5.4,5.9,,5.8,C,2.0,True,2.0,1.82,Pass
2426,1486437,HK161_CO3001_L03,CO3001,-13,False,,8.3,8.3,7.5,,8.1,B+,3.5,True,3.14,3.1,Pass
2427,1468645,HK161_CO3001_L03,CO3001,-13,False,,8.6,8.5,8.9,,8.6,A,4.0,True,3.78,3.47,Pass
2428,1457911,HK161_CO3001_L03,CO3001,-13,False,,9.2,9.3,10.0,,9.5,A+,4.0,True,3.83,3.9,Pass
2429,1436745,HK161_CO3001_L03,CO3001,-13,False,,6.4,6.8,6.8,,6.7,C+,2.5,True,2.25,2.46,Pass
2430,1427082,HK161_CO3001_L03,CO3001,-13,False,,5.0,5.3,5.8,,5.4,D+,1.5,True,1.83,1.61,Pass
2431,1430303,HK161_CO3001_L03,CO3001,-13,False,,7.7,7.7,6.4,,7.3,B,3.0,True,3.25,3.07,Pass
2432,1413892,HK161_CO3001_L03,CO3001,-13,False,,7.3,8.6,6.9,,7.8,B,3.0,True,3.17,3.36,Pass
2433,1482757,HK161_CO3001_L03,CO3001,-13,False,,6.1,7.8,6.2,,7.0,B,3.0,True,2.42,2.4,Pass
2434,1489811,HK161_CO3001_L03,CO3001,-13,False,,8.3,7.1,6.9,,7.3,B,3.0,True,3.5,3.65,Pass
2435,1428922,HK161_CO3001_L03,CO3001,-13,False,,7.5,6.1,7.4,,6.8,C+,2.5,True,2.75,2.6,Pass
2436,1434905,HK161_CO3001_L03,CO3001,-13,False,,6.5,7.7,6.8,,7.2,B,3.0,True,2.31,2.5,Pass
2437,1478924,HK161_CO3001_L03,CO3001,-13,False,,6.4,5.3,6.3,,5.8,C,2.0,True,2.22,2.45,Pass
2438,1441194,HK161_CO3001_L03,CO3001,-13,False,,10.0,7.1,7.3,,7.7,B,3.0,True,3.11,3.33,Pass
2439,1433371,HK161_CO3001_L03,CO3001,-13,False,,7.1,8.3,8.4,,8.1,B+,3.5,True,3.39,3.08,Pass
2440,1411899,HK161_CO3001_L03,CO3001,-13,False,,6.9,5.9,8.3,,6.8,C+,2.5,True,2.53,2.57,Pass
2441,1425395,HK161_CO3001_L03,CO3001,-13,False,,8.2,7.7,7.3,,7.7,B,3.0,True,3.17,3.27,Pass
2442,1465734,HK161_CO3001_L03,CO3001,-13,False,,7.2,7.2,6.6,,7.0,B,3.0,True,2.81,2.71,Pass
2443,1427388,HK161_CO3001_L03,CO3001,-13,False,,6.1,6.2,7.3,,6.5,C+,2.5,True,2.42,2.22,Pass
2444,1445486,HK161_CO3001_L03,CO3001,-13,False,,7.3,7.2,7.7,,7.4,B,3.0,True,3.08,3.18,Pass
2445,1472635,HK161_CO3001_L03,CO3001,-13,False,,6.7,8.6,8.4,,8.2,B+,3.5,True,3.39,3.25,Pass
2446,1425548,HK161_CO3001_L03,CO3001,-13,False,,8.5,6.5,6.7,,7.0,B,3.0,True,3.11,3.27,Pass
2447,1429997,HK161_CO3001_L03,CO3001,-13,False,,8.0,8.8,6.9,,8.1,B+,3.5,True,3.03,3.23,Pass
2448,1440272,HK161_CO3001_L03,CO3001,-13,False,,9.2,8.5,9.1,,8.8,A,4.0,True,3.56,3.48,Pass
2449,1403617,HK161_CO3001_L03,CO3001,-13,False,,7.9,8.1,7.7,,7.9,B,3.0,True,3.08,3.05,Pass
2450,1473094,HK161_CO3001_L03,CO3001,-13,False,,7.5,8.2,8.9,,8.3,B+,3.5,True,3.61,3.3,Pass
2451,1481223,HK161_CO3001_L03,CO3001,-13,False,,7.6,5.8,6.8,,6.5,C+,2.5,True,2.14,2.22,Pass
2452,1461285,HK161_CO3001_L03,CO3001,-13,False,,6.3,4.1,6.2,,5.2,D+,1.5,True,2.06,2.01,Pass
2453,1499168,HK161_CO3001_L03,CO3001,-13,False,,7.1,6.0,6.9,,6.5,C+,2.5,True,2.61,2.5,Pass
2454,1447173,HK161_CO3001_L03,CO3001,-13,False,,6.1,6.0,5.8,,6.0,C,2.0,True,1.97,1.95,Pass
2455,1402083,HK161_CO3001_L03,CO3001,-13,False,,7.0,7.0,6.5,,6.8,C+,2.5,True,2.44,2.56,Pass
2456,1445180,HK161_CO3001_L03,CO3001,-13,False,,8.1,9.1,9.8,,9.1,A,4.0,True,4.0,3.95,Pass
2457,1475240,HK161_CO3001_L03,CO3001,-13,False,,7.6,7.3,7.4,,7.4,B,3.0,True,3.19,3.2,Pass
2458,1460363,HK161_CO3001_L03,CO3001,-13,False,,10.0,7.6,9.3,,8.6,A,4.0,True,3.28,3.42,Pass
2459,1487665,HK161_CO3001_L03,CO3001,-13,False,,8.2,6.4,6.6,,6.8,C+,2.5,True,2.64,2.5,Pass
2460,1403001,HK161_CO3001_L03,CO3001,-13,False,,5.1,7.8,7.5,,7.2,B,3.0,True,2.83,2.64,Pass
2461,1438126,HK161_CO3001_L03,CO3001,-13,False,,8.5,9.1,8.2,,8.7,A,4.0,True,3.31,3.16,Pass
2462,1438432,HK161_CO3001_L03,CO3001,-13,False,,5.9,6.5,7.9,,6.8,C+,2.5,True,3.64,3.52,Pass
2463,1435211,HK161_CO3001_L03,CO3001,-13,False,,6.8,8.2,8.1,,7.9,B,3.0,True,3.0,3.07,Pass
2464,1489199,HK161_CO3001_L03,CO3001,-13,False,,4.9,4.7,4.4,,4.7,D,1.0,True,1.39,1.56,Pass
2465,1417572,HK161_CO3001_L03,CO3001,-13,False,,7.8,7.7,9.8,,8.3,B+,3.5,True,3.53,3.18,Pass
2466,1423249,HK161_CO3001_L03,CO3001,-13,False,,8.1,9.8,7.5,,8.8,A,4.0,True,3.28,3.2,Pass
2467,1431684,HK161_CO3001_L04,CO3001,-13,False,,8.9,7.8,7.4,,7.9,B,3.0,True,3.28,3.65,Pass
2468,1498093,HK161_CO3001_L04,CO3001,-13,False,,6.3,9.0,8.3,,8.2,B+,3.5,True,3.25,3.29,Pass
2469,1428463,HK161_CO3001_L04,CO3001,-13,False,,6.9,5.6,6.8,,6.2,C,2.0,True,2.22,2.33,Pass
2470,1421099,HK161_CO3001_L04,CO3001,-13,False,,8.4,7.5,7.4,,7.7,B,3.0,True,3.11,3.37,Pass
2471,1437510,HK161_CO3001_L04,CO3001,-13,False,,8.9,8.6,7.6,,8.4,B+,3.5,True,3.39,3.34,Pass
2472,1472482,HK161_CO3001_L04,CO3001,-13,False,,8.2,8.0,8.0,,8.0,B+,3.5,True,3.5,3.42,Pass
2473,1463125,HK161_CO3001_L04,CO3001,-13,False,,5.6,6.9,4.8,,6.0,C,2.0,True,1.97,1.96,Pass
2474,1407756,HK161_CO3001_L04,CO3001,-13,False,,8.1,7.6,8.2,,7.9,B,3.0,True,3.08,3.32,Pass
2475,1497940,HK161_CO3001_L04,CO3001,-13,False,,7.9,8.2,7.6,,8.0,B+,3.5,True,3.28,3.32,Pass
2476,1470948,HK161_CO3001_L04,CO3001,-13,False,,7.0,5.1,7.4,,6.2,C,2.0,True,1.75,1.74,Pass
2477,1448554,HK161_CO3001_L04,CO3001,-13,False,,7.4,7.6,8.9,,8.0,B+,3.5,True,3.58,3.49,Pass
2478,1441653,HK161_CO3001_L04,CO3001,-13,False,,4.8,5.1,6.4,,5.4,D+,1.5,True,1.56,1.63,Pass
2479,1431531,HK161_CO3001_L04,CO3001,-13,False,,5.5,7.1,6.4,,6.6,C+,2.5,True,2.28,2.1,Pass
2480,1484903,HK161_CO3001_L04,CO3001,-13,False,,6.4,4.9,6.4,,5.7,C,2.0,True,1.36,1.6,Pass
2481,1441806,HK161_CO3001_L04,CO3001,-13,False,,7.9,8.4,7.8,,8.1,B+,3.5,True,3.56,3.31,Pass
2482,1451775,HK161_CO3001_L04,CO3001,-13,False,,7.8,7.8,8.1,,7.9,B,3.0,True,3.08,3.19,Pass
2483,1466652,HK161_CO3001_L04,CO3001,-13,False,,7.1,7.6,8.1,,7.6,B,3.0,True,3.11,3.1,Pass
2484,1471101,HK161_CO3001_L04,CO3001,-13,False,,8.9,9.2,10.0,,9.4,A,4.0,True,3.92,3.93,Pass
2485,1453309,HK161_CO3001_L04,CO3001,-13,False,,7.7,7.3,6.2,,7.0,B,3.0,True,3.28,3.32,Pass
2486,1426929,HK161_CO3001_L04,CO3001,-13,False,,6.7,6.4,6.6,,6.5,C+,2.5,True,2.58,2.56,Pass
2487,1438279,HK161_CO3001_L04,CO3001,-13,False,,8.2,7.7,8.4,,8.0,B+,3.5,True,3.28,3.42,Pass
2488,1496559,HK161_CO3001_L04,CO3001,-13,False,,5.3,5.9,6.8,,6.1,C,2.0,True,2.5,2.46,Pass
2489,1453921,HK161_CO3001_L04,CO3001,-13,False,,7.7,7.8,7.9,,7.8,B,3.0,True,3.19,3.33,Pass
2490,1408984,HK161_CO3001_L04,CO3001,-13,False,,8.5,5.9,8.3,,7.1,B,3.0,True,3.14,3.06,Pass
2491,1406838,HK161_CO3001_L04,CO3001,-13,False,,7.9,7.9,7.3,,7.7,B,3.0,True,3.08,3.11,Pass
2492,1494260,HK161_CO3001_L04,CO3001,-13,False,,7.1,4.8,7.2,,6.0,C,2.0,True,1.92,1.87,Pass
2493,1433983,HK161_CO3001_L04,CO3001,-13,False,,7.2,7.3,6.8,,7.1,B,3.0,True,2.92,2.53,Pass
2494,1406222,HK161_CO3001_L04,CO3001,-13,False,,7.8,6.4,7.5,,7.0,B,3.0,True,3.44,3.29,Pass
2495,1421868,HK161_CO3001_L04,CO3001,-13,False,,8.2,8.2,7.4,,8.0,B+,3.5,True,3.47,3.32,Pass
2496,1489352,HK161_CO3001_L04,CO3001,-13,False,,7.1,7.6,6.7,,7.2,B,3.0,True,3.14,3.16,Pass
2497,1412817,HK161_CO3001_L04,CO3001,-13,False,,7.1,8.1,6.4,,7.4,B,3.0,True,2.33,2.45,Pass
2498,1447942,HK161_CO3001_L04,CO3001,-13,False,,8.7,7.8,8.2,,8.1,B+,3.5,True,3.17,3.24,Pass
2499,1421562,HK161_CO3001_L04,CO3001,-13,False,,9.0,8.8,7.1,,8.3,B+,3.5,True,3.19,3.21,Pass
2500,1456377,HK161_CO3001_L04,CO3001,-13,False,,6.6,7.8,7.8,,7.6,B,3.0,True,3.58,3.43,Pass
2501,1429844,HK161_CO3001_L04,CO3001,-13,False,,6.9,6.0,6.5,,6.3,C,2.0,True,2.64,2.54,Pass
2502,1487512,HK161_CO3001_L04,CO3001,-13,False,,7.9,9.4,8.5,,8.8,A,4.0,True,3.78,3.62,Pass
2503,1463431,HK161_CO3001_L04,CO3001,-13,False,,8.6,9.3,8.1,,8.8,A,4.0,True,3.47,3.52,Pass
2504,1402236,HK161_CO3001_L04,CO3001,-13,False,,5.3,6.1,6.9,,6.2,C,2.0,True,1.5,1.8,Pass
2505,1438891,HK161_CO3001_L04,CO3001,-13,False,,8.2,8.3,8.0,,8.2,B+,3.5,True,3.5,3.33,Pass
2506,1442112,HK161_CO3001_L04,CO3001,-13,False,,8.6,7.8,7.8,,8.0,B+,3.5,True,3.22,3.24,Pass
2507,1436592,HK161_CO3001_L04,CO3001,-13,False,,8.9,8.3,8.3,,8.4,B+,3.5,True,3.53,3.53,Pass
2508,1417419,HK161_CO3001_L04,CO3001,-13,False,,5.9,5.0,4.4,,5.0,D+,1.5,True,1.53,1.63,Pass
2509,1427235,HK161_CO3001_L04,CO3001,-13,False,,8.3,8.2,7.7,,8.1,B+,3.5,True,3.19,3.12,Pass
2510,1488124,HK161_CO3001_L04,CO3001,-13,False,,8.1,8.0,7.8,,8.0,B+,3.5,True,3.42,3.44,Pass
2511,1496100,HK161_CO3001_L04,CO3001,-13,False,,5.5,4.7,7.1,,5.6,C,2.0,True,2.28,2.25,Pass
2512,1479230,HK161_CO3001_L04,CO3001,-13,False,,7.8,7.2,6.3,,7.1,B,3.0,True,2.39,2.52,Pass
2513,1418953,HK161_CO3001_L04,CO3001,-13,False,,7.1,6.7,7.5,,7.0,B,3.0,True,2.78,2.67,Pass
2514,1436898,HK161_CO3001_L04,CO3001,-13,False,,6.9,5.5,5.4,,5.8,C,2.0,True,1.83,1.9,Pass
2515,1476621,HK161_CO3001_L04,CO3001,-13,False,,6.4,7.2,6.0,,6.7,C+,2.5,True,2.42,2.43,Pass
2516,1423402,HK161_CO3001_L04,CO3001,-13,False,,6.0,5.8,5.0,,5.6,C,2.0,True,1.92,1.81,Pass
2517,1454384,HK161_CO3001_L04,CO3001,-13,False,,5.3,8.3,6.5,,7.2,B,3.0,True,2.31,2.17,Pass
2518,1471713,HK161_CO3001_L04,CO3001,-13,False,,5.2,5.0,5.3,,5.1,D+,1.5,True,1.75,1.72,Pass
2519,1451316,HK161_CO3001_L04,CO3001,-13,False,,7.2,7.8,7.0,,7.4,B,3.0,True,3.17,3.31,Pass
2520,1479995,HK161_CO3001_L04,CO3001,-13,False,,6.1,6.4,7.2,,6.6,C+,2.5,True,2.53,2.3,Pass
2521,1456836,HK161_CO3001_L04,CO3001,-13,False,,8.6,9.9,9.7,,9.6,A+,4.0,True,4.0,3.96,Pass
2522,1449476,HK161_CO3001_L04,CO3001,-13,False,,9.0,8.6,8.4,,8.6,A,4.0,True,3.31,3.23,Pass
2523,1476162,HK161_CO3001_L04,CO3001,-13,False,,4.8,5.3,5.9,,5.4,D+,1.5,True,1.86,1.64,Pass
2524,1492573,HK161_CO3001_L04,CO3001,-13,False,,7.3,6.9,7.7,,7.2,B,3.0,True,2.94,2.83,Pass
2525,1442881,HK161_CO3001_L04,CO3001,-13,False,,7.6,7.2,6.4,,7.0,B,3.0,True,2.31,2.43,Pass
2526,1435364,HK161_CO3001_L04,CO3001,-13,False,,7.7,8.2,7.6,,7.9,B,3.0,True,3.22,3.18,Pass
2527,1461897,HK161_CO3001_L04,CO3001,-13,False,,6.6,6.2,7.3,,6.6,C+,2.5,True,2.19,2.04,Pass
2528,1484291,HK161_CO3001_L04,CO3001,-13,False,,8.8,7.0,7.7,,7.6,B,3.0,True,3.0,3.03,Pass
2529,1484138,HK161_CO3001_L04,CO3001,-13,False,,5.8,7.8,8.1,,7.5,B,3.0,True,2.53,2.49,Pass
2530,1410518,HK161_CO3001_L04,CO3001,-13,False,,7.7,7.7,8.3,,7.9,B,3.0,True,3.31,3.38,Pass
2531,1439966,HK161_CO3001_L04,CO3001,-13,False,,7.6,8.1,6.0,,7.4,B,3.0,True,2.61,2.55,Pass
2532,1404076,HK161_CO3001_L04,CO3001,-13,False,,6.3,6.0,6.2,,6.1,C,2.0,True,2.33,2.36,Pass
2533,1419412,HK161_CO3001_L04,CO3001,-13,False,,8.5,8.2,7.6,,8.1,B+,3.5,True,3.58,3.46,Pass
2534,1424014,HK161_CO3001_L04,CO3001,-13,False,,7.6,8.5,7.7,,8.1,B+,3.5,True,3.03,3.03,Pass
2535,1465887,HK161_CO3001_L04,CO3001,-13,False,,7.9,8.5,8.8,,8.5,A,4.0,True,3.36,3.24,Pass
2536,1488893,HK161_CO3001_L04,CO3001,-13,False,,7.5,7.3,9.2,,7.9,B,3.0,True,3.42,3.43,Pass
2537,1464200,HK161_CO3001_L04,CO3001,-13,False,,6.2,6.4,5.7,,6.2,C,2.0,True,2.28,2.3,Pass
2538,1450241,HK161_CO3001_L04,CO3001,-13,False,,4.4,5.7,4.7,,5.1,D+,1.5,True,1.39,1.58,Pass
2539,1459751,HK161_CO3001_L04,CO3001,-13,False,,6.8,7.7,6.8,,7.2,B,3.0,True,2.5,2.45,Pass
2540,1415120,HK161_CO3001_L04,CO3001,-13,False,,10.0,8.9,9.3,,9.2,A,4.0,True,3.75,3.87,Pass
2541,1437357,HK161_CO3001_L04,CO3001,-13,False,,8.6,8.7,7.9,,8.4,B+,3.5,True,3.19,3.38,Pass
2542,1445333,HK161_CO3001_L04,CO3001,-13,False,,5.7,7.7,6.3,,6.9,C+,2.5,True,2.31,2.41,Pass
2543,1403770,HK161_CO3001_L04,CO3001,-13,False,,5.4,8.1,7.3,,7.3,B,3.0,True,3.28,3.19,Pass
2544,1463584,HK161_CO3001_L04,CO3001,-13,False,,4.9,9.0,5.6,,7.2,B,3.0,True,2.0,1.77,Pass
2545,1449629,HK161_CO3001_L04,CO3001,-13,False,,9.5,7.6,8.5,,8.2,B+,3.5,True,3.25,3.3,Pass
2546,1433830,HK161_CO3001_L04,CO3001,-13,False,,5.1,5.9,5.2,,5.5,C,2.0,True,1.67,1.89,Pass
2547,1424936,HK161_CO3001_L04,CO3001,-13,False,,8.4,7.7,7.3,,7.7,B,3.0,True,3.17,3.12,Pass
2548,1461591,HK161_CO3001_L04,CO3001,-13,False,,6.8,7.1,6.4,,6.8,C+,2.5,True,2.83,2.75,Pass
2549,1409443,HK161_CO3001_L04,CO3001,-13,False,,9.7,10.0,9.2,,9.7,A+,4.0,True,3.89,3.98,Pass
2550,1434752,HK161_CO3001_L04,CO3001,-13,False,,6.3,7.1,5.2,,6.4,C+,2.5,True,1.92,1.85,Pass
2551,1485978,HK161_CO3001_L04,CO3001,-13,False,,9.5,8.8,8.7,,8.9,A,4.0,True,3.14,3.27,Pass
2552,1433065,HK161_CO3001_L04,CO3001,-13,False,,4.8,6.8,4.9,,5.8,C,2.0,True,2.0,1.83,Pass
2553,1426007,HK161_CO3001_L04,CO3001,-13,False,,7.5,8.6,8.4,,8.3,B+,3.5,True,3.31,3.35,Pass
2554,1477237,HK161_CO3001_L04,CO3001,-13,False,,6.4,5.6,8.0,,6.5,C+,2.5,True,2.31,2.41,Pass
2555,1458676,HK161_CO3001_L04,CO3001,-13,False,,7.5,6.7,6.6,,6.8,C+,2.5,True,2.5,2.6,Pass
2556,1401008,HK161_CO3001_L04,CO3001,-13,False,,6.8,8.8,10.0,,8.8,A,4.0,True,3.28,3.34,Pass
2557,1405763,HK161_CO3001_L04,CO3001,-13,False,,6.6,4.9,5.2,,5.3,D+,1.5,True,1.56,1.65,Pass
2558,1443340,HK161_CO3001_L04,CO3001,-13,False,,7.6,6.9,7.7,,7.3,B,3.0,True,3.06,3.09,Pass
2559,1475856,HK161_CO3001_L04,CO3001,-13,False,,6.7,5.0,6.6,,5.8,C,2.0,True,2.47,2.39,Pass
2560,1491961,HK161_CO3001_L04,CO3001,-13,False,,7.2,8.0,8.0,,7.8,B,3.0,True,2.92,3.08,Pass
2561,1485519,HK161_CO3001_L04,CO3001,-13,False,,4.7,4.7,4.4,,4.6,D,1.0,True,1.03,1.35,Pass
2562,1409137,HK161_CO3001_L04,CO3001,-13,False,,8.8,7.7,8.6,,8.2,B+,3.5,True,3.28,3.31,Pass
2563,1430915,HK161_CO3001_L04,CO3001,-13,False,,6.4,8.2,7.3,,7.6,B,3.0,True,2.42,2.59,Pass
2564,1499780,HK161_CO3001_L04,CO3001,-13,False,,7.9,6.8,6.1,,6.8,C+,2.5,True,2.25,2.59,Pass
2565,1443646,HK161_CO3001_L04,CO3001,-13,False,,6.2,7.0,7.9,,7.1,B,3.0,True,2.31,2.38,Pass
2566,1424320,HK161_CO3001_L04,CO3001,-13,False,,7.6,6.0,6.2,,6.4,C+,2.5,True,2.42,2.71,Pass
2567,1414198,HK161_CO3001_L04,CO3001,-13,False,,6.2,6.0,5.7,,6.0,C,2.0,True,2.5,2.4,Pass
2568,1423555,HK161_CO3001_L04,CO3001,-13,False,,7.8,8.1,8.7,,8.2,B+,3.5,True,3.39,3.23,Pass
2569,1403923,HK161_CO3001_L04,CO3001,-13,False,,7.6,8.0,7.5,,7.8,B,3.0,True,2.97,3.34,Pass
2570,1486590,HK161_CO3001_L04,CO3001,-13,False,,9.5,8.7,7.3,,8.4,B+,3.5,True,3.25,3.27,Pass
2571,1483985,HK161_CO3001_L04,CO3001,-13,False,,5.5,5.0,5.5,,5.2,D+,1.5,True,1.75,1.72,Pass
2572,1446408,HK161_CO3001_L05,CO3001,-13,False,,9.3,8.9,5.8,,8.1,B+,3.5,True,3.92,3.88,Pass
2573,1445639,HK161_CO3001_L05,CO3001,-13,False,,7.9,8.6,9.5,,8.7,A,4.0,True,3.31,3.38,Pass
2574,1456071,HK161_CO3001_L05,CO3001,-13,False,,8.0,8.2,9.0,,8.4,B+,3.5,True,3.47,3.35,Pass
2575,1467574,HK161_CO3001_L05,CO3001,-13,False,,8.0,8.5,7.0,,8.0,B+,3.5,True,2.69,2.59,Pass
2576,1469261,HK161_CO3001_L05,CO3001,-13,False,,6.5,6.2,5.9,,6.2,C,2.0,True,1.94,1.84,Pass
2577,1459598,HK161_CO3001_L05,CO3001,-13,False,,6.4,6.5,6.4,,6.5,C+,2.5,True,2.44,2.52,Pass
2578,1401467,HK161_CO3001_L05,CO3001,-13,False,,7.0,7.5,8.4,,7.7,B,3.0,True,3.39,3.4,Pass
2579,1458064,HK161_CO3001_L05,CO3001,-13,False,,7.7,6.6,6.9,,6.9,C+,2.5,True,2.33,2.48,Pass
2580,1413433,HK161_CO3001_L05,CO3001,-13,False,,8.6,8.3,7.5,,8.1,B+,3.5,True,3.22,3.45,Pass
2581,1482298,HK161_CO3001_L05,CO3001,-13,False,,7.3,8.4,8.3,,8.2,B+,3.5,True,3.19,3.27,Pass
2582,1429228,HK161_CO3001_L05,CO3001,-13,False,,7.2,6.6,8.4,,7.3,B,3.0,True,2.92,3.21,Pass
2583,1473247,HK161_CO3001_L05,CO3001,-13,False,,6.8,6.8,6.7,,6.8,C+,2.5,True,2.64,2.66,Pass
2584,1443187,HK161_CO3001_L05,CO3001,-13,False,,6.7,7.1,7.4,,7.1,B,3.0,True,3.03,3.02,Pass
2585,1402542,HK161_CO3001_L05,CO3001,-13,False,,8.4,9.0,8.4,,8.7,A,4.0,True,3.31,3.42,Pass
2586,1443952,HK161_CO3001_L05,CO3001,-13,False,,4.7,6.6,5.4,,5.9,C,2.0,True,2.11,1.95,Pass
2587,1495488,HK161_CO3001_L05,CO3001,-13,False,,6.1,5.4,6.3,,5.8,C,2.0,True,2.0,1.8,Pass
2588,1437204,HK161_CO3001_L05,CO3001,-13,False,,6.6,6.8,6.8,,6.8,C+,2.5,True,2.78,2.73,Pass
2589,1483216,HK161_CO3001_L05,CO3001,-13,False,,6.0,4.7,5.3,,5.1,D+,1.5,True,1.64,1.62,Pass
2590,1426470,HK161_CO3001_L05,CO3001,-13,False,,8.5,8.3,9.3,,8.6,A,4.0,True,3.36,3.24,Pass
2591,1462819,HK161_CO3001_L05,CO3001,-13,False,,8.6,8.0,8.7,,8.3,B+,3.5,True,3.25,3.26,Pass
2592,1479536,HK161_CO3001_L05,CO3001,-13,False,,7.0,6.4,5.8,,6.3,C,2.0,True,2.25,2.31,Pass
2593,1455455,HK161_CO3001_L05,CO3001,-13,False,,6.9,6.9,7.1,,7.0,B,3.0,True,3.0,2.99,Pass
2594,1432602,HK161_CO3001_L05,CO3001,-13,False,,5.5,5.6,5.8,,5.6,C,2.0,True,1.58,1.66,Pass
2595,1464965,HK161_CO3001_L05,CO3001,-13,False,,7.1,7.2,7.1,,7.2,B,3.0,True,2.81,2.73,Pass
2596,1447326,HK161_CO3001_L05,CO3001,-13,False,,7.9,8.0,9.1,,8.3,B+,3.5,True,3.44,3.49,Pass
2597,1462666,HK161_CO3001_L05,CO3001,-13,False,,9.1,9.0,7.0,,8.4,B+,3.5,True,3.36,3.48,Pass
2598,1421715,HK161_CO3001_L05,CO3001,-13,False,,6.9,6.9,7.2,,7.0,B,3.0,True,3.22,3.23,Pass
2599,1492267,HK161_CO3001_L05,CO3001,-13,False,,8.0,9.2,7.6,,8.5,A,4.0,True,3.47,3.5,Pass
2600,1404382,HK161_CO3001_L05,CO3001,-13,False,,6.9,7.3,6.9,,7.1,B,3.0,True,2.53,2.39,Pass
2601,1475703,HK161_CO3001_L05,CO3001,-13,False,,6.6,4.7,4.4,,5.0,D+,1.5,True,1.94,2.01,Pass
2602,1474934,HK161_CO3001_L05,CO3001,-13,False,,6.0,5.5,5.7,,5.7,C,2.0,True,1.83,1.89,Pass
2603,1451163,HK161_CO3001_L05,CO3001,-13,False,,6.6,7.2,8.3,,7.4,B,3.0,True,3.53,3.42,Pass
2604,1435823,HK161_CO3001_L05,CO3001,-13,False,,5.6,6.8,6.5,,6.5,C+,2.5,True,2.22,2.41,Pass
2605,1491498,HK161_CO3001_L05,CO3001,-13,False,,8.9,7.1,7.4,,7.5,B,3.0,True,3.42,3.44,Pass
2606,1471407,HK161_CO3001_L05,CO3001,-13,False,,6.7,6.7,6.1,,6.5,C+,2.5,True,2.36,2.42,Pass
2607,1482604,HK161_CO3001_L05,CO3001,-13,False,,8.2,8.0,8.2,,8.1,B+,3.5,True,3.08,3.14,Pass
2608,1497022,HK161_CO3001_L05,CO3001,-13,False,,8.8,7.7,6.7,,7.6,B,3.0,True,2.64,2.46,Pass
2609,1487971,HK161_CO3001_L05,CO3001,-13,False,,7.1,7.7,7.6,,7.5,B,3.0,True,3.28,3.32,Pass
2610,1400702,HK161_CO3001_L05,CO3001,-13,False,,8.2,7.8,9.1,,8.3,B+,3.5,True,3.28,3.1,Pass
2611,1411283,HK161_CO3001_L05,CO3001,-13,False,,7.9,8.8,9.4,,8.8,A,4.0,True,3.89,3.91,Pass
2612,1499627,HK161_CO3001_L05,CO3001,-13,False,,9.0,7.5,8.6,,8.1,B+,3.5,True,3.81,3.91,Pass
2613,1405151,HK161_CO3001_L05,CO3001,-13,False,,8.0,9.3,8.1,,8.7,A,4.0,True,3.36,3.3,Pass
2614,1472941,HK161_CO3001_L05,CO3001,-13,False,,5.3,7.1,6.0,,6.4,C+,2.5,True,2.25,2.22,Pass
2615,1497175,HK161_CO3001_L05,CO3001,-13,False,,7.4,7.5,6.5,,7.2,B,3.0,True,2.5,2.47,Pass
2616,1409596,HK161_CO3001_L05,CO3001,-13,False,,6.4,7.3,6.8,,7.0,B,3.0,True,2.53,2.49,Pass
2617,1448707,HK161_CO3001_L05,CO3001,-13,False,,10.0,8.2,9.5,,8.9,A,4.0,True,4.0,3.95,Pass
2618,1442418,HK161_CO3001_L05,CO3001,-13,False,,8.1,8.3,8.7,,8.4,B+,3.5,True,3.36,3.39,Pass
2619,1448248,HK161_CO3001_L05,CO3001,-13,False,,6.3,8.0,6.0,,7.1,B,3.0,True,3.22,3.28,Pass
2620,1416807,HK161_CO3001_L05,CO3001,-13,False,,4.8,5.4,6.6,,5.6,C,2.0,True,1.81,1.95,Pass
2621,1431990,HK161_CO3001_L05,CO3001,-13,False,,10.0,7.4,7.0,,7.8,B,3.0,True,3.22,3.1,Pass
2622,1439813,HK161_CO3001_L05,CO3001,-13,False,,8.0,9.3,9.5,,9.1,A,4.0,True,3.42,3.37,Pass
2623,1450088,HK161_CO3001_L05,CO3001,-13,False,,6.2,8.5,5.2,,7.1,B,3.0,True,3.0,3.09,Pass
2624,1435058,HK161_CO3001_L05,CO3001,-13,False,,7.9,9.4,9.3,,9.1,A,4.0,True,3.69,3.45,Pass
2625,1435670,HK161_CO3001_L05,CO3001,-13,False,,6.2,6.9,6.3,,6.6,C+,2.5,True,2.69,2.67,Pass
2626,1438585,HK161_CO3001_L05,CO3001,-13,False,,8.4,8.8,8.9,,8.8,A,4.0,True,3.67,3.52,Pass
2627,1480917,HK161_CO3001_L05,CO3001,-13,False,,7.7,8.5,7.5,,8.0,B+,3.5,True,2.64,2.72,Pass
2628,1437051,HK161_CO3001_L05,CO3001,-13,False,,7.6,6.3,6.2,,6.5,C+,2.5,True,2.61,2.77,Pass
2629,1426776,HK161_CO3001_L05,CO3001,-13,False,,7.3,7.2,6.7,,7.1,B,3.0,True,3.11,2.95,Pass
2630,1495335,HK161_CO3001_L05,CO3001,-13,False,,8.2,8.6,7.9,,8.3,B+,3.5,True,2.89,3.07,Pass
2631,1454537,HK161_CO3001_L05,CO3001,-13,False,,6.9,5.7,6.4,,6.2,C,2.0,True,1.69,1.82,Pass
2632,1481529,HK161_CO3001_L05,CO3001,-13,False,,6.6,6.2,7.2,,6.6,C+,2.5,True,2.53,2.71,Pass
2633,1407603,HK161_CO3001_L05,CO3001,-13,False,,7.4,7.7,7.0,,7.4,B,3.0,True,3.19,3.15,Pass
2634,1457758,HK161_CO3001_L05,CO3001,-13,False,,4.1,5.0,4.4,,4.6,D,1.0,True,0.84,1.08,Pass
2635,1498862,HK161_CO3001_L05,CO3001,-13,False,,4.9,6.5,5.1,,5.8,C,2.0,True,1.81,1.89,Pass
2636,1462050,HK161_CO3001_L05,CO3001,-13,False,,6.0,5.2,5.3,,5.4,D+,1.5,True,1.92,1.9,Pass
2637,1414045,HK161_CO3001_L05,CO3001,-13,False,,9.2,7.5,6.8,,7.6,B,3.0,True,3.17,3.38,Pass
2638,1497481,HK161_CO3001_L05,CO3001,-13,False,,7.0,7.3,6.3,,6.9,C+,2.5,True,2.33,2.4,Pass
2639,1483832,HK161_CO3001_L05,CO3001,-13,False,,6.1,8.2,7.0,,7.4,B,3.0,True,3.25,3.19,Pass
2640,1425242,HK161_CO3001_L05,CO3001,-13,False,,4.9,5.5,5.6,,5.4,D+,1.5,True,2.08,2.32,Pass
2641,1491192,HK161_CO3001_L05,CO3001,-13,False,,8.2,7.6,8.4,,8.0,B+,3.5,True,3.67,3.54,Pass
2642,1409290,HK161_CO3001_L05,CO3001,-13,False,,8.2,9.3,7.2,,8.4,B+,3.5,True,3.25,3.33,Pass
2643,1469873,HK161_CO3001_L05,CO3001,-13,False,,7.0,9.1,8.4,,8.5,A,4.0,True,3.33,3.26,Pass
2644,1496253,HK161_CO3001_L05,CO3001,-13,False,,9.0,8.3,7.3,,8.1,B+,3.5,True,3.19,3.32,Pass
2645,1437973,HK161_CO3001_L05,CO3001,-13,False,,9.0,10.0,8.1,,9.2,A,4.0,True,4.0,3.99,Pass
2646,1464812,HK161_CO3001_L05,CO3001,-13,False,,6.4,7.5,4.6,,6.4,C+,2.5,True,2.69,2.48,Pass
2647,1453462,HK161_CO3001_L05,CO3001,-13,False,,3.7,7.0,4.6,,5.6,C,2.0,True,1.56,1.68,Pass
2648,1463278,HK161_CO3001_L05,CO3001,-13,False,,7.0,9.2,5.9,,7.8,B,3.0,True,2.69,2.59,Pass
2649,1407909,HK161_CO3001_L05,CO3001,-13,False,,5.9,6.4,6.1,,6.2,C,2.0,True,2.33,2.59,Pass
2650,1410365,HK161_CO3001_L05,CO3001,-13,False,,8.6,9.4,9.6,,9.3,A,4.0,True,3.81,3.85,Pass
2651,1489505,HK161_CO3001_L05,CO3001,-13,False,,7.8,9.5,8.1,,8.7,A,4.0,True,3.69,3.57,Pass
2652,1418494,HK161_CO3001_L05,CO3001,-13,False,,6.8,8.2,6.7,,7.5,B,3.0,True,2.61,2.64,Pass
2653,1467880,HK161_CO3001_L05,CO3001,-13,False,,7.6,7.6,7.6,,7.6,B,3.0,True,3.39,3.31,Pass
2654,1420793,HK161_CO3001_L05,CO3001,-13,False,,8.8,8.5,8.1,,8.4,B+,3.5,True,3.44,3.39,Pass
2655,1480764,HK161_CO3001_L05,CO3001,-13,False,,7.0,7.3,7.7,,7.4,B,3.0,True,2.58,2.65,Pass
2656,1445027,HK161_CO3001_L05,CO3001,-13,False,,4.9,5.6,5.1,,5.3,D+,1.5,True,1.64,1.62,Pass
2657,1482451,HK161_CO3001_L05,CO3001,-13,False,,4.9,4.7,2.7,,4.1,D,1.0,True,0.63,1.02,Pass
2658,1420028,HK161_CO3001_L05,CO3001,-13,False,,7.6,7.4,7.0,,7.3,B,3.0,True,3.19,3.16,Pass
2659,1425854,HK161_CO3001_L05,CO3001,-13,False,,8.3,5.4,6.1,,6.2,C,2.0,True,2.67,2.85,Pass
2660,1493648,HK161_CO3001_L05,CO3001,-13,False,,4.9,5.1,4.6,,4.9,D,1.0,True,1.61,1.73,Pass
2661,1422480,HK161_CO3001_L05,CO3001,-13,False,,7.9,7.6,7.2,,7.5,B,3.0,True,3.22,3.3,Pass
2662,1493032,HK161_CO3001_L05,CO3001,-13,False,,8.5,7.2,9.3,,8.1,B+,3.5,True,3.69,3.49,Pass
2663,1412052,HK161_CO3001_L05,CO3001,-13,False,,4.6,6.4,6.8,,6.2,C,2.0,True,2.44,2.66,Pass
2664,1444105,HK161_CO3001_L05,CO3001,-13,False,,7.2,7.0,5.3,,6.5,C+,2.5,True,2.61,2.53,Pass
2665,1443799,HK161_CO3001_L05,CO3001,-13,False,,8.9,9.1,8.0,,8.7,A,4.0,True,3.42,3.37,Pass
2666,1438738,HK161_CO3001_L05,CO3001,-13,False,,9.5,8.2,7.7,,8.3,B+,3.5,True,3.28,3.41,Pass
2667,1453156,HK161_CO3001_L05,CO3001,-13,False,,7.7,6.8,8.4,,7.5,B,3.0,True,3.11,3.33,Pass
2668,1406375,HK161_CO3001_L05,CO3001,-13,False,,5.1,5.2,5.7,,5.3,D+,1.5,True,1.61,1.71,Pass
2669,1418647,HK161_CO3001_L05,CO3001,-13,False,,8.3,8.5,8.0,,8.3,B+,3.5,True,3.39,3.42,Pass
2670,1472788,HK161_CO3001_L05,CO3001,-13,False,,6.9,8.3,8.0,,7.9,B,3.0,True,3.14,3.18,Pass
2671,1495947,HK161_CO3001_L05,CO3001,-13,False,,7.7,8.3,7.9,,8.1,B+,3.5,True,3.61,3.37,Pass
2672,1484597,HK161_CO3001_L05,CO3001,-13,False,,5.9,5.2,6.1,,5.6,C,2.0,True,1.81,1.7,Pass
2673,1469414,HK161_CO3001_L05,CO3001,-13,False,,8.3,9.3,8.1,,8.7,A,4.0,True,3.47,3.32,Pass
2674,1412511,HK161_CO3001_L05,CO3001,-13,False,,8.5,8.2,7.0,,7.9,B,3.0,True,3.19,3.37,Pass
2675,1417113,HK161_CO3001_L05,CO3001,-13,False,,8.1,7.8,7.2,,7.7,B,3.0,True,3.28,3.2,Pass
2676,1416038,HK161_CO3001_L05,CO3001,-13,False,,9.2,8.3,7.8,,8.3,B+,3.5,True,3.25,3.34,Pass
2677,1493801,HK161_CH1003_L01,CH1003,-13,False,,,7.4,9.2,7.8,8.0,B+,3.5,True,3.28,3.31,Pass
2678,1452697,HK161_CH1003_L01,CH1003,-13,False,,,6.1,8.1,6.3,6.7,C+,2.5,True,3.11,3.3,Pass
2679,1420793,HK161_CH1003_L01,CH1003,-13,False,,,8.5,6.9,6.9,7.7,B,3.0,True,3.44,3.39,Pass
2680,1453462,HK161_CH1003_L01,CH1003,-13,False,,,4.8,5.6,4.3,4.9,D,1.0,True,1.56,1.68,Pass
2681,1462819,HK161_CH1003_L01,CH1003,-13,False,,,7.5,6.5,7.6,7.2,B,3.0,True,3.25,3.26,Pass
2682,1440272,HK161_CH1003_L01,CH1003,-13,False,,,7.5,7.9,6.5,7.4,B,3.0,True,3.56,3.48,Pass
2683,1490427,HK161_CH1003_L01,CH1003,-13,False,,,6.4,6.4,6.6,6.4,C+,2.5,True,2.53,2.51,Pass
2684,1484750,HK161_CH1003_L01,CH1003,-13,False,,,7.4,7.7,5.8,7.2,B,3.0,True,2.56,2.62,Pass
2685,1416191,HK161_CH1003_L01,CH1003,-13,False,,,7.5,6.8,8.8,7.6,B,3.0,True,3.31,3.23,Pass
2686,1485056,HK161_CH1003_L01,CH1003,-13,False,,,5.6,6.5,5.2,5.8,C,2.0,True,1.78,1.9,Pass
2687,1417725,HK161_CH1003_L01,CH1003,-13,False,,,7.0,8.4,7.0,7.4,B,3.0,True,3.08,3.38,Pass
2688,1461285,HK161_CH1003_L01,CH1003,-13,False,,,6.2,5.9,8.5,6.6,C+,2.5,True,2.06,2.01,Pass
2689,1475087,HK161_CH1003_L01,CH1003,-13,False,,,9.1,8.6,7.8,8.7,A,4.0,True,4.0,4.0,Pass
2690,1481070,HK161_CH1003_L01,CH1003,-13,False,,,6.1,6.5,5.6,6.1,C,2.0,True,2.61,2.65,Pass
2691,1421562,HK161_CH1003_L01,CH1003,-13,False,,,7.6,8.5,7.2,7.8,B,3.0,True,3.19,3.21,Pass
2692,1470179,HK161_CH1003_L01,CH1003,-13,False,,,6.2,8.8,8.8,7.5,B,3.0,True,3.22,3.43,Pass
2693,1453309,HK161_CH1003_L01,CH1003,-13,False,,,8.4,7.7,8.0,8.1,B+,3.5,True,3.28,3.32,Pass
2694,1406838,HK161_CH1003_L01,CH1003,-13,False,,,7.2,5.9,7.3,6.8,C+,2.5,True,3.08,3.11,Pass
2695,1415732,HK161_CH1003_L01,CH1003,-13,False,,,7.1,8.0,7.1,7.4,B,3.0,True,3.17,3.52,Pass
2696,1480764,HK161_CH1003_L01,CH1003,-13,False,,,5.5,6.7,7.2,6.2,C,2.0,True,2.58,2.65,Pass
2697,1499780,HK161_CH1003_L01,CH1003,-13,False,,,5.5,6.5,6.9,6.1,C,2.0,True,2.25,2.59,Pass
2698,1467727,HK161_CH1003_L01,CH1003,-13,False,,,6.5,8.1,8.0,7.3,B,3.0,True,3.61,3.38,Pass
2699,1496559,HK161_CH1003_L01,CH1003,-13,False,,,5.7,5.7,5.5,5.7,C,2.0,True,2.5,2.46,Pass
2700,1492114,HK161_CH1003_L01,CH1003,-13,False,,,8.4,6.4,8.1,7.7,B,3.0,True,3.44,3.45,Pass
2701,1427235,HK161_CH1003_L01,CH1003,-13,False,,,7.0,7.8,6.7,7.2,B,3.0,True,3.19,3.12,Pass
2702,1402695,HK161_CH1003_L01,CH1003,-13,False,,,7.0,7.9,6.6,7.2,B,3.0,True,3.42,3.56,Pass
2703,1418647,HK161_CH1003_L01,CH1003,-13,False,,,8.6,9.1,8.1,8.6,A,4.0,True,3.39,3.42,Pass
2704,1410824,HK161_CH1003_L01,CH1003,-13,False,,,8.4,8.2,9.6,8.6,A,4.0,True,4.0,4.0,Pass
2705,1456377,HK161_CH1003_L01,CH1003,-13,False,,,9.3,8.4,8.7,8.9,A,4.0,True,3.58,3.43,Pass
2706,1478461,HK161_CH1003_L01,CH1003,-13,False,,,5.9,4.9,5.9,5.6,C,2.0,True,2.28,2.14,Pass
2707,1462050,HK161_CH1003_L01,CH1003,-13,False,,,5.0,6.1,6.6,5.7,C,2.0,True,1.92,1.9,Pass
2708,1410518,HK161_CH1003_L01,CH1003,-13,False,,,8.5,7.4,8.3,8.1,B+,3.5,True,3.31,3.38,Pass
2709,1418188,HK161_CH1003_L01,CH1003,-13,False,,,7.9,6.1,6.3,7.0,B,3.0,True,3.06,3.18,Pass
2710,1415426,HK161_CH1003_L01,CH1003,-13,False,,,5.5,4.1,4.0,4.8,D,1.0,True,1.53,1.59,Pass
2711,1443340,HK161_CH1003_L01,CH1003,-13,False,,,6.2,8.1,5.9,6.7,C+,2.5,True,3.06,3.09,Pass
2712,1421099,HK161_CH1003_L01,CH1003,-13,False,,,7.4,8.7,7.9,7.9,B,3.0,True,3.11,3.37,Pass
2713,1497328,HK161_CH1003_L01,CH1003,-13,False,,,5.1,5.1,5.8,5.2,D+,1.5,True,2.33,2.41,Pass
2714,1401008,HK161_CH1003_L01,CH1003,-13,False,,,7.5,7.1,8.2,7.5,B,3.0,True,3.28,3.34,Pass
2715,1477696,HK161_CH1003_L01,CH1003,-13,False,,,6.7,6.3,6.9,6.6,C+,2.5,True,2.53,2.62,Pass
2716,1403770,HK161_CH1003_L01,CH1003,-13,False,,,8.3,6.6,7.4,7.6,B,3.0,True,3.28,3.19,Pass
2717,1417113,HK161_CH1003_L01,CH1003,-13,False,,,6.4,7.8,7.6,7.1,B,3.0,True,3.28,3.2,Pass
2718,1442881,HK161_CH1003_L01,CH1003,-13,False,,,6.2,5.4,7.4,6.2,C,2.0,True,2.31,2.43,Pass
2719,1411283,HK161_CH1003_L01,CH1003,-13,False,,,8.4,10.0,8.7,8.9,A,4.0,True,3.89,3.91,Pass
2720,1416038,HK161_CH1003_L01,CH1003,-13,False,,,7.7,7.6,7.5,7.6,B,3.0,True,3.25,3.34,Pass
2721,1410977,HK161_CH1003_L01,CH1003,-13,False,,,7.1,5.9,7.0,6.7,C+,2.5,True,2.44,2.49,Pass
2722,1498093,HK161_CH1003_L01,CH1003,-13,False,,,7.3,8.0,6.8,7.4,B,3.0,True,3.25,3.29,Pass
2723,1402236,HK161_CH1003_L01,CH1003,-13,False,,,4.9,4.9,5.2,5.0,D+,1.5,True,1.5,1.8,Pass
2724,1430456,HK161_CH1003_L01,CH1003,-13,False,,,7.2,7.7,8.0,7.5,B,3.0,True,3.56,3.52,Pass
2725,1448554,HK161_CH1003_L01,CH1003,-13,False,,,7.0,7.1,8.4,7.3,B,3.0,True,3.58,3.49,Pass
2726,1482145,HK161_CH1003_L01,CH1003,-13,False,,,7.7,6.2,6.9,7.1,B,3.0,True,3.53,3.37,Pass
2727,1406222,HK161_CH1003_L01,CH1003,-13,False,,,7.7,7.5,8.1,7.7,B,3.0,True,3.44,3.29,Pass
2728,1439660,HK161_CH1003_L01,CH1003,-13,False,,,7.7,7.4,8.3,7.7,B,3.0,True,3.28,3.28,Pass
2729,1489964,HK161_CH1003_L01,CH1003,-13,False,,,4.4,4.4,5.0,4.5,D,1.0,True,1.58,1.82,Pass
2730,1451316,HK161_CH1003_L01,CH1003,-13,False,,,8.6,7.8,7.3,8.1,B+,3.5,True,3.17,3.31,Pass
2731,1459292,HK161_CH1003_L01,CH1003,-13,False,,,5.8,6.5,4.4,5.7,C,2.0,True,2.08,1.93,Pass
2732,1466346,HK161_CH1003_L01,CH1003,-13,False,,,7.1,8.6,8.2,7.8,B,3.0,True,3.42,3.59,Pass
2733,1476162,HK161_CH1003_L01,CH1003,-13,False,,,3.5,5.0,6.0,4.5,D,1.0,True,1.86,1.64,Pass
2734,1493185,HK161_CH1003_L01,CH1003,-13,False,,,4.7,5.4,6.3,5.2,D+,1.5,True,2.0,1.96,Pass
2735,1497940,HK161_CH1003_L01,CH1003,-13,False,,,7.1,9.0,7.2,7.7,B,3.0,True,3.28,3.32,Pass
2736,1426929,HK161_CH1003_L01,CH1003,-13,False,,,6.1,6.2,6.2,6.2,C,2.0,True,2.58,2.56,Pass
2737,1458370,HK161_CH1003_L01,CH1003,-13,False,,,7.3,6.7,6.0,6.9,C+,2.5,True,2.69,2.7,Pass
2738,1486437,HK161_CH1003_L01,CH1003,-13,False,,,8.1,6.5,8.5,7.7,B,3.0,True,3.14,3.1,Pass
2739,1445027,HK161_CH1003_L01,CH1003,-13,False,,,4.1,4.4,4.4,4.2,D,1.0,True,1.64,1.62,Pass
2740,1464353,HK161_CH1003_L01,CH1003,-13,False,,,7.3,7.3,7.6,7.4,B,3.0,True,3.56,3.3,Pass
2741,1429997,HK161_CH1003_L01,CH1003,-13,False,,,6.5,8.6,7.4,7.3,B,3.0,True,3.03,3.23,Pass
2742,1466652,HK161_CH1003_L01,CH1003,-13,False,,,7.8,7.1,7.4,7.5,B,3.0,True,3.11,3.1,Pass
2743,1499321,HK161_CH1003_L01,CH1003,-13,False,,,6.8,8.3,7.6,7.4,B,3.0,True,3.33,3.27,Pass
2744,1443952,HK161_CH1003_L01,CH1003,-13,False,,,4.4,6.8,4.4,5.1,D+,1.5,True,2.11,1.95,Pass
2745,1464200,HK161_CH1003_L01,CH1003,-13,False,,,5.7,5.8,5.0,5.6,C,2.0,True,2.28,2.3,Pass
2746,1428769,HK161_CH1003_L01,CH1003,-13,False,,,7.9,7.2,6.1,7.3,B,3.0,True,2.92,2.46,Pass
2747,1456530,HK161_CH1003_L01,CH1003,-13,False,,,7.8,8.9,7.4,8.1,B+,3.5,True,3.36,3.22,Pass
2748,1408372,HK161_CH1003_L01,CH1003,-13,False,,,7.9,8.2,7.7,7.9,B,3.0,True,3.75,3.59,Pass
2749,1441500,HK161_CH1003_L01,CH1003,-13,False,,,5.0,5.0,5.4,5.1,D+,1.5,True,1.83,1.71,Pass
2750,1450241,HK161_CH1003_L01,CH1003,-13,False,,,3.6,4.2,4.5,4.0,D,1.0,True,1.39,1.58,Pass
2751,1455455,HK161_CH1003_L01,CH1003,-13,False,,,6.8,8.4,5.4,7.0,B,3.0,True,3.0,2.99,Pass
2752,1481529,HK161_CH1003_L01,CH1003,-13,False,,,7.3,8.2,6.8,7.5,B,3.0,True,2.53,2.71,Pass
2753,1482757,HK161_CH1003_L01,CH1003,-13,False,,,6.4,5.2,6.1,6.0,C,2.0,True,2.42,2.4,Pass
2754,1427541,HK161_CH1003_L01,CH1003,-13,False,,,8.6,8.2,8.4,8.4,B+,3.5,True,3.08,3.25,Pass
2755,1495335,HK161_CH1003_L01,CH1003,-13,False,,,4.3,6.3,6.9,5.4,D+,1.5,True,2.89,3.07,Pass
2756,1436592,HK161_CH1003_L01,CH1003,-13,False,,,10.0,8.7,7.3,9.1,A,4.0,True,3.53,3.53,Pass
2757,1412664,HK161_CH1003_L01,CH1003,-13,False,,,6.1,5.8,7.0,6.2,C,2.0,True,2.36,2.48,Pass
2758,1412511,HK161_CH1003_L01,CH1003,-13,False,,,6.4,7.7,6.9,6.9,C+,2.5,True,3.19,3.37,Pass
2759,1491498,HK161_CH1003_L01,CH1003,-13,False,,,7.5,7.1,8.6,7.6,B,3.0,True,3.42,3.44,Pass
2760,1478002,HK161_CH1003_L01,CH1003,-13,False,,,6.1,5.6,6.7,6.1,C,2.0,True,2.36,2.6,Pass
2761,1402848,HK161_CH1003_L01,CH1003,-13,False,,,7.5,6.4,6.7,7.0,B,3.0,True,3.14,3.2,Pass
2762,1464812,HK161_CH1003_L01,CH1003,-13,False,,,6.7,6.1,6.0,6.4,C+,2.5,True,2.69,2.48,Pass
2763,1484444,HK161_CH1003_L01,CH1003,-13,False,,,7.2,8.0,6.5,7.3,B,3.0,True,3.44,3.42,Pass
2764,1409596,HK161_CH1003_L01,CH1003,-13,False,,,6.8,6.1,6.6,6.5,C+,2.5,True,2.53,2.49,Pass
2765,1418800,HK161_CH1003_L01,CH1003,-13,False,,,7.7,7.7,8.3,7.8,B,3.0,True,3.08,3.12,Pass
2766,1465424,HK161_CH1003_L01,CH1003,-13,False,,,8.4,8.0,8.6,8.3,B+,3.5,True,3.72,3.62,Pass
2767,1487971,HK161_CH1003_L01,CH1003,-13,False,,,8.0,7.0,6.5,7.4,B,3.0,True,3.28,3.32,Pass
2768,1447020,HK161_CH1003_L01,CH1003,-13,False,,,7.1,7.7,8.7,7.6,B,3.0,True,3.47,3.38,Pass
2769,1456683,HK161_CH1003_L01,CH1003,-13,False,,,7.9,7.6,6.5,7.5,B,3.0,True,3.44,3.36,Pass
2770,1462972,HK161_CH1003_L01,CH1003,-13,False,,,8.8,7.6,8.1,8.3,B+,3.5,True,3.44,3.39,Pass
2771,1431990,HK161_CH1003_L01,CH1003,-13,False,,,6.8,8.3,7.9,7.5,B,3.0,True,3.22,3.1,Pass
2772,1439507,HK161_CH1003_L01,CH1003,-13,False,,,6.4,6.4,7.1,6.5,C+,2.5,True,2.69,2.46,Pass
2773,1424014,HK161_CH1003_L01,CH1003,-13,False,,,5.9,6.3,10.0,6.8,C+,2.5,True,3.03,3.03,Pass
2774,1424320,HK161_CH1003_L01,CH1003,-13,False,,,6.3,7.6,7.1,6.8,C+,2.5,True,2.42,2.71,Pass
2775,1456836,HK161_CH1003_L01,CH1003,-13,False,,,9.5,9.4,8.1,9.2,A,4.0,True,4.0,3.96,Pass
2776,1483985,HK161_CH1003_L01,CH1003,-13,False,,,3.1,5.4,5.2,4.2,D,1.0,True,1.75,1.72,Pass
2777,1427388,HK161_CH1003_L01,CH1003,-13,False,,,6.1,5.6,6.3,6.0,C,2.0,True,2.42,2.22,Pass
2778,1438432,HK161_CH1003_L01,CH1003,-13,False,,,10.0,8.6,7.3,9.0,A,4.0,True,3.64,3.52,Pass
2779,1473094,HK161_CH1003_L01,CH1003,-13,False,,,9.6,7.5,9.5,8.9,A,4.0,True,3.61,3.3,Pass
2780,1441194,HK161_CH1003_L01,CH1003,-13,False,,,8.2,8.1,6.9,7.9,B,3.0,True,3.11,3.33,Pass
2781,1474475,HK161_CH1003_L02,CH1003,-13,False,,,8.2,8.0,6.8,7.9,B,3.0,True,3.0,3.09,Pass
2782,1478155,HK161_CH1003_L02,CH1003,-13,False,,,9.4,9.8,8.4,9.3,A,4.0,True,3.92,3.93,Pass
2783,1486284,HK161_CH1003_L02,CH1003,-13,False,,,9.4,7.9,8.8,8.8,A,4.0,True,3.69,3.57,Pass
2784,1412205,HK161_CH1003_L02,CH1003,-13,False,,,5.0,6.7,5.3,5.6,C,2.0,True,1.92,2.02,Pass
2785,1429844,HK161_CH1003_L02,CH1003,-13,False,,,6.4,7.0,5.7,6.4,C+,2.5,True,2.64,2.54,Pass
2786,1481682,HK161_CH1003_L02,CH1003,-13,False,,,4.6,7.1,7.2,5.9,C,2.0,True,2.64,2.65,Pass
2787,1499168,HK161_CH1003_L02,CH1003,-13,False,,,7.8,7.3,7.1,7.5,B,3.0,True,2.61,2.5,Pass
2788,1413280,HK161_CH1003_L02,CH1003,-13,False,,,5.3,6.0,5.7,5.6,C,2.0,True,2.22,2.5,Pass
2789,1448095,HK161_CH1003_L02,CH1003,-13,False,,,7.8,7.2,6.9,7.4,B,3.0,True,3.03,3.1,Pass
2790,1439044,HK161_CH1003_L02,CH1003,-13,False,,,8.1,8.3,8.0,8.1,B+,3.5,True,3.08,3.22,Pass
2791,1489046,HK161_CH1003_L02,CH1003,-13,False,,,6.9,6.6,6.8,6.8,C+,2.5,True,3.06,3.2,Pass
2792,1430915,HK161_CH1003_L02,CH1003,-13,False,,,6.5,4.7,5.0,5.7,C,2.0,True,2.42,2.59,Pass
2793,1460979,HK161_CH1003_L02,CH1003,-13,False,,,5.5,8.2,6.3,6.5,C+,2.5,True,2.47,2.35,Pass
2794,1442265,HK161_CH1003_L02,CH1003,-13,False,,,8.2,7.7,7.2,7.8,B,3.0,True,3.22,3.26,Pass
2795,1478924,HK161_CH1003_L02,CH1003,-13,False,,,5.8,4.9,4.1,5.2,D+,1.5,True,2.22,2.45,Pass
2796,1400396,HK161_CH1003_L02,CH1003,-13,False,,,6.0,4.7,5.6,5.5,C,2.0,True,2.31,2.36,Pass
2797,1434905,HK161_CH1003_L02,CH1003,-13,False,,,6.3,4.2,7.9,6.0,C,2.0,True,2.31,2.5,Pass
2798,1400243,HK161_CH1003_L02,CH1003,-13,False,,,7.4,6.5,6.6,7.0,B,3.0,True,2.78,2.66,Pass
2799,1438891,HK161_CH1003_L02,CH1003,-13,False,,,7.9,7.8,8.3,8.0,B+,3.5,True,3.5,3.33,Pass
2800,1416654,HK161_CH1003_L02,CH1003,-13,False,,,7.9,9.8,8.5,8.6,A,4.0,True,4.0,3.93,Pass
2801,1492879,HK161_CH1003_L02,CH1003,-13,False,,,7.7,7.4,6.2,7.3,B,3.0,True,3.25,3.24,Pass
2802,1462666,HK161_CH1003_L02,CH1003,-13,False,,,7.1,9.0,8.0,7.8,B,3.0,True,3.36,3.48,Pass
2803,1449476,HK161_CH1003_L02,CH1003,-13,False,,,8.6,8.2,6.6,8.1,B+,3.5,True,3.31,3.23,Pass
2804,1480611,HK161_CH1003_L02,CH1003,-13,False,,,7.6,6.4,7.3,7.2,B,3.0,True,3.11,3.26,Pass
2805,1465734,HK161_CH1003_L02,CH1003,-13,False,,,5.8,7.8,6.3,6.5,C+,2.5,True,2.81,2.71,Pass
2806,1484597,HK161_CH1003_L02,CH1003,-13,False,,,5.3,4.7,4.9,5.0,D+,1.5,True,1.81,1.7,Pass
2807,1471407,HK161_CH1003_L02,CH1003,-13,False,,,6.4,5.5,6.3,6.1,C,2.0,True,2.36,2.42,Pass
2808,1441806,HK161_CH1003_L02,CH1003,-13,False,,,8.9,8.1,8.8,8.6,A,4.0,True,3.56,3.31,Pass
2809,1438738,HK161_CH1003_L02,CH1003,-13,False,,,7.5,7.6,8.1,7.7,B,3.0,True,3.28,3.41,Pass
2810,1477849,HK161_CH1003_L02,CH1003,-13,False,,,7.5,7.1,7.8,7.4,B,3.0,True,3.31,3.32,Pass
2811,1420028,HK161_CH1003_L02,CH1003,-13,False,,,7.3,7.8,7.0,7.4,B,3.0,True,3.19,3.16,Pass
2812,1400702,HK161_CH1003_L02,CH1003,-13,False,,,7.3,6.6,7.0,7.0,B,3.0,True,3.28,3.1,Pass
2813,1454384,HK161_CH1003_L02,CH1003,-13,False,,,6.0,5.5,5.4,5.7,C,2.0,True,2.31,2.17,Pass
2814,1432296,HK161_CH1003_L02,CH1003,-13,False,,,8.9,5.6,7.2,7.6,B,3.0,True,3.11,3.31,Pass
2815,1484903,HK161_CH1003_L02,CH1003,-13,False,,,5.0,4.4,4.8,4.8,D,1.0,True,1.36,1.6,Pass
2816,1445333,HK161_CH1003_L02,CH1003,-13,False,,,5.8,6.3,6.5,6.1,C,2.0,True,2.31,2.41,Pass
2817,1437204,HK161_CH1003_L02,CH1003,-13,False,,,7.3,6.1,7.0,6.9,C+,2.5,True,2.78,2.73,Pass
2818,1403464,HK161_CH1003_L02,CH1003,-13,False,,,6.8,6.1,6.1,6.4,C+,2.5,True,2.69,2.64,Pass
2819,1469108,HK161_CH1003_L02,CH1003,-13,False,,,8.4,7.7,7.5,8.0,B+,3.5,True,3.44,3.37,Pass
2820,1441653,HK161_CH1003_L02,CH1003,-13,False,,,4.2,5.5,5.3,4.8,D,1.0,True,1.56,1.63,Pass
2821,1476009,HK161_CH1003_L02,CH1003,-13,False,,,7.4,7.8,8.3,7.7,B,3.0,True,3.25,3.4,Pass
2822,1432449,HK161_CH1003_L02,CH1003,-13,False,,,6.9,6.8,8.7,7.2,B,3.0,True,3.28,3.18,Pass
2823,1494872,HK161_CH1003_L02,CH1003,-13,False,,,7.7,8.1,7.9,7.9,B,3.0,True,3.67,3.45,Pass
2824,1495794,HK161_CH1003_L02,CH1003,-13,False,,,8.3,7.5,7.1,7.8,B,3.0,True,3.25,3.39,Pass
2825,1425242,HK161_CH1003_L02,CH1003,-13,False,,,6.5,4.9,5.7,5.9,C,2.0,True,2.08,2.32,Pass
2826,1461132,HK161_CH1003_L02,CH1003,-13,False,,,5.9,5.5,5.6,5.7,C,2.0,True,2.61,2.45,Pass
2827,1447326,HK161_CH1003_L02,CH1003,-13,False,,,5.6,7.6,7.3,6.5,C+,2.5,True,3.44,3.49,Pass
2828,1485672,HK161_CH1003_L02,CH1003,-13,False,,,7.3,6.4,7.2,7.0,B,3.0,True,2.53,2.6,Pass
2829,1436286,HK161_CH1003_L02,CH1003,-13,False,,,6.5,7.8,7.2,7.0,B,3.0,True,2.81,3.09,Pass
2830,1457758,HK161_CH1003_L02,CH1003,-13,False,,,3.7,3.9,4.3,3.9,F,0.0,False,0.84,1.08,Fail
2831,1451163,HK161_CH1003_L02,CH1003,-13,False,,,7.6,7.8,7.6,7.7,B,3.0,True,3.53,3.42,Pass
2832,1454690,HK161_CH1003_L02,CH1003,-13,False,,,5.2,5.4,4.0,5.0,D+,1.5,True,1.58,1.65,Pass
2833,1469720,HK161_CH1003_L02,CH1003,-13,False,,,7.1,6.4,8.4,7.2,B,3.0,True,3.06,3.2,Pass
2834,1419875,HK161_CH1003_L02,CH1003,-13,False,,,4.8,6.0,6.0,5.4,D+,1.5,True,2.22,2.44,Pass
2835,1433524,HK161_CH1003_L02,CH1003,-13,False,,,5.8,6.5,5.1,5.9,C,2.0,True,2.5,2.55,Pass
2836,1434136,HK161_CH1003_L02,CH1003,-13,False,,,8.8,7.9,9.3,8.6,A,4.0,True,3.92,3.6,Pass
2837,1405610,HK161_CH1003_L02,CH1003,-13,False,,,6.0,5.2,6.1,5.8,C,2.0,True,2.72,2.56,Pass
2838,1434599,HK161_CH1003_L02,CH1003,-13,False,,,9.0,7.7,6.4,8.1,B+,3.5,True,3.53,3.41,Pass
2839,1479077,HK161_CH1003_L02,CH1003,-13,False,,,7.9,7.6,6.3,7.5,B,3.0,True,3.28,3.22,Pass
2840,1403617,HK161_CH1003_L02,CH1003,-13,False,,,8.3,6.9,6.7,7.6,B,3.0,True,3.08,3.05,Pass
2841,1441959,HK161_CH1003_L02,CH1003,-13,False,,,5.2,4.9,4.6,5.0,D+,1.5,True,1.81,1.72,Pass
2842,1463737,HK161_CH1003_L02,CH1003,-13,False,,,8.2,6.6,7.7,7.6,B,3.0,True,3.61,3.54,Pass
2843,1423708,HK161_CH1003_L02,CH1003,-13,False,,,5.0,5.4,4.0,4.9,D,1.0,True,1.89,1.66,Pass
2844,1454537,HK161_CH1003_L02,CH1003,-13,False,,,4.1,3.3,5.9,4.2,D,1.0,True,1.69,1.82,Pass
2845,1419412,HK161_CH1003_L02,CH1003,-13,False,,,7.5,7.7,8.0,7.7,B,3.0,True,3.58,3.46,Pass
2846,1481223,HK161_CH1003_L02,CH1003,-13,False,,,5.4,6.0,6.1,5.7,C,2.0,True,2.14,2.22,Pass
2847,1435211,HK161_CH1003_L02,CH1003,-13,False,,,7.9,6.2,7.5,7.3,B,3.0,True,3.0,3.07,Pass
2848,1479842,HK161_CH1003_L02,CH1003,-13,False,,,8.4,7.9,7.4,8.1,B+,3.5,True,3.22,3.35,Pass
2849,1464965,HK161_CH1003_L02,CH1003,-13,False,,,6.8,5.7,6.8,6.5,C+,2.5,True,2.81,2.73,Pass
2850,1450547,HK161_CH1003_L02,CH1003,-13,False,,,7.4,5.9,8.4,7.2,B,3.0,True,3.0,3.24,Pass
2851,1490886,HK161_CH1003_L02,CH1003,-13,False,,,6.3,6.9,6.6,6.5,C+,2.5,True,3.19,2.98,Pass
2852,1451928,HK161_CH1003_L02,CH1003,-13,False,,,4.0,4.4,4.5,4.2,D,1.0,True,1.64,1.59,Pass
2853,1479995,HK161_CH1003_L02,CH1003,-13,False,,,5.9,6.1,5.7,5.9,C,2.0,True,2.53,2.3,Pass
2854,1417878,HK161_CH1003_L02,CH1003,-13,False,,,6.8,6.6,7.3,6.8,C+,2.5,True,2.36,2.48,Pass
2855,1489811,HK161_CH1003_L02,CH1003,-13,False,,,7.9,7.7,8.3,7.9,B,3.0,True,3.5,3.65,Pass
2856,1496406,HK161_CH1003_L02,CH1003,-13,False,,,4.7,5.5,5.3,5.1,D+,1.5,True,1.92,1.94,Pass
2857,1444874,HK161_CH1003_L02,CH1003,-13,False,,,6.5,6.0,5.0,6.0,C,2.0,True,2.42,2.38,Pass
2858,1440119,HK161_CH1003_L02,CH1003,-13,False,,,8.3,7.5,8.4,8.1,B+,3.5,True,3.28,3.38,Pass
2859,1483063,HK161_CH1003_L02,CH1003,-13,False,,,7.4,7.7,6.4,7.3,B,3.0,True,3.39,3.13,Pass
2860,1404076,HK161_CH1003_L02,CH1003,-13,False,,,5.3,5.6,5.6,5.4,D+,1.5,True,2.33,2.36,Pass
2861,1470948,HK161_CH1003_L02,CH1003,-13,False,,,3.8,4.4,4.2,4.1,D,1.0,True,1.75,1.74,Pass
2862,1497481,HK161_CH1003_L02,CH1003,-13,False,,,6.0,5.8,5.8,5.9,C,2.0,True,2.33,2.4,Pass
2863,1441347,HK161_CH1003_L02,CH1003,-13,False,,,7.6,7.0,7.5,7.4,B,3.0,True,3.06,3.1,Pass
2864,1455918,HK161_CH1003_L02,CH1003,-13,False,,,8.1,6.6,6.2,7.3,B,3.0,True,3.58,3.3,Pass
2865,1411899,HK161_CH1003_L02,CH1003,-13,False,,,6.5,7.2,7.1,6.8,C+,2.5,True,2.53,2.57,Pass
2866,1468339,HK161_CH1003_L02,CH1003,-13,False,,,5.7,5.3,4.8,5.4,D+,1.5,True,2.0,1.81,Pass
2867,1426623,HK161_CH1003_L02,CH1003,-13,False,,,6.8,7.3,5.8,6.8,C+,2.5,True,2.58,2.54,Pass
2868,1495488,HK161_CH1003_L02,CH1003,-13,False,,,6.1,4.7,5.0,5.5,C,2.0,True,2.0,1.8,Pass
2869,1497022,HK161_CH1003_L02,CH1003,-13,False,,,5.8,7.6,6.7,6.5,C+,2.5,True,2.64,2.46,Pass
2870,1422174,HK161_CH1003_L02,CH1003,-13,False,,,7.8,6.5,7.3,7.3,B,3.0,True,2.97,3.13,Pass
2871,1487359,HK161_CH1003_L02,CH1003,-13,False,,,7.1,7.5,7.2,7.2,B,3.0,True,3.44,3.32,Pass
2872,1425089,HK161_CH1003_L02,CH1003,-13,False,,,8.3,7.0,5.8,7.4,B,3.0,True,3.25,3.35,Pass
2873,1404688,HK161_CH1003_L02,CH1003,-13,False,,,5.7,5.7,5.5,5.7,C,2.0,True,2.58,2.54,Pass
2874,1443799,HK161_CH1003_L02,CH1003,-13,False,,,7.8,7.8,8.2,7.9,B,3.0,True,3.42,3.37,Pass
2875,1463584,HK161_CH1003_L02,CH1003,-13,False,,,5.3,3.4,4.1,4.5,D,1.0,True,2.0,1.77,Pass
2876,1431684,HK161_CH1003_L02,CH1003,-13,False,,,8.0,7.0,7.3,7.6,B,3.0,True,3.28,3.65,Pass
2877,1448401,HK161_CH1003_L02,CH1003,-13,False,,,8.1,8.3,6.7,7.9,B,3.0,True,3.31,3.24,Pass
2878,1405763,HK161_CH1003_L02,CH1003,-13,False,,,5.1,5.8,6.0,5.5,C,2.0,True,1.56,1.65,Pass
2879,1493032,HK161_CH1003_L02,CH1003,-13,False,,,8.2,8.8,9.6,8.7,A,4.0,True,3.69,3.49,Pass
2880,1499627,HK161_CH1003_L02,CH1003,-13,False,,,9.0,8.3,8.7,8.7,A,4.0,True,3.81,3.91,Pass
2881,1435517,HK161_CH1003_L02,CH1003,-13,False,,,5.1,7.6,8.6,6.5,C+,2.5,True,3.33,3.29,Pass
2882,1456224,HK161_CH1003_L02,CH1003,-13,False,,,7.9,8.1,7.7,7.9,B,3.0,True,3.28,3.33,Pass
2883,1485519,HK161_CH1003_L02,CH1003,-13,False,,,3.7,4.3,3.5,3.8,F,0.0,False,1.03,1.35,Fail
2884,1432602,HK161_CH1003_L02,CH1003,-13,False,,,4.0,5.8,5.9,4.9,D,1.0,True,1.58,1.66,Pass
2885,1420640,HK161_CH1003_L03,CH1003,-13,False,,,8.0,7.5,6.1,7.5,B,3.0,True,3.47,3.52,Pass
2886,1460057,HK161_CH1003_L03,CH1003,-13,False,,,9.2,5.8,7.1,7.8,B,3.0,True,3.28,3.29,Pass
2887,1408984,HK161_CH1003_L03,CH1003,-13,False,,,7.7,7.5,7.8,7.7,B,3.0,True,3.14,3.06,Pass
2888,1456071,HK161_CH1003_L03,CH1003,-13,False,,,9.6,6.7,7.4,8.3,B+,3.5,True,3.47,3.35,Pass
2889,1448707,HK161_CH1003_L03,CH1003,-13,False,,,8.4,9.6,10.0,9.1,A,4.0,True,4.0,3.95,Pass
2890,1407144,HK161_CH1003_L03,CH1003,-13,False,,,3.9,4.5,4.9,4.3,D,1.0,True,2.22,2.36,Pass
2891,1480917,HK161_CH1003_L03,CH1003,-13,False,,,6.0,6.3,6.7,6.2,C,2.0,True,2.64,2.72,Pass
2892,1437357,HK161_CH1003_L03,CH1003,-13,False,,,7.3,8.3,8.0,7.7,B,3.0,True,3.19,3.38,Pass
2893,1415885,HK161_CH1003_L03,CH1003,-13,False,,,6.9,6.5,6.2,6.6,C+,2.5,True,3.06,3.13,Pass
2894,1479689,HK161_CH1003_L03,CH1003,-13,False,,,8.5,10.0,8.3,8.9,A,4.0,True,3.92,3.87,Pass
2895,1428616,HK161_CH1003_L03,CH1003,-13,False,,,8.2,6.3,7.4,7.5,B,3.0,True,2.5,2.27,Pass
2896,1410365,HK161_CH1003_L03,CH1003,-13,False,,,8.2,8.3,8.2,8.2,B+,3.5,True,3.81,3.85,Pass
2897,1436898,HK161_CH1003_L03,CH1003,-13,False,,,4.0,6.2,5.1,4.9,D,1.0,True,1.83,1.9,Pass
2898,1423555,HK161_CH1003_L03,CH1003,-13,False,,,8.5,7.8,9.6,8.5,A,4.0,True,3.39,3.23,Pass
2899,1404535,HK161_CH1003_L03,CH1003,-13,False,,,4.2,5.9,5.0,4.9,D,1.0,True,1.47,1.61,Pass
2900,1459598,HK161_CH1003_L03,CH1003,-13,False,,,6.5,6.4,7.8,6.7,C+,2.5,True,2.44,2.52,Pass
2901,1405916,HK161_CH1003_L03,CH1003,-13,False,,,8.2,6.9,7.5,7.7,B,3.0,True,3.19,3.23,Pass
2902,1492420,HK161_CH1003_L03,CH1003,-13,False,,,5.5,6.3,5.2,5.7,C,2.0,True,2.5,2.44,Pass
2903,1423861,HK161_CH1003_L03,CH1003,-13,False,,,5.4,4.6,4.3,4.9,D,1.0,True,1.39,1.75,Pass
2904,1477237,HK161_CH1003_L03,CH1003,-13,False,,,5.2,6.9,7.2,6.1,C,2.0,True,2.31,2.41,Pass
2905,1414967,HK161_CH1003_L03,CH1003,-13,False,,,8.0,8.9,8.1,8.3,B+,3.5,True,3.42,3.37,Pass
2906,1407297,HK161_CH1003_L03,CH1003,-13,False,,,6.8,6.4,7.5,6.8,C+,2.5,True,2.31,2.49,Pass
2907,1479536,HK161_CH1003_L03,CH1003,-13,False,,,5.9,5.9,8.1,6.3,C,2.0,True,2.25,2.31,Pass
2908,1438585,HK161_CH1003_L03,CH1003,-13,False,,,7.3,6.8,7.1,7.1,B,3.0,True,3.67,3.52,Pass
2909,1440578,HK161_CH1003_L03,CH1003,-13,False,,,5.7,7.0,5.8,6.1,C,2.0,True,2.61,2.69,Pass
2910,1404229,HK161_CH1003_L03,CH1003,-13,False,,,5.8,4.3,4.6,5.1,D+,1.5,True,1.55,1.51,Pass
2911,1403923,HK161_CH1003_L03,CH1003,-13,False,,,6.9,6.4,5.8,6.5,C+,2.5,True,2.97,3.34,Pass
2912,1446714,HK161_CH1003_L03,CH1003,-13,False,,,6.8,7.4,8.1,7.2,B,3.0,True,3.33,3.41,Pass
2913,1420487,HK161_CH1003_L03,CH1003,-13,False,,,8.8,8.3,7.5,8.4,B+,3.5,True,3.25,3.3,Pass
2914,1446561,HK161_CH1003_L03,CH1003,-13,False,,,9.4,8.9,7.9,8.9,A,4.0,True,3.39,3.4,Pass
2915,1424167,HK161_CH1003_L03,CH1003,-13,False,,,3.9,2.2,4.3,3.5,F,0.0,False,1.28,1.52,Fail
2916,1410671,HK161_CH1003_L03,CH1003,-13,False,,,8.6,8.6,8.1,8.5,A,4.0,True,3.44,3.38,Pass
2917,1465118,HK161_CH1003_L03,CH1003,-13,False,,,7.7,7.0,8.8,7.7,B,3.0,True,3.33,3.41,Pass
2918,1469567,HK161_CH1003_L03,CH1003,-13,False,,,7.4,8.0,7.2,7.5,B,3.0,True,3.42,3.55,Pass
2919,1479383,HK161_CH1003_L03,CH1003,-13,False,,,7.6,7.5,6.2,7.3,B,3.0,True,3.28,3.22,Pass
2920,1405457,HK161_CH1003_L03,CH1003,-13,False,,,6.6,7.7,8.0,7.2,B,3.0,True,2.39,2.6,Pass
2921,1402542,HK161_CH1003_L03,CH1003,-13,False,,,7.8,7.5,8.3,7.8,B,3.0,True,3.31,3.42,Pass
2922,1426470,HK161_CH1003_L03,CH1003,-13,False,,,8.1,8.1,6.6,7.8,B,3.0,True,3.36,3.24,Pass
2923,1443187,HK161_CH1003_L03,CH1003,-13,False,,,6.7,7.7,5.8,6.8,C+,2.5,True,3.03,3.02,Pass
2924,1445486,HK161_CH1003_L03,CH1003,-13,False,,,8.1,7.5,7.6,7.8,B,3.0,True,3.08,3.18,Pass
2925,1471866,HK161_CH1003_L03,CH1003,-13,False,,,7.7,7.6,6.5,7.4,B,3.0,True,3.42,3.29,Pass
2926,1433065,HK161_CH1003_L03,CH1003,-13,False,,,4.9,4.1,5.9,4.9,D,1.0,True,2.0,1.83,Pass
2927,1444105,HK161_CH1003_L03,CH1003,-13,False,,,7.2,6.2,7.6,7.0,B,3.0,True,2.61,2.53,Pass
2928,1493954,HK161_CH1003_L03,CH1003,-13,False,,,6.4,5.3,4.5,5.7,C,2.0,True,2.19,2.33,Pass
2929,1487206,HK161_CH1003_L03,CH1003,-13,False,,,7.5,7.9,7.9,7.7,B,3.0,True,3.64,3.48,Pass
2930,1421715,HK161_CH1003_L03,CH1003,-13,False,,,7.8,7.5,7.3,7.6,B,3.0,True,3.22,3.23,Pass
2931,1492726,HK161_CH1003_L03,CH1003,-13,False,,,5.7,6.8,7.2,6.3,C,2.0,True,3.06,3.12,Pass
2932,1422786,HK161_CH1003_L03,CH1003,-13,False,,,7.2,8.6,7.5,7.7,B,3.0,True,3.39,3.36,Pass
2933,1430303,HK161_CH1003_L03,CH1003,-13,False,,,6.9,8.2,5.9,7.1,B,3.0,True,3.25,3.07,Pass
2934,1425854,HK161_CH1003_L03,CH1003,-13,False,,,7.3,6.8,8.2,7.3,B,3.0,True,2.67,2.85,Pass
2935,1453768,HK161_CH1003_L03,CH1003,-13,False,,,7.9,7.7,8.0,7.9,B,3.0,True,3.5,3.46,Pass
2936,1449935,HK161_CH1003_L03,CH1003,-13,False,,,6.0,4.9,4.2,5.3,D+,1.5,True,1.97,1.81,Pass
2937,1453615,HK161_CH1003_L03,CH1003,-13,False,,,5.1,6.1,5.8,5.5,C,2.0,True,1.92,1.87,Pass
2938,1415579,HK161_CH1003_L03,CH1003,-13,False,,,5.9,7.5,7.2,6.6,C+,2.5,True,2.44,2.57,Pass
2939,1449629,HK161_CH1003_L03,CH1003,-13,False,,,7.7,8.5,7.6,7.9,B,3.0,True,3.25,3.3,Pass
2940,1487818,HK161_CH1003_L03,CH1003,-13,False,,,6.5,7.3,5.0,6.4,C+,2.5,True,3.03,3.2,Pass
2941,1484291,HK161_CH1003_L03,CH1003,-13,False,,,8.2,8.3,7.3,8.1,B+,3.5,True,3.0,3.03,Pass
2942,1460826,HK161_CH1003_L03,CH1003,-13,False,,,7.4,6.0,6.7,6.8,C+,2.5,True,2.78,2.76,Pass
2943,1494260,HK161_CH1003_L03,CH1003,-13,False,,,4.8,4.5,6.0,4.9,D,1.0,True,1.92,1.87,Pass
2944,1419106,HK161_CH1003_L03,CH1003,-13,False,,,6.6,4.7,7.4,6.2,C,2.0,True,2.42,2.33,Pass
2945,1454996,HK161_CH1003_L03,CH1003,-13,False,,,8.5,6.7,7.7,7.8,B,3.0,True,3.36,3.28,Pass
2946,1433218,HK161_CH1003_L03,CH1003,-13,False,,,7.3,7.3,8.0,7.4,B,3.0,True,3.31,3.14,Pass
2947,1427694,HK161_CH1003_L03,CH1003,-13,False,,,5.1,4.6,5.8,5.1,D+,1.5,True,1.58,1.5,Pass
2948,1418953,HK161_CH1003_L03,CH1003,-13,False,,,7.7,7.8,5.8,7.3,B,3.0,True,2.78,2.67,Pass
2949,1482298,HK161_CH1003_L03,CH1003,-13,False,,,7.2,6.3,7.1,6.9,C+,2.5,True,3.19,3.27,Pass
2950,1461591,HK161_CH1003_L03,CH1003,-13,False,,,5.1,5.1,7.6,5.6,C,2.0,True,2.83,2.75,Pass
2951,1475856,HK161_CH1003_L03,CH1003,-13,False,,,6.2,7.1,7.6,6.8,C+,2.5,True,2.47,2.39,Pass
2952,1460210,HK161_CH1003_L03,CH1003,-13,False,,,5.5,5.0,4.3,5.1,D+,1.5,True,2.17,1.97,Pass
2953,1422633,HK161_CH1003_L03,CH1003,-13,False,,,8.8,9.7,9.7,9.2,A,4.0,True,4.0,3.97,Pass
2954,1457142,HK161_CH1003_L03,CH1003,-13,False,,,5.5,6.4,7.0,6.1,C,2.0,True,2.56,2.84,Pass
2955,1465887,HK161_CH1003_L03,CH1003,-13,False,,,8.2,6.3,6.2,7.2,B,3.0,True,3.36,3.24,Pass
2956,1469261,HK161_CH1003_L03,CH1003,-13,False,,,5.1,6.1,7.4,5.9,C,2.0,True,1.94,1.84,Pass
2957,1450394,HK161_CH1003_L03,CH1003,-13,False,,,7.8,5.8,3.3,6.3,C,2.0,True,2.0,2.05,Pass
2958,1407450,HK161_CH1003_L03,CH1003,-13,False,,,7.9,6.3,7.2,7.3,B,3.0,True,3.08,3.15,Pass
2959,1480148,HK161_CH1003_L03,CH1003,-13,False,,,7.9,7.3,7.0,7.5,B,3.0,True,3.0,3.17,Pass
2960,1400855,HK161_CH1003_L03,CH1003,-13,False,,,8.0,7.1,7.3,7.6,B,3.0,True,3.39,3.48,Pass
2961,1456989,HK161_CH1003_L03,CH1003,-13,False,,,9.3,6.9,7.9,8.3,B+,3.5,True,3.25,3.09,Pass
2962,1467880,HK161_CH1003_L03,CH1003,-13,False,,,8.5,8.7,8.4,8.5,A,4.0,True,3.39,3.31,Pass
2963,1404382,HK161_CH1003_L03,CH1003,-13,False,,,5.7,8.3,6.6,6.7,C+,2.5,True,2.53,2.39,Pass
2964,1446102,HK161_CH1003_L03,CH1003,-13,False,,,8.8,8.0,8.7,8.5,A,4.0,True,3.69,3.67,Pass
2965,1400549,HK161_CH1003_L03,CH1003,-13,False,,,7.3,7.4,6.8,7.2,B,3.0,True,3.19,3.14,Pass
2966,1449013,HK161_CH1003_L03,CH1003,-13,False,,,7.2,7.6,7.5,7.4,B,3.0,True,3.39,3.44,Pass
2967,1462513,HK161_CH1003_L03,CH1003,-13,False,,,8.1,7.4,7.7,7.8,B,3.0,True,3.22,3.06,Pass
2968,1474781,HK161_CH1003_L03,CH1003,-13,False,,,6.4,7.7,7.2,7.0,B,3.0,True,3.36,3.3,Pass
2969,1429228,HK161_CH1003_L03,CH1003,-13,False,,,8.6,6.1,7.7,7.7,B,3.0,True,2.92,3.21,Pass
2970,1474934,HK161_CH1003_L03,CH1003,-13,False,,,5.5,4.1,4.2,4.8,D,1.0,True,1.83,1.89,Pass
2971,1406375,HK161_CH1003_L03,CH1003,-13,False,,,5.1,3.7,4.4,4.5,D,1.0,True,1.61,1.71,Pass
2972,1428310,HK161_CH1003_L03,CH1003,-13,False,,,8.1,7.9,7.8,8.0,B+,3.5,True,3.42,3.51,Pass
2973,1468033,HK161_CH1003_L03,CH1003,-13,False,,,7.6,8.5,8.9,8.1,B+,3.5,True,3.03,3.21,Pass
2974,1466040,HK161_CH1003_L03,CH1003,-13,False,,,8.0,7.9,6.6,7.7,B,3.0,True,3.28,3.28,Pass
2975,1461897,HK161_CH1003_L03,CH1003,-13,False,,,6.2,6.9,5.1,6.2,C,2.0,True,2.19,2.04,Pass
2976,1469414,HK161_CH1003_L03,CH1003,-13,False,,,8.0,7.6,7.8,7.8,B,3.0,True,3.47,3.32,Pass
2977,1488740,HK161_CH1003_L03,CH1003,-13,False,,,6.1,5.4,4.9,5.7,C,2.0,True,2.56,2.54,Pass
2978,1429075,HK161_CH1003_L03,CH1003,-13,False,,,7.7,7.9,6.2,7.5,B,3.0,True,3.19,3.27,Pass
2979,1472941,HK161_CH1003_L03,CH1003,-13,False,,,6.9,4.8,6.6,6.2,C,2.0,True,2.25,2.22,Pass
2980,1463431,HK161_CH1003_L03,CH1003,-13,False,,,8.3,9.3,8.4,8.6,A,4.0,True,3.47,3.52,Pass
2981,1489199,HK161_CH1003_L03,CH1003,-13,False,,,4.6,4.7,5.7,4.8,D,1.0,True,1.39,1.56,Pass
2982,1412358,HK161_CH1003_L03,CH1003,-13,False,,,7.2,6.8,7.5,7.1,B,3.0,True,3.06,3.38,Pass
2983,1474322,HK161_CH1003_L03,CH1003,-13,False,,,7.7,6.3,7.2,7.2,B,3.0,True,3.14,3.16,Pass
2984,1488893,HK161_CH1003_L03,CH1003,-13,False,,,9.3,8.1,9.1,8.9,A,4.0,True,3.42,3.43,Pass
2985,1416960,HK161_CH1003_L03,CH1003,-13,False,,,8.6,7.8,8.8,8.4,B+,3.5,True,3.69,3.32,Pass
2986,1411130,HK161_CH1003_L03,CH1003,-13,False,,,7.9,6.6,7.4,7.4,B,3.0,True,3.11,3.19,Pass
2987,1482451,HK161_CH1003_L03,CH1003,-13,False,,,3.6,3.2,4.1,3.6,F,0.0,False,0.63,1.02,Fail
2988,1463125,HK161_CH1003_L03,CH1003,-13,False,,,5.0,5.5,6.1,5.4,D+,1.5,True,1.97,1.96,Pass
2989,1473247,HK161_CH1003_L04,CH1003,-13,False,,,9.5,6.7,6.1,8.0,B+,3.5,True,2.64,2.66,Pass
2990,1443646,HK161_CH1003_L04,CH1003,-13,False,,,6.8,6.0,6.7,6.5,C+,2.5,True,2.31,2.38,Pass
2991,1407909,HK161_CH1003_L04,CH1003,-13,False,,,7.6,6.2,6.2,6.9,C+,2.5,True,2.33,2.59,Pass
2992,1468645,HK161_CH1003_L04,CH1003,-13,False,,,9.5,8.1,8.2,8.8,A,4.0,True,3.78,3.47,Pass
2993,1494107,HK161_CH1003_L04,CH1003,-13,False,,,6.6,7.9,6.9,7.0,B,3.0,True,3.08,3.16,Pass
2994,1491961,HK161_CH1003_L04,CH1003,-13,False,,,6.6,6.7,6.9,6.7,C+,2.5,True,2.92,3.08,Pass
2995,1437510,HK161_CH1003_L04,CH1003,-13,False,,,8.5,7.9,8.8,8.4,B+,3.5,True,3.39,3.34,Pass
2996,1412817,HK161_CH1003_L04,CH1003,-13,False,,,6.2,5.9,6.8,6.2,C,2.0,True,2.33,2.45,Pass
2997,1473400,HK161_CH1003_L04,CH1003,-13,False,,,7.6,7.5,6.4,7.3,B,3.0,True,3.19,3.04,Pass
2998,1466805,HK161_CH1003_L04,CH1003,-13,False,,,6.7,5.4,5.3,6.0,C,2.0,True,2.56,2.54,Pass
2999,1494413,HK161_CH1003_L04,CH1003,-13,False,,,7.1,8.6,7.7,7.7,B,3.0,True,3.17,3.28,Pass
3000,1474169,HK161_CH1003_L04,CH1003,-13,False,,,7.7,6.1,8.1,7.3,B,3.0,True,3.28,3.22,Pass
3001,1454843,HK161_CH1003_L04,CH1003,-13,False,,,6.3,9.2,7.1,7.3,B,3.0,True,3.19,3.16,Pass
3002,1426776,HK161_CH1003_L04,CH1003,-13,False,,,7.5,6.9,8.2,7.5,B,3.0,True,3.11,2.95,Pass
3003,1472329,HK161_CH1003_L04,CH1003,-13,False,,,6.9,6.1,7.2,6.7,C+,2.5,True,2.44,2.62,Pass
3004,1406991,HK161_CH1003_L04,CH1003,-13,False,,,5.7,6.2,6.3,6.0,C,2.0,True,2.47,2.49,Pass
3005,1492573,HK161_CH1003_L04,CH1003,-13,False,,,8.2,6.1,6.9,7.3,B,3.0,True,2.94,2.83,Pass
3006,1491345,HK161_CH1003_L04,CH1003,-13,False,,,7.1,7.7,8.0,7.5,B,3.0,True,3.06,3.24,Pass
3007,1498556,HK161_CH1003_L04,CH1003,-13,False,,,6.9,6.8,5.8,6.7,C+,2.5,True,2.25,2.39,Pass
3008,1475703,HK161_CH1003_L04,CH1003,-13,False,,,5.5,4.7,3.4,4.8,D,1.0,True,1.94,2.01,Pass
3009,1489505,HK161_CH1003_L04,CH1003,-13,False,,,7.9,8.2,7.8,8.0,B+,3.5,True,3.69,3.57,Pass
3010,1470332,HK161_CH1003_L04,CH1003,-13,False,,,8.8,9.1,8.1,8.8,A,4.0,True,3.69,3.5,Pass
3011,1422480,HK161_CH1003_L04,CH1003,-13,False,,,7.3,7.3,5.7,7.0,B,3.0,True,3.22,3.3,Pass
3012,1496100,HK161_CH1003_L04,CH1003,-13,False,,,6.5,6.1,6.4,6.4,C+,2.5,True,2.28,2.25,Pass
3013,1407603,HK161_CH1003_L04,CH1003,-13,False,,,7.7,6.6,9.0,7.6,B,3.0,True,3.19,3.15,Pass
3014,1451775,HK161_CH1003_L04,CH1003,-13,False,,,7.8,7.2,7.9,7.6,B,3.0,True,3.08,3.19,Pass
3015,1483832,HK161_CH1003_L04,CH1003,-13,False,,,7.9,6.9,7.3,7.5,B,3.0,True,3.25,3.19,Pass
3016,1401930,HK161_CH1003_L04,CH1003,-13,False,,,8.0,7.6,7.3,7.7,B,3.0,True,3.72,3.57,Pass
3017,1414198,HK161_CH1003_L04,CH1003,-13,False,,,5.9,6.5,6.8,6.3,C,2.0,True,2.5,2.4,Pass
3018,1476621,HK161_CH1003_L04,CH1003,-13,False,,,6.5,5.5,5.6,6.0,C,2.0,True,2.42,2.43,Pass
3019,1425701,HK161_CH1003_L04,CH1003,-13,False,,,5.3,3.8,6.4,5.1,D+,1.5,True,1.36,1.71,Pass
3020,1413586,HK161_CH1003_L04,CH1003,-13,False,,,7.1,6.5,6.7,6.8,C+,2.5,True,2.64,2.55,Pass
3021,1471560,HK161_CH1003_L04,CH1003,-13,False,,,8.1,5.1,6.6,6.9,C+,2.5,True,3.0,3.14,Pass
3022,1413739,HK161_CH1003_L04,CH1003,-13,False,,,7.1,6.7,7.2,7.0,B,3.0,True,3.28,3.34,Pass
3023,1458676,HK161_CH1003_L04,CH1003,-13,False,,,7.1,7.9,5.9,7.1,B,3.0,True,2.5,2.6,Pass
3024,1458523,HK161_CH1003_L04,CH1003,-13,False,,,8.0,6.3,7.1,7.3,B,3.0,True,3.25,3.12,Pass
3025,1402083,HK161_CH1003_L04,CH1003,-13,False,,,5.9,6.8,6.8,6.4,C+,2.5,True,2.44,2.56,Pass
3026,1405304,HK161_CH1003_L04,CH1003,-13,False,,,6.4,5.7,5.2,6.0,C,2.0,True,2.19,2.45,Pass
3027,1431531,HK161_CH1003_L04,CH1003,-13,False,,,5.9,6.9,4.5,5.9,C,2.0,True,2.28,2.1,Pass
3028,1428922,HK161_CH1003_L04,CH1003,-13,False,,,7.0,6.4,7.0,6.8,C+,2.5,True,2.75,2.6,Pass
3029,1498709,HK161_CH1003_L04,CH1003,-13,False,,,5.1,5.4,6.4,5.5,C,2.0,True,2.08,2.1,Pass
3030,1450088,HK161_CH1003_L04,CH1003,-13,False,,,7.1,7.5,7.6,7.3,B,3.0,True,3.0,3.09,Pass
3031,1438126,HK161_CH1003_L04,CH1003,-13,False,,,7.6,8.0,6.8,7.6,B,3.0,True,3.31,3.16,Pass
3032,1484138,HK161_CH1003_L04,CH1003,-13,False,,,6.3,6.5,5.7,6.2,C,2.0,True,2.53,2.49,Pass
3033,1403001,HK161_CH1003_L04,CH1003,-13,False,,,7.8,6.2,5.3,6.8,C+,2.5,True,2.83,2.64,Pass
3034,1414351,HK161_CH1003_L04,CH1003,-13,False,,,7.8,7.9,6.8,7.6,B,3.0,True,3.61,3.57,Pass
3035,1442112,HK161_CH1003_L04,CH1003,-13,False,,,7.3,7.2,7.6,7.3,B,3.0,True,3.22,3.24,Pass
3036,1420181,HK161_CH1003_L04,CH1003,-13,False,,,8.5,8.0,7.8,8.2,B+,3.5,True,3.44,3.33,Pass
3037,1485825,HK161_CH1003_L04,CH1003,-13,False,,,6.4,5.8,6.2,6.2,C,2.0,True,2.42,2.3,Pass
3038,1476774,HK161_CH1003_L04,CH1003,-13,False,,,7.9,5.2,6.5,6.8,C+,2.5,True,3.08,3.21,Pass
3039,1466193,HK161_CH1003_L04,CH1003,-13,False,,,8.6,7.4,7.9,8.1,B+,3.5,True,3.86,3.82,Pass
3040,1474016,HK161_CH1003_L04,CH1003,-13,False,,,5.2,5.8,5.7,5.5,C,2.0,True,2.08,2.09,Pass
3041,1447173,HK161_CH1003_L04,CH1003,-13,False,,,4.7,4.5,6.3,5.0,D+,1.5,True,1.97,1.95,Pass
3042,1492267,HK161_CH1003_L04,CH1003,-13,False,,,7.7,7.1,7.5,7.5,B,3.0,True,3.47,3.5,Pass
3043,1410212,HK161_CH1003_L04,CH1003,-13,False,,,6.6,8.0,7.4,7.2,B,3.0,True,2.86,2.91,Pass
3044,1423249,HK161_CH1003_L04,CH1003,-13,False,,,7.6,7.0,7.5,7.4,B,3.0,True,3.28,3.2,Pass
3045,1499015,HK161_CH1003_L04,CH1003,-13,False,,,8.1,9.4,6.4,8.1,B+,3.5,True,3.67,3.37,Pass
3046,1409290,HK161_CH1003_L04,CH1003,-13,False,,,7.9,7.3,7.8,7.7,B,3.0,True,3.25,3.33,Pass
3047,1445639,HK161_CH1003_L04,CH1003,-13,False,,,7.2,8.6,6.6,7.5,B,3.0,True,3.31,3.38,Pass
3048,1488124,HK161_CH1003_L04,CH1003,-13,False,,,7.7,7.9,8.1,7.8,B,3.0,True,3.42,3.44,Pass
3049,1408678,HK161_CH1003_L04,CH1003,-13,False,,,7.4,6.6,6.6,7.0,B,3.0,True,2.53,2.54,Pass
3050,1440731,HK161_CH1003_L04,CH1003,-13,False,,,7.6,6.9,7.1,7.3,B,3.0,True,3.0,3.02,Pass
3051,1430150,HK161_CH1003_L04,CH1003,-13,False,,,7.1,6.8,6.4,6.9,C+,2.5,True,2.22,2.17,Pass
3052,1420946,HK161_CH1003_L04,CH1003,-13,False,,,7.5,8.4,7.6,7.8,B,3.0,True,3.06,3.18,Pass
3053,1447942,HK161_CH1003_L04,CH1003,-13,False,,,7.9,6.4,7.4,7.4,B,3.0,True,3.17,3.24,Pass
3054,1401161,HK161_CH1003_L04,CH1003,-13,False,,,7.7,7.2,8.1,7.6,B,3.0,True,3.14,3.03,Pass
3055,1491039,HK161_CH1003_L04,CH1003,-13,False,,,9.1,8.8,9.5,9.1,A,4.0,True,4.0,3.93,Pass
3056,1402389,HK161_CH1003_L04,CH1003,-13,False,,,6.8,5.6,7.5,6.6,C+,2.5,True,2.58,2.64,Pass
3057,1401467,HK161_CH1003_L04,CH1003,-13,False,,,6.8,7.7,7.1,7.1,B,3.0,True,3.39,3.4,Pass
3058,1493648,HK161_CH1003_L04,CH1003,-13,False,,,5.3,4.5,4.9,5.0,D+,1.5,True,1.61,1.73,Pass
3059,1475240,HK161_CH1003_L04,CH1003,-13,False,,,6.0,8.2,8.4,7.1,B,3.0,True,3.19,3.2,Pass
3060,1476468,HK161_CH1003_L04,CH1003,-13,False,,,9.7,9.5,9.7,9.6,A+,4.0,True,4.0,3.98,Pass
3061,1468186,HK161_CH1003_L04,CH1003,-13,False,,,6.6,5.4,5.2,6.0,C,2.0,True,2.28,2.39,Pass
3062,1471713,HK161_CH1003_L04,CH1003,-13,False,,,4.7,3.9,5.0,4.5,D,1.0,True,1.75,1.72,Pass
3063,1439813,HK161_CH1003_L04,CH1003,-13,False,,,8.2,8.6,8.4,8.4,B+,3.5,True,3.42,3.37,Pass
3064,1455302,HK161_CH1003_L04,CH1003,-13,False,,,6.2,6.2,6.7,6.3,C,2.0,True,2.97,2.65,Pass
3065,1485978,HK161_CH1003_L04,CH1003,-13,False,,,7.8,7.6,7.7,7.7,B,3.0,True,3.14,3.27,Pass
3066,1411746,HK161_CH1003_L04,CH1003,-13,False,,,6.9,7.4,5.2,6.7,C+,2.5,True,2.25,2.07,Pass
3067,1451622,HK161_CH1003_L04,CH1003,-13,False,,,6.8,7.2,8.3,7.2,B,3.0,True,3.08,3.26,Pass
3068,1401314,HK161_CH1003_L04,CH1003,-13,False,,,7.3,8.3,6.9,7.5,B,3.0,True,3.06,3.09,Pass
3069,1488277,HK161_CH1003_L04,CH1003,-13,False,,,7.3,6.9,7.2,7.2,B,3.0,True,3.28,3.43,Pass
3070,1428463,HK161_CH1003_L04,CH1003,-13,False,,,5.6,4.5,4.7,5.1,D+,1.5,True,2.22,2.33,Pass
3071,1453921,HK161_CH1003_L04,CH1003,-13,False,,,8.4,8.4,5.9,7.9,B,3.0,True,3.19,3.33,Pass
3072,1458829,HK161_CH1003_L04,CH1003,-13,False,,,7.9,7.8,7.9,7.9,B,3.0,True,3.39,3.36,Pass
3073,1474628,HK161_CH1003_L04,CH1003,-13,False,,,7.3,6.9,7.2,7.2,B,3.0,True,3.25,3.29,Pass
3074,1457911,HK161_CH1003_L04,CH1003,-13,False,,,9.9,10.0,9.6,9.9,A+,4.0,True,3.83,3.9,Pass
3075,1458064,HK161_CH1003_L04,CH1003,-13,False,,,7.0,5.3,5.9,6.3,C,2.0,True,2.33,2.48,Pass
3076,1479230,HK161_CH1003_L04,CH1003,-13,False,,,5.0,6.4,6.9,5.8,C,2.0,True,2.39,2.52,Pass
3077,1463278,HK161_CH1003_L04,CH1003,-13,False,,,4.5,7.0,5.9,5.5,C,2.0,True,2.69,2.59,Pass
3078,1494566,HK161_CH1003_L04,CH1003,-13,False,,,6.8,6.6,5.9,6.6,C+,2.5,True,2.64,2.42,Pass
3079,1451010,HK161_CH1003_L04,CH1003,-13,False,,,4.4,6.2,5.1,5.1,D+,1.5,True,1.92,2.01,Pass
3080,1470795,HK161_CH1003_L04,CH1003,-13,False,,,6.8,5.9,6.8,6.5,C+,2.5,True,2.42,2.56,Pass
3081,1431837,HK161_CH1003_L04,CH1003,-13,False,,,6.5,6.3,7.8,6.7,C+,2.5,True,2.56,2.51,Pass
3082,1472788,HK161_CH1003_L04,CH1003,-13,False,,,8.1,7.5,8.4,8.0,B+,3.5,True,3.14,3.18,Pass
3083,1424936,HK161_CH1003_L04,CH1003,-13,False,,,7.9,7.2,5.8,7.3,B,3.0,True,3.17,3.12,Pass
3084,1408831,HK161_CH1003_L04,CH1003,-13,False,,,6.5,6.6,7.9,6.8,C+,2.5,True,2.94,3.07,Pass
3085,1464659,HK161_CH1003_L04,CH1003,-13,False,,,7.3,6.5,8.4,7.3,B,3.0,True,3.03,3.19,Pass
3086,1425395,HK161_CH1003_L04,CH1003,-13,False,,,7.4,7.6,8.1,7.6,B,3.0,True,3.17,3.27,Pass
3087,1437973,HK161_CH1003_L04,CH1003,-13,False,,,9.1,9.2,9.2,9.1,A,4.0,True,4.0,3.99,Pass
3088,1497175,HK161_CH1003_L04,CH1003,-13,False,,,6.1,5.8,7.3,6.2,C,2.0,True,2.5,2.47,Pass
3089,1495947,HK161_CH1003_L04,CH1003,-13,False,,,9.3,6.4,9.7,8.5,A,4.0,True,3.61,3.37,Pass
3090,1453003,HK161_CH1003_L04,CH1003,-13,False,,,7.9,6.9,6.5,7.3,B,3.0,True,3.36,3.26,Pass
3091,1452081,HK161_CH1003_L04,CH1003,-13,False,,,7.0,7.0,6.7,6.9,C+,2.5,True,2.31,2.49,Pass
3092,1423402,HK161_CH1003_L04,CH1003,-13,False,,,5.3,4.0,5.6,5.0,D+,1.5,True,1.92,1.81,Pass
3093,1472635,HK161_CH1003_L05,CH1003,-13,False,,,7.8,5.8,7.3,7.1,B,3.0,True,3.39,3.25,Pass
3094,1439197,HK161_CH1003_L05,CH1003,-13,False,,,5.9,6.8,6.3,6.2,C,2.0,True,2.5,2.68,Pass
3095,1446255,HK161_CH1003_L05,CH1003,-13,False,,,6.3,7.1,6.4,6.6,C+,2.5,True,2.42,2.43,Pass
3096,1444721,HK161_CH1003_L05,CH1003,-13,False,,,4.7,4.6,5.4,4.8,D,1.0,True,1.75,1.87,Pass
3097,1444568,HK161_CH1003_L05,CH1003,-13,False,,,7.9,6.8,6.9,7.4,B,3.0,True,3.44,3.38,Pass
3098,1497787,HK161_CH1003_L05,CH1003,-13,False,,,7.8,8.4,7.8,8.0,B+,3.5,True,3.69,3.4,Pass
3099,1486131,HK161_CH1003_L05,CH1003,-13,False,,,7.5,7.7,7.1,7.5,B,3.0,True,3.25,3.3,Pass
3100,1491651,HK161_CH1003_L05,CH1003,-13,False,,,6.1,5.9,6.2,6.1,C,2.0,True,2.53,2.54,Pass
3101,1469873,HK161_CH1003_L05,CH1003,-13,False,,,6.7,8.7,8.1,7.6,B,3.0,True,3.33,3.26,Pass
3102,1499474,HK161_CH1003_L05,CH1003,-13,False,,,8.4,8.8,8.5,8.5,A,4.0,True,3.36,3.36,Pass
3103,1426007,HK161_CH1003_L05,CH1003,-13,False,,,8.1,7.5,6.6,7.6,B,3.0,True,3.31,3.35,Pass
3104,1408525,HK161_CH1003_L05,CH1003,-13,False,,,6.5,5.6,4.3,5.8,C,2.0,True,1.94,1.69,Pass
3105,1422327,HK161_CH1003_L05,CH1003,-13,False,,,7.7,6.4,7.5,7.3,B,3.0,True,3.14,3.2,Pass
3106,1473553,HK161_CH1003_L05,CH1003,-13,False,,,8.1,7.7,7.2,7.8,B,3.0,True,3.14,3.33,Pass
3107,1494719,HK161_CH1003_L05,CH1003,-13,False,,,4.3,3.6,4.7,4.2,D,1.0,True,1.67,1.56,Pass
3108,1413892,HK161_CH1003_L05,CH1003,-13,False,,,6.9,7.6,8.1,7.3,B,3.0,True,3.17,3.36,Pass
3109,1490733,HK161_CH1003_L05,CH1003,-13,False,,,6.0,6.9,6.7,6.4,C+,2.5,True,2.22,2.12,Pass
3110,1460363,HK161_CH1003_L05,CH1003,-13,False,,,8.5,8.1,8.0,8.3,B+,3.5,True,3.28,3.42,Pass
3111,1415273,HK161_CH1003_L05,CH1003,-13,False,,,6.6,6.4,7.1,6.6,C+,2.5,True,3.08,3.2,Pass
3112,1432143,HK161_CH1003_L05,CH1003,-13,False,,,7.8,7.9,7.1,7.7,B,3.0,True,3.33,3.25,Pass
3113,1439966,HK161_CH1003_L05,CH1003,-13,False,,,6.6,6.4,6.5,6.5,C+,2.5,True,2.61,2.55,Pass
3114,1417266,HK161_CH1003_L05,CH1003,-13,False,,,7.4,8.7,7.9,7.9,B,3.0,True,3.44,3.31,Pass
3115,1418494,HK161_CH1003_L05,CH1003,-13,False,,,6.3,6.6,5.7,6.3,C,2.0,True,2.61,2.64,Pass
3116,1417419,HK161_CH1003_L05,CH1003,-13,False,,,5.8,5.7,4.6,5.5,C,2.0,True,1.53,1.63,Pass
3117,1405151,HK161_CH1003_L05,CH1003,-13,False,,,7.4,6.6,7.1,7.1,B,3.0,True,3.36,3.3,Pass
3118,1414045,HK161_CH1003_L05,CH1003,-13,False,,,7.3,6.6,8.3,7.3,B,3.0,True,3.17,3.38,Pass
3119,1433983,HK161_CH1003_L05,CH1003,-13,False,,,6.4,4.7,5.6,5.7,C,2.0,True,2.92,2.53,Pass
3120,1407756,HK161_CH1003_L05,CH1003,-13,False,,,6.7,8.5,7.4,7.4,B,3.0,True,3.08,3.32,Pass
3121,1449782,HK161_CH1003_L05,CH1003,-13,False,,,7.6,6.7,6.7,7.1,B,3.0,True,3.0,3.18,Pass
3122,1417572,HK161_CH1003_L05,CH1003,-13,False,,,7.3,6.5,7.6,7.1,B,3.0,True,3.53,3.18,Pass
3123,1457605,HK161_CH1003_L05,CH1003,-13,False,,,7.4,7.3,5.5,7.0,B,3.0,True,3.06,3.06,Pass
3124,1495641,HK161_CH1003_L05,CH1003,-13,False,,,6.0,4.5,6.0,5.5,C,2.0,True,2.0,2.15,Pass
3125,1419259,HK161_CH1003_L05,CH1003,-13,False,,,9.6,9.3,8.1,9.2,A,4.0,True,4.0,3.98,Pass
3126,1477543,HK161_CH1003_L05,CH1003,-13,False,,,5.4,6.3,6.6,5.9,C,2.0,True,2.53,2.51,Pass
3127,1430609,HK161_CH1003_L05,CH1003,-13,False,,,5.3,5.4,5.7,5.4,D+,1.5,True,2.08,2.33,Pass
3128,1459445,HK161_CH1003_L05,CH1003,-13,False,,,6.8,7.3,6.8,6.9,C+,2.5,True,2.75,2.72,Pass
3129,1459751,HK161_CH1003_L05,CH1003,-13,False,,,6.5,6.9,6.2,6.6,C+,2.5,True,2.5,2.45,Pass
3130,1440425,HK161_CH1003_L05,CH1003,-13,False,,,6.4,6.2,7.9,6.6,C+,2.5,True,2.78,2.69,Pass
3131,1453156,HK161_CH1003_L05,CH1003,-13,False,,,8.0,7.4,7.4,7.7,B,3.0,True,3.11,3.33,Pass
3132,1409137,HK161_CH1003_L05,CH1003,-13,False,,,7.2,7.6,6.4,7.2,B,3.0,True,3.28,3.31,Pass
3133,1435823,HK161_CH1003_L05,CH1003,-13,False,,,3.6,6.5,7.6,5.3,D+,1.5,True,2.22,2.41,Pass
3134,1483216,HK161_CH1003_L05,CH1003,-13,False,,,4.9,6.1,4.9,5.3,D+,1.5,True,1.64,1.62,Pass
3135,1496253,HK161_CH1003_L05,CH1003,-13,False,,,7.5,8.9,7.7,8.0,B+,3.5,True,3.19,3.32,Pass
3136,1448248,HK161_CH1003_L05,CH1003,-13,False,,,7.7,7.3,7.4,7.5,B,3.0,True,3.22,3.28,Pass
3137,1472482,HK161_CH1003_L05,CH1003,-13,False,,,8.3,7.8,9.6,8.4,B+,3.5,True,3.5,3.42,Pass
3138,1466958,HK161_CH1003_L05,CH1003,-13,False,,,7.6,8.0,5.3,7.3,B,3.0,True,3.08,3.25,Pass
3139,1436439,HK161_CH1003_L05,CH1003,-13,False,,,6.4,7.5,7.7,7.0,B,3.0,True,2.92,2.91,Pass
3140,1477390,HK161_CH1003_L05,CH1003,-13,False,,,6.9,7.4,6.9,7.1,B,3.0,True,3.39,3.28,Pass
3141,1461438,HK161_CH1003_L05,CH1003,-13,False,,,6.5,7.0,7.1,6.8,C+,2.5,True,2.75,2.49,Pass
3142,1424783,HK161_CH1003_L05,CH1003,-13,False,,,6.9,7.6,7.3,7.2,B,3.0,True,3.47,3.44,Pass
3143,1483369,HK161_CH1003_L05,CH1003,-13,False,,,6.6,7.1,7.8,7.0,B,3.0,True,2.92,2.71,Pass
3144,1458217,HK161_CH1003_L05,CH1003,-13,False,,,7.5,7.1,6.5,7.2,B,3.0,True,2.58,2.49,Pass
3145,1455149,HK161_CH1003_L05,CH1003,-13,False,,,8.9,9.1,9.1,9.0,A,4.0,True,4.0,4.0,Pass
3146,1431378,HK161_CH1003_L05,CH1003,-13,False,,,7.5,6.7,6.4,7.0,B,3.0,True,3.03,3.07,Pass
3147,1482604,HK161_CH1003_L05,CH1003,-13,False,,,8.2,6.5,6.7,7.4,B,3.0,True,3.08,3.14,Pass
3148,1410059,HK161_CH1003_L05,CH1003,-13,False,,,6.7,6.4,7.2,6.7,C+,2.5,True,2.44,2.55,Pass
3149,1438279,HK161_CH1003_L05,CH1003,-13,False,,,7.5,7.0,6.9,7.2,B,3.0,True,3.28,3.42,Pass
3150,1459904,HK161_CH1003_L05,CH1003,-13,False,,,7.0,7.4,5.9,6.9,C+,2.5,True,3.25,3.09,Pass
3151,1433830,HK161_CH1003_L05,CH1003,-13,False,,,5.8,4.7,5.1,5.3,D+,1.5,True,1.67,1.89,Pass
3152,1418341,HK161_CH1003_L05,CH1003,-13,False,,,8.7,8.6,8.0,8.5,A,4.0,True,4.0,3.87,Pass
3153,1467421,HK161_CH1003_L05,CH1003,-13,False,,,6.5,6.0,7.1,6.5,C+,2.5,True,2.47,2.51,Pass
3154,1489658,HK161_CH1003_L05,CH1003,-13,False,,,7.7,7.4,6.5,7.4,B,3.0,True,3.31,3.49,Pass
3155,1487665,HK161_CH1003_L05,CH1003,-13,False,,,6.5,6.6,6.0,6.4,C+,2.5,True,2.64,2.5,Pass
3156,1433677,HK161_CH1003_L05,CH1003,-13,False,,,8.5,9.1,8.1,8.6,A,4.0,True,3.56,3.49,Pass
3157,1442418,HK161_CH1003_L05,CH1003,-13,False,,,9.2,8.4,7.9,8.7,A,4.0,True,3.36,3.39,Pass
3158,1489352,HK161_CH1003_L05,CH1003,-13,False,,,8.0,7.1,7.3,7.6,B,3.0,True,3.14,3.16,Pass
3159,1498862,HK161_CH1003_L05,CH1003,-13,False,,,4.8,6.6,6.8,5.7,C,2.0,True,1.81,1.89,Pass
3160,1487053,HK161_CH1003_L05,CH1003,-13,False,,,7.4,6.2,8.4,7.2,B,3.0,True,3.22,3.3,Pass
3161,1491192,HK161_CH1003_L05,CH1003,-13,False,,,8.6,7.5,8.5,8.2,B+,3.5,True,3.67,3.54,Pass
3162,1425548,HK161_CH1003_L05,CH1003,-13,False,,,6.9,6.9,6.3,6.8,C+,2.5,True,3.11,3.27,Pass
3163,1486590,HK161_CH1003_L05,CH1003,-13,False,,,8.0,7.8,7.8,7.9,B,3.0,True,3.25,3.27,Pass
3164,1429691,HK161_CH1003_L05,CH1003,-13,False,,,3.8,6.4,5.9,5.0,D+,1.5,True,2.58,2.55,Pass
3165,1420334,HK161_CH1003_L05,CH1003,-13,False,,,5.1,6.2,6.3,5.7,C,2.0,True,2.22,2.06,Pass
3166,1430762,HK161_CH1003_L05,CH1003,-13,False,,,6.1,6.3,4.8,5.9,C,2.0,True,2.39,2.21,Pass
3167,1461744,HK161_CH1003_L05,CH1003,-13,False,,,5.6,7.4,7.5,6.5,C+,2.5,True,2.5,2.41,Pass
3168,1487512,HK161_CH1003_L05,CH1003,-13,False,,,7.8,8.3,6.4,7.7,B,3.0,True,3.78,3.62,Pass
3169,1435364,HK161_CH1003_L05,CH1003,-13,False,,,8.0,7.2,7.0,7.6,B,3.0,True,3.22,3.18,Pass
3170,1436745,HK161_CH1003_L05,CH1003,-13,False,,,6.2,5.7,7.2,6.2,C,2.0,True,2.25,2.46,Pass
3171,1421868,HK161_CH1003_L05,CH1003,-13,False,,,8.2,6.7,6.8,7.5,B,3.0,True,3.47,3.32,Pass
3172,1422021,HK161_CH1003_L05,CH1003,-13,False,,,4.0,3.0,5.2,3.9,F,0.0,False,1.53,1.7,Fail
3173,1435058,HK161_CH1003_L05,CH1003,-13,False,,,6.8,7.8,8.1,7.4,B,3.0,True,3.69,3.45,Pass
3174,1437051,HK161_CH1003_L05,CH1003,-13,False,,,5.7,6.1,7.2,6.1,C,2.0,True,2.61,2.77,Pass
3175,1497634,HK161_CH1003_L05,CH1003,-13,False,,,8.0,8.1,7.4,7.9,B,3.0,True,3.56,3.62,Pass
3176,1416807,HK161_CH1003_L05,CH1003,-13,False,,,5.7,6.3,4.4,5.6,C,2.0,True,1.81,1.95,Pass
3177,1433371,HK161_CH1003_L05,CH1003,-13,False,,,7.9,7.1,6.3,7.3,B,3.0,True,3.39,3.08,Pass
3178,1412052,HK161_CH1003_L05,CH1003,-13,False,,,6.0,7.6,5.5,6.4,C+,2.5,True,2.44,2.66,Pass
3179,1468492,HK161_CH1003_L05,CH1003,-13,False,,,5.5,5.0,6.1,5.5,C,2.0,True,2.0,1.82,Pass
3180,1467574,HK161_CH1003_L05,CH1003,-13,False,,,7.2,6.2,5.1,6.5,C+,2.5,True,2.69,2.59,Pass
3181,1428157,HK161_CH1003_L05,CH1003,-13,False,,,5.6,5.6,4.9,5.5,C,2.0,True,1.78,1.79,Pass
3182,1443493,HK161_CH1003_L05,CH1003,-13,False,,,6.1,8.3,7.2,7.0,B,3.0,True,3.22,3.11,Pass
3183,1452234,HK161_CH1003_L05,CH1003,-13,False,,,7.0,7.3,8.2,7.3,B,3.0,True,3.5,3.52,Pass
3184,1413433,HK161_CH1003_L05,CH1003,-13,False,,,7.4,6.3,8.3,7.2,B,3.0,True,3.22,3.45,Pass
3185,1414504,HK161_CH1003_L05,CH1003,-13,False,,,9.2,8.9,9.4,9.1,A,4.0,True,3.94,3.93,Pass
3186,1482910,HK161_CH1003_L05,CH1003,-13,False,,,6.2,7.6,8.7,7.1,B,3.0,True,2.56,2.51,Pass
3187,1406069,HK161_CH1003_L05,CH1003,-13,False,,,6.5,7.1,9.8,7.3,B,3.0,True,2.61,2.54,Pass
3188,1447789,HK161_CH1003_L05,CH1003,-13,False,,,6.5,5.6,5.4,6.0,C,2.0,True,2.47,2.44,Pass
3189,1427082,HK161_CH1003_L05,CH1003,-13,False,,,8.3,5.3,4.4,6.6,C+,2.5,True,1.83,1.61,Pass
3190,1435670,HK161_CH1003_L05,CH1003,-13,False,,,5.9,5.6,5.6,5.8,C,2.0,True,2.69,2.67,Pass
3191,1471254,HK161_CH1003_L05,CH1003,-13,False,,,4.6,5.5,5.8,5.1,D+,1.5,True,1.81,1.7,Pass
3192,1434752,HK161_CH1003_L05,CH1003,-13,False,,,5.1,6.7,5.6,5.7,C,2.0,True,1.92,1.85,Pass
3193,1466499,HK161_CH1003_L05,CH1003,-13,False,,,7.9,8.1,8.5,8.1,B+,3.5,True,3.67,3.55,Pass
3194,1465271,HK161_CH1003_L05,CH1003,-13,False,,,8.4,8.3,8.1,8.3,B+,3.5,True,3.58,3.51,Pass
3195,1446867,HK161_CH1003_L05,CH1003,-13,False,,,7.9,7.2,8.1,7.7,B,3.0,True,3.33,3.16,Pass
3196,1457758,HK161_MT2013_L01,MT2013,-13,True,,6.3,5.2,3.7,,5.1,D+,1.5,True,0.84,1.08,Pass
3197,1404229,HK161_MT2013_L01,MT2013,-13,True,,4.7,3.9,4.0,,4.1,D,1.0,True,1.55,1.51,Pass
3198,1533740,HK161_LA1007_L01,LA1007,-13,False,7.9,6.8,7.4,7.5,,7.4,B,3.0,True,3.37,3.32,Pass
3199,1536186,HK161_LA1007_L01,LA1007,-13,False,7.2,5.9,7.1,5.1,,6.5,C+,2.5,True,2.05,1.98,Pass
3200,1570138,HK161_LA1007_L01,LA1007,-13,False,6.3,7.5,6.2,6.0,,6.4,C+,2.5,True,2.76,2.39,Pass
3201,1538168,HK161_LA1007_L01,LA1007,-13,False,6.4,7.0,5.9,6.2,,6.2,C,2.0,True,2.45,2.41,Pass
3202,1511302,HK161_LA1007_L01,LA1007,-13,False,6.6,6.5,5.9,6.2,,6.2,C,2.0,True,2.12,1.86,Pass
3203,1585490,HK161_LA1007_L01,LA1007,-13,False,5.9,4.9,7.7,5.8,,6.6,C+,2.5,True,2.68,2.49,Pass
3204,1565836,HK161_LA1007_L01,LA1007,-13,False,4.3,4.7,5.6,5.9,,5.3,D+,1.5,True,1.92,1.74,Pass
3205,1591479,HK161_LA1007_L01,LA1007,-13,False,8.4,7.9,9.0,10.0,,8.9,A,4.0,True,3.88,3.76,Pass
3206,1546013,HK161_LA1007_L01,LA1007,-13,False,5.9,6.8,6.3,6.2,,6.3,C,2.0,True,2.69,2.42,Pass
3207,1595022,HK161_LA1007_L01,LA1007,-13,False,7.4,6.4,6.6,8.5,,7.0,B,3.0,True,3.22,3.37,Pass
3208,1580134,HK161_LA1007_L01,LA1007,-13,False,6.1,5.6,5.9,5.2,,5.7,C,2.0,True,1.88,1.87,Pass
3209,1513284,HK161_LA1007_L01,LA1007,-13,False,7.0,7.8,7.9,7.1,,7.6,B,3.0,True,3.24,3.13,Pass
3210,1544326,HK161_LA1007_L01,LA1007,-13,False,7.3,6.9,7.4,7.1,,7.2,B,3.0,True,3.08,3.19,Pass
3211,1505608,HK161_LA1007_L01,LA1007,-13,False,5.3,7.9,5.7,6.9,,6.3,C,2.0,True,2.47,2.7,Pass
3212,1519442,HK161_LA1007_L01,LA1007,-13,False,6.8,5.4,7.5,6.7,,6.9,C+,2.5,True,2.72,2.56,Pass
3213,1507295,HK161_LA1007_L01,LA1007,-13,False,9.2,8.3,6.6,7.1,,7.3,B,3.0,True,3.44,3.34,Pass
3214,1526190,HK161_LA1007_L01,LA1007,-13,False,4.7,6.4,5.6,5.8,,5.7,C,2.0,True,2.53,2.26,Pass
3215,1537873,HK161_LA1007_L01,LA1007,-13,False,4.3,5.4,3.8,4.3,,4.3,D,1.0,True,1.69,1.73,Pass
3216,1520201,HK161_LA1007_L01,LA1007,-13,False,6.3,6.6,5.6,6.2,,6.0,C,2.0,True,2.41,2.46,Pass
3217,1505482,HK161_LA1007_L01,LA1007,-13,False,5.7,6.9,6.4,7.1,,6.6,C+,2.5,True,2.45,2.53,Pass
3218,1596245,HK161_LA1007_L01,LA1007,-13,False,6.2,4.2,5.8,6.6,,5.7,C,2.0,True,1.84,1.78,Pass
3219,1561239,HK161_LA1007_L01,LA1007,-13,False,5.4,5.4,6.3,5.4,,5.8,C,2.0,True,2.0,1.73,Pass
3220,1514845,HK161_LA1007_L01,LA1007,-13,False,4.4,4.9,4.6,5.0,,4.7,D,1.0,True,1.56,1.28,Pass
3221,1509320,HK161_LA1007_L01,LA1007,-13,False,7.3,7.7,7.5,7.5,,7.5,B,3.0,True,3.44,3.4,Pass
3222,1518219,HK161_LA1007_L01,LA1007,-13,False,7.3,8.2,8.6,6.2,,7.9,B,3.0,True,3.53,3.46,Pass
3223,1571530,HK161_LA1007_L01,LA1007,-13,False,6.8,7.7,7.2,6.6,,7.1,B,3.0,True,2.66,2.75,Pass
3224,1560606,HK161_LA1007_L01,LA1007,-13,False,7.0,6.1,6.9,7.6,,6.9,C+,2.5,True,2.81,2.57,Pass
3225,1504385,HK161_LA1007_L01,LA1007,-13,False,9.4,8.7,7.5,6.7,,7.8,B,3.0,True,3.25,3.49,Pass
3226,1544031,HK161_LA1007_L01,LA1007,-13,False,5.9,5.8,4.9,6.6,,5.5,C,2.0,True,1.89,1.87,Pass
3227,1534035,HK161_LA1007_L01,LA1007,-13,False,6.2,5.5,5.4,5.4,,5.5,C,2.0,True,2.0,1.87,Pass
3228,1571656,HK161_LA1007_L01,LA1007,-13,False,6.4,5.1,7.1,4.9,,6.2,C,2.0,True,1.69,1.7,Pass
3229,1577983,HK161_LA1007_L01,LA1007,-13,False,5.3,5.5,6.6,6.8,,6.3,C,2.0,True,2.25,2.34,Pass
3230,1509151,HK161_LA1007_L01,LA1007,-13,False,7.6,8.1,8.2,8.4,,8.2,B+,3.5,True,3.53,3.35,Pass
3231,1571825,HK161_LA1007_L01,LA1007,-13,False,5.2,6.0,6.0,5.9,,5.9,C,2.0,True,1.5,1.51,Pass
3232,1569210,HK161_LA1007_L01,LA1007,-13,False,6.1,6.4,7.3,6.6,,6.9,C+,2.5,True,2.5,2.56,Pass
3233,1509784,HK161_LA1007_L01,LA1007,-13,False,8.1,7.3,7.2,6.8,,7.2,B,3.0,True,3.5,3.14,Pass
3234,1532812,HK161_LA1007_L01,LA1007,-13,False,8.0,8.6,5.8,8.6,,7.1,B,3.0,True,3.5,3.53,Pass
3235,1515140,HK161_LA1007_L01,LA1007,-13,False,5.2,7.1,5.0,4.9,,5.4,D+,1.5,True,1.72,1.67,Pass
3236,1547574,HK161_LA1007_L01,LA1007,-13,False,3.8,7.0,5.3,3.7,,5.2,D+,1.5,True,1.71,1.42,Pass
3237,1539265,HK161_LA1007_L01,LA1007,-13,False,6.4,7.9,8.0,7.7,,7.8,B,3.0,True,3.34,3.09,Pass
3238,1507464,HK161_LA1007_L01,LA1007,-13,False,6.3,6.2,6.4,5.2,,6.1,C,2.0,True,2.25,1.92,Pass
3239,1544790,HK161_LA1007_L01,LA1007,-13,False,5.2,5.3,6.5,7.9,,6.4,C+,2.5,True,1.81,1.92,Pass
3240,1565203,HK161_LA1007_L01,LA1007,-13,False,6.5,7.3,8.1,9.4,,8.0,B+,3.5,True,2.72,2.64,Pass
3241,1591648,HK161_LA1007_L01,LA1007,-13,False,4.6,5.4,5.7,5.0,,5.4,D+,1.5,True,2.28,1.83,Pass
3242,1556473,HK161_LA1007_L01,LA1007,-13,False,5.3,6.3,5.1,5.0,,5.3,D+,1.5,True,1.41,1.51,Pass
3243,1535427,HK161_LA1007_L01,LA1007,-13,False,6.5,5.5,4.4,6.3,,5.2,D+,1.5,True,1.84,1.81,Pass
3244,1557063,HK161_LA1007_L01,LA1007,-13,False,8.8,7.3,6.7,7.7,,7.2,B,3.0,True,3.42,3.35,Pass
3245,1526064,HK161_LA1007_L01,LA1007,-13,False,7.6,7.8,8.2,7.6,,7.9,B,3.0,True,3.37,3.51,Pass
3246,1554617,HK161_LA1007_L01,LA1007,-13,False,6.8,7.3,5.8,6.8,,6.4,C+,2.5,True,2.5,2.47,Pass
3247,1538801,HK161_LA1007_L01,LA1007,-13,False,4.1,4.7,5.0,6.5,,5.2,D+,1.5,True,1.25,1.41,Pass
3248,1597637,HK161_LA1007_L01,LA1007,-13,False,4.7,5.2,5.0,5.4,,5.1,D+,1.5,True,2.03,1.65,Pass
3249,1524039,HK161_LA1007_L01,LA1007,-13,False,7.1,6.5,6.2,7.7,,6.7,C+,2.5,True,2.69,2.73,Pass
3250,1567818,HK161_LA1007_L01,LA1007,-13,False,8.1,7.3,7.9,7.7,,7.8,B,3.0,True,3.47,3.26,Pass
3251,1541880,HK161_LA1007_L01,LA1007,-13,False,7.2,5.2,5.7,7.6,,6.1,C,2.0,True,2.55,2.29,Pass
3252,1561365,HK161_LA1007_L01,LA1007,-13,False,4.2,5.9,6.0,6.8,,6.0,C,2.0,True,2.53,2.33,Pass
3253,1552930,HK161_LA1007_L01,LA1007,-13,False,7.0,6.5,5.5,6.3,,6.0,C,2.0,True,2.22,2.14,Pass
3254,1536355,HK161_LA1007_L01,LA1007,-13,False,5.0,5.3,6.1,5.8,,5.8,C,2.0,True,2.0,1.86,Pass
3255,1518050,HK161_LA1007_L01,LA1007,-13,False,6.9,6.4,7.5,7.7,,7.3,B,3.0,True,3.59,3.45,Pass
3256,1531884,HK161_LA1007_L01,LA1007,-13,False,7.9,6.4,6.3,7.6,,6.7,C+,2.5,True,2.76,2.74,Pass
3257,1521888,HK161_LA1007_L01,LA1007,-13,False,5.2,5.2,5.9,5.8,,5.7,C,2.0,True,1.66,1.77,Pass
3258,1566764,HK161_LA1007_L01,LA1007,-13,False,6.2,5.1,5.3,5.3,,5.3,D+,1.5,True,2.11,1.91,Pass
3259,1553099,HK161_LA1007_L01,LA1007,-13,False,8.7,7.7,5.7,8.5,,7.0,B,3.0,True,3.08,3.28,Pass
3260,1584731,HK161_LA1007_L01,LA1007,-13,False,5.6,7.1,5.7,5.8,,6.0,C,2.0,True,2.0,1.89,Pass
3261,1543272,HK161_LA1007_L01,LA1007,-13,False,7.7,8.0,8.3,7.8,,8.1,B+,3.5,True,3.39,3.52,Pass
3262,1590551,HK161_LA1007_L01,LA1007,-13,False,6.9,7.4,6.9,9.9,,7.6,B,3.0,True,2.53,2.5,Pass
3263,1575368,HK161_LA1007_L01,LA1007,-13,False,4.7,5.2,5.7,5.3,,5.4,D+,1.5,True,1.94,1.71,Pass
3264,1560016,HK161_LA1007_L01,LA1007,-13,False,7.8,6.6,8.1,8.0,,7.8,B,3.0,True,3.37,3.3,Pass
3265,1573512,HK161_LA1007_L01,LA1007,-13,False,5.7,7.2,7.7,8.4,,7.5,B,3.0,True,3.34,3.43,Pass
3266,1580724,HK161_LA1007_L01,LA1007,-13,False,5.0,5.3,5.2,6.5,,5.5,C,2.0,True,1.53,1.54,Pass
3267,1558160,HK161_LA1007_L01,LA1007,-13,False,6.6,6.1,6.5,5.4,,6.2,C,2.0,True,2.41,2.43,Pass
3268,1547110,HK161_LA1007_L01,LA1007,-13,False,6.8,7.4,7.1,7.5,,7.2,B,3.0,True,2.91,2.77,Pass
3269,1531125,HK161_LA1007_L01,LA1007,-13,False,7.7,8.5,7.5,8.4,,7.9,B,3.0,True,3.09,3.3,Pass
3270,1540024,HK161_LA1007_L01,LA1007,-13,False,5.8,5.2,6.2,5.6,,5.8,C,2.0,True,1.72,1.86,Pass
3271,1535132,HK161_LA1007_L01,LA1007,-13,False,6.6,7.3,6.7,6.1,,6.7,C+,2.5,True,2.38,2.59,Pass
3272,1506072,HK161_LA1007_L01,LA1007,-13,False,8.1,6.8,8.1,7.4,,7.7,B,3.0,True,3.22,3.08,Pass
3273,1512230,HK161_LA1007_L01,LA1007,-13,False,7.0,7.0,7.6,5.5,,7.0,B,3.0,True,2.44,2.49,Pass
3274,1580893,HK161_LA1007_L01,LA1007,-13,False,8.2,8.3,8.1,9.7,,8.5,A,4.0,True,3.12,3.19,Pass
3275,1597173,HK161_LA1007_L01,LA1007,-13,False,6.6,5.8,6.8,6.0,,6.4,C+,2.5,True,2.16,2.23,Pass
3276,1540657,HK161_LA1007_L01,LA1007,-13,False,8.3,7.4,7.8,5.8,,7.4,B,3.0,True,2.37,2.3,Pass
3277,1563685,HK161_LA1007_L01,LA1007,-13,False,5.7,6.5,6.9,5.5,,6.4,C+,2.5,True,2.5,2.61,Pass
3278,1595781,HK161_LA1007_L01,LA1007,-13,False,8.3,8.9,7.6,8.1,,8.0,B+,3.5,True,3.5,3.52,Pass
3279,1586587,HK161_LA1007_L01,LA1007,-13,False,6.3,4.4,4.6,5.4,,4.9,D,1.0,True,1.53,1.65,Pass
3280,1508982,HK161_LA1007_L01,LA1007,-13,False,6.9,7.6,7.6,6.5,,7.3,B,3.0,True,2.47,2.25,Pass
3281,1500842,HK161_LA1007_L01,LA1007,-13,False,6.5,4.3,4.8,5.0,,4.9,D,1.0,True,1.62,1.65,Pass
3282,1518388,HK161_LA1007_L01,LA1007,-13,False,7.0,6.0,7.3,7.8,,7.1,B,3.0,True,3.09,3.25,Pass
3283,1592407,HK161_LA1007_L01,LA1007,-13,False,6.7,5.9,7.6,7.0,,7.0,B,3.0,True,2.44,2.44,Pass
3284,1588274,HK161_LA1007_L01,LA1007,-13,False,4.8,5.5,6.9,8.2,,6.7,C+,2.5,True,2.16,2.37,Pass
3285,1540783,HK161_LA1007_L01,LA1007,-13,False,6.3,6.3,6.1,6.2,,6.2,C,2.0,True,1.88,1.68,Pass
3286,1515773,HK161_LA1007_L01,LA1007,-13,False,7.2,5.9,6.2,6.0,,6.2,C,2.0,True,2.25,2.48,Pass
3287,1576886,HK161_LA1007_L01,LA1007,-13,False,8.6,6.2,7.0,3.7,,6.3,C,2.0,True,2.44,2.54,Pass
3288,1543862,HK161_LA1007_L01,LA1007,-13,False,4.1,4.8,4.4,6.0,,4.8,D,1.0,True,1.73,1.68,Pass
3289,1508856,HK161_LA1007_L01,LA1007,-13,False,7.1,6.9,7.6,8.0,,7.5,B,3.0,True,3.39,3.39,Pass
3290,1524377,HK161_LA1007_L01,LA1007,-13,False,5.4,6.6,5.7,5.2,,5.8,C,2.0,True,1.41,1.32,Pass
3291,1595950,HK161_LA1007_L01,LA1007,-13,False,6.9,7.4,5.2,6.2,,6.0,C,2.0,True,2.97,2.63,Pass
3292,1549725,HK161_LA1007_L01,LA1007,-13,False,6.9,6.6,6.8,6.1,,6.6,C+,2.5,True,2.62,2.5,Pass
3293,1599619,HK161_LA1007_L01,LA1007,-13,False,5.9,6.1,6.6,5.9,,6.3,C,2.0,True,1.61,1.82,Pass
3294,1592871,HK161_LA1007_L01,LA1007,-13,False,8.7,8.1,8.7,7.6,,8.4,B+,3.5,True,3.31,3.39,Pass
3295,1516068,HK161_LA1007_L01,LA1007,-13,False,7.4,6.4,7.3,7.3,,7.1,B,3.0,True,2.76,2.65,Pass
3296,1538506,HK161_LA1007_L01,LA1007,-13,False,6.4,6.3,5.3,5.8,,5.7,C,2.0,True,1.91,1.93,Pass
3297,1507169,HK161_LA1007_L01,LA1007,-13,False,7.5,6.8,7.2,7.3,,7.2,B,3.0,True,2.29,2.34,Pass
3298,1533571,HK161_LA1007_L01,LA1007,-13,False,5.4,4.6,4.9,5.9,,5.1,D+,1.5,True,1.21,1.49,Pass
3299,1500252,HK161_LA1007_L01,LA1007,-13,False,5.7,7.7,7.6,6.6,,7.2,B,3.0,True,2.37,2.62,Pass
3300,1576591,HK161_LA1007_L01,LA1007,-13,False,6.5,4.7,6.6,5.8,,6.0,C,2.0,True,2.0,1.77,Pass
3301,1576422,HK161_LA1007_L01,LA1007,-13,False,6.2,7.4,6.2,5.1,,6.2,C,2.0,True,1.78,1.85,Pass
3302,1572458,HK161_LA1007_L01,LA1007,-13,False,7.3,7.3,6.2,6.8,,6.7,C+,2.5,True,2.61,2.39,Pass
3303,1557991,HK161_LA1007_L01,LA1007,-13,False,6.4,6.5,6.2,6.7,,6.4,C+,2.5,True,2.32,2.37,Pass
3304,1582411,HK161_LA1007_L01,LA1007,-13,False,5.5,5.0,5.6,5.9,,5.5,C,2.0,True,2.0,2.18,Pass
3305,1505946,HK161_LA1007_L01,LA1007,-13,False,7.0,6.9,6.0,6.8,,6.4,C+,2.5,True,2.19,2.37,Pass
3306,1522057,HK161_LA1007_L01,LA1007,-13,False,5.6,6.3,5.5,7.1,,6.0,C,2.0,True,2.69,2.47,Pass
3307,1513453,HK161_LA1007_L01,LA1007,-13,False,5.9,5.2,7.1,6.6,,6.5,C+,2.5,True,1.97,1.68,Pass
3308,1537578,HK161_LA1007_L01,LA1007,-13,False,5.5,7.6,6.2,5.4,,6.2,C,2.0,True,1.82,1.76,Pass
3309,1555840,HK161_LA1007_L01,LA1007,-13,False,6.3,7.5,8.4,8.0,,7.9,B,3.0,True,3.62,3.59,Pass
3310,1560016,HK161_SP1031_L01,SP1031,-13,False,8.5,7.5,8.7,,,8.3,B+,3.5,True,3.37,3.3,Pass
3311,1520201,HK161_SP1031_L01,SP1031,-13,False,7.4,8.0,8.0,,,7.9,B,3.0,True,2.41,2.46,Pass
3312,1507759,HK161_SP1031_L01,SP1031,-13,False,9.7,8.5,9.6,,,9.3,A,4.0,True,4.0,3.94,Pass
3313,1503457,HK161_SP1031_L01,SP1031,-13,False,4.3,3.9,4.2,,,4.1,D,1.0,True,1.65,1.74,Pass
3314,1559088,HK161_SP1031_L01,SP1031,-13,False,9.4,8.3,7.0,,,7.9,B,3.0,True,3.12,3.24,Pass
3315,1534330,HK161_SP1031_L01,SP1031,-13,False,8.7,8.5,7.8,,,8.2,B+,3.5,True,3.32,3.32,Pass
3316,1576760,HK161_SP1031_L01,SP1031,-13,False,7.0,7.4,8.2,,,7.7,B,3.0,True,3.29,3.38,Pass
3317,1585195,HK161_SP1031_L01,SP1031,-13,False,5.4,6.5,7.5,,,6.8,C+,2.5,True,2.59,2.62,Pass
3318,1507295,HK161_SP1031_L01,SP1031,-13,False,6.7,8.5,8.4,,,8.1,B+,3.5,True,3.44,3.34,Pass
3319,1541416,HK161_SP1031_L01,SP1031,-13,False,7.9,7.7,8.5,,,8.1,B+,3.5,True,3.29,3.22,Pass
3320,1572120,HK161_SP1031_L01,SP1031,-13,False,8.2,6.5,7.3,,,7.2,B,3.0,True,2.47,2.61,Pass
3321,1543103,HK161_SP1031_L01,SP1031,-13,False,8.4,8.6,6.7,,,7.6,B,3.0,True,3.32,3.13,Pass
3322,1559678,HK161_SP1031_L01,SP1031,-13,False,8.4,8.0,8.1,,,8.1,B+,3.5,True,3.44,3.31,Pass
3323,1517460,HK161_SP1031_L01,SP1031,-13,False,6.1,6.9,6.0,,,6.3,C,2.0,True,2.21,2.2,Pass
3324,1574609,HK161_SP1031_L01,SP1031,-13,False,5.2,3.6,6.1,,,5.2,D+,1.5,True,2.44,2.33,Pass
3325,1583339,HK161_SP1031_L01,SP1031,-13,False,6.5,6.4,6.7,,,6.6,C+,2.5,True,2.35,2.43,Pass
3326,1590256,HK161_SP1031_L01,SP1031,-13,False,8.8,9.7,6.9,,,8.1,B+,3.5,True,3.29,3.33,Pass
3327,1548164,HK161_SP1031_L01,SP1031,-13,False,7.6,9.1,9.1,,,8.8,A,4.0,True,3.41,3.51,Pass
3328,1592112,HK161_SP1031_L01,SP1031,-13,False,6.8,5.3,7.1,,,6.5,C+,2.5,True,2.71,2.41,Pass
3329,1596709,HK161_SP1031_L01,SP1031,-13,False,8.0,8.5,9.2,,,8.8,A,4.0,True,3.71,3.47,Pass
3330,1515309,HK161_SP1031_L01,SP1031,-13,False,6.2,6.9,6.6,,,6.6,C+,2.5,True,2.06,2.23,Pass
3331,1501939,HK161_SP1031_L01,SP1031,-13,False,7.8,8.7,9.4,,,8.9,A,4.0,True,3.38,3.24,Pass
3332,1572753,HK161_SP1031_L01,SP1031,-13,False,8.7,8.3,8.3,,,8.4,B+,3.5,True,3.21,3.45,Pass
3333,1501011,HK161_SP1031_L01,SP1031,-13,False,8.5,7.7,8.7,,,8.4,B+,3.5,True,3.41,3.51,Pass
3334,1585954,HK161_SP1031_L01,SP1031,-13,False,7.1,7.2,7.2,,,7.2,B,3.0,True,3.12,3.19,Pass
3335,1512061,HK161_SP1031_L01,SP1031,-13,False,6.3,6.3,4.8,,,5.5,C,2.0,True,1.76,1.71,Pass
3336,1595950,HK161_SP1031_L01,SP1031,-13,False,7.4,6.2,7.7,,,7.2,B,3.0,True,2.97,2.63,Pass
3337,1593166,HK161_SP1031_L01,SP1031,-13,False,7.9,8.6,8.5,,,8.4,B+,3.5,True,2.97,2.9,Pass
3338,1527582,HK161_SP1031_L01,SP1031,-13,False,5.4,5.6,6.4,,,6.0,C,2.0,True,2.53,2.59,Pass
3339,1562293,HK161_SP1031_L01,SP1031,-13,False,7.3,7.6,9.4,,,8.4,B+,3.5,True,3.38,3.28,Pass
3340,1594727,HK161_SP1031_L01,SP1031,-13,False,8.4,8.9,8.8,,,8.8,A,4.0,True,3.62,3.48,Pass
3341,1520665,HK161_SP1031_L01,SP1031,-13,False,5.9,5.3,6.4,,,6.0,C,2.0,True,2.32,2.27,Pass
3342,1527751,HK161_SP1031_L01,SP1031,-13,False,8.2,6.3,7.9,,,7.5,B,3.0,True,3.09,3.05,Pass
3343,1530492,HK161_SP1031_L01,SP1031,-13,False,8.7,7.5,9.3,,,8.6,A,4.0,True,3.76,3.49,Pass
3344,1505608,HK161_SP1031_L01,SP1031,-13,False,6.9,7.2,6.7,,,6.9,C+,2.5,True,2.47,2.7,Pass
3345,1583508,HK161_SP1031_L01,SP1031,-13,False,6.7,4.9,6.4,,,6.0,C,2.0,True,2.24,2.35,Pass
3346,1541121,HK161_SP1031_L01,SP1031,-13,False,8.8,7.8,8.1,,,8.1,B+,3.5,True,3.71,3.57,Pass
3347,1543567,HK161_SP1031_L01,SP1031,-13,False,9.8,8.6,8.8,,,8.9,A,4.0,True,3.26,3.27,Pass
3348,1510838,HK161_SP1031_L01,SP1031,-13,False,7.9,6.5,8.3,,,7.7,B,3.0,True,3.12,3.05,Pass
3349,1516996,HK161_SP1031_L01,SP1031,-13,False,7.6,8.1,7.9,,,7.9,B,3.0,True,3.21,3.09,Pass
3350,1559214,HK161_SP1031_L01,SP1031,-13,False,7.6,8.3,7.8,,,7.9,B,3.0,True,3.12,3.29,Pass
3351,1592407,HK161_SP1031_L01,SP1031,-13,False,6.5,6.6,6.5,,,6.5,C+,2.5,True,2.44,2.44,Pass
3352,1558624,HK161_SP1031_L01,SP1031,-13,False,9.9,9.2,8.9,,,9.2,A,4.0,True,4.0,3.97,Pass
3353,1508982,HK161_SP1031_L01,SP1031,-13,False,7.0,7.6,5.4,,,6.4,C+,2.5,True,2.47,2.25,Pass
3354,1548797,HK161_SP1031_L01,SP1031,-13,False,7.8,8.4,8.3,,,8.2,B+,3.5,True,3.29,3.12,Pass
3355,1528215,HK161_SP1031_L01,SP1031,-13,False,8.3,6.4,5.8,,,6.5,C+,2.5,True,2.82,2.75,Pass
3356,1590889,HK161_SP1031_L01,SP1031,-13,False,6.5,7.2,7.5,,,7.2,B,3.0,True,2.59,2.32,Pass
3357,1597637,HK161_SP1031_L01,SP1031,-13,False,5.4,5.8,7.5,,,6.6,C+,2.5,True,2.03,1.65,Pass
3358,1548333,HK161_SP1031_L01,SP1031,-13,False,7.9,5.1,6.6,,,6.4,C+,2.5,True,2.91,2.78,Pass
3359,1595022,HK161_SP1031_L01,SP1031,-13,False,8.3,7.0,8.2,,,7.9,B,3.0,True,3.22,3.37,Pass
3360,1596878,HK161_SP1031_L01,SP1031,-13,False,8.1,7.5,7.5,,,7.6,B,3.0,True,3.32,3.36,Pass
3361,1524672,HK161_SP1031_L01,SP1031,-13,False,5.1,6.7,7.4,,,6.7,C+,2.5,True,2.5,2.38,Pass
3362,1531420,HK161_SP1031_L01,SP1031,-13,False,8.3,7.2,7.6,,,7.6,B,3.0,True,3.15,3.24,Pass
3363,1579670,HK161_SP1031_L01,SP1031,-13,False,9.1,8.2,8.5,,,8.5,A,4.0,True,3.59,3.6,Pass
3364,1542934,HK161_SP1031_L01,SP1031,-13,False,8.4,8.2,9.4,,,8.8,A,4.0,True,3.29,3.33,Pass
3365,1561239,HK161_SP1031_L01,SP1031,-13,False,5.1,5.8,5.5,,,5.5,C,2.0,True,2.0,1.73,Pass
3366,1514212,HK161_SP1031_L01,SP1031,-13,False,8.0,7.9,9.3,,,8.6,A,4.0,True,3.68,3.28,Pass
3367,1564318,HK161_SP1031_L01,SP1031,-13,False,6.6,6.8,7.5,,,7.1,B,3.0,True,3.5,3.4,Pass
3368,1594558,HK161_SP1031_L01,SP1031,-13,False,8.3,9.0,8.5,,,8.6,A,4.0,True,3.5,3.49,Pass
3369,1526359,HK161_SP1031_L01,SP1031,-13,False,8.2,7.6,9.4,,,8.6,A,4.0,True,3.35,3.39,Pass
3370,1563980,HK161_SP1031_L01,SP1031,-13,False,8.3,9.3,8.2,,,8.6,A,4.0,True,4.0,4.0,Pass
3371,1513622,HK161_SP1031_L01,SP1031,-13,False,10.0,9.1,9.8,,,9.6,A+,4.0,True,3.9,3.94,Pass
3372,1530956,HK161_SP1031_L01,SP1031,-13,False,8.6,8.0,8.2,,,8.2,B+,3.5,True,3.38,3.14,Pass
3373,1523575,HK161_SP1031_L01,SP1031,-13,False,6.5,6.2,7.5,,,6.9,C+,2.5,True,2.71,2.53,Pass
3374,1549851,HK161_SP1031_L01,SP1031,-13,False,9.2,8.4,8.7,,,8.7,A,4.0,True,3.5,3.46,Pass
3375,1579965,HK161_SP1031_L01,SP1031,-13,False,7.3,6.7,6.1,,,6.5,C+,2.5,True,2.91,3.07,Pass
3376,1525895,HK161_SP1031_L01,SP1031,-13,False,8.0,7.0,7.9,,,7.7,B,3.0,True,3.15,3.28,Pass
3377,1548923,HK161_SP1031_L01,SP1031,-13,False,6.7,7.3,6.2,,,6.6,C+,2.5,True,2.5,2.49,Pass
3378,1561534,HK161_SP1031_L01,SP1031,-13,False,7.7,7.2,8.5,,,8.0,B+,3.5,True,2.91,3.12,Pass
3379,1507928,HK161_SP1031_L01,SP1031,-13,False,6.9,6.2,8.6,,,7.5,B,3.0,True,2.84,2.72,Pass
3380,1546772,HK161_SP1031_L01,SP1031,-13,False,8.5,6.2,7.7,,,7.4,B,3.0,True,3.21,3.09,Pass
3381,1567228,HK161_SP1031_L01,SP1031,-13,False,8.7,9.1,9.7,,,9.3,A,4.0,True,4.0,3.92,Pass
3382,1566005,HK161_SP1031_L01,SP1031,-13,False,7.2,7.6,8.9,,,8.2,B+,3.5,True,3.29,3.51,Pass
3383,1502234,HK161_SP1031_L01,SP1031,-13,False,8.4,9.2,6.8,,,7.8,B,3.0,True,3.12,3.1,Pass
3384,1538801,HK161_SP1031_L01,SP1031,-13,False,5.0,5.7,5.0,,,5.2,D+,1.5,True,1.25,1.41,Pass
3385,1510079,HK161_SP1031_L01,SP1031,-13,False,6.6,7.5,7.0,,,7.1,B,3.0,True,2.65,2.33,Pass
3386,1581357,HK161_SP1031_L01,SP1031,-13,False,8.1,7.7,7.8,,,7.8,B,3.0,True,3.56,3.39,Pass
3387,1502993,HK161_SP1031_L01,SP1031,-13,False,5.0,8.8,6.9,,,7.1,B,3.0,True,2.53,2.7,Pass
3388,1583972,HK161_SP1031_L01,SP1031,-13,False,7.0,6.9,4.8,,,5.9,C,2.0,True,2.09,2.13,Pass
3389,1576422,HK161_SP1031_L01,SP1031,-13,False,5.0,5.7,6.3,,,5.9,C,2.0,True,1.78,1.85,Pass
3390,1579501,HK161_SP1031_L01,SP1031,-13,False,9.1,9.0,10.0,,,9.5,A+,4.0,True,4.0,3.96,Pass
3391,1597342,HK161_SP1031_L01,SP1031,-13,False,7.2,5.3,6.3,,,6.2,C,2.0,True,2.18,2.24,Pass
3392,1578742,HK161_SP1031_L01,SP1031,-13,False,8.0,8.5,7.9,,,8.1,B+,3.5,True,3.38,3.45,Pass
3393,1521424,HK161_SP1031_L01,SP1031,-13,False,8.4,7.6,7.4,,,7.7,B,3.0,True,3.21,3.15,Pass
3394,1556768,HK161_SP1031_L01,SP1031,-13,False,7.9,7.5,8.6,,,8.1,B+,3.5,True,3.09,3.45,Pass
3395,1587177,HK161_SP1031_L01,SP1031,-13,False,7.9,7.1,7.6,,,7.5,B,3.0,True,2.91,2.8,Pass
3396,1593335,HK161_SP1031_L01,SP1031,-13,False,8.3,9.9,9.3,,,9.3,A,4.0,True,3.29,3.35,Pass
3397,1580429,HK161_SP1031_L01,SP1031,-13,False,7.3,7.2,6.0,,,6.6,C+,2.5,True,2.38,2.12,Pass
3398,1592702,HK161_SP1031_L01,SP1031,-13,False,8.8,9.1,9.2,,,9.1,A,4.0,True,3.91,3.88,Pass
3399,1515435,HK161_SP1031_L01,SP1031,-13,False,7.8,8.3,6.3,,,7.2,B,3.0,True,3.09,3.36,Pass
3400,1508687,HK161_SP1031_L01,SP1031,-13,False,7.6,8.1,8.2,,,8.0,B+,3.5,True,3.21,3.17,Pass
3401,1573217,HK161_SP1031_L01,SP1031,-13,False,7.6,5.4,5.4,,,5.8,C,2.0,True,2.35,2.48,Pass
3402,1571825,HK161_SP1031_L01,SP1031,-13,False,5.4,5.2,5.7,,,5.5,C,2.0,True,1.5,1.51,Pass
3403,1553563,HK161_SP1031_L01,SP1031,-13,False,9.4,8.5,9.2,,,9.0,A,4.0,True,4.0,3.96,Pass
3404,1539265,HK161_SP1031_L01,SP1031,-13,False,7.5,8.7,7.7,,,8.0,B+,3.5,True,3.34,3.09,Pass
3405,1556009,HK161_SP1031_L01,SP1031,-13,False,7.3,7.7,7.7,,,7.6,B,3.0,True,3.47,3.14,Pass
3406,1561365,HK161_SP1031_L01,SP1031,-13,False,6.9,6.7,6.0,,,6.4,C+,2.5,True,2.53,2.33,Pass
3407,1597173,HK161_SP1031_L01,SP1031,-13,False,6.8,7.0,5.0,,,6.0,C,2.0,True,2.16,2.23,Pass
3408,1578447,HK161_SP1031_L01,SP1031,-13,False,6.3,8.8,5.4,,,6.6,C+,2.5,True,2.59,2.78,Pass
3409,1595781,HK161_SP1031_L01,SP1031,-13,False,7.2,6.4,10.0,,,8.4,B+,3.5,True,3.5,3.52,Pass
3410,1534035,HK161_SP1031_L01,SP1031,-13,False,4.8,5.7,5.0,,,5.2,D+,1.5,True,2.0,1.87,Pass
3411,1562757,HK161_SP1031_L01,SP1031,-13,False,7.2,6.9,8.5,,,7.8,B,3.0,True,3.29,3.06,Pass
3412,1570897,HK161_SP1031_L01,SP1031,-13,False,9.3,9.2,9.5,,,9.4,A,4.0,True,4.0,3.96,Pass
3413,1536819,HK161_SP1031_L01,SP1031,-13,False,7.3,7.5,8.2,,,7.8,B,3.0,True,3.18,3.02,Pass
3414,1530028,HK161_SP1031_L01,SP1031,-13,False,7.0,7.6,7.9,,,7.6,B,3.0,True,3.5,3.28,Pass
3415,1517291,HK161_SP1031_L01,SP1031,-13,False,6.0,5.5,4.9,,,5.3,D+,1.5,True,2.03,1.79,Pass
3416,1501475,HK161_SP1031_L01,SP1031,-13,False,8.3,8.5,6.9,,,7.7,B,3.0,True,3.0,3.39,Pass
3417,1593630,HK161_SP1031_L01,SP1031,-13,False,8.7,8.7,6.3,,,7.5,B,3.0,True,3.53,3.39,Pass
3418,1540319,HK161_SP1031_L01,SP1031,-13,False,7.3,8.0,7.7,,,7.7,B,3.0,True,3.38,3.17,Pass
3419,1584731,HK161_SP1031_L01,SP1031,-13,False,6.0,6.1,5.0,,,5.5,C,2.0,True,2.0,1.89,Pass
3420,1540952,HK161_SP1031_L01,SP1031,-13,False,5.3,4.9,5.0,,,5.0,D+,1.5,True,1.62,1.57,Pass
3421,1589328,HK161_SP1031_L01,SP1031,-13,False,7.2,7.9,8.8,,,8.2,B+,3.5,True,3.44,3.28,Pass
3422,1574145,HK161_SP1031_L02,SP1031,-13,False,4.5,6.2,5.7,,,5.6,C,2.0,True,2.12,2.01,Pass
3423,1534668,HK161_SP1031_L02,SP1031,-13,False,6.6,7.1,6.7,,,6.8,C+,2.5,True,2.53,2.38,Pass
3424,1559847,HK161_SP1031_L02,SP1031,-13,False,6.3,6.4,6.5,,,6.4,C+,2.5,True,2.18,2.31,Pass
3425,1538168,HK161_SP1031_L02,SP1031,-13,False,4.4,7.0,7.1,,,6.5,C+,2.5,True,2.45,2.41,Pass
3426,1522057,HK161_SP1031_L02,SP1031,-13,False,6.7,5.2,7.1,,,6.5,C+,2.5,True,2.69,2.47,Pass
3427,1573976,HK161_SP1031_L02,SP1031,-13,False,8.4,9.0,7.7,,,8.2,B+,3.5,True,3.09,3.19,Pass
3428,1550484,HK161_SP1031_L02,SP1031,-13,False,9.2,6.6,8.7,,,8.2,B+,3.5,True,3.41,3.28,Pass
3429,1564613,HK161_SP1031_L02,SP1031,-13,False,7.6,9.2,7.2,,,7.9,B,3.0,True,3.32,3.2,Pass
3430,1536017,HK161_SP1031_L02,SP1031,-13,False,4.4,5.8,5.3,,,5.3,D+,1.5,True,2.03,2.27,Pass
3431,1541247,HK161_SP1031_L02,SP1031,-13,False,5.2,7.8,5.9,,,6.3,C,2.0,True,2.09,2.41,Pass
3432,1520370,HK161_SP1031_L02,SP1031,-13,False,8.5,7.8,7.8,,,7.9,B,3.0,True,3.5,3.32,Pass
3433,1509910,HK161_SP1031_L02,SP1031,-13,False,6.2,7.8,7.1,,,7.1,B,3.0,True,2.82,2.74,Pass
3434,1530661,HK161_SP1031_L02,SP1031,-13,False,5.4,5.0,5.2,,,5.2,D+,1.5,True,1.45,1.47,Pass
3435,1578109,HK161_SP1031_L02,SP1031,-13,False,6.2,5.7,5.9,,,5.9,C,2.0,True,1.59,1.64,Pass
3436,1550948,HK161_SP1031_L02,SP1031,-13,False,8.2,7.8,7.4,,,7.7,B,3.0,True,3.09,3.08,Pass
3437,1575832,HK161_SP1031_L02,SP1031,-13,False,7.7,8.6,9.0,,,8.6,A,4.0,True,3.47,3.5,Pass
3438,1574440,HK161_SP1031_L02,SP1031,-13,False,8.6,8.9,7.6,,,8.2,B+,3.5,True,3.18,3.21,Pass
3439,1509446,HK161_SP1031_L02,SP1031,-13,False,8.8,8.3,9.2,,,8.8,A,4.0,True,4.0,4.0,Pass
3440,1561703,HK161_SP1031_L02,SP1031,-13,False,6.9,7.1,7.7,,,7.4,B,3.0,True,3.0,2.8,Pass
3441,1566595,HK161_SP1031_L02,SP1031,-13,False,6.6,4.3,5.8,,,5.5,C,2.0,True,2.32,2.46,Pass
3442,1565203,HK161_SP1031_L02,SP1031,-13,False,5.3,6.9,6.5,,,6.4,C+,2.5,True,2.72,2.64,Pass
3443,1522226,HK161_SP1031_L02,SP1031,-13,False,8.5,8.6,7.5,,,8.0,B+,3.5,True,3.71,3.52,Pass
3444,1511935,HK161_SP1031_L02,SP1031,-13,False,7.0,5.6,6.1,,,6.1,C,2.0,True,2.24,2.26,Pass
3445,1549261,HK161_SP1031_L02,SP1031,-13,False,8.7,7.9,8.5,,,8.4,B+,3.5,True,3.62,3.34,Pass
3446,1534499,HK161_SP1031_L02,SP1031,-13,False,6.4,7.9,8.9,,,8.1,B+,3.5,True,3.5,3.34,Pass
3447,1578911,HK161_SP1031_L02,SP1031,-13,False,8.7,8.1,7.5,,,7.9,B,3.0,True,3.18,3.39,Pass
3448,1534794,HK161_SP1031_L02,SP1031,-13,False,7.9,7.3,8.4,,,8.0,B+,3.5,True,3.82,3.68,Pass
3449,1582875,HK161_SP1031_L02,SP1031,-13,False,8.5,8.3,8.2,,,8.3,B+,3.5,True,3.18,3.36,Pass
3450,1510543,HK161_SP1031_L02,SP1031,-13,False,7.9,7.6,8.4,,,8.1,B+,3.5,True,3.68,3.66,Pass
3451,1573807,HK161_SP1031_L02,SP1031,-13,False,4.8,5.9,6.3,,,5.9,C,2.0,True,2.29,2.51,Pass
3452,1586882,HK161_SP1031_L02,SP1031,-13,False,9.6,8.1,10.0,,,9.3,A,4.0,True,4.0,3.92,Pass
3453,1543398,HK161_SP1031_L02,SP1031,-13,False,8.5,6.3,6.3,,,6.7,C+,2.5,True,2.38,2.54,Pass
3454,1521593,HK161_SP1031_L02,SP1031,-13,False,7.6,8.0,7.0,,,7.4,B,3.0,True,3.32,3.56,Pass
3455,1526823,HK161_SP1031_L02,SP1031,-13,False,5.7,5.6,4.2,,,4.9,D,1.0,True,1.63,1.85,Pass
3456,1504849,HK161_SP1031_L02,SP1031,-13,False,6.6,7.8,6.5,,,6.9,C+,2.5,True,2.82,2.91,Pass
3457,1500842,HK161_SP1031_L02,SP1031,-13,False,6.0,5.9,5.1,,,5.5,C,2.0,True,1.62,1.65,Pass
3458,1513158,HK161_SP1031_L02,SP1031,-13,False,7.3,8.2,8.4,,,8.1,B+,3.5,True,3.5,3.31,Pass
3459,1538337,HK161_SP1031_L02,SP1031,-13,False,7.6,6.2,6.9,,,6.8,C+,2.5,True,2.5,2.44,Pass
3460,1570307,HK161_SP1031_L02,SP1031,-13,False,8.0,7.7,8.1,,,8.0,B+,3.5,True,3.12,3.08,Pass
3461,1584900,HK161_SP1031_L02,SP1031,-13,False,6.6,6.6,4.9,,,5.8,C,2.0,True,2.56,2.6,Pass
3462,1513748,HK161_SP1031_L02,SP1031,-13,False,8.5,8.2,8.3,,,8.3,B+,3.5,True,3.65,3.38,Pass
3463,1571066,HK161_SP1031_L02,SP1031,-13,False,8.6,7.8,8.9,,,8.5,A,4.0,True,3.35,3.45,Pass
3464,1588105,HK161_SP1031_L02,SP1031,-13,False,5.9,6.4,3.8,,,5.0,D+,1.5,True,1.79,1.81,Pass
3465,1513284,HK161_SP1031_L02,SP1031,-13,False,7.6,7.9,9.0,,,8.4,B+,3.5,True,3.24,3.13,Pass
3466,1503795,HK161_SP1031_L02,SP1031,-13,False,6.3,5.7,4.7,,,5.3,D+,1.5,True,1.81,1.71,Pass
3467,1501644,HK161_SP1031_L02,SP1031,-13,False,5.2,6.0,6.4,,,6.0,C,2.0,True,2.09,1.98,Pass
3468,1556937,HK161_SP1031_L02,SP1031,-13,False,7.9,8.5,8.8,,,8.5,A,4.0,True,3.47,3.6,Pass
3469,1523280,HK161_SP1031_L02,SP1031,-13,False,8.4,9.0,8.3,,,8.5,A,4.0,True,3.5,3.39,Pass
3470,1590551,HK161_SP1031_L02,SP1031,-13,False,6.3,8.3,7.2,,,7.3,B,3.0,True,2.53,2.5,Pass
3471,1536355,HK161_SP1031_L02,SP1031,-13,False,7.0,6.9,5.7,,,6.3,C,2.0,True,2.0,1.86,Pass
3472,1544326,HK161_SP1031_L02,SP1031,-13,False,7.2,6.8,8.1,,,7.5,B,3.0,True,3.08,3.19,Pass
3473,1571994,HK161_SP1031_L02,SP1031,-13,False,8.3,8.8,7.7,,,8.2,B+,3.5,True,3.5,3.52,Pass
3474,1509320,HK161_SP1031_L02,SP1031,-13,False,8.7,8.4,8.3,,,8.4,B+,3.5,True,3.44,3.4,Pass
3475,1535258,HK161_SP1031_L02,SP1031,-13,False,8.7,8.1,8.9,,,8.6,A,4.0,True,3.29,3.18,Pass
3476,1571361,HK161_SP1031_L02,SP1031,-13,False,7.0,7.5,7.6,,,7.5,B,3.0,True,3.0,2.8,Pass
3477,1581652,HK161_SP1031_L02,SP1031,-13,False,8.8,7.9,8.2,,,8.2,B+,3.5,True,3.18,3.11,Pass
3478,1542175,HK161_SP1031_L02,SP1031,-13,False,7.7,8.7,8.2,,,8.2,B+,3.5,True,3.47,3.42,Pass
3479,1598565,HK161_SP1031_L02,SP1031,-13,False,6.4,6.5,6.1,,,6.3,C,2.0,True,2.94,2.7,Pass
3480,1555081,HK161_SP1031_L02,SP1031,-13,False,7.8,7.3,8.8,,,8.2,B+,3.5,True,3.74,3.62,Pass
3481,1592576,HK161_SP1031_L02,SP1031,-13,False,5.5,4.7,6.6,,,5.8,C,2.0,True,2.59,2.43,Pass
3482,1561070,HK161_SP1031_L02,SP1031,-13,False,7.8,8.9,8.5,,,8.5,A,4.0,True,3.26,3.28,Pass
3483,1508097,HK161_SP1031_L02,SP1031,-13,False,8.4,8.8,7.9,,,8.3,B+,3.5,True,3.09,3.07,Pass
3484,1589033,HK161_SP1031_L02,SP1031,-13,False,8.0,7.3,8.7,,,8.1,B+,3.5,True,3.62,3.23,Pass
3485,1595486,HK161_SP1031_L02,SP1031,-13,False,9.2,7.4,7.6,,,7.9,B,3.0,True,3.5,3.34,Pass
3486,1504090,HK161_SP1031_L02,SP1031,-13,False,7.0,8.3,6.2,,,7.0,B,3.0,True,3.12,3.05,Pass
3487,1529733,HK161_SP1031_L02,SP1031,-13,False,7.7,6.3,6.6,,,6.7,C+,2.5,True,2.5,2.68,Pass
3488,1539560,HK161_SP1031_L02,SP1031,-13,False,6.0,6.7,6.6,,,6.5,C+,2.5,True,2.5,2.5,Pass
3489,1560775,HK161_SP1031_L02,SP1031,-13,False,7.4,6.7,7.1,,,7.0,B,3.0,True,2.71,2.79,Pass
3490,1554786,HK161_SP1031_L02,SP1031,-13,False,6.5,6.1,6.1,,,6.2,C,2.0,True,2.41,2.68,Pass
3491,1554322,HK161_SP1031_L02,SP1031,-13,False,7.0,6.5,6.9,,,6.8,C+,2.5,True,2.5,2.53,Pass
3492,1576591,HK161_SP1031_L02,SP1031,-13,False,5.5,6.1,5.2,,,5.5,C,2.0,True,2.0,1.77,Pass
3493,1516363,HK161_SP1031_L02,SP1031,-13,False,8.2,8.9,7.6,,,8.1,B+,3.5,True,3.74,3.69,Pass
3494,1595191,HK161_SP1031_L02,SP1031,-13,False,7.7,6.2,6.6,,,6.7,C+,2.5,True,2.62,2.51,Pass
3495,1524967,HK161_SP1031_L02,SP1031,-13,False,8.7,6.8,7.7,,,7.6,B,3.0,True,3.0,3.28,Pass
3496,1552002,HK161_SP1031_L02,SP1031,-13,False,10.0,7.4,7.6,,,8.0,B+,3.5,True,3.5,3.2,Pass
3497,1550779,HK161_SP1031_L02,SP1031,-13,False,6.4,6.3,7.0,,,6.7,C+,2.5,True,2.44,2.26,Pass
3498,1519737,HK161_SP1031_L02,SP1031,-13,False,9.0,8.1,8.7,,,8.6,A,4.0,True,3.59,3.3,Pass
3499,1555376,HK161_SP1031_L02,SP1031,-13,False,4.2,5.2,6.7,,,5.8,C,2.0,True,1.88,1.96,Pass
3500,1567354,HK161_SP1031_L02,SP1031,-13,False,8.4,7.9,9.0,,,8.6,A,4.0,True,3.5,3.42,Pass
3501,1566300,HK161_SP1031_L02,SP1031,-13,False,7.7,8.1,8.4,,,8.2,B+,3.5,True,3.38,3.39,Pass
3502,1586249,HK161_SP1031_L02,SP1031,-13,False,7.9,8.8,8.3,,,8.4,B+,3.5,True,3.65,3.57,Pass
3503,1507169,HK161_SP1031_L02,SP1031,-13,False,7.4,6.4,6.7,,,6.8,C+,2.5,True,2.29,2.34,Pass
3504,1507464,HK161_SP1031_L02,SP1031,-13,False,6.4,5.1,6.5,,,6.1,C,2.0,True,2.25,1.92,Pass
3505,1561829,HK161_SP1031_L02,SP1031,-13,False,8.5,9.1,7.6,,,8.2,B+,3.5,True,3.82,3.44,Pass
3506,1557063,HK161_SP1031_L02,SP1031,-13,False,9.0,6.8,7.7,,,7.7,B,3.0,True,3.42,3.35,Pass
3507,1506072,HK161_SP1031_L02,SP1031,-13,False,8.1,8.9,7.7,,,8.1,B+,3.5,True,3.22,3.08,Pass
3508,1526190,HK161_SP1031_L02,SP1031,-13,False,5.9,5.3,9.5,,,7.5,B,3.0,True,2.53,2.26,Pass
3509,1546013,HK161_SP1031_L02,SP1031,-13,False,6.4,6.2,7.0,,,6.6,C+,2.5,True,2.69,2.42,Pass
3510,1593504,HK161_SP1031_L02,SP1031,-13,False,7.9,8.5,7.6,,,7.9,B,3.0,True,3.09,3.06,Pass
3511,1582411,HK161_SP1031_L02,SP1031,-13,False,6.2,5.4,5.9,,,5.8,C,2.0,True,2.0,2.18,Pass
3512,1569843,HK161_SP1031_L02,SP1031,-13,False,8.5,9.0,7.9,,,8.4,B+,3.5,True,3.53,3.54,Pass
3513,1569210,HK161_SP1031_L02,SP1031,-13,False,5.9,6.9,7.3,,,6.9,C+,2.5,True,2.5,2.56,Pass
3514,1574735,HK161_SP1031_L02,SP1031,-13,False,6.1,6.6,7.2,,,6.8,C+,2.5,True,2.82,2.67,Pass
3515,1528341,HK161_SP1031_L02,SP1031,-13,False,7.8,7.7,6.9,,,7.3,B,3.0,True,3.29,3.23,Pass
3516,1523744,HK161_SP1031_L02,SP1031,-13,False,6.8,6.7,7.6,,,7.2,B,3.0,True,2.35,2.34,Pass
3517,1533740,HK161_SP1031_L02,SP1031,-13,False,7.2,8.6,8.3,,,8.2,B+,3.5,True,3.37,3.32,Pass
3518,1540783,HK161_SP1031_L02,SP1031,-13,False,5.4,4.9,5.9,,,5.5,C,2.0,True,1.88,1.68,Pass
3519,1508392,HK161_SP1031_L02,SP1031,-13,False,5.4,5.7,4.7,,,5.1,D+,1.5,True,2.0,2.24,Pass
3520,1554912,HK161_SP1031_L02,SP1031,-13,False,6.0,6.2,6.7,,,6.4,C+,2.5,True,2.41,2.42,Pass
3521,1512694,HK161_SP1031_L02,SP1031,-13,False,7.3,8.1,8.1,,,7.9,B,3.0,True,3.41,3.36,Pass
3522,1579037,HK161_SP1031_L02,SP1031,-13,False,8.3,9.2,8.5,,,8.7,A,4.0,True,3.88,3.44,Pass
3523,1528974,HK161_SP1031_L02,SP1031,-13,False,6.3,6.3,4.8,,,5.5,C,2.0,True,2.0,2.03,Pass
3524,1505018,HK161_SP1031_L02,SP1031,-13,False,6.9,7.6,8.5,,,7.9,B,3.0,True,3.21,3.13,Pass
3525,1595317,HK161_SP1031_L02,SP1031,-13,False,9.2,9.5,9.4,,,9.4,A,4.0,True,3.85,3.9,Pass
3526,1503921,HK161_SP1031_L02,SP1031,-13,False,5.0,7.1,6.4,,,6.3,C,2.0,True,1.88,1.77,Pass
3527,1580893,HK161_SP1031_L02,SP1031,-13,False,6.7,9.1,7.7,,,7.9,B,3.0,True,3.12,3.19,Pass
3528,1540024,HK161_SP1031_L02,SP1031,-13,False,5.8,6.6,2.3,,,4.3,D,1.0,True,1.72,1.86,Pass
3529,1518683,HK161_SP1031_L02,SP1031,-13,False,6.6,6.3,5.0,,,5.7,C,2.0,True,2.44,2.25,Pass
3530,1563516,HK161_SP1031_L02,SP1031,-13,False,6.5,5.9,6.7,,,6.4,C+,2.5,True,2.09,2.27,Pass
3531,1529902,HK161_SP1031_L02,SP1031,-13,False,7.2,8.4,7.9,,,7.9,B,3.0,True,3.44,3.34,Pass
3532,1502867,HK161_SP1031_L02,SP1031,-13,False,5.1,6.2,7.9,,,6.8,C+,2.5,True,2.41,2.47,Pass
3533,1521888,HK161_SP1031_L03,SP1031,-13,False,4.4,5.2,6.0,,,5.4,D+,1.5,True,1.66,1.77,Pass
3534,1512989,HK161_SP1031_L03,SP1031,-13,False,7.5,8.6,7.5,,,7.8,B,3.0,True,3.09,3.1,Pass
3535,1596414,HK161_SP1031_L03,SP1031,-13,False,8.3,8.1,7.9,,,8.0,B+,3.5,True,3.26,3.21,Pass
3536,1557527,HK161_SP1031_L03,SP1031,-13,False,6.7,4.9,6.0,,,5.8,C,2.0,True,1.76,1.7,Pass
3537,1518514,HK161_SP1031_L03,SP1031,-13,False,8.1,5.9,6.6,,,6.7,C+,2.5,True,2.71,2.46,Pass
3538,1553858,HK161_SP1031_L03,SP1031,-13,False,8.0,8.9,9.2,,,8.9,A,4.0,True,3.41,3.34,Pass
3539,1558919,HK161_SP1031_L03,SP1031,-13,False,7.6,8.0,8.1,,,8.0,B+,3.5,True,3.18,3.45,Pass
3540,1538970,HK161_SP1031_L03,SP1031,-13,False,7.1,7.1,6.2,,,6.7,C+,2.5,True,2.47,2.38,Pass
3541,1560142,HK161_SP1031_L03,SP1031,-13,False,6.0,7.2,6.1,,,6.4,C+,2.5,True,2.65,2.56,Pass
3542,1570138,HK161_SP1031_L03,SP1031,-13,False,6.6,7.3,7.3,,,7.2,B,3.0,True,2.76,2.39,Pass
3543,1567523,HK161_SP1031_L03,SP1031,-13,False,8.7,7.4,7.7,,,7.8,B,3.0,True,3.18,3.12,Pass
3544,1550020,HK161_SP1031_L03,SP1031,-13,False,6.1,5.6,5.7,,,5.8,C,2.0,True,1.79,1.65,Pass
3545,1557401,HK161_SP1031_L03,SP1031,-13,False,7.7,7.5,7.7,,,7.6,B,3.0,True,3.09,2.96,Pass
3546,1516237,HK161_SP1031_L03,SP1031,-13,False,7.4,8.9,7.9,,,8.1,B+,3.5,True,3.53,3.56,Pass
3547,1517755,HK161_SP1031_L03,SP1031,-13,False,8.9,7.8,7.3,,,7.8,B,3.0,True,3.0,3.06,Pass
3548,1585026,HK161_SP1031_L03,SP1031,-13,False,8.1,7.5,8.4,,,8.1,B+,3.5,True,3.06,3.06,Pass
3549,1584098,HK161_SP1031_L03,SP1031,-13,False,8.4,7.4,9.4,,,8.6,A,4.0,True,3.79,3.55,Pass
3550,1552761,HK161_SP1031_L03,SP1031,-13,False,7.5,7.0,6.8,,,7.0,B,3.0,True,2.76,2.6,Pass
3551,1591648,HK161_SP1031_L03,SP1031,-13,False,5.2,4.5,6.2,,,5.5,C,2.0,True,2.28,1.83,Pass
3552,1586123,HK161_SP1031_L03,SP1031,-13,False,6.7,7.2,4.9,,,6.0,C,2.0,True,2.0,2.03,Pass
3553,1558455,HK161_SP1031_L03,SP1031,-13,False,7.5,6.7,6.0,,,6.5,C+,2.5,True,2.82,2.69,Pass
3554,1546941,HK161_SP1031_L03,SP1031,-13,False,5.8,7.2,6.3,,,6.5,C+,2.5,True,2.5,2.54,Pass
3555,1505144,HK161_SP1031_L03,SP1031,-13,False,9.7,7.4,7.9,,,8.1,B+,3.5,True,3.09,3.32,Pass
3556,1577055,HK161_SP1031_L03,SP1031,-13,False,7.8,7.9,7.6,,,7.7,B,3.0,True,3.21,3.24,Pass
3557,1557991,HK161_SP1031_L03,SP1031,-13,False,7.6,5.9,6.7,,,6.6,C+,2.5,True,2.32,2.37,Pass
3558,1563685,HK161_SP1031_L03,SP1031,-13,False,5.8,6.4,6.8,,,6.5,C+,2.5,True,2.5,2.61,Pass
3559,1511007,HK161_SP1031_L03,SP1031,-13,False,4.9,4.6,6.7,,,5.7,C,2.0,True,1.59,1.68,Pass
3560,1556473,HK161_SP1031_L03,SP1031,-13,False,4.2,5.0,4.7,,,4.7,D,1.0,True,1.41,1.51,Pass
3561,1507000,HK161_SP1031_L03,SP1031,-13,False,8.5,8.0,7.7,,,7.9,B,3.0,True,3.5,3.29,Pass
3562,1592871,HK161_SP1031_L03,SP1031,-13,False,8.5,7.6,7.8,,,7.9,B,3.0,True,3.31,3.39,Pass
3563,1565077,HK161_SP1031_L03,SP1031,-13,False,6.7,7.1,6.2,,,6.6,C+,2.5,True,2.68,2.6,Pass
3564,1551538,HK161_SP1031_L03,SP1031,-13,False,7.4,8.1,7.7,,,7.8,B,3.0,True,3.12,3.32,Pass
3565,1521129,HK161_SP1031_L03,SP1031,-13,False,6.8,9.4,9.6,,,9.0,A,4.0,True,4.0,4.0,Pass
3566,1563390,HK161_SP1031_L03,SP1031,-13,False,7.7,8.3,7.6,,,7.8,B,3.0,True,3.5,3.43,Pass
3567,1554617,HK161_SP1031_L03,SP1031,-13,False,5.6,6.0,6.6,,,6.2,C,2.0,True,2.5,2.47,Pass
3568,1550315,HK161_SP1031_L03,SP1031,-13,False,6.5,5.3,5.1,,,5.4,D+,1.5,True,1.78,1.72,Pass
3569,1515773,HK161_SP1031_L03,SP1031,-13,False,6.3,6.1,5.9,,,6.0,C,2.0,True,2.25,2.48,Pass
3570,1575199,HK161_SP1031_L03,SP1031,-13,False,6.1,7.0,7.5,,,7.1,B,3.0,True,2.79,2.63,Pass
3571,1517924,HK161_SP1031_L03,SP1031,-13,False,7.2,7.2,6.5,,,6.9,C+,2.5,True,3.21,3.2,Pass
3572,1540657,HK161_SP1031_L03,SP1031,-13,False,6.1,7.4,6.8,,,6.8,C+,2.5,True,2.37,2.3,Pass
3573,1543272,HK161_SP1031_L03,SP1031,-13,False,7.1,7.6,8.8,,,8.1,B+,3.5,True,3.39,3.52,Pass
3574,1572458,HK161_SP1031_L03,SP1031,-13,False,5.9,6.1,6.7,,,6.4,C+,2.5,True,2.61,2.39,Pass
3575,1533276,HK161_SP1031_L03,SP1031,-13,False,8.6,8.4,8.6,,,8.5,A,4.0,True,3.38,3.28,Pass
3576,1532348,HK161_SP1031_L03,SP1031,-13,False,5.7,5.8,6.3,,,6.0,C,2.0,True,2.09,2.3,Pass
3577,1521762,HK161_SP1031_L03,SP1031,-13,False,9.1,7.2,7.3,,,7.6,B,3.0,True,3.0,3.25,Pass
3578,1528510,HK161_SP1031_L03,SP1031,-13,False,4.5,5.7,6.1,,,5.7,C,2.0,True,2.62,2.5,Pass
3579,1527877,HK161_SP1031_L03,SP1031,-13,False,6.4,7.4,7.2,,,7.1,B,3.0,True,2.62,2.69,Pass
3580,1512525,HK161_SP1031_L03,SP1031,-13,False,7.2,7.3,8.3,,,7.8,B,3.0,True,3.21,3.19,Pass
3581,1515899,HK161_SP1031_L03,SP1031,-13,False,8.5,8.1,8.1,,,8.2,B+,3.5,True,3.56,3.47,Pass
3582,1530197,HK161_SP1031_L03,SP1031,-13,False,8.6,8.4,9.4,,,8.9,A,4.0,True,3.62,3.58,Pass
3583,1546646,HK161_SP1031_L03,SP1031,-13,False,7.5,6.7,7.5,,,7.3,B,3.0,True,3.0,3.18,Pass
3584,1505482,HK161_SP1031_L03,SP1031,-13,False,5.8,6.9,5.5,,,6.0,C,2.0,True,2.45,2.53,Pass
3585,1539096,HK161_SP1031_L03,SP1031,-13,False,7.3,7.8,7.9,,,7.8,B,3.0,True,2.91,3.12,Pass
3586,1505946,HK161_SP1031_L03,SP1031,-13,False,5.8,5.5,5.5,,,5.6,C,2.0,True,2.19,2.37,Pass
3587,1576127,HK161_SP1031_L03,SP1031,-13,False,8.4,6.6,9.1,,,8.2,B+,3.5,True,3.0,3.08,Pass
3588,1526064,HK161_SP1031_L03,SP1031,-13,False,7.9,8.3,8.1,,,8.1,B+,3.5,True,3.37,3.51,Pass
3589,1582116,HK161_SP1031_L03,SP1031,-13,False,6.8,8.5,8.0,,,7.9,B,3.0,True,3.41,3.31,Pass
3590,1531884,HK161_SP1031_L03,SP1031,-13,False,8.5,7.5,6.7,,,7.3,B,3.0,True,2.76,2.74,Pass
3591,1589202,HK161_SP1031_L03,SP1031,-13,False,8.8,8.7,7.5,,,8.1,B+,3.5,True,3.38,3.37,Pass
3592,1599029,HK161_SP1031_L03,SP1031,-13,False,9.3,7.5,7.5,,,7.9,B,3.0,True,3.35,3.27,Pass
3593,1559552,HK161_SP1031_L03,SP1031,-13,False,7.5,6.6,5.0,,,6.0,C,2.0,True,2.5,2.45,Pass
3594,1537409,HK161_SP1031_L03,SP1031,-13,False,7.1,9.0,7.8,,,8.0,B+,3.5,True,3.29,3.3,Pass
3595,1593799,HK161_SP1031_L03,SP1031,-13,False,7.2,8.5,8.2,,,8.1,B+,3.5,True,3.29,3.17,Pass
3596,1590720,HK161_SP1031_L03,SP1031,-13,False,7.4,6.0,4.9,,,5.7,C,2.0,True,2.09,2.03,Pass
3597,1568156,HK161_SP1031_L03,SP1031,-13,False,8.6,8.5,8.4,,,8.5,A,4.0,True,3.68,3.68,Pass
3598,1583044,HK161_SP1031_L03,SP1031,-13,False,7.3,7.0,9.2,,,8.2,B+,3.5,True,3.09,3.08,Pass
3599,1568915,HK161_SP1031_L03,SP1031,-13,False,8.7,8.1,8.9,,,8.6,A,4.0,True,3.59,3.66,Pass
3600,1576296,HK161_SP1031_L03,SP1031,-13,False,8.6,9.4,9.4,,,9.2,A,4.0,True,3.88,3.91,Pass
3601,1540193,HK161_SP1031_L03,SP1031,-13,False,8.5,8.1,8.2,,,8.2,B+,3.5,True,3.09,3.1,Pass
3602,1557232,HK161_SP1031_L03,SP1031,-13,False,5.1,4.4,5.8,,,5.2,D+,1.5,True,1.53,1.64,Pass
3603,1550610,HK161_SP1031_L03,SP1031,-13,False,7.6,8.2,8.2,,,8.1,B+,3.5,True,3.32,3.26,Pass
3604,1532517,HK161_SP1031_L03,SP1031,-13,False,8.4,7.4,9.1,,,8.4,B+,3.5,True,3.09,3.28,Pass
3605,1563221,HK161_SP1031_L03,SP1031,-13,False,6.1,5.4,5.1,,,5.4,D+,1.5,True,1.56,1.49,Pass
3606,1566764,HK161_SP1031_L03,SP1031,-13,False,6.4,6.1,7.1,,,6.7,C+,2.5,True,2.11,1.91,Pass
3607,1568282,HK161_SP1031_L03,SP1031,-13,False,7.3,8.0,7.3,,,7.5,B,3.0,True,3.0,3.34,Pass
3608,1596245,HK161_SP1031_L03,SP1031,-13,False,5.5,5.7,5.9,,,5.8,C,2.0,True,1.84,1.78,Pass
3609,1524208,HK161_SP1031_L03,SP1031,-13,False,6.0,6.1,7.0,,,6.5,C+,2.5,True,1.82,1.77,Pass
3610,1586713,HK161_SP1031_L03,SP1031,-13,False,9.0,7.6,8.8,,,8.5,A,4.0,True,3.56,3.52,Pass
3611,1588738,HK161_SP1031_L03,SP1031,-13,False,7.0,8.6,9.2,,,8.6,A,4.0,True,3.59,3.53,Pass
3612,1563854,HK161_SP1031_L03,SP1031,-13,False,5.9,4.8,6.0,,,5.6,C,2.0,True,1.74,1.71,Pass
3613,1545718,HK161_SP1031_L03,SP1031,-13,False,6.2,5.0,5.1,,,5.3,D+,1.5,True,2.21,2.25,Pass
3614,1591015,HK161_SP1031_L03,SP1031,-13,False,8.1,6.9,9.2,,,8.3,B+,3.5,True,3.41,3.39,Pass
3615,1526654,HK161_SP1031_L03,SP1031,-13,False,7.8,9.6,7.2,,,8.0,B+,3.5,True,3.09,3.09,Pass
3616,1503162,HK161_SP1031_L03,SP1031,-13,False,8.3,10.0,6.7,,,8.0,B+,3.5,True,3.35,3.3,Pass
3617,1569505,HK161_SP1031_L03,SP1031,-13,False,7.5,7.0,6.1,,,6.7,C+,2.5,True,2.68,2.55,Pass
3618,1585490,HK161_SP1031_L03,SP1031,-13,False,5.8,6.3,6.8,,,6.4,C+,2.5,True,2.68,2.49,Pass
3619,1598860,HK161_SP1031_L03,SP1031,-13,False,8.3,7.4,8.3,,,8.0,B+,3.5,True,3.18,3.37,Pass
3620,1588400,HK161_SP1031_L03,SP1031,-13,False,8.1,7.8,8.9,,,8.4,B+,3.5,True,3.41,3.27,Pass
3621,1559383,HK161_SP1031_L03,SP1031,-13,False,9.2,8.1,7.7,,,8.1,B+,3.5,True,3.18,3.32,Pass
3622,1579796,HK161_SP1031_L03,SP1031,-13,False,6.9,8.1,8.6,,,8.1,B+,3.5,True,3.21,3.24,Pass
3623,1598691,HK161_SP1031_L03,SP1031,-13,False,6.4,7.1,6.6,,,6.7,C+,2.5,True,2.53,2.34,Pass
3624,1591943,HK161_SP1031_L03,SP1031,-13,False,8.3,8.2,8.0,,,8.1,B+,3.5,True,3.41,3.34,Pass
3625,1577350,HK161_SP1031_L03,SP1031,-13,False,6.7,7.4,6.8,,,7.0,B,3.0,True,3.12,3.12,Pass
3626,1584436,HK161_SP1031_L03,SP1031,-13,False,8.1,9.1,8.1,,,8.4,B+,3.5,True,3.18,3.33,Pass
3627,1519147,HK161_SP1031_L03,SP1031,-13,False,7.3,6.6,7.4,,,7.1,B,3.0,True,2.68,2.44,Pass
3628,1521298,HK161_SP1031_L03,SP1031,-13,False,7.7,6.6,6.8,,,6.9,C+,2.5,True,2.38,2.49,Pass
3629,1525431,HK161_SP1031_L03,SP1031,-13,False,6.7,8.3,7.9,,,7.8,B,3.0,True,3.41,3.35,Pass
3630,1571656,HK161_SP1031_L03,SP1031,-13,False,6.2,4.4,5.4,,,5.3,D+,1.5,True,1.69,1.7,Pass
3631,1516068,HK161_SP1031_L03,SP1031,-13,False,6.3,6.1,5.9,,,6.0,C,2.0,True,2.76,2.65,Pass
3632,1511471,HK161_SP1031_L03,SP1031,-13,False,7.8,9.0,5.7,,,7.1,B,3.0,True,3.0,3.13,Pass
3633,1535722,HK161_SP1031_L03,SP1031,-13,False,6.7,6.9,9.0,,,7.9,B,3.0,True,2.29,2.15,Pass
3634,1581821,HK161_SP1031_L03,SP1031,-13,False,9.6,9.4,9.2,,,9.3,A,4.0,True,3.38,3.32,Pass
3635,1506705,HK161_SP1031_L03,SP1031,-13,False,7.0,7.5,7.3,,,7.3,B,3.0,True,2.56,2.54,Pass
3636,1502698,HK161_SP1031_L03,SP1031,-13,False,8.0,8.5,8.8,,,8.6,A,4.0,True,3.47,3.34,Pass
3637,1547869,HK161_SP1031_L03,SP1031,-13,False,5.9,5.4,7.6,,,6.6,C+,2.5,True,2.91,3.07,Pass
3638,1527287,HK161_SP1031_L03,SP1031,-13,False,6.6,7.5,6.8,,,7.0,B,3.0,True,2.26,2.34,Pass
3639,1538042,HK161_SP1031_L03,SP1031,-13,False,7.2,8.5,9.2,,,8.6,A,4.0,True,3.35,3.25,Pass
3640,1583803,HK161_SP1031_L03,SP1031,-13,False,4.5,5.5,5.8,,,5.4,D+,1.5,True,1.79,1.89,Pass
3641,1569969,HK161_SP1031_L03,SP1031,-13,False,5.9,8.0,7.3,,,7.2,B,3.0,True,2.62,2.41,Pass
3642,1572584,HK161_SP1031_L03,SP1031,-13,False,6.7,7.3,6.9,,,7.0,B,3.0,True,2.79,2.53,Pass
3643,1555714,HK161_SP1031_L03,SP1031,-13,False,9.1,8.4,7.7,,,8.2,B+,3.5,True,3.44,3.42,Pass
3644,1569379,HK161_SP1031_L04,SP1031,-13,False,8.2,9.0,6.5,,,7.6,B,3.0,True,3.56,3.38,Pass
3645,1586587,HK161_SP1031_L04,SP1031,-13,False,6.2,4.8,4.8,,,5.1,D+,1.5,True,1.53,1.65,Pass
3646,1544790,HK161_SP1031_L04,SP1031,-13,False,6.5,6.3,4.6,,,5.5,C,2.0,True,1.81,1.92,Pass
3647,1568746,HK161_SP1031_L04,SP1031,-13,False,8.1,8.3,7.8,,,8.0,B+,3.5,True,3.5,3.46,Pass
3648,1503626,HK161_SP1031_L04,SP1031,-13,False,5.3,4.4,5.0,,,4.9,D,1.0,True,1.44,1.69,Pass
3649,1531589,HK161_SP1031_L04,SP1031,-13,False,7.4,7.4,8.0,,,7.7,B,3.0,True,3.62,3.47,Pass
3650,1551243,HK161_SP1031_L04,SP1031,-13,False,7.4,6.9,6.3,,,6.7,C+,2.5,True,2.41,2.46,Pass
3651,1531125,HK161_SP1031_L04,SP1031,-13,False,7.7,8.2,8.6,,,8.3,B+,3.5,True,3.09,3.3,Pass
3652,1512230,HK161_SP1031_L04,SP1031,-13,False,5.9,8.2,5.9,,,6.6,C+,2.5,True,2.44,2.49,Pass
3653,1509151,HK161_SP1031_L04,SP1031,-13,False,7.2,8.5,8.7,,,8.3,B+,3.5,True,3.53,3.35,Pass
3654,1532643,HK161_SP1031_L04,SP1031,-13,False,9.0,9.0,8.2,,,8.6,A,4.0,True,3.62,3.54,Pass
3655,1551707,HK161_SP1031_L04,SP1031,-13,False,8.2,7.7,9.0,,,8.4,B+,3.5,True,3.21,3.22,Pass
3656,1536481,HK161_SP1031_L04,SP1031,-13,False,5.0,6.4,7.2,,,6.5,C+,2.5,True,2.0,2.24,Pass
3657,1549556,HK161_SP1031_L04,SP1031,-13,False,8.4,5.9,8.4,,,7.7,B,3.0,True,3.32,3.24,Pass
3658,1547574,HK161_SP1031_L04,SP1031,-13,False,5.7,5.8,5.5,,,5.6,C,2.0,True,1.71,1.42,Pass
3659,1518219,HK161_SP1031_L04,SP1031,-13,False,8.5,8.7,9.1,,,8.9,A,4.0,True,3.53,3.46,Pass
3660,1504554,HK161_SP1031_L04,SP1031,-13,False,9.0,5.1,8.7,,,7.7,B,3.0,True,3.74,3.8,Pass
3661,1542808,HK161_SP1031_L04,SP1031,-13,False,7.0,7.3,6.5,,,6.8,C+,2.5,True,2.62,2.67,Pass
3662,1562926,HK161_SP1031_L04,SP1031,-13,False,7.0,7.9,7.8,,,7.7,B,3.0,True,3.12,3.4,Pass
3663,1567987,HK161_SP1031_L04,SP1031,-13,False,5.1,5.3,5.0,,,5.1,D+,1.5,True,1.59,1.8,Pass
3664,1535427,HK161_SP1031_L04,SP1031,-13,False,4.4,5.0,6.7,,,5.7,C,2.0,True,1.84,1.81,Pass
3665,1572289,HK161_SP1031_L04,SP1031,-13,False,6.5,5.8,5.4,,,5.7,C,2.0,True,2.41,2.14,Pass
3666,1580260,HK161_SP1031_L04,SP1031,-13,False,9.6,6.0,9.7,,,8.6,A,4.0,True,4.0,3.92,Pass
3667,1542470,HK161_SP1031_L04,SP1031,-13,False,7.3,6.9,7.9,,,7.5,B,3.0,True,3.12,3.1,Pass
3668,1511302,HK161_SP1031_L04,SP1031,-13,False,5.8,5.0,5.7,,,5.5,C,2.0,True,2.12,1.86,Pass
3669,1536945,HK161_SP1031_L04,SP1031,-13,False,7.3,8.2,10.0,,,8.9,A,4.0,True,3.68,3.72,Pass
3670,1501306,HK161_SP1031_L04,SP1031,-13,False,10.0,8.4,8.6,,,8.8,A,4.0,True,3.88,3.89,Pass
3671,1535891,HK161_SP1031_L04,SP1031,-13,False,7.9,7.3,8.8,,,8.2,B+,3.5,True,3.26,3.24,Pass
3672,1524503,HK161_SP1031_L04,SP1031,-13,False,4.8,6.3,4.6,,,5.1,D+,1.5,True,1.68,1.56,Pass
3673,1509784,HK161_SP1031_L04,SP1031,-13,False,9.9,8.1,8.3,,,8.6,A,4.0,True,3.5,3.14,Pass
3674,1570602,HK161_SP1031_L04,SP1031,-13,False,8.7,6.7,7.8,,,7.7,B,3.0,True,3.59,3.44,Pass
3675,1522352,HK161_SP1031_L04,SP1031,-13,False,8.0,7.2,7.9,,,7.7,B,3.0,True,3.47,3.4,Pass
3676,1587810,HK161_SP1031_L04,SP1031,-13,False,8.4,7.1,6.9,,,7.3,B,3.0,True,3.21,3.03,Pass
3677,1525600,HK161_SP1031_L04,SP1031,-13,False,8.4,9.3,7.5,,,8.2,B+,3.5,True,3.29,3.13,Pass
3678,1552171,HK161_SP1031_L04,SP1031,-13,False,7.3,5.3,6.1,,,6.1,C,2.0,True,2.41,2.38,Pass
3679,1533571,HK161_SP1031_L04,SP1031,-13,False,4.6,6.0,5.1,,,5.3,D+,1.5,True,1.21,1.49,Pass
3680,1577519,HK161_SP1031_L04,SP1031,-13,False,8.3,8.0,5.8,,,7.0,B,3.0,True,3.21,3.34,Pass
3681,1508223,HK161_SP1031_L04,SP1031,-13,False,5.6,7.2,7.0,,,6.8,C+,2.5,True,2.29,2.34,Pass
3682,1529269,HK161_SP1031_L04,SP1031,-13,False,5.0,6.6,6.5,,,6.2,C,2.0,True,1.82,1.77,Pass
3683,1598396,HK161_SP1031_L04,SP1031,-13,False,7.2,8.8,7.1,,,7.6,B,3.0,True,3.15,3.12,Pass
3684,1597468,HK161_SP1031_L04,SP1031,-13,False,7.8,7.8,8.8,,,8.3,B+,3.5,True,3.59,3.34,Pass
3685,1549092,HK161_SP1031_L04,SP1031,-13,False,7.3,7.8,7.6,,,7.6,B,3.0,True,3.18,3.19,Pass
3686,1549725,HK161_SP1031_L04,SP1031,-13,False,6.5,7.3,7.3,,,7.1,B,3.0,True,2.62,2.5,Pass
3687,1574271,HK161_SP1031_L04,SP1031,-13,False,7.1,6.4,6.5,,,6.6,C+,2.5,True,3.03,3.05,Pass
3688,1591479,HK161_SP1031_L04,SP1031,-13,False,8.2,9.1,8.9,,,8.8,A,4.0,True,3.88,3.76,Pass
3689,1584562,HK161_SP1031_L04,SP1031,-13,False,6.1,7.0,7.3,,,7.0,B,3.0,True,2.59,2.63,Pass
3690,1594094,HK161_SP1031_L04,SP1031,-13,False,6.3,6.6,5.5,,,6.0,C,2.0,True,1.53,1.4,Pass
3691,1599324,HK161_SP1031_L04,SP1031,-13,False,7.4,7.0,8.0,,,7.6,B,3.0,True,3.41,3.42,Pass
3692,1557865,HK161_SP1031_L04,SP1031,-13,False,7.5,5.7,6.7,,,6.6,C+,2.5,True,2.62,2.45,Pass
3693,1519442,HK161_SP1031_L04,SP1031,-13,False,7.3,6.9,7.1,,,7.1,B,3.0,True,2.72,2.56,Pass
3694,1556304,HK161_SP1031_L04,SP1031,-13,False,7.1,6.3,7.0,,,6.8,C+,2.5,True,2.38,2.39,Pass
3695,1590425,HK161_SP1031_L04,SP1031,-13,False,7.3,8.2,6.9,,,7.4,B,3.0,True,3.24,3.16,Pass
3696,1578278,HK161_SP1031_L04,SP1031,-13,False,7.2,7.3,8.4,,,7.8,B,3.0,True,3.09,3.06,Pass
3697,1541880,HK161_SP1031_L04,SP1031,-13,False,6.6,5.8,6.2,,,6.2,C,2.0,True,2.55,2.29,Pass
3698,1539729,HK161_SP1031_L04,SP1031,-13,False,8.6,8.5,9.1,,,8.8,A,4.0,True,3.59,3.65,Pass
3699,1557696,HK161_SP1031_L04,SP1031,-13,False,6.1,6.3,4.9,,,5.6,C,2.0,True,1.82,1.91,Pass
3700,1509615,HK161_SP1031_L04,SP1031,-13,False,9.6,9.5,9.9,,,9.7,A+,4.0,True,4.0,3.86,Pass
3701,1537873,HK161_SP1031_L04,SP1031,-13,False,5.5,4.9,5.7,,,5.4,D+,1.5,True,1.69,1.73,Pass
3702,1551412,HK161_SP1031_L04,SP1031,-13,False,7.9,8.1,8.1,,,8.1,B+,3.5,True,3.29,3.44,Pass
3703,1555545,HK161_SP1031_L04,SP1031,-13,False,8.8,6.9,7.7,,,7.7,B,3.0,True,3.12,3.16,Pass
3704,1522521,HK161_SP1031_L04,SP1031,-13,False,8.9,8.0,8.6,,,8.5,A,4.0,True,3.41,3.49,Pass
3705,1552930,HK161_SP1031_L04,SP1031,-13,False,5.4,4.6,7.4,,,6.2,C,2.0,True,2.22,2.14,Pass
3706,1506241,HK161_SP1031_L04,SP1031,-13,False,7.6,7.1,7.5,,,7.4,B,3.0,True,3.41,3.19,Pass
3707,1514845,HK161_SP1031_L04,SP1031,-13,False,5.5,5.0,3.7,,,4.5,D,1.0,True,1.56,1.28,Pass
3708,1545085,HK161_SP1031_L04,SP1031,-13,False,8.2,7.2,10.0,,,8.8,A,4.0,True,3.82,3.71,Pass
3709,1520075,HK161_SP1031_L04,SP1031,-13,False,6.4,5.8,7.1,,,6.6,C+,2.5,True,2.18,2.35,Pass
3710,1523449,HK161_SP1031_L04,SP1031,-13,False,7.5,6.6,7.1,,,7.0,B,3.0,True,2.68,2.62,Pass
3711,1519906,HK161_SP1031_L04,SP1031,-13,False,8.6,7.7,8.8,,,8.4,B+,3.5,True,3.74,3.59,Pass
3712,1545254,HK161_SP1031_L04,SP1031,-13,False,7.8,8.0,6.8,,,7.4,B,3.0,True,3.29,3.15,Pass
3713,1504385,HK161_SP1031_L04,SP1031,-13,False,7.4,8.4,7.7,,,7.8,B,3.0,True,3.25,3.49,Pass
3714,1516827,HK161_SP1031_L04,SP1031,-13,False,8.8,8.3,6.7,,,7.6,B,3.0,True,3.59,3.66,Pass
3715,1565372,HK161_SP1031_L04,SP1031,-13,False,6.4,6.0,6.2,,,6.2,C,2.0,True,2.62,2.43,Pass
3716,1537578,HK161_SP1031_L04,SP1031,-13,False,4.7,6.4,6.0,,,5.9,C,2.0,True,1.82,1.76,Pass
3717,1564149,HK161_SP1031_L04,SP1031,-13,False,7.4,6.7,6.3,,,6.6,C+,2.5,True,2.59,2.44,Pass
3718,1501180,HK161_SP1031_L04,SP1031,-13,False,9.7,10.0,9.8,,,9.8,A+,4.0,True,4.0,4.0,Pass
3719,1577983,HK161_SP1031_L04,SP1031,-13,False,5.6,5.7,6.3,,,6.0,C,2.0,True,2.25,2.34,Pass
3720,1546182,HK161_SP1031_L04,SP1031,-13,False,8.2,9.9,8.2,,,8.7,A,4.0,True,3.47,3.18,Pass
3721,1571530,HK161_SP1031_L04,SP1031,-13,False,6.7,7.1,6.6,,,6.8,C+,2.5,True,2.66,2.75,Pass
3722,1562462,HK161_SP1031_L04,SP1031,-13,False,7.3,4.9,4.5,,,5.2,D+,1.5,True,1.71,1.66,Pass
3723,1544959,HK161_SP1031_L04,SP1031,-13,False,8.4,8.7,7.4,,,8.0,B+,3.5,True,3.47,3.29,Pass
3724,1553225,HK161_SP1031_L04,SP1031,-13,False,4.2,5.0,4.8,,,4.7,D,1.0,True,1.35,1.33,Pass
3725,1591184,HK161_SP1031_L04,SP1031,-13,False,8.1,7.1,8.0,,,7.8,B,3.0,True,2.79,2.84,Pass
3726,1579206,HK161_SP1031_L04,SP1031,-13,False,6.3,7.0,6.9,,,6.8,C+,2.5,True,2.62,2.78,Pass
3727,1570433,HK161_SP1031_L04,SP1031,-13,False,6.7,7.1,8.0,,,7.5,B,3.0,True,2.82,2.62,Pass
3728,1599619,HK161_SP1031_L04,SP1031,-13,False,4.4,7.2,4.1,,,5.1,D+,1.5,True,1.61,1.82,Pass
3729,1547236,HK161_SP1031_L04,SP1031,-13,False,7.3,5.9,7.6,,,7.0,B,3.0,True,2.68,2.62,Pass
3730,1518388,HK161_SP1031_L04,SP1031,-13,False,7.2,7.6,8.5,,,8.0,B+,3.5,True,3.09,3.25,Pass
3731,1520834,HK161_SP1031_L04,SP1031,-13,False,7.0,7.3,6.6,,,6.9,C+,2.5,True,3.0,3.05,Pass
3732,1538632,HK161_SP1031_L04,SP1031,-13,False,6.7,6.2,6.7,,,6.6,C+,2.5,True,2.91,2.75,Pass
3733,1554153,HK161_SP1031_L04,SP1031,-13,False,7.9,8.3,8.0,,,8.1,B+,3.5,True,3.09,3.33,Pass
3734,1505777,HK161_SP1031_L04,SP1031,-13,False,6.1,6.3,6.9,,,6.6,C+,2.5,True,2.32,2.41,Pass
3735,1561998,HK161_SP1031_L04,SP1031,-13,False,6.9,6.7,7.0,,,6.9,C+,2.5,True,2.65,2.48,Pass
3736,1526528,HK161_SP1031_L04,SP1031,-13,False,4.7,4.8,5.7,,,5.2,D+,1.5,True,1.5,1.8,Pass
3737,1514086,HK161_SP1031_L04,SP1031,-13,False,7.3,6.7,5.9,,,6.4,C+,2.5,True,2.62,2.62,Pass
3738,1552466,HK161_SP1031_L04,SP1031,-13,False,8.2,8.6,8.4,,,8.4,B+,3.5,True,3.18,3.1,Pass
3739,1528679,HK161_SP1031_L04,SP1031,-13,False,7.8,9.0,6.8,,,7.7,B,3.0,True,3.12,3.23,Pass
3740,1560311,HK161_SP1031_L04,SP1031,-13,False,7.3,7.5,8.3,,,7.9,B,3.0,True,3.12,3.24,Pass
3741,1547110,HK161_SP1031_L04,SP1031,-13,False,7.6,7.2,7.0,,,7.2,B,3.0,True,2.91,2.77,Pass
3742,1597004,HK161_SP1031_L04,SP1031,-13,False,6.2,7.9,7.9,,,7.6,B,3.0,True,2.29,2.32,Pass
3743,1524377,HK161_SP1031_L04,SP1031,-13,False,5.0,5.6,6.0,,,5.7,C,2.0,True,1.41,1.32,Pass
3744,1534204,HK161_SP1031_L04,SP1031,-13,False,9.5,7.5,8.6,,,8.4,B+,3.5,True,3.24,3.24,Pass
3745,1586418,HK161_SP1031_L04,SP1031,-13,False,8.0,9.2,7.9,,,8.3,B+,3.5,True,3.71,3.72,Pass
3746,1503331,HK161_SP1031_L04,SP1031,-13,False,9.3,8.1,6.5,,,7.5,B,3.0,True,3.0,3.12,Pass
3747,1580134,HK161_SP1031_L04,SP1031,-13,False,6.7,4.5,5.9,,,5.6,C,2.0,True,1.88,1.87,Pass
3748,1592238,HK161_SP1031_L04,SP1031,-13,False,10.0,8.7,9.4,,,9.3,A,4.0,True,3.88,3.96,Pass
3749,1575368,HK161_SP1031_L04,SP1031,-13,False,5.9,5.6,6.5,,,6.1,C,2.0,True,1.94,1.71,Pass
3750,1537114,HK161_SP1031_L04,SP1031,-13,False,7.3,7.4,7.1,,,7.2,B,3.0,True,3.26,3.39,Pass
3751,1566131,HK161_SP1031_L04,SP1031,-13,False,7.9,6.1,6.0,,,6.4,C+,2.5,True,2.71,2.55,Pass
3752,1577645,HK161_SP1031_L04,SP1031,-13,False,9.8,10.0,9.6,,,9.8,A+,4.0,True,4.0,4.0,Pass
3753,1506831,HK161_SP1031_L04,SP1031,-13,False,7.6,7.1,7.9,,,7.6,B,3.0,True,2.59,2.45,Pass
3754,1500083,HK161_SP1031_L04,SP1031,-13,False,9.3,8.4,8.8,,,8.8,A,4.0,True,3.47,3.37,Pass
3755,1514676,HK161_SP1031_L05,SP1031,-13,False,7.8,7.8,8.8,,,8.3,B+,3.5,True,3.62,3.37,Pass
3756,1587346,HK161_SP1031_L05,SP1031,-13,False,7.0,5.5,6.4,,,6.2,C,2.0,True,2.29,2.28,Pass
3757,1516532,HK161_SP1031_L05,SP1031,-13,False,8.8,8.3,8.8,,,8.7,A,4.0,True,3.79,3.74,Pass
3758,1599493,HK161_SP1031_L05,SP1031,-13,False,7.5,10.0,7.7,,,8.3,B+,3.5,True,3.38,3.59,Pass
3759,1546477,HK161_SP1031_L05,SP1031,-13,False,7.1,6.1,6.4,,,6.5,C+,2.5,True,2.35,2.5,Pass
3760,1532981,HK161_SP1031_L05,SP1031,-13,False,6.0,5.7,5.6,,,5.7,C,2.0,True,2.32,2.23,Pass
3761,1578573,HK161_SP1031_L05,SP1031,-13,False,6.9,4.9,6.7,,,6.2,C,2.0,True,2.65,2.54,Pass
3762,1524039,HK161_SP1031_L05,SP1031,-13,False,7.3,6.2,7.3,,,7.0,B,3.0,True,2.69,2.73,Pass
3763,1597932,HK161_SP1031_L05,SP1031,-13,False,8.1,8.5,8.4,,,8.4,B+,3.5,True,3.5,3.41,Pass
3764,1538506,HK161_SP1031_L05,SP1031,-13,False,6.0,6.5,5.6,,,6.0,C,2.0,True,1.91,1.93,Pass
3765,1580598,HK161_SP1031_L05,SP1031,-13,False,7.7,8.3,10.0,,,9.0,A,4.0,True,3.29,3.12,Pass
3766,1588864,HK161_SP1031_L05,SP1031,-13,False,6.3,7.1,5.4,,,6.1,C,2.0,True,2.76,2.51,Pass
3767,1575958,HK161_SP1031_L05,SP1031,-13,False,4.9,5.0,5.5,,,5.2,D+,1.5,True,1.82,1.75,Pass
3768,1555250,HK161_SP1031_L05,SP1031,-13,False,7.2,8.9,8.1,,,8.2,B+,3.5,True,3.65,3.52,Pass
3769,1555840,HK161_SP1031_L05,SP1031,-13,False,8.1,8.2,8.9,,,8.5,A,4.0,True,3.62,3.59,Pass
3770,1588569,HK161_SP1031_L05,SP1031,-13,False,8.4,8.5,8.0,,,8.2,B+,3.5,True,3.32,3.19,Pass
3771,1575663,HK161_SP1031_L05,SP1031,-13,False,7.8,8.0,8.3,,,8.1,B+,3.5,True,3.85,3.84,Pass
3772,1545549,HK161_SP1031_L05,SP1031,-13,False,9.2,7.1,8.3,,,8.1,B+,3.5,True,3.06,3.26,Pass
3773,1573512,HK161_SP1031_L05,SP1031,-13,False,8.8,7.7,8.4,,,8.3,B+,3.5,True,3.34,3.43,Pass
3774,1574904,HK161_SP1031_L05,SP1031,-13,False,7.4,6.2,7.7,,,7.2,B,3.0,True,2.71,2.52,Pass
3775,1507633,HK161_SP1031_L05,SP1031,-13,False,7.8,9.2,7.5,,,8.1,B+,3.5,True,3.71,3.4,Pass
3776,1500547,HK161_SP1031_L05,SP1031,-13,False,7.2,7.6,8.9,,,8.2,B+,3.5,True,3.18,3.19,Pass
3777,1544031,HK161_SP1031_L05,SP1031,-13,False,6.0,5.2,5.4,,,5.5,C,2.0,True,1.89,1.87,Pass
3778,1573681,HK161_SP1031_L05,SP1031,-13,False,6.6,6.1,5.9,,,6.1,C,2.0,True,2.09,2.29,Pass
3779,1522816,HK161_SP1031_L05,SP1031,-13,False,5.2,6.3,6.8,,,6.3,C,2.0,True,2.62,2.42,Pass
3780,1541711,HK161_SP1031_L05,SP1031,-13,False,8.2,7.1,6.6,,,7.1,B,3.0,True,3.56,3.43,Pass
3781,1536186,HK161_SP1031_L05,SP1031,-13,False,5.0,6.3,5.8,,,5.8,C,2.0,True,2.05,1.98,Pass
3782,1581188,HK161_SP1031_L05,SP1031,-13,False,6.7,6.4,9.8,,,8.2,B+,3.5,True,3.35,3.28,Pass
3783,1536650,HK161_SP1031_L05,SP1031,-13,False,7.8,8.8,7.9,,,8.2,B+,3.5,True,3.41,3.23,Pass
3784,1505313,HK161_SP1031_L05,SP1031,-13,False,7.6,7.2,7.8,,,7.6,B,3.0,True,3.24,3.41,Pass
3785,1542639,HK161_SP1031_L05,SP1031,-13,False,7.0,7.8,8.8,,,8.1,B+,3.5,True,3.09,3.1,Pass
3786,1528805,HK161_SP1031_L05,SP1031,-13,False,6.3,8.1,7.6,,,7.5,B,3.0,True,3.41,3.24,Pass
3787,1553394,HK161_SP1031_L05,SP1031,-13,False,7.7,7.8,8.2,,,8.0,B+,3.5,True,3.47,3.53,Pass
3788,1587641,HK161_SP1031_L05,SP1031,-13,False,7.3,7.3,8.2,,,7.8,B,3.0,True,3.09,3.25,Pass
3789,1542344,HK161_SP1031_L05,SP1031,-13,False,8.2,8.2,8.4,,,8.3,B+,3.5,True,3.12,3.12,Pass
3790,1520539,HK161_SP1031_L05,SP1031,-13,False,7.4,6.3,5.8,,,6.3,C,2.0,True,2.29,2.3,Pass
3791,1525136,HK161_SP1031_L05,SP1031,-13,False,6.9,8.2,8.3,,,8.0,B+,3.5,True,2.88,2.96,Pass
3792,1522985,HK161_SP1031_L05,SP1031,-13,False,7.9,9.0,8.0,,,8.3,B+,3.5,True,3.29,3.36,Pass
3793,1544621,HK161_SP1031_L05,SP1031,-13,False,6.0,7.4,8.6,,,7.7,B,3.0,True,2.88,3.04,Pass
3794,1564444,HK161_SP1031_L05,SP1031,-13,False,6.8,7.1,6.6,,,6.8,C+,2.5,True,2.41,2.36,Pass
3795,1573048,HK161_SP1031_L05,SP1031,-13,False,8.9,8.3,7.9,,,8.2,B+,3.5,True,3.18,3.34,Pass
3796,1513917,HK161_SP1031_L05,SP1031,-13,False,5.8,6.3,4.8,,,5.4,D+,1.5,True,1.82,1.72,Pass
3797,1518978,HK161_SP1031_L05,SP1031,-13,False,5.7,6.4,5.9,,,6.0,C,2.0,True,2.18,1.91,Pass
3798,1506536,HK161_SP1031_L05,SP1031,-13,False,8.0,8.7,7.4,,,7.9,B,3.0,True,3.41,3.39,Pass
3799,1567692,HK161_SP1031_L05,SP1031,-13,False,8.1,6.7,6.7,,,7.0,B,3.0,True,2.79,2.62,Pass
3800,1548628,HK161_SP1031_L05,SP1031,-13,False,7.6,7.5,6.7,,,7.1,B,3.0,True,2.76,2.7,Pass
3801,1582580,HK161_SP1031_L05,SP1031,-13,False,8.0,5.7,7.8,,,7.2,B,3.0,True,3.21,3.4,Pass
3802,1593040,HK161_SP1031_L05,SP1031,-13,False,7.9,6.8,8.9,,,8.1,B+,3.5,True,3.62,3.46,Pass
3803,1523913,HK161_SP1031_L05,SP1031,-13,False,7.9,7.8,7.7,,,7.8,B,3.0,True,3.24,3.16,Pass
3804,1530830,HK161_SP1031_L05,SP1031,-13,False,6.2,5.3,4.4,,,5.0,D+,1.5,True,1.86,1.81,Pass
3805,1567818,HK161_SP1031_L05,SP1031,-13,False,7.2,8.0,7.0,,,7.3,B,3.0,True,3.47,3.26,Pass
3806,1582749,HK161_SP1031_L05,SP1031,-13,False,5.7,6.9,7.5,,,7.0,B,3.0,True,2.35,2.38,Pass
3807,1515604,HK161_SP1031_L05,SP1031,-13,False,7.3,7.4,6.4,,,6.9,C+,2.5,True,2.74,2.68,Pass
3808,1527118,HK161_SP1031_L05,SP1031,-13,False,7.6,8.3,7.0,,,7.5,B,3.0,True,3.15,3.24,Pass
3809,1510374,HK161_SP1031_L05,SP1031,-13,False,8.4,8.5,9.7,,,9.1,A,4.0,True,4.0,4.0,Pass
3810,1589961,HK161_SP1031_L05,SP1031,-13,False,9.9,9.6,9.1,,,9.4,A,4.0,True,3.47,3.24,Pass
3811,1543862,HK161_SP1031_L05,SP1031,-13,False,5.3,5.7,5.3,,,5.4,D+,1.5,True,1.73,1.68,Pass
3812,1591353,HK161_SP1031_L05,SP1031,-13,False,7.9,7.6,7.6,,,7.7,B,3.0,True,3.0,3.14,Pass
3813,1518050,HK161_SP1031_L05,SP1031,-13,False,6.9,7.7,6.8,,,7.1,B,3.0,True,3.59,3.45,Pass
3814,1553099,HK161_SP1031_L05,SP1031,-13,False,8.2,9.9,6.7,,,8.0,B+,3.5,True,3.08,3.28,Pass
3815,1585659,HK161_SP1031_L05,SP1031,-13,False,6.8,5.3,5.7,,,5.8,C,2.0,True,2.65,2.4,Pass
3816,1514381,HK161_SP1031_L05,SP1031,-13,False,8.2,7.6,8.8,,,8.3,B+,3.5,True,3.5,3.4,Pass
3817,1500716,HK161_SP1031_L05,SP1031,-13,False,8.6,9.5,8.0,,,8.6,A,4.0,True,3.5,3.47,Pass
3818,1588274,HK161_SP1031_L05,SP1031,-13,False,8.7,3.8,4.1,,,4.9,D,1.0,True,2.16,2.37,Pass
3819,1547700,HK161_SP1031_L05,SP1031,-13,False,8.0,7.4,8.2,,,7.9,B,3.0,True,3.12,3.31,Pass
3820,1565541,HK161_SP1031_L05,SP1031,-13,False,6.3,7.8,6.6,,,6.9,C+,2.5,True,2.38,2.57,Pass
3821,1547405,HK161_SP1031_L05,SP1031,-13,False,9.2,7.6,7.8,,,8.0,B+,3.5,True,3.29,3.35,Pass
3822,1530366,HK161_SP1031_L05,SP1031,-13,False,8.2,8.3,6.6,,,7.4,B,3.0,True,3.53,3.47,Pass
3823,1515140,HK161_SP1031_L05,SP1031,-13,False,5.2,6.5,6.3,,,6.1,C,2.0,True,1.72,1.67,Pass
3824,1594389,HK161_SP1031_L05,SP1031,-13,False,6.5,6.5,7.5,,,7.0,B,3.0,True,2.29,2.33,Pass
3825,1584267,HK161_SP1031_L05,SP1031,-13,False,7.1,5.3,6.7,,,6.4,C+,2.5,True,2.62,2.4,Pass
3826,1545423,HK161_SP1031_L05,SP1031,-13,False,6.1,7.4,7.2,,,7.0,B,3.0,True,2.91,2.79,Pass
3827,1544495,HK161_SP1031_L05,SP1031,-13,False,7.3,7.3,6.5,,,6.9,C+,2.5,True,2.5,2.62,Pass
3828,1562167,HK161_SP1031_L05,SP1031,-13,False,7.7,8.9,6.8,,,7.6,B,3.0,True,3.41,3.29,Pass
3829,1589497,HK161_SP1031_L05,SP1031,-13,False,9.0,9.2,7.7,,,8.4,B+,3.5,True,3.5,3.45,Pass
3830,1552635,HK161_SP1031_L05,SP1031,-13,False,5.6,6.8,6.8,,,6.6,C+,2.5,True,2.62,2.3,Pass
3831,1564908,HK161_SP1031_L05,SP1031,-13,False,6.6,7.1,7.3,,,7.1,B,3.0,True,2.62,2.7,Pass
3832,1500252,HK161_SP1031_L05,SP1031,-13,False,4.4,6.1,6.6,,,6.0,C,2.0,True,2.37,2.62,Pass
3833,1535132,HK161_SP1031_L05,SP1031,-13,False,6.6,7.8,5.7,,,6.5,C+,2.5,True,2.38,2.59,Pass
3834,1508856,HK161_SP1031_L05,SP1031,-13,False,8.3,7.2,7.9,,,7.8,B,3.0,True,3.39,3.39,Pass
3835,1596540,HK161_SP1031_L05,SP1031,-13,False,7.3,5.9,9.3,,,7.9,B,3.0,True,3.53,3.49,Pass
3836,1567059,HK161_SP1031_L05,SP1031,-13,False,7.4,8.1,6.6,,,7.2,B,3.0,True,2.79,2.56,Pass
3837,1568451,HK161_SP1031_L05,SP1031,-13,False,7.1,6.2,7.2,,,6.9,C+,2.5,True,2.59,2.58,Pass
3838,1532812,HK161_SP1031_L05,SP1031,-13,False,8.7,9.4,7.7,,,8.4,B+,3.5,True,3.5,3.53,Pass
3839,1532179,HK161_SP1031_L05,SP1031,-13,False,7.1,8.5,8.8,,,8.4,B+,3.5,True,3.32,3.33,Pass
3840,1517586,HK161_SP1031_L05,SP1031,-13,False,6.7,7.9,7.8,,,7.6,B,3.0,True,2.91,3.0,Pass
3841,1551074,HK161_SP1031_L05,SP1031,-13,False,7.0,7.4,7.2,,,7.2,B,3.0,True,3.09,2.95,Pass
3842,1587051,HK161_SP1031_L05,SP1031,-13,False,8.1,7.6,7.8,,,7.8,B,3.0,True,3.0,3.33,Pass
3843,1599155,HK161_SP1031_L05,SP1031,-13,False,7.2,7.3,8.0,,,7.6,B,3.0,True,3.0,3.15,Pass
3844,1580724,HK161_SP1031_L05,SP1031,-13,False,6.3,6.2,5.8,,,6.0,C,2.0,True,1.53,1.54,Pass
3845,1511766,HK161_SP1031_L05,SP1031,-13,False,6.3,6.7,6.9,,,6.7,C+,2.5,True,2.41,2.56,Pass
3846,1519611,HK161_SP1031_L05,SP1031,-13,False,8.2,10.0,8.4,,,8.8,A,4.0,True,4.0,3.94,Pass
3847,1525726,HK161_SP1031_L05,SP1031,-13,False,8.1,8.4,9.2,,,8.7,A,4.0,True,3.53,3.23,Pass
3848,1511597,HK161_SP1031_L05,SP1031,-13,False,7.0,7.1,7.4,,,7.2,B,3.0,True,2.47,2.54,Pass
3849,1569674,HK161_SP1031_L05,SP1031,-13,False,9.7,6.9,10.0,,,9.0,A,4.0,True,3.53,3.58,Pass
3850,1594853,HK161_SP1031_L05,SP1031,-13,False,8.5,8.1,8.1,,,8.2,B+,3.5,True,3.74,3.57,Pass
3851,1558160,HK161_SP1031_L05,SP1031,-13,False,7.1,6.6,7.3,,,7.0,B,3.0,True,2.41,2.43,Pass
3852,1594263,HK161_SP1031_L05,SP1031,-13,False,7.2,8.1,7.5,,,7.6,B,3.0,True,3.09,3.16,Pass
3853,1534963,HK161_SP1031_L05,SP1031,-13,False,7.6,6.8,7.0,,,7.1,B,3.0,True,2.26,2.43,Pass
3854,1513453,HK161_SP1031_L05,SP1031,-13,False,5.7,5.0,5.5,,,5.4,D+,1.5,True,1.97,1.68,Pass
3855,1576886,HK161_SP1031_L05,SP1031,-13,False,7.7,6.8,6.8,,,7.0,B,3.0,True,2.44,2.54,Pass
3856,1528046,HK161_SP1031_L05,SP1031,-13,False,8.4,8.3,8.5,,,8.4,B+,3.5,True,3.12,3.3,Pass
3857,1598101,HK161_SP1031_L05,SP1031,-13,False,4.4,6.1,4.7,,,5.1,D+,1.5,True,1.79,1.77,Pass
3858,1565836,HK161_SP1031_L05,SP1031,-13,False,6.4,6.6,6.7,,,6.6,C+,2.5,True,1.92,1.74,Pass
3859,1540488,HK161_SP1031_L05,SP1031,-13,False,7.8,8.2,8.9,,,8.5,A,4.0,True,3.47,3.53,Pass
3860,1565667,HK161_SP1031_L05,SP1031,-13,False,7.4,8.9,9.2,,,8.8,A,4.0,True,3.29,3.41,Pass
3861,1501770,HK161_SP1031_L05,SP1031,-13,False,6.6,4.1,5.6,,,5.3,D+,1.5,True,1.81,1.86,Pass
3862,1577814,HK161_SP1031_L05,SP1031,-13,False,6.5,7.4,9.1,,,8.1,B+,3.5,True,3.29,3.24,Pass
3863,1511133,HK161_SP1031_L05,SP1031,-13,False,8.4,7.9,8.2,,,8.2,B+,3.5,True,3.44,3.34,Pass
3864,1532053,HK161_SP1031_L05,SP1031,-13,False,6.0,7.9,6.5,,,6.8,C+,2.5,True,2.47,2.43,Pass
3865,1560606,HK161_SP1031_L05,SP1031,-13,False,5.9,6.9,7.6,,,7.0,B,3.0,True,2.81,2.57,Pass
3866,1579965,HK161_CO2007_L01,CO2007,-13,False,,7.7,6.9,6.9,,7.1,B,3.0,True,2.91,3.07,Pass
3867,1527751,HK161_CO2007_L01,CO2007,-13,False,,7.5,7.0,7.9,,7.3,B,3.0,True,3.09,3.05,Pass
3868,1523449,HK161_CO2007_L01,CO2007,-13,False,,7.0,6.2,6.1,,6.3,C,2.0,True,2.68,2.62,Pass
3869,1539096,HK161_CO2007_L01,CO2007,-13,False,,7.8,8.0,7.4,,7.8,B,3.0,True,2.91,3.12,Pass
3870,1536355,HK161_CO2007_L01,CO2007,-13,False,,6.5,5.6,7.5,,6.2,C,2.0,True,2.0,1.86,Pass
3871,1503331,HK161_CO2007_L01,CO2007,-13,False,,8.1,8.0,7.9,,8.0,B+,3.5,True,3.0,3.12,Pass
3872,1599029,HK161_CO2007_L01,CO2007,-13,False,,8.0,9.2,8.7,,8.9,A,4.0,True,3.35,3.27,Pass
3873,1568156,HK161_CO2007_L01,CO2007,-13,False,,8.6,8.6,8.8,,8.6,A,4.0,True,3.68,3.68,Pass
3874,1583803,HK161_CO2007_L01,CO2007,-13,False,,5.3,5.5,5.3,,5.4,D+,1.5,True,1.79,1.89,Pass
3875,1504385,HK161_CO2007_L01,CO2007,-13,False,,9.0,8.9,8.2,,8.8,A,4.0,True,3.25,3.49,Pass
3876,1521593,HK161_CO2007_L01,CO2007,-13,False,,8.4,8.8,7.3,,8.4,B+,3.5,True,3.32,3.56,Pass
3877,1501770,HK161_CO2007_L01,CO2007,-13,False,,5.6,6.4,6.8,,6.3,C,2.0,True,1.81,1.86,Pass
3878,1589961,HK161_CO2007_L01,CO2007,-13,False,,6.1,7.8,7.2,,7.3,B,3.0,True,3.47,3.24,Pass
3879,1591184,HK161_CO2007_L01,CO2007,-13,False,,6.9,7.3,7.5,,7.3,B,3.0,True,2.79,2.84,Pass
3880,1571066,HK161_CO2007_L01,CO2007,-13,False,,9.1,7.4,6.2,,7.5,B,3.0,True,3.35,3.45,Pass
3881,1551074,HK161_CO2007_L01,CO2007,-13,False,,8.0,8.0,7.7,,7.9,B,3.0,True,3.09,2.95,Pass
3882,1530830,HK161_CO2007_L01,CO2007,-13,False,,6.5,6.3,6.2,,6.3,C,2.0,True,1.86,1.81,Pass
3883,1554617,HK161_CO2007_L01,CO2007,-13,False,,6.3,7.7,6.2,,7.1,B,3.0,True,2.5,2.47,Pass
3884,1551243,HK161_CO2007_L01,CO2007,-13,False,,7.3,7.8,7.0,,7.5,B,3.0,True,2.41,2.46,Pass
3885,1559214,HK161_CO2007_L01,CO2007,-13,False,,7.7,8.3,8.5,,8.2,B+,3.5,True,3.12,3.29,Pass
3886,1591015,HK161_CO2007_L01,CO2007,-13,False,,7.4,8.1,8.8,,8.1,B+,3.5,True,3.41,3.39,Pass
3887,1572120,HK161_CO2007_L01,CO2007,-13,False,,7.2,6.7,6.3,,6.7,C+,2.5,True,2.47,2.61,Pass
3888,1599324,HK161_CO2007_L01,CO2007,-13,False,,7.9,8.7,8.6,,8.5,A,4.0,True,3.41,3.42,Pass
3889,1522816,HK161_CO2007_L01,CO2007,-13,False,,7.8,6.8,7.8,,7.2,B,3.0,True,2.62,2.42,Pass
3890,1516363,HK161_CO2007_L01,CO2007,-13,False,,7.3,8.8,10.0,,8.7,A,4.0,True,3.74,3.69,Pass
3891,1520665,HK161_CO2007_L01,CO2007,-13,False,,7.2,7.3,6.5,,7.1,B,3.0,True,2.32,2.27,Pass
3892,1559678,HK161_CO2007_L01,CO2007,-13,False,,7.2,8.9,7.1,,8.2,B+,3.5,True,3.44,3.31,Pass
3893,1591648,HK161_CO2007_L01,CO2007,-13,False,,7.0,7.5,6.2,,7.1,B,3.0,True,2.28,1.83,Pass
3894,1573976,HK161_CO2007_L01,CO2007,-13,False,,7.7,7.5,7.8,,7.6,B,3.0,True,3.09,3.19,Pass
3895,1580598,HK161_CO2007_L01,CO2007,-13,False,,8.7,8.8,7.9,,8.6,A,4.0,True,3.29,3.12,Pass
3896,1546477,HK161_CO2007_L01,CO2007,-13,False,,3.4,6.2,6.8,,5.8,C,2.0,True,2.35,2.5,Pass
3897,1552466,HK161_CO2007_L01,CO2007,-13,False,,7.8,6.6,8.4,,7.2,B,3.0,True,3.18,3.1,Pass
3898,1562462,HK161_CO2007_L01,CO2007,-13,False,,5.4,5.0,6.4,,5.4,D+,1.5,True,1.71,1.66,Pass
3899,1528805,HK161_CO2007_L01,CO2007,-13,False,,7.3,9.3,8.2,,8.7,A,4.0,True,3.41,3.24,Pass
3900,1535258,HK161_CO2007_L01,CO2007,-13,False,,6.7,9.0,9.4,,8.6,A,4.0,True,3.29,3.18,Pass
3901,1500547,HK161_CO2007_L01,CO2007,-13,False,,7.2,8.4,6.9,,7.9,B,3.0,True,3.18,3.19,Pass
3902,1560311,HK161_CO2007_L01,CO2007,-13,False,,8.1,7.4,9.3,,7.9,B,3.0,True,3.12,3.24,Pass
3903,1568451,HK161_CO2007_L01,CO2007,-13,False,,7.5,6.6,6.3,,6.7,C+,2.5,True,2.59,2.58,Pass
3904,1555376,HK161_CO2007_L01,CO2007,-13,False,,4.3,5.5,4.3,,5.0,D+,1.5,True,1.88,1.96,Pass
3905,1537578,HK161_CO2007_L01,CO2007,-13,False,,5.4,6.5,6.2,,6.2,C,2.0,True,1.82,1.76,Pass
3906,1540024,HK161_CO2007_L01,CO2007,-13,False,,5.3,6.5,4.9,,5.9,C,2.0,True,1.72,1.86,Pass
3907,1588569,HK161_CO2007_L01,CO2007,-13,False,,7.6,8.8,6.8,,8.2,B+,3.5,True,3.32,3.19,Pass
3908,1572753,HK161_CO2007_L01,CO2007,-13,False,,8.1,7.7,8.0,,7.8,B,3.0,True,3.21,3.45,Pass
3909,1562757,HK161_CO2007_L01,CO2007,-13,False,,6.6,7.6,7.6,,7.4,B,3.0,True,3.29,3.06,Pass
3910,1558919,HK161_CO2007_L01,CO2007,-13,False,,7.8,7.8,8.1,,7.9,B,3.0,True,3.18,3.45,Pass
3911,1571994,HK161_CO2007_L01,CO2007,-13,False,,8.7,7.8,7.8,,8.0,B+,3.5,True,3.5,3.52,Pass
3912,1501939,HK161_CO2007_L01,CO2007,-13,False,,8.4,7.6,7.9,,7.8,B,3.0,True,3.38,3.24,Pass
3913,1510543,HK161_CO2007_L01,CO2007,-13,False,,7.6,8.5,8.6,,8.3,B+,3.5,True,3.68,3.66,Pass
3914,1598565,HK161_CO2007_L01,CO2007,-13,False,,6.5,9.5,7.4,,8.5,A,4.0,True,2.94,2.7,Pass
3915,1548333,HK161_CO2007_L01,CO2007,-13,False,,6.5,8.0,7.6,,7.6,B,3.0,True,2.91,2.78,Pass
3916,1519737,HK161_CO2007_L01,CO2007,-13,False,,7.9,8.7,7.4,,8.3,B+,3.5,True,3.59,3.3,Pass
3917,1521888,HK161_CO2007_L01,CO2007,-13,False,,5.0,6.2,5.1,,5.7,C,2.0,True,1.66,1.77,Pass
3918,1545718,HK161_CO2007_L01,CO2007,-13,False,,6.6,5.9,6.1,,6.1,C,2.0,True,2.21,2.25,Pass
3919,1518388,HK161_CO2007_L01,CO2007,-13,False,,8.8,7.0,8.1,,7.6,B,3.0,True,3.09,3.25,Pass
3920,1517586,HK161_CO2007_L01,CO2007,-13,False,,8.0,6.7,7.3,,7.1,B,3.0,True,2.91,3.0,Pass
3921,1561534,HK161_CO2007_L01,CO2007,-13,False,,7.6,7.7,7.6,,7.7,B,3.0,True,2.91,3.12,Pass
3922,1569969,HK161_CO2007_L01,CO2007,-13,False,,7.9,7.8,6.5,,7.6,B,3.0,True,2.62,2.41,Pass
3923,1517755,HK161_CO2007_L01,CO2007,-13,False,,6.8,7.8,7.9,,7.6,B,3.0,True,3.0,3.06,Pass
3924,1539729,HK161_CO2007_L01,CO2007,-13,False,,9.1,8.5,8.4,,8.6,A,4.0,True,3.59,3.65,Pass
3925,1518683,HK161_CO2007_L01,CO2007,-13,False,,6.3,7.9,6.8,,7.4,B,3.0,True,2.44,2.25,Pass
3926,1547236,HK161_CO2007_L01,CO2007,-13,False,,7.3,7.0,6.2,,6.9,C+,2.5,True,2.68,2.62,Pass
3927,1591943,HK161_CO2007_L01,CO2007,-13,False,,8.0,8.4,8.4,,8.3,B+,3.5,True,3.41,3.34,Pass
3928,1579501,HK161_CO2007_L01,CO2007,-13,False,,9.4,8.8,8.8,,8.9,A,4.0,True,4.0,3.96,Pass
3929,1580134,HK161_CO2007_L01,CO2007,-13,False,,6.1,5.3,6.4,,5.7,C,2.0,True,1.88,1.87,Pass
3930,1588738,HK161_CO2007_L01,CO2007,-13,False,,8.0,8.2,7.9,,8.1,B+,3.5,True,3.59,3.53,Pass
3931,1553394,HK161_CO2007_L01,CO2007,-13,False,,9.6,5.9,9.0,,7.3,B,3.0,True,3.47,3.53,Pass
3932,1560775,HK161_CO2007_L01,CO2007,-13,False,,6.5,7.4,7.9,,7.3,B,3.0,True,2.71,2.79,Pass
3933,1590889,HK161_CO2007_L01,CO2007,-13,False,,6.5,7.2,6.1,,6.8,C+,2.5,True,2.59,2.32,Pass
3934,1543398,HK161_CO2007_L01,CO2007,-13,False,,7.6,6.1,5.1,,6.2,C,2.0,True,2.38,2.54,Pass
3935,1578109,HK161_CO2007_L01,CO2007,-13,False,,5.1,3.4,4.5,,4.0,D,1.0,True,1.59,1.64,Pass
3936,1510838,HK161_CO2007_L01,CO2007,-13,False,,8.8,9.2,7.1,,8.7,A,4.0,True,3.12,3.05,Pass
3937,1525136,HK161_CO2007_L01,CO2007,-13,False,,6.1,6.6,7.4,,6.7,C+,2.5,True,2.88,2.96,Pass
3938,1573217,HK161_CO2007_L01,CO2007,-13,False,,6.2,5.7,7.5,,6.2,C,2.0,True,2.35,2.48,Pass
3939,1530661,HK161_CO2007_L01,CO2007,-13,False,,4.7,4.3,4.5,,4.4,D,1.0,True,1.45,1.47,Pass
3940,1521129,HK161_CO2007_L01,CO2007,-13,False,,9.0,7.8,10.0,,8.5,A,4.0,True,4.0,4.0,Pass
3941,1576127,HK161_CO2007_L01,CO2007,-13,False,,7.6,6.9,8.7,,7.4,B,3.0,True,3.0,3.08,Pass
3942,1552002,HK161_CO2007_L01,CO2007,-13,False,,8.8,7.4,7.8,,7.8,B,3.0,True,3.5,3.2,Pass
3943,1516827,HK161_CO2007_L01,CO2007,-13,False,,7.7,9.0,8.0,,8.5,A,4.0,True,3.59,3.66,Pass
3944,1574609,HK161_CO2007_L01,CO2007,-13,False,,6.8,6.1,7.9,,6.6,C+,2.5,True,2.44,2.33,Pass
3945,1501011,HK161_CO2007_L01,CO2007,-13,False,,8.8,7.4,7.5,,7.7,B,3.0,True,3.41,3.51,Pass
3946,1570897,HK161_CO2007_L01,CO2007,-13,False,,9.9,9.0,9.2,,9.2,A,4.0,True,4.0,3.96,Pass
3947,1595950,HK161_CO2007_L01,CO2007,-13,False,,6.9,6.5,6.3,,6.5,C+,2.5,True,2.97,2.63,Pass
3948,1564318,HK161_CO2007_L01,CO2007,-13,False,,7.7,9.5,6.8,,8.6,A,4.0,True,3.5,3.4,Pass
3949,1568915,HK161_CO2007_L01,CO2007,-13,False,,8.3,7.8,9.7,,8.3,B+,3.5,True,3.59,3.66,Pass
3950,1551538,HK161_CO2007_L01,CO2007,-13,False,,8.9,7.0,9.0,,7.8,B,3.0,True,3.12,3.32,Pass
3951,1514845,HK161_CO2007_L01,CO2007,-13,False,,4.8,5.5,4.9,,5.2,D+,1.5,True,1.56,1.28,Pass
3952,1560016,HK161_CO2007_L01,CO2007,-13,False,,7.7,7.7,7.9,,7.7,B,3.0,True,3.37,3.3,Pass
3953,1551412,HK161_CO2007_L01,CO2007,-13,False,,7.8,8.6,7.6,,8.2,B+,3.5,True,3.29,3.44,Pass
3954,1535891,HK161_CO2007_L01,CO2007,-13,False,,7.6,7.7,8.0,,7.7,B,3.0,True,3.26,3.24,Pass
3955,1550610,HK161_CO2007_L01,CO2007,-13,False,,8.8,7.3,7.2,,7.6,B,3.0,True,3.32,3.26,Pass
3956,1502867,HK161_CO2007_L01,CO2007,-13,False,,6.1,5.7,6.5,,5.9,C,2.0,True,2.41,2.47,Pass
3957,1590720,HK161_CO2007_L01,CO2007,-13,False,,6.4,6.2,6.4,,6.3,C,2.0,True,2.09,2.03,Pass
3958,1561239,HK161_CO2007_L01,CO2007,-13,False,,6.4,6.2,5.3,,6.1,C,2.0,True,2.0,1.73,Pass
3959,1594727,HK161_CO2007_L01,CO2007,-13,False,,8.5,8.5,8.9,,8.6,A,4.0,True,3.62,3.48,Pass
3960,1557696,HK161_CO2007_L01,CO2007,-13,False,,6.2,5.6,7.0,,6.0,C,2.0,True,1.82,1.91,Pass
3961,1556937,HK161_CO2007_L01,CO2007,-13,False,,8.1,8.4,6.7,,8.0,B+,3.5,True,3.47,3.6,Pass
3962,1589202,HK161_CO2007_L01,CO2007,-13,False,,7.0,8.9,7.9,,8.3,B+,3.5,True,3.38,3.37,Pass
3963,1521762,HK161_CO2007_L01,CO2007,-13,False,,6.1,8.0,8.9,,7.8,B,3.0,True,3.0,3.25,Pass
3964,1586418,HK161_CO2007_L01,CO2007,-13,False,,7.8,8.0,8.5,,8.1,B+,3.5,True,3.71,3.72,Pass
3965,1563221,HK161_CO2007_L01,CO2007,-13,False,,4.0,4.5,4.8,,4.5,D,1.0,True,1.56,1.49,Pass
3966,1526654,HK161_CO2007_L01,CO2007,-13,False,,8.7,7.3,7.9,,7.7,B,3.0,True,3.09,3.09,Pass
3967,1512525,HK161_CO2007_L01,CO2007,-13,False,,8.3,7.4,7.4,,7.6,B,3.0,True,3.21,3.19,Pass
3968,1529902,HK161_CO2007_L01,CO2007,-13,False,,8.0,8.1,9.0,,8.3,B+,3.5,True,3.44,3.34,Pass
3969,1584900,HK161_CO2007_L01,CO2007,-13,False,,7.5,7.2,7.9,,7.4,B,3.0,True,2.56,2.6,Pass
3970,1566300,HK161_CO2007_L01,CO2007,-13,False,,9.2,7.0,9.2,,7.9,B,3.0,True,3.38,3.39,Pass
3971,1592112,HK161_CO2007_L01,CO2007,-13,False,,7.1,6.7,7.1,,6.9,C+,2.5,True,2.71,2.41,Pass
3972,1571530,HK161_CO2007_L01,CO2007,-13,False,,6.3,7.2,6.9,,7.0,B,3.0,True,2.66,2.75,Pass
3973,1517924,HK161_CO2007_L01,CO2007,-13,False,,7.6,8.0,9.4,,8.2,B+,3.5,True,3.21,3.2,Pass
3974,1501306,HK161_CO2007_L01,CO2007,-13,False,,9.0,8.9,9.4,,9.0,A,4.0,True,3.88,3.89,Pass
3975,1593504,HK161_CO2007_L01,CO2007,-13,False,,7.1,8.1,5.2,,7.3,B,3.0,True,3.09,3.06,Pass
3976,1511935,HK161_CO2007_L01,CO2007,-13,False,,6.5,6.7,6.6,,6.6,C+,2.5,True,2.24,2.26,Pass
3977,1500716,HK161_CO2007_L01,CO2007,-13,False,,9.9,7.4,8.2,,8.1,B+,3.5,True,3.5,3.47,Pass
3978,1513158,HK161_CO2007_L02,CO2007,-13,False,,7.4,8.3,7.5,,8.0,B+,3.5,True,3.5,3.31,Pass
3979,1534035,HK161_CO2007_L02,CO2007,-13,False,,5.5,5.6,6.3,,5.7,C,2.0,True,2.0,1.87,Pass
3980,1575958,HK161_CO2007_L02,CO2007,-13,False,,5.0,5.8,5.7,,5.6,C,2.0,True,1.82,1.75,Pass
3981,1532812,HK161_CO2007_L02,CO2007,-13,False,,8.5,6.9,8.5,,7.5,B,3.0,True,3.5,3.53,Pass
3982,1536819,HK161_CO2007_L02,CO2007,-13,False,,8.4,7.7,7.2,,7.7,B,3.0,True,3.18,3.02,Pass
3983,1519906,HK161_CO2007_L02,CO2007,-13,False,,8.7,8.2,9.1,,8.5,A,4.0,True,3.74,3.59,Pass
3984,1571656,HK161_CO2007_L02,CO2007,-13,False,,5.3,4.9,4.9,,5.0,D+,1.5,True,1.69,1.7,Pass
3985,1512989,HK161_CO2007_L02,CO2007,-13,False,,7.8,6.7,8.2,,7.2,B,3.0,True,3.09,3.1,Pass
3986,1527287,HK161_CO2007_L02,CO2007,-13,False,,7.8,6.7,6.4,,6.9,C+,2.5,True,2.26,2.34,Pass
3987,1548923,HK161_CO2007_L02,CO2007,-13,False,,6.1,7.5,5.9,,6.9,C+,2.5,True,2.5,2.49,Pass
3988,1572289,HK161_CO2007_L02,CO2007,-13,False,,8.3,7.3,6.0,,7.2,B,3.0,True,2.41,2.14,Pass
3989,1570138,HK161_CO2007_L02,CO2007,-13,False,,7.3,6.0,7.3,,6.5,C+,2.5,True,2.76,2.39,Pass
3990,1516068,HK161_CO2007_L02,CO2007,-13,False,,7.9,6.8,8.8,,7.4,B,3.0,True,2.76,2.65,Pass
3991,1540193,HK161_CO2007_L02,CO2007,-13,False,,8.5,7.5,6.7,,7.5,B,3.0,True,3.09,3.1,Pass
3992,1534204,HK161_CO2007_L02,CO2007,-13,False,,8.8,9.2,8.1,,8.9,A,4.0,True,3.24,3.24,Pass
3993,1529733,HK161_CO2007_L02,CO2007,-13,False,,6.0,6.5,5.6,,6.2,C,2.0,True,2.5,2.68,Pass
3994,1564613,HK161_CO2007_L02,CO2007,-13,False,,7.6,7.9,9.3,,8.1,B+,3.5,True,3.32,3.2,Pass
3995,1541247,HK161_CO2007_L02,CO2007,-13,False,,6.8,5.7,5.9,,6.0,C,2.0,True,2.09,2.41,Pass
3996,1574271,HK161_CO2007_L02,CO2007,-13,False,,7.3,8.3,9.3,,8.3,B+,3.5,True,3.03,3.05,Pass
3997,1514676,HK161_CO2007_L02,CO2007,-13,False,,7.6,7.8,8.8,,8.0,B+,3.5,True,3.62,3.37,Pass
3998,1596540,HK161_CO2007_L02,CO2007,-13,False,,9.1,7.8,7.3,,8.0,B+,3.5,True,3.53,3.49,Pass
3999,1580724,HK161_CO2007_L02,CO2007,-13,False,,5.0,4.3,5.5,,4.7,D,1.0,True,1.53,1.54,Pass
4000,1555081,HK161_CO2007_L02,CO2007,-13,False,,8.8,9.3,7.8,,8.9,A,4.0,True,3.74,3.62,Pass
4001,1501475,HK161_CO2007_L02,CO2007,-13,False,,8.6,6.8,8.3,,7.5,B,3.0,True,3.0,3.39,Pass
4002,1541711,HK161_CO2007_L02,CO2007,-13,False,,8.5,8.6,8.2,,8.5,A,4.0,True,3.56,3.43,Pass
4003,1598396,HK161_CO2007_L02,CO2007,-13,False,,6.8,8.0,7.6,,7.7,B,3.0,True,3.15,3.12,Pass
4004,1585026,HK161_CO2007_L02,CO2007,-13,False,,8.9,6.5,7.6,,7.2,B,3.0,True,3.06,3.06,Pass
4005,1509784,HK161_CO2007_L02,CO2007,-13,False,,7.4,7.9,8.1,,7.8,B,3.0,True,3.5,3.14,Pass
4006,1573807,HK161_CO2007_L02,CO2007,-13,False,,6.7,6.3,6.6,,6.4,C+,2.5,True,2.29,2.51,Pass
4007,1556473,HK161_CO2007_L02,CO2007,-13,False,,4.8,4.4,5.1,,4.6,D,1.0,True,1.41,1.51,Pass
4008,1516996,HK161_CO2007_L02,CO2007,-13,False,,7.2,7.9,7.8,,7.7,B,3.0,True,3.21,3.09,Pass
4009,1561829,HK161_CO2007_L02,CO2007,-13,False,,7.0,10.0,8.1,,9.0,A,4.0,True,3.82,3.44,Pass
4010,1557063,HK161_CO2007_L02,CO2007,-13,False,,8.1,6.9,7.4,,7.2,B,3.0,True,3.42,3.35,Pass
4011,1509446,HK161_CO2007_L02,CO2007,-13,False,,8.7,10.0,8.5,,9.4,A,4.0,True,4.0,4.0,Pass
4012,1595022,HK161_CO2007_L02,CO2007,-13,False,,6.7,8.5,7.2,,7.9,B,3.0,True,3.22,3.37,Pass
4013,1500252,HK161_CO2007_L02,CO2007,-13,False,,7.6,6.9,6.1,,6.9,C+,2.5,True,2.37,2.62,Pass
4014,1542934,HK161_CO2007_L02,CO2007,-13,False,,9.3,8.0,6.9,,8.0,B+,3.5,True,3.29,3.33,Pass
4015,1575663,HK161_CO2007_L02,CO2007,-13,False,,9.8,9.5,9.8,,9.6,A+,4.0,True,3.85,3.84,Pass
4016,1571825,HK161_CO2007_L02,CO2007,-13,False,,5.3,3.8,5.6,,4.5,D,1.0,True,1.5,1.51,Pass
4017,1515435,HK161_CO2007_L02,CO2007,-13,False,,7.3,8.0,8.2,,7.9,B,3.0,True,3.09,3.36,Pass
4018,1535132,HK161_CO2007_L02,CO2007,-13,False,,7.2,6.0,7.0,,6.4,C+,2.5,True,2.38,2.59,Pass
4019,1589328,HK161_CO2007_L02,CO2007,-13,False,,8.6,8.2,7.6,,8.2,B+,3.5,True,3.44,3.28,Pass
4020,1531884,HK161_CO2007_L02,CO2007,-13,False,,7.7,6.6,5.4,,6.6,C+,2.5,True,2.76,2.74,Pass
4021,1528510,HK161_CO2007_L02,CO2007,-13,False,,5.5,7.2,7.4,,6.9,C+,2.5,True,2.62,2.5,Pass
4022,1582580,HK161_CO2007_L02,CO2007,-13,False,,7.3,8.0,9.0,,8.1,B+,3.5,True,3.21,3.4,Pass
4023,1576422,HK161_CO2007_L02,CO2007,-13,False,,5.3,6.3,4.7,,5.8,C,2.0,True,1.78,1.85,Pass
4024,1587051,HK161_CO2007_L02,CO2007,-13,False,,8.7,7.2,7.0,,7.5,B,3.0,True,3.0,3.33,Pass
4025,1555840,HK161_CO2007_L02,CO2007,-13,False,,8.3,7.3,9.3,,7.9,B,3.0,True,3.62,3.59,Pass
4026,1507928,HK161_CO2007_L02,CO2007,-13,False,,6.4,6.7,5.7,,6.4,C+,2.5,True,2.84,2.72,Pass
4027,1584267,HK161_CO2007_L02,CO2007,-13,False,,7.0,6.7,6.7,,6.8,C+,2.5,True,2.62,2.4,Pass
4028,1572584,HK161_CO2007_L02,CO2007,-13,False,,6.6,6.5,7.1,,6.6,C+,2.5,True,2.79,2.53,Pass
4029,1584731,HK161_CO2007_L02,CO2007,-13,False,,5.1,6.4,5.4,,5.9,C,2.0,True,2.0,1.89,Pass
4030,1584562,HK161_CO2007_L02,CO2007,-13,False,,6.3,6.9,7.1,,6.8,C+,2.5,True,2.59,2.63,Pass
4031,1579206,HK161_CO2007_L02,CO2007,-13,False,,7.2,7.4,6.6,,7.2,B,3.0,True,2.62,2.78,Pass
4032,1503795,HK161_CO2007_L02,CO2007,-13,False,,6.8,6.6,4.9,,6.3,C,2.0,True,1.81,1.71,Pass
4033,1511133,HK161_CO2007_L02,CO2007,-13,False,,9.5,8.6,8.5,,8.8,A,4.0,True,3.44,3.34,Pass
4034,1543862,HK161_CO2007_L02,CO2007,-13,False,,5.2,5.7,6.5,,5.8,C,2.0,True,1.73,1.68,Pass
4035,1561365,HK161_CO2007_L02,CO2007,-13,False,,7.2,6.6,6.3,,6.7,C+,2.5,True,2.53,2.33,Pass
4036,1514086,HK161_CO2007_L02,CO2007,-13,False,,5.8,7.2,5.5,,6.6,C+,2.5,True,2.62,2.62,Pass
4037,1567987,HK161_CO2007_L02,CO2007,-13,False,,5.2,3.4,5.7,,4.2,D,1.0,True,1.59,1.8,Pass
4038,1542639,HK161_CO2007_L02,CO2007,-13,False,,6.0,7.2,7.8,,7.1,B,3.0,True,3.09,3.1,Pass
4039,1531589,HK161_CO2007_L02,CO2007,-13,False,,8.2,9.2,7.6,,8.7,A,4.0,True,3.62,3.47,Pass
4040,1581821,HK161_CO2007_L02,CO2007,-13,False,,7.4,7.8,7.7,,7.7,B,3.0,True,3.38,3.32,Pass
4041,1553563,HK161_CO2007_L02,CO2007,-13,False,,10.0,9.6,9.7,,9.7,A+,4.0,True,4.0,3.96,Pass
4042,1599155,HK161_CO2007_L02,CO2007,-13,False,,8.4,7.8,7.3,,7.8,B,3.0,True,3.0,3.15,Pass
4043,1538506,HK161_CO2007_L02,CO2007,-13,False,,5.2,6.1,4.8,,5.7,C,2.0,True,1.91,1.93,Pass
4044,1532348,HK161_CO2007_L02,CO2007,-13,False,,5.6,6.2,6.2,,6.1,C,2.0,True,2.09,2.3,Pass
4045,1500842,HK161_CO2007_L02,CO2007,-13,False,,4.5,5.7,6.3,,5.6,C,2.0,True,1.62,1.65,Pass
4046,1565541,HK161_CO2007_L02,CO2007,-13,False,,6.5,6.5,5.9,,6.4,C+,2.5,True,2.38,2.57,Pass
4047,1562926,HK161_CO2007_L02,CO2007,-13,False,,8.0,8.1,8.6,,8.2,B+,3.5,True,3.12,3.4,Pass
4048,1534330,HK161_CO2007_L02,CO2007,-13,False,,8.4,7.8,8.4,,8.0,B+,3.5,True,3.32,3.32,Pass
4049,1559088,HK161_CO2007_L02,CO2007,-13,False,,8.5,8.2,6.2,,7.9,B,3.0,True,3.12,3.24,Pass
4050,1526190,HK161_CO2007_L02,CO2007,-13,False,,7.2,6.1,7.1,,6.5,C+,2.5,True,2.53,2.26,Pass
4051,1569674,HK161_CO2007_L02,CO2007,-13,False,,8.8,8.8,8.2,,8.7,A,4.0,True,3.53,3.58,Pass
4052,1584436,HK161_CO2007_L02,CO2007,-13,False,,7.4,7.3,7.5,,7.4,B,3.0,True,3.18,3.33,Pass
4053,1522057,HK161_CO2007_L02,CO2007,-13,False,,6.8,7.7,7.7,,7.5,B,3.0,True,2.69,2.47,Pass
4054,1525600,HK161_CO2007_L02,CO2007,-13,False,,8.1,7.9,7.2,,7.8,B,3.0,True,3.29,3.13,Pass
4055,1543272,HK161_CO2007_L02,CO2007,-13,False,,8.1,8.4,7.6,,8.2,B+,3.5,True,3.39,3.52,Pass
4056,1586123,HK161_CO2007_L02,CO2007,-13,False,,5.5,5.2,7.3,,5.7,C,2.0,True,2.0,2.03,Pass
4057,1588274,HK161_CO2007_L02,CO2007,-13,False,,6.0,6.2,6.7,,6.3,C,2.0,True,2.16,2.37,Pass
4058,1538337,HK161_CO2007_L02,CO2007,-13,False,,7.7,6.0,6.4,,6.4,C+,2.5,True,2.5,2.44,Pass
4059,1536481,HK161_CO2007_L02,CO2007,-13,False,,5.0,5.7,6.7,,5.8,C,2.0,True,2.0,2.24,Pass
4060,1519611,HK161_CO2007_L02,CO2007,-13,False,,9.2,9.5,8.6,,9.3,A,4.0,True,4.0,3.94,Pass
4061,1533740,HK161_CO2007_L02,CO2007,-13,False,,8.3,7.7,8.3,,7.9,B,3.0,True,3.37,3.32,Pass
4062,1554153,HK161_CO2007_L02,CO2007,-13,False,,4.3,8.4,7.9,,7.5,B,3.0,True,3.09,3.33,Pass
4063,1561703,HK161_CO2007_L02,CO2007,-13,False,,6.1,7.7,7.3,,7.3,B,3.0,True,3.0,2.8,Pass
4064,1591353,HK161_CO2007_L02,CO2007,-13,False,,9.2,5.6,7.0,,6.6,C+,2.5,True,3.0,3.14,Pass
4065,1587641,HK161_CO2007_L02,CO2007,-13,False,,7.4,6.9,7.4,,7.1,B,3.0,True,3.09,3.25,Pass
4066,1570602,HK161_CO2007_L02,CO2007,-13,False,,7.8,8.2,9.2,,8.3,B+,3.5,True,3.59,3.44,Pass
4067,1580260,HK161_CO2007_L02,CO2007,-13,False,,9.1,7.8,10.0,,8.5,A,4.0,True,4.0,3.92,Pass
4068,1536945,HK161_CO2007_L02,CO2007,-13,False,,8.4,7.8,7.2,,7.8,B,3.0,True,3.68,3.72,Pass
4069,1573512,HK161_CO2007_L02,CO2007,-13,False,,8.3,9.1,8.6,,8.8,A,4.0,True,3.34,3.43,Pass
4070,1556304,HK161_CO2007_L02,CO2007,-13,False,,7.8,6.4,5.7,,6.5,C+,2.5,True,2.38,2.39,Pass
4071,1547405,HK161_CO2007_L02,CO2007,-13,False,,7.4,7.5,7.1,,7.4,B,3.0,True,3.29,3.35,Pass
4072,1593166,HK161_CO2007_L02,CO2007,-13,False,,8.5,6.6,8.3,,7.3,B,3.0,True,2.97,2.9,Pass
4073,1525726,HK161_CO2007_L02,CO2007,-13,False,,7.7,8.7,8.4,,8.4,B+,3.5,True,3.53,3.23,Pass
4074,1578278,HK161_CO2007_L02,CO2007,-13,False,,7.2,7.3,7.3,,7.3,B,3.0,True,3.09,3.06,Pass
4075,1512061,HK161_CO2007_L02,CO2007,-13,False,,4.6,4.7,6.4,,5.0,D+,1.5,True,1.76,1.71,Pass
4076,1524377,HK161_CO2007_L02,CO2007,-13,False,,4.1,4.3,6.2,,4.6,D,1.0,True,1.41,1.32,Pass
4077,1532517,HK161_CO2007_L02,CO2007,-13,False,,7.6,7.6,8.2,,7.7,B,3.0,True,3.09,3.28,Pass
4078,1550948,HK161_CO2007_L02,CO2007,-13,False,,7.6,8.3,8.1,,8.1,B+,3.5,True,3.09,3.08,Pass
4079,1595486,HK161_CO2007_L02,CO2007,-13,False,,8.1,7.0,7.8,,7.4,B,3.0,True,3.5,3.34,Pass
4080,1530197,HK161_CO2007_L02,CO2007,-13,False,,8.0,8.5,7.7,,8.2,B+,3.5,True,3.62,3.58,Pass
4081,1592238,HK161_CO2007_L02,CO2007,-13,False,,9.3,9.0,9.0,,9.1,A,4.0,True,3.88,3.96,Pass
4082,1550315,HK161_CO2007_L02,CO2007,-13,False,,6.2,6.3,4.8,,6.0,C,2.0,True,1.78,1.72,Pass
4083,1594263,HK161_CO2007_L02,CO2007,-13,False,,8.6,7.0,7.5,,7.4,B,3.0,True,3.09,3.16,Pass
4084,1506831,HK161_CO2007_L02,CO2007,-13,False,,6.1,6.4,5.5,,6.2,C,2.0,True,2.59,2.45,Pass
4085,1580893,HK161_CO2007_L02,CO2007,-13,False,,5.4,7.8,7.7,,7.3,B,3.0,True,3.12,3.19,Pass
4086,1527877,HK161_CO2007_L02,CO2007,-13,False,,8.5,6.4,6.7,,6.9,C+,2.5,True,2.62,2.69,Pass
4087,1578911,HK161_CO2007_L02,CO2007,-13,False,,8.8,7.2,8.4,,7.8,B,3.0,True,3.18,3.39,Pass
4088,1566764,HK161_CO2007_L02,CO2007,-13,False,,6.9,5.4,6.3,,5.9,C,2.0,True,2.11,1.91,Pass
4089,1539560,HK161_CO2007_L03,CO2007,-13,False,,6.0,7.2,6.1,,6.7,C+,2.5,True,2.5,2.5,Pass
4090,1538801,HK161_CO2007_L03,CO2007,-13,False,,4.8,4.2,4.2,,4.3,D,1.0,True,1.25,1.41,Pass
4091,1524208,HK161_CO2007_L03,CO2007,-13,False,,4.6,5.8,5.7,,5.5,C,2.0,True,1.82,1.77,Pass
4092,1537114,HK161_CO2007_L03,CO2007,-13,False,,7.7,7.7,7.5,,7.7,B,3.0,True,3.26,3.39,Pass
4093,1521298,HK161_CO2007_L03,CO2007,-13,False,,6.2,5.6,7.3,,6.1,C,2.0,True,2.38,2.49,Pass
4094,1547869,HK161_CO2007_L03,CO2007,-13,False,,8.0,8.8,5.8,,8.0,B+,3.5,True,2.91,3.07,Pass
4095,1552171,HK161_CO2007_L03,CO2007,-13,False,,5.4,6.3,6.9,,6.2,C,2.0,True,2.41,2.38,Pass
4096,1524503,HK161_CO2007_L03,CO2007,-13,False,,4.7,7.9,5.3,,6.7,C+,2.5,True,1.68,1.56,Pass
4097,1532643,HK161_CO2007_L03,CO2007,-13,False,,7.0,8.5,8.1,,8.1,B+,3.5,True,3.62,3.54,Pass
4098,1566595,HK161_CO2007_L03,CO2007,-13,False,,6.1,5.7,7.1,,6.1,C,2.0,True,2.32,2.46,Pass
4099,1528215,HK161_CO2007_L03,CO2007,-13,False,,7.7,7.0,6.9,,7.1,B,3.0,True,2.82,2.75,Pass
4100,1544326,HK161_CO2007_L03,CO2007,-13,False,,7.6,7.4,8.9,,7.7,B,3.0,True,3.08,3.19,Pass
4101,1589033,HK161_CO2007_L03,CO2007,-13,False,,8.0,8.1,7.5,,8.0,B+,3.5,True,3.62,3.23,Pass
4102,1558624,HK161_CO2007_L03,CO2007,-13,False,,8.8,10.0,7.5,,9.3,A,4.0,True,4.0,3.97,Pass
4103,1584098,HK161_CO2007_L03,CO2007,-13,False,,9.0,9.5,8.2,,9.1,A,4.0,True,3.79,3.55,Pass
4104,1578447,HK161_CO2007_L03,CO2007,-13,False,,8.1,6.1,6.3,,6.5,C+,2.5,True,2.59,2.78,Pass
4105,1504554,HK161_CO2007_L03,CO2007,-13,False,,5.3,9.3,9.3,,8.5,A,4.0,True,3.74,3.8,Pass
4106,1550779,HK161_CO2007_L03,CO2007,-13,False,,6.7,7.1,7.0,,7.0,B,3.0,True,2.44,2.26,Pass
4107,1504849,HK161_CO2007_L03,CO2007,-13,False,,6.8,7.2,7.3,,7.1,B,3.0,True,2.82,2.91,Pass
4108,1590425,HK161_CO2007_L03,CO2007,-13,False,,7.6,8.5,7.4,,8.1,B+,3.5,True,3.24,3.16,Pass
4109,1593630,HK161_CO2007_L03,CO2007,-13,False,,7.7,8.1,9.7,,8.3,B+,3.5,True,3.53,3.39,Pass
4110,1537873,HK161_CO2007_L03,CO2007,-13,False,,3.0,6.8,5.1,,5.7,C,2.0,True,1.69,1.73,Pass
4111,1505777,HK161_CO2007_L03,CO2007,-13,False,,6.2,6.1,7.3,,6.4,C+,2.5,True,2.32,2.41,Pass
4112,1585954,HK161_CO2007_L03,CO2007,-13,False,,7.4,8.6,8.5,,8.3,B+,3.5,True,3.12,3.19,Pass
4113,1530028,HK161_CO2007_L03,CO2007,-13,False,,8.5,8.3,8.2,,8.3,B+,3.5,True,3.5,3.28,Pass
4114,1540657,HK161_CO2007_L03,CO2007,-13,False,,7.0,6.0,5.6,,6.1,C,2.0,True,2.37,2.3,Pass
4115,1597173,HK161_CO2007_L03,CO2007,-13,False,,7.7,6.2,6.9,,6.6,C+,2.5,True,2.16,2.23,Pass
4116,1594094,HK161_CO2007_L03,CO2007,-13,False,,6.6,6.0,6.1,,6.1,C,2.0,True,1.53,1.4,Pass
4117,1560142,HK161_CO2007_L03,CO2007,-13,False,,5.7,9.5,5.6,,8.0,B+,3.5,True,2.65,2.56,Pass
4118,1514381,HK161_CO2007_L03,CO2007,-13,False,,7.5,7.9,8.3,,7.9,B,3.0,True,3.5,3.4,Pass
4119,1540488,HK161_CO2007_L03,CO2007,-13,False,,8.4,6.9,6.5,,7.1,B,3.0,True,3.47,3.53,Pass
4120,1509320,HK161_CO2007_L03,CO2007,-13,False,,7.5,7.8,9.1,,8.0,B+,3.5,True,3.44,3.4,Pass
4121,1598860,HK161_CO2007_L03,CO2007,-13,False,,7.8,7.7,7.5,,7.7,B,3.0,True,3.18,3.37,Pass
4122,1558455,HK161_CO2007_L03,CO2007,-13,False,,7.6,7.7,6.6,,7.5,B,3.0,True,2.82,2.69,Pass
4123,1579670,HK161_CO2007_L03,CO2007,-13,False,,7.9,7.1,8.1,,7.5,B,3.0,True,3.59,3.6,Pass
4124,1576760,HK161_CO2007_L03,CO2007,-13,False,,7.7,6.7,8.1,,7.2,B,3.0,True,3.29,3.38,Pass
4125,1557232,HK161_CO2007_L03,CO2007,-13,False,,5.2,5.5,5.3,,5.4,D+,1.5,True,1.53,1.64,Pass
4126,1593335,HK161_CO2007_L03,CO2007,-13,False,,7.3,8.4,7.1,,7.9,B,3.0,True,3.29,3.35,Pass
4127,1515604,HK161_CO2007_L03,CO2007,-13,False,,7.0,7.7,7.0,,7.4,B,3.0,True,2.74,2.68,Pass
4128,1585659,HK161_CO2007_L03,CO2007,-13,False,,6.0,9.3,7.0,,8.2,B+,3.5,True,2.65,2.4,Pass
4129,1520201,HK161_CO2007_L03,CO2007,-13,False,,6.0,6.7,5.9,,6.4,C+,2.5,True,2.41,2.46,Pass
4130,1509151,HK161_CO2007_L03,CO2007,-13,False,,8.5,9.1,10.0,,9.2,A,4.0,True,3.53,3.35,Pass
4131,1549092,HK161_CO2007_L03,CO2007,-13,False,,8.8,7.4,7.2,,7.6,B,3.0,True,3.18,3.19,Pass
4132,1544790,HK161_CO2007_L03,CO2007,-13,False,,4.1,4.9,4.9,,4.7,D,1.0,True,1.81,1.92,Pass
4133,1544495,HK161_CO2007_L03,CO2007,-13,False,,8.0,5.3,7.9,,6.4,C+,2.5,True,2.5,2.62,Pass
4134,1546182,HK161_CO2007_L03,CO2007,-13,False,,8.2,9.5,6.5,,8.6,A,4.0,True,3.47,3.18,Pass
4135,1543567,HK161_CO2007_L03,CO2007,-13,False,,7.6,7.8,7.9,,7.8,B,3.0,True,3.26,3.27,Pass
4136,1569210,HK161_CO2007_L03,CO2007,-13,False,,6.0,6.6,6.0,,6.4,C+,2.5,True,2.5,2.56,Pass
4137,1516237,HK161_CO2007_L03,CO2007,-13,False,,9.0,8.3,8.7,,8.5,A,4.0,True,3.53,3.56,Pass
4138,1549556,HK161_CO2007_L03,CO2007,-13,False,,8.0,9.0,7.6,,8.5,A,4.0,True,3.32,3.24,Pass
4139,1545423,HK161_CO2007_L03,CO2007,-13,False,,6.4,7.7,8.5,,7.6,B,3.0,True,2.91,2.79,Pass
4140,1588105,HK161_CO2007_L03,CO2007,-13,False,,6.4,5.0,4.5,,5.2,D+,1.5,True,1.79,1.81,Pass
4141,1547574,HK161_CO2007_L03,CO2007,-13,False,,4.3,5.2,4.8,,4.9,D,1.0,True,1.71,1.42,Pass
4142,1534668,HK161_CO2007_L03,CO2007,-13,False,,6.9,6.8,5.0,,6.5,C+,2.5,True,2.53,2.38,Pass
4143,1509910,HK161_CO2007_L03,CO2007,-13,False,,7.3,8.4,6.0,,7.7,B,3.0,True,2.82,2.74,Pass
4144,1518050,HK161_CO2007_L03,CO2007,-13,False,,8.1,9.4,8.2,,8.9,A,4.0,True,3.59,3.45,Pass
4145,1534794,HK161_CO2007_L03,CO2007,-13,False,,8.6,8.8,8.7,,8.7,A,4.0,True,3.82,3.68,Pass
4146,1528046,HK161_CO2007_L03,CO2007,-13,False,,6.6,7.2,9.7,,7.6,B,3.0,True,3.12,3.3,Pass
4147,1573681,HK161_CO2007_L03,CO2007,-13,False,,6.3,5.9,6.9,,6.2,C,2.0,True,2.09,2.29,Pass
4148,1507169,HK161_CO2007_L03,CO2007,-13,False,,6.8,5.8,7.0,,6.2,C,2.0,True,2.29,2.34,Pass
4149,1505018,HK161_CO2007_L03,CO2007,-13,False,,8.4,8.4,7.8,,8.3,B+,3.5,True,3.21,3.13,Pass
4150,1563980,HK161_CO2007_L03,CO2007,-13,False,,8.9,9.6,10.0,,9.5,A+,4.0,True,4.0,4.0,Pass
4151,1565372,HK161_CO2007_L03,CO2007,-13,False,,6.3,7.1,6.5,,6.8,C+,2.5,True,2.62,2.43,Pass
4152,1575832,HK161_CO2007_L03,CO2007,-13,False,,8.9,7.9,9.4,,8.4,B+,3.5,True,3.47,3.5,Pass
4153,1520370,HK161_CO2007_L03,CO2007,-13,False,,8.1,8.2,7.7,,8.1,B+,3.5,True,3.5,3.32,Pass
4154,1533571,HK161_CO2007_L03,CO2007,-13,False,,4.5,4.2,5.0,,4.4,D,1.0,True,1.21,1.49,Pass
4155,1518219,HK161_CO2007_L03,CO2007,-13,False,,8.0,8.5,6.8,,8.1,B+,3.5,True,3.53,3.46,Pass
4156,1513453,HK161_CO2007_L03,CO2007,-13,False,,5.3,6.1,6.1,,5.9,C,2.0,True,1.97,1.68,Pass
4157,1508856,HK161_CO2007_L03,CO2007,-13,False,,9.5,7.5,8.2,,8.0,B+,3.5,True,3.39,3.39,Pass
4158,1529269,HK161_CO2007_L03,CO2007,-13,False,,7.2,5.3,6.1,,5.8,C,2.0,True,1.82,1.77,Pass
4159,1526528,HK161_CO2007_L03,CO2007,-13,False,,5.2,5.4,5.3,,5.3,D+,1.5,True,1.5,1.8,Pass
4160,1507464,HK161_CO2007_L03,CO2007,-13,False,,4.0,7.0,6.3,,6.3,C,2.0,True,2.25,1.92,Pass
4161,1557865,HK161_CO2007_L03,CO2007,-13,False,,7.8,6.9,5.0,,6.7,C+,2.5,True,2.62,2.45,Pass
4162,1513622,HK161_CO2007_L03,CO2007,-13,False,,9.7,9.6,9.9,,9.7,A+,4.0,True,3.9,3.94,Pass
4163,1534963,HK161_CO2007_L03,CO2007,-13,False,,6.8,6.0,6.4,,6.2,C,2.0,True,2.26,2.43,Pass
4164,1542470,HK161_CO2007_L03,CO2007,-13,False,,6.7,7.4,7.5,,7.3,B,3.0,True,3.12,3.1,Pass
4165,1590551,HK161_CO2007_L03,CO2007,-13,False,,6.3,5.5,8.0,,6.2,C,2.0,True,2.53,2.5,Pass
4166,1574145,HK161_CO2007_L03,CO2007,-13,False,,5.4,8.9,5.6,,7.5,B,3.0,True,2.12,2.01,Pass
4167,1524967,HK161_CO2007_L03,CO2007,-13,False,,8.3,7.9,7.1,,7.8,B,3.0,True,3.0,3.28,Pass
4168,1508097,HK161_CO2007_L03,CO2007,-13,False,,6.6,8.3,7.6,,7.8,B,3.0,True,3.09,3.07,Pass
4169,1531420,HK161_CO2007_L03,CO2007,-13,False,,7.3,8.1,8.1,,7.9,B,3.0,True,3.15,3.24,Pass
4170,1583508,HK161_CO2007_L03,CO2007,-13,False,,6.3,7.5,7.2,,7.2,B,3.0,True,2.24,2.35,Pass
4171,1567354,HK161_CO2007_L03,CO2007,-13,False,,8.3,8.9,8.8,,8.8,A,4.0,True,3.5,3.42,Pass
4172,1522521,HK161_CO2007_L03,CO2007,-13,False,,8.0,7.8,9.0,,8.1,B+,3.5,True,3.41,3.49,Pass
4173,1562293,HK161_CO2007_L03,CO2007,-13,False,,7.7,7.5,7.9,,7.6,B,3.0,True,3.38,3.28,Pass
4174,1546646,HK161_CO2007_L03,CO2007,-13,False,,8.2,7.4,7.7,,7.6,B,3.0,True,3.0,3.18,Pass
4175,1553099,HK161_CO2007_L03,CO2007,-13,False,,7.6,7.4,7.9,,7.5,B,3.0,True,3.08,3.28,Pass
4176,1505608,HK161_CO2007_L03,CO2007,-13,False,,8.4,6.7,7.9,,7.3,B,3.0,True,2.47,2.7,Pass
4177,1549851,HK161_CO2007_L03,CO2007,-13,False,,8.3,8.9,8.0,,8.6,A,4.0,True,3.5,3.46,Pass
4178,1513748,HK161_CO2007_L03,CO2007,-13,False,,7.4,10.0,7.9,,9.1,A,4.0,True,3.65,3.38,Pass
4179,1505313,HK161_CO2007_L03,CO2007,-13,False,,8.1,7.8,6.5,,7.6,B,3.0,True,3.24,3.41,Pass
4180,1538168,HK161_CO2007_L03,CO2007,-13,False,,6.0,7.1,6.6,,6.8,C+,2.5,True,2.45,2.41,Pass
4181,1598101,HK161_CO2007_L03,CO2007,-13,False,,6.5,5.9,5.7,,6.0,C,2.0,True,1.79,1.77,Pass
4182,1540319,HK161_CO2007_L03,CO2007,-13,False,,6.5,7.2,7.3,,7.1,B,3.0,True,3.38,3.17,Pass
4183,1583972,HK161_CO2007_L03,CO2007,-13,False,,5.9,6.3,5.7,,6.1,C,2.0,True,2.09,2.13,Pass
4184,1520075,HK161_CO2007_L03,CO2007,-13,False,,4.5,5.6,6.7,,5.6,C,2.0,True,2.18,2.35,Pass
4185,1595191,HK161_CO2007_L03,CO2007,-13,False,,6.3,8.1,6.7,,7.5,B,3.0,True,2.62,2.51,Pass
4186,1569379,HK161_CO2007_L03,CO2007,-13,False,,9.8,8.3,10.0,,8.9,A,4.0,True,3.56,3.38,Pass
4187,1511471,HK161_CO2007_L03,CO2007,-13,False,,5.8,7.0,8.2,,7.0,B,3.0,True,3.0,3.13,Pass
4188,1523280,HK161_CO2007_L03,CO2007,-13,False,,9.3,7.6,7.8,,8.0,B+,3.5,True,3.5,3.39,Pass
4189,1582875,HK161_CO2007_L03,CO2007,-13,False,,7.6,8.2,7.0,,7.8,B,3.0,True,3.18,3.36,Pass
4190,1523744,HK161_CO2007_L03,CO2007,-13,False,,6.7,4.0,7.3,,5.2,D+,1.5,True,2.35,2.34,Pass
4191,1542175,HK161_CO2007_L03,CO2007,-13,False,,9.4,7.5,8.8,,8.1,B+,3.5,True,3.47,3.42,Pass
4192,1525431,HK161_CO2007_L03,CO2007,-13,False,,9.2,8.4,7.2,,8.3,B+,3.5,True,3.41,3.35,Pass
4193,1518978,HK161_CO2007_L03,CO2007,-13,False,,4.5,6.9,5.6,,6.2,C,2.0,True,2.18,1.91,Pass
4194,1556768,HK161_CO2007_L03,CO2007,-13,False,,7.7,7.1,8.8,,7.6,B,3.0,True,3.09,3.45,Pass
4195,1577645,HK161_CO2007_L03,CO2007,-13,False,,8.8,9.5,10.0,,9.5,A+,4.0,True,4.0,4.0,Pass
4196,1542808,HK161_CO2007_L03,CO2007,-13,False,,7.8,7.1,6.8,,7.2,B,3.0,True,2.62,2.67,Pass
4197,1544959,HK161_CO2007_L03,CO2007,-13,False,,8.1,7.2,8.3,,7.6,B,3.0,True,3.47,3.29,Pass
4198,1545549,HK161_CO2007_L03,CO2007,-13,False,,7.9,7.2,7.7,,7.4,B,3.0,True,3.06,3.26,Pass
4199,1586249,HK161_CO2007_L03,CO2007,-13,False,,7.3,9.3,8.1,,8.7,A,4.0,True,3.65,3.57,Pass
4200,1507633,HK161_CO2007_L04,CO2007,-13,False,,8.3,8.9,8.6,,8.7,A,4.0,True,3.71,3.4,Pass
4201,1578742,HK161_CO2007_L04,CO2007,-13,False,,7.2,8.7,8.7,,8.4,B+,3.5,True,3.38,3.45,Pass
4202,1555545,HK161_CO2007_L04,CO2007,-13,False,,7.9,8.6,7.4,,8.2,B+,3.5,True,3.12,3.16,Pass
4203,1512230,HK161_CO2007_L04,CO2007,-13,False,,6.4,7.3,5.8,,6.8,C+,2.5,True,2.44,2.49,Pass
4204,1539265,HK161_CO2007_L04,CO2007,-13,False,,7.1,7.2,8.1,,7.4,B,3.0,True,3.34,3.09,Pass
4205,1592871,HK161_CO2007_L04,CO2007,-13,False,,7.9,9.2,9.1,,8.9,A,4.0,True,3.31,3.39,Pass
4206,1552635,HK161_CO2007_L04,CO2007,-13,False,,6.4,7.7,6.0,,7.1,B,3.0,True,2.62,2.3,Pass
4207,1530492,HK161_CO2007_L04,CO2007,-13,False,,7.4,8.3,8.4,,8.1,B+,3.5,True,3.76,3.49,Pass
4208,1516532,HK161_CO2007_L04,CO2007,-13,False,,8.5,7.6,8.7,,8.0,B+,3.5,True,3.79,3.74,Pass
4209,1552761,HK161_CO2007_L04,CO2007,-13,False,,5.7,7.5,7.1,,7.1,B,3.0,True,2.76,2.6,Pass
4210,1542344,HK161_CO2007_L04,CO2007,-13,False,,7.9,8.1,8.3,,8.1,B+,3.5,True,3.12,3.12,Pass
4211,1532981,HK161_CO2007_L04,CO2007,-13,False,,6.7,6.9,6.6,,6.8,C+,2.5,True,2.32,2.23,Pass
4212,1508687,HK161_CO2007_L04,CO2007,-13,False,,9.7,8.1,7.5,,8.3,B+,3.5,True,3.21,3.17,Pass
4213,1559552,HK161_CO2007_L04,CO2007,-13,False,,5.7,5.4,6.4,,5.7,C,2.0,True,2.5,2.45,Pass
4214,1552930,HK161_CO2007_L04,CO2007,-13,False,,7.4,6.4,6.5,,6.6,C+,2.5,True,2.22,2.14,Pass
4215,1515140,HK161_CO2007_L04,CO2007,-13,False,,5.8,5.9,5.3,,5.8,C,2.0,True,1.72,1.67,Pass
4216,1511007,HK161_CO2007_L04,CO2007,-13,False,,5.8,4.7,5.6,,5.1,D+,1.5,True,1.59,1.68,Pass
4217,1597342,HK161_CO2007_L04,CO2007,-13,False,,6.4,5.1,6.8,,5.7,C,2.0,True,2.18,2.24,Pass
4218,1577350,HK161_CO2007_L04,CO2007,-13,False,,5.6,8.5,6.8,,7.6,B,3.0,True,3.12,3.12,Pass
4219,1577983,HK161_CO2007_L04,CO2007,-13,False,,5.6,5.8,6.5,,5.9,C,2.0,True,2.25,2.34,Pass
4220,1575368,HK161_CO2007_L04,CO2007,-13,False,,5.0,6.1,5.8,,5.8,C,2.0,True,1.94,1.71,Pass
4221,1567692,HK161_CO2007_L04,CO2007,-13,False,,7.6,6.6,6.5,,6.8,C+,2.5,True,2.79,2.62,Pass
4222,1557401,HK161_CO2007_L04,CO2007,-13,False,,7.3,7.4,8.4,,7.6,B,3.0,True,3.09,2.96,Pass
4223,1559383,HK161_CO2007_L04,CO2007,-13,False,,8.4,7.2,6.2,,7.2,B,3.0,True,3.18,3.32,Pass
4224,1538970,HK161_CO2007_L04,CO2007,-13,False,,6.2,4.9,7.5,,5.7,C,2.0,True,2.47,2.38,Pass
4225,1504090,HK161_CO2007_L04,CO2007,-13,False,,8.2,8.3,7.9,,8.2,B+,3.5,True,3.12,3.05,Pass
4226,1506241,HK161_CO2007_L04,CO2007,-13,False,,8.0,8.2,7.3,,8.0,B+,3.5,True,3.41,3.19,Pass
4227,1596245,HK161_CO2007_L04,CO2007,-13,False,,6.0,5.8,5.0,,5.7,C,2.0,True,1.84,1.78,Pass
4228,1597637,HK161_CO2007_L04,CO2007,-13,False,,5.8,5.6,6.6,,5.8,C,2.0,True,2.03,1.65,Pass
4229,1571361,HK161_CO2007_L04,CO2007,-13,False,,7.0,7.4,6.7,,7.2,B,3.0,True,3.0,2.8,Pass
4230,1592576,HK161_CO2007_L04,CO2007,-13,False,,7.3,6.4,6.7,,6.6,C+,2.5,True,2.59,2.43,Pass
4231,1528679,HK161_CO2007_L04,CO2007,-13,False,,7.6,7.2,8.2,,7.5,B,3.0,True,3.12,3.23,Pass
4232,1581188,HK161_CO2007_L04,CO2007,-13,False,,6.7,6.7,6.7,,6.7,C+,2.5,True,3.35,3.28,Pass
4233,1507759,HK161_CO2007_L04,CO2007,-13,False,,8.2,9.2,8.3,,8.8,A,4.0,True,4.0,3.94,Pass
4234,1565077,HK161_CO2007_L04,CO2007,-13,False,,6.2,6.7,6.6,,6.6,C+,2.5,True,2.68,2.6,Pass
4235,1546941,HK161_CO2007_L04,CO2007,-13,False,,6.6,5.9,6.4,,6.1,C,2.0,True,2.5,2.54,Pass
4236,1576591,HK161_CO2007_L04,CO2007,-13,False,,5.5,5.8,5.2,,5.6,C,2.0,True,2.0,1.77,Pass
4237,1597004,HK161_CO2007_L04,CO2007,-13,False,,7.2,6.0,5.9,,6.2,C,2.0,True,2.29,2.32,Pass
4238,1574440,HK161_CO2007_L04,CO2007,-13,False,,7.4,8.2,8.1,,8.0,B+,3.5,True,3.18,3.21,Pass
4239,1527118,HK161_CO2007_L04,CO2007,-13,False,,7.7,6.2,7.6,,6.8,C+,2.5,True,3.15,3.24,Pass
4240,1581357,HK161_CO2007_L04,CO2007,-13,False,,8.3,8.8,7.8,,8.5,A,4.0,True,3.56,3.39,Pass
4241,1513284,HK161_CO2007_L04,CO2007,-13,False,,7.4,7.7,7.4,,7.6,B,3.0,True,3.24,3.13,Pass
4242,1547700,HK161_CO2007_L04,CO2007,-13,False,,7.3,7.3,7.1,,7.3,B,3.0,True,3.12,3.31,Pass
4243,1526823,HK161_CO2007_L04,CO2007,-13,False,,5.4,6.3,5.6,,6.0,C,2.0,True,1.63,1.85,Pass
4244,1595317,HK161_CO2007_L04,CO2007,-13,False,,10.0,9.9,10.0,,9.9,A+,4.0,True,3.85,3.9,Pass
4245,1509615,HK161_CO2007_L04,CO2007,-13,False,,10.0,8.9,9.6,,9.3,A,4.0,True,4.0,3.86,Pass
4246,1527582,HK161_CO2007_L04,CO2007,-13,False,,6.9,6.6,6.2,,6.6,C+,2.5,True,2.53,2.59,Pass
4247,1557991,HK161_CO2007_L04,CO2007,-13,False,,6.8,5.9,5.6,,6.0,C,2.0,True,2.32,2.37,Pass
4248,1565667,HK161_CO2007_L04,CO2007,-13,False,,8.3,8.9,6.9,,8.4,B+,3.5,True,3.29,3.41,Pass
4249,1536186,HK161_CO2007_L04,CO2007,-13,False,,5.3,5.9,6.3,,5.9,C,2.0,True,2.05,1.98,Pass
4250,1582116,HK161_CO2007_L04,CO2007,-13,False,,8.4,10.0,7.8,,9.2,A,4.0,True,3.41,3.31,Pass
4251,1548628,HK161_CO2007_L04,CO2007,-13,False,,6.0,5.5,5.9,,5.7,C,2.0,True,2.76,2.7,Pass
4252,1579796,HK161_CO2007_L04,CO2007,-13,False,,7.9,8.0,7.5,,7.9,B,3.0,True,3.21,3.24,Pass
4253,1550484,HK161_CO2007_L04,CO2007,-13,False,,8.5,8.6,8.0,,8.5,A,4.0,True,3.41,3.28,Pass
4254,1545085,HK161_CO2007_L04,CO2007,-13,False,,8.4,8.8,8.4,,8.6,A,4.0,True,3.82,3.71,Pass
4255,1566131,HK161_CO2007_L04,CO2007,-13,False,,6.8,6.5,8.0,,6.9,C+,2.5,True,2.71,2.55,Pass
4256,1578573,HK161_CO2007_L04,CO2007,-13,False,,6.8,8.3,6.6,,7.7,B,3.0,True,2.65,2.54,Pass
4257,1524039,HK161_CO2007_L04,CO2007,-13,False,,6.1,6.2,7.0,,6.3,C,2.0,True,2.69,2.73,Pass
4258,1541416,HK161_CO2007_L04,CO2007,-13,False,,7.7,8.0,7.5,,7.8,B,3.0,True,3.29,3.22,Pass
4259,1505482,HK161_CO2007_L04,CO2007,-13,False,,7.6,5.9,7.7,,6.6,C+,2.5,True,2.45,2.53,Pass
4260,1530366,HK161_CO2007_L04,CO2007,-13,False,,7.5,7.9,9.8,,8.2,B+,3.5,True,3.53,3.47,Pass
4261,1550020,HK161_CO2007_L04,CO2007,-13,False,,4.4,5.3,5.7,,5.2,D+,1.5,True,1.79,1.65,Pass
4262,1576886,HK161_CO2007_L04,CO2007,-13,False,,6.7,6.3,7.4,,6.6,C+,2.5,True,2.44,2.54,Pass
4263,1573048,HK161_CO2007_L04,CO2007,-13,False,,7.7,7.4,8.3,,7.6,B,3.0,True,3.18,3.34,Pass
4264,1590256,HK161_CO2007_L04,CO2007,-13,False,,8.0,6.4,8.3,,7.1,B,3.0,True,3.29,3.33,Pass
4265,1592407,HK161_CO2007_L04,CO2007,-13,False,,7.1,5.9,6.1,,6.2,C,2.0,True,2.44,2.44,Pass
4266,1586713,HK161_CO2007_L04,CO2007,-13,False,,9.2,8.1,8.5,,8.4,B+,3.5,True,3.56,3.52,Pass
4267,1502993,HK161_CO2007_L04,CO2007,-13,False,,5.6,7.3,6.6,,6.8,C+,2.5,True,2.53,2.7,Pass
4268,1570433,HK161_CO2007_L04,CO2007,-13,False,,7.3,8.1,6.0,,7.5,B,3.0,True,2.82,2.62,Pass
4269,1518514,HK161_CO2007_L04,CO2007,-13,False,,6.8,5.4,8.9,,6.4,C+,2.5,True,2.71,2.46,Pass
4270,1538632,HK161_CO2007_L04,CO2007,-13,False,,6.5,7.1,7.5,,7.1,B,3.0,True,2.91,2.75,Pass
4271,1555714,HK161_CO2007_L04,CO2007,-13,False,,8.8,8.4,7.9,,8.4,B+,3.5,True,3.44,3.42,Pass
4272,1554786,HK161_CO2007_L04,CO2007,-13,False,,6.3,6.1,5.6,,6.0,C,2.0,True,2.41,2.68,Pass
4273,1524672,HK161_CO2007_L04,CO2007,-13,False,,5.4,6.9,6.8,,6.6,C+,2.5,True,2.5,2.38,Pass
4274,1582749,HK161_CO2007_L04,CO2007,-13,False,,4.3,4.9,7.2,,5.2,D+,1.5,True,2.35,2.38,Pass
4275,1515309,HK161_CO2007_L04,CO2007,-13,False,,4.9,6.0,5.9,,5.8,C,2.0,True,2.06,2.23,Pass
4276,1540783,HK161_CO2007_L04,CO2007,-13,False,,5.1,5.8,4.9,,5.5,C,2.0,True,1.88,1.68,Pass
4277,1532053,HK161_CO2007_L04,CO2007,-13,False,,5.5,6.9,5.6,,6.4,C+,2.5,True,2.47,2.43,Pass
4278,1534499,HK161_CO2007_L04,CO2007,-13,False,,7.1,7.7,7.7,,7.6,B,3.0,True,3.5,3.34,Pass
4279,1532179,HK161_CO2007_L04,CO2007,-13,False,,8.3,9.0,7.7,,8.6,A,4.0,True,3.32,3.33,Pass
4280,1503921,HK161_CO2007_L04,CO2007,-13,False,,6.0,4.6,6.0,,5.2,D+,1.5,True,1.88,1.77,Pass
4281,1541121,HK161_CO2007_L04,CO2007,-13,False,,8.1,7.9,8.0,,8.0,B+,3.5,True,3.71,3.57,Pass
4282,1574735,HK161_CO2007_L04,CO2007,-13,False,,7.1,8.3,7.0,,7.8,B,3.0,True,2.82,2.67,Pass
4283,1566005,HK161_CO2007_L04,CO2007,-13,False,,8.9,7.5,8.1,,7.9,B,3.0,True,3.29,3.51,Pass
4284,1559847,HK161_CO2007_L04,CO2007,-13,False,,6.7,3.9,6.7,,5.0,D+,1.5,True,2.18,2.31,Pass
4285,1514212,HK161_CO2007_L04,CO2007,-13,False,,8.1,8.8,6.4,,8.2,B+,3.5,True,3.68,3.28,Pass
4286,1523575,HK161_CO2007_L04,CO2007,-13,False,,7.3,7.4,8.7,,7.6,B,3.0,True,2.71,2.53,Pass
4287,1522352,HK161_CO2007_L04,CO2007,-13,False,,9.2,9.0,8.0,,8.8,A,4.0,True,3.47,3.4,Pass
4288,1510079,HK161_CO2007_L04,CO2007,-13,False,,6.4,6.5,6.6,,6.5,C+,2.5,True,2.65,2.33,Pass
4289,1555250,HK161_CO2007_L04,CO2007,-13,False,,9.2,9.1,9.8,,9.3,A,4.0,True,3.65,3.52,Pass
4290,1507000,HK161_CO2007_L04,CO2007,-13,False,,8.4,8.3,8.6,,8.4,B+,3.5,True,3.5,3.29,Pass
4291,1569505,HK161_CO2007_L04,CO2007,-13,False,,7.8,7.2,6.7,,7.2,B,3.0,True,2.68,2.55,Pass
4292,1589497,HK161_CO2007_L04,CO2007,-13,False,,8.5,8.7,8.7,,8.7,A,4.0,True,3.5,3.45,Pass
4293,1588400,HK161_CO2007_L04,CO2007,-13,False,,7.1,7.9,8.4,,7.8,B,3.0,True,3.41,3.27,Pass
4294,1519442,HK161_CO2007_L04,CO2007,-13,False,,7.7,7.1,4.8,,6.8,C+,2.5,True,2.72,2.56,Pass
4295,1520539,HK161_CO2007_L04,CO2007,-13,False,,6.7,6.1,6.7,,6.3,C,2.0,True,2.29,2.3,Pass
4296,1591479,HK161_CO2007_L04,CO2007,-13,False,,8.7,9.0,8.9,,8.9,A,4.0,True,3.88,3.76,Pass
4297,1508392,HK161_CO2007_L04,CO2007,-13,False,,6.9,5.5,5.4,,5.8,C,2.0,True,2.0,2.24,Pass
4298,1535722,HK161_CO2007_L04,CO2007,-13,False,,7.9,6.5,7.0,,6.9,C+,2.5,True,2.29,2.15,Pass
4299,1595781,HK161_CO2007_L04,CO2007,-13,False,,8.6,8.5,8.8,,8.6,A,4.0,True,3.5,3.52,Pass
4300,1574904,HK161_CO2007_L04,CO2007,-13,False,,8.2,6.0,6.1,,6.5,C+,2.5,True,2.71,2.52,Pass
4301,1587177,HK161_CO2007_L04,CO2007,-13,False,,7.2,7.4,5.9,,7.1,B,3.0,True,2.91,2.8,Pass
4302,1597932,HK161_CO2007_L04,CO2007,-13,False,,8.5,8.3,8.2,,8.3,B+,3.5,True,3.5,3.41,Pass
4303,1540952,HK161_CO2007_L04,CO2007,-13,False,,6.5,5.5,6.0,,5.8,C,2.0,True,1.62,1.57,Pass
4304,1569843,HK161_CO2007_L04,CO2007,-13,False,,9.0,8.3,7.3,,8.2,B+,3.5,True,3.53,3.54,Pass
4305,1564908,HK161_CO2007_L04,CO2007,-13,False,,7.4,7.1,7.1,,7.2,B,3.0,True,2.62,2.7,Pass
4306,1503162,HK161_CO2007_L04,CO2007,-13,False,,7.9,7.7,8.1,,7.8,B,3.0,True,3.35,3.3,Pass
4307,1583339,HK161_CO2007_L04,CO2007,-13,False,,6.6,5.8,7.4,,6.3,C,2.0,True,2.35,2.43,Pass
4308,1510374,HK161_CO2007_L04,CO2007,-13,False,,8.5,9.5,9.3,,9.3,A,4.0,True,4.0,4.0,Pass
4309,1582411,HK161_CO2007_L04,CO2007,-13,False,,6.4,6.2,6.0,,6.2,C,2.0,True,2.0,2.18,Pass
4310,1548164,HK161_CO2007_L04,CO2007,-13,False,,8.9,7.1,7.7,,7.6,B,3.0,True,3.41,3.51,Pass
4311,1531125,HK161_CO2007_L05,CO2007,-13,False,,8.5,7.5,8.4,,7.9,B,3.0,True,3.09,3.3,Pass
4312,1502698,HK161_CO2007_L05,CO2007,-13,False,,3.9,7.3,7.6,,6.7,C+,2.5,True,3.47,3.34,Pass
4313,1598691,HK161_CO2007_L05,CO2007,-13,False,,7.5,6.4,5.9,,6.5,C+,2.5,True,2.53,2.34,Pass
4314,1522985,HK161_CO2007_L05,CO2007,-13,False,,7.9,8.1,8.7,,8.2,B+,3.5,True,3.29,3.36,Pass
4315,1564149,HK161_CO2007_L05,CO2007,-13,False,,7.0,6.7,6.2,,6.7,C+,2.5,True,2.59,2.44,Pass
4316,1517460,HK161_CO2007_L05,CO2007,-13,False,,6.8,5.5,6.4,,5.9,C,2.0,True,2.21,2.2,Pass
4317,1512694,HK161_CO2007_L05,CO2007,-13,False,,7.4,8.2,9.0,,8.2,B+,3.5,True,3.41,3.36,Pass
4318,1515773,HK161_CO2007_L05,CO2007,-13,False,,7.1,6.4,7.8,,6.8,C+,2.5,True,2.25,2.48,Pass
4319,1567228,HK161_CO2007_L05,CO2007,-13,False,,10.0,10.0,9.3,,9.9,A+,4.0,True,4.0,3.92,Pass
4320,1543103,HK161_CO2007_L05,CO2007,-13,False,,8.4,7.9,8.1,,8.0,B+,3.5,True,3.32,3.13,Pass
4321,1551707,HK161_CO2007_L05,CO2007,-13,False,,8.1,7.2,8.0,,7.5,B,3.0,True,3.21,3.22,Pass
4322,1548797,HK161_CO2007_L05,CO2007,-13,False,,8.6,7.9,7.1,,7.9,B,3.0,True,3.29,3.12,Pass
4323,1547110,HK161_CO2007_L05,CO2007,-13,False,,6.4,7.3,6.9,,7.0,B,3.0,True,2.91,2.77,Pass
4324,1599493,HK161_CO2007_L05,CO2007,-13,False,,9.0,7.9,8.1,,8.2,B+,3.5,True,3.38,3.59,Pass
4325,1580429,HK161_CO2007_L05,CO2007,-13,False,,4.6,5.6,5.9,,5.5,C,2.0,True,2.38,2.12,Pass
4326,1508223,HK161_CO2007_L05,CO2007,-13,False,,7.1,6.3,7.5,,6.7,C+,2.5,True,2.29,2.34,Pass
4327,1538042,HK161_CO2007_L05,CO2007,-13,False,,7.5,7.9,8.4,,7.9,B,3.0,True,3.35,3.25,Pass
4328,1535427,HK161_CO2007_L05,CO2007,-13,False,,5.7,6.6,6.5,,6.4,C+,2.5,True,1.84,1.81,Pass
4329,1521424,HK161_CO2007_L05,CO2007,-13,False,,8.0,7.7,8.5,,7.9,B,3.0,True,3.21,3.15,Pass
4330,1500083,HK161_CO2007_L05,CO2007,-13,False,,7.8,8.5,8.9,,8.4,B+,3.5,True,3.47,3.37,Pass
4331,1519147,HK161_CO2007_L05,CO2007,-13,False,,6.9,5.8,6.6,,6.2,C,2.0,True,2.68,2.44,Pass
4332,1507295,HK161_CO2007_L05,CO2007,-13,False,,9.3,8.1,8.9,,8.5,A,4.0,True,3.44,3.34,Pass
4333,1530956,HK161_CO2007_L05,CO2007,-13,False,,8.2,8.5,6.7,,8.1,B+,3.5,True,3.38,3.14,Pass
4334,1528341,HK161_CO2007_L05,CO2007,-13,False,,8.8,7.9,7.1,,7.9,B,3.0,True,3.29,3.23,Pass
4335,1586587,HK161_CO2007_L05,CO2007,-13,False,,5.7,5.3,6.0,,5.5,C,2.0,True,1.53,1.65,Pass
4336,1597468,HK161_CO2007_L05,CO2007,-13,False,,8.1,8.6,7.5,,8.3,B+,3.5,True,3.59,3.34,Pass
4337,1592702,HK161_CO2007_L05,CO2007,-13,False,,8.8,9.9,9.3,,9.6,A+,4.0,True,3.91,3.88,Pass
4338,1576296,HK161_CO2007_L05,CO2007,-13,False,,9.2,10.0,9.2,,9.7,A+,4.0,True,3.88,3.91,Pass
4339,1546772,HK161_CO2007_L05,CO2007,-13,False,,7.8,8.1,8.1,,8.0,B+,3.5,True,3.21,3.09,Pass
4340,1506705,HK161_CO2007_L05,CO2007,-13,False,,5.9,6.1,5.3,,5.9,C,2.0,True,2.56,2.54,Pass
4341,1520834,HK161_CO2007_L05,CO2007,-13,False,,7.1,7.8,6.0,,7.3,B,3.0,True,3.0,3.05,Pass
4342,1561070,HK161_CO2007_L05,CO2007,-13,False,,7.7,7.6,6.5,,7.4,B,3.0,True,3.26,3.28,Pass
4343,1541880,HK161_CO2007_L05,CO2007,-13,False,,6.2,8.0,6.4,,7.3,B,3.0,True,2.55,2.29,Pass
4344,1536017,HK161_CO2007_L05,CO2007,-13,False,,6.4,5.7,6.7,,6.0,C,2.0,True,2.03,2.27,Pass
4345,1523913,HK161_CO2007_L05,CO2007,-13,False,,8.1,7.3,7.5,,7.5,B,3.0,True,3.24,3.16,Pass
4346,1558160,HK161_CO2007_L05,CO2007,-13,False,,6.9,6.3,5.7,,6.3,C,2.0,True,2.41,2.43,Pass
4347,1567059,HK161_CO2007_L05,CO2007,-13,False,,6.0,7.0,6.7,,6.7,C+,2.5,True,2.79,2.56,Pass
4348,1517291,HK161_CO2007_L05,CO2007,-13,False,,6.7,6.1,5.3,,6.1,C,2.0,True,2.03,1.79,Pass
4349,1594853,HK161_CO2007_L05,CO2007,-13,False,,8.8,8.8,7.6,,8.6,A,4.0,True,3.74,3.57,Pass
4350,1585195,HK161_CO2007_L05,CO2007,-13,False,,7.4,5.3,4.8,,5.6,C,2.0,True,2.59,2.62,Pass
4351,1596414,HK161_CO2007_L05,CO2007,-13,False,,8.5,7.3,8.4,,7.8,B,3.0,True,3.26,3.21,Pass
4352,1572458,HK161_CO2007_L05,CO2007,-13,False,,6.8,6.3,7.9,,6.7,C+,2.5,True,2.61,2.39,Pass
4353,1565203,HK161_CO2007_L05,CO2007,-13,False,,8.5,6.3,6.8,,6.8,C+,2.5,True,2.72,2.64,Pass
4354,1513917,HK161_CO2007_L05,CO2007,-13,False,,5.9,5.4,6.5,,5.7,C,2.0,True,1.82,1.72,Pass
4355,1501644,HK161_CO2007_L05,CO2007,-13,False,,6.9,5.0,6.0,,5.6,C,2.0,True,2.09,1.98,Pass
4356,1596878,HK161_CO2007_L05,CO2007,-13,False,,7.2,9.3,8.4,,8.7,A,4.0,True,3.32,3.36,Pass
4357,1568282,HK161_CO2007_L05,CO2007,-13,False,,8.4,7.2,9.4,,7.9,B,3.0,True,3.0,3.34,Pass
4358,1586882,HK161_CO2007_L05,CO2007,-13,False,,9.2,8.8,8.5,,8.8,A,4.0,True,4.0,3.92,Pass
4359,1577814,HK161_CO2007_L05,CO2007,-13,False,,8.1,8.3,7.6,,8.1,B+,3.5,True,3.29,3.24,Pass
4360,1565836,HK161_CO2007_L05,CO2007,-13,False,,7.2,6.4,6.6,,6.6,C+,2.5,True,1.92,1.74,Pass
4361,1593799,HK161_CO2007_L05,CO2007,-13,False,,7.2,7.9,7.4,,7.7,B,3.0,True,3.29,3.17,Pass
4362,1545254,HK161_CO2007_L05,CO2007,-13,False,,7.4,7.8,7.6,,7.7,B,3.0,True,3.29,3.15,Pass
4363,1556009,HK161_CO2007_L05,CO2007,-13,False,,9.0,8.3,9.5,,8.7,A,4.0,True,3.47,3.14,Pass
4364,1557527,HK161_CO2007_L05,CO2007,-13,False,,6.4,4.0,5.9,,4.9,D,1.0,True,1.76,1.7,Pass
4365,1544031,HK161_CO2007_L05,CO2007,-13,False,,5.7,5.5,6.4,,5.7,C,2.0,True,1.89,1.87,Pass
4366,1526359,HK161_CO2007_L05,CO2007,-13,False,,7.6,8.0,8.0,,7.9,B,3.0,True,3.35,3.39,Pass
4367,1533276,HK161_CO2007_L05,CO2007,-13,False,,8.2,8.3,7.2,,8.1,B+,3.5,True,3.38,3.28,Pass
4368,1508982,HK161_CO2007_L05,CO2007,-13,False,,6.0,6.0,7.3,,6.3,C,2.0,True,2.47,2.25,Pass
4369,1506072,HK161_CO2007_L05,CO2007,-13,False,,7.4,7.9,8.8,,8.0,B+,3.5,True,3.22,3.08,Pass
4370,1564444,HK161_CO2007_L05,CO2007,-13,False,,7.6,5.7,7.1,,6.4,C+,2.5,True,2.41,2.36,Pass
4371,1511766,HK161_CO2007_L05,CO2007,-13,False,,6.6,6.7,7.1,,6.8,C+,2.5,True,2.41,2.56,Pass
4372,1501180,HK161_CO2007_L05,CO2007,-13,False,,10.0,10.0,9.6,,9.9,A+,4.0,True,4.0,4.0,Pass
4373,1563685,HK161_CO2007_L05,CO2007,-13,False,,7.1,7.0,7.4,,7.1,B,3.0,True,2.5,2.61,Pass
4374,1563854,HK161_CO2007_L05,CO2007,-13,False,,6.0,6.4,5.8,,6.2,C,2.0,True,1.74,1.71,Pass
4375,1563390,HK161_CO2007_L05,CO2007,-13,False,,8.9,7.8,8.5,,8.2,B+,3.5,True,3.5,3.43,Pass
4376,1596709,HK161_CO2007_L05,CO2007,-13,False,,8.3,8.2,8.2,,8.2,B+,3.5,True,3.71,3.47,Pass
4377,1579037,HK161_CO2007_L05,CO2007,-13,False,,8.2,8.4,8.2,,8.3,B+,3.5,True,3.88,3.44,Pass
4378,1577519,HK161_CO2007_L05,CO2007,-13,False,,8.1,8.1,8.4,,8.2,B+,3.5,True,3.21,3.34,Pass
4379,1553225,HK161_CO2007_L05,CO2007,-13,False,,5.3,4.7,5.3,,4.9,D,1.0,True,1.35,1.33,Pass
4380,1505946,HK161_CO2007_L05,CO2007,-13,False,,6.5,5.2,5.4,,5.5,C,2.0,True,2.19,2.37,Pass
4381,1546013,HK161_CO2007_L05,CO2007,-13,False,,7.1,7.3,6.9,,7.2,B,3.0,True,2.69,2.42,Pass
4382,1575199,HK161_CO2007_L05,CO2007,-13,False,,7.0,6.8,6.3,,6.7,C+,2.5,True,2.79,2.63,Pass
4383,1503457,HK161_CO2007_L05,CO2007,-13,False,,6.1,5.4,5.3,,5.5,C,2.0,True,1.65,1.74,Pass
4384,1567523,HK161_CO2007_L05,CO2007,-13,False,,8.4,7.7,7.5,,7.8,B,3.0,True,3.18,3.12,Pass
4385,1511597,HK161_CO2007_L05,CO2007,-13,False,,5.5,7.1,6.8,,6.7,C+,2.5,True,2.47,2.54,Pass
4386,1537409,HK161_CO2007_L05,CO2007,-13,False,,8.5,7.6,7.9,,7.8,B,3.0,True,3.29,3.3,Pass
4387,1599619,HK161_CO2007_L05,CO2007,-13,False,,5.6,3.6,7.4,,4.8,D,1.0,True,1.61,1.82,Pass
4388,1554912,HK161_CO2007_L05,CO2007,-13,False,,6.8,6.8,7.1,,6.9,C+,2.5,True,2.41,2.42,Pass
4389,1526064,HK161_CO2007_L05,CO2007,-13,False,,7.8,9.2,9.1,,8.9,A,4.0,True,3.37,3.51,Pass
4390,1567818,HK161_CO2007_L05,CO2007,-13,False,,7.5,8.2,7.7,,8.0,B+,3.5,True,3.47,3.26,Pass
4391,1506536,HK161_CO2007_L05,CO2007,-13,False,,8.6,7.9,7.7,,8.0,B+,3.5,True,3.41,3.39,Pass
4392,1505144,HK161_CO2007_L05,CO2007,-13,False,,8.7,8.3,7.0,,8.1,B+,3.5,True,3.09,3.32,Pass
4393,1581652,HK161_CO2007_L05,CO2007,-13,False,,7.8,7.1,8.3,,7.5,B,3.0,True,3.18,3.11,Pass
4394,1587810,HK161_CO2007_L05,CO2007,-13,False,,8.3,7.8,8.1,,8.0,B+,3.5,True,3.21,3.03,Pass
4395,1594389,HK161_CO2007_L05,CO2007,-13,False,,5.8,6.3,7.1,,6.4,C+,2.5,True,2.29,2.33,Pass
4396,1536650,HK161_CO2007_L05,CO2007,-13,False,,8.5,8.0,7.6,,8.0,B+,3.5,True,3.41,3.23,Pass
4397,1570307,HK161_CO2007_L05,CO2007,-13,False,,6.9,7.5,7.1,,7.3,B,3.0,True,3.12,3.08,Pass
4398,1577055,HK161_CO2007_L05,CO2007,-13,False,,7.4,8.1,8.0,,7.9,B,3.0,True,3.21,3.24,Pass
4399,1568746,HK161_CO2007_L05,CO2007,-13,False,,8.1,8.0,8.7,,8.2,B+,3.5,True,3.5,3.46,Pass
4400,1585490,HK161_CO2007_L05,CO2007,-13,False,,5.9,7.5,5.7,,6.8,C+,2.5,True,2.68,2.49,Pass
4401,1563516,HK161_CO2007_L05,CO2007,-13,False,,5.9,5.6,6.6,,5.9,C,2.0,True,2.09,2.27,Pass
4402,1544621,HK161_CO2007_L05,CO2007,-13,False,,6.8,6.2,7.0,,6.5,C+,2.5,True,2.88,3.04,Pass
4403,1594558,HK161_CO2007_L05,CO2007,-13,False,,9.7,8.0,6.7,,8.1,B+,3.5,True,3.5,3.49,Pass
4404,1549725,HK161_CO2007_L05,CO2007,-13,False,,7.6,7.2,7.3,,7.3,B,3.0,True,2.62,2.5,Pass
4405,1522226,HK161_CO2007_L05,CO2007,-13,False,,7.9,8.1,8.3,,8.1,B+,3.5,True,3.71,3.52,Pass
4406,1587346,HK161_CO2007_L05,CO2007,-13,False,,5.1,6.6,7.5,,6.5,C+,2.5,True,2.29,2.28,Pass
4407,1593040,HK161_CO2007_L05,CO2007,-13,False,,8.2,8.8,7.7,,8.5,A,4.0,True,3.62,3.46,Pass
4408,1511302,HK161_CO2007_L05,CO2007,-13,False,,5.5,6.6,7.0,,6.5,C+,2.5,True,2.12,1.86,Pass
4409,1583044,HK161_CO2007_L05,CO2007,-13,False,,9.4,5.6,8.2,,6.9,C+,2.5,True,3.09,3.08,Pass
4410,1515899,HK161_CO2007_L05,CO2007,-13,False,,10.0,8.8,9.2,,9.1,A,4.0,True,3.56,3.47,Pass
4411,1528974,HK161_CO2007_L05,CO2007,-13,False,,5.5,5.2,5.9,,5.4,D+,1.5,True,2.0,2.03,Pass
4412,1553858,HK161_CO2007_L05,CO2007,-13,False,,8.6,7.4,8.4,,7.8,B,3.0,True,3.41,3.34,Pass
4413,1549261,HK161_CO2007_L05,CO2007,-13,False,,8.6,7.7,8.1,,8.0,B+,3.5,True,3.62,3.34,Pass
4414,1503626,HK161_CO2007_L05,CO2007,-13,False,,6.2,5.0,4.8,,5.2,D+,1.5,True,1.44,1.69,Pass
4415,1561998,HK161_CO2007_L05,CO2007,-13,False,,7.4,7.7,7.5,,7.6,B,3.0,True,2.65,2.48,Pass
4416,1588864,HK161_CO2007_L05,CO2007,-13,False,,8.0,6.9,6.2,,7.0,B,3.0,True,2.76,2.51,Pass
4417,1502234,HK161_CO2007_L05,CO2007,-13,False,,8.1,7.9,6.9,,7.7,B,3.0,True,3.12,3.1,Pass
4418,1562167,HK161_CO2007_L05,CO2007,-13,False,,8.3,7.2,9.7,,7.9,B,3.0,True,3.41,3.29,Pass
4419,1554322,HK161_CO2007_L05,CO2007,-13,False,,5.3,6.2,7.0,,6.2,C,2.0,True,2.5,2.53,Pass
4420,1560606,HK161_CO2007_L05,CO2007,-13,False,,6.3,7.0,5.9,,6.6,C+,2.5,True,2.81,2.57,Pass
4421,1525895,HK161_CO2007_L05,CO2007,-13,False,,8.4,9.3,7.2,,8.7,A,4.0,True,3.15,3.28,Pass
4422,1597173,HK161_CO2011_L01,CO2011,-13,False,,6.8,7.0,5.7,,6.6,C+,2.5,True,2.16,2.23,Pass
4423,1556937,HK161_CO2011_L01,CO2011,-13,False,,9.0,9.6,7.6,,8.9,A,4.0,True,3.47,3.6,Pass
4424,1579796,HK161_CO2011_L01,CO2011,-13,False,,8.2,7.5,8.1,,7.8,B,3.0,True,3.21,3.24,Pass
4425,1502698,HK161_CO2011_L01,CO2011,-13,False,,8.6,9.1,8.5,,8.8,A,4.0,True,3.47,3.34,Pass
4426,1535258,HK161_CO2011_L01,CO2011,-13,False,,7.4,6.8,8.7,,7.5,B,3.0,True,3.29,3.18,Pass
4427,1545423,HK161_CO2011_L01,CO2011,-13,False,,6.3,6.8,6.7,,6.7,C+,2.5,True,2.91,2.79,Pass
4428,1529733,HK161_CO2011_L01,CO2011,-13,False,,7.0,7.2,7.2,,7.2,B,3.0,True,2.5,2.68,Pass
4429,1561070,HK161_CO2011_L01,CO2011,-13,False,,7.8,8.0,8.6,,8.1,B+,3.5,True,3.26,3.28,Pass
4430,1508856,HK161_CO2011_L01,CO2011,-13,False,,7.8,8.4,8.4,,8.3,B+,3.5,True,3.39,3.39,Pass
4431,1534499,HK161_CO2011_L01,CO2011,-13,False,,7.5,7.5,8.1,,7.7,B,3.0,True,3.5,3.34,Pass
4432,1557696,HK161_CO2011_L01,CO2011,-13,False,,5.5,4.4,5.5,,5.0,D+,1.5,True,1.82,1.91,Pass
4433,1503331,HK161_CO2011_L01,CO2011,-13,False,,7.0,7.9,8.0,,7.8,B,3.0,True,3.0,3.12,Pass
4434,1528046,HK161_CO2011_L01,CO2011,-13,False,,7.2,7.7,8.4,,7.8,B,3.0,True,3.12,3.3,Pass
4435,1502993,HK161_CO2011_L01,CO2011,-13,False,,6.9,6.0,5.7,,6.1,C,2.0,True,2.53,2.7,Pass
4436,1504554,HK161_CO2011_L01,CO2011,-13,False,,8.5,9.8,8.0,,9.0,A,4.0,True,3.74,3.8,Pass
4437,1588738,HK161_CO2011_L01,CO2011,-13,False,,7.7,7.9,9.2,,8.2,B+,3.5,True,3.59,3.53,Pass
4438,1554912,HK161_CO2011_L01,CO2011,-13,False,,7.3,5.2,6.3,,5.9,C,2.0,True,2.41,2.42,Pass
4439,1528341,HK161_CO2011_L01,CO2011,-13,False,,7.4,6.9,7.1,,7.1,B,3.0,True,3.29,3.23,Pass
4440,1551074,HK161_CO2011_L01,CO2011,-13,False,,8.2,6.8,7.7,,7.3,B,3.0,True,3.09,2.95,Pass
4441,1553394,HK161_CO2011_L01,CO2011,-13,False,,6.3,8.8,7.8,,8.0,B+,3.5,True,3.47,3.53,Pass
4442,1595486,HK161_CO2011_L01,CO2011,-13,False,,7.6,8.0,8.6,,8.1,B+,3.5,True,3.5,3.34,Pass
4443,1583803,HK161_CO2011_L01,CO2011,-13,False,,5.4,5.7,5.8,,5.7,C,2.0,True,1.79,1.89,Pass
4444,1507464,HK161_CO2011_L01,CO2011,-13,False,,6.7,5.5,4.7,,5.5,C,2.0,True,2.25,1.92,Pass
4445,1504090,HK161_CO2011_L01,CO2011,-13,False,,7.1,8.5,7.6,,7.9,B,3.0,True,3.12,3.05,Pass
4446,1534204,HK161_CO2011_L01,CO2011,-13,False,,8.6,7.6,7.4,,7.7,B,3.0,True,3.24,3.24,Pass
4447,1510543,HK161_CO2011_L01,CO2011,-13,False,,7.9,10.0,8.4,,9.1,A,4.0,True,3.68,3.66,Pass
4448,1534330,HK161_CO2011_L01,CO2011,-13,False,,8.2,7.7,6.8,,7.5,B,3.0,True,3.32,3.32,Pass
4449,1576591,HK161_CO2011_L01,CO2011,-13,False,,6.1,4.9,6.6,,5.7,C,2.0,True,2.0,1.77,Pass
4450,1555714,HK161_CO2011_L01,CO2011,-13,False,,7.9,4.3,7.8,,6.1,C,2.0,True,3.44,3.42,Pass
4451,1531420,HK161_CO2011_L01,CO2011,-13,False,,7.4,6.5,6.4,,6.7,C+,2.5,True,3.15,3.24,Pass
4452,1506072,HK161_CO2011_L01,CO2011,-13,False,,7.4,8.3,7.5,,7.9,B,3.0,True,3.22,3.08,Pass
4453,1536481,HK161_CO2011_L01,CO2011,-13,False,,6.4,5.4,7.2,,6.1,C,2.0,True,2.0,2.24,Pass
4454,1566300,HK161_CO2011_L01,CO2011,-13,False,,7.5,9.7,7.3,,8.5,A,4.0,True,3.38,3.39,Pass
4455,1571656,HK161_CO2011_L01,CO2011,-13,False,,5.2,5.2,5.2,,5.2,D+,1.5,True,1.69,1.7,Pass
4456,1591015,HK161_CO2011_L01,CO2011,-13,False,,7.6,8.5,8.7,,8.4,B+,3.5,True,3.41,3.39,Pass
4457,1545718,HK161_CO2011_L01,CO2011,-13,False,,6.3,7.4,5.8,,6.7,C+,2.5,True,2.21,2.25,Pass
4458,1546941,HK161_CO2011_L01,CO2011,-13,False,,7.0,7.1,7.9,,7.3,B,3.0,True,2.5,2.54,Pass
4459,1510079,HK161_CO2011_L01,CO2011,-13,False,,6.6,7.6,6.4,,7.0,B,3.0,True,2.65,2.33,Pass
4460,1512061,HK161_CO2011_L01,CO2011,-13,False,,5.7,5.0,6.1,,5.5,C,2.0,True,1.76,1.71,Pass
4461,1558160,HK161_CO2011_L01,CO2011,-13,False,,6.9,7.2,5.6,,6.7,C+,2.5,True,2.41,2.43,Pass
4462,1525600,HK161_CO2011_L01,CO2011,-13,False,,7.7,7.8,7.4,,7.7,B,3.0,True,3.29,3.13,Pass
4463,1552466,HK161_CO2011_L01,CO2011,-13,False,,8.0,7.2,8.5,,7.8,B,3.0,True,3.18,3.1,Pass
4464,1576760,HK161_CO2011_L01,CO2011,-13,False,,9.0,10.0,8.5,,9.3,A,4.0,True,3.29,3.38,Pass
4465,1505482,HK161_CO2011_L01,CO2011,-13,False,,7.1,5.2,6.5,,6.0,C,2.0,True,2.45,2.53,Pass
4466,1526823,HK161_CO2011_L01,CO2011,-13,False,,6.2,5.9,5.2,,5.8,C,2.0,True,1.63,1.85,Pass
4467,1561239,HK161_CO2011_L01,CO2011,-13,False,,5.8,6.2,4.7,,5.7,C,2.0,True,2.0,1.73,Pass
4468,1525895,HK161_CO2011_L01,CO2011,-13,False,,8.6,7.6,7.7,,7.8,B,3.0,True,3.15,3.28,Pass
4469,1548333,HK161_CO2011_L01,CO2011,-13,False,,7.5,6.9,7.7,,7.3,B,3.0,True,2.91,2.78,Pass
4470,1519611,HK161_CO2011_L01,CO2011,-13,False,,8.8,9.3,7.6,,8.7,A,4.0,True,4.0,3.94,Pass
4471,1569379,HK161_CO2011_L01,CO2011,-13,False,,7.6,8.2,8.8,,8.3,B+,3.5,True,3.56,3.38,Pass
4472,1538970,HK161_CO2011_L01,CO2011,-13,False,,7.0,5.5,6.4,,6.1,C,2.0,True,2.47,2.38,Pass
4473,1580260,HK161_CO2011_L01,CO2011,-13,False,,8.5,10.0,7.4,,8.9,A,4.0,True,4.0,3.92,Pass
4474,1501011,HK161_CO2011_L01,CO2011,-13,False,,7.5,7.8,8.8,,8.0,B+,3.5,True,3.41,3.51,Pass
4475,1595317,HK161_CO2011_L01,CO2011,-13,False,,8.2,7.4,9.8,,8.3,B+,3.5,True,3.85,3.9,Pass
4476,1549851,HK161_CO2011_L01,CO2011,-13,False,,10.0,7.3,9.3,,8.4,B+,3.5,True,3.5,3.46,Pass
4477,1519906,HK161_CO2011_L01,CO2011,-13,False,,6.7,9.7,8.1,,8.6,A,4.0,True,3.74,3.59,Pass
4478,1532348,HK161_CO2011_L01,CO2011,-13,False,,8.0,6.4,5.4,,6.4,C+,2.5,True,2.09,2.3,Pass
4479,1576422,HK161_CO2011_L01,CO2011,-13,False,,5.8,5.4,4.7,,5.3,D+,1.5,True,1.78,1.85,Pass
4480,1548797,HK161_CO2011_L01,CO2011,-13,False,,8.2,7.8,9.2,,8.3,B+,3.5,True,3.29,3.12,Pass
4481,1593504,HK161_CO2011_L01,CO2011,-13,False,,7.8,8.0,8.0,,8.0,B+,3.5,True,3.09,3.06,Pass
4482,1582411,HK161_CO2011_L01,CO2011,-13,False,,5.6,6.5,6.5,,6.3,C,2.0,True,2.0,2.18,Pass
4483,1578742,HK161_CO2011_L01,CO2011,-13,False,,8.6,8.2,8.2,,8.3,B+,3.5,True,3.38,3.45,Pass
4484,1515899,HK161_CO2011_L01,CO2011,-13,False,,7.5,8.0,7.0,,7.6,B,3.0,True,3.56,3.47,Pass
4485,1514086,HK161_CO2011_L01,CO2011,-13,False,,7.0,6.6,6.1,,6.5,C+,2.5,True,2.62,2.62,Pass
4486,1545085,HK161_CO2011_L01,CO2011,-13,False,,8.4,9.9,8.3,,9.1,A,4.0,True,3.82,3.71,Pass
4487,1562757,HK161_CO2011_L01,CO2011,-13,False,,7.4,9.0,7.3,,8.2,B+,3.5,True,3.29,3.06,Pass
4488,1547574,HK161_CO2011_L01,CO2011,-13,False,,4.9,5.7,7.5,,6.1,C,2.0,True,1.71,1.42,Pass
4489,1503921,HK161_CO2011_L01,CO2011,-13,False,,4.8,5.4,6.1,,5.5,C,2.0,True,1.88,1.77,Pass
4490,1557527,HK161_CO2011_L01,CO2011,-13,False,,6.0,4.9,6.4,,5.6,C,2.0,True,1.76,1.7,Pass
4491,1523744,HK161_CO2011_L01,CO2011,-13,False,,7.7,5.9,7.2,,6.7,C+,2.5,True,2.35,2.34,Pass
4492,1542344,HK161_CO2011_L01,CO2011,-13,False,,7.1,6.1,7.4,,6.7,C+,2.5,True,3.12,3.12,Pass
4493,1573681,HK161_CO2011_L01,CO2011,-13,False,,7.3,5.6,7.0,,6.4,C+,2.5,True,2.09,2.29,Pass
4494,1592112,HK161_CO2011_L01,CO2011,-13,False,,7.3,7.2,6.2,,6.9,C+,2.5,True,2.71,2.41,Pass
4495,1578109,HK161_CO2011_L01,CO2011,-13,False,,4.6,4.9,5.2,,4.9,D,1.0,True,1.59,1.64,Pass
4496,1514676,HK161_CO2011_L01,CO2011,-13,False,,7.6,8.2,9.0,,8.3,B+,3.5,True,3.62,3.37,Pass
4497,1508687,HK161_CO2011_L01,CO2011,-13,False,,7.6,7.0,8.0,,7.4,B,3.0,True,3.21,3.17,Pass
4498,1592238,HK161_CO2011_L01,CO2011,-13,False,,9.5,8.8,10.0,,9.3,A,4.0,True,3.88,3.96,Pass
4499,1519442,HK161_CO2011_L01,CO2011,-13,False,,7.1,6.6,6.9,,6.8,C+,2.5,True,2.72,2.56,Pass
4500,1501180,HK161_CO2011_L01,CO2011,-13,False,,9.0,10.0,9.6,,9.7,A+,4.0,True,4.0,4.0,Pass
4501,1588274,HK161_CO2011_L01,CO2011,-13,False,,7.5,6.3,6.6,,6.6,C+,2.5,True,2.16,2.37,Pass
4502,1511766,HK161_CO2011_L01,CO2011,-13,False,,5.8,6.3,6.9,,6.4,C+,2.5,True,2.41,2.56,Pass
4503,1516996,HK161_CO2011_L01,CO2011,-13,False,,7.6,8.3,6.7,,7.7,B,3.0,True,3.21,3.09,Pass
4504,1517291,HK161_CO2011_L01,CO2011,-13,False,,5.6,5.2,6.1,,5.5,C,2.0,True,2.03,1.79,Pass
4505,1529902,HK161_CO2011_L01,CO2011,-13,False,,9.4,8.4,7.9,,8.4,B+,3.5,True,3.44,3.34,Pass
4506,1543567,HK161_CO2011_L01,CO2011,-13,False,,8.4,8.5,8.1,,8.4,B+,3.5,True,3.26,3.27,Pass
4507,1560775,HK161_CO2011_L01,CO2011,-13,False,,6.8,7.3,6.1,,6.8,C+,2.5,True,2.71,2.79,Pass
4508,1536186,HK161_CO2011_L01,CO2011,-13,False,,6.9,5.1,5.9,,5.7,C,2.0,True,2.05,1.98,Pass
4509,1558624,HK161_CO2011_L01,CO2011,-13,False,,8.7,9.2,8.6,,8.9,A,4.0,True,4.0,3.97,Pass
4510,1594094,HK161_CO2011_L01,CO2011,-13,False,,4.7,4.8,5.4,,5.0,D+,1.5,True,1.53,1.4,Pass
4511,1536945,HK161_CO2011_L01,CO2011,-13,False,,8.0,8.9,7.0,,8.2,B+,3.5,True,3.68,3.72,Pass
4512,1549092,HK161_CO2011_L01,CO2011,-13,False,,8.0,8.7,8.0,,8.3,B+,3.5,True,3.18,3.19,Pass
4513,1591648,HK161_CO2011_L01,CO2011,-13,False,,5.7,6.9,6.0,,6.4,C+,2.5,True,2.28,1.83,Pass
4514,1579965,HK161_CO2011_L01,CO2011,-13,False,,8.1,7.9,7.5,,7.8,B,3.0,True,2.91,3.07,Pass
4515,1549556,HK161_CO2011_L01,CO2011,-13,False,,8.4,8.0,6.8,,7.7,B,3.0,True,3.32,3.24,Pass
4516,1593799,HK161_CO2011_L01,CO2011,-13,False,,8.5,8.5,8.3,,8.4,B+,3.5,True,3.29,3.17,Pass
4517,1502867,HK161_CO2011_L01,CO2011,-13,False,,6.3,6.5,5.4,,6.1,C,2.0,True,2.41,2.47,Pass
4518,1572289,HK161_CO2011_L01,CO2011,-13,False,,6.6,7.1,5.8,,6.6,C+,2.5,True,2.41,2.14,Pass
4519,1597932,HK161_CO2011_L01,CO2011,-13,False,,7.8,8.2,7.0,,7.8,B,3.0,True,3.5,3.41,Pass
4520,1565203,HK161_CO2011_L01,CO2011,-13,False,,7.6,6.6,8.2,,7.3,B,3.0,True,2.72,2.64,Pass
4521,1566005,HK161_CO2011_L01,CO2011,-13,False,,7.6,7.0,7.3,,7.2,B,3.0,True,3.29,3.51,Pass
4522,1524503,HK161_CO2011_L01,CO2011,-13,False,,6.3,4.8,4.0,,4.9,D,1.0,True,1.68,1.56,Pass
4523,1565372,HK161_CO2011_L01,CO2011,-13,False,,7.1,5.9,7.4,,6.6,C+,2.5,True,2.62,2.43,Pass
4524,1594389,HK161_CO2011_L01,CO2011,-13,False,,6.4,3.2,5.6,,4.6,D,1.0,True,2.29,2.33,Pass
4525,1527287,HK161_CO2011_L01,CO2011,-13,False,,7.2,6.0,6.0,,6.2,C,2.0,True,2.26,2.34,Pass
4526,1521424,HK161_CO2011_L01,CO2011,-13,False,,8.2,7.5,7.7,,7.7,B,3.0,True,3.21,3.15,Pass
4527,1598860,HK161_CO2011_L01,CO2011,-13,False,,8.1,7.7,8.2,,7.9,B,3.0,True,3.18,3.37,Pass
4528,1546477,HK161_CO2011_L01,CO2011,-13,False,,6.4,6.5,6.1,,6.4,C+,2.5,True,2.35,2.5,Pass
4529,1592702,HK161_CO2011_L01,CO2011,-13,False,,9.3,8.9,7.0,,8.4,B+,3.5,True,3.91,3.88,Pass
4530,1565541,HK161_CO2011_L01,CO2011,-13,False,,7.1,7.2,6.2,,6.9,C+,2.5,True,2.38,2.57,Pass
4531,1584436,HK161_CO2011_L01,CO2011,-13,False,,7.4,7.7,8.8,,8.0,B+,3.5,True,3.18,3.33,Pass
4532,1580724,HK161_CO2011_L01,CO2011,-13,False,,5.0,5.5,5.6,,5.4,D+,1.5,True,1.53,1.54,Pass
4533,1594853,HK161_CO2011_L01,CO2011,-13,False,,7.6,7.6,8.8,,8.0,B+,3.5,True,3.74,3.57,Pass
4534,1586418,HK161_CO2011_L02,CO2011,-13,False,,7.8,7.5,8.8,,8.0,B+,3.5,True,3.71,3.72,Pass
4535,1570897,HK161_CO2011_L02,CO2011,-13,False,,10.0,9.3,8.8,,9.3,A,4.0,True,4.0,3.96,Pass
4536,1515309,HK161_CO2011_L02,CO2011,-13,False,,6.5,5.2,8.0,,6.3,C,2.0,True,2.06,2.23,Pass
4537,1599029,HK161_CO2011_L02,CO2011,-13,False,,7.9,7.9,7.6,,7.8,B,3.0,True,3.35,3.27,Pass
4538,1542808,HK161_CO2011_L02,CO2011,-13,False,,7.2,6.3,7.2,,6.8,C+,2.5,True,2.62,2.67,Pass
4539,1573976,HK161_CO2011_L02,CO2011,-13,False,,8.3,5.5,8.2,,6.9,C+,2.5,True,3.09,3.19,Pass
4540,1574735,HK161_CO2011_L02,CO2011,-13,False,,7.3,6.8,7.7,,7.2,B,3.0,True,2.82,2.67,Pass
4541,1572584,HK161_CO2011_L02,CO2011,-13,False,,6.0,7.3,5.3,,6.4,C+,2.5,True,2.79,2.53,Pass
4542,1586249,HK161_CO2011_L02,CO2011,-13,False,,7.6,8.5,6.3,,7.7,B,3.0,True,3.65,3.57,Pass
4543,1532517,HK161_CO2011_L02,CO2011,-13,False,,8.1,8.0,7.4,,7.8,B,3.0,True,3.09,3.28,Pass
4544,1596414,HK161_CO2011_L02,CO2011,-13,False,,7.6,8.7,8.6,,8.4,B+,3.5,True,3.26,3.21,Pass
4545,1580134,HK161_CO2011_L02,CO2011,-13,False,,6.1,6.2,5.5,,6.0,C,2.0,True,1.88,1.87,Pass
4546,1524208,HK161_CO2011_L02,CO2011,-13,False,,2.4,4.7,5.5,,4.5,D,1.0,True,1.82,1.77,Pass
4547,1596709,HK161_CO2011_L02,CO2011,-13,False,,8.6,8.1,9.3,,8.6,A,4.0,True,3.71,3.47,Pass
4548,1564444,HK161_CO2011_L02,CO2011,-13,False,,6.4,5.4,6.5,,5.9,C,2.0,True,2.41,2.36,Pass
4549,1595191,HK161_CO2011_L02,CO2011,-13,False,,7.3,6.1,6.7,,6.5,C+,2.5,True,2.62,2.51,Pass
4550,1517755,HK161_CO2011_L02,CO2011,-13,False,,8.4,8.0,6.5,,7.6,B,3.0,True,3.0,3.06,Pass
4551,1560606,HK161_CO2011_L02,CO2011,-13,False,,7.6,7.1,6.6,,7.0,B,3.0,True,2.81,2.57,Pass
4552,1525431,HK161_CO2011_L02,CO2011,-13,False,,7.8,7.2,8.4,,7.7,B,3.0,True,3.41,3.35,Pass
4553,1514212,HK161_CO2011_L02,CO2011,-13,False,,7.8,8.7,7.8,,8.2,B+,3.5,True,3.68,3.28,Pass
4554,1510374,HK161_CO2011_L02,CO2011,-13,False,,8.7,10.0,8.8,,9.4,A,4.0,True,4.0,4.0,Pass
4555,1552171,HK161_CO2011_L02,CO2011,-13,False,,7.3,6.4,5.8,,6.4,C+,2.5,True,2.41,2.38,Pass
4556,1501770,HK161_CO2011_L02,CO2011,-13,False,,6.5,5.9,5.6,,5.9,C,2.0,True,1.81,1.86,Pass
4557,1550484,HK161_CO2011_L02,CO2011,-13,False,,8.0,8.6,9.6,,8.8,A,4.0,True,3.41,3.28,Pass
4558,1526359,HK161_CO2011_L02,CO2011,-13,False,,8.0,9.0,8.6,,8.7,A,4.0,True,3.35,3.39,Pass
4559,1584098,HK161_CO2011_L02,CO2011,-13,False,,7.6,8.6,7.2,,8.0,B+,3.5,True,3.79,3.55,Pass
4560,1524039,HK161_CO2011_L02,CO2011,-13,False,,6.6,7.5,7.2,,7.2,B,3.0,True,2.69,2.73,Pass
4561,1543272,HK161_CO2011_L02,CO2011,-13,False,,8.5,7.8,8.0,,8.0,B+,3.5,True,3.39,3.52,Pass
4562,1586713,HK161_CO2011_L02,CO2011,-13,False,,9.0,7.6,10.0,,8.6,A,4.0,True,3.56,3.52,Pass
4563,1565667,HK161_CO2011_L02,CO2011,-13,False,,7.8,7.2,9.2,,7.9,B,3.0,True,3.29,3.41,Pass
4564,1505777,HK161_CO2011_L02,CO2011,-13,False,,6.0,5.8,7.4,,6.3,C,2.0,True,2.32,2.41,Pass
4565,1544031,HK161_CO2011_L02,CO2011,-13,False,,4.0,6.4,5.8,,5.7,C,2.0,True,1.89,1.87,Pass
4566,1517924,HK161_CO2011_L02,CO2011,-13,False,,9.2,8.9,7.8,,8.6,A,4.0,True,3.21,3.2,Pass
4567,1582116,HK161_CO2011_L02,CO2011,-13,False,,7.8,8.0,8.2,,8.0,B+,3.5,True,3.41,3.31,Pass
4568,1544790,HK161_CO2011_L02,CO2011,-13,False,,6.0,5.2,5.7,,5.5,C,2.0,True,1.81,1.92,Pass
4569,1597004,HK161_CO2011_L02,CO2011,-13,False,,7.8,6.0,5.0,,6.1,C,2.0,True,2.29,2.32,Pass
4570,1509151,HK161_CO2011_L02,CO2011,-13,False,,8.2,7.2,8.5,,7.8,B,3.0,True,3.53,3.35,Pass
4571,1506831,HK161_CO2011_L02,CO2011,-13,False,,7.0,5.3,7.6,,6.3,C,2.0,True,2.59,2.45,Pass
4572,1544621,HK161_CO2011_L02,CO2011,-13,False,,7.0,7.6,7.8,,7.5,B,3.0,True,2.88,3.04,Pass
4573,1597637,HK161_CO2011_L02,CO2011,-13,False,,5.8,6.4,5.1,,5.9,C,2.0,True,2.03,1.65,Pass
4574,1515435,HK161_CO2011_L02,CO2011,-13,False,,8.0,9.1,8.6,,8.7,A,4.0,True,3.09,3.36,Pass
4575,1580429,HK161_CO2011_L02,CO2011,-13,False,,7.0,5.6,7.2,,6.4,C+,2.5,True,2.38,2.12,Pass
4576,1544495,HK161_CO2011_L02,CO2011,-13,False,,6.5,7.6,6.0,,6.9,C+,2.5,True,2.5,2.62,Pass
4577,1506536,HK161_CO2011_L02,CO2011,-13,False,,8.1,7.4,6.8,,7.4,B,3.0,True,3.41,3.39,Pass
4578,1511597,HK161_CO2011_L02,CO2011,-13,False,,6.5,7.1,6.6,,6.8,C+,2.5,True,2.47,2.54,Pass
4579,1527751,HK161_CO2011_L02,CO2011,-13,False,,7.8,9.0,7.1,,8.2,B+,3.5,True,3.09,3.05,Pass
4580,1590425,HK161_CO2011_L02,CO2011,-13,False,,6.9,8.1,6.9,,7.5,B,3.0,True,3.24,3.16,Pass
4581,1547405,HK161_CO2011_L02,CO2011,-13,False,,7.6,6.9,7.9,,7.3,B,3.0,True,3.29,3.35,Pass
4582,1518050,HK161_CO2011_L02,CO2011,-13,False,,7.4,8.7,8.3,,8.3,B+,3.5,True,3.59,3.45,Pass
4583,1569843,HK161_CO2011_L02,CO2011,-13,False,,7.6,7.2,8.5,,7.7,B,3.0,True,3.53,3.54,Pass
4584,1500716,HK161_CO2011_L02,CO2011,-13,False,,9.5,8.2,7.9,,8.4,B+,3.5,True,3.5,3.47,Pass
4585,1511133,HK161_CO2011_L02,CO2011,-13,False,,8.0,7.1,7.6,,7.4,B,3.0,True,3.44,3.34,Pass
4586,1551707,HK161_CO2011_L02,CO2011,-13,False,,8.2,7.1,8.2,,7.6,B,3.0,True,3.21,3.22,Pass
4587,1579206,HK161_CO2011_L02,CO2011,-13,False,,5.6,7.6,8.0,,7.3,B,3.0,True,2.62,2.78,Pass
4588,1528510,HK161_CO2011_L02,CO2011,-13,False,,6.3,7.0,6.6,,6.7,C+,2.5,True,2.62,2.5,Pass
4589,1520834,HK161_CO2011_L02,CO2011,-13,False,,7.6,6.5,7.2,,6.9,C+,2.5,True,3.0,3.05,Pass
4590,1579037,HK161_CO2011_L02,CO2011,-13,False,,8.1,8.6,9.3,,8.7,A,4.0,True,3.88,3.44,Pass
4591,1530830,HK161_CO2011_L02,CO2011,-13,False,,6.6,7.5,7.2,,7.2,B,3.0,True,1.86,1.81,Pass
4592,1546013,HK161_CO2011_L02,CO2011,-13,False,,6.8,6.5,7.6,,6.9,C+,2.5,True,2.69,2.42,Pass
4593,1523280,HK161_CO2011_L02,CO2011,-13,False,,9.5,7.6,7.2,,7.9,B,3.0,True,3.5,3.39,Pass
4594,1581188,HK161_CO2011_L02,CO2011,-13,False,,7.3,8.3,9.5,,8.5,A,4.0,True,3.35,3.28,Pass
4595,1534794,HK161_CO2011_L02,CO2011,-13,False,,8.7,9.6,8.6,,9.1,A,4.0,True,3.82,3.68,Pass
4596,1568451,HK161_CO2011_L02,CO2011,-13,False,,7.4,6.6,7.5,,7.0,B,3.0,True,2.59,2.58,Pass
4597,1572120,HK161_CO2011_L02,CO2011,-13,False,,7.5,6.2,6.0,,6.4,C+,2.5,True,2.47,2.61,Pass
4598,1526654,HK161_CO2011_L02,CO2011,-13,False,,7.3,7.4,6.9,,7.2,B,3.0,True,3.09,3.09,Pass
4599,1590889,HK161_CO2011_L02,CO2011,-13,False,,6.1,7.9,5.7,,6.9,C+,2.5,True,2.59,2.32,Pass
4600,1584900,HK161_CO2011_L02,CO2011,-13,False,,7.0,6.9,5.2,,6.4,C+,2.5,True,2.56,2.6,Pass
4601,1518978,HK161_CO2011_L02,CO2011,-13,False,,5.5,8.2,6.0,,7.0,B,3.0,True,2.18,1.91,Pass
4602,1570138,HK161_CO2011_L02,CO2011,-13,False,,6.1,7.2,7.5,,7.1,B,3.0,True,2.76,2.39,Pass
4603,1580598,HK161_CO2011_L02,CO2011,-13,False,,7.0,7.0,6.5,,6.8,C+,2.5,True,3.29,3.12,Pass
4604,1547236,HK161_CO2011_L02,CO2011,-13,False,,7.3,7.3,6.3,,7.0,B,3.0,True,2.68,2.62,Pass
4605,1550948,HK161_CO2011_L02,CO2011,-13,False,,9.2,7.3,7.3,,7.7,B,3.0,True,3.09,3.08,Pass
4606,1508223,HK161_CO2011_L02,CO2011,-13,False,,6.4,4.2,7.4,,5.6,C,2.0,True,2.29,2.34,Pass
4607,1559552,HK161_CO2011_L02,CO2011,-13,False,,6.5,6.8,8.0,,7.1,B,3.0,True,2.5,2.45,Pass
4608,1527582,HK161_CO2011_L02,CO2011,-13,False,,6.1,6.7,6.0,,6.4,C+,2.5,True,2.53,2.59,Pass
4609,1590256,HK161_CO2011_L02,CO2011,-13,False,,7.9,7.3,7.8,,7.6,B,3.0,True,3.29,3.33,Pass
4610,1592576,HK161_CO2011_L02,CO2011,-13,False,,6.0,7.4,7.0,,7.0,B,3.0,True,2.59,2.43,Pass
4611,1577055,HK161_CO2011_L02,CO2011,-13,False,,6.3,7.3,9.0,,7.6,B,3.0,True,3.21,3.24,Pass
4612,1536819,HK161_CO2011_L02,CO2011,-13,False,,8.3,8.6,8.4,,8.5,A,4.0,True,3.18,3.02,Pass
4613,1583339,HK161_CO2011_L02,CO2011,-13,False,,7.6,6.9,6.6,,7.0,B,3.0,True,2.35,2.43,Pass
4614,1568156,HK161_CO2011_L02,CO2011,-13,False,,7.6,9.3,9.2,,8.9,A,4.0,True,3.68,3.68,Pass
4615,1555081,HK161_CO2011_L02,CO2011,-13,False,,9.1,8.3,8.0,,8.4,B+,3.5,True,3.74,3.62,Pass
4616,1590551,HK161_CO2011_L02,CO2011,-13,False,,7.0,6.2,6.6,,6.5,C+,2.5,True,2.53,2.5,Pass
4617,1524967,HK161_CO2011_L02,CO2011,-13,False,,7.0,6.8,7.9,,7.2,B,3.0,True,3.0,3.28,Pass
4618,1506705,HK161_CO2011_L02,CO2011,-13,False,,6.0,6.4,6.8,,6.4,C+,2.5,True,2.56,2.54,Pass
4619,1561534,HK161_CO2011_L02,CO2011,-13,False,,8.6,7.1,7.7,,7.6,B,3.0,True,2.91,3.12,Pass
4620,1553099,HK161_CO2011_L02,CO2011,-13,False,,7.7,7.3,6.4,,7.1,B,3.0,True,3.08,3.28,Pass
4621,1520075,HK161_CO2011_L02,CO2011,-13,False,,5.1,6.0,5.4,,5.6,C,2.0,True,2.18,2.35,Pass
4622,1573048,HK161_CO2011_L02,CO2011,-13,False,,8.0,8.0,7.4,,7.8,B,3.0,True,3.18,3.34,Pass
4623,1540319,HK161_CO2011_L02,CO2011,-13,False,,8.6,8.0,9.1,,8.4,B+,3.5,True,3.38,3.17,Pass
4624,1530956,HK161_CO2011_L02,CO2011,-13,False,,8.5,6.0,8.4,,7.2,B,3.0,True,3.38,3.14,Pass
4625,1559088,HK161_CO2011_L02,CO2011,-13,False,,9.7,7.0,7.4,,7.7,B,3.0,True,3.12,3.24,Pass
4626,1553225,HK161_CO2011_L02,CO2011,-13,False,,4.2,4.3,6.2,,4.8,D,1.0,True,1.35,1.33,Pass
4627,1545549,HK161_CO2011_L02,CO2011,-13,False,,7.8,8.4,7.9,,8.1,B+,3.5,True,3.06,3.26,Pass
4628,1547700,HK161_CO2011_L02,CO2011,-13,False,,7.2,7.2,7.6,,7.3,B,3.0,True,3.12,3.31,Pass
4629,1523575,HK161_CO2011_L02,CO2011,-13,False,,5.8,5.8,9.1,,6.8,C+,2.5,True,2.71,2.53,Pass
4630,1506241,HK161_CO2011_L02,CO2011,-13,False,,7.6,6.8,7.7,,7.2,B,3.0,True,3.41,3.19,Pass
4631,1507169,HK161_CO2011_L02,CO2011,-13,False,,6.6,5.9,6.9,,6.3,C,2.0,True,2.29,2.34,Pass
4632,1510838,HK161_CO2011_L02,CO2011,-13,False,,7.6,7.5,8.6,,7.8,B,3.0,True,3.12,3.05,Pass
4633,1537578,HK161_CO2011_L02,CO2011,-13,False,,4.4,5.2,6.0,,5.3,D+,1.5,True,1.82,1.76,Pass
4634,1562926,HK161_CO2011_L02,CO2011,-13,False,,7.3,8.4,7.4,,7.9,B,3.0,True,3.12,3.4,Pass
4635,1586882,HK161_CO2011_L02,CO2011,-13,False,,8.9,9.1,9.9,,9.3,A,4.0,True,4.0,3.92,Pass
4636,1554322,HK161_CO2011_L02,CO2011,-13,False,,7.1,6.4,6.0,,6.4,C+,2.5,True,2.5,2.53,Pass
4637,1509320,HK161_CO2011_L02,CO2011,-13,False,,8.0,8.0,8.0,,8.0,B+,3.5,True,3.44,3.4,Pass
4638,1556768,HK161_CO2011_L02,CO2011,-13,False,,7.5,7.8,7.6,,7.7,B,3.0,True,3.09,3.45,Pass
4639,1593335,HK161_CO2011_L02,CO2011,-13,False,,8.3,6.8,7.9,,7.4,B,3.0,True,3.29,3.35,Pass
4640,1587051,HK161_CO2011_L02,CO2011,-13,False,,8.2,6.9,8.1,,7.5,B,3.0,True,3.0,3.33,Pass
4641,1571361,HK161_CO2011_L02,CO2011,-13,False,,7.4,8.1,6.8,,7.6,B,3.0,True,3.0,2.8,Pass
4642,1530366,HK161_CO2011_L02,CO2011,-13,False,,7.7,8.8,8.1,,8.4,B+,3.5,True,3.53,3.47,Pass
4643,1577519,HK161_CO2011_L02,CO2011,-13,False,,8.3,7.4,8.2,,7.8,B,3.0,True,3.21,3.34,Pass
4644,1599324,HK161_CO2011_L02,CO2011,-13,False,,9.0,8.1,8.4,,8.4,B+,3.5,True,3.41,3.42,Pass
4645,1542639,HK161_CO2011_L03,CO2011,-13,False,,8.1,7.0,7.1,,7.2,B,3.0,True,3.09,3.1,Pass
4646,1560142,HK161_CO2011_L03,CO2011,-13,False,,6.3,5.6,7.0,,6.2,C,2.0,True,2.65,2.56,Pass
4647,1556009,HK161_CO2011_L03,CO2011,-13,False,,6.9,7.3,8.3,,7.5,B,3.0,True,3.47,3.14,Pass
4648,1596878,HK161_CO2011_L03,CO2011,-13,False,,6.6,7.0,8.9,,7.5,B,3.0,True,3.32,3.36,Pass
4649,1575199,HK161_CO2011_L03,CO2011,-13,False,,6.5,6.4,7.9,,6.9,C+,2.5,True,2.79,2.63,Pass
4650,1575368,HK161_CO2011_L03,CO2011,-13,False,,5.1,5.3,6.2,,5.5,C,2.0,True,1.94,1.71,Pass
4651,1515604,HK161_CO2011_L03,CO2011,-13,False,,7.3,5.7,6.8,,6.3,C,2.0,True,2.74,2.68,Pass
4652,1557063,HK161_CO2011_L03,CO2011,-13,False,,10.0,8.1,8.2,,8.5,A,4.0,True,3.42,3.35,Pass
4653,1531125,HK161_CO2011_L03,CO2011,-13,False,,6.2,7.4,6.9,,7.0,B,3.0,True,3.09,3.3,Pass
4654,1592871,HK161_CO2011_L03,CO2011,-13,False,,8.8,7.3,7.2,,7.6,B,3.0,True,3.31,3.39,Pass
4655,1540657,HK161_CO2011_L03,CO2011,-13,False,,5.5,7.4,6.1,,6.6,C+,2.5,True,2.37,2.3,Pass
4656,1587810,HK161_CO2011_L03,CO2011,-13,False,,8.3,8.1,8.2,,8.2,B+,3.5,True,3.21,3.03,Pass
4657,1540024,HK161_CO2011_L03,CO2011,-13,False,,5.4,5.1,5.9,,5.4,D+,1.5,True,1.72,1.86,Pass
4658,1521888,HK161_CO2011_L03,CO2011,-13,False,,6.7,5.7,6.4,,6.1,C,2.0,True,1.66,1.77,Pass
4659,1581357,HK161_CO2011_L03,CO2011,-13,False,,7.3,8.7,6.5,,7.8,B,3.0,True,3.56,3.39,Pass
4660,1537873,HK161_CO2011_L03,CO2011,-13,False,,4.6,5.0,6.4,,5.3,D+,1.5,True,1.69,1.73,Pass
4661,1542175,HK161_CO2011_L03,CO2011,-13,False,,8.4,9.1,8.0,,8.6,A,4.0,True,3.47,3.42,Pass
4662,1582749,HK161_CO2011_L03,CO2011,-13,False,,6.5,7.0,5.4,,6.4,C+,2.5,True,2.35,2.38,Pass
4663,1567987,HK161_CO2011_L03,CO2011,-13,False,,5.8,5.4,5.1,,5.4,D+,1.5,True,1.59,1.8,Pass
4664,1567818,HK161_CO2011_L03,CO2011,-13,False,,8.4,7.3,9.5,,8.2,B+,3.5,True,3.47,3.26,Pass
4665,1589328,HK161_CO2011_L03,CO2011,-13,False,,8.4,6.8,7.2,,7.2,B,3.0,True,3.44,3.28,Pass
4666,1555250,HK161_CO2011_L03,CO2011,-13,False,,8.7,7.3,8.6,,8.0,B+,3.5,True,3.65,3.52,Pass
4667,1541880,HK161_CO2011_L03,CO2011,-13,False,,9.2,6.5,5.2,,6.7,C+,2.5,True,2.55,2.29,Pass
4668,1503795,HK161_CO2011_L03,CO2011,-13,False,,5.1,5.2,4.8,,5.1,D+,1.5,True,1.81,1.71,Pass
4669,1530028,HK161_CO2011_L03,CO2011,-13,False,,8.1,8.8,7.8,,8.4,B+,3.5,True,3.5,3.28,Pass
4670,1546772,HK161_CO2011_L03,CO2011,-13,False,,7.6,8.6,8.5,,8.4,B+,3.5,True,3.21,3.09,Pass
4671,1533571,HK161_CO2011_L03,CO2011,-13,False,,6.8,4.2,5.3,,5.1,D+,1.5,True,1.21,1.49,Pass
4672,1520665,HK161_CO2011_L03,CO2011,-13,False,,7.0,5.6,5.5,,5.8,C,2.0,True,2.32,2.27,Pass
4673,1565836,HK161_CO2011_L03,CO2011,-13,False,,6.5,6.3,5.9,,6.2,C,2.0,True,1.92,1.74,Pass
4674,1567523,HK161_CO2011_L03,CO2011,-13,False,,6.4,7.3,8.5,,7.5,B,3.0,True,3.18,3.12,Pass
4675,1523913,HK161_CO2011_L03,CO2011,-13,False,,8.3,7.4,8.4,,7.9,B,3.0,True,3.24,3.16,Pass
4676,1530661,HK161_CO2011_L03,CO2011,-13,False,,5.7,5.0,5.6,,5.3,D+,1.5,True,1.45,1.47,Pass
4677,1573217,HK161_CO2011_L03,CO2011,-13,False,,7.2,8.1,6.6,,7.5,B,3.0,True,2.35,2.48,Pass
4678,1543103,HK161_CO2011_L03,CO2011,-13,False,,7.9,8.1,6.5,,7.6,B,3.0,True,3.32,3.13,Pass
4679,1567228,HK161_CO2011_L03,CO2011,-13,False,,8.8,9.9,7.3,,8.9,A,4.0,True,4.0,3.92,Pass
4680,1559383,HK161_CO2011_L03,CO2011,-13,False,,9.2,8.6,7.7,,8.4,B+,3.5,True,3.18,3.32,Pass
4681,1521298,HK161_CO2011_L03,CO2011,-13,False,,7.2,5.2,8.3,,6.5,C+,2.5,True,2.38,2.49,Pass
4682,1581652,HK161_CO2011_L03,CO2011,-13,False,,8.0,8.2,8.2,,8.2,B+,3.5,True,3.18,3.11,Pass
4683,1567692,HK161_CO2011_L03,CO2011,-13,False,,6.6,6.7,7.2,,6.8,C+,2.5,True,2.79,2.62,Pass
4684,1535132,HK161_CO2011_L03,CO2011,-13,False,,6.6,6.3,7.5,,6.7,C+,2.5,True,2.38,2.59,Pass
4685,1595950,HK161_CO2011_L03,CO2011,-13,False,,6.8,9.9,6.9,,8.4,B+,3.5,True,2.97,2.63,Pass
4686,1522057,HK161_CO2011_L03,CO2011,-13,False,,5.6,7.3,5.9,,6.5,C+,2.5,True,2.69,2.47,Pass
4687,1590720,HK161_CO2011_L03,CO2011,-13,False,,5.5,6.0,5.8,,5.8,C,2.0,True,2.09,2.03,Pass
4688,1532981,HK161_CO2011_L03,CO2011,-13,False,,6.1,7.1,6.8,,6.8,C+,2.5,True,2.32,2.23,Pass
4689,1599619,HK161_CO2011_L03,CO2011,-13,False,,5.9,6.3,5.2,,5.9,C,2.0,True,1.61,1.82,Pass
4690,1509615,HK161_CO2011_L03,CO2011,-13,False,,9.3,9.4,10.0,,9.6,A+,4.0,True,4.0,3.86,Pass
4691,1511935,HK161_CO2011_L03,CO2011,-13,False,,5.9,5.9,5.0,,5.6,C,2.0,True,2.24,2.26,Pass
4692,1561829,HK161_CO2011_L03,CO2011,-13,False,,9.1,8.9,8.0,,8.7,A,4.0,True,3.82,3.44,Pass
4693,1514845,HK161_CO2011_L03,CO2011,-13,False,,5.5,5.7,5.7,,5.7,C,2.0,True,1.56,1.28,Pass
4694,1512230,HK161_CO2011_L03,CO2011,-13,False,,6.7,6.5,6.1,,6.4,C+,2.5,True,2.44,2.49,Pass
4695,1564908,HK161_CO2011_L03,CO2011,-13,False,,7.6,5.5,6.0,,6.1,C,2.0,True,2.62,2.7,Pass
4696,1559214,HK161_CO2011_L03,CO2011,-13,False,,7.8,7.5,8.0,,7.7,B,3.0,True,3.12,3.29,Pass
4697,1581821,HK161_CO2011_L03,CO2011,-13,False,,8.8,7.3,7.8,,7.8,B,3.0,True,3.38,3.32,Pass
4698,1513917,HK161_CO2011_L03,CO2011,-13,False,,6.9,6.6,5.5,,6.3,C,2.0,True,1.82,1.72,Pass
4699,1598101,HK161_CO2011_L03,CO2011,-13,False,,4.0,6.9,4.9,,5.7,C,2.0,True,1.79,1.77,Pass
4700,1539729,HK161_CO2011_L03,CO2011,-13,False,,8.2,8.2,8.4,,8.3,B+,3.5,True,3.59,3.65,Pass
4701,1585954,HK161_CO2011_L03,CO2011,-13,False,,7.5,8.0,7.5,,7.8,B,3.0,True,3.12,3.19,Pass
4702,1509910,HK161_CO2011_L03,CO2011,-13,False,,6.7,6.3,7.0,,6.6,C+,2.5,True,2.82,2.74,Pass
4703,1582580,HK161_CO2011_L03,CO2011,-13,False,,7.9,7.2,7.8,,7.5,B,3.0,True,3.21,3.4,Pass
4704,1518388,HK161_CO2011_L03,CO2011,-13,False,,8.3,6.6,7.7,,7.3,B,3.0,True,3.09,3.25,Pass
4705,1568282,HK161_CO2011_L03,CO2011,-13,False,,7.3,7.6,7.9,,7.6,B,3.0,True,3.0,3.34,Pass
4706,1550610,HK161_CO2011_L03,CO2011,-13,False,,6.1,8.4,7.3,,7.6,B,3.0,True,3.32,3.26,Pass
4707,1569969,HK161_CO2011_L03,CO2011,-13,False,,5.3,6.6,7.4,,6.6,C+,2.5,True,2.62,2.41,Pass
4708,1528805,HK161_CO2011_L03,CO2011,-13,False,,8.1,8.8,7.3,,8.2,B+,3.5,True,3.41,3.24,Pass
4709,1546646,HK161_CO2011_L03,CO2011,-13,False,,8.8,7.2,7.2,,7.5,B,3.0,True,3.0,3.18,Pass
4710,1551243,HK161_CO2011_L03,CO2011,-13,False,,6.0,6.5,6.8,,6.5,C+,2.5,True,2.41,2.46,Pass
4711,1592407,HK161_CO2011_L03,CO2011,-13,False,,7.0,6.3,7.8,,6.9,C+,2.5,True,2.44,2.44,Pass
4712,1505018,HK161_CO2011_L03,CO2011,-13,False,,7.6,8.1,8.8,,8.2,B+,3.5,True,3.21,3.13,Pass
4713,1519737,HK161_CO2011_L03,CO2011,-13,False,,8.3,7.4,7.6,,7.6,B,3.0,True,3.59,3.3,Pass
4714,1545254,HK161_CO2011_L03,CO2011,-13,False,,9.4,9.9,8.2,,9.3,A,4.0,True,3.29,3.15,Pass
4715,1500083,HK161_CO2011_L03,CO2011,-13,False,,7.3,8.2,7.6,,7.8,B,3.0,True,3.47,3.37,Pass
4716,1583972,HK161_CO2011_L03,CO2011,-13,False,,6.8,7.0,5.7,,6.6,C+,2.5,True,2.09,2.13,Pass
4717,1541121,HK161_CO2011_L03,CO2011,-13,False,,8.7,8.4,8.5,,8.5,A,4.0,True,3.71,3.57,Pass
4718,1599155,HK161_CO2011_L03,CO2011,-13,False,,9.1,7.1,8.3,,7.9,B,3.0,True,3.0,3.15,Pass
4719,1577983,HK161_CO2011_L03,CO2011,-13,False,,6.0,6.9,5.6,,6.3,C,2.0,True,2.25,2.34,Pass
4720,1587641,HK161_CO2011_L03,CO2011,-13,False,,8.2,6.9,9.3,,7.9,B,3.0,True,3.09,3.25,Pass
4721,1517460,HK161_CO2011_L03,CO2011,-13,False,,7.2,5.3,6.8,,6.1,C,2.0,True,2.21,2.2,Pass
4722,1556473,HK161_CO2011_L03,CO2011,-13,False,,5.7,5.2,5.0,,5.2,D+,1.5,True,1.41,1.51,Pass
4723,1521593,HK161_CO2011_L03,CO2011,-13,False,,8.6,7.5,7.6,,7.8,B,3.0,True,3.32,3.56,Pass
4724,1588105,HK161_CO2011_L03,CO2011,-13,False,,6.8,6.0,5.0,,5.9,C,2.0,True,1.79,1.81,Pass
4725,1566131,HK161_CO2011_L03,CO2011,-13,False,,7.7,7.4,6.1,,7.1,B,3.0,True,2.71,2.55,Pass
4726,1548923,HK161_CO2011_L03,CO2011,-13,False,,7.1,5.9,6.8,,6.4,C+,2.5,True,2.5,2.49,Pass
4727,1549725,HK161_CO2011_L03,CO2011,-13,False,,6.3,6.1,5.8,,6.0,C,2.0,True,2.62,2.5,Pass
4728,1537114,HK161_CO2011_L03,CO2011,-13,False,,7.6,9.4,8.2,,8.7,A,4.0,True,3.26,3.39,Pass
4729,1564318,HK161_CO2011_L03,CO2011,-13,False,,7.4,8.9,8.3,,8.4,B+,3.5,True,3.5,3.4,Pass
4730,1569505,HK161_CO2011_L03,CO2011,-13,False,,7.4,7.0,8.4,,7.5,B,3.0,True,2.68,2.55,Pass
4731,1559847,HK161_CO2011_L03,CO2011,-13,False,,7.0,4.9,6.8,,5.9,C,2.0,True,2.18,2.31,Pass
4732,1596245,HK161_CO2011_L03,CO2011,-13,False,,5.3,6.4,6.8,,6.3,C,2.0,True,1.84,1.78,Pass
4733,1521129,HK161_CO2011_L03,CO2011,-13,False,,9.2,8.9,8.8,,8.9,A,4.0,True,4.0,4.0,Pass
4734,1571066,HK161_CO2011_L03,CO2011,-13,False,,8.9,8.1,8.1,,8.3,B+,3.5,True,3.35,3.45,Pass
4735,1552761,HK161_CO2011_L03,CO2011,-13,False,,7.0,7.0,7.7,,7.2,B,3.0,True,2.76,2.6,Pass
4736,1534963,HK161_CO2011_L03,CO2011,-13,False,,6.0,7.2,6.7,,6.8,C+,2.5,True,2.26,2.43,Pass
4737,1554786,HK161_CO2011_L03,CO2011,-13,False,,5.5,6.3,7.3,,6.4,C+,2.5,True,2.41,2.68,Pass
4738,1543398,HK161_CO2011_L03,CO2011,-13,False,,7.4,6.5,6.5,,6.7,C+,2.5,True,2.38,2.54,Pass
4739,1513453,HK161_CO2011_L03,CO2011,-13,False,,6.6,6.8,6.2,,6.6,C+,2.5,True,1.97,1.68,Pass
4740,1511007,HK161_CO2011_L03,CO2011,-13,False,,6.1,6.1,5.2,,5.8,C,2.0,True,1.59,1.68,Pass
4741,1522352,HK161_CO2011_L03,CO2011,-13,False,,6.6,8.3,6.5,,7.4,B,3.0,True,3.47,3.4,Pass
4742,1556304,HK161_CO2011_L03,CO2011,-13,False,,6.9,7.3,6.9,,7.1,B,3.0,True,2.38,2.39,Pass
4743,1532812,HK161_CO2011_L03,CO2011,-13,False,,8.5,9.0,8.8,,8.8,A,4.0,True,3.5,3.53,Pass
4744,1585026,HK161_CO2011_L03,CO2011,-13,False,,8.1,7.3,7.2,,7.4,B,3.0,True,3.06,3.06,Pass
4745,1562293,HK161_CO2011_L03,CO2011,-13,False,,8.3,8.6,8.6,,8.5,A,4.0,True,3.38,3.28,Pass
4746,1563685,HK161_CO2011_L03,CO2011,-13,False,,6.9,5.9,6.6,,6.3,C,2.0,True,2.5,2.61,Pass
4747,1591353,HK161_CO2011_L03,CO2011,-13,False,,8.0,7.8,7.9,,7.9,B,3.0,True,3.0,3.14,Pass
4748,1531589,HK161_CO2011_L03,CO2011,-13,False,,8.1,8.3,8.0,,8.2,B+,3.5,True,3.62,3.47,Pass
4749,1540488,HK161_CO2011_L03,CO2011,-13,False,,7.2,8.9,8.3,,8.4,B+,3.5,True,3.47,3.53,Pass
4750,1523449,HK161_CO2011_L03,CO2011,-13,False,,8.2,8.3,5.6,,7.5,B,3.0,True,2.68,2.62,Pass
4751,1524377,HK161_CO2011_L03,CO2011,-13,False,,4.7,4.6,5.9,,5.0,D+,1.5,True,1.41,1.32,Pass
4752,1522226,HK161_CO2011_L03,CO2011,-13,False,,7.9,8.3,8.1,,8.2,B+,3.5,True,3.71,3.52,Pass
4753,1538042,HK161_CO2011_L03,CO2011,-13,False,,9.0,8.7,7.4,,8.4,B+,3.5,True,3.35,3.25,Pass
4754,1568915,HK161_CO2011_L03,CO2011,-13,False,,7.6,8.0,8.6,,8.1,B+,3.5,True,3.59,3.66,Pass
4755,1505608,HK161_CO2011_L03,CO2011,-13,False,,6.2,6.0,6.7,,6.2,C,2.0,True,2.47,2.7,Pass
4756,1588864,HK161_CO2011_L04,CO2011,-13,False,,8.4,7.0,7.1,,7.3,B,3.0,True,2.76,2.51,Pass
4757,1500547,HK161_CO2011_L04,CO2011,-13,False,,8.8,8.1,8.4,,8.3,B+,3.5,True,3.18,3.19,Pass
4758,1516237,HK161_CO2011_L04,CO2011,-13,False,,8.4,7.4,8.2,,7.8,B,3.0,True,3.53,3.56,Pass
4759,1521762,HK161_CO2011_L04,CO2011,-13,False,,7.4,7.7,8.3,,7.8,B,3.0,True,3.0,3.25,Pass
4760,1557991,HK161_CO2011_L04,CO2011,-13,False,,6.5,6.2,5.4,,6.0,C,2.0,True,2.32,2.37,Pass
4761,1535891,HK161_CO2011_L04,CO2011,-13,False,,8.6,8.3,8.3,,8.4,B+,3.5,True,3.26,3.24,Pass
4762,1559678,HK161_CO2011_L04,CO2011,-13,False,,8.6,8.0,7.1,,7.8,B,3.0,True,3.44,3.31,Pass
4763,1550315,HK161_CO2011_L04,CO2011,-13,False,,6.4,5.4,5.2,,5.5,C,2.0,True,1.78,1.72,Pass
4764,1532053,HK161_CO2011_L04,CO2011,-13,False,,8.3,8.6,5.6,,7.6,B,3.0,True,2.47,2.43,Pass
4765,1578573,HK161_CO2011_L04,CO2011,-13,False,,6.6,6.4,6.4,,6.4,C+,2.5,True,2.65,2.54,Pass
4766,1505144,HK161_CO2011_L04,CO2011,-13,False,,8.7,7.5,8.2,,7.9,B,3.0,True,3.09,3.32,Pass
4767,1558455,HK161_CO2011_L04,CO2011,-13,False,,6.1,7.3,5.8,,6.6,C+,2.5,True,2.82,2.69,Pass
4768,1540193,HK161_CO2011_L04,CO2011,-13,False,,7.7,8.4,6.5,,7.7,B,3.0,True,3.09,3.1,Pass
4769,1594558,HK161_CO2011_L04,CO2011,-13,False,,7.9,7.2,8.3,,7.7,B,3.0,True,3.5,3.49,Pass
4770,1501939,HK161_CO2011_L04,CO2011,-13,False,,7.4,6.9,6.8,,7.0,B,3.0,True,3.38,3.24,Pass
4771,1563390,HK161_CO2011_L04,CO2011,-13,False,,8.5,9.1,9.1,,9.0,A,4.0,True,3.5,3.43,Pass
4772,1568746,HK161_CO2011_L04,CO2011,-13,False,,8.4,8.4,8.0,,8.3,B+,3.5,True,3.5,3.46,Pass
4773,1561998,HK161_CO2011_L04,CO2011,-13,False,,5.9,6.6,6.4,,6.4,C+,2.5,True,2.65,2.48,Pass
4774,1551412,HK161_CO2011_L04,CO2011,-13,False,,9.3,7.8,8.4,,8.3,B+,3.5,True,3.29,3.44,Pass
4775,1547110,HK161_CO2011_L04,CO2011,-13,False,,6.8,6.0,7.2,,6.5,C+,2.5,True,2.91,2.77,Pass
4776,1528679,HK161_CO2011_L04,CO2011,-13,False,,8.2,8.0,7.3,,7.8,B,3.0,True,3.12,3.23,Pass
4777,1569210,HK161_CO2011_L04,CO2011,-13,False,,6.2,7.4,6.5,,6.9,C+,2.5,True,2.5,2.56,Pass
4778,1584267,HK161_CO2011_L04,CO2011,-13,False,,6.6,6.5,7.4,,6.8,C+,2.5,True,2.62,2.4,Pass
4779,1526528,HK161_CO2011_L04,CO2011,-13,False,,4.7,5.6,3.9,,4.9,D,1.0,True,1.5,1.8,Pass
4780,1530197,HK161_CO2011_L04,CO2011,-13,False,,8.8,7.4,7.7,,7.8,B,3.0,True,3.62,3.58,Pass
4781,1588400,HK161_CO2011_L04,CO2011,-13,False,,7.4,6.8,7.7,,7.2,B,3.0,True,3.41,3.27,Pass
4782,1525136,HK161_CO2011_L04,CO2011,-13,False,,9.0,7.9,7.1,,7.9,B,3.0,True,2.88,2.96,Pass
4783,1561703,HK161_CO2011_L04,CO2011,-13,False,,7.0,6.8,8.3,,7.3,B,3.0,True,3.0,2.8,Pass
4784,1548164,HK161_CO2011_L04,CO2011,-13,False,,8.3,7.4,6.8,,7.4,B,3.0,True,3.41,3.51,Pass
4785,1508392,HK161_CO2011_L04,CO2011,-13,False,,7.0,5.5,8.1,,6.6,C+,2.5,True,2.0,2.24,Pass
4786,1539096,HK161_CO2011_L04,CO2011,-13,False,,7.7,6.7,7.4,,7.1,B,3.0,True,2.91,3.12,Pass
4787,1553858,HK161_CO2011_L04,CO2011,-13,False,,7.9,6.7,8.5,,7.5,B,3.0,True,3.41,3.34,Pass
4788,1507759,HK161_CO2011_L04,CO2011,-13,False,,8.9,8.6,9.7,,9.0,A,4.0,True,4.0,3.94,Pass
4789,1520370,HK161_CO2011_L04,CO2011,-13,False,,8.8,8.6,9.2,,8.8,A,4.0,True,3.5,3.32,Pass
4790,1586123,HK161_CO2011_L04,CO2011,-13,False,,6.9,6.0,6.4,,6.3,C,2.0,True,2.0,2.03,Pass
4791,1578911,HK161_CO2011_L04,CO2011,-13,False,,8.0,9.1,7.2,,8.3,B+,3.5,True,3.18,3.39,Pass
4792,1549261,HK161_CO2011_L04,CO2011,-13,False,,7.1,8.6,8.7,,8.3,B+,3.5,True,3.62,3.34,Pass
4793,1593166,HK161_CO2011_L04,CO2011,-13,False,,7.5,7.3,7.2,,7.3,B,3.0,True,2.97,2.9,Pass
4794,1561365,HK161_CO2011_L04,CO2011,-13,False,,7.6,8.0,6.4,,7.4,B,3.0,True,2.53,2.33,Pass
4795,1563854,HK161_CO2011_L04,CO2011,-13,False,,4.7,5.7,4.7,,5.2,D+,1.5,True,1.74,1.71,Pass
4796,1542470,HK161_CO2011_L04,CO2011,-13,False,,8.8,8.1,7.1,,7.9,B,3.0,True,3.12,3.1,Pass
4797,1564149,HK161_CO2011_L04,CO2011,-13,False,,6.2,7.5,8.9,,7.7,B,3.0,True,2.59,2.44,Pass
4798,1589033,HK161_CO2011_L04,CO2011,-13,False,,8.3,8.8,9.0,,8.8,A,4.0,True,3.62,3.23,Pass
4799,1571994,HK161_CO2011_L04,CO2011,-13,False,,8.0,7.8,7.2,,7.7,B,3.0,True,3.5,3.52,Pass
4800,1575958,HK161_CO2011_L04,CO2011,-13,False,,5.8,5.5,5.7,,5.6,C,2.0,True,1.82,1.75,Pass
4801,1542934,HK161_CO2011_L04,CO2011,-13,False,,7.3,7.1,8.9,,7.7,B,3.0,True,3.29,3.33,Pass
4802,1520201,HK161_CO2011_L04,CO2011,-13,False,,6.5,6.6,7.7,,6.9,C+,2.5,True,2.41,2.46,Pass
4803,1591479,HK161_CO2011_L04,CO2011,-13,False,,7.9,9.6,9.3,,9.2,A,4.0,True,3.88,3.76,Pass
4804,1541247,HK161_CO2011_L04,CO2011,-13,False,,5.8,6.4,6.4,,6.3,C,2.0,True,2.09,2.41,Pass
4805,1541416,HK161_CO2011_L04,CO2011,-13,False,,8.8,7.7,9.1,,8.3,B+,3.5,True,3.29,3.22,Pass
4806,1551538,HK161_CO2011_L04,CO2011,-13,False,,7.5,8.7,7.0,,7.9,B,3.0,True,3.12,3.32,Pass
4807,1540952,HK161_CO2011_L04,CO2011,-13,False,,5.5,6.8,5.6,,6.2,C,2.0,True,1.62,1.57,Pass
4808,1570433,HK161_CO2011_L04,CO2011,-13,False,,6.2,6.4,7.7,,6.8,C+,2.5,True,2.82,2.62,Pass
4809,1579501,HK161_CO2011_L04,CO2011,-13,False,,10.0,10.0,8.1,,9.4,A,4.0,True,4.0,3.96,Pass
4810,1544959,HK161_CO2011_L04,CO2011,-13,False,,7.4,9.0,8.4,,8.5,A,4.0,True,3.47,3.29,Pass
4811,1596540,HK161_CO2011_L04,CO2011,-13,False,,8.6,7.9,7.7,,8.0,B+,3.5,True,3.53,3.49,Pass
4812,1574440,HK161_CO2011_L04,CO2011,-13,False,,8.4,7.3,7.7,,7.6,B,3.0,True,3.18,3.21,Pass
4813,1565077,HK161_CO2011_L04,CO2011,-13,False,,6.8,7.0,7.3,,7.0,B,3.0,True,2.68,2.6,Pass
4814,1598691,HK161_CO2011_L04,CO2011,-13,False,,5.6,6.6,6.5,,6.4,C+,2.5,True,2.53,2.34,Pass
4815,1576296,HK161_CO2011_L04,CO2011,-13,False,,9.9,7.9,9.8,,8.9,A,4.0,True,3.88,3.91,Pass
4816,1529269,HK161_CO2011_L04,CO2011,-13,False,,5.6,5.1,4.9,,5.1,D+,1.5,True,1.82,1.77,Pass
4817,1555840,HK161_CO2011_L04,CO2011,-13,False,,7.8,8.3,9.2,,8.5,A,4.0,True,3.62,3.59,Pass
4818,1535427,HK161_CO2011_L04,CO2011,-13,False,,6.6,5.1,5.1,,5.4,D+,1.5,True,1.84,1.81,Pass
4819,1522816,HK161_CO2011_L04,CO2011,-13,False,,6.5,6.3,6.6,,6.4,C+,2.5,True,2.62,2.42,Pass
4820,1500252,HK161_CO2011_L04,CO2011,-13,False,,7.3,6.6,5.8,,6.5,C+,2.5,True,2.37,2.62,Pass
4821,1562167,HK161_CO2011_L04,CO2011,-13,False,,8.3,8.1,8.4,,8.2,B+,3.5,True,3.41,3.29,Pass
4822,1504385,HK161_CO2011_L04,CO2011,-13,False,,7.3,8.1,7.6,,7.8,B,3.0,True,3.25,3.49,Pass
4823,1573807,HK161_CO2011_L04,CO2011,-13,False,,5.8,7.2,6.7,,6.8,C+,2.5,True,2.29,2.51,Pass
4824,1567354,HK161_CO2011_L04,CO2011,-13,False,,7.0,8.6,7.7,,8.0,B+,3.5,True,3.5,3.42,Pass
4825,1516068,HK161_CO2011_L04,CO2011,-13,False,,7.3,7.4,6.8,,7.2,B,3.0,True,2.76,2.65,Pass
4826,1503626,HK161_CO2011_L04,CO2011,-13,False,,5.0,5.3,5.2,,5.2,D+,1.5,True,1.44,1.69,Pass
4827,1538506,HK161_CO2011_L04,CO2011,-13,False,,5.9,5.1,5.3,,5.3,D+,1.5,True,1.91,1.93,Pass
4828,1527877,HK161_CO2011_L04,CO2011,-13,False,,7.4,6.7,6.9,,6.9,C+,2.5,True,2.62,2.69,Pass
4829,1541711,HK161_CO2011_L04,CO2011,-13,False,,8.5,8.0,8.5,,8.2,B+,3.5,True,3.56,3.43,Pass
4830,1578278,HK161_CO2011_L04,CO2011,-13,False,,8.4,7.5,7.4,,7.7,B,3.0,True,3.09,3.06,Pass
4831,1517586,HK161_CO2011_L04,CO2011,-13,False,,7.4,6.7,6.6,,6.8,C+,2.5,True,2.91,3.0,Pass
4832,1503457,HK161_CO2011_L04,CO2011,-13,False,,5.1,6.1,5.6,,5.8,C,2.0,True,1.65,1.74,Pass
4833,1507295,HK161_CO2011_L04,CO2011,-13,False,,7.3,8.7,8.4,,8.3,B+,3.5,True,3.44,3.34,Pass
4834,1518514,HK161_CO2011_L04,CO2011,-13,False,,7.6,5.9,6.7,,6.5,C+,2.5,True,2.71,2.46,Pass
4835,1539560,HK161_CO2011_L04,CO2011,-13,False,,8.2,6.6,5.6,,6.6,C+,2.5,True,2.5,2.5,Pass
4836,1501644,HK161_CO2011_L04,CO2011,-13,False,,7.2,5.4,5.5,,5.8,C,2.0,True,2.09,1.98,Pass
4837,1533276,HK161_CO2011_L04,CO2011,-13,False,,7.3,8.5,7.9,,8.1,B+,3.5,True,3.38,3.28,Pass
4838,1586587,HK161_CO2011_L04,CO2011,-13,False,,6.3,4.7,6.6,,5.6,C,2.0,True,1.53,1.65,Pass
4839,1563516,HK161_CO2011_L04,CO2011,-13,False,,6.6,6.3,5.9,,6.2,C,2.0,True,2.09,2.27,Pass
4840,1518219,HK161_CO2011_L04,CO2011,-13,False,,8.3,7.7,8.8,,8.2,B+,3.5,True,3.53,3.46,Pass
4841,1543862,HK161_CO2011_L04,CO2011,-13,False,,6.6,5.9,5.3,,5.9,C,2.0,True,1.73,1.68,Pass
4842,1584562,HK161_CO2011_L04,CO2011,-13,False,,5.8,7.0,7.3,,6.8,C+,2.5,True,2.59,2.63,Pass
4843,1562462,HK161_CO2011_L04,CO2011,-13,False,,4.7,5.1,6.2,,5.3,D+,1.5,True,1.71,1.66,Pass
4844,1522521,HK161_CO2011_L04,CO2011,-13,False,,8.8,7.9,7.1,,7.8,B,3.0,True,3.41,3.49,Pass
4845,1571825,HK161_CO2011_L04,CO2011,-13,False,,5.6,5.3,6.3,,5.7,C,2.0,True,1.5,1.51,Pass
4846,1504849,HK161_CO2011_L04,CO2011,-13,False,,6.7,6.2,7.4,,6.7,C+,2.5,True,2.82,2.91,Pass
4847,1505946,HK161_CO2011_L04,CO2011,-13,False,,5.7,6.1,6.9,,6.3,C,2.0,True,2.19,2.37,Pass
4848,1589202,HK161_CO2011_L04,CO2011,-13,False,,8.3,7.9,8.1,,8.0,B+,3.5,True,3.38,3.37,Pass
4849,1537409,HK161_CO2011_L04,CO2011,-13,False,,8.8,8.2,8.6,,8.4,B+,3.5,True,3.29,3.3,Pass
4850,1533740,HK161_CO2011_L04,CO2011,-13,False,,7.4,6.7,8.1,,7.3,B,3.0,True,3.37,3.32,Pass
4851,1507928,HK161_CO2011_L04,CO2011,-13,False,,7.2,9.0,7.6,,8.2,B+,3.5,True,2.84,2.72,Pass
4852,1511471,HK161_CO2011_L04,CO2011,-13,False,,6.3,7.2,8.7,,7.5,B,3.0,True,3.0,3.13,Pass
4853,1503162,HK161_CO2011_L04,CO2011,-13,False,,8.7,8.7,7.4,,8.3,B+,3.5,True,3.35,3.3,Pass
4854,1563980,HK161_CO2011_L04,CO2011,-13,False,,9.0,9.1,9.2,,9.1,A,4.0,True,4.0,4.0,Pass
4855,1550779,HK161_CO2011_L04,CO2011,-13,False,,6.4,6.0,6.3,,6.2,C,2.0,True,2.44,2.26,Pass
4856,1575832,HK161_CO2011_L04,CO2011,-13,False,,8.7,8.4,7.9,,8.3,B+,3.5,True,3.47,3.5,Pass
4857,1589497,HK161_CO2011_L04,CO2011,-13,False,,7.6,7.2,9.4,,7.9,B,3.0,True,3.5,3.45,Pass
4858,1525726,HK161_CO2011_L04,CO2011,-13,False,,7.2,7.9,7.5,,7.6,B,3.0,True,3.53,3.23,Pass
4859,1502234,HK161_CO2011_L04,CO2011,-13,False,,7.4,8.0,7.2,,7.6,B,3.0,True,3.12,3.1,Pass
4860,1574145,HK161_CO2011_L04,CO2011,-13,False,,6.2,6.1,5.1,,5.8,C,2.0,True,2.12,2.01,Pass
4861,1588569,HK161_CO2011_L04,CO2011,-13,False,,7.2,8.0,7.8,,7.8,B,3.0,True,3.32,3.19,Pass
4862,1524672,HK161_CO2011_L04,CO2011,-13,False,,6.5,7.0,6.3,,6.7,C+,2.5,True,2.5,2.38,Pass
4863,1516532,HK161_CO2011_L04,CO2011,-13,False,,7.6,9.8,8.9,,9.1,A,4.0,True,3.79,3.74,Pass
4864,1513158,HK161_CO2011_L04,CO2011,-13,False,,8.5,8.5,8.3,,8.4,B+,3.5,True,3.5,3.31,Pass
4865,1534668,HK161_CO2011_L04,CO2011,-13,False,,6.8,5.7,6.3,,6.1,C,2.0,True,2.53,2.38,Pass
4866,1560016,HK161_CO2011_L04,CO2011,-13,False,,7.1,8.3,7.5,,7.8,B,3.0,True,3.37,3.3,Pass
4867,1527118,HK161_CO2011_L05,CO2011,-13,False,,8.0,9.1,8.9,,8.8,A,4.0,True,3.15,3.24,Pass
4868,1595022,HK161_CO2011_L05,CO2011,-13,False,,8.8,8.0,7.5,,8.0,B+,3.5,True,3.22,3.37,Pass
4869,1570602,HK161_CO2011_L05,CO2011,-13,False,,7.7,8.8,8.7,,8.6,A,4.0,True,3.59,3.44,Pass
4870,1548628,HK161_CO2011_L05,CO2011,-13,False,,7.2,7.0,7.1,,7.1,B,3.0,True,2.76,2.7,Pass
4871,1578447,HK161_CO2011_L05,CO2011,-13,False,,7.5,7.2,6.3,,7.0,B,3.0,True,2.59,2.78,Pass
4872,1577350,HK161_CO2011_L05,CO2011,-13,False,,7.4,8.1,7.8,,7.9,B,3.0,True,3.12,3.12,Pass
4873,1599493,HK161_CO2011_L05,CO2011,-13,False,,7.9,8.5,8.1,,8.3,B+,3.5,True,3.38,3.59,Pass
4874,1515773,HK161_CO2011_L05,CO2011,-13,False,,6.1,5.4,5.9,,5.7,C,2.0,True,2.25,2.48,Pass
4875,1557232,HK161_CO2011_L05,CO2011,-13,False,,6.2,3.1,5.5,,4.4,D,1.0,True,1.53,1.64,Pass
4876,1589961,HK161_CO2011_L05,CO2011,-13,False,,8.1,8.1,9.5,,8.5,A,4.0,True,3.47,3.24,Pass
4877,1585659,HK161_CO2011_L05,CO2011,-13,False,,6.9,7.2,6.0,,6.8,C+,2.5,True,2.65,2.4,Pass
4878,1535722,HK161_CO2011_L05,CO2011,-13,False,,6.6,4.9,5.1,,5.3,D+,1.5,True,2.29,2.15,Pass
4879,1526064,HK161_CO2011_L05,CO2011,-13,False,,8.4,9.0,7.3,,8.4,B+,3.5,True,3.37,3.51,Pass
4880,1597342,HK161_CO2011_L05,CO2011,-13,False,,5.8,7.1,6.8,,6.8,C+,2.5,True,2.18,2.24,Pass
4881,1555545,HK161_CO2011_L05,CO2011,-13,False,,7.8,8.0,7.7,,7.9,B,3.0,True,3.12,3.16,Pass
4882,1512694,HK161_CO2011_L05,CO2011,-13,False,,8.4,8.0,9.3,,8.5,A,4.0,True,3.41,3.36,Pass
4883,1574271,HK161_CO2011_L05,CO2011,-13,False,,8.5,6.8,7.7,,7.4,B,3.0,True,3.03,3.05,Pass
4884,1515140,HK161_CO2011_L05,CO2011,-13,False,,6.2,5.2,4.7,,5.2,D+,1.5,True,1.72,1.67,Pass
4885,1538801,HK161_CO2011_L05,CO2011,-13,False,,4.7,5.2,5.8,,5.3,D+,1.5,True,1.25,1.41,Pass
4886,1558919,HK161_CO2011_L05,CO2011,-13,False,,7.7,7.9,8.1,,7.9,B,3.0,True,3.18,3.45,Pass
4887,1587346,HK161_CO2011_L05,CO2011,-13,False,,6.7,5.9,7.1,,6.4,C+,2.5,True,2.29,2.28,Pass
4888,1595781,HK161_CO2011_L05,CO2011,-13,False,,7.9,8.7,7.5,,8.2,B+,3.5,True,3.5,3.52,Pass
4889,1536650,HK161_CO2011_L05,CO2011,-13,False,,7.9,7.7,8.5,,8.0,B+,3.5,True,3.41,3.23,Pass
4890,1501475,HK161_CO2011_L05,CO2011,-13,False,,7.4,6.5,8.9,,7.4,B,3.0,True,3.0,3.39,Pass
4891,1572753,HK161_CO2011_L05,CO2011,-13,False,,7.7,7.3,8.2,,7.6,B,3.0,True,3.21,3.45,Pass
4892,1593630,HK161_CO2011_L05,CO2011,-13,False,,8.5,8.0,8.7,,8.3,B+,3.5,True,3.53,3.39,Pass
4893,1584731,HK161_CO2011_L05,CO2011,-13,False,,5.9,5.6,5.6,,5.7,C,2.0,True,2.0,1.89,Pass
4894,1508982,HK161_CO2011_L05,CO2011,-13,False,,6.4,6.3,5.8,,6.2,C,2.0,True,2.47,2.25,Pass
4895,1536355,HK161_CO2011_L05,CO2011,-13,False,,6.1,5.7,6.4,,6.0,C,2.0,True,2.0,1.86,Pass
4896,1505313,HK161_CO2011_L05,CO2011,-13,False,,7.4,8.2,7.1,,7.7,B,3.0,True,3.24,3.41,Pass
4897,1585195,HK161_CO2011_L05,CO2011,-13,False,,6.8,6.4,7.5,,6.8,C+,2.5,True,2.59,2.62,Pass
4898,1591184,HK161_CO2011_L05,CO2011,-13,False,,7.0,5.8,7.8,,6.6,C+,2.5,True,2.79,2.84,Pass
4899,1576127,HK161_CO2011_L05,CO2011,-13,False,,7.3,6.2,7.2,,6.7,C+,2.5,True,3.0,3.08,Pass
4900,1532643,HK161_CO2011_L05,CO2011,-13,False,,8.0,7.8,7.7,,7.8,B,3.0,True,3.62,3.54,Pass
4901,1509784,HK161_CO2011_L05,CO2011,-13,False,,9.3,8.8,8.6,,8.8,A,4.0,True,3.5,3.14,Pass
4902,1555376,HK161_CO2011_L05,CO2011,-13,False,,6.8,5.5,4.7,,5.5,C,2.0,True,1.88,1.96,Pass
4903,1544326,HK161_CO2011_L05,CO2011,-13,False,,7.6,6.3,7.7,,7.0,B,3.0,True,3.08,3.19,Pass
4904,1538168,HK161_CO2011_L05,CO2011,-13,False,,6.6,6.4,7.0,,6.6,C+,2.5,True,2.45,2.41,Pass
4905,1598396,HK161_CO2011_L05,CO2011,-13,False,,8.4,8.9,8.8,,8.8,A,4.0,True,3.15,3.12,Pass
4906,1547869,HK161_CO2011_L05,CO2011,-13,False,,7.8,8.1,8.1,,8.0,B+,3.5,True,2.91,3.07,Pass
4907,1514381,HK161_CO2011_L05,CO2011,-13,False,,8.4,7.5,8.2,,7.9,B,3.0,True,3.5,3.4,Pass
4908,1574904,HK161_CO2011_L05,CO2011,-13,False,,7.0,7.3,5.7,,6.8,C+,2.5,True,2.71,2.52,Pass
4909,1569674,HK161_CO2011_L05,CO2011,-13,False,,8.2,7.4,8.0,,7.7,B,3.0,True,3.53,3.58,Pass
4910,1526190,HK161_CO2011_L05,CO2011,-13,False,,6.0,7.5,5.7,,6.7,C+,2.5,True,2.53,2.26,Pass
4911,1513622,HK161_CO2011_L05,CO2011,-13,False,,9.9,9.2,10.0,,9.6,A+,4.0,True,3.9,3.94,Pass
4912,1566764,HK161_CO2011_L05,CO2011,-13,False,,7.1,6.2,6.3,,6.4,C+,2.5,True,2.11,1.91,Pass
4913,1530492,HK161_CO2011_L05,CO2011,-13,False,,8.2,8.2,9.8,,8.7,A,4.0,True,3.76,3.49,Pass
4914,1546182,HK161_CO2011_L05,CO2011,-13,False,,7.3,8.5,9.0,,8.4,B+,3.5,True,3.47,3.18,Pass
4915,1571530,HK161_CO2011_L05,CO2011,-13,False,,5.6,5.8,6.6,,6.0,C,2.0,True,2.66,2.75,Pass
4916,1500842,HK161_CO2011_L05,CO2011,-13,False,,5.9,5.5,5.8,,5.7,C,2.0,True,1.62,1.65,Pass
4917,1552930,HK161_CO2011_L05,CO2011,-13,False,,6.3,6.7,6.6,,6.6,C+,2.5,True,2.22,2.14,Pass
4918,1507000,HK161_CO2011_L05,CO2011,-13,False,,8.4,8.5,8.2,,8.4,B+,3.5,True,3.5,3.29,Pass
4919,1566595,HK161_CO2011_L05,CO2011,-13,False,,5.9,4.1,6.3,,5.1,D+,1.5,True,2.32,2.46,Pass
4920,1587177,HK161_CO2011_L05,CO2011,-13,False,,7.0,7.6,6.6,,7.2,B,3.0,True,2.91,2.8,Pass
4921,1575663,HK161_CO2011_L05,CO2011,-13,False,,9.8,8.8,9.4,,9.2,A,4.0,True,3.85,3.84,Pass
4922,1532179,HK161_CO2011_L05,CO2011,-13,False,,8.5,7.4,7.9,,7.8,B,3.0,True,3.32,3.33,Pass
4923,1572458,HK161_CO2011_L05,CO2011,-13,False,,5.8,6.7,6.6,,6.5,C+,2.5,True,2.61,2.39,Pass
4924,1579670,HK161_CO2011_L05,CO2011,-13,False,,6.8,7.1,7.7,,7.2,B,3.0,True,3.59,3.6,Pass
4925,1512989,HK161_CO2011_L05,CO2011,-13,False,,8.2,7.8,7.1,,7.7,B,3.0,True,3.09,3.1,Pass
4926,1582875,HK161_CO2011_L05,CO2011,-13,False,,9.9,8.6,6.9,,8.3,B+,3.5,True,3.18,3.36,Pass
4927,1511302,HK161_CO2011_L05,CO2011,-13,False,,5.6,6.5,6.2,,6.2,C,2.0,True,2.12,1.86,Pass
4928,1538337,HK161_CO2011_L05,CO2011,-13,False,,7.5,6.2,7.5,,6.8,C+,2.5,True,2.5,2.44,Pass
4929,1509446,HK161_CO2011_L05,CO2011,-13,False,,9.2,8.3,8.8,,8.6,A,4.0,True,4.0,4.0,Pass
4930,1557401,HK161_CO2011_L05,CO2011,-13,False,,7.5,8.7,6.2,,7.7,B,3.0,True,3.09,2.96,Pass
4931,1557865,HK161_CO2011_L05,CO2011,-13,False,,7.4,6.7,6.2,,6.7,C+,2.5,True,2.62,2.45,Pass
4932,1520539,HK161_CO2011_L05,CO2011,-13,False,,5.9,7.4,5.9,,6.7,C+,2.5,True,2.29,2.3,Pass
4933,1538632,HK161_CO2011_L05,CO2011,-13,False,,6.9,7.5,7.2,,7.3,B,3.0,True,2.91,2.75,Pass
4934,1583508,HK161_CO2011_L05,CO2011,-13,False,,5.0,5.5,6.5,,5.7,C,2.0,True,2.24,2.35,Pass
4935,1564613,HK161_CO2011_L05,CO2011,-13,False,,7.9,8.2,7.9,,8.1,B+,3.5,True,3.32,3.2,Pass
4936,1598565,HK161_CO2011_L05,CO2011,-13,False,,7.0,6.4,8.0,,7.0,B,3.0,True,2.94,2.7,Pass
4937,1554153,HK161_CO2011_L05,CO2011,-13,False,,9.7,6.5,7.8,,7.5,B,3.0,True,3.09,3.33,Pass
4938,1501306,HK161_CO2011_L05,CO2011,-13,False,,9.0,8.7,8.8,,8.8,A,4.0,True,3.88,3.89,Pass
4939,1513748,HK161_CO2011_L05,CO2011,-13,False,,7.5,7.4,8.1,,7.6,B,3.0,True,3.65,3.38,Pass
4940,1552002,HK161_CO2011_L05,CO2011,-13,False,,7.2,8.8,8.8,,8.5,A,4.0,True,3.5,3.2,Pass
4941,1516827,HK161_CO2011_L05,CO2011,-13,False,,8.2,8.9,9.0,,8.8,A,4.0,True,3.59,3.66,Pass
4942,1591943,HK161_CO2011_L05,CO2011,-13,False,,8.7,8.4,8.0,,8.3,B+,3.5,True,3.41,3.34,Pass
4943,1518683,HK161_CO2011_L05,CO2011,-13,False,,6.3,6.2,7.6,,6.6,C+,2.5,True,2.44,2.25,Pass
4944,1540783,HK161_CO2011_L05,CO2011,-13,False,,5.8,5.1,6.3,,5.6,C,2.0,True,1.88,1.68,Pass
4945,1594727,HK161_CO2011_L05,CO2011,-13,False,,8.0,8.1,7.0,,7.8,B,3.0,True,3.62,3.48,Pass
4946,1550020,HK161_CO2011_L05,CO2011,-13,False,,5.1,5.6,4.4,,5.1,D+,1.5,True,1.79,1.65,Pass
4947,1577814,HK161_CO2011_L05,CO2011,-13,False,,7.2,8.1,9.0,,8.2,B+,3.5,True,3.29,3.24,Pass
4948,1552635,HK161_CO2011_L05,CO2011,-13,False,,6.1,5.8,7.6,,6.4,C+,2.5,True,2.62,2.3,Pass
4949,1536017,HK161_CO2011_L05,CO2011,-13,False,,6.4,5.2,7.7,,6.2,C,2.0,True,2.03,2.27,Pass
4950,1576886,HK161_CO2011_L05,CO2011,-13,False,,5.3,6.7,6.4,,6.3,C,2.0,True,2.44,2.54,Pass
4951,1574609,HK161_CO2011_L05,CO2011,-13,False,,6.2,7.2,6.5,,6.8,C+,2.5,True,2.44,2.33,Pass
4952,1597468,HK161_CO2011_L05,CO2011,-13,False,,7.7,8.1,8.2,,8.0,B+,3.5,True,3.59,3.34,Pass
4953,1528974,HK161_CO2011_L05,CO2011,-13,False,,5.7,5.7,6.2,,5.8,C,2.0,True,2.0,2.03,Pass
4954,1508097,HK161_CO2011_L05,CO2011,-13,False,,8.2,7.5,7.8,,7.7,B,3.0,True,3.09,3.07,Pass
4955,1507633,HK161_CO2011_L05,CO2011,-13,False,,7.2,8.7,8.9,,8.5,A,4.0,True,3.71,3.4,Pass
4956,1528215,HK161_CO2011_L05,CO2011,-13,False,,7.2,6.3,7.1,,6.7,C+,2.5,True,2.82,2.75,Pass
4957,1570307,HK161_CO2011_L05,CO2011,-13,False,,8.2,7.4,8.2,,7.8,B,3.0,True,3.12,3.08,Pass
4958,1516363,HK161_CO2011_L05,CO2011,-13,False,,7.8,8.4,9.0,,8.5,A,4.0,True,3.74,3.69,Pass
4959,1553563,HK161_CO2011_L05,CO2011,-13,False,,10.0,10.0,9.1,,9.7,A+,4.0,True,4.0,3.96,Pass
4960,1560311,HK161_CO2011_L05,CO2011,-13,False,,7.3,7.4,9.1,,7.9,B,3.0,True,3.12,3.24,Pass
4961,1580893,HK161_CO2011_L05,CO2011,-13,False,,7.4,7.0,8.7,,7.6,B,3.0,True,3.12,3.19,Pass
4962,1594263,HK161_CO2011_L05,CO2011,-13,False,,8.4,7.3,7.3,,7.5,B,3.0,True,3.09,3.16,Pass
4963,1519147,HK161_CO2011_L05,CO2011,-13,False,,4.7,7.9,7.1,,7.0,B,3.0,True,2.68,2.44,Pass
4964,1593040,HK161_CO2011_L05,CO2011,-13,False,,8.4,8.1,8.8,,8.4,B+,3.5,True,3.62,3.46,Pass
4965,1585490,HK161_CO2011_L05,CO2011,-13,False,,5.8,6.3,7.5,,6.6,C+,2.5,True,2.68,2.49,Pass
4966,1512525,HK161_CO2011_L05,CO2011,-13,False,,8.7,7.5,8.3,,8.0,B+,3.5,True,3.21,3.19,Pass
4967,1567059,HK161_CO2011_L05,CO2011,-13,False,,6.3,6.7,6.3,,6.5,C+,2.5,True,2.79,2.56,Pass
4968,1573512,HK161_CO2011_L05,CO2011,-13,False,,8.3,6.7,7.6,,7.3,B,3.0,True,3.34,3.43,Pass
4969,1522985,HK161_CO2011_L05,CO2011,-13,False,,7.7,8.4,6.9,,7.8,B,3.0,True,3.29,3.36,Pass
4970,1513284,HK161_CO2011_L05,CO2011,-13,False,,8.2,10.0,7.0,,8.7,A,4.0,True,3.24,3.13,Pass
4971,1563221,HK161_CO2011_L05,CO2011,-13,False,,6.2,5.4,6.2,,5.8,C,2.0,True,1.56,1.49,Pass
4972,1583044,HK161_CO2011_L05,CO2011,-13,False,,9.0,6.5,6.9,,7.1,B,3.0,True,3.09,3.08,Pass
4973,1539265,HK161_CO2011_L05,CO2011,-13,False,,7.5,8.5,7.5,,8.0,B+,3.5,True,3.34,3.09,Pass
4974,1534035,HK161_CO2011_L05,CO2011,-13,False,,5.8,7.2,5.8,,6.5,C+,2.5,True,2.0,1.87,Pass
4975,1577645,HK161_CO2011_L05,CO2011,-13,False,,9.6,10.0,10.0,,9.9,A+,4.0,True,4.0,4.0,Pass
4976,1554617,HK161_CO2011_L05,CO2011,-13,False,,6.6,8.5,6.9,,7.6,B,3.0,True,2.5,2.47,Pass
4977,1531884,HK161_CO2011_L05,CO2011,-13,False,,6.5,6.9,6.8,,6.8,C+,2.5,True,2.76,2.74,Pass
4978,1574145,HK161_CO2003_L01,CO2003,-13,False,,5.5,5.5,,4.8,5.4,D+,1.5,True,2.12,2.01,Pass
4979,1586882,HK161_CO2003_L01,CO2003,-13,False,,9.5,9.3,,9.6,9.4,A,4.0,True,4.0,3.92,Pass
4980,1554786,HK161_CO2003_L01,CO2003,-13,False,,5.3,7.6,,7.4,7.1,B,3.0,True,2.41,2.68,Pass
4981,1584436,HK161_CO2003_L01,CO2003,-13,False,,8.1,7.3,,5.9,7.2,B,3.0,True,3.18,3.33,Pass
4982,1509615,HK161_CO2003_L01,CO2003,-13,False,,10.0,8.6,,10.0,9.2,A,4.0,True,4.0,3.86,Pass
4983,1536017,HK161_CO2003_L01,CO2003,-13,False,,7.9,6.3,,6.8,6.7,C+,2.5,True,2.03,2.27,Pass
4984,1591943,HK161_CO2003_L01,CO2003,-13,False,,8.4,8.7,,6.4,8.2,B+,3.5,True,3.41,3.34,Pass
4985,1548333,HK161_CO2003_L01,CO2003,-13,False,,7.1,7.9,,8.7,7.9,B,3.0,True,2.91,2.78,Pass
4986,1547110,HK161_CO2003_L01,CO2003,-13,False,,6.6,6.9,,9.3,7.3,B,3.0,True,2.91,2.77,Pass
4987,1544031,HK161_CO2003_L01,CO2003,-13,False,,7.1,5.2,,4.4,5.4,D+,1.5,True,1.89,1.87,Pass
4988,1598396,HK161_CO2003_L01,CO2003,-13,False,,8.0,6.0,,8.5,6.9,C+,2.5,True,3.15,3.12,Pass
4989,1583803,HK161_CO2003_L01,CO2003,-13,False,,6.3,5.7,,5.2,5.7,C,2.0,True,1.79,1.89,Pass
4990,1503457,HK161_CO2003_L01,CO2003,-13,False,,6.8,4.9,,6.6,5.6,C,2.0,True,1.65,1.74,Pass
4991,1597637,HK161_CO2003_L01,CO2003,-13,False,,5.3,5.8,,5.6,5.7,C,2.0,True,2.03,1.65,Pass
4992,1529902,HK161_CO2003_L01,CO2003,-13,False,,8.4,9.5,,8.6,9.1,A,4.0,True,3.44,3.34,Pass
4993,1579501,HK161_CO2003_L01,CO2003,-13,False,,9.5,9.5,,9.2,9.4,A,4.0,True,4.0,3.96,Pass
4994,1592112,HK161_CO2003_L01,CO2003,-13,False,,5.4,7.9,,7.3,7.3,B,3.0,True,2.71,2.41,Pass
4995,1505313,HK161_CO2003_L01,CO2003,-13,False,,8.8,9.6,,8.8,9.3,A,4.0,True,3.24,3.41,Pass
4996,1514212,HK161_CO2003_L01,CO2003,-13,False,,7.7,8.1,,8.2,8.0,B+,3.5,True,3.68,3.28,Pass
4997,1595022,HK161_CO2003_L01,CO2003,-13,False,,7.8,8.3,,8.5,8.2,B+,3.5,True,3.22,3.37,Pass
4998,1517924,HK161_CO2003_L01,CO2003,-13,False,,8.2,7.0,,8.3,7.5,B,3.0,True,3.21,3.2,Pass
4999,1501770,HK161_CO2003_L01,CO2003,-13,False,,5.0,6.2,,5.3,5.8,C,2.0,True,1.81,1.86,Pass
5000,1522057,HK161_CO2003_L01,CO2003,-13,False,,5.7,7.5,,7.1,7.1,B,3.0,True,2.69,2.47,Pass
5001,1538970,HK161_CO2003_L01,CO2003,-13,False,,4.5,7.3,,6.6,6.6,C+,2.5,True,2.47,2.38,Pass
5002,1578278,HK161_CO2003_L01,CO2003,-13,False,,7.0,7.8,,7.5,7.6,B,3.0,True,3.09,3.06,Pass
5003,1573512,HK161_CO2003_L01,CO2003,-13,False,,7.8,7.6,,8.7,7.9,B,3.0,True,3.34,3.43,Pass
5004,1520665,HK161_CO2003_L01,CO2003,-13,False,,6.0,5.2,,6.4,5.6,C,2.0,True,2.32,2.27,Pass
5005,1561703,HK161_CO2003_L01,CO2003,-13,False,,6.5,7.3,,6.7,7.0,B,3.0,True,3.0,2.8,Pass
5006,1582749,HK161_CO2003_L01,CO2003,-13,False,,6.9,7.0,,6.8,6.9,C+,2.5,True,2.35,2.38,Pass
5007,1522985,HK161_CO2003_L01,CO2003,-13,False,,8.3,7.0,,7.3,7.3,B,3.0,True,3.29,3.36,Pass
5008,1587810,HK161_CO2003_L01,CO2003,-13,False,,8.2,8.0,,6.4,7.7,B,3.0,True,3.21,3.03,Pass
5009,1583508,HK161_CO2003_L01,CO2003,-13,False,,5.4,6.2,,7.3,6.3,C,2.0,True,2.24,2.35,Pass
5010,1542344,HK161_CO2003_L01,CO2003,-13,False,,7.7,7.4,,8.8,7.7,B,3.0,True,3.12,3.12,Pass
5011,1528805,HK161_CO2003_L01,CO2003,-13,False,,7.1,8.1,,7.7,7.8,B,3.0,True,3.41,3.24,Pass
5012,1571825,HK161_CO2003_L01,CO2003,-13,False,,5.7,4.4,,4.2,4.6,D,1.0,True,1.5,1.51,Pass
5013,1572753,HK161_CO2003_L01,CO2003,-13,False,,9.2,8.1,,6.6,8.0,B+,3.5,True,3.21,3.45,Pass
5014,1555081,HK161_CO2003_L01,CO2003,-13,False,,9.2,9.6,,7.3,9.1,A,4.0,True,3.74,3.62,Pass
5015,1599493,HK161_CO2003_L01,CO2003,-13,False,,7.9,8.0,,7.8,7.9,B,3.0,True,3.38,3.59,Pass
5016,1563221,HK161_CO2003_L01,CO2003,-13,False,,5.1,6.0,,5.4,5.7,C,2.0,True,1.56,1.49,Pass
5017,1530830,HK161_CO2003_L01,CO2003,-13,False,,4.1,5.2,,5.8,5.1,D+,1.5,True,1.86,1.81,Pass
5018,1525726,HK161_CO2003_L01,CO2003,-13,False,,8.3,9.3,,7.6,8.8,A,4.0,True,3.53,3.23,Pass
5019,1522226,HK161_CO2003_L01,CO2003,-13,False,,9.7,8.5,,7.3,8.5,A,4.0,True,3.71,3.52,Pass
5020,1580893,HK161_CO2003_L01,CO2003,-13,False,,8.1,7.6,,6.6,7.5,B,3.0,True,3.12,3.19,Pass
5021,1575832,HK161_CO2003_L01,CO2003,-13,False,,9.0,7.4,,8.1,7.9,B,3.0,True,3.47,3.5,Pass
5022,1599619,HK161_CO2003_L01,CO2003,-13,False,,5.0,5.0,,5.4,5.1,D+,1.5,True,1.61,1.82,Pass
5023,1540024,HK161_CO2003_L01,CO2003,-13,False,,5.0,6.0,,6.5,5.9,C,2.0,True,1.72,1.86,Pass
5024,1537114,HK161_CO2003_L01,CO2003,-13,False,,7.8,7.6,,9.1,7.9,B,3.0,True,3.26,3.39,Pass
5025,1596709,HK161_CO2003_L01,CO2003,-13,False,,7.3,9.5,,8.8,8.9,A,4.0,True,3.71,3.47,Pass
5026,1594853,HK161_CO2003_L01,CO2003,-13,False,,7.9,9.1,,7.3,8.5,A,4.0,True,3.74,3.57,Pass
5027,1550020,HK161_CO2003_L01,CO2003,-13,False,,5.8,5.9,,5.2,5.7,C,2.0,True,1.79,1.65,Pass
5028,1541121,HK161_CO2003_L01,CO2003,-13,False,,9.9,8.1,,8.4,8.5,A,4.0,True,3.71,3.57,Pass
5029,1504385,HK161_CO2003_L01,CO2003,-13,False,,7.3,7.7,,8.2,7.7,B,3.0,True,3.25,3.49,Pass
5030,1573217,HK161_CO2003_L01,CO2003,-13,False,,6.0,6.3,,6.6,6.3,C,2.0,True,2.35,2.48,Pass
5031,1547574,HK161_CO2003_L01,CO2003,-13,False,,5.2,5.9,,5.5,5.7,C,2.0,True,1.71,1.42,Pass
5032,1537873,HK161_CO2003_L01,CO2003,-13,False,,5.8,6.0,,5.7,5.9,C,2.0,True,1.69,1.73,Pass
5033,1501644,HK161_CO2003_L01,CO2003,-13,False,,5.8,6.4,,3.9,5.8,C,2.0,True,2.09,1.98,Pass
5034,1533571,HK161_CO2003_L01,CO2003,-13,False,,4.3,4.9,,4.3,4.7,D,1.0,True,1.21,1.49,Pass
5035,1559847,HK161_CO2003_L01,CO2003,-13,False,,7.2,6.3,,8.0,6.8,C+,2.5,True,2.18,2.31,Pass
5036,1559678,HK161_CO2003_L01,CO2003,-13,False,,8.6,10.0,,9.7,9.7,A+,4.0,True,3.44,3.31,Pass
5037,1547236,HK161_CO2003_L01,CO2003,-13,False,,6.6,6.7,,6.2,6.6,C+,2.5,True,2.68,2.62,Pass
5038,1512694,HK161_CO2003_L01,CO2003,-13,False,,8.5,8.1,,7.6,8.1,B+,3.5,True,3.41,3.36,Pass
5039,1597932,HK161_CO2003_L01,CO2003,-13,False,,9.5,8.3,,7.6,8.4,B+,3.5,True,3.5,3.41,Pass
5040,1529733,HK161_CO2003_L01,CO2003,-13,False,,7.0,6.7,,8.5,7.1,B,3.0,True,2.5,2.68,Pass
5041,1567523,HK161_CO2003_L01,CO2003,-13,False,,8.0,7.1,,7.7,7.4,B,3.0,True,3.18,3.12,Pass
5042,1553394,HK161_CO2003_L01,CO2003,-13,False,,7.7,7.9,,8.4,8.0,B+,3.5,True,3.47,3.53,Pass
5043,1561239,HK161_CO2003_L01,CO2003,-13,False,,4.6,6.4,,6.4,6.0,C,2.0,True,2.0,1.73,Pass
5044,1519611,HK161_CO2003_L01,CO2003,-13,False,,8.9,10.0,,8.3,9.4,A,4.0,True,4.0,3.94,Pass
5045,1569505,HK161_CO2003_L01,CO2003,-13,False,,6.7,6.2,,6.4,6.3,C,2.0,True,2.68,2.55,Pass
5046,1513284,HK161_CO2003_L01,CO2003,-13,False,,7.9,6.7,,7.3,7.1,B,3.0,True,3.24,3.13,Pass
5047,1575958,HK161_CO2003_L01,CO2003,-13,False,,6.8,5.7,,6.2,6.0,C,2.0,True,1.82,1.75,Pass
5048,1575199,HK161_CO2003_L01,CO2003,-13,False,,7.3,7.7,,7.6,7.6,B,3.0,True,2.79,2.63,Pass
5049,1599155,HK161_CO2003_L01,CO2003,-13,False,,7.8,7.7,,6.4,7.5,B,3.0,True,3.0,3.15,Pass
5050,1516068,HK161_CO2003_L01,CO2003,-13,False,,8.5,6.9,,6.8,7.2,B,3.0,True,2.76,2.65,Pass
5051,1584900,HK161_CO2003_L01,CO2003,-13,False,,7.1,7.9,,6.8,7.5,B,3.0,True,2.56,2.6,Pass
5052,1581821,HK161_CO2003_L01,CO2003,-13,False,,8.2,7.9,,8.0,8.0,B+,3.5,True,3.38,3.32,Pass
5053,1548797,HK161_CO2003_L01,CO2003,-13,False,,8.6,7.8,,7.9,8.0,B+,3.5,True,3.29,3.12,Pass
5054,1568156,HK161_CO2003_L01,CO2003,-13,False,,7.8,7.2,,9.1,7.7,B,3.0,True,3.68,3.68,Pass
5055,1521762,HK161_CO2003_L01,CO2003,-13,False,,8.2,7.5,,8.2,7.8,B,3.0,True,3.0,3.25,Pass
5056,1595486,HK161_CO2003_L01,CO2003,-13,False,,7.5,9.4,,7.6,8.7,A,4.0,True,3.5,3.34,Pass
5057,1562462,HK161_CO2003_L01,CO2003,-13,False,,4.2,6.4,,5.3,5.7,C,2.0,True,1.71,1.66,Pass
5058,1521298,HK161_CO2003_L01,CO2003,-13,False,,7.4,6.0,,7.1,6.5,C+,2.5,True,2.38,2.49,Pass
5059,1513748,HK161_CO2003_L01,CO2003,-13,False,,9.4,8.5,,9.4,8.9,A,4.0,True,3.65,3.38,Pass
5060,1509151,HK161_CO2003_L01,CO2003,-13,False,,8.7,8.3,,7.1,8.1,B+,3.5,True,3.53,3.35,Pass
5061,1562757,HK161_CO2003_L01,CO2003,-13,False,,8.7,8.0,,7.9,8.1,B+,3.5,True,3.29,3.06,Pass
5062,1524039,HK161_CO2003_L01,CO2003,-13,False,,7.8,7.8,,7.1,7.7,B,3.0,True,2.69,2.73,Pass
5063,1564318,HK161_CO2003_L01,CO2003,-13,False,,8.1,8.1,,7.2,7.9,B,3.0,True,3.5,3.4,Pass
5064,1585490,HK161_CO2003_L01,CO2003,-13,False,,6.7,7.2,,6.7,7.0,B,3.0,True,2.68,2.49,Pass
5065,1550610,HK161_CO2003_L01,CO2003,-13,False,,8.7,8.3,,9.0,8.5,A,4.0,True,3.32,3.26,Pass
5066,1573807,HK161_CO2003_L01,CO2003,-13,False,,5.7,5.7,,6.9,5.9,C,2.0,True,2.29,2.51,Pass
5067,1506831,HK161_CO2003_L01,CO2003,-13,False,,6.3,8.2,,6.7,7.5,B,3.0,True,2.59,2.45,Pass
5068,1512230,HK161_CO2003_L01,CO2003,-13,False,,5.2,5.8,,5.5,5.6,C,2.0,True,2.44,2.49,Pass
5069,1515435,HK161_CO2003_L01,CO2003,-13,False,,7.9,7.6,,6.5,7.4,B,3.0,True,3.09,3.36,Pass
5070,1536186,HK161_CO2003_L01,CO2003,-13,False,,4.9,6.4,,5.1,5.8,C,2.0,True,2.05,1.98,Pass
5071,1532812,HK161_CO2003_L01,CO2003,-13,False,,8.5,8.3,,7.8,8.2,B+,3.5,True,3.5,3.53,Pass
5072,1504090,HK161_CO2003_L01,CO2003,-13,False,,8.3,7.7,,6.2,7.5,B,3.0,True,3.12,3.05,Pass
5073,1513622,HK161_CO2003_L01,CO2003,-13,False,,9.1,8.0,,9.0,8.4,B+,3.5,True,3.9,3.94,Pass
5074,1536819,HK161_CO2003_L01,CO2003,-13,False,,7.3,7.5,,7.8,7.5,B,3.0,True,3.18,3.02,Pass
5075,1555250,HK161_CO2003_L01,CO2003,-13,False,,7.5,9.0,,9.0,8.7,A,4.0,True,3.65,3.52,Pass
5076,1558160,HK161_CO2003_L01,CO2003,-13,False,,4.9,7.5,,6.4,6.8,C+,2.5,True,2.41,2.43,Pass
5077,1502234,HK161_CO2003_L01,CO2003,-13,False,,7.2,8.3,,8.1,8.0,B+,3.5,True,3.12,3.1,Pass
5078,1588274,HK161_CO2003_L01,CO2003,-13,False,,5.8,6.8,,6.0,6.4,C+,2.5,True,2.16,2.37,Pass
5079,1541711,HK161_CO2003_L01,CO2003,-13,False,,7.8,8.5,,9.3,8.5,A,4.0,True,3.56,3.43,Pass
5080,1577350,HK161_CO2003_L01,CO2003,-13,False,,7.7,8.4,,8.3,8.2,B+,3.5,True,3.12,3.12,Pass
5081,1594727,HK161_CO2003_L01,CO2003,-13,False,,8.4,8.0,,8.9,8.3,B+,3.5,True,3.62,3.48,Pass
5082,1591648,HK161_CO2003_L01,CO2003,-13,False,,6.2,6.6,,5.7,6.3,C,2.0,True,2.28,1.83,Pass
5083,1588105,HK161_CO2003_L01,CO2003,-13,False,,4.4,6.5,,6.2,6.0,C,2.0,True,1.79,1.81,Pass
5084,1565667,HK161_CO2003_L01,CO2003,-13,False,,7.5,7.6,,8.9,7.8,B,3.0,True,3.29,3.41,Pass
5085,1551538,HK161_CO2003_L01,CO2003,-13,False,,8.8,8.2,,7.4,8.2,B+,3.5,True,3.12,3.32,Pass
5086,1580260,HK161_CO2003_L01,CO2003,-13,False,,9.5,8.8,,10.0,9.2,A,4.0,True,4.0,3.92,Pass
5087,1508223,HK161_CO2003_L01,CO2003,-13,False,,4.8,6.5,,7.2,6.3,C,2.0,True,2.29,2.34,Pass
5088,1563980,HK161_CO2003_L01,CO2003,-13,False,,9.4,9.8,,9.5,9.7,A+,4.0,True,4.0,4.0,Pass
5089,1508097,HK161_CO2003_L01,CO2003,-13,False,,7.5,7.4,,8.9,7.7,B,3.0,True,3.09,3.07,Pass
5090,1515773,HK161_CO2003_L02,CO2003,-13,False,,5.9,7.1,,6.4,6.7,C+,2.5,True,2.25,2.48,Pass
5091,1587346,HK161_CO2003_L02,CO2003,-13,False,,6.2,5.8,,6.5,6.0,C,2.0,True,2.29,2.28,Pass
5092,1535132,HK161_CO2003_L02,CO2003,-13,False,,6.3,5.4,,7.0,5.9,C,2.0,True,2.38,2.59,Pass
5093,1523575,HK161_CO2003_L02,CO2003,-13,False,,7.5,6.6,,7.1,6.9,C+,2.5,True,2.71,2.53,Pass
5094,1535258,HK161_CO2003_L02,CO2003,-13,False,,6.7,6.7,,6.0,6.6,C+,2.5,True,3.29,3.18,Pass
5095,1567818,HK161_CO2003_L02,CO2003,-13,False,,8.6,8.8,,8.2,8.6,A,4.0,True,3.47,3.26,Pass
5096,1517460,HK161_CO2003_L02,CO2003,-13,False,,6.6,6.6,,7.2,6.7,C+,2.5,True,2.21,2.2,Pass
5097,1593040,HK161_CO2003_L02,CO2003,-13,False,,7.6,8.4,,7.9,8.1,B+,3.5,True,3.62,3.46,Pass
5098,1524967,HK161_CO2003_L02,CO2003,-13,False,,9.5,7.6,,6.7,7.8,B,3.0,True,3.0,3.28,Pass
5099,1552171,HK161_CO2003_L02,CO2003,-13,False,,7.0,7.0,,6.9,7.0,B,3.0,True,2.41,2.38,Pass
5100,1544326,HK161_CO2003_L02,CO2003,-13,False,,7.1,7.7,,6.8,7.4,B,3.0,True,3.08,3.19,Pass
5101,1515309,HK161_CO2003_L02,CO2003,-13,False,,5.1,5.1,,6.2,5.3,D+,1.5,True,2.06,2.23,Pass
5102,1562167,HK161_CO2003_L02,CO2003,-13,False,,7.5,9.2,,8.0,8.6,A,4.0,True,3.41,3.29,Pass
5103,1540783,HK161_CO2003_L02,CO2003,-13,False,,5.5,5.0,,5.8,5.3,D+,1.5,True,1.88,1.68,Pass
5104,1540488,HK161_CO2003_L02,CO2003,-13,False,,8.5,7.8,,8.6,8.1,B+,3.5,True,3.47,3.53,Pass
5105,1579206,HK161_CO2003_L02,CO2003,-13,False,,6.3,6.5,,7.3,6.6,C+,2.5,True,2.62,2.78,Pass
5106,1563854,HK161_CO2003_L02,CO2003,-13,False,,4.4,5.8,,5.5,5.5,C,2.0,True,1.74,1.71,Pass
5107,1571066,HK161_CO2003_L02,CO2003,-13,False,,8.7,6.9,,8.5,7.6,B,3.0,True,3.35,3.45,Pass
5108,1564444,HK161_CO2003_L02,CO2003,-13,False,,6.1,7.0,,5.4,6.5,C+,2.5,True,2.41,2.36,Pass
5109,1558919,HK161_CO2003_L02,CO2003,-13,False,,6.8,7.3,,8.3,7.4,B,3.0,True,3.18,3.45,Pass
5110,1564908,HK161_CO2003_L02,CO2003,-13,False,,8.5,5.7,,7.6,6.6,C+,2.5,True,2.62,2.7,Pass
5111,1540952,HK161_CO2003_L02,CO2003,-13,False,,2.9,5.5,,5.6,5.0,D+,1.5,True,1.62,1.57,Pass
5112,1599324,HK161_CO2003_L02,CO2003,-13,False,,8.9,7.2,,7.0,7.5,B,3.0,True,3.41,3.42,Pass
5113,1597173,HK161_CO2003_L02,CO2003,-13,False,,6.7,6.1,,6.7,6.3,C,2.0,True,2.16,2.23,Pass
5114,1592238,HK161_CO2003_L02,CO2003,-13,False,,7.3,8.4,,9.4,8.4,B+,3.5,True,3.88,3.96,Pass
5115,1534035,HK161_CO2003_L02,CO2003,-13,False,,5.5,6.0,,4.5,5.6,C,2.0,True,2.0,1.87,Pass
5116,1549725,HK161_CO2003_L02,CO2003,-13,False,,6.7,6.7,,6.1,6.6,C+,2.5,True,2.62,2.5,Pass
5117,1526359,HK161_CO2003_L02,CO2003,-13,False,,8.1,7.3,,7.9,7.6,B,3.0,True,3.35,3.39,Pass
5118,1521129,HK161_CO2003_L02,CO2003,-13,False,,9.1,9.5,,9.3,9.4,A,4.0,True,4.0,4.0,Pass
5119,1551074,HK161_CO2003_L02,CO2003,-13,False,,6.7,7.9,,6.7,7.4,B,3.0,True,3.09,2.95,Pass
5120,1512989,HK161_CO2003_L02,CO2003,-13,False,,8.8,7.4,,7.7,7.7,B,3.0,True,3.09,3.1,Pass
5121,1524208,HK161_CO2003_L02,CO2003,-13,False,,5.2,5.7,,5.5,5.6,C,2.0,True,1.82,1.77,Pass
5122,1508687,HK161_CO2003_L02,CO2003,-13,False,,7.6,7.1,,5.9,7.0,B,3.0,True,3.21,3.17,Pass
5123,1501180,HK161_CO2003_L02,CO2003,-13,False,,9.0,10.0,,9.6,9.7,A+,4.0,True,4.0,4.0,Pass
5124,1566300,HK161_CO2003_L02,CO2003,-13,False,,9.1,7.6,,8.9,8.2,B+,3.5,True,3.38,3.39,Pass
5125,1514086,HK161_CO2003_L02,CO2003,-13,False,,8.2,7.8,,5.9,7.5,B,3.0,True,2.62,2.62,Pass
5126,1509320,HK161_CO2003_L02,CO2003,-13,False,,6.9,8.8,,8.8,8.4,B+,3.5,True,3.44,3.4,Pass
5127,1598691,HK161_CO2003_L02,CO2003,-13,False,,6.5,7.2,,7.3,7.1,B,3.0,True,2.53,2.34,Pass
5128,1559088,HK161_CO2003_L02,CO2003,-13,False,,7.6,8.6,,8.0,8.3,B+,3.5,True,3.12,3.24,Pass
5129,1572289,HK161_CO2003_L02,CO2003,-13,False,,7.2,5.7,,6.5,6.2,C,2.0,True,2.41,2.14,Pass
5130,1587177,HK161_CO2003_L02,CO2003,-13,False,,7.2,7.1,,7.1,7.1,B,3.0,True,2.91,2.8,Pass
5131,1546941,HK161_CO2003_L02,CO2003,-13,False,,6.8,7.3,,6.2,7.0,B,3.0,True,2.5,2.54,Pass
5132,1570897,HK161_CO2003_L02,CO2003,-13,False,,8.4,9.8,,9.4,9.4,A,4.0,True,4.0,3.96,Pass
5133,1526064,HK161_CO2003_L02,CO2003,-13,False,,8.0,7.7,,8.0,7.8,B,3.0,True,3.37,3.51,Pass
5134,1525895,HK161_CO2003_L02,CO2003,-13,False,,7.8,7.7,,8.6,7.9,B,3.0,True,3.15,3.28,Pass
5135,1597468,HK161_CO2003_L02,CO2003,-13,False,,7.1,8.4,,8.2,8.1,B+,3.5,True,3.59,3.34,Pass
5136,1571530,HK161_CO2003_L02,CO2003,-13,False,,6.8,6.2,,6.4,6.4,C+,2.5,True,2.66,2.75,Pass
5137,1523913,HK161_CO2003_L02,CO2003,-13,False,,8.0,8.6,,8.8,8.5,A,4.0,True,3.24,3.16,Pass
5138,1586713,HK161_CO2003_L02,CO2003,-13,False,,8.3,6.9,,8.2,7.4,B,3.0,True,3.56,3.52,Pass
5139,1562293,HK161_CO2003_L02,CO2003,-13,False,,8.1,8.1,,8.2,8.1,B+,3.5,True,3.38,3.28,Pass
5140,1520075,HK161_CO2003_L02,CO2003,-13,False,,6.0,6.2,,5.0,5.9,C,2.0,True,2.18,2.35,Pass
5141,1578573,HK161_CO2003_L02,CO2003,-13,False,,7.4,7.3,,6.9,7.2,B,3.0,True,2.65,2.54,Pass
5142,1516532,HK161_CO2003_L02,CO2003,-13,False,,9.2,9.2,,8.1,9.0,A,4.0,True,3.79,3.74,Pass
5143,1538042,HK161_CO2003_L02,CO2003,-13,False,,6.4,7.3,,7.5,7.2,B,3.0,True,3.35,3.25,Pass
5144,1542808,HK161_CO2003_L02,CO2003,-13,False,,7.1,6.1,,7.0,6.5,C+,2.5,True,2.62,2.67,Pass
5145,1561070,HK161_CO2003_L02,CO2003,-13,False,,8.5,7.4,,7.8,7.7,B,3.0,True,3.26,3.28,Pass
5146,1527877,HK161_CO2003_L02,CO2003,-13,False,,6.5,7.7,,7.4,7.4,B,3.0,True,2.62,2.69,Pass
5147,1523449,HK161_CO2003_L02,CO2003,-13,False,,7.2,8.0,,7.2,7.7,B,3.0,True,2.68,2.62,Pass
5148,1572584,HK161_CO2003_L02,CO2003,-13,False,,6.1,7.5,,6.9,7.1,B,3.0,True,2.79,2.53,Pass
5149,1500083,HK161_CO2003_L02,CO2003,-13,False,,8.4,7.2,,7.3,7.5,B,3.0,True,3.47,3.37,Pass
5150,1570138,HK161_CO2003_L02,CO2003,-13,False,,8.5,6.5,,7.0,7.0,B,3.0,True,2.76,2.39,Pass
5151,1530956,HK161_CO2003_L02,CO2003,-13,False,,7.0,8.0,,7.5,7.7,B,3.0,True,3.38,3.14,Pass
5152,1507633,HK161_CO2003_L02,CO2003,-13,False,,8.0,8.2,,8.2,8.2,B+,3.5,True,3.71,3.4,Pass
5153,1575663,HK161_CO2003_L02,CO2003,-13,False,,9.8,8.7,,9.3,9.0,A,4.0,True,3.85,3.84,Pass
5154,1557865,HK161_CO2003_L02,CO2003,-13,False,,5.7,7.1,,7.9,7.0,B,3.0,True,2.62,2.45,Pass
5155,1578911,HK161_CO2003_L02,CO2003,-13,False,,8.3,8.0,,5.8,7.6,B,3.0,True,3.18,3.39,Pass
5156,1596245,HK161_CO2003_L02,CO2003,-13,False,,5.3,6.9,,5.4,6.3,C,2.0,True,1.84,1.78,Pass
5157,1542639,HK161_CO2003_L02,CO2003,-13,False,,7.2,7.8,,8.7,7.9,B,3.0,True,3.09,3.1,Pass
5158,1517755,HK161_CO2003_L02,CO2003,-13,False,,8.2,7.5,,7.5,7.6,B,3.0,True,3.0,3.06,Pass
5159,1573976,HK161_CO2003_L02,CO2003,-13,False,,6.8,8.3,,7.6,7.9,B,3.0,True,3.09,3.19,Pass
5160,1511471,HK161_CO2003_L02,CO2003,-13,False,,7.7,7.1,,7.3,7.3,B,3.0,True,3.0,3.13,Pass
5161,1590889,HK161_CO2003_L02,CO2003,-13,False,,6.2,6.8,,6.5,6.6,C+,2.5,True,2.59,2.32,Pass
5162,1553225,HK161_CO2003_L02,CO2003,-13,False,,5.7,6.6,,6.6,6.4,C+,2.5,True,1.35,1.33,Pass
5163,1557696,HK161_CO2003_L02,CO2003,-13,False,,6.0,6.0,,5.8,6.0,C,2.0,True,1.82,1.91,Pass
5164,1563685,HK161_CO2003_L02,CO2003,-13,False,,5.7,6.0,,5.4,5.8,C,2.0,True,2.5,2.61,Pass
5165,1584562,HK161_CO2003_L02,CO2003,-13,False,,6.7,6.8,,6.9,6.8,C+,2.5,True,2.59,2.63,Pass
5166,1565372,HK161_CO2003_L02,CO2003,-13,False,,8.0,7.1,,6.0,7.1,B,3.0,True,2.62,2.43,Pass
5167,1593166,HK161_CO2003_L02,CO2003,-13,False,,7.9,5.9,,7.9,6.7,C+,2.5,True,2.97,2.9,Pass
5168,1513158,HK161_CO2003_L02,CO2003,-13,False,,9.0,7.5,,8.9,8.1,B+,3.5,True,3.5,3.31,Pass
5169,1519906,HK161_CO2003_L02,CO2003,-13,False,,7.8,9.0,,7.8,8.5,A,4.0,True,3.74,3.59,Pass
5170,1512061,HK161_CO2003_L02,CO2003,-13,False,,5.4,5.6,,4.9,5.4,D+,1.5,True,1.76,1.71,Pass
5171,1505482,HK161_CO2003_L02,CO2003,-13,False,,7.3,7.5,,6.8,7.3,B,3.0,True,2.45,2.53,Pass
5172,1515899,HK161_CO2003_L02,CO2003,-13,False,,9.0,9.0,,7.0,8.6,A,4.0,True,3.56,3.47,Pass
5173,1557232,HK161_CO2003_L02,CO2003,-13,False,,5.6,6.6,,5.9,6.3,C,2.0,True,1.53,1.64,Pass
5174,1568746,HK161_CO2003_L02,CO2003,-13,False,,8.8,7.8,,7.8,8.0,B+,3.5,True,3.5,3.46,Pass
5175,1594094,HK161_CO2003_L02,CO2003,-13,False,,4.6,4.8,,6.8,5.2,D+,1.5,True,1.53,1.4,Pass
5176,1590551,HK161_CO2003_L02,CO2003,-13,False,,5.7,7.3,,5.5,6.6,C+,2.5,True,2.53,2.5,Pass
5177,1548923,HK161_CO2003_L02,CO2003,-13,False,,6.1,7.1,,6.7,6.8,C+,2.5,True,2.5,2.49,Pass
5178,1546182,HK161_CO2003_L02,CO2003,-13,False,,6.3,6.6,,8.2,6.9,C+,2.5,True,3.47,3.18,Pass
5179,1510374,HK161_CO2003_L02,CO2003,-13,False,,9.2,8.8,,9.5,9.0,A,4.0,True,4.0,4.0,Pass
5180,1526190,HK161_CO2003_L02,CO2003,-13,False,,6.3,6.6,,7.6,6.7,C+,2.5,True,2.53,2.26,Pass
5181,1535722,HK161_CO2003_L02,CO2003,-13,False,,5.8,6.1,,7.4,6.3,C,2.0,True,2.29,2.15,Pass
5182,1592871,HK161_CO2003_L02,CO2003,-13,False,,6.6,7.5,,6.9,7.2,B,3.0,True,3.31,3.39,Pass
5183,1585659,HK161_CO2003_L02,CO2003,-13,False,,6.8,6.9,,5.5,6.6,C+,2.5,True,2.65,2.4,Pass
5184,1569969,HK161_CO2003_L02,CO2003,-13,False,,6.8,6.9,,6.7,6.8,C+,2.5,True,2.62,2.41,Pass
5185,1502698,HK161_CO2003_L02,CO2003,-13,False,,7.7,8.2,,10.0,8.5,A,4.0,True,3.47,3.34,Pass
5186,1502993,HK161_CO2003_L02,CO2003,-13,False,,6.6,7.5,,6.9,7.2,B,3.0,True,2.53,2.7,Pass
5187,1594389,HK161_CO2003_L02,CO2003,-13,False,,6.1,6.4,,6.0,6.3,C,2.0,True,2.29,2.33,Pass
5188,1593799,HK161_CO2003_L02,CO2003,-13,False,,7.4,7.8,,9.1,8.0,B+,3.5,True,3.29,3.17,Pass
5189,1592576,HK161_CO2003_L02,CO2003,-13,False,,7.0,6.8,,6.4,6.8,C+,2.5,True,2.59,2.43,Pass
5190,1511302,HK161_CO2003_L02,CO2003,-13,False,,6.1,5.5,,4.8,5.5,C,2.0,True,2.12,1.86,Pass
5191,1555545,HK161_CO2003_L02,CO2003,-13,False,,7.1,6.8,,7.4,7.0,B,3.0,True,3.12,3.16,Pass
5192,1542175,HK161_CO2003_L02,CO2003,-13,False,,6.3,7.7,,9.4,7.8,B,3.0,True,3.47,3.42,Pass
5193,1556768,HK161_CO2003_L02,CO2003,-13,False,,7.4,7.9,,8.6,7.9,B,3.0,True,3.09,3.45,Pass
5194,1576591,HK161_CO2003_L02,CO2003,-13,False,,6.3,5.1,,5.8,5.5,C,2.0,True,2.0,1.77,Pass
5195,1577519,HK161_CO2003_L02,CO2003,-13,False,,8.3,7.4,,6.9,7.5,B,3.0,True,3.21,3.34,Pass
5196,1547869,HK161_CO2003_L02,CO2003,-13,False,,8.0,6.2,,8.1,6.9,C+,2.5,True,2.91,3.07,Pass
5197,1567692,HK161_CO2003_L02,CO2003,-13,False,,7.2,7.2,,7.3,7.2,B,3.0,True,2.79,2.62,Pass
5198,1530492,HK161_CO2003_L02,CO2003,-13,False,,7.1,8.4,,8.4,8.1,B+,3.5,True,3.76,3.49,Pass
5199,1502867,HK161_CO2003_L02,CO2003,-13,False,,5.9,7.8,,6.5,7.2,B,3.0,True,2.41,2.47,Pass
5200,1559214,HK161_CO2003_L02,CO2003,-13,False,,7.4,7.8,,7.3,7.6,B,3.0,True,3.12,3.29,Pass
5201,1507759,HK161_CO2003_L03,CO2003,-13,False,,9.0,9.9,,8.5,9.4,A,4.0,True,4.0,3.94,Pass
5202,1534668,HK161_CO2003_L03,CO2003,-13,False,,6.7,7.5,,5.9,7.0,B,3.0,True,2.53,2.38,Pass
5203,1541880,HK161_CO2003_L03,CO2003,-13,False,,7.3,6.3,,6.7,6.6,C+,2.5,True,2.55,2.29,Pass
5204,1569379,HK161_CO2003_L03,CO2003,-13,False,,9.7,8.7,,7.5,8.7,A,4.0,True,3.56,3.38,Pass
5205,1588738,HK161_CO2003_L03,CO2003,-13,False,,9.4,7.5,,8.6,8.1,B+,3.5,True,3.59,3.53,Pass
5206,1543862,HK161_CO2003_L03,CO2003,-13,False,,6.8,6.4,,4.4,6.1,C,2.0,True,1.73,1.68,Pass
5207,1520201,HK161_CO2003_L03,CO2003,-13,False,,6.1,5.3,,6.4,5.7,C,2.0,True,2.41,2.46,Pass
5208,1543398,HK161_CO2003_L03,CO2003,-13,False,,7.4,6.5,,7.0,6.8,C+,2.5,True,2.38,2.54,Pass
5209,1527751,HK161_CO2003_L03,CO2003,-13,False,,6.7,7.1,,8.6,7.3,B,3.0,True,3.09,3.05,Pass
5210,1550779,HK161_CO2003_L03,CO2003,-13,False,,6.0,6.3,,7.2,6.4,C+,2.5,True,2.44,2.26,Pass
5211,1508856,HK161_CO2003_L03,CO2003,-13,False,,7.9,9.2,,6.9,8.5,A,4.0,True,3.39,3.39,Pass
5212,1582580,HK161_CO2003_L03,CO2003,-13,False,,8.3,7.9,,7.5,7.9,B,3.0,True,3.21,3.4,Pass
5213,1521888,HK161_CO2003_L03,CO2003,-13,False,,6.2,4.2,,4.9,4.7,D,1.0,True,1.66,1.77,Pass
5214,1568451,HK161_CO2003_L03,CO2003,-13,False,,7.3,6.4,,7.9,6.9,C+,2.5,True,2.59,2.58,Pass
5215,1532348,HK161_CO2003_L03,CO2003,-13,False,,6.0,6.0,,7.7,6.3,C,2.0,True,2.09,2.3,Pass
5216,1554153,HK161_CO2003_L03,CO2003,-13,False,,8.1,7.8,,6.9,7.7,B,3.0,True,3.09,3.33,Pass
5217,1539096,HK161_CO2003_L03,CO2003,-13,False,,6.7,7.6,,7.8,7.5,B,3.0,True,2.91,3.12,Pass
5218,1598101,HK161_CO2003_L03,CO2003,-13,False,,4.7,5.2,,5.8,5.2,D+,1.5,True,1.79,1.77,Pass
5219,1550484,HK161_CO2003_L03,CO2003,-13,False,,7.9,7.5,,7.6,7.6,B,3.0,True,3.41,3.28,Pass
5220,1524377,HK161_CO2003_L03,CO2003,-13,False,,3.9,4.0,,5.2,4.2,D,1.0,True,1.41,1.32,Pass
5221,1555714,HK161_CO2003_L03,CO2003,-13,False,,8.4,9.2,,8.3,8.9,A,4.0,True,3.44,3.42,Pass
5222,1561998,HK161_CO2003_L03,CO2003,-13,False,,7.6,7.0,,7.3,7.2,B,3.0,True,2.65,2.48,Pass
5223,1578109,HK161_CO2003_L03,CO2003,-13,False,,5.9,5.9,,5.4,5.8,C,2.0,True,1.59,1.64,Pass
5224,1543272,HK161_CO2003_L03,CO2003,-13,False,,7.6,8.0,,7.8,7.9,B,3.0,True,3.39,3.52,Pass
5225,1576760,HK161_CO2003_L03,CO2003,-13,False,,8.4,8.7,,7.4,8.4,B+,3.5,True,3.29,3.38,Pass
5226,1538337,HK161_CO2003_L03,CO2003,-13,False,,6.7,7.3,,6.0,6.9,C+,2.5,True,2.5,2.44,Pass
5227,1545085,HK161_CO2003_L03,CO2003,-13,False,,7.6,8.9,,10.0,8.9,A,4.0,True,3.82,3.71,Pass
5228,1519147,HK161_CO2003_L03,CO2003,-13,False,,7.4,7.7,,6.4,7.4,B,3.0,True,2.68,2.44,Pass
5229,1549851,HK161_CO2003_L03,CO2003,-13,False,,5.9,7.0,,9.4,7.3,B,3.0,True,3.5,3.46,Pass
5230,1587051,HK161_CO2003_L03,CO2003,-13,False,,8.2,7.0,,6.4,7.1,B,3.0,True,3.0,3.33,Pass
5231,1563390,HK161_CO2003_L03,CO2003,-13,False,,8.4,7.8,,8.4,8.0,B+,3.5,True,3.5,3.43,Pass
5232,1518219,HK161_CO2003_L03,CO2003,-13,False,,8.7,8.9,,6.6,8.4,B+,3.5,True,3.53,3.46,Pass
5233,1596878,HK161_CO2003_L03,CO2003,-13,False,,7.0,7.2,,8.9,7.5,B,3.0,True,3.32,3.36,Pass
5234,1506536,HK161_CO2003_L03,CO2003,-13,False,,8.3,8.5,,7.9,8.3,B+,3.5,True,3.41,3.39,Pass
5235,1530661,HK161_CO2003_L03,CO2003,-13,False,,5.5,5.2,,6.3,5.5,C,2.0,True,1.45,1.47,Pass
5236,1595191,HK161_CO2003_L03,CO2003,-13,False,,6.2,6.9,,6.3,6.6,C+,2.5,True,2.62,2.51,Pass
5237,1568915,HK161_CO2003_L03,CO2003,-13,False,,7.5,8.7,,8.5,8.4,B+,3.5,True,3.59,3.66,Pass
5238,1560142,HK161_CO2003_L03,CO2003,-13,False,,7.5,6.0,,6.4,6.4,C+,2.5,True,2.65,2.56,Pass
5239,1520370,HK161_CO2003_L03,CO2003,-13,False,,8.9,8.1,,7.8,8.2,B+,3.5,True,3.5,3.32,Pass
5240,1505777,HK161_CO2003_L03,CO2003,-13,False,,7.4,6.3,,7.5,6.8,C+,2.5,True,2.32,2.41,Pass
5241,1596540,HK161_CO2003_L03,CO2003,-13,False,,7.5,9.4,,8.5,8.8,A,4.0,True,3.53,3.49,Pass
5242,1539560,HK161_CO2003_L03,CO2003,-13,False,,6.3,7.2,,6.5,6.9,C+,2.5,True,2.5,2.5,Pass
5243,1593630,HK161_CO2003_L03,CO2003,-13,False,,7.6,9.8,,8.2,9.0,A,4.0,True,3.53,3.39,Pass
5244,1530197,HK161_CO2003_L03,CO2003,-13,False,,8.6,8.9,,8.9,8.8,A,4.0,True,3.62,3.58,Pass
5245,1503331,HK161_CO2003_L03,CO2003,-13,False,,7.5,6.1,,7.9,6.7,C+,2.5,True,3.0,3.12,Pass
5246,1534204,HK161_CO2003_L03,CO2003,-13,False,,7.5,7.8,,7.1,7.6,B,3.0,True,3.24,3.24,Pass
5247,1524672,HK161_CO2003_L03,CO2003,-13,False,,6.3,6.6,,7.2,6.7,C+,2.5,True,2.5,2.38,Pass
5248,1550315,HK161_CO2003_L03,CO2003,-13,False,,6.6,6.1,,5.6,6.1,C,2.0,True,1.78,1.72,Pass
5249,1557527,HK161_CO2003_L03,CO2003,-13,False,,4.7,6.2,,5.2,5.7,C,2.0,True,1.76,1.7,Pass
5250,1545549,HK161_CO2003_L03,CO2003,-13,False,,7.3,6.8,,7.0,6.9,C+,2.5,True,3.06,3.26,Pass
5251,1532053,HK161_CO2003_L03,CO2003,-13,False,,6.5,6.0,,6.5,6.2,C,2.0,True,2.47,2.43,Pass
5252,1586123,HK161_CO2003_L03,CO2003,-13,False,,4.9,6.5,,6.3,6.1,C,2.0,True,2.0,2.03,Pass
5253,1550948,HK161_CO2003_L03,CO2003,-13,False,,7.7,6.0,,8.1,6.8,C+,2.5,True,3.09,3.08,Pass
5254,1575368,HK161_CO2003_L03,CO2003,-13,False,,6.2,5.1,,7.8,5.9,C,2.0,True,1.94,1.71,Pass
5255,1553563,HK161_CO2003_L03,CO2003,-13,False,,10.0,10.0,,8.6,9.7,A+,4.0,True,4.0,3.96,Pass
5256,1525136,HK161_CO2003_L03,CO2003,-13,False,,8.3,7.9,,6.5,7.7,B,3.0,True,2.88,2.96,Pass
5257,1552466,HK161_CO2003_L03,CO2003,-13,False,,6.9,7.4,,7.8,7.4,B,3.0,True,3.18,3.1,Pass
5258,1525600,HK161_CO2003_L03,CO2003,-13,False,,8.7,7.8,,7.7,8.0,B+,3.5,True,3.29,3.13,Pass
5259,1547405,HK161_CO2003_L03,CO2003,-13,False,,8.0,8.6,,7.5,8.3,B+,3.5,True,3.29,3.35,Pass
5260,1509446,HK161_CO2003_L03,CO2003,-13,False,,9.2,8.5,,8.9,8.7,A,4.0,True,4.0,4.0,Pass
5261,1581652,HK161_CO2003_L03,CO2003,-13,False,,8.8,7.3,,9.0,7.9,B,3.0,True,3.18,3.11,Pass
5262,1599029,HK161_CO2003_L03,CO2003,-13,False,,8.0,8.5,,7.0,8.1,B+,3.5,True,3.35,3.27,Pass
5263,1513453,HK161_CO2003_L03,CO2003,-13,False,,5.6,6.0,,6.9,6.1,C,2.0,True,1.97,1.68,Pass
5264,1566595,HK161_CO2003_L03,CO2003,-13,False,,7.2,7.7,,7.4,7.5,B,3.0,True,2.32,2.46,Pass
5265,1501011,HK161_CO2003_L03,CO2003,-13,False,,10.0,8.5,,9.1,8.9,A,4.0,True,3.41,3.51,Pass
5266,1513917,HK161_CO2003_L03,CO2003,-13,False,,5.9,5.9,,6.5,6.0,C,2.0,True,1.82,1.72,Pass
5267,1589033,HK161_CO2003_L03,CO2003,-13,False,,8.7,8.4,,8.5,8.5,A,4.0,True,3.62,3.23,Pass
5268,1545423,HK161_CO2003_L03,CO2003,-13,False,,8.0,7.6,,6.7,7.5,B,3.0,True,2.91,2.79,Pass
5269,1549261,HK161_CO2003_L03,CO2003,-13,False,,9.1,8.6,,8.7,8.7,A,4.0,True,3.62,3.34,Pass
5270,1560311,HK161_CO2003_L03,CO2003,-13,False,,7.8,8.5,,7.7,8.2,B+,3.5,True,3.12,3.24,Pass
5271,1591479,HK161_CO2003_L03,CO2003,-13,False,,8.1,7.4,,9.8,8.0,B+,3.5,True,3.88,3.76,Pass
5272,1568282,HK161_CO2003_L03,CO2003,-13,False,,7.4,7.6,,8.0,7.6,B,3.0,True,3.0,3.34,Pass
5273,1505946,HK161_CO2003_L03,CO2003,-13,False,,5.8,6.7,,6.8,6.5,C+,2.5,True,2.19,2.37,Pass
5274,1532643,HK161_CO2003_L03,CO2003,-13,False,,7.4,9.0,,8.5,8.6,A,4.0,True,3.62,3.54,Pass
5275,1573681,HK161_CO2003_L03,CO2003,-13,False,,6.6,5.9,,6.0,6.1,C,2.0,True,2.09,2.29,Pass
5276,1557063,HK161_CO2003_L03,CO2003,-13,False,,8.3,8.4,,7.7,8.2,B+,3.5,True,3.42,3.35,Pass
5277,1553099,HK161_CO2003_L03,CO2003,-13,False,,7.1,7.2,,8.8,7.5,B,3.0,True,3.08,3.28,Pass
5278,1554617,HK161_CO2003_L03,CO2003,-13,False,,6.0,6.4,,6.5,6.3,C,2.0,True,2.5,2.47,Pass
5279,1582875,HK161_CO2003_L03,CO2003,-13,False,,8.0,7.4,,8.4,7.7,B,3.0,True,3.18,3.36,Pass
5280,1567987,HK161_CO2003_L03,CO2003,-13,False,,5.7,5.6,,6.9,5.9,C,2.0,True,1.59,1.8,Pass
5281,1545254,HK161_CO2003_L03,CO2003,-13,False,,10.0,7.5,,8.8,8.3,B+,3.5,True,3.29,3.15,Pass
5282,1500842,HK161_CO2003_L03,CO2003,-13,False,,5.2,5.1,,4.1,4.9,D,1.0,True,1.62,1.65,Pass
5283,1528341,HK161_CO2003_L03,CO2003,-13,False,,7.6,8.8,,8.2,8.4,B+,3.5,True,3.29,3.23,Pass
5284,1552930,HK161_CO2003_L03,CO2003,-13,False,,6.4,6.2,,5.7,6.1,C,2.0,True,2.22,2.14,Pass
5285,1548628,HK161_CO2003_L03,CO2003,-13,False,,7.8,8.1,,7.1,7.8,B,3.0,True,2.76,2.7,Pass
5286,1528215,HK161_CO2003_L03,CO2003,-13,False,,7.3,7.8,,6.8,7.5,B,3.0,True,2.82,2.75,Pass
5287,1589328,HK161_CO2003_L03,CO2003,-13,False,,7.8,9.0,,8.8,8.7,A,4.0,True,3.44,3.28,Pass
5288,1536355,HK161_CO2003_L03,CO2003,-13,False,,5.1,6.0,,5.1,5.6,C,2.0,True,2.0,1.86,Pass
5289,1503162,HK161_CO2003_L03,CO2003,-13,False,,7.7,7.2,,8.0,7.5,B,3.0,True,3.35,3.3,Pass
5290,1531884,HK161_CO2003_L03,CO2003,-13,False,,7.9,7.6,,6.3,7.4,B,3.0,True,2.76,2.74,Pass
5291,1595781,HK161_CO2003_L03,CO2003,-13,False,,8.7,7.0,,8.1,7.6,B,3.0,True,3.5,3.52,Pass
5292,1594263,HK161_CO2003_L03,CO2003,-13,False,,7.6,7.6,,7.9,7.7,B,3.0,True,3.09,3.16,Pass
5293,1531420,HK161_CO2003_L03,CO2003,-13,False,,7.7,8.8,,8.2,8.5,A,4.0,True,3.15,3.24,Pass
5294,1585026,HK161_CO2003_L03,CO2003,-13,False,,7.3,5.6,,9.1,6.6,C+,2.5,True,3.06,3.06,Pass
5295,1574609,HK161_CO2003_L03,CO2003,-13,False,,6.0,7.6,,6.0,7.0,B,3.0,True,2.44,2.33,Pass
5296,1518978,HK161_CO2003_L03,CO2003,-13,False,,5.3,6.0,,4.9,5.6,C,2.0,True,2.18,1.91,Pass
5297,1576422,HK161_CO2003_L03,CO2003,-13,False,,6.6,5.0,,4.6,5.2,D+,1.5,True,1.78,1.85,Pass
5298,1578742,HK161_CO2003_L03,CO2003,-13,False,,7.7,6.9,,6.7,7.0,B,3.0,True,3.38,3.45,Pass
5299,1534330,HK161_CO2003_L03,CO2003,-13,False,,7.9,7.9,,9.0,8.1,B+,3.5,True,3.32,3.32,Pass
5300,1510079,HK161_CO2003_L03,CO2003,-13,False,,6.1,5.9,,6.4,6.0,C,2.0,True,2.65,2.33,Pass
5301,1549556,HK161_CO2003_L03,CO2003,-13,False,,7.4,8.3,,7.1,7.9,B,3.0,True,3.32,3.24,Pass
5302,1534499,HK161_CO2003_L03,CO2003,-13,False,,8.7,9.3,,8.6,9.0,A,4.0,True,3.5,3.34,Pass
5303,1522352,HK161_CO2003_L03,CO2003,-13,False,,8.3,9.0,,7.7,8.6,A,4.0,True,3.47,3.4,Pass
5304,1560016,HK161_CO2003_L03,CO2003,-13,False,,7.8,8.5,,9.2,8.5,A,4.0,True,3.37,3.3,Pass
5305,1572458,HK161_CO2003_L03,CO2003,-13,False,,6.9,7.3,,7.0,7.2,B,3.0,True,2.61,2.39,Pass
5306,1588864,HK161_CO2003_L03,CO2003,-13,False,,9.4,8.2,,6.7,8.1,B+,3.5,True,2.76,2.51,Pass
5307,1589202,HK161_CO2003_L03,CO2003,-13,False,,8.4,7.8,,7.6,7.9,B,3.0,True,3.38,3.37,Pass
5308,1595950,HK161_CO2003_L03,CO2003,-13,False,,6.4,9.3,,7.0,8.3,B+,3.5,True,2.97,2.63,Pass
5309,1551243,HK161_CO2003_L03,CO2003,-13,False,,5.7,6.3,,6.8,6.3,C,2.0,True,2.41,2.46,Pass
5310,1522816,HK161_CO2003_L03,CO2003,-13,False,,6.3,6.4,,6.4,6.4,C+,2.5,True,2.62,2.42,Pass
5311,1570602,HK161_CO2003_L03,CO2003,-13,False,,9.3,8.4,,7.4,8.4,B+,3.5,True,3.59,3.44,Pass
5312,1518050,HK161_CO2003_L04,CO2003,-13,False,,7.4,9.2,,7.7,8.5,A,4.0,True,3.59,3.45,Pass
5313,1587641,HK161_CO2003_L04,CO2003,-13,False,,6.4,7.7,,8.0,7.5,B,3.0,True,3.09,3.25,Pass
5314,1586249,HK161_CO2003_L04,CO2003,-13,False,,7.5,8.6,,9.5,8.6,A,4.0,True,3.65,3.57,Pass
5315,1560775,HK161_CO2003_L04,CO2003,-13,False,,7.6,5.8,,7.1,6.4,C+,2.5,True,2.71,2.79,Pass
5316,1547700,HK161_CO2003_L04,CO2003,-13,False,,8.3,8.1,,8.2,8.2,B+,3.5,True,3.12,3.31,Pass
5317,1507169,HK161_CO2003_L04,CO2003,-13,False,,7.1,7.2,,5.4,6.8,C+,2.5,True,2.29,2.34,Pass
5318,1535427,HK161_CO2003_L04,CO2003,-13,False,,5.6,4.9,,5.8,5.2,D+,1.5,True,1.84,1.81,Pass
5319,1546013,HK161_CO2003_L04,CO2003,-13,False,,6.8,7.3,,7.0,7.1,B,3.0,True,2.69,2.42,Pass
5320,1583972,HK161_CO2003_L04,CO2003,-13,False,,6.9,6.1,,5.7,6.2,C,2.0,True,2.09,2.13,Pass
5321,1554322,HK161_CO2003_L04,CO2003,-13,False,,8.1,6.7,,6.9,7.0,B,3.0,True,2.5,2.53,Pass
5322,1569843,HK161_CO2003_L04,CO2003,-13,False,,8.1,9.0,,8.1,8.6,A,4.0,True,3.53,3.54,Pass
5323,1528974,HK161_CO2003_L04,CO2003,-13,False,,6.5,6.9,,6.1,6.7,C+,2.5,True,2.0,2.03,Pass
5324,1514676,HK161_CO2003_L04,CO2003,-13,False,,9.1,9.2,,8.7,9.1,A,4.0,True,3.62,3.37,Pass
5325,1563516,HK161_CO2003_L04,CO2003,-13,False,,6.5,6.6,,5.1,6.3,C,2.0,True,2.09,2.27,Pass
5326,1588569,HK161_CO2003_L04,CO2003,-13,False,,8.1,8.7,,7.8,8.4,B+,3.5,True,3.32,3.19,Pass
5327,1507000,HK161_CO2003_L04,CO2003,-13,False,,7.1,8.7,,8.7,8.4,B+,3.5,True,3.5,3.29,Pass
5328,1527118,HK161_CO2003_L04,CO2003,-13,False,,8.8,7.3,,8.9,7.9,B,3.0,True,3.15,3.24,Pass
5329,1518388,HK161_CO2003_L04,CO2003,-13,False,,10.0,5.7,,8.1,7.0,B,3.0,True,3.09,3.25,Pass
5330,1537409,HK161_CO2003_L04,CO2003,-13,False,,8.6,8.1,,7.9,8.2,B+,3.5,True,3.29,3.3,Pass
5331,1532179,HK161_CO2003_L04,CO2003,-13,False,,8.3,8.0,,7.4,7.9,B,3.0,True,3.32,3.33,Pass
5332,1521593,HK161_CO2003_L04,CO2003,-13,False,,7.8,8.3,,7.7,8.1,B+,3.5,True,3.32,3.56,Pass
5333,1527582,HK161_CO2003_L04,CO2003,-13,False,,5.9,8.1,,7.3,7.5,B,3.0,True,2.53,2.59,Pass
5334,1555840,HK161_CO2003_L04,CO2003,-13,False,,8.4,8.8,,9.0,8.8,A,4.0,True,3.62,3.59,Pass
5335,1579796,HK161_CO2003_L04,CO2003,-13,False,,7.8,8.2,,7.5,8.0,B+,3.5,True,3.21,3.24,Pass
5336,1583339,HK161_CO2003_L04,CO2003,-13,False,,6.1,6.3,,5.4,6.1,C,2.0,True,2.35,2.43,Pass
5337,1590256,HK161_CO2003_L04,CO2003,-13,False,,7.1,8.8,,7.0,8.1,B+,3.5,True,3.29,3.33,Pass
5338,1590720,HK161_CO2003_L04,CO2003,-13,False,,5.3,5.7,,7.2,5.9,C,2.0,True,2.09,2.03,Pass
5339,1581188,HK161_CO2003_L04,CO2003,-13,False,,9.1,7.9,,8.0,8.2,B+,3.5,True,3.35,3.28,Pass
5340,1586418,HK161_CO2003_L04,CO2003,-13,False,,8.8,8.2,,9.3,8.5,A,4.0,True,3.71,3.72,Pass
5341,1571361,HK161_CO2003_L04,CO2003,-13,False,,7.1,6.9,,7.3,7.0,B,3.0,True,3.0,2.8,Pass
5342,1589961,HK161_CO2003_L04,CO2003,-13,False,,8.1,8.5,,8.1,8.3,B+,3.5,True,3.47,3.24,Pass
5343,1595317,HK161_CO2003_L04,CO2003,-13,False,,5.7,9.6,,9.5,8.8,A,4.0,True,3.85,3.9,Pass
5344,1579965,HK161_CO2003_L04,CO2003,-13,False,,7.9,7.0,,7.9,7.4,B,3.0,True,2.91,3.07,Pass
5345,1540319,HK161_CO2003_L04,CO2003,-13,False,,8.3,7.7,,9.2,8.1,B+,3.5,True,3.38,3.17,Pass
5346,1517291,HK161_CO2003_L04,CO2003,-13,False,,5.5,7.2,,5.0,6.4,C+,2.5,True,2.03,1.79,Pass
5347,1517586,HK161_CO2003_L04,CO2003,-13,False,,8.0,7.8,,8.0,7.9,B,3.0,True,2.91,3.0,Pass
5348,1541416,HK161_CO2003_L04,CO2003,-13,False,,7.6,8.1,,8.5,8.1,B+,3.5,True,3.29,3.22,Pass
5349,1564613,HK161_CO2003_L04,CO2003,-13,False,,7.8,7.8,,9.5,8.1,B+,3.5,True,3.32,3.2,Pass
5350,1512525,HK161_CO2003_L04,CO2003,-13,False,,7.5,8.6,,7.0,8.1,B+,3.5,True,3.21,3.19,Pass
5351,1511007,HK161_CO2003_L04,CO2003,-13,False,,6.0,4.8,,6.8,5.4,D+,1.5,True,1.59,1.68,Pass
5352,1592407,HK161_CO2003_L04,CO2003,-13,False,,6.7,7.1,,6.6,6.9,C+,2.5,True,2.44,2.44,Pass
5353,1544790,HK161_CO2003_L04,CO2003,-13,False,,4.6,6.1,,5.9,5.8,C,2.0,True,1.81,1.92,Pass
5354,1504554,HK161_CO2003_L04,CO2003,-13,False,,9.0,8.3,,9.6,8.7,A,4.0,True,3.74,3.8,Pass
5355,1578447,HK161_CO2003_L04,CO2003,-13,False,,6.3,6.3,,7.6,6.6,C+,2.5,True,2.59,2.78,Pass
5356,1577645,HK161_CO2003_L04,CO2003,-13,False,,9.4,9.8,,9.9,9.7,A+,4.0,True,4.0,4.0,Pass
5357,1526654,HK161_CO2003_L04,CO2003,-13,False,,6.5,7.9,,8.1,7.7,B,3.0,True,3.09,3.09,Pass
5358,1507295,HK161_CO2003_L04,CO2003,-13,False,,7.8,7.9,,7.5,7.8,B,3.0,True,3.44,3.34,Pass
5359,1522521,HK161_CO2003_L04,CO2003,-13,False,,8.7,7.9,,8.0,8.1,B+,3.5,True,3.41,3.49,Pass
5360,1501306,HK161_CO2003_L04,CO2003,-13,False,,8.1,8.1,,9.8,8.4,B+,3.5,True,3.88,3.89,Pass
5361,1509784,HK161_CO2003_L04,CO2003,-13,False,,7.1,8.9,,7.5,8.3,B+,3.5,True,3.5,3.14,Pass
5362,1569210,HK161_CO2003_L04,CO2003,-13,False,,6.4,6.9,,6.9,6.8,C+,2.5,True,2.5,2.56,Pass
5363,1579037,HK161_CO2003_L04,CO2003,-13,False,,8.2,10.0,,8.0,9.2,A,4.0,True,3.88,3.44,Pass
5364,1580429,HK161_CO2003_L04,CO2003,-13,False,,6.5,6.5,,5.9,6.4,C+,2.5,True,2.38,2.12,Pass
5365,1546477,HK161_CO2003_L04,CO2003,-13,False,,8.1,6.0,,5.5,6.3,C,2.0,True,2.35,2.5,Pass
5366,1523280,HK161_CO2003_L04,CO2003,-13,False,,8.1,8.2,,9.1,8.4,B+,3.5,True,3.5,3.39,Pass
5367,1510838,HK161_CO2003_L04,CO2003,-13,False,,7.6,6.3,,7.6,6.8,C+,2.5,True,3.12,3.05,Pass
5368,1531125,HK161_CO2003_L04,CO2003,-13,False,,8.8,7.5,,8.0,7.9,B,3.0,True,3.09,3.3,Pass
5369,1526528,HK161_CO2003_L04,CO2003,-13,False,,5.2,5.6,,4.9,5.4,D+,1.5,True,1.5,1.8,Pass
5370,1591015,HK161_CO2003_L04,CO2003,-13,False,,8.5,8.5,,7.0,8.2,B+,3.5,True,3.41,3.39,Pass
5371,1506072,HK161_CO2003_L04,CO2003,-13,False,,7.1,7.2,,6.7,7.1,B,3.0,True,3.22,3.08,Pass
5372,1516827,HK161_CO2003_L04,CO2003,-13,False,,7.5,7.8,,7.5,7.7,B,3.0,True,3.59,3.66,Pass
5373,1500252,HK161_CO2003_L04,CO2003,-13,False,,6.1,5.8,,6.5,6.0,C,2.0,True,2.37,2.62,Pass
5374,1580134,HK161_CO2003_L04,CO2003,-13,False,,5.9,4.6,,5.7,5.1,D+,1.5,True,1.88,1.87,Pass
5375,1561829,HK161_CO2003_L04,CO2003,-13,False,,7.8,9.9,,8.0,9.1,A,4.0,True,3.82,3.44,Pass
5376,1541247,HK161_CO2003_L04,CO2003,-13,False,,6.2,5.9,,6.2,6.0,C,2.0,True,2.09,2.41,Pass
5377,1558624,HK161_CO2003_L04,CO2003,-13,False,,8.6,9.6,,7.9,9.1,A,4.0,True,4.0,3.97,Pass
5378,1538168,HK161_CO2003_L04,CO2003,-13,False,,6.1,7.1,,6.5,6.8,C+,2.5,True,2.45,2.41,Pass
5379,1591353,HK161_CO2003_L04,CO2003,-13,False,,7.3,8.2,,9.5,8.3,B+,3.5,True,3.0,3.14,Pass
5380,1585195,HK161_CO2003_L04,CO2003,-13,False,,7.4,7.5,,7.1,7.4,B,3.0,True,2.59,2.62,Pass
5381,1572120,HK161_CO2003_L04,CO2003,-13,False,,6.4,6.4,,5.7,6.3,C,2.0,True,2.47,2.61,Pass
5382,1540193,HK161_CO2003_L04,CO2003,-13,False,,7.9,8.3,,5.7,7.7,B,3.0,True,3.09,3.1,Pass
5383,1598565,HK161_CO2003_L04,CO2003,-13,False,,6.5,6.4,,6.6,6.5,C+,2.5,True,2.94,2.7,Pass
5384,1567354,HK161_CO2003_L04,CO2003,-13,False,,8.3,7.9,,7.5,7.9,B,3.0,True,3.5,3.42,Pass
5385,1530028,HK161_CO2003_L04,CO2003,-13,False,,8.7,8.0,,8.4,8.2,B+,3.5,True,3.5,3.28,Pass
5386,1538632,HK161_CO2003_L04,CO2003,-13,False,,6.4,7.5,,7.3,7.2,B,3.0,True,2.91,2.75,Pass
5387,1584267,HK161_CO2003_L04,CO2003,-13,False,,8.0,6.7,,9.0,7.4,B,3.0,True,2.62,2.4,Pass
5388,1529269,HK161_CO2003_L04,CO2003,-13,False,,6.1,6.7,,4.7,6.2,C,2.0,True,1.82,1.77,Pass
5389,1544959,HK161_CO2003_L04,CO2003,-13,False,,9.2,7.3,,10.0,8.2,B+,3.5,True,3.47,3.29,Pass
5390,1526823,HK161_CO2003_L04,CO2003,-13,False,,5.6,6.3,,5.9,6.1,C,2.0,True,1.63,1.85,Pass
5391,1528510,HK161_CO2003_L04,CO2003,-13,False,,7.2,7.3,,7.5,7.3,B,3.0,True,2.62,2.5,Pass
5392,1545718,HK161_CO2003_L04,CO2003,-13,False,,6.2,6.6,,5.8,6.4,C+,2.5,True,2.21,2.25,Pass
5393,1570307,HK161_CO2003_L04,CO2003,-13,False,,7.9,9.5,,5.2,8.3,B+,3.5,True,3.12,3.08,Pass
5394,1573048,HK161_CO2003_L04,CO2003,-13,False,,6.9,7.6,,6.4,7.2,B,3.0,True,3.18,3.34,Pass
5395,1551707,HK161_CO2003_L04,CO2003,-13,False,,8.2,8.1,,7.4,8.0,B+,3.5,True,3.21,3.22,Pass
5396,1542934,HK161_CO2003_L04,CO2003,-13,False,,8.8,7.5,,8.3,7.9,B,3.0,True,3.29,3.33,Pass
5397,1546646,HK161_CO2003_L04,CO2003,-13,False,,7.5,7.1,,8.3,7.4,B,3.0,True,3.0,3.18,Pass
5398,1516363,HK161_CO2003_L04,CO2003,-13,False,,8.1,8.6,,9.1,8.6,A,4.0,True,3.74,3.69,Pass
5399,1581357,HK161_CO2003_L04,CO2003,-13,False,,9.3,8.2,,9.1,8.6,A,4.0,True,3.56,3.39,Pass
5400,1552002,HK161_CO2003_L04,CO2003,-13,False,,7.8,9.0,,8.0,8.6,A,4.0,True,3.5,3.2,Pass
5401,1539265,HK161_CO2003_L04,CO2003,-13,False,,9.8,7.9,,6.7,8.0,B+,3.5,True,3.34,3.09,Pass
5402,1540657,HK161_CO2003_L04,CO2003,-13,False,,6.7,6.8,,6.9,6.8,C+,2.5,True,2.37,2.3,Pass
5403,1558455,HK161_CO2003_L04,CO2003,-13,False,,7.9,7.9,,6.7,7.7,B,3.0,True,2.82,2.69,Pass
5404,1564149,HK161_CO2003_L04,CO2003,-13,False,,6.8,7.0,,6.8,6.9,C+,2.5,True,2.59,2.44,Pass
5405,1503626,HK161_CO2003_L04,CO2003,-13,False,,4.6,6.1,,7.1,6.0,C,2.0,True,1.44,1.69,Pass
5406,1551412,HK161_CO2003_L04,CO2003,-13,False,,8.4,7.7,,7.3,7.8,B,3.0,True,3.29,3.44,Pass
5407,1583044,HK161_CO2003_L04,CO2003,-13,False,,7.8,8.5,,7.8,8.2,B+,3.5,True,3.09,3.08,Pass
5408,1539729,HK161_CO2003_L04,CO2003,-13,False,,7.0,7.7,,8.1,7.6,B,3.0,True,3.59,3.65,Pass
5409,1556937,HK161_CO2003_L04,CO2003,-13,False,,6.5,8.0,,8.1,7.7,B,3.0,True,3.47,3.6,Pass
5410,1508982,HK161_CO2003_L04,CO2003,-13,False,,6.8,7.0,,7.3,7.0,B,3.0,True,2.47,2.25,Pass
5411,1576127,HK161_CO2003_L04,CO2003,-13,False,,8.3,7.7,,7.0,7.7,B,3.0,True,3.0,3.08,Pass
5412,1514845,HK161_CO2003_L04,CO2003,-13,False,,5.8,5.8,,6.9,6.0,C,2.0,True,1.56,1.28,Pass
5413,1598860,HK161_CO2003_L04,CO2003,-13,False,,8.3,7.0,,7.6,7.4,B,3.0,True,3.18,3.37,Pass
5414,1536650,HK161_CO2003_L04,CO2003,-13,False,,8.9,7.7,,9.0,8.2,B+,3.5,True,3.41,3.23,Pass
5415,1591184,HK161_CO2003_L04,CO2003,-13,False,,7.3,6.1,,6.9,6.5,C+,2.5,True,2.79,2.84,Pass
5416,1552761,HK161_CO2003_L04,CO2003,-13,False,,6.6,6.2,,5.9,6.2,C,2.0,True,2.76,2.6,Pass
5417,1593335,HK161_CO2003_L04,CO2003,-13,False,,7.0,7.9,,9.3,8.0,B+,3.5,True,3.29,3.35,Pass
5418,1560606,HK161_CO2003_L04,CO2003,-13,False,,7.0,7.0,,7.3,7.1,B,3.0,True,2.81,2.57,Pass
5419,1555376,HK161_CO2003_L04,CO2003,-13,False,,6.9,5.4,,5.4,5.7,C,2.0,True,1.88,1.96,Pass
5420,1566764,HK161_CO2003_L04,CO2003,-13,False,,5.7,5.8,,4.8,5.6,C,2.0,True,2.11,1.91,Pass
5421,1548164,HK161_CO2003_L04,CO2003,-13,False,,8.3,9.4,,8.7,9.0,A,4.0,True,3.41,3.51,Pass
5422,1577055,HK161_CO2003_L04,CO2003,-13,False,,8.7,8.0,,8.1,8.2,B+,3.5,True,3.21,3.24,Pass
5423,1571994,HK161_CO2003_L05,CO2003,-13,False,,8.1,7.3,,10.0,8.0,B+,3.5,True,3.5,3.52,Pass
5424,1592702,HK161_CO2003_L05,CO2003,-13,False,,9.5,8.8,,8.6,8.9,A,4.0,True,3.91,3.88,Pass
5425,1574904,HK161_CO2003_L05,CO2003,-13,False,,6.8,7.4,,6.8,7.2,B,3.0,True,2.71,2.52,Pass
5426,1565836,HK161_CO2003_L05,CO2003,-13,False,,5.7,4.3,,6.0,4.9,D,1.0,True,1.92,1.74,Pass
5427,1584731,HK161_CO2003_L05,CO2003,-13,False,,5.9,5.3,,5.8,5.5,C,2.0,True,2.0,1.89,Pass
5428,1505608,HK161_CO2003_L05,CO2003,-13,False,,6.2,7.2,,6.5,6.9,C+,2.5,True,2.47,2.7,Pass
5429,1505144,HK161_CO2003_L05,CO2003,-13,False,,7.8,6.7,,6.6,6.9,C+,2.5,True,3.09,3.32,Pass
5430,1530366,HK161_CO2003_L05,CO2003,-13,False,,9.4,8.7,,8.2,8.7,A,4.0,True,3.53,3.47,Pass
5431,1511133,HK161_CO2003_L05,CO2003,-13,False,,7.6,8.6,,7.0,8.1,B+,3.5,True,3.44,3.34,Pass
5432,1542470,HK161_CO2003_L05,CO2003,-13,False,,9.0,7.8,,8.1,8.1,B+,3.5,True,3.12,3.1,Pass
5433,1537578,HK161_CO2003_L05,CO2003,-13,False,,5.6,5.7,,5.8,5.7,C,2.0,True,1.82,1.76,Pass
5434,1533276,HK161_CO2003_L05,CO2003,-13,False,,8.5,7.9,,7.2,7.9,B,3.0,True,3.38,3.28,Pass
5435,1519737,HK161_CO2003_L05,CO2003,-13,False,,7.0,9.1,,7.9,8.4,B+,3.5,True,3.59,3.3,Pass
5436,1580598,HK161_CO2003_L05,CO2003,-13,False,,7.0,6.8,,7.1,6.9,C+,2.5,True,3.29,3.12,Pass
5437,1593504,HK161_CO2003_L05,CO2003,-13,False,,5.9,7.1,,8.6,7.2,B,3.0,True,3.09,3.06,Pass
5438,1594558,HK161_CO2003_L05,CO2003,-13,False,,6.8,7.9,,9.5,8.0,B+,3.5,True,3.5,3.49,Pass
5439,1511935,HK161_CO2003_L05,CO2003,-13,False,,6.2,6.6,,7.7,6.7,C+,2.5,True,2.24,2.26,Pass
5440,1523744,HK161_CO2003_L05,CO2003,-13,False,,7.5,6.2,,6.5,6.5,C+,2.5,True,2.35,2.34,Pass
5441,1504849,HK161_CO2003_L05,CO2003,-13,False,,7.4,7.4,,7.1,7.3,B,3.0,True,2.82,2.91,Pass
5442,1565541,HK161_CO2003_L05,CO2003,-13,False,,6.1,6.0,,7.1,6.2,C,2.0,True,2.38,2.57,Pass
5443,1520834,HK161_CO2003_L05,CO2003,-13,False,,7.9,7.7,,7.4,7.7,B,3.0,True,3.0,3.05,Pass
5444,1582116,HK161_CO2003_L05,CO2003,-13,False,,7.3,7.9,,7.2,7.6,B,3.0,True,3.41,3.31,Pass
5445,1567059,HK161_CO2003_L05,CO2003,-13,False,,5.5,7.6,,8.6,7.4,B,3.0,True,2.79,2.56,Pass
5446,1543567,HK161_CO2003_L05,CO2003,-13,False,,7.8,8.1,,7.6,7.9,B,3.0,True,3.26,3.27,Pass
5447,1561365,HK161_CO2003_L05,CO2003,-13,False,,6.7,5.9,,8.3,6.5,C+,2.5,True,2.53,2.33,Pass
5448,1533740,HK161_CO2003_L05,CO2003,-13,False,,8.9,9.0,,8.6,8.9,A,4.0,True,3.37,3.32,Pass
5449,1516996,HK161_CO2003_L05,CO2003,-13,False,,7.3,8.4,,7.7,8.0,B+,3.5,True,3.21,3.09,Pass
5450,1566005,HK161_CO2003_L05,CO2003,-13,False,,7.4,8.3,,7.6,8.0,B+,3.5,True,3.29,3.51,Pass
5451,1559552,HK161_CO2003_L05,CO2003,-13,False,,6.9,7.3,,7.1,7.2,B,3.0,True,2.5,2.45,Pass
5452,1515140,HK161_CO2003_L05,CO2003,-13,False,,5.0,5.6,,5.0,5.4,D+,1.5,True,1.72,1.67,Pass
5453,1567228,HK161_CO2003_L05,CO2003,-13,False,,9.7,9.5,,8.8,9.4,A,4.0,True,4.0,3.92,Pass
5454,1561534,HK161_CO2003_L05,CO2003,-13,False,,7.0,7.3,,8.2,7.4,B,3.0,True,2.91,3.12,Pass
5455,1521424,HK161_CO2003_L05,CO2003,-13,False,,8.9,7.9,,8.1,8.1,B+,3.5,True,3.21,3.15,Pass
5456,1538801,HK161_CO2003_L05,CO2003,-13,False,,4.5,5.1,,4.6,4.9,D,1.0,True,1.25,1.41,Pass
5457,1505018,HK161_CO2003_L05,CO2003,-13,False,,7.3,7.9,,8.1,7.8,B,3.0,True,3.21,3.13,Pass
5458,1519442,HK161_CO2003_L05,CO2003,-13,False,,6.1,7.7,,5.7,7.0,B,3.0,True,2.72,2.56,Pass
5459,1582411,HK161_CO2003_L05,CO2003,-13,False,,5.5,6.4,,6.8,6.3,C,2.0,True,2.0,2.18,Pass
5460,1585954,HK161_CO2003_L05,CO2003,-13,False,,6.8,7.9,,7.7,7.6,B,3.0,True,3.12,3.19,Pass
5461,1503921,HK161_CO2003_L05,CO2003,-13,False,,5.7,5.7,,6.8,5.9,C,2.0,True,1.88,1.77,Pass
5462,1574440,HK161_CO2003_L05,CO2003,-13,False,,7.2,6.9,,6.5,6.9,C+,2.5,True,3.18,3.21,Pass
5463,1506241,HK161_CO2003_L05,CO2003,-13,False,,7.8,8.1,,7.8,8.0,B+,3.5,True,3.41,3.19,Pass
5464,1534794,HK161_CO2003_L05,CO2003,-13,False,,7.4,10.0,,8.7,9.2,A,4.0,True,3.82,3.68,Pass
5465,1510543,HK161_CO2003_L05,CO2003,-13,False,,8.2,8.0,,8.2,8.1,B+,3.5,True,3.68,3.66,Pass
5466,1516237,HK161_CO2003_L05,CO2003,-13,False,,8.0,8.7,,8.0,8.4,B+,3.5,True,3.53,3.56,Pass
5467,1559383,HK161_CO2003_L05,CO2003,-13,False,,8.2,7.9,,7.8,7.9,B,3.0,True,3.18,3.32,Pass
5468,1552635,HK161_CO2003_L05,CO2003,-13,False,,7.5,6.3,,6.5,6.6,C+,2.5,True,2.62,2.3,Pass
5469,1576886,HK161_CO2003_L05,CO2003,-13,False,,5.5,7.0,,6.7,6.6,C+,2.5,True,2.44,2.54,Pass
5470,1577983,HK161_CO2003_L05,CO2003,-13,False,,7.0,7.4,,7.4,7.3,B,3.0,True,2.25,2.34,Pass
5471,1506705,HK161_CO2003_L05,CO2003,-13,False,,6.0,7.2,,6.7,6.9,C+,2.5,True,2.56,2.54,Pass
5472,1576296,HK161_CO2003_L05,CO2003,-13,False,,9.5,7.5,,8.3,8.1,B+,3.5,True,3.88,3.91,Pass
5473,1588400,HK161_CO2003_L05,CO2003,-13,False,,9.8,8.7,,9.2,9.0,A,4.0,True,3.41,3.27,Pass
5474,1557991,HK161_CO2003_L05,CO2003,-13,False,,6.3,6.3,,6.8,6.4,C+,2.5,True,2.32,2.37,Pass
5475,1571656,HK161_CO2003_L05,CO2003,-13,False,,5.4,5.9,,5.1,5.6,C,2.0,True,1.69,1.7,Pass
5476,1549092,HK161_CO2003_L05,CO2003,-13,False,,7.0,8.0,,7.5,7.7,B,3.0,True,3.18,3.19,Pass
5477,1501475,HK161_CO2003_L05,CO2003,-13,False,,8.0,7.1,,8.7,7.6,B,3.0,True,3.0,3.39,Pass
5478,1556009,HK161_CO2003_L05,CO2003,-13,False,,7.9,9.0,,8.7,8.7,A,4.0,True,3.47,3.14,Pass
5479,1538506,HK161_CO2003_L05,CO2003,-13,False,,6.5,6.0,,6.8,6.3,C,2.0,True,1.91,1.93,Pass
5480,1511766,HK161_CO2003_L05,CO2003,-13,False,,6.1,6.8,,5.6,6.4,C+,2.5,True,2.41,2.56,Pass
5481,1597004,HK161_CO2003_L05,CO2003,-13,False,,6.4,7.3,,5.7,6.8,C+,2.5,True,2.29,2.32,Pass
5482,1566131,HK161_CO2003_L05,CO2003,-13,False,,6.6,7.1,,7.8,7.1,B,3.0,True,2.71,2.55,Pass
5483,1556304,HK161_CO2003_L05,CO2003,-13,False,,7.3,6.0,,5.8,6.2,C,2.0,True,2.38,2.39,Pass
5484,1501939,HK161_CO2003_L05,CO2003,-13,False,,9.0,8.0,,8.1,8.2,B+,3.5,True,3.38,3.24,Pass
5485,1527287,HK161_CO2003_L05,CO2003,-13,False,,6.0,5.0,,5.7,5.3,D+,1.5,True,2.26,2.34,Pass
5486,1589497,HK161_CO2003_L05,CO2003,-13,False,,9.0,7.3,,7.5,7.7,B,3.0,True,3.5,3.45,Pass
5487,1531589,HK161_CO2003_L05,CO2003,-13,False,,7.9,8.4,,8.1,8.2,B+,3.5,True,3.62,3.47,Pass
5488,1584098,HK161_CO2003_L05,CO2003,-13,False,,8.4,8.2,,7.8,8.2,B+,3.5,True,3.79,3.55,Pass
5489,1528046,HK161_CO2003_L05,CO2003,-13,False,,8.4,8.4,,7.8,8.3,B+,3.5,True,3.12,3.3,Pass
5490,1579670,HK161_CO2003_L05,CO2003,-13,False,,8.0,8.7,,8.7,8.6,A,4.0,True,3.59,3.6,Pass
5491,1500547,HK161_CO2003_L05,CO2003,-13,False,,7.9,8.1,,7.2,7.9,B,3.0,True,3.18,3.19,Pass
5492,1518683,HK161_CO2003_L05,CO2003,-13,False,,7.7,6.2,,6.9,6.6,C+,2.5,True,2.44,2.25,Pass
5493,1536945,HK161_CO2003_L05,CO2003,-13,False,,9.6,8.5,,7.8,8.6,A,4.0,True,3.68,3.72,Pass
5494,1557401,HK161_CO2003_L05,CO2003,-13,False,,7.6,7.9,,8.2,7.9,B,3.0,True,3.09,2.96,Pass
5495,1565077,HK161_CO2003_L05,CO2003,-13,False,,7.1,6.4,,7.3,6.7,C+,2.5,True,2.68,2.6,Pass
5496,1569674,HK161_CO2003_L05,CO2003,-13,False,,8.0,7.7,,8.7,8.0,B+,3.5,True,3.53,3.58,Pass
5497,1577814,HK161_CO2003_L05,CO2003,-13,False,,7.4,7.9,,7.5,7.7,B,3.0,True,3.29,3.24,Pass
5498,1534963,HK161_CO2003_L05,CO2003,-13,False,,5.9,6.1,,6.8,6.2,C,2.0,True,2.26,2.43,Pass
5499,1532517,HK161_CO2003_L05,CO2003,-13,False,,7.8,7.8,,8.0,7.8,B,3.0,True,3.09,3.28,Pass
5500,1574735,HK161_CO2003_L05,CO2003,-13,False,,6.2,7.2,,7.7,7.1,B,3.0,True,2.82,2.67,Pass
5501,1554912,HK161_CO2003_L05,CO2003,-13,False,,6.1,6.2,,7.3,6.4,C+,2.5,True,2.41,2.42,Pass
5502,1546772,HK161_CO2003_L05,CO2003,-13,False,,8.3,8.3,,5.7,7.8,B,3.0,True,3.21,3.09,Pass
5503,1580724,HK161_CO2003_L05,CO2003,-13,False,,4.6,5.8,,4.6,5.3,D+,1.5,True,1.53,1.54,Pass
5504,1536481,HK161_CO2003_L05,CO2003,-13,False,,6.3,5.5,,5.5,5.7,C,2.0,True,2.0,2.24,Pass
5505,1524503,HK161_CO2003_L05,CO2003,-13,False,,5.1,6.0,,5.5,5.7,C,2.0,True,1.68,1.56,Pass
5506,1553858,HK161_CO2003_L05,CO2003,-13,False,,8.7,8.5,,8.5,8.5,A,4.0,True,3.41,3.34,Pass
5507,1596414,HK161_CO2003_L05,CO2003,-13,False,,7.4,6.4,,9.0,7.1,B,3.0,True,3.26,3.21,Pass
5508,1535891,HK161_CO2003_L05,CO2003,-13,False,,8.0,7.6,,6.7,7.5,B,3.0,True,3.26,3.24,Pass
5509,1586587,HK161_CO2003_L05,CO2003,-13,False,,5.6,4.6,,4.9,4.9,D,1.0,True,1.53,1.65,Pass
5510,1520539,HK161_CO2003_L05,CO2003,-13,False,,6.0,6.7,,6.0,6.4,C+,2.5,True,2.29,2.3,Pass
5511,1597342,HK161_CO2003_L05,CO2003,-13,False,,7.2,5.8,,6.7,6.3,C,2.0,True,2.18,2.24,Pass
5512,1570433,HK161_CO2003_L05,CO2003,-13,False,,7.9,6.7,,7.4,7.1,B,3.0,True,2.82,2.62,Pass
5513,1590425,HK161_CO2003_L05,CO2003,-13,False,,8.1,8.2,,8.4,8.2,B+,3.5,True,3.24,3.16,Pass
5514,1503795,HK161_CO2003_L05,CO2003,-13,False,,5.4,5.2,,6.6,5.5,C,2.0,True,1.81,1.71,Pass
5515,1532981,HK161_CO2003_L05,CO2003,-13,False,,5.9,6.7,,6.7,6.5,C+,2.5,True,2.32,2.23,Pass
5516,1515604,HK161_CO2003_L05,CO2003,-13,False,,7.0,7.3,,6.2,7.0,B,3.0,True,2.74,2.68,Pass
5517,1565203,HK161_CO2003_L05,CO2003,-13,False,,6.6,7.1,,5.5,6.7,C+,2.5,True,2.72,2.64,Pass
5518,1511597,HK161_CO2003_L05,CO2003,-13,False,,6.1,6.1,,6.1,6.1,C,2.0,True,2.47,2.54,Pass
5519,1556473,HK161_CO2003_L05,CO2003,-13,False,,5.4,5.4,,6.2,5.6,C,2.0,True,1.41,1.51,Pass
5520,1562926,HK161_CO2003_L05,CO2003,-13,False,,8.3,7.1,,9.1,7.7,B,3.0,True,3.12,3.4,Pass
5521,1508392,HK161_CO2003_L05,CO2003,-13,False,,6.1,6.1,,6.5,6.2,C,2.0,True,2.0,2.24,Pass
5522,1544495,HK161_CO2003_L05,CO2003,-13,False,,6.8,6.8,,6.9,6.8,C+,2.5,True,2.5,2.62,Pass
5523,1500716,HK161_CO2003_L05,CO2003,-13,False,,7.5,8.5,,7.5,8.1,B+,3.5,True,3.5,3.47,Pass
5524,1528679,HK161_CO2003_L05,CO2003,-13,False,,6.8,8.5,,7.5,8.0,B+,3.5,True,3.12,3.23,Pass
5525,1509910,HK161_CO2003_L05,CO2003,-13,False,,6.2,7.6,,7.2,7.2,B,3.0,True,2.82,2.74,Pass
5526,1574271,HK161_CO2003_L05,CO2003,-13,False,,8.1,7.6,,7.9,7.8,B,3.0,True,3.03,3.05,Pass
5527,1514381,HK161_CO2003_L05,CO2003,-13,False,,8.0,8.8,,8.4,8.6,A,4.0,True,3.5,3.4,Pass
5528,1507928,HK161_CO2003_L05,CO2003,-13,False,,7.0,5.9,,8.0,6.5,C+,2.5,True,2.84,2.72,Pass
5529,1507464,HK161_CO2003_L05,CO2003,-13,False,,6.3,8.3,,6.6,7.6,B,3.0,True,2.25,1.92,Pass
5530,1525431,HK161_CO2003_L05,CO2003,-13,False,,8.5,7.8,,8.1,8.0,B+,3.5,True,3.41,3.35,Pass
5531,1518514,HK161_CO2003_L05,CO2003,-13,False,,5.4,7.7,,7.2,7.1,B,3.0,True,2.71,2.46,Pass
5532,1543103,HK161_CO2003_L05,CO2003,-13,False,,7.4,8.5,,7.5,8.1,B+,3.5,True,3.32,3.13,Pass
5533,1544621,HK161_CO2003_L05,CO2003,-13,False,,7.6,6.5,,8.2,7.1,B,3.0,True,2.88,3.04,Pass
5534,1640784,HK161_LA1003_L01,LA1003,-13,False,,5.6,7.2,4.4,,6.0,C,2.0,True,2.56,2.56,Pass
5535,1695211,HK161_LA1003_L01,LA1003,-13,False,,5.3,4.6,5.3,,4.9,D,1.0,True,1.89,1.89,Pass
5536,1621752,HK161_LA1003_L01,LA1003,-13,False,,5.4,5.3,5.2,,5.3,D+,1.5,True,2.42,2.42,Pass
5537,1657168,HK161_LA1003_L01,LA1003,-13,False,,4.6,3.7,3.2,,3.7,F,0.0,False,1.0,1.14,Fail
5538,1616746,HK161_LA1003_L01,LA1003,-13,False,,4.7,3.9,5.4,,4.5,D,1.0,True,1.55,1.55,Pass
5539,1625186,HK161_LA1003_L01,LA1003,-13,False,,6.6,5.7,7.0,,6.3,C,2.0,True,2.55,2.55,Pass
5540,1694673,HK161_LA1003_L01,LA1003,-13,False,,2.7,3.6,4.0,,3.5,F,0.0,False,0.58,1.0,Fail
5541,1638674,HK161_LA1003_L01,LA1003,-13,False,,4.2,4.2,5.3,,4.5,D,1.0,True,1.55,1.55,Pass
5542,1666932,HK161_LA1003_L01,LA1003,-13,False,,4.6,3.6,6.3,,4.6,D,1.0,True,1.56,1.56,Pass
5543,1626386,HK161_LA1003_L01,LA1003,-13,False,,5.3,5.4,3.4,,4.8,D,1.0,True,1.61,1.61,Pass
5544,1642894,HK161_LA1003_L01,LA1003,-13,False,,4.3,5.8,5.1,,5.3,D+,1.5,True,1.81,1.81,Pass
5545,1611988,HK161_LA1003_L01,LA1003,-13,False,,3.7,5.4,4.2,,4.7,D,1.0,True,1.88,1.88,Pass
5546,1623076,HK161_LA1003_L01,LA1003,-13,False,,5.5,6.7,5.9,,6.2,C,2.0,True,2.74,2.74,Pass
5547,1678558,HK161_LA1003_L01,LA1003,-13,False,,4.0,4.7,4.9,,4.6,D,1.0,True,1.56,1.56,Pass
5548,1526823,HK161_LA1003_L01,LA1003,-13,True,,4.8,5.3,5.0,,5.1,D+,1.5,True,1.63,1.85,Pass
5549,1530661,HK161_LA1003_L01,LA1003,-13,True,,5.1,3.7,4.4,,4.2,D,1.0,True,1.45,1.47,Pass
5550,1661781,HK161_LA1003_L01,LA1003,-13,False,,4.9,5.5,5.7,,5.4,D+,1.5,True,1.68,1.68,Pass
5551,1631930,HK161_LA1003_L01,LA1003,-13,False,,5.4,4.8,4.6,,4.9,D,1.0,True,1.78,1.78,Pass
5552,1657023,HK161_LA1003_L01,LA1003,-13,False,,4.7,4.9,5.3,,5.0,D+,1.5,True,1.75,1.75,Pass
5553,1481376,HK161_LA1003_L01,LA1003,-13,True,,2.7,3.5,1.8,,2.8,F,0.0,False,0.18,1.0,Fail
5554,1693494,HK161_LA1003_L01,LA1003,-13,False,,5.6,4.8,5.6,,5.2,D+,1.5,True,2.59,2.59,Pass
5555,1620966,HK161_LA1003_L01,LA1003,-13,False,,3.8,4.4,3.8,,4.1,D,1.0,True,1.75,1.75,Pass
5556,1686088,HK161_LA1003_L01,LA1003,-13,False,,5.0,6.0,5.4,,5.6,C,2.0,True,2.08,2.08,Pass
5557,1678165,HK161_LA1003_L01,LA1003,-13,False,,5.8,4.6,6.7,,5.5,C,2.0,True,2.69,2.69,Pass
5558,1642625,HK161_LA1003_L01,LA1003,-13,False,,4.6,4.6,4.5,,4.6,D,1.0,True,1.66,1.66,Pass
5559,1682261,HK161_LA1003_L01,LA1003,-13,False,,5.1,5.7,4.9,,5.3,D+,1.5,True,2.24,2.24,Pass
5560,1648438,HK161_LA1003_L01,LA1003,-13,False,,5.2,5.8,7.0,,6.0,C,2.0,True,2.09,2.09,Pass
5561,1676179,HK161_PE1003_L01,PE1003,-13,False,,9.1,8.7,7.8,,8.6,A,4.0,True,3.41,3.41,Pass
5562,1609340,HK161_PE1003_L01,PE1003,-13,False,,5.6,4.4,5.6,,4.9,D,1.0,True,1.97,1.97,Pass
5563,1601686,HK161_PE1003_L01,PE1003,-13,False,,5.0,4.6,6.4,,5.0,D+,1.5,True,1.94,1.94,Pass
5564,1643680,HK161_PE1003_L01,PE1003,-13,False,,8.5,7.3,8.8,,7.8,B,3.0,True,3.53,3.53,Pass
5565,1609071,HK161_PE1003_L01,PE1003,-13,False,,7.3,6.8,8.0,,7.1,B,3.0,True,2.97,2.97,Pass
5566,1619518,HK161_PE1003_L01,PE1003,-13,False,,7.7,9.1,8.2,,8.6,A,4.0,True,3.41,3.41,Pass
5567,1657292,HK161_PE1003_L01,PE1003,-13,False,,7.6,7.8,6.5,,7.5,B,3.0,True,3.09,3.09,Pass
5568,1610395,HK161_PE1003_L01,PE1003,-13,False,,8.7,7.2,6.9,,7.4,B,3.0,True,2.47,2.47,Pass
5569,1687536,HK161_PE1003_L01,PE1003,-13,False,,8.0,8.8,8.5,,8.6,A,4.0,True,3.0,3.0,Pass
5570,1691115,HK161_PE1003_L01,PE1003,-13,False,,6.4,6.6,5.0,,6.2,C,2.0,True,2.15,2.15,Pass
5571,1602079,HK161_PE1003_L01,PE1003,-13,False,,7.9,8.6,7.7,,8.3,B+,3.5,True,3.65,3.65,Pass
5572,1668132,HK161_PE1003_L01,PE1003,-13,False,,7.6,8.4,6.2,,7.8,B,3.0,True,3.29,3.29,Pass
5573,1679489,HK161_PE1003_L01,PE1003,-13,False,,5.9,7.5,6.0,,6.9,C+,2.5,True,2.91,2.91,Pass
5574,1661119,HK161_PE1003_L01,PE1003,-13,False,,4.8,4.5,6.5,,5.0,D+,1.5,True,1.74,1.74,Pass
5575,1649493,HK161_PE1003_L01,PE1003,-13,False,,7.0,7.3,8.5,,7.5,B,3.0,True,3.59,3.59,Pass
5576,1686088,HK161_PE1003_L01,PE1003,-13,False,,5.8,6.3,6.7,,6.3,C,2.0,True,2.08,2.08,Pass
5577,1633916,HK161_PE1003_L01,PE1003,-13,False,,10.0,7.5,7.6,,8.0,B+,3.5,True,3.09,3.09,Pass
5578,1648976,HK161_PE1003_L01,PE1003,-13,False,,7.3,6.6,6.7,,6.8,C+,2.5,True,2.65,2.65,Pass
5579,1622683,HK161_PE1003_L01,PE1003,-13,False,,6.3,8.0,6.7,,7.4,B,3.0,True,2.53,2.53,Pass
5580,1624669,HK161_PE1003_L01,PE1003,-13,False,,6.8,7.3,6.9,,7.1,B,3.0,True,3.21,3.21,Pass
5581,1625993,HK161_PE1003_L01,PE1003,-13,False,,6.9,6.5,7.8,,6.8,C+,2.5,True,2.88,2.88,Pass
5582,1695211,HK161_PE1003_L01,PE1003,-13,False,,4.8,5.3,8.2,,5.8,C,2.0,True,1.89,1.89,Pass
5583,1664429,HK161_PE1003_L01,PE1003,-13,False,,6.6,5.6,4.6,,5.6,C,2.0,True,2.03,2.03,Pass
5584,1684909,HK161_PE1003_L01,PE1003,-13,False,,9.7,9.2,9.0,,9.3,A,4.0,True,4.0,4.0,Pass
5585,1683585,HK161_PE1003_L01,PE1003,-13,False,,8.9,8.4,7.7,,8.4,B+,3.5,True,3.09,3.09,Pass
5586,1613705,HK161_PE1003_L01,PE1003,-13,False,,5.4,6.3,6.0,,6.1,C,2.0,True,1.79,1.79,Pass
5587,1610271,HK161_PE1003_L01,PE1003,-13,False,,7.5,8.5,8.1,,8.2,B+,3.5,True,3.15,3.15,Pass
5588,1660602,HK161_PE1003_L01,PE1003,-13,False,,8.0,7.5,10.0,,8.1,B+,3.5,True,3.38,3.38,Pass
5589,1629820,HK161_PE1003_L01,PE1003,-13,False,,7.6,5.9,6.4,,6.3,C,2.0,True,2.32,2.32,Pass
5590,1636812,HK161_PE1003_L01,PE1003,-13,False,,9.1,7.9,8.0,,8.2,B+,3.5,True,3.5,3.5,Pass
5591,1672621,HK161_PE1003_L01,PE1003,-13,False,,7.3,6.1,4.5,,6.0,C,2.0,True,2.5,2.5,Pass
5592,1645666,HK161_PE1003_L01,PE1003,-13,False,,8.4,8.5,8.0,,8.4,B+,3.5,True,3.29,3.29,Pass
5593,1673138,HK161_PE1003_L01,PE1003,-13,False,,7.6,9.0,8.3,,8.6,A,4.0,True,3.62,3.62,Pass
5594,1621897,HK161_PE1003_L01,PE1003,-13,False,,7.8,7.5,7.7,,7.6,B,3.0,True,3.32,3.32,Pass
5595,1633523,HK161_PE1003_L01,PE1003,-13,False,,7.4,6.9,7.5,,7.1,B,3.0,True,3.12,3.12,Pass
5596,1677234,HK161_PE1003_L01,PE1003,-13,False,,7.5,9.0,7.4,,8.4,B+,3.5,True,3.32,3.32,Pass
5597,1670904,HK161_PE1003_L01,PE1003,-13,False,,7.5,7.5,7.4,,7.5,B,3.0,True,3.18,3.18,Pass
5598,1628103,HK161_PE1003_L01,PE1003,-13,False,,7.1,7.7,7.5,,7.5,B,3.0,True,3.09,3.09,Pass
5599,1687143,HK161_PE1003_L01,PE1003,-13,False,,8.2,7.1,8.7,,7.6,B,3.0,True,3.41,3.41,Pass
5600,1660995,HK161_PE1003_L01,PE1003,-13,False,,6.8,7.6,9.1,,7.7,B,3.0,True,3.44,3.44,Pass
5601,1606692,HK161_PE1003_L01,PE1003,-13,False,,8.4,8.5,7.1,,8.2,B+,3.5,True,3.09,3.09,Pass
5602,1481376,HK161_PE1003_L01,PE1003,-13,True,,3.5,3.6,3.6,,3.6,F,0.0,False,0.18,1.0,Fail
5603,1658223,HK161_PE1003_L01,PE1003,-13,False,,8.0,8.0,8.7,,8.1,B+,3.5,True,3.82,3.82,Pass
5604,1629427,HK161_PE1003_L01,PE1003,-13,False,,10.0,7.2,7.8,,7.9,B,3.0,True,3.44,3.44,Pass
5605,1612505,HK161_PE1003_L01,PE1003,-13,False,,8.4,7.7,9.0,,8.1,B+,3.5,True,3.06,3.06,Pass
5606,1653734,HK161_PE1003_L01,PE1003,-13,False,,7.7,8.0,7.7,,7.9,B,3.0,True,3.41,3.41,Pass
5607,1650424,HK161_PE1003_L01,PE1003,-13,False,,8.6,7.9,7.4,,7.9,B,3.0,True,3.38,3.38,Pass
5608,1625062,HK161_PE1003_L01,PE1003,-13,False,,7.1,6.8,7.9,,7.1,B,3.0,True,2.41,2.41,Pass
5609,1636419,HK161_PE1003_L01,PE1003,-13,False,,7.6,6.2,6.5,,6.5,C+,2.5,True,2.47,2.47,Pass
5610,1646597,HK161_PE1003_L01,PE1003,-13,False,,8.1,7.7,7.6,,7.8,B,3.0,True,3.29,3.29,Pass
5611,1615815,HK161_PE1003_L01,PE1003,-13,False,,7.9,7.1,6.8,,7.2,B,3.0,True,3.53,3.53,Pass
5612,1648831,HK161_PE1003_L01,PE1003,-13,False,,5.3,5.2,6.3,,5.4,D+,1.5,True,1.47,1.47,Pass
5613,1696266,HK161_PE1003_L01,PE1003,-13,False,,7.0,6.0,6.9,,6.4,C+,2.5,True,2.32,2.32,Pass
5614,1652265,HK161_PE1003_L01,PE1003,-13,False,,6.4,7.6,6.8,,7.2,B,3.0,True,2.74,2.74,Pass
5615,1659671,HK161_PE1003_L01,PE1003,-13,False,,8.5,9.2,9.1,,9.0,A,4.0,True,3.59,3.59,Pass
5616,1617801,HK161_PE1003_L01,PE1003,-13,False,,5.7,5.5,5.9,,5.6,C,2.0,True,2.15,2.15,Pass
5617,1694156,HK161_PE1003_L01,PE1003,-13,False,,6.8,7.3,7.7,,7.3,B,3.0,True,3.38,3.38,Pass
5618,1604458,HK161_PE1003_L01,PE1003,-13,False,,5.6,4.8,5.3,,5.1,D+,1.5,True,2.18,2.18,Pass
5619,1692832,HK161_PE1003_L01,PE1003,-13,False,,7.9,8.8,8.8,,8.6,A,4.0,True,3.5,3.5,Pass
5620,1622414,HK161_PE1003_L01,PE1003,-13,False,,8.3,7.3,7.9,,7.6,B,3.0,True,2.85,2.85,Pass
5621,1606837,HK161_PE1003_L01,PE1003,-13,False,,8.6,8.3,6.3,,8.0,B+,3.5,True,3.5,3.5,Pass
5622,1654127,HK161_PE1003_L01,PE1003,-13,False,,6.9,7.7,6.9,,7.4,B,3.0,True,3.38,3.38,Pass
5623,1669311,HK161_PE1003_L01,PE1003,-13,False,,6.3,5.4,8.1,,6.1,C,2.0,True,3.24,3.24,Pass
5624,1606299,HK161_PE1003_L01,PE1003,-13,False,,5.6,5.3,5.3,,5.4,D+,1.5,True,1.91,1.91,Pass
5625,1678289,HK161_PE1003_L01,PE1003,-13,False,,9.0,8.1,6.4,,7.9,B,3.0,True,3.03,3.03,Pass
5626,1673014,HK161_PE1003_L01,PE1003,-13,False,,6.8,6.3,5.6,,6.3,C,2.0,True,2.44,2.44,Pass
5627,1680813,HK161_PE1003_L01,PE1003,-13,False,,8.8,6.7,6.7,,7.1,B,3.0,True,3.18,3.18,Pass
5628,1602472,HK161_PE1003_L01,PE1003,-13,False,,5.0,4.8,5.0,,4.9,D,1.0,True,1.38,1.38,Pass
5629,1640246,HK161_PE1003_L01,PE1003,-13,False,,8.0,7.6,8.4,,7.8,B,3.0,True,3.18,3.18,Pass
5630,1622952,HK161_PE1003_L01,PE1003,-13,False,,5.4,5.7,5.2,,5.5,C,2.0,True,1.79,1.79,Pass
5631,1676841,HK161_PE1003_L01,PE1003,-13,False,,6.7,6.8,5.5,,6.5,C+,2.5,True,1.65,1.65,Pass
5632,1696928,HK161_PE1003_L01,PE1003,-13,False,,6.9,5.6,7.2,,6.2,C,2.0,True,3.0,3.0,Pass
5633,1670242,HK161_PE1003_L01,PE1003,-13,False,,8.1,8.0,8.8,,8.2,B+,3.5,True,3.53,3.53,Pass
5634,1625724,HK161_PE1003_L01,PE1003,-13,False,,8.7,9.6,10.0,,9.5,A+,4.0,True,4.0,4.0,Pass
5635,1614222,HK161_PE1003_L01,PE1003,-13,False,,9.3,8.7,8.6,,8.8,A,4.0,True,3.26,3.26,Pass
5636,1656237,HK161_PE1003_L01,PE1003,-13,False,,6.5,6.2,6.9,,6.4,C+,2.5,True,2.32,2.32,Pass
5637,1621628,HK161_PE1003_L01,PE1003,-13,False,,7.3,6.7,7.3,,6.9,C+,2.5,True,2.82,2.82,Pass
5638,1691508,HK161_PE1003_L01,PE1003,-13,False,,6.8,5.9,3.8,,5.7,C,2.0,True,2.21,2.21,Pass
5639,1683192,HK161_PE1003_L01,PE1003,-13,False,,7.1,4.6,7.3,,5.6,C,2.0,True,2.21,2.21,Pass
5640,1619911,HK161_PE1003_L01,PE1003,-13,False,,8.0,7.6,7.9,,7.7,B,3.0,True,3.18,3.18,Pass
5641,1626386,HK161_PE1003_L01,PE1003,-13,False,,4.6,6.9,5.7,,6.2,C,2.0,True,1.61,1.61,Pass
5642,1663105,HK161_PE1003_L01,PE1003,-13,False,,7.3,8.0,9.2,,8.1,B+,3.5,True,3.26,3.26,Pass
5643,1667470,HK161_PE1003_L01,PE1003,-13,False,,8.6,8.5,7.0,,8.2,B+,3.5,True,3.47,3.47,Pass
5644,1632199,HK161_PE1003_L01,PE1003,-13,False,,8.3,8.3,8.3,,8.3,B+,3.5,True,3.32,3.32,Pass
5645,1668649,HK161_PE1003_L01,PE1003,-13,False,,7.9,7.5,8.5,,7.8,B,3.0,True,3.29,3.29,Pass
5646,1687288,HK161_PE1003_L01,PE1003,-13,False,,8.1,7.3,8.3,,7.7,B,3.0,True,3.71,3.71,Pass
5647,1624524,HK161_PE1003_L01,PE1003,-13,False,,8.5,6.6,9.1,,7.5,B,3.0,True,3.0,3.0,Pass
5648,1613167,HK161_PE1003_L01,PE1003,-13,False,,8.2,8.7,7.9,,8.4,B+,3.5,True,3.56,3.56,Pass
5649,1613436,HK161_PE1003_L01,PE1003,-13,False,,7.3,7.6,6.3,,7.3,B,3.0,True,2.47,2.47,Pass
5650,1683316,HK161_PE1003_L01,PE1003,-13,False,,6.6,7.4,7.8,,7.3,B,3.0,True,3.03,3.03,Pass
5651,1610126,HK161_PE1003_L01,PE1003,-13,False,,8.2,7.3,5.2,,7.1,B,3.0,True,3.29,3.29,Pass
5652,1634309,HK161_PE1003_L01,PE1003,-13,False,,8.7,9.4,9.6,,9.3,A,4.0,True,4.0,4.0,Pass
5653,1680151,HK161_PE1003_L01,PE1003,-13,False,,9.1,8.5,8.4,,8.6,A,4.0,True,2.94,2.94,Pass
5654,1618856,HK161_PE1003_L01,PE1003,-13,False,,8.0,8.5,8.3,,8.4,B+,3.5,True,3.47,3.47,Pass
5655,1681475,HK161_PE1003_L01,PE1003,-13,False,,6.0,6.7,5.5,,6.3,C,2.0,True,2.53,2.53,Pass
5656,1642108,HK161_PE1003_L01,PE1003,-13,False,,8.4,7.6,9.2,,8.1,B+,3.5,True,3.29,3.29,Pass
5657,1656506,HK161_PE1003_L01,PE1003,-13,False,,6.2,6.8,5.9,,6.5,C+,2.5,True,2.0,2.0,Pass
5658,1653465,HK161_PE1003_L01,PE1003,-13,False,,8.0,7.4,6.4,,7.3,B,3.0,True,2.44,2.44,Pass
5659,1668918,HK161_PE1003_L01,PE1003,-13,False,,7.5,7.2,7.9,,7.4,B,3.0,True,3.18,3.18,Pass
5660,1671690,HK161_PE1003_L01,PE1003,-13,False,,4.7,6.6,4.6,,5.8,C,2.0,True,1.47,1.47,Pass
5661,1600755,HK161_PE1003_L01,PE1003,-13,False,,7.0,6.3,6.5,,6.5,C+,2.5,True,2.29,2.29,Pass
5662,1632592,HK161_PE1003_L01,PE1003,-13,False,,6.7,6.5,5.8,,6.4,C+,2.5,True,2.38,2.38,Pass
5663,1609733,HK161_PE1003_L01,PE1003,-13,False,,8.3,8.7,8.1,,8.5,A,4.0,True,3.32,3.32,Pass
5664,1642894,HK161_PE1003_L01,PE1003,-13,False,,6.0,6.4,4.6,,6.0,C,2.0,True,1.81,1.81,Pass
5665,1652534,HK161_PE1003_L01,PE1003,-13,False,,5.7,5.4,6.2,,5.6,C,2.0,True,2.18,2.18,Pass
5666,1625331,HK161_PE1003_L01,PE1003,-13,False,,4.4,4.9,5.9,,5.0,D+,1.5,True,1.38,1.38,Pass
5667,1661657,HK161_PE1003_L01,PE1003,-13,False,,8.2,7.7,7.8,,7.8,B,3.0,True,3.21,3.21,Pass
5668,1698252,HK161_PE1003_L01,PE1003,-13,False,,6.4,6.6,5.7,,6.4,C+,2.5,True,2.53,2.53,Pass
5669,1640122,HK161_PE1003_L01,PE1003,-13,False,,7.1,7.9,9.4,,8.0,B+,3.5,True,3.32,3.32,Pass
5670,1687681,HK161_PE1003_L01,PE1003,-13,False,,7.4,8.8,8.7,,8.5,A,4.0,True,3.32,3.32,Pass
5671,1630999,HK161_PE1003_L01,PE1003,-13,False,,6.4,7.4,6.2,,7.0,B,3.0,True,2.29,2.29,Pass
5672,1639584,HK161_PE1003_L01,PE1003,-13,False,,8.4,8.1,8.3,,8.2,B+,3.5,True,3.29,3.29,Pass
5673,1688074,HK161_PE1003_L01,PE1003,-13,False,,6.8,7.5,7.1,,7.3,B,3.0,True,2.09,2.09,Pass
5674,1642501,HK161_PE1003_L01,PE1003,-13,False,,7.8,6.4,8.6,,7.1,B,3.0,True,3.32,3.32,Pass
5675,1684640,HK161_PE1003_L01,PE1003,-13,False,,6.4,6.9,6.7,,6.8,C+,2.5,True,2.29,2.29,Pass
5676,1604189,HK161_PE1003_L01,PE1003,-13,False,,8.7,7.7,8.0,,8.0,B+,3.5,True,3.44,3.44,Pass
5677,1689005,HK161_PE1003_L01,PE1003,-13,False,,9.0,4.8,6.5,,6.0,C,2.0,True,2.47,2.47,Pass
5678,1640391,HK161_PE1003_L01,PE1003,-13,False,,8.2,5.8,5.1,,6.1,C,2.0,True,2.32,2.32,Pass
5679,1609216,HK161_PE1003_L01,PE1003,-13,False,,7.7,7.0,6.8,,7.1,B,3.0,True,3.12,3.12,Pass
5680,1621359,HK161_PE1003_L01,PE1003,-13,False,,5.9,4.9,5.9,,5.3,D+,1.5,True,2.29,2.29,Pass
5681,1682261,HK161_PE1003_L02,PE1003,-13,False,,6.5,6.4,7.1,,6.6,C+,2.5,True,2.24,2.24,Pass
5682,1624007,HK161_PE1003_L02,PE1003,-13,False,,6.7,6.2,6.6,,6.4,C+,2.5,True,2.24,2.24,Pass
5683,1625186,HK161_PE1003_L02,PE1003,-13,False,,5.8,6.2,6.4,,6.2,C,2.0,True,2.55,2.55,Pass
5684,1657023,HK161_PE1003_L02,PE1003,-13,False,,3.9,7.3,5.0,,6.2,C,2.0,True,1.75,1.75,Pass
5685,1692563,HK161_PE1003_L02,PE1003,-13,False,,8.9,7.6,7.5,,7.8,B,3.0,True,3.12,3.12,Pass
5686,1665091,HK161_PE1003_L02,PE1003,-13,False,,8.1,7.9,8.3,,8.0,B+,3.5,True,3.26,3.26,Pass
5687,1637474,HK161_PE1003_L02,PE1003,-13,False,,8.4,7.9,7.8,,8.0,B+,3.5,True,3.09,3.09,Pass
5688,1647652,HK161_PE1003_L02,PE1003,-13,False,,5.9,4.9,4.7,,5.1,D+,1.5,True,1.79,1.79,Pass
5689,1617139,HK161_PE1003_L02,PE1003,-13,False,,8.2,8.6,9.8,,8.8,A,4.0,True,3.41,3.41,Pass
5690,1694280,HK161_PE1003_L02,PE1003,-13,False,,7.1,6.1,6.2,,6.3,C,2.0,True,2.18,2.18,Pass
5691,1653072,HK161_PE1003_L02,PE1003,-13,False,,6.7,7.2,7.2,,7.1,B,3.0,True,2.15,2.15,Pass
5692,1637867,HK161_PE1003_L02,PE1003,-13,False,,7.0,7.7,6.6,,7.3,B,3.0,True,2.71,2.71,Pass
5693,1643018,HK161_PE1003_L02,PE1003,-13,False,,8.8,7.2,6.9,,7.5,B,3.0,True,3.26,3.26,Pass
5694,1692439,HK161_PE1003_L02,PE1003,-13,False,,7.3,5.7,6.6,,6.2,C,2.0,True,2.41,2.41,Pass
5695,1644487,HK161_PE1003_L02,PE1003,-13,False,,5.1,5.6,5.0,,5.4,D+,1.5,True,1.79,1.79,Pass
5696,1651355,HK161_PE1003_L02,PE1003,-13,False,,7.6,5.7,6.6,,6.3,C,2.0,True,2.71,2.71,Pass
5697,1631144,HK161_PE1003_L02,PE1003,-13,False,,8.1,7.2,8.0,,7.5,B,3.0,True,3.62,3.62,Pass
5698,1618980,HK161_PE1003_L02,PE1003,-13,False,,8.3,7.1,7.5,,7.4,B,3.0,True,3.38,3.38,Pass
5699,1699162,HK161_PE1003_L02,PE1003,-13,False,,10.0,7.8,9.0,,8.5,A,4.0,True,4.0,4.0,Pass
5700,1638012,HK161_PE1003_L02,PE1003,-13,False,,7.6,6.1,5.8,,6.3,C,2.0,True,2.32,2.32,Pass
5701,1667325,HK161_PE1003_L02,PE1003,-13,False,,8.3,7.4,9.3,,8.0,B+,3.5,True,3.41,3.41,Pass
5702,1636957,HK161_PE1003_L02,PE1003,-13,False,,8.9,8.7,8.7,,8.7,A,4.0,True,3.56,3.56,Pass
5703,1644611,HK161_PE1003_L02,PE1003,-13,False,,8.2,8.5,8.6,,8.5,A,4.0,True,3.18,3.18,Pass
5704,1687805,HK161_PE1003_L02,PE1003,-13,False,,7.4,6.4,7.8,,6.9,C+,2.5,True,3.44,3.44,Pass
5705,1603796,HK161_PE1003_L02,PE1003,-13,False,,8.7,7.8,6.3,,7.7,B,3.0,True,3.29,3.29,Pass
5706,1626779,HK161_PE1003_L02,PE1003,-13,False,,7.9,7.7,7.6,,7.7,B,3.0,True,3.41,3.41,Pass
5707,1661512,HK161_PE1003_L02,PE1003,-13,False,,8.7,6.4,8.1,,7.2,B,3.0,True,3.24,3.24,Pass
5708,1640784,HK161_PE1003_L02,PE1003,-13,False,,7.3,7.1,7.0,,7.1,B,3.0,True,2.56,2.56,Pass
5709,1673283,HK161_PE1003_L02,PE1003,-13,False,,4.7,6.5,5.3,,5.9,C,2.0,True,2.32,2.32,Pass
5710,1653589,HK161_PE1003_L02,PE1003,-13,False,,6.9,9.0,6.5,,8.1,B+,3.5,True,3.0,3.0,Pass
5711,1661388,HK161_PE1003_L02,PE1003,-13,False,,5.4,3.0,6.1,,4.1,D,1.0,True,1.68,1.68,Pass
5712,1620966,HK161_PE1003_L02,PE1003,-13,False,,4.9,6.3,4.9,,5.7,C,2.0,True,1.75,1.75,Pass
5713,1660333,HK161_PE1003_L02,PE1003,-13,False,,8.8,8.0,8.1,,8.2,B+,3.5,True,2.91,2.91,Pass
5714,1628889,HK161_PE1003_L02,PE1003,-13,False,,7.6,8.2,9.1,,8.3,B+,3.5,True,3.26,3.26,Pass
5715,1664553,HK161_PE1003_L02,PE1003,-13,False,,8.1,8.0,6.8,,7.8,B,3.0,True,3.12,3.12,Pass
5716,1660064,HK161_PE1003_L02,PE1003,-13,False,,8.2,8.7,7.7,,8.4,B+,3.5,True,3.21,3.21,Pass
5717,1629551,HK161_PE1003_L02,PE1003,-13,False,,6.8,7.2,6.3,,6.9,C+,2.5,True,2.56,2.56,Pass
5718,1621090,HK161_PE1003_L02,PE1003,-13,False,,5.1,5.5,6.9,,5.7,C,2.0,True,1.68,1.68,Pass
5719,1669704,HK161_PE1003_L02,PE1003,-13,False,,7.5,7.7,9.3,,8.0,B+,3.5,True,3.09,3.09,Pass
5720,1697052,HK161_PE1003_L02,PE1003,-13,False,,8.1,8.0,8.0,,8.0,B+,3.5,True,3.12,3.12,Pass
5721,1662836,HK161_PE1003_L02,PE1003,-13,False,,5.6,6.7,5.0,,6.1,C,2.0,True,2.21,2.21,Pass
5722,1678165,HK161_PE1003_L02,PE1003,-13,False,,5.7,4.5,5.8,,5.0,D+,1.5,True,2.69,2.69,Pass
5723,1633378,HK161_PE1003_L02,PE1003,-13,False,,8.3,6.7,7.8,,7.2,B,3.0,True,3.53,3.53,Pass
5724,1681868,HK161_PE1003_L02,PE1003,-13,False,,8.8,9.2,7.4,,8.8,A,4.0,True,3.41,3.41,Pass
5725,1679882,HK161_PE1003_L02,PE1003,-13,False,,9.0,8.3,8.4,,8.5,A,4.0,True,3.53,3.53,Pass
5726,1615422,HK161_PE1003_L02,PE1003,-13,False,,6.3,7.6,7.0,,7.2,B,3.0,True,2.53,2.53,Pass
5727,1620180,HK161_PE1003_L02,PE1003,-13,False,,8.3,7.3,7.2,,7.5,B,3.0,True,3.41,3.41,Pass
5728,1641570,HK161_PE1003_L02,PE1003,-13,False,,7.7,7.5,7.9,,7.6,B,3.0,True,3.41,3.41,Pass
5729,1669849,HK161_PE1003_L02,PE1003,-13,False,,8.8,8.8,8.2,,8.7,A,4.0,True,3.0,3.0,Pass
5730,1674462,HK161_PE1003_L02,PE1003,-13,False,,8.6,10.0,9.1,,9.5,A+,4.0,True,3.91,3.91,Pass
5731,1604582,HK161_PE1003_L02,PE1003,-13,False,,7.3,8.4,7.5,,8.0,B+,3.5,True,3.53,3.53,Pass
5732,1640515,HK161_PE1003_L02,PE1003,-13,False,,7.0,5.2,5.9,,5.7,C,2.0,True,1.76,1.76,Pass
5733,1656630,HK161_PE1003_L02,PE1003,-13,False,,7.4,7.1,6.1,,7.0,B,3.0,True,2.18,2.18,Pass
5734,1620697,HK161_PE1003_L02,PE1003,-13,False,,5.5,6.5,6.0,,6.2,C,2.0,True,1.47,1.47,Pass
5735,1630482,HK161_PE1003_L02,PE1003,-13,False,,7.5,8.0,7.7,,7.8,B,3.0,True,3.09,3.09,Pass
5736,1652141,HK161_PE1003_L02,PE1003,-13,False,,5.5,7.1,5.7,,6.5,C+,2.5,True,2.5,2.5,Pass
5737,1654644,HK161_PE1003_L02,PE1003,-13,False,,10.0,9.3,6.8,,8.9,A,4.0,True,3.62,3.62,Pass
5738,1686750,HK161_PE1003_L02,PE1003,-13,False,,7.1,8.7,7.3,,8.1,B+,3.5,True,3.03,3.03,Pass
5739,1662050,HK161_PE1003_L02,PE1003,-13,False,,4.8,8.1,8.8,,7.6,B,3.0,True,3.29,3.29,Pass
5740,1632716,HK161_PE1003_L02,PE1003,-13,False,,7.5,6.0,7.7,,6.6,C+,2.5,True,3.59,3.59,Pass
5741,1616870,HK161_PE1003_L02,PE1003,-13,False,,8.7,9.3,8.0,,8.9,A,4.0,True,3.0,3.0,Pass
5742,1646721,HK161_PE1003_L02,PE1003,-13,False,,7.6,9.6,10.0,,9.3,A,4.0,True,3.92,3.92,Pass
5743,1608285,HK161_PE1003_L02,PE1003,-13,False,,6.2,5.5,5.5,,5.6,C,2.0,True,2.29,2.29,Pass
5744,1643949,HK161_PE1003_L02,PE1003,-13,False,,5.8,7.3,7.2,,7.0,B,3.0,True,2.41,2.41,Pass
5745,1629158,HK161_PE1003_L02,PE1003,-13,False,,5.7,6.0,7.4,,6.2,C,2.0,True,2.62,2.62,Pass
5746,1612650,HK161_PE1003_L02,PE1003,-13,False,,8.3,10.0,8.1,,9.3,A,4.0,True,3.82,3.82,Pass
5747,1628620,HK161_PE1003_L02,PE1003,-13,False,,5.3,7.6,7.6,,7.1,B,3.0,True,2.38,2.38,Pass
5748,1629282,HK161_PE1003_L02,PE1003,-13,False,,8.2,8.1,7.5,,8.0,B+,3.5,True,3.5,3.5,Pass
5749,1627710,HK161_PE1003_L02,PE1003,-13,False,,6.3,7.6,8.2,,7.5,B,3.0,True,3.41,3.41,Pass
5750,1606961,HK161_PE1003_L02,PE1003,-13,False,,7.6,7.4,7.3,,7.4,B,3.0,True,3.21,3.21,Pass
5751,1685819,HK161_PE1003_L02,PE1003,-13,False,,8.4,9.3,8.4,,8.9,A,4.0,True,3.62,3.62,Pass
5752,1614760,HK161_PE1003_L02,PE1003,-13,False,,8.1,6.3,6.9,,6.8,C+,2.5,True,2.38,2.38,Pass
5753,1662443,HK161_PE1003_L02,PE1003,-13,False,,8.3,9.7,8.5,,9.2,A,4.0,True,3.5,3.5,Pass
5754,1603258,HK161_PE1003_L02,PE1003,-13,False,,8.4,8.0,10.0,,8.5,A,4.0,True,3.26,3.26,Pass
5755,1641177,HK161_PE1003_L02,PE1003,-13,False,,8.2,8.4,8.8,,8.4,B+,3.5,True,3.26,3.26,Pass
5756,1679758,HK161_PE1003_L02,PE1003,-13,False,,8.2,8.4,8.1,,8.3,B+,3.5,True,3.18,3.18,Pass
5757,1636295,HK161_PE1003_L02,PE1003,-13,False,,7.3,6.4,6.8,,6.7,C+,2.5,True,2.56,2.56,Pass
5758,1659940,HK161_PE1003_L02,PE1003,-13,False,,9.9,8.7,10.0,,9.2,A,4.0,True,3.91,3.91,Pass
5759,1632861,HK161_PE1003_L02,PE1003,-13,False,,6.2,7.2,6.8,,6.9,C+,2.5,True,2.74,2.74,Pass
5760,1605906,HK161_PE1003_L02,PE1003,-13,False,,6.5,7.8,7.6,,7.5,B,3.0,True,2.79,2.79,Pass
5761,1665608,HK161_PE1003_L02,PE1003,-13,False,,6.2,7.2,9.3,,7.4,B,3.0,True,3.53,3.53,Pass
5762,1646204,HK161_PE1003_L02,PE1003,-13,False,,7.5,7.6,6.8,,7.4,B,3.0,True,2.62,2.62,Pass
5763,1668525,HK161_PE1003_L02,PE1003,-13,False,,8.2,6.6,7.6,,7.1,B,3.0,True,3.5,3.5,Pass
5764,1618463,HK161_PE1003_L02,PE1003,-13,False,,8.4,8.0,9.0,,8.3,B+,3.5,True,3.59,3.59,Pass
5765,1646990,HK161_PE1003_L02,PE1003,-13,False,,5.6,5.3,5.6,,5.4,D+,1.5,True,1.68,1.68,Pass
5766,1661781,HK161_PE1003_L02,PE1003,-13,False,,6.3,5.4,4.8,,5.5,C,2.0,True,1.68,1.68,Pass
5767,1607892,HK161_PE1003_L02,PE1003,-13,False,,9.2,8.6,8.6,,8.7,A,4.0,True,3.44,3.44,Pass
5768,1697590,HK161_PE1003_L02,PE1003,-13,False,,8.5,10.0,7.5,,9.2,A,4.0,True,3.44,3.44,Pass
5769,1675662,HK161_PE1003_L02,PE1003,-13,False,,8.2,8.8,8.7,,8.7,A,4.0,True,3.71,3.71,Pass
5770,1639191,HK161_PE1003_L02,PE1003,-13,False,,7.9,7.4,8.1,,7.6,B,3.0,True,3.38,3.38,Pass
5771,1628496,HK161_PE1003_L02,PE1003,-13,False,,6.4,8.6,7.4,,7.9,B,3.0,True,3.12,3.12,Pass
5772,1644342,HK161_PE1003_L02,PE1003,-13,False,,6.8,7.6,8.1,,7.5,B,3.0,True,3.29,3.29,Pass
5773,1693349,HK161_PE1003_L02,PE1003,-13,False,,7.4,8.2,9.3,,8.3,B+,3.5,True,3.35,3.35,Pass
5774,1601024,HK161_PE1003_L02,PE1003,-13,False,,8.5,7.3,9.3,,7.9,B,3.0,True,3.82,3.82,Pass
5775,1692956,HK161_PE1003_L02,PE1003,-13,False,,6.4,5.7,6.4,,6.0,C,2.0,True,2.03,2.03,Pass
5776,1622021,HK161_PE1003_L02,PE1003,-13,False,,8.5,7.9,7.7,,8.0,B+,3.5,True,3.26,3.26,Pass
5777,1651872,HK161_PE1003_L02,PE1003,-13,False,,7.2,7.2,5.7,,6.9,C+,2.5,True,2.5,2.5,Pass
5778,1694673,HK161_PE1003_L02,PE1003,-13,False,,2.8,5.3,4.2,,4.6,D,1.0,True,0.58,1.0,Pass
5779,1689791,HK161_PE1003_L02,PE1003,-13,False,,8.0,10.0,8.6,,9.3,A,4.0,True,3.24,3.24,Pass
5780,1602741,HK161_PE1003_L02,PE1003,-13,False,,7.4,9.0,7.9,,8.5,A,4.0,True,3.26,3.26,Pass
5781,1658740,HK161_PE1003_L02,PE1003,-13,False,,10.0,8.5,9.0,,8.9,A,4.0,True,2.97,2.97,Pass
5782,1660726,HK161_PE1003_L02,PE1003,-13,False,,8.9,8.7,10.0,,9.0,A,4.0,True,4.0,4.0,Pass
5783,1618587,HK161_PE1003_L02,PE1003,-13,False,,6.3,6.1,6.0,,6.1,C,2.0,True,1.74,1.74,Pass
5784,1631537,HK161_PE1003_L02,PE1003,-13,False,,7.3,7.6,6.8,,7.4,B,3.0,True,2.74,2.74,Pass
5785,1646328,HK161_PE1003_L02,PE1003,-13,False,,7.6,7.7,7.6,,7.7,B,3.0,True,3.29,3.29,Pass
5786,1627834,HK161_PE1003_L02,PE1003,-13,False,,4.1,4.8,6.1,,4.9,D,1.0,True,1.62,1.62,Pass
5787,1614884,HK161_PE1003_L02,PE1003,-13,False,,8.1,9.4,8.4,,8.9,A,4.0,True,3.21,3.21,Pass
5788,1641963,HK161_PE1003_L02,PE1003,-13,False,,6.0,6.8,6.0,,6.5,C+,2.5,True,2.47,2.47,Pass
5789,1648707,HK161_PE1003_L02,PE1003,-13,False,,8.2,8.5,7.8,,8.3,B+,3.5,True,3.12,3.12,Pass
5790,1690453,HK161_PE1003_L02,PE1003,-13,False,,8.4,8.3,7.8,,8.2,B+,3.5,True,3.32,3.32,Pass
5791,1667201,HK161_PE1003_L02,PE1003,-13,False,,5.0,6.6,5.5,,6.1,C,2.0,True,2.56,2.56,Pass
5792,1627048,HK161_PE1003_L02,PE1003,-13,False,,6.0,7.5,7.3,,7.2,B,3.0,True,2.82,2.82,Pass
5793,1627441,HK161_PE1003_L02,PE1003,-13,False,,5.9,7.3,5.8,,6.7,C+,2.5,True,2.62,2.62,Pass
5794,1650693,HK161_PE1003_L02,PE1003,-13,False,,8.6,7.4,9.4,,8.0,B+,3.5,True,3.12,3.12,Pass
5795,1611988,HK161_PE1003_L02,PE1003,-13,False,,6.7,5.9,6.2,,6.1,C,2.0,True,1.88,1.88,Pass
5796,1664698,HK161_PE1003_L02,PE1003,-13,False,,6.2,7.5,7.3,,7.2,B,3.0,True,2.88,2.88,Pass
5797,1638674,HK161_PE1003_L02,PE1003,-13,False,,5.6,5.9,5.9,,5.8,C,2.0,True,1.55,1.55,Pass
5798,1602865,HK161_PE1003_L02,PE1003,-13,False,,5.7,6.2,6.0,,6.1,C,2.0,True,2.06,2.06,Pass
5799,1612381,HK161_PE1003_L02,PE1003,-13,False,,8.1,7.7,6.5,,7.5,B,3.0,True,3.21,3.21,Pass
5800,1613829,HK161_PE1003_L02,PE1003,-13,False,,8.6,8.8,8.8,,8.8,A,4.0,True,2.62,2.62,Pass
5801,1684764,HK161_PE1003_L03,PE1003,-13,False,,5.7,5.5,6.2,,5.7,C,2.0,True,1.44,1.44,Pass
5802,1694942,HK161_PE1003_L03,PE1003,-13,False,,8.1,5.8,6.5,,6.4,C+,2.5,True,2.68,2.68,Pass
5803,1600879,HK161_PE1003_L03,PE1003,-13,False,,7.6,7.0,8.8,,7.5,B,3.0,True,3.44,3.44,Pass
5804,1671566,HK161_PE1003_L03,PE1003,-13,False,,5.6,4.8,7.2,,5.4,D+,1.5,True,2.32,2.32,Pass
5805,1601541,HK161_PE1003_L03,PE1003,-13,False,,5.0,5.4,5.6,,5.4,D+,1.5,True,1.59,1.59,Pass
5806,1653858,HK161_PE1003_L03,PE1003,-13,False,,5.3,5.0,6.8,,5.4,D+,1.5,True,1.53,1.53,Pass
5807,1639460,HK161_PE1003_L03,PE1003,-13,False,,6.1,6.5,6.5,,6.4,C+,2.5,True,2.15,2.15,Pass
5808,1691901,HK161_PE1003_L03,PE1003,-13,False,,7.8,8.8,7.7,,8.4,B+,3.5,True,3.0,3.0,Pass
5809,1630213,HK161_PE1003_L03,PE1003,-13,False,,7.8,7.0,8.2,,7.4,B,3.0,True,2.91,2.91,Pass
5810,1615153,HK161_PE1003_L03,PE1003,-13,False,,7.3,5.8,5.7,,6.1,C,2.0,True,2.47,2.47,Pass
5811,1645935,HK161_PE1003_L03,PE1003,-13,False,,5.6,4.3,6.6,,5.0,D+,1.5,True,2.18,2.18,Pass
5812,1604313,HK161_PE1003_L03,PE1003,-13,False,,8.4,8.4,7.9,,8.3,B+,3.5,True,3.53,3.53,Pass
5813,1695997,HK161_PE1003_L03,PE1003,-13,False,,7.6,7.1,7.2,,7.2,B,3.0,True,3.12,3.12,Pass
5814,1614098,HK161_PE1003_L03,PE1003,-13,False,,9.7,8.5,10.0,,9.0,A,4.0,True,4.0,4.0,Pass
5815,1667594,HK161_PE1003_L03,PE1003,-13,False,,7.9,8.2,6.5,,7.8,B,3.0,True,3.0,3.0,Pass
5816,1695604,HK161_PE1003_L03,PE1003,-13,False,,8.9,6.7,7.8,,7.4,B,3.0,True,3.12,3.12,Pass
5817,1607499,HK161_PE1003_L03,PE1003,-13,False,,7.2,6.7,8.7,,7.2,B,3.0,True,3.0,3.0,Pass
5818,1610002,HK161_PE1003_L03,PE1003,-13,False,,7.4,7.7,6.6,,7.4,B,3.0,True,2.97,2.97,Pass
5819,1686626,HK161_PE1003_L03,PE1003,-13,False,,5.8,5.9,5.6,,5.8,C,2.0,True,1.56,1.56,Pass
5820,1661264,HK161_PE1003_L03,PE1003,-13,False,,8.4,8.9,9.5,,8.9,A,4.0,True,4.0,4.0,Pass
5821,1602596,HK161_PE1003_L03,PE1003,-13,False,,8.7,7.9,8.0,,8.1,B+,3.5,True,3.06,3.06,Pass
5822,1670635,HK161_PE1003_L03,PE1003,-13,False,,5.8,7.6,6.6,,7.0,B,3.0,True,2.56,2.56,Pass
5823,1684371,HK161_PE1003_L03,PE1003,-13,False,,6.7,5.5,5.9,,5.8,C,2.0,True,1.88,1.88,Pass
5824,1685964,HK161_PE1003_L03,PE1003,-13,False,,5.7,6.5,7.1,,6.5,C+,2.5,True,2.59,2.59,Pass
5825,1695066,HK161_PE1003_L03,PE1003,-13,False,,6.9,6.3,5.6,,6.3,C,2.0,True,2.53,2.53,Pass
5826,1690846,HK161_PE1003_L03,PE1003,-13,False,,7.3,7.1,6.6,,7.0,B,3.0,True,2.65,2.65,Pass
5827,1696783,HK161_PE1003_L03,PE1003,-13,False,,8.2,8.2,8.0,,8.2,B+,3.5,True,3.41,3.41,Pass
5828,1602203,HK161_PE1003_L03,PE1003,-13,False,,8.9,7.5,8.8,,8.0,B+,3.5,True,3.15,3.15,Pass
5829,1666415,HK161_PE1003_L03,PE1003,-13,False,,7.3,8.3,7.8,,8.0,B+,3.5,True,3.32,3.32,Pass
5830,1630606,HK161_PE1003_L03,PE1003,-13,False,,8.5,8.7,8.1,,8.5,A,4.0,True,3.91,3.91,Pass
5831,1699700,HK161_PE1003_L03,PE1003,-13,False,,8.3,5.7,6.6,,6.4,C+,2.5,True,3.32,3.32,Pass
5832,1657168,HK161_PE1003_L03,PE1003,-13,False,,3.9,4.7,4.9,,4.6,D,1.0,True,1.0,1.14,Pass
5833,1676572,HK161_PE1003_L03,PE1003,-13,False,,8.1,7.7,9.1,,8.1,B+,3.5,True,3.18,3.18,Pass
5834,1674338,HK161_PE1003_L03,PE1003,-13,False,,5.1,5.3,6.1,,5.4,D+,1.5,True,1.85,1.85,Pass
5835,1606030,HK161_PE1003_L03,PE1003,-13,False,,6.6,6.8,6.9,,6.8,C+,2.5,True,2.65,2.65,Pass
5836,1653196,HK161_PE1003_L03,PE1003,-13,False,,6.8,7.3,8.1,,7.4,B,3.0,True,2.91,2.91,Pass
5837,1635757,HK161_PE1003_L03,PE1003,-13,False,,8.5,7.7,8.5,,8.0,B+,3.5,True,3.32,3.32,Pass
5838,1670366,HK161_PE1003_L03,PE1003,-13,False,,5.6,5.9,6.9,,6.0,C,2.0,True,2.62,2.62,Pass
5839,1682385,HK161_PE1003_L03,PE1003,-13,False,,9.1,8.2,6.6,,8.1,B+,3.5,True,3.09,3.09,Pass
5840,1677772,HK161_PE1003_L03,PE1003,-13,False,,8.3,8.0,8.8,,8.2,B+,3.5,True,2.97,2.97,Pass
5841,1662712,HK161_PE1003_L03,PE1003,-13,False,,9.3,7.5,7.2,,7.8,B,3.0,True,2.68,2.68,Pass
5842,1697983,HK161_PE1003_L03,PE1003,-13,False,,7.6,7.5,8.5,,7.7,B,3.0,True,3.0,3.0,Pass
5843,1611843,HK161_PE1003_L03,PE1003,-13,False,,8.1,7.5,7.5,,7.6,B,3.0,True,3.41,3.41,Pass
5844,1693887,HK161_PE1003_L03,PE1003,-13,False,,8.5,8.2,7.6,,8.1,B+,3.5,True,3.03,3.03,Pass
5845,1657561,HK161_PE1003_L03,PE1003,-13,False,,7.6,8.0,7.4,,7.8,B,3.0,True,3.29,3.29,Pass
5846,1604851,HK161_PE1003_L03,PE1003,-13,False,,9.1,7.9,6.9,,7.9,B,3.0,True,3.26,3.26,Pass
5847,1658616,HK161_PE1003_L03,PE1003,-13,False,,6.8,5.9,6.2,,6.1,C,2.0,True,2.62,2.62,Pass
5848,1677503,HK161_PE1003_L03,PE1003,-13,False,,8.5,7.2,7.8,,7.6,B,3.0,True,3.09,3.09,Pass
5849,1663891,HK161_PE1003_L03,PE1003,-13,False,,8.4,7.3,8.6,,7.8,B,3.0,True,3.32,3.32,Pass
5850,1650155,HK161_PE1003_L03,PE1003,-13,False,,8.0,6.6,8.6,,7.3,B,3.0,True,3.26,3.26,Pass
5851,1665753,HK161_PE1003_L03,PE1003,-13,False,,6.4,8.2,7.6,,7.7,B,3.0,True,2.62,2.62,Pass
5852,1645273,HK161_PE1003_L03,PE1003,-13,False,,5.7,6.2,7.3,,6.3,C,2.0,True,2.29,2.29,Pass
5853,1695873,HK161_PE1003_L03,PE1003,-13,False,,6.2,7.4,7.0,,7.1,B,3.0,True,2.41,2.41,Pass
5854,1674069,HK161_PE1003_L03,PE1003,-13,False,,5.9,5.9,8.0,,6.3,C,2.0,True,2.41,2.41,Pass
5855,1657685,HK161_PE1003_L03,PE1003,-13,False,,7.1,8.6,7.1,,8.0,B+,3.5,True,3.59,3.59,Pass
5856,1607623,HK161_PE1003_L03,PE1003,-13,False,,6.8,5.4,7.0,,6.0,C,2.0,True,2.53,2.53,Pass
5857,1662319,HK161_PE1003_L03,PE1003,-13,False,,7.8,8.3,7.9,,8.1,B+,3.5,True,3.29,3.29,Pass
5858,1649369,HK161_PE1003_L03,PE1003,-13,False,,8.9,8.9,8.3,,8.8,A,4.0,True,3.71,3.71,Pass
5859,1638798,HK161_PE1003_L03,PE1003,-13,False,,8.8,9.3,9.0,,9.1,A,4.0,True,3.71,3.71,Pass
5860,1645397,HK161_PE1003_L03,PE1003,-13,False,,7.1,7.1,7.0,,7.1,B,3.0,True,2.32,2.32,Pass
5861,1671959,HK161_PE1003_L03,PE1003,-13,False,,4.5,6.6,6.2,,6.1,C,2.0,True,1.62,1.62,Pass
5862,1651086,HK161_PE1003_L03,PE1003,-13,False,,6.2,7.3,6.6,,6.9,C+,2.5,True,2.62,2.62,Pass
5863,1616477,HK161_PE1003_L03,PE1003,-13,False,,5.8,6.4,4.9,,6.0,C,2.0,True,2.29,2.29,Pass
5864,1650031,HK161_PE1003_L03,PE1003,-13,False,,7.8,7.7,8.4,,7.9,B,3.0,True,3.15,3.15,Pass
5865,1641301,HK161_PE1003_L03,PE1003,-13,False,,6.0,5.5,5.2,,5.5,C,2.0,True,1.56,1.56,Pass
5866,1698500,HK161_PE1003_L03,PE1003,-13,False,,7.1,8.5,7.9,,8.1,B+,3.5,True,3.82,3.82,Pass
5867,1656899,HK161_PE1003_L03,PE1003,-13,False,,6.7,4.9,5.4,,5.4,D+,1.5,True,2.21,2.21,Pass
5868,1619373,HK161_PE1003_L03,PE1003,-13,False,,8.3,7.8,8.6,,8.1,B+,3.5,True,3.71,3.71,Pass
5869,1603134,HK161_PE1003_L03,PE1003,-13,False,,4.4,6.3,5.2,,5.7,C,2.0,True,1.53,1.53,Pass
5870,1655182,HK161_PE1003_L03,PE1003,-13,False,,5.8,6.1,7.6,,6.3,C,2.0,True,3.09,3.09,Pass
5871,1690184,HK161_PE1003_L03,PE1003,-13,False,,7.7,6.7,7.6,,7.1,B,3.0,True,2.41,2.41,Pass
5872,1689129,HK161_PE1003_L03,PE1003,-13,False,,4.9,4.4,5.7,,4.8,D,1.0,True,1.91,1.91,Pass
5873,1600093,HK161_PE1003_L03,PE1003,-13,False,,8.6,8.4,8.4,,8.4,B+,3.5,True,3.18,3.18,Pass
5874,1630875,HK161_PE1003_L03,PE1003,-13,False,,8.3,8.0,8.1,,8.1,B+,3.5,True,3.21,3.21,Pass
5875,1624131,HK161_PE1003_L03,PE1003,-13,False,,5.3,4.8,4.7,,4.9,D,1.0,True,1.91,1.91,Pass
5876,1675517,HK161_PE1003_L03,PE1003,-13,False,,7.7,7.4,8.4,,7.7,B,3.0,True,3.47,3.47,Pass
5877,1624793,HK161_PE1003_L03,PE1003,-13,False,,7.7,5.1,7.0,,6.0,C,2.0,True,2.32,2.32,Pass
5878,1620573,HK161_PE1003_L03,PE1003,-13,False,,7.9,6.6,9.9,,7.5,B,3.0,True,3.44,3.44,Pass
5879,1682530,HK161_PE1003_L03,PE1003,-13,False,,8.8,9.3,9.3,,9.2,A,4.0,True,4.0,4.0,Pass
5880,1686357,HK161_PE1003_L03,PE1003,-13,False,,6.5,7.1,6.3,,6.8,C+,2.5,True,2.44,2.44,Pass
5881,1674731,HK161_PE1003_L03,PE1003,-13,False,,6.3,6.3,4.1,,5.9,C,2.0,True,1.88,1.88,Pass
5882,1667863,HK161_PE1003_L03,PE1003,-13,False,,7.4,7.0,8.4,,7.4,B,3.0,True,3.06,3.06,Pass
5883,1636150,HK161_PE1003_L03,PE1003,-13,False,,7.8,6.3,8.3,,7.0,B,3.0,True,3.21,3.21,Pass
5884,1682923,HK161_PE1003_L03,PE1003,-13,False,,7.1,7.1,7.8,,7.2,B,3.0,True,3.62,3.62,Pass
5885,1643825,HK161_PE1003_L03,PE1003,-13,False,,6.3,6.7,6.9,,6.7,C+,2.5,True,2.82,2.82,Pass
5886,1616601,HK161_PE1003_L03,PE1003,-13,False,,7.0,6.7,6.6,,6.7,C+,2.5,True,2.06,2.06,Pass
5887,1678434,HK161_PE1003_L03,PE1003,-13,False,,7.4,8.0,9.4,,8.2,B+,3.5,True,3.29,3.29,Pass
5888,1606175,HK161_PE1003_L03,PE1003,-13,False,,6.3,7.2,5.3,,6.6,C+,2.5,True,2.65,2.65,Pass
5889,1608678,HK161_PE1003_L03,PE1003,-13,False,,5.9,6.6,6.8,,6.5,C+,2.5,True,2.41,2.41,Pass
5890,1697321,HK161_PE1003_L03,PE1003,-13,False,,6.2,6.3,5.8,,6.2,C,2.0,True,2.38,2.38,Pass
5891,1662981,HK161_PE1003_L03,PE1003,-13,False,,6.3,6.1,5.8,,6.1,C,2.0,True,1.94,1.94,Pass
5892,1607354,HK161_PE1003_L03,PE1003,-13,False,,8.5,8.1,8.9,,8.3,B+,3.5,True,3.24,3.24,Pass
5893,1647921,HK161_PE1003_L03,PE1003,-13,False,,6.5,5.9,6.5,,6.1,C,2.0,True,2.91,2.91,Pass
5894,1659278,HK161_PE1003_L03,PE1003,-13,False,,7.4,6.4,6.9,,6.7,C+,2.5,True,2.91,2.91,Pass
5895,1616746,HK161_PE1003_L03,PE1003,-13,False,,6.9,5.3,6.0,,5.8,C,2.0,True,1.55,1.55,Pass
5896,1644880,HK161_PE1003_L03,PE1003,-13,False,,7.3,6.2,6.3,,6.4,C+,2.5,True,2.47,2.47,Pass
5897,1632985,HK161_PE1003_L03,PE1003,-13,False,,7.2,10.0,8.5,,9.1,A,4.0,True,3.32,3.32,Pass
5898,1668256,HK161_PE1003_L03,PE1003,-13,False,,8.7,6.8,9.7,,7.8,B,3.0,True,3.38,3.38,Pass
5899,1693494,HK161_PE1003_L03,PE1003,-13,False,,6.1,7.3,7.8,,7.2,B,3.0,True,2.59,2.59,Pass
5900,1699431,HK161_PE1003_L03,PE1003,-13,False,,7.5,7.0,7.7,,7.2,B,3.0,True,2.5,2.5,Pass
5901,1681330,HK161_PE1003_L03,PE1003,-13,False,,7.5,8.1,6.2,,7.6,B,3.0,True,2.5,2.5,Pass
5902,1655844,HK161_PE1003_L03,PE1003,-13,False,,7.0,6.1,5.7,,6.2,C,2.0,True,2.5,2.5,Pass
5903,1650548,HK161_PE1003_L03,PE1003,-13,False,,6.4,5.8,7.8,,6.3,C,2.0,True,2.79,2.79,Pass
5904,1691239,HK161_PE1003_L03,PE1003,-13,False,,7.4,4.1,6.2,,5.2,D+,1.5,True,2.0,2.0,Pass
5905,1672228,HK161_PE1003_L03,PE1003,-13,False,,6.0,5.9,7.1,,6.2,C,2.0,True,2.09,2.09,Pass
5906,1680668,HK161_PE1003_L03,PE1003,-13,False,,7.3,8.1,8.0,,7.9,B,3.0,True,3.09,3.09,Pass
5907,1638405,HK161_PE1003_L03,PE1003,-13,False,,6.0,6.3,7.4,,6.5,C+,2.5,True,2.5,2.5,Pass
5908,1623614,HK161_PE1003_L03,PE1003,-13,False,,9.1,7.2,7.5,,7.6,B,3.0,True,3.12,3.12,Pass
5909,1618318,HK161_PE1003_L03,PE1003,-13,False,,5.5,6.8,5.2,,6.2,C,2.0,True,2.0,2.0,Pass
5910,1683709,HK161_PE1003_L03,PE1003,-13,False,,8.0,6.5,7.7,,7.0,B,3.0,True,3.09,3.09,Pass
5911,1669187,HK161_PE1003_L03,PE1003,-13,False,,8.8,7.5,9.5,,8.2,B+,3.5,True,3.29,3.29,Pass
5912,1611057,HK161_PE1003_L03,PE1003,-13,False,,4.9,6.3,5.3,,5.8,C,2.0,True,1.79,1.79,Pass
5913,1678827,HK161_PE1003_L03,PE1003,-13,False,,4.3,5.3,4.8,,5.0,D+,1.5,True,1.68,1.68,Pass
5914,1605513,HK161_PE1003_L03,PE1003,-13,False,,7.7,7.1,8.7,,7.5,B,3.0,True,3.21,3.21,Pass
5915,1698107,HK161_PE1003_L03,PE1003,-13,False,,5.4,5.9,5.0,,5.6,C,2.0,True,1.71,1.71,Pass
5916,1608409,HK161_PE1003_L03,PE1003,-13,False,,8.6,8.2,7.9,,8.2,B+,3.5,True,3.41,3.41,Pass
5917,1665215,HK161_PE1003_L03,PE1003,-13,False,,6.5,6.1,5.6,,6.1,C,2.0,True,1.76,1.76,Pass
5918,1689398,HK161_PE1003_L03,PE1003,-13,False,,5.6,5.0,5.8,,5.3,D+,1.5,True,1.53,1.53,Pass
5919,1601148,HK161_PE1003_L03,PE1003,-13,False,,6.4,7.5,6.3,,7.0,B,3.0,True,2.53,2.53,Pass
5920,1632323,HK161_PE1003_L03,PE1003,-13,False,,7.1,5.6,6.8,,6.1,C,2.0,True,2.65,2.65,Pass
5921,1663498,HK161_PE1003_L04,PE1003,-13,False,,6.7,6.3,5.7,,6.3,C,2.0,True,2.26,2.26,Pass
5922,1635633,HK161_PE1003_L04,PE1003,-13,False,,7.5,8.0,7.8,,7.9,B,3.0,True,3.38,3.38,Pass
5923,1655306,HK161_PE1003_L04,PE1003,-13,False,,6.5,7.3,7.7,,7.2,B,3.0,True,2.59,2.59,Pass
5924,1615029,HK161_PE1003_L04,PE1003,-13,False,,6.4,6.5,7.2,,6.6,C+,2.5,True,2.47,2.47,Pass
5925,1685695,HK161_PE1003_L04,PE1003,-13,False,,9.0,8.9,9.3,,9.0,A,4.0,True,3.74,3.74,Pass
5926,1691632,HK161_PE1003_L04,PE1003,-13,False,,8.4,8.8,7.8,,8.5,A,4.0,True,3.38,3.38,Pass
5927,1663374,HK161_PE1003_L04,PE1003,-13,False,,7.8,7.6,6.5,,7.4,B,3.0,True,2.32,2.32,Pass
5928,1674855,HK161_PE1003_L04,PE1003,-13,False,,6.6,6.8,6.7,,6.7,C+,2.5,True,2.06,2.06,Pass
5929,1655451,HK161_PE1003_L04,PE1003,-13,False,,5.7,7.6,6.5,,7.0,B,3.0,True,2.68,2.68,Pass
5930,1652803,HK161_PE1003_L04,PE1003,-13,False,,7.4,7.2,7.0,,7.2,B,3.0,True,2.68,2.68,Pass
5931,1676448,HK161_PE1003_L04,PE1003,-13,False,,7.1,7.5,6.3,,7.2,B,3.0,True,2.35,2.35,Pass
5932,1665877,HK161_PE1003_L04,PE1003,-13,False,,7.6,7.8,7.6,,7.7,B,3.0,True,3.09,3.09,Pass
5933,1669973,HK161_PE1003_L04,PE1003,-13,False,,8.2,8.4,7.0,,8.1,B+,3.5,True,3.21,3.21,Pass
5934,1649100,HK161_PE1003_L04,PE1003,-13,False,,5.4,8.0,8.5,,7.6,B,3.0,True,3.15,3.15,Pass
5935,1603920,HK161_PE1003_L04,PE1003,-13,False,,5.4,5.9,5.1,,5.6,C,2.0,True,1.59,1.59,Pass
5936,1603527,HK161_PE1003_L04,PE1003,-13,False,,6.1,6.2,7.5,,6.4,C+,2.5,True,2.62,2.62,Pass
5937,1680544,HK161_PE1003_L04,PE1003,-13,False,,8.4,8.4,7.6,,8.2,B+,3.5,True,3.29,3.29,Pass
5938,1688198,HK161_PE1003_L04,PE1003,-13,False,,7.8,7.2,7.3,,7.3,B,3.0,True,2.62,2.62,Pass
5939,1690577,HK161_PE1003_L04,PE1003,-13,False,,9.0,8.5,9.0,,8.7,A,4.0,True,3.92,3.92,Pass
5940,1612112,HK161_PE1003_L04,PE1003,-13,False,,6.7,7.5,6.7,,7.2,B,3.0,True,2.29,2.29,Pass
5941,1696535,HK161_PE1003_L04,PE1003,-13,False,,6.1,5.2,5.7,,5.5,C,2.0,True,1.91,1.91,Pass
5942,1627172,HK161_PE1003_L04,PE1003,-13,False,,5.7,8.2,7.1,,7.5,B,3.0,True,3.03,3.03,Pass
5943,1677379,HK161_PE1003_L04,PE1003,-13,False,,6.1,5.8,5.1,,5.7,C,2.0,True,1.68,1.68,Pass
5944,1614491,HK161_PE1003_L04,PE1003,-13,False,,8.0,10.0,8.5,,9.3,A,4.0,True,3.09,3.09,Pass
5945,1656361,HK161_PE1003_L04,PE1003,-13,False,,8.1,10.0,7.8,,9.2,A,4.0,True,3.83,3.83,Pass
5946,1678558,HK161_PE1003_L04,PE1003,-13,False,,5.0,5.7,6.8,,5.8,C,2.0,True,1.56,1.56,Pass
5947,1670511,HK161_PE1003_L04,PE1003,-13,False,,7.6,7.7,8.7,,7.9,B,3.0,True,2.91,2.91,Pass
5948,1676055,HK161_PE1003_L04,PE1003,-13,False,,6.4,7.3,6.2,,6.9,C+,2.5,True,2.74,2.74,Pass
5949,1650817,HK161_PE1003_L04,PE1003,-13,False,,8.2,8.5,8.7,,8.5,A,4.0,True,3.41,3.41,Pass
5950,1696390,HK161_PE1003_L04,PE1003,-13,False,,6.8,6.3,6.3,,6.4,C+,2.5,True,2.56,2.56,Pass
5951,1635240,HK161_PE1003_L04,PE1003,-13,False,,5.4,5.9,7.2,,6.1,C,2.0,True,2.03,2.03,Pass
5952,1687019,HK161_PE1003_L04,PE1003,-13,False,,7.0,7.6,6.9,,7.3,B,3.0,True,2.71,2.71,Pass
5953,1617263,HK161_PE1003_L04,PE1003,-13,False,,6.3,5.4,5.8,,5.7,C,2.0,True,1.29,1.29,Pass
5954,1679613,HK161_PE1003_L04,PE1003,-13,False,,7.6,9.5,7.4,,8.7,A,4.0,True,3.59,3.59,Pass
5955,1619249,HK161_PE1003_L04,PE1003,-13,False,,5.6,5.3,6.4,,5.6,C,2.0,True,1.71,1.71,Pass
5956,1675124,HK161_PE1003_L04,PE1003,-13,False,,6.0,6.0,5.4,,5.9,C,2.0,True,2.06,2.06,Pass
5957,1608016,HK161_PE1003_L04,PE1003,-13,False,,9.7,8.0,8.1,,8.4,B+,3.5,True,3.5,3.5,Pass
5958,1685426,HK161_PE1003_L04,PE1003,-13,False,,7.9,8.1,7.6,,8.0,B+,3.5,True,3.18,3.18,Pass
5959,1665484,HK161_PE1003_L04,PE1003,-13,False,,6.5,5.1,5.0,,5.4,D+,1.5,True,2.03,2.03,Pass
5960,1614367,HK161_PE1003_L04,PE1003,-13,False,,8.1,6.1,7.5,,6.8,C+,2.5,True,2.32,2.32,Pass
5961,1695335,HK161_PE1003_L04,PE1003,-13,False,,7.1,7.4,8.8,,7.6,B,3.0,True,3.71,3.71,Pass
5962,1637350,HK161_PE1003_L04,PE1003,-13,False,,7.5,8.8,8.1,,8.4,B+,3.5,True,2.82,2.82,Pass
5963,1637081,HK161_PE1003_L04,PE1003,-13,False,,7.6,8.1,7.6,,7.9,B,3.0,True,3.18,3.18,Pass
5964,1685033,HK161_PE1003_L04,PE1003,-13,False,,7.7,8.8,8.6,,8.5,A,4.0,True,3.44,3.44,Pass
5965,1696659,HK161_PE1003_L04,PE1003,-13,False,,10.0,7.6,7.9,,8.1,B+,3.5,True,3.71,3.71,Pass
5966,1647383,HK161_PE1003_L04,PE1003,-13,False,,6.8,8.5,6.8,,7.8,B,3.0,True,2.76,2.76,Pass
5967,1608554,HK161_PE1003_L04,PE1003,-13,False,,7.1,7.7,7.5,,7.5,B,3.0,True,3.26,3.26,Pass
5968,1673676,HK161_PE1003_L04,PE1003,-13,False,,7.9,8.8,7.2,,8.3,B+,3.5,True,3.15,3.15,Pass
5969,1673800,HK161_PE1003_L04,PE1003,-13,False,,5.0,4.1,6.2,,4.7,D,1.0,True,2.15,2.15,Pass
5970,1615277,HK161_PE1003_L04,PE1003,-13,False,,7.0,7.2,6.0,,6.9,C+,2.5,True,2.29,2.29,Pass
5971,1623076,HK161_PE1003_L04,PE1003,-13,False,,6.5,6.8,6.2,,6.6,C+,2.5,True,2.74,2.74,Pass
5972,1649638,HK161_PE1003_L04,PE1003,-13,False,,6.1,7.5,5.4,,6.8,C+,2.5,True,2.24,2.24,Pass
5973,1688467,HK161_PE1003_L04,PE1003,-13,False,,6.8,6.2,6.3,,6.3,C,2.0,True,2.68,2.68,Pass
5974,1694011,HK161_PE1003_L04,PE1003,-13,False,,7.1,7.7,7.5,,7.5,B,3.0,True,3.09,3.09,Pass
5975,1645004,HK161_PE1003_L04,PE1003,-13,False,,6.6,5.2,6.2,,5.7,C,2.0,True,1.56,1.56,Pass
5976,1693618,HK161_PE1003_L04,PE1003,-13,False,,7.6,8.0,7.1,,7.7,B,3.0,True,3.18,3.18,Pass
5977,1654520,HK161_PE1003_L04,PE1003,-13,False,,5.0,5.5,5.2,,5.3,D+,1.5,True,1.5,1.5,Pass
5978,1621235,HK161_PE1003_L04,PE1003,-13,False,,5.9,6.9,6.0,,6.5,C+,2.5,True,2.53,2.53,Pass
5979,1689522,HK161_PE1003_L04,PE1003,-13,False,,8.7,8.3,7.8,,8.3,B+,3.5,True,3.65,3.65,Pass
5980,1610664,HK161_PE1003_L04,PE1003,-13,False,,7.2,8.5,9.2,,8.4,B+,3.5,True,3.24,3.24,Pass
5981,1623345,HK161_PE1003_L04,PE1003,-13,False,,7.7,8.0,7.5,,7.8,B,3.0,True,3.12,3.12,Pass
5982,1608947,HK161_PE1003_L04,PE1003,-13,False,,5.5,5.2,6.3,,5.5,C,2.0,True,1.91,1.91,Pass
5983,1631661,HK161_PE1003_L04,PE1003,-13,False,,6.8,6.5,6.6,,6.6,C+,2.5,True,2.74,2.74,Pass
5984,1640908,HK161_PE1003_L04,PE1003,-13,False,,6.9,7.4,6.0,,7.0,B,3.0,True,2.56,2.56,Pass
5985,1626117,HK161_PE1003_L04,PE1003,-13,False,,8.3,7.2,7.9,,7.6,B,3.0,True,3.09,3.09,Pass
5986,1688860,HK161_PE1003_L04,PE1003,-13,False,,5.7,6.3,6.8,,6.3,C,2.0,True,2.15,2.15,Pass
5987,1688343,HK161_PE1003_L04,PE1003,-13,False,,8.7,7.7,7.6,,7.9,B,3.0,True,3.47,3.47,Pass
5988,1655968,HK161_PE1003_L04,PE1003,-13,False,,8.2,8.1,7.8,,8.1,B+,3.5,True,4.0,4.0,Pass
5989,1617532,HK161_PE1003_L04,PE1003,-13,False,,6.0,6.1,6.4,,6.1,C,2.0,True,1.71,1.71,Pass
5990,1601810,HK161_PE1003_L04,PE1003,-13,False,,6.1,5.9,6.0,,6.0,C,2.0,True,1.88,1.88,Pass
5991,1625848,HK161_PE1003_L04,PE1003,-13,False,,6.6,7.7,9.0,,7.7,B,3.0,True,3.41,3.41,Pass
5992,1604975,HK161_PE1003_L04,PE1003,-13,False,,6.1,6.5,6.4,,6.4,C+,2.5,True,2.5,2.5,Pass
5993,1625455,HK161_PE1003_L04,PE1003,-13,False,,4.8,7.0,6.1,,6.4,C+,2.5,True,2.5,2.5,Pass
5994,1626903,HK161_PE1003_L04,PE1003,-13,False,,7.4,7.4,8.9,,7.7,B,3.0,True,3.59,3.59,Pass
5995,1630337,HK161_PE1003_L04,PE1003,-13,False,,4.8,7.1,5.1,,6.2,C,2.0,True,2.03,2.03,Pass
5996,1600362,HK161_PE1003_L04,PE1003,-13,False,,7.7,8.4,8.8,,8.3,B+,3.5,True,3.26,3.26,Pass
5997,1671297,HK161_PE1003_L04,PE1003,-13,False,,9.1,7.3,9.2,,8.0,B+,3.5,True,4.0,4.0,Pass
5998,1675000,HK161_PE1003_L04,PE1003,-13,False,,7.4,6.5,6.7,,6.7,C+,2.5,True,2.79,2.79,Pass
5999,1699307,HK161_PE1003_L04,PE1003,-13,False,,5.8,5.7,6.7,,5.9,C,2.0,True,2.32,2.32,Pass
6000,1642232,HK161_PE1003_L04,PE1003,-13,False,,6.2,7.2,5.2,,6.6,C+,2.5,True,1.68,1.68,Pass
6001,1611719,HK161_PE1003_L04,PE1003,-13,False,,7.8,7.4,8.4,,7.7,B,3.0,True,3.18,3.18,Pass
6002,1654789,HK161_PE1003_L04,PE1003,-13,False,,8.0,8.1,8.5,,8.2,B+,3.5,True,3.26,3.26,Pass
6003,1628765,HK161_PE1003_L04,PE1003,-13,False,,9.8,9.2,8.5,,9.2,A,4.0,True,3.65,3.65,Pass
6004,1624400,HK161_PE1003_L04,PE1003,-13,False,,6.0,5.7,8.9,,6.4,C+,2.5,True,2.15,2.15,Pass
6005,1679096,HK161_PE1003_L04,PE1003,-13,False,,6.3,8.1,6.7,,7.5,B,3.0,True,2.82,2.82,Pass
6006,1677110,HK161_PE1003_L04,PE1003,-13,False,,9.6,7.5,7.8,,8.0,B+,3.5,True,3.53,3.53,Pass
6007,1664036,HK161_PE1003_L04,PE1003,-13,False,,7.2,6.5,8.3,,7.0,B,3.0,True,2.35,2.35,Pass
6008,1607230,HK161_PE1003_L04,PE1003,-13,False,,5.2,6.2,4.7,,5.7,C,2.0,True,1.59,1.59,Pass
6009,1658078,HK161_PE1003_L04,PE1003,-13,False,,9.4,8.8,8.7,,8.9,A,4.0,True,3.12,3.12,Pass
6010,1692170,HK161_PE1003_L04,PE1003,-13,False,,8.4,8.5,8.5,,8.5,A,4.0,True,3.12,3.12,Pass
6011,1647114,HK161_PE1003_L04,PE1003,-13,False,,8.2,7.9,8.0,,8.0,B+,3.5,True,3.29,3.29,Pass
6012,1664160,HK161_PE1003_L04,PE1003,-13,False,,7.9,7.4,7.6,,7.5,B,3.0,True,3.5,3.5,Pass
6013,1682654,HK161_PE1003_L04,PE1003,-13,False,,8.0,8.6,8.5,,8.5,A,4.0,True,3.12,3.12,Pass
6014,1683047,HK161_PE1003_L04,PE1003,-13,False,,8.4,8.0,8.7,,8.2,B+,3.5,True,3.79,3.79,Pass
6015,1642625,HK161_PE1003_L04,PE1003,-13,False,,6.6,4.8,6.3,,5.5,C,2.0,True,1.66,1.66,Pass
6016,1638136,HK161_PE1003_L04,PE1003,-13,False,,6.8,7.6,7.2,,7.4,B,3.0,True,2.5,2.5,Pass
6017,1698376,HK161_PE1003_L04,PE1003,-13,False,,6.7,7.5,9.1,,7.7,B,3.0,True,3.44,3.44,Pass
6018,1677896,HK161_PE1003_L04,PE1003,-13,False,,8.7,7.6,6.3,,7.6,B,3.0,True,2.5,2.5,Pass
6019,1600486,HK161_PE1003_L04,PE1003,-13,False,,4.4,5.3,5.5,,5.2,D+,1.5,True,1.71,1.71,Pass
6020,1605637,HK161_PE1003_L04,PE1003,-13,False,,7.4,5.0,6.6,,5.8,C,2.0,True,2.18,2.18,Pass
6021,1652410,HK161_PE1003_L04,PE1003,-13,False,,7.0,7.8,9.2,,7.9,B,3.0,True,3.41,3.41,Pass
6022,1685302,HK161_PE1003_L04,PE1003,-13,False,,7.3,5.1,6.6,,5.8,C,2.0,True,3.38,3.38,Pass
6023,1659795,HK161_PE1003_L04,PE1003,-13,False,,8.2,7.9,8.6,,8.1,B+,3.5,True,3.62,3.62,Pass
6024,1637743,HK161_PE1003_L04,PE1003,-13,False,,6.1,5.4,7.4,,5.9,C,2.0,True,1.62,1.62,Pass
6025,1698769,HK161_PE1003_L04,PE1003,-13,False,,6.2,6.3,5.0,,6.0,C,2.0,True,2.18,2.18,Pass
6026,1652927,HK161_PE1003_L04,PE1003,-13,False,,6.5,7.2,7.4,,7.1,B,3.0,True,2.5,2.5,Pass
6027,1643163,HK161_PE1003_L04,PE1003,-13,False,,9.1,7.1,8.0,,7.7,B,3.0,True,3.32,3.32,Pass
6028,1658885,HK161_PE1003_L04,PE1003,-13,False,,5.3,5.1,4.6,,5.0,D+,1.5,True,1.53,1.53,Pass
6029,1651748,HK161_PE1003_L04,PE1003,-13,False,,7.6,8.6,6.5,,8.0,B+,3.5,True,3.71,3.71,Pass
6030,1610933,HK161_PE1003_L04,PE1003,-13,False,,8.3,7.3,6.7,,7.4,B,3.0,True,2.85,2.85,Pass
6031,1691777,HK161_PE1003_L04,PE1003,-13,False,,10.0,9.1,9.2,,9.3,A,4.0,True,4.0,4.0,Pass
6032,1693225,HK161_PE1003_L04,PE1003,-13,False,,8.1,7.8,8.7,,8.0,B+,3.5,True,3.32,3.32,Pass
6033,1690060,HK161_PE1003_L04,PE1003,-13,False,,8.6,8.6,7.9,,8.5,A,4.0,True,3.06,3.06,Pass
6034,1697445,HK161_PE1003_L04,PE1003,-13,False,,8.6,7.9,7.6,,8.0,B+,3.5,True,3.12,3.12,Pass
6035,1635095,HK161_PE1003_L04,PE1003,-13,False,,5.8,5.1,5.1,,5.2,D+,1.5,True,2.35,2.35,Pass
6036,1651210,HK161_PE1003_L04,PE1003,-13,False,,6.6,4.7,4.4,,5.0,D+,1.5,True,1.85,1.85,Pass
6037,1699969,HK161_PE1003_L04,PE1003,-13,False,,9.4,7.3,7.5,,7.8,B,3.0,True,3.12,3.12,Pass
6038,1610788,HK161_PE1003_L04,PE1003,-13,False,,9.3,7.6,8.1,,8.0,B+,3.5,True,3.24,3.24,Pass
6039,1624276,HK161_PE1003_L04,PE1003,-13,False,,8.0,8.6,9.3,,8.6,A,4.0,True,3.29,3.29,Pass
6040,1681206,HK161_PE1003_L05,PE1003,-13,False,,7.5,7.8,7.9,,7.8,B,3.0,True,3.41,3.41,Pass
6041,1660457,HK161_PE1003_L05,PE1003,-13,False,,5.3,8.9,6.1,,7.6,B,3.0,True,2.74,2.74,Pass
6042,1698645,HK161_PE1003_L05,PE1003,-13,False,,7.4,8.3,8.5,,8.2,B+,3.5,True,3.74,3.74,Pass
6043,1623738,HK161_PE1003_L05,PE1003,-13,False,,6.6,6.7,6.9,,6.7,C+,2.5,True,2.06,2.06,Pass
6044,1639853,HK161_PE1003_L05,PE1003,-13,False,,8.1,8.0,8.2,,8.1,B+,3.5,True,3.35,3.35,Pass
6045,1613560,HK161_PE1003_L05,PE1003,-13,False,,8.3,8.1,7.0,,7.9,B,3.0,True,3.06,3.06,Pass
6046,1657954,HK161_PE1003_L05,PE1003,-13,False,,8.4,7.2,7.1,,7.4,B,3.0,True,2.71,2.71,Pass
6047,1648314,HK161_PE1003_L05,PE1003,-13,False,,7.3,8.7,6.9,,8.1,B+,3.5,True,3.38,3.38,Pass
6048,1681992,HK161_PE1003_L05,PE1003,-13,False,,9.4,8.8,8.0,,8.8,A,4.0,True,3.21,3.21,Pass
6049,1631268,HK161_PE1003_L05,PE1003,-13,False,,8.2,8.0,8.9,,8.2,B+,3.5,True,3.41,3.41,Pass
6050,1652017,HK161_PE1003_L05,PE1003,-13,False,,7.2,7.6,6.8,,7.4,B,3.0,True,3.03,3.03,Pass
6051,1633254,HK161_PE1003_L05,PE1003,-13,False,,8.9,7.1,7.7,,7.6,B,3.0,True,3.53,3.53,Pass
6052,1617656,HK161_PE1003_L05,PE1003,-13,False,,8.9,8.1,8.7,,8.4,B+,3.5,True,3.15,3.15,Pass
6053,1646059,HK161_PE1003_L05,PE1003,-13,False,,7.6,8.3,8.4,,8.2,B+,3.5,True,3.0,3.0,Pass
6054,1699824,HK161_PE1003_L05,PE1003,-13,False,,7.8,9.0,7.5,,8.5,A,4.0,True,3.53,3.53,Pass
6055,1609609,HK161_PE1003_L05,PE1003,-13,False,,7.8,7.4,7.5,,7.5,B,3.0,True,3.47,3.47,Pass
6056,1673945,HK161_PE1003_L05,PE1003,-13,False,,8.7,9.3,8.9,,9.1,A,4.0,True,3.29,3.29,Pass
6057,1645542,HK161_PE1003_L05,PE1003,-13,False,,4.9,5.8,5.2,,5.5,C,2.0,True,1.76,1.76,Pass
6058,1634971,HK161_PE1003_L05,PE1003,-13,False,,5.7,6.0,5.1,,5.8,C,2.0,True,2.35,2.35,Pass
6059,1603403,HK161_PE1003_L05,PE1003,-13,False,,7.2,5.7,7.0,,6.3,C,2.0,True,2.53,2.53,Pass
6060,1673407,HK161_PE1003_L05,PE1003,-13,False,,5.6,5.6,4.8,,5.4,D+,1.5,True,1.82,1.82,Pass
6061,1642770,HK161_PE1003_L05,PE1003,-13,False,,6.9,6.9,7.0,,6.9,C+,2.5,True,2.41,2.41,Pass
6062,1628227,HK161_PE1003_L05,PE1003,-13,False,,7.6,7.8,9.7,,8.1,B+,3.5,True,3.06,3.06,Pass
6063,1669580,HK161_PE1003_L05,PE1003,-13,False,,8.2,8.2,7.0,,8.0,B+,3.5,True,2.94,2.94,Pass
6064,1699038,HK161_PE1003_L05,PE1003,-13,False,,7.0,6.6,5.9,,6.5,C+,2.5,True,2.32,2.32,Pass
6065,1680006,HK161_PE1003_L05,PE1003,-13,False,,6.9,6.7,7.2,,6.8,C+,2.5,True,2.29,2.29,Pass
6066,1620304,HK161_PE1003_L05,PE1003,-13,False,,5.2,5.4,6.5,,5.6,C,2.0,True,2.09,2.09,Pass
6067,1605782,HK161_PE1003_L05,PE1003,-13,False,,6.8,5.8,7.6,,6.4,C+,2.5,True,2.53,2.53,Pass
6068,1616084,HK161_PE1003_L05,PE1003,-13,False,,9.3,8.8,7.4,,8.6,A,4.0,True,3.21,3.21,Pass
6069,1615546,HK161_PE1003_L05,PE1003,-13,False,,7.6,7.6,9.0,,7.9,B,3.0,True,3.06,3.06,Pass
6070,1671028,HK161_PE1003_L05,PE1003,-13,False,,6.8,6.6,5.5,,6.4,C+,2.5,True,2.35,2.35,Pass
6071,1622290,HK161_PE1003_L05,PE1003,-13,False,,7.7,7.2,8.3,,7.5,B,3.0,True,3.18,3.18,Pass
6072,1666270,HK161_PE1003_L05,PE1003,-13,False,,5.6,6.3,6.8,,6.3,C,2.0,True,2.62,2.62,Pass
6073,1678951,HK161_PE1003_L05,PE1003,-13,False,,5.7,6.0,6.2,,6.0,C,2.0,True,1.91,1.91,Pass
6074,1695728,HK161_PE1003_L05,PE1003,-13,False,,6.0,6.1,5.6,,6.0,C,2.0,True,1.91,1.91,Pass
6075,1648438,HK161_PE1003_L05,PE1003,-13,False,,7.3,6.0,8.1,,6.7,C+,2.5,True,2.09,2.09,Pass
6076,1679220,HK161_PE1003_L05,PE1003,-13,False,,7.7,7.8,9.0,,8.0,B+,3.5,True,3.56,3.56,Pass
6077,1666808,HK161_PE1003_L05,PE1003,-13,False,,6.4,5.7,6.7,,6.0,C,2.0,True,2.53,2.53,Pass
6078,1634040,HK161_PE1003_L05,PE1003,-13,False,,6.4,7.1,6.8,,6.9,C+,2.5,True,2.5,2.5,Pass
6079,1659009,HK161_PE1003_L05,PE1003,-13,False,,7.8,7.3,6.9,,7.3,B,3.0,True,3.0,3.0,Pass
6080,1672352,HK161_PE1003_L05,PE1003,-13,False,,7.7,8.5,9.9,,8.6,A,4.0,True,3.26,3.26,Pass
6081,1623469,HK161_PE1003_L05,PE1003,-13,False,,7.0,5.4,5.6,,5.8,C,2.0,True,2.53,2.53,Pass
6082,1626510,HK161_PE1003_L05,PE1003,-13,False,,7.8,8.4,8.6,,8.3,B+,3.5,True,3.38,3.38,Pass
6083,1663767,HK161_PE1003_L05,PE1003,-13,False,,6.2,7.2,6.4,,6.8,C+,2.5,True,3.06,3.06,Pass
6084,1658347,HK161_PE1003_L05,PE1003,-13,False,,6.0,6.0,5.9,,6.0,C,2.0,True,2.29,2.29,Pass
6085,1676717,HK161_PE1003_L05,PE1003,-13,False,,7.6,8.3,6.7,,7.8,B,3.0,True,3.41,3.41,Pass
6086,1643287,HK161_PE1003_L05,PE1003,-13,False,,6.9,5.6,6.3,,6.0,C,2.0,True,1.91,1.91,Pass
6087,1627565,HK161_PE1003_L05,PE1003,-13,False,,5.0,9.9,7.2,,8.4,B+,3.5,True,2.41,2.41,Pass
6088,1675393,HK161_PE1003_L05,PE1003,-13,False,,6.5,9.2,8.1,,8.4,B+,3.5,True,3.62,3.62,Pass
6089,1635364,HK161_PE1003_L05,PE1003,-13,False,,6.4,7.8,6.6,,7.3,B,3.0,True,2.29,2.29,Pass
6090,1634433,HK161_PE1003_L05,PE1003,-13,False,,6.3,6.9,5.9,,6.6,C+,2.5,True,2.29,2.29,Pass
6091,1666932,HK161_PE1003_L05,PE1003,-13,False,,6.4,5.5,5.0,,5.6,C,2.0,True,1.56,1.56,Pass
6092,1638529,HK161_PE1003_L05,PE1003,-13,False,,8.6,8.9,7.1,,8.5,A,4.0,True,4.0,4.0,Pass
6093,1629944,HK161_PE1003_L05,PE1003,-13,False,,7.2,5.7,7.2,,6.3,C,2.0,True,2.62,2.62,Pass
6094,1605244,HK161_PE1003_L05,PE1003,-13,False,,7.9,8.3,7.5,,8.1,B+,3.5,True,3.06,3.06,Pass
6095,1683978,HK161_PE1003_L05,PE1003,-13,False,,8.0,8.3,8.9,,8.4,B+,3.5,True,3.21,3.21,Pass
6096,1605120,HK161_PE1003_L05,PE1003,-13,False,,6.5,6.3,7.2,,6.5,C+,2.5,True,2.82,2.82,Pass
6097,1613043,HK161_PE1003_L05,PE1003,-13,False,,7.8,8.1,7.4,,7.9,B,3.0,True,3.62,3.62,Pass
6098,1634578,HK161_PE1003_L05,PE1003,-13,False,,6.6,7.6,7.1,,7.3,B,3.0,True,3.65,3.65,Pass
6099,1616208,HK161_PE1003_L05,PE1003,-13,False,,8.0,9.2,7.8,,8.7,A,4.0,True,3.24,3.24,Pass
6100,1618194,HK161_PE1003_L05,PE1003,-13,False,,6.7,7.1,7.5,,7.1,B,3.0,True,2.18,2.18,Pass
6101,1680937,HK161_PE1003_L05,PE1003,-13,False,,8.0,7.6,8.4,,7.8,B,3.0,True,3.29,3.29,Pass
6102,1620035,HK161_PE1003_L05,PE1003,-13,False,,6.5,5.8,4.8,,5.7,C,2.0,True,1.38,1.38,Pass
6103,1606568,HK161_PE1003_L05,PE1003,-13,False,,8.2,8.1,8.4,,8.2,B+,3.5,True,3.29,3.29,Pass
6104,1680275,HK161_PE1003_L05,PE1003,-13,False,,9.8,8.7,9.1,,9.0,A,4.0,True,3.71,3.71,Pass
6105,1615939,HK161_PE1003_L05,PE1003,-13,False,,5.6,6.5,7.9,,6.6,C+,2.5,True,2.59,2.59,Pass
6106,1639067,HK161_PE1003_L05,PE1003,-13,False,,7.5,8.4,8.1,,8.2,B+,3.5,True,3.29,3.29,Pass
6107,1647776,HK161_PE1003_L05,PE1003,-13,False,,4.9,5.6,6.2,,5.6,C,2.0,True,1.26,1.26,Pass
6108,1622807,HK161_PE1003_L05,PE1003,-13,False,,9.5,9.4,9.0,,9.3,A,4.0,True,3.79,3.79,Pass
6109,1644218,HK161_PE1003_L05,PE1003,-13,False,,7.9,7.7,6.3,,7.5,B,3.0,True,2.74,2.74,Pass
6110,1612774,HK161_PE1003_L05,PE1003,-13,False,,7.7,8.6,6.8,,8.1,B+,3.5,True,3.29,3.29,Pass
6111,1633771,HK161_PE1003_L05,PE1003,-13,False,,6.0,8.1,7.5,,7.6,B,3.0,True,2.47,2.47,Pass
6112,1672745,HK161_PE1003_L05,PE1003,-13,False,,8.7,7.5,9.0,,8.0,B+,3.5,True,3.47,3.47,Pass
6113,1631930,HK161_PE1003_L05,PE1003,-13,False,,6.0,5.4,5.4,,5.5,C,2.0,True,1.78,1.78,Pass
6114,1611450,HK161_PE1003_L05,PE1003,-13,False,,7.7,8.6,7.0,,8.1,B+,3.5,True,3.21,3.21,Pass
6115,1681599,HK161_PE1003_L05,PE1003,-13,False,,8.2,7.4,7.8,,7.6,B,3.0,True,3.62,3.62,Pass
6116,1651479,HK161_PE1003_L05,PE1003,-13,False,,8.7,7.2,7.8,,7.6,B,3.0,True,3.03,3.03,Pass
6117,1666146,HK161_PE1003_L05,PE1003,-13,False,,6.6,5.9,6.0,,6.1,C,2.0,True,2.0,2.0,Pass
6118,1669042,HK161_PE1003_L05,PE1003,-13,False,,6.5,6.9,6.4,,6.7,C+,2.5,True,2.62,2.62,Pass
6119,1694549,HK161_PE1003_L05,PE1003,-13,False,,9.2,10.0,10.0,,9.8,A+,4.0,True,4.0,4.0,Pass
6120,1684247,HK161_PE1003_L05,PE1003,-13,False,,5.5,5.1,4.7,,5.1,D+,1.5,True,1.26,1.26,Pass
6121,1601417,HK161_PE1003_L05,PE1003,-13,False,,10.0,10.0,9.0,,9.8,A+,4.0,True,3.9,3.9,Pass
6122,1654913,HK161_PE1003_L05,PE1003,-13,False,,9.6,7.4,10.0,,8.4,B+,3.5,True,3.91,3.91,Pass
6123,1697714,HK161_PE1003_L05,PE1003,-13,False,,7.6,6.5,6.7,,6.8,C+,2.5,True,2.68,2.68,Pass
6124,1648045,HK161_PE1003_L05,PE1003,-13,False,,8.3,8.3,7.3,,8.1,B+,3.5,True,3.0,3.0,Pass
6125,1687412,HK161_PE1003_L05,PE1003,-13,False,,7.5,8.3,6.2,,7.7,B,3.0,True,3.0,3.0,Pass
6126,1670759,HK161_PE1003_L05,PE1003,-13,False,,10.0,8.2,7.9,,8.5,A,4.0,True,3.56,3.56,Pass
6127,1649762,HK161_PE1003_L05,PE1003,-13,False,,6.2,8.7,7.8,,8.0,B+,3.5,True,2.76,2.76,Pass
6128,1690722,HK161_PE1003_L05,PE1003,-13,False,,7.4,7.5,6.0,,7.2,B,3.0,True,2.53,2.53,Pass
6129,1654251,HK161_PE1003_L05,PE1003,-13,False,,7.0,7.2,7.2,,7.2,B,3.0,True,2.82,2.82,Pass
6130,1666539,HK161_PE1003_L05,PE1003,-13,False,,7.4,8.5,9.4,,8.5,A,4.0,True,3.18,3.18,Pass
6131,1664822,HK161_PE1003_L05,PE1003,-13,False,,9.1,7.9,8.1,,8.2,B+,3.5,True,3.09,3.09,Pass
6132,1662174,HK161_PE1003_L05,PE1003,-13,False,,6.5,7.0,7.5,,7.0,B,3.0,True,2.56,2.56,Pass
6133,1641446,HK161_PE1003_L05,PE1003,-13,False,,8.3,8.3,9.5,,8.5,A,4.0,True,3.53,3.53,Pass
6134,1634702,HK161_PE1003_L05,PE1003,-13,False,,7.7,8.7,8.3,,8.4,B+,3.5,True,3.44,3.44,Pass
6135,1639729,HK161_PE1003_L05,PE1003,-13,False,,8.4,7.6,7.7,,7.8,B,3.0,True,3.03,3.03,Pass
6136,1686481,HK161_PE1003_L05,PE1003,-13,False,,6.4,7.8,6.6,,7.3,B,3.0,True,2.09,2.09,Pass
6137,1619642,HK161_PE1003_L05,PE1003,-13,False,,6.2,7.3,8.0,,7.2,B,3.0,True,3.24,3.24,Pass
6138,1643556,HK161_PE1003_L05,PE1003,-13,False,,7.2,7.6,7.3,,7.5,B,3.0,True,2.65,2.65,Pass
6139,1684102,HK161_PE1003_L05,PE1003,-13,False,,8.4,7.8,8.0,,8.0,B+,3.5,True,3.35,3.35,Pass
6140,1689915,HK161_PE1003_L05,PE1003,-13,False,,7.4,7.3,6.1,,7.1,B,3.0,True,2.65,2.65,Pass
6141,1617925,HK161_PE1003_L05,PE1003,-13,False,,8.2,8.8,8.5,,8.6,A,4.0,True,3.53,3.53,Pass
6142,1671421,HK161_PE1003_L05,PE1003,-13,False,,6.8,7.1,6.7,,7.0,B,3.0,True,3.09,3.09,Pass
6143,1689253,HK161_PE1003_L05,PE1003,-13,False,,7.1,8.6,7.6,,8.1,B+,3.5,True,3.44,3.44,Pass
6144,1636026,HK161_PE1003_L05,PE1003,-13,False,,5.5,6.7,6.4,,6.4,C+,2.5,True,2.18,2.18,Pass
6145,1675786,HK161_PE1003_L05,PE1003,-13,False,,7.6,8.0,6.6,,7.6,B,3.0,True,2.94,2.94,Pass
6146,1667987,HK161_PE1003_L05,PE1003,-13,False,,8.7,8.9,7.3,,8.5,A,4.0,True,3.74,3.74,Pass
6147,1659402,HK161_PE1003_L05,PE1003,-13,False,,6.3,6.2,6.1,,6.2,C,2.0,True,2.44,2.44,Pass
6148,1621752,HK161_PE1003_L05,PE1003,-13,False,,7.0,7.4,7.2,,7.3,B,3.0,True,2.42,2.42,Pass
6149,1692294,HK161_PE1003_L05,PE1003,-13,False,,7.1,6.5,6.2,,6.6,C+,2.5,True,3.21,3.21,Pass
6150,1636688,HK161_PE1003_L05,PE1003,-13,False,,4.4,6.2,6.3,,5.9,C,2.0,True,2.09,2.09,Pass
6151,1672083,HK161_PE1003_L05,PE1003,-13,False,,8.3,7.1,7.9,,7.5,B,3.0,True,3.38,3.38,Pass
6152,1611326,HK161_PE1003_L05,PE1003,-13,False,,9.5,8.4,9.9,,8.9,A,4.0,True,3.9,3.9,Pass
6153,1641839,HK161_PE1003_L05,PE1003,-13,False,,8.1,8.1,8.0,,8.1,B+,3.5,True,3.24,3.24,Pass
6154,1688736,HK161_PE1003_L05,PE1003,-13,False,,7.5,7.4,7.5,,7.4,B,3.0,True,2.68,2.68,Pass
6155,1647259,HK161_PE1003_L05,PE1003,-13,False,,7.4,6.5,8.2,,7.0,B,3.0,True,2.47,2.47,Pass
6156,1655575,HK161_PE1003_L05,PE1003,-13,False,,7.9,8.1,7.2,,7.9,B,3.0,True,3.74,3.74,Pass
6157,1633647,HK161_PE1003_L05,PE1003,-13,False,,8.5,8.7,7.9,,8.5,A,4.0,True,3.09,3.09,Pass
6158,1632054,HK161_PE1003_L05,PE1003,-13,False,,8.1,7.3,8.9,,7.8,B,3.0,True,3.44,3.44,Pass
6159,1691632,HK161_MT1003_L01,MT1003,-13,False,,7.0,8.7,8.2,,8.3,B+,3.5,True,3.38,3.38,Pass
6160,1614098,HK161_MT1003_L01,MT1003,-13,False,,9.6,10.0,8.7,,9.7,A+,4.0,True,4.0,4.0,Pass
6161,1696659,HK161_MT1003_L01,MT1003,-13,False,,7.8,8.7,9.5,,8.7,A,4.0,True,3.71,3.71,Pass
6162,1636812,HK161_MT1003_L01,MT1003,-13,False,,8.8,8.5,7.5,,8.4,B+,3.5,True,3.5,3.5,Pass
6163,1605244,HK161_MT1003_L01,MT1003,-13,False,,6.9,8.0,6.8,,7.5,B,3.0,True,3.06,3.06,Pass
6164,1653196,HK161_MT1003_L01,MT1003,-13,False,,6.4,8.2,6.9,,7.6,B,3.0,True,2.91,2.91,Pass
6165,1660333,HK161_MT1003_L01,MT1003,-13,False,,8.5,6.9,8.0,,7.4,B,3.0,True,2.91,2.91,Pass
6166,1673800,HK161_MT1003_L01,MT1003,-13,False,,4.9,8.0,6.0,,7.0,B,3.0,True,2.15,2.15,Pass
6167,1689129,HK161_MT1003_L01,MT1003,-13,False,,5.5,5.3,6.9,,5.7,C,2.0,True,1.91,1.91,Pass
6168,1691777,HK161_MT1003_L01,MT1003,-13,False,,8.0,8.9,9.4,,8.8,A,4.0,True,4.0,4.0,Pass
6169,1688467,HK161_MT1003_L01,MT1003,-13,False,,8.4,6.8,5.3,,6.8,C+,2.5,True,2.68,2.68,Pass
6170,1635364,HK161_MT1003_L01,MT1003,-13,False,,7.2,6.8,6.7,,6.9,C+,2.5,True,2.29,2.29,Pass
6171,1666932,HK161_MT1003_L01,MT1003,-13,False,,5.9,5.2,5.2,,5.3,D+,1.5,True,1.56,1.56,Pass
6172,1614491,HK161_MT1003_L01,MT1003,-13,False,,6.9,7.8,7.2,,7.5,B,3.0,True,3.09,3.09,Pass
6173,1638136,HK161_MT1003_L01,MT1003,-13,False,,8.0,5.4,6.5,,6.1,C,2.0,True,2.5,2.5,Pass
6174,1685426,HK161_MT1003_L01,MT1003,-13,False,,6.6,8.3,7.5,,7.8,B,3.0,True,3.18,3.18,Pass
6175,1623076,HK161_MT1003_L01,MT1003,-13,False,,8.3,6.6,7.4,,7.1,B,3.0,True,2.74,2.74,Pass
6176,1616208,HK161_MT1003_L01,MT1003,-13,False,,6.8,7.6,7.2,,7.4,B,3.0,True,3.24,3.24,Pass
6177,1609340,HK161_MT1003_L01,MT1003,-13,False,,4.6,5.8,6.8,,5.8,C,2.0,True,1.97,1.97,Pass
6178,1694673,HK161_MT1003_L01,MT1003,-13,False,,5.1,4.5,3.9,,4.5,D,1.0,True,0.58,1.0,Pass
6179,1626386,HK161_MT1003_L01,MT1003,-13,False,,6.2,6.4,5.9,,6.3,C,2.0,True,1.61,1.61,Pass
6180,1641446,HK161_MT1003_L01,MT1003,-13,False,,10.0,7.4,8.1,,8.1,B+,3.5,True,3.53,3.53,Pass
6181,1634971,HK161_MT1003_L01,MT1003,-13,False,,4.2,5.3,6.4,,5.3,D+,1.5,True,2.35,2.35,Pass
6182,1671566,HK161_MT1003_L01,MT1003,-13,False,,6.1,6.7,5.8,,6.4,C+,2.5,True,2.32,2.32,Pass
6183,1619911,HK161_MT1003_L01,MT1003,-13,False,,7.8,8.0,7.9,,7.9,B,3.0,True,3.18,3.18,Pass
6184,1609609,HK161_MT1003_L01,MT1003,-13,False,,8.7,8.6,8.0,,8.5,A,4.0,True,3.47,3.47,Pass
6185,1692956,HK161_MT1003_L01,MT1003,-13,False,,7.1,5.1,5.5,,5.6,C,2.0,True,2.03,2.03,Pass
6186,1651872,HK161_MT1003_L01,MT1003,-13,False,,6.3,5.3,7.9,,6.0,C,2.0,True,2.5,2.5,Pass
6187,1698500,HK161_MT1003_L01,MT1003,-13,False,,8.9,8.4,10.0,,8.8,A,4.0,True,3.82,3.82,Pass
6188,1601417,HK161_MT1003_L01,MT1003,-13,False,,9.6,9.4,7.8,,9.1,A,4.0,True,3.9,3.9,Pass
6189,1685695,HK161_MT1003_L01,MT1003,-13,False,,7.8,9.1,8.5,,8.7,A,4.0,True,3.74,3.74,Pass
6190,1631930,HK161_MT1003_L01,MT1003,-13,False,,5.7,6.5,6.2,,6.3,C,2.0,True,1.78,1.78,Pass
6191,1625331,HK161_MT1003_L01,MT1003,-13,False,,5.4,4.2,5.8,,4.8,D,1.0,True,1.38,1.38,Pass
6192,1637081,HK161_MT1003_L01,MT1003,-13,False,,7.5,6.9,7.6,,7.2,B,3.0,True,3.18,3.18,Pass
6193,1607623,HK161_MT1003_L01,MT1003,-13,False,,7.7,7.7,7.2,,7.6,B,3.0,True,2.53,2.53,Pass
6194,1614760,HK161_MT1003_L01,MT1003,-13,False,,6.5,5.7,6.8,,6.1,C,2.0,True,2.38,2.38,Pass
6195,1650424,HK161_MT1003_L01,MT1003,-13,False,,8.1,7.1,7.3,,7.3,B,3.0,True,3.38,3.38,Pass
6196,1663767,HK161_MT1003_L01,MT1003,-13,False,,7.3,8.3,8.5,,8.1,B+,3.5,True,3.06,3.06,Pass
6197,1683978,HK161_MT1003_L01,MT1003,-13,False,,7.1,7.7,7.3,,7.5,B,3.0,True,3.21,3.21,Pass
6198,1642894,HK161_MT1003_L01,MT1003,-13,False,,5.1,5.3,5.8,,5.4,D+,1.5,True,1.81,1.81,Pass
6199,1658885,HK161_MT1003_L01,MT1003,-13,False,,5.5,4.9,5.9,,5.2,D+,1.5,True,1.53,1.53,Pass
6200,1611843,HK161_MT1003_L01,MT1003,-13,False,,7.8,7.6,7.4,,7.6,B,3.0,True,3.41,3.41,Pass
6201,1678951,HK161_MT1003_L01,MT1003,-13,False,,6.6,6.1,6.2,,6.2,C,2.0,True,1.91,1.91,Pass
6202,1627834,HK161_MT1003_L01,MT1003,-13,False,,6.2,5.1,5.6,,5.4,D+,1.5,True,1.62,1.62,Pass
6203,1648831,HK161_MT1003_L01,MT1003,-13,False,,5.0,5.0,5.1,,5.0,D+,1.5,True,1.47,1.47,Pass
6204,1652141,HK161_MT1003_L01,MT1003,-13,False,,6.2,8.0,6.5,,7.3,B,3.0,True,2.5,2.5,Pass
6205,1634702,HK161_MT1003_L01,MT1003,-13,False,,8.9,8.6,6.7,,8.3,B+,3.5,True,3.44,3.44,Pass
6206,1639584,HK161_MT1003_L01,MT1003,-13,False,,7.7,8.4,7.3,,8.0,B+,3.5,True,3.29,3.29,Pass
6207,1657168,HK161_MT1003_L01,MT1003,-13,False,,5.3,5.8,3.7,,5.3,D+,1.5,True,1.0,1.14,Pass
6208,1655844,HK161_MT1003_L01,MT1003,-13,False,,5.7,7.8,6.5,,7.1,B,3.0,True,2.5,2.5,Pass
6209,1655575,HK161_MT1003_L01,MT1003,-13,False,,9.3,8.4,8.7,,8.6,A,4.0,True,3.74,3.74,Pass
6210,1655968,HK161_MT1003_L01,MT1003,-13,False,,9.4,8.6,8.3,,8.7,A,4.0,True,4.0,4.0,Pass
6211,1644487,HK161_MT1003_L01,MT1003,-13,False,,5.5,4.9,4.6,,5.0,D+,1.5,True,1.79,1.79,Pass
6212,1630606,HK161_MT1003_L01,MT1003,-13,False,,8.3,8.7,9.6,,8.8,A,4.0,True,3.91,3.91,Pass
6213,1627441,HK161_MT1003_L01,MT1003,-13,False,,7.1,6.2,6.7,,6.5,C+,2.5,True,2.62,2.62,Pass
6214,1611326,HK161_MT1003_L01,MT1003,-13,False,,8.8,8.1,7.8,,8.2,B+,3.5,True,3.9,3.9,Pass
6215,1603134,HK161_MT1003_L01,MT1003,-13,False,,5.9,4.7,6.0,,5.2,D+,1.5,True,1.53,1.53,Pass
6216,1676179,HK161_MT1003_L01,MT1003,-13,False,,8.5,7.4,8.5,,7.8,B,3.0,True,3.41,3.41,Pass
6217,1679489,HK161_MT1003_L01,MT1003,-13,False,,6.7,7.9,6.6,,7.4,B,3.0,True,2.91,2.91,Pass
6218,1696535,HK161_MT1003_L01,MT1003,-13,False,,6.6,5.8,6.3,,6.1,C,2.0,True,1.91,1.91,Pass
6219,1695997,HK161_MT1003_L01,MT1003,-13,False,,9.0,7.8,8.8,,8.2,B+,3.5,True,3.12,3.12,Pass
6220,1660457,HK161_MT1003_L01,MT1003,-13,False,,10.0,6.9,7.8,,7.7,B,3.0,True,2.74,2.74,Pass
6221,1695066,HK161_MT1003_L01,MT1003,-13,False,,6.7,6.6,7.5,,6.8,C+,2.5,True,2.53,2.53,Pass
6222,1643163,HK161_MT1003_L01,MT1003,-13,False,,6.8,9.4,7.4,,8.5,A,4.0,True,3.32,3.32,Pass
6223,1632323,HK161_MT1003_L01,MT1003,-13,False,,7.8,7.2,6.4,,7.2,B,3.0,True,2.65,2.65,Pass
6224,1618318,HK161_MT1003_L01,MT1003,-13,False,,7.5,5.2,5.7,,5.8,C,2.0,True,2.0,2.0,Pass
6225,1620304,HK161_MT1003_L01,MT1003,-13,False,,6.0,6.0,5.7,,5.9,C,2.0,True,2.09,2.09,Pass
6226,1698107,HK161_MT1003_L01,MT1003,-13,False,,6.6,6.5,4.6,,6.1,C,2.0,True,1.71,1.71,Pass
6227,1617263,HK161_MT1003_L01,MT1003,-13,False,,4.5,5.3,4.9,,5.1,D+,1.5,True,1.29,1.29,Pass
6228,1629282,HK161_MT1003_L01,MT1003,-13,False,,7.1,9.0,8.3,,8.5,A,4.0,True,3.5,3.5,Pass
6229,1664553,HK161_MT1003_L01,MT1003,-13,False,,8.9,7.4,8.1,,7.8,B,3.0,True,3.12,3.12,Pass
6230,1672083,HK161_MT1003_L01,MT1003,-13,False,,8.2,8.4,5.8,,7.8,B,3.0,True,3.38,3.38,Pass
6231,1602079,HK161_MT1003_L01,MT1003,-13,False,,8.9,9.3,7.6,,8.9,A,4.0,True,3.65,3.65,Pass
6232,1686088,HK161_MT1003_L01,MT1003,-13,False,,7.0,5.6,6.6,,6.1,C,2.0,True,2.08,2.08,Pass
6233,1620035,HK161_MT1003_L01,MT1003,-13,False,,5.5,4.2,4.9,,4.6,D,1.0,True,1.38,1.38,Pass
6234,1601541,HK161_MT1003_L01,MT1003,-13,False,,5.1,4.9,5.0,,5.0,D+,1.5,True,1.59,1.59,Pass
6235,1610933,HK161_MT1003_L01,MT1003,-13,False,,7.4,6.9,7.6,,7.1,B,3.0,True,2.85,2.85,Pass
6236,1693887,HK161_MT1003_L01,MT1003,-13,False,,7.7,8.6,7.8,,8.3,B+,3.5,True,3.03,3.03,Pass
6237,1676841,HK161_MT1003_L01,MT1003,-13,False,,4.3,5.5,4.3,,5.0,D+,1.5,True,1.65,1.65,Pass
6238,1673283,HK161_MT1003_L01,MT1003,-13,False,,7.1,6.1,7.2,,6.5,C+,2.5,True,2.32,2.32,Pass
6239,1695873,HK161_MT1003_L01,MT1003,-13,False,,7.4,7.4,5.5,,7.0,B,3.0,True,2.41,2.41,Pass
6240,1655451,HK161_MT1003_L01,MT1003,-13,False,,6.0,6.1,7.0,,6.3,C,2.0,True,2.68,2.68,Pass
6241,1649493,HK161_MT1003_L01,MT1003,-13,False,,7.4,9.1,8.1,,8.6,A,4.0,True,3.59,3.59,Pass
6242,1694942,HK161_MT1003_L01,MT1003,-13,False,,6.6,5.6,7.4,,6.2,C,2.0,True,2.68,2.68,Pass
6243,1603796,HK161_MT1003_L01,MT1003,-13,False,,8.0,8.0,7.6,,7.9,B,3.0,True,3.29,3.29,Pass
6244,1643680,HK161_MT1003_L01,MT1003,-13,False,,9.3,8.7,7.7,,8.6,A,4.0,True,3.53,3.53,Pass
6245,1654520,HK161_MT1003_L01,MT1003,-13,False,,6.1,5.0,5.7,,5.4,D+,1.5,True,1.5,1.5,Pass
6246,1627172,HK161_MT1003_L01,MT1003,-13,False,,7.1,7.2,7.4,,7.2,B,3.0,True,3.03,3.03,Pass
6247,1670242,HK161_MT1003_L01,MT1003,-13,False,,8.6,8.6,7.6,,8.4,B+,3.5,True,3.53,3.53,Pass
6248,1601024,HK161_MT1003_L01,MT1003,-13,False,,8.2,9.1,7.7,,8.6,A,4.0,True,3.82,3.82,Pass
6249,1686750,HK161_MT1003_L01,MT1003,-13,False,,7.8,8.7,7.1,,8.2,B+,3.5,True,3.03,3.03,Pass
6250,1622683,HK161_MT1003_L01,MT1003,-13,False,,6.8,6.4,6.9,,6.6,C+,2.5,True,2.53,2.53,Pass
6251,1685033,HK161_MT1003_L01,MT1003,-13,False,,8.7,8.2,7.8,,8.2,B+,3.5,True,3.44,3.44,Pass
6252,1665753,HK161_MT1003_L01,MT1003,-13,False,,6.7,6.7,7.0,,6.8,C+,2.5,True,2.62,2.62,Pass
6253,1653858,HK161_MT1003_L01,MT1003,-13,False,,5.2,5.1,6.3,,5.4,D+,1.5,True,1.53,1.53,Pass
6254,1669973,HK161_MT1003_L01,MT1003,-13,False,,7.4,7.4,9.2,,7.8,B,3.0,True,3.21,3.21,Pass
6255,1626779,HK161_MT1003_L01,MT1003,-13,False,,8.6,7.8,9.3,,8.3,B+,3.5,True,3.41,3.41,Pass
6256,1660064,HK161_MT1003_L01,MT1003,-13,False,,7.2,8.0,8.6,,8.0,B+,3.5,True,3.21,3.21,Pass
6257,1609216,HK161_MT1003_L01,MT1003,-13,False,,6.7,7.4,8.1,,7.4,B,3.0,True,3.12,3.12,Pass
6258,1694549,HK161_MT1003_L01,MT1003,-13,False,,8.7,9.0,8.6,,8.9,A,4.0,True,4.0,4.0,Pass
6259,1648438,HK161_MT1003_L01,MT1003,-13,False,,6.7,6.3,6.1,,6.3,C,2.0,True,2.09,2.09,Pass
6260,1667987,HK161_MT1003_L01,MT1003,-13,False,,9.8,8.9,8.4,,9.0,A,4.0,True,3.74,3.74,Pass
6261,1614884,HK161_MT1003_L01,MT1003,-13,False,,7.9,8.0,6.5,,7.7,B,3.0,True,3.21,3.21,Pass
6262,1639067,HK161_MT1003_L01,MT1003,-13,False,,8.0,8.0,7.2,,7.8,B,3.0,True,3.29,3.29,Pass
6263,1600093,HK161_MT1003_L01,MT1003,-13,False,,8.5,7.2,7.1,,7.4,B,3.0,True,3.18,3.18,Pass
6264,1638674,HK161_MT1003_L01,MT1003,-13,False,,4.8,5.5,6.6,,5.6,C,2.0,True,1.55,1.55,Pass
6265,1672228,HK161_MT1003_L01,MT1003,-13,False,,6.7,6.1,5.9,,6.2,C,2.0,True,2.09,2.09,Pass
6266,1605906,HK161_MT1003_L01,MT1003,-13,False,,7.1,6.4,6.8,,6.6,C+,2.5,True,2.79,2.79,Pass
6267,1625993,HK161_MT1003_L01,MT1003,-13,False,,7.1,6.8,6.1,,6.7,C+,2.5,True,2.88,2.88,Pass
6268,1642108,HK161_MT1003_L01,MT1003,-13,False,,7.3,7.0,8.5,,7.4,B,3.0,True,3.29,3.29,Pass
6269,1657023,HK161_MT1003_L01,MT1003,-13,False,,4.0,6.4,7.1,,6.1,C,2.0,True,1.75,1.75,Pass
6270,1666270,HK161_MT1003_L01,MT1003,-13,False,,9.6,7.9,7.5,,8.2,B+,3.5,True,2.62,2.62,Pass
6271,1604851,HK161_MT1003_L01,MT1003,-13,False,,8.1,7.8,7.8,,7.9,B,3.0,True,3.26,3.26,Pass
6272,1686481,HK161_MT1003_L01,MT1003,-13,False,,6.4,5.9,6.0,,6.0,C,2.0,True,2.09,2.09,Pass
6273,1615277,HK161_MT1003_L01,MT1003,-13,False,,7.6,5.1,5.7,,5.7,C,2.0,True,2.29,2.29,Pass
6274,1676448,HK161_MT1003_L01,MT1003,-13,False,,5.5,5.3,7.2,,5.7,C,2.0,True,2.35,2.35,Pass
6275,1627565,HK161_MT1003_L01,MT1003,-13,False,,5.5,5.8,6.3,,5.8,C,2.0,True,2.41,2.41,Pass
6276,1641301,HK161_MT1003_L01,MT1003,-13,False,,6.1,4.5,4.9,,4.9,D,1.0,True,1.56,1.56,Pass
6277,1602741,HK161_MT1003_L01,MT1003,-13,False,,7.6,7.7,7.9,,7.7,B,3.0,True,3.26,3.26,Pass
6278,1617656,HK161_MT1003_L01,MT1003,-13,False,,7.9,8.1,7.5,,7.9,B,3.0,True,3.15,3.15,Pass
6279,1652410,HK161_MT1003_L02,MT1003,-13,False,,9.8,9.1,8.6,,9.1,A,4.0,True,3.41,3.41,Pass
6280,1606299,HK161_MT1003_L02,MT1003,-13,False,,5.4,7.1,5.0,,6.3,C,2.0,True,1.91,1.91,Pass
6281,1644611,HK161_MT1003_L02,MT1003,-13,False,,6.4,7.9,7.0,,7.4,B,3.0,True,3.18,3.18,Pass
6282,1659940,HK161_MT1003_L02,MT1003,-13,False,,8.2,9.6,9.8,,9.4,A,4.0,True,3.91,3.91,Pass
6283,1638529,HK161_MT1003_L02,MT1003,-13,False,,8.3,9.1,9.7,,9.1,A,4.0,True,4.0,4.0,Pass
6284,1689005,HK161_MT1003_L02,MT1003,-13,False,,6.5,7.5,6.8,,7.2,B,3.0,True,2.47,2.47,Pass
6285,1604582,HK161_MT1003_L02,MT1003,-13,False,,7.2,9.9,8.0,,9.0,A,4.0,True,3.53,3.53,Pass
6286,1629158,HK161_MT1003_L02,MT1003,-13,False,,6.1,7.5,4.5,,6.6,C+,2.5,True,2.62,2.62,Pass
6287,1654251,HK161_MT1003_L02,MT1003,-13,False,,6.2,7.5,7.7,,7.3,B,3.0,True,2.82,2.82,Pass
6288,1618587,HK161_MT1003_L02,MT1003,-13,False,,7.0,5.5,5.9,,5.9,C,2.0,True,1.74,1.74,Pass
6289,1674069,HK161_MT1003_L02,MT1003,-13,False,,5.3,7.4,5.5,,6.6,C+,2.5,True,2.41,2.41,Pass
6290,1658740,HK161_MT1003_L02,MT1003,-13,False,,5.9,6.7,6.9,,6.6,C+,2.5,True,2.97,2.97,Pass
6291,1692170,HK161_MT1003_L02,MT1003,-13,False,,6.7,7.1,6.9,,7.0,B,3.0,True,3.12,3.12,Pass
6292,1668525,HK161_MT1003_L02,MT1003,-13,False,,9.2,8.3,8.3,,8.5,A,4.0,True,3.5,3.5,Pass
6293,1664822,HK161_MT1003_L02,MT1003,-13,False,,6.9,7.9,8.8,,7.9,B,3.0,True,3.09,3.09,Pass
6294,1688343,HK161_MT1003_L02,MT1003,-13,False,,8.1,9.1,8.6,,8.8,A,4.0,True,3.47,3.47,Pass
6295,1652927,HK161_MT1003_L02,MT1003,-13,False,,7.5,7.1,6.6,,7.1,B,3.0,True,2.5,2.5,Pass
6296,1615546,HK161_MT1003_L02,MT1003,-13,False,,7.5,5.1,8.4,,6.2,C,2.0,True,3.06,3.06,Pass
6297,1659009,HK161_MT1003_L02,MT1003,-13,False,,5.9,7.2,7.4,,7.0,B,3.0,True,3.0,3.0,Pass
6298,1661657,HK161_MT1003_L02,MT1003,-13,False,,9.4,7.7,7.9,,8.1,B+,3.5,True,3.21,3.21,Pass
6299,1625455,HK161_MT1003_L02,MT1003,-13,False,,7.7,6.8,6.3,,6.9,C+,2.5,True,2.5,2.5,Pass
6300,1687288,HK161_MT1003_L02,MT1003,-13,False,,8.5,8.0,7.5,,8.0,B+,3.5,True,3.71,3.71,Pass
6301,1605782,HK161_MT1003_L02,MT1003,-13,False,,6.4,6.7,6.1,,6.5,C+,2.5,True,2.53,2.53,Pass
6302,1622021,HK161_MT1003_L02,MT1003,-13,False,,7.5,6.6,8.6,,7.2,B,3.0,True,3.26,3.26,Pass
6303,1601686,HK161_MT1003_L02,MT1003,-13,False,,6.1,7.4,5.5,,6.8,C+,2.5,True,1.94,1.94,Pass
6304,1600486,HK161_MT1003_L02,MT1003,-13,False,,5.2,5.8,5.1,,5.5,C,2.0,True,1.71,1.71,Pass
6305,1634578,HK161_MT1003_L02,MT1003,-13,False,,8.2,10.0,9.0,,9.4,A,4.0,True,3.65,3.65,Pass
6306,1697321,HK161_MT1003_L02,MT1003,-13,False,,6.5,5.8,5.7,,5.9,C,2.0,True,2.38,2.38,Pass
6307,1645666,HK161_MT1003_L02,MT1003,-13,False,,7.7,8.7,7.5,,8.3,B+,3.5,True,3.29,3.29,Pass
6308,1677772,HK161_MT1003_L02,MT1003,-13,False,,6.4,7.3,6.4,,6.9,C+,2.5,True,2.97,2.97,Pass
6309,1606568,HK161_MT1003_L02,MT1003,-13,False,,7.9,8.1,9.1,,8.3,B+,3.5,True,3.29,3.29,Pass
6310,1604458,HK161_MT1003_L02,MT1003,-13,False,,5.1,6.1,5.8,,5.8,C,2.0,True,2.18,2.18,Pass
6311,1668918,HK161_MT1003_L02,MT1003,-13,False,,8.0,7.5,7.1,,7.5,B,3.0,True,3.18,3.18,Pass
6312,1640784,HK161_MT1003_L02,MT1003,-13,False,,6.3,8.3,6.0,,7.4,B,3.0,True,2.56,2.56,Pass
6313,1652534,HK161_MT1003_L02,MT1003,-13,False,,6.3,5.8,7.4,,6.2,C,2.0,True,2.18,2.18,Pass
6314,1653589,HK161_MT1003_L02,MT1003,-13,False,,6.2,8.2,7.7,,7.7,B,3.0,True,3.0,3.0,Pass
6315,1682385,HK161_MT1003_L02,MT1003,-13,False,,8.5,7.4,7.7,,7.7,B,3.0,True,3.09,3.09,Pass
6316,1648045,HK161_MT1003_L02,MT1003,-13,False,,7.1,7.4,7.8,,7.4,B,3.0,True,3.0,3.0,Pass
6317,1639191,HK161_MT1003_L02,MT1003,-13,False,,7.7,8.3,7.7,,8.1,B+,3.5,True,3.38,3.38,Pass
6318,1693225,HK161_MT1003_L02,MT1003,-13,False,,8.9,8.4,8.2,,8.5,A,4.0,True,3.32,3.32,Pass
6319,1622290,HK161_MT1003_L02,MT1003,-13,False,,7.8,7.7,7.1,,7.6,B,3.0,True,3.18,3.18,Pass
6320,1628496,HK161_MT1003_L02,MT1003,-13,False,,7.4,8.1,8.2,,8.0,B+,3.5,True,3.12,3.12,Pass
6321,1667470,HK161_MT1003_L02,MT1003,-13,False,,7.3,7.6,8.1,,7.6,B,3.0,True,3.47,3.47,Pass
6322,1623345,HK161_MT1003_L02,MT1003,-13,False,,5.9,7.8,7.0,,7.3,B,3.0,True,3.12,3.12,Pass
6323,1651479,HK161_MT1003_L02,MT1003,-13,False,,8.0,8.4,7.4,,8.1,B+,3.5,True,3.03,3.03,Pass
6324,1683585,HK161_MT1003_L02,MT1003,-13,False,,8.3,7.0,7.6,,7.4,B,3.0,True,3.09,3.09,Pass
6325,1674855,HK161_MT1003_L02,MT1003,-13,False,,6.0,5.9,5.5,,5.8,C,2.0,True,2.06,2.06,Pass
6326,1632199,HK161_MT1003_L02,MT1003,-13,False,,8.6,7.7,10.0,,8.3,B+,3.5,True,3.32,3.32,Pass
6327,1656361,HK161_MT1003_L02,MT1003,-13,False,,8.9,8.3,10.0,,8.8,A,4.0,True,3.83,3.83,Pass
6328,1688074,HK161_MT1003_L02,MT1003,-13,False,,5.9,5.4,5.0,,5.4,D+,1.5,True,2.09,2.09,Pass
6329,1635757,HK161_MT1003_L02,MT1003,-13,False,,7.9,8.3,7.1,,8.0,B+,3.5,True,3.32,3.32,Pass
6330,1640391,HK161_MT1003_L02,MT1003,-13,False,,6.4,6.3,7.0,,6.5,C+,2.5,True,2.32,2.32,Pass
6331,1697445,HK161_MT1003_L02,MT1003,-13,False,,7.9,8.0,6.7,,7.7,B,3.0,True,3.12,3.12,Pass
6332,1636957,HK161_MT1003_L02,MT1003,-13,False,,9.3,9.2,9.4,,9.3,A,4.0,True,3.56,3.56,Pass
6333,1626510,HK161_MT1003_L02,MT1003,-13,False,,8.1,8.6,7.5,,8.3,B+,3.5,True,3.38,3.38,Pass
6334,1683192,HK161_MT1003_L02,MT1003,-13,False,,6.2,5.7,6.7,,6.0,C,2.0,True,2.21,2.21,Pass
6335,1666415,HK161_MT1003_L02,MT1003,-13,False,,8.1,8.9,8.0,,8.6,A,4.0,True,3.32,3.32,Pass
6336,1685819,HK161_MT1003_L02,MT1003,-13,False,,8.6,9.0,9.9,,9.1,A,4.0,True,3.62,3.62,Pass
6337,1691239,HK161_MT1003_L02,MT1003,-13,False,,5.9,6.5,4.6,,6.0,C,2.0,True,2.0,2.0,Pass
6338,1625186,HK161_MT1003_L02,MT1003,-13,False,,6.1,7.1,7.0,,6.9,C+,2.5,True,2.55,2.55,Pass
6339,1676717,HK161_MT1003_L02,MT1003,-13,False,,10.0,8.3,7.9,,8.6,A,4.0,True,3.41,3.41,Pass
6340,1610788,HK161_MT1003_L02,MT1003,-13,False,,8.4,9.0,7.7,,8.6,A,4.0,True,3.24,3.24,Pass
6341,1642770,HK161_MT1003_L02,MT1003,-13,False,,5.0,6.4,7.1,,6.3,C,2.0,True,2.41,2.41,Pass
6342,1651355,HK161_MT1003_L02,MT1003,-13,False,,7.2,6.8,6.0,,6.7,C+,2.5,True,2.71,2.71,Pass
6343,1662174,HK161_MT1003_L02,MT1003,-13,False,,7.0,7.1,6.4,,6.9,C+,2.5,True,2.56,2.56,Pass
6344,1610271,HK161_MT1003_L02,MT1003,-13,False,,8.0,6.9,8.5,,7.4,B,3.0,True,3.15,3.15,Pass
6345,1603527,HK161_MT1003_L02,MT1003,-13,False,,8.6,6.8,7.5,,7.3,B,3.0,True,2.62,2.62,Pass
6346,1648976,HK161_MT1003_L02,MT1003,-13,False,,6.7,7.2,7.7,,7.2,B,3.0,True,2.65,2.65,Pass
6347,1616477,HK161_MT1003_L02,MT1003,-13,False,,6.6,5.7,5.0,,5.7,C,2.0,True,2.29,2.29,Pass
6348,1696266,HK161_MT1003_L02,MT1003,-13,False,,6.8,6.2,7.2,,6.5,C+,2.5,True,2.32,2.32,Pass
6349,1613705,HK161_MT1003_L02,MT1003,-13,False,,5.4,4.1,7.5,,5.0,D+,1.5,True,1.79,1.79,Pass
6350,1620966,HK161_MT1003_L02,MT1003,-13,False,,5.7,4.5,5.7,,5.0,D+,1.5,True,1.75,1.75,Pass
6351,1673138,HK161_MT1003_L02,MT1003,-13,False,,7.7,8.1,7.9,,8.0,B+,3.5,True,3.62,3.62,Pass
6352,1625724,HK161_MT1003_L02,MT1003,-13,False,,9.4,9.4,10.0,,9.5,A+,4.0,True,4.0,4.0,Pass
6353,1636295,HK161_MT1003_L02,MT1003,-13,False,,5.5,6.8,7.6,,6.7,C+,2.5,True,2.56,2.56,Pass
6354,1687536,HK161_MT1003_L02,MT1003,-13,False,,7.1,8.0,7.5,,7.7,B,3.0,True,3.0,3.0,Pass
6355,1634309,HK161_MT1003_L02,MT1003,-13,False,,10.0,8.4,9.9,,9.0,A,4.0,True,4.0,4.0,Pass
6356,1646328,HK161_MT1003_L02,MT1003,-13,False,,6.2,8.5,7.9,,7.9,B,3.0,True,3.29,3.29,Pass
6357,1665091,HK161_MT1003_L02,MT1003,-13,False,,7.5,6.7,8.1,,7.1,B,3.0,True,3.26,3.26,Pass
6358,1623614,HK161_MT1003_L02,MT1003,-13,False,,8.8,8.6,7.0,,8.3,B+,3.5,True,3.12,3.12,Pass
6359,1613560,HK161_MT1003_L02,MT1003,-13,False,,7.3,8.1,7.3,,7.8,B,3.0,True,3.06,3.06,Pass
6360,1645273,HK161_MT1003_L02,MT1003,-13,False,,6.8,6.6,7.5,,6.8,C+,2.5,True,2.29,2.29,Pass
6361,1686626,HK161_MT1003_L02,MT1003,-13,False,,4.7,4.4,6.1,,4.8,D,1.0,True,1.56,1.56,Pass
6362,1648707,HK161_MT1003_L02,MT1003,-13,False,,7.5,7.3,7.8,,7.4,B,3.0,True,3.12,3.12,Pass
6363,1633523,HK161_MT1003_L02,MT1003,-13,False,,8.2,8.3,8.7,,8.4,B+,3.5,True,3.12,3.12,Pass
6364,1611719,HK161_MT1003_L02,MT1003,-13,False,,6.9,7.8,7.8,,7.6,B,3.0,True,3.18,3.18,Pass
6365,1617532,HK161_MT1003_L02,MT1003,-13,False,,5.0,5.5,5.5,,5.4,D+,1.5,True,1.71,1.71,Pass
6366,1678434,HK161_MT1003_L02,MT1003,-13,False,,8.3,7.7,7.5,,7.8,B,3.0,True,3.29,3.29,Pass
6367,1672745,HK161_MT1003_L02,MT1003,-13,False,,8.3,10.0,8.7,,9.4,A,4.0,True,3.47,3.47,Pass
6368,1633378,HK161_MT1003_L02,MT1003,-13,False,,7.3,8.9,7.3,,8.3,B+,3.5,True,3.53,3.53,Pass
6369,1659671,HK161_MT1003_L02,MT1003,-13,False,,6.5,8.1,7.8,,7.7,B,3.0,True,3.59,3.59,Pass
6370,1615153,HK161_MT1003_L02,MT1003,-13,False,,5.8,6.1,6.5,,6.1,C,2.0,True,2.47,2.47,Pass
6371,1641839,HK161_MT1003_L02,MT1003,-13,False,,8.3,8.0,7.7,,8.0,B+,3.5,True,3.24,3.24,Pass
6372,1662319,HK161_MT1003_L02,MT1003,-13,False,,8.2,8.8,7.3,,8.4,B+,3.5,True,3.29,3.29,Pass
6373,1691508,HK161_MT1003_L02,MT1003,-13,False,,5.9,7.0,7.6,,6.9,C+,2.5,True,2.21,2.21,Pass
6374,1690722,HK161_MT1003_L02,MT1003,-13,False,,6.9,5.7,8.4,,6.5,C+,2.5,True,2.53,2.53,Pass
6375,1661388,HK161_MT1003_L02,MT1003,-13,False,,4.2,4.6,6.2,,4.8,D,1.0,True,1.68,1.68,Pass
6376,1645542,HK161_MT1003_L02,MT1003,-13,False,,3.2,6.1,3.1,,4.9,D,1.0,True,1.76,1.76,Pass
6377,1634433,HK161_MT1003_L02,MT1003,-13,False,,5.9,6.1,7.1,,6.3,C,2.0,True,2.29,2.29,Pass
6378,1684764,HK161_MT1003_L02,MT1003,-13,False,,4.8,5.1,4.6,,4.9,D,1.0,True,1.44,1.44,Pass
6379,1673407,HK161_MT1003_L02,MT1003,-13,False,,5.2,5.3,6.2,,5.5,C,2.0,True,1.82,1.82,Pass
6380,1609071,HK161_MT1003_L02,MT1003,-13,False,,7.3,6.8,6.1,,6.8,C+,2.5,True,2.97,2.97,Pass
6381,1677379,HK161_MT1003_L02,MT1003,-13,False,,4.8,6.3,4.7,,5.7,C,2.0,True,1.68,1.68,Pass
6382,1627710,HK161_MT1003_L02,MT1003,-13,False,,7.5,8.4,6.7,,7.9,B,3.0,True,3.41,3.41,Pass
6383,1613829,HK161_MT1003_L02,MT1003,-13,False,,6.9,7.7,7.5,,7.5,B,3.0,True,2.62,2.62,Pass
6384,1682261,HK161_MT1003_L02,MT1003,-13,False,,8.1,6.5,5.6,,6.6,C+,2.5,True,2.24,2.24,Pass
6385,1673945,HK161_MT1003_L02,MT1003,-13,False,,6.9,8.1,8.4,,7.9,B,3.0,True,3.29,3.29,Pass
6386,1679096,HK161_MT1003_L02,MT1003,-13,False,,7.3,6.9,7.9,,7.2,B,3.0,True,2.82,2.82,Pass
6387,1602865,HK161_MT1003_L02,MT1003,-13,False,,6.8,6.5,5.7,,6.4,C+,2.5,True,2.06,2.06,Pass
6388,1648314,HK161_MT1003_L02,MT1003,-13,False,,7.3,9.1,7.2,,8.4,B+,3.5,True,3.38,3.38,Pass
6389,1655306,HK161_MT1003_L02,MT1003,-13,False,,6.7,5.9,7.1,,6.3,C,2.0,True,2.59,2.59,Pass
6390,1612650,HK161_MT1003_L02,MT1003,-13,False,,7.7,9.7,7.6,,8.9,A,4.0,True,3.82,3.82,Pass
6391,1675124,HK161_MT1003_L02,MT1003,-13,False,,5.4,7.8,6.2,,7.0,B,3.0,True,2.06,2.06,Pass
6392,1688860,HK161_MT1003_L02,MT1003,-13,False,,8.0,6.7,8.7,,7.4,B,3.0,True,2.15,2.15,Pass
6393,1640515,HK161_MT1003_L02,MT1003,-13,False,,7.0,4.7,6.4,,5.5,C,2.0,True,1.76,1.76,Pass
6394,1651086,HK161_MT1003_L02,MT1003,-13,False,,7.9,7.5,7.1,,7.5,B,3.0,True,2.62,2.62,Pass
6395,1663498,HK161_MT1003_L02,MT1003,-13,False,,5.6,6.3,6.6,,6.2,C,2.0,True,2.26,2.26,Pass
6396,1650031,HK161_MT1003_L02,MT1003,-13,False,,6.5,6.6,7.8,,6.8,C+,2.5,True,3.15,3.15,Pass
6397,1618980,HK161_MT1003_L02,MT1003,-13,False,,9.0,8.1,7.4,,8.1,B+,3.5,True,3.38,3.38,Pass
6398,1632592,HK161_MT1003_L02,MT1003,-13,False,,7.1,6.3,6.4,,6.5,C+,2.5,True,2.38,2.38,Pass
6399,1689915,HK161_MT1003_L03,MT1003,-13,False,,6.7,8.0,7.8,,7.7,B,3.0,True,2.65,2.65,Pass
6400,1661781,HK161_MT1003_L03,MT1003,-13,False,,5.2,4.7,6.3,,5.1,D+,1.5,True,1.68,1.68,Pass
6401,1688198,HK161_MT1003_L03,MT1003,-13,False,,7.3,7.1,7.8,,7.3,B,3.0,True,2.62,2.62,Pass
6402,1622952,HK161_MT1003_L03,MT1003,-13,False,,5.4,5.8,6.9,,5.9,C,2.0,True,1.79,1.79,Pass
6403,1649100,HK161_MT1003_L03,MT1003,-13,False,,7.1,7.8,8.5,,7.8,B,3.0,True,3.15,3.15,Pass
6404,1664160,HK161_MT1003_L03,MT1003,-13,False,,7.9,7.7,6.7,,7.5,B,3.0,True,3.5,3.5,Pass
6405,1612505,HK161_MT1003_L03,MT1003,-13,False,,6.5,6.4,7.0,,6.5,C+,2.5,True,3.06,3.06,Pass
6406,1635240,HK161_MT1003_L03,MT1003,-13,False,,7.8,6.6,5.5,,6.6,C+,2.5,True,2.03,2.03,Pass
6407,1607892,HK161_MT1003_L03,MT1003,-13,False,,6.9,9.1,9.0,,8.6,A,4.0,True,3.44,3.44,Pass
6408,1650817,HK161_MT1003_L03,MT1003,-13,False,,8.3,9.5,7.6,,8.9,A,4.0,True,3.41,3.41,Pass
6409,1627048,HK161_MT1003_L03,MT1003,-13,False,,7.4,8.5,6.2,,7.8,B,3.0,True,2.82,2.82,Pass
6410,1667325,HK161_MT1003_L03,MT1003,-13,False,,7.3,8.8,6.8,,8.1,B+,3.5,True,3.41,3.41,Pass
6411,1612112,HK161_MT1003_L03,MT1003,-13,False,,6.9,8.2,7.5,,7.8,B,3.0,True,2.29,2.29,Pass
6412,1610664,HK161_MT1003_L03,MT1003,-13,False,,8.0,8.7,8.4,,8.5,A,4.0,True,3.24,3.24,Pass
6413,1647776,HK161_MT1003_L03,MT1003,-13,False,,3.1,5.1,4.1,,4.5,D,1.0,True,1.26,1.26,Pass
6414,1619642,HK161_MT1003_L03,MT1003,-13,False,,8.8,8.1,8.7,,8.4,B+,3.5,True,3.24,3.24,Pass
6415,1621090,HK161_MT1003_L03,MT1003,-13,False,,5.0,5.4,4.1,,5.1,D+,1.5,True,1.68,1.68,Pass
6416,1669187,HK161_MT1003_L03,MT1003,-13,False,,8.5,8.5,7.4,,8.3,B+,3.5,True,3.29,3.29,Pass
6417,1652265,HK161_MT1003_L03,MT1003,-13,False,,6.4,7.3,7.5,,7.2,B,3.0,True,2.74,2.74,Pass
6418,1697714,HK161_MT1003_L03,MT1003,-13,False,,7.4,6.6,6.7,,6.8,C+,2.5,True,2.68,2.68,Pass
6419,1655182,HK161_MT1003_L03,MT1003,-13,False,,5.9,7.0,8.0,,7.0,B,3.0,True,3.09,3.09,Pass
6420,1605513,HK161_MT1003_L03,MT1003,-13,False,,8.0,8.5,7.4,,8.2,B+,3.5,True,3.21,3.21,Pass
6421,1629820,HK161_MT1003_L03,MT1003,-13,False,,6.4,6.7,6.2,,6.5,C+,2.5,True,2.32,2.32,Pass
6422,1605637,HK161_MT1003_L03,MT1003,-13,False,,7.1,5.9,6.5,,6.3,C,2.0,True,2.18,2.18,Pass
6423,1662836,HK161_MT1003_L03,MT1003,-13,False,,6.4,5.9,6.2,,6.1,C,2.0,True,2.21,2.21,Pass
6424,1600879,HK161_MT1003_L03,MT1003,-13,False,,8.5,8.7,8.0,,8.5,A,4.0,True,3.44,3.44,Pass
6425,1611988,HK161_MT1003_L03,MT1003,-13,False,,7.5,5.9,6.3,,6.3,C,2.0,True,1.88,1.88,Pass
6426,1654913,HK161_MT1003_L03,MT1003,-13,False,,8.5,9.3,8.7,,9.0,A,4.0,True,3.91,3.91,Pass
6427,1615939,HK161_MT1003_L03,MT1003,-13,False,,7.1,6.2,6.8,,6.5,C+,2.5,True,2.59,2.59,Pass
6428,1695335,HK161_MT1003_L03,MT1003,-13,False,,8.5,7.8,9.2,,8.2,B+,3.5,True,3.71,3.71,Pass
6429,1699969,HK161_MT1003_L03,MT1003,-13,False,,8.5,8.5,7.4,,8.3,B+,3.5,True,3.12,3.12,Pass
6430,1662050,HK161_MT1003_L03,MT1003,-13,False,,8.0,8.8,7.4,,8.4,B+,3.5,True,3.29,3.29,Pass
6431,1698769,HK161_MT1003_L03,MT1003,-13,False,,6.0,5.8,6.6,,6.0,C,2.0,True,2.18,2.18,Pass
6432,1682923,HK161_MT1003_L03,MT1003,-13,False,,8.5,8.6,8.6,,8.6,A,4.0,True,3.62,3.62,Pass
6433,1676055,HK161_MT1003_L03,MT1003,-13,False,,6.5,8.7,6.4,,7.8,B,3.0,True,2.74,2.74,Pass
6434,1629551,HK161_MT1003_L03,MT1003,-13,False,,7.7,6.8,6.9,,7.0,B,3.0,True,2.56,2.56,Pass
6435,1690453,HK161_MT1003_L03,MT1003,-13,False,,8.1,9.0,8.8,,8.8,A,4.0,True,3.32,3.32,Pass
6436,1641963,HK161_MT1003_L03,MT1003,-13,False,,5.6,7.0,5.4,,6.4,C+,2.5,True,2.47,2.47,Pass
6437,1624131,HK161_MT1003_L03,MT1003,-13,False,,6.3,5.4,5.8,,5.7,C,2.0,True,1.91,1.91,Pass
6438,1621897,HK161_MT1003_L03,MT1003,-13,False,,8.8,8.2,7.6,,8.2,B+,3.5,True,3.32,3.32,Pass
6439,1603258,HK161_MT1003_L03,MT1003,-13,False,,6.8,7.9,8.2,,7.7,B,3.0,True,3.26,3.26,Pass
6440,1606175,HK161_MT1003_L03,MT1003,-13,False,,6.5,7.3,6.4,,7.0,B,3.0,True,2.65,2.65,Pass
6441,1644880,HK161_MT1003_L03,MT1003,-13,False,,5.8,5.4,6.9,,5.8,C,2.0,True,2.47,2.47,Pass
6442,1679882,HK161_MT1003_L03,MT1003,-13,False,,8.2,8.4,7.8,,8.2,B+,3.5,True,3.53,3.53,Pass
6443,1665484,HK161_MT1003_L03,MT1003,-13,False,,5.5,6.6,5.7,,6.2,C,2.0,True,2.03,2.03,Pass
6444,1637474,HK161_MT1003_L03,MT1003,-13,False,,8.6,7.0,7.4,,7.4,B,3.0,True,3.09,3.09,Pass
6445,1674338,HK161_MT1003_L03,MT1003,-13,False,,5.7,5.6,6.0,,5.7,C,2.0,True,1.85,1.85,Pass
6446,1625848,HK161_MT1003_L03,MT1003,-13,False,,7.5,8.6,8.1,,8.3,B+,3.5,True,3.41,3.41,Pass
6447,1662981,HK161_MT1003_L03,MT1003,-13,False,,5.8,5.6,7.0,,5.9,C,2.0,True,1.94,1.94,Pass
6448,1675786,HK161_MT1003_L03,MT1003,-13,False,,7.1,7.0,8.8,,7.4,B,3.0,True,2.94,2.94,Pass
6449,1649369,HK161_MT1003_L03,MT1003,-13,False,,8.4,8.4,8.4,,8.4,B+,3.5,True,3.71,3.71,Pass
6450,1614367,HK161_MT1003_L03,MT1003,-13,False,,5.9,6.5,7.1,,6.5,C+,2.5,True,2.32,2.32,Pass
6451,1678289,HK161_MT1003_L03,MT1003,-13,False,,8.6,8.3,7.9,,8.3,B+,3.5,True,3.03,3.03,Pass
6452,1680006,HK161_MT1003_L03,MT1003,-13,False,,6.6,5.7,5.7,,5.9,C,2.0,True,2.29,2.29,Pass
6453,1684371,HK161_MT1003_L03,MT1003,-13,False,,6.0,5.7,7.0,,6.0,C,2.0,True,1.88,1.88,Pass
6454,1663891,HK161_MT1003_L03,MT1003,-13,False,,7.4,8.9,5.8,,8.0,B+,3.5,True,3.32,3.32,Pass
6455,1616601,HK161_MT1003_L03,MT1003,-13,False,,5.9,5.1,5.9,,5.4,D+,1.5,True,2.06,2.06,Pass
6456,1628103,HK161_MT1003_L03,MT1003,-13,False,,6.0,6.9,7.6,,6.9,C+,2.5,True,3.09,3.09,Pass
6457,1613436,HK161_MT1003_L03,MT1003,-13,False,,5.1,7.0,5.7,,6.4,C+,2.5,True,2.47,2.47,Pass
6458,1664036,HK161_MT1003_L03,MT1003,-13,False,,4.9,6.5,7.6,,6.4,C+,2.5,True,2.35,2.35,Pass
6459,1635633,HK161_MT1003_L03,MT1003,-13,False,,7.7,9.9,7.7,,9.0,A,4.0,True,3.38,3.38,Pass
6460,1609733,HK161_MT1003_L03,MT1003,-13,False,,7.7,7.8,8.8,,8.0,B+,3.5,True,3.32,3.32,Pass
6461,1647259,HK161_MT1003_L03,MT1003,-13,False,,5.9,6.5,6.5,,6.4,C+,2.5,True,2.47,2.47,Pass
6462,1696928,HK161_MT1003_L03,MT1003,-13,False,,7.9,8.0,7.1,,7.8,B,3.0,True,3.0,3.0,Pass
6463,1640246,HK161_MT1003_L03,MT1003,-13,False,,8.5,7.2,7.0,,7.4,B,3.0,True,3.18,3.18,Pass
6464,1675000,HK161_MT1003_L03,MT1003,-13,False,,7.8,7.8,6.6,,7.6,B,3.0,True,2.79,2.79,Pass
6465,1669311,HK161_MT1003_L03,MT1003,-13,False,,8.6,8.3,10.0,,8.7,A,4.0,True,3.24,3.24,Pass
6466,1615422,HK161_MT1003_L03,MT1003,-13,False,,6.8,7.0,6.9,,6.9,C+,2.5,True,2.53,2.53,Pass
6467,1657292,HK161_MT1003_L03,MT1003,-13,False,,7.5,7.2,7.8,,7.4,B,3.0,True,3.09,3.09,Pass
6468,1681206,HK161_MT1003_L03,MT1003,-13,False,,9.1,8.2,8.4,,8.4,B+,3.5,True,3.41,3.41,Pass
6469,1649762,HK161_MT1003_L03,MT1003,-13,False,,6.9,7.2,6.8,,7.1,B,3.0,True,2.76,2.76,Pass
6470,1631661,HK161_MT1003_L03,MT1003,-13,False,,6.2,7.2,7.3,,7.0,B,3.0,True,2.74,2.74,Pass
6471,1696390,HK161_MT1003_L03,MT1003,-13,False,,6.0,7.2,6.5,,6.8,C+,2.5,True,2.56,2.56,Pass
6472,1687412,HK161_MT1003_L03,MT1003,-13,False,,6.4,8.3,7.3,,7.7,B,3.0,True,3.0,3.0,Pass
6473,1670904,HK161_MT1003_L03,MT1003,-13,False,,7.1,8.2,7.2,,7.8,B,3.0,True,3.18,3.18,Pass
6474,1603403,HK161_MT1003_L03,MT1003,-13,False,,5.3,5.7,6.0,,5.7,C,2.0,True,2.53,2.53,Pass
6475,1656899,HK161_MT1003_L03,MT1003,-13,False,,7.2,6.8,4.6,,6.4,C+,2.5,True,2.21,2.21,Pass
6476,1646721,HK161_MT1003_L03,MT1003,-13,False,,7.8,10.0,8.0,,9.2,A,4.0,True,3.92,3.92,Pass
6477,1604313,HK161_MT1003_L03,MT1003,-13,False,,8.0,9.0,7.7,,8.5,A,4.0,True,3.53,3.53,Pass
6478,1612774,HK161_MT1003_L03,MT1003,-13,False,,7.5,8.5,7.7,,8.1,B+,3.5,True,3.29,3.29,Pass
6479,1619249,HK161_MT1003_L03,MT1003,-13,False,,5.3,6.5,4.4,,5.8,C,2.0,True,1.71,1.71,Pass
6480,1619518,HK161_MT1003_L03,MT1003,-13,False,,8.0,7.3,7.7,,7.5,B,3.0,True,3.41,3.41,Pass
6481,1612381,HK161_MT1003_L03,MT1003,-13,False,,8.4,7.6,7.3,,7.7,B,3.0,True,3.21,3.21,Pass
6482,1678558,HK161_MT1003_L03,MT1003,-13,False,,6.0,4.9,6.3,,5.4,D+,1.5,True,1.56,1.56,Pass
6483,1632716,HK161_MT1003_L03,MT1003,-13,False,,10.0,7.2,7.8,,7.9,B,3.0,True,3.59,3.59,Pass
6484,1651748,HK161_MT1003_L03,MT1003,-13,False,,8.3,8.5,8.7,,8.5,A,4.0,True,3.71,3.71,Pass
6485,1621752,HK161_MT1003_L03,MT1003,-13,False,,6.3,7.1,6.5,,6.8,C+,2.5,True,2.42,2.42,Pass
6486,1681330,HK161_MT1003_L03,MT1003,-13,False,,6.6,7.2,6.5,,6.9,C+,2.5,True,2.5,2.5,Pass
6487,1683047,HK161_MT1003_L03,MT1003,-13,False,,9.8,9.6,6.8,,9.1,A,4.0,True,3.79,3.79,Pass
6488,1619373,HK161_MT1003_L03,MT1003,-13,False,,8.7,8.2,8.2,,8.3,B+,3.5,True,3.71,3.71,Pass
6489,1678827,HK161_MT1003_L03,MT1003,-13,False,,6.4,5.8,5.5,,5.9,C,2.0,True,1.68,1.68,Pass
6490,1690846,HK161_MT1003_L03,MT1003,-13,False,,7.3,7.1,7.4,,7.2,B,3.0,True,2.65,2.65,Pass
6491,1633647,HK161_MT1003_L03,MT1003,-13,False,,8.3,7.3,7.8,,7.6,B,3.0,True,3.09,3.09,Pass
6492,1614222,HK161_MT1003_L03,MT1003,-13,False,,8.4,7.8,7.9,,7.9,B,3.0,True,3.26,3.26,Pass
6493,1677896,HK161_MT1003_L03,MT1003,-13,False,,6.4,6.6,7.1,,6.7,C+,2.5,True,2.5,2.5,Pass
6494,1634040,HK161_MT1003_L03,MT1003,-13,False,,8.5,7.4,6.5,,7.4,B,3.0,True,2.5,2.5,Pass
6495,1677234,HK161_MT1003_L03,MT1003,-13,False,,9.4,7.9,8.0,,8.2,B+,3.5,True,3.32,3.32,Pass
6496,1624276,HK161_MT1003_L03,MT1003,-13,False,,8.0,8.5,8.2,,8.3,B+,3.5,True,3.29,3.29,Pass
6497,1650693,HK161_MT1003_L03,MT1003,-13,False,,8.1,8.1,6.6,,7.8,B,3.0,True,3.12,3.12,Pass
6498,1680544,HK161_MT1003_L03,MT1003,-13,False,,7.7,6.7,8.9,,7.3,B,3.0,True,3.29,3.29,Pass
6499,1643018,HK161_MT1003_L03,MT1003,-13,False,,8.0,7.4,7.6,,7.6,B,3.0,True,3.26,3.26,Pass
6500,1694280,HK161_MT1003_L03,MT1003,-13,False,,5.9,6.5,6.2,,6.3,C,2.0,True,2.18,2.18,Pass
6501,1662712,HK161_MT1003_L03,MT1003,-13,False,,7.6,8.1,7.4,,7.9,B,3.0,True,2.68,2.68,Pass
6502,1639729,HK161_MT1003_L03,MT1003,-13,False,,8.6,8.2,8.5,,8.3,B+,3.5,True,3.03,3.03,Pass
6503,1671028,HK161_MT1003_L03,MT1003,-13,False,,6.1,7.2,7.8,,7.1,B,3.0,True,2.35,2.35,Pass
6504,1646597,HK161_MT1003_L03,MT1003,-13,False,,8.8,8.4,7.8,,8.4,B+,3.5,True,3.29,3.29,Pass
6505,1618463,HK161_MT1003_L03,MT1003,-13,False,,8.6,9.2,6.8,,8.6,A,4.0,True,3.59,3.59,Pass
6506,1646059,HK161_MT1003_L03,MT1003,-13,False,,7.0,8.0,6.7,,7.5,B,3.0,True,3.0,3.0,Pass
6507,1669849,HK161_MT1003_L03,MT1003,-13,False,,7.4,6.5,8.6,,7.1,B,3.0,True,3.0,3.0,Pass
6508,1693618,HK161_MT1003_L03,MT1003,-13,False,,6.8,7.9,7.4,,7.6,B,3.0,True,3.18,3.18,Pass
6509,1663105,HK161_MT1003_L03,MT1003,-13,False,,8.3,6.7,8.7,,7.4,B,3.0,True,3.26,3.26,Pass
6510,1641570,HK161_MT1003_L03,MT1003,-13,False,,10.0,8.2,8.2,,8.6,A,4.0,True,3.41,3.41,Pass
6511,1637743,HK161_MT1003_L03,MT1003,-13,False,,6.0,5.6,3.3,,5.2,D+,1.5,True,1.62,1.62,Pass
6512,1608285,HK161_MT1003_L03,MT1003,-13,False,,6.2,7.1,5.9,,6.7,C+,2.5,True,2.29,2.29,Pass
6513,1689253,HK161_MT1003_L03,MT1003,-13,False,,8.9,8.5,9.7,,8.8,A,4.0,True,3.44,3.44,Pass
6514,1628227,HK161_MT1003_L03,MT1003,-13,False,,5.4,7.2,9.1,,7.2,B,3.0,True,3.06,3.06,Pass
6515,1617801,HK161_MT1003_L03,MT1003,-13,False,,5.7,6.8,6.1,,6.4,C+,2.5,True,2.15,2.15,Pass
6516,1694011,HK161_MT1003_L03,MT1003,-13,False,,8.1,5.9,7.3,,6.6,C+,2.5,True,3.09,3.09,Pass
6517,1643949,HK161_MT1003_L03,MT1003,-13,False,,5.5,6.4,7.9,,6.5,C+,2.5,True,2.41,2.41,Pass
6518,1624524,HK161_MT1003_L04,MT1003,-13,False,,7.0,7.2,7.9,,7.3,B,3.0,True,3.0,3.0,Pass
6519,1661264,HK161_MT1003_L04,MT1003,-13,False,,9.1,9.5,9.0,,9.3,A,4.0,True,4.0,4.0,Pass
6520,1631144,HK161_MT1003_L04,MT1003,-13,False,,9.4,7.9,7.5,,8.1,B+,3.5,True,3.62,3.62,Pass
6521,1677503,HK161_MT1003_L04,MT1003,-13,False,,7.9,8.3,6.9,,7.9,B,3.0,True,3.09,3.09,Pass
6522,1696783,HK161_MT1003_L04,MT1003,-13,False,,8.3,8.4,7.3,,8.2,B+,3.5,True,3.41,3.41,Pass
6523,1659402,HK161_MT1003_L04,MT1003,-13,False,,6.7,6.5,6.8,,6.6,C+,2.5,True,2.44,2.44,Pass
6524,1646204,HK161_MT1003_L04,MT1003,-13,False,,7.1,6.4,8.1,,6.9,C+,2.5,True,2.62,2.62,Pass
6525,1698252,HK161_MT1003_L04,MT1003,-13,False,,6.8,6.4,8.3,,6.9,C+,2.5,True,2.53,2.53,Pass
6526,1608016,HK161_MT1003_L04,MT1003,-13,False,,8.3,8.0,8.9,,8.2,B+,3.5,True,3.5,3.5,Pass
6527,1692832,HK161_MT1003_L04,MT1003,-13,False,,8.4,8.6,7.8,,8.4,B+,3.5,True,3.5,3.5,Pass
6528,1684102,HK161_MT1003_L04,MT1003,-13,False,,9.1,8.9,8.4,,8.8,A,4.0,True,3.35,3.35,Pass
6529,1666808,HK161_MT1003_L04,MT1003,-13,False,,6.3,7.1,5.3,,6.6,C+,2.5,True,2.53,2.53,Pass
6530,1667863,HK161_MT1003_L04,MT1003,-13,False,,7.1,7.7,8.7,,7.8,B,3.0,True,3.06,3.06,Pass
6531,1687805,HK161_MT1003_L04,MT1003,-13,False,,9.6,8.6,8.7,,8.8,A,4.0,True,3.44,3.44,Pass
6532,1656237,HK161_MT1003_L04,MT1003,-13,False,,7.5,7.0,5.9,,6.9,C+,2.5,True,2.32,2.32,Pass
6533,1604975,HK161_MT1003_L04,MT1003,-13,False,,7.0,6.6,8.1,,7.0,B,3.0,True,2.5,2.5,Pass
6534,1616870,HK161_MT1003_L04,MT1003,-13,False,,8.1,6.8,8.4,,7.4,B,3.0,True,3.0,3.0,Pass
6535,1668256,HK161_MT1003_L04,MT1003,-13,False,,8.6,9.0,8.2,,8.8,A,4.0,True,3.38,3.38,Pass
6536,1629427,HK161_MT1003_L04,MT1003,-13,False,,6.7,8.9,8.0,,8.3,B+,3.5,True,3.44,3.44,Pass
6537,1683316,HK161_MT1003_L04,MT1003,-13,False,,7.7,8.2,9.9,,8.4,B+,3.5,True,3.03,3.03,Pass
6538,1699431,HK161_MT1003_L04,MT1003,-13,False,,7.4,7.2,6.5,,7.1,B,3.0,True,2.5,2.5,Pass
6539,1633254,HK161_MT1003_L04,MT1003,-13,False,,7.7,8.9,8.0,,8.5,A,4.0,True,3.53,3.53,Pass
6540,1636419,HK161_MT1003_L04,MT1003,-13,False,,6.8,5.5,6.7,,6.0,C,2.0,True,2.47,2.47,Pass
6541,1646990,HK161_MT1003_L04,MT1003,-13,False,,5.5,4.5,5.9,,5.0,D+,1.5,True,1.68,1.68,Pass
6542,1643287,HK161_MT1003_L04,MT1003,-13,False,,5.4,5.6,6.5,,5.7,C,2.0,True,1.91,1.91,Pass
6543,1681992,HK161_MT1003_L04,MT1003,-13,False,,8.8,7.9,8.2,,8.1,B+,3.5,True,3.21,3.21,Pass
6544,1658616,HK161_MT1003_L04,MT1003,-13,False,,6.6,7.0,7.3,,7.0,B,3.0,True,2.62,2.62,Pass
6545,1625062,HK161_MT1003_L04,MT1003,-13,False,,7.1,6.6,7.2,,6.8,C+,2.5,True,2.41,2.41,Pass
6546,1632861,HK161_MT1003_L04,MT1003,-13,False,,6.3,8.1,7.7,,7.7,B,3.0,True,2.74,2.74,Pass
6547,1684640,HK161_MT1003_L04,MT1003,-13,False,,6.4,5.8,5.3,,5.8,C,2.0,True,2.29,2.29,Pass
6548,1607354,HK161_MT1003_L04,MT1003,-13,False,,7.9,8.0,8.3,,8.0,B+,3.5,True,3.24,3.24,Pass
6549,1675393,HK161_MT1003_L04,MT1003,-13,False,,8.6,8.9,7.8,,8.6,A,4.0,True,3.62,3.62,Pass
6550,1699700,HK161_MT1003_L04,MT1003,-13,False,,6.5,8.5,6.6,,7.7,B,3.0,True,3.32,3.32,Pass
6551,1671297,HK161_MT1003_L04,MT1003,-13,False,,9.9,9.7,9.1,,9.6,A+,4.0,True,4.0,4.0,Pass
6552,1684909,HK161_MT1003_L04,MT1003,-13,False,,9.5,9.3,7.9,,9.1,A,4.0,True,4.0,4.0,Pass
6553,1643825,HK161_MT1003_L04,MT1003,-13,False,,8.0,7.0,6.4,,7.1,B,3.0,True,2.82,2.82,Pass
6554,1682654,HK161_MT1003_L04,MT1003,-13,False,,8.4,8.4,7.0,,8.1,B+,3.5,True,3.12,3.12,Pass
6555,1636688,HK161_MT1003_L04,MT1003,-13,False,,5.5,5.8,6.4,,5.9,C,2.0,True,2.09,2.09,Pass
6556,1623469,HK161_MT1003_L04,MT1003,-13,False,,6.3,6.8,7.9,,6.9,C+,2.5,True,2.53,2.53,Pass
6557,1620180,HK161_MT1003_L04,MT1003,-13,False,,8.6,9.1,7.5,,8.7,A,4.0,True,3.41,3.41,Pass
6558,1694156,HK161_MT1003_L04,MT1003,-13,False,,7.7,7.4,8.4,,7.7,B,3.0,True,3.38,3.38,Pass
6559,1610126,HK161_MT1003_L04,MT1003,-13,False,,9.0,8.2,8.0,,8.3,B+,3.5,True,3.29,3.29,Pass
6560,1600755,HK161_MT1003_L04,MT1003,-13,False,,6.8,5.2,5.4,,5.6,C,2.0,True,2.29,2.29,Pass
6561,1632054,HK161_MT1003_L04,MT1003,-13,False,,7.9,8.8,6.3,,8.1,B+,3.5,True,3.44,3.44,Pass
6562,1693494,HK161_MT1003_L04,MT1003,-13,False,,6.3,6.9,6.8,,6.8,C+,2.5,True,2.59,2.59,Pass
6563,1668132,HK161_MT1003_L04,MT1003,-13,False,,7.8,8.4,8.5,,8.3,B+,3.5,True,3.29,3.29,Pass
6564,1681599,HK161_MT1003_L04,MT1003,-13,False,,7.5,8.6,6.7,,8.0,B+,3.5,True,3.62,3.62,Pass
6565,1611057,HK161_MT1003_L04,MT1003,-13,False,,6.2,6.3,5.2,,6.1,C,2.0,True,1.79,1.79,Pass
6566,1650155,HK161_MT1003_L04,MT1003,-13,False,,7.9,8.0,7.1,,7.8,B,3.0,True,3.26,3.26,Pass
6567,1652803,HK161_MT1003_L04,MT1003,-13,False,,7.5,6.4,7.9,,6.9,C+,2.5,True,2.68,2.68,Pass
6568,1642625,HK161_MT1003_L04,MT1003,-13,False,,5.2,5.8,5.3,,5.6,C,2.0,True,1.66,1.66,Pass
6569,1653734,HK161_MT1003_L04,MT1003,-13,False,,8.3,9.0,7.7,,8.6,A,4.0,True,3.41,3.41,Pass
6570,1647383,HK161_MT1003_L04,MT1003,-13,False,,7.0,7.5,5.2,,6.9,C+,2.5,True,2.76,2.76,Pass
6571,1637867,HK161_MT1003_L04,MT1003,-13,False,,6.7,6.6,5.8,,6.5,C+,2.5,True,2.71,2.71,Pass
6572,1669042,HK161_MT1003_L04,MT1003,-13,False,,7.1,6.1,7.0,,6.5,C+,2.5,True,2.62,2.62,Pass
6573,1653465,HK161_MT1003_L04,MT1003,-13,False,,7.9,6.3,7.6,,6.9,C+,2.5,True,2.44,2.44,Pass
6574,1647114,HK161_MT1003_L04,MT1003,-13,False,,8.3,8.6,7.3,,8.3,B+,3.5,True,3.29,3.29,Pass
6575,1665608,HK161_MT1003_L04,MT1003,-13,False,,8.0,8.4,8.6,,8.4,B+,3.5,True,3.53,3.53,Pass
6576,1685302,HK161_MT1003_L04,MT1003,-13,False,,8.3,7.3,8.0,,7.6,B,3.0,True,3.38,3.38,Pass
6577,1642232,HK161_MT1003_L04,MT1003,-13,False,,6.3,6.0,6.3,,6.1,C,2.0,True,1.68,1.68,Pass
6578,1647652,HK161_MT1003_L04,MT1003,-13,False,,6.5,4.4,5.4,,5.0,D+,1.5,True,1.79,1.79,Pass
6579,1604189,HK161_MT1003_L04,MT1003,-13,False,,9.8,7.8,8.3,,8.3,B+,3.5,True,3.44,3.44,Pass
6580,1681868,HK161_MT1003_L04,MT1003,-13,False,,7.4,6.5,8.5,,7.1,B,3.0,True,3.41,3.41,Pass
6581,1660995,HK161_MT1003_L04,MT1003,-13,False,,8.6,8.5,7.8,,8.4,B+,3.5,True,3.44,3.44,Pass
6582,1626117,HK161_MT1003_L04,MT1003,-13,False,,7.6,7.8,6.8,,7.6,B,3.0,True,3.09,3.09,Pass
6583,1618194,HK161_MT1003_L04,MT1003,-13,False,,5.4,5.5,6.1,,5.6,C,2.0,True,2.18,2.18,Pass
6584,1645935,HK161_MT1003_L04,MT1003,-13,False,,6.4,5.4,5.6,,5.6,C,2.0,True,2.18,2.18,Pass
6585,1636026,HK161_MT1003_L04,MT1003,-13,False,,7.1,5.4,6.5,,6.0,C,2.0,True,2.18,2.18,Pass
6586,1661119,HK161_MT1003_L04,MT1003,-13,False,,5.9,6.2,6.3,,6.2,C,2.0,True,1.74,1.74,Pass
6587,1606837,HK161_MT1003_L04,MT1003,-13,False,,8.8,8.4,8.8,,8.6,A,4.0,True,3.5,3.5,Pass
6588,1620573,HK161_MT1003_L04,MT1003,-13,False,,8.0,8.3,8.8,,8.3,B+,3.5,True,3.44,3.44,Pass
6589,1611450,HK161_MT1003_L04,MT1003,-13,False,,7.9,8.0,8.9,,8.2,B+,3.5,True,3.21,3.21,Pass
6590,1697983,HK161_MT1003_L04,MT1003,-13,False,,8.2,6.7,8.0,,7.3,B,3.0,True,3.0,3.0,Pass
6591,1607499,HK161_MT1003_L04,MT1003,-13,False,,6.1,6.5,8.1,,6.7,C+,2.5,True,3.0,3.0,Pass
6592,1637350,HK161_MT1003_L04,MT1003,-13,False,,8.4,8.1,9.5,,8.4,B+,3.5,True,2.82,2.82,Pass
6593,1654789,HK161_MT1003_L04,MT1003,-13,False,,8.3,6.8,8.2,,7.4,B,3.0,True,3.26,3.26,Pass
6594,1657954,HK161_MT1003_L04,MT1003,-13,False,,6.1,6.7,9.6,,7.2,B,3.0,True,2.71,2.71,Pass
6595,1699824,HK161_MT1003_L04,MT1003,-13,False,,7.1,8.3,9.6,,8.3,B+,3.5,True,3.53,3.53,Pass
6596,1618856,HK161_MT1003_L04,MT1003,-13,False,,7.6,9.3,8.4,,8.8,A,4.0,True,3.47,3.47,Pass
6597,1695604,HK161_MT1003_L04,MT1003,-13,False,,7.8,8.2,6.9,,7.9,B,3.0,True,3.12,3.12,Pass
6598,1689791,HK161_MT1003_L04,MT1003,-13,False,,9.4,9.1,9.0,,9.1,A,4.0,True,3.24,3.24,Pass
6599,1622807,HK161_MT1003_L04,MT1003,-13,False,,9.9,9.9,10.0,,9.9,A+,4.0,True,3.79,3.79,Pass
6600,1624007,HK161_MT1003_L04,MT1003,-13,False,,7.3,8.3,6.3,,7.7,B,3.0,True,2.24,2.24,Pass
6601,1641177,HK161_MT1003_L04,MT1003,-13,False,,7.9,7.8,7.4,,7.7,B,3.0,True,3.26,3.26,Pass
6602,1673676,HK161_MT1003_L04,MT1003,-13,False,,8.2,8.0,8.7,,8.2,B+,3.5,True,3.15,3.15,Pass
6603,1675662,HK161_MT1003_L04,MT1003,-13,False,,8.7,10.0,8.4,,9.4,A,4.0,True,3.71,3.71,Pass
6604,1608409,HK161_MT1003_L04,MT1003,-13,False,,8.2,7.7,8.3,,7.9,B,3.0,True,3.41,3.41,Pass
6605,1616746,HK161_MT1003_L04,MT1003,-13,False,,5.3,6.4,4.7,,5.8,C,2.0,True,1.55,1.55,Pass
6606,1602203,HK161_MT1003_L04,MT1003,-13,False,,8.7,9.3,8.6,,9.0,A,4.0,True,3.15,3.15,Pass
6607,1631537,HK161_MT1003_L04,MT1003,-13,False,,6.8,8.6,6.2,,7.8,B,3.0,True,2.74,2.74,Pass
6608,1608678,HK161_MT1003_L04,MT1003,-13,False,,7.7,7.4,8.0,,7.6,B,3.0,True,2.41,2.41,Pass
6609,1630482,HK161_MT1003_L04,MT1003,-13,False,,8.1,7.9,7.9,,7.9,B,3.0,True,3.09,3.09,Pass
6610,1613043,HK161_MT1003_L04,MT1003,-13,False,,9.8,8.0,7.7,,8.3,B+,3.5,True,3.62,3.62,Pass
6611,1674462,HK161_MT1003_L04,MT1003,-13,False,,9.5,8.5,9.9,,9.0,A,4.0,True,3.91,3.91,Pass
6612,1680275,HK161_MT1003_L04,MT1003,-13,False,,8.3,8.5,6.9,,8.1,B+,3.5,True,3.71,3.71,Pass
6613,1667594,HK161_MT1003_L04,MT1003,-13,False,,7.2,6.9,7.9,,7.2,B,3.0,True,3.0,3.0,Pass
6614,1623738,HK161_MT1003_L04,MT1003,-13,False,,6.1,4.9,6.0,,5.4,D+,1.5,True,2.06,2.06,Pass
6615,1621359,HK161_MT1003_L04,MT1003,-13,False,,6.6,4.9,6.9,,5.6,C,2.0,True,2.29,2.29,Pass
6616,1668649,HK161_MT1003_L04,MT1003,-13,False,,8.3,7.9,7.7,,7.9,B,3.0,True,3.29,3.29,Pass
6617,1660602,HK161_MT1003_L04,MT1003,-13,False,,8.2,8.3,8.7,,8.4,B+,3.5,True,3.38,3.38,Pass
6618,1699307,HK161_MT1003_L04,MT1003,-13,False,,5.3,6.6,5.9,,6.2,C,2.0,True,2.32,2.32,Pass
6619,1670366,HK161_MT1003_L04,MT1003,-13,False,,6.2,6.0,5.7,,6.0,C,2.0,True,2.62,2.62,Pass
6620,1672352,HK161_MT1003_L04,MT1003,-13,False,,6.9,7.3,7.7,,7.3,B,3.0,True,3.26,3.26,Pass
6621,1630999,HK161_MT1003_L04,MT1003,-13,False,,6.8,7.3,6.0,,6.9,C+,2.5,True,2.29,2.29,Pass
6622,1698645,HK161_MT1003_L04,MT1003,-13,False,,8.7,8.6,8.0,,8.5,A,4.0,True,3.74,3.74,Pass
6623,1697590,HK161_MT1003_L04,MT1003,-13,False,,8.7,8.2,8.5,,8.4,B+,3.5,True,3.44,3.44,Pass
6624,1617139,HK161_MT1003_L04,MT1003,-13,False,,9.1,9.7,7.8,,9.2,A,4.0,True,3.41,3.41,Pass
6625,1671421,HK161_MT1003_L04,MT1003,-13,False,,7.4,8.4,6.8,,7.9,B,3.0,True,3.09,3.09,Pass
6626,1687143,HK161_MT1003_L04,MT1003,-13,False,,7.2,9.4,7.8,,8.6,A,4.0,True,3.41,3.41,Pass
6627,1661512,HK161_MT1003_L04,MT1003,-13,False,,7.4,7.8,7.2,,7.6,B,3.0,True,3.24,3.24,Pass
6628,1690577,HK161_MT1003_L04,MT1003,-13,False,,9.2,8.7,8.8,,8.8,A,4.0,True,3.92,3.92,Pass
6629,1680937,HK161_MT1003_L04,MT1003,-13,False,,8.4,8.3,7.3,,8.1,B+,3.5,True,3.29,3.29,Pass
6630,1683709,HK161_MT1003_L04,MT1003,-13,False,,8.1,7.9,7.9,,7.9,B,3.0,True,3.09,3.09,Pass
6631,1670635,HK161_MT1003_L04,MT1003,-13,False,,8.2,6.8,6.8,,7.1,B,3.0,True,2.56,2.56,Pass
6632,1666146,HK161_MT1003_L04,MT1003,-13,False,,5.8,6.4,6.1,,6.2,C,2.0,True,2.0,2.0,Pass
6633,1670511,HK161_MT1003_L04,MT1003,-13,False,,8.2,7.3,7.0,,7.4,B,3.0,True,2.91,2.91,Pass
6634,1602596,HK161_MT1003_L04,MT1003,-13,False,,8.1,8.0,6.4,,7.7,B,3.0,True,3.06,3.06,Pass
6635,1680668,HK161_MT1003_L04,MT1003,-13,False,,6.6,7.2,9.9,,7.6,B,3.0,True,3.09,3.09,Pass
6636,1679758,HK161_MT1003_L04,MT1003,-13,False,,8.1,7.4,7.9,,7.6,B,3.0,True,3.18,3.18,Pass
6637,1658223,HK161_MT1003_L05,MT1003,-13,False,,9.3,8.1,9.6,,8.6,A,4.0,True,3.82,3.82,Pass
6638,1688736,HK161_MT1003_L05,MT1003,-13,False,,6.1,6.6,5.2,,6.2,C,2.0,True,2.68,2.68,Pass
6639,1680813,HK161_MT1003_L05,MT1003,-13,False,,8.2,7.5,8.2,,7.8,B,3.0,True,3.18,3.18,Pass
6640,1639853,HK161_MT1003_L05,MT1003,-13,False,,7.7,8.2,8.2,,8.1,B+,3.5,True,3.35,3.35,Pass
6641,1649638,HK161_MT1003_L05,MT1003,-13,False,,6.2,5.5,6.8,,5.9,C,2.0,True,2.24,2.24,Pass
6642,1638405,HK161_MT1003_L05,MT1003,-13,False,,7.0,6.0,6.7,,6.3,C,2.0,True,2.5,2.5,Pass
6643,1689398,HK161_MT1003_L05,MT1003,-13,False,,6.5,4.6,5.5,,5.2,D+,1.5,True,1.53,1.53,Pass
6644,1692563,HK161_MT1003_L05,MT1003,-13,False,,8.8,8.4,8.0,,8.4,B+,3.5,True,3.12,3.12,Pass
6645,1691115,HK161_MT1003_L05,MT1003,-13,False,,5.2,5.7,4.4,,5.3,D+,1.5,True,2.15,2.15,Pass
6646,1645004,HK161_MT1003_L05,MT1003,-13,False,,5.0,5.6,5.7,,5.5,C,2.0,True,1.56,1.56,Pass
6647,1603920,HK161_MT1003_L05,MT1003,-13,False,,4.5,5.9,4.7,,5.4,D+,1.5,True,1.59,1.59,Pass
6648,1687681,HK161_MT1003_L05,MT1003,-13,False,,7.5,9.3,8.3,,8.7,A,4.0,True,3.32,3.32,Pass
6649,1657561,HK161_MT1003_L05,MT1003,-13,False,,7.5,8.1,6.5,,7.7,B,3.0,True,3.29,3.29,Pass
6650,1630875,HK161_MT1003_L05,MT1003,-13,False,,8.0,8.4,6.9,,8.0,B+,3.5,True,3.21,3.21,Pass
6651,1699162,HK161_MT1003_L05,MT1003,-13,False,,9.2,10.0,8.7,,9.6,A+,4.0,True,4.0,4.0,Pass
6652,1664698,HK161_MT1003_L05,MT1003,-13,False,,7.1,7.0,6.9,,7.0,B,3.0,True,2.88,2.88,Pass
6653,1624400,HK161_MT1003_L05,MT1003,-13,False,,4.8,5.4,5.8,,5.4,D+,1.5,True,2.15,2.15,Pass
6654,1606692,HK161_MT1003_L05,MT1003,-13,False,,7.3,7.5,7.9,,7.5,B,3.0,True,3.09,3.09,Pass
6655,1654127,HK161_MT1003_L05,MT1003,-13,False,,7.4,8.9,7.6,,8.3,B+,3.5,True,3.38,3.38,Pass
6656,1691901,HK161_MT1003_L05,MT1003,-13,False,,7.9,7.2,8.0,,7.5,B,3.0,True,3.0,3.0,Pass
6657,1613167,HK161_MT1003_L05,MT1003,-13,False,,7.3,8.3,7.6,,8.0,B+,3.5,True,3.56,3.56,Pass
6658,1628765,HK161_MT1003_L05,MT1003,-13,False,,8.6,8.8,9.4,,8.9,A,4.0,True,3.65,3.65,Pass
6659,1656506,HK161_MT1003_L05,MT1003,-13,False,,7.1,5.5,6.3,,6.0,C,2.0,True,2.0,2.0,Pass
6660,1610002,HK161_MT1003_L05,MT1003,-13,False,,7.8,7.0,9.3,,7.6,B,3.0,True,2.97,2.97,Pass
6661,1600362,HK161_MT1003_L05,MT1003,-13,False,,6.9,7.7,6.7,,7.3,B,3.0,True,3.26,3.26,Pass
6662,1699038,HK161_MT1003_L05,MT1003,-13,False,,5.6,6.4,7.0,,6.4,C+,2.5,True,2.32,2.32,Pass
6663,1628620,HK161_MT1003_L05,MT1003,-13,False,,6.3,6.5,7.6,,6.7,C+,2.5,True,2.38,2.38,Pass
6664,1643556,HK161_MT1003_L05,MT1003,-13,False,,6.6,8.5,6.9,,7.8,B,3.0,True,2.65,2.65,Pass
6665,1650548,HK161_MT1003_L05,MT1003,-13,False,,7.2,5.8,7.7,,6.5,C+,2.5,True,2.79,2.79,Pass
6666,1667201,HK161_MT1003_L05,MT1003,-13,False,,6.8,7.9,6.1,,7.3,B,3.0,True,2.56,2.56,Pass
6667,1687019,HK161_MT1003_L05,MT1003,-13,False,,6.9,6.0,7.1,,6.4,C+,2.5,True,2.71,2.71,Pass
6668,1633771,HK161_MT1003_L05,MT1003,-13,False,,6.7,7.5,5.4,,6.9,C+,2.5,True,2.47,2.47,Pass
6669,1645397,HK161_MT1003_L05,MT1003,-13,False,,7.3,7.0,5.4,,6.7,C+,2.5,True,2.32,2.32,Pass
6670,1670759,HK161_MT1003_L05,MT1003,-13,False,,8.4,7.9,8.0,,8.0,B+,3.5,True,3.56,3.56,Pass
6671,1665877,HK161_MT1003_L05,MT1003,-13,False,,7.8,8.0,7.9,,7.9,B,3.0,True,3.09,3.09,Pass
6672,1664429,HK161_MT1003_L05,MT1003,-13,False,,6.4,5.9,5.6,,5.9,C,2.0,True,2.03,2.03,Pass
6673,1606961,HK161_MT1003_L05,MT1003,-13,False,,7.8,8.2,8.5,,8.2,B+,3.5,True,3.21,3.21,Pass
6674,1676572,HK161_MT1003_L05,MT1003,-13,False,,7.5,7.1,8.9,,7.5,B,3.0,True,3.18,3.18,Pass
6675,1665215,HK161_MT1003_L05,MT1003,-13,False,,4.9,4.8,5.2,,4.9,D,1.0,True,1.76,1.76,Pass
6676,1674731,HK161_MT1003_L05,MT1003,-13,False,,5.2,4.8,5.9,,5.1,D+,1.5,True,1.88,1.88,Pass
6677,1658078,HK161_MT1003_L05,MT1003,-13,False,,7.8,8.4,7.7,,8.1,B+,3.5,True,3.12,3.12,Pass
6678,1672621,HK161_MT1003_L05,MT1003,-13,False,,5.7,6.6,7.3,,6.6,C+,2.5,True,2.5,2.5,Pass
6679,1671690,HK161_MT1003_L05,MT1003,-13,False,,4.0,5.3,5.4,,5.1,D+,1.5,True,1.47,1.47,Pass
6680,1689522,HK161_MT1003_L05,MT1003,-13,False,,9.4,8.8,7.7,,8.7,A,4.0,True,3.65,3.65,Pass
6681,1638798,HK161_MT1003_L05,MT1003,-13,False,,8.5,9.1,9.0,,9.0,A,4.0,True,3.71,3.71,Pass
6682,1675517,HK161_MT1003_L05,MT1003,-13,False,,9.0,8.1,8.8,,8.4,B+,3.5,True,3.47,3.47,Pass
6683,1608554,HK161_MT1003_L05,MT1003,-13,False,,8.2,6.5,7.7,,7.1,B,3.0,True,3.26,3.26,Pass
6684,1608947,HK161_MT1003_L05,MT1003,-13,False,,5.1,5.8,6.3,,5.8,C,2.0,True,1.91,1.91,Pass
6685,1660726,HK161_MT1003_L05,MT1003,-13,False,,9.2,9.8,9.3,,9.6,A+,4.0,True,4.0,4.0,Pass
6686,1684247,HK161_MT1003_L05,MT1003,-13,False,,5.1,4.1,4.9,,4.5,D,1.0,True,1.26,1.26,Pass
6687,1686357,HK161_MT1003_L05,MT1003,-13,False,,6.1,6.7,6.8,,6.6,C+,2.5,True,2.44,2.44,Pass
6688,1601810,HK161_MT1003_L05,MT1003,-13,False,,5.5,5.6,5.2,,5.5,C,2.0,True,1.88,1.88,Pass
6689,1651210,HK161_MT1003_L05,MT1003,-13,False,,6.6,7.4,5.6,,6.9,C+,2.5,True,1.85,1.85,Pass
6690,1631268,HK161_MT1003_L05,MT1003,-13,False,,7.3,7.8,7.8,,7.7,B,3.0,True,3.41,3.41,Pass
6691,1621628,HK161_MT1003_L05,MT1003,-13,False,,7.2,7.1,9.3,,7.6,B,3.0,True,2.82,2.82,Pass
6692,1617925,HK161_MT1003_L05,MT1003,-13,False,,7.5,8.8,7.5,,8.3,B+,3.5,True,3.53,3.53,Pass
6693,1669580,HK161_MT1003_L05,MT1003,-13,False,,8.7,7.5,8.7,,8.0,B+,3.5,True,2.94,2.94,Pass
6694,1679613,HK161_MT1003_L05,MT1003,-13,False,,9.5,7.9,7.7,,8.2,B+,3.5,True,3.59,3.59,Pass
6695,1685964,HK161_MT1003_L05,MT1003,-13,False,,7.7,5.9,6.6,,6.4,C+,2.5,True,2.59,2.59,Pass
6696,1693349,HK161_MT1003_L05,MT1003,-13,False,,6.1,8.1,8.4,,7.8,B,3.0,True,3.35,3.35,Pass
6697,1678165,HK161_MT1003_L05,MT1003,-13,False,,6.9,7.1,6.6,,7.0,B,3.0,True,2.69,2.69,Pass
6698,1680151,HK161_MT1003_L05,MT1003,-13,False,,8.0,8.1,6.7,,7.8,B,3.0,True,2.94,2.94,Pass
6699,1644218,HK161_MT1003_L05,MT1003,-13,False,,7.9,6.9,7.6,,7.2,B,3.0,True,2.74,2.74,Pass
6700,1659278,HK161_MT1003_L05,MT1003,-13,False,,6.8,8.0,8.1,,7.8,B,3.0,True,2.91,2.91,Pass
6701,1624793,HK161_MT1003_L05,MT1003,-13,False,,6.0,6.2,5.5,,6.0,C,2.0,True,2.32,2.32,Pass
6702,1639460,HK161_MT1003_L05,MT1003,-13,False,,6.5,6.4,6.4,,6.4,C+,2.5,True,2.15,2.15,Pass
6703,1657685,HK161_MT1003_L05,MT1003,-13,False,,8.3,7.8,8.3,,8.0,B+,3.5,True,3.59,3.59,Pass
6704,1626903,HK161_MT1003_L05,MT1003,-13,False,,9.0,7.6,8.6,,8.1,B+,3.5,True,3.59,3.59,Pass
6705,1628889,HK161_MT1003_L05,MT1003,-13,False,,7.3,7.5,8.2,,7.6,B,3.0,True,3.26,3.26,Pass
6706,1697052,HK161_MT1003_L05,MT1003,-13,False,,9.1,8.0,9.1,,8.4,B+,3.5,True,3.12,3.12,Pass
6707,1630337,HK161_MT1003_L05,MT1003,-13,False,,5.4,6.7,6.7,,6.4,C+,2.5,True,2.03,2.03,Pass
6708,1690184,HK161_MT1003_L05,MT1003,-13,False,,6.3,6.9,6.9,,6.8,C+,2.5,True,2.41,2.41,Pass
6709,1606030,HK161_MT1003_L05,MT1003,-13,False,,7.2,7.7,7.7,,7.6,B,3.0,True,2.65,2.65,Pass
6710,1663374,HK161_MT1003_L05,MT1003,-13,False,,6.5,7.6,5.0,,6.9,C+,2.5,True,2.32,2.32,Pass
6711,1644342,HK161_MT1003_L05,MT1003,-13,False,,8.0,7.3,7.8,,7.5,B,3.0,True,3.29,3.29,Pass
6712,1642501,HK161_MT1003_L05,MT1003,-13,False,,7.2,8.9,7.9,,8.4,B+,3.5,True,3.32,3.32,Pass
6713,1615815,HK161_MT1003_L05,MT1003,-13,False,,9.3,8.0,8.9,,8.4,B+,3.5,True,3.53,3.53,Pass
6714,1682530,HK161_MT1003_L05,MT1003,-13,False,,9.0,10.0,8.2,,9.4,A,4.0,True,4.0,4.0,Pass
6715,1610395,HK161_MT1003_L05,MT1003,-13,False,,6.3,6.9,5.8,,6.6,C+,2.5,True,2.47,2.47,Pass
6716,1638012,HK161_MT1003_L05,MT1003,-13,False,,5.6,6.7,7.4,,6.6,C+,2.5,True,2.32,2.32,Pass
6717,1692439,HK161_MT1003_L05,MT1003,-13,False,,7.4,7.3,6.3,,7.1,B,3.0,True,2.41,2.41,Pass
6718,1630213,HK161_MT1003_L05,MT1003,-13,False,,7.3,7.3,7.6,,7.4,B,3.0,True,2.91,2.91,Pass
6719,1653072,HK161_MT1003_L05,MT1003,-13,False,,7.6,5.1,6.0,,5.8,C,2.0,True,2.15,2.15,Pass
6720,1695211,HK161_MT1003_L05,MT1003,-13,False,,4.5,5.9,5.3,,5.5,C,2.0,True,1.89,1.89,Pass
6721,1629944,HK161_MT1003_L05,MT1003,-13,False,,7.8,7.6,5.4,,7.2,B,3.0,True,2.62,2.62,Pass
6722,1671959,HK161_MT1003_L05,MT1003,-13,False,,4.2,5.7,5.8,,5.4,D+,1.5,True,1.62,1.62,Pass
6723,1636150,HK161_MT1003_L05,MT1003,-13,False,,7.2,9.2,7.3,,8.4,B+,3.5,True,3.21,3.21,Pass
6724,1601148,HK161_MT1003_L05,MT1003,-13,False,,6.2,6.3,6.9,,6.4,C+,2.5,True,2.53,2.53,Pass
6725,1681475,HK161_MT1003_L05,MT1003,-13,False,,7.5,7.2,6.7,,7.2,B,3.0,True,2.53,2.53,Pass
6726,1622414,HK161_MT1003_L05,MT1003,-13,False,,7.5,9.1,7.9,,8.5,A,4.0,True,2.85,2.85,Pass
6727,1679220,HK161_MT1003_L05,MT1003,-13,False,,8.1,8.9,8.4,,8.6,A,4.0,True,3.56,3.56,Pass
6728,1615029,HK161_MT1003_L05,MT1003,-13,False,,5.5,6.9,7.1,,6.7,C+,2.5,True,2.47,2.47,Pass
6729,1632985,HK161_MT1003_L05,MT1003,-13,False,,8.6,9.1,7.8,,8.7,A,4.0,True,3.32,3.32,Pass
6730,1602472,HK161_MT1003_L05,MT1003,-13,False,,5.9,4.9,5.8,,5.3,D+,1.5,True,1.38,1.38,Pass
6731,1698376,HK161_MT1003_L05,MT1003,-13,False,,8.6,9.0,8.0,,8.7,A,4.0,True,3.44,3.44,Pass
6732,1662443,HK161_MT1003_L05,MT1003,-13,False,,8.0,7.9,9.5,,8.2,B+,3.5,True,3.5,3.5,Pass
6733,1633916,HK161_MT1003_L05,MT1003,-13,False,,7.8,7.4,8.2,,7.6,B,3.0,True,3.09,3.09,Pass
6734,1659795,HK161_MT1003_L05,MT1003,-13,False,,9.5,8.6,7.1,,8.5,A,4.0,True,3.62,3.62,Pass
6735,1624669,HK161_MT1003_L05,MT1003,-13,False,,8.1,6.5,9.3,,7.4,B,3.0,True,3.21,3.21,Pass
6736,1620697,HK161_MT1003_L05,MT1003,-13,False,,5.6,3.4,5.2,,4.2,D,1.0,True,1.47,1.47,Pass
6737,1640122,HK161_MT1003_L05,MT1003,-13,False,,8.9,9.2,8.5,,9.0,A,4.0,True,3.32,3.32,Pass
6738,1666539,HK161_MT1003_L05,MT1003,-13,False,,7.8,7.5,9.2,,7.9,B,3.0,True,3.18,3.18,Pass
6739,1656630,HK161_MT1003_L05,MT1003,-13,False,,6.1,5.9,7.4,,6.2,C,2.0,True,2.18,2.18,Pass
6740,1647921,HK161_MT1003_L05,MT1003,-13,False,,7.0,7.5,6.9,,7.3,B,3.0,True,2.91,2.91,Pass
6741,1621235,HK161_MT1003_L05,MT1003,-13,False,,5.9,7.9,7.1,,7.3,B,3.0,True,2.53,2.53,Pass
6742,1607230,HK161_MT1003_L05,MT1003,-13,False,,4.4,6.0,5.1,,5.5,C,2.0,True,1.59,1.59,Pass
6743,1605120,HK161_MT1003_L05,MT1003,-13,False,,7.4,7.0,6.5,,7.0,B,3.0,True,2.82,2.82,Pass
6744,1677110,HK161_MT1003_L05,MT1003,-13,False,,8.6,8.2,7.3,,8.1,B+,3.5,True,3.53,3.53,Pass
6745,1654644,HK161_MT1003_L05,MT1003,-13,False,,8.2,7.8,9.4,,8.2,B+,3.5,True,3.62,3.62,Pass
6746,1692294,HK161_MT1003_L05,MT1003,-13,False,,8.5,7.7,7.3,,7.8,B,3.0,True,3.21,3.21,Pass
6747,1695728,HK161_MT1003_L05,MT1003,-13,False,,4.9,7.9,5.7,,6.9,C+,2.5,True,1.91,1.91,Pass
6748,1690060,HK161_MT1003_L05,MT1003,-13,False,,6.7,6.6,8.5,,7.0,B,3.0,True,3.06,3.06,Pass
6749,1669704,HK161_MT1003_L05,MT1003,-13,False,,7.1,8.0,8.5,,7.9,B,3.0,True,3.09,3.09,Pass
6750,1640908,HK161_MT1003_L05,MT1003,-13,False,,6.6,7.7,6.8,,7.3,B,3.0,True,2.56,2.56,Pass
6751,1652017,HK161_MT1003_L05,MT1003,-13,False,,9.0,6.6,8.6,,7.5,B,3.0,True,3.03,3.03,Pass
6752,1658347,HK161_MT1003_L05,MT1003,-13,False,,6.8,5.6,6.8,,6.1,C,2.0,True,2.29,2.29,Pass
6753,1673014,HK161_MT1003_L05,MT1003,-13,False,,7.1,7.4,7.6,,7.4,B,3.0,True,2.44,2.44,Pass
6754,1635095,HK161_MT1003_L05,MT1003,-13,False,,6.7,7.9,6.8,,7.4,B,3.0,True,2.35,2.35,Pass
6755,1616084,HK161_MT1003_L05,MT1003,-13,False,,8.1,7.9,7.9,,7.9,B,3.0,True,3.21,3.21,Pass
6756,1611057,HK161_PH1003_L01,PH1003,-13,False,,6.6,4.9,5.2,,5.3,D+,1.5,True,1.79,1.79,Pass
6757,1633254,HK161_PH1003_L01,PH1003,-13,False,,7.8,8.9,7.5,,8.4,B+,3.5,True,3.53,3.53,Pass
6758,1644880,HK161_PH1003_L01,PH1003,-13,False,,5.1,6.7,7.1,,6.5,C+,2.5,True,2.47,2.47,Pass
6759,1679758,HK161_PH1003_L01,PH1003,-13,False,,8.8,7.0,6.3,,7.2,B,3.0,True,3.18,3.18,Pass
6760,1642894,HK161_PH1003_L01,PH1003,-13,False,,4.3,6.2,4.8,,5.5,C,2.0,True,1.81,1.81,Pass
6761,1686750,HK161_PH1003_L01,PH1003,-13,False,,6.4,8.2,8.6,,7.9,B,3.0,True,3.03,3.03,Pass
6762,1681992,HK161_PH1003_L01,PH1003,-13,False,,7.7,7.8,7.8,,7.8,B,3.0,True,3.21,3.21,Pass
6763,1610933,HK161_PH1003_L01,PH1003,-13,False,,7.6,4.7,8.4,,6.0,C,2.0,True,2.85,2.85,Pass
6764,1686357,HK161_PH1003_L01,PH1003,-13,False,,8.5,6.8,6.3,,7.0,B,3.0,True,2.44,2.44,Pass
6765,1608016,HK161_PH1003_L01,PH1003,-13,False,,7.8,8.3,8.4,,8.2,B+,3.5,True,3.5,3.5,Pass
6766,1636295,HK161_PH1003_L01,PH1003,-13,False,,7.0,6.0,5.9,,6.2,C,2.0,True,2.56,2.56,Pass
6767,1656361,HK161_PH1003_L01,PH1003,-13,False,,8.0,8.3,8.5,,8.3,B+,3.5,True,3.83,3.83,Pass
6768,1669973,HK161_PH1003_L01,PH1003,-13,False,,8.7,8.7,7.0,,8.4,B+,3.5,True,3.21,3.21,Pass
6769,1671690,HK161_PH1003_L01,PH1003,-13,False,,4.1,4.8,5.7,,4.8,D,1.0,True,1.47,1.47,Pass
6770,1686481,HK161_PH1003_L01,PH1003,-13,False,,6.6,6.2,6.5,,6.3,C,2.0,True,2.09,2.09,Pass
6771,1608285,HK161_PH1003_L01,PH1003,-13,False,,5.5,5.3,7.4,,5.8,C,2.0,True,2.29,2.29,Pass
6772,1662174,HK161_PH1003_L01,PH1003,-13,False,,6.5,6.1,6.7,,6.3,C,2.0,True,2.56,2.56,Pass
6773,1676055,HK161_PH1003_L01,PH1003,-13,False,,6.5,7.1,8.1,,7.2,B,3.0,True,2.74,2.74,Pass
6774,1660457,HK161_PH1003_L01,PH1003,-13,False,,6.2,8.5,6.8,,7.7,B,3.0,True,2.74,2.74,Pass
6775,1660726,HK161_PH1003_L01,PH1003,-13,False,,9.2,8.1,9.0,,8.5,A,4.0,True,4.0,4.0,Pass
6776,1656899,HK161_PH1003_L01,PH1003,-13,False,,5.9,5.8,7.0,,6.1,C,2.0,True,2.21,2.21,Pass
6777,1619249,HK161_PH1003_L01,PH1003,-13,False,,5.3,5.0,4.8,,5.0,D+,1.5,True,1.71,1.71,Pass
6778,1609733,HK161_PH1003_L01,PH1003,-13,False,,8.8,7.8,9.5,,8.3,B+,3.5,True,3.32,3.32,Pass
6779,1615546,HK161_PH1003_L01,PH1003,-13,False,,8.4,8.0,8.3,,8.1,B+,3.5,True,3.06,3.06,Pass
6780,1670242,HK161_PH1003_L01,PH1003,-13,False,,7.8,10.0,8.0,,9.2,A,4.0,True,3.53,3.53,Pass
6781,1680151,HK161_PH1003_L01,PH1003,-13,False,,8.0,9.0,6.1,,8.2,B+,3.5,True,2.94,2.94,Pass
6782,1692294,HK161_PH1003_L01,PH1003,-13,False,,7.9,8.7,7.3,,8.3,B+,3.5,True,3.21,3.21,Pass
6783,1602203,HK161_PH1003_L01,PH1003,-13,False,,6.9,7.1,9.4,,7.5,B,3.0,True,3.15,3.15,Pass
6784,1687288,HK161_PH1003_L01,PH1003,-13,False,,7.0,9.1,8.5,,8.6,A,4.0,True,3.71,3.71,Pass
6785,1638405,HK161_PH1003_L01,PH1003,-13,False,,5.4,7.9,5.7,,7.0,B,3.0,True,2.5,2.5,Pass
6786,1640515,HK161_PH1003_L01,PH1003,-13,False,,5.2,4.5,5.2,,4.8,D,1.0,True,1.76,1.76,Pass
6787,1645273,HK161_PH1003_L01,PH1003,-13,False,,5.6,6.2,6.9,,6.2,C,2.0,True,2.29,2.29,Pass
6788,1664036,HK161_PH1003_L01,PH1003,-13,False,,8.1,8.3,5.2,,7.6,B,3.0,True,2.35,2.35,Pass
6789,1667325,HK161_PH1003_L01,PH1003,-13,False,,7.6,8.8,6.6,,8.1,B+,3.5,True,3.41,3.41,Pass
6790,1683047,HK161_PH1003_L01,PH1003,-13,False,,9.1,7.9,8.5,,8.3,B+,3.5,True,3.79,3.79,Pass
6791,1613436,HK161_PH1003_L01,PH1003,-13,False,,6.3,5.5,5.9,,5.7,C,2.0,True,2.47,2.47,Pass
6792,1648831,HK161_PH1003_L01,PH1003,-13,False,,5.8,4.6,4.9,,4.9,D,1.0,True,1.47,1.47,Pass
6793,1680544,HK161_PH1003_L01,PH1003,-13,False,,8.1,8.0,7.7,,8.0,B+,3.5,True,3.29,3.29,Pass
6794,1638798,HK161_PH1003_L01,PH1003,-13,False,,7.8,8.3,8.4,,8.2,B+,3.5,True,3.71,3.71,Pass
6795,1627172,HK161_PH1003_L01,PH1003,-13,False,,8.3,8.5,8.1,,8.4,B+,3.5,True,3.03,3.03,Pass
6796,1631930,HK161_PH1003_L01,PH1003,-13,False,,5.2,5.1,7.3,,5.6,C,2.0,True,1.78,1.78,Pass
6797,1619911,HK161_PH1003_L01,PH1003,-13,False,,7.7,7.1,7.8,,7.4,B,3.0,True,3.18,3.18,Pass
6798,1643825,HK161_PH1003_L01,PH1003,-13,False,,7.6,7.3,8.0,,7.5,B,3.0,True,2.82,2.82,Pass
6799,1604975,HK161_PH1003_L01,PH1003,-13,False,,5.6,6.0,6.6,,6.0,C,2.0,True,2.5,2.5,Pass
6800,1627834,HK161_PH1003_L01,PH1003,-13,False,,5.7,5.7,6.3,,5.8,C,2.0,True,1.62,1.62,Pass
6801,1635095,HK161_PH1003_L01,PH1003,-13,False,,6.7,7.2,5.6,,6.8,C+,2.5,True,2.35,2.35,Pass
6802,1610002,HK161_PH1003_L01,PH1003,-13,False,,7.3,6.5,7.0,,6.8,C+,2.5,True,2.97,2.97,Pass
6803,1648438,HK161_PH1003_L01,PH1003,-13,False,,7.2,5.4,7.4,,6.2,C,2.0,True,2.09,2.09,Pass
6804,1668525,HK161_PH1003_L01,PH1003,-13,False,,8.1,7.7,8.5,,7.9,B,3.0,True,3.5,3.5,Pass
6805,1670904,HK161_PH1003_L01,PH1003,-13,False,,7.9,7.7,7.6,,7.7,B,3.0,True,3.18,3.18,Pass
6806,1675662,HK161_PH1003_L01,PH1003,-13,False,,8.1,8.0,8.7,,8.2,B+,3.5,True,3.71,3.71,Pass
6807,1692832,HK161_PH1003_L01,PH1003,-13,False,,7.4,8.4,7.9,,8.1,B+,3.5,True,3.5,3.5,Pass
6808,1649369,HK161_PH1003_L01,PH1003,-13,False,,8.9,9.1,9.4,,9.1,A,4.0,True,3.71,3.71,Pass
6809,1618318,HK161_PH1003_L01,PH1003,-13,False,,6.8,5.8,6.1,,6.1,C,2.0,True,2.0,2.0,Pass
6810,1604851,HK161_PH1003_L01,PH1003,-13,False,,8.0,7.3,8.3,,7.6,B,3.0,True,3.26,3.26,Pass
6811,1699431,HK161_PH1003_L01,PH1003,-13,False,,6.8,5.8,6.8,,6.2,C,2.0,True,2.5,2.5,Pass
6812,1653589,HK161_PH1003_L01,PH1003,-13,False,,7.6,6.8,7.9,,7.2,B,3.0,True,3.0,3.0,Pass
6813,1696928,HK161_PH1003_L01,PH1003,-13,False,,8.0,7.8,7.5,,7.8,B,3.0,True,3.0,3.0,Pass
6814,1666415,HK161_PH1003_L01,PH1003,-13,False,,7.1,7.5,8.4,,7.6,B,3.0,True,3.32,3.32,Pass
6815,1610395,HK161_PH1003_L01,PH1003,-13,False,,7.3,5.9,5.7,,6.1,C,2.0,True,2.47,2.47,Pass
6816,1697590,HK161_PH1003_L01,PH1003,-13,False,,8.6,8.7,9.2,,8.8,A,4.0,True,3.44,3.44,Pass
6817,1665753,HK161_PH1003_L01,PH1003,-13,False,,8.1,7.4,7.9,,7.6,B,3.0,True,2.62,2.62,Pass
6818,1632985,HK161_PH1003_L01,PH1003,-13,False,,8.8,7.0,7.4,,7.4,B,3.0,True,3.32,3.32,Pass
6819,1667201,HK161_PH1003_L01,PH1003,-13,False,,7.6,7.0,6.9,,7.1,B,3.0,True,2.56,2.56,Pass
6820,1658223,HK161_PH1003_L01,PH1003,-13,False,,8.0,8.8,8.6,,8.6,A,4.0,True,3.82,3.82,Pass
6821,1696659,HK161_PH1003_L01,PH1003,-13,False,,8.7,7.8,8.5,,8.1,B+,3.5,True,3.71,3.71,Pass
6822,1675786,HK161_PH1003_L01,PH1003,-13,False,,7.9,8.3,7.7,,8.1,B+,3.5,True,2.94,2.94,Pass
6823,1646990,HK161_PH1003_L01,PH1003,-13,False,,5.6,4.8,6.4,,5.3,D+,1.5,True,1.68,1.68,Pass
6824,1622414,HK161_PH1003_L01,PH1003,-13,False,,5.6,7.0,7.1,,6.7,C+,2.5,True,2.85,2.85,Pass
6825,1606175,HK161_PH1003_L01,PH1003,-13,False,,7.5,7.5,7.3,,7.5,B,3.0,True,2.65,2.65,Pass
6826,1647776,HK161_PH1003_L01,PH1003,-13,False,,3.6,4.8,6.0,,4.8,D,1.0,True,1.26,1.26,Pass
6827,1611450,HK161_PH1003_L01,PH1003,-13,False,,7.6,6.9,8.3,,7.3,B,3.0,True,3.21,3.21,Pass
6828,1676841,HK161_PH1003_L01,PH1003,-13,False,,4.9,4.7,5.6,,4.9,D,1.0,True,1.65,1.65,Pass
6829,1664553,HK161_PH1003_L01,PH1003,-13,False,,8.5,8.2,7.0,,8.0,B+,3.5,True,3.12,3.12,Pass
6830,1647259,HK161_PH1003_L01,PH1003,-13,False,,6.7,5.4,5.7,,5.7,C,2.0,True,2.47,2.47,Pass
6831,1652410,HK161_PH1003_L01,PH1003,-13,False,,9.0,7.2,7.5,,7.6,B,3.0,True,3.41,3.41,Pass
6832,1627441,HK161_PH1003_L01,PH1003,-13,False,,7.8,7.1,6.9,,7.2,B,3.0,True,2.62,2.62,Pass
6833,1646059,HK161_PH1003_L01,PH1003,-13,False,,8.5,7.3,8.5,,7.8,B,3.0,True,3.0,3.0,Pass
6834,1679489,HK161_PH1003_L01,PH1003,-13,False,,6.5,7.3,6.7,,7.0,B,3.0,True,2.91,2.91,Pass
6835,1682923,HK161_PH1003_L01,PH1003,-13,False,,8.6,8.0,8.5,,8.2,B+,3.5,True,3.62,3.62,Pass
6836,1660602,HK161_PH1003_L01,PH1003,-13,False,,7.9,7.9,7.2,,7.8,B,3.0,True,3.38,3.38,Pass
6837,1673138,HK161_PH1003_L01,PH1003,-13,False,,7.6,8.8,8.5,,8.5,A,4.0,True,3.62,3.62,Pass
6838,1698107,HK161_PH1003_L01,PH1003,-13,False,,6.2,4.7,5.7,,5.2,D+,1.5,True,1.71,1.71,Pass
6839,1694156,HK161_PH1003_L01,PH1003,-13,False,,8.6,7.9,8.1,,8.1,B+,3.5,True,3.38,3.38,Pass
6840,1634971,HK161_PH1003_L01,PH1003,-13,False,,6.1,6.8,6.0,,6.5,C+,2.5,True,2.35,2.35,Pass
6841,1677503,HK161_PH1003_L01,PH1003,-13,False,,8.4,7.5,7.2,,7.6,B,3.0,True,3.09,3.09,Pass
6842,1683709,HK161_PH1003_L01,PH1003,-13,False,,7.3,7.5,7.2,,7.4,B,3.0,True,3.09,3.09,Pass
6843,1655182,HK161_PH1003_L01,PH1003,-13,False,,6.9,7.0,8.4,,7.3,B,3.0,True,3.09,3.09,Pass
6844,1638529,HK161_PH1003_L01,PH1003,-13,False,,9.6,9.4,8.7,,9.3,A,4.0,True,4.0,4.0,Pass
6845,1655575,HK161_PH1003_L01,PH1003,-13,False,,8.6,9.0,6.8,,8.5,A,4.0,True,3.74,3.74,Pass
6846,1693349,HK161_PH1003_L01,PH1003,-13,False,,6.8,8.2,8.2,,7.9,B,3.0,True,3.35,3.35,Pass
6847,1645542,HK161_PH1003_L01,PH1003,-13,False,,7.8,5.9,6.2,,6.3,C,2.0,True,1.76,1.76,Pass
6848,1687536,HK161_PH1003_L01,PH1003,-13,False,,8.8,7.5,7.0,,7.7,B,3.0,True,3.0,3.0,Pass
6849,1690453,HK161_PH1003_L01,PH1003,-13,False,,7.4,8.0,8.1,,7.9,B,3.0,True,3.32,3.32,Pass
6850,1606692,HK161_PH1003_L01,PH1003,-13,False,,8.1,7.2,7.3,,7.4,B,3.0,True,3.09,3.09,Pass
6851,1605244,HK161_PH1003_L01,PH1003,-13,False,,4.0,8.0,6.6,,6.9,C+,2.5,True,3.06,3.06,Pass
6852,1677896,HK161_PH1003_L01,PH1003,-13,False,,7.3,6.4,6.4,,6.6,C+,2.5,True,2.5,2.5,Pass
6853,1642770,HK161_PH1003_L01,PH1003,-13,False,,6.6,7.3,7.0,,7.1,B,3.0,True,2.41,2.41,Pass
6854,1695604,HK161_PH1003_L01,PH1003,-13,False,,8.5,8.4,8.1,,8.4,B+,3.5,True,3.12,3.12,Pass
6855,1698500,HK161_PH1003_L01,PH1003,-13,False,,8.6,8.9,8.6,,8.8,A,4.0,True,3.82,3.82,Pass
6856,1638136,HK161_PH1003_L01,PH1003,-13,False,,6.4,6.9,8.0,,7.0,B,3.0,True,2.5,2.5,Pass
6857,1694011,HK161_PH1003_L01,PH1003,-13,False,,8.0,8.4,7.5,,8.1,B+,3.5,True,3.09,3.09,Pass
6858,1674069,HK161_PH1003_L01,PH1003,-13,False,,6.9,6.9,6.4,,6.8,C+,2.5,True,2.41,2.41,Pass
6859,1632323,HK161_PH1003_L01,PH1003,-13,False,,7.3,7.3,6.9,,7.2,B,3.0,True,2.65,2.65,Pass
6860,1616084,HK161_PH1003_L01,PH1003,-13,False,,7.2,9.0,6.2,,8.1,B+,3.5,True,3.21,3.21,Pass
6861,1659940,HK161_PH1003_L01,PH1003,-13,False,,10.0,9.8,8.1,,9.5,A+,4.0,True,3.91,3.91,Pass
6862,1633647,HK161_PH1003_L01,PH1003,-13,False,,8.5,6.7,7.5,,7.2,B,3.0,True,3.09,3.09,Pass
6863,1654251,HK161_PH1003_L01,PH1003,-13,False,,6.6,7.7,6.5,,7.2,B,3.0,True,2.82,2.82,Pass
6864,1619518,HK161_PH1003_L01,PH1003,-13,False,,8.7,8.6,8.5,,8.6,A,4.0,True,3.41,3.41,Pass
6865,1668918,HK161_PH1003_L01,PH1003,-13,False,,8.3,7.8,7.8,,7.9,B,3.0,True,3.18,3.18,Pass
6866,1623738,HK161_PH1003_L01,PH1003,-13,False,,5.1,6.1,7.1,,6.1,C,2.0,True,2.06,2.06,Pass
6867,1608678,HK161_PH1003_L01,PH1003,-13,False,,5.8,5.9,6.8,,6.1,C,2.0,True,2.41,2.41,Pass
6868,1618587,HK161_PH1003_L01,PH1003,-13,False,,5.3,6.3,6.1,,6.1,C,2.0,True,1.74,1.74,Pass
6869,1685426,HK161_PH1003_L01,PH1003,-13,False,,7.5,8.2,7.6,,7.9,B,3.0,True,3.18,3.18,Pass
6870,1622683,HK161_PH1003_L01,PH1003,-13,False,,7.5,6.8,7.1,,7.0,B,3.0,True,2.53,2.53,Pass
6871,1665877,HK161_PH1003_L01,PH1003,-13,False,,9.1,7.1,7.1,,7.5,B,3.0,True,3.09,3.09,Pass
6872,1625455,HK161_PH1003_L01,PH1003,-13,False,,5.8,7.0,6.8,,6.7,C+,2.5,True,2.5,2.5,Pass
6873,1602596,HK161_PH1003_L01,PH1003,-13,False,,6.7,6.4,7.7,,6.7,C+,2.5,True,3.06,3.06,Pass
6874,1619373,HK161_PH1003_L01,PH1003,-13,False,,9.5,8.8,7.7,,8.7,A,4.0,True,3.71,3.71,Pass
6875,1671421,HK161_PH1003_L01,PH1003,-13,False,,7.9,7.2,8.9,,7.7,B,3.0,True,3.09,3.09,Pass
6876,1603403,HK161_PH1003_L02,PH1003,-13,False,,5.1,6.1,7.7,,6.2,C,2.0,True,2.53,2.53,Pass
6877,1622290,HK161_PH1003_L02,PH1003,-13,False,,9.0,6.6,7.6,,7.3,B,3.0,True,3.18,3.18,Pass
6878,1626386,HK161_PH1003_L02,PH1003,-13,False,,4.5,3.8,4.9,,4.2,D,1.0,True,1.61,1.61,Pass
6879,1691632,HK161_PH1003_L02,PH1003,-13,False,,8.2,6.9,8.4,,7.5,B,3.0,True,3.38,3.38,Pass
6880,1608947,HK161_PH1003_L02,PH1003,-13,False,,4.8,5.9,6.3,,5.8,C,2.0,True,1.91,1.91,Pass
6881,1628103,HK161_PH1003_L02,PH1003,-13,False,,7.7,8.1,7.9,,8.0,B+,3.5,True,3.09,3.09,Pass
6882,1652927,HK161_PH1003_L02,PH1003,-13,False,,5.8,5.9,5.6,,5.8,C,2.0,True,2.5,2.5,Pass
6883,1624007,HK161_PH1003_L02,PH1003,-13,False,,6.9,5.7,7.6,,6.3,C,2.0,True,2.24,2.24,Pass
6884,1666146,HK161_PH1003_L02,PH1003,-13,False,,6.1,5.5,5.8,,5.7,C,2.0,True,2.0,2.0,Pass
6885,1682261,HK161_PH1003_L02,PH1003,-13,False,,7.5,6.3,7.9,,6.9,C+,2.5,True,2.24,2.24,Pass
6886,1643556,HK161_PH1003_L02,PH1003,-13,False,,7.8,7.8,7.4,,7.7,B,3.0,True,2.65,2.65,Pass
6887,1654789,HK161_PH1003_L02,PH1003,-13,False,,7.6,7.7,7.9,,7.7,B,3.0,True,3.26,3.26,Pass
6888,1601810,HK161_PH1003_L02,PH1003,-13,False,,4.8,4.6,6.7,,5.1,D+,1.5,True,1.88,1.88,Pass
6889,1669042,HK161_PH1003_L02,PH1003,-13,False,,5.6,7.3,8.3,,7.2,B,3.0,True,2.62,2.62,Pass
6890,1615422,HK161_PH1003_L02,PH1003,-13,False,,6.5,7.1,7.5,,7.1,B,3.0,True,2.53,2.53,Pass
6891,1692170,HK161_PH1003_L02,PH1003,-13,False,,8.0,7.8,8.8,,8.0,B+,3.5,True,3.12,3.12,Pass
6892,1677379,HK161_PH1003_L02,PH1003,-13,False,,5.6,3.5,5.5,,4.3,D,1.0,True,1.68,1.68,Pass
6893,1699824,HK161_PH1003_L02,PH1003,-13,False,,8.9,8.9,7.9,,8.7,A,4.0,True,3.53,3.53,Pass
6894,1640391,HK161_PH1003_L02,PH1003,-13,False,,6.6,6.8,5.9,,6.6,C+,2.5,True,2.32,2.32,Pass
6895,1605637,HK161_PH1003_L02,PH1003,-13,False,,6.7,6.2,6.3,,6.3,C,2.0,True,2.18,2.18,Pass
6896,1634040,HK161_PH1003_L02,PH1003,-13,False,,6.8,5.3,5.5,,5.6,C,2.0,True,2.5,2.5,Pass
6897,1671959,HK161_PH1003_L02,PH1003,-13,False,,5.5,6.0,5.7,,5.8,C,2.0,True,1.62,1.62,Pass
6898,1671297,HK161_PH1003_L02,PH1003,-13,False,,9.5,8.4,9.2,,8.8,A,4.0,True,4.0,4.0,Pass
6899,1699162,HK161_PH1003_L02,PH1003,-13,False,,9.0,8.6,10.0,,9.0,A,4.0,True,4.0,4.0,Pass
6900,1691508,HK161_PH1003_L02,PH1003,-13,False,,6.6,5.9,6.9,,6.2,C,2.0,True,2.21,2.21,Pass
6901,1636812,HK161_PH1003_L02,PH1003,-13,False,,8.5,8.1,8.0,,8.2,B+,3.5,True,3.5,3.5,Pass
6902,1670511,HK161_PH1003_L02,PH1003,-13,False,,7.3,7.9,6.4,,7.5,B,3.0,True,2.91,2.91,Pass
6903,1687019,HK161_PH1003_L02,PH1003,-13,False,,6.4,8.0,6.3,,7.3,B,3.0,True,2.71,2.71,Pass
6904,1623076,HK161_PH1003_L02,PH1003,-13,False,,7.2,7.3,8.2,,7.5,B,3.0,True,2.74,2.74,Pass
6905,1641963,HK161_PH1003_L02,PH1003,-13,False,,6.1,5.7,6.5,,5.9,C,2.0,True,2.47,2.47,Pass
6906,1627565,HK161_PH1003_L02,PH1003,-13,False,,6.7,7.5,7.3,,7.3,B,3.0,True,2.41,2.41,Pass
6907,1612112,HK161_PH1003_L02,PH1003,-13,False,,7.4,4.2,6.9,,5.4,D+,1.5,True,2.29,2.29,Pass
6908,1630606,HK161_PH1003_L02,PH1003,-13,False,,9.1,9.2,8.8,,9.1,A,4.0,True,3.91,3.91,Pass
6909,1690846,HK161_PH1003_L02,PH1003,-13,False,,6.0,8.1,7.5,,7.6,B,3.0,True,2.65,2.65,Pass
6910,1648976,HK161_PH1003_L02,PH1003,-13,False,,6.4,7.7,7.8,,7.5,B,3.0,True,2.65,2.65,Pass
6911,1613829,HK161_PH1003_L02,PH1003,-13,False,,6.7,7.2,6.1,,6.9,C+,2.5,True,2.62,2.62,Pass
6912,1652803,HK161_PH1003_L02,PH1003,-13,False,,6.4,6.5,6.0,,6.4,C+,2.5,True,2.68,2.68,Pass
6913,1628227,HK161_PH1003_L02,PH1003,-13,False,,7.0,6.5,7.9,,6.9,C+,2.5,True,3.06,3.06,Pass
6914,1605782,HK161_PH1003_L02,PH1003,-13,False,,6.4,7.2,6.8,,7.0,B,3.0,True,2.53,2.53,Pass
6915,1630213,HK161_PH1003_L02,PH1003,-13,False,,7.6,7.1,7.0,,7.2,B,3.0,True,2.91,2.91,Pass
6916,1646597,HK161_PH1003_L02,PH1003,-13,False,,7.8,8.0,7.8,,7.9,B,3.0,True,3.29,3.29,Pass
6917,1643680,HK161_PH1003_L02,PH1003,-13,False,,9.0,8.0,8.8,,8.4,B+,3.5,True,3.53,3.53,Pass
6918,1652265,HK161_PH1003_L02,PH1003,-13,False,,8.6,6.8,7.2,,7.2,B,3.0,True,2.74,2.74,Pass
6919,1652141,HK161_PH1003_L02,PH1003,-13,False,,6.9,5.8,6.8,,6.2,C,2.0,True,2.5,2.5,Pass
6920,1698645,HK161_PH1003_L02,PH1003,-13,False,,8.1,9.7,7.4,,8.9,A,4.0,True,3.74,3.74,Pass
6921,1601024,HK161_PH1003_L02,PH1003,-13,False,,8.6,9.7,8.6,,9.3,A,4.0,True,3.82,3.82,Pass
6922,1631537,HK161_PH1003_L02,PH1003,-13,False,,7.0,8.0,6.8,,7.6,B,3.0,True,2.74,2.74,Pass
6923,1614098,HK161_PH1003_L02,PH1003,-13,False,,8.7,9.6,9.2,,9.3,A,4.0,True,4.0,4.0,Pass
6924,1671028,HK161_PH1003_L02,PH1003,-13,False,,6.1,7.3,6.5,,6.9,C+,2.5,True,2.35,2.35,Pass
6925,1696783,HK161_PH1003_L02,PH1003,-13,False,,8.7,8.5,7.9,,8.4,B+,3.5,True,3.41,3.41,Pass
6926,1668256,HK161_PH1003_L02,PH1003,-13,False,,8.3,5.6,8.1,,6.6,C+,2.5,True,3.38,3.38,Pass
6927,1620697,HK161_PH1003_L02,PH1003,-13,False,,5.3,5.3,5.3,,5.3,D+,1.5,True,1.47,1.47,Pass
6928,1610788,HK161_PH1003_L02,PH1003,-13,False,,8.1,7.9,7.6,,7.9,B,3.0,True,3.24,3.24,Pass
6929,1698252,HK161_PH1003_L02,PH1003,-13,False,,6.9,7.3,6.7,,7.1,B,3.0,True,2.53,2.53,Pass
6930,1647652,HK161_PH1003_L02,PH1003,-13,False,,5.9,6.0,6.5,,6.1,C,2.0,True,1.79,1.79,Pass
6931,1638012,HK161_PH1003_L02,PH1003,-13,False,,6.0,7.0,5.3,,6.5,C+,2.5,True,2.32,2.32,Pass
6932,1606030,HK161_PH1003_L02,PH1003,-13,False,,7.3,7.3,6.9,,7.2,B,3.0,True,2.65,2.65,Pass
6933,1670635,HK161_PH1003_L02,PH1003,-13,False,,8.7,7.3,8.8,,7.9,B,3.0,True,2.56,2.56,Pass
6934,1658885,HK161_PH1003_L02,PH1003,-13,False,,5.3,5.3,6.7,,5.6,C,2.0,True,1.53,1.53,Pass
6935,1679220,HK161_PH1003_L02,PH1003,-13,False,,8.8,9.4,6.6,,8.7,A,4.0,True,3.56,3.56,Pass
6936,1676448,HK161_PH1003_L02,PH1003,-13,False,,6.8,5.5,6.0,,5.9,C,2.0,True,2.35,2.35,Pass
6937,1662836,HK161_PH1003_L02,PH1003,-13,False,,7.4,6.4,7.0,,6.7,C+,2.5,True,2.21,2.21,Pass
6938,1607892,HK161_PH1003_L02,PH1003,-13,False,,8.4,8.3,8.2,,8.3,B+,3.5,True,3.44,3.44,Pass
6939,1611988,HK161_PH1003_L02,PH1003,-13,False,,6.1,6.1,6.2,,6.1,C,2.0,True,1.88,1.88,Pass
6940,1674731,HK161_PH1003_L02,PH1003,-13,False,,6.1,5.8,5.7,,5.8,C,2.0,True,1.88,1.88,Pass
6941,1606299,HK161_PH1003_L02,PH1003,-13,False,,5.7,5.6,5.2,,5.5,C,2.0,True,1.91,1.91,Pass
6942,1617532,HK161_PH1003_L02,PH1003,-13,False,,5.7,5.6,4.8,,5.5,C,2.0,True,1.71,1.71,Pass
6943,1663498,HK161_PH1003_L02,PH1003,-13,False,,5.9,6.2,7.1,,6.3,C,2.0,True,2.26,2.26,Pass
6944,1658078,HK161_PH1003_L02,PH1003,-13,False,,9.3,7.3,7.3,,7.7,B,3.0,True,3.12,3.12,Pass
6945,1615029,HK161_PH1003_L02,PH1003,-13,False,,7.4,5.3,6.9,,6.0,C,2.0,True,2.47,2.47,Pass
6946,1687143,HK161_PH1003_L02,PH1003,-13,False,,7.5,7.5,8.1,,7.6,B,3.0,True,3.41,3.41,Pass
6947,1694280,HK161_PH1003_L02,PH1003,-13,False,,6.4,6.3,5.3,,6.1,C,2.0,True,2.18,2.18,Pass
6948,1614222,HK161_PH1003_L02,PH1003,-13,False,,7.6,7.3,6.7,,7.2,B,3.0,True,3.26,3.26,Pass
6949,1617801,HK161_PH1003_L02,PH1003,-13,False,,6.2,6.7,5.6,,6.4,C+,2.5,True,2.15,2.15,Pass
6950,1648045,HK161_PH1003_L02,PH1003,-13,False,,7.9,7.5,8.2,,7.7,B,3.0,True,3.0,3.0,Pass
6951,1689398,HK161_PH1003_L02,PH1003,-13,False,,4.7,5.7,5.5,,5.5,C,2.0,True,1.53,1.53,Pass
6952,1632054,HK161_PH1003_L02,PH1003,-13,False,,7.2,9.2,8.1,,8.6,A,4.0,True,3.44,3.44,Pass
6953,1652534,HK161_PH1003_L02,PH1003,-13,False,,6.8,5.3,6.9,,5.9,C,2.0,True,2.18,2.18,Pass
6954,1690722,HK161_PH1003_L02,PH1003,-13,False,,6.6,7.9,6.6,,7.4,B,3.0,True,2.53,2.53,Pass
6955,1689522,HK161_PH1003_L02,PH1003,-13,False,,9.9,8.5,7.9,,8.7,A,4.0,True,3.65,3.65,Pass
6956,1663767,HK161_PH1003_L02,PH1003,-13,False,,8.4,8.1,8.1,,8.2,B+,3.5,True,3.06,3.06,Pass
6957,1662319,HK161_PH1003_L02,PH1003,-13,False,,7.8,7.0,7.6,,7.3,B,3.0,True,3.29,3.29,Pass
6958,1688736,HK161_PH1003_L02,PH1003,-13,False,,6.8,7.6,7.1,,7.3,B,3.0,True,2.68,2.68,Pass
6959,1673283,HK161_PH1003_L02,PH1003,-13,False,,6.6,7.0,5.5,,6.6,C+,2.5,True,2.32,2.32,Pass
6960,1653196,HK161_PH1003_L02,PH1003,-13,False,,6.2,7.9,7.7,,7.5,B,3.0,True,2.91,2.91,Pass
6961,1690184,HK161_PH1003_L02,PH1003,-13,False,,5.8,7.2,7.1,,6.9,C+,2.5,True,2.41,2.41,Pass
6962,1600362,HK161_PH1003_L02,PH1003,-13,False,,8.9,6.3,8.4,,7.2,B,3.0,True,3.26,3.26,Pass
6963,1677234,HK161_PH1003_L02,PH1003,-13,False,,7.9,8.2,7.3,,8.0,B+,3.5,True,3.32,3.32,Pass
6964,1646721,HK161_PH1003_L02,PH1003,-13,False,,8.8,9.1,8.8,,9.0,A,4.0,True,3.92,3.92,Pass
6965,1634578,HK161_PH1003_L02,PH1003,-13,False,,8.3,9.3,7.6,,8.8,A,4.0,True,3.65,3.65,Pass
6966,1683585,HK161_PH1003_L02,PH1003,-13,False,,7.4,7.2,8.4,,7.5,B,3.0,True,3.09,3.09,Pass
6967,1610664,HK161_PH1003_L02,PH1003,-13,False,,8.0,7.2,9.2,,7.8,B,3.0,True,3.24,3.24,Pass
6968,1645004,HK161_PH1003_L02,PH1003,-13,False,,5.1,6.4,6.2,,6.1,C,2.0,True,1.56,1.56,Pass
6969,1635364,HK161_PH1003_L02,PH1003,-13,False,,5.5,6.5,5.8,,6.2,C,2.0,True,2.29,2.29,Pass
6970,1647114,HK161_PH1003_L02,PH1003,-13,False,,7.1,6.9,7.8,,7.1,B,3.0,True,3.29,3.29,Pass
6971,1630482,HK161_PH1003_L02,PH1003,-13,False,,7.4,7.7,7.8,,7.7,B,3.0,True,3.09,3.09,Pass
6972,1649493,HK161_PH1003_L02,PH1003,-13,False,,8.3,7.9,7.7,,7.9,B,3.0,True,3.59,3.59,Pass
6973,1639191,HK161_PH1003_L02,PH1003,-13,False,,7.6,6.8,7.8,,7.2,B,3.0,True,3.38,3.38,Pass
6974,1615939,HK161_PH1003_L02,PH1003,-13,False,,6.6,5.9,8.2,,6.5,C+,2.5,True,2.59,2.59,Pass
6975,1619642,HK161_PH1003_L02,PH1003,-13,False,,8.6,7.6,9.0,,8.1,B+,3.5,True,3.24,3.24,Pass
6976,1695066,HK161_PH1003_L02,PH1003,-13,False,,8.6,7.2,7.6,,7.6,B,3.0,True,2.53,2.53,Pass
6977,1688467,HK161_PH1003_L02,PH1003,-13,False,,6.9,6.6,7.5,,6.8,C+,2.5,True,2.68,2.68,Pass
6978,1657954,HK161_PH1003_L02,PH1003,-13,False,,6.7,7.1,6.5,,6.9,C+,2.5,True,2.71,2.71,Pass
6979,1640908,HK161_PH1003_L02,PH1003,-13,False,,6.2,7.7,7.3,,7.3,B,3.0,True,2.56,2.56,Pass
6980,1681599,HK161_PH1003_L02,PH1003,-13,False,,7.6,9.1,7.6,,8.5,A,4.0,True,3.62,3.62,Pass
6981,1672228,HK161_PH1003_L02,PH1003,-13,False,,6.0,5.5,6.3,,5.8,C,2.0,True,2.09,2.09,Pass
6982,1636419,HK161_PH1003_L02,PH1003,-13,False,,6.9,6.7,7.6,,6.9,C+,2.5,True,2.47,2.47,Pass
6983,1635757,HK161_PH1003_L02,PH1003,-13,False,,7.5,8.8,7.2,,8.2,B+,3.5,True,3.32,3.32,Pass
6984,1624793,HK161_PH1003_L02,PH1003,-13,False,,6.9,6.9,7.3,,7.0,B,3.0,True,2.32,2.32,Pass
6985,1685033,HK161_PH1003_L02,PH1003,-13,False,,7.5,8.9,8.9,,8.6,A,4.0,True,3.44,3.44,Pass
6986,1636150,HK161_PH1003_L02,PH1003,-13,False,,7.0,7.7,7.9,,7.6,B,3.0,True,3.21,3.21,Pass
6987,1666270,HK161_PH1003_L02,PH1003,-13,False,,6.2,5.4,6.5,,5.8,C,2.0,True,2.62,2.62,Pass
6988,1626779,HK161_PH1003_L02,PH1003,-13,False,,8.0,8.0,7.9,,8.0,B+,3.5,True,3.41,3.41,Pass
6989,1688074,HK161_PH1003_L02,PH1003,-13,False,,6.6,6.6,5.5,,6.4,C+,2.5,True,2.09,2.09,Pass
6990,1648707,HK161_PH1003_L02,PH1003,-13,False,,8.5,8.4,8.3,,8.4,B+,3.5,True,3.12,3.12,Pass
6991,1636688,HK161_PH1003_L02,PH1003,-13,False,,5.7,5.3,5.9,,5.5,C,2.0,True,2.09,2.09,Pass
6992,1649638,HK161_PH1003_L02,PH1003,-13,False,,7.5,6.4,8.1,,7.0,B,3.0,True,2.24,2.24,Pass
6993,1682654,HK161_PH1003_L02,PH1003,-13,False,,5.9,7.4,8.3,,7.3,B,3.0,True,3.12,3.12,Pass
6994,1689005,HK161_PH1003_L02,PH1003,-13,False,,6.7,7.0,7.1,,7.0,B,3.0,True,2.47,2.47,Pass
6995,1603258,HK161_PH1003_L02,PH1003,-13,False,,8.2,6.5,7.8,,7.1,B,3.0,True,3.26,3.26,Pass
6996,1695873,HK161_PH1003_L03,PH1003,-13,False,,7.9,5.6,6.3,,6.2,C,2.0,True,2.41,2.41,Pass
6997,1626903,HK161_PH1003_L03,PH1003,-13,False,,9.5,7.5,8.1,,8.0,B+,3.5,True,3.59,3.59,Pass
6998,1629282,HK161_PH1003_L03,PH1003,-13,False,,7.7,6.8,7.6,,7.1,B,3.0,True,3.5,3.5,Pass
6999,1620573,HK161_PH1003_L03,PH1003,-13,False,,8.6,8.5,8.5,,8.5,A,4.0,True,3.44,3.44,Pass
7000,1692563,HK161_PH1003_L03,PH1003,-13,False,,9.2,7.3,8.3,,7.9,B,3.0,True,3.12,3.12,Pass
7001,1653072,HK161_PH1003_L03,PH1003,-13,False,,5.6,5.1,6.0,,5.4,D+,1.5,True,2.15,2.15,Pass
7002,1604582,HK161_PH1003_L03,PH1003,-13,False,,7.1,8.2,8.9,,8.1,B+,3.5,True,3.53,3.53,Pass
7003,1614491,HK161_PH1003_L03,PH1003,-13,False,,7.2,7.4,8.7,,7.6,B,3.0,True,3.09,3.09,Pass
7004,1695997,HK161_PH1003_L03,PH1003,-13,False,,7.7,7.0,8.7,,7.5,B,3.0,True,3.12,3.12,Pass
7005,1603527,HK161_PH1003_L03,PH1003,-13,False,,7.8,6.1,7.3,,6.7,C+,2.5,True,2.62,2.62,Pass
7006,1691239,HK161_PH1003_L03,PH1003,-13,False,,4.7,5.9,5.1,,5.5,C,2.0,True,2.0,2.0,Pass
7007,1682530,HK161_PH1003_L03,PH1003,-13,False,,8.2,8.9,9.4,,8.9,A,4.0,True,4.0,4.0,Pass
7008,1628889,HK161_PH1003_L03,PH1003,-13,False,,7.4,7.3,6.3,,7.1,B,3.0,True,3.26,3.26,Pass
7009,1606568,HK161_PH1003_L03,PH1003,-13,False,,7.8,7.4,7.7,,7.5,B,3.0,True,3.29,3.29,Pass
7010,1654520,HK161_PH1003_L03,PH1003,-13,False,,5.9,5.0,5.1,,5.2,D+,1.5,True,1.5,1.5,Pass
7011,1601148,HK161_PH1003_L03,PH1003,-13,False,,6.4,8.6,7.1,,7.9,B,3.0,True,2.53,2.53,Pass
7012,1698769,HK161_PH1003_L03,PH1003,-13,False,,6.4,6.6,5.3,,6.3,C,2.0,True,2.18,2.18,Pass
7013,1692439,HK161_PH1003_L03,PH1003,-13,False,,5.6,5.8,7.7,,6.1,C,2.0,True,2.41,2.41,Pass
7014,1654913,HK161_PH1003_L03,PH1003,-13,False,,9.5,9.6,8.1,,9.3,A,4.0,True,3.91,3.91,Pass
7015,1614884,HK161_PH1003_L03,PH1003,-13,False,,6.8,8.3,8.4,,8.0,B+,3.5,True,3.21,3.21,Pass
7016,1657561,HK161_PH1003_L03,PH1003,-13,False,,7.9,8.7,7.8,,8.4,B+,3.5,True,3.29,3.29,Pass
7017,1623469,HK161_PH1003_L03,PH1003,-13,False,,7.5,7.3,6.9,,7.3,B,3.0,True,2.53,2.53,Pass
7018,1608409,HK161_PH1003_L03,PH1003,-13,False,,9.9,8.8,9.2,,9.1,A,4.0,True,3.41,3.41,Pass
7019,1694942,HK161_PH1003_L03,PH1003,-13,False,,6.5,6.6,8.5,,7.0,B,3.0,True,2.68,2.68,Pass
7020,1631661,HK161_PH1003_L03,PH1003,-13,False,,6.1,8.0,5.7,,7.2,B,3.0,True,2.74,2.74,Pass
7021,1684764,HK161_PH1003_L03,PH1003,-13,False,,4.3,4.2,5.8,,4.5,D,1.0,True,1.44,1.44,Pass
7022,1673676,HK161_PH1003_L03,PH1003,-13,False,,8.3,8.2,8.9,,8.4,B+,3.5,True,3.15,3.15,Pass
7023,1662050,HK161_PH1003_L03,PH1003,-13,False,,7.2,7.6,8.7,,7.7,B,3.0,True,3.29,3.29,Pass
7024,1636957,HK161_PH1003_L03,PH1003,-13,False,,8.8,8.6,8.0,,8.5,A,4.0,True,3.56,3.56,Pass
7025,1678558,HK161_PH1003_L03,PH1003,-13,False,,6.0,5.6,7.4,,6.0,C,2.0,True,1.56,1.56,Pass
7026,1656630,HK161_PH1003_L03,PH1003,-13,False,,6.1,5.6,7.0,,6.0,C,2.0,True,2.18,2.18,Pass
7027,1644611,HK161_PH1003_L03,PH1003,-13,False,,8.1,6.4,9.0,,7.3,B,3.0,True,3.18,3.18,Pass
7028,1624131,HK161_PH1003_L03,PH1003,-13,False,,4.9,6.4,6.3,,6.1,C,2.0,True,1.91,1.91,Pass
7029,1639853,HK161_PH1003_L03,PH1003,-13,False,,7.9,9.1,8.7,,8.8,A,4.0,True,3.35,3.35,Pass
7030,1616870,HK161_PH1003_L03,PH1003,-13,False,,6.4,7.6,6.1,,7.1,B,3.0,True,3.0,3.0,Pass
7031,1606961,HK161_PH1003_L03,PH1003,-13,False,,6.7,7.0,7.9,,7.1,B,3.0,True,3.21,3.21,Pass
7032,1612505,HK161_PH1003_L03,PH1003,-13,False,,7.7,6.9,8.1,,7.3,B,3.0,True,3.06,3.06,Pass
7033,1666932,HK161_PH1003_L03,PH1003,-13,False,,6.2,5.6,5.9,,5.8,C,2.0,True,1.56,1.56,Pass
7034,1600879,HK161_PH1003_L03,PH1003,-13,False,,8.2,8.1,8.3,,8.2,B+,3.5,True,3.44,3.44,Pass
7035,1613560,HK161_PH1003_L03,PH1003,-13,False,,7.0,6.2,7.2,,6.6,C+,2.5,True,3.06,3.06,Pass
7036,1668132,HK161_PH1003_L03,PH1003,-13,False,,9.9,7.2,7.2,,7.7,B,3.0,True,3.29,3.29,Pass
7037,1697983,HK161_PH1003_L03,PH1003,-13,False,,7.8,7.7,8.5,,7.9,B,3.0,True,3.0,3.0,Pass
7038,1653858,HK161_PH1003_L03,PH1003,-13,False,,7.3,4.5,7.3,,5.6,C,2.0,True,1.53,1.53,Pass
7039,1672083,HK161_PH1003_L03,PH1003,-13,False,,9.5,8.1,7.3,,8.2,B+,3.5,True,3.38,3.38,Pass
7040,1603134,HK161_PH1003_L03,PH1003,-13,False,,5.7,5.9,5.6,,5.8,C,2.0,True,1.53,1.53,Pass
7041,1603920,HK161_PH1003_L03,PH1003,-13,False,,5.9,4.4,6.1,,5.0,D+,1.5,True,1.59,1.59,Pass
7042,1637474,HK161_PH1003_L03,PH1003,-13,False,,6.2,7.8,9.5,,7.8,B,3.0,True,3.09,3.09,Pass
7043,1664698,HK161_PH1003_L03,PH1003,-13,False,,7.0,6.7,7.1,,6.8,C+,2.5,True,2.88,2.88,Pass
7044,1643287,HK161_PH1003_L03,PH1003,-13,False,,4.5,6.0,5.1,,5.5,C,2.0,True,1.91,1.91,Pass
7045,1673945,HK161_PH1003_L03,PH1003,-13,False,,8.0,8.7,7.3,,8.3,B+,3.5,True,3.29,3.29,Pass
7046,1691115,HK161_PH1003_L03,PH1003,-13,False,,5.3,5.3,6.8,,5.6,C,2.0,True,2.15,2.15,Pass
7047,1602865,HK161_PH1003_L03,PH1003,-13,False,,5.8,6.9,5.7,,6.4,C+,2.5,True,2.06,2.06,Pass
7048,1699038,HK161_PH1003_L03,PH1003,-13,False,,7.1,6.5,6.6,,6.6,C+,2.5,True,2.32,2.32,Pass
7049,1639460,HK161_PH1003_L03,PH1003,-13,False,,5.9,6.6,6.7,,6.5,C+,2.5,True,2.15,2.15,Pass
7050,1618856,HK161_PH1003_L03,PH1003,-13,False,,8.2,9.2,8.1,,8.8,A,4.0,True,3.47,3.47,Pass
7051,1640246,HK161_PH1003_L03,PH1003,-13,False,,6.9,7.2,8.9,,7.5,B,3.0,True,3.18,3.18,Pass
7052,1670759,HK161_PH1003_L03,PH1003,-13,False,,9.0,6.6,9.0,,7.6,B,3.0,True,3.56,3.56,Pass
7053,1673800,HK161_PH1003_L03,PH1003,-13,False,,6.2,6.8,4.7,,6.3,C,2.0,True,2.15,2.15,Pass
7054,1609071,HK161_PH1003_L03,PH1003,-13,False,,7.8,7.5,7.1,,7.5,B,3.0,True,2.97,2.97,Pass
7055,1625848,HK161_PH1003_L03,PH1003,-13,False,,8.3,8.1,9.2,,8.4,B+,3.5,True,3.41,3.41,Pass
7056,1664822,HK161_PH1003_L03,PH1003,-13,False,,7.6,7.1,7.0,,7.2,B,3.0,True,3.09,3.09,Pass
7057,1678827,HK161_PH1003_L03,PH1003,-13,False,,4.7,4.9,5.1,,4.9,D,1.0,True,1.68,1.68,Pass
7058,1689915,HK161_PH1003_L03,PH1003,-13,False,,7.1,7.0,7.5,,7.1,B,3.0,True,2.65,2.65,Pass
7059,1616208,HK161_PH1003_L03,PH1003,-13,False,,6.8,9.5,7.8,,8.6,A,4.0,True,3.24,3.24,Pass
7060,1680006,HK161_PH1003_L03,PH1003,-13,False,,6.8,6.7,7.3,,6.8,C+,2.5,True,2.29,2.29,Pass
7061,1678951,HK161_PH1003_L03,PH1003,-13,False,,6.4,5.8,7.6,,6.3,C,2.0,True,1.91,1.91,Pass
7062,1637743,HK161_PH1003_L03,PH1003,-13,False,,5.3,5.9,5.8,,5.8,C,2.0,True,1.62,1.62,Pass
7063,1629944,HK161_PH1003_L03,PH1003,-13,False,,6.3,6.9,6.6,,6.7,C+,2.5,True,2.62,2.62,Pass
7064,1618980,HK161_PH1003_L03,PH1003,-13,False,,7.3,7.6,5.7,,7.2,B,3.0,True,3.38,3.38,Pass
7065,1697321,HK161_PH1003_L03,PH1003,-13,False,,7.7,5.5,7.6,,6.4,C+,2.5,True,2.38,2.38,Pass
7066,1644342,HK161_PH1003_L03,PH1003,-13,False,,8.2,8.0,8.1,,8.1,B+,3.5,True,3.29,3.29,Pass
7067,1642625,HK161_PH1003_L03,PH1003,-13,False,,5.7,6.0,6.0,,5.9,C,2.0,True,1.66,1.66,Pass
7068,1680813,HK161_PH1003_L03,PH1003,-13,False,,8.1,7.8,7.1,,7.7,B,3.0,True,3.18,3.18,Pass
7069,1684640,HK161_PH1003_L03,PH1003,-13,False,,7.3,7.5,4.9,,6.9,C+,2.5,True,2.29,2.29,Pass
7070,1651355,HK161_PH1003_L03,PH1003,-13,False,,7.3,7.0,6.8,,7.0,B,3.0,True,2.71,2.71,Pass
7071,1661512,HK161_PH1003_L03,PH1003,-13,False,,7.8,9.1,8.3,,8.7,A,4.0,True,3.24,3.24,Pass
7072,1687805,HK161_PH1003_L03,PH1003,-13,False,,8.4,8.4,8.2,,8.4,B+,3.5,True,3.44,3.44,Pass
7073,1688343,HK161_PH1003_L03,PH1003,-13,False,,8.6,8.6,8.2,,8.5,A,4.0,True,3.47,3.47,Pass
7074,1667594,HK161_PH1003_L03,PH1003,-13,False,,7.3,8.0,7.5,,7.8,B,3.0,True,3.0,3.0,Pass
7075,1680668,HK161_PH1003_L03,PH1003,-13,False,,7.4,7.2,7.2,,7.2,B,3.0,True,3.09,3.09,Pass
7076,1644218,HK161_PH1003_L03,PH1003,-13,False,,8.2,6.6,7.1,,7.0,B,3.0,True,2.74,2.74,Pass
7077,1642501,HK161_PH1003_L03,PH1003,-13,False,,9.1,7.8,7.8,,8.1,B+,3.5,True,3.32,3.32,Pass
7078,1630999,HK161_PH1003_L03,PH1003,-13,False,,5.4,5.8,6.3,,5.8,C,2.0,True,2.29,2.29,Pass
7079,1680937,HK161_PH1003_L03,PH1003,-13,False,,8.0,8.3,6.8,,7.9,B,3.0,True,3.29,3.29,Pass
7080,1669704,HK161_PH1003_L03,PH1003,-13,False,,8.3,7.5,6.6,,7.5,B,3.0,True,3.09,3.09,Pass
7081,1684371,HK161_PH1003_L03,PH1003,-13,False,,4.5,5.4,5.1,,5.2,D+,1.5,True,1.88,1.88,Pass
7082,1621897,HK161_PH1003_L03,PH1003,-13,False,,8.4,7.9,9.4,,8.3,B+,3.5,True,3.32,3.32,Pass
7083,1615815,HK161_PH1003_L03,PH1003,-13,False,,8.8,8.6,9.2,,8.8,A,4.0,True,3.53,3.53,Pass
7084,1685695,HK161_PH1003_L03,PH1003,-13,False,,8.6,9.1,9.3,,9.0,A,4.0,True,3.74,3.74,Pass
7085,1613043,HK161_PH1003_L03,PH1003,-13,False,,8.2,9.1,6.8,,8.5,A,4.0,True,3.62,3.62,Pass
7086,1613167,HK161_PH1003_L03,PH1003,-13,False,,7.1,7.8,8.5,,7.8,B,3.0,True,3.56,3.56,Pass
7087,1625724,HK161_PH1003_L03,PH1003,-13,False,,9.3,8.1,9.1,,8.5,A,4.0,True,4.0,4.0,Pass
7088,1650031,HK161_PH1003_L03,PH1003,-13,False,,6.4,7.9,6.8,,7.4,B,3.0,True,3.15,3.15,Pass
7089,1624400,HK161_PH1003_L03,PH1003,-13,False,,5.0,6.2,7.0,,6.1,C,2.0,True,2.15,2.15,Pass
7090,1641177,HK161_PH1003_L03,PH1003,-13,False,,8.1,8.3,6.7,,7.9,B,3.0,True,3.26,3.26,Pass
7091,1665091,HK161_PH1003_L03,PH1003,-13,False,,8.0,7.6,7.9,,7.7,B,3.0,True,3.26,3.26,Pass
7092,1678434,HK161_PH1003_L03,PH1003,-13,False,,9.3,8.1,8.0,,8.3,B+,3.5,True,3.29,3.29,Pass
7093,1621752,HK161_PH1003_L03,PH1003,-13,False,,7.1,7.0,7.8,,7.2,B,3.0,True,2.42,2.42,Pass
7094,1641570,HK161_PH1003_L03,PH1003,-13,False,,7.7,7.7,7.6,,7.7,B,3.0,True,3.41,3.41,Pass
7095,1691777,HK161_PH1003_L03,PH1003,-13,False,,9.6,10.0,10.0,,9.9,A+,4.0,True,4.0,4.0,Pass
7096,1677772,HK161_PH1003_L03,PH1003,-13,False,,8.0,6.7,7.1,,7.0,B,3.0,True,2.97,2.97,Pass
7097,1674462,HK161_PH1003_L03,PH1003,-13,False,,10.0,10.0,9.7,,9.9,A+,4.0,True,3.91,3.91,Pass
7098,1626510,HK161_PH1003_L03,PH1003,-13,False,,8.5,7.3,7.7,,7.6,B,3.0,True,3.38,3.38,Pass
7099,1609609,HK161_PH1003_L03,PH1003,-13,False,,9.2,8.4,7.9,,8.5,A,4.0,True,3.47,3.47,Pass
7100,1650693,HK161_PH1003_L03,PH1003,-13,False,,7.2,8.0,8.9,,8.0,B+,3.5,True,3.12,3.12,Pass
7101,1635633,HK161_PH1003_L03,PH1003,-13,False,,6.7,9.3,8.9,,8.7,A,4.0,True,3.38,3.38,Pass
7102,1694549,HK161_PH1003_L03,PH1003,-13,False,,8.6,9.7,8.6,,9.3,A,4.0,True,4.0,4.0,Pass
7103,1675000,HK161_PH1003_L03,PH1003,-13,False,,6.6,6.9,5.8,,6.6,C+,2.5,True,2.79,2.79,Pass
7104,1647383,HK161_PH1003_L03,PH1003,-13,False,,7.2,7.2,5.7,,6.9,C+,2.5,True,2.76,2.76,Pass
7105,1617263,HK161_PH1003_L03,PH1003,-13,False,,6.3,4.2,4.4,,4.7,D,1.0,True,1.29,1.29,Pass
7106,1659009,HK161_PH1003_L03,PH1003,-13,False,,7.0,6.6,8.2,,7.0,B,3.0,True,3.0,3.0,Pass
7107,1620035,HK161_PH1003_L03,PH1003,-13,False,,4.2,6.4,3.7,,5.4,D+,1.5,True,1.38,1.38,Pass
7108,1664429,HK161_PH1003_L03,PH1003,-13,False,,6.3,6.7,6.6,,6.6,C+,2.5,True,2.03,2.03,Pass
7109,1673407,HK161_PH1003_L03,PH1003,-13,False,,7.4,5.2,5.3,,5.7,C,2.0,True,1.82,1.82,Pass
7110,1697714,HK161_PH1003_L03,PH1003,-13,False,,5.0,6.7,6.9,,6.4,C+,2.5,True,2.68,2.68,Pass
7111,1693887,HK161_PH1003_L03,PH1003,-13,False,,6.7,8.0,8.1,,7.8,B,3.0,True,3.03,3.03,Pass
7112,1678165,HK161_PH1003_L03,PH1003,-13,False,,6.2,7.0,8.2,,7.1,B,3.0,True,2.69,2.69,Pass
7113,1644487,HK161_PH1003_L03,PH1003,-13,False,,5.2,5.7,5.8,,5.6,C,2.0,True,1.79,1.79,Pass
7114,1629551,HK161_PH1003_L03,PH1003,-13,False,,5.5,8.0,6.8,,7.3,B,3.0,True,2.56,2.56,Pass
7115,1675517,HK161_PH1003_L04,PH1003,-13,False,,9.2,6.1,9.8,,7.5,B,3.0,True,3.47,3.47,Pass
7116,1695335,HK161_PH1003_L04,PH1003,-13,False,,9.1,8.5,7.7,,8.5,A,4.0,True,3.71,3.71,Pass
7117,1696266,HK161_PH1003_L04,PH1003,-13,False,,6.9,6.1,7.0,,6.4,C+,2.5,True,2.32,2.32,Pass
7118,1666808,HK161_PH1003_L04,PH1003,-13,False,,7.2,7.3,7.2,,7.3,B,3.0,True,2.53,2.53,Pass
7119,1667863,HK161_PH1003_L04,PH1003,-13,False,,8.3,8.3,9.2,,8.5,A,4.0,True,3.06,3.06,Pass
7120,1658616,HK161_PH1003_L04,PH1003,-13,False,,7.0,6.6,7.4,,6.8,C+,2.5,True,2.62,2.62,Pass
7121,1659671,HK161_PH1003_L04,PH1003,-13,False,,8.7,8.6,7.9,,8.5,A,4.0,True,3.59,3.59,Pass
7122,1632716,HK161_PH1003_L04,PH1003,-13,False,,8.5,8.1,9.7,,8.5,A,4.0,True,3.59,3.59,Pass
7123,1623614,HK161_PH1003_L04,PH1003,-13,False,,8.0,6.7,7.6,,7.1,B,3.0,True,3.12,3.12,Pass
7124,1675393,HK161_PH1003_L04,PH1003,-13,False,,7.3,8.1,9.5,,8.2,B+,3.5,True,3.62,3.62,Pass
7125,1683316,HK161_PH1003_L04,PH1003,-13,False,,8.3,7.2,8.6,,7.7,B,3.0,True,3.03,3.03,Pass
7126,1641839,HK161_PH1003_L04,PH1003,-13,False,,7.5,8.7,7.4,,8.2,B+,3.5,True,3.24,3.24,Pass
7127,1650424,HK161_PH1003_L04,PH1003,-13,False,,6.5,8.0,9.3,,8.0,B+,3.5,True,3.38,3.38,Pass
7128,1657168,HK161_PH1003_L04,PH1003,-13,False,,3.5,4.2,4.2,,4.1,D,1.0,True,1.0,1.14,Pass
7129,1693225,HK161_PH1003_L04,PH1003,-13,False,,7.8,7.6,8.2,,7.8,B,3.0,True,3.32,3.32,Pass
7130,1677110,HK161_PH1003_L04,PH1003,-13,False,,8.1,9.4,7.3,,8.7,A,4.0,True,3.53,3.53,Pass
7131,1672352,HK161_PH1003_L04,PH1003,-13,False,,8.4,7.2,7.7,,7.5,B,3.0,True,3.26,3.26,Pass
7132,1657023,HK161_PH1003_L04,PH1003,-13,False,,5.6,5.9,6.5,,6.0,C,2.0,True,1.75,1.75,Pass
7133,1643018,HK161_PH1003_L04,PH1003,-13,False,,8.9,6.8,8.4,,7.5,B,3.0,True,3.26,3.26,Pass
7134,1646204,HK161_PH1003_L04,PH1003,-13,False,,8.1,7.8,5.9,,7.5,B,3.0,True,2.62,2.62,Pass
7135,1632199,HK161_PH1003_L04,PH1003,-13,False,,9.4,8.0,8.5,,8.4,B+,3.5,True,3.32,3.32,Pass
7136,1602472,HK161_PH1003_L04,PH1003,-13,False,,4.9,4.5,5.5,,4.8,D,1.0,True,1.38,1.38,Pass
7137,1622952,HK161_PH1003_L04,PH1003,-13,False,,5.7,5.0,5.2,,5.2,D+,1.5,True,1.79,1.79,Pass
7138,1650155,HK161_PH1003_L04,PH1003,-13,False,,7.7,7.8,7.4,,7.7,B,3.0,True,3.26,3.26,Pass
7139,1651210,HK161_PH1003_L04,PH1003,-13,False,,5.9,6.5,6.1,,6.3,C,2.0,True,1.85,1.85,Pass
7140,1639584,HK161_PH1003_L04,PH1003,-13,False,,8.3,7.0,6.9,,7.2,B,3.0,True,3.29,3.29,Pass
7141,1622807,HK161_PH1003_L04,PH1003,-13,False,,8.2,8.4,8.4,,8.4,B+,3.5,True,3.79,3.79,Pass
7142,1628765,HK161_PH1003_L04,PH1003,-13,False,,8.9,8.8,8.3,,8.7,A,4.0,True,3.65,3.65,Pass
7143,1674338,HK161_PH1003_L04,PH1003,-13,False,,6.5,6.8,6.3,,6.6,C+,2.5,True,1.85,1.85,Pass
7144,1635240,HK161_PH1003_L04,PH1003,-13,False,,6.5,4.7,8.0,,5.7,C,2.0,True,2.03,2.03,Pass
7145,1659795,HK161_PH1003_L04,PH1003,-13,False,,8.3,8.1,7.9,,8.1,B+,3.5,True,3.62,3.62,Pass
7146,1656237,HK161_PH1003_L04,PH1003,-13,False,,6.5,7.2,6.2,,6.9,C+,2.5,True,2.32,2.32,Pass
7147,1699307,HK161_PH1003_L04,PH1003,-13,False,,6.3,7.6,6.0,,7.0,B,3.0,True,2.32,2.32,Pass
7148,1675124,HK161_PH1003_L04,PH1003,-13,False,,5.7,5.4,7.0,,5.8,C,2.0,True,2.06,2.06,Pass
7149,1668649,HK161_PH1003_L04,PH1003,-13,False,,8.4,8.7,7.7,,8.4,B+,3.5,True,3.29,3.29,Pass
7150,1610126,HK161_PH1003_L04,PH1003,-13,False,,8.3,7.7,8.3,,7.9,B,3.0,True,3.29,3.29,Pass
7151,1697052,HK161_PH1003_L04,PH1003,-13,False,,8.0,7.8,7.2,,7.7,B,3.0,True,3.12,3.12,Pass
7152,1656506,HK161_PH1003_L04,PH1003,-13,False,,7.1,6.0,6.6,,6.3,C,2.0,True,2.0,2.0,Pass
7153,1632592,HK161_PH1003_L04,PH1003,-13,False,,5.9,5.7,8.1,,6.2,C,2.0,True,2.38,2.38,Pass
7154,1654644,HK161_PH1003_L04,PH1003,-13,False,,7.4,9.3,7.5,,8.6,A,4.0,True,3.62,3.62,Pass
7155,1604313,HK161_PH1003_L04,PH1003,-13,False,,8.4,7.7,8.4,,8.0,B+,3.5,True,3.53,3.53,Pass
7156,1633916,HK161_PH1003_L04,PH1003,-13,False,,7.5,8.2,7.6,,7.9,B,3.0,True,3.09,3.09,Pass
7157,1607499,HK161_PH1003_L04,PH1003,-13,False,,7.0,8.7,7.0,,8.0,B+,3.5,True,3.0,3.0,Pass
7158,1698376,HK161_PH1003_L04,PH1003,-13,False,,7.8,8.4,8.7,,8.3,B+,3.5,True,3.44,3.44,Pass
7159,1694673,HK161_PH1003_L04,PH1003,-13,False,,4.5,3.9,4.3,,4.1,D,1.0,True,0.58,1.0,Pass
7160,1650548,HK161_PH1003_L04,PH1003,-13,False,,5.2,7.4,8.0,,7.1,B,3.0,True,2.79,2.79,Pass
7161,1661388,HK161_PH1003_L04,PH1003,-13,False,,4.7,6.5,5.1,,5.9,C,2.0,True,1.68,1.68,Pass
7162,1684247,HK161_PH1003_L04,PH1003,-13,False,,3.8,5.4,4.6,,4.9,D,1.0,True,1.26,1.26,Pass
7163,1629427,HK161_PH1003_L04,PH1003,-13,False,,7.7,9.1,7.7,,8.5,A,4.0,True,3.44,3.44,Pass
7164,1605906,HK161_PH1003_L04,PH1003,-13,False,,6.8,8.0,6.8,,7.5,B,3.0,True,2.79,2.79,Pass
7165,1651086,HK161_PH1003_L04,PH1003,-13,False,,6.0,6.5,7.7,,6.6,C+,2.5,True,2.62,2.62,Pass
7166,1630337,HK161_PH1003_L04,PH1003,-13,False,,6.7,5.2,5.5,,5.6,C,2.0,True,2.03,2.03,Pass
7167,1665608,HK161_PH1003_L04,PH1003,-13,False,,7.7,9.0,8.1,,8.6,A,4.0,True,3.53,3.53,Pass
7168,1643949,HK161_PH1003_L04,PH1003,-13,False,,5.9,6.4,7.8,,6.6,C+,2.5,True,2.41,2.41,Pass
7169,1666539,HK161_PH1003_L04,PH1003,-13,False,,6.6,7.2,8.1,,7.3,B,3.0,True,3.18,3.18,Pass
7170,1628496,HK161_PH1003_L04,PH1003,-13,False,,8.6,7.3,8.3,,7.8,B,3.0,True,3.12,3.12,Pass
7171,1641446,HK161_PH1003_L04,PH1003,-13,False,,8.2,8.8,8.4,,8.6,A,4.0,True,3.53,3.53,Pass
7172,1632861,HK161_PH1003_L04,PH1003,-13,False,,7.2,6.8,8.0,,7.1,B,3.0,True,2.74,2.74,Pass
7173,1639729,HK161_PH1003_L04,PH1003,-13,False,,7.2,7.6,8.0,,7.6,B,3.0,True,3.03,3.03,Pass
7174,1634702,HK161_PH1003_L04,PH1003,-13,False,,8.7,8.5,8.7,,8.6,A,4.0,True,3.44,3.44,Pass
7175,1618194,HK161_PH1003_L04,PH1003,-13,False,,7.0,6.1,6.0,,6.3,C,2.0,True,2.18,2.18,Pass
7176,1674855,HK161_PH1003_L04,PH1003,-13,False,,5.8,4.8,6.0,,5.2,D+,1.5,True,2.06,2.06,Pass
7177,1615153,HK161_PH1003_L04,PH1003,-13,False,,7.4,6.5,7.6,,6.9,C+,2.5,True,2.47,2.47,Pass
7178,1611719,HK161_PH1003_L04,PH1003,-13,False,,8.4,6.5,8.3,,7.2,B,3.0,True,3.18,3.18,Pass
7179,1683192,HK161_PH1003_L04,PH1003,-13,False,,6.8,6.9,5.7,,6.6,C+,2.5,True,2.21,2.21,Pass
7180,1690060,HK161_PH1003_L04,PH1003,-13,False,,8.1,5.8,7.1,,6.5,C+,2.5,True,3.06,3.06,Pass
7181,1607230,HK161_PH1003_L04,PH1003,-13,False,,5.3,4.8,4.2,,4.8,D,1.0,True,1.59,1.59,Pass
7182,1671566,HK161_PH1003_L04,PH1003,-13,False,,6.9,6.6,5.9,,6.5,C+,2.5,True,2.32,2.32,Pass
7183,1650817,HK161_PH1003_L04,PH1003,-13,False,,7.9,7.6,7.7,,7.7,B,3.0,True,3.41,3.41,Pass
7184,1604458,HK161_PH1003_L04,PH1003,-13,False,,5.7,6.4,5.2,,6.0,C,2.0,True,2.18,2.18,Pass
7185,1651748,HK161_PH1003_L04,PH1003,-13,False,,8.5,8.5,7.1,,8.2,B+,3.5,True,3.71,3.71,Pass
7186,1686088,HK161_PH1003_L04,PH1003,-13,False,,5.4,6.3,5.9,,6.0,C,2.0,True,2.08,2.08,Pass
7187,1676179,HK161_PH1003_L04,PH1003,-13,False,,7.3,9.4,7.7,,8.6,A,4.0,True,3.41,3.41,Pass
7188,1624524,HK161_PH1003_L04,PH1003,-13,False,,7.1,8.1,6.9,,7.7,B,3.0,True,3.0,3.0,Pass
7189,1634433,HK161_PH1003_L04,PH1003,-13,False,,6.5,6.2,7.7,,6.6,C+,2.5,True,2.29,2.29,Pass
7190,1663105,HK161_PH1003_L04,PH1003,-13,False,,7.4,8.2,6.6,,7.7,B,3.0,True,3.26,3.26,Pass
7191,1616746,HK161_PH1003_L04,PH1003,-13,False,,3.8,5.2,7.2,,5.3,D+,1.5,True,1.55,1.55,Pass
7192,1684909,HK161_PH1003_L04,PH1003,-13,False,,9.4,8.9,10.0,,9.2,A,4.0,True,4.0,4.0,Pass
7193,1693494,HK161_PH1003_L04,PH1003,-13,False,,6.0,7.9,6.3,,7.2,B,3.0,True,2.59,2.59,Pass
7194,1625993,HK161_PH1003_L04,PH1003,-13,False,,8.1,6.9,6.9,,7.1,B,3.0,True,2.88,2.88,Pass
7195,1695728,HK161_PH1003_L04,PH1003,-13,False,,4.8,5.6,4.9,,5.3,D+,1.5,True,1.91,1.91,Pass
7196,1620304,HK161_PH1003_L04,PH1003,-13,False,,6.1,5.2,6.5,,5.6,C,2.0,True,2.09,2.09,Pass
7197,1651479,HK161_PH1003_L04,PH1003,-13,False,,8.2,7.0,8.6,,7.6,B,3.0,True,3.03,3.03,Pass
7198,1657685,HK161_PH1003_L04,PH1003,-13,False,,7.0,8.4,7.8,,8.0,B+,3.5,True,3.59,3.59,Pass
7199,1642108,HK161_PH1003_L04,PH1003,-13,False,,10.0,7.5,8.4,,8.2,B+,3.5,True,3.29,3.29,Pass
7200,1658347,HK161_PH1003_L04,PH1003,-13,False,,6.6,5.9,8.2,,6.5,C+,2.5,True,2.29,2.29,Pass
7201,1602741,HK161_PH1003_L04,PH1003,-13,False,,7.4,7.3,8.7,,7.6,B,3.0,True,3.26,3.26,Pass
7202,1622021,HK161_PH1003_L04,PH1003,-13,False,,8.7,7.1,7.0,,7.4,B,3.0,True,3.26,3.26,Pass
7203,1640784,HK161_PH1003_L04,PH1003,-13,False,,6.6,6.5,7.6,,6.7,C+,2.5,True,2.56,2.56,Pass
7204,1696390,HK161_PH1003_L04,PH1003,-13,False,,5.8,5.7,6.1,,5.8,C,2.0,True,2.56,2.56,Pass
7205,1633523,HK161_PH1003_L04,PH1003,-13,False,,8.2,7.8,7.3,,7.8,B,3.0,True,3.12,3.12,Pass
7206,1624276,HK161_PH1003_L04,PH1003,-13,False,,6.9,7.3,7.9,,7.3,B,3.0,True,3.29,3.29,Pass
7207,1626117,HK161_PH1003_L04,PH1003,-13,False,,7.5,7.8,7.1,,7.6,B,3.0,True,3.09,3.09,Pass
7208,1683978,HK161_PH1003_L04,PH1003,-13,False,,8.0,8.3,8.3,,8.2,B+,3.5,True,3.21,3.21,Pass
7209,1614760,HK161_PH1003_L04,PH1003,-13,False,,6.6,6.3,7.7,,6.6,C+,2.5,True,2.38,2.38,Pass
7210,1665215,HK161_PH1003_L04,PH1003,-13,False,,6.4,6.3,5.9,,6.2,C,2.0,True,1.76,1.76,Pass
7211,1623345,HK161_PH1003_L04,PH1003,-13,False,,8.1,7.8,8.9,,8.1,B+,3.5,True,3.12,3.12,Pass
7212,1646328,HK161_PH1003_L04,PH1003,-13,False,,7.7,8.2,7.9,,8.0,B+,3.5,True,3.29,3.29,Pass
7213,1607623,HK161_PH1003_L04,PH1003,-13,False,,6.9,6.7,7.2,,6.8,C+,2.5,True,2.53,2.53,Pass
7214,1697445,HK161_PH1003_L04,PH1003,-13,False,,9.3,8.4,7.4,,8.4,B+,3.5,True,3.12,3.12,Pass
7215,1609216,HK161_PH1003_L04,PH1003,-13,False,,7.3,8.2,7.9,,8.0,B+,3.5,True,3.12,3.12,Pass
7216,1612381,HK161_PH1003_L04,PH1003,-13,False,,7.5,7.9,8.7,,8.0,B+,3.5,True,3.21,3.21,Pass
7217,1625062,HK161_PH1003_L04,PH1003,-13,False,,6.4,7.0,6.5,,6.8,C+,2.5,True,2.41,2.41,Pass
7218,1670366,HK161_PH1003_L04,PH1003,-13,False,,8.6,8.2,7.5,,8.1,B+,3.5,True,2.62,2.62,Pass
7219,1628620,HK161_PH1003_L04,PH1003,-13,False,,5.3,5.6,7.3,,5.9,C,2.0,True,2.38,2.38,Pass
7220,1661781,HK161_PH1003_L04,PH1003,-13,False,,5.0,5.8,6.3,,5.7,C,2.0,True,1.68,1.68,Pass
7221,1637867,HK161_PH1003_L04,PH1003,-13,False,,7.5,7.2,6.1,,7.0,B,3.0,True,2.71,2.71,Pass
7222,1634309,HK161_PH1003_L04,PH1003,-13,False,,9.4,9.8,10.0,,9.8,A+,4.0,True,4.0,4.0,Pass
7223,1655451,HK161_PH1003_L04,PH1003,-13,False,,7.7,6.9,6.5,,7.0,B,3.0,True,2.68,2.68,Pass
7224,1633378,HK161_PH1003_L04,PH1003,-13,False,,7.8,9.3,8.5,,8.8,A,4.0,True,3.53,3.53,Pass
7225,1693618,HK161_PH1003_L04,PH1003,-13,False,,6.4,8.1,8.3,,7.8,B,3.0,True,3.18,3.18,Pass
7226,1669580,HK161_PH1003_L04,PH1003,-13,False,,7.1,8.0,7.5,,7.7,B,3.0,True,2.94,2.94,Pass
7227,1679096,HK161_PH1003_L04,PH1003,-13,False,,7.5,7.2,6.4,,7.1,B,3.0,True,2.82,2.82,Pass
7228,1621235,HK161_PH1003_L04,PH1003,-13,False,,7.2,6.8,6.9,,6.9,C+,2.5,True,2.53,2.53,Pass
7229,1684102,HK161_PH1003_L04,PH1003,-13,False,,8.9,7.9,7.9,,8.1,B+,3.5,True,3.35,3.35,Pass
7230,1660064,HK161_PH1003_L04,PH1003,-13,False,,8.9,7.4,7.3,,7.7,B,3.0,True,3.21,3.21,Pass
7231,1637081,HK161_PH1003_L04,PH1003,-13,False,,7.6,7.7,7.9,,7.7,B,3.0,True,3.18,3.18,Pass
7232,1661657,HK161_PH1003_L04,PH1003,-13,False,,7.1,7.9,7.8,,7.7,B,3.0,True,3.21,3.21,Pass
7233,1681868,HK161_PH1003_L04,PH1003,-13,False,,8.3,8.9,8.2,,8.6,A,4.0,True,3.41,3.41,Pass
7234,1629820,HK161_PH1003_L05,PH1003,-13,False,,5.4,7.5,5.6,,6.7,C+,2.5,True,2.32,2.32,Pass
7235,1648314,HK161_PH1003_L05,PH1003,-13,False,,6.6,6.7,8.7,,7.1,B,3.0,True,3.38,3.38,Pass
7236,1686626,HK161_PH1003_L05,PH1003,-13,False,,5.5,5.2,5.7,,5.4,D+,1.5,True,1.56,1.56,Pass
7237,1653465,HK161_PH1003_L05,PH1003,-13,False,,7.3,7.7,6.8,,7.4,B,3.0,True,2.44,2.44,Pass
7238,1654127,HK161_PH1003_L05,PH1003,-13,False,,7.3,7.4,7.5,,7.4,B,3.0,True,3.38,3.38,Pass
7239,1627048,HK161_PH1003_L05,PH1003,-13,False,,6.8,7.5,7.1,,7.3,B,3.0,True,2.82,2.82,Pass
7240,1681206,HK161_PH1003_L05,PH1003,-13,False,,8.0,8.3,8.8,,8.3,B+,3.5,True,3.41,3.41,Pass
7241,1690577,HK161_PH1003_L05,PH1003,-13,False,,9.6,8.5,8.8,,8.8,A,4.0,True,3.92,3.92,Pass
7242,1685964,HK161_PH1003_L05,PH1003,-13,False,,6.2,6.6,6.1,,6.4,C+,2.5,True,2.59,2.59,Pass
7243,1620180,HK161_PH1003_L05,PH1003,-13,False,,7.2,7.4,8.9,,7.7,B,3.0,True,3.41,3.41,Pass
7244,1687412,HK161_PH1003_L05,PH1003,-13,False,,7.9,7.1,7.2,,7.3,B,3.0,True,3.0,3.0,Pass
7245,1685819,HK161_PH1003_L05,PH1003,-13,False,,7.5,8.2,8.1,,8.0,B+,3.5,True,3.62,3.62,Pass
7246,1611843,HK161_PH1003_L05,PH1003,-13,False,,8.1,9.2,7.9,,8.7,A,4.0,True,3.41,3.41,Pass
7247,1606837,HK161_PH1003_L05,PH1003,-13,False,,7.3,7.2,7.4,,7.3,B,3.0,True,3.5,3.5,Pass
7248,1691901,HK161_PH1003_L05,PH1003,-13,False,,7.2,6.8,8.1,,7.1,B,3.0,True,3.0,3.0,Pass
7249,1682385,HK161_PH1003_L05,PH1003,-13,False,,7.3,7.3,5.8,,7.0,B,3.0,True,3.09,3.09,Pass
7250,1615277,HK161_PH1003_L05,PH1003,-13,False,,7.8,6.5,7.3,,6.9,C+,2.5,True,2.29,2.29,Pass
7251,1611326,HK161_PH1003_L05,PH1003,-13,False,,8.5,9.3,9.5,,9.2,A,4.0,True,3.9,3.9,Pass
7252,1601686,HK161_PH1003_L05,PH1003,-13,False,,6.6,6.3,4.8,,6.1,C,2.0,True,1.94,1.94,Pass
7253,1658740,HK161_PH1003_L05,PH1003,-13,False,,8.3,6.4,7.3,,7.0,B,3.0,True,2.97,2.97,Pass
7254,1630875,HK161_PH1003_L05,PH1003,-13,False,,7.3,7.8,7.7,,7.7,B,3.0,True,3.21,3.21,Pass
7255,1603796,HK161_PH1003_L05,PH1003,-13,False,,6.8,9.2,7.3,,8.3,B+,3.5,True,3.29,3.29,Pass
7256,1662981,HK161_PH1003_L05,PH1003,-13,False,,6.6,7.1,6.5,,6.9,C+,2.5,True,1.94,1.94,Pass
7257,1660995,HK161_PH1003_L05,PH1003,-13,False,,8.0,8.6,9.5,,8.7,A,4.0,True,3.44,3.44,Pass
7258,1699969,HK161_PH1003_L05,PH1003,-13,False,,6.8,8.3,5.5,,7.4,B,3.0,True,3.12,3.12,Pass
7259,1627710,HK161_PH1003_L05,PH1003,-13,False,,8.9,9.2,7.9,,8.9,A,4.0,True,3.41,3.41,Pass
7260,1605513,HK161_PH1003_L05,PH1003,-13,False,,7.1,7.7,8.4,,7.7,B,3.0,True,3.21,3.21,Pass
7261,1651872,HK161_PH1003_L05,PH1003,-13,False,,7.0,8.0,5.8,,7.4,B,3.0,True,2.5,2.5,Pass
7262,1689253,HK161_PH1003_L05,PH1003,-13,False,,8.3,8.4,7.1,,8.1,B+,3.5,True,3.44,3.44,Pass
7263,1673014,HK161_PH1003_L05,PH1003,-13,False,,6.7,6.8,7.1,,6.8,C+,2.5,True,2.44,2.44,Pass
7264,1608554,HK161_PH1003_L05,PH1003,-13,False,,7.4,7.2,6.3,,7.1,B,3.0,True,3.26,3.26,Pass
7265,1680275,HK161_PH1003_L05,PH1003,-13,False,,9.9,8.8,8.7,,9.0,A,4.0,True,3.71,3.71,Pass
7266,1629158,HK161_PH1003_L05,PH1003,-13,False,,6.5,7.5,7.8,,7.4,B,3.0,True,2.62,2.62,Pass
7267,1609340,HK161_PH1003_L05,PH1003,-13,False,,6.6,7.9,5.5,,7.2,B,3.0,True,1.97,1.97,Pass
7268,1621359,HK161_PH1003_L05,PH1003,-13,False,,5.2,6.8,6.7,,6.5,C+,2.5,True,2.29,2.29,Pass
7269,1695211,HK161_PH1003_L05,PH1003,-13,False,,6.4,6.2,5.2,,6.0,C,2.0,True,1.89,1.89,Pass
7270,1621628,HK161_PH1003_L05,PH1003,-13,False,,5.8,7.8,9.4,,7.7,B,3.0,True,2.82,2.82,Pass
7271,1631268,HK161_PH1003_L05,PH1003,-13,False,,9.0,9.7,7.9,,9.2,A,4.0,True,3.41,3.41,Pass
7272,1661119,HK161_PH1003_L05,PH1003,-13,False,,5.2,5.9,6.5,,5.9,C,2.0,True,1.74,1.74,Pass
7273,1687681,HK161_PH1003_L05,PH1003,-13,False,,5.9,8.3,7.2,,7.6,B,3.0,True,3.32,3.32,Pass
7274,1617656,HK161_PH1003_L05,PH1003,-13,False,,8.1,8.5,9.3,,8.6,A,4.0,True,3.15,3.15,Pass
7275,1699700,HK161_PH1003_L05,PH1003,-13,False,,8.5,9.2,8.5,,8.9,A,4.0,True,3.32,3.32,Pass
7276,1645935,HK161_PH1003_L05,PH1003,-13,False,,5.7,6.4,6.1,,6.2,C,2.0,True,2.18,2.18,Pass
7277,1663891,HK161_PH1003_L05,PH1003,-13,False,,6.9,8.0,9.6,,8.1,B+,3.5,True,3.32,3.32,Pass
7278,1601541,HK161_PH1003_L05,PH1003,-13,False,,5.1,5.7,4.9,,5.4,D+,1.5,True,1.59,1.59,Pass
7279,1616601,HK161_PH1003_L05,PH1003,-13,False,,6.0,6.8,5.0,,6.3,C,2.0,True,2.06,2.06,Pass
7280,1612650,HK161_PH1003_L05,PH1003,-13,False,,7.3,8.7,8.9,,8.5,A,4.0,True,3.82,3.82,Pass
7281,1688860,HK161_PH1003_L05,PH1003,-13,False,,6.6,6.2,5.3,,6.1,C,2.0,True,2.15,2.15,Pass
7282,1676717,HK161_PH1003_L05,PH1003,-13,False,,9.0,7.5,6.8,,7.7,B,3.0,True,3.41,3.41,Pass
7283,1600755,HK161_PH1003_L05,PH1003,-13,False,,7.2,6.8,6.0,,6.7,C+,2.5,True,2.29,2.29,Pass
7284,1672621,HK161_PH1003_L05,PH1003,-13,False,,7.7,6.6,7.2,,6.9,C+,2.5,True,2.5,2.5,Pass
7285,1643163,HK161_PH1003_L05,PH1003,-13,False,,6.8,7.8,8.9,,7.8,B,3.0,True,3.32,3.32,Pass
7286,1649100,HK161_PH1003_L05,PH1003,-13,False,,8.4,9.5,6.8,,8.7,A,4.0,True,3.15,3.15,Pass
7287,1625331,HK161_PH1003_L05,PH1003,-13,False,,5.8,4.6,5.8,,5.1,D+,1.5,True,1.38,1.38,Pass
7288,1662443,HK161_PH1003_L05,PH1003,-13,False,,10.0,7.6,8.5,,8.3,B+,3.5,True,3.5,3.5,Pass
7289,1659402,HK161_PH1003_L05,PH1003,-13,False,,7.1,7.4,7.0,,7.3,B,3.0,True,2.44,2.44,Pass
7290,1636026,HK161_PH1003_L05,PH1003,-13,False,,7.8,5.6,6.5,,6.2,C,2.0,True,2.18,2.18,Pass
7291,1642232,HK161_PH1003_L05,PH1003,-13,False,,5.8,2.9,6.1,,4.1,D,1.0,True,1.68,1.68,Pass
7292,1640122,HK161_PH1003_L05,PH1003,-13,False,,8.2,7.4,8.8,,7.8,B,3.0,True,3.32,3.32,Pass
7293,1620966,HK161_PH1003_L05,PH1003,-13,False,,5.9,5.6,5.6,,5.7,C,2.0,True,1.75,1.75,Pass
7294,1696535,HK161_PH1003_L05,PH1003,-13,False,,6.6,5.7,5.2,,5.8,C,2.0,True,1.91,1.91,Pass
7295,1659278,HK161_PH1003_L05,PH1003,-13,False,,7.9,7.4,8.3,,7.7,B,3.0,True,2.91,2.91,Pass
7296,1678289,HK161_PH1003_L05,PH1003,-13,False,,8.4,7.7,8.1,,7.9,B,3.0,True,3.03,3.03,Pass
7297,1688198,HK161_PH1003_L05,PH1003,-13,False,,7.1,6.3,6.9,,6.6,C+,2.5,True,2.62,2.62,Pass
7298,1667987,HK161_PH1003_L05,PH1003,-13,False,,7.9,9.1,8.0,,8.6,A,4.0,True,3.74,3.74,Pass
7299,1617925,HK161_PH1003_L05,PH1003,-13,False,,8.5,8.9,8.6,,8.8,A,4.0,True,3.53,3.53,Pass
7300,1602079,HK161_PH1003_L05,PH1003,-13,False,,8.4,8.5,9.2,,8.6,A,4.0,True,3.65,3.65,Pass
7301,1621090,HK161_PH1003_L05,PH1003,-13,False,,4.2,6.1,4.6,,5.4,D+,1.5,True,1.68,1.68,Pass
7302,1669849,HK161_PH1003_L05,PH1003,-13,False,,6.9,7.3,6.7,,7.1,B,3.0,True,3.0,3.0,Pass
7303,1607354,HK161_PH1003_L05,PH1003,-13,False,,7.6,8.9,7.9,,8.4,B+,3.5,True,3.24,3.24,Pass
7304,1604189,HK161_PH1003_L05,PH1003,-13,False,,7.9,8.9,8.6,,8.6,A,4.0,True,3.44,3.44,Pass
7305,1689129,HK161_PH1003_L05,PH1003,-13,False,,6.3,6.0,5.1,,5.9,C,2.0,True,1.91,1.91,Pass
7306,1679613,HK161_PH1003_L05,PH1003,-13,False,,8.7,8.3,8.1,,8.3,B+,3.5,True,3.59,3.59,Pass
7307,1657292,HK161_PH1003_L05,PH1003,-13,False,,6.7,7.7,8.0,,7.6,B,3.0,True,3.09,3.09,Pass
7308,1614367,HK161_PH1003_L05,PH1003,-13,False,,6.2,6.8,5.7,,6.5,C+,2.5,True,2.32,2.32,Pass
7309,1661264,HK161_PH1003_L05,PH1003,-13,False,,8.9,10.0,9.2,,9.6,A+,4.0,True,4.0,4.0,Pass
7310,1669311,HK161_PH1003_L05,PH1003,-13,False,,7.5,7.7,7.8,,7.7,B,3.0,True,3.24,3.24,Pass
7311,1645666,HK161_PH1003_L05,PH1003,-13,False,,8.3,7.2,7.8,,7.5,B,3.0,True,3.29,3.29,Pass
7312,1639067,HK161_PH1003_L05,PH1003,-13,False,,7.0,8.7,8.4,,8.3,B+,3.5,True,3.29,3.29,Pass
7313,1652017,HK161_PH1003_L05,PH1003,-13,False,,7.7,8.6,8.4,,8.4,B+,3.5,True,3.03,3.03,Pass
7314,1655968,HK161_PH1003_L05,PH1003,-13,False,,8.2,8.7,8.6,,8.6,A,4.0,True,4.0,4.0,Pass
7315,1601417,HK161_PH1003_L05,PH1003,-13,False,,8.0,8.6,8.2,,8.4,B+,3.5,True,3.9,3.9,Pass
7316,1667470,HK161_PH1003_L05,PH1003,-13,False,,8.4,7.9,8.4,,8.1,B+,3.5,True,3.47,3.47,Pass
7317,1655306,HK161_PH1003_L05,PH1003,-13,False,,7.6,8.3,6.7,,7.8,B,3.0,True,2.59,2.59,Pass
7318,1637350,HK161_PH1003_L05,PH1003,-13,False,,8.7,6.2,7.4,,6.9,C+,2.5,True,2.82,2.82,Pass
7319,1617139,HK161_PH1003_L05,PH1003,-13,False,,7.3,7.3,9.6,,7.8,B,3.0,True,3.41,3.41,Pass
7320,1610271,HK161_PH1003_L05,PH1003,-13,False,,6.8,5.9,9.6,,6.8,C+,2.5,True,3.15,3.15,Pass
7321,1605120,HK161_PH1003_L05,PH1003,-13,False,,8.4,7.3,6.1,,7.3,B,3.0,True,2.82,2.82,Pass
7322,1669187,HK161_PH1003_L05,PH1003,-13,False,,8.2,7.3,9.1,,7.8,B,3.0,True,3.29,3.29,Pass
7323,1662712,HK161_PH1003_L05,PH1003,-13,False,,8.0,4.0,7.3,,5.5,C,2.0,True,2.68,2.68,Pass
7324,1638674,HK161_PH1003_L05,PH1003,-13,False,,6.3,5.2,3.5,,5.1,D+,1.5,True,1.55,1.55,Pass
7325,1672745,HK161_PH1003_L05,PH1003,-13,False,,8.8,5.1,8.7,,6.6,C+,2.5,True,3.47,3.47,Pass
7326,1681475,HK161_PH1003_L05,PH1003,-13,False,,7.4,6.2,6.7,,6.5,C+,2.5,True,2.53,2.53,Pass
7327,1692956,HK161_PH1003_L05,PH1003,-13,False,,6.3,7.2,5.4,,6.7,C+,2.5,True,2.03,2.03,Pass
7328,1613705,HK161_PH1003_L05,PH1003,-13,False,,6.3,5.6,5.5,,5.7,C,2.0,True,1.79,1.79,Pass
7329,1689791,HK161_PH1003_L05,PH1003,-13,False,,8.3,7.4,8.3,,7.8,B,3.0,True,3.24,3.24,Pass
7330,1616477,HK161_PH1003_L05,PH1003,-13,False,,7.0,7.1,6.0,,6.9,C+,2.5,True,2.29,2.29,Pass
7331,1633771,HK161_PH1003_L05,PH1003,-13,False,,5.7,5.1,7.1,,5.6,C,2.0,True,2.47,2.47,Pass
7332,1685302,HK161_PH1003_L05,PH1003,-13,False,,7.4,8.7,8.3,,8.4,B+,3.5,True,3.38,3.38,Pass
7333,1664160,HK161_PH1003_L05,PH1003,-13,False,,9.2,9.1,8.8,,9.1,A,4.0,True,3.5,3.5,Pass
7334,1612774,HK161_PH1003_L05,PH1003,-13,False,,7.6,7.7,8.8,,7.9,B,3.0,True,3.29,3.29,Pass
7335,1624669,HK161_PH1003_L05,PH1003,-13,False,,7.4,8.8,7.7,,8.3,B+,3.5,True,3.21,3.21,Pass
7336,1641301,HK161_PH1003_L05,PH1003,-13,False,,5.4,4.9,6.6,,5.3,D+,1.5,True,1.56,1.56,Pass
7337,1653734,HK161_PH1003_L05,PH1003,-13,False,,7.9,7.4,7.5,,7.5,B,3.0,True,3.41,3.41,Pass
7338,1655844,HK161_PH1003_L05,PH1003,-13,False,,7.5,6.0,6.1,,6.3,C,2.0,True,2.5,2.5,Pass
7339,1663374,HK161_PH1003_L05,PH1003,-13,False,,6.4,6.3,7.4,,6.5,C+,2.5,True,2.32,2.32,Pass
7340,1649762,HK161_PH1003_L05,PH1003,-13,False,,6.4,6.3,6.4,,6.3,C,2.0,True,2.76,2.76,Pass
7341,1660333,HK161_PH1003_L05,PH1003,-13,False,,7.4,7.1,8.0,,7.3,B,3.0,True,2.91,2.91,Pass
7342,1647921,HK161_PH1003_L05,PH1003,-13,False,,7.1,7.0,7.3,,7.1,B,3.0,True,2.91,2.91,Pass
7343,1679882,HK161_PH1003_L05,PH1003,-13,False,,7.9,9.9,8.6,,9.2,A,4.0,True,3.53,3.53,Pass
7344,1600486,HK161_PH1003_L05,PH1003,-13,False,,5.4,5.2,5.8,,5.4,D+,1.5,True,1.71,1.71,Pass
7345,1645397,HK161_PH1003_L05,PH1003,-13,False,,7.1,6.4,5.7,,6.4,C+,2.5,True,2.32,2.32,Pass
7346,1681330,HK161_PH1003_L05,PH1003,-13,False,,6.1,7.0,7.1,,6.8,C+,2.5,True,2.5,2.5,Pass
7347,1600093,HK161_PH1003_L05,PH1003,-13,False,,9.1,6.5,7.5,,7.2,B,3.0,True,3.18,3.18,Pass
7348,1665484,HK161_PH1003_L05,PH1003,-13,False,,5.9,7.1,5.9,,6.6,C+,2.5,True,2.03,2.03,Pass
7349,1625186,HK161_PH1003_L05,PH1003,-13,False,,6.7,7.2,7.9,,7.2,B,3.0,True,2.55,2.55,Pass
7350,1631144,HK161_PH1003_L05,PH1003,-13,False,,9.0,8.3,8.4,,8.5,A,4.0,True,3.62,3.62,Pass
7351,1618463,HK161_PH1003_L05,PH1003,-13,False,,7.6,8.0,8.0,,7.9,B,3.0,True,3.59,3.59,Pass
7352,1676572,HK161_PH1003_L05,PH1003,-13,False,,6.5,7.0,7.7,,7.0,B,3.0,True,3.18,3.18,Pass
7353,1654789,HK161_CO1005_L01,CO1005,-13,False,,8.0,8.6,,8.7,8.5,A,4.0,True,3.26,3.26,Pass
7354,1605906,HK161_CO1005_L01,CO1005,-13,False,,6.6,6.9,,6.8,6.8,C+,2.5,True,2.79,2.79,Pass
7355,1628889,HK161_CO1005_L01,CO1005,-13,False,,8.0,6.9,,7.3,7.2,B,3.0,True,3.26,3.26,Pass
7356,1609216,HK161_CO1005_L01,CO1005,-13,False,,8.1,7.4,,6.5,7.3,B,3.0,True,3.12,3.12,Pass
7357,1650548,HK161_CO1005_L01,CO1005,-13,False,,7.4,7.7,,7.1,7.5,B,3.0,True,2.79,2.79,Pass
7358,1633916,HK161_CO1005_L01,CO1005,-13,False,,6.6,9.2,,7.5,8.2,B+,3.5,True,3.09,3.09,Pass
7359,1659671,HK161_CO1005_L01,CO1005,-13,False,,8.5,8.3,,8.5,8.4,B+,3.5,True,3.59,3.59,Pass
7360,1604975,HK161_CO1005_L01,CO1005,-13,False,,6.0,5.1,,5.7,5.5,C,2.0,True,2.5,2.5,Pass
7361,1675124,HK161_CO1005_L01,CO1005,-13,False,,6.1,4.7,,4.2,4.8,D,1.0,True,2.06,2.06,Pass
7362,1666270,HK161_CO1005_L01,CO1005,-13,False,,6.0,6.2,,6.4,6.2,C,2.0,True,2.62,2.62,Pass
7363,1685819,HK161_CO1005_L01,CO1005,-13,False,,6.8,6.5,,8.4,7.1,B,3.0,True,3.62,3.62,Pass
7364,1622683,HK161_CO1005_L01,CO1005,-13,False,,6.6,6.6,,7.1,6.8,C+,2.5,True,2.53,2.53,Pass
7365,1695066,HK161_CO1005_L01,CO1005,-13,False,,5.3,5.9,,5.3,5.6,C,2.0,True,2.53,2.53,Pass
7366,1664036,HK161_CO1005_L01,CO1005,-13,False,,5.3,6.7,,6.2,6.3,C,2.0,True,2.35,2.35,Pass
7367,1678434,HK161_CO1005_L01,CO1005,-13,False,,8.0,6.9,,8.5,7.6,B,3.0,True,3.29,3.29,Pass
7368,1669311,HK161_CO1005_L01,CO1005,-13,False,,8.7,5.8,,7.0,6.7,C+,2.5,True,3.24,3.24,Pass
7369,1662712,HK161_CO1005_L01,CO1005,-13,False,,6.9,6.9,,7.0,6.9,C+,2.5,True,2.68,2.68,Pass
7370,1658223,HK161_CO1005_L01,CO1005,-13,False,,7.6,8.8,,8.2,8.4,B+,3.5,True,3.82,3.82,Pass
7371,1621752,HK161_CO1005_L01,CO1005,-13,False,,5.8,6.6,,6.3,6.3,C,2.0,True,2.42,2.42,Pass
7372,1641839,HK161_CO1005_L01,CO1005,-13,False,,7.2,7.8,,5.3,6.9,C+,2.5,True,3.24,3.24,Pass
7373,1691901,HK161_CO1005_L01,CO1005,-13,False,,8.6,8.0,,7.9,8.1,B+,3.5,True,3.0,3.0,Pass
7374,1632054,HK161_CO1005_L01,CO1005,-13,False,,8.0,8.2,,8.2,8.2,B+,3.5,True,3.44,3.44,Pass
7375,1687412,HK161_CO1005_L01,CO1005,-13,False,,7.5,6.5,,8.6,7.3,B,3.0,True,3.0,3.0,Pass
7376,1671566,HK161_CO1005_L01,CO1005,-13,False,,5.6,6.9,,5.9,6.3,C,2.0,True,2.32,2.32,Pass
7377,1644218,HK161_CO1005_L01,CO1005,-13,False,,6.8,8.0,,6.3,7.2,B,3.0,True,2.74,2.74,Pass
7378,1646597,HK161_CO1005_L01,CO1005,-13,False,,5.1,8.5,,7.1,7.4,B,3.0,True,3.29,3.29,Pass
7379,1646204,HK161_CO1005_L01,CO1005,-13,False,,6.2,5.0,,7.0,5.8,C,2.0,True,2.62,2.62,Pass
7380,1605120,HK161_CO1005_L01,CO1005,-13,False,,6.3,7.6,,7.0,7.2,B,3.0,True,2.82,2.82,Pass
7381,1694942,HK161_CO1005_L01,CO1005,-13,False,,6.2,7.2,,6.6,6.8,C+,2.5,True,2.68,2.68,Pass
7382,1687143,HK161_CO1005_L01,CO1005,-13,False,,9.1,8.0,,7.1,8.0,B+,3.5,True,3.41,3.41,Pass
7383,1623738,HK161_CO1005_L01,CO1005,-13,False,,5.7,6.0,,5.0,5.6,C,2.0,True,2.06,2.06,Pass
7384,1607230,HK161_CO1005_L01,CO1005,-13,False,,5.0,6.2,,3.9,5.3,D+,1.5,True,1.59,1.59,Pass
7385,1601148,HK161_CO1005_L01,CO1005,-13,False,,6.1,7.2,,6.6,6.8,C+,2.5,True,2.53,2.53,Pass
7386,1623614,HK161_CO1005_L01,CO1005,-13,False,,7.5,7.4,,7.6,7.5,B,3.0,True,3.12,3.12,Pass
7387,1683585,HK161_CO1005_L01,CO1005,-13,False,,9.2,7.5,,8.0,8.0,B+,3.5,True,3.09,3.09,Pass
7388,1636150,HK161_CO1005_L01,CO1005,-13,False,,7.0,9.0,,7.3,8.1,B+,3.5,True,3.21,3.21,Pass
7389,1644611,HK161_CO1005_L01,CO1005,-13,False,,8.2,8.5,,7.3,8.1,B+,3.5,True,3.18,3.18,Pass
7390,1627834,HK161_CO1005_L01,CO1005,-13,False,,4.9,5.1,,4.4,4.8,D,1.0,True,1.62,1.62,Pass
7391,1631268,HK161_CO1005_L01,CO1005,-13,False,,9.5,7.7,,6.3,7.6,B,3.0,True,3.41,3.41,Pass
7392,1694549,HK161_CO1005_L01,CO1005,-13,False,,8.8,8.7,,9.6,9.0,A,4.0,True,4.0,4.0,Pass
7393,1649762,HK161_CO1005_L01,CO1005,-13,False,,7.2,7.4,,6.5,7.1,B,3.0,True,2.76,2.76,Pass
7394,1672352,HK161_CO1005_L01,CO1005,-13,False,,8.3,7.6,,5.9,7.2,B,3.0,True,3.26,3.26,Pass
7395,1627441,HK161_CO1005_L01,CO1005,-13,False,,7.0,7.1,,7.2,7.1,B,3.0,True,2.62,2.62,Pass
7396,1630337,HK161_CO1005_L01,CO1005,-13,False,,5.3,5.6,,4.3,5.1,D+,1.5,True,2.03,2.03,Pass
7397,1689522,HK161_CO1005_L01,CO1005,-13,False,,8.1,7.4,,7.8,7.7,B,3.0,True,3.65,3.65,Pass
7398,1685964,HK161_CO1005_L01,CO1005,-13,False,,7.9,7.9,,6.9,7.6,B,3.0,True,2.59,2.59,Pass
7399,1614098,HK161_CO1005_L01,CO1005,-13,False,,8.2,9.8,,9.3,9.3,A,4.0,True,4.0,4.0,Pass
7400,1634578,HK161_CO1005_L01,CO1005,-13,False,,6.5,6.1,,8.0,6.8,C+,2.5,True,3.65,3.65,Pass
7401,1698500,HK161_CO1005_L01,CO1005,-13,False,,8.5,8.5,,7.5,8.2,B+,3.5,True,3.82,3.82,Pass
7402,1651748,HK161_CO1005_L01,CO1005,-13,False,,7.8,9.1,,7.0,8.2,B+,3.5,True,3.71,3.71,Pass
7403,1698107,HK161_CO1005_L01,CO1005,-13,False,,4.4,5.6,,5.7,5.4,D+,1.5,True,1.71,1.71,Pass
7404,1623076,HK161_CO1005_L01,CO1005,-13,False,,6.6,7.8,,7.5,7.5,B,3.0,True,2.74,2.74,Pass
7405,1695604,HK161_CO1005_L01,CO1005,-13,False,,6.6,6.7,,7.0,6.8,C+,2.5,True,3.12,3.12,Pass
7406,1481376,HK161_CO1005_L01,CO1005,-13,True,,4.8,1.7,,4.6,3.2,F,0.0,False,0.18,1.0,Fail
7407,1681206,HK161_CO1005_L01,CO1005,-13,False,,6.2,7.6,,9.3,7.8,B,3.0,True,3.41,3.41,Pass
7408,1676841,HK161_CO1005_L01,CO1005,-13,False,,5.5,5.1,,5.8,5.4,D+,1.5,True,1.65,1.65,Pass
7409,1676055,HK161_CO1005_L01,CO1005,-13,False,,6.5,5.6,,6.2,6.0,C,2.0,True,2.74,2.74,Pass
7410,1610395,HK161_CO1005_L01,CO1005,-13,False,,5.3,7.8,,6.9,7.0,B,3.0,True,2.47,2.47,Pass
7411,1660995,HK161_CO1005_L01,CO1005,-13,False,,6.6,8.0,,7.8,7.7,B,3.0,True,3.44,3.44,Pass
7412,1671028,HK161_CO1005_L01,CO1005,-13,False,,4.7,6.4,,6.2,6.0,C,2.0,True,2.35,2.35,Pass
7413,1646721,HK161_CO1005_L01,CO1005,-13,False,,9.8,8.6,,9.5,9.1,A,4.0,True,3.92,3.92,Pass
7414,1677110,HK161_CO1005_L01,CO1005,-13,False,,8.2,7.2,,7.7,7.6,B,3.0,True,3.53,3.53,Pass
7415,1698769,HK161_CO1005_L01,CO1005,-13,False,,6.0,5.5,,5.1,5.5,C,2.0,True,2.18,2.18,Pass
7416,1618194,HK161_CO1005_L01,CO1005,-13,False,,6.7,6.3,,6.5,6.4,C+,2.5,True,2.18,2.18,Pass
7417,1651872,HK161_CO1005_L01,CO1005,-13,False,,5.5,6.9,,7.4,6.8,C+,2.5,True,2.5,2.5,Pass
7418,1657292,HK161_CO1005_L01,CO1005,-13,False,,7.1,8.5,,7.5,7.9,B,3.0,True,3.09,3.09,Pass
7419,1685302,HK161_CO1005_L01,CO1005,-13,False,,8.8,8.6,,7.4,8.3,B+,3.5,True,3.38,3.38,Pass
7420,1692294,HK161_CO1005_L01,CO1005,-13,False,,7.1,8.3,,7.2,7.7,B,3.0,True,3.21,3.21,Pass
7421,1617532,HK161_CO1005_L01,CO1005,-13,False,,5.1,5.4,,4.9,5.2,D+,1.5,True,1.71,1.71,Pass
7422,1648438,HK161_CO1005_L01,CO1005,-13,False,,6.2,5.7,,6.8,6.1,C,2.0,True,2.09,2.09,Pass
7423,1652803,HK161_CO1005_L01,CO1005,-13,False,,6.9,6.0,,7.1,6.5,C+,2.5,True,2.68,2.68,Pass
7424,1627172,HK161_CO1005_L01,CO1005,-13,False,,7.8,6.6,,6.7,6.9,C+,2.5,True,3.03,3.03,Pass
7425,1617263,HK161_CO1005_L01,CO1005,-13,False,,5.4,4.1,,4.6,4.5,D,1.0,True,1.29,1.29,Pass
7426,1642894,HK161_CO1005_L01,CO1005,-13,False,,6.1,5.7,,4.7,5.5,C,2.0,True,1.81,1.81,Pass
7427,1651479,HK161_CO1005_L01,CO1005,-13,False,,7.5,6.6,,7.4,7.0,B,3.0,True,3.03,3.03,Pass
7428,1615422,HK161_CO1005_L01,CO1005,-13,False,,5.0,6.5,,6.4,6.2,C,2.0,True,2.53,2.53,Pass
7429,1647259,HK161_CO1005_L01,CO1005,-13,False,,6.4,6.0,,7.1,6.4,C+,2.5,True,2.47,2.47,Pass
7430,1693494,HK161_CO1005_L01,CO1005,-13,False,,5.6,7.1,,7.5,6.9,C+,2.5,True,2.59,2.59,Pass
7431,1636812,HK161_CO1005_L01,CO1005,-13,False,,7.8,8.4,,8.3,8.2,B+,3.5,True,3.5,3.5,Pass
7432,1658616,HK161_CO1005_L01,CO1005,-13,False,,7.1,5.2,,6.1,5.8,C,2.0,True,2.62,2.62,Pass
7433,1691115,HK161_CO1005_L01,CO1005,-13,False,,6.5,6.3,,5.9,6.2,C,2.0,True,2.15,2.15,Pass
7434,1633771,HK161_CO1005_L01,CO1005,-13,False,,6.3,6.3,,7.7,6.7,C+,2.5,True,2.47,2.47,Pass
7435,1696928,HK161_CO1005_L01,CO1005,-13,False,,7.1,8.2,,6.8,7.6,B,3.0,True,3.0,3.0,Pass
7436,1633523,HK161_CO1005_L01,CO1005,-13,False,,8.5,7.2,,7.8,7.6,B,3.0,True,3.12,3.12,Pass
7437,1623469,HK161_CO1005_L01,CO1005,-13,False,,7.0,5.5,,5.5,5.8,C,2.0,True,2.53,2.53,Pass
7438,1699431,HK161_CO1005_L01,CO1005,-13,False,,7.3,6.2,,5.1,6.1,C,2.0,True,2.5,2.5,Pass
7439,1602596,HK161_CO1005_L01,CO1005,-13,False,,6.8,7.7,,8.1,7.6,B,3.0,True,3.06,3.06,Pass
7440,1641570,HK161_CO1005_L01,CO1005,-13,False,,7.4,8.8,,6.9,8.0,B+,3.5,True,3.41,3.41,Pass
7441,1602079,HK161_CO1005_L01,CO1005,-13,False,,7.7,7.3,,7.7,7.5,B,3.0,True,3.65,3.65,Pass
7442,1687288,HK161_CO1005_L01,CO1005,-13,False,,8.5,9.3,,8.5,8.9,A,4.0,True,3.71,3.71,Pass
7443,1670904,HK161_CO1005_L01,CO1005,-13,False,,7.9,7.4,,7.7,7.6,B,3.0,True,3.18,3.18,Pass
7444,1699162,HK161_CO1005_L01,CO1005,-13,False,,9.1,9.9,,9.8,9.7,A+,4.0,True,4.0,4.0,Pass
7445,1661264,HK161_CO1005_L01,CO1005,-13,False,,8.7,9.2,,7.4,8.6,A,4.0,True,4.0,4.0,Pass
7446,1643825,HK161_CO1005_L01,CO1005,-13,False,,6.1,6.0,,7.2,6.4,C+,2.5,True,2.82,2.82,Pass
7447,1666146,HK161_CO1005_L01,CO1005,-13,False,,5.9,5.5,,5.0,5.4,D+,1.5,True,2.0,2.0,Pass
7448,1675517,HK161_CO1005_L01,CO1005,-13,False,,7.9,7.1,,6.4,7.0,B,3.0,True,3.47,3.47,Pass
7449,1681475,HK161_CO1005_L01,CO1005,-13,False,,7.3,6.8,,5.8,6.6,C+,2.5,True,2.53,2.53,Pass
7450,1699969,HK161_CO1005_L01,CO1005,-13,False,,8.1,6.9,,7.7,7.4,B,3.0,True,3.12,3.12,Pass
7451,1613436,HK161_CO1005_L01,CO1005,-13,False,,7.4,6.1,,7.2,6.7,C+,2.5,True,2.47,2.47,Pass
7452,1689129,HK161_CO1005_L01,CO1005,-13,False,,4.6,4.5,,4.5,4.5,D,1.0,True,1.91,1.91,Pass
7453,1692956,HK161_CO1005_L01,CO1005,-13,False,,6.7,5.3,,5.6,5.7,C,2.0,True,2.03,2.03,Pass
7454,1687681,HK161_CO1005_L01,CO1005,-13,False,,8.0,7.9,,6.8,7.6,B,3.0,True,3.32,3.32,Pass
7455,1694156,HK161_CO1005_L01,CO1005,-13,False,,7.5,9.1,,8.7,8.7,A,4.0,True,3.38,3.38,Pass
7456,1674855,HK161_CO1005_L01,CO1005,-13,False,,6.7,5.9,,6.3,6.2,C,2.0,True,2.06,2.06,Pass
7457,1643680,HK161_CO1005_L01,CO1005,-13,False,,7.0,9.1,,7.3,8.1,B+,3.5,True,3.53,3.53,Pass
7458,1620966,HK161_CO1005_L01,CO1005,-13,False,,5.5,4.7,,6.7,5.5,C,2.0,True,1.75,1.75,Pass
7459,1629551,HK161_CO1005_L01,CO1005,-13,False,,6.6,5.8,,6.3,6.1,C,2.0,True,2.56,2.56,Pass
7460,1673945,HK161_CO1005_L01,CO1005,-13,False,,7.6,8.0,,7.2,7.7,B,3.0,True,3.29,3.29,Pass
7461,1636957,HK161_CO1005_L01,CO1005,-13,False,,7.4,8.1,,7.5,7.8,B,3.0,True,3.56,3.56,Pass
7462,1607623,HK161_CO1005_L01,CO1005,-13,False,,5.6,5.5,,6.2,5.7,C,2.0,True,2.53,2.53,Pass
7463,1619518,HK161_CO1005_L01,CO1005,-13,False,,7.0,8.0,,8.2,7.9,B,3.0,True,3.41,3.41,Pass
7464,1612774,HK161_CO1005_L01,CO1005,-13,False,,7.9,8.2,,7.8,8.0,B+,3.5,True,3.29,3.29,Pass
7465,1655968,HK161_CO1005_L01,CO1005,-13,False,,9.8,9.6,,7.8,9.1,A,4.0,True,4.0,4.0,Pass
7466,1624669,HK161_CO1005_L01,CO1005,-13,False,,7.3,8.4,,6.7,7.7,B,3.0,True,3.21,3.21,Pass
7467,1693618,HK161_CO1005_L01,CO1005,-13,False,,6.5,8.2,,7.3,7.6,B,3.0,True,3.18,3.18,Pass
7468,1685426,HK161_CO1005_L01,CO1005,-13,False,,7.7,7.6,,7.8,7.7,B,3.0,True,3.18,3.18,Pass
7469,1629427,HK161_CO1005_L01,CO1005,-13,False,,7.3,6.3,,6.6,6.6,C+,2.5,True,3.44,3.44,Pass
7470,1627565,HK161_CO1005_L01,CO1005,-13,False,,6.2,7.0,,6.7,6.8,C+,2.5,True,2.41,2.41,Pass
7471,1686626,HK161_CO1005_L01,CO1005,-13,False,,5.0,4.9,,5.2,5.0,D+,1.5,True,1.56,1.56,Pass
7472,1640908,HK161_CO1005_L01,CO1005,-13,False,,5.7,6.0,,7.0,6.2,C,2.0,True,2.56,2.56,Pass
7473,1614367,HK161_CO1005_L02,CO1005,-13,False,,5.0,5.8,,6.1,5.7,C,2.0,True,2.32,2.32,Pass
7474,1629282,HK161_CO1005_L02,CO1005,-13,False,,7.7,8.3,,5.9,7.5,B,3.0,True,3.5,3.5,Pass
7475,1675786,HK161_CO1005_L02,CO1005,-13,False,,6.2,6.3,,6.5,6.3,C,2.0,True,2.94,2.94,Pass
7476,1635240,HK161_CO1005_L02,CO1005,-13,False,,4.8,5.7,,6.1,5.6,C,2.0,True,2.03,2.03,Pass
7477,1652534,HK161_CO1005_L02,CO1005,-13,False,,6.7,6.8,,6.0,6.5,C+,2.5,True,2.18,2.18,Pass
7478,1690846,HK161_CO1005_L02,CO1005,-13,False,,6.5,5.8,,6.2,6.1,C,2.0,True,2.65,2.65,Pass
7479,1683978,HK161_CO1005_L02,CO1005,-13,False,,7.6,7.7,,7.8,7.7,B,3.0,True,3.21,3.21,Pass
7480,1608016,HK161_CO1005_L02,CO1005,-13,False,,7.2,7.9,,7.9,7.8,B,3.0,True,3.5,3.5,Pass
7481,1615277,HK161_CO1005_L02,CO1005,-13,False,,6.5,5.9,,6.2,6.1,C,2.0,True,2.29,2.29,Pass
7482,1603527,HK161_CO1005_L02,CO1005,-13,False,,6.3,6.7,,6.8,6.7,C+,2.5,True,2.62,2.62,Pass
7483,1649369,HK161_CO1005_L02,CO1005,-13,False,,8.1,8.9,,7.8,8.4,B+,3.5,True,3.71,3.71,Pass
7484,1674069,HK161_CO1005_L02,CO1005,-13,False,,5.8,6.5,,6.4,6.3,C,2.0,True,2.41,2.41,Pass
7485,1607892,HK161_CO1005_L02,CO1005,-13,False,,8.6,6.4,,8.5,7.5,B,3.0,True,3.44,3.44,Pass
7486,1671690,HK161_CO1005_L02,CO1005,-13,False,,5.8,4.1,,6.4,5.1,D+,1.5,True,1.47,1.47,Pass
7487,1603796,HK161_CO1005_L02,CO1005,-13,False,,7.9,7.3,,6.8,7.3,B,3.0,True,3.29,3.29,Pass
7488,1678558,HK161_CO1005_L02,CO1005,-13,False,,4.4,4.4,,4.8,4.5,D,1.0,True,1.56,1.56,Pass
7489,1686357,HK161_CO1005_L02,CO1005,-13,False,,6.3,7.0,,6.3,6.7,C+,2.5,True,2.44,2.44,Pass
7490,1612381,HK161_CO1005_L02,CO1005,-13,False,,8.9,6.7,,8.0,7.5,B,3.0,True,3.21,3.21,Pass
7491,1673283,HK161_CO1005_L02,CO1005,-13,False,,5.6,5.0,,5.2,5.2,D+,1.5,True,2.32,2.32,Pass
7492,1651355,HK161_CO1005_L02,CO1005,-13,False,,5.8,6.9,,7.1,6.7,C+,2.5,True,2.71,2.71,Pass
7493,1643018,HK161_CO1005_L02,CO1005,-13,False,,8.0,7.8,,6.4,7.4,B,3.0,True,3.26,3.26,Pass
7494,1619642,HK161_CO1005_L02,CO1005,-13,False,,8.1,7.6,,8.3,7.9,B,3.0,True,3.24,3.24,Pass
7495,1662050,HK161_CO1005_L02,CO1005,-13,False,,8.0,7.8,,7.6,7.8,B,3.0,True,3.29,3.29,Pass
7496,1619911,HK161_CO1005_L02,CO1005,-13,False,,8.4,7.9,,7.8,8.0,B+,3.5,True,3.18,3.18,Pass
7497,1656506,HK161_CO1005_L02,CO1005,-13,False,,4.0,6.2,,4.2,5.2,D+,1.5,True,2.0,2.0,Pass
7498,1621235,HK161_CO1005_L02,CO1005,-13,False,,4.4,5.9,,6.3,5.7,C,2.0,True,2.53,2.53,Pass
7499,1698376,HK161_CO1005_L02,CO1005,-13,False,,7.9,7.5,,7.5,7.6,B,3.0,True,3.44,3.44,Pass
7500,1606568,HK161_CO1005_L02,CO1005,-13,False,,8.3,7.3,,6.8,7.3,B,3.0,True,3.29,3.29,Pass
7501,1624131,HK161_CO1005_L02,CO1005,-13,False,,5.3,5.1,,5.7,5.3,D+,1.5,True,1.91,1.91,Pass
7502,1641301,HK161_CO1005_L02,CO1005,-13,False,,5.5,5.7,,4.3,5.2,D+,1.5,True,1.56,1.56,Pass
7503,1622290,HK161_CO1005_L02,CO1005,-13,False,,8.0,7.8,,6.6,7.5,B,3.0,True,3.18,3.18,Pass
7504,1619373,HK161_CO1005_L02,CO1005,-13,False,,8.2,10.0,,7.9,9.0,A,4.0,True,3.71,3.71,Pass
7505,1625186,HK161_CO1005_L02,CO1005,-13,False,,5.8,6.5,,6.6,6.4,C+,2.5,True,2.55,2.55,Pass
7506,1613829,HK161_CO1005_L02,CO1005,-13,False,,7.1,4.1,,6.6,5.4,D+,1.5,True,2.62,2.62,Pass
7507,1625455,HK161_CO1005_L02,CO1005,-13,False,,6.4,5.4,,6.1,5.8,C,2.0,True,2.5,2.5,Pass
7508,1655451,HK161_CO1005_L02,CO1005,-13,False,,5.7,6.8,,6.8,6.6,C+,2.5,True,2.68,2.68,Pass
7509,1669187,HK161_CO1005_L02,CO1005,-13,False,,8.0,7.0,,8.2,7.6,B,3.0,True,3.29,3.29,Pass
7510,1615546,HK161_CO1005_L02,CO1005,-13,False,,8.2,8.4,,7.9,8.2,B+,3.5,True,3.06,3.06,Pass
7511,1673800,HK161_CO1005_L02,CO1005,-13,False,,5.8,5.3,,5.8,5.5,C,2.0,True,2.15,2.15,Pass
7512,1640515,HK161_CO1005_L02,CO1005,-13,False,,4.6,4.7,,5.5,4.9,D,1.0,True,1.76,1.76,Pass
7513,1661657,HK161_CO1005_L02,CO1005,-13,False,,8.2,7.3,,7.6,7.6,B,3.0,True,3.21,3.21,Pass
7514,1634040,HK161_CO1005_L02,CO1005,-13,False,,4.9,5.6,,7.5,6.0,C,2.0,True,2.5,2.5,Pass
7515,1610933,HK161_CO1005_L02,CO1005,-13,False,,7.1,6.9,,6.6,6.8,C+,2.5,True,2.85,2.85,Pass
7516,1626386,HK161_CO1005_L02,CO1005,-13,False,,4.8,5.9,,5.4,5.5,C,2.0,True,1.61,1.61,Pass
7517,1633254,HK161_CO1005_L02,CO1005,-13,False,,7.3,6.8,,6.7,6.9,C+,2.5,True,3.53,3.53,Pass
7518,1615815,HK161_CO1005_L02,CO1005,-13,False,,8.2,6.3,,8.7,7.4,B,3.0,True,3.53,3.53,Pass
7519,1610126,HK161_CO1005_L02,CO1005,-13,False,,8.0,8.2,,6.7,7.7,B,3.0,True,3.29,3.29,Pass
7520,1628227,HK161_CO1005_L02,CO1005,-13,False,,7.3,8.1,,9.2,8.3,B+,3.5,True,3.06,3.06,Pass
7521,1618856,HK161_CO1005_L02,CO1005,-13,False,,7.8,7.4,,6.6,7.2,B,3.0,True,3.47,3.47,Pass
7522,1641963,HK161_CO1005_L02,CO1005,-13,False,,5.8,8.0,,6.8,7.2,B,3.0,True,2.47,2.47,Pass
7523,1642108,HK161_CO1005_L02,CO1005,-13,False,,9.2,7.7,,6.9,7.8,B,3.0,True,3.29,3.29,Pass
7524,1637350,HK161_CO1005_L02,CO1005,-13,False,,8.7,8.0,,6.3,7.6,B,3.0,True,2.82,2.82,Pass
7525,1626903,HK161_CO1005_L02,CO1005,-13,False,,7.5,9.2,,9.1,8.8,A,4.0,True,3.59,3.59,Pass
7526,1669849,HK161_CO1005_L02,CO1005,-13,False,,8.2,5.8,,6.4,6.5,C+,2.5,True,3.0,3.0,Pass
7527,1653589,HK161_CO1005_L02,CO1005,-13,False,,7.7,6.9,,10.0,8.0,B+,3.5,True,3.0,3.0,Pass
7528,1660602,HK161_CO1005_L02,CO1005,-13,False,,6.7,8.2,,7.1,7.6,B,3.0,True,3.38,3.38,Pass
7529,1654913,HK161_CO1005_L02,CO1005,-13,False,,9.9,6.2,,10.0,8.1,B+,3.5,True,3.91,3.91,Pass
7530,1640122,HK161_CO1005_L02,CO1005,-13,False,,7.7,8.6,,7.4,8.1,B+,3.5,True,3.32,3.32,Pass
7531,1660726,HK161_CO1005_L02,CO1005,-13,False,,8.3,9.0,,9.3,8.9,A,4.0,True,4.0,4.0,Pass
7532,1648314,HK161_CO1005_L02,CO1005,-13,False,,7.9,7.1,,8.2,7.6,B,3.0,True,3.38,3.38,Pass
7533,1680151,HK161_CO1005_L02,CO1005,-13,False,,6.2,7.8,,7.3,7.3,B,3.0,True,2.94,2.94,Pass
7534,1692170,HK161_CO1005_L02,CO1005,-13,False,,7.9,8.2,,7.4,7.9,B,3.0,True,3.12,3.12,Pass
7535,1644487,HK161_CO1005_L02,CO1005,-13,False,,6.0,4.8,,4.0,4.8,D,1.0,True,1.79,1.79,Pass
7536,1638405,HK161_CO1005_L02,CO1005,-13,False,,5.7,5.8,,6.6,6.0,C,2.0,True,2.5,2.5,Pass
7537,1673407,HK161_CO1005_L02,CO1005,-13,False,,5.3,5.5,,4.7,5.2,D+,1.5,True,1.82,1.82,Pass
7538,1689253,HK161_CO1005_L02,CO1005,-13,False,,8.1,7.2,,7.8,7.6,B,3.0,True,3.44,3.44,Pass
7539,1668649,HK161_CO1005_L02,CO1005,-13,False,,8.2,7.7,,8.7,8.1,B+,3.5,True,3.29,3.29,Pass
7540,1634971,HK161_CO1005_L02,CO1005,-13,False,,6.6,6.4,,6.0,6.3,C,2.0,True,2.35,2.35,Pass
7541,1684247,HK161_CO1005_L02,CO1005,-13,False,,5.0,5.4,,4.6,5.1,D+,1.5,True,1.26,1.26,Pass
7542,1642232,HK161_CO1005_L02,CO1005,-13,False,,5.7,6.1,,3.9,5.4,D+,1.5,True,1.68,1.68,Pass
7543,1611326,HK161_CO1005_L02,CO1005,-13,False,,8.1,8.9,,8.7,8.7,A,4.0,True,3.9,3.9,Pass
7544,1618463,HK161_CO1005_L02,CO1005,-13,False,,10.0,8.0,,8.8,8.6,A,4.0,True,3.59,3.59,Pass
7545,1647776,HK161_CO1005_L02,CO1005,-13,False,,5.2,4.9,,6.8,5.5,C,2.0,True,1.26,1.26,Pass
7546,1632985,HK161_CO1005_L02,CO1005,-13,False,,5.1,6.7,,8.8,7.0,B,3.0,True,3.32,3.32,Pass
7547,1645397,HK161_CO1005_L02,CO1005,-13,False,,7.1,5.5,,6.2,6.0,C,2.0,True,2.32,2.32,Pass
7548,1621628,HK161_CO1005_L02,CO1005,-13,False,,6.0,6.9,,6.9,6.7,C+,2.5,True,2.82,2.82,Pass
7549,1614884,HK161_CO1005_L02,CO1005,-13,False,,7.1,6.0,,6.9,6.5,C+,2.5,True,3.21,3.21,Pass
7550,1667863,HK161_CO1005_L02,CO1005,-13,False,,6.8,6.5,,7.6,6.9,C+,2.5,True,3.06,3.06,Pass
7551,1643949,HK161_CO1005_L02,CO1005,-13,False,,6.9,6.5,,7.3,6.8,C+,2.5,True,2.41,2.41,Pass
7552,1649493,HK161_CO1005_L02,CO1005,-13,False,,9.1,8.3,,7.9,8.3,B+,3.5,True,3.59,3.59,Pass
7553,1602741,HK161_CO1005_L02,CO1005,-13,False,,8.8,7.7,,8.0,8.0,B+,3.5,True,3.26,3.26,Pass
7554,1660457,HK161_CO1005_L02,CO1005,-13,False,,6.0,6.2,,5.2,5.9,C,2.0,True,2.74,2.74,Pass
7555,1670635,HK161_CO1005_L02,CO1005,-13,False,,5.7,5.2,,6.3,5.6,C,2.0,True,2.56,2.56,Pass
7556,1633647,HK161_CO1005_L02,CO1005,-13,False,,7.7,7.4,,8.1,7.7,B,3.0,True,3.09,3.09,Pass
7557,1612505,HK161_CO1005_L02,CO1005,-13,False,,8.3,7.2,,7.9,7.6,B,3.0,True,3.06,3.06,Pass
7558,1620304,HK161_CO1005_L02,CO1005,-13,False,,5.1,6.0,,5.6,5.7,C,2.0,True,2.09,2.09,Pass
7559,1661781,HK161_CO1005_L02,CO1005,-13,False,,5.5,4.9,,4.8,5.0,D+,1.5,True,1.68,1.68,Pass
7560,1648045,HK161_CO1005_L02,CO1005,-13,False,,7.9,5.6,,7.5,6.6,C+,2.5,True,3.0,3.0,Pass
7561,1698645,HK161_CO1005_L02,CO1005,-13,False,,7.3,8.7,,8.0,8.2,B+,3.5,True,3.74,3.74,Pass
7562,1679489,HK161_CO1005_L02,CO1005,-13,False,,7.3,6.9,,6.3,6.8,C+,2.5,True,2.91,2.91,Pass
7563,1629944,HK161_CO1005_L02,CO1005,-13,False,,5.6,5.0,,5.4,5.2,D+,1.5,True,2.62,2.62,Pass
7564,1697590,HK161_CO1005_L02,CO1005,-13,False,,6.9,7.7,,7.2,7.4,B,3.0,True,3.44,3.44,Pass
7565,1632716,HK161_CO1005_L02,CO1005,-13,False,,8.7,7.9,,8.1,8.1,B+,3.5,True,3.59,3.59,Pass
7566,1699700,HK161_CO1005_L02,CO1005,-13,False,,8.1,7.1,,7.6,7.4,B,3.0,True,3.32,3.32,Pass
7567,1661119,HK161_CO1005_L02,CO1005,-13,False,,5.6,4.6,,4.9,4.9,D,1.0,True,1.74,1.74,Pass
7568,1655844,HK161_CO1005_L02,CO1005,-13,False,,6.3,5.8,,6.6,6.1,C,2.0,True,2.5,2.5,Pass
7569,1695997,HK161_CO1005_L02,CO1005,-13,False,,7.4,7.2,,7.8,7.4,B,3.0,True,3.12,3.12,Pass
7570,1678289,HK161_CO1005_L02,CO1005,-13,False,,6.1,7.8,,7.8,7.5,B,3.0,True,3.03,3.03,Pass
7571,1602865,HK161_CO1005_L02,CO1005,-13,False,,5.3,5.8,,5.9,5.7,C,2.0,True,2.06,2.06,Pass
7572,1684371,HK161_CO1005_L02,CO1005,-13,False,,3.8,6.0,,5.9,5.5,C,2.0,True,1.88,1.88,Pass
7573,1604313,HK161_CO1005_L02,CO1005,-13,False,,8.5,6.5,,7.4,7.2,B,3.0,True,3.53,3.53,Pass
7574,1658885,HK161_CO1005_L02,CO1005,-13,False,,3.9,5.4,,4.2,4.7,D,1.0,True,1.53,1.53,Pass
7575,1654644,HK161_CO1005_L02,CO1005,-13,False,,7.8,9.1,,6.5,8.1,B+,3.5,True,3.62,3.62,Pass
7576,1661388,HK161_CO1005_L02,CO1005,-13,False,,4.6,5.3,,5.4,5.2,D+,1.5,True,1.68,1.68,Pass
7577,1674338,HK161_CO1005_L02,CO1005,-13,False,,4.2,4.7,,4.7,4.6,D,1.0,True,1.85,1.85,Pass
7578,1664698,HK161_CO1005_L02,CO1005,-13,False,,6.0,8.1,,6.1,7.1,B,3.0,True,2.88,2.88,Pass
7579,1625724,HK161_CO1005_L02,CO1005,-13,False,,9.1,9.5,,7.3,8.8,A,4.0,True,4.0,4.0,Pass
7580,1664822,HK161_CO1005_L02,CO1005,-13,False,,6.8,7.4,,7.7,7.4,B,3.0,True,3.09,3.09,Pass
7581,1651086,HK161_CO1005_L02,CO1005,-13,False,,7.1,6.6,,6.0,6.5,C+,2.5,True,2.62,2.62,Pass
7582,1671297,HK161_CO1005_L02,CO1005,-13,False,,9.5,9.5,,8.9,9.3,A,4.0,True,4.0,4.0,Pass
7583,1679220,HK161_CO1005_L02,CO1005,-13,False,,7.9,7.9,,6.2,7.4,B,3.0,True,3.56,3.56,Pass
7584,1662174,HK161_CO1005_L02,CO1005,-13,False,,6.4,6.9,,7.1,6.9,C+,2.5,True,2.56,2.56,Pass
7585,1626117,HK161_CO1005_L02,CO1005,-13,False,,6.8,7.5,,6.4,7.0,B,3.0,True,3.09,3.09,Pass
7586,1642770,HK161_CO1005_L02,CO1005,-13,False,,5.5,6.3,,5.8,6.0,C,2.0,True,2.41,2.41,Pass
7587,1689398,HK161_CO1005_L02,CO1005,-13,False,,5.3,4.8,,4.4,4.8,D,1.0,True,1.53,1.53,Pass
7588,1653465,HK161_CO1005_L02,CO1005,-13,False,,5.4,6.0,,6.1,5.9,C,2.0,True,2.44,2.44,Pass
7589,1688198,HK161_CO1005_L02,CO1005,-13,False,,6.0,6.1,,6.6,6.2,C,2.0,True,2.62,2.62,Pass
7590,1665215,HK161_CO1005_L02,CO1005,-13,False,,5.6,6.7,,6.2,6.3,C,2.0,True,1.76,1.76,Pass
7591,1601541,HK161_CO1005_L02,CO1005,-13,False,,4.3,5.2,,5.3,5.0,D+,1.5,True,1.59,1.59,Pass
7592,1610002,HK161_CO1005_L02,CO1005,-13,False,,7.5,8.8,,7.3,8.1,B+,3.5,True,2.97,2.97,Pass
7593,1609071,HK161_CO1005_L03,CO1005,-13,False,,7.2,7.1,,7.5,7.2,B,3.0,True,2.97,2.97,Pass
7594,1652410,HK161_CO1005_L03,CO1005,-13,False,,7.6,9.0,,7.5,8.3,B+,3.5,True,3.41,3.41,Pass
7595,1691239,HK161_CO1005_L03,CO1005,-13,False,,5.7,5.7,,5.8,5.7,C,2.0,True,2.0,2.0,Pass
7596,1665608,HK161_CO1005_L03,CO1005,-13,False,,8.0,8.4,,8.7,8.4,B+,3.5,True,3.53,3.53,Pass
7597,1652265,HK161_CO1005_L03,CO1005,-13,False,,5.7,6.3,,7.0,6.4,C+,2.5,True,2.74,2.74,Pass
7598,1693349,HK161_CO1005_L03,CO1005,-13,False,,7.6,7.3,,7.8,7.5,B,3.0,True,3.35,3.35,Pass
7599,1691777,HK161_CO1005_L03,CO1005,-13,False,,9.4,8.8,,9.9,9.2,A,4.0,True,4.0,4.0,Pass
7600,1647652,HK161_CO1005_L03,CO1005,-13,False,,4.8,5.1,,6.1,5.3,D+,1.5,True,1.79,1.79,Pass
7601,1669973,HK161_CO1005_L03,CO1005,-13,False,,6.9,7.0,,7.9,7.2,B,3.0,True,3.21,3.21,Pass
7602,1613560,HK161_CO1005_L03,CO1005,-13,False,,8.0,6.8,,8.4,7.5,B,3.0,True,3.06,3.06,Pass
7603,1642625,HK161_CO1005_L03,CO1005,-13,False,,4.3,5.4,,5.5,5.2,D+,1.5,True,1.66,1.66,Pass
7604,1696390,HK161_CO1005_L03,CO1005,-13,False,,4.1,6.8,,5.8,6.0,C,2.0,True,2.56,2.56,Pass
7605,1630213,HK161_CO1005_L03,CO1005,-13,False,,7.8,7.8,,4.7,6.9,C+,2.5,True,2.91,2.91,Pass
7606,1612650,HK161_CO1005_L03,CO1005,-13,False,,8.9,8.3,,7.3,8.1,B+,3.5,True,3.82,3.82,Pass
7607,1628103,HK161_CO1005_L03,CO1005,-13,False,,8.6,7.8,,8.4,8.1,B+,3.5,True,3.09,3.09,Pass
7608,1662981,HK161_CO1005_L03,CO1005,-13,False,,5.3,6.2,,5.5,5.8,C,2.0,True,1.94,1.94,Pass
7609,1621090,HK161_CO1005_L03,CO1005,-13,False,,5.0,5.2,,5.1,5.1,D+,1.5,True,1.68,1.68,Pass
7610,1644880,HK161_CO1005_L03,CO1005,-13,False,,4.6,6.6,,5.8,6.0,C,2.0,True,2.47,2.47,Pass
7611,1685033,HK161_CO1005_L03,CO1005,-13,False,,8.0,7.7,,8.6,8.0,B+,3.5,True,3.44,3.44,Pass
7612,1666808,HK161_CO1005_L03,CO1005,-13,False,,7.6,7.2,,5.8,6.9,C+,2.5,True,2.53,2.53,Pass
7613,1643163,HK161_CO1005_L03,CO1005,-13,False,,7.7,8.6,,7.5,8.1,B+,3.5,True,3.32,3.32,Pass
7614,1653196,HK161_CO1005_L03,CO1005,-13,False,,6.8,7.1,,7.0,7.0,B,3.0,True,2.91,2.91,Pass
7615,1697445,HK161_CO1005_L03,CO1005,-13,False,,5.1,7.1,,7.1,6.7,C+,2.5,True,3.12,3.12,Pass
7616,1650031,HK161_CO1005_L03,CO1005,-13,False,,8.2,6.5,,7.7,7.2,B,3.0,True,3.15,3.15,Pass
7617,1699307,HK161_CO1005_L03,CO1005,-13,False,,6.8,7.4,,5.9,6.8,C+,2.5,True,2.32,2.32,Pass
7618,1602472,HK161_CO1005_L03,CO1005,-13,False,,5.5,5.4,,5.3,5.4,D+,1.5,True,1.38,1.38,Pass
7619,1691632,HK161_CO1005_L03,CO1005,-13,False,,7.7,7.6,,8.6,7.9,B,3.0,True,3.38,3.38,Pass
7620,1651210,HK161_CO1005_L03,CO1005,-13,False,,5.0,4.7,,5.1,4.9,D,1.0,True,1.85,1.85,Pass
7621,1637081,HK161_CO1005_L03,CO1005,-13,False,,8.1,7.4,,8.1,7.8,B,3.0,True,3.18,3.18,Pass
7622,1617139,HK161_CO1005_L03,CO1005,-13,False,,8.4,7.8,,7.9,8.0,B+,3.5,True,3.41,3.41,Pass
7623,1628496,HK161_CO1005_L03,CO1005,-13,False,,7.1,7.5,,6.1,7.0,B,3.0,True,3.12,3.12,Pass
7624,1682923,HK161_CO1005_L03,CO1005,-13,False,,7.5,7.4,,8.3,7.7,B,3.0,True,3.62,3.62,Pass
7625,1624276,HK161_CO1005_L03,CO1005,-13,False,,8.6,8.2,,7.2,8.0,B+,3.5,True,3.29,3.29,Pass
7626,1686750,HK161_CO1005_L03,CO1005,-13,False,,6.8,6.8,,4.7,6.2,C,2.0,True,3.03,3.03,Pass
7627,1690577,HK161_CO1005_L03,CO1005,-13,False,,8.2,7.8,,8.5,8.1,B+,3.5,True,3.92,3.92,Pass
7628,1694673,HK161_CO1005_L03,CO1005,-13,False,,4.1,3.7,,3.0,3.6,F,0.0,False,0.58,1.0,Fail
7629,1685695,HK161_CO1005_L03,CO1005,-13,False,,7.9,8.6,,7.8,8.2,B+,3.5,True,3.74,3.74,Pass
7630,1697983,HK161_CO1005_L03,CO1005,-13,False,,7.7,7.1,,6.7,7.1,B,3.0,True,3.0,3.0,Pass
7631,1609733,HK161_CO1005_L03,CO1005,-13,False,,7.2,7.6,,7.4,7.5,B,3.0,True,3.32,3.32,Pass
7632,1614760,HK161_CO1005_L03,CO1005,-13,False,,5.0,7.7,,6.5,6.8,C+,2.5,True,2.38,2.38,Pass
7633,1613705,HK161_CO1005_L03,CO1005,-13,False,,5.2,5.4,,4.6,5.1,D+,1.5,True,1.79,1.79,Pass
7634,1631661,HK161_CO1005_L03,CO1005,-13,False,,6.9,6.2,,6.8,6.5,C+,2.5,True,2.74,2.74,Pass
7635,1620697,HK161_CO1005_L03,CO1005,-13,False,,5.0,5.5,,4.7,5.2,D+,1.5,True,1.47,1.47,Pass
7636,1657023,HK161_CO1005_L03,CO1005,-13,False,,3.7,4.8,,5.4,4.8,D,1.0,True,1.75,1.75,Pass
7637,1625331,HK161_CO1005_L03,CO1005,-13,False,,2.2,5.5,,5.2,4.8,D,1.0,True,1.38,1.38,Pass
7638,1641446,HK161_CO1005_L03,CO1005,-13,False,,7.4,7.6,,8.1,7.7,B,3.0,True,3.53,3.53,Pass
7639,1683709,HK161_CO1005_L03,CO1005,-13,False,,7.8,6.9,,7.9,7.4,B,3.0,True,3.09,3.09,Pass
7640,1636295,HK161_CO1005_L03,CO1005,-13,False,,6.9,6.5,,7.3,6.8,C+,2.5,True,2.56,2.56,Pass
7641,1613167,HK161_CO1005_L03,CO1005,-13,False,,8.4,8.2,,8.6,8.4,B+,3.5,True,3.56,3.56,Pass
7642,1679882,HK161_CO1005_L03,CO1005,-13,False,,8.2,8.3,,8.0,8.2,B+,3.5,True,3.53,3.53,Pass
7643,1673014,HK161_CO1005_L03,CO1005,-13,False,,6.1,6.5,,6.9,6.5,C+,2.5,True,2.44,2.44,Pass
7644,1650155,HK161_CO1005_L03,CO1005,-13,False,,6.6,8.1,,7.4,7.6,B,3.0,True,3.26,3.26,Pass
7645,1616870,HK161_CO1005_L03,CO1005,-13,False,,8.2,7.4,,6.9,7.4,B,3.0,True,3.0,3.0,Pass
7646,1645004,HK161_CO1005_L03,CO1005,-13,False,,5.0,4.9,,3.8,4.6,D,1.0,True,1.56,1.56,Pass
7647,1622952,HK161_CO1005_L03,CO1005,-13,False,,4.7,5.6,,4.9,5.2,D+,1.5,True,1.79,1.79,Pass
7648,1652927,HK161_CO1005_L03,CO1005,-13,False,,5.4,6.0,,6.2,5.9,C,2.0,True,2.5,2.5,Pass
7649,1669580,HK161_CO1005_L03,CO1005,-13,False,,6.7,6.7,,6.1,6.5,C+,2.5,True,2.94,2.94,Pass
7650,1655182,HK161_CO1005_L03,CO1005,-13,False,,7.5,7.4,,6.2,7.1,B,3.0,True,3.09,3.09,Pass
7651,1658347,HK161_CO1005_L03,CO1005,-13,False,,6.1,6.4,,5.4,6.0,C,2.0,True,2.29,2.29,Pass
7652,1621359,HK161_CO1005_L03,CO1005,-13,False,,7.5,7.1,,7.0,7.2,B,3.0,True,2.29,2.29,Pass
7653,1675662,HK161_CO1005_L03,CO1005,-13,False,,7.7,8.1,,8.1,8.0,B+,3.5,True,3.71,3.71,Pass
7654,1612112,HK161_CO1005_L03,CO1005,-13,False,,6.4,6.6,,6.8,6.6,C+,2.5,True,2.29,2.29,Pass
7655,1626510,HK161_CO1005_L03,CO1005,-13,False,,8.6,7.5,,7.6,7.8,B,3.0,True,3.38,3.38,Pass
7656,1691508,HK161_CO1005_L03,CO1005,-13,False,,6.2,6.5,,7.1,6.6,C+,2.5,True,2.21,2.21,Pass
7657,1603134,HK161_CO1005_L03,CO1005,-13,False,,5.3,4.2,,6.0,5.0,D+,1.5,True,1.53,1.53,Pass
7658,1630606,HK161_CO1005_L03,CO1005,-13,False,,8.7,9.2,,7.9,8.7,A,4.0,True,3.91,3.91,Pass
7659,1687805,HK161_CO1005_L03,CO1005,-13,False,,7.4,7.7,,8.0,7.7,B,3.0,True,3.44,3.44,Pass
7660,1622021,HK161_CO1005_L03,CO1005,-13,False,,7.5,8.0,,8.5,8.1,B+,3.5,True,3.26,3.26,Pass
7661,1695335,HK161_CO1005_L03,CO1005,-13,False,,7.7,7.0,,6.6,7.0,B,3.0,True,3.71,3.71,Pass
7662,1633378,HK161_CO1005_L03,CO1005,-13,False,,8.7,7.4,,6.8,7.5,B,3.0,True,3.53,3.53,Pass
7663,1667325,HK161_CO1005_L03,CO1005,-13,False,,7.8,8.3,,7.5,8.0,B+,3.5,True,3.41,3.41,Pass
7664,1654251,HK161_CO1005_L03,CO1005,-13,False,,5.5,5.1,,6.1,5.5,C,2.0,True,2.82,2.82,Pass
7665,1641177,HK161_CO1005_L03,CO1005,-13,False,,8.2,7.1,,8.6,7.8,B,3.0,True,3.26,3.26,Pass
7666,1614491,HK161_CO1005_L03,CO1005,-13,False,,6.4,8.1,,8.6,7.9,B,3.0,True,3.09,3.09,Pass
7667,1643287,HK161_CO1005_L03,CO1005,-13,False,,5.7,4.5,,5.4,5.0,D+,1.5,True,1.91,1.91,Pass
7668,1640391,HK161_CO1005_L03,CO1005,-13,False,,6.1,6.9,,5.7,6.4,C+,2.5,True,2.32,2.32,Pass
7669,1646990,HK161_CO1005_L03,CO1005,-13,False,,4.4,5.2,,4.9,5.0,D+,1.5,True,1.68,1.68,Pass
7670,1606175,HK161_CO1005_L03,CO1005,-13,False,,6.7,5.6,,5.7,5.8,C,2.0,True,2.65,2.65,Pass
7671,1632592,HK161_CO1005_L03,CO1005,-13,False,,6.2,7.0,,5.5,6.4,C+,2.5,True,2.38,2.38,Pass
7672,1634433,HK161_CO1005_L03,CO1005,-13,False,,6.3,5.4,,6.1,5.8,C,2.0,True,2.29,2.29,Pass
7673,1602203,HK161_CO1005_L03,CO1005,-13,False,,6.7,7.2,,7.7,7.2,B,3.0,True,3.15,3.15,Pass
7674,1621897,HK161_CO1005_L03,CO1005,-13,False,,8.2,7.1,,7.5,7.4,B,3.0,True,3.32,3.32,Pass
7675,1697052,HK161_CO1005_L03,CO1005,-13,False,,8.0,6.3,,6.7,6.8,C+,2.5,True,3.12,3.12,Pass
7676,1639191,HK161_CO1005_L03,CO1005,-13,False,,7.8,8.1,,6.3,7.5,B,3.0,True,3.38,3.38,Pass
7677,1616208,HK161_CO1005_L03,CO1005,-13,False,,8.0,7.3,,7.0,7.3,B,3.0,True,3.24,3.24,Pass
7678,1658078,HK161_CO1005_L03,CO1005,-13,False,,6.7,7.4,,8.6,7.6,B,3.0,True,3.12,3.12,Pass
7679,1618587,HK161_CO1005_L03,CO1005,-13,False,,4.8,4.6,,4.5,4.6,D,1.0,True,1.74,1.74,Pass
7680,1680544,HK161_CO1005_L03,CO1005,-13,False,,8.2,6.9,,7.6,7.4,B,3.0,True,3.29,3.29,Pass
7681,1668918,HK161_CO1005_L03,CO1005,-13,False,,7.5,8.3,,7.9,8.0,B+,3.5,True,3.18,3.18,Pass
7682,1665753,HK161_CO1005_L03,CO1005,-13,False,,7.0,6.4,,4.2,5.9,C,2.0,True,2.62,2.62,Pass
7683,1649100,HK161_CO1005_L03,CO1005,-13,False,,8.1,7.0,,5.7,6.8,C+,2.5,True,3.15,3.15,Pass
7684,1677896,HK161_CO1005_L03,CO1005,-13,False,,6.0,4.9,,6.2,5.5,C,2.0,True,2.5,2.5,Pass
7685,1687536,HK161_CO1005_L03,CO1005,-13,False,,7.4,8.2,,7.7,7.9,B,3.0,True,3.0,3.0,Pass
7686,1620180,HK161_CO1005_L03,CO1005,-13,False,,7.8,6.9,,9.2,7.8,B,3.0,True,3.41,3.41,Pass
7687,1657168,HK161_CO1005_L03,CO1005,-13,False,,2.4,5.1,,3.4,4.0,D,1.0,True,1.0,1.14,Pass
7688,1697321,HK161_CO1005_L03,CO1005,-13,False,,6.2,6.9,,6.3,6.6,C+,2.5,True,2.38,2.38,Pass
7689,1663891,HK161_CO1005_L03,CO1005,-13,False,,7.8,7.8,,7.2,7.6,B,3.0,True,3.32,3.32,Pass
7690,1608285,HK161_CO1005_L03,CO1005,-13,False,,5.0,5.7,,5.7,5.6,C,2.0,True,2.29,2.29,Pass
7691,1695211,HK161_CO1005_L03,CO1005,-13,False,,5.0,6.2,,5.0,5.6,C,2.0,True,1.89,1.89,Pass
7692,1688343,HK161_CO1005_L03,CO1005,-13,False,,6.9,6.8,,7.0,6.9,C+,2.5,True,3.47,3.47,Pass
7693,1643556,HK161_CO1005_L03,CO1005,-13,False,,7.1,5.3,,5.5,5.7,C,2.0,True,2.65,2.65,Pass
7694,1634702,HK161_CO1005_L03,CO1005,-13,False,,8.7,7.8,,9.2,8.4,B+,3.5,True,3.44,3.44,Pass
7695,1623345,HK161_CO1005_L03,CO1005,-13,False,,8.1,7.0,,7.5,7.4,B,3.0,True,3.12,3.12,Pass
7696,1689005,HK161_CO1005_L03,CO1005,-13,False,,5.3,6.2,,6.7,6.2,C,2.0,True,2.47,2.47,Pass
7697,1660333,HK161_CO1005_L03,CO1005,-13,False,,8.0,7.1,,6.8,7.2,B,3.0,True,2.91,2.91,Pass
7698,1656630,HK161_CO1005_L03,CO1005,-13,False,,6.9,5.1,,6.1,5.8,C,2.0,True,2.18,2.18,Pass
7699,1624524,HK161_CO1005_L03,CO1005,-13,False,,6.7,7.8,,6.5,7.2,B,3.0,True,3.0,3.0,Pass
7700,1653734,HK161_CO1005_L03,CO1005,-13,False,,6.8,7.6,,7.9,7.5,B,3.0,True,3.41,3.41,Pass
7701,1670242,HK161_CO1005_L03,CO1005,-13,False,,7.9,8.5,,7.1,8.0,B+,3.5,True,3.53,3.53,Pass
7702,1682385,HK161_CO1005_L03,CO1005,-13,False,,7.5,6.5,,8.0,7.2,B,3.0,True,3.09,3.09,Pass
7703,1667201,HK161_CO1005_L03,CO1005,-13,False,,5.4,5.5,,5.5,5.5,C,2.0,True,2.56,2.56,Pass
7704,1671421,HK161_CO1005_L03,CO1005,-13,False,,7.5,7.7,,6.8,7.4,B,3.0,True,3.09,3.09,Pass
7705,1655575,HK161_CO1005_L03,CO1005,-13,False,,9.1,7.5,,9.2,8.3,B+,3.5,True,3.74,3.74,Pass
7706,1606299,HK161_CO1005_L03,CO1005,-13,False,,4.6,5.0,,5.4,5.0,D+,1.5,True,1.91,1.91,Pass
7707,1693225,HK161_CO1005_L03,CO1005,-13,False,,6.8,7.6,,6.4,7.1,B,3.0,True,3.32,3.32,Pass
7708,1686088,HK161_CO1005_L03,CO1005,-13,False,,7.4,6.2,,6.5,6.5,C+,2.5,True,2.08,2.08,Pass
7709,1649638,HK161_CO1005_L03,CO1005,-13,False,,5.5,7.3,,5.0,6.2,C,2.0,True,2.24,2.24,Pass
7710,1693887,HK161_CO1005_L03,CO1005,-13,False,,7.0,6.9,,6.8,6.9,C+,2.5,True,3.03,3.03,Pass
7711,1631930,HK161_CO1005_L03,CO1005,-13,False,,5.1,3.9,,6.2,4.8,D,1.0,True,1.78,1.78,Pass
7712,1687019,HK161_CO1005_L03,CO1005,-13,False,,6.5,6.5,,7.5,6.8,C+,2.5,True,2.71,2.71,Pass
7713,1646328,HK161_CO1005_L04,CO1005,-13,False,,8.3,8.7,,7.0,8.1,B+,3.5,True,3.29,3.29,Pass
7714,1650817,HK161_CO1005_L04,CO1005,-13,False,,7.1,7.5,,7.0,7.3,B,3.0,True,3.41,3.41,Pass
7715,1670759,HK161_CO1005_L04,CO1005,-13,False,,8.8,9.6,,8.5,9.1,A,4.0,True,3.56,3.56,Pass
7716,1681868,HK161_CO1005_L04,CO1005,-13,False,,6.6,6.5,,7.5,6.8,C+,2.5,True,3.41,3.41,Pass
7717,1627710,HK161_CO1005_L04,CO1005,-13,False,,5.5,8.1,,8.6,7.7,B,3.0,True,3.41,3.41,Pass
7718,1667987,HK161_CO1005_L04,CO1005,-13,False,,8.1,8.4,,8.2,8.3,B+,3.5,True,3.74,3.74,Pass
7719,1656361,HK161_CO1005_L04,CO1005,-13,False,,9.0,7.8,,10.0,8.7,A,4.0,True,3.83,3.83,Pass
7720,1695873,HK161_CO1005_L04,CO1005,-13,False,,5.3,6.0,,5.7,5.8,C,2.0,True,2.41,2.41,Pass
7721,1636688,HK161_CO1005_L04,CO1005,-13,False,,6.3,5.6,,5.6,5.7,C,2.0,True,2.09,2.09,Pass
7722,1665091,HK161_CO1005_L04,CO1005,-13,False,,8.4,7.0,,7.6,7.5,B,3.0,True,3.26,3.26,Pass
7723,1631144,HK161_CO1005_L04,CO1005,-13,False,,7.9,9.0,,7.6,8.4,B+,3.5,True,3.62,3.62,Pass
7724,1696783,HK161_CO1005_L04,CO1005,-13,False,,7.6,8.8,,7.2,8.1,B+,3.5,True,3.41,3.41,Pass
7725,1606961,HK161_CO1005_L04,CO1005,-13,False,,6.9,8.0,,7.7,7.7,B,3.0,True,3.21,3.21,Pass
7726,1648976,HK161_CO1005_L04,CO1005,-13,False,,4.3,6.3,,5.6,5.7,C,2.0,True,2.65,2.65,Pass
7727,1688736,HK161_CO1005_L04,CO1005,-13,False,,9.7,5.2,,7.3,6.7,C+,2.5,True,2.68,2.68,Pass
7728,1686481,HK161_CO1005_L04,CO1005,-13,False,,6.2,5.8,,6.2,6.0,C,2.0,True,2.09,2.09,Pass
7729,1629820,HK161_CO1005_L04,CO1005,-13,False,,6.0,5.9,,5.8,5.9,C,2.0,True,2.32,2.32,Pass
7730,1654520,HK161_CO1005_L04,CO1005,-13,False,,4.9,5.0,,4.8,4.9,D,1.0,True,1.5,1.5,Pass
7731,1636026,HK161_CO1005_L04,CO1005,-13,False,,6.2,6.4,,6.4,6.4,C+,2.5,True,2.18,2.18,Pass
7732,1657954,HK161_CO1005_L04,CO1005,-13,False,,6.2,6.0,,6.6,6.2,C,2.0,True,2.71,2.71,Pass
7733,1629158,HK161_CO1005_L04,CO1005,-13,False,,5.6,6.2,,6.2,6.1,C,2.0,True,2.62,2.62,Pass
7734,1688074,HK161_CO1005_L04,CO1005,-13,False,,7.4,6.3,,5.4,6.2,C,2.0,True,2.09,2.09,Pass
7735,1659940,HK161_CO1005_L04,CO1005,-13,False,,9.2,8.1,,9.5,8.7,A,4.0,True,3.91,3.91,Pass
7736,1604458,HK161_CO1005_L04,CO1005,-13,False,,4.9,8.4,,5.2,6.7,C+,2.5,True,2.18,2.18,Pass
7737,1664553,HK161_CO1005_L04,CO1005,-13,False,,7.2,8.0,,7.4,7.7,B,3.0,True,3.12,3.12,Pass
7738,1656237,HK161_CO1005_L04,CO1005,-13,False,,7.6,5.6,,7.9,6.7,C+,2.5,True,2.32,2.32,Pass
7739,1609340,HK161_CO1005_L04,CO1005,-13,False,,4.3,4.6,,5.5,4.8,D,1.0,True,1.97,1.97,Pass
7740,1675393,HK161_CO1005_L04,CO1005,-13,False,,8.2,7.5,,8.8,8.0,B+,3.5,True,3.62,3.62,Pass
7741,1682530,HK161_CO1005_L04,CO1005,-13,False,,8.3,9.4,,8.0,8.8,A,4.0,True,4.0,4.0,Pass
7742,1624400,HK161_CO1005_L04,CO1005,-13,False,,4.9,6.0,,6.4,5.9,C,2.0,True,2.15,2.15,Pass
7743,1639067,HK161_CO1005_L04,CO1005,-13,False,,7.8,7.4,,7.5,7.5,B,3.0,True,3.29,3.29,Pass
7744,1671959,HK161_CO1005_L04,CO1005,-13,False,,5.6,5.3,,5.8,5.5,C,2.0,True,1.62,1.62,Pass
7745,1692439,HK161_CO1005_L04,CO1005,-13,False,,6.1,7.3,,5.8,6.6,C+,2.5,True,2.41,2.41,Pass
7746,1677772,HK161_CO1005_L04,CO1005,-13,False,,9.7,7.0,,6.3,7.3,B,3.0,True,2.97,2.97,Pass
7747,1683316,HK161_CO1005_L04,CO1005,-13,False,,7.7,6.8,,5.9,6.7,C+,2.5,True,3.03,3.03,Pass
7748,1677503,HK161_CO1005_L04,CO1005,-13,False,,7.2,8.4,,6.2,7.5,B,3.0,True,3.09,3.09,Pass
7749,1603403,HK161_CO1005_L04,CO1005,-13,False,,6.8,7.5,,6.6,7.1,B,3.0,True,2.53,2.53,Pass
7750,1622414,HK161_CO1005_L04,CO1005,-13,False,,5.8,5.8,,7.9,6.4,C+,2.5,True,2.85,2.85,Pass
7751,1635364,HK161_CO1005_L04,CO1005,-13,False,,6.9,5.8,,6.3,6.2,C,2.0,True,2.29,2.29,Pass
7752,1638012,HK161_CO1005_L04,CO1005,-13,False,,5.5,4.8,,7.4,5.7,C,2.0,True,2.32,2.32,Pass
7753,1690060,HK161_CO1005_L04,CO1005,-13,False,,8.1,7.5,,7.9,7.7,B,3.0,True,3.06,3.06,Pass
7754,1665484,HK161_CO1005_L04,CO1005,-13,False,,5.1,6.2,,5.1,5.7,C,2.0,True,2.03,2.03,Pass
7755,1601686,HK161_CO1005_L04,CO1005,-13,False,,5.0,4.2,,5.0,4.6,D,1.0,True,1.94,1.94,Pass
7756,1609609,HK161_CO1005_L04,CO1005,-13,False,,6.6,7.0,,8.0,7.2,B,3.0,True,3.47,3.47,Pass
7757,1618980,HK161_CO1005_L04,CO1005,-13,False,,6.8,7.0,,7.3,7.0,B,3.0,True,3.38,3.38,Pass
7758,1608554,HK161_CO1005_L04,CO1005,-13,False,,7.3,7.6,,7.4,7.5,B,3.0,True,3.26,3.26,Pass
7759,1611719,HK161_CO1005_L04,CO1005,-13,False,,7.4,7.7,,7.8,7.7,B,3.0,True,3.18,3.18,Pass
7760,1657685,HK161_CO1005_L04,CO1005,-13,False,,8.9,8.2,,8.2,8.3,B+,3.5,True,3.59,3.59,Pass
7761,1645666,HK161_CO1005_L04,CO1005,-13,False,,6.8,10.0,,6.9,8.4,B+,3.5,True,3.29,3.29,Pass
7762,1607499,HK161_CO1005_L04,CO1005,-13,False,,7.4,8.7,,6.8,7.9,B,3.0,True,3.0,3.0,Pass
7763,1680006,HK161_CO1005_L04,CO1005,-13,False,,3.3,6.2,,5.8,5.5,C,2.0,True,2.29,2.29,Pass
7764,1663374,HK161_CO1005_L04,CO1005,-13,False,,6.2,4.6,,5.6,5.2,D+,1.5,True,2.32,2.32,Pass
7765,1683047,HK161_CO1005_L04,CO1005,-13,False,,8.2,8.6,,8.4,8.5,A,4.0,True,3.79,3.79,Pass
7766,1684102,HK161_CO1005_L04,CO1005,-13,False,,6.5,7.0,,7.4,7.0,B,3.0,True,3.35,3.35,Pass
7767,1679096,HK161_CO1005_L04,CO1005,-13,False,,6.2,7.4,,6.9,7.0,B,3.0,True,2.82,2.82,Pass
7768,1624007,HK161_CO1005_L04,CO1005,-13,False,,5.7,5.5,,4.9,5.4,D+,1.5,True,2.24,2.24,Pass
7769,1670511,HK161_CO1005_L04,CO1005,-13,False,,7.9,6.5,,7.6,7.1,B,3.0,True,2.91,2.91,Pass
7770,1622807,HK161_CO1005_L04,CO1005,-13,False,,8.4,8.0,,8.9,8.3,B+,3.5,True,3.79,3.79,Pass
7771,1663767,HK161_CO1005_L04,CO1005,-13,False,,6.6,6.2,,5.6,6.1,C,2.0,True,3.06,3.06,Pass
7772,1637743,HK161_CO1005_L04,CO1005,-13,False,,4.3,3.9,,5.1,4.3,D,1.0,True,1.62,1.62,Pass
7773,1683192,HK161_CO1005_L04,CO1005,-13,False,,5.2,5.4,,5.8,5.5,C,2.0,True,2.21,2.21,Pass
7774,1605782,HK161_CO1005_L04,CO1005,-13,False,,6.1,6.5,,6.0,6.3,C,2.0,True,2.53,2.53,Pass
7775,1638798,HK161_CO1005_L04,CO1005,-13,False,,7.5,10.0,,7.5,8.8,A,4.0,True,3.71,3.71,Pass
7776,1682654,HK161_CO1005_L04,CO1005,-13,False,,6.8,7.2,,8.4,7.5,B,3.0,True,3.12,3.12,Pass
7777,1616601,HK161_CO1005_L04,CO1005,-13,False,,6.0,6.2,,6.3,6.2,C,2.0,True,2.06,2.06,Pass
7778,1608409,HK161_CO1005_L04,CO1005,-13,False,,8.5,7.5,,8.5,8.0,B+,3.5,True,3.41,3.41,Pass
7779,1694011,HK161_CO1005_L04,CO1005,-13,False,,5.9,7.0,,7.8,7.0,B,3.0,True,3.09,3.09,Pass
7780,1676448,HK161_CO1005_L04,CO1005,-13,False,,5.4,8.2,,6.7,7.2,B,3.0,True,2.35,2.35,Pass
7781,1632199,HK161_CO1005_L04,CO1005,-13,False,,8.2,8.6,,8.3,8.4,B+,3.5,True,3.32,3.32,Pass
7782,1608947,HK161_CO1005_L04,CO1005,-13,False,,5.0,5.6,,6.2,5.7,C,2.0,True,1.91,1.91,Pass
7783,1677234,HK161_CO1005_L04,CO1005,-13,False,,8.2,8.0,,7.6,7.9,B,3.0,True,3.32,3.32,Pass
7784,1639729,HK161_CO1005_L04,CO1005,-13,False,,7.9,8.1,,7.0,7.7,B,3.0,True,3.03,3.03,Pass
7785,1606692,HK161_CO1005_L04,CO1005,-13,False,,8.2,7.3,,6.9,7.4,B,3.0,True,3.09,3.09,Pass
7786,1694280,HK161_CO1005_L04,CO1005,-13,False,,4.8,5.9,,6.5,5.9,C,2.0,True,2.18,2.18,Pass
7787,1635633,HK161_CO1005_L04,CO1005,-13,False,,7.7,7.4,,7.7,7.6,B,3.0,True,3.38,3.38,Pass
7788,1630999,HK161_CO1005_L04,CO1005,-13,False,,4.3,5.6,,6.4,5.6,C,2.0,True,2.29,2.29,Pass
7789,1672621,HK161_CO1005_L04,CO1005,-13,False,,5.5,5.4,,7.0,5.9,C,2.0,True,2.5,2.5,Pass
7790,1681330,HK161_CO1005_L04,CO1005,-13,False,,6.6,6.2,,5.5,6.1,C,2.0,True,2.5,2.5,Pass
7791,1616477,HK161_CO1005_L04,CO1005,-13,False,,6.5,5.7,,5.0,5.7,C,2.0,True,2.29,2.29,Pass
7792,1611450,HK161_CO1005_L04,CO1005,-13,False,,5.9,7.0,,6.2,6.5,C+,2.5,True,3.21,3.21,Pass
7793,1648707,HK161_CO1005_L04,CO1005,-13,False,,7.5,7.1,,7.8,7.4,B,3.0,True,3.12,3.12,Pass
7794,1639853,HK161_CO1005_L04,CO1005,-13,False,,7.1,8.1,,6.9,7.5,B,3.0,True,3.35,3.35,Pass
7795,1640246,HK161_CO1005_L04,CO1005,-13,False,,7.9,7.5,,8.4,7.8,B,3.0,True,3.18,3.18,Pass
7796,1605637,HK161_CO1005_L04,CO1005,-13,False,,5.2,6.5,,6.0,6.1,C,2.0,True,2.18,2.18,Pass
7797,1600486,HK161_CO1005_L04,CO1005,-13,False,,5.6,5.1,,6.8,5.7,C,2.0,True,1.71,1.71,Pass
7798,1646059,HK161_CO1005_L04,CO1005,-13,False,,7.1,6.3,,6.9,6.6,C+,2.5,True,3.0,3.0,Pass
7799,1645273,HK161_CO1005_L04,CO1005,-13,False,,6.2,5.7,,7.5,6.3,C,2.0,True,2.29,2.29,Pass
7800,1638674,HK161_CO1005_L04,CO1005,-13,False,,5.4,5.6,,4.3,5.2,D+,1.5,True,1.55,1.55,Pass
7801,1637474,HK161_CO1005_L04,CO1005,-13,False,,8.3,7.2,,7.4,7.5,B,3.0,True,3.09,3.09,Pass
7802,1658740,HK161_CO1005_L04,CO1005,-13,False,,7.3,9.0,,7.9,8.3,B+,3.5,True,2.97,2.97,Pass
7803,1674462,HK161_CO1005_L04,CO1005,-13,False,,7.7,9.4,,8.6,8.8,A,4.0,True,3.91,3.91,Pass
7804,1625848,HK161_CO1005_L04,CO1005,-13,False,,8.1,7.0,,8.0,7.5,B,3.0,True,3.41,3.41,Pass
7805,1636419,HK161_CO1005_L04,CO1005,-13,False,,6.3,7.0,,6.8,6.8,C+,2.5,True,2.47,2.47,Pass
7806,1647114,HK161_CO1005_L04,CO1005,-13,False,,6.7,6.6,,7.7,7.0,B,3.0,True,3.29,3.29,Pass
7807,1672228,HK161_CO1005_L04,CO1005,-13,False,,6.0,5.5,,4.0,5.2,D+,1.5,True,2.09,2.09,Pass
7808,1647383,HK161_CO1005_L04,CO1005,-13,False,,6.9,7.2,,7.0,7.1,B,3.0,True,2.76,2.76,Pass
7809,1657561,HK161_CO1005_L04,CO1005,-13,False,,7.2,7.1,,7.3,7.2,B,3.0,True,3.29,3.29,Pass
7810,1600879,HK161_CO1005_L04,CO1005,-13,False,,8.5,6.8,,8.6,7.7,B,3.0,True,3.44,3.44,Pass
7811,1638136,HK161_CO1005_L04,CO1005,-13,False,,7.1,5.1,,5.6,5.6,C,2.0,True,2.5,2.5,Pass
7812,1608678,HK161_CO1005_L04,CO1005,-13,False,,5.3,6.7,,6.3,6.3,C,2.0,True,2.41,2.41,Pass
7813,1668256,HK161_CO1005_L04,CO1005,-13,False,,8.4,6.8,,7.9,7.5,B,3.0,True,3.38,3.38,Pass
7814,1611843,HK161_CO1005_L04,CO1005,-13,False,,8.1,7.7,,7.4,7.7,B,3.0,True,3.41,3.41,Pass
7815,1680668,HK161_CO1005_L04,CO1005,-13,False,,5.3,7.9,,6.6,7.0,B,3.0,True,3.09,3.09,Pass
7816,1603258,HK161_CO1005_L04,CO1005,-13,False,,8.8,9.1,,8.0,8.7,A,4.0,True,3.26,3.26,Pass
7817,1667470,HK161_CO1005_L04,CO1005,-13,False,,8.3,8.4,,7.4,8.1,B+,3.5,True,3.47,3.47,Pass
7818,1601024,HK161_CO1005_L04,CO1005,-13,False,,7.9,8.2,,8.2,8.1,B+,3.5,True,3.82,3.82,Pass
7819,1681992,HK161_CO1005_L04,CO1005,-13,False,,7.7,7.2,,7.7,7.5,B,3.0,True,3.21,3.21,Pass
7820,1681599,HK161_CO1005_L04,CO1005,-13,False,,7.6,6.9,,7.7,7.3,B,3.0,True,3.62,3.62,Pass
7821,1601417,HK161_CO1005_L04,CO1005,-13,False,,8.8,10.0,,9.4,9.6,A+,4.0,True,3.9,3.9,Pass
7822,1632323,HK161_CO1005_L04,CO1005,-13,False,,5.2,5.3,,6.9,5.8,C,2.0,True,2.65,2.65,Pass
7823,1635757,HK161_CO1005_L04,CO1005,-13,False,,6.6,8.2,,8.3,7.9,B,3.0,True,3.32,3.32,Pass
7824,1662836,HK161_CO1005_L04,CO1005,-13,False,,5.9,5.1,,5.9,5.5,C,2.0,True,2.21,2.21,Pass
7825,1673676,HK161_CO1005_L04,CO1005,-13,False,,7.8,7.9,,7.0,7.6,B,3.0,True,3.15,3.15,Pass
7826,1695728,HK161_CO1005_L04,CO1005,-13,False,,5.3,5.6,,5.1,5.4,D+,1.5,True,1.91,1.91,Pass
7827,1610271,HK161_CO1005_L04,CO1005,-13,False,,8.2,8.0,,7.5,7.9,B,3.0,True,3.15,3.15,Pass
7828,1669042,HK161_CO1005_L04,CO1005,-13,False,,6.7,5.8,,7.1,6.4,C+,2.5,True,2.62,2.62,Pass
7829,1613043,HK161_CO1005_L04,CO1005,-13,False,,7.1,7.3,,7.4,7.3,B,3.0,True,3.62,3.62,Pass
7830,1607354,HK161_CO1005_L04,CO1005,-13,False,,8.6,6.9,,8.2,7.6,B,3.0,True,3.24,3.24,Pass
7831,1684764,HK161_CO1005_L04,CO1005,-13,False,,4.8,5.2,,3.6,4.6,D,1.0,True,1.44,1.44,Pass
7832,1659009,HK161_CO1005_L05,CO1005,-13,False,,7.2,8.0,,7.2,7.6,B,3.0,True,3.0,3.0,Pass
7833,1652017,HK161_CO1005_L05,CO1005,-13,False,,6.3,7.1,,7.1,6.9,C+,2.5,True,3.03,3.03,Pass
7834,1620573,HK161_CO1005_L05,CO1005,-13,False,,7.3,7.6,,7.5,7.5,B,3.0,True,3.44,3.44,Pass
7835,1644342,HK161_CO1005_L05,CO1005,-13,False,,7.5,6.9,,8.6,7.5,B,3.0,True,3.29,3.29,Pass
7836,1632861,HK161_CO1005_L05,CO1005,-13,False,,7.0,6.8,,5.8,6.5,C+,2.5,True,2.74,2.74,Pass
7837,1688467,HK161_CO1005_L05,CO1005,-13,False,,7.7,7.7,,6.4,7.3,B,3.0,True,2.68,2.68,Pass
7838,1652141,HK161_CO1005_L05,CO1005,-13,False,,6.6,5.7,,7.2,6.3,C,2.0,True,2.5,2.5,Pass
7839,1656899,HK161_CO1005_L05,CO1005,-13,False,,6.3,5.7,,6.7,6.1,C,2.0,True,2.21,2.21,Pass
7840,1690722,HK161_CO1005_L05,CO1005,-13,False,,6.0,5.7,,5.6,5.7,C,2.0,True,2.53,2.53,Pass
7841,1667594,HK161_CO1005_L05,CO1005,-13,False,,6.4,7.7,,8.4,7.7,B,3.0,True,3.0,3.0,Pass
7842,1638529,HK161_CO1005_L05,CO1005,-13,False,,9.2,9.6,,10.0,9.6,A+,4.0,True,4.0,4.0,Pass
7843,1611057,HK161_CO1005_L05,CO1005,-13,False,,6.4,5.6,,5.0,5.6,C,2.0,True,1.79,1.79,Pass
7844,1600362,HK161_CO1005_L05,CO1005,-13,False,,7.0,7.5,,8.5,7.7,B,3.0,True,3.26,3.26,Pass
7845,1617656,HK161_CO1005_L05,CO1005,-13,False,,8.4,6.8,,6.8,7.1,B,3.0,True,3.15,3.15,Pass
7846,1678165,HK161_CO1005_L05,CO1005,-13,False,,7.1,6.0,,6.8,6.5,C+,2.5,True,2.69,2.69,Pass
7847,1680275,HK161_CO1005_L05,CO1005,-13,False,,8.4,9.6,,9.8,9.4,A,4.0,True,3.71,3.71,Pass
7848,1620035,HK161_CO1005_L05,CO1005,-13,False,,4.6,4.4,,4.9,4.6,D,1.0,True,1.38,1.38,Pass
7849,1690184,HK161_CO1005_L05,CO1005,-13,False,,7.5,6.0,,5.1,6.0,C,2.0,True,2.41,2.41,Pass
7850,1692832,HK161_CO1005_L05,CO1005,-13,False,,8.6,6.5,,9.7,7.9,B,3.0,True,3.5,3.5,Pass
7851,1615029,HK161_CO1005_L05,CO1005,-13,False,,7.7,5.7,,7.9,6.8,C+,2.5,True,2.47,2.47,Pass
7852,1688860,HK161_CO1005_L05,CO1005,-13,False,,5.5,5.5,,6.1,5.7,C,2.0,True,2.15,2.15,Pass
7853,1603920,HK161_CO1005_L05,CO1005,-13,False,,4.9,6.5,,4.8,5.7,C,2.0,True,1.59,1.59,Pass
7854,1680937,HK161_CO1005_L05,CO1005,-13,False,,7.9,8.2,,7.3,7.9,B,3.0,True,3.29,3.29,Pass
7855,1654127,HK161_CO1005_L05,CO1005,-13,False,,6.2,7.7,,7.6,7.4,B,3.0,True,3.38,3.38,Pass
7856,1696535,HK161_CO1005_L05,CO1005,-13,False,,3.9,5.5,,6.0,5.3,D+,1.5,True,1.91,1.91,Pass
7857,1666539,HK161_CO1005_L05,CO1005,-13,False,,6.8,8.0,,7.1,7.5,B,3.0,True,3.18,3.18,Pass
7858,1669704,HK161_CO1005_L05,CO1005,-13,False,,8.0,7.3,,7.7,7.6,B,3.0,True,3.09,3.09,Pass
7859,1696266,HK161_CO1005_L05,CO1005,-13,False,,6.7,5.3,,6.0,5.8,C,2.0,True,2.32,2.32,Pass
7860,1676717,HK161_CO1005_L05,CO1005,-13,False,,7.3,7.8,,7.7,7.7,B,3.0,True,3.41,3.41,Pass
7861,1699038,HK161_CO1005_L05,CO1005,-13,False,,5.7,6.4,,5.7,6.1,C,2.0,True,2.32,2.32,Pass
7862,1653858,HK161_CO1005_L05,CO1005,-13,False,,5.7,4.8,,6.6,5.5,C,2.0,True,1.53,1.53,Pass
7863,1631537,HK161_CO1005_L05,CO1005,-13,False,,6.3,7.1,,6.4,6.7,C+,2.5,True,2.74,2.74,Pass
7864,1625993,HK161_CO1005_L05,CO1005,-13,False,,6.0,8.3,,6.0,7.2,B,3.0,True,2.88,2.88,Pass
7865,1668525,HK161_CO1005_L05,CO1005,-13,False,,7.1,6.4,,8.3,7.1,B,3.0,True,3.5,3.5,Pass
7866,1642501,HK161_CO1005_L05,CO1005,-13,False,,8.1,7.4,,6.0,7.1,B,3.0,True,3.32,3.32,Pass
7867,1674731,HK161_CO1005_L05,CO1005,-13,False,,5.8,5.3,,6.1,5.6,C,2.0,True,1.88,1.88,Pass
7868,1648831,HK161_CO1005_L05,CO1005,-13,False,,4.9,6.6,,4.7,5.7,C,2.0,True,1.47,1.47,Pass
7869,1689915,HK161_CO1005_L05,CO1005,-13,False,,7.9,6.1,,5.4,6.2,C,2.0,True,2.65,2.65,Pass
7870,1662319,HK161_CO1005_L05,CO1005,-13,False,,6.7,7.6,,7.3,7.3,B,3.0,True,3.29,3.29,Pass
7871,1666415,HK161_CO1005_L05,CO1005,-13,False,,7.4,7.2,,8.0,7.5,B,3.0,True,3.32,3.32,Pass
7872,1617801,HK161_CO1005_L05,CO1005,-13,False,,4.3,5.5,,5.7,5.3,D+,1.5,True,2.15,2.15,Pass
7873,1664160,HK161_CO1005_L05,CO1005,-13,False,,7.1,8.3,,8.9,8.2,B+,3.5,True,3.5,3.5,Pass
7874,1628765,HK161_CO1005_L05,CO1005,-13,False,,8.0,6.7,,8.6,7.5,B,3.0,True,3.65,3.65,Pass
7875,1697714,HK161_CO1005_L05,CO1005,-13,False,,6.7,7.4,,5.9,6.8,C+,2.5,True,2.68,2.68,Pass
7876,1665877,HK161_CO1005_L05,CO1005,-13,False,,7.2,7.8,,8.2,7.8,B,3.0,True,3.09,3.09,Pass
7877,1625062,HK161_CO1005_L05,CO1005,-13,False,,6.2,5.0,,6.3,5.6,C,2.0,True,2.41,2.41,Pass
7878,1604851,HK161_CO1005_L05,CO1005,-13,False,,8.3,7.5,,7.2,7.6,B,3.0,True,3.26,3.26,Pass
7879,1662443,HK161_CO1005_L05,CO1005,-13,False,,8.2,8.1,,9.2,8.4,B+,3.5,True,3.5,3.5,Pass
7880,1639584,HK161_CO1005_L05,CO1005,-13,False,,9.0,7.3,,8.1,7.9,B,3.0,True,3.29,3.29,Pass
7881,1675000,HK161_CO1005_L05,CO1005,-13,False,,7.1,7.1,,6.0,6.8,C+,2.5,True,2.79,2.79,Pass
7882,1659795,HK161_CO1005_L05,CO1005,-13,False,,8.4,7.3,,8.3,7.8,B,3.0,True,3.62,3.62,Pass
7883,1678827,HK161_CO1005_L05,CO1005,-13,False,,4.7,5.6,,5.6,5.4,D+,1.5,True,1.68,1.68,Pass
7884,1650693,HK161_CO1005_L05,CO1005,-13,False,,7.3,5.1,,6.6,6.0,C,2.0,True,3.12,3.12,Pass
7885,1682261,HK161_CO1005_L05,CO1005,-13,False,,7.4,6.1,,5.3,6.1,C,2.0,True,2.24,2.24,Pass
7886,1653072,HK161_CO1005_L05,CO1005,-13,False,,5.9,6.3,,6.2,6.2,C,2.0,True,2.15,2.15,Pass
7887,1670366,HK161_CO1005_L05,CO1005,-13,False,,6.3,6.2,,7.4,6.6,C+,2.5,True,2.62,2.62,Pass
7888,1677379,HK161_CO1005_L05,CO1005,-13,False,,4.4,5.2,,5.4,5.1,D+,1.5,True,1.68,1.68,Pass
7889,1640784,HK161_CO1005_L05,CO1005,-13,False,,6.1,5.7,,6.3,6.0,C,2.0,True,2.56,2.56,Pass
7890,1635095,HK161_CO1005_L05,CO1005,-13,False,,5.7,6.6,,6.2,6.3,C,2.0,True,2.35,2.35,Pass
7891,1611988,HK161_CO1005_L05,CO1005,-13,False,,5.9,6.0,,4.3,5.5,C,2.0,True,1.88,1.88,Pass
7892,1666932,HK161_CO1005_L05,CO1005,-13,False,,4.6,5.9,,5.3,5.5,C,2.0,True,1.56,1.56,Pass
7893,1637867,HK161_CO1005_L05,CO1005,-13,False,,7.1,6.3,,7.0,6.7,C+,2.5,True,2.71,2.71,Pass
7894,1615939,HK161_CO1005_L05,CO1005,-13,False,,6.0,7.5,,7.0,7.1,B,3.0,True,2.59,2.59,Pass
7895,1606030,HK161_CO1005_L05,CO1005,-13,False,,7.8,6.3,,6.9,6.8,C+,2.5,True,2.65,2.65,Pass
7896,1610788,HK161_CO1005_L05,CO1005,-13,False,,7.8,6.4,,7.0,6.9,C+,2.5,True,3.24,3.24,Pass
7897,1650424,HK161_CO1005_L05,CO1005,-13,False,,7.9,9.6,,7.5,8.6,A,4.0,True,3.38,3.38,Pass
7898,1672083,HK161_CO1005_L05,CO1005,-13,False,,7.5,7.9,,7.1,7.6,B,3.0,True,3.38,3.38,Pass
7899,1634309,HK161_CO1005_L05,CO1005,-13,False,,9.2,8.7,,7.7,8.5,A,4.0,True,4.0,4.0,Pass
7900,1605244,HK161_CO1005_L05,CO1005,-13,False,,6.2,8.6,,8.2,8.0,B+,3.5,True,3.06,3.06,Pass
7901,1690453,HK161_CO1005_L05,CO1005,-13,False,,7.7,5.8,,7.9,6.8,C+,2.5,True,3.32,3.32,Pass
7902,1618318,HK161_CO1005_L05,CO1005,-13,False,,4.9,5.6,,5.2,5.3,D+,1.5,True,2.0,2.0,Pass
7903,1647921,HK161_CO1005_L05,CO1005,-13,False,,7.2,6.2,,6.7,6.6,C+,2.5,True,2.91,2.91,Pass
7904,1655306,HK161_CO1005_L05,CO1005,-13,False,,6.7,5.6,,6.1,6.0,C,2.0,True,2.59,2.59,Pass
7905,1610664,HK161_CO1005_L05,CO1005,-13,False,,6.7,7.6,,8.0,7.5,B,3.0,True,3.24,3.24,Pass
7906,1600755,HK161_CO1005_L05,CO1005,-13,False,,6.9,5.9,,6.5,6.3,C,2.0,True,2.29,2.29,Pass
7907,1668132,HK161_CO1005_L05,CO1005,-13,False,,8.3,7.6,,6.9,7.5,B,3.0,True,3.29,3.29,Pass
7908,1630875,HK161_CO1005_L05,CO1005,-13,False,,8.2,7.9,,6.9,7.7,B,3.0,True,3.21,3.21,Pass
7909,1614222,HK161_CO1005_L05,CO1005,-13,False,,8.1,7.9,,6.9,7.6,B,3.0,True,3.26,3.26,Pass
7910,1645935,HK161_CO1005_L05,CO1005,-13,False,,5.1,6.1,,4.9,5.5,C,2.0,True,2.18,2.18,Pass
7911,1619249,HK161_CO1005_L05,CO1005,-13,False,,6.3,4.9,,4.4,5.0,D+,1.5,True,1.71,1.71,Pass
7912,1684640,HK161_CO1005_L05,CO1005,-13,False,,6.4,6.4,,6.0,6.3,C,2.0,True,2.29,2.29,Pass
7913,1689791,HK161_CO1005_L05,CO1005,-13,False,,7.0,7.9,,8.5,7.9,B,3.0,True,3.24,3.24,Pass
7914,1605513,HK161_CO1005_L05,CO1005,-13,False,,7.6,7.0,,6.9,7.1,B,3.0,True,3.21,3.21,Pass
7915,1676179,HK161_CO1005_L05,CO1005,-13,False,,8.1,8.0,,6.7,7.6,B,3.0,True,3.41,3.41,Pass
7916,1660064,HK161_CO1005_L05,CO1005,-13,False,,8.6,6.9,,8.5,7.7,B,3.0,True,3.21,3.21,Pass
7917,1630482,HK161_CO1005_L05,CO1005,-13,False,,8.0,8.0,,6.7,7.6,B,3.0,True,3.09,3.09,Pass
7918,1698252,HK161_CO1005_L05,CO1005,-13,False,,6.6,7.5,,5.5,6.7,C+,2.5,True,2.53,2.53,Pass
7919,1616746,HK161_CO1005_L05,CO1005,-13,False,,3.9,5.0,,5.4,4.9,D,1.0,True,1.55,1.55,Pass
7920,1678951,HK161_CO1005_L05,CO1005,-13,False,,6.0,6.0,,5.5,5.8,C,2.0,True,1.91,1.91,Pass
7921,1604582,HK161_CO1005_L05,CO1005,-13,False,,7.3,8.5,,9.0,8.4,B+,3.5,True,3.53,3.53,Pass
7922,1680813,HK161_CO1005_L05,CO1005,-13,False,,8.2,8.8,,7.9,8.4,B+,3.5,True,3.18,3.18,Pass
7923,1659402,HK161_CO1005_L05,CO1005,-13,False,,6.9,6.1,,6.1,6.3,C,2.0,True,2.44,2.44,Pass
7924,1679613,HK161_CO1005_L05,CO1005,-13,False,,7.4,7.4,,8.8,7.8,B,3.0,True,3.59,3.59,Pass
7925,1639460,HK161_CO1005_L05,CO1005,-13,False,,4.4,5.6,,6.9,5.8,C,2.0,True,2.15,2.15,Pass
7926,1692563,HK161_CO1005_L05,CO1005,-13,False,,6.9,7.6,,8.3,7.7,B,3.0,True,3.12,3.12,Pass
7927,1604189,HK161_CO1005_L05,CO1005,-13,False,,7.8,7.2,,8.0,7.6,B,3.0,True,3.44,3.44,Pass
7928,1606837,HK161_CO1005_L05,CO1005,-13,False,,7.4,8.8,,7.9,8.2,B+,3.5,True,3.5,3.5,Pass
7929,1645542,HK161_CO1005_L05,CO1005,-13,False,,4.3,6.0,,5.4,5.5,C,2.0,True,1.76,1.76,Pass
7930,1628620,HK161_CO1005_L05,CO1005,-13,False,,4.9,6.2,,5.2,5.6,C,2.0,True,2.38,2.38,Pass
7931,1696659,HK161_CO1005_L05,CO1005,-13,False,,7.5,8.5,,7.8,8.1,B+,3.5,True,3.71,3.71,Pass
7932,1663498,HK161_CO1005_L05,CO1005,-13,False,,6.7,6.4,,7.0,6.6,C+,2.5,True,2.26,2.26,Pass
7933,1661512,HK161_CO1005_L05,CO1005,-13,False,,8.4,7.2,,8.1,7.7,B,3.0,True,3.24,3.24,Pass
7934,1699824,HK161_CO1005_L05,CO1005,-13,False,,8.8,8.8,,7.7,8.5,A,4.0,True,3.53,3.53,Pass
7935,1624793,HK161_CO1005_L05,CO1005,-13,False,,6.2,6.1,,5.7,6.0,C,2.0,True,2.32,2.32,Pass
7936,1679758,HK161_CO1005_L05,CO1005,-13,False,,7.4,7.4,,6.7,7.2,B,3.0,True,3.18,3.18,Pass
7937,1684909,HK161_CO1005_L05,CO1005,-13,False,,9.8,8.0,,8.4,8.5,A,4.0,True,4.0,4.0,Pass
7938,1600093,HK161_CO1005_L05,CO1005,-13,False,,8.3,7.9,,8.5,8.2,B+,3.5,True,3.18,3.18,Pass
7939,1615153,HK161_CO1005_L05,CO1005,-13,False,,6.2,5.9,,5.1,5.7,C,2.0,True,2.47,2.47,Pass
7940,1659278,HK161_CO1005_L05,CO1005,-13,False,,7.3,6.6,,7.6,7.0,B,3.0,True,2.91,2.91,Pass
7941,1663105,HK161_CO1005_L05,CO1005,-13,False,,7.8,9.2,,7.6,8.4,B+,3.5,True,3.26,3.26,Pass
7942,1664429,HK161_CO1005_L05,CO1005,-13,False,,3.7,6.0,,4.9,5.2,D+,1.5,True,2.03,2.03,Pass
7943,1616084,HK161_CO1005_L05,CO1005,-13,False,,4.9,6.7,,7.2,6.5,C+,2.5,True,3.21,3.21,Pass
7944,1601810,HK161_CO1005_L05,CO1005,-13,False,,5.6,5.1,,7.2,5.8,C,2.0,True,1.88,1.88,Pass
7945,1617925,HK161_CO1005_L05,CO1005,-13,False,,7.6,7.5,,7.7,7.6,B,3.0,True,3.53,3.53,Pass
7946,1673138,HK161_CO1005_L05,CO1005,-13,False,,8.9,9.4,,10.0,9.5,A+,4.0,True,3.62,3.62,Pass
7947,1672745,HK161_CO1005_L05,CO1005,-13,False,,8.0,7.8,,7.8,7.8,B,3.0,True,3.47,3.47,Pass
7948,1626779,HK161_CO1005_L05,CO1005,-13,False,,7.6,7.0,,7.0,7.1,B,3.0,True,3.41,3.41,Pass
7949,1627048,HK161_CO1005_L05,CO1005,-13,False,,6.8,5.6,,5.4,5.8,C,2.0,True,2.82,2.82,Pass
7950,1676572,HK161_CO1005_L05,CO1005,-13,False,,6.4,7.7,,8.1,7.6,B,3.0,True,3.18,3.18,Pass
7951,1697590,HK161_CO1023_L01,CO1023,-13,False,,8.6,8.9,,8.0,8.7,A,4.0,True,3.44,3.44,Pass
7952,1633254,HK161_CO1023_L01,CO1023,-13,False,,8.1,8.6,,7.8,8.3,B+,3.5,True,3.53,3.53,Pass
7953,1693225,HK161_CO1023_L01,CO1023,-13,False,,7.5,8.8,,9.1,8.6,A,4.0,True,3.32,3.32,Pass
7954,1605637,HK161_CO1023_L01,CO1023,-13,False,,5.8,6.8,,6.6,6.6,C+,2.5,True,2.18,2.18,Pass
7955,1611988,HK161_CO1023_L01,CO1023,-13,False,,5.4,6.2,,7.2,6.2,C,2.0,True,1.88,1.88,Pass
7956,1674731,HK161_CO1023_L01,CO1023,-13,False,,4.1,5.5,,7.5,5.6,C,2.0,True,1.88,1.88,Pass
7957,1603527,HK161_CO1023_L01,CO1023,-13,False,,6.8,5.4,,6.6,5.9,C,2.0,True,2.62,2.62,Pass
7958,1644611,HK161_CO1023_L01,CO1023,-13,False,,6.0,8.2,,7.5,7.6,B,3.0,True,3.18,3.18,Pass
7959,1668256,HK161_CO1023_L01,CO1023,-13,False,,7.6,8.9,,8.4,8.5,A,4.0,True,3.38,3.38,Pass
7960,1608947,HK161_CO1023_L01,CO1023,-13,False,,6.8,5.6,,3.0,5.3,D+,1.5,True,1.91,1.91,Pass
7961,1630337,HK161_CO1023_L01,CO1023,-13,False,,4.9,6.1,,6.2,5.9,C,2.0,True,2.03,2.03,Pass
7962,1634309,HK161_CO1023_L01,CO1023,-13,False,,8.6,9.7,,9.4,9.4,A,4.0,True,4.0,4.0,Pass
7963,1613829,HK161_CO1023_L01,CO1023,-13,False,,7.2,8.2,,7.7,7.9,B,3.0,True,2.62,2.62,Pass
7964,1679220,HK161_CO1023_L01,CO1023,-13,False,,8.3,6.7,,8.1,7.3,B,3.0,True,3.56,3.56,Pass
7965,1693494,HK161_CO1023_L01,CO1023,-13,False,,6.9,7.2,,7.9,7.3,B,3.0,True,2.59,2.59,Pass
7966,1654127,HK161_CO1023_L01,CO1023,-13,False,,8.2,8.7,,8.6,8.6,A,4.0,True,3.38,3.38,Pass
7967,1671297,HK161_CO1023_L01,CO1023,-13,False,,9.3,9.9,,7.7,9.3,A,4.0,True,4.0,4.0,Pass
7968,1629551,HK161_CO1023_L01,CO1023,-13,False,,6.4,5.9,,5.7,6.0,C,2.0,True,2.56,2.56,Pass
7969,1673407,HK161_CO1023_L01,CO1023,-13,False,,6.1,5.2,,5.1,5.4,D+,1.5,True,1.82,1.82,Pass
7970,1666808,HK161_CO1023_L01,CO1023,-13,False,,5.6,7.2,,6.7,6.8,C+,2.5,True,2.53,2.53,Pass
7971,1638674,HK161_CO1023_L01,CO1023,-13,False,,6.5,4.0,,5.0,4.7,D,1.0,True,1.55,1.55,Pass
7972,1609609,HK161_CO1023_L01,CO1023,-13,False,,7.4,7.6,,8.5,7.7,B,3.0,True,3.47,3.47,Pass
7973,1640246,HK161_CO1023_L01,CO1023,-13,False,,9.3,8.0,,8.1,8.3,B+,3.5,True,3.18,3.18,Pass
7974,1672621,HK161_CO1023_L01,CO1023,-13,False,,6.3,6.7,,6.0,6.5,C+,2.5,True,2.5,2.5,Pass
7975,1615815,HK161_CO1023_L01,CO1023,-13,False,,9.4,9.6,,9.6,9.6,A+,4.0,True,3.53,3.53,Pass
7976,1680275,HK161_CO1023_L01,CO1023,-13,False,,9.3,7.4,,9.1,8.1,B+,3.5,True,3.71,3.71,Pass
7977,1663105,HK161_CO1023_L01,CO1023,-13,False,,7.1,7.3,,8.7,7.5,B,3.0,True,3.26,3.26,Pass
7978,1602596,HK161_CO1023_L01,CO1023,-13,False,,7.8,8.6,,8.3,8.4,B+,3.5,True,3.06,3.06,Pass
7979,1686481,HK161_CO1023_L01,CO1023,-13,False,,5.8,6.3,,6.5,6.2,C,2.0,True,2.09,2.09,Pass
7980,1642501,HK161_CO1023_L01,CO1023,-13,False,,3.8,8.3,,7.4,7.2,B,3.0,True,3.32,3.32,Pass
7981,1661657,HK161_CO1023_L01,CO1023,-13,False,,8.1,8.4,,7.9,8.2,B+,3.5,True,3.21,3.21,Pass
7982,1692170,HK161_CO1023_L01,CO1023,-13,False,,6.5,6.2,,7.6,6.5,C+,2.5,True,3.12,3.12,Pass
7983,1649638,HK161_CO1023_L01,CO1023,-13,False,,5.2,6.2,,6.3,6.0,C,2.0,True,2.24,2.24,Pass
7984,1613705,HK161_CO1023_L01,CO1023,-13,False,,4.7,5.0,,6.5,5.2,D+,1.5,True,1.79,1.79,Pass
7985,1659278,HK161_CO1023_L01,CO1023,-13,False,,7.7,7.6,,7.1,7.5,B,3.0,True,2.91,2.91,Pass
7986,1691508,HK161_CO1023_L01,CO1023,-13,False,,6.6,5.6,,7.3,6.1,C,2.0,True,2.21,2.21,Pass
7987,1614760,HK161_CO1023_L01,CO1023,-13,False,,6.6,6.2,,7.5,6.5,C+,2.5,True,2.38,2.38,Pass
7988,1688736,HK161_CO1023_L01,CO1023,-13,False,,6.7,7.8,,7.0,7.4,B,3.0,True,2.68,2.68,Pass
7989,1690722,HK161_CO1023_L01,CO1023,-13,False,,7.9,6.3,,5.5,6.5,C+,2.5,True,2.53,2.53,Pass
7990,1622952,HK161_CO1023_L01,CO1023,-13,False,,8.9,5.7,,5.0,6.2,C,2.0,True,1.79,1.79,Pass
7991,1653589,HK161_CO1023_L01,CO1023,-13,False,,7.5,7.7,,7.5,7.6,B,3.0,True,3.0,3.0,Pass
7992,1605513,HK161_CO1023_L01,CO1023,-13,False,,7.7,8.6,,6.5,8.0,B+,3.5,True,3.21,3.21,Pass
7993,1604189,HK161_CO1023_L01,CO1023,-13,False,,8.4,8.3,,8.5,8.4,B+,3.5,True,3.44,3.44,Pass
7994,1641839,HK161_CO1023_L01,CO1023,-13,False,,7.8,7.8,,8.4,7.9,B,3.0,True,3.24,3.24,Pass
7995,1608678,HK161_CO1023_L01,CO1023,-13,False,,7.1,7.0,,5.8,6.8,C+,2.5,True,2.41,2.41,Pass
7996,1603258,HK161_CO1023_L01,CO1023,-13,False,,7.1,8.6,,5.9,7.8,B,3.0,True,3.26,3.26,Pass
7997,1698500,HK161_CO1023_L01,CO1023,-13,False,,7.2,8.2,,8.9,8.1,B+,3.5,True,3.82,3.82,Pass
7998,1616746,HK161_CO1023_L01,CO1023,-13,False,,7.4,5.1,,6.5,5.8,C,2.0,True,1.55,1.55,Pass
7999,1629427,HK161_CO1023_L01,CO1023,-13,False,,8.0,7.9,,8.3,8.0,B+,3.5,True,3.44,3.44,Pass
8000,1606692,HK161_CO1023_L01,CO1023,-13,False,,8.1,7.7,,7.6,7.8,B,3.0,True,3.09,3.09,Pass
8001,1649369,HK161_CO1023_L01,CO1023,-13,False,,9.6,9.4,,8.6,9.3,A,4.0,True,3.71,3.71,Pass
8002,1603403,HK161_CO1023_L01,CO1023,-13,False,,7.2,7.0,,6.8,7.0,B,3.0,True,2.53,2.53,Pass
8003,1673283,HK161_CO1023_L01,CO1023,-13,False,,6.0,6.9,,7.0,6.7,C+,2.5,True,2.32,2.32,Pass
8004,1662981,HK161_CO1023_L01,CO1023,-13,False,,4.9,4.6,,6.4,5.0,D+,1.5,True,1.94,1.94,Pass
8005,1676448,HK161_CO1023_L01,CO1023,-13,False,,6.2,7.0,,6.1,6.7,C+,2.5,True,2.35,2.35,Pass
8006,1617801,HK161_CO1023_L01,CO1023,-13,False,,4.8,6.1,,5.9,5.8,C,2.0,True,2.15,2.15,Pass
8007,1648707,HK161_CO1023_L01,CO1023,-13,False,,7.9,6.5,,8.2,7.1,B,3.0,True,3.12,3.12,Pass
8008,1684909,HK161_CO1023_L01,CO1023,-13,False,,8.5,8.9,,8.5,8.7,A,4.0,True,4.0,4.0,Pass
8009,1684102,HK161_CO1023_L01,CO1023,-13,False,,7.9,6.5,,7.4,7.0,B,3.0,True,3.35,3.35,Pass
8010,1693349,HK161_CO1023_L01,CO1023,-13,False,,8.1,9.0,,7.6,8.5,A,4.0,True,3.35,3.35,Pass
8011,1621752,HK161_CO1023_L01,CO1023,-13,False,,6.1,7.5,,6.0,6.9,C+,2.5,True,2.42,2.42,Pass
8012,1684371,HK161_CO1023_L01,CO1023,-13,False,,5.7,7.4,,6.4,6.9,C+,2.5,True,1.88,1.88,Pass
8013,1642625,HK161_CO1023_L01,CO1023,-13,False,,4.3,3.8,,6.2,4.4,D,1.0,True,1.66,1.66,Pass
8014,1622414,HK161_CO1023_L01,CO1023,-13,False,,6.8,6.7,,7.3,6.8,C+,2.5,True,2.85,2.85,Pass
8015,1601024,HK161_CO1023_L01,CO1023,-13,False,,7.5,9.1,,7.9,8.5,A,4.0,True,3.82,3.82,Pass
8016,1601148,HK161_CO1023_L01,CO1023,-13,False,,7.9,6.5,,6.7,6.8,C+,2.5,True,2.53,2.53,Pass
8017,1655968,HK161_CO1023_L01,CO1023,-13,False,,7.8,8.8,,8.4,8.5,A,4.0,True,4.0,4.0,Pass
8018,1650693,HK161_CO1023_L01,CO1023,-13,False,,8.5,10.0,,8.3,9.4,A,4.0,True,3.12,3.12,Pass
8019,1610933,HK161_CO1023_L01,CO1023,-13,False,,7.2,8.5,,9.3,8.4,B+,3.5,True,2.85,2.85,Pass
8020,1681475,HK161_CO1023_L01,CO1023,-13,False,,7.5,6.7,,7.1,6.9,C+,2.5,True,2.53,2.53,Pass
8021,1695604,HK161_CO1023_L01,CO1023,-13,False,,8.9,8.3,,7.2,8.2,B+,3.5,True,3.12,3.12,Pass
8022,1616084,HK161_CO1023_L01,CO1023,-13,False,,7.5,8.9,,6.9,8.2,B+,3.5,True,3.21,3.21,Pass
8023,1671566,HK161_CO1023_L01,CO1023,-13,False,,6.5,5.6,,6.9,6.0,C,2.0,True,2.32,2.32,Pass
8024,1608016,HK161_CO1023_L01,CO1023,-13,False,,8.2,8.3,,9.0,8.4,B+,3.5,True,3.5,3.5,Pass
8025,1695997,HK161_CO1023_L01,CO1023,-13,False,,8.2,7.1,,8.9,7.7,B,3.0,True,3.12,3.12,Pass
8026,1676055,HK161_CO1023_L01,CO1023,-13,False,,6.8,7.7,,6.3,7.2,B,3.0,True,2.74,2.74,Pass
8027,1660457,HK161_CO1023_L01,CO1023,-13,False,,6.7,7.3,,7.1,7.1,B,3.0,True,2.74,2.74,Pass
8028,1615939,HK161_CO1023_L01,CO1023,-13,False,,6.8,7.6,,7.4,7.4,B,3.0,True,2.59,2.59,Pass
8029,1671959,HK161_CO1023_L01,CO1023,-13,False,,5.2,3.7,,4.6,4.2,D,1.0,True,1.62,1.62,Pass
8030,1661388,HK161_CO1023_L01,CO1023,-13,False,,5.3,5.8,,6.2,5.8,C,2.0,True,1.68,1.68,Pass
8031,1600879,HK161_CO1023_L01,CO1023,-13,False,,7.9,8.2,,7.9,8.1,B+,3.5,True,3.44,3.44,Pass
8032,1699162,HK161_CO1023_L01,CO1023,-13,False,,10.0,9.2,,9.6,9.4,A,4.0,True,4.0,4.0,Pass
8033,1654913,HK161_CO1023_L01,CO1023,-13,False,,8.6,9.2,,9.8,9.2,A,4.0,True,3.91,3.91,Pass
8034,1678165,HK161_CO1023_L01,CO1023,-13,False,,5.8,7.0,,7.4,6.8,C+,2.5,True,2.69,2.69,Pass
8035,1620966,HK161_CO1023_L01,CO1023,-13,False,,4.6,6.0,,6.5,5.8,C,2.0,True,1.75,1.75,Pass
8036,1679489,HK161_CO1023_L01,CO1023,-13,False,,7.7,8.1,,7.1,7.8,B,3.0,True,2.91,2.91,Pass
8037,1665608,HK161_CO1023_L01,CO1023,-13,False,,8.3,8.2,,9.0,8.4,B+,3.5,True,3.53,3.53,Pass
8038,1640122,HK161_CO1023_L01,CO1023,-13,False,,7.3,7.3,,9.3,7.7,B,3.0,True,3.32,3.32,Pass
8039,1661119,HK161_CO1023_L01,CO1023,-13,False,,6.1,4.9,,6.2,5.4,D+,1.5,True,1.74,1.74,Pass
8040,1668649,HK161_CO1023_L01,CO1023,-13,False,,8.2,8.6,,8.0,8.4,B+,3.5,True,3.29,3.29,Pass
8041,1611057,HK161_CO1023_L01,CO1023,-13,False,,5.2,4.8,,5.7,5.1,D+,1.5,True,1.79,1.79,Pass
8042,1677379,HK161_CO1023_L01,CO1023,-13,False,,6.9,6.4,,5.5,6.3,C,2.0,True,1.68,1.68,Pass
8043,1619911,HK161_CO1023_L01,CO1023,-13,False,,7.5,8.5,,6.7,7.9,B,3.0,True,3.18,3.18,Pass
8044,1646328,HK161_CO1023_L01,CO1023,-13,False,,8.8,8.3,,7.1,8.2,B+,3.5,True,3.29,3.29,Pass
8045,1621359,HK161_CO1023_L01,CO1023,-13,False,,7.2,6.0,,6.4,6.3,C,2.0,True,2.29,2.29,Pass
8046,1615546,HK161_CO1023_L01,CO1023,-13,False,,7.1,6.7,,8.3,7.1,B,3.0,True,3.06,3.06,Pass
8047,1695335,HK161_CO1023_L01,CO1023,-13,False,,9.4,8.6,,7.9,8.6,A,4.0,True,3.71,3.71,Pass
8048,1481376,HK161_CO1023_L01,CO1023,-13,True,,3.5,4.3,,3.3,3.9,F,0.0,False,0.18,1.0,Fail
8049,1629282,HK161_CO1023_L01,CO1023,-13,False,,8.6,8.8,,8.0,8.6,A,4.0,True,3.5,3.5,Pass
8050,1669849,HK161_CO1023_L01,CO1023,-13,False,,7.2,6.9,,7.2,7.0,B,3.0,True,3.0,3.0,Pass
8051,1627441,HK161_CO1023_L01,CO1023,-13,False,,6.0,6.8,,6.5,6.6,C+,2.5,True,2.62,2.62,Pass
8052,1627172,HK161_CO1023_L01,CO1023,-13,False,,6.9,8.2,,7.6,7.8,B,3.0,True,3.03,3.03,Pass
8053,1650548,HK161_CO1023_L01,CO1023,-13,False,,6.6,7.5,,6.8,7.2,B,3.0,True,2.79,2.79,Pass
8054,1634433,HK161_CO1023_L01,CO1023,-13,False,,7.0,6.9,,7.5,7.0,B,3.0,True,2.29,2.29,Pass
8055,1651086,HK161_CO1023_L01,CO1023,-13,False,,7.9,5.7,,5.5,6.1,C,2.0,True,2.62,2.62,Pass
8056,1681599,HK161_CO1023_L01,CO1023,-13,False,,7.9,8.8,,9.2,8.7,A,4.0,True,3.62,3.62,Pass
8057,1637867,HK161_CO1023_L01,CO1023,-13,False,,6.4,6.3,,6.6,6.4,C+,2.5,True,2.71,2.71,Pass
8058,1627834,HK161_CO1023_L01,CO1023,-13,False,,5.2,5.5,,6.2,5.6,C,2.0,True,1.62,1.62,Pass
8059,1661781,HK161_CO1023_L01,CO1023,-13,False,,5.7,4.9,,5.3,5.1,D+,1.5,True,1.68,1.68,Pass
8060,1607230,HK161_CO1023_L01,CO1023,-13,False,,5.2,5.5,,5.4,5.4,D+,1.5,True,1.59,1.59,Pass
8061,1677772,HK161_CO1023_L01,CO1023,-13,False,,6.9,8.0,,9.1,8.0,B+,3.5,True,2.97,2.97,Pass
8062,1645935,HK161_CO1023_L01,CO1023,-13,False,,5.5,8.4,,5.9,7.3,B,3.0,True,2.18,2.18,Pass
8063,1641570,HK161_CO1023_L01,CO1023,-13,False,,7.2,7.3,,8.0,7.4,B,3.0,True,3.41,3.41,Pass
8064,1641177,HK161_CO1023_L01,CO1023,-13,False,,9.0,8.4,,8.4,8.5,A,4.0,True,3.26,3.26,Pass
8065,1616208,HK161_CO1023_L01,CO1023,-13,False,,9.8,8.5,,7.6,8.6,A,4.0,True,3.24,3.24,Pass
8066,1623345,HK161_CO1023_L01,CO1023,-13,False,,8.2,7.4,,8.9,7.9,B,3.0,True,3.12,3.12,Pass
8067,1698645,HK161_CO1023_L01,CO1023,-13,False,,8.3,9.0,,7.9,8.6,A,4.0,True,3.74,3.74,Pass
8068,1612774,HK161_CO1023_L01,CO1023,-13,False,,7.6,8.2,,7.6,8.0,B+,3.5,True,3.29,3.29,Pass
8069,1665215,HK161_CO1023_L01,CO1023,-13,False,,5.3,5.7,,5.9,5.7,C,2.0,True,1.76,1.76,Pass
8070,1622290,HK161_CO1023_L01,CO1023,-13,False,,8.0,7.1,,8.7,7.6,B,3.0,True,3.18,3.18,Pass
8071,1694280,HK161_CO1023_L02,CO1023,-13,False,,7.0,7.2,,7.2,7.2,B,3.0,True,2.18,2.18,Pass
8072,1693618,HK161_CO1023_L02,CO1023,-13,False,,8.4,9.1,,8.3,8.8,A,4.0,True,3.18,3.18,Pass
8073,1637350,HK161_CO1023_L02,CO1023,-13,False,,8.4,7.4,,8.4,7.8,B,3.0,True,2.82,2.82,Pass
8074,1648438,HK161_CO1023_L02,CO1023,-13,False,,7.1,6.3,,7.6,6.7,C+,2.5,True,2.09,2.09,Pass
8075,1680813,HK161_CO1023_L02,CO1023,-13,False,,7.7,6.8,,7.9,7.2,B,3.0,True,3.18,3.18,Pass
8076,1690577,HK161_CO1023_L02,CO1023,-13,False,,9.4,8.9,,9.0,9.0,A,4.0,True,3.92,3.92,Pass
8077,1662319,HK161_CO1023_L02,CO1023,-13,False,,7.5,6.8,,8.0,7.2,B,3.0,True,3.29,3.29,Pass
8078,1649762,HK161_CO1023_L02,CO1023,-13,False,,7.3,7.6,,6.7,7.4,B,3.0,True,2.76,2.76,Pass
8079,1601810,HK161_CO1023_L02,CO1023,-13,False,,5.4,4.5,,5.3,4.8,D,1.0,True,1.88,1.88,Pass
8080,1657954,HK161_CO1023_L02,CO1023,-13,False,,7.9,7.3,,7.4,7.4,B,3.0,True,2.71,2.71,Pass
8081,1666146,HK161_CO1023_L02,CO1023,-13,False,,5.9,6.7,,5.9,6.4,C+,2.5,True,2.0,2.0,Pass
8082,1675000,HK161_CO1023_L02,CO1023,-13,False,,7.7,7.0,,8.2,7.4,B,3.0,True,2.79,2.79,Pass
8083,1657685,HK161_CO1023_L02,CO1023,-13,False,,7.9,9.1,,8.0,8.6,A,4.0,True,3.59,3.59,Pass
8084,1638798,HK161_CO1023_L02,CO1023,-13,False,,7.4,8.4,,8.2,8.2,B+,3.5,True,3.71,3.71,Pass
8085,1611719,HK161_CO1023_L02,CO1023,-13,False,,8.7,8.7,,8.2,8.6,A,4.0,True,3.18,3.18,Pass
8086,1696535,HK161_CO1023_L02,CO1023,-13,False,,5.5,6.5,,6.5,6.3,C,2.0,True,1.91,1.91,Pass
8087,1683585,HK161_CO1023_L02,CO1023,-13,False,,8.0,7.9,,6.7,7.7,B,3.0,True,3.09,3.09,Pass
8088,1618856,HK161_CO1023_L02,CO1023,-13,False,,6.9,6.5,,7.7,6.8,C+,2.5,True,3.47,3.47,Pass
8089,1655306,HK161_CO1023_L02,CO1023,-13,False,,7.9,7.0,,7.3,7.2,B,3.0,True,2.59,2.59,Pass
8090,1637474,HK161_CO1023_L02,CO1023,-13,False,,9.2,7.2,,7.3,7.6,B,3.0,True,3.09,3.09,Pass
8091,1632054,HK161_CO1023_L02,CO1023,-13,False,,8.6,8.4,,8.0,8.4,B+,3.5,True,3.44,3.44,Pass
8092,1621897,HK161_CO1023_L02,CO1023,-13,False,,8.1,7.2,,7.5,7.4,B,3.0,True,3.32,3.32,Pass
8093,1605782,HK161_CO1023_L02,CO1023,-13,False,,6.8,7.5,,6.8,7.2,B,3.0,True,2.53,2.53,Pass
8094,1628227,HK161_CO1023_L02,CO1023,-13,False,,8.1,8.1,,8.0,8.1,B+,3.5,True,3.06,3.06,Pass
8095,1685033,HK161_CO1023_L02,CO1023,-13,False,,7.4,7.4,,6.5,7.2,B,3.0,True,3.44,3.44,Pass
8096,1676572,HK161_CO1023_L02,CO1023,-13,False,,8.0,8.5,,10.0,8.7,A,4.0,True,3.18,3.18,Pass
8097,1618318,HK161_CO1023_L02,CO1023,-13,False,,8.0,6.4,,6.9,6.8,C+,2.5,True,2.0,2.0,Pass
8098,1695728,HK161_CO1023_L02,CO1023,-13,False,,5.7,6.3,,6.3,6.2,C,2.0,True,1.91,1.91,Pass
8099,1600486,HK161_CO1023_L02,CO1023,-13,False,,5.1,5.9,,4.4,5.4,D+,1.5,True,1.71,1.71,Pass
8100,1636150,HK161_CO1023_L02,CO1023,-13,False,,7.0,6.9,,9.9,7.5,B,3.0,True,3.21,3.21,Pass
8101,1655451,HK161_CO1023_L02,CO1023,-13,False,,7.5,7.6,,7.1,7.5,B,3.0,True,2.68,2.68,Pass
8102,1612112,HK161_CO1023_L02,CO1023,-13,False,,5.3,6.2,,8.0,6.4,C+,2.5,True,2.29,2.29,Pass
8103,1614098,HK161_CO1023_L02,CO1023,-13,False,,9.3,8.6,,8.3,8.7,A,4.0,True,4.0,4.0,Pass
8104,1619518,HK161_CO1023_L02,CO1023,-13,False,,7.4,8.8,,8.1,8.4,B+,3.5,True,3.41,3.41,Pass
8105,1633647,HK161_CO1023_L02,CO1023,-13,False,,6.4,7.2,,8.4,7.3,B,3.0,True,3.09,3.09,Pass
8106,1632861,HK161_CO1023_L02,CO1023,-13,False,,6.7,6.5,,8.1,6.9,C+,2.5,True,2.74,2.74,Pass
8107,1688074,HK161_CO1023_L02,CO1023,-13,False,,6.2,7.1,,5.9,6.7,C+,2.5,True,2.09,2.09,Pass
8108,1610002,HK161_CO1023_L02,CO1023,-13,False,,7.2,7.0,,8.4,7.3,B,3.0,True,2.97,2.97,Pass
8109,1643949,HK161_CO1023_L02,CO1023,-13,False,,5.1,5.3,,7.2,5.6,C,2.0,True,2.41,2.41,Pass
8110,1663767,HK161_CO1023_L02,CO1023,-13,False,,7.1,7.9,,6.3,7.4,B,3.0,True,3.06,3.06,Pass
8111,1657561,HK161_CO1023_L02,CO1023,-13,False,,7.0,7.5,,8.8,7.7,B,3.0,True,3.29,3.29,Pass
8112,1678289,HK161_CO1023_L02,CO1023,-13,False,,8.5,7.6,,8.2,7.9,B,3.0,True,3.03,3.03,Pass
8113,1602079,HK161_CO1023_L02,CO1023,-13,False,,8.6,8.7,,8.8,8.7,A,4.0,True,3.65,3.65,Pass
8114,1635364,HK161_CO1023_L02,CO1023,-13,False,,5.8,7.2,,6.7,6.8,C+,2.5,True,2.29,2.29,Pass
8115,1667594,HK161_CO1023_L02,CO1023,-13,False,,7.1,7.3,,8.8,7.6,B,3.0,True,3.0,3.0,Pass
8116,1694156,HK161_CO1023_L02,CO1023,-13,False,,8.3,7.9,,7.3,7.9,B,3.0,True,3.38,3.38,Pass
8117,1667325,HK161_CO1023_L02,CO1023,-13,False,,8.1,7.7,,6.9,7.6,B,3.0,True,3.41,3.41,Pass
8118,1643018,HK161_CO1023_L02,CO1023,-13,False,,8.2,8.5,,8.1,8.4,B+,3.5,True,3.26,3.26,Pass
8119,1620035,HK161_CO1023_L02,CO1023,-13,False,,5.3,4.9,,4.8,5.0,D+,1.5,True,1.38,1.38,Pass
8120,1655575,HK161_CO1023_L02,CO1023,-13,False,,8.0,7.7,,7.4,7.7,B,3.0,True,3.74,3.74,Pass
8121,1631661,HK161_CO1023_L02,CO1023,-13,False,,7.6,7.0,,6.8,7.1,B,3.0,True,2.74,2.74,Pass
8122,1670759,HK161_CO1023_L02,CO1023,-13,False,,8.1,7.9,,8.4,8.0,B+,3.5,True,3.56,3.56,Pass
8123,1668918,HK161_CO1023_L02,CO1023,-13,False,,7.7,8.1,,9.0,8.2,B+,3.5,True,3.18,3.18,Pass
8124,1630875,HK161_CO1023_L02,CO1023,-13,False,,7.1,7.8,,8.7,7.8,B,3.0,True,3.21,3.21,Pass
8125,1613436,HK161_CO1023_L02,CO1023,-13,False,,6.9,6.0,,7.0,6.4,C+,2.5,True,2.47,2.47,Pass
8126,1650817,HK161_CO1023_L02,CO1023,-13,False,,7.8,8.8,,8.0,8.4,B+,3.5,True,3.41,3.41,Pass
8127,1610788,HK161_CO1023_L02,CO1023,-13,False,,7.4,8.3,,8.3,8.1,B+,3.5,True,3.24,3.24,Pass
8128,1653734,HK161_CO1023_L02,CO1023,-13,False,,8.2,6.9,,8.4,7.5,B,3.0,True,3.41,3.41,Pass
8129,1672745,HK161_CO1023_L02,CO1023,-13,False,,8.9,8.7,,7.7,8.5,A,4.0,True,3.47,3.47,Pass
8130,1628620,HK161_CO1023_L02,CO1023,-13,False,,6.2,8.1,,7.4,7.6,B,3.0,True,2.38,2.38,Pass
8131,1662174,HK161_CO1023_L02,CO1023,-13,False,,5.9,8.6,,7.5,7.8,B,3.0,True,2.56,2.56,Pass
8132,1611450,HK161_CO1023_L02,CO1023,-13,False,,7.6,8.8,,7.6,8.3,B+,3.5,True,3.21,3.21,Pass
8133,1687412,HK161_CO1023_L02,CO1023,-13,False,,7.8,7.9,,8.0,7.9,B,3.0,True,3.0,3.0,Pass
8134,1692956,HK161_CO1023_L02,CO1023,-13,False,,6.7,5.2,,4.3,5.3,D+,1.5,True,2.03,2.03,Pass
8135,1617263,HK161_CO1023_L02,CO1023,-13,False,,5.4,5.0,,6.0,5.3,D+,1.5,True,1.29,1.29,Pass
8136,1653465,HK161_CO1023_L02,CO1023,-13,False,,6.7,5.8,,6.5,6.1,C,2.0,True,2.44,2.44,Pass
8137,1664822,HK161_CO1023_L02,CO1023,-13,False,,6.2,7.8,,7.2,7.4,B,3.0,True,3.09,3.09,Pass
8138,1670511,HK161_CO1023_L02,CO1023,-13,False,,7.8,7.0,,6.9,7.1,B,3.0,True,2.91,2.91,Pass
8139,1632323,HK161_CO1023_L02,CO1023,-13,False,,7.2,5.7,,7.9,6.4,C+,2.5,True,2.65,2.65,Pass
8140,1638136,HK161_CO1023_L02,CO1023,-13,False,,6.7,8.9,,7.1,8.1,B+,3.5,True,2.5,2.5,Pass
8141,1683978,HK161_CO1023_L02,CO1023,-13,False,,8.2,8.3,,6.9,8.0,B+,3.5,True,3.21,3.21,Pass
8142,1643287,HK161_CO1023_L02,CO1023,-13,False,,5.7,5.8,,6.1,5.8,C,2.0,True,1.91,1.91,Pass
8143,1617139,HK161_CO1023_L02,CO1023,-13,False,,8.1,7.3,,5.7,7.1,B,3.0,True,3.41,3.41,Pass
8144,1653072,HK161_CO1023_L02,CO1023,-13,False,,7.2,7.2,,6.9,7.1,B,3.0,True,2.15,2.15,Pass
8145,1635240,HK161_CO1023_L02,CO1023,-13,False,,5.9,5.5,,6.1,5.7,C,2.0,True,2.03,2.03,Pass
8146,1626386,HK161_CO1023_L02,CO1023,-13,False,,4.3,6.4,,6.0,5.9,C,2.0,True,1.61,1.61,Pass
8147,1660333,HK161_CO1023_L02,CO1023,-13,False,,5.8,7.9,,7.8,7.5,B,3.0,True,2.91,2.91,Pass
8148,1669187,HK161_CO1023_L02,CO1023,-13,False,,7.0,10.0,,6.3,8.7,A,4.0,True,3.29,3.29,Pass
8149,1652803,HK161_CO1023_L02,CO1023,-13,False,,6.7,7.3,,7.3,7.2,B,3.0,True,2.68,2.68,Pass
8150,1651210,HK161_CO1023_L02,CO1023,-13,False,,5.2,5.3,,5.8,5.4,D+,1.5,True,1.85,1.85,Pass
8151,1627048,HK161_CO1023_L02,CO1023,-13,False,,7.4,7.2,,5.9,7.0,B,3.0,True,2.82,2.82,Pass
8152,1656899,HK161_CO1023_L02,CO1023,-13,False,,6.6,7.7,,6.7,7.3,B,3.0,True,2.21,2.21,Pass
8153,1696928,HK161_CO1023_L02,CO1023,-13,False,,7.0,8.6,,6.0,7.8,B,3.0,True,3.0,3.0,Pass
8154,1657292,HK161_CO1023_L02,CO1023,-13,False,,8.3,8.1,,7.3,8.0,B+,3.5,True,3.09,3.09,Pass
8155,1647652,HK161_CO1023_L02,CO1023,-13,False,,5.1,5.2,,3.8,4.9,D,1.0,True,1.79,1.79,Pass
8156,1657168,HK161_CO1023_L02,CO1023,-13,False,,5.2,4.1,,5.0,4.5,D,1.0,True,1.0,1.14,Pass
8157,1687143,HK161_CO1023_L02,CO1023,-13,False,,6.8,5.9,,8.1,6.5,C+,2.5,True,3.41,3.41,Pass
8158,1658885,HK161_CO1023_L02,CO1023,-13,False,,5.9,3.5,,5.7,4.4,D,1.0,True,1.53,1.53,Pass
8159,1654251,HK161_CO1023_L02,CO1023,-13,False,,7.1,7.1,,8.6,7.4,B,3.0,True,2.82,2.82,Pass
8160,1664160,HK161_CO1023_L02,CO1023,-13,False,,8.0,8.3,,7.7,8.1,B+,3.5,True,3.5,3.5,Pass
8161,1674338,HK161_CO1023_L02,CO1023,-13,False,,6.3,5.9,,5.6,5.9,C,2.0,True,1.85,1.85,Pass
8162,1643825,HK161_CO1023_L02,CO1023,-13,False,,8.2,6.5,,7.0,6.9,C+,2.5,True,2.82,2.82,Pass
8163,1629158,HK161_CO1023_L02,CO1023,-13,False,,8.5,6.1,,6.3,6.6,C+,2.5,True,2.62,2.62,Pass
8164,1673138,HK161_CO1023_L02,CO1023,-13,False,,8.7,7.3,,8.1,7.7,B,3.0,True,3.62,3.62,Pass
8165,1655182,HK161_CO1023_L02,CO1023,-13,False,,7.6,9.2,,6.8,8.4,B+,3.5,True,3.09,3.09,Pass
8166,1641963,HK161_CO1023_L02,CO1023,-13,False,,6.1,6.0,,5.7,6.0,C,2.0,True,2.47,2.47,Pass
8167,1629820,HK161_CO1023_L02,CO1023,-13,False,,6.5,6.5,,6.9,6.6,C+,2.5,True,2.32,2.32,Pass
8168,1679758,HK161_CO1023_L02,CO1023,-13,False,,8.0,7.7,,9.0,8.0,B+,3.5,True,3.18,3.18,Pass
8169,1631537,HK161_CO1023_L02,CO1023,-13,False,,7.5,6.6,,7.3,6.9,C+,2.5,True,2.74,2.74,Pass
8170,1666415,HK161_CO1023_L02,CO1023,-13,False,,7.5,8.2,,8.8,8.2,B+,3.5,True,3.32,3.32,Pass
8171,1689005,HK161_CO1023_L02,CO1023,-13,False,,8.2,4.7,,6.8,5.8,C,2.0,True,2.47,2.47,Pass
8172,1645004,HK161_CO1023_L02,CO1023,-13,False,,4.7,4.3,,5.9,4.7,D,1.0,True,1.56,1.56,Pass
8173,1618194,HK161_CO1023_L02,CO1023,-13,False,,7.1,7.1,,6.3,6.9,C+,2.5,True,2.18,2.18,Pass
8174,1660726,HK161_CO1023_L02,CO1023,-13,False,,9.9,9.5,,9.6,9.6,A+,4.0,True,4.0,4.0,Pass
8175,1694673,HK161_CO1023_L02,CO1023,-13,False,,4.0,4.5,,3.0,4.1,D,1.0,True,0.58,1.0,Pass
8176,1602203,HK161_CO1023_L02,CO1023,-13,False,,7.2,7.3,,8.1,7.4,B,3.0,True,3.15,3.15,Pass
8177,1642232,HK161_CO1023_L02,CO1023,-13,False,,5.0,6.7,,6.1,6.2,C,2.0,True,1.68,1.68,Pass
8178,1675393,HK161_CO1023_L02,CO1023,-13,False,,7.8,7.8,,6.5,7.5,B,3.0,True,3.62,3.62,Pass
8179,1615277,HK161_CO1023_L02,CO1023,-13,False,,6.8,6.8,,5.8,6.6,C+,2.5,True,2.29,2.29,Pass
8180,1659009,HK161_CO1023_L02,CO1023,-13,False,,7.8,7.3,,7.1,7.4,B,3.0,True,3.0,3.0,Pass
8181,1696390,HK161_CO1023_L02,CO1023,-13,False,,6.4,7.4,,6.7,7.1,B,3.0,True,2.56,2.56,Pass
8182,1628103,HK161_CO1023_L02,CO1023,-13,False,,9.2,6.1,,8.2,7.1,B,3.0,True,3.09,3.09,Pass
8183,1673676,HK161_CO1023_L02,CO1023,-13,False,,7.5,5.6,,7.6,6.4,C+,2.5,True,3.15,3.15,Pass
8184,1669704,HK161_CO1023_L02,CO1023,-13,False,,5.5,7.9,,7.2,7.3,B,3.0,True,3.09,3.09,Pass
8185,1690453,HK161_CO1023_L02,CO1023,-13,False,,8.0,8.1,,8.6,8.2,B+,3.5,True,3.32,3.32,Pass
8186,1691115,HK161_CO1023_L02,CO1023,-13,False,,5.8,6.3,,7.6,6.5,C+,2.5,True,2.15,2.15,Pass
8187,1665753,HK161_CO1023_L02,CO1023,-13,False,,5.5,6.8,,7.6,6.7,C+,2.5,True,2.62,2.62,Pass
8188,1687805,HK161_CO1023_L02,CO1023,-13,False,,8.7,7.6,,9.6,8.2,B+,3.5,True,3.44,3.44,Pass
8189,1625062,HK161_CO1023_L02,CO1023,-13,False,,7.8,5.9,,7.0,6.5,C+,2.5,True,2.41,2.41,Pass
8190,1647921,HK161_CO1023_L02,CO1023,-13,False,,6.6,6.5,,6.2,6.5,C+,2.5,True,2.91,2.91,Pass
8191,1615153,HK161_CO1023_L03,CO1023,-13,False,,7.0,6.9,,7.2,7.0,B,3.0,True,2.47,2.47,Pass
8192,1610271,HK161_CO1023_L03,CO1023,-13,False,,7.9,8.8,,8.8,8.6,A,4.0,True,3.15,3.15,Pass
8193,1621235,HK161_CO1023_L03,CO1023,-13,False,,6.3,5.9,,6.9,6.2,C,2.0,True,2.53,2.53,Pass
8194,1677110,HK161_CO1023_L03,CO1023,-13,False,,7.0,8.9,,5.7,7.9,B,3.0,True,3.53,3.53,Pass
8195,1674855,HK161_CO1023_L03,CO1023,-13,False,,7.4,7.5,,6.3,7.2,B,3.0,True,2.06,2.06,Pass
8196,1678827,HK161_CO1023_L03,CO1023,-13,False,,6.1,5.8,,5.8,5.9,C,2.0,True,1.68,1.68,Pass
8197,1631930,HK161_CO1023_L03,CO1023,-13,False,,6.8,6.8,,5.8,6.6,C+,2.5,True,1.78,1.78,Pass
8198,1649493,HK161_CO1023_L03,CO1023,-13,False,,8.4,8.9,,7.7,8.6,A,4.0,True,3.59,3.59,Pass
8199,1691777,HK161_CO1023_L03,CO1023,-13,False,,8.3,8.7,,9.4,8.8,A,4.0,True,4.0,4.0,Pass
8200,1607354,HK161_CO1023_L03,CO1023,-13,False,,7.1,7.7,,7.8,7.6,B,3.0,True,3.24,3.24,Pass
8201,1673945,HK161_CO1023_L03,CO1023,-13,False,,6.3,8.0,,8.8,7.8,B,3.0,True,3.29,3.29,Pass
8202,1663374,HK161_CO1023_L03,CO1023,-13,False,,5.7,6.3,,6.7,6.3,C,2.0,True,2.32,2.32,Pass
8203,1699824,HK161_CO1023_L03,CO1023,-13,False,,8.0,7.3,,6.4,7.3,B,3.0,True,3.53,3.53,Pass
8204,1617925,HK161_CO1023_L03,CO1023,-13,False,,8.8,8.7,,8.5,8.7,A,4.0,True,3.53,3.53,Pass
8205,1671690,HK161_CO1023_L03,CO1023,-13,False,,5.5,5.4,,5.6,5.5,C,2.0,True,1.47,1.47,Pass
8206,1674069,HK161_CO1023_L03,CO1023,-13,False,,7.9,6.6,,5.8,6.7,C+,2.5,True,2.41,2.41,Pass
8207,1630999,HK161_CO1023_L03,CO1023,-13,False,,5.7,6.8,,5.7,6.4,C+,2.5,True,2.29,2.29,Pass
8208,1691632,HK161_CO1023_L03,CO1023,-13,False,,6.9,8.3,,8.4,8.0,B+,3.5,True,3.38,3.38,Pass
8209,1612505,HK161_CO1023_L03,CO1023,-13,False,,8.4,9.2,,8.5,8.9,A,4.0,True,3.06,3.06,Pass
8210,1639584,HK161_CO1023_L03,CO1023,-13,False,,8.0,9.4,,7.3,8.7,A,4.0,True,3.29,3.29,Pass
8211,1620697,HK161_CO1023_L03,CO1023,-13,False,,5.7,4.7,,5.3,5.0,D+,1.5,True,1.47,1.47,Pass
8212,1624669,HK161_CO1023_L03,CO1023,-13,False,,8.9,8.3,,8.1,8.4,B+,3.5,True,3.21,3.21,Pass
8213,1626510,HK161_CO1023_L03,CO1023,-13,False,,7.9,8.1,,9.3,8.3,B+,3.5,True,3.38,3.38,Pass
8214,1634578,HK161_CO1023_L03,CO1023,-13,False,,8.0,7.9,,8.3,8.0,B+,3.5,True,3.65,3.65,Pass
8215,1649100,HK161_CO1023_L03,CO1023,-13,False,,8.0,7.6,,8.5,7.9,B,3.0,True,3.15,3.15,Pass
8216,1602865,HK161_CO1023_L03,CO1023,-13,False,,5.8,4.4,,6.0,5.0,D+,1.5,True,2.06,2.06,Pass
8217,1611326,HK161_CO1023_L03,CO1023,-13,False,,10.0,9.9,,10.0,9.9,A+,4.0,True,3.9,3.9,Pass
8218,1667201,HK161_CO1023_L03,CO1023,-13,False,,7.1,6.5,,6.3,6.6,C+,2.5,True,2.56,2.56,Pass
8219,1678434,HK161_CO1023_L03,CO1023,-13,False,,7.6,9.1,,8.3,8.6,A,4.0,True,3.29,3.29,Pass
8220,1681992,HK161_CO1023_L03,CO1023,-13,False,,8.4,8.1,,7.4,8.0,B+,3.5,True,3.21,3.21,Pass
8221,1608554,HK161_CO1023_L03,CO1023,-13,False,,7.8,8.6,,7.8,8.3,B+,3.5,True,3.26,3.26,Pass
8222,1683192,HK161_CO1023_L03,CO1023,-13,False,,5.2,6.3,,6.5,6.1,C,2.0,True,2.21,2.21,Pass
8223,1686750,HK161_CO1023_L03,CO1023,-13,False,,7.6,8.4,,8.1,8.2,B+,3.5,True,3.03,3.03,Pass
8224,1644880,HK161_CO1023_L03,CO1023,-13,False,,7.2,7.0,,7.5,7.1,B,3.0,True,2.47,2.47,Pass
8225,1695873,HK161_CO1023_L03,CO1023,-13,False,,6.6,5.9,,5.9,6.0,C,2.0,True,2.41,2.41,Pass
8226,1633771,HK161_CO1023_L03,CO1023,-13,False,,6.2,7.1,,6.2,6.7,C+,2.5,True,2.47,2.47,Pass
8227,1618587,HK161_CO1023_L03,CO1023,-13,False,,6.4,5.5,,3.4,5.3,D+,1.5,True,1.74,1.74,Pass
8228,1678951,HK161_CO1023_L03,CO1023,-13,False,,6.3,4.9,,5.4,5.3,D+,1.5,True,1.91,1.91,Pass
8229,1699431,HK161_CO1023_L03,CO1023,-13,False,,6.9,6.7,,7.0,6.8,C+,2.5,True,2.5,2.5,Pass
8230,1691901,HK161_CO1023_L03,CO1023,-13,False,,9.1,7.1,,7.4,7.6,B,3.0,True,3.0,3.0,Pass
8231,1625331,HK161_CO1023_L03,CO1023,-13,False,,5.8,5.9,,4.9,5.7,C,2.0,True,1.38,1.38,Pass
8232,1618980,HK161_CO1023_L03,CO1023,-13,False,,9.1,8.6,,7.5,8.5,A,4.0,True,3.38,3.38,Pass
8233,1607623,HK161_CO1023_L03,CO1023,-13,False,,5.1,7.1,,7.3,6.7,C+,2.5,True,2.53,2.53,Pass
8234,1672352,HK161_CO1023_L03,CO1023,-13,False,,6.8,8.6,,7.2,8.0,B+,3.5,True,3.26,3.26,Pass
8235,1625455,HK161_CO1023_L03,CO1023,-13,False,,6.6,7.9,,6.6,7.4,B,3.0,True,2.5,2.5,Pass
8236,1685426,HK161_CO1023_L03,CO1023,-13,False,,7.4,9.4,,6.5,8.4,B+,3.5,True,3.18,3.18,Pass
8237,1600755,HK161_CO1023_L03,CO1023,-13,False,,6.3,7.2,,6.5,6.9,C+,2.5,True,2.29,2.29,Pass
8238,1646597,HK161_CO1023_L03,CO1023,-13,False,,7.7,7.9,,8.1,7.9,B,3.0,True,3.29,3.29,Pass
8239,1646059,HK161_CO1023_L03,CO1023,-13,False,,8.2,8.3,,7.7,8.2,B+,3.5,True,3.0,3.0,Pass
8240,1609071,HK161_CO1023_L03,CO1023,-13,False,,9.3,7.3,,7.5,7.7,B,3.0,True,2.97,2.97,Pass
8241,1625186,HK161_CO1023_L03,CO1023,-13,False,,6.1,6.8,,6.0,6.5,C+,2.5,True,2.55,2.55,Pass
8242,1613043,HK161_CO1023_L03,CO1023,-13,False,,8.8,9.1,,6.3,8.5,A,4.0,True,3.62,3.62,Pass
8243,1608409,HK161_CO1023_L03,CO1023,-13,False,,9.4,7.9,,7.7,8.2,B+,3.5,True,3.41,3.41,Pass
8244,1635757,HK161_CO1023_L03,CO1023,-13,False,,7.7,7.9,,8.8,8.0,B+,3.5,True,3.32,3.32,Pass
8245,1607499,HK161_CO1023_L03,CO1023,-13,False,,8.3,7.0,,8.4,7.5,B,3.0,True,3.0,3.0,Pass
8246,1667470,HK161_CO1023_L03,CO1023,-13,False,,7.9,8.7,,8.5,8.5,A,4.0,True,3.47,3.47,Pass
8247,1624276,HK161_CO1023_L03,CO1023,-13,False,,6.8,9.1,,8.0,8.4,B+,3.5,True,3.29,3.29,Pass
8248,1639853,HK161_CO1023_L03,CO1023,-13,False,,7.8,7.8,,8.0,7.8,B,3.0,True,3.35,3.35,Pass
8249,1613560,HK161_CO1023_L03,CO1023,-13,False,,7.5,7.7,,8.1,7.7,B,3.0,True,3.06,3.06,Pass
8250,1646204,HK161_CO1023_L03,CO1023,-13,False,,5.4,8.3,,7.1,7.5,B,3.0,True,2.62,2.62,Pass
8251,1632592,HK161_CO1023_L03,CO1023,-13,False,,6.3,7.1,,7.6,7.0,B,3.0,True,2.38,2.38,Pass
8252,1616601,HK161_CO1023_L03,CO1023,-13,False,,6.6,6.3,,8.0,6.7,C+,2.5,True,2.06,2.06,Pass
8253,1626779,HK161_CO1023_L03,CO1023,-13,False,,9.2,7.0,,10.0,8.0,B+,3.5,True,3.41,3.41,Pass
8254,1656630,HK161_CO1023_L03,CO1023,-13,False,,5.6,7.2,,6.9,6.8,C+,2.5,True,2.18,2.18,Pass
8255,1625993,HK161_CO1023_L03,CO1023,-13,False,,7.4,6.5,,7.2,6.8,C+,2.5,True,2.88,2.88,Pass
8256,1644487,HK161_CO1023_L03,CO1023,-13,False,,6.2,6.7,,6.2,6.5,C+,2.5,True,1.79,1.79,Pass
8257,1645273,HK161_CO1023_L03,CO1023,-13,False,,6.9,6.0,,6.9,6.4,C+,2.5,True,2.29,2.29,Pass
8258,1630606,HK161_CO1023_L03,CO1023,-13,False,,9.0,8.8,,8.1,8.7,A,4.0,True,3.91,3.91,Pass
8259,1681330,HK161_CO1023_L03,CO1023,-13,False,,7.0,6.9,,6.6,6.9,C+,2.5,True,2.5,2.5,Pass
8260,1662050,HK161_CO1023_L03,CO1023,-13,False,,6.4,8.2,,8.2,7.8,B,3.0,True,3.29,3.29,Pass
8261,1679613,HK161_CO1023_L03,CO1023,-13,False,,9.2,8.5,,8.4,8.6,A,4.0,True,3.59,3.59,Pass
8262,1605120,HK161_CO1023_L03,CO1023,-13,False,,5.2,7.6,,5.7,6.7,C+,2.5,True,2.82,2.82,Pass
8263,1676179,HK161_CO1023_L03,CO1023,-13,False,,8.7,8.1,,9.3,8.5,A,4.0,True,3.41,3.41,Pass
8264,1641446,HK161_CO1023_L03,CO1023,-13,False,,9.1,8.1,,9.2,8.5,A,4.0,True,3.53,3.53,Pass
8265,1676717,HK161_CO1023_L03,CO1023,-13,False,,8.6,8.2,,8.1,8.3,B+,3.5,True,3.41,3.41,Pass
8266,1645397,HK161_CO1023_L03,CO1023,-13,False,,8.9,5.9,,6.2,6.6,C+,2.5,True,2.32,2.32,Pass
8267,1651748,HK161_CO1023_L03,CO1023,-13,False,,6.8,8.7,,8.2,8.2,B+,3.5,True,3.71,3.71,Pass
8268,1652534,HK161_CO1023_L03,CO1023,-13,False,,7.9,6.2,,7.3,6.8,C+,2.5,True,2.18,2.18,Pass
8269,1617532,HK161_CO1023_L03,CO1023,-13,False,,5.7,5.0,,4.4,5.0,D+,1.5,True,1.71,1.71,Pass
8270,1664698,HK161_CO1023_L03,CO1023,-13,False,,6.2,7.6,,6.8,7.2,B,3.0,True,2.88,2.88,Pass
8271,1669973,HK161_CO1023_L03,CO1023,-13,False,,7.4,8.7,,7.7,8.2,B+,3.5,True,3.21,3.21,Pass
8272,1614367,HK161_CO1023_L03,CO1023,-13,False,,5.7,6.0,,6.3,6.0,C,2.0,True,2.32,2.32,Pass
8273,1623738,HK161_CO1023_L03,CO1023,-13,False,,6.9,7.2,,8.1,7.3,B,3.0,True,2.06,2.06,Pass
8274,1609340,HK161_CO1023_L03,CO1023,-13,False,,5.0,4.8,,5.5,5.0,D+,1.5,True,1.97,1.97,Pass
8275,1650155,HK161_CO1023_L03,CO1023,-13,False,,8.0,8.0,,8.7,8.1,B+,3.5,True,3.26,3.26,Pass
8276,1644342,HK161_CO1023_L03,CO1023,-13,False,,8.9,8.0,,8.1,8.2,B+,3.5,True,3.29,3.29,Pass
8277,1696659,HK161_CO1023_L03,CO1023,-13,False,,9.1,8.8,,7.2,8.5,A,4.0,True,3.71,3.71,Pass
8278,1645666,HK161_CO1023_L03,CO1023,-13,False,,6.9,8.1,,8.8,8.0,B+,3.5,True,3.29,3.29,Pass
8279,1633378,HK161_CO1023_L03,CO1023,-13,False,,8.1,8.0,,8.3,8.1,B+,3.5,True,3.53,3.53,Pass
8280,1666539,HK161_CO1023_L03,CO1023,-13,False,,9.2,9.1,,8.1,8.9,A,4.0,True,3.18,3.18,Pass
8281,1675124,HK161_CO1023_L03,CO1023,-13,False,,5.7,6.5,,6.0,6.2,C,2.0,True,2.06,2.06,Pass
8282,1652927,HK161_CO1023_L03,CO1023,-13,False,,6.3,7.6,,7.3,7.3,B,3.0,True,2.5,2.5,Pass
8283,1627565,HK161_CO1023_L03,CO1023,-13,False,,6.5,7.3,,5.7,6.8,C+,2.5,True,2.41,2.41,Pass
8284,1651872,HK161_CO1023_L03,CO1023,-13,False,,5.7,5.3,,6.9,5.7,C,2.0,True,2.5,2.5,Pass
8285,1654789,HK161_CO1023_L03,CO1023,-13,False,,6.8,8.6,,7.8,8.1,B+,3.5,True,3.26,3.26,Pass
8286,1697445,HK161_CO1023_L03,CO1023,-13,False,,8.5,7.0,,6.6,7.2,B,3.0,True,3.12,3.12,Pass
8287,1659402,HK161_CO1023_L03,CO1023,-13,False,,5.1,4.8,,7.1,5.3,D+,1.5,True,2.44,2.44,Pass
8288,1634971,HK161_CO1023_L03,CO1023,-13,False,,8.1,7.9,,8.0,8.0,B+,3.5,True,2.35,2.35,Pass
8289,1665877,HK161_CO1023_L03,CO1023,-13,False,,8.4,8.6,,7.9,8.4,B+,3.5,True,3.09,3.09,Pass
8290,1607892,HK161_CO1023_L03,CO1023,-13,False,,7.7,7.6,,8.6,7.8,B,3.0,True,3.44,3.44,Pass
8291,1639067,HK161_CO1023_L03,CO1023,-13,False,,7.8,9.8,,7.6,9.0,A,4.0,True,3.29,3.29,Pass
8292,1689791,HK161_CO1023_L03,CO1023,-13,False,,7.8,6.3,,7.1,6.8,C+,2.5,True,3.24,3.24,Pass
8293,1605906,HK161_CO1023_L03,CO1023,-13,False,,6.3,7.3,,6.9,7.0,B,3.0,True,2.79,2.79,Pass
8294,1657023,HK161_CO1023_L03,CO1023,-13,False,,4.9,6.3,,4.5,5.7,C,2.0,True,1.75,1.75,Pass
8295,1699038,HK161_CO1023_L03,CO1023,-13,False,,6.3,6.4,,6.9,6.5,C+,2.5,True,2.32,2.32,Pass
8296,1698252,HK161_CO1023_L03,CO1023,-13,False,,8.2,6.3,,6.6,6.7,C+,2.5,True,2.53,2.53,Pass
8297,1689915,HK161_CO1023_L03,CO1023,-13,False,,7.7,5.4,,7.0,6.2,C,2.0,True,2.65,2.65,Pass
8298,1697321,HK161_CO1023_L03,CO1023,-13,False,,6.7,6.5,,6.1,6.5,C+,2.5,True,2.38,2.38,Pass
8299,1682385,HK161_CO1023_L03,CO1023,-13,False,,7.5,7.8,,7.6,7.7,B,3.0,True,3.09,3.09,Pass
8300,1606837,HK161_CO1023_L03,CO1023,-13,False,,7.8,7.9,,8.1,7.9,B,3.0,True,3.5,3.5,Pass
8301,1681206,HK161_CO1023_L03,CO1023,-13,False,,8.6,8.8,,7.9,8.6,A,4.0,True,3.41,3.41,Pass
8302,1622683,HK161_CO1023_L03,CO1023,-13,False,,7.1,6.9,,6.3,6.8,C+,2.5,True,2.53,2.53,Pass
8303,1648831,HK161_CO1023_L03,CO1023,-13,False,,5.7,6.5,,5.9,6.2,C,2.0,True,1.47,1.47,Pass
8304,1636688,HK161_CO1023_L03,CO1023,-13,False,,8.2,6.8,,6.1,6.9,C+,2.5,True,2.09,2.09,Pass
8305,1612381,HK161_CO1023_L03,CO1023,-13,False,,7.7,8.3,,7.3,8.0,B+,3.5,True,3.21,3.21,Pass
8306,1640515,HK161_CO1023_L03,CO1023,-13,False,,5.9,6.2,,5.5,6.0,C,2.0,True,1.76,1.76,Pass
8307,1647114,HK161_CO1023_L03,CO1023,-13,False,,7.1,8.6,,7.9,8.2,B+,3.5,True,3.29,3.29,Pass
8308,1679096,HK161_CO1023_L03,CO1023,-13,False,,7.9,7.0,,6.1,7.0,B,3.0,True,2.82,2.82,Pass
8309,1675662,HK161_CO1023_L03,CO1023,-13,False,,8.5,9.2,,9.0,9.0,A,4.0,True,3.71,3.71,Pass
8310,1636812,HK161_CO1023_L03,CO1023,-13,False,,7.6,8.8,,6.9,8.2,B+,3.5,True,3.5,3.5,Pass
8311,1650031,HK161_CO1023_L04,CO1023,-13,False,,8.5,9.0,,8.3,8.8,A,4.0,True,3.15,3.15,Pass
8312,1687288,HK161_CO1023_L04,CO1023,-13,False,,8.4,8.1,,8.4,8.2,B+,3.5,True,3.71,3.71,Pass
8313,1630213,HK161_CO1023_L04,CO1023,-13,False,,8.0,7.4,,8.2,7.7,B,3.0,True,2.91,2.91,Pass
8314,1678558,HK161_CO1023_L04,CO1023,-13,False,,5.8,6.3,,3.4,5.6,C,2.0,True,1.56,1.56,Pass
8315,1604851,HK161_CO1023_L04,CO1023,-13,False,,8.7,9.4,,7.7,8.9,A,4.0,True,3.26,3.26,Pass
8316,1699307,HK161_CO1023_L04,CO1023,-13,False,,6.8,6.3,,5.3,6.2,C,2.0,True,2.32,2.32,Pass
8317,1697983,HK161_CO1023_L04,CO1023,-13,False,,8.2,7.7,,7.8,7.8,B,3.0,True,3.0,3.0,Pass
8318,1620573,HK161_CO1023_L04,CO1023,-13,False,,8.3,7.9,,8.4,8.1,B+,3.5,True,3.44,3.44,Pass
8319,1621628,HK161_CO1023_L04,CO1023,-13,False,,8.3,6.8,,9.3,7.6,B,3.0,True,2.82,2.82,Pass
8320,1609216,HK161_CO1023_L04,CO1023,-13,False,,7.1,8.1,,7.5,7.8,B,3.0,True,3.12,3.12,Pass
8321,1628765,HK161_CO1023_L04,CO1023,-13,False,,8.4,8.2,,8.1,8.2,B+,3.5,True,3.65,3.65,Pass
8322,1691239,HK161_CO1023_L04,CO1023,-13,False,,5.9,6.3,,4.6,5.9,C,2.0,True,2.0,2.0,Pass
8323,1642770,HK161_CO1023_L04,CO1023,-13,False,,6.2,6.7,,6.2,6.5,C+,2.5,True,2.41,2.41,Pass
8324,1654520,HK161_CO1023_L04,CO1023,-13,False,,5.8,4.6,,6.4,5.2,D+,1.5,True,1.5,1.5,Pass
8325,1652017,HK161_CO1023_L04,CO1023,-13,False,,7.2,6.8,,7.7,7.1,B,3.0,True,3.03,3.03,Pass
8326,1664429,HK161_CO1023_L04,CO1023,-13,False,,5.6,5.8,,5.9,5.8,C,2.0,True,2.03,2.03,Pass
8327,1606568,HK161_CO1023_L04,CO1023,-13,False,,9.5,8.5,,7.7,8.5,A,4.0,True,3.29,3.29,Pass
8328,1605244,HK161_CO1023_L04,CO1023,-13,False,,8.4,8.0,,7.2,7.9,B,3.0,True,3.06,3.06,Pass
8329,1634702,HK161_CO1023_L04,CO1023,-13,False,,7.8,7.8,,6.1,7.5,B,3.0,True,3.44,3.44,Pass
8330,1600093,HK161_CO1023_L04,CO1023,-13,False,,7.9,8.1,,8.2,8.1,B+,3.5,True,3.18,3.18,Pass
8331,1692563,HK161_CO1023_L04,CO1023,-13,False,,8.6,7.4,,6.7,7.5,B,3.0,True,3.12,3.12,Pass
8332,1684764,HK161_CO1023_L04,CO1023,-13,False,,6.4,4.8,,6.6,5.5,C,2.0,True,1.44,1.44,Pass
8333,1659671,HK161_CO1023_L04,CO1023,-13,False,,9.2,9.1,,10.0,9.3,A,4.0,True,3.59,3.59,Pass
8334,1603796,HK161_CO1023_L04,CO1023,-13,False,,7.2,7.6,,7.5,7.5,B,3.0,True,3.29,3.29,Pass
8335,1694942,HK161_CO1023_L04,CO1023,-13,False,,6.8,8.2,,6.8,7.6,B,3.0,True,2.68,2.68,Pass
8336,1681868,HK161_CO1023_L04,CO1023,-13,False,,8.7,8.5,,7.6,8.4,B+,3.5,True,3.41,3.41,Pass
8337,1604458,HK161_CO1023_L04,CO1023,-13,False,,5.7,6.5,,5.9,6.2,C,2.0,True,2.18,2.18,Pass
8338,1647383,HK161_CO1023_L04,CO1023,-13,False,,6.9,7.0,,7.3,7.0,B,3.0,True,2.76,2.76,Pass
8339,1689253,HK161_CO1023_L04,CO1023,-13,False,,7.5,8.0,,8.4,8.0,B+,3.5,True,3.44,3.44,Pass
8340,1615422,HK161_CO1023_L04,CO1023,-13,False,,6.9,5.4,,6.5,5.9,C,2.0,True,2.53,2.53,Pass
8341,1688198,HK161_CO1023_L04,CO1023,-13,False,,7.6,7.5,,7.1,7.4,B,3.0,True,2.62,2.62,Pass
8342,1668525,HK161_CO1023_L04,CO1023,-13,False,,7.2,8.0,,10.0,8.2,B+,3.5,True,3.5,3.5,Pass
8343,1677503,HK161_CO1023_L04,CO1023,-13,False,,8.8,7.1,,8.0,7.6,B,3.0,True,3.09,3.09,Pass
8344,1638529,HK161_CO1023_L04,CO1023,-13,False,,7.8,9.7,,10.0,9.4,A,4.0,True,4.0,4.0,Pass
8345,1651479,HK161_CO1023_L04,CO1023,-13,False,,7.4,6.7,,5.6,6.6,C+,2.5,True,3.03,3.03,Pass
8346,1662443,HK161_CO1023_L04,CO1023,-13,False,,8.4,7.9,,8.0,8.0,B+,3.5,True,3.5,3.5,Pass
8347,1610395,HK161_CO1023_L04,CO1023,-13,False,,7.0,6.9,,6.9,6.9,C+,2.5,True,2.47,2.47,Pass
8348,1635095,HK161_CO1023_L04,CO1023,-13,False,,6.0,6.1,,6.2,6.1,C,2.0,True,2.35,2.35,Pass
8349,1623614,HK161_CO1023_L04,CO1023,-13,False,,7.5,7.3,,8.1,7.5,B,3.0,True,3.12,3.12,Pass
8350,1658616,HK161_CO1023_L04,CO1023,-13,False,,6.8,6.1,,7.8,6.6,C+,2.5,True,2.62,2.62,Pass
8351,1643556,HK161_CO1023_L04,CO1023,-13,False,,7.9,5.2,,8.3,6.4,C+,2.5,True,2.65,2.65,Pass
8352,1628889,HK161_CO1023_L04,CO1023,-13,False,,7.0,9.6,,8.4,8.8,A,4.0,True,3.26,3.26,Pass
8353,1634040,HK161_CO1023_L04,CO1023,-13,False,,5.7,8.1,,8.4,7.7,B,3.0,True,2.5,2.5,Pass
8354,1692439,HK161_CO1023_L04,CO1023,-13,False,,7.0,5.3,,5.6,5.7,C,2.0,True,2.41,2.41,Pass
8355,1690060,HK161_CO1023_L04,CO1023,-13,False,,8.7,8.1,,10.0,8.6,A,4.0,True,3.06,3.06,Pass
8356,1619642,HK161_CO1023_L04,CO1023,-13,False,,7.3,6.9,,7.7,7.1,B,3.0,True,3.24,3.24,Pass
8357,1613167,HK161_CO1023_L04,CO1023,-13,False,,8.0,9.4,,8.4,8.9,A,4.0,True,3.56,3.56,Pass
8358,1660602,HK161_CO1023_L04,CO1023,-13,False,,8.1,7.6,,9.2,8.0,B+,3.5,True,3.38,3.38,Pass
8359,1643163,HK161_CO1023_L04,CO1023,-13,False,,8.4,8.1,,7.0,7.9,B,3.0,True,3.32,3.32,Pass
8360,1676841,HK161_CO1023_L04,CO1023,-13,False,,5.1,5.5,,6.3,5.6,C,2.0,True,1.65,1.65,Pass
8361,1685819,HK161_CO1023_L04,CO1023,-13,False,,9.4,9.8,,8.9,9.5,A+,4.0,True,3.62,3.62,Pass
8362,1637743,HK161_CO1023_L04,CO1023,-13,False,,5.1,5.3,,6.3,5.5,C,2.0,True,1.62,1.62,Pass
8363,1652265,HK161_CO1023_L04,CO1023,-13,False,,5.8,6.2,,6.3,6.1,C,2.0,True,2.74,2.74,Pass
8364,1660995,HK161_CO1023_L04,CO1023,-13,False,,8.0,8.1,,7.5,8.0,B+,3.5,True,3.44,3.44,Pass
8365,1648045,HK161_CO1023_L04,CO1023,-13,False,,7.5,7.8,,7.8,7.7,B,3.0,True,3.0,3.0,Pass
8366,1656506,HK161_CO1023_L04,CO1023,-13,False,,6.9,6.2,,6.3,6.4,C+,2.5,True,2.0,2.0,Pass
8367,1672083,HK161_CO1023_L04,CO1023,-13,False,,8.7,8.4,,8.1,8.4,B+,3.5,True,3.38,3.38,Pass
8368,1642108,HK161_CO1023_L04,CO1023,-13,False,,7.4,7.0,,8.9,7.5,B,3.0,True,3.29,3.29,Pass
8369,1698376,HK161_CO1023_L04,CO1023,-13,False,,7.4,8.0,,7.5,7.8,B,3.0,True,3.44,3.44,Pass
8370,1638405,HK161_CO1023_L04,CO1023,-13,False,,6.8,6.9,,5.6,6.6,C+,2.5,True,2.5,2.5,Pass
8371,1680151,HK161_CO1023_L04,CO1023,-13,False,,8.2,5.4,,6.7,6.2,C,2.0,True,2.94,2.94,Pass
8372,1665484,HK161_CO1023_L04,CO1023,-13,False,,5.6,5.5,,7.5,5.9,C,2.0,True,2.03,2.03,Pass
8373,1675786,HK161_CO1023_L04,CO1023,-13,False,,7.9,7.2,,8.4,7.6,B,3.0,True,2.94,2.94,Pass
8374,1661264,HK161_CO1023_L04,CO1023,-13,False,,8.7,8.8,,9.0,8.8,A,4.0,True,4.0,4.0,Pass
8375,1656361,HK161_CO1023_L04,CO1023,-13,False,,8.5,7.7,,8.8,8.1,B+,3.5,True,3.83,3.83,Pass
8376,1604313,HK161_CO1023_L04,CO1023,-13,False,,7.8,7.6,,8.5,7.8,B,3.0,True,3.53,3.53,Pass
8377,1677896,HK161_CO1023_L04,CO1023,-13,False,,6.7,7.6,,7.2,7.3,B,3.0,True,2.5,2.5,Pass
8378,1680937,HK161_CO1023_L04,CO1023,-13,False,,7.6,8.4,,9.5,8.5,A,4.0,True,3.29,3.29,Pass
8379,1670366,HK161_CO1023_L04,CO1023,-13,False,,7.5,6.0,,6.7,6.4,C+,2.5,True,2.62,2.62,Pass
8380,1656237,HK161_CO1023_L04,CO1023,-13,False,,6.2,6.3,,5.5,6.1,C,2.0,True,2.32,2.32,Pass
8381,1631268,HK161_CO1023_L04,CO1023,-13,False,,6.9,9.2,,7.9,8.5,A,4.0,True,3.41,3.41,Pass
8382,1624007,HK161_CO1023_L04,CO1023,-13,False,,6.3,5.5,,5.5,5.7,C,2.0,True,2.24,2.24,Pass
8383,1611843,HK161_CO1023_L04,CO1023,-13,False,,7.9,9.3,,7.9,8.7,A,4.0,True,3.41,3.41,Pass
8384,1623469,HK161_CO1023_L04,CO1023,-13,False,,5.5,8.4,,6.0,7.3,B,3.0,True,2.53,2.53,Pass
8385,1685695,HK161_CO1023_L04,CO1023,-13,False,,9.5,6.9,,9.1,7.9,B,3.0,True,3.74,3.74,Pass
8386,1658347,HK161_CO1023_L04,CO1023,-13,False,,7.0,8.2,,6.4,7.6,B,3.0,True,2.29,2.29,Pass
8387,1669580,HK161_CO1023_L04,CO1023,-13,False,,8.3,7.5,,7.4,7.6,B,3.0,True,2.94,2.94,Pass
8388,1688860,HK161_CO1023_L04,CO1023,-13,False,,6.9,2.8,,5.8,4.2,D,1.0,True,2.15,2.15,Pass
8389,1610664,HK161_CO1023_L04,CO1023,-13,False,,8.2,7.1,,8.2,7.5,B,3.0,True,3.24,3.24,Pass
8390,1615029,HK161_CO1023_L04,CO1023,-13,False,,6.9,8.4,,7.2,7.9,B,3.0,True,2.47,2.47,Pass
8391,1692832,HK161_CO1023_L04,CO1023,-13,False,,9.7,9.7,,8.6,9.5,A+,4.0,True,3.5,3.5,Pass
8392,1636026,HK161_CO1023_L04,CO1023,-13,False,,7.6,6.1,,5.9,6.4,C+,2.5,True,2.18,2.18,Pass
8393,1677234,HK161_CO1023_L04,CO1023,-13,False,,7.9,7.2,,9.0,7.7,B,3.0,True,3.32,3.32,Pass
8394,1637081,HK161_CO1023_L04,CO1023,-13,False,,6.8,8.5,,7.7,8.0,B+,3.5,True,3.18,3.18,Pass
8395,1632199,HK161_CO1023_L04,CO1023,-13,False,,6.8,7.3,,8.1,7.4,B,3.0,True,3.32,3.32,Pass
8396,1669311,HK161_CO1023_L04,CO1023,-13,False,,6.9,8.4,,9.2,8.3,B+,3.5,True,3.24,3.24,Pass
8397,1682654,HK161_CO1023_L04,CO1023,-13,False,,7.9,7.6,,7.9,7.7,B,3.0,True,3.12,3.12,Pass
8398,1680668,HK161_CO1023_L04,CO1023,-13,False,,6.9,8.8,,7.4,8.1,B+,3.5,True,3.09,3.09,Pass
8399,1646721,HK161_CO1023_L04,CO1023,-13,False,,9.9,9.2,,9.5,9.4,A,4.0,True,3.92,3.92,Pass
8400,1623076,HK161_CO1023_L04,CO1023,-13,False,,7.3,4.8,,7.2,5.8,C,2.0,True,2.74,2.74,Pass
8401,1690184,HK161_CO1023_L04,CO1023,-13,False,,7.4,5.5,,6.8,6.1,C,2.0,True,2.41,2.41,Pass
8402,1673014,HK161_CO1023_L04,CO1023,-13,False,,6.7,6.4,,7.1,6.6,C+,2.5,True,2.44,2.44,Pass
8403,1658740,HK161_CO1023_L04,CO1023,-13,False,,7.2,7.7,,7.6,7.6,B,3.0,True,2.97,2.97,Pass
8404,1620180,HK161_CO1023_L04,CO1023,-13,False,,7.8,9.7,,8.1,9.0,A,4.0,True,3.41,3.41,Pass
8405,1639729,HK161_CO1023_L04,CO1023,-13,False,,7.4,7.7,,7.1,7.5,B,3.0,True,3.03,3.03,Pass
8406,1696266,HK161_CO1023_L04,CO1023,-13,False,,6.2,7.3,,6.3,6.9,C+,2.5,True,2.32,2.32,Pass
8407,1683709,HK161_CO1023_L04,CO1023,-13,False,,7.5,7.9,,7.8,7.8,B,3.0,True,3.09,3.09,Pass
8408,1601686,HK161_CO1023_L04,CO1023,-13,False,,4.6,6.0,,5.7,5.7,C,2.0,True,1.94,1.94,Pass
8409,1667987,HK161_CO1023_L04,CO1023,-13,False,,7.4,7.9,,8.6,7.9,B,3.0,True,3.74,3.74,Pass
8410,1606030,HK161_CO1023_L04,CO1023,-13,False,,6.5,4.3,,5.6,5.0,D+,1.5,True,2.65,2.65,Pass
8411,1633916,HK161_CO1023_L04,CO1023,-13,False,,8.9,7.2,,7.4,7.6,B,3.0,True,3.09,3.09,Pass
8412,1612650,HK161_CO1023_L04,CO1023,-13,False,,7.6,7.9,,8.6,8.0,B+,3.5,True,3.82,3.82,Pass
8413,1627710,HK161_CO1023_L04,CO1023,-13,False,,7.2,7.3,,8.6,7.5,B,3.0,True,3.41,3.41,Pass
8414,1690846,HK161_CO1023_L04,CO1023,-13,False,,8.8,7.2,,6.4,7.4,B,3.0,True,2.65,2.65,Pass
8415,1662836,HK161_CO1023_L04,CO1023,-13,False,,6.9,6.3,,5.7,6.3,C,2.0,True,2.21,2.21,Pass
8416,1688343,HK161_CO1023_L04,CO1023,-13,False,,6.8,8.9,,7.0,8.1,B+,3.5,True,3.47,3.47,Pass
8417,1688467,HK161_CO1023_L04,CO1023,-13,False,,6.5,6.7,,7.6,6.8,C+,2.5,True,2.68,2.68,Pass
8418,1622021,HK161_CO1023_L04,CO1023,-13,False,,8.3,8.2,,7.2,8.0,B+,3.5,True,3.26,3.26,Pass
8419,1663891,HK161_CO1023_L04,CO1023,-13,False,,7.5,7.2,,9.5,7.7,B,3.0,True,3.32,3.32,Pass
8420,1636957,HK161_CO1023_L04,CO1023,-13,False,,6.5,7.1,,7.1,7.0,B,3.0,True,3.56,3.56,Pass
8421,1629944,HK161_CO1023_L04,CO1023,-13,False,,7.1,7.4,,6.9,7.2,B,3.0,True,2.62,2.62,Pass
8422,1686357,HK161_CO1023_L04,CO1023,-13,False,,6.8,6.7,,3.7,6.1,C,2.0,True,2.44,2.44,Pass
8423,1602472,HK161_CO1023_L04,CO1023,-13,False,,5.1,6.0,,6.4,5.9,C,2.0,True,1.38,1.38,Pass
8424,1638012,HK161_CO1023_L04,CO1023,-13,False,,6.5,7.4,,5.4,6.8,C+,2.5,True,2.32,2.32,Pass
8425,1692294,HK161_CO1023_L04,CO1023,-13,False,,7.7,8.4,,8.5,8.3,B+,3.5,True,3.21,3.21,Pass
8426,1620304,HK161_CO1023_L04,CO1023,-13,False,,5.9,5.7,,4.6,5.5,C,2.0,True,2.09,2.09,Pass
8427,1671028,HK161_CO1023_L04,CO1023,-13,False,,6.4,5.3,,6.0,5.7,C,2.0,True,2.35,2.35,Pass
8428,1693887,HK161_CO1023_L04,CO1023,-13,False,,8.5,9.0,,6.5,8.4,B+,3.5,True,3.03,3.03,Pass
8429,1699700,HK161_CO1023_L04,CO1023,-13,False,,7.6,7.2,,8.0,7.4,B,3.0,True,3.32,3.32,Pass
8430,1602741,HK161_CO1023_L05,CO1023,-13,False,,8.4,7.9,,8.2,8.1,B+,3.5,True,3.26,3.26,Pass
8431,1609733,HK161_CO1023_L05,CO1023,-13,False,,8.3,8.2,,8.4,8.3,B+,3.5,True,3.32,3.32,Pass
8432,1601541,HK161_CO1023_L05,CO1023,-13,False,,4.1,5.0,,6.4,5.1,D+,1.5,True,1.59,1.59,Pass
8433,1670904,HK161_CO1023_L05,CO1023,-13,False,,7.0,8.8,,7.6,8.2,B+,3.5,True,3.18,3.18,Pass
8434,1671421,HK161_CO1023_L05,CO1023,-13,False,,6.8,7.1,,7.6,7.1,B,3.0,True,3.09,3.09,Pass
8435,1648314,HK161_CO1023_L05,CO1023,-13,False,,6.8,8.3,,8.4,8.0,B+,3.5,True,3.38,3.38,Pass
8436,1673800,HK161_CO1023_L05,CO1023,-13,False,,5.6,5.5,,5.1,5.4,D+,1.5,True,2.15,2.15,Pass
8437,1647776,HK161_CO1023_L05,CO1023,-13,False,,5.8,4.7,,6.6,5.3,D+,1.5,True,1.26,1.26,Pass
8438,1667863,HK161_CO1023_L05,CO1023,-13,False,,7.3,6.2,,7.9,6.8,C+,2.5,True,3.06,3.06,Pass
8439,1670242,HK161_CO1023_L05,CO1023,-13,False,,7.2,8.3,,8.1,8.0,B+,3.5,True,3.53,3.53,Pass
8440,1651355,HK161_CO1023_L05,CO1023,-13,False,,6.5,7.3,,5.2,6.7,C+,2.5,True,2.71,2.71,Pass
8441,1652410,HK161_CO1023_L05,CO1023,-13,False,,7.6,6.5,,7.8,7.0,B,3.0,True,3.41,3.41,Pass
8442,1695066,HK161_CO1023_L05,CO1023,-13,False,,7.2,6.7,,5.5,6.6,C+,2.5,True,2.53,2.53,Pass
8443,1666932,HK161_CO1023_L05,CO1023,-13,False,,5.0,4.6,,5.0,4.8,D,1.0,True,1.56,1.56,Pass
8444,1619249,HK161_CO1023_L05,CO1023,-13,False,,6.0,5.2,,5.1,5.3,D+,1.5,True,1.71,1.71,Pass
8445,1686088,HK161_CO1023_L05,CO1023,-13,False,,6.7,6.2,,6.3,6.3,C,2.0,True,2.08,2.08,Pass
8446,1648976,HK161_CO1023_L05,CO1023,-13,False,,6.3,8.6,,7.2,7.9,B,3.0,True,2.65,2.65,Pass
8447,1675517,HK161_CO1023_L05,CO1023,-13,False,,8.8,8.8,,7.6,8.6,A,4.0,True,3.47,3.47,Pass
8448,1684247,HK161_CO1023_L05,CO1023,-13,False,,5.0,6.5,,6.2,6.1,C,2.0,True,1.26,1.26,Pass
8449,1650424,HK161_CO1023_L05,CO1023,-13,False,,7.8,8.0,,8.2,8.0,B+,3.5,True,3.38,3.38,Pass
8450,1639460,HK161_CO1023_L05,CO1023,-13,False,,6.7,6.3,,6.6,6.4,C+,2.5,True,2.15,2.15,Pass
8451,1695211,HK161_CO1023_L05,CO1023,-13,False,,5.5,5.2,,6.7,5.6,C,2.0,True,1.89,1.89,Pass
8452,1696783,HK161_CO1023_L05,CO1023,-13,False,,8.1,7.2,,7.7,7.5,B,3.0,True,3.41,3.41,Pass
8453,1624400,HK161_CO1023_L05,CO1023,-13,False,,5.9,6.9,,6.0,6.5,C+,2.5,True,2.15,2.15,Pass
8454,1640908,HK161_CO1023_L05,CO1023,-13,False,,4.2,6.6,,7.2,6.2,C,2.0,True,2.56,2.56,Pass
8455,1610126,HK161_CO1023_L05,CO1023,-13,False,,7.8,8.5,,8.0,8.3,B+,3.5,True,3.29,3.29,Pass
8456,1682530,HK161_CO1023_L05,CO1023,-13,False,,9.4,9.5,,9.1,9.4,A,4.0,True,4.0,4.0,Pass
8457,1636295,HK161_CO1023_L05,CO1023,-13,False,,6.8,7.7,,8.3,7.6,B,3.0,True,2.56,2.56,Pass
8458,1614491,HK161_CO1023_L05,CO1023,-13,False,,7.6,8.6,,6.3,7.9,B,3.0,True,3.09,3.09,Pass
8459,1640784,HK161_CO1023_L05,CO1023,-13,False,,7.6,6.9,,7.0,7.1,B,3.0,True,2.56,2.56,Pass
8460,1682923,HK161_CO1023_L05,CO1023,-13,False,,8.0,9.2,,7.2,8.6,A,4.0,True,3.62,3.62,Pass
8461,1658078,HK161_CO1023_L05,CO1023,-13,False,,7.1,7.8,,7.8,7.7,B,3.0,True,3.12,3.12,Pass
8462,1631144,HK161_CO1023_L05,CO1023,-13,False,,7.8,8.0,,7.7,7.9,B,3.0,True,3.62,3.62,Pass
8463,1626117,HK161_CO1023_L05,CO1023,-13,False,,8.8,7.3,,9.1,8.0,B+,3.5,True,3.09,3.09,Pass
8464,1646990,HK161_CO1023_L05,CO1023,-13,False,,6.2,5.9,,5.6,5.9,C,2.0,True,1.68,1.68,Pass
8465,1670635,HK161_CO1023_L05,CO1023,-13,False,,6.1,5.4,,6.6,5.8,C,2.0,True,2.56,2.56,Pass
8466,1663498,HK161_CO1023_L05,CO1023,-13,False,,7.9,6.7,,6.4,6.9,C+,2.5,True,2.26,2.26,Pass
8467,1640391,HK161_CO1023_L05,CO1023,-13,False,,7.2,5.3,,6.4,5.9,C,2.0,True,2.32,2.32,Pass
8468,1658223,HK161_CO1023_L05,CO1023,-13,False,,8.0,10.0,,7.5,9.1,A,4.0,True,3.82,3.82,Pass
8469,1621090,HK161_CO1023_L05,CO1023,-13,False,,4.7,6.2,,6.0,5.9,C,2.0,True,1.68,1.68,Pass
8470,1680006,HK161_CO1023_L05,CO1023,-13,False,,6.0,6.5,,6.4,6.4,C+,2.5,True,2.29,2.29,Pass
8471,1624793,HK161_CO1023_L05,CO1023,-13,False,,6.7,6.8,,6.3,6.7,C+,2.5,True,2.32,2.32,Pass
8472,1654644,HK161_CO1023_L05,CO1023,-13,False,,8.0,8.5,,8.4,8.4,B+,3.5,True,3.62,3.62,Pass
8473,1689398,HK161_CO1023_L05,CO1023,-13,False,,6.6,6.1,,6.3,6.2,C,2.0,True,1.53,1.53,Pass
8474,1699969,HK161_CO1023_L05,CO1023,-13,False,,7.5,7.5,,8.6,7.7,B,3.0,True,3.12,3.12,Pass
8475,1698107,HK161_CO1023_L05,CO1023,-13,False,,5.0,5.8,,6.1,5.7,C,2.0,True,1.71,1.71,Pass
8476,1683047,HK161_CO1023_L05,CO1023,-13,False,,8.9,7.6,,8.2,8.0,B+,3.5,True,3.79,3.79,Pass
8477,1630482,HK161_CO1023_L05,CO1023,-13,False,,7.5,6.4,,8.2,7.0,B,3.0,True,3.09,3.09,Pass
8478,1694549,HK161_CO1023_L05,CO1023,-13,False,,10.0,10.0,,10.0,10.0,A+,4.0,True,4.0,4.0,Pass
8479,1684640,HK161_CO1023_L05,CO1023,-13,False,,6.0,6.4,,7.5,6.5,C+,2.5,True,2.29,2.29,Pass
8480,1689129,HK161_CO1023_L05,CO1023,-13,False,,4.9,5.3,,7.1,5.6,C,2.0,True,1.91,1.91,Pass
8481,1689522,HK161_CO1023_L05,CO1023,-13,False,,7.2,9.8,,8.5,9.0,A,4.0,True,3.65,3.65,Pass
8482,1669042,HK161_CO1023_L05,CO1023,-13,False,,7.3,7.0,,6.3,6.9,C+,2.5,True,2.62,2.62,Pass
8483,1687536,HK161_CO1023_L05,CO1023,-13,False,,7.8,7.3,,6.8,7.3,B,3.0,True,3.0,3.0,Pass
8484,1606175,HK161_CO1023_L05,CO1023,-13,False,,6.0,6.9,,5.6,6.5,C+,2.5,True,2.65,2.65,Pass
8485,1604582,HK161_CO1023_L05,CO1023,-13,False,,7.2,7.0,,8.2,7.3,B,3.0,True,3.53,3.53,Pass
8486,1643680,HK161_CO1023_L05,CO1023,-13,False,,7.6,7.9,,8.1,7.9,B,3.0,True,3.53,3.53,Pass
8487,1645542,HK161_CO1023_L05,CO1023,-13,False,,4.4,6.3,,6.0,5.9,C,2.0,True,1.76,1.76,Pass
8488,1600362,HK161_CO1023_L05,CO1023,-13,False,,9.0,8.6,,8.9,8.7,A,4.0,True,3.26,3.26,Pass
8489,1626903,HK161_CO1023_L05,CO1023,-13,False,,8.7,8.3,,7.2,8.2,B+,3.5,True,3.59,3.59,Pass
8490,1625724,HK161_CO1023_L05,CO1023,-13,False,,8.8,8.4,,9.8,8.8,A,4.0,True,4.0,4.0,Pass
8491,1647259,HK161_CO1023_L05,CO1023,-13,False,,6.3,7.4,,7.2,7.1,B,3.0,True,2.47,2.47,Pass
8492,1633523,HK161_CO1023_L05,CO1023,-13,False,,6.7,8.1,,8.2,7.8,B,3.0,True,3.12,3.12,Pass
8493,1632985,HK161_CO1023_L05,CO1023,-13,False,,8.2,8.0,,7.2,7.9,B,3.0,True,3.32,3.32,Pass
8494,1642894,HK161_CO1023_L05,CO1023,-13,False,,7.2,5.5,,6.4,6.0,C,2.0,True,1.81,1.81,Pass
8495,1685302,HK161_CO1023_L05,CO1023,-13,False,,7.8,9.1,,7.9,8.6,A,4.0,True,3.38,3.38,Pass
8496,1614222,HK161_CO1023_L05,CO1023,-13,False,,7.8,8.1,,8.1,8.0,B+,3.5,True,3.26,3.26,Pass
8497,1616870,HK161_CO1023_L05,CO1023,-13,False,,7.1,7.5,,7.7,7.5,B,3.0,True,3.0,3.0,Pass
8498,1661512,HK161_CO1023_L05,CO1023,-13,False,,8.1,7.1,,6.9,7.3,B,3.0,True,3.24,3.24,Pass
8499,1653196,HK161_CO1023_L05,CO1023,-13,False,,4.6,7.2,,8.2,6.9,C+,2.5,True,2.91,2.91,Pass
8500,1687019,HK161_CO1023_L05,CO1023,-13,False,,6.8,7.1,,7.8,7.2,B,3.0,True,2.71,2.71,Pass
8501,1660064,HK161_CO1023_L05,CO1023,-13,False,,9.1,7.6,,7.5,7.9,B,3.0,True,3.21,3.21,Pass
8502,1618463,HK161_CO1023_L05,CO1023,-13,False,,7.9,7.9,,8.2,8.0,B+,3.5,True,3.59,3.59,Pass
8503,1664553,HK161_CO1023_L05,CO1023,-13,False,,7.7,7.0,,7.0,7.1,B,3.0,True,3.12,3.12,Pass
8504,1685964,HK161_CO1023_L05,CO1023,-13,False,,7.4,6.4,,6.7,6.7,C+,2.5,True,2.59,2.59,Pass
8505,1659795,HK161_CO1023_L05,CO1023,-13,False,,8.3,8.3,,8.0,8.2,B+,3.5,True,3.62,3.62,Pass
8506,1619373,HK161_CO1023_L05,CO1023,-13,False,,9.7,7.4,,7.7,7.9,B,3.0,True,3.71,3.71,Pass
8507,1659940,HK161_CO1023_L05,CO1023,-13,False,,9.5,7.8,,9.1,8.4,B+,3.5,True,3.91,3.91,Pass
8508,1674462,HK161_CO1023_L05,CO1023,-13,False,,9.2,8.3,,8.7,8.6,A,4.0,True,3.91,3.91,Pass
8509,1653858,HK161_CO1023_L05,CO1023,-13,False,,7.4,4.0,,5.0,4.9,D,1.0,True,1.53,1.53,Pass
8510,1632716,HK161_CO1023_L05,CO1023,-13,False,,7.9,8.6,,8.6,8.5,A,4.0,True,3.59,3.59,Pass
8511,1686626,HK161_CO1023_L05,CO1023,-13,False,,7.5,5.1,,6.8,5.9,C,2.0,True,1.56,1.56,Pass
8512,1694011,HK161_CO1023_L05,CO1023,-13,False,,7.4,8.6,,7.4,8.1,B+,3.5,True,3.09,3.09,Pass
8513,1644218,HK161_CO1023_L05,CO1023,-13,False,,6.4,6.0,,6.7,6.2,C,2.0,True,2.74,2.74,Pass
8514,1668132,HK161_CO1023_L05,CO1023,-13,False,,9.0,8.6,,8.3,8.6,A,4.0,True,3.29,3.29,Pass
8515,1665091,HK161_CO1023_L05,CO1023,-13,False,,8.4,8.3,,9.1,8.5,A,4.0,True,3.26,3.26,Pass
8516,1617656,HK161_CO1023_L05,CO1023,-13,False,,7.7,6.5,,6.5,6.7,C+,2.5,True,3.15,3.15,Pass
8517,1628496,HK161_CO1023_L05,CO1023,-13,False,,8.2,7.9,,7.2,7.8,B,3.0,True,3.12,3.12,Pass
8518,1641301,HK161_CO1023_L05,CO1023,-13,False,,6.4,6.2,,5.2,6.0,C,2.0,True,1.56,1.56,Pass
8519,1698769,HK161_CO1023_L05,CO1023,-13,False,,6.4,5.4,,5.4,5.6,C,2.0,True,2.18,2.18,Pass
8520,1662712,HK161_CO1023_L05,CO1023,-13,False,,6.4,7.4,,7.7,7.3,B,3.0,True,2.68,2.68,Pass
8521,1606299,HK161_CO1023_L05,CO1023,-13,False,,6.1,5.2,,6.2,5.6,C,2.0,True,1.91,1.91,Pass
8522,1606961,HK161_CO1023_L05,CO1023,-13,False,,8.2,5.6,,9.0,6.8,C+,2.5,True,3.21,3.21,Pass
8523,1614884,HK161_CO1023_L05,CO1023,-13,False,,8.1,8.8,,8.0,8.5,A,4.0,True,3.21,3.21,Pass
8524,1601417,HK161_CO1023_L05,CO1023,-13,False,,9.5,9.0,,9.1,9.1,A,4.0,True,3.9,3.9,Pass
8525,1664036,HK161_CO1023_L05,CO1023,-13,False,,6.9,5.4,,7.2,6.1,C,2.0,True,2.35,2.35,Pass
8526,1697052,HK161_CO1023_L05,CO1023,-13,False,,8.4,6.7,,7.5,7.2,B,3.0,True,3.12,3.12,Pass
8527,1672228,HK161_CO1023_L05,CO1023,-13,False,,5.1,6.5,,5.3,6.0,C,2.0,True,2.09,2.09,Pass
8528,1608285,HK161_CO1023_L05,CO1023,-13,False,,6.5,7.7,,6.0,7.1,B,3.0,True,2.29,2.29,Pass
8529,1680544,HK161_CO1023_L05,CO1023,-13,False,,8.8,8.6,,7.4,8.4,B+,3.5,True,3.29,3.29,Pass
8530,1697714,HK161_CO1023_L05,CO1023,-13,False,,5.6,7.6,,6.7,7.0,B,3.0,True,2.68,2.68,Pass
8531,1603920,HK161_CO1023_L05,CO1023,-13,False,,5.9,5.5,,6.1,5.7,C,2.0,True,1.59,1.59,Pass
8532,1683316,HK161_CO1023_L05,CO1023,-13,False,,7.7,8.2,,7.2,7.9,B,3.0,True,3.03,3.03,Pass
8533,1622807,HK161_CO1023_L05,CO1023,-13,False,,9.8,9.2,,8.2,9.1,A,4.0,True,3.79,3.79,Pass
8534,1666270,HK161_CO1023_L05,CO1023,-13,False,,6.1,6.2,,7.3,6.4,C+,2.5,True,2.62,2.62,Pass
8535,1679882,HK161_CO1023_L05,CO1023,-13,False,,7.7,6.2,,9.0,7.1,B,3.0,True,3.53,3.53,Pass
8536,1624131,HK161_CO1023_L05,CO1023,-13,False,,5.2,5.4,,6.9,5.7,C,2.0,True,1.91,1.91,Pass
8537,1687681,HK161_CO1023_L05,CO1023,-13,False,,7.0,7.6,,8.7,7.7,B,3.0,True,3.32,3.32,Pass
8538,1636419,HK161_CO1023_L05,CO1023,-13,False,,6.9,6.1,,7.3,6.5,C+,2.5,True,2.47,2.47,Pass
8539,1616477,HK161_CO1023_L05,CO1023,-13,False,,6.7,8.0,,7.3,7.6,B,3.0,True,2.29,2.29,Pass
8540,1682261,HK161_CO1023_L05,CO1023,-13,False,,7.1,6.5,,4.9,6.3,C,2.0,True,2.24,2.24,Pass
8541,1625848,HK161_CO1023_L05,CO1023,-13,False,,7.7,8.7,,9.6,8.7,A,4.0,True,3.41,3.41,Pass
8542,1624524,HK161_CO1023_L05,CO1023,-13,False,,8.6,7.6,,7.2,7.7,B,3.0,True,3.0,3.0,Pass
8543,1655844,HK161_CO1023_L05,CO1023,-13,False,,5.3,8.4,,6.3,7.4,B,3.0,True,2.5,2.5,Pass
8544,1635633,HK161_CO1023_L05,CO1023,-13,False,,8.8,7.5,,8.4,7.9,B,3.0,True,3.38,3.38,Pass
8545,1604975,HK161_CO1023_L05,CO1023,-13,False,,7.0,7.7,,5.8,7.2,B,3.0,True,2.5,2.5,Pass
8546,1603134,HK161_CO1023_L05,CO1023,-13,False,,5.3,4.5,,3.1,4.4,D,1.0,True,1.53,1.53,Pass
8547,1639191,HK161_CO1023_L05,CO1023,-13,False,,7.8,8.2,,8.0,8.1,B+,3.5,True,3.38,3.38,Pass
8548,1652141,HK161_CO1023_L05,CO1023,-13,False,,6.6,6.8,,7.1,6.8,C+,2.5,True,2.5,2.5,Pass
8550,1661512,HK161_IM1011_L01,IM1011,-13,False,,,7.2,,,7.2,B,3.0,True,3.24,3.24,Pass
8554,1534204,HK161_IM1011_L01,IM1011,-13,False,,,6.9,,,6.9,C+,2.5,True,3.24,3.24,Pass
8557,1630482,HK161_IM1011_L01,IM1011,-13,False,,,8.3,,,8.3,B+,3.5,True,3.09,3.09,Pass
8559,1610664,HK161_IM1011_L01,IM1011,-13,False,,,7.9,,,7.9,B,3.0,True,3.24,3.24,Pass
8560,1599493,HK161_IM1011_L01,IM1011,-13,False,,,8.3,,,8.3,B+,3.5,True,3.38,3.59,Pass
8562,1669704,HK161_IM1011_L01,IM1011,-13,False,,,8.3,,,8.3,B+,3.5,True,3.09,3.09,Pass
8568,1579037,HK161_IM1011_L01,IM1011,-13,False,,,9.7,,,9.7,A+,4.0,True,3.88,3.44,Pass
8570,1552171,HK161_IM1011_L01,IM1011,-13,False,,,6.6,,,6.6,C+,2.5,True,2.41,2.38,Pass
8573,1615422,HK161_IM1011_L01,IM1011,-13,False,,,7.3,,,7.3,B,3.0,True,2.53,2.53,Pass
8574,1431684,HK161_IM1011_L01,IM1011,-13,False,,,8.1,,,8.1,B+,3.5,True,3.28,3.65,Pass
8577,1513622,HK161_IM1011_L01,IM1011,-13,False,,,9.0,,,9.0,A,4.0,True,3.9,3.94,Pass
8578,1608947,HK161_IM1011_L01,IM1011,-13,False,,,5.8,,,5.8,C,2.0,True,1.91,1.91,Pass
8580,1683978,HK161_IM1011_L01,IM1011,-13,False,,,7.9,,,7.9,B,3.0,True,3.21,3.21,Pass
8582,1691115,HK161_IM1011_L01,IM1011,-13,False,,,7.2,,,7.2,B,3.0,True,2.15,2.15,Pass
8583,1616870,HK161_IM1011_L01,IM1011,-13,False,,,7.6,,,7.6,B,3.0,True,3.0,3.0,Pass
8584,1623469,HK161_IM1011_L01,IM1011,-13,False,,,6.1,,,6.1,C,2.0,True,2.53,2.53,Pass
8585,1469414,HK161_IM1011_L01,IM1011,-13,False,,,7.8,,,7.8,B,3.0,True,3.47,3.32,Pass
8591,1516827,HK161_IM1011_L01,IM1011,-13,False,,,9.4,,,9.4,A,4.0,True,3.59,3.66,Pass
8596,1665753,HK161_IM1011_L01,IM1011,-13,False,,,7.2,,,7.2,B,3.0,True,2.62,2.62,Pass
8597,1417572,HK161_IM1011_L01,IM1011,-13,False,,,8.5,,,8.5,A,4.0,True,3.53,3.18,Pass
8598,1608554,HK161_IM1011_L01,IM1011,-13,False,,,8.6,,,8.6,A,4.0,True,3.26,3.26,Pass
8599,1483216,HK161_IM1011_L01,IM1011,-13,False,,,5.3,,,5.3,D+,1.5,True,1.64,1.62,Pass
8600,1433065,HK161_IM1011_L01,IM1011,-13,False,,,5.6,,,5.6,C,2.0,True,2.0,1.83,Pass
8605,1427541,HK161_IM1011_L01,IM1011,-13,False,,,6.2,,,6.2,C,2.0,True,3.08,3.25,Pass
8606,1503162,HK161_IM1011_L01,IM1011,-13,False,,,8.6,,,8.6,A,4.0,True,3.35,3.3,Pass
8607,1674069,HK161_IM1011_L01,IM1011,-13,False,,,6.9,,,6.9,C+,2.5,True,2.41,2.41,Pass
8611,1611450,HK161_IM1011_L01,IM1011,-13,False,,,8.0,,,8.0,B+,3.5,True,3.21,3.21,Pass
8612,1598101,HK161_IM1011_L01,IM1011,-13,False,,,6.1,,,6.1,C,2.0,True,1.79,1.77,Pass
8616,1512694,HK161_IM1011_L01,IM1011,-13,False,,,7.9,,,7.9,B,3.0,True,3.41,3.36,Pass
8618,1697052,HK161_IM1011_L01,IM1011,-13,False,,,8.2,,,8.2,B+,3.5,True,3.12,3.12,Pass
8619,1622414,HK161_IM1011_L01,IM1011,-13,False,,,6.5,,,6.5,C+,2.5,True,2.85,2.85,Pass
8622,1415732,HK161_IM1011_L01,IM1011,-13,False,,,7.5,,,7.5,B,3.0,True,3.17,3.52,Pass
8624,1671421,HK161_IM1011_L01,IM1011,-13,False,,,8.0,,,8.0,B+,3.5,True,3.09,3.09,Pass
8626,1423861,HK161_IM1011_L01,IM1011,-13,False,,,5.4,,,5.4,D+,1.5,True,1.39,1.75,Pass
8628,1521593,HK161_IM1011_L01,IM1011,-13,False,,,8.4,,,8.4,B+,3.5,True,3.32,3.56,Pass
8630,1597173,HK161_IM1011_L01,IM1011,-13,False,,,5.4,,,5.4,D+,1.5,True,2.16,2.23,Pass
8631,1614222,HK161_IM1011_L01,IM1011,-13,False,,,9.7,,,9.7,A+,4.0,True,3.26,3.26,Pass
8634,1565077,HK161_IM1011_L01,IM1011,-13,False,,,7.6,,,7.6,B,3.0,True,2.68,2.6,Pass
8635,1619911,HK161_IM1011_L01,IM1011,-13,False,,,8.4,,,8.4,B+,3.5,True,3.18,3.18,Pass
8639,1525726,HK161_IM1011_L01,IM1011,-13,False,,,7.4,,,7.4,B,3.0,True,3.53,3.23,Pass
8642,1691508,HK161_IM1021_L01,IM1021,-13,False,,,6.1,,,6.1,C,2.0,True,2.21,2.21,Pass
8643,1677110,HK161_IM1021_L01,IM1021,-13,False,,,8.9,,,8.9,A,4.0,True,3.53,3.53,Pass
8644,1608285,HK161_IM1021_L01,IM1021,-13,False,,,5.8,,,5.8,C,2.0,True,2.29,2.29,Pass
8646,1628889,HK161_IM1021_L01,IM1021,-13,False,,,8.1,,,8.1,B+,3.5,True,3.26,3.26,Pass
8649,1533571,HK161_IM1021_L01,IM1021,-13,False,,,4.8,,,4.8,D,1.0,True,1.21,1.49,Pass
8650,1579501,HK161_IM1021_L01,IM1021,-13,False,,,9.9,,,9.9,A+,4.0,True,4.0,3.96,Pass
8652,1497175,HK161_IM1021_L01,IM1021,-13,False,,,6.1,,,6.1,C,2.0,True,2.5,2.47,Pass
8655,1530028,HK161_IM1021_L01,IM1021,-13,False,,,9.2,,,9.2,A,4.0,True,3.5,3.28,Pass
8656,1687536,HK161_IM1021_L01,IM1021,-13,False,,,7.2,,,7.2,B,3.0,True,3.0,3.0,Pass
8659,1491498,HK161_IM1021_L01,IM1021,-13,False,,,8.4,,,8.4,B+,3.5,True,3.42,3.44,Pass
8661,1569379,HK161_IM1021_L01,IM1021,-13,False,,,7.0,,,7.0,B,3.0,True,3.56,3.38,Pass
8662,1438432,HK161_IM1021_L01,IM1021,-13,False,,,8.8,,,8.8,A,4.0,True,3.64,3.52,Pass
8663,1465887,HK161_IM1021_L01,IM1021,-13,False,,,8.2,,,8.2,B+,3.5,True,3.36,3.24,Pass
8664,1495488,HK161_IM1021_L01,IM1021,-13,False,,,5.6,,,5.6,C,2.0,True,2.0,1.8,Pass
8666,1606961,HK161_IM1021_L01,IM1021,-13,False,,,8.9,,,8.9,A,4.0,True,3.21,3.21,Pass
8668,1611326,HK161_IM1021_L01,IM1021,-13,False,,,9.2,,,9.2,A,4.0,True,3.9,3.9,Pass
8669,1660995,HK161_IM1021_L01,IM1021,-13,False,,,7.8,,,7.8,B,3.0,True,3.44,3.44,Pass
8672,1595317,HK161_IM1021_L01,IM1021,-13,False,,,8.1,,,8.1,B+,3.5,True,3.85,3.9,Pass
8673,1620304,HK161_IM1021_L01,IM1021,-13,False,,,6.8,,,6.8,C+,2.5,True,2.09,2.09,Pass
8676,1571066,HK161_IM1021_L01,IM1021,-13,False,,,8.3,,,8.3,B+,3.5,True,3.35,3.45,Pass
8677,1450088,HK161_IM1021_L01,IM1021,-13,False,,,7.3,,,7.3,B,3.0,True,3.0,3.09,Pass
8680,1673014,HK161_IM1021_L01,IM1021,-13,False,,,5.1,,,5.1,D+,1.5,True,2.44,2.44,Pass
8681,1645935,HK161_IM1021_L01,IM1021,-13,False,,,5.7,,,5.7,C,2.0,True,2.18,2.18,Pass
8683,1685695,HK161_IM1021_L01,IM1021,-13,False,,,9.2,,,9.2,A,4.0,True,3.74,3.74,Pass
8684,1569843,HK161_IM1021_L01,IM1021,-13,False,,,8.3,,,8.3,B+,3.5,True,3.53,3.54,Pass
8685,1461897,HK161_IM1021_L01,IM1021,-13,False,,,6.0,,,6.0,C,2.0,True,2.19,2.04,Pass
8686,1559214,HK161_IM1021_L01,IM1021,-13,False,,,7.9,,,7.9,B,3.0,True,3.12,3.29,Pass
8688,1596878,HK161_IM1021_L01,IM1021,-13,False,,,8.0,,,8.0,B+,3.5,True,3.32,3.36,Pass
8690,1615815,HK161_IM1021_L01,IM1021,-13,False,,,7.5,,,7.5,B,3.0,True,3.53,3.53,Pass
8693,1626510,HK161_IM1021_L01,IM1021,-13,False,,,8.5,,,8.5,A,4.0,True,3.38,3.38,Pass
8695,1592702,HK161_IM1021_L01,IM1021,-13,False,,,10.0,,,10.0,A+,4.0,True,3.91,3.88,Pass
8696,1538168,HK161_IM1021_L01,IM1021,-13,False,,,6.4,,,6.4,C+,2.5,True,2.45,2.41,Pass
8698,1445333,HK161_IM1021_L01,IM1021,-13,False,,,5.6,,,5.6,C,2.0,True,2.31,2.41,Pass
8700,1632199,HK161_IM1021_L01,IM1021,-13,False,,,7.4,,,7.4,B,3.0,True,3.32,3.32,Pass
8701,1558919,HK161_IM1021_L01,IM1021,-13,False,,,8.4,,,8.4,B+,3.5,True,3.18,3.45,Pass
8702,1611843,HK161_IM1021_L01,IM1021,-13,False,,,7.2,,,7.2,B,3.0,True,3.41,3.41,Pass
8703,1565372,HK161_IM1021_L01,IM1021,-13,False,,,7.0,,,7.0,B,3.0,True,2.62,2.43,Pass
8714,1467421,HK161_IM1019_L01,IM1019,-13,False,,,7.3,,,7.3,B,3.0,True,2.47,2.51,Pass
8716,1436745,HK161_IM1019_L01,IM1019,-13,False,,,6.5,,,6.5,C+,2.5,True,2.25,2.46,Pass
8717,1503626,HK161_IM1019_L01,IM1019,-13,False,,,4.8,,,4.8,D,1.0,True,1.44,1.69,Pass
8719,1643287,HK161_IM1019_L01,IM1019,-13,False,,,5.5,,,5.5,C,2.0,True,1.91,1.91,Pass
8722,1568156,HK161_IM1019_L01,IM1019,-13,False,,,8.0,,,8.0,B+,3.5,True,3.68,3.68,Pass
8724,1692294,HK161_IM1019_L01,IM1019,-13,False,,,7.2,,,7.2,B,3.0,True,3.21,3.21,Pass
8725,1451010,HK161_IM1019_L01,IM1019,-13,False,,,6.6,,,6.6,C+,2.5,True,1.92,2.01,Pass
8726,1531589,HK161_IM1019_L01,IM1019,-13,False,,,9.1,,,9.1,A,4.0,True,3.62,3.47,Pass
8728,1410518,HK161_IM1019_L01,IM1019,-13,False,,,8.1,,,8.1,B+,3.5,True,3.31,3.38,Pass
8729,1612650,HK161_IM1019_L01,IM1019,-13,False,,,8.9,,,8.9,A,4.0,True,3.82,3.82,Pass
8730,1439044,HK161_IM1019_L01,IM1019,-13,False,,,6.8,,,6.8,C+,2.5,True,3.08,3.22,Pass
8731,1517460,HK161_IM1019_L01,IM1019,-13,False,,,6.5,,,6.5,C+,2.5,True,2.21,2.2,Pass
8732,1646059,HK161_IM1019_L01,IM1019,-13,False,,,7.5,,,7.5,B,3.0,True,3.0,3.0,Pass
8733,1478002,HK161_IM1019_L01,IM1019,-13,False,,,6.2,,,6.2,C,2.0,True,2.36,2.6,Pass
8735,1494260,HK161_IM1019_L01,IM1019,-13,False,,,6.4,,,6.4,C+,2.5,True,1.92,1.87,Pass
8737,1683585,HK161_IM1019_L01,IM1019,-13,False,,,7.7,,,7.7,B,3.0,True,3.09,3.09,Pass
8740,1647383,HK161_IM1019_L01,IM1019,-13,False,,,7.5,,,7.5,B,3.0,True,2.76,2.76,Pass
8741,1550484,HK161_IM1019_L01,IM1019,-13,False,,,6.9,,,6.9,C+,2.5,True,3.41,3.28,Pass
8742,1550610,HK161_IM1019_L01,IM1019,-13,False,,,7.4,,,7.4,B,3.0,True,3.32,3.26,Pass
8746,1407909,HK161_IM1019_L01,IM1019,-13,False,,,6.1,,,6.1,C,2.0,True,2.33,2.59,Pass
8747,1505313,HK161_IM1019_L01,IM1019,-13,False,,,7.9,,,7.9,B,3.0,True,3.24,3.41,Pass
8753,1579670,HK161_IM1019_L01,IM1019,-13,False,,,9.2,,,9.2,A,4.0,True,3.59,3.6,Pass
8755,1503921,HK161_IM1019_L01,IM1019,-13,False,,,5.7,,,5.7,C,2.0,True,1.88,1.77,Pass
8757,1466499,HK161_IM1019_L01,IM1019,-13,False,,,7.3,,,7.3,B,3.0,True,3.67,3.55,Pass
8759,1548333,HK161_IM1019_L01,IM1019,-13,False,,,7.7,,,7.7,B,3.0,True,2.91,2.78,Pass
8765,1562167,HK161_IM1019_L01,IM1019,-13,False,,,8.1,,,8.1,B+,3.5,True,3.41,3.29,Pass
8766,1683192,HK161_IM1019_L01,IM1019,-13,False,,,6.6,,,6.6,C+,2.5,True,2.21,2.21,Pass
8767,1444105,HK161_IM1019_L01,IM1019,-13,False,,,6.7,,,6.7,C+,2.5,True,2.61,2.53,Pass
8768,1649369,HK161_IM1019_L01,IM1019,-13,False,,,8.3,,,8.3,B+,3.5,True,3.71,3.71,Pass
8769,1476009,HK161_IM3047_L01,IM3047,-13,False,,,7.2,,,7.2,B,3.0,True,3.25,3.4,Pass
8771,1659795,HK161_IM3047_L01,IM3047,-13,False,,,8.6,,,8.6,A,4.0,True,3.62,3.62,Pass
8773,1526064,HK161_IM3047_L01,IM3047,-13,False,,,7.2,,,7.2,B,3.0,True,3.37,3.51,Pass
8774,1546646,HK161_IM3047_L01,IM3047,-13,False,,,7.6,,,7.6,B,3.0,True,3.0,3.18,Pass
8778,1563516,HK161_IM3047_L01,IM3047,-13,False,,,5.8,,,5.8,C,2.0,True,2.09,2.27,Pass
8779,1644218,HK161_IM3047_L01,IM3047,-13,False,,,6.4,,,6.4,C+,2.5,True,2.74,2.74,Pass
8780,1688343,HK161_IM3047_L01,IM3047,-13,False,,,7.7,,,7.7,B,3.0,True,3.47,3.47,Pass
8781,1689005,HK161_IM3047_L01,IM3047,-13,False,,,6.0,,,6.0,C,2.0,True,2.47,2.47,Pass
8782,1421562,HK161_IM3047_L01,IM3047,-13,False,,,7.1,,,7.1,B,3.0,True,3.19,3.21,Pass
8784,1675662,HK161_IM3047_L01,IM3047,-13,False,,,8.4,,,8.4,B+,3.5,True,3.71,3.71,Pass
8789,1479842,HK161_IM3047_L01,IM3047,-13,False,,,8.6,,,8.6,A,4.0,True,3.22,3.35,Pass
8790,1561534,HK161_IM3047_L01,IM3047,-13,False,,,6.0,,,6.0,C,2.0,True,2.91,3.12,Pass
8791,1487971,HK161_IM3047_L01,IM3047,-13,False,,,8.1,,,8.1,B+,3.5,True,3.28,3.32,Pass
8793,1625724,HK161_IM3047_L01,IM3047,-13,False,,,10.0,,,10.0,A+,4.0,True,4.0,4.0,Pass
8794,1672228,HK161_IM3047_L01,IM3047,-13,False,,,7.2,,,7.2,B,3.0,True,2.09,2.09,Pass
8796,1637350,HK161_IM3047_L01,IM3047,-13,False,,,5.8,,,5.8,C,2.0,True,2.82,2.82,Pass
8797,1658616,HK161_IM3047_L01,IM3047,-13,False,,,7.4,,,7.4,B,3.0,True,2.62,2.62,Pass
8798,1636419,HK161_IM3047_L01,IM3047,-13,False,,,7.0,,,7.0,B,3.0,True,2.47,2.47,Pass
8799,1628765,HK161_IM3047_L01,IM3047,-13,False,,,8.3,,,8.3,B+,3.5,True,3.65,3.65,Pass
8801,1414351,HK161_IM3047_L01,IM3047,-13,False,,,9.5,,,9.5,A+,4.0,True,3.61,3.57,Pass
8803,1638798,HK161_IM3047_L01,IM3047,-13,False,,,8.2,,,8.2,B+,3.5,True,3.71,3.71,Pass
8804,1588738,HK161_IM3047_L01,IM3047,-13,False,,,8.0,,,8.0,B+,3.5,True,3.59,3.53,Pass
8808,1481070,HK161_IM3047_L01,IM3047,-13,False,,,6.4,,,6.4,C+,2.5,True,2.61,2.65,Pass
8810,1662836,HK161_IM3047_L01,IM3047,-13,False,,,6.7,,,6.7,C+,2.5,True,2.21,2.21,Pass
8812,1429228,HK161_IM3047_L01,IM3047,-13,False,,,6.7,,,6.7,C+,2.5,True,2.92,3.21,Pass
8813,1678289,HK161_IM3047_L01,IM3047,-13,False,,,6.9,,,6.9,C+,2.5,True,3.03,3.03,Pass
8814,1542344,HK161_IM3047_L01,IM3047,-13,False,,,7.5,,,7.5,B,3.0,True,3.12,3.12,Pass
8815,1616746,HK161_IM3047_L01,IM3047,-13,False,,,5.3,,,5.3,D+,1.5,True,1.55,1.55,Pass
8818,1486590,HK161_IM3047_L01,IM3047,-13,False,,,9.0,,,9.0,A,4.0,True,3.25,3.27,Pass
8819,1478155,HK161_IM3047_L01,IM3047,-13,False,,,8.2,,,8.2,B+,3.5,True,3.92,3.93,Pass
8821,1641301,HK161_IM3047_L01,IM3047,-13,False,,,5.5,,,5.5,C,2.0,True,1.56,1.56,Pass
8825,1633916,HK161_IM3047_L01,IM3047,-13,False,,,7.5,,,7.5,B,3.0,True,3.09,3.09,Pass
8826,1495947,HK161_IM3047_L01,IM3047,-13,False,,,8.3,,,8.3,B+,3.5,True,3.61,3.37,Pass
8827,1642501,HK161_IM3047_L01,IM3047,-13,False,,,8.3,,,8.3,B+,3.5,True,3.32,3.32,Pass
8828,1424320,HK161_IM3047_L01,IM3047,-13,False,,,8.1,,,8.1,B+,3.5,True,2.42,2.71,Pass
8829,1646721,HK161_IM3047_L01,IM3047,-13,False,,,8.9,,,8.9,A,4.0,True,3.92,3.92,Pass
8832,1438738,HK161_IM3047_L01,IM3047,-13,False,,,8.2,,,8.2,B+,3.5,True,3.28,3.41,Pass
8833,1622683,HK161_ME4625_L01,ME4625,-13,False,,,6.1,,,6.1,C,2.0,True,2.53,2.53,Pass
8835,1563685,HK161_ME4625_L01,ME4625,-13,False,,,7.5,,,7.5,B,3.0,True,2.5,2.61,Pass
8836,1605244,HK161_ME4625_L01,ME4625,-13,False,,,8.4,,,8.4,B+,3.5,True,3.06,3.06,Pass
8838,1448554,HK161_ME4625_L01,ME4625,-13,False,,,8.7,,,8.7,A,4.0,True,3.58,3.49,Pass
8839,1493032,HK161_ME4625_L01,ME4625,-13,False,,,8.4,,,8.4,B+,3.5,True,3.69,3.49,Pass
8840,1638529,HK161_ME4625_L01,ME4625,-13,False,,,9.6,,,9.6,A+,4.0,True,4.0,4.0,Pass
8841,1550779,HK161_ME4625_L01,ME4625,-13,False,,,6.1,,,6.1,C,2.0,True,2.44,2.26,Pass
8844,1698769,HK161_ME4625_L01,ME4625,-13,False,,,7.1,,,7.1,B,3.0,True,2.18,2.18,Pass
8845,1446867,HK161_ME4625_L01,ME4625,-13,False,,,9.6,,,9.6,A+,4.0,True,3.33,3.16,Pass
8847,1526823,HK161_ME4625_L01,ME4625,-13,False,,,4.3,,,4.3,D,1.0,True,1.63,1.85,Pass
8848,1677234,HK161_ME4625_L01,ME4625,-13,False,,,8.3,,,8.3,B+,3.5,True,3.32,3.32,Pass
8850,1639460,HK161_ME4625_L01,ME4625,-13,False,,,4.9,,,4.9,D,1.0,True,2.15,2.15,Pass
8851,1579206,HK161_ME4625_L01,ME4625,-13,False,,,6.2,,,6.2,C,2.0,True,2.62,2.78,Pass
8852,1697590,HK161_ME4625_L01,ME4625,-13,False,,,6.4,,,6.4,C+,2.5,True,3.44,3.44,Pass
8854,1429997,HK161_ME4625_L01,ME4625,-13,False,,,7.4,,,7.4,B,3.0,True,3.03,3.23,Pass
8855,1403464,HK161_ME4625_L01,ME4625,-13,False,,,7.0,,,7.0,B,3.0,True,2.69,2.64,Pass
8858,1695604,HK161_ME4625_L01,ME4625,-13,False,,,7.9,,,7.9,B,3.0,True,3.12,3.12,Pass
8864,1433983,HK161_ME4625_L01,ME4625,-13,False,,,8.1,,,8.1,B+,3.5,True,2.92,2.53,Pass
8867,1544326,HK161_ME4625_L01,ME4625,-13,False,,,8.3,,,8.3,B+,3.5,True,3.08,3.19,Pass
8868,1590720,HK161_ME4625_L01,ME4625,-13,False,,,6.9,,,6.9,C+,2.5,True,2.09,2.03,Pass
8869,1562293,HK161_ME4625_L01,ME4625,-13,False,,,7.6,,,7.6,B,3.0,True,3.38,3.28,Pass
8870,1681992,HK161_ME4625_L01,ME4625,-13,False,,,7.7,,,7.7,B,3.0,True,3.21,3.21,Pass
8873,1547869,HK161_ME4625_L01,ME4625,-13,False,,,6.5,,,6.5,C+,2.5,True,2.91,3.07,Pass
8874,1450241,HK161_ME4625_L01,ME4625,-13,False,,,4.9,,,4.9,D,1.0,True,1.39,1.58,Pass
8876,1600362,HK161_ME4625_L01,ME4625,-13,False,,,8.2,,,8.2,B+,3.5,True,3.26,3.26,Pass
8877,1520665,HK161_ME4625_L01,ME4625,-13,False,,,6.8,,,6.8,C+,2.5,True,2.32,2.27,Pass
8879,1648314,HK161_ME4625_L01,ME4625,-13,False,,,8.5,,,8.5,A,4.0,True,3.38,3.38,Pass
8880,1462050,HK161_ME4625_L01,ME4625,-13,False,,,6.6,,,6.6,C+,2.5,True,1.92,1.9,Pass
8883,1616208,HK161_ME4625_L01,ME4625,-13,False,,,5.9,,,5.9,C,2.0,True,3.24,3.24,Pass
8885,1471254,HK161_ME4625_L01,ME4625,-13,False,,,5.2,,,5.2,D+,1.5,True,1.81,1.7,Pass
8886,1538042,HK161_ME4625_L01,ME4625,-13,False,,,8.2,,,8.2,B+,3.5,True,3.35,3.25,Pass
8889,1454537,HK161_ME4625_L01,ME4625,-13,False,,,5.1,,,5.1,D+,1.5,True,1.69,1.82,Pass
8891,1600879,HK161_ME4625_L01,ME4625,-13,False,,,7.0,,,7.0,B,3.0,True,3.44,3.44,Pass
8896,1526359,HK161_ME4625_L01,ME4625,-13,False,,,7.0,,,7.0,B,3.0,True,3.35,3.39,Pass
8901,1451316,HK161_ME4625_L01,ME4625,-13,False,,,6.7,,,6.7,C+,2.5,True,3.17,3.31,Pass
8902,1617925,HK161_CH4079_L01,CH4079,-13,False,,,7.0,,,7.0,B,3.0,True,3.53,3.53,Pass
8904,1475703,HK161_CH4079_L01,CH4079,-13,False,,,6.7,,,6.7,C+,2.5,True,1.94,2.01,Pass
8905,1451928,HK161_CH4079_L01,CH4079,-13,False,,,5.0,,,5.0,D+,1.5,True,1.64,1.59,Pass
8907,1640391,HK161_CH4079_L01,CH4079,-13,False,,,6.1,,,6.1,C,2.0,True,2.32,2.32,Pass
8908,1656899,HK161_CH4079_L01,CH4079,-13,False,,,5.0,,,5.0,D+,1.5,True,2.21,2.21,Pass
8911,1493648,HK161_CH4079_L01,CH4079,-13,False,,,5.2,,,5.2,D+,1.5,True,1.61,1.73,Pass
8914,1506705,HK161_CH4079_L01,CH4079,-13,False,,,7.9,,,7.9,B,3.0,True,2.56,2.54,Pass
8915,1545423,HK161_CH4079_L01,CH4079,-13,False,,,7.4,,,7.4,B,3.0,True,2.91,2.79,Pass
8917,1474628,HK161_CH4079_L01,CH4079,-13,False,,,7.9,,,7.9,B,3.0,True,3.25,3.29,Pass
8918,1642770,HK161_CH4079_L01,CH4079,-13,False,,,6.4,,,6.4,C+,2.5,True,2.41,2.41,Pass
8919,1651872,HK161_CH4079_L01,CH4079,-13,False,,,7.1,,,7.1,B,3.0,True,2.5,2.5,Pass
8920,1439507,HK161_CH4079_L01,CH4079,-13,False,,,7.1,,,7.1,B,3.0,True,2.69,2.46,Pass
8921,1432143,HK161_CH4079_L01,CH4079,-13,False,,,7.8,,,7.8,B,3.0,True,3.33,3.25,Pass
8923,1590425,HK161_CH4079_L01,CH4079,-13,False,,,7.8,,,7.8,B,3.0,True,3.24,3.16,Pass
8924,1494872,HK161_CH4079_L01,CH4079,-13,False,,,9.7,,,9.7,A+,4.0,True,3.67,3.45,Pass
8926,1624276,HK161_CH4079_L01,CH4079,-13,False,,,7.9,,,7.9,B,3.0,True,3.29,3.29,Pass
8928,1630999,HK161_CH4079_L01,CH4079,-13,False,,,6.6,,,6.6,C+,2.5,True,2.29,2.29,Pass
8929,1530197,HK161_CH4079_L01,CH4079,-13,False,,,8.0,,,8.0,B+,3.5,True,3.62,3.58,Pass
8930,1647921,HK161_CH4079_L01,CH4079,-13,False,,,8.4,,,8.4,B+,3.5,True,2.91,2.91,Pass
8931,1579796,HK161_CH4079_L01,CH4079,-13,False,,,7.6,,,7.6,B,3.0,True,3.21,3.24,Pass
8932,1595191,HK161_CH4079_L01,CH4079,-13,False,,,6.6,,,6.6,C+,2.5,True,2.62,2.51,Pass
8933,1591015,HK161_CH4079_L01,CH4079,-13,False,,,7.9,,,7.9,B,3.0,True,3.41,3.39,Pass
8934,1645666,HK161_CH4079_L01,CH4079,-13,False,,,7.8,,,7.8,B,3.0,True,3.29,3.29,Pass
8935,1565667,HK161_CH4079_L01,CH4079,-13,False,,,7.0,,,7.0,B,3.0,True,3.29,3.41,Pass
8937,1621235,HK161_CH4079_L01,CH4079,-13,False,,,7.1,,,7.1,B,3.0,True,2.53,2.53,Pass
8938,1673283,HK161_CH4079_L01,CH4079,-13,False,,,6.4,,,6.4,C+,2.5,True,2.32,2.32,Pass
8940,1673407,HK161_CH4079_L01,CH4079,-13,False,,,6.3,,,6.3,C,2.0,True,1.82,1.82,Pass
8944,1594389,HK161_CH4079_L01,CH4079,-13,False,,,7.8,,,7.8,B,3.0,True,2.29,2.33,Pass
8946,1529733,HK161_CH4079_L01,CH4079,-13,False,,,6.3,,,6.3,C,2.0,True,2.5,2.68,Pass
8947,1601810,HK161_CH4079_L01,CH4079,-13,False,,,7.2,,,7.2,B,3.0,True,1.88,1.88,Pass
8950,1634578,HK161_CH4079_L01,CH4079,-13,False,,,8.6,,,8.6,A,4.0,True,3.65,3.65,Pass
8952,1433830,HK161_CH4079_L01,CH4079,-13,False,,,4.8,,,4.8,D,1.0,True,1.67,1.89,Pass
8956,1696659,HK161_CH4079_L01,CH4079,-13,False,,,8.3,,,8.3,B+,3.5,True,3.71,3.71,Pass
8959,1614491,HK161_CH4079_L01,CH4079,-13,False,,,8.4,,,8.4,B+,3.5,True,3.09,3.09,Pass
8960,1412358,HK161_CH4079_L01,CH4079,-13,False,,,7.8,,,7.8,B,3.0,True,3.06,3.38,Pass
8961,1646721,HK161_CH4079_L01,CH4079,-13,False,,,8.1,,,8.1,B+,3.5,True,3.92,3.92,Pass
8963,1622021,HK161_CH4079_L01,CH4079,-13,False,,,8.3,,,8.3,B+,3.5,True,3.26,3.26,Pass
8966,1553394,HK161_CH4079_L01,CH4079,-13,False,,,8.5,,,8.5,A,4.0,True,3.47,3.53,Pass
8967,1685033,HK161_CH4079_L01,CH4079,-13,False,,,7.3,,,7.3,B,3.0,True,3.44,3.44,Pass
8969,1468339,HK161_CH4079_L01,CH4079,-13,False,,,5.6,,,5.6,C,2.0,True,2.0,1.81,Pass
8970,1417725,HK161_CH4079_L01,CH4079,-13,False,,,6.7,,,6.7,C+,2.5,True,3.08,3.38,Pass
8974,1698500,HK161_E1013_L01,E1013,-13,False,,,8.7,,,8.7,A,4.0,True,3.82,3.82,Pass
8975,1555250,HK161_E1013_L01,E1013,-13,False,,,7.7,,,7.7,B,3.0,True,3.65,3.52,Pass
8976,1555714,HK161_E1013_L01,E1013,-13,False,,,8.5,,,8.5,A,4.0,True,3.44,3.42,Pass
8977,1606568,HK161_E1013_L01,E1013,-13,False,,,7.7,,,7.7,B,3.0,True,3.29,3.29,Pass
8978,1682923,HK161_E1013_L01,E1013,-13,False,,,8.1,,,8.1,B+,3.5,True,3.62,3.62,Pass
8979,1629944,HK161_E1013_L01,E1013,-13,False,,,7.3,,,7.3,B,3.0,True,2.62,2.62,Pass
8980,1540952,HK161_E1013_L01,E1013,-13,False,,,4.9,,,4.9,D,1.0,True,1.62,1.57,Pass
8981,1692439,HK161_E1013_L01,E1013,-13,False,,,6.9,,,6.9,C+,2.5,True,2.41,2.41,Pass
8983,1662050,HK161_E1013_L01,E1013,-13,False,,,8.7,,,8.7,A,4.0,True,3.29,3.29,Pass
8986,1611719,HK161_E1013_L01,E1013,-13,False,,,7.1,,,7.1,B,3.0,True,3.18,3.18,Pass
8988,1637474,HK161_E1013_L01,E1013,-13,False,,,8.0,,,8.0,B+,3.5,True,3.09,3.09,Pass
8990,1597004,HK161_E1013_L01,E1013,-13,False,,,5.7,,,5.7,C,2.0,True,2.29,2.32,Pass
8991,1602472,HK161_E1013_L01,E1013,-13,False,,,4.2,,,4.2,D,1.0,True,1.38,1.38,Pass
8993,1524503,HK161_E1013_L01,E1013,-13,False,,,4.4,,,4.4,D,1.0,True,1.68,1.56,Pass
8995,1476315,HK161_E1013_L01,E1013,-13,False,,,8.4,,,8.4,B+,3.5,True,3.92,3.95,Pass
9000,1538970,HK161_E1013_L01,E1013,-13,False,,,8.2,,,8.2,B+,3.5,True,2.47,2.38,Pass
9001,1429691,HK161_E1013_L01,E1013,-13,False,,,8.4,,,8.4,B+,3.5,True,2.58,2.55,Pass
9003,1679220,HK161_E1013_L01,E1013,-13,False,,,8.1,,,8.1,B+,3.5,True,3.56,3.56,Pass
9005,1425242,HK161_E1013_L01,E1013,-13,False,,,5.5,,,5.5,C,2.0,True,2.08,2.32,Pass
9006,1641963,HK161_E1013_L01,E1013,-13,False,,,7.7,,,7.7,B,3.0,True,2.47,2.47,Pass
9007,1407297,HK161_E1013_L01,E1013,-13,False,,,6.3,,,6.3,C,2.0,True,2.31,2.49,Pass
9009,1576127,HK161_E1013_L01,E1013,-13,False,,,7.8,,,7.8,B,3.0,True,3.0,3.08,Pass
9010,1556304,HK161_E1013_L01,E1013,-13,False,,,6.3,,,6.3,C,2.0,True,2.38,2.39,Pass
9011,1588400,HK161_E1013_L01,E1013,-13,False,,,8.0,,,8.0,B+,3.5,True,3.41,3.27,Pass
9014,1485519,HK161_E1013_L01,E1013,-13,False,,,5.1,,,5.1,D+,1.5,True,1.03,1.35,Pass
9015,1408372,HK161_E1013_L01,E1013,-13,False,,,8.1,,,8.1,B+,3.5,True,3.75,3.59,Pass
9016,1507000,HK161_E1013_L01,E1013,-13,False,,,10.0,,,10.0,A+,4.0,True,3.5,3.29,Pass
9020,1635095,HK161_E1013_L01,E1013,-13,False,,,6.1,,,6.1,C,2.0,True,2.35,2.35,Pass
9021,1416807,HK161_E1013_L01,E1013,-13,False,,,5.7,,,5.7,C,2.0,True,1.81,1.95,Pass
9023,1539265,HK161_CO3011_L01,CO3011,-13,False,7.0,7.4,8.7,8.0,,8.1,B+,3.5,True,3.34,3.09,Pass
9026,1541121,HK161_CO3011_L01,CO3011,-13,False,7.8,7.7,8.3,8.3,,8.1,B+,3.5,True,3.71,3.57,Pass
9027,1530492,HK161_CO3011_L01,CO3011,-13,False,8.7,8.0,8.4,9.9,,8.7,A,4.0,True,3.76,3.49,Pass
9028,1511007,HK161_CO3011_L01,CO3011,-13,False,4.2,6.0,3.8,5.3,,4.6,D,1.0,True,1.59,1.68,Pass
9029,1529269,HK161_CO3011_L01,CO3011,-13,False,6.6,4.6,5.2,6.2,,5.4,D+,1.5,True,1.82,1.77,Pass
9032,1456836,HK161_CO3011_L01,CO3011,-13,False,9.0,8.2,8.8,9.4,,8.8,A,4.0,True,4.0,3.96,Pass
9033,1400702,HK161_CO3011_L01,CO3011,-13,False,7.5,7.4,8.5,8.1,,8.1,B+,3.5,True,3.28,3.1,Pass
9034,1404688,HK161_CO3011_L01,CO3011,-13,False,6.1,6.5,6.6,6.1,,6.4,C+,2.5,True,2.58,2.54,Pass
9035,1680006,HK161_CO3011_L01,CO3011,-13,False,5.4,7.0,6.1,6.9,,6.4,C+,2.5,True,2.29,2.29,Pass
9037,1586249,HK161_CO3011_L01,CO3011,-13,False,8.4,9.4,8.8,6.2,,8.4,B+,3.5,True,3.65,3.57,Pass
9038,1681599,HK161_CO3011_L01,CO3011,-13,False,7.7,8.1,8.9,7.3,,8.3,B+,3.5,True,3.62,3.62,Pass
9044,1687019,HK161_CO3011_L01,CO3011,-13,False,5.7,7.2,7.6,5.2,,6.8,C+,2.5,True,2.71,2.71,Pass
9052,1528679,HK161_CO3011_L01,CO3011,-13,False,6.6,7.8,8.0,8.1,,7.8,B,3.0,True,3.12,3.23,Pass
9053,1670904,HK161_CO3011_L01,CO3011,-13,False,8.6,8.0,8.2,8.0,,8.2,B+,3.5,True,3.18,3.18,Pass
9057,1482145,HK161_CO3011_L01,CO3011,-13,False,8.0,8.6,9.0,7.3,,8.5,A,4.0,True,3.53,3.37,Pass
9058,1455302,HK161_CO3011_L01,CO3011,-13,False,7.4,6.9,6.7,7.8,,7.0,B,3.0,True,2.97,2.65,Pass
9059,1469108,HK161_CO3011_L01,CO3011,-13,False,8.8,9.1,8.2,7.5,,8.3,B+,3.5,True,3.44,3.37,Pass
9062,1447326,HK161_CO3011_L01,CO3011,-13,False,8.4,8.9,7.8,8.0,,8.1,B+,3.5,True,3.44,3.49,Pass
9070,1559383,HK161_CO3011_L01,CO3011,-13,False,7.4,7.1,8.2,7.1,,7.7,B,3.0,True,3.18,3.32,Pass
9071,1616477,HK161_CO3011_L01,CO3011,-13,False,6.9,5.4,5.4,6.4,,5.8,C,2.0,True,2.29,2.29,Pass
9074,1601541,HK161_CO3011_L01,CO3011,-13,False,4.7,5.0,5.8,6.2,,5.6,C,2.0,True,1.59,1.59,Pass
9077,1589033,HK161_CO3011_L01,CO3011,-13,False,8.5,8.3,7.5,8.2,,7.9,B,3.0,True,3.62,3.23,Pass
9080,1486131,HK161_CO3011_L01,CO3011,-13,False,7.5,7.5,8.0,7.7,,7.8,B,3.0,True,3.25,3.3,Pass
9082,1575832,HK161_CO3011_L01,CO3011,-13,False,6.1,8.3,8.3,7.9,,8.0,B+,3.5,True,3.47,3.5,Pass
9083,1485825,HK161_CO3011_L01,CO3011,-13,False,6.5,5.7,6.4,6.2,,6.2,C,2.0,True,2.42,2.3,Pass
9085,1544959,HK161_CO3011_L01,CO3011,-13,False,8.2,7.9,8.5,7.6,,8.2,B+,3.5,True,3.47,3.29,Pass
9090,1447173,HK161_CO3011_L01,CO3011,-13,False,6.3,5.1,6.4,6.7,,6.2,C,2.0,True,1.97,1.95,Pass
9096,1675393,HK161_CO3011_L01,CO3011,-13,False,8.3,8.5,8.9,9.6,,8.9,A,4.0,True,3.62,3.62,Pass
9098,1627172,HK161_CO3011_L01,CO3011,-13,False,8.8,7.7,7.3,8.3,,7.7,B,3.0,True,3.03,3.03,Pass
9099,1625062,HK161_CO3011_L01,CO3011,-13,False,4.9,7.0,6.1,7.8,,6.5,C+,2.5,True,2.41,2.41,Pass
9101,1634040,HK161_CO3011_L01,CO3011,-13,False,6.7,6.1,6.6,7.5,,6.7,C+,2.5,True,2.5,2.5,Pass
9105,1457911,HK161_CO3011_L01,CO3011,-13,False,9.4,9.7,9.5,9.5,,9.5,A+,4.0,True,3.83,3.9,Pass
9113,1424783,HK161_CO3013_L01,CO3013,-13,False,,6.9,8.6,,8.0,8.1,B+,3.5,True,3.47,3.44,Pass
9115,1689253,HK161_CO3013_L01,CO3013,-13,False,,7.9,7.6,,7.3,7.6,B,3.0,True,3.44,3.44,Pass
9116,1409137,HK161_CO3013_L01,CO3013,-13,False,,7.8,8.1,,8.6,8.1,B+,3.5,True,3.28,3.31,Pass
9118,1640122,HK161_CO3013_L01,CO3013,-13,False,,9.3,7.2,,8.3,7.8,B,3.0,True,3.32,3.32,Pass
9122,1465118,HK161_CO3013_L01,CO3013,-13,False,,8.8,8.2,,9.1,8.5,A,4.0,True,3.33,3.41,Pass
9123,1591943,HK161_CO3013_L01,CO3013,-13,False,,7.4,7.0,,8.2,7.3,B,3.0,True,3.41,3.34,Pass
9124,1638529,HK161_CO3013_L01,CO3013,-13,False,,9.2,8.5,,9.1,8.8,A,4.0,True,4.0,4.0,Pass
9125,1442881,HK161_CO3013_L01,CO3013,-13,False,,5.8,6.2,,7.1,6.3,C,2.0,True,2.31,2.43,Pass
9129,1527751,HK161_CO3013_L01,CO3013,-13,False,,7.9,7.3,,6.8,7.3,B,3.0,True,3.09,3.05,Pass
9131,1440272,HK161_CO3013_L01,CO3013,-13,False,,8.3,8.5,,7.0,8.2,B+,3.5,True,3.56,3.48,Pass
9132,1571361,HK161_CO3013_L01,CO3013,-13,False,,6.7,7.7,,7.0,7.4,B,3.0,True,3.0,2.8,Pass
9134,1421099,HK161_CO3013_L01,CO3013,-13,False,,7.5,7.6,,8.7,7.8,B,3.0,True,3.11,3.37,Pass
9136,1583044,HK161_CO3013_L01,CO3013,-13,False,,7.8,7.8,,6.2,7.5,B,3.0,True,3.09,3.08,Pass
9137,1699969,HK161_CO3013_L01,CO3013,-13,False,,8.0,7.1,,7.5,7.4,B,3.0,True,3.12,3.12,Pass
9138,1450547,HK161_CO3013_L01,CO3013,-13,False,,7.3,7.2,,7.1,7.2,B,3.0,True,3.0,3.24,Pass
9139,1635633,HK161_CO3013_L01,CO3013,-13,False,,6.6,6.4,,7.4,6.6,C+,2.5,True,3.38,3.38,Pass
9140,1616084,HK161_CO3013_L01,CO3013,-13,False,,8.4,8.3,,7.4,8.1,B+,3.5,True,3.21,3.21,Pass
9143,1442265,HK161_CO3013_L01,CO3013,-13,False,,7.5,8.2,,7.6,7.9,B,3.0,True,3.22,3.26,Pass
9144,1542934,HK161_CO3013_L01,CO3013,-13,False,,8.8,7.4,,8.0,7.8,B,3.0,True,3.29,3.33,Pass
9145,1617263,HK161_CO3013_L01,CO3013,-13,False,,4.6,5.2,,4.6,5.0,D+,1.5,True,1.29,1.29,Pass
9149,1481529,HK161_CO3013_L01,CO3013,-13,False,,6.5,6.1,,6.5,6.3,C,2.0,True,2.53,2.71,Pass
9150,1631661,HK161_CO3013_L01,CO3013,-13,False,,6.1,6.1,,7.2,6.3,C,2.0,True,2.74,2.74,Pass
9151,1456377,HK161_CO3013_L01,CO3013,-13,False,,8.3,8.3,,9.2,8.5,A,4.0,True,3.58,3.43,Pass
9154,1687143,HK161_CO3013_L01,CO3013,-13,False,,10.0,9.7,,6.9,9.2,A,4.0,True,3.41,3.41,Pass
9157,1645397,HK161_CO3013_L01,CO3013,-13,False,,6.5,5.8,,5.3,5.8,C,2.0,True,2.32,2.32,Pass
9160,1648707,HK161_CO3013_L01,CO3013,-13,False,,8.5,7.0,,7.0,7.3,B,3.0,True,3.12,3.12,Pass
9161,1501306,HK161_CO3013_L01,CO3013,-13,False,,9.0,9.1,,10.0,9.3,A,4.0,True,3.88,3.89,Pass
9163,1652534,HK161_CO3013_L01,CO3013,-13,False,,6.9,5.3,,7.4,6.0,C,2.0,True,2.18,2.18,Pass
9164,1433371,HK161_CO3013_L01,CO3013,-13,False,,9.2,7.7,,8.3,8.1,B+,3.5,True,3.39,3.08,Pass
9168,1694280,HK161_CO3013_L01,CO3013,-13,False,,6.0,6.2,,7.0,6.3,C,2.0,True,2.18,2.18,Pass
9170,1553099,HK161_CO3015_L01,CO3015,-13,False,,8.6,6.4,9.3,,7.7,B,3.0,True,3.08,3.28,Pass
9172,1453462,HK161_CO3015_L01,CO3015,-13,False,,6.2,6.2,5.4,,6.0,C,2.0,True,1.56,1.68,Pass
9177,1586418,HK161_CO3015_L01,CO3015,-13,False,,8.5,9.1,8.0,,8.6,A,4.0,True,3.71,3.72,Pass
9178,1584731,HK161_CO3015_L01,CO3015,-13,False,,5.4,5.5,7.1,,6.0,C,2.0,True,2.0,1.89,Pass
9181,1441347,HK161_CO3015_L01,CO3015,-13,False,,7.3,6.9,6.9,,7.0,B,3.0,True,3.06,3.1,Pass
9182,1556937,HK161_CO3015_L01,CO3015,-13,False,,8.3,7.6,7.4,,7.7,B,3.0,True,3.47,3.6,Pass
9183,1433524,HK161_CO3015_L01,CO3015,-13,False,,6.0,8.1,6.8,,7.3,B,3.0,True,2.5,2.55,Pass
9184,1459904,HK161_CO3015_L01,CO3015,-13,False,,8.8,8.1,7.1,,7.9,B,3.0,True,3.25,3.09,Pass
9186,1409443,HK161_CO3015_L01,CO3015,-13,False,,9.3,10.0,10.0,,9.9,A+,4.0,True,3.89,3.98,Pass
9193,1405304,HK161_CO3015_L01,CO3015,-13,False,,7.3,6.5,6.9,,6.8,C+,2.5,True,2.19,2.45,Pass
9194,1584562,HK161_CO3015_L01,CO3015,-13,False,,6.5,6.5,6.9,,6.6,C+,2.5,True,2.59,2.63,Pass
9195,1584267,HK161_CO3015_L01,CO3015,-13,False,,6.6,7.1,6.8,,6.9,C+,2.5,True,2.62,2.4,Pass
9196,1598396,HK161_CO3015_L01,CO3015,-13,False,,9.2,8.4,6.5,,8.0,B+,3.5,True,3.15,3.12,Pass
9197,1521762,HK161_CO3015_L01,CO3015,-13,False,,8.7,7.3,7.1,,7.5,B,3.0,True,3.0,3.25,Pass
9198,1502698,HK161_CO3015_L01,CO3015,-13,False,,7.5,7.6,7.7,,7.6,B,3.0,True,3.47,3.34,Pass
9208,1495794,HK161_CO3015_L01,CO3015,-13,False,,8.3,7.7,8.6,,8.1,B+,3.5,True,3.25,3.39,Pass
9210,1575663,HK161_CO3015_L01,CO3015,-13,False,,8.0,9.4,7.9,,8.7,A,4.0,True,3.85,3.84,Pass
9211,1453309,HK161_CO3015_L01,CO3015,-13,False,,8.0,8.4,7.8,,8.1,B+,3.5,True,3.28,3.32,Pass
9213,1427082,HK161_CO3015_L01,CO3015,-13,False,,5.0,6.0,5.1,,5.5,C,2.0,True,1.83,1.61,Pass
9214,1451775,HK161_CO3015_L01,CO3015,-13,False,,7.8,7.9,7.8,,7.8,B,3.0,True,3.08,3.19,Pass
9215,1475856,HK161_CO3015_L01,CO3015,-13,False,,6.4,7.0,6.5,,6.7,C+,2.5,True,2.47,2.39,Pass
9217,1570433,HK161_CO3015_L01,CO3015,-13,False,,7.1,7.3,5.8,,6.8,C+,2.5,True,2.82,2.62,Pass
9219,1594558,HK161_CO3015_L01,CO3015,-13,False,,8.0,8.1,7.8,,8.0,B+,3.5,True,3.5,3.49,Pass
9221,1547405,HK161_CO3015_L01,CO3015,-13,False,,6.9,8.1,8.9,,8.1,B+,3.5,True,3.29,3.35,Pass
9224,1545085,HK161_CO3015_L01,CO3015,-13,False,,8.3,7.9,7.5,,7.9,B,3.0,True,3.82,3.71,Pass
9226,1691239,HK161_CO3017_L01,CO3017,-13,False,,6.1,6.7,5.4,,6.2,C,2.0,True,2.0,2.0,Pass
9227,1602865,HK161_CO3017_L01,CO3017,-13,False,,4.8,5.9,5.1,,5.4,D+,1.5,True,2.06,2.06,Pass
9229,1425701,HK161_CO3017_L01,CO3017,-13,False,,5.2,4.7,5.3,,5.0,D+,1.5,True,1.36,1.71,Pass
9231,1402236,HK161_CO3017_L01,CO3017,-13,False,,5.3,5.0,4.8,,5.0,D+,1.5,True,1.5,1.8,Pass
9232,1587641,HK161_CO3017_L01,CO3017,-13,False,,8.0,8.3,8.3,,8.2,B+,3.5,True,3.09,3.25,Pass
9235,1511935,HK161_CO3017_L01,CO3017,-13,False,,6.1,5.3,5.8,,5.6,C,2.0,True,2.24,2.26,Pass
9236,1604458,HK161_CO3017_L01,CO3017,-13,False,,7.4,6.2,6.1,,6.4,C+,2.5,True,2.18,2.18,Pass
9237,1464812,HK161_CO3017_L01,CO3017,-13,False,,7.1,6.9,7.4,,7.1,B,3.0,True,2.69,2.48,Pass
9238,1447789,HK161_CO3017_L01,CO3017,-13,False,,6.7,6.9,6.4,,6.7,C+,2.5,True,2.47,2.44,Pass
9240,1558624,HK161_CO3017_L01,CO3017,-13,False,,9.9,9.3,9.3,,9.4,A,4.0,True,4.0,3.97,Pass
9242,1691777,HK161_CO3017_L01,CO3017,-13,False,,8.4,9.9,10.0,,9.6,A+,4.0,True,4.0,4.0,Pass
9243,1485978,HK161_CO3017_L01,CO3017,-13,False,,7.0,6.7,6.5,,6.7,C+,2.5,True,3.14,3.27,Pass
9247,1625331,HK161_CO3017_L01,CO3017,-13,False,,5.4,5.0,6.2,,5.4,D+,1.5,True,1.38,1.38,Pass
9248,1661781,HK161_CO3017_L01,CO3017,-13,False,,5.2,5.9,6.1,,5.8,C,2.0,True,1.68,1.68,Pass
9249,1684102,HK161_CO3017_L01,CO3017,-13,False,,7.5,6.8,7.3,,7.1,B,3.0,True,3.35,3.35,Pass
9252,1493801,HK161_CO3017_L01,CO3017,-13,False,,8.9,7.1,7.2,,7.5,B,3.0,True,3.28,3.31,Pass
9253,1540657,HK161_CO3017_L01,CO3017,-13,False,,7.1,5.4,6.6,,6.1,C,2.0,True,2.37,2.3,Pass
9254,1664822,HK161_CO3017_L01,CO3017,-13,False,,7.7,8.2,8.7,,8.2,B+,3.5,True,3.09,3.09,Pass
9257,1416960,HK161_CO3017_L01,CO3017,-13,False,,8.6,8.8,8.7,,8.7,A,4.0,True,3.69,3.32,Pass
9258,1699038,HK161_CO3017_L01,CO3017,-13,False,,6.4,6.7,5.7,,6.3,C,2.0,True,2.32,2.32,Pass
9259,1412052,HK161_CO3017_L01,CO3017,-13,False,,8.7,6.9,6.6,,7.2,B,3.0,True,2.44,2.66,Pass
9260,1419875,HK161_CO3017_L01,CO3017,-13,False,,6.8,7.0,5.8,,6.6,C+,2.5,True,2.22,2.44,Pass
9267,1620573,HK161_CO3017_L01,CO3017,-13,False,,8.1,7.6,7.8,,7.8,B,3.0,True,3.44,3.44,Pass
9270,1574735,HK161_CO3017_L01,CO3017,-13,False,,6.6,6.5,6.5,,6.5,C+,2.5,True,2.82,2.67,Pass
9272,1564149,HK161_CO3017_L01,CO3017,-13,False,,6.0,6.3,8.0,,6.8,C+,2.5,True,2.59,2.44,Pass
9274,1568915,HK161_CO3017_L01,CO3017,-13,False,,9.0,8.5,7.8,,8.4,B+,3.5,True,3.59,3.66,Pass
9276,1497940,HK161_CO3017_L01,CO3017,-13,False,,8.5,6.3,8.2,,7.3,B,3.0,True,3.28,3.32,Pass
9277,1400396,HK161_CO3017_L01,CO3017,-13,False,,7.3,6.3,6.8,,6.7,C+,2.5,True,2.31,2.36,Pass
9278,1487512,HK161_CO3017_L01,CO3017,-13,False,,8.7,8.9,8.5,,8.7,A,4.0,True,3.78,3.62,Pass
9279,1549261,HK161_CO3017_L01,CO3017,-13,False,,7.3,7.9,8.5,,8.0,B+,3.5,True,3.62,3.34,Pass
9281,1696928,HK161_CO3017_L01,CO3017,-13,False,,7.7,7.2,7.8,,7.5,B,3.0,True,3.0,3.0,Pass
9282,1647114,HK161_CO3017_L01,CO3017,-13,False,,6.9,8.6,7.9,,8.1,B+,3.5,True,3.29,3.29,Pass
9286,1487665,HK161_CO3017_L01,CO3017,-13,False,,7.0,5.6,8.3,,6.7,C+,2.5,True,2.64,2.5,Pass
9287,1403617,HK161_CO3021_L01,CO3021,-13,False,,7.4,7.8,9.4,,8.2,B+,3.5,True,3.08,3.05,Pass
9288,1483063,HK161_CO3021_L01,CO3021,-13,False,,7.7,7.1,7.4,,7.3,B,3.0,True,3.39,3.13,Pass
9292,1662174,HK161_CO3021_L01,CO3021,-13,False,,8.1,7.4,7.8,,7.7,B,3.0,True,2.56,2.56,Pass
9293,1454384,HK161_CO3021_L01,CO3021,-13,False,,6.4,6.6,6.4,,6.5,C+,2.5,True,2.31,2.17,Pass
9294,1695066,HK161_CO3021_L01,CO3021,-13,False,,7.5,5.9,7.8,,6.8,C+,2.5,True,2.53,2.53,Pass
9295,1629282,HK161_CO3021_L01,CO3021,-13,False,,8.2,8.0,8.3,,8.1,B+,3.5,True,3.5,3.5,Pass
9296,1436286,HK161_CO3021_L01,CO3021,-13,False,,6.7,7.3,7.4,,7.2,B,3.0,True,2.81,3.09,Pass
9297,1649493,HK161_CO3021_L01,CO3021,-13,False,,7.3,7.8,9.2,,8.1,B+,3.5,True,3.59,3.59,Pass
9298,1650155,HK161_CO3021_L01,CO3021,-13,False,,9.7,8.4,8.0,,8.5,A,4.0,True,3.26,3.26,Pass
9300,1688860,HK161_CO3021_L01,CO3021,-13,False,,5.6,7.4,6.4,,6.7,C+,2.5,True,2.15,2.15,Pass
9302,1671959,HK161_CO3021_L01,CO3021,-13,False,,6.7,4.4,6.1,,5.4,D+,1.5,True,1.62,1.62,Pass
9305,1684371,HK161_CO3021_L01,CO3021,-13,False,,5.4,5.0,6.0,,5.4,D+,1.5,True,1.88,1.88,Pass
9307,1563390,HK161_CO3021_L01,CO3021,-13,False,,8.7,8.3,7.8,,8.2,B+,3.5,True,3.5,3.43,Pass
9308,1609216,HK161_CO3021_L01,CO3021,-13,False,,6.9,9.0,6.7,,7.9,B,3.0,True,3.12,3.12,Pass
9310,1605637,HK161_CO3021_L01,CO3021,-13,False,,5.5,7.2,7.4,,6.9,C+,2.5,True,2.18,2.18,Pass
9311,1593504,HK161_CO3021_L01,CO3021,-13,False,,8.0,7.0,6.6,,7.1,B,3.0,True,3.09,3.06,Pass
9312,1557063,HK161_CO3021_L01,CO3021,-13,False,,8.6,8.9,9.1,,8.9,A,4.0,True,3.42,3.35,Pass
9314,1488124,HK161_CO3021_L01,CO3021,-13,False,,7.7,7.8,9.2,,8.2,B+,3.5,True,3.42,3.44,Pass
9315,1636150,HK161_CO3021_L01,CO3021,-13,False,,7.7,6.7,7.2,,7.1,B,3.0,True,3.21,3.21,Pass
9319,1421868,HK161_CO3021_L01,CO3021,-13,False,,8.3,7.6,9.0,,8.2,B+,3.5,True,3.47,3.32,Pass
9321,1564444,HK161_CO3021_L01,CO3021,-13,False,,7.4,5.8,8.2,,6.8,C+,2.5,True,2.41,2.36,Pass
9322,1535258,HK161_CO3021_L01,CO3021,-13,False,,8.4,7.9,7.6,,7.9,B,3.0,True,3.29,3.18,Pass
9323,1464659,HK161_CO3021_L01,CO3021,-13,False,,7.4,7.8,9.4,,8.2,B+,3.5,True,3.03,3.19,Pass
9326,1443646,HK161_CO3021_L01,CO3021,-13,False,,7.0,5.5,6.8,,6.2,C,2.0,True,2.31,2.38,Pass
9327,1494566,HK161_CO3021_L01,CO3021,-13,False,,7.0,6.0,6.9,,6.5,C+,2.5,True,2.64,2.42,Pass
9330,1639067,HK161_CO3021_L01,CO3021,-13,False,,7.7,7.4,7.9,,7.6,B,3.0,True,3.29,3.29,Pass
9338,1474322,HK161_CO3021_L01,CO3021,-13,False,,8.7,7.1,8.4,,7.8,B,3.0,True,3.14,3.16,Pass
9342,1413586,HK161_CO3021_L01,CO3021,-13,False,,6.7,7.8,6.6,,7.2,B,3.0,True,2.64,2.55,Pass
9344,1468492,HK161_CO3021_L01,CO3021,-13,False,,6.5,5.8,6.5,,6.2,C,2.0,True,2.0,1.82,Pass
9346,1428463,HK161_CO3021_L01,CO3021,-13,False,,6.0,6.7,6.3,,6.4,C+,2.5,True,2.22,2.33,Pass
9348,1634309,HK161_CO3021_L01,CO3021,-13,False,,10.0,8.2,8.2,,8.6,A,4.0,True,4.0,4.0,Pass
9350,1548797,HK161_CO3021_L01,CO3021,-13,False,,8.7,8.1,7.1,,7.9,B,3.0,True,3.29,3.12,Pass
9354,1511597,HK161_CO3021_L01,CO3021,-13,False,,7.1,7.1,6.6,,6.9,C+,2.5,True,2.47,2.54,Pass
9355,1673138,HK161_CO3021_L01,CO3021,-13,False,,7.1,7.9,9.0,,8.1,B+,3.5,True,3.62,3.62,Pass
9356,1508223,HK161_CO3023_L01,CO3023,-13,False,,7.3,6.4,,7.2,6.7,C+,2.5,True,2.29,2.34,Pass
9360,1532517,HK161_CO3023_L01,CO3023,-13,False,,7.8,8.0,,7.3,7.8,B,3.0,True,3.09,3.28,Pass
9362,1568746,HK161_CO3023_L01,CO3023,-13,False,,9.0,7.8,,8.6,8.2,B+,3.5,True,3.5,3.46,Pass
9363,1503331,HK161_CO3023_L01,CO3023,-13,False,,6.0,7.7,,6.3,7.1,B,3.0,True,3.0,3.12,Pass
9365,1491345,HK161_CO3023_L01,CO3023,-13,False,,8.5,8.0,,7.4,8.0,B+,3.5,True,3.06,3.24,Pass
9369,1528215,HK161_CO3023_L01,CO3023,-13,False,,6.3,8.3,,8.5,7.9,B,3.0,True,2.82,2.75,Pass
9372,1552635,HK161_CO3023_L01,CO3023,-13,False,,7.4,6.3,,6.2,6.5,C+,2.5,True,2.62,2.3,Pass
9373,1460057,HK161_CO3023_L01,CO3023,-13,False,,9.2,7.7,,8.0,8.1,B+,3.5,True,3.28,3.29,Pass
9377,1473094,HK161_CO3023_L01,CO3023,-13,False,,8.7,8.3,,8.0,8.3,B+,3.5,True,3.61,3.3,Pass
9378,1581188,HK161_CO3023_L01,CO3023,-13,False,,8.0,8.7,,7.7,8.4,B+,3.5,True,3.35,3.28,Pass
9379,1401930,HK161_CO3023_L01,CO3023,-13,False,,7.8,8.6,,9.1,8.5,A,4.0,True,3.72,3.57,Pass
9380,1514212,HK161_CO3023_L01,CO3023,-13,False,,8.5,8.5,,8.4,8.5,A,4.0,True,3.68,3.28,Pass
9383,1484138,HK161_CO3023_L01,CO3023,-13,False,,6.5,5.7,,7.4,6.2,C,2.0,True,2.53,2.49,Pass
9384,1603796,HK161_CO3023_L01,CO3023,-13,False,,8.9,8.6,,8.3,8.6,A,4.0,True,3.29,3.29,Pass
9385,1617801,HK161_CO3023_L01,CO3023,-13,False,,5.5,6.0,,5.7,5.8,C,2.0,True,2.15,2.15,Pass
9390,1491039,HK161_CO3023_L01,CO3023,-13,False,,9.2,9.0,,9.1,9.1,A,4.0,True,4.0,3.93,Pass
9391,1662319,HK161_CO3023_L01,CO3023,-13,False,,8.0,9.4,,8.0,8.8,A,4.0,True,3.29,3.29,Pass
9392,1505018,HK161_CO3023_L01,CO3023,-13,False,,7.7,7.6,,7.4,7.6,B,3.0,True,3.21,3.13,Pass
9393,1536186,HK161_CO3023_L01,CO3023,-13,False,,5.8,6.8,,5.2,6.3,C,2.0,True,2.05,1.98,Pass
9401,1617656,HK161_CO3023_L01,CO3023,-13,False,,7.1,7.3,,8.1,7.4,B,3.0,True,3.15,3.15,Pass
9404,1441500,HK161_CO3023_L01,CO3023,-13,False,,5.1,4.8,,5.8,5.1,D+,1.5,True,1.83,1.71,Pass
9405,1525895,HK161_CO3023_L01,CO3023,-13,False,,7.0,6.5,,7.2,6.7,C+,2.5,True,3.15,3.28,Pass
9406,1604851,HK161_CO3023_L01,CO3023,-13,False,,8.4,7.8,,8.7,8.1,B+,3.5,True,3.26,3.26,Pass
9407,1599619,HK161_CO3023_L01,CO3023,-13,False,,7.5,4.9,,5.8,5.6,C,2.0,True,1.61,1.82,Pass
9409,1531884,HK161_CO3023_L01,CO3023,-13,False,,7.5,8.0,,6.3,7.6,B,3.0,True,2.76,2.74,Pass
9410,1424014,HK161_CO3023_L01,CO3023,-13,False,,6.5,7.3,,7.5,7.2,B,3.0,True,3.03,3.03,Pass
9413,1470948,HK161_CO3023_L01,CO3023,-13,False,,4.4,6.4,,4.9,5.7,C,2.0,True,1.75,1.74,Pass
9414,1426470,HK161_CO3023_L01,CO3023,-13,False,,8.1,7.6,,8.2,7.8,B,3.0,True,3.36,3.24,Pass
9415,1435364,HK161_CO3023_L01,CO3023,-13,False,,8.4,7.6,,8.1,7.9,B,3.0,True,3.22,3.18,Pass
9418,1407756,HK161_CO3023_L01,CO3023,-13,False,,7.8,7.3,,8.2,7.6,B,3.0,True,3.08,3.32,Pass
9421,1604313,HK161_CO3023_L01,CO3023,-13,False,,9.1,9.4,,8.7,9.2,A,4.0,True,3.53,3.53,Pass
9422,1450394,HK161_CO3023_L01,CO3023,-13,False,,7.7,6.3,,4.9,6.3,C,2.0,True,2.0,2.05,Pass
9424,1669580,HK161_CO3023_L01,CO3023,-13,False,,7.2,6.0,,7.5,6.5,C+,2.5,True,2.94,2.94,Pass
9425,1414198,HK161_CO3023_L01,CO3023,-13,False,,6.8,6.1,,6.5,6.3,C,2.0,True,2.5,2.4,Pass
9426,1549556,HK161_CO3023_L01,CO3023,-13,False,,9.4,7.9,,8.0,8.2,B+,3.5,True,3.32,3.24,Pass
9428,1564613,HK161_CO3023_L01,CO3023,-13,False,,7.5,8.1,,7.5,7.9,B,3.0,True,3.32,3.2,Pass
9429,1604189,HK161_CO3023_L01,CO3023,-13,False,,7.8,7.5,,8.8,7.8,B,3.0,True,3.44,3.44,Pass
9433,1543272,HK161_CO3027_L01,CO3027,-13,False,,7.3,8.0,8.6,,8.0,B+,3.5,True,3.39,3.52,Pass
9435,1652927,HK161_CO3027_L01,CO3027,-13,False,,7.5,6.4,7.1,,6.8,C+,2.5,True,2.5,2.5,Pass
9438,1459751,HK161_CO3027_L01,CO3027,-13,False,,5.7,7.3,6.0,,6.6,C+,2.5,True,2.5,2.45,Pass
9439,1479995,HK161_CO3027_L01,CO3027,-13,False,,7.1,5.7,7.3,,6.5,C+,2.5,True,2.53,2.3,Pass
9442,1595317,HK161_CO3027_L01,CO3027,-13,False,,10.0,8.2,8.8,,8.7,A,4.0,True,3.85,3.9,Pass
9443,1532981,HK161_CO3027_L01,CO3027,-13,False,,7.0,5.7,6.2,,6.1,C,2.0,True,2.32,2.23,Pass
9447,1488277,HK161_CO3027_L01,CO3027,-13,False,,7.6,7.8,7.3,,7.6,B,3.0,True,3.28,3.43,Pass
9449,1498862,HK161_CO3027_L01,CO3027,-13,False,,6.0,5.9,6.2,,6.0,C,2.0,True,1.81,1.89,Pass
9450,1453156,HK161_CO3027_L01,CO3027,-13,False,,8.1,6.8,7.6,,7.3,B,3.0,True,3.11,3.33,Pass
9451,1505777,HK161_CO3027_L01,CO3027,-13,False,,5.8,6.2,6.3,,6.2,C,2.0,True,2.32,2.41,Pass
9455,1445027,HK161_CO3027_L01,CO3027,-13,False,,5.1,5.2,5.7,,5.3,D+,1.5,True,1.64,1.62,Pass
9457,1539560,HK161_CO3027_L01,CO3027,-13,False,,7.6,6.0,6.6,,6.5,C+,2.5,True,2.5,2.5,Pass
9459,1699162,HK161_CO3027_L01,CO3027,-13,False,,9.1,9.6,10.0,,9.6,A+,4.0,True,4.0,4.0,Pass
9460,1602596,HK161_CO3027_L01,CO3027,-13,False,,6.9,8.4,8.3,,8.1,B+,3.5,True,3.06,3.06,Pass
9463,1404535,HK161_CO3027_L01,CO3027,-13,False,,4.3,5.1,5.0,,4.9,D,1.0,True,1.47,1.61,Pass
9465,1671028,HK161_CO3027_L01,CO3027,-13,False,,6.9,5.8,6.0,,6.1,C,2.0,True,2.35,2.35,Pass
9467,1565836,HK161_CO3027_L01,CO3027,-13,False,,6.4,6.2,6.4,,6.3,C,2.0,True,1.92,1.74,Pass
9468,1482298,HK161_CO3027_L01,CO3027,-13,False,,5.8,7.9,8.3,,7.6,B,3.0,True,3.19,3.27,Pass
9469,1626386,HK161_CO3027_L01,CO3027,-13,False,,6.0,5.7,4.6,,5.4,D+,1.5,True,1.61,1.61,Pass
9470,1694011,HK161_CO3027_L01,CO3027,-13,False,,8.2,7.9,7.2,,7.8,B,3.0,True,3.09,3.09,Pass
9471,1582116,HK161_CO3027_L01,CO3027,-13,False,,8.4,7.9,8.3,,8.1,B+,3.5,True,3.41,3.31,Pass
9473,1648831,HK161_CO3027_L01,CO3027,-13,False,,7.2,2.2,4.8,,4.0,D,1.0,True,1.47,1.47,Pass
9475,1495335,HK161_CO3027_L01,CO3027,-13,False,,7.7,6.8,9.3,,7.7,B,3.0,True,2.89,3.07,Pass
9478,1581652,HK161_CO3027_L01,CO3027,-13,False,,8.6,7.5,8.2,,7.9,B,3.0,True,3.18,3.11,Pass
9479,1504090,HK161_CO3027_L01,CO3027,-13,False,,7.3,8.5,7.2,,7.9,B,3.0,True,3.12,3.05,Pass
9480,1655968,HK161_CO3027_L01,CO3027,-13,False,,8.7,9.1,9.8,,9.2,A,4.0,True,4.0,4.0,Pass
9481,1687288,HK161_CO3027_L01,CO3027,-13,False,,7.9,8.4,8.7,,8.4,B+,3.5,True,3.71,3.71,Pass
9488,1651748,HK161_CO3027_L01,CO3027,-13,False,,8.7,8.9,9.3,,9.0,A,4.0,True,3.71,3.71,Pass
9494,1520075,HK161_CO3027_L01,CO3027,-13,False,,6.3,7.3,6.6,,6.9,C+,2.5,True,2.18,2.35,Pass
9496,1690577,HK161_CO3027_L01,CO3027,-13,False,,9.3,8.6,8.4,,8.7,A,4.0,True,3.92,3.92,Pass
9497,1474781,HK161_CO3029_L01,CO3029,-13,False,,8.0,7.2,8.1,,7.6,B,3.0,True,3.36,3.3,Pass
9498,1583972,HK161_CO3029_L01,CO3029,-13,False,,6.0,6.7,5.7,,6.3,C,2.0,True,2.09,2.13,Pass
9499,1446714,HK161_CO3029_L01,CO3029,-13,False,,7.3,7.9,9.8,,8.4,B+,3.5,True,3.33,3.41,Pass
9502,1534963,HK161_CO3029_L01,CO3029,-13,False,,7.3,5.0,5.6,,5.6,C,2.0,True,2.26,2.43,Pass
9503,1541416,HK161_CO3029_L01,CO3029,-13,False,,8.3,8.0,6.9,,7.7,B,3.0,True,3.29,3.22,Pass
9504,1687805,HK161_CO3029_L01,CO3029,-13,False,,7.1,7.2,8.0,,7.4,B,3.0,True,3.44,3.44,Pass
9507,1594263,HK161_CO3029_L01,CO3029,-13,False,,8.7,8.9,6.9,,8.3,B+,3.5,True,3.09,3.16,Pass
9510,1479383,HK161_CO3029_L01,CO3029,-13,False,,7.5,8.6,8.3,,8.3,B+,3.5,True,3.28,3.22,Pass
9511,1680937,HK161_CO3029_L01,CO3029,-13,False,,8.6,7.5,7.6,,7.8,B,3.0,True,3.29,3.29,Pass
9512,1665091,HK161_CO3029_L01,CO3029,-13,False,,7.9,8.4,7.8,,8.1,B+,3.5,True,3.26,3.26,Pass
9516,1684909,HK161_CO3029_L01,CO3029,-13,False,,9.6,9.9,8.1,,9.3,A,4.0,True,4.0,4.0,Pass
9519,1583339,HK161_CO3029_L01,CO3029,-13,False,,6.9,6.5,6.1,,6.5,C+,2.5,True,2.35,2.43,Pass
9520,1472788,HK161_CO3029_L01,CO3029,-13,False,,7.6,8.5,7.9,,8.1,B+,3.5,True,3.14,3.18,Pass
9522,1626903,HK161_CO3029_L01,CO3029,-13,False,,10.0,7.9,8.2,,8.4,B+,3.5,True,3.59,3.59,Pass
9523,1643825,HK161_CO3029_L01,CO3029,-13,False,,7.3,7.1,6.9,,7.1,B,3.0,True,2.82,2.82,Pass
9526,1633378,HK161_CO3029_L01,CO3029,-13,False,,7.3,8.6,7.7,,8.1,B+,3.5,True,3.53,3.53,Pass
9527,1652803,HK161_CO3029_L01,CO3029,-13,False,,9.0,6.0,8.0,,7.2,B,3.0,True,2.68,2.68,Pass
9528,1479230,HK161_CO3029_L01,CO3029,-13,False,,7.1,7.3,7.9,,7.4,B,3.0,True,2.39,2.52,Pass
9529,1531420,HK161_CO3029_L01,CO3029,-13,False,,3.4,7.5,8.9,,7.1,B,3.0,True,3.15,3.24,Pass
9530,1624131,HK161_CO3029_L01,CO3029,-13,False,,5.3,6.1,5.4,,5.7,C,2.0,True,1.91,1.91,Pass
9531,1699307,HK161_CO3029_L01,CO3029,-13,False,,6.5,6.3,6.0,,6.2,C,2.0,True,2.32,2.32,Pass
9532,1418188,HK161_CO3029_L01,CO3029,-13,False,,6.8,8.3,8.4,,8.0,B+,3.5,True,3.06,3.18,Pass
9533,1516363,HK161_CO3029_L01,CO3029,-13,False,,7.2,7.4,7.3,,7.3,B,3.0,True,3.74,3.69,Pass
9537,1402389,HK161_CO3029_L01,CO3029,-13,False,,7.5,8.0,8.4,,8.0,B+,3.5,True,2.58,2.64,Pass
9538,1511471,HK161_CO3029_L01,CO3029,-13,False,,6.7,6.6,7.7,,7.0,B,3.0,True,3.0,3.13,Pass
9539,1661388,HK161_CO3029_L01,CO3029,-13,False,,4.9,6.4,4.5,,5.5,C,2.0,True,1.68,1.68,Pass
9542,1661657,HK161_CO3029_L01,CO3029,-13,False,,8.1,7.5,7.2,,7.5,B,3.0,True,3.21,3.21,Pass
9543,1534668,HK161_CO3029_L01,CO3029,-13,False,,7.8,7.0,6.2,,6.9,C+,2.5,True,2.53,2.38,Pass
9544,1448248,HK161_CO3029_L01,CO3029,-13,False,,7.5,7.0,7.8,,7.3,B,3.0,True,3.22,3.28,Pass
9546,1457605,HK161_CO3029_L01,CO3029,-13,False,,8.0,7.5,6.0,,7.2,B,3.0,True,3.06,3.06,Pass
9550,1566764,HK161_CO3029_L01,CO3029,-13,False,,5.0,5.0,6.9,,5.6,C,2.0,True,2.11,1.91,Pass
9551,1644487,HK161_CO3029_L01,CO3029,-13,False,,5.9,5.5,5.9,,5.7,C,2.0,True,1.79,1.79,Pass
9552,1523575,HK161_CO3029_L01,CO3029,-13,False,,7.7,7.1,7.4,,7.3,B,3.0,True,2.71,2.53,Pass
9555,1692956,HK161_CO3029_L01,CO3029,-13,False,,4.8,5.4,6.3,,5.5,C,2.0,True,2.03,2.03,Pass
9557,1502867,HK161_CO3029_L01,CO3029,-13,False,,6.4,6.7,6.2,,6.5,C+,2.5,True,2.41,2.47,Pass
9560,1527582,HK161_CO3029_L01,CO3029,-13,False,,6.6,6.4,6.3,,6.4,C+,2.5,True,2.53,2.59,Pass
9563,1523449,HK161_CO3031_L01,CO3031,-13,False,,7.4,6.3,6.8,,6.7,C+,2.5,True,2.68,2.62,Pass
9565,1576296,HK161_CO3031_L01,CO3031,-13,False,,9.0,9.4,8.9,,9.2,A,4.0,True,3.88,3.91,Pass
9566,1535891,HK161_CO3031_L01,CO3031,-13,False,,8.0,7.8,8.5,,8.1,B+,3.5,True,3.26,3.24,Pass
9568,1573807,HK161_CO3031_L01,CO3031,-13,False,,5.1,6.3,7.6,,6.4,C+,2.5,True,2.29,2.51,Pass
9570,1502993,HK161_CO3031_L01,CO3031,-13,False,,6.2,6.0,4.5,,5.6,C,2.0,True,2.53,2.7,Pass
9572,1566300,HK161_CO3031_L01,CO3031,-13,False,,8.9,7.4,7.0,,7.6,B,3.0,True,3.38,3.39,Pass
9573,1408678,HK161_CO3031_L01,CO3031,-13,False,,7.8,6.1,7.7,,6.9,C+,2.5,True,2.53,2.54,Pass
9575,1456989,HK161_CO3031_L01,CO3031,-13,False,,4.5,7.0,7.4,,6.6,C+,2.5,True,3.25,3.09,Pass
9577,1492420,HK161_CO3031_L01,CO3031,-13,False,,6.3,6.8,6.9,,6.7,C+,2.5,True,2.5,2.44,Pass
9580,1458217,HK161_CO3031_L01,CO3031,-13,False,,8.0,6.1,7.2,,6.8,C+,2.5,True,2.58,2.49,Pass
9581,1628620,HK161_CO3031_L01,CO3031,-13,False,,6.7,6.3,6.9,,6.6,C+,2.5,True,2.38,2.38,Pass
9582,1484750,HK161_CO3031_L01,CO3031,-13,False,,7.4,7.2,7.3,,7.3,B,3.0,True,2.56,2.62,Pass
9583,1612774,HK161_CO3031_L01,CO3031,-13,False,,7.5,7.4,8.2,,7.7,B,3.0,True,3.29,3.29,Pass
9584,1591184,HK161_CO3031_L01,CO3031,-13,False,,7.7,7.4,7.9,,7.6,B,3.0,True,2.79,2.84,Pass
9585,1518514,HK161_CO3031_L01,CO3031,-13,False,,7.9,7.5,6.7,,7.3,B,3.0,True,2.71,2.46,Pass
9586,1636295,HK161_CO3031_L01,CO3031,-13,False,,7.2,7.8,7.2,,7.5,B,3.0,True,2.56,2.56,Pass
9587,1541711,HK161_CO3031_L01,CO3031,-13,False,,7.8,8.4,5.9,,7.5,B,3.0,True,3.56,3.43,Pass
9589,1625186,HK161_CO3031_L01,CO3031,-13,False,,6.9,5.6,7.3,,6.4,C+,2.5,True,2.55,2.55,Pass
9590,1620697,HK161_CO3031_L01,CO3031,-13,False,,6.2,5.6,5.6,,5.7,C,2.0,True,1.47,1.47,Pass
9591,1524672,HK161_CO3031_L01,CO3031,-13,False,,6.9,6.7,6.7,,6.7,C+,2.5,True,2.5,2.38,Pass
9592,1429075,HK161_CO3031_L01,CO3031,-13,False,,8.6,7.2,7.3,,7.5,B,3.0,True,3.19,3.27,Pass
9593,1437973,HK161_CO3031_L01,CO3031,-13,False,,9.8,8.8,9.8,,9.3,A,4.0,True,4.0,3.99,Pass
9594,1466040,HK161_CO3031_L01,CO3031,-13,False,,7.3,8.9,8.6,,8.5,A,4.0,True,3.28,3.28,Pass
9595,1463584,HK161_CO3031_L01,CO3031,-13,False,,6.1,6.3,5.9,,6.1,C,2.0,True,2.0,1.77,Pass
9596,1668256,HK161_CO3031_L01,CO3031,-13,False,,10.0,7.9,7.4,,8.2,B+,3.5,True,3.38,3.38,Pass
9598,1539096,HK161_CO3031_L01,CO3031,-13,False,,7.2,5.7,7.8,,6.6,C+,2.5,True,2.91,3.12,Pass
9599,1658347,HK161_CO3031_L01,CO3031,-13,False,,5.0,6.5,5.5,,5.9,C,2.0,True,2.29,2.29,Pass
9601,1499321,HK161_CO3031_L01,CO3031,-13,False,,7.2,8.4,8.3,,8.1,B+,3.5,True,3.33,3.27,Pass
9605,1406222,HK161_CO3031_L01,CO3031,-13,False,,8.1,7.4,7.4,,7.5,B,3.0,True,3.44,3.29,Pass
9606,1403923,HK161_CO3031_L01,CO3031,-13,False,,8.0,7.6,7.4,,7.6,B,3.0,True,2.97,3.34,Pass
9608,1558455,HK161_CO3031_L01,CO3031,-13,False,,6.4,7.3,8.6,,7.5,B,3.0,True,2.82,2.69,Pass
9609,1629820,HK161_CO3031_L01,CO3031,-13,False,,6.9,6.1,5.7,,6.1,C,2.0,True,2.32,2.32,Pass
9610,1685964,HK161_CO3031_L01,CO3031,-13,False,,7.5,7.4,5.5,,6.8,C+,2.5,True,2.59,2.59,Pass
9612,1471101,HK161_CO3031_L01,CO3031,-13,False,,9.1,7.6,9.1,,8.3,B+,3.5,True,3.92,3.93,Pass
9613,1488893,HK161_CO3031_L01,CO3031,-13,False,,7.3,7.6,7.1,,7.4,B,3.0,True,3.42,3.43,Pass
9614,1420334,HK161_CO3031_L01,CO3031,-13,False,,5.7,6.3,6.8,,6.3,C,2.0,True,2.22,2.06,Pass
9615,1451469,HK161_CO3031_L01,CO3031,-13,False,,9.7,8.8,8.3,,8.8,A,4.0,True,3.92,3.96,Pass
9619,1563980,HK161_CO3031_L01,CO3031,-13,False,,9.7,10.0,9.1,,9.7,A+,4.0,True,4.0,4.0,Pass
9620,1570602,HK161_CO3031_L01,CO3031,-13,False,,8.8,9.2,8.3,,8.8,A,4.0,True,3.59,3.44,Pass
9622,1498556,HK161_CO3031_L01,CO3031,-13,False,,7.3,6.4,6.9,,6.7,C+,2.5,True,2.25,2.39,Pass
9623,1666539,HK161_CO3033_L01,CO3033,-13,False,,8.0,7.3,,8.8,7.7,B,3.0,True,3.18,3.18,Pass
9624,1485056,HK161_CO3033_L01,CO3033,-13,False,,6.2,5.1,,5.6,5.4,D+,1.5,True,1.78,1.9,Pass
9625,1627834,HK161_CO3033_L01,CO3033,-13,False,,5.6,5.2,,5.9,5.4,D+,1.5,True,1.62,1.62,Pass
9628,1505144,HK161_CO3033_L01,CO3033,-13,False,,7.9,7.7,,7.6,7.7,B,3.0,True,3.09,3.32,Pass
9629,1498709,HK161_CO3033_L01,CO3033,-13,False,,6.5,6.2,,5.9,6.2,C,2.0,True,2.08,2.1,Pass
9630,1524967,HK161_CO3033_L01,CO3033,-13,False,,6.8,7.4,,8.4,7.5,B,3.0,True,3.0,3.28,Pass
9631,1490733,HK161_CO3033_L01,CO3033,-13,False,,6.9,6.1,,6.7,6.4,C+,2.5,True,2.22,2.12,Pass
9633,1640515,HK161_CO3033_L01,CO3033,-13,False,,5.7,7.8,,5.8,7.0,B,3.0,True,1.76,1.76,Pass
9634,1684764,HK161_CO3033_L01,CO3033,-13,False,,6.3,7.0,,5.5,6.6,C+,2.5,True,1.44,1.44,Pass
9635,1642232,HK161_CO3033_L01,CO3033,-13,False,,5.5,6.0,,5.3,5.8,C,2.0,True,1.68,1.68,Pass
9638,1686088,HK161_CO3033_L01,CO3033,-13,False,,6.5,6.0,,7.1,6.3,C,2.0,True,2.08,2.08,Pass
9640,1532179,HK161_CO3033_L01,CO3033,-13,False,,7.5,8.0,,8.2,7.9,B,3.0,True,3.32,3.33,Pass
9642,1641839,HK161_CO3033_L01,CO3033,-13,False,,7.9,8.3,,8.5,8.3,B+,3.5,True,3.24,3.24,Pass
9644,1554912,HK161_CO3033_L01,CO3033,-13,False,,7.7,6.4,,6.3,6.6,C+,2.5,True,2.41,2.42,Pass
9646,1543103,HK161_CO3033_L01,CO3033,-13,False,,7.4,8.9,,7.2,8.3,B+,3.5,True,3.32,3.13,Pass
9647,1575199,HK161_CO3033_L01,CO3033,-13,False,,6.4,7.8,,7.1,7.4,B,3.0,True,2.79,2.63,Pass
9648,1519147,HK161_CO3033_L01,CO3033,-13,False,,6.4,6.2,,7.6,6.5,C+,2.5,True,2.68,2.44,Pass
9650,1471866,HK161_CO3033_L01,CO3033,-13,False,,7.6,8.0,,8.1,7.9,B,3.0,True,3.42,3.29,Pass
9653,1632054,HK161_CO3033_L01,CO3033,-13,False,,7.2,6.5,,7.4,6.8,C+,2.5,True,3.44,3.44,Pass
9654,1493954,HK161_CO3033_L01,CO3033,-13,False,,6.9,5.8,,7.4,6.3,C,2.0,True,2.19,2.33,Pass
9655,1612505,HK161_CO3033_L01,CO3033,-13,False,,8.9,7.3,,7.3,7.6,B,3.0,True,3.06,3.06,Pass
9656,1430609,HK161_CO3033_L01,CO3033,-13,False,,6.9,6.2,,6.1,6.3,C,2.0,True,2.08,2.33,Pass
9660,1649100,HK161_CO3033_L01,CO3033,-13,False,,8.3,7.2,,7.9,7.6,B,3.0,True,3.15,3.15,Pass
9661,1500252,HK161_CO3033_L01,CO3033,-13,False,,7.1,6.9,,6.4,6.8,C+,2.5,True,2.37,2.62,Pass
9662,1690453,HK161_CO3033_L01,CO3033,-13,False,,7.8,8.5,,8.5,8.4,B+,3.5,True,3.32,3.32,Pass
9663,1423249,HK161_CO3033_L01,CO3033,-13,False,,6.9,7.4,,8.0,7.4,B,3.0,True,3.28,3.2,Pass
9666,1546772,HK161_CO3033_L01,CO3033,-13,False,,7.2,7.5,,8.3,7.6,B,3.0,True,3.21,3.09,Pass
9667,1519737,HK161_CO3033_L01,CO3033,-13,False,,9.5,8.5,,9.7,8.9,A,4.0,True,3.59,3.3,Pass
9668,1418953,HK161_CO3033_L01,CO3033,-13,False,,6.9,6.7,,7.2,6.8,C+,2.5,True,2.78,2.67,Pass
9669,1414967,HK161_CO3035_L01,CO3035,-13,False,8.2,8.3,7.0,8.4,,7.7,B,3.0,True,3.42,3.37,Pass
9671,1422174,HK161_CO3035_L01,CO3035,-13,False,8.3,7.1,6.4,6.8,,6.8,C+,2.5,True,2.97,3.13,Pass
9674,1654520,HK161_CO3035_L01,CO3035,-13,False,5.1,6.5,6.5,6.2,,6.3,C,2.0,True,1.5,1.5,Pass
9675,1670511,HK161_CO3035_L01,CO3035,-13,False,7.4,6.6,6.4,7.4,,6.7,C+,2.5,True,2.91,2.91,Pass
9676,1640908,HK161_CO3035_L01,CO3035,-13,False,6.8,6.5,6.7,6.1,,6.6,C+,2.5,True,2.56,2.56,Pass
9677,1462819,HK161_CO3035_L01,CO3035,-13,False,7.4,7.0,6.4,8.8,,7.1,B,3.0,True,3.25,3.26,Pass
9678,1626117,HK161_CO3035_L01,CO3035,-13,False,7.6,6.5,7.6,8.6,,7.6,B,3.0,True,3.09,3.09,Pass
9679,1507759,HK161_CO3035_L01,CO3035,-13,False,10.0,8.3,9.0,9.7,,9.1,A,4.0,True,4.0,3.94,Pass
9680,1497634,HK161_CO3035_L01,CO3035,-13,False,7.7,8.8,8.6,8.4,,8.5,A,4.0,True,3.56,3.62,Pass
9682,1639853,HK161_CO3035_L01,CO3035,-13,False,7.6,7.7,7.1,7.7,,7.4,B,3.0,True,3.35,3.35,Pass
9684,1466805,HK161_CO3035_L01,CO3035,-13,False,7.3,7.5,7.1,8.4,,7.5,B,3.0,True,2.56,2.54,Pass
9685,1405763,HK161_CO3035_L01,CO3035,-13,False,3.8,5.3,4.8,4.8,,4.8,D,1.0,True,1.56,1.65,Pass
9686,1418647,HK161_CO3035_L01,CO3035,-13,False,8.4,7.6,7.7,8.0,,7.8,B,3.0,True,3.39,3.42,Pass
9688,1436439,HK161_CO3035_L01,CO3035,-13,False,6.7,7.1,6.8,7.4,,7.0,B,3.0,True,2.92,2.91,Pass
9689,1587346,HK161_CO3035_L01,CO3035,-13,False,6.6,6.4,7.0,5.6,,6.6,C+,2.5,True,2.29,2.28,Pass
9690,1546182,HK161_CO3035_L01,CO3035,-13,False,9.0,9.7,7.1,8.2,,8.0,B+,3.5,True,3.47,3.18,Pass
9692,1465424,HK161_CO3035_L01,CO3035,-13,False,8.6,8.6,9.0,8.1,,8.7,A,4.0,True,3.72,3.62,Pass
9696,1536355,HK161_CO3035_L01,CO3035,-13,False,5.8,6.2,5.8,4.5,,5.6,C,2.0,True,2.0,1.86,Pass
9697,1499474,HK161_CO3035_L01,CO3035,-13,False,8.7,9.3,7.2,7.2,,7.8,B,3.0,True,3.36,3.36,Pass
9699,1513158,HK161_CO3035_L01,CO3035,-13,False,8.4,8.7,8.9,7.1,,8.4,B+,3.5,True,3.5,3.31,Pass
9703,1560142,HK161_CO3035_L01,CO3035,-13,False,6.7,5.9,7.0,5.9,,6.5,C+,2.5,True,2.65,2.56,Pass
9704,1688074,HK161_CO3035_L01,CO3035,-13,False,6.9,7.2,5.4,7.2,,6.3,C,2.0,True,2.09,2.09,Pass
9708,1672083,HK161_CO3035_L01,CO3035,-13,False,7.9,9.4,9.1,9.2,,9.1,A,4.0,True,3.38,3.38,Pass
9710,1688467,HK161_CO3035_L01,CO3035,-13,False,5.9,6.8,7.4,7.5,,7.2,B,3.0,True,2.68,2.68,Pass
9711,1418341,HK161_CO3035_L01,CO3035,-13,False,8.1,10.0,8.2,9.1,,8.7,A,4.0,True,4.0,3.87,Pass
9714,1415120,HK161_CO3035_L01,CO3035,-13,False,7.4,7.7,8.7,8.5,,8.3,B+,3.5,True,3.75,3.87,Pass
9716,1673676,HK161_CO3035_L01,CO3035,-13,False,7.5,10.0,6.5,8.7,,7.7,B,3.0,True,3.15,3.15,Pass
9717,1431837,HK161_CO3035_L01,CO3035,-13,False,6.3,8.0,7.6,5.7,,7.2,B,3.0,True,2.56,2.51,Pass
9721,1552466,HK161_CO3035_L01,CO3035,-13,False,7.0,8.0,8.7,9.0,,8.4,B+,3.5,True,3.18,3.1,Pass
9723,1630606,HK161_CO3035_L01,CO3035,-13,False,8.5,8.2,7.5,9.1,,8.1,B+,3.5,True,3.91,3.91,Pass
9724,1551243,HK161_CO3035_L01,CO3035,-13,False,7.2,6.5,5.6,6.9,,6.2,C,2.0,True,2.41,2.46,Pass
9725,1506536,HK161_CO3035_L01,CO3035,-13,False,8.6,9.3,8.4,8.3,,8.6,A,4.0,True,3.41,3.39,Pass
9726,1411746,HK161_CO3035_L01,CO3035,-13,False,5.5,5.7,5.9,6.1,,5.9,C,2.0,True,2.25,2.07,Pass
9727,1667594,HK161_CO3035_L01,CO3035,-13,False,7.2,7.1,6.2,9.3,,7.1,B,3.0,True,3.0,3.0,Pass
9728,1680668,HK161_CO3035_L01,CO3035,-13,False,7.7,8.9,6.8,8.0,,7.6,B,3.0,True,3.09,3.09,Pass
9729,1573976,HK161_CO3035_L01,CO3035,-13,False,5.8,7.9,8.2,9.7,,8.2,B+,3.5,True,3.09,3.19,Pass
9730,1512989,HK161_CO3035_L01,CO3035,-13,False,8.0,8.9,8.3,8.4,,8.4,B+,3.5,True,3.09,3.1,Pass
9731,1611057,HK161_CO3035_L01,CO3035,-13,False,6.2,6.4,6.0,5.9,,6.1,C,2.0,True,1.79,1.79,Pass
9733,1621752,HK161_CO3035_L01,CO3035,-13,False,6.9,6.9,6.9,5.8,,6.7,C+,2.5,True,2.42,2.42,Pass
9734,1614884,HK161_CO3035_L01,CO3035,-13,False,8.8,8.7,7.8,6.8,,7.9,B,3.0,True,3.21,3.21,Pass
9735,1423708,HK161_CO3035_L01,CO3035,-13,False,6.2,5.9,6.2,5.2,,5.9,C,2.0,True,1.89,1.66,Pass
9738,1410977,HK161_CO3035_L01,CO3035,-13,False,6.6,7.6,7.1,6.4,,7.0,B,3.0,True,2.44,2.49,Pass
9739,1642108,HK161_CO3035_L01,CO3035,-13,False,9.2,8.0,9.9,8.6,,9.2,A,4.0,True,3.29,3.29,Pass
9740,1623076,HK161_CO3037_L01,CO3037,-13,False,,6.8,6.9,7.3,,7.0,B,3.0,True,2.74,2.74,Pass
9744,1479536,HK161_CO3037_L01,CO3037,-13,False,,6.0,6.2,6.1,,6.1,C,2.0,True,2.25,2.31,Pass
9745,1651479,HK161_CO3037_L01,CO3037,-13,False,,7.6,7.5,7.0,,7.4,B,3.0,True,3.03,3.03,Pass
9746,1601024,HK161_CO3037_L01,CO3037,-13,False,,7.0,8.9,8.1,,8.3,B+,3.5,True,3.82,3.82,Pass
9747,1544031,HK161_CO3037_L01,CO3037,-13,False,,5.6,5.2,5.8,,5.5,C,2.0,True,1.89,1.87,Pass
9749,1689522,HK161_CO3037_L01,CO3037,-13,False,,8.7,5.1,9.3,,7.1,B,3.0,True,3.65,3.65,Pass
9750,1679096,HK161_CO3037_L01,CO3037,-13,False,,7.0,5.8,6.4,,6.2,C,2.0,True,2.82,2.82,Pass
9751,1679613,HK161_CO3037_L01,CO3037,-13,False,,7.7,8.5,8.9,,8.5,A,4.0,True,3.59,3.59,Pass
9752,1603920,HK161_CO3037_L01,CO3037,-13,False,,5.3,4.3,4.6,,4.6,D,1.0,True,1.59,1.59,Pass
9754,1646328,HK161_CO3037_L01,CO3037,-13,False,,7.9,7.0,7.0,,7.2,B,3.0,True,3.29,3.29,Pass
9755,1668525,HK161_CO3037_L01,CO3037,-13,False,,7.8,8.4,9.2,,8.5,A,4.0,True,3.5,3.5,Pass
9757,1519611,HK161_CO3037_L01,CO3037,-13,False,,8.2,9.4,9.1,,9.1,A,4.0,True,4.0,3.94,Pass
9760,1421715,HK161_CO3037_L01,CO3037,-13,False,,8.1,8.2,8.5,,8.3,B+,3.5,True,3.22,3.23,Pass
9761,1523280,HK161_CO3037_L01,CO3037,-13,False,,7.6,8.2,8.9,,8.3,B+,3.5,True,3.5,3.39,Pass
9764,1572458,HK161_CO3037_L01,CO3037,-13,False,,5.8,7.5,5.6,,6.6,C+,2.5,True,2.61,2.39,Pass
9765,1533740,HK161_CO3037_L01,CO3037,-13,False,,8.6,8.3,8.4,,8.4,B+,3.5,True,3.37,3.32,Pass
9767,1530661,HK161_CO3037_L01,CO3037,-13,False,,5.1,4.6,6.1,,5.1,D+,1.5,True,1.45,1.47,Pass
9768,1461132,HK161_CO3037_L01,CO3037,-13,False,,6.2,6.9,5.7,,6.4,C+,2.5,True,2.61,2.45,Pass
9770,1429844,HK161_CO3037_L01,CO3037,-13,False,,7.6,7.3,6.9,,7.2,B,3.0,True,2.64,2.54,Pass
9772,1418494,HK161_CO3037_L01,CO3037,-13,False,,5.8,7.3,7.4,,7.0,B,3.0,True,2.61,2.64,Pass
9774,1480917,HK161_CO3037_L01,CO3037,-13,False,,6.1,7.0,6.1,,6.5,C+,2.5,True,2.64,2.72,Pass
9776,1653196,HK161_CO3037_L01,CO3037,-13,False,,6.7,7.5,6.8,,7.1,B,3.0,True,2.91,2.91,Pass
9778,1527287,HK161_CO3037_L01,CO3037,-13,False,,8.1,5.7,7.7,,6.8,C+,2.5,True,2.26,2.34,Pass
9782,1680275,HK161_CO3037_L01,CO3037,-13,False,,9.5,9.1,5.4,,8.1,B+,3.5,True,3.71,3.71,Pass
9783,1655575,HK161_CO3037_L01,CO3037,-13,False,,7.7,8.7,8.9,,8.6,A,4.0,True,3.74,3.74,Pass
9785,1627565,HK161_CO3037_L01,CO3037,-13,False,,6.8,5.6,6.1,,6.0,C,2.0,True,2.41,2.41,Pass
9787,1592112,HK161_CO3037_L01,CO3037,-13,False,,6.8,7.8,7.1,,7.4,B,3.0,True,2.71,2.41,Pass
9788,1415579,HK161_CO3037_L01,CO3037,-13,False,,6.9,6.0,9.3,,7.2,B,3.0,True,2.44,2.57,Pass
9789,1605120,HK161_CO3037_L01,CO3037,-13,False,,6.8,6.2,6.9,,6.5,C+,2.5,True,2.82,2.82,Pass
9790,1550020,HK161_CO3037_L01,CO3037,-13,False,,6.1,6.3,5.3,,6.0,C,2.0,True,1.79,1.65,Pass
9792,1466958,HK161_CO3037_L01,CO3037,-13,False,,7.8,7.6,8.9,,8.0,B+,3.5,True,3.08,3.25,Pass
9794,1437357,HK161_CO3037_L01,CO3037,-13,False,,7.3,8.4,7.5,,7.9,B,3.0,True,3.19,3.38,Pass
9796,1497328,HK161_CO3037_L01,CO3037,-13,False,,7.3,7.4,6.9,,7.2,B,3.0,True,2.33,2.41,Pass
9797,1608409,HK161_CO3037_L01,CO3037,-13,False,,8.2,7.2,8.2,,7.7,B,3.0,True,3.41,3.41,Pass
9798,1497787,HK161_CO3037_L01,CO3037,-13,False,,8.0,8.6,7.1,,8.0,B+,3.5,True,3.69,3.4,Pass
9826,1480148,HK161_CO3043_L01,CO3043,-13,False,,6.8,8.0,,8.2,7.8,B,3.0,True,3.0,3.17,Pass
9827,1566131,HK161_CO3043_L01,CO3043,-13,False,,7.1,6.3,,7.4,6.7,C+,2.5,True,2.71,2.55,Pass
9833,1692170,HK161_CO3043_L01,CO3043,-13,False,,8.4,8.4,,8.5,8.4,B+,3.5,True,3.12,3.12,Pass
9837,1501644,HK161_CO3043_L01,CO3043,-13,False,,6.6,6.5,,6.2,6.5,C+,2.5,True,2.09,1.98,Pass
9838,1656237,HK161_CO3043_L01,CO3043,-13,False,,5.2,5.4,,6.3,5.5,C,2.0,True,2.32,2.32,Pass
9839,1512525,HK161_CO3043_L01,CO3043,-13,False,,6.8,8.3,,7.2,7.8,B,3.0,True,3.21,3.19,Pass
9840,1448095,HK161_CO3043_L01,CO3043,-13,False,,6.8,6.8,,6.9,6.8,C+,2.5,True,3.03,3.1,Pass
9845,1557401,HK161_CO3043_L01,CO3043,-13,False,,7.5,8.4,,7.4,8.0,B+,3.5,True,3.09,2.96,Pass
9846,1403770,HK161_CO3043_L01,CO3043,-13,False,,7.1,8.2,,7.9,7.9,B,3.0,True,3.28,3.19,Pass
9847,1557991,HK161_CO3043_L01,CO3043,-13,False,,7.7,7.1,,5.4,6.9,C+,2.5,True,2.32,2.37,Pass
9849,1496100,HK161_CO3043_L01,CO3043,-13,False,,7.6,6.2,,4.9,6.2,C,2.0,True,2.28,2.25,Pass
9853,1650693,HK161_CO3043_L01,CO3043,-13,False,,7.3,7.2,,7.8,7.3,B,3.0,True,3.12,3.12,Pass
9855,1439197,HK161_CO3043_L01,CO3043,-13,False,,7.7,7.5,,5.9,7.2,B,3.0,True,2.5,2.68,Pass
9857,1603134,HK161_CO3043_L01,CO3043,-13,False,,6.8,4.8,,5.7,5.4,D+,1.5,True,1.53,1.53,Pass
9858,1666808,HK161_CO3043_L01,CO3043,-13,False,,6.1,5.9,,7.0,6.2,C,2.0,True,2.53,2.53,Pass
9859,1546941,HK161_CO3043_L01,CO3043,-13,False,,5.7,6.3,,7.0,6.3,C,2.0,True,2.5,2.54,Pass
9860,1472329,HK161_CO3043_L01,CO3043,-13,False,,6.5,5.0,,5.7,5.4,D+,1.5,True,2.44,2.62,Pass
9861,1584900,HK161_CO3043_L01,CO3043,-13,False,,7.3,5.4,,6.3,6.0,C,2.0,True,2.56,2.6,Pass
9862,1620180,HK161_CO3043_L01,CO3043,-13,False,,8.8,5.8,,9.8,7.2,B,3.0,True,3.41,3.41,Pass
9863,1582580,HK161_CO3043_L01,CO3043,-13,False,,7.8,8.4,,9.1,8.4,B+,3.5,True,3.21,3.4,Pass
9864,1508097,HK161_CO3043_L01,CO3043,-13,False,,7.9,8.0,,6.6,7.7,B,3.0,True,3.09,3.07,Pass
9865,1698645,HK161_CO3043_L01,CO3043,-13,False,,7.0,8.0,,8.5,7.9,B,3.0,True,3.74,3.74,Pass
9866,1449782,HK161_CO3043_L01,CO3043,-13,False,,6.7,7.6,,7.8,7.5,B,3.0,True,3.0,3.18,Pass
9867,1668649,HK161_CO3043_L01,CO3043,-13,False,,8.0,6.5,,8.6,7.2,B,3.0,True,3.29,3.29,Pass
9868,1693225,HK161_CO3043_L01,CO3043,-13,False,,7.9,6.5,,7.2,6.9,C+,2.5,True,3.32,3.32,Pass
9869,1579501,HK161_CO3043_L01,CO3043,-13,False,,7.3,10.0,,8.8,9.2,A,4.0,True,4.0,3.96,Pass
9870,1588274,HK161_CO3043_L01,CO3043,-13,False,,5.9,6.1,,7.6,6.4,C+,2.5,True,2.16,2.37,Pass
9871,1406838,HK161_CO3043_L01,CO3043,-13,False,,8.1,8.2,,7.5,8.0,B+,3.5,True,3.08,3.11,Pass
9874,1513453,HK161_CO3043_L01,CO3043,-13,False,,5.5,5.4,,5.4,5.4,D+,1.5,True,1.97,1.68,Pass
9875,1669973,HK161_CO3043_L01,CO3043,-13,False,,6.9,7.9,,8.3,7.8,B,3.0,True,3.21,3.21,Pass
9876,1697445,HK161_CO3043_L01,CO3043,-13,False,,8.3,8.4,,7.2,8.1,B+,3.5,True,3.12,3.12,Pass
9877,1451469,HK161_CO3043_L01,CO3043,-13,False,,9.2,8.7,,10.0,9.1,A,4.0,True,3.92,3.96,Pass
9878,1473247,HK161_CO3043_L01,CO3043,-13,False,,5.7,7.3,,5.2,6.6,C+,2.5,True,2.64,2.66,Pass
9879,1645542,HK161_CO3043_L01,CO3043,-13,False,,5.9,5.4,,6.3,5.7,C,2.0,True,1.76,1.76,Pass
9880,1667470,HK161_CO3045_L01,CO3045,-13,False,,7.9,8.2,7.9,,8.1,B+,3.5,True,3.47,3.47,Pass
9881,1646990,HK161_CO3045_L01,CO3045,-13,False,,6.0,6.0,6.2,,6.1,C,2.0,True,1.68,1.68,Pass
9882,1682385,HK161_CO3045_L01,CO3045,-13,False,,9.3,7.7,8.3,,8.2,B+,3.5,True,3.09,3.09,Pass
9883,1521129,HK161_CO3045_L01,CO3045,-13,False,,9.3,9.2,9.8,,9.4,A,4.0,True,4.0,4.0,Pass
9885,1650548,HK161_CO3045_L01,CO3045,-13,False,,7.0,5.8,7.3,,6.5,C+,2.5,True,2.79,2.79,Pass
9886,1671297,HK161_CO3045_L01,CO3045,-13,False,,7.1,9.6,9.6,,9.1,A,4.0,True,4.0,4.0,Pass
9887,1445639,HK161_CO3045_L01,CO3045,-13,False,,7.6,8.5,8.7,,8.4,B+,3.5,True,3.31,3.38,Pass
9893,1425395,HK161_CO3045_L01,CO3045,-13,False,,7.4,8.2,8.5,,8.1,B+,3.5,True,3.17,3.27,Pass
9894,1467727,HK161_CO3045_L01,CO3045,-13,False,,8.4,8.5,7.9,,8.3,B+,3.5,True,3.61,3.38,Pass
9895,1664429,HK161_CO3045_L01,CO3045,-13,False,,6.0,6.7,5.5,,6.2,C,2.0,True,2.03,2.03,Pass
9896,1439966,HK161_CO3045_L01,CO3045,-13,False,,6.9,6.3,6.7,,6.5,C+,2.5,True,2.61,2.55,Pass
9898,1653734,HK161_CO3045_L01,CO3045,-13,False,,8.7,9.4,7.9,,8.8,A,4.0,True,3.41,3.41,Pass
9901,1529902,HK161_CO3045_L01,CO3045,-13,False,,7.5,7.6,8.8,,7.9,B,3.0,True,3.44,3.34,Pass
9902,1624007,HK161_CO3045_L01,CO3045,-13,False,,7.1,6.6,6.5,,6.7,C+,2.5,True,2.24,2.24,Pass
9903,1696390,HK161_CO3045_L01,CO3045,-13,False,,6.5,9.2,7.2,,8.1,B+,3.5,True,2.56,2.56,Pass
9904,1633523,HK161_CO3045_L01,CO3045,-13,False,,7.6,6.2,7.9,,7.0,B,3.0,True,3.12,3.12,Pass
9905,1518683,HK161_CO3045_L01,CO3045,-13,False,,6.4,5.8,5.7,,5.9,C,2.0,True,2.44,2.25,Pass
9906,1673800,HK161_CO3045_L01,CO3045,-13,False,,5.6,5.4,6.8,,5.9,C,2.0,True,2.15,2.15,Pass
9907,1610126,HK161_CO3045_L01,CO3045,-13,False,,9.0,8.2,7.7,,8.2,B+,3.5,True,3.29,3.29,Pass
9909,1578447,HK161_CO3045_L01,CO3045,-13,False,,6.9,7.1,5.4,,6.5,C+,2.5,True,2.59,2.78,Pass
9913,1616601,HK161_CO3045_L01,CO3045,-13,False,,6.1,6.4,6.6,,6.4,C+,2.5,True,2.06,2.06,Pass
9916,1404076,HK161_CO3045_L01,CO3045,-13,False,,6.6,6.6,5.7,,6.3,C,2.0,True,2.33,2.36,Pass
9919,1618980,HK161_CO3045_L01,CO3045,-13,False,,8.1,9.0,7.0,,8.2,B+,3.5,True,3.38,3.38,Pass
9922,1525136,HK161_CO3045_L01,CO3045,-13,False,,6.1,6.7,7.1,,6.7,C+,2.5,True,2.88,2.96,Pass
9928,1534330,HK161_CO3045_L01,CO3045,-13,False,,6.6,6.7,7.9,,7.0,B,3.0,True,3.32,3.32,Pass
9930,1602079,HK161_CO3045_L01,CO3045,-13,False,,6.6,7.4,7.7,,7.3,B,3.0,True,3.65,3.65,Pass
9931,1511766,HK161_CO3045_L01,CO3045,-13,False,,5.0,6.8,5.8,,6.1,C,2.0,True,2.41,2.56,Pass
9933,1578742,HK161_CO3045_L01,CO3045,-13,False,,8.7,8.2,8.4,,8.4,B+,3.5,True,3.38,3.45,Pass
9935,1423555,HK161_CO3045_L01,CO3045,-13,False,,7.4,7.9,7.3,,7.6,B,3.0,True,3.39,3.23,Pass
9937,1414504,HK161_CO3045_L01,CO3045,-13,False,,8.9,9.9,9.3,,9.5,A+,4.0,True,3.94,3.93,Pass
9938,1473400,HK161_CO3045_L01,CO3045,-13,False,,7.2,7.2,8.0,,7.4,B,3.0,True,3.19,3.04,Pass
9939,1521424,HK161_CO3045_L01,CO3045,-13,False,,7.7,7.7,8.9,,8.1,B+,3.5,True,3.21,3.15,Pass
9941,1569674,HK161_CO3047_L01,CO3047,-13,False,8.0,7.3,7.6,8.4,,7.7,B,3.0,True,3.53,3.58,Pass
9944,1528805,HK161_CO3047_L01,CO3047,-13,False,8.4,8.5,8.5,7.7,,8.3,B+,3.5,True,3.41,3.24,Pass
9945,1567692,HK161_CO3047_L01,CO3047,-13,False,7.7,7.3,7.2,7.3,,7.3,B,3.0,True,2.79,2.62,Pass
9946,1554153,HK161_CO3047_L01,CO3047,-13,False,8.7,7.2,7.3,9.5,,7.9,B,3.0,True,3.09,3.33,Pass
9947,1451622,HK161_CO3047_L01,CO3047,-13,False,7.7,7.1,8.2,6.7,,7.6,B,3.0,True,3.08,3.26,Pass
9948,1514381,HK161_CO3047_L01,CO3047,-13,False,8.5,8.9,8.1,9.9,,8.7,A,4.0,True,3.5,3.4,Pass
9949,1471101,HK161_CO3047_L01,CO3047,-13,False,8.2,9.0,8.6,9.1,,8.7,A,4.0,True,3.92,3.93,Pass
9950,1690184,HK161_CO3047_L01,CO3047,-13,False,7.0,6.7,7.2,6.8,,7.0,B,3.0,True,2.41,2.41,Pass
9951,1408831,HK161_CO3047_L01,CO3047,-13,False,7.7,8.4,8.1,8.1,,8.1,B+,3.5,True,2.94,3.07,Pass
9957,1565541,HK161_CO3047_L01,CO3047,-13,False,6.1,6.4,6.9,7.7,,6.9,C+,2.5,True,2.38,2.57,Pass
9958,1657292,HK161_CO3047_L01,CO3047,-13,False,7.1,8.7,7.5,7.5,,7.7,B,3.0,True,3.09,3.09,Pass
9959,1446255,HK161_CO3047_L01,CO3047,-13,False,6.0,6.9,5.4,5.2,,5.7,C,2.0,True,2.42,2.43,Pass
9963,1501475,HK161_CO3047_L01,CO3047,-13,False,8.2,8.9,7.0,9.1,,7.9,B,3.0,True,3.0,3.39,Pass
9964,1435058,HK161_CO3047_L01,CO3047,-13,False,8.0,9.6,9.0,8.7,,9.0,A,4.0,True,3.69,3.45,Pass
9966,1516068,HK161_CO3047_L01,CO3047,-13,False,5.9,7.2,6.6,8.0,,6.9,C+,2.5,True,2.76,2.65,Pass
9970,1697321,HK161_CO3047_L01,CO3047,-13,False,6.9,6.9,6.6,7.6,,6.9,C+,2.5,True,2.38,2.38,Pass
9975,1462513,HK161_CO3047_L01,CO3047,-13,False,8.2,8.5,7.0,8.0,,7.6,B,3.0,True,3.22,3.06,Pass
9978,1632861,HK161_CO3047_L01,CO3047,-13,False,5.7,6.1,7.4,5.3,,6.6,C+,2.5,True,2.74,2.74,Pass
9979,1488740,HK161_CO3047_L01,CO3047,-13,False,7.1,6.5,4.9,6.8,,5.8,C,2.0,True,2.56,2.54,Pass
9980,1508687,HK161_CO3047_L01,CO3047,-13,False,7.9,7.9,7.9,6.5,,7.6,B,3.0,True,3.21,3.17,Pass
9981,1642625,HK161_CO3047_L01,CO3047,-13,False,4.7,5.0,6.9,5.3,,6.0,C,2.0,True,1.66,1.66,Pass
9982,1524208,HK161_CO3047_L01,CO3047,-13,False,6.0,5.4,5.3,5.5,,5.4,D+,1.5,True,1.82,1.77,Pass
9983,1410824,HK161_CO3047_L01,CO3047,-13,False,10.0,9.5,9.0,10.0,,9.4,A,4.0,True,4.0,4.0,Pass
9985,1671690,HK161_CO3047_L01,CO3047,-13,False,5.8,4.5,5.5,3.6,,5.0,D+,1.5,True,1.47,1.47,Pass
9987,1428769,HK161_CO3047_L01,CO3047,-13,False,6.7,9.1,7.6,6.8,,7.7,B,3.0,True,2.92,2.46,Pass
9990,1427235,HK161_CO3047_L01,CO3047,-13,False,7.8,8.5,7.9,6.5,,7.7,B,3.0,True,3.19,3.12,Pass
9991,1445486,HK161_CO3047_L01,CO3047,-13,False,7.5,7.9,8.6,8.1,,8.2,B+,3.5,True,3.08,3.18,Pass
9994,1428922,HK161_CO3047_L01,CO3047,-13,False,8.5,6.8,7.4,8.7,,7.7,B,3.0,True,2.75,2.6,Pass
9995,1469567,HK161_CO3047_L01,CO3047,-13,False,7.5,8.6,7.8,8.5,,8.1,B+,3.5,True,3.42,3.55,Pass
9999,1682654,HK161_CO3047_L01,CO3047,-13,False,8.2,8.4,7.9,6.6,,7.8,B,3.0,True,3.12,3.12,Pass
10001,1630875,HK161_CO3047_L01,CO3047,-13,False,7.6,7.6,8.2,8.4,,8.1,B+,3.5,True,3.21,3.21,Pass
10003,1461591,HK161_CO3047_L01,CO3047,-13,False,7.0,6.4,7.5,7.5,,7.2,B,3.0,True,2.83,2.75,Pass
10004,1510543,HK161_CO3047_L01,CO3047,-13,False,7.9,8.5,8.6,8.6,,8.5,A,4.0,True,3.68,3.66,Pass
10005,1438585,HK161_CO3047_L01,CO3047,-13,False,9.4,6.9,9.3,7.3,,8.4,B+,3.5,True,3.67,3.52,Pass
10011,1520370,HK161_CO3049_L01,CO3049,-13,False,,9.4,7.3,8.6,,8.1,B+,3.5,True,3.5,3.32,Pass
10012,1625993,HK161_CO3049_L01,CO3049,-13,False,,7.3,8.8,7.2,,8.0,B+,3.5,True,2.88,2.88,Pass
10013,1494719,HK161_CO3049_L01,CO3049,-13,False,,6.4,5.4,5.1,,5.5,C,2.0,True,1.67,1.56,Pass
10017,1464965,HK161_CO3049_L01,CO3049,-13,False,,7.9,7.8,7.4,,7.7,B,3.0,True,2.81,2.73,Pass
10020,1696783,HK161_CO3049_L01,CO3049,-13,False,,7.5,8.4,8.3,,8.2,B+,3.5,True,3.41,3.41,Pass
10021,1631268,HK161_CO3049_L01,CO3049,-13,False,,8.1,7.3,7.1,,7.4,B,3.0,True,3.41,3.41,Pass
10022,1492114,HK161_CO3049_L01,CO3049,-13,False,,7.8,8.4,8.4,,8.3,B+,3.5,True,3.44,3.45,Pass
10028,1517586,HK161_CO3049_L01,CO3049,-13,False,,7.8,8.5,6.5,,7.8,B,3.0,True,2.91,3.0,Pass
10029,1689398,HK161_CO3049_L01,CO3049,-13,False,,5.1,2.8,6.4,,4.3,D,1.0,True,1.53,1.53,Pass
10031,1596540,HK161_CO3049_L01,CO3049,-13,False,,8.4,7.4,8.8,,8.0,B+,3.5,True,3.53,3.49,Pass
10032,1556768,HK161_CO3049_L01,CO3049,-13,False,,7.7,8.7,5.7,,7.6,B,3.0,True,3.09,3.45,Pass
10033,1494413,HK161_CO3049_L01,CO3049,-13,False,,8.3,7.7,7.6,,7.8,B,3.0,True,3.17,3.28,Pass
10035,1495641,HK161_CO3049_L01,CO3049,-13,False,,6.7,6.4,5.2,,6.1,C,2.0,True,2.0,2.15,Pass
10036,1618194,HK161_CO3049_L01,CO3049,-13,False,,5.3,6.0,7.2,,6.2,C,2.0,True,2.18,2.18,Pass
10037,1571530,HK161_CO3049_L01,CO3049,-13,False,,7.1,7.7,6.6,,7.2,B,3.0,True,2.66,2.75,Pass
10039,1513748,HK161_CO3049_L01,CO3049,-13,False,,8.2,8.7,7.7,,8.3,B+,3.5,True,3.65,3.38,Pass
10041,1536481,HK161_CO3049_L01,CO3049,-13,False,,3.9,5.2,5.7,,5.1,D+,1.5,True,2.0,2.24,Pass
10043,1532643,HK161_CO3049_L01,CO3049,-13,False,,8.1,8.2,7.7,,8.0,B+,3.5,True,3.62,3.54,Pass
10044,1447942,HK161_CO3049_L01,CO3049,-13,False,,5.8,9.2,8.1,,8.2,B+,3.5,True,3.17,3.24,Pass
10048,1403001,HK161_CO3049_L01,CO3049,-13,False,,7.0,5.6,7.4,,6.4,C+,2.5,True,2.83,2.64,Pass
10049,1666270,HK161_CO3049_L01,CO3049,-13,False,,7.2,7.1,7.2,,7.2,B,3.0,True,2.62,2.62,Pass
10050,1471713,HK161_CO3049_L01,CO3049,-13,False,,5.7,5.9,5.0,,5.6,C,2.0,True,1.75,1.72,Pass
10051,1636812,HK161_CO3049_L01,CO3049,-13,False,,9.3,8.0,8.3,,8.4,B+,3.5,True,3.5,3.5,Pass
10052,1598565,HK161_CO3049_L01,CO3049,-13,False,,6.8,7.3,6.5,,7.0,B,3.0,True,2.94,2.7,Pass
10054,1655182,HK161_CO3049_L01,CO3049,-13,False,,8.3,7.0,6.3,,7.0,B,3.0,True,3.09,3.09,Pass
10058,1580598,HK161_CO3049_L01,CO3049,-13,False,,7.9,8.4,7.7,,8.1,B+,3.5,True,3.29,3.12,Pass
10059,1650424,HK161_CO3049_L01,CO3049,-13,False,,7.0,7.5,8.5,,7.7,B,3.0,True,3.38,3.38,Pass
10060,1515899,HK161_CO3049_L01,CO3049,-13,False,,8.5,7.5,6.0,,7.2,B,3.0,True,3.56,3.47,Pass
10061,1409596,HK161_CO3049_L01,CO3049,-13,False,,6.6,6.9,6.9,,6.8,C+,2.5,True,2.53,2.49,Pass
10062,1646204,HK161_CO3049_L01,CO3049,-13,False,,6.8,7.2,6.6,,6.9,C+,2.5,True,2.62,2.62,Pass
10064,1594853,HK161_CO3049_L01,CO3049,-13,False,,9.0,7.5,9.3,,8.3,B+,3.5,True,3.74,3.57,Pass
10065,1608678,HK161_CO3049_L01,CO3049,-13,False,,5.6,6.5,7.1,,6.5,C+,2.5,True,2.41,2.41,Pass
10070,1455918,HK161_CO3051_L01,CO3051,-13,False,,7.2,7.8,,8.2,7.8,B,3.0,True,3.58,3.3,Pass
10071,1435211,HK161_CO3051_L01,CO3051,-13,False,,7.9,7.7,,7.6,7.7,B,3.0,True,3.0,3.07,Pass
10073,1460363,HK161_CO3051_L01,CO3051,-13,False,,6.2,6.6,,7.1,6.6,C+,2.5,True,3.28,3.42,Pass
10076,1491651,HK161_CO3051_L01,CO3051,-13,False,,6.8,7.4,,6.6,7.1,B,3.0,True,2.53,2.54,Pass
10077,1559088,HK161_CO3051_L01,CO3051,-13,False,,7.0,7.3,,7.4,7.3,B,3.0,True,3.12,3.24,Pass
10078,1453003,HK161_CO3051_L01,CO3051,-13,False,,8.5,8.1,,8.2,8.2,B+,3.5,True,3.36,3.26,Pass
10082,1659671,HK161_CO3051_L01,CO3051,-13,False,,7.9,8.1,,7.9,8.0,B+,3.5,True,3.59,3.59,Pass
10083,1699824,HK161_CO3051_L01,CO3051,-13,False,,7.0,7.7,,9.3,7.9,B,3.0,True,3.53,3.53,Pass
10085,1607230,HK161_CO3051_L01,CO3051,-13,False,,4.7,6.0,,5.2,5.6,C,2.0,True,1.59,1.59,Pass
10089,1496253,HK161_CO3051_L01,CO3051,-13,False,,10.0,7.4,,6.1,7.7,B,3.0,True,3.19,3.32,Pass
10090,1492726,HK161_CO3051_L01,CO3051,-13,False,,8.1,6.7,,8.2,7.3,B,3.0,True,3.06,3.12,Pass
10091,1532348,HK161_CO3051_L01,CO3051,-13,False,,7.0,5.3,,6.2,5.8,C,2.0,True,2.09,2.3,Pass
10094,1438126,HK161_CO3051_L01,CO3051,-13,False,,9.7,8.7,,6.1,8.4,B+,3.5,True,3.31,3.16,Pass
10095,1593040,HK161_CO3051_L01,CO3051,-13,False,,8.4,8.4,,8.0,8.3,B+,3.5,True,3.62,3.46,Pass
10099,1675000,HK161_CO3051_L01,CO3051,-13,False,,7.3,6.8,,8.2,7.2,B,3.0,True,2.79,2.79,Pass
10100,1515604,HK161_CO3051_L01,CO3051,-13,False,,6.4,7.1,,7.8,7.1,B,3.0,True,2.74,2.68,Pass
10102,1419412,HK161_CO3051_L01,CO3051,-13,False,,7.8,8.8,,8.7,8.6,A,4.0,True,3.58,3.46,Pass
10103,1443187,HK161_CO3051_L01,CO3051,-13,False,,8.7,7.0,,8.9,7.7,B,3.0,True,3.03,3.02,Pass
10106,1648045,HK161_CO3051_L01,CO3051,-13,False,,8.6,7.9,,8.5,8.2,B+,3.5,True,3.0,3.0,Pass
10107,1643949,HK161_CO3051_L01,CO3051,-13,False,,6.5,6.4,,6.7,6.5,C+,2.5,True,2.41,2.41,Pass
10108,1474475,HK161_CO3051_L01,CO3051,-13,False,,6.7,7.1,,8.2,7.2,B,3.0,True,3.0,3.09,Pass
10110,1567228,HK161_CO3051_L01,CO3051,-13,False,,9.0,9.2,,9.5,9.2,A,4.0,True,4.0,3.92,Pass
10113,1459598,HK161_CO3051_L01,CO3051,-13,False,,5.5,5.1,,6.1,5.4,D+,1.5,True,2.44,2.52,Pass
10115,1574145,HK161_CO3051_L01,CO3051,-13,False,,4.8,5.6,,6.1,5.5,C,2.0,True,2.12,2.01,Pass
10117,1660602,HK161_CO3051_L01,CO3051,-13,False,,8.8,8.9,,7.9,8.7,A,4.0,True,3.38,3.38,Pass
10119,1487053,HK161_CO3051_L01,CO3051,-13,False,,7.9,7.4,,7.3,7.5,B,3.0,True,3.22,3.3,Pass
10121,1443799,HK161_CO3051_L01,CO3051,-13,False,,8.4,8.2,,8.9,8.4,B+,3.5,True,3.42,3.37,Pass
10122,1413280,HK161_CO3051_L01,CO3051,-13,False,,6.0,6.5,,6.0,6.3,C,2.0,True,2.22,2.5,Pass
10124,1690846,HK161_CO3051_L01,CO3051,-13,False,,5.0,5.8,,6.6,5.8,C,2.0,True,2.65,2.65,Pass
10126,1420487,HK161_CO3051_L01,CO3051,-13,False,,8.7,7.2,,8.1,7.7,B,3.0,True,3.25,3.3,Pass
10129,1409443,HK161_CO3051_L01,CO3051,-13,False,,9.9,9.2,,9.6,9.4,A,4.0,True,3.89,3.98,Pass
10130,1655844,HK161_CO3051_L01,CO3051,-13,False,,7.8,5.6,,7.3,6.4,C+,2.5,True,2.5,2.5,Pass
10133,1585195,HK161_CO3057_L01,CO3057,-13,False,,5.9,8.6,6.7,,7.5,B,3.0,True,2.59,2.62,Pass
10139,1593166,HK161_CO3057_L01,CO3057,-13,False,,8.5,8.0,5.8,,7.4,B,3.0,True,2.97,2.9,Pass
10140,1619373,HK161_CO3057_L01,CO3057,-13,False,,8.2,9.8,8.5,,9.1,A,4.0,True,3.71,3.71,Pass
10141,1442418,HK161_CO3057_L01,CO3057,-13,False,,7.8,8.5,8.0,,8.2,B+,3.5,True,3.36,3.39,Pass
10142,1603258,HK161_CO3057_L01,CO3057,-13,False,,8.1,8.3,8.8,,8.4,B+,3.5,True,3.26,3.26,Pass
10146,1537409,HK161_CO3057_L01,CO3057,-13,False,,7.2,6.6,9.9,,7.7,B,3.0,True,3.29,3.3,Pass
10147,1596709,HK161_CO3057_L01,CO3057,-13,False,,8.7,6.9,6.5,,7.1,B,3.0,True,3.71,3.47,Pass
10154,1680544,HK161_CO3057_L01,CO3057,-13,False,,9.2,8.0,8.1,,8.3,B+,3.5,True,3.29,3.29,Pass
10156,1577814,HK161_CO3057_L01,CO3057,-13,False,,8.9,7.6,7.7,,7.9,B,3.0,True,3.29,3.24,Pass
10159,1401467,HK161_CO3057_L01,CO3057,-13,False,,7.7,9.9,7.2,,8.7,A,4.0,True,3.39,3.4,Pass
10160,1434599,HK161_CO3057_L01,CO3057,-13,False,,8.6,8.5,8.4,,8.5,A,4.0,True,3.53,3.41,Pass
10161,1513917,HK161_CO3057_L01,CO3057,-13,False,,5.2,5.4,5.0,,5.2,D+,1.5,True,1.82,1.72,Pass
10162,1426776,HK161_CO3057_L01,CO3057,-13,False,,7.0,8.4,7.3,,7.8,B,3.0,True,3.11,2.95,Pass
10165,1651210,HK161_CO3057_L01,CO3057,-13,False,,4.7,6.6,6.0,,6.0,C,2.0,True,1.85,1.85,Pass
10167,1695997,HK161_CO3057_L01,CO3057,-13,False,,7.7,6.8,6.9,,7.0,B,3.0,True,3.12,3.12,Pass
10168,1649638,HK161_CO3057_L01,CO3057,-13,False,,6.2,5.1,6.0,,5.6,C,2.0,True,2.24,2.24,Pass
10169,1559847,HK161_CO3057_L01,CO3057,-13,False,,7.8,7.3,5.5,,6.9,C+,2.5,True,2.18,2.31,Pass
10170,1407144,HK161_CO3057_L01,CO3057,-13,False,,5.7,6.5,6.5,,6.3,C,2.0,True,2.22,2.36,Pass
10171,1669849,HK161_CO3057_L01,CO3057,-13,False,,7.8,8.6,8.1,,8.3,B+,3.5,True,3.0,3.0,Pass
10177,1458370,HK161_CO3057_L01,CO3057,-13,False,,6.9,6.8,7.1,,6.9,C+,2.5,True,2.69,2.7,Pass
10179,1434752,HK161_CO3057_L01,CO3057,-13,False,,6.5,5.3,5.1,,5.5,C,2.0,True,1.92,1.85,Pass
10180,1676572,HK161_CO3057_L01,CO3057,-13,False,,8.1,8.2,6.9,,7.8,B,3.0,True,3.18,3.18,Pass
10184,1478461,HK161_CO3057_L01,CO3057,-13,False,,5.5,5.8,6.9,,6.1,C,2.0,True,2.28,2.14,Pass
10186,1494107,HK161_CO3057_L01,CO3057,-13,False,,7.9,7.4,7.5,,7.5,B,3.0,True,3.08,3.16,Pass
10188,1432602,HK161_CO3057_L01,CO3057,-13,False,,5.4,4.6,3.8,,4.5,D,1.0,True,1.58,1.66,Pass
10190,1512061,HK161_CO3059_L01,CO3059,-13,False,,5.9,6.2,5.3,,5.9,C,2.0,True,1.76,1.71,Pass
10192,1445180,HK161_CO3059_L01,CO3059,-13,False,,8.6,10.0,10.0,,9.7,A+,4.0,True,4.0,3.95,Pass
10193,1675517,HK161_CO3059_L01,CO3059,-13,False,,8.3,8.9,8.1,,8.5,A,4.0,True,3.47,3.47,Pass
10194,1400243,HK161_CO3059_L01,CO3059,-13,False,,7.2,7.5,6.3,,7.1,B,3.0,True,2.78,2.66,Pass
10195,1685819,HK161_CO3059_L01,CO3059,-13,False,,8.2,8.6,8.2,,8.4,B+,3.5,True,3.62,3.62,Pass
10196,1675786,HK161_CO3059_L01,CO3059,-13,False,,6.8,8.5,7.4,,7.8,B,3.0,True,2.94,2.94,Pass
10197,1441653,HK161_CO3059_L01,CO3059,-13,False,,5.0,4.9,6.1,,5.3,D+,1.5,True,1.56,1.63,Pass
10198,1679489,HK161_CO3059_L01,CO3059,-13,False,,7.3,7.5,6.5,,7.2,B,3.0,True,2.91,2.91,Pass
10199,1468645,HK161_CO3059_L01,CO3059,-13,False,,8.3,8.4,8.8,,8.5,A,4.0,True,3.78,3.47,Pass
10201,1458676,HK161_CO3059_L01,CO3059,-13,False,,5.7,6.2,7.0,,6.3,C,2.0,True,2.5,2.6,Pass
10203,1460979,HK161_CO3059_L01,CO3059,-13,False,,7.2,6.4,6.8,,6.7,C+,2.5,True,2.47,2.35,Pass
10205,1543567,HK161_CO3059_L01,CO3059,-13,False,,7.1,7.8,8.6,,7.9,B,3.0,True,3.26,3.27,Pass
10206,1668918,HK161_CO3059_L01,CO3059,-13,False,,6.9,7.7,8.5,,7.8,B,3.0,True,3.18,3.18,Pass
10207,1663374,HK161_CO3059_L01,CO3059,-13,False,,6.3,7.9,6.1,,7.0,B,3.0,True,2.32,2.32,Pass
10211,1625455,HK161_CO3059_L01,CO3059,-13,False,,6.3,6.8,6.1,,6.5,C+,2.5,True,2.5,2.5,Pass
10212,1513622,HK161_CO3059_L01,CO3059,-13,False,,9.0,10.0,8.8,,9.4,A,4.0,True,3.9,3.94,Pass
10215,1672621,HK161_CO3059_L01,CO3059,-13,False,,6.3,7.3,7.7,,7.2,B,3.0,True,2.5,2.5,Pass
10216,1402848,HK161_CO3059_L01,CO3059,-13,False,,8.3,8.3,6.8,,7.9,B,3.0,True,3.14,3.2,Pass
10217,1406991,HK161_CO3059_L01,CO3059,-13,False,,6.2,6.7,7.3,,6.8,C+,2.5,True,2.47,2.49,Pass
10219,1590256,HK161_CO3059_L01,CO3059,-13,False,,8.5,7.7,8.5,,8.1,B+,3.5,True,3.29,3.33,Pass
10220,1632323,HK161_CO3059_L01,CO3059,-13,False,,5.4,7.0,7.3,,6.8,C+,2.5,True,2.65,2.65,Pass
10222,1449476,HK161_CO3059_L01,CO3059,-13,False,,9.3,7.5,7.9,,8.0,B+,3.5,True,3.31,3.23,Pass
10223,1566595,HK161_CO3059_L01,CO3059,-13,False,,7.0,7.0,7.2,,7.1,B,3.0,True,2.32,2.46,Pass
10224,1584436,HK161_CO3059_L01,CO3059,-13,False,,8.6,6.7,8.5,,7.6,B,3.0,True,3.18,3.33,Pass
10225,1500083,HK161_CO3059_L01,CO3059,-13,False,,7.2,9.7,8.3,,8.8,A,4.0,True,3.47,3.37,Pass
10226,1577519,HK161_CO3059_L01,CO3059,-13,False,,7.8,8.3,8.2,,8.2,B+,3.5,True,3.21,3.34,Pass
10229,1692832,HK161_CO3059_L01,CO3059,-13,False,,8.3,8.7,7.7,,8.3,B+,3.5,True,3.5,3.5,Pass
10233,1597342,HK161_CO3059_L01,CO3059,-13,False,,6.8,7.0,5.7,,6.6,C+,2.5,True,2.18,2.24,Pass
10234,1622952,HK161_CO3059_L01,CO3059,-13,False,,7.0,4.8,7.3,,6.0,C,2.0,True,1.79,1.79,Pass
10235,1636957,HK161_CO3059_L01,CO3059,-13,False,,8.9,7.8,8.8,,8.3,B+,3.5,True,3.56,3.56,Pass
10236,1469873,HK161_CO3059_L01,CO3059,-13,False,,7.8,9.2,8.1,,8.6,A,4.0,True,3.33,3.26,Pass
10237,1574609,HK161_CO3059_L01,CO3059,-13,False,,7.3,5.9,7.1,,6.5,C+,2.5,True,2.44,2.33,Pass
10238,1599324,HK161_CO3059_L01,CO3059,-13,False,,7.7,8.5,8.4,,8.3,B+,3.5,True,3.41,3.42,Pass
10240,1507633,HK161_CO3059_L01,CO3059,-13,False,,9.3,7.6,8.6,,8.2,B+,3.5,True,3.71,3.4,Pass
10243,1553858,HK161_CO3059_L01,CO3059,-13,False,,9.0,7.2,7.4,,7.6,B,3.0,True,3.41,3.34,Pass
10244,1570138,HK161_CO3059_L01,CO3059,-13,False,,6.6,6.3,6.8,,6.5,C+,2.5,True,2.76,2.39,Pass
10245,1532053,HK161_CO3059_L01,CO3059,-13,False,,6.6,6.5,6.5,,6.5,C+,2.5,True,2.47,2.43,Pass
10247,1463431,HK161_CO3059_L01,CO3059,-13,False,,6.5,7.4,7.7,,7.3,B,3.0,True,3.47,3.52,Pass
10250,1458523,HK161_CO3059_L01,CO3059,-13,False,,8.0,7.6,8.5,,8.0,B+,3.5,True,3.25,3.12,Pass
10251,1518978,HK161_CO3059_L01,CO3059,-13,False,,6.2,6.3,6.3,,6.3,C,2.0,True,2.18,1.91,Pass
10253,1594727,HK161_CO3059_L01,CO3059,-13,False,,8.8,7.6,8.9,,8.2,B+,3.5,True,3.62,3.48,Pass
10255,1477696,HK161_CO3059_L01,CO3059,-13,False,,7.7,7.0,5.9,,6.8,C+,2.5,True,2.53,2.62,Pass
10256,1573048,HK161_CO3059_L01,CO3059,-13,False,,9.8,8.2,7.5,,8.3,B+,3.5,True,3.18,3.34,Pass
10257,1402083,HK161_CO3059_L01,CO3059,-13,False,,6.4,6.5,6.8,,6.6,C+,2.5,True,2.44,2.56,Pass
10258,1644611,HK161_CO3059_L01,CO3059,-13,False,,8.4,7.9,8.0,,8.0,B+,3.5,True,3.18,3.18,Pass
10259,1557696,HK161_CO3061_L01,CO3061,-13,False,5.0,4.3,5.3,5.4,,5.1,D+,1.5,True,1.82,1.91,Pass
10266,1442112,HK161_CO3061_L01,CO3061,-13,False,6.7,6.6,7.6,7.6,,7.3,B,3.0,True,3.22,3.24,Pass
10267,1508856,HK161_CO3061_L01,CO3061,-13,False,7.8,9.1,7.5,7.1,,7.8,B,3.0,True,3.39,3.39,Pass
10268,1610395,HK161_CO3061_L01,CO3061,-13,False,7.6,6.2,6.2,7.2,,6.5,C+,2.5,True,2.47,2.47,Pass
10269,1489199,HK161_CO3061_L01,CO3061,-13,False,5.5,5.0,4.6,4.0,,4.7,D,1.0,True,1.39,1.56,Pass
10271,1646597,HK161_CO3061_L01,CO3061,-13,False,8.0,8.4,8.8,8.4,,8.6,A,4.0,True,3.29,3.29,Pass
10272,1517924,HK161_CO3061_L01,CO3061,-13,False,8.1,9.1,6.9,7.1,,7.5,B,3.0,True,3.21,3.2,Pass
10273,1615546,HK161_CO3061_L01,CO3061,-13,False,9.1,7.9,9.1,6.7,,8.4,B+,3.5,True,3.06,3.06,Pass
10274,1578573,HK161_CO3061_L01,CO3061,-13,False,5.7,7.6,6.6,5.6,,6.5,C+,2.5,True,2.65,2.54,Pass
10277,1435517,HK161_CO3061_L01,CO3061,-13,False,7.8,7.9,8.6,8.7,,8.4,B+,3.5,True,3.33,3.29,Pass
10278,1413739,HK161_CO3061_L01,CO3061,-13,False,6.5,7.7,7.4,8.3,,7.6,B,3.0,True,3.28,3.34,Pass
10280,1428616,HK161_CO3061_L01,CO3061,-13,False,7.0,9.3,7.5,6.8,,7.7,B,3.0,True,2.5,2.27,Pass
10289,1490427,HK161_CO3061_L01,CO3061,-13,False,5.8,8.1,6.2,5.2,,6.3,C,2.0,True,2.53,2.51,Pass
10290,1427388,HK161_CO3061_L01,CO3061,-13,False,7.3,6.0,7.3,7.4,,7.1,B,3.0,True,2.42,2.22,Pass
10296,1422021,HK161_CO3061_L01,CO3061,-13,False,5.3,7.3,4.6,5.2,,5.3,D+,1.5,True,1.53,1.7,Pass
10298,1589961,HK161_CO3061_L01,CO3061,-13,False,8.5,8.0,7.3,7.5,,7.6,B,3.0,True,3.47,3.24,Pass
10300,1614367,HK161_CO3061_L01,CO3061,-13,False,6.3,6.2,6.8,7.4,,6.8,C+,2.5,True,2.32,2.32,Pass
10302,1521129,HK161_CO3061_L01,CO3061,-13,False,8.6,8.3,8.2,9.7,,8.6,A,4.0,True,4.0,4.0,Pass
10303,1578278,HK161_CO3061_L01,CO3061,-13,False,7.1,7.7,8.8,7.6,,8.2,B+,3.5,True,3.09,3.06,Pass
10304,1433218,HK161_CO3061_L01,CO3061,-13,False,7.6,7.1,6.9,8.0,,7.2,B,3.0,True,3.31,3.14,Pass
10306,1500716,HK161_CO3061_L01,CO3061,-13,False,8.5,6.3,7.8,7.9,,7.6,B,3.0,True,3.5,3.47,Pass
10307,1487359,HK161_CO3061_L01,CO3061,-13,False,8.1,8.3,7.7,8.3,,8.0,B+,3.5,True,3.44,3.32,Pass
10309,1658740,HK161_CO3061_L01,CO3061,-13,False,7.4,7.6,8.0,7.4,,7.7,B,3.0,True,2.97,2.97,Pass
10311,1664036,HK161_CO3061_L01,CO3061,-13,False,7.6,6.0,5.5,6.2,,6.0,C,2.0,True,2.35,2.35,Pass
10312,1525431,HK161_CO3061_L01,CO3061,-13,False,9.4,7.7,8.9,7.9,,8.5,A,4.0,True,3.41,3.35,Pass
10314,1583508,HK161_CO3061_L01,CO3061,-13,False,7.5,5.8,6.0,6.0,,6.1,C,2.0,True,2.24,2.35,Pass
10317,1564318,HK161_CO3061_L01,CO3061,-13,False,6.9,7.8,9.1,8.3,,8.5,A,4.0,True,3.5,3.4,Pass
10318,1633254,HK161_CO3065_L01,CO3065,-13,False,,7.9,8.9,,8.0,8.5,A,4.0,True,3.53,3.53,Pass
10319,1671566,HK161_CO3065_L01,CO3065,-13,False,,6.7,6.9,,6.2,6.7,C+,2.5,True,2.32,2.32,Pass
10320,1641570,HK161_CO3065_L01,CO3065,-13,False,,8.7,7.9,,8.1,8.1,B+,3.5,True,3.41,3.41,Pass
10321,1528046,HK161_CO3065_L01,CO3065,-13,False,,6.4,6.7,,7.4,6.8,C+,2.5,True,3.12,3.3,Pass
10322,1698376,HK161_CO3065_L01,CO3065,-13,False,,8.3,8.1,,8.2,8.2,B+,3.5,True,3.44,3.44,Pass
10323,1461744,HK161_CO3065_L01,CO3065,-13,False,,7.5,6.0,,8.5,6.8,C+,2.5,True,2.5,2.41,Pass
10324,1692563,HK161_CO3065_L01,CO3065,-13,False,,7.9,7.2,,7.2,7.3,B,3.0,True,3.12,3.12,Pass
10326,1644880,HK161_CO3065_L01,CO3065,-13,False,,6.4,7.5,,7.0,7.2,B,3.0,True,2.47,2.47,Pass
10331,1468186,HK161_CO3065_L01,CO3065,-13,False,,5.9,5.5,,6.5,5.8,C,2.0,True,2.28,2.39,Pass
10332,1687681,HK161_CO3065_L01,CO3065,-13,False,,8.2,8.6,,6.9,8.2,B+,3.5,True,3.32,3.32,Pass
10333,1569969,HK161_CO3065_L01,CO3065,-13,False,,5.9,6.4,,6.4,6.3,C,2.0,True,2.62,2.41,Pass
10336,1564908,HK161_CO3065_L01,CO3065,-13,False,,7.4,6.1,,8.1,6.8,C+,2.5,True,2.62,2.7,Pass
10339,1664553,HK161_CO3065_L01,CO3065,-13,False,,8.3,6.6,,7.8,7.2,B,3.0,True,3.12,3.12,Pass
10340,1420946,HK161_CO3065_L01,CO3065,-13,False,,8.2,6.6,,6.6,6.9,C+,2.5,True,3.06,3.18,Pass
10342,1477849,HK161_CO3065_L01,CO3065,-13,False,,8.1,7.2,,8.3,7.6,B,3.0,True,3.31,3.32,Pass
10344,1443952,HK161_CO3065_L01,CO3065,-13,False,,4.6,5.9,,6.5,5.8,C,2.0,True,2.11,1.95,Pass
10345,1437051,HK161_CO3065_L01,CO3065,-13,False,,7.6,6.0,,7.3,6.6,C+,2.5,True,2.61,2.77,Pass
10346,1613436,HK161_CO3065_L01,CO3065,-13,False,,6.7,7.6,,5.7,7.0,B,3.0,True,2.47,2.47,Pass
10347,1689915,HK161_CO3065_L01,CO3065,-13,False,,6.9,8.2,,7.0,7.7,B,3.0,True,2.65,2.65,Pass
10352,1420028,HK161_CO3065_L01,CO3065,-13,False,,7.8,7.6,,10.0,8.1,B+,3.5,True,3.19,3.16,Pass
10353,1507169,HK161_CO3065_L01,CO3065,-13,False,,4.7,6.3,,7.1,6.1,C,2.0,True,2.29,2.34,Pass
10354,1662443,HK161_CO3065_L01,CO3065,-13,False,,9.0,7.3,,9.1,8.0,B+,3.5,True,3.5,3.5,Pass
10355,1683047,HK161_CO3065_L01,CO3065,-13,False,,9.0,8.9,,7.5,8.6,A,4.0,True,3.79,3.79,Pass
10357,1697983,HK161_CO3065_L01,CO3065,-13,False,,7.7,7.4,,8.8,7.7,B,3.0,True,3.0,3.0,Pass
10361,1436592,HK161_CO3065_L01,CO3065,-13,False,,8.7,8.0,,9.1,8.4,B+,3.5,True,3.53,3.53,Pass
10362,1693887,HK161_CO3065_L01,CO3065,-13,False,,6.6,6.8,,7.7,6.9,C+,2.5,True,3.03,3.03,Pass
10363,1485672,HK161_CO3065_L01,CO3065,-13,False,,6.4,7.5,,6.6,7.1,B,3.0,True,2.53,2.6,Pass
10364,1673945,HK161_CO3065_L01,CO3065,-13,False,,9.3,8.7,,8.8,8.8,A,4.0,True,3.29,3.29,Pass
10365,1430915,HK161_CO3065_L01,CO3065,-13,False,,6.9,5.5,,6.6,6.0,C,2.0,True,2.42,2.59,Pass
10367,1406069,HK161_CO3065_L01,CO3065,-13,False,,4.5,8.0,,6.6,7.0,B,3.0,True,2.61,2.54,Pass
10370,1424167,HK161_CO3065_L01,CO3065,-13,False,,5.8,4.6,,6.0,5.1,D+,1.5,True,1.28,1.52,Pass
10373,1618856,HK161_CO3065_L01,CO3065,-13,False,,8.0,8.3,,7.5,8.1,B+,3.5,True,3.47,3.47,Pass
10377,1587810,HK161_CO3065_L01,CO3065,-13,False,,8.7,7.1,,7.0,7.4,B,3.0,True,3.21,3.03,Pass
10379,1652141,HK161_CO3067_L01,CO3067,-13,False,,7.9,7.2,6.6,,7.2,B,3.0,True,2.5,2.5,Pass
10380,1688736,HK161_CO3067_L01,CO3067,-13,False,,7.1,7.1,7.8,,7.3,B,3.0,True,2.68,2.68,Pass
10381,1599029,HK161_CO3067_L01,CO3067,-13,False,,7.7,8.4,7.3,,7.9,B,3.0,True,3.35,3.27,Pass
10383,1517755,HK161_CO3067_L01,CO3067,-13,False,,8.1,7.4,8.2,,7.8,B,3.0,True,3.0,3.06,Pass
10384,1577055,HK161_CO3067_L01,CO3067,-13,False,,8.7,8.0,8.1,,8.2,B+,3.5,True,3.21,3.24,Pass
10386,1549092,HK161_CO3067_L01,CO3067,-13,False,,5.8,9.1,7.8,,8.1,B+,3.5,True,3.18,3.19,Pass
10388,1510079,HK161_CO3067_L01,CO3067,-13,False,,6.6,8.1,6.9,,7.4,B,3.0,True,2.65,2.33,Pass
10392,1582749,HK161_CO3067_L01,CO3067,-13,False,,8.4,6.3,6.9,,6.9,C+,2.5,True,2.35,2.38,Pass
10393,1427694,HK161_CO3067_L01,CO3067,-13,False,,5.7,3.8,5.2,,4.6,D,1.0,True,1.58,1.5,Pass
10394,1404382,HK161_CO3067_L01,CO3067,-13,False,,6.9,6.7,6.1,,6.6,C+,2.5,True,2.53,2.39,Pass
10396,1570897,HK161_CO3067_L01,CO3067,-13,False,,9.8,9.5,9.4,,9.5,A+,4.0,True,4.0,3.96,Pass
10397,1572753,HK161_CO3067_L01,CO3067,-13,False,,8.5,8.0,6.8,,7.7,B,3.0,True,3.21,3.45,Pass
10398,1681868,HK161_CO3067_L01,CO3067,-13,False,,7.5,9.2,8.9,,8.8,A,4.0,True,3.41,3.41,Pass
10399,1674462,HK161_CO3067_L01,CO3067,-13,False,,8.6,7.7,9.6,,8.4,B+,3.5,True,3.91,3.91,Pass
10401,1508392,HK161_CO3067_L01,CO3067,-13,False,,6.2,6.1,6.7,,6.3,C,2.0,True,2.0,2.24,Pass
10403,1658885,HK161_CO3067_L01,CO3067,-13,False,,5.3,7.0,5.6,,6.2,C,2.0,True,1.53,1.53,Pass
10406,1604582,HK161_CO3067_L01,CO3067,-13,False,,8.2,7.8,8.6,,8.1,B+,3.5,True,3.53,3.53,Pass
10407,1588864,HK161_CO3067_L01,CO3067,-13,False,,6.8,5.4,7.3,,6.2,C,2.0,True,2.76,2.51,Pass
10408,1610788,HK161_CO3067_L01,CO3067,-13,False,,7.2,7.2,7.8,,7.4,B,3.0,True,3.24,3.24,Pass
10412,1661264,HK161_CO3067_L01,CO3067,-13,False,,9.9,9.8,9.0,,9.6,A+,4.0,True,4.0,4.0,Pass
10415,1699700,HK161_CO3067_L01,CO3067,-13,False,,8.1,7.7,8.3,,8.0,B+,3.5,True,3.32,3.32,Pass
10416,1571994,HK161_CO3067_L01,CO3067,-13,False,,8.1,9.2,8.6,,8.8,A,4.0,True,3.5,3.52,Pass
10417,1618318,HK161_CO3067_L01,CO3067,-13,False,,5.3,5.8,6.3,,5.8,C,2.0,True,2.0,2.0,Pass
10421,1659402,HK161_CO3067_L01,CO3067,-13,False,,8.1,7.7,6.1,,7.3,B,3.0,True,2.44,2.44,Pass
10422,1606692,HK161_CO3067_L01,CO3067,-13,False,,9.5,8.1,8.2,,8.4,B+,3.5,True,3.09,3.09,Pass
10425,1431531,HK161_CO3067_L01,CO3067,-13,False,,7.2,6.0,5.6,,6.1,C,2.0,True,2.28,2.1,Pass
10426,1513284,HK161_CO3067_L01,CO3067,-13,False,,7.7,7.7,7.4,,7.6,B,3.0,True,3.24,3.13,Pass
10427,1577350,HK161_CO3067_L01,CO3067,-13,False,,7.8,8.1,7.8,,7.9,B,3.0,True,3.12,3.12,Pass
10430,1530366,HK161_CO3067_L01,CO3067,-13,False,,7.3,8.1,8.9,,8.2,B+,3.5,True,3.53,3.47,Pass
10433,1589497,HK161_CO3067_L01,CO3067,-13,False,,8.5,9.2,8.0,,8.7,A,4.0,True,3.5,3.45,Pass
10436,1600486,HK161_CO3067_L01,CO3067,-13,False,,6.6,5.5,4.3,,5.4,D+,1.5,True,1.71,1.71,Pass
10437,1674855,HK161_CO3067_L01,CO3067,-13,False,,6.6,5.3,6.5,,5.9,C,2.0,True,2.06,2.06,Pass
10438,1424936,HK161_CO3067_L01,CO3067,-13,False,,7.3,9.1,7.3,,8.2,B+,3.5,True,3.17,3.12,Pass
10446,1536819,HK161_CO3069_L01,CO3069,-13,False,,8.0,6.0,8.3,,7.1,B,3.0,True,3.18,3.02,Pass
10454,1572289,HK161_CO3069_L01,CO3069,-13,False,,7.5,6.2,6.2,,6.5,C+,2.5,True,2.41,2.14,Pass
10456,1643556,HK161_CO3069_L01,CO3069,-13,False,,6.6,7.1,6.5,,6.8,C+,2.5,True,2.65,2.65,Pass
10457,1473553,HK161_CO3069_L01,CO3069,-13,False,,7.8,7.4,8.3,,7.8,B,3.0,True,3.14,3.33,Pass
10458,1606030,HK161_CO3069_L01,CO3069,-13,False,,6.3,7.0,7.5,,7.0,B,3.0,True,2.65,2.65,Pass
10463,1432296,HK161_CO3069_L01,CO3069,-13,False,,8.2,7.0,7.6,,7.4,B,3.0,True,3.11,3.31,Pass
10464,1456683,HK161_CO3069_L01,CO3069,-13,False,,8.8,8.0,8.7,,8.4,B+,3.5,True,3.44,3.36,Pass
10465,1670366,HK161_CO3069_L01,CO3069,-13,False,,6.1,7.3,6.0,,6.7,C+,2.5,True,2.62,2.62,Pass
10466,1492573,HK161_CO3069_L01,CO3069,-13,False,,7.9,7.7,6.6,,7.4,B,3.0,True,2.94,2.83,Pass
10468,1548628,HK161_CO3069_L01,CO3069,-13,False,,7.3,6.9,7.5,,7.2,B,3.0,True,2.76,2.7,Pass
10469,1522226,HK161_CO3069_L01,CO3069,-13,False,,8.2,9.2,7.4,,8.5,A,4.0,True,3.71,3.52,Pass
10471,1438279,HK161_CO3069_L01,CO3069,-13,False,,8.4,7.0,8.1,,7.6,B,3.0,True,3.28,3.42,Pass
10472,1499015,HK161_CO3069_L01,CO3069,-13,False,,7.4,8.1,7.4,,7.8,B,3.0,True,3.67,3.37,Pass
10475,1613829,HK161_CO3069_L01,CO3069,-13,False,,6.8,7.0,7.7,,7.2,B,3.0,True,2.62,2.62,Pass
10476,1581821,HK161_CO3069_L01,CO3069,-13,False,,7.8,8.4,7.6,,8.0,B+,3.5,True,3.38,3.32,Pass
10477,1685302,HK161_CO3069_L01,CO3069,-13,False,,7.8,6.5,7.8,,7.2,B,3.0,True,3.38,3.38,Pass
10482,1474016,HK161_CO3069_L01,CO3069,-13,False,,6.4,7.2,5.3,,6.5,C+,2.5,True,2.08,2.09,Pass
10483,1593630,HK161_CO3069_L01,CO3069,-13,False,,8.7,7.6,8.8,,8.2,B+,3.5,True,3.53,3.39,Pass
10485,1449629,HK161_CO3069_L01,CO3069,-13,False,,7.1,7.5,8.8,,7.8,B,3.0,True,3.25,3.3,Pass
10486,1412511,HK161_CO3069_L01,CO3069,-13,False,,7.8,7.7,7.2,,7.6,B,3.0,True,3.19,3.37,Pass
10487,1455149,HK161_CO3069_L01,CO3069,-13,False,,10.0,9.5,10.0,,9.8,A+,4.0,True,4.0,4.0,Pass
10489,1538337,HK161_CO3071_L01,CO3071,-13,False,,8.5,6.2,6.6,,6.8,C+,2.5,True,2.5,2.44,Pass
10490,1527877,HK161_CO3071_L01,CO3071,-13,False,,7.0,6.3,5.9,,6.3,C,2.0,True,2.62,2.69,Pass
10491,1651355,HK161_CO3071_L01,CO3071,-13,False,,6.8,7.3,7.0,,7.1,B,3.0,True,2.71,2.71,Pass
10493,1670635,HK161_CO3071_L01,CO3071,-13,False,,5.4,6.3,7.7,,6.5,C+,2.5,True,2.56,2.56,Pass
10495,1452697,HK161_CO3071_L01,CO3071,-13,False,,7.3,8.8,8.6,,8.4,B+,3.5,True,3.11,3.3,Pass
10496,1425548,HK161_CO3071_L01,CO3071,-13,False,,7.9,8.8,7.8,,8.3,B+,3.5,True,3.11,3.27,Pass
10498,1582875,HK161_CO3071_L01,CO3071,-13,False,,8.6,7.5,7.5,,7.7,B,3.0,True,3.18,3.36,Pass
10501,1535722,HK161_CO3071_L01,CO3071,-13,False,,6.3,6.8,6.3,,6.5,C+,2.5,True,2.29,2.15,Pass
10503,1467574,HK161_CO3071_L01,CO3071,-13,False,,6.9,7.6,6.9,,7.2,B,3.0,True,2.69,2.59,Pass
10504,1572120,HK161_CO3071_L01,CO3071,-13,False,,7.4,6.1,6.3,,6.4,C+,2.5,True,2.47,2.61,Pass
10506,1574271,HK161_CO3071_L01,CO3071,-13,False,,7.6,6.4,7.7,,7.0,B,3.0,True,3.03,3.05,Pass
10513,1475087,HK161_CO3071_L01,CO3071,-13,False,,10.0,9.7,9.8,,9.8,A+,4.0,True,4.0,4.0,Pass
10514,1550948,HK161_CO3071_L01,CO3071,-13,False,,7.4,8.8,8.5,,8.4,B+,3.5,True,3.09,3.08,Pass
10516,1468033,HK161_CO3071_L01,CO3071,-13,False,,7.6,7.4,6.8,,7.3,B,3.0,True,3.03,3.21,Pass
10517,1410365,HK161_CO3071_L01,CO3071,-13,False,,9.3,7.5,9.8,,8.6,A,4.0,True,3.81,3.85,Pass
10519,1415885,HK161_CO3071_L01,CO3071,-13,False,,8.7,8.0,7.4,,8.0,B+,3.5,True,3.06,3.13,Pass
10521,1482757,HK161_CO3071_L01,CO3071,-13,False,,6.3,6.6,7.2,,6.7,C+,2.5,True,2.42,2.4,Pass
10523,1514676,HK161_CO3071_L01,CO3071,-13,False,,9.0,7.8,7.7,,8.0,B+,3.5,True,3.62,3.37,Pass
10525,1647259,HK161_CO3071_L01,CO3071,-13,False,,5.9,6.1,8.3,,6.7,C+,2.5,True,2.47,2.47,Pass
10527,1415426,HK161_CO3071_L01,CO3071,-13,False,,7.3,4.2,4.9,,5.0,D+,1.5,True,1.53,1.59,Pass
10529,1588105,HK161_CO3071_L01,CO3071,-13,False,,4.6,6.6,5.8,,6.0,C,2.0,True,1.79,1.81,Pass
10530,1417113,HK161_CO3071_L01,CO3071,-13,False,,7.5,6.7,9.0,,7.5,B,3.0,True,3.28,3.2,Pass
10532,1447020,HK161_CO3071_L01,CO3071,-13,False,,9.8,7.5,7.5,,8.0,B+,3.5,True,3.47,3.38,Pass
10533,1559552,HK161_CO3071_L01,CO3071,-13,False,,7.5,5.5,7.4,,6.5,C+,2.5,True,2.5,2.45,Pass
10536,1605906,HK161_CO3071_L01,CO3071,-13,False,,7.6,7.7,6.5,,7.3,B,3.0,True,2.79,2.79,Pass
10538,1453615,HK161_CO3071_L01,CO3071,-13,False,,6.7,5.1,4.2,,5.2,D+,1.5,True,1.92,1.87,Pass
10539,1420181,HK161_CO3071_L01,CO3071,-13,False,,8.1,7.5,7.8,,7.7,B,3.0,True,3.44,3.33,Pass
10542,1533276,HK161_CO3071_L01,CO3071,-13,False,,7.9,8.2,7.4,,7.9,B,3.0,True,3.38,3.28,Pass
10544,1532812,HK161_CO3071_L01,CO3071,-13,False,,8.4,10.0,8.5,,9.2,A,4.0,True,3.5,3.53,Pass
10550,1484291,HK161_CO3071_L01,CO3071,-13,False,,7.1,7.8,7.1,,7.4,B,3.0,True,3.0,3.03,Pass
10552,1685426,HK161_CO3071_L01,CO3071,-13,False,,7.3,8.6,8.5,,8.3,B+,3.5,True,3.18,3.18,Pass
10553,1650817,HK161_CO3071_L01,CO3071,-13,False,,8.3,8.8,7.9,,8.4,B+,3.5,True,3.41,3.41,Pass
10556,1697714,HK161_CO3083_L01,CO3083,-13,False,,5.6,7.3,,7.3,7.0,B,3.0,True,2.68,2.68,Pass
10557,1634971,HK161_CO3083_L01,CO3083,-13,False,,5.5,6.8,,6.9,6.6,C+,2.5,True,2.35,2.35,Pass
10559,1448401,HK161_CO3083_L01,CO3083,-13,False,,8.1,8.6,,8.0,8.4,B+,3.5,True,3.31,3.24,Pass
10562,1569505,HK161_CO3083_L01,CO3083,-13,False,,7.3,6.9,,7.1,7.0,B,3.0,True,2.68,2.55,Pass
10563,1634702,HK161_CO3083_L01,CO3083,-13,False,,8.3,7.8,,7.4,7.8,B,3.0,True,3.44,3.44,Pass
10565,1632592,HK161_CO3083_L01,CO3083,-13,False,,6.0,5.9,,7.3,6.2,C,2.0,True,2.38,2.38,Pass
10569,1426929,HK161_CO3083_L01,CO3083,-13,False,,6.2,6.6,,6.3,6.5,C+,2.5,True,2.58,2.56,Pass
10570,1622807,HK161_CO3083_L01,CO3083,-13,False,,8.5,8.8,,8.1,8.6,A,4.0,True,3.79,3.79,Pass
10571,1464200,HK161_CO3083_L01,CO3083,-13,False,,7.4,6.6,,5.9,6.6,C+,2.5,True,2.28,2.3,Pass
10574,1541247,HK161_CO3083_L01,CO3083,-13,False,,6.5,5.8,,8.3,6.4,C+,2.5,True,2.09,2.41,Pass
10576,1666415,HK161_CO3083_L01,CO3083,-13,False,,7.5,8.0,,7.4,7.8,B,3.0,True,3.32,3.32,Pass
10578,1408984,HK161_CO3083_L01,CO3083,-13,False,,7.0,6.7,,7.6,6.9,C+,2.5,True,3.14,3.06,Pass
10579,1593799,HK161_CO3083_L01,CO3083,-13,False,,7.5,7.5,,9.3,7.9,B,3.0,True,3.29,3.17,Pass
10580,1542470,HK161_CO3083_L01,CO3083,-13,False,,8.9,7.7,,7.4,7.9,B,3.0,True,3.12,3.1,Pass
10582,1540319,HK161_CO3083_L01,CO3083,-13,False,,10.0,8.2,,9.1,8.7,A,4.0,True,3.38,3.17,Pass
10583,1482451,HK161_CO3083_L01,CO3083,-13,False,,5.4,3.3,,3.6,3.8,F,0.0,False,0.63,1.02,Fail
10584,1501939,HK161_CO3083_L01,CO3083,-13,False,,7.9,8.9,,7.5,8.4,B+,3.5,True,3.38,3.24,Pass
10585,1595486,HK161_CO3083_L01,CO3083,-13,False,,7.8,9.0,,7.6,8.5,A,4.0,True,3.5,3.34,Pass
10586,1530956,HK161_CO3083_L01,CO3083,-13,False,,7.7,9.1,,8.0,8.6,A,4.0,True,3.38,3.14,Pass
10588,1470795,HK161_CO3083_L01,CO3083,-13,False,,5.7,6.9,,6.5,6.6,C+,2.5,True,2.42,2.56,Pass
10589,1635364,HK161_CO3083_L01,CO3083,-13,False,,6.7,5.8,,7.9,6.4,C+,2.5,True,2.29,2.29,Pass
10593,1557527,HK161_CO3083_L01,CO3083,-13,False,,5.8,5.8,,6.1,5.9,C,2.0,True,1.76,1.7,Pass
10596,1410059,HK161_CO3083_L01,CO3083,-13,False,,6.4,6.3,,6.9,6.4,C+,2.5,True,2.44,2.55,Pass
10597,1440119,HK161_CO3083_L01,CO3083,-13,False,,7.9,8.1,,7.7,8.0,B+,3.5,True,3.28,3.38,Pass
10598,1617532,HK161_CO3083_L01,CO3083,-13,False,,5.4,5.3,,6.0,5.5,C,2.0,True,1.71,1.71,Pass
10600,1581357,HK161_CO3083_L01,CO3083,-13,False,,8.5,8.3,,7.7,8.2,B+,3.5,True,3.56,3.39,Pass
10603,1587177,HK161_CO3083_L01,CO3083,-13,False,,6.6,6.5,,7.8,6.8,C+,2.5,True,2.91,2.8,Pass
10605,1647652,HK161_CO3083_L01,CO3083,-13,False,,6.3,8.1,,5.4,7.2,B,3.0,True,1.79,1.79,Pass
10606,1601417,HK161_CO3083_L01,CO3083,-13,False,,10.0,10.0,,10.0,10.0,A+,4.0,True,3.9,3.9,Pass
10607,1684640,HK161_CO3083_L01,CO3083,-13,False,,5.3,6.6,,7.8,6.6,C+,2.5,True,2.29,2.29,Pass
10608,1428157,HK161_CO3083_L01,CO3083,-13,False,,5.2,5.5,,7.4,5.8,C,2.0,True,1.78,1.79,Pass
10610,1407450,HK161_CO3083_L01,CO3083,-13,False,,7.8,7.4,,8.6,7.7,B,3.0,True,3.08,3.15,Pass
10612,1654913,HK161_CO3083_L01,CO3083,-13,False,,9.0,10.0,,9.1,9.6,A+,4.0,True,3.91,3.91,Pass
10619,1653858,HK161_CO3085_L01,CO3085,-13,False,,5.0,3.8,6.5,,4.8,D,1.0,True,1.53,1.53,Pass
10620,1630213,HK161_CO3085_L01,CO3085,-13,False,,7.3,8.0,7.8,,7.8,B,3.0,True,2.91,2.91,Pass
10623,1563854,HK161_CO3085_L01,CO3085,-13,False,,4.4,4.8,5.3,,4.9,D,1.0,True,1.74,1.71,Pass
10626,1477390,HK161_CO3085_L01,CO3085,-13,False,,9.0,8.0,7.8,,8.1,B+,3.5,True,3.39,3.28,Pass
10631,1667325,HK161_CO3085_L01,CO3085,-13,False,,7.3,8.3,8.1,,8.0,B+,3.5,True,3.41,3.41,Pass
10632,1622290,HK161_CO3085_L01,CO3085,-13,False,,8.3,9.2,7.9,,8.6,A,4.0,True,3.18,3.18,Pass
10633,1417878,HK161_CO3085_L01,CO3085,-13,False,,7.2,7.7,6.3,,7.2,B,3.0,True,2.36,2.48,Pass
10634,1542639,HK161_CO3085_L01,CO3085,-13,False,,9.3,6.2,8.9,,7.6,B,3.0,True,3.09,3.1,Pass
10635,1562757,HK161_CO3085_L01,CO3085,-13,False,,8.4,7.8,8.5,,8.1,B+,3.5,True,3.29,3.06,Pass
10638,1419106,HK161_CO3085_L01,CO3085,-13,False,,6.6,7.6,6.6,,7.1,B,3.0,True,2.42,2.33,Pass
10641,1694673,HK161_CO3085_L01,CO3085,-13,False,,2.9,2.4,4.0,,3.0,F,0.0,False,0.58,1.0,Fail
10642,1480611,HK161_CO3085_L01,CO3085,-13,False,,7.5,8.4,4.6,,7.1,B,3.0,True,3.11,3.26,Pass
10643,1610002,HK161_CO3085_L01,CO3085,-13,False,,7.1,7.7,7.2,,7.4,B,3.0,True,2.97,2.97,Pass
10644,1486437,HK161_CO3085_L01,CO3085,-13,False,,7.3,7.2,8.3,,7.6,B,3.0,True,3.14,3.1,Pass
10645,1528974,HK161_CO3085_L01,CO3085,-13,False,,5.0,5.5,5.9,,5.5,C,2.0,True,2.0,2.03,Pass
10647,1605513,HK161_CO3085_L01,CO3085,-13,False,,8.5,7.0,8.4,,7.7,B,3.0,True,3.21,3.21,Pass
10648,1423402,HK161_CO3085_L01,CO3085,-13,False,,5.7,5.2,5.9,,5.5,C,2.0,True,1.92,1.81,Pass
10649,1589328,HK161_CO3085_L01,CO3085,-13,False,,6.9,7.9,8.3,,7.8,B,3.0,True,3.44,3.28,Pass
10650,1684247,HK161_CO3085_L01,CO3085,-13,False,,5.9,4.2,5.5,,4.9,D,1.0,True,1.26,1.26,Pass
10651,1411283,HK161_CO3085_L01,CO3085,-13,False,,5.9,9.9,8.4,,8.7,A,4.0,True,3.89,3.91,Pass
10652,1422480,HK161_CO3085_L01,CO3085,-13,False,,7.8,7.9,7.7,,7.8,B,3.0,True,3.22,3.3,Pass
10653,1578911,HK161_CO3085_L01,CO3085,-13,False,,8.3,7.1,10.0,,8.2,B+,3.5,True,3.18,3.39,Pass
10659,1408525,HK161_CO3085_L01,CO3085,-13,False,,4.5,6.5,4.8,,5.6,C,2.0,True,1.94,1.69,Pass
10660,1694156,HK161_CO3085_L01,CO3085,-13,False,,7.7,9.0,6.9,,8.1,B+,3.5,True,3.38,3.38,Pass
10663,1412664,HK161_CO3085_L01,CO3085,-13,False,,7.0,6.6,4.7,,6.1,C,2.0,True,2.36,2.48,Pass
10664,1400549,HK161_CO3085_L01,CO3085,-13,False,,7.5,8.2,7.6,,7.9,B,3.0,True,3.19,3.14,Pass
10672,1678434,HK161_CO3085_L01,CO3085,-13,False,,7.5,7.8,8.0,,7.8,B,3.0,True,3.29,3.29,Pass
10673,1638136,HK161_CO3085_L01,CO3085,-13,False,,6.9,4.6,6.6,,5.7,C,2.0,True,2.5,2.5,Pass
10678,1573681,HK161_CO3089_L01,CO3089,-13,False,,7.0,5.8,4.5,,5.7,C,2.0,True,2.09,2.29,Pass
10679,1681330,HK161_CO3089_L01,CO3089,-13,False,,8.3,6.5,6.9,,7.0,B,3.0,True,2.5,2.5,Pass
10682,1433677,HK161_CO3089_L01,CO3089,-13,False,,8.2,7.4,7.2,,7.5,B,3.0,True,3.56,3.49,Pass
10683,1612112,HK161_CO3089_L01,CO3089,-13,False,,7.4,5.6,6.0,,6.1,C,2.0,True,2.29,2.29,Pass
10684,1514086,HK161_CO3089_L01,CO3089,-13,False,,6.4,6.3,6.9,,6.5,C+,2.5,True,2.62,2.62,Pass
10689,1507759,HK161_CO3089_L01,CO3089,-13,False,,9.5,9.8,8.8,,9.4,A,4.0,True,4.0,3.94,Pass
10693,1561998,HK161_CO3089_L01,CO3089,-13,False,,6.2,6.1,6.8,,6.3,C,2.0,True,2.65,2.48,Pass
10695,1410671,HK161_CO3089_L01,CO3089,-13,False,,8.7,7.8,7.5,,7.9,B,3.0,True,3.44,3.38,Pass
10698,1543398,HK161_CO3089_L01,CO3089,-13,False,,5.4,6.4,7.3,,6.5,C+,2.5,True,2.38,2.54,Pass
10699,1603403,HK161_CO3089_L01,CO3089,-13,False,,7.7,7.1,6.3,,7.0,B,3.0,True,2.53,2.53,Pass
10700,1554786,HK161_CO3089_L01,CO3089,-13,False,,7.6,5.5,7.1,,6.4,C+,2.5,True,2.41,2.68,Pass
10701,1405151,HK161_CO3089_L01,CO3089,-13,False,,7.2,8.6,8.8,,8.4,B+,3.5,True,3.36,3.3,Pass
10702,1472482,HK161_CO3089_L01,CO3089,-13,False,,8.4,7.9,7.9,,8.0,B+,3.5,True,3.5,3.42,Pass
10708,1441959,HK161_CO3089_L01,CO3089,-13,False,,4.2,5.0,5.7,,5.0,D+,1.5,True,1.81,1.72,Pass
10709,1660064,HK161_CO3089_L01,CO3089,-13,False,,8.9,8.6,7.4,,8.3,B+,3.5,True,3.21,3.21,Pass
10710,1509910,HK161_CO3089_L01,CO3089,-13,False,,6.7,5.9,7.3,,6.5,C+,2.5,True,2.82,2.74,Pass
10711,1502234,HK161_CO3089_L01,CO3089,-13,False,,6.1,7.7,8.4,,7.6,B,3.0,True,3.12,3.1,Pass
10714,1687412,HK161_CO3089_L01,CO3089,-13,False,,8.2,6.7,7.6,,7.3,B,3.0,True,3.0,3.0,Pass
10715,1562926,HK161_CO3089_L01,CO3089,-13,False,,8.0,6.9,8.9,,7.7,B,3.0,True,3.12,3.4,Pass
10718,1609071,HK161_CO3089_L01,CO3089,-13,False,,9.1,7.2,8.8,,8.1,B+,3.5,True,2.97,2.97,Pass
10719,1496406,HK161_CO3089_L01,CO3089,-13,False,,6.1,5.3,6.4,,5.8,C,2.0,True,1.92,1.94,Pass
10720,1580429,HK161_CO3089_L01,CO3089,-13,False,,5.3,5.7,8.9,,6.6,C+,2.5,True,2.38,2.12,Pass
10722,1637081,HK161_CO3089_L01,CO3089,-13,False,,8.6,7.8,8.4,,8.1,B+,3.5,True,3.18,3.18,Pass
10725,1680151,HK161_CO3089_L01,CO3089,-13,False,,7.0,8.0,8.0,,7.8,B,3.0,True,2.94,2.94,Pass
10726,1425089,HK161_CO3089_L01,CO3089,-13,False,,7.8,8.4,7.6,,8.0,B+,3.5,True,3.25,3.35,Pass
10727,1627710,HK161_CO3089_L01,CO3089,-13,False,,9.1,8.2,8.6,,8.5,A,4.0,True,3.41,3.41,Pass
10728,1643680,HK161_CO3089_L01,CO3089,-13,False,,8.3,8.3,8.2,,8.3,B+,3.5,True,3.53,3.53,Pass
10731,1454996,HK161_CO3089_L01,CO3089,-13,False,,9.7,8.8,7.0,,8.4,B+,3.5,True,3.36,3.28,Pass
10733,1574440,HK161_CO3089_L01,CO3089,-13,False,,7.9,8.3,8.1,,8.2,B+,3.5,True,3.18,3.21,Pass
10734,1639191,HK161_CO3089_L01,CO3089,-13,False,,8.7,9.2,8.7,,8.9,A,4.0,True,3.38,3.38,Pass
10735,1590551,HK161_CO3089_L01,CO3089,-13,False,,6.3,6.4,7.0,,6.6,C+,2.5,True,2.53,2.5,Pass
10736,1545254,HK161_CO3089_L01,CO3089,-13,False,,7.4,8.3,7.3,,7.8,B,3.0,True,3.29,3.15,Pass
10737,1547236,HK161_CO3089_L01,CO3089,-13,False,,7.2,7.3,6.2,,6.9,C+,2.5,True,2.68,2.62,Pass
10740,1613705,HK161_CO3115_L01,CO3115,-13,False,5.0,5.1,8.2,5.0,,6.6,C+,2.5,True,1.79,1.79,Pass
10741,1446561,HK161_CO3115_L01,CO3115,-13,False,8.7,8.7,9.1,9.1,,9.0,A,4.0,True,3.39,3.4,Pass
10747,1500547,HK161_CO3115_L01,CO3115,-13,False,8.3,8.5,6.4,7.9,,7.3,B,3.0,True,3.18,3.19,Pass
10748,1476774,HK161_CO3115_L01,CO3115,-13,False,7.8,7.7,9.0,6.4,,8.1,B+,3.5,True,3.08,3.21,Pass
10751,1659940,HK161_CO3115_L01,CO3115,-13,False,8.7,10.0,8.9,9.8,,9.3,A,4.0,True,3.91,3.91,Pass
10754,1674731,HK161_CO3115_L01,CO3115,-13,False,5.6,4.9,6.2,5.3,,5.7,C,2.0,True,1.88,1.88,Pass
10755,1629427,HK161_CO3115_L01,CO3115,-13,False,7.6,8.1,8.8,8.1,,8.4,B+,3.5,True,3.44,3.44,Pass
10758,1435670,HK161_CO3115_L01,CO3115,-13,False,8.1,6.0,8.3,6.9,,7.5,B,3.0,True,2.69,2.67,Pass
10761,1523913,HK161_CO3115_L01,CO3115,-13,False,7.8,7.4,7.7,7.2,,7.6,B,3.0,True,3.24,3.16,Pass
10762,1425854,HK161_CO3115_L01,CO3115,-13,False,6.7,7.6,6.3,6.1,,6.6,C+,2.5,True,2.67,2.85,Pass
10765,1635240,HK161_CO3115_L01,CO3115,-13,False,6.2,6.2,4.7,4.9,,5.2,D+,1.5,True,2.03,2.03,Pass
10768,1406375,HK161_CO3115_L01,CO3115,-13,False,5.9,5.5,5.8,6.3,,5.8,C,2.0,True,1.61,1.71,Pass
10769,1607499,HK161_CO3115_L01,CO3115,-13,False,7.1,6.9,7.5,7.9,,7.4,B,3.0,True,3.0,3.0,Pass
10771,1620035,HK161_CO3115_L01,CO3115,-13,False,7.2,5.0,5.1,7.9,,5.8,C,2.0,True,1.38,1.38,Pass
10773,1677503,HK161_CO3115_L01,CO3115,-13,False,7.7,8.5,8.4,6.8,,8.0,B+,3.5,True,3.09,3.09,Pass
10781,1610271,HK161_CO3115_L01,CO3115,-13,False,7.6,8.2,8.2,8.7,,8.2,B+,3.5,True,3.15,3.15,Pass
10782,1519906,HK161_CO3115_L01,CO3115,-13,False,8.6,8.3,7.7,7.9,,7.9,B,3.0,True,3.74,3.59,Pass
10786,1428310,HK161_CO3115_L01,CO3115,-13,False,7.7,7.9,6.7,8.5,,7.4,B,3.0,True,3.42,3.51,Pass
10790,1657954,HK161_CO3115_L01,CO3115,-13,False,5.4,6.5,8.2,7.1,,7.4,B,3.0,True,2.71,2.71,Pass
10792,1615029,HK161_CO3115_L01,CO3115,-13,False,7.2,6.6,6.9,6.5,,6.8,C+,2.5,True,2.47,2.47,Pass
10793,1567354,HK161_CO3115_L01,CO3115,-13,False,7.9,8.1,6.8,8.8,,7.6,B,3.0,True,3.5,3.42,Pass
10794,1527118,HK161_CO3115_L01,CO3115,-13,False,6.8,8.8,8.5,6.8,,8.1,B+,3.5,True,3.15,3.24,Pass
10795,1604975,HK161_CO3115_L01,CO3115,-13,False,6.7,7.7,5.8,7.1,,6.5,C+,2.5,True,2.5,2.5,Pass
10796,1556009,HK161_CO3115_L01,CO3115,-13,False,10.0,7.2,6.3,8.0,,7.2,B,3.0,True,3.47,3.14,Pass
10797,1576760,HK161_CO3117_L01,CO3117,-13,False,,7.8,7.3,6.5,,7.2,B,3.0,True,3.29,3.38,Pass
10800,1618587,HK161_CO3117_L01,CO3117,-13,False,,5.3,6.1,5.2,,5.7,C,2.0,True,1.74,1.74,Pass
10802,1598860,HK161_CO3117_L01,CO3117,-13,False,,7.5,8.1,9.3,,8.3,B+,3.5,True,3.18,3.37,Pass
10803,1528341,HK161_CO3117_L01,CO3117,-13,False,,7.1,8.9,9.1,,8.6,A,4.0,True,3.29,3.23,Pass
10804,1597468,HK161_CO3117_L01,CO3117,-13,False,,6.9,9.1,8.8,,8.6,A,4.0,True,3.59,3.34,Pass
10806,1609733,HK161_CO3117_L01,CO3117,-13,False,,8.9,8.1,6.4,,7.8,B,3.0,True,3.32,3.32,Pass
10807,1443340,HK161_CO3117_L01,CO3117,-13,False,,8.5,6.7,7.3,,7.2,B,3.0,True,3.06,3.09,Pass
10808,1461285,HK161_CO3117_L01,CO3117,-13,False,,6.2,5.6,5.3,,5.6,C,2.0,True,2.06,2.01,Pass
10813,1606837,HK161_CO3117_L01,CO3117,-13,False,,8.6,9.4,8.8,,9.1,A,4.0,True,3.5,3.5,Pass
10814,1492879,HK161_CO3117_L01,CO3117,-13,False,,9.4,8.0,8.8,,8.5,A,4.0,True,3.25,3.24,Pass
10816,1672352,HK161_CO3117_L01,CO3117,-13,False,,7.4,9.6,7.4,,8.5,A,4.0,True,3.26,3.26,Pass
10819,1592238,HK161_CO3117_L01,CO3117,-13,False,,10.0,10.0,9.1,,9.7,A+,4.0,True,3.88,3.96,Pass
10820,1506241,HK161_CO3117_L01,CO3117,-13,False,,7.7,9.2,8.6,,8.7,A,4.0,True,3.41,3.19,Pass
10821,1575663,HK161_CO3117_L01,CO3117,-13,False,,8.8,7.6,9.4,,8.4,B+,3.5,True,3.85,3.84,Pass
10823,1691901,HK161_CO3117_L01,CO3117,-13,False,,7.4,6.8,6.7,,6.9,C+,2.5,True,3.0,3.0,Pass
10824,1557232,HK161_CO3117_L01,CO3117,-13,False,,4.8,5.3,5.8,,5.3,D+,1.5,True,1.53,1.64,Pass
10825,1409290,HK161_CO3117_L01,CO3117,-13,False,,8.4,7.6,8.0,,7.9,B,3.0,True,3.25,3.33,Pass
10826,1417266,HK161_CO3117_L01,CO3117,-13,False,,9.0,7.5,8.7,,8.2,B+,3.5,True,3.44,3.31,Pass
10829,1464353,HK161_CO3117_L01,CO3117,-13,False,,9.8,8.5,8.4,,8.7,A,4.0,True,3.56,3.3,Pass
10832,1416654,HK161_CO3117_L01,CO3117,-13,False,,8.6,10.0,8.6,,9.3,A,4.0,True,4.0,3.93,Pass
10833,1568451,HK161_CO3117_L01,CO3117,-13,False,,6.3,6.3,7.3,,6.6,C+,2.5,True,2.59,2.58,Pass
10834,1460826,HK161_CO3117_L01,CO3117,-13,False,,6.9,7.6,6.9,,7.2,B,3.0,True,2.78,2.76,Pass
10835,1484444,HK161_CO3117_L01,CO3117,-13,False,,8.7,8.8,8.3,,8.6,A,4.0,True,3.44,3.42,Pass
10837,1654127,HK161_CO3117_L01,CO3117,-13,False,,7.0,8.5,8.1,,8.1,B+,3.5,True,3.38,3.38,Pass
10839,1557865,HK161_CO3117_L01,CO3117,-13,False,,7.2,6.4,6.9,,6.7,C+,2.5,True,2.62,2.45,Pass
10842,1526654,HK161_CO3117_L01,CO3117,-13,False,,6.4,7.6,6.6,,7.1,B,3.0,True,3.09,3.09,Pass
10843,1431990,HK161_CO3117_L01,CO3117,-13,False,,8.0,7.6,8.0,,7.8,B,3.0,True,3.22,3.1,Pass
10845,1460210,HK161_CO3117_L01,CO3117,-13,False,,4.7,6.0,5.4,,5.6,C,2.0,True,2.17,1.97,Pass
10848,1675124,HK161_CO3117_L01,CO3117,-13,False,,6.1,6.1,5.3,,5.9,C,2.0,True,2.06,2.06,Pass
10850,1594094,HK161_CO3117_L01,CO3117,-13,False,,5.4,4.9,4.5,,4.9,D,1.0,True,1.53,1.4,Pass
10853,1602203,HK161_CO3129_L01,CO3129,-13,False,,7.0,6.6,6.7,,6.7,C+,2.5,True,3.15,3.15,Pass
10854,1496559,HK161_CO3129_L01,CO3129,-13,False,,7.5,6.8,6.7,,6.9,C+,2.5,True,2.5,2.46,Pass
10855,1402542,HK161_CO3129_L01,CO3129,-13,False,,8.1,7.9,8.0,,8.0,B+,3.5,True,3.31,3.42,Pass
10856,1656506,HK161_CO3129_L01,CO3129,-13,False,,6.5,5.9,5.4,,5.9,C,2.0,True,2.0,2.0,Pass
10857,1437204,HK161_CO3129_L01,CO3129,-13,False,,8.1,6.7,7.9,,7.3,B,3.0,True,2.78,2.73,Pass
10859,1653589,HK161_CO3129_L01,CO3129,-13,False,,7.7,5.4,7.7,,6.6,C+,2.5,True,3.0,3.0,Pass
10860,1463737,HK161_CO3129_L01,CO3129,-13,False,,8.0,8.4,9.0,,8.5,A,4.0,True,3.61,3.54,Pass
10862,1499780,HK161_CO3129_L01,CO3129,-13,False,,7.0,5.9,5.6,,6.0,C,2.0,True,2.25,2.59,Pass
10865,1418800,HK161_CO3129_L01,CO3129,-13,False,,8.0,8.5,7.6,,8.1,B+,3.5,True,3.08,3.12,Pass
10867,1613560,HK161_CO3129_L01,CO3129,-13,False,,8.7,9.0,7.7,,8.6,A,4.0,True,3.06,3.06,Pass
10868,1438891,HK161_CO3129_L01,CO3129,-13,False,,8.5,7.5,7.3,,7.6,B,3.0,True,3.5,3.33,Pass
10872,1559678,HK161_CO3129_L01,CO3129,-13,False,,8.0,8.2,7.4,,7.9,B,3.0,True,3.44,3.31,Pass
10873,1476315,HK161_CO3129_L01,CO3129,-13,False,,10.0,9.4,8.3,,9.2,A,4.0,True,3.92,3.95,Pass
10875,1683316,HK161_CO3129_L01,CO3129,-13,False,,7.3,8.1,7.5,,7.8,B,3.0,True,3.03,3.03,Pass
10877,1651086,HK161_CO3129_L01,CO3129,-13,False,,6.7,6.6,8.1,,7.1,B,3.0,True,2.62,2.62,Pass
10878,1570307,HK161_CO3129_L01,CO3129,-13,False,,7.7,6.1,6.1,,6.4,C+,2.5,True,3.12,3.08,Pass
10879,1554322,HK161_CO3129_L01,CO3129,-13,False,,5.7,7.1,7.2,,6.8,C+,2.5,True,2.5,2.53,Pass
10880,1441194,HK161_CO3129_L01,CO3129,-13,False,,7.7,8.0,7.2,,7.7,B,3.0,True,3.11,3.33,Pass
10881,1469261,HK161_CO3129_L01,CO3129,-13,False,,5.0,7.2,6.7,,6.6,C+,2.5,True,1.94,1.84,Pass
10882,1516996,HK161_CO3129_L01,CO3129,-13,False,,6.6,9.1,7.6,,8.1,B+,3.5,True,3.21,3.09,Pass
10884,1462972,HK161_CO3129_L01,CO3129,-13,False,,8.1,8.3,8.3,,8.3,B+,3.5,True,3.44,3.39,Pass
10885,1463278,HK161_CO3129_L01,CO3129,-13,False,,7.2,6.6,6.6,,6.7,C+,2.5,True,2.69,2.59,Pass
10886,1469720,HK161_CO3129_L01,CO3129,-13,False,,8.0,7.1,8.9,,7.8,B,3.0,True,3.06,3.2,Pass
10888,1567059,HK161_CO3129_L01,CO3129,-13,False,,6.3,7.0,8.2,,7.2,B,3.0,True,2.79,2.56,Pass
10889,1641446,HK161_CO3129_L01,CO3129,-13,False,,5.8,7.3,8.4,,7.3,B,3.0,True,3.53,3.53,Pass
10890,1501011,HK161_CO3129_L01,CO3129,-13,False,,6.0,8.5,8.0,,7.8,B,3.0,True,3.41,3.51,Pass
10893,1545549,HK161_CO3129_L01,CO3129,-13,False,,8.0,7.3,6.5,,7.2,B,3.0,True,3.06,3.26,Pass
10894,1686626,HK161_CO3129_L01,CO3129,-13,False,,5.4,6.4,6.2,,6.1,C,2.0,True,1.56,1.56,Pass
10897,1401161,HK161_CO3129_L01,CO3129,-13,False,,7.2,8.5,8.1,,8.1,B+,3.5,True,3.14,3.03,Pass
10898,1454843,HK161_CO3129_L01,CO3129,-13,False,,8.1,6.4,7.5,,7.1,B,3.0,True,3.19,3.16,Pass
10899,1598691,HK161_CO3129_L01,CO3129,-13,False,,6.6,6.0,6.7,,6.3,C,2.0,True,2.53,2.34,Pass
10901,1596245,HK161_CO3129_L01,CO3129,-13,False,,5.4,4.0,4.3,,4.4,D,1.0,True,1.84,1.78,Pass
10902,1660333,HK161_CO3129_L01,CO3129,-13,False,,6.1,7.1,7.1,,6.9,C+,2.5,True,2.91,2.91,Pass
10903,1537114,HK161_CO3129_L01,CO3129,-13,False,,8.0,8.4,7.8,,8.1,B+,3.5,True,3.26,3.39,Pass
10907,1551707,HK161_CO3129_L01,CO3129,-13,False,,8.9,6.8,7.7,,7.5,B,3.0,True,3.21,3.22,Pass
10908,1585954,HK161_CO3129_L01,CO3129,-13,False,,6.1,7.7,8.7,,7.7,B,3.0,True,3.12,3.19,Pass
10910,1592576,HK161_CO3129_L01,CO3129,-13,False,,6.5,7.0,7.2,,7.0,B,3.0,True,2.59,2.43,Pass
10911,1663498,HK161_CO3129_L01,CO3129,-13,False,,6.7,6.2,7.1,,6.6,C+,2.5,True,2.26,2.26,Pass
10912,1534499,HK161_CO3129_L01,CO3129,-13,False,,8.0,9.9,6.9,,8.6,A,4.0,True,3.5,3.34,Pass
10913,1653465,HK161_CO3129_L01,CO3129,-13,False,,7.4,7.4,5.5,,6.8,C+,2.5,True,2.44,2.44,Pass
10914,1551074,HK161_CO3129_L01,CO3129,-13,False,,8.8,8.9,6.8,,8.2,B+,3.5,True,3.09,2.95,Pass
10917,1552002,HK161_CO3129_L01,CO3129,-13,False,,8.5,6.8,7.9,,7.5,B,3.0,True,3.5,3.2,Pass
10918,1601686,HK161_CO3129_L01,CO3129,-13,False,,5.3,6.2,4.5,,5.5,C,2.0,True,1.94,1.94,Pass
10921,1689129,HK161_CO3129_L01,CO3129,-13,False,,5.5,6.1,7.7,,6.5,C+,2.5,True,1.91,1.91,Pass
10922,1470179,HK161_CO3129_L01,CO3129,-13,False,,8.1,8.4,7.6,,8.1,B+,3.5,True,3.22,3.43,Pass
10923,1482910,HK161_CO3129_L01,CO3129,-13,False,,7.2,6.1,5.0,,6.0,C,2.0,True,2.56,2.51,Pass
10926,1401314,HK161_CO3129_L01,CO3129,-13,False,,8.1,6.9,8.0,,7.5,B,3.0,True,3.06,3.09,Pass
10927,1652265,HK161_CO3129_L01,CO3129,-13,False,,6.4,7.0,7.4,,7.0,B,3.0,True,2.74,2.74,Pass
10928,1560016,HK161_CO3129_L01,CO3129,-13,False,,8.8,9.0,6.9,,8.3,B+,3.5,True,3.37,3.3,Pass
10931,1555081,HK161_CO3131_L01,CO3131,-13,False,8.6,7.6,8.4,7.5,,8.1,B+,3.5,True,3.74,3.62,Pass
10932,1414045,HK161_CO3131_L01,CO3131,-13,False,8.5,8.1,8.1,8.2,,8.2,B+,3.5,True,3.17,3.38,Pass
10933,1555545,HK161_CO3131_L01,CO3131,-13,False,7.6,7.9,7.9,8.1,,7.9,B,3.0,True,3.12,3.16,Pass
10934,1509615,HK161_CO3131_L01,CO3131,-13,False,9.9,8.4,10.0,9.2,,9.5,A+,4.0,True,4.0,3.86,Pass
10935,1542175,HK161_CO3131_L01,CO3131,-13,False,8.2,7.1,8.6,8.2,,8.2,B+,3.5,True,3.47,3.42,Pass
10936,1411899,HK161_CO3131_L01,CO3131,-13,False,7.1,5.9,7.3,6.2,,6.8,C+,2.5,True,2.53,2.57,Pass
10938,1413892,HK161_CO3131_L01,CO3131,-13,False,7.0,9.2,7.9,8.4,,8.2,B+,3.5,True,3.17,3.36,Pass
10939,1600755,HK161_CO3131_L01,CO3131,-13,False,5.1,7.3,6.6,7.4,,6.8,C+,2.5,True,2.29,2.29,Pass
10940,1489811,HK161_CO3131_L01,CO3131,-13,False,7.7,9.1,8.3,7.3,,8.2,B+,3.5,True,3.5,3.65,Pass
10941,1467880,HK161_CO3131_L01,CO3131,-13,False,8.2,8.3,6.9,8.7,,7.7,B,3.0,True,3.39,3.31,Pass
10944,1511133,HK161_CO3131_L01,CO3131,-13,False,8.8,7.3,7.5,8.3,,7.8,B,3.0,True,3.44,3.34,Pass
10946,1402695,HK161_CO3131_L01,CO3131,-13,False,8.6,7.7,9.5,5.8,,8.3,B+,3.5,True,3.42,3.56,Pass
10950,1551538,HK161_CO3131_L01,CO3131,-13,False,7.6,8.4,7.5,8.4,,7.9,B,3.0,True,3.12,3.32,Pass
10951,1628227,HK161_CO3131_L01,CO3131,-13,False,9.1,5.3,8.2,9.1,,7.9,B,3.0,True,3.06,3.06,Pass
10952,1415120,HK161_CO3131_L01,CO3131,-13,False,8.6,9.1,7.4,9.1,,8.2,B+,3.5,True,3.75,3.87,Pass
10953,1458064,HK161_CO3131_L01,CO3131,-13,False,7.7,5.8,6.5,6.7,,6.5,C+,2.5,True,2.33,2.48,Pass
10954,1586882,HK161_CO3131_L01,CO3131,-13,False,9.7,10.0,9.3,9.1,,9.4,A,4.0,True,4.0,3.92,Pass
10955,1621090,HK161_CO3131_L01,CO3131,-13,False,5.6,5.8,6.0,6.3,,6.0,C,2.0,True,1.68,1.68,Pass
10956,1561829,HK161_CO3131_L01,CO3131,-13,False,6.9,7.9,8.7,8.6,,8.3,B+,3.5,True,3.82,3.44,Pass
10961,1420640,HK161_CO3131_L01,CO3131,-13,False,7.5,7.9,7.5,7.9,,7.7,B,3.0,True,3.47,3.52,Pass
10963,1585659,HK161_CO3131_L01,CO3131,-13,False,7.6,6.3,7.1,4.5,,6.5,C+,2.5,True,2.65,2.4,Pass
10965,1501180,HK161_CO3131_L01,CO3131,-13,False,8.5,9.5,8.3,9.3,,8.8,A,4.0,True,4.0,4.0,Pass
10966,1645004,HK161_CO3131_L01,CO3131,-13,False,6.1,4.8,5.4,5.8,,5.4,D+,1.5,True,1.56,1.56,Pass
10969,1415273,HK161_CO3131_L01,CO3131,-13,False,8.8,8.5,8.0,7.9,,8.2,B+,3.5,True,3.08,3.2,Pass
10971,1690060,HK161_CO3131_L01,CO3131,-13,False,8.0,7.9,7.4,8.9,,7.9,B,3.0,True,3.06,3.06,Pass
10977,1574904,HK161_CO3131_L01,CO3131,-13,False,7.1,6.0,6.4,6.3,,6.4,C+,2.5,True,2.71,2.52,Pass
10978,1515309,HK161_CO3131_L01,CO3131,-13,False,4.9,6.0,7.3,6.6,,6.7,C+,2.5,True,2.06,2.23,Pass
10979,1691632,HK161_CO3131_L01,CO3131,-13,False,8.3,8.3,9.2,7.4,,8.6,A,4.0,True,3.38,3.38,Pass
10981,1623738,HK161_CO3131_L01,CO3131,-13,False,5.5,6.2,6.5,6.2,,6.3,C,2.0,True,2.06,2.06,Pass
10984,1676841,HK161_CO3131_L01,CO3131,-13,False,6.4,6.6,6.8,5.5,,6.5,C+,2.5,True,1.65,1.65,Pass
10985,1597932,HK161_CO3131_L01,CO3131,-13,False,7.7,8.0,9.4,8.0,,8.7,A,4.0,True,3.5,3.41,Pass
10987,1678827,HK161_CO3131_L01,CO3131,-13,False,5.7,6.6,6.1,6.3,,6.2,C,2.0,True,1.68,1.68,Pass
10988,1528510,HK161_CO3131_L01,CO3131,-13,False,7.0,7.7,7.4,6.1,,7.2,B,3.0,True,2.62,2.5,Pass
10989,1676055,HK161_CO3131_L01,CO3131,-13,False,7.0,7.1,6.0,6.3,,6.4,C+,2.5,True,2.74,2.74,Pass
10993,1522521,HK161_CO3133_L01,CO3133,-13,False,,7.5,7.1,,7.1,7.2,B,3.0,True,3.41,3.49,Pass
10994,1452234,HK161_CO3133_L01,CO3133,-13,False,,8.8,7.6,,9.7,8.3,B+,3.5,True,3.5,3.52,Pass
10996,1578109,HK161_CO3133_L01,CO3133,-13,False,,5.4,5.4,,6.3,5.6,C,2.0,True,1.59,1.64,Pass
10999,1665484,HK161_CO3133_L01,CO3133,-13,False,,4.8,5.5,,5.4,5.3,D+,1.5,True,2.03,2.03,Pass
11001,1540193,HK161_CO3133_L01,CO3133,-13,False,,7.5,8.1,,7.4,7.8,B,3.0,True,3.09,3.1,Pass
11004,1439660,HK161_CO3133_L01,CO3133,-13,False,,7.9,7.8,,9.2,8.1,B+,3.5,True,3.28,3.28,Pass
11006,1619642,HK161_CO3133_L01,CO3133,-13,False,,7.3,7.8,,6.7,7.5,B,3.0,True,3.24,3.24,Pass
11007,1670242,HK161_CO3133_L01,CO3133,-13,False,,8.1,7.7,,6.8,7.6,B,3.0,True,3.53,3.53,Pass
11008,1539729,HK161_CO3133_L01,CO3133,-13,False,,8.3,8.0,,8.8,8.2,B+,3.5,True,3.59,3.65,Pass
11011,1656361,HK161_CO3133_L01,CO3133,-13,False,,8.1,9.4,,9.9,9.2,A,4.0,True,3.83,3.83,Pass
11012,1522816,HK161_CO3133_L01,CO3133,-13,False,,6.4,7.1,,7.8,7.1,B,3.0,True,2.62,2.42,Pass
11014,1615153,HK161_CO3133_L01,CO3133,-13,False,,7.6,7.1,,7.6,7.3,B,3.0,True,2.47,2.47,Pass
11016,1610933,HK161_CO3133_L01,CO3133,-13,False,,7.3,8.7,,7.2,8.1,B+,3.5,True,2.85,2.85,Pass
11018,1456530,HK161_CO3133_L01,CO3133,-13,False,,7.1,9.0,,7.8,8.4,B+,3.5,True,3.36,3.22,Pass
11019,1405916,HK161_CO3133_L01,CO3133,-13,False,,8.2,7.6,,8.7,7.9,B,3.0,True,3.19,3.23,Pass
11020,1662712,HK161_CO3133_L01,CO3133,-13,False,,7.7,7.2,,7.4,7.3,B,3.0,True,2.68,2.68,Pass
11023,1444568,HK161_CO3133_L01,CO3133,-13,False,,8.7,7.6,,8.0,7.9,B,3.0,True,3.44,3.38,Pass
11026,1683709,HK161_CO3133_L01,CO3133,-13,False,,7.5,8.5,,7.4,8.1,B+,3.5,True,3.09,3.09,Pass
11027,1407603,HK161_CO3133_L01,CO3133,-13,False,,7.8,8.7,,6.4,8.1,B+,3.5,True,3.19,3.15,Pass
11029,1541880,HK161_CO3133_L01,CO3133,-13,False,,7.6,7.7,,6.0,7.3,B,3.0,True,2.55,2.29,Pass
11031,1419259,HK161_CO3133_L01,CO3133,-13,False,,9.2,10.0,,9.7,9.8,A+,4.0,True,4.0,3.98,Pass
11033,1614760,HK161_CO3133_L01,CO3133,-13,False,,6.6,6.4,,7.1,6.6,C+,2.5,True,2.38,2.38,Pass
11036,1410212,HK161_CO3133_L01,CO3133,-13,False,,8.9,8.1,,6.5,7.9,B,3.0,True,2.86,2.91,Pass
11039,1484903,HK161_CO3133_L01,CO3133,-13,False,,5.8,4.1,,6.2,4.9,D,1.0,True,1.36,1.6,Pass
11040,1466652,HK161_CO3133_L01,CO3133,-13,False,,7.1,6.9,,6.1,6.8,C+,2.5,True,3.11,3.1,Pass
11044,1599155,HK161_CO3133_L01,CO3133,-13,False,,7.0,7.6,,9.0,7.8,B,3.0,True,3.0,3.15,Pass
11046,1426623,HK161_CO3133_L01,CO3133,-13,False,,7.7,6.5,,7.4,6.9,C+,2.5,True,2.58,2.54,Pass
11047,1430303,HK161_CO3133_L01,CO3133,-13,False,,8.5,9.2,,8.8,9.0,A,4.0,True,3.25,3.07,Pass
11048,1561703,HK161_CO3133_L01,CO3133,-13,False,,7.3,7.8,,7.5,7.6,B,3.0,True,3.0,2.8,Pass
11053,1534794,HK161_CO3133_L01,CO3133,-13,False,,8.1,8.3,,8.2,8.2,B+,3.5,True,3.82,3.68,Pass
11055,1636026,HK161_CO3133_L01,CO3133,-13,False,,5.6,6.1,,4.6,5.7,C,2.0,True,2.18,2.18,Pass
11056,1437510,HK161_CO3133_L01,CO3133,-13,False,,9.1,9.5,,8.2,9.2,A,4.0,True,3.39,3.34,Pass
11057,1405457,HK161_CO3133_L01,CO3133,-13,False,,8.0,5.5,,6.5,6.2,C,2.0,True,2.39,2.6,Pass
11058,1583803,HK161_CO3133_L01,CO3133,-13,False,,5.9,5.2,,7.0,5.7,C,2.0,True,1.79,1.89,Pass
11059,1635757,HK161_CO3133_L01,CO3133,-13,False,,8.2,8.1,,6.4,7.8,B,3.0,True,3.32,3.32,Pass
11061,1446408,HK161_CO3135_L01,CO3135,-13,False,,8.9,9.4,8.6,,9.1,A,4.0,True,3.92,3.88,Pass
11077,1466193,HK161_CO3135_L01,CO3135,-13,False,,9.7,9.2,9.1,,9.3,A,4.0,True,3.86,3.82,Pass
11079,1455455,HK161_CO3135_L01,CO3135,-13,False,,4.9,7.8,7.1,,7.0,B,3.0,True,3.0,2.99,Pass
11080,1440578,HK161_CO3135_L01,CO3135,-13,False,,5.7,7.8,6.8,,7.1,B,3.0,True,2.61,2.69,Pass
11083,1451163,HK161_CO3135_L01,CO3135,-13,False,,8.4,8.1,8.9,,8.4,B+,3.5,True,3.53,3.42,Pass
11084,1412205,HK161_CO3135_L01,CO3135,-13,False,,6.2,6.5,7.5,,6.7,C+,2.5,True,1.92,2.02,Pass
11085,1413433,HK161_CO3135_L01,CO3135,-13,False,,7.7,7.1,6.7,,7.1,B,3.0,True,3.22,3.45,Pass
11086,1465734,HK161_CO3135_L01,CO3135,-13,False,,6.3,7.6,7.1,,7.2,B,3.0,True,2.81,2.71,Pass
11096,1545718,HK161_CO3137_L01,CO3137,-13,False,,6.3,7.1,6.4,,6.7,C+,2.5,True,2.21,2.25,Pass
11099,1612381,HK161_CO3137_L01,CO3137,-13,False,,8.0,7.3,7.6,,7.5,B,3.0,True,3.21,3.21,Pass
11100,1459292,HK161_CO3137_L01,CO3137,-13,False,,6.7,6.3,5.6,,6.2,C,2.0,True,2.08,1.93,Pass
11102,1520539,HK161_CO3137_L01,CO3137,-13,False,,7.1,5.8,7.2,,6.5,C+,2.5,True,2.29,2.3,Pass
11104,1453768,HK161_CO3137_L01,CO3137,-13,False,,8.2,8.7,8.2,,8.4,B+,3.5,True,3.5,3.46,Pass
11105,1619518,HK161_CO3137_L01,CO3137,-13,False,,8.4,8.3,7.9,,8.2,B+,3.5,True,3.41,3.41,Pass
11107,1664160,HK161_CO3137_L01,CO3137,-13,False,,8.0,8.5,8.3,,8.3,B+,3.5,True,3.5,3.5,Pass
11112,1695873,HK161_CO3137_L01,CO3137,-13,False,,5.6,7.5,7.7,,7.2,B,3.0,True,2.41,2.41,Pass
11114,1602741,HK161_CO3137_L01,CO3137,-13,False,,7.9,7.6,8.6,,8.0,B+,3.5,True,3.26,3.26,Pass
11117,1693349,HK161_CO3137_L01,CO3137,-13,False,,6.9,8.9,9.0,,8.5,A,4.0,True,3.35,3.35,Pass
11119,1491192,HK161_CO3137_L01,CO3137,-13,False,,7.8,9.3,8.7,,8.8,A,4.0,True,3.67,3.54,Pass
11120,1525600,HK161_CO3137_L01,CO3137,-13,False,,8.7,7.6,8.7,,8.1,B+,3.5,True,3.29,3.13,Pass
11121,1679758,HK161_CO3137_L01,CO3137,-13,False,,7.2,9.4,7.7,,8.4,B+,3.5,True,3.18,3.18,Pass
11122,1548164,HK161_CO3137_L01,CO3137,-13,False,,7.5,8.6,6.8,,7.8,B,3.0,True,3.41,3.51,Pass
11126,1628103,HK161_CO3137_L01,CO3137,-13,False,,8.5,8.2,7.0,,7.9,B,3.0,True,3.09,3.09,Pass
11127,1659278,HK161_CO3137_L01,CO3137,-13,False,,7.3,6.2,7.5,,6.8,C+,2.5,True,2.91,2.91,Pass
11133,1613043,HK161_CO3137_L01,CO3137,-13,False,,8.4,7.8,9.2,,8.3,B+,3.5,True,3.62,3.62,Pass
11134,1632985,HK161_CO3137_L01,CO3137,-13,False,,8.5,8.4,7.5,,8.2,B+,3.5,True,3.32,3.32,Pass
11137,1505482,HK161_CO3137_L01,CO3137,-13,False,,7.1,6.3,7.0,,6.7,C+,2.5,True,2.45,2.53,Pass
11138,1632716,HK161_CO3137_L01,CO3137,-13,False,,7.8,8.4,7.4,,8.0,B+,3.5,True,3.59,3.59,Pass
11139,1617139,HK161_CO3137_L01,CO3137,-13,False,,7.9,7.7,10.0,,8.4,B+,3.5,True,3.41,3.41,Pass
11141,1448707,HK161_CO3137_L01,CO3137,-13,False,,8.9,10.0,9.8,,9.7,A+,4.0,True,4.0,3.95,Pass
11142,1558624,HK161_CO3137_L01,CO3137,-13,False,,8.6,8.6,9.1,,8.8,A,4.0,True,4.0,3.97,Pass
11145,1681475,HK161_CO3137_L01,CO3137,-13,False,,6.1,5.5,5.3,,5.6,C,2.0,True,2.53,2.53,Pass
11146,1686750,HK161_CO3137_L01,CO3137,-13,False,,8.3,7.2,7.9,,7.6,B,3.0,True,3.03,3.03,Pass
11149,1633647,HK161_CO3137_L01,CO3137,-13,False,,8.9,7.6,8.1,,8.0,B+,3.5,True,3.09,3.09,Pass
11152,1430762,HK161_CO3137_L01,CO3137,-13,False,,5.8,5.0,6.3,,5.5,C,2.0,True,2.39,2.21,Pass
11153,1672745,HK161_CO3137_L01,CO3137,-13,False,,9.3,8.4,8.4,,8.6,A,4.0,True,3.47,3.47,Pass
11155,1446408,HK161_CO3139_L01,CO3139,-13,False,,8.5,9.6,9.0,,9.2,A,4.0,True,3.92,3.88,Pass
11156,1562462,HK161_CO3139_L01,CO3139,-13,False,,6.6,5.5,5.0,,5.6,C,2.0,True,1.71,1.66,Pass
11157,1624524,HK161_CO3139_L01,CO3139,-13,False,,6.6,7.2,7.2,,7.1,B,3.0,True,3.0,3.0,Pass
11160,1436898,HK161_CO3139_L01,CO3139,-13,False,,4.8,6.2,4.1,,5.3,D+,1.5,True,1.83,1.9,Pass
11164,1476621,HK161_CO3139_L01,CO3139,-13,False,,6.2,6.6,5.7,,6.2,C,2.0,True,2.42,2.43,Pass
11165,1470332,HK161_CO3139_L01,CO3139,-13,False,,7.7,9.0,8.8,,8.7,A,4.0,True,3.69,3.5,Pass
11167,1523744,HK161_CO3139_L01,CO3139,-13,False,,6.3,7.2,6.0,,6.7,C+,2.5,True,2.35,2.34,Pass
11169,1600093,HK161_CO3139_L01,CO3139,-13,False,,8.0,8.5,6.8,,7.9,B,3.0,True,3.18,3.18,Pass
11170,1619249,HK161_CO3139_L01,CO3139,-13,False,,5.7,5.0,6.2,,5.5,C,2.0,True,1.71,1.71,Pass
11172,1676448,HK161_CO3139_L01,CO3139,-13,False,,7.5,6.1,7.5,,6.8,C+,2.5,True,2.35,2.35,Pass
11173,1639584,HK161_CO3139_L01,CO3139,-13,False,,8.4,7.6,8.2,,7.9,B,3.0,True,3.29,3.29,Pass
11175,1506831,HK161_CO3139_L01,CO3139,-13,False,,7.8,6.9,6.7,,7.0,B,3.0,True,2.59,2.45,Pass
11176,1601417,HK161_CO3139_L01,CO3139,-13,False,,9.0,10.0,9.6,,9.7,A+,4.0,True,3.9,3.9,Pass
11177,1588569,HK161_CO3139_L01,CO3139,-13,False,,8.6,8.6,5.8,,7.8,B,3.0,True,3.32,3.19,Pass
11179,1596414,HK161_CO3139_L01,CO3139,-13,False,,7.9,8.5,8.5,,8.4,B+,3.5,True,3.26,3.21,Pass
11183,1657685,HK161_CO3139_L01,CO3139,-13,False,,7.7,8.0,8.1,,8.0,B+,3.5,True,3.59,3.59,Pass
11185,1643018,HK161_CO3139_L01,CO3139,-13,False,,8.4,9.0,8.5,,8.7,A,4.0,True,3.26,3.26,Pass
11186,1628496,HK161_CO3139_L01,CO3139,-13,False,,7.4,6.6,7.8,,7.1,B,3.0,True,3.12,3.12,Pass
11188,1654644,HK161_CO3139_L01,CO3139,-13,False,,8.1,8.6,7.8,,8.3,B+,3.5,True,3.62,3.62,Pass
11190,1456224,HK161_CO3139_L01,CO3139,-13,False,,8.0,8.7,7.2,,8.1,B+,3.5,True,3.28,3.33,Pass
11191,1652017,HK161_CO3139_L01,CO3139,-13,False,,8.3,6.8,8.5,,7.6,B,3.0,True,3.03,3.03,Pass
11197,1422633,HK161_CO3139_L01,CO3139,-13,False,,9.6,10.0,8.5,,9.5,A+,4.0,True,4.0,3.97,Pass
11201,1561070,HK161_CO3139_L01,CO3139,-13,False,,4.5,6.8,9.7,,7.2,B,3.0,True,3.26,3.28,Pass
11202,1544495,HK161_CO3139_L01,CO3139,-13,False,,7.7,6.5,7.1,,6.9,C+,2.5,True,2.5,2.62,Pass
11204,1611326,HK161_CO3139_L01,CO3139,-13,False,,9.8,9.5,8.9,,9.4,A,4.0,True,3.9,3.9,Pass
11205,1546477,HK161_CO3139_L01,CO3139,-13,False,,6.1,7.1,7.4,,7.0,B,3.0,True,2.35,2.5,Pass
11206,1638674,HK161_CO3139_L01,CO3139,-13,False,,5.6,6.0,6.6,,6.1,C,2.0,True,1.55,1.55,Pass
11207,1609609,HK161_CO3139_L01,CO3139,-13,False,,5.4,8.2,8.8,,7.8,B,3.0,True,3.47,3.47,Pass
11208,1658078,HK161_CO3139_L01,CO3139,-13,False,,8.4,6.9,8.1,,7.6,B,3.0,True,3.12,3.12,Pass
11210,1568282,HK161_CO3139_L01,CO3139,-13,False,,8.2,6.6,8.5,,7.5,B,3.0,True,3.0,3.34,Pass
11211,1677772,HK161_CO3139_L01,CO3139,-13,False,,7.5,7.5,7.2,,7.4,B,3.0,True,2.97,2.97,Pass
11212,1637743,HK161_CO3139_L01,CO3139,-13,False,,5.3,4.9,4.9,,5.0,D+,1.5,True,1.62,1.62,Pass
11215,1663105,HK161_CO3139_L01,CO3139,-13,False,,7.5,9.1,8.1,,8.5,A,4.0,True,3.26,3.26,Pass
11216,1677379,HK161_CO3139_L01,CO3139,-13,False,,6.2,5.6,6.6,,6.0,C,2.0,True,1.68,1.68,Pass
11220,1615939,HK161_CO3151_L01,CO3151,-13,False,,6.6,5.9,,6.0,6.1,C,2.0,True,2.59,2.59,Pass
11221,1654789,HK161_CO3151_L01,CO3151,-13,False,,7.8,7.8,,7.1,7.7,B,3.0,True,3.26,3.26,Pass
11222,1515435,HK161_CO3151_L01,CO3151,-13,False,,9.0,5.3,,8.3,6.6,C+,2.5,True,3.09,3.36,Pass
11225,1497022,HK161_CO3151_L01,CO3151,-13,False,,7.2,6.9,,7.4,7.1,B,3.0,True,2.64,2.46,Pass
11226,1484597,HK161_CO3151_L01,CO3151,-13,False,,5.8,5.8,,4.5,5.5,C,2.0,True,1.81,1.7,Pass
11227,1644342,HK161_CO3151_L01,CO3151,-13,False,,8.0,8.3,,7.4,8.1,B+,3.5,True,3.29,3.29,Pass
11228,1560311,HK161_CO3151_L01,CO3151,-13,False,,8.2,7.7,,6.8,7.6,B,3.0,True,3.12,3.24,Pass
11229,1422327,HK161_CO3151_L01,CO3151,-13,False,,8.5,7.9,,7.4,7.9,B,3.0,True,3.14,3.2,Pass
11231,1639729,HK161_CO3151_L01,CO3151,-13,False,,7.8,5.8,,9.4,6.9,C+,2.5,True,3.03,3.03,Pass
11232,1689791,HK161_CO3151_L01,CO3151,-13,False,,7.1,8.6,,8.4,8.3,B+,3.5,True,3.24,3.24,Pass
11234,1401008,HK161_CO3151_L01,CO3151,-13,False,,8.1,7.5,,5.1,7.1,B,3.0,True,3.28,3.34,Pass
11236,1676717,HK161_CO3151_L01,CO3151,-13,False,,7.8,8.4,,7.9,8.2,B+,3.5,True,3.41,3.41,Pass
11238,1430150,HK161_CO3151_L01,CO3151,-13,False,,5.7,6.2,,6.6,6.2,C,2.0,True,2.22,2.17,Pass
11239,1479689,HK161_CO3151_L01,CO3151,-13,False,,9.4,9.2,,8.7,9.1,A,4.0,True,3.92,3.87,Pass
11240,1585490,HK161_CO3151_L01,CO3151,-13,False,,7.0,7.4,,7.0,7.2,B,3.0,True,2.68,2.49,Pass
11241,1526528,HK161_CO3151_L01,CO3151,-13,False,,6.2,6.1,,5.0,5.9,C,2.0,True,1.5,1.8,Pass
11244,1504554,HK161_CO3151_L01,CO3151,-13,False,,8.4,7.5,,9.4,8.1,B+,3.5,True,3.74,3.8,Pass
11247,1696266,HK161_CO3151_L01,CO3151,-13,False,,5.6,6.1,,6.2,6.0,C,2.0,True,2.32,2.32,Pass
11251,1431378,HK161_CO3151_L01,CO3151,-13,False,,7.0,7.3,,8.0,7.4,B,3.0,True,3.03,3.07,Pass
11252,1453921,HK161_CO3151_L01,CO3151,-13,False,,6.8,8.6,,7.5,8.0,B+,3.5,True,3.19,3.33,Pass
11253,1690577,HK161_CO3151_L01,CO3151,-13,False,,9.0,8.5,,9.7,8.8,A,4.0,True,3.92,3.92,Pass
11254,1699431,HK161_CO3151_L01,CO3151,-13,False,,7.7,6.6,,7.4,7.0,B,3.0,True,2.5,2.5,Pass
11256,1405610,HK161_CO3151_L01,CO3151,-13,False,,7.1,7.0,,7.3,7.1,B,3.0,True,2.72,2.56,Pass
11257,1665608,HK161_CO3151_L01,CO3151,-13,False,,6.9,7.6,,7.4,7.4,B,3.0,True,3.53,3.53,Pass
11259,1649762,HK161_CO3151_L01,CO3151,-13,False,,8.0,7.0,,8.0,7.4,B,3.0,True,2.76,2.76,Pass
11260,1624400,HK161_CO3151_L01,CO3151,-13,False,,6.1,8.1,,7.4,7.6,B,3.0,True,2.15,2.15,Pass
11261,1656361,HK161_CO3151_L01,CO3151,-13,False,,7.9,10.0,,8.3,9.2,A,4.0,True,3.83,3.83,Pass
11264,1648976,HK161_CO3151_L01,CO3151,-13,False,,8.0,5.6,,5.9,6.1,C,2.0,True,2.65,2.65,Pass
11266,1665877,HK161_CO3151_L01,CO3151,-13,False,,7.7,8.0,,7.8,7.9,B,3.0,True,3.09,3.09,Pass
11270,1667987,HK161_CO3151_L01,CO3151,-13,False,,8.2,8.6,,9.1,8.6,A,4.0,True,3.74,3.74,Pass
11272,1549851,HK161_CO3151_L01,CO3151,-13,False,,9.0,6.8,,8.0,7.5,B,3.0,True,3.5,3.46,Pass
11273,1580260,HK161_CO3151_L01,CO3151,-13,False,,9.4,9.6,,8.2,9.3,A,4.0,True,4.0,3.92,Pass
11279,1623614,HK161_CO3151_L01,CO3151,-13,False,,8.0,6.4,,8.5,7.1,B,3.0,True,3.12,3.12,Pass
11287,1449935,HK161_CO3153_L01,CO3153,-13,False,,6.4,6.9,3.8,,5.9,C,2.0,True,1.97,1.81,Pass
11288,1681206,HK161_CO3153_L01,CO3153,-13,False,,7.6,8.1,7.6,,7.8,B,3.0,True,3.41,3.41,Pass
11291,1695211,HK161_CO3153_L01,CO3153,-13,False,,7.3,5.8,6.4,,6.3,C,2.0,True,1.89,1.89,Pass
11293,1660726,HK161_CO3153_L01,CO3153,-13,False,,8.2,8.2,9.6,,8.6,A,4.0,True,4.0,4.0,Pass
11297,1682530,HK161_CO3153_L01,CO3153,-13,False,,9.2,9.2,8.0,,8.8,A,4.0,True,4.0,4.0,Pass
11302,1593335,HK161_CO3153_L01,CO3153,-13,False,,7.3,7.4,7.7,,7.5,B,3.0,True,3.29,3.35,Pass
11303,1477237,HK161_CO3153_L01,CO3153,-13,False,,6.2,7.2,6.8,,6.9,C+,2.5,True,2.31,2.41,Pass
11304,1412817,HK161_CO3153_L01,CO3153,-13,False,,6.4,7.0,5.0,,6.3,C,2.0,True,2.33,2.45,Pass
11306,1573217,HK161_CO3153_L01,CO3153,-13,False,,7.1,7.2,6.7,,7.0,B,3.0,True,2.35,2.48,Pass
11307,1696535,HK161_CO3153_L01,CO3153,-13,False,,6.3,5.6,6.5,,6.0,C,2.0,True,1.91,1.91,Pass
11308,1631537,HK161_CO3153_L01,CO3153,-13,False,,6.6,6.1,6.7,,6.4,C+,2.5,True,2.74,2.74,Pass
11309,1669042,HK161_CO3153_L01,CO3153,-13,False,,6.4,6.1,6.9,,6.4,C+,2.5,True,2.62,2.62,Pass
11310,1607354,HK161_CO3153_L01,CO3153,-13,False,,6.4,8.2,8.0,,7.8,B,3.0,True,3.24,3.24,Pass
11313,1640246,HK161_CO3153_L01,CO3153,-13,False,,8.0,8.2,8.6,,8.3,B+,3.5,True,3.18,3.18,Pass
11314,1503457,HK161_CO3153_L01,CO3153,-13,False,,5.4,4.5,4.4,,4.7,D,1.0,True,1.65,1.74,Pass
11316,1449013,HK161_CO3153_L01,CO3153,-13,False,,9.1,10.0,7.1,,8.9,A,4.0,True,3.39,3.44,Pass
11318,1479077,HK161_CO3153_L01,CO3153,-13,False,,7.2,8.9,7.2,,8.1,B+,3.5,True,3.28,3.22,Pass
11323,1440425,HK161_CO3153_L01,CO3153,-13,False,,7.5,7.1,7.5,,7.3,B,3.0,True,2.78,2.69,Pass
11324,1444874,HK161_CO3153_L01,CO3153,-13,False,,6.6,5.6,6.4,,6.0,C,2.0,True,2.42,2.38,Pass
11327,1567987,HK161_CO3153_L01,CO3153,-13,False,,5.3,6.2,4.5,,5.5,C,2.0,True,1.59,1.8,Pass
11331,1585026,HK161_CO3153_L01,CO3153,-13,False,,7.4,8.2,7.9,,8.0,B+,3.5,True,3.06,3.06,Pass
11332,1400855,HK161_CO3153_L01,CO3153,-13,False,,7.8,7.2,8.4,,7.7,B,3.0,True,3.39,3.48,Pass
11334,1462666,HK161_CO3153_L01,CO3153,-13,False,,7.9,7.7,9.7,,8.3,B+,3.5,True,3.36,3.48,Pass
11335,1659009,HK161_CO3153_L01,CO3153,-13,False,,7.2,7.7,7.7,,7.6,B,3.0,True,3.0,3.0,Pass
11336,1674338,HK161_CO4025_L01,CO4025,-13,False,,5.1,4.9,5.3,,5.1,D+,1.5,True,1.85,1.85,Pass
11340,1536650,HK161_CO4025_L01,CO4025,-13,False,,7.2,7.9,7.0,,7.5,B,3.0,True,3.41,3.23,Pass
11342,1655451,HK161_CO4025_L01,CO4025,-13,False,,7.3,6.5,10.0,,7.7,B,3.0,True,2.68,2.68,Pass
11344,1457142,HK161_CO4025_L01,CO4025,-13,False,,7.1,4.8,7.8,,6.2,C,2.0,True,2.56,2.84,Pass
11345,1567523,HK161_CO4025_L01,CO4025,-13,False,,8.2,9.3,7.6,,8.6,A,4.0,True,3.18,3.12,Pass
11348,1504849,HK161_CO4025_L01,CO4025,-13,False,,7.5,8.1,7.7,,7.9,B,3.0,True,2.82,2.91,Pass
11349,1434136,HK161_CO4025_L01,CO4025,-13,False,,10.0,7.9,8.3,,8.4,B+,3.5,True,3.92,3.6,Pass
11352,1476468,HK161_CO4025_L01,CO4025,-13,False,,9.8,8.4,9.7,,9.1,A,4.0,True,4.0,3.98,Pass
11353,1483985,HK161_CO4025_L01,CO4025,-13,False,,4.6,7.1,6.0,,6.3,C,2.0,True,1.75,1.72,Pass
11354,1472941,HK161_CO4025_L01,CO4025,-13,False,,5.9,7.3,6.7,,6.8,C+,2.5,True,2.25,2.22,Pass
11355,1680813,HK161_CO4025_L01,CO4025,-13,False,,7.7,8.8,7.7,,8.2,B+,3.5,True,3.18,3.18,Pass
11357,1636688,HK161_CO4025_L01,CO4025,-13,False,,6.4,6.8,5.5,,6.3,C,2.0,True,2.09,2.09,Pass
11364,1516532,HK161_CO4025_L01,CO4025,-13,False,,7.6,8.5,7.5,,8.0,B+,3.5,True,3.79,3.74,Pass
11366,1605782,HK161_CO4025_L01,CO4025,-13,False,,5.2,6.4,5.9,,6.0,C,2.0,True,2.53,2.53,Pass
11368,1489658,HK161_CO4025_L01,CO4025,-13,False,,8.6,7.7,7.2,,7.7,B,3.0,True,3.31,3.49,Pass
11370,1658223,HK161_CO4025_L01,CO4025,-13,False,,8.7,8.2,8.6,,8.4,B+,3.5,True,3.82,3.82,Pass
11371,1608016,HK161_CO4025_L01,CO4025,-13,False,,7.8,8.5,9.1,,8.5,A,4.0,True,3.5,3.5,Pass
11373,1650031,HK161_CO4025_L01,CO4025,-13,False,,6.8,8.6,8.1,,8.1,B+,3.5,True,3.15,3.15,Pass
11374,1660457,HK161_CO4025_L01,CO4025,-13,False,,6.1,7.4,6.5,,6.9,C+,2.5,True,2.74,2.74,Pass
11375,1584098,HK161_CO4025_L01,CO4025,-13,False,,8.4,8.7,8.1,,8.5,A,4.0,True,3.79,3.55,Pass
11376,1489046,HK161_CO4025_L01,CO4025,-13,False,,7.3,8.4,7.9,,8.0,B+,3.5,True,3.06,3.2,Pass
11377,1665215,HK161_CO4025_L01,CO4025,-13,False,,6.2,5.2,6.1,,5.7,C,2.0,True,1.76,1.76,Pass
11379,1590889,HK161_CO4025_L01,CO4025,-13,False,,6.7,5.8,7.8,,6.6,C+,2.5,True,2.59,2.32,Pass
11380,1430456,HK161_CO4025_L01,CO4025,-13,False,,7.2,8.4,9.3,,8.4,B+,3.5,True,3.56,3.52,Pass
11381,1416038,HK161_CO4025_L01,CO4025,-13,False,,7.0,8.0,7.7,,7.7,B,3.0,True,3.25,3.34,Pass
11382,1654251,HK161_CO4025_L01,CO4025,-13,False,,7.1,7.0,6.9,,7.0,B,3.0,True,2.82,2.82,Pass
11383,1577645,HK161_CO4025_L01,CO4025,-13,False,,8.9,9.6,9.3,,9.4,A,4.0,True,4.0,4.0,Pass
11385,1621359,HK161_CO4025_L01,CO4025,-13,False,,5.7,5.6,7.6,,6.2,C,2.0,True,2.29,2.29,Pass
11390,1627048,HK161_CO4031_L01,CO4031,-13,False,6.6,7.7,6.8,8.4,,7.3,B,3.0,True,2.82,2.82,Pass
11391,1521298,HK161_CO4031_L01,CO4031,-13,False,6.4,6.4,6.3,7.2,,6.5,C+,2.5,True,2.38,2.49,Pass
11392,1679882,HK161_CO4031_L01,CO4031,-13,False,8.1,6.6,8.5,8.6,,8.1,B+,3.5,True,3.53,3.53,Pass
11393,1601148,HK161_CO4031_L01,CO4031,-13,False,6.9,5.8,6.2,6.4,,6.2,C,2.0,True,2.53,2.53,Pass
11395,1420793,HK161_CO4031_L01,CO4031,-13,False,7.3,7.8,8.2,6.3,,7.6,B,3.0,True,3.44,3.39,Pass
11396,1693618,HK161_CO4031_L01,CO4031,-13,False,7.5,7.8,7.7,6.9,,7.5,B,3.0,True,3.18,3.18,Pass
11397,1552761,HK161_CO4031_L01,CO4031,-13,False,6.7,7.1,7.5,6.8,,7.2,B,3.0,True,2.76,2.6,Pass
11399,1669311,HK161_CO4031_L01,CO4031,-13,False,7.8,7.3,7.8,6.9,,7.5,B,3.0,True,3.24,3.24,Pass
11402,1536017,HK161_CO4031_L01,CO4031,-13,False,6.2,4.4,6.7,6.2,,6.1,C,2.0,True,2.03,2.27,Pass
11403,1487206,HK161_CO4031_L01,CO4031,-13,False,8.4,8.4,10.0,6.9,,8.9,A,4.0,True,3.64,3.48,Pass
11408,1517291,HK161_CO4031_L01,CO4031,-13,False,6.7,5.7,6.5,6.1,,6.3,C,2.0,True,2.03,1.79,Pass
11409,1476162,HK161_CO4031_L01,CO4031,-13,False,6.4,6.1,5.9,5.8,,6.0,C,2.0,True,1.86,1.64,Pass
11410,1591353,HK161_CO4031_L01,CO4031,-13,False,8.6,9.5,6.4,8.0,,7.6,B,3.0,True,3.0,3.14,Pass
11411,1439813,HK161_CO4031_L01,CO4031,-13,False,8.1,7.7,8.1,7.9,,8.0,B+,3.5,True,3.42,3.37,Pass
11412,1550315,HK161_CO4031_L01,CO4031,-13,False,5.7,5.0,5.5,4.7,,5.3,D+,1.5,True,1.78,1.72,Pass
11418,1670759,HK161_CO4031_L01,CO4031,-13,False,9.0,9.7,8.2,7.8,,8.5,A,4.0,True,3.56,3.56,Pass
11422,1536945,HK161_CO4031_L01,CO4031,-13,False,8.2,8.4,9.9,8.0,,9.1,A,4.0,True,3.68,3.72,Pass
11423,1481682,HK161_CO4031_L01,CO4031,-13,False,7.9,5.9,7.4,6.3,,6.9,C+,2.5,True,2.64,2.65,Pass
11425,1548923,HK161_CO4031_L01,CO4031,-13,False,6.9,7.5,6.3,6.4,,6.6,C+,2.5,True,2.5,2.49,Pass
11427,1572584,HK161_CO4031_L01,CO4031,-13,False,7.0,6.1,7.3,7.0,,7.0,B,3.0,True,2.79,2.53,Pass
11429,1566005,HK161_CO4031_L01,CO4031,-13,False,8.6,7.7,8.1,7.8,,8.0,B+,3.5,True,3.29,3.51,Pass
11430,1657561,HK161_CO4031_L01,CO4031,-13,False,8.1,8.7,8.5,8.5,,8.5,A,4.0,True,3.29,3.29,Pass
11431,1623345,HK161_CO4031_L01,CO4031,-13,False,7.5,8.5,7.4,7.6,,7.7,B,3.0,True,3.12,3.12,Pass
11436,1456071,HK161_CO4031_L01,CO4031,-13,False,9.9,8.8,7.1,6.9,,7.7,B,3.0,True,3.47,3.35,Pass
11437,1678951,HK161_CO4031_L01,CO4031,-13,False,5.7,4.6,5.7,7.3,,5.8,C,2.0,True,1.91,1.91,Pass
11439,1553563,HK161_CO4033_L01,CO4033,-13,False,,9.1,9.4,8.5,,9.1,A,4.0,True,4.0,3.96,Pass
11440,1587051,HK161_CO4033_L01,CO4033,-13,False,,8.3,6.5,7.3,,7.1,B,3.0,True,3.0,3.33,Pass
11442,1586713,HK161_CO4033_L01,CO4033,-13,False,,8.0,8.4,8.8,,8.4,B+,3.5,True,3.56,3.52,Pass
11443,1637867,HK161_CO4033_L01,CO4033,-13,False,,7.3,7.9,6.2,,7.3,B,3.0,True,2.71,2.71,Pass
11445,1621897,HK161_CO4033_L01,CO4033,-13,False,,8.3,7.6,8.6,,8.0,B+,3.5,True,3.32,3.32,Pass
11447,1444721,HK161_CO4033_L01,CO4033,-13,False,,6.8,5.3,5.2,,5.6,C,2.0,True,1.75,1.87,Pass
11448,1677896,HK161_CO4033_L01,CO4033,-13,False,,5.3,6.6,6.7,,6.4,C+,2.5,True,2.5,2.5,Pass
11449,1607892,HK161_CO4033_L01,CO4033,-13,False,,8.1,8.1,8.3,,8.2,B+,3.5,True,3.44,3.44,Pass
11451,1416191,HK161_CO4033_L01,CO4033,-13,False,,8.4,7.5,8.6,,8.0,B+,3.5,True,3.31,3.23,Pass
11452,1615277,HK161_CO4033_L01,CO4033,-13,False,,7.4,6.7,6.5,,6.8,C+,2.5,True,2.29,2.29,Pass
11453,1663891,HK161_CO4033_L01,CO4033,-13,False,,9.2,8.4,7.0,,8.1,B+,3.5,True,3.32,3.32,Pass
11455,1458829,HK161_CO4033_L01,CO4033,-13,False,,8.4,8.2,9.0,,8.5,A,4.0,True,3.39,3.36,Pass
11459,1629158,HK161_CO4033_L01,CO4033,-13,False,,7.8,7.2,6.8,,7.2,B,3.0,True,2.62,2.62,Pass
11461,1489505,HK161_CO4033_L01,CO4033,-13,False,,7.8,8.0,9.4,,8.4,B+,3.5,True,3.69,3.57,Pass
11462,1664698,HK161_CO4033_L01,CO4033,-13,False,,6.7,8.8,7.0,,7.8,B,3.0,True,2.88,2.88,Pass
11464,1497481,HK161_CO4033_L01,CO4033,-13,False,,6.3,7.9,7.2,,7.4,B,3.0,True,2.33,2.4,Pass
11466,1698252,HK161_CO4033_L01,CO4033,-13,False,,5.0,6.4,5.7,,5.9,C,2.0,True,2.53,2.53,Pass
11467,1624669,HK161_CO4033_L01,CO4033,-13,False,,5.8,8.1,8.4,,7.7,B,3.0,True,3.21,3.21,Pass
11468,1481223,HK161_CO4033_L01,CO4033,-13,False,,6.5,6.1,6.3,,6.2,C,2.0,True,2.14,2.22,Pass
11469,1472635,HK161_CO4033_L01,CO4033,-13,False,,8.6,7.1,8.4,,7.8,B,3.0,True,3.39,3.25,Pass
11471,1618463,HK161_CO4033_L01,CO4033,-13,False,,7.9,8.2,7.9,,8.1,B+,3.5,True,3.59,3.59,Pass
11472,1586123,HK161_CO4033_L01,CO4033,-13,False,,4.2,5.3,7.7,,5.8,C,2.0,True,2.0,2.03,Pass
11473,1579965,HK161_CO4033_L01,CO4033,-13,False,,7.3,7.6,6.9,,7.3,B,3.0,True,2.91,3.07,Pass
11476,1463125,HK161_CO4033_L01,CO4033,-13,False,,6.9,5.7,5.4,,5.8,C,2.0,True,1.97,1.96,Pass
11482,1667201,HK161_CO4035_L01,CO4035,-13,False,,5.3,5.6,6.5,,5.8,C,2.0,True,2.56,2.56,Pass
11483,1516237,HK161_CO4035_L01,CO4035,-13,False,,8.5,8.4,7.9,,8.3,B+,3.5,True,3.53,3.56,Pass
11492,1465271,HK161_CO4035_L01,CO4035,-13,False,,7.4,7.5,8.9,,7.9,B,3.0,True,3.58,3.51,Pass
11496,1575958,HK161_CO4035_L01,CO4035,-13,False,,5.7,5.2,4.9,,5.2,D+,1.5,True,1.82,1.75,Pass
11498,1688198,HK161_CO4035_L01,CO4035,-13,False,,7.2,5.8,8.2,,6.8,C+,2.5,True,2.62,2.62,Pass
11503,1686481,HK161_CO4035_L01,CO4035,-13,False,,5.5,7.6,6.2,,6.8,C+,2.5,True,2.09,2.09,Pass
11505,1661119,HK161_CO4035_L01,CO4035,-13,False,,6.4,5.3,5.9,,5.7,C,2.0,True,1.74,1.74,Pass
11506,1440731,HK161_CO4035_L01,CO4035,-13,False,,7.5,7.2,7.1,,7.2,B,3.0,True,3.0,3.02,Pass
11507,1542808,HK161_CO4035_L01,CO4035,-13,False,,7.0,6.1,7.1,,6.6,C+,2.5,True,2.62,2.67,Pass
11508,1645273,HK161_CO4035_L01,CO4035,-13,False,,5.8,6.8,6.3,,6.4,C+,2.5,True,2.29,2.29,Pass
11509,1667863,HK161_CO4035_L01,CO4035,-13,False,,7.9,7.7,8.0,,7.8,B,3.0,True,3.06,3.06,Pass
11512,1489964,HK161_CO4035_L01,CO4035,-13,False,,5.6,4.1,6.2,,5.0,D+,1.5,True,1.58,1.82,Pass
11514,1434905,HK161_CO4035_L01,CO4035,-13,False,,5.8,6.7,6.8,,6.6,C+,2.5,True,2.31,2.5,Pass
11515,1551412,HK161_CO4035_L01,CO4035,-13,False,,7.2,6.7,7.6,,7.1,B,3.0,True,3.29,3.44,Pass
11516,1607623,HK161_CO4035_L01,CO4035,-13,False,,8.6,6.2,6.3,,6.7,C+,2.5,True,2.53,2.53,Pass
11517,1522352,HK161_CO4035_L01,CO4035,-13,False,,7.9,7.9,8.0,,7.9,B,3.0,True,3.47,3.4,Pass
11518,1698107,HK161_CO4035_L01,CO4035,-13,False,,5.4,4.8,5.7,,5.2,D+,1.5,True,1.71,1.71,Pass
11519,1426007,HK161_CO4035_L01,CO4035,-13,False,,8.2,8.8,7.4,,8.3,B+,3.5,True,3.31,3.35,Pass
11523,1509446,HK161_CO4035_L01,CO4035,-13,False,,8.6,9.2,8.2,,8.8,A,4.0,True,4.0,4.0,Pass
11524,1441806,HK161_CO4035_L01,CO4035,-13,False,,7.8,10.0,7.8,,8.9,A,4.0,True,3.56,3.31,Pass
11526,1471407,HK161_CO4035_L01,CO4035,-13,False,,8.3,5.7,6.7,,6.5,C+,2.5,True,2.36,2.42,Pass
11527,1477543,HK161_CO4035_L01,CO4035,-13,False,,7.7,6.1,9.0,,7.3,B,3.0,True,2.53,2.51,Pass
11529,1666146,HK161_CO4035_L01,CO4035,-13,False,,7.6,5.4,5.1,,5.8,C,2.0,True,2.0,2.0,Pass
11530,1435823,HK161_CO4035_L01,CO4035,-13,False,,6.7,6.8,6.2,,6.6,C+,2.5,True,2.22,2.41,Pass
11532,1446102,HK161_CO4035_L01,CO4035,-13,False,,7.3,9.5,8.0,,8.6,A,4.0,True,3.69,3.67,Pass
11533,1695335,HK161_CO4035_L01,CO4035,-13,False,,8.4,8.6,9.1,,8.7,A,4.0,True,3.71,3.71,Pass
11534,1614098,HK161_CO4035_L01,CO4035,-13,False,,9.4,8.7,9.7,,9.1,A,4.0,True,4.0,4.0,Pass
11536,1461438,HK161_CO4035_L01,CO4035,-13,False,,6.8,5.0,7.4,,6.1,C,2.0,True,2.75,2.49,Pass
11539,1478924,HK161_CO4035_L01,CO4035,-13,False,,6.3,7.6,5.1,,6.6,C+,2.5,True,2.22,2.45,Pass
11541,1589202,HK161_CO4035_L01,CO4035,-13,False,,9.5,8.0,7.9,,8.3,B+,3.5,True,3.38,3.37,Pass
11544,1690722,HK161_CO4035_L01,CO4035,-13,False,,6.8,6.3,7.0,,6.6,C+,2.5,True,2.53,2.53,Pass
11545,1544621,HK161_CO4035_L01,CO4035,-13,False,,8.7,7.2,7.8,,7.7,B,3.0,True,2.88,3.04,Pass
11548,1624793,HK161_CO4037_L01,CO4037,-13,False,,6.5,5.4,,6.3,5.8,C,2.0,True,2.32,2.32,Pass
11549,1662981,HK161_CO4037_L01,CO4037,-13,False,,5.6,5.4,,4.6,5.3,D+,1.5,True,1.94,1.94,Pass
11551,1501770,HK161_CO4037_L01,CO4037,-13,False,,5.0,5.1,,5.1,5.1,D+,1.5,True,1.81,1.86,Pass
11552,1443493,HK161_CO4037_L01,CO4037,-13,False,,9.4,8.2,,7.6,8.3,B+,3.5,True,3.22,3.11,Pass
11553,1475240,HK161_CO4037_L01,CO4037,-13,False,,8.2,8.0,,8.2,8.1,B+,3.5,True,3.19,3.2,Pass
11555,1631144,HK161_CO4037_L01,CO4037,-13,False,,8.2,9.2,,7.4,8.6,A,4.0,True,3.62,3.62,Pass
11556,1482604,HK161_CO4037_L01,CO4037,-13,False,,7.6,7.9,,7.9,7.8,B,3.0,True,3.08,3.14,Pass
11557,1634433,HK161_CO4037_L01,CO4037,-13,False,,6.7,5.7,,5.8,5.9,C,2.0,True,2.29,2.29,Pass
11558,1474169,HK161_CO4037_L01,CO4037,-13,False,,8.9,7.5,,8.3,7.9,B,3.0,True,3.28,3.22,Pass
11559,1555376,HK161_CO4037_L01,CO4037,-13,False,,5.8,5.1,,6.4,5.5,C,2.0,True,1.88,1.96,Pass
11562,1493185,HK161_CO4037_L01,CO4037,-13,False,,5.7,6.9,,6.8,6.6,C+,2.5,True,2.0,1.96,Pass
11563,1606175,HK161_CO4037_L01,CO4037,-13,False,,7.0,6.5,,7.0,6.7,C+,2.5,True,2.65,2.65,Pass
11564,1676179,HK161_CO4037_L01,CO4037,-13,False,,6.7,7.3,,8.2,7.4,B,3.0,True,3.41,3.41,Pass
11566,1638405,HK161_CO4037_L01,CO4037,-13,False,,6.8,7.1,,7.1,7.0,B,3.0,True,2.5,2.5,Pass
11567,1643163,HK161_CO4037_L01,CO4037,-13,False,,7.9,7.7,,8.0,7.8,B,3.0,True,3.32,3.32,Pass
11568,1653072,HK161_CO4037_L01,CO4037,-13,False,,6.8,6.3,,6.7,6.5,C+,2.5,True,2.15,2.15,Pass
11569,1490886,HK161_CO4037_L01,CO4037,-13,False,,8.0,6.8,,7.5,7.2,B,3.0,True,3.19,2.98,Pass
11570,1638012,HK161_CO4037_L01,CO4037,-13,False,,6.4,6.3,,6.4,6.3,C,2.0,True,2.32,2.32,Pass
11575,1641177,HK161_CO4037_L01,CO4037,-13,False,,9.1,8.1,,8.0,8.3,B+,3.5,True,3.26,3.26,Pass
11576,1694942,HK161_CO4037_L01,CO4037,-13,False,,7.1,7.6,,6.9,7.4,B,3.0,True,2.68,2.68,Pass
11577,1630337,HK161_CO4037_L01,CO4037,-13,False,,5.9,6.8,,5.0,6.3,C,2.0,True,2.03,2.03,Pass
11580,1499627,HK161_CO4037_L01,CO4037,-13,False,,8.4,9.1,,8.7,8.9,A,4.0,True,3.81,3.91,Pass
11584,1668132,HK161_CO4037_L01,CO4037,-13,False,,8.1,7.7,,8.3,7.9,B,3.0,True,3.29,3.29,Pass
11587,1510374,HK161_CO4037_L01,CO4037,-13,False,,8.5,9.6,,9.4,9.3,A,4.0,True,4.0,4.0,Pass
11588,1510838,HK161_CO4037_L01,CO4037,-13,False,,7.3,7.9,,6.1,7.4,B,3.0,True,3.12,3.05,Pass
11589,1686357,HK161_CO4037_L01,CO4037,-13,False,,5.9,5.7,,6.6,5.9,C,2.0,True,2.44,2.44,Pass
11590,1520834,HK161_CO4037_L01,CO4037,-13,False,,7.5,8.9,,8.2,8.5,A,4.0,True,3.0,3.05,Pass
11591,1492267,HK161_CO4037_L01,CO4037,-13,False,,8.3,7.0,,7.7,7.4,B,3.0,True,3.47,3.5,Pass
11599,1522985,HK161_CO4037_L01,CO4037,-13,False,,8.8,8.3,,7.4,8.2,B+,3.5,True,3.29,3.36,Pass
11600,1633771,HK161_CO4037_L01,CO4037,-13,False,,6.4,7.0,,7.8,7.0,B,3.0,True,2.47,2.47,Pass
11601,1613167,HK161_CO4037_L01,CO4037,-13,False,,8.0,9.0,,8.7,8.7,A,4.0,True,3.56,3.56,Pass
11602,1682261,HK161_CO4037_L01,CO4037,-13,False,,6.0,6.7,,7.9,6.8,C+,2.5,True,2.24,2.24,Pass
11606,1466346,HK161_CO4037_L01,CO4037,-13,False,,8.7,7.3,,8.2,7.8,B,3.0,True,3.42,3.59,Pass
11608,1647776,HK161_CO4037_L01,CO4037,-13,False,,6.7,3.9,,5.6,4.8,D,1.0,True,1.26,1.26,Pass
11609,1652410,HK161_CO4037_L01,CO4037,-13,False,,9.4,8.4,,7.2,8.4,B+,3.5,True,3.41,3.41,Pass
11610,1695728,HK161_CO4037_L01,CO4037,-13,False,,5.8,6.4,,5.7,6.1,C,2.0,True,1.91,1.91,Pass
11612,1454690,HK161_CO4037_L01,CO4037,-13,False,,4.6,5.1,,4.5,4.9,D,1.0,True,1.58,1.65,Pass
11614,1474934,HK161_CO4037_L01,CO4037,-13,False,,5.5,6.0,,6.3,6.0,C,2.0,True,1.83,1.89,Pass
11615,1655306,HK161_CO4037_L01,CO4037,-13,False,,7.7,6.6,,7.5,7.0,B,3.0,True,2.59,2.59,Pass
11619,1540488,HK161_CO4039_L01,CO4039,-13,False,,7.3,8.7,8.7,,8.4,B+,3.5,True,3.47,3.53,Pass
11620,1498093,HK161_CO4039_L01,CO4039,-13,False,,5.3,7.8,8.8,,7.6,B,3.0,True,3.25,3.29,Pass
11622,1499168,HK161_CO4039_L01,CO4039,-13,False,,5.9,6.1,6.6,,6.2,C,2.0,True,2.61,2.5,Pass
11623,1694549,HK161_CO4039_L01,CO4039,-13,False,,8.3,8.7,8.4,,8.5,A,4.0,True,4.0,4.0,Pass
11625,1483369,HK161_CO4039_L01,CO4039,-13,False,,7.2,6.8,7.1,,7.0,B,3.0,True,2.92,2.71,Pass
11626,1452081,HK161_CO4039_L01,CO4039,-13,False,,7.0,6.1,7.1,,6.6,C+,2.5,True,2.31,2.49,Pass
11627,1606299,HK161_CO4039_L01,CO4039,-13,False,,6.4,5.9,6.3,,6.1,C,2.0,True,1.91,1.91,Pass
11628,1417419,HK161_CO4039_L01,CO4039,-13,False,,4.6,4.2,5.7,,4.7,D,1.0,True,1.53,1.63,Pass
11629,1432449,HK161_CO4039_L01,CO4039,-13,False,,8.0,8.5,8.8,,8.5,A,4.0,True,3.28,3.18,Pass
11630,1547700,HK161_CO4039_L01,CO4039,-13,False,,8.7,7.2,8.5,,7.9,B,3.0,True,3.12,3.31,Pass
11631,1483832,HK161_CO4039_L01,CO4039,-13,False,,7.8,8.6,8.6,,8.4,B+,3.5,True,3.25,3.19,Pass
11633,1489352,HK161_CO4039_L01,CO4039,-13,False,,8.2,7.5,7.5,,7.6,B,3.0,True,3.14,3.16,Pass
11636,1603527,HK161_CO4039_L01,CO4039,-13,False,,7.3,7.0,7.2,,7.1,B,3.0,True,2.62,2.62,Pass
11639,1491961,HK161_CO4039_L01,CO4039,-13,False,,7.3,8.1,7.3,,7.7,B,3.0,True,2.92,3.08,Pass
11640,1487818,HK161_CO4039_L01,CO4039,-13,False,,7.5,7.5,9.0,,7.9,B,3.0,True,3.03,3.2,Pass
11643,1480764,HK161_CO4039_L01,CO4039,-13,False,,7.7,5.9,6.9,,6.6,C+,2.5,True,2.58,2.65,Pass
11644,1663767,HK161_CO4039_L01,CO4039,-13,False,,5.1,7.0,9.6,,7.4,B,3.0,True,3.06,3.06,Pass
11645,1626779,HK161_CO4039_L01,CO4039,-13,False,,6.9,8.5,9.2,,8.4,B+,3.5,True,3.41,3.41,Pass
11646,1609340,HK161_CO4039_L01,CO4039,-13,False,,6.8,6.7,5.3,,6.3,C,2.0,True,1.97,1.97,Pass
11648,1459445,HK161_CO4039_L01,CO4039,-13,False,,5.9,5.9,4.4,,5.5,C,2.0,True,2.75,2.72,Pass
11650,1445180,HK161_CO4039_L01,CO4039,-13,False,,7.8,8.3,9.5,,8.6,A,4.0,True,4.0,3.95,Pass
11651,1411130,HK161_CO4039_L01,CO4039,-13,False,,8.2,7.3,6.5,,7.2,B,3.0,True,3.11,3.19,Pass
11653,1422786,HK161_CO4039_L01,CO4039,-13,False,,8.9,8.6,8.1,,8.5,A,4.0,True,3.39,3.36,Pass
11654,1629551,HK161_CO4039_L01,CO4039,-13,False,,6.6,6.7,6.4,,6.6,C+,2.5,True,2.56,2.56,Pass
11655,1563221,HK161_CO4039_L01,CO4039,-13,False,,5.3,5.2,5.2,,5.2,D+,1.5,True,1.56,1.49,Pass
11657,1625848,HK161_CO4039_L01,CO4039,-13,False,,8.5,7.5,6.8,,7.5,B,3.0,True,3.41,3.41,Pass
11658,1669187,HK161_CO4039_L01,CO4039,-13,False,,8.3,7.2,7.9,,7.6,B,3.0,True,3.29,3.29,Pass
11660,1486284,HK161_CO4039_L01,CO4039,-13,False,,9.4,7.0,7.9,,7.8,B,3.0,True,3.69,3.57,Pass
11661,1560775,HK161_CO4039_L01,CO4039,-13,False,,7.1,7.0,5.1,,6.4,C+,2.5,True,2.71,2.79,Pass
11662,1538632,HK161_CO4039_L01,CO4039,-13,False,,6.1,7.5,7.9,,7.3,B,3.0,True,2.91,2.75,Pass
11663,1627441,HK161_CO4039_L01,CO4039,-13,False,,6.5,5.9,5.3,,5.8,C,2.0,True,2.62,2.62,Pass
11665,1621628,HK161_CO4039_L01,CO4039,-13,False,,7.3,6.8,6.9,,6.9,C+,2.5,True,2.82,2.82,Pass
11669,1471560,HK161_CO4039_L01,CO4039,-13,False,,8.3,7.1,7.0,,7.3,B,3.0,True,3.0,3.14,Pass
11670,1656630,HK161_CO4039_L01,CO4039,-13,False,,6.8,7.0,6.9,,6.9,C+,2.5,True,2.18,2.18,Pass
11671,1503795,HK161_LA1005_L01,LA1005,-13,True,,4.6,4.7,7.5,,5.5,C,2.0,True,1.81,1.71,Pass
11672,1553225,HK161_LA1005_L01,LA1005,-13,True,,4.5,5.1,4.9,,4.9,D,1.0,True,1.35,1.33,Pass
11673,1507928,HK161_LA1005_L01,LA1005,-13,True,,8.1,6.3,7.3,,7.0,B,3.0,True,2.84,2.72,Pass
11674,1543862,HK161_CO1007_L01,CO1007,-13,True,,5.6,5.6,4.1,,5.3,D+,1.5,True,1.73,1.68,Pass
11675,1448860,HK161_CO1007_L01,CO1007,-13,True,,4.4,4.4,3.8,,4.3,D,1.0,True,0.67,1.03,Pass
11676,1448860,HK161_CO1027_L01,CO1027,-13,True,,4.1,2.1,4.5,3.4,3.1,F,0.0,False,0.67,1.03,Fail
11677,1481376,HK161_CO1027_L01,CO1027,-13,True,,4.3,3.1,2.8,3.8,3.3,F,0.0,False,0.18,1.0,Fail
11678,1448860,HK161_CO2039_L01,CO2039,-13,True,,4.0,4.9,,4.5,4.6,D,1.0,True,0.67,1.03,Pass
11679,1448860,HK161_SP1033_L01,SP1033,-13,True,3.7,4.1,3.8,,,3.9,F,0.0,False,0.67,1.03,Fail
11680,1481376,HK161_SP1033_L01,SP1033,-13,True,3.4,3.8,3.6,,,3.6,F,0.0,False,0.18,1.0,Fail
11681,1501770,HK161_PH1007_L01,PH1007,-13,True,5.0,,5.2,,,5.1,D+,1.5,True,1.81,1.86,Pass
11682,1594094,HK161_PH1007_L01,PH1007,-13,True,3.3,,3.1,,,3.2,F,0.0,False,1.53,1.4,Fail
11683,1547574,HK161_PH1007_L01,PH1007,-13,True,4.7,,6.2,,,5.6,C,2.0,True,1.71,1.42,Pass
11684,1482451,HK161_PH1007_L01,PH1007,-13,True,3.7,,2.9,,,3.2,F,0.0,False,0.63,1.02,Fail
11685,1556473,HK161_PH1007_L01,PH1007,-13,True,5.4,,4.8,,,5.0,D+,1.5,True,1.41,1.51,Pass
11686,1553225,HK161_PH1007_L01,PH1007,-13,True,4.6,,3.9,,,4.2,D,1.0,True,1.35,1.33,Pass
11687,1563221,HK161_PH1007_L01,PH1007,-13,True,3.9,,4.0,,,4.0,D,1.0,True,1.56,1.49,Pass
11688,1550315,HK161_PH1007_L01,PH1007,-13,True,4.9,,4.9,,,4.9,D,1.0,True,1.78,1.72,Pass
11689,1481376,HK161_PE1005_L01,PE1005,-13,True,,3.4,2.8,3.7,,3.1,F,0.0,False,0.18,1.0,Fail
11690,1530830,HK161_MT1005_L01,MT1005,-13,True,,6.0,5.1,5.2,,5.3,D+,1.5,True,1.86,1.81,Pass
11691,1537578,HK161_MT1005_L01,MT1005,-13,True,,4.5,5.2,4.7,,5.0,D+,1.5,True,1.82,1.76,Pass
11692,1308256,HK161_SP1037_L01,SP1037,-13,False,5.8,5.6,6.3,,,6.0,C,2.0,True,2.19,2.56,Pass
11693,1397595,HK161_SP1037_L01,SP1037,-13,False,6.9,7.1,6.1,,,6.6,C+,2.5,True,2.75,2.52,Pass
11694,1325659,HK161_SP1037_L01,SP1037,-13,False,7.5,7.5,7.0,,,7.2,B,3.0,True,3.75,3.29,Pass
11695,1317185,HK161_SP1037_L01,SP1037,-13,False,7.1,7.8,8.6,,,8.1,B+,3.5,True,3.25,3.11,Pass
11696,1394361,HK161_SP1037_L01,SP1037,-13,False,7.9,7.8,8.6,,,8.2,B+,3.5,True,3.25,3.33,Pass
11697,1326980,HK161_SP1037_L01,SP1037,-13,False,7.5,7.6,8.5,,,8.0,B+,3.5,True,3.75,3.46,Pass
11698,1362060,HK161_SP1037_L01,SP1037,-13,False,7.9,8.1,7.5,,,7.8,B,3.0,True,3.5,3.72,Pass
11699,1381513,HK161_SP1037_L01,SP1037,-13,False,8.6,7.5,6.7,,,7.3,B,3.0,True,3.25,3.3,Pass
11700,1396866,HK161_SP1037_L01,SP1037,-13,False,10.0,8.9,8.7,,,9.0,A,4.0,True,4.0,3.65,Pass
11701,1318780,HK161_SP1037_L01,SP1037,-13,False,9.9,8.2,7.7,,,8.3,B+,3.5,True,3.25,3.23,Pass
11702,1312356,HK161_SP1037_L01,SP1037,-13,False,6.9,6.9,8.6,,,7.8,B,3.0,True,3.0,3.48,Pass
11703,1332675,HK161_SP1037_L01,SP1037,-13,False,9.1,8.2,8.1,,,8.3,B+,3.5,True,3.25,3.41,Pass
11704,1387663,HK161_SP1037_L01,SP1037,-13,False,7.3,7.7,9.1,,,8.3,B+,3.5,True,3.61,3.23,Pass
11705,1347299,HK161_SP1037_L01,SP1037,-13,False,8.9,8.5,6.7,,,7.7,B,3.0,True,3.0,3.33,Pass
11706,1310443,HK161_SP1037_L01,SP1037,-13,False,7.5,8.9,9.2,,,8.8,A,4.0,True,3.5,3.54,Pass
11707,1338096,HK161_SP1037_L01,SP1037,-13,False,6.0,8.5,8.9,,,8.2,B+,3.5,True,2.75,2.58,Pass
11708,1346844,HK161_SP1037_L01,SP1037,-13,False,7.8,7.7,6.7,,,7.2,B,3.0,True,3.0,2.77,Pass
11709,1318643,HK161_SP1037_L01,SP1037,-13,False,9.4,8.3,8.7,,,8.7,A,4.0,True,3.75,3.29,Pass
11710,1344520,HK161_SP1037_L01,SP1037,-13,False,7.0,6.9,7.4,,,7.2,B,3.0,True,3.0,2.64,Pass
11711,1310032,HK161_SP1037_L01,SP1037,-13,False,7.5,7.9,6.5,,,7.1,B,3.0,True,3.0,3.12,Pass
11712,1357686,HK161_SP1037_L01,SP1037,-13,False,9.8,9.1,9.2,,,9.3,A,4.0,True,4.0,3.5,Pass
11713,1373905,HK161_SP1037_L01,SP1037,-13,False,8.5,9.1,6.5,,,7.7,B,3.0,True,3.25,3.29,Pass
11714,1310898,HK161_SP1037_L01,SP1037,-13,False,7.1,8.2,6.0,,,6.9,C+,2.5,True,2.25,2.47,Pass
11715,1309440,HK161_SP1037_L01,SP1037,-13,False,6.1,6.4,6.5,,,6.4,C+,2.5,True,2.5,2.39,Pass
11716,1389258,HK161_SP1037_L01,SP1037,-13,False,6.7,8.5,7.8,,,7.8,B,3.0,True,3.5,3.51,Pass
11717,1387345,HK161_SP1037_L01,SP1037,-13,False,9.0,8.2,8.2,,,8.4,B+,3.5,True,3.75,3.26,Pass
11718,1387800,HK161_SP1037_L01,SP1037,-13,False,6.9,5.5,6.7,,,6.4,C+,2.5,True,2.25,2.35,Pass
11719,1337778,HK161_SP1037_L01,SP1037,-13,False,4.2,6.8,5.8,,,5.8,C,2.0,True,2.0,1.81,Pass
11720,1380329,HK161_SP1037_L01,SP1037,-13,False,7.4,8.2,7.2,,,7.5,B,3.0,True,3.25,3.23,Pass
11721,1329167,HK161_SP1037_L01,SP1037,-13,False,7.0,7.8,7.4,,,7.4,B,3.0,True,3.0,3.31,Pass
11722,1378279,HK161_SP1037_L01,SP1037,-13,False,7.0,8.0,7.5,,,7.5,B,3.0,True,3.25,3.12,Pass
11723,1392903,HK161_SP1037_L01,SP1037,-13,False,7.7,8.0,8.8,,,8.3,B+,3.5,True,3.5,3.09,Pass
11724,1393632,HK161_SP1037_L01,SP1037,-13,False,8.2,7.1,6.4,,,7.0,B,3.0,True,2.5,2.71,Pass
11725,1367618,HK161_SP1037_L01,SP1037,-13,False,6.4,6.7,7.8,,,7.2,B,3.0,True,3.0,2.57,Pass
11726,1381376,HK161_SP1037_L01,SP1037,-13,False,8.0,7.7,8.7,,,8.3,B+,3.5,True,3.5,3.54,Pass
11727,1309577,HK161_SP1037_L01,SP1037,-13,False,7.7,6.6,7.0,,,7.0,B,3.0,True,3.5,3.09,Pass
11728,1379008,HK161_SP1037_L01,SP1037,-13,False,6.3,7.2,6.4,,,6.6,C+,2.5,True,2.0,2.74,Pass
11729,1364976,HK161_SP1037_L01,SP1037,-13,False,7.5,9.1,5.7,,,7.1,B,3.0,True,3.6,3.25,Pass
11730,1319235,HK161_SP1037_L01,SP1037,-13,False,8.1,8.5,8.3,,,8.3,B+,3.5,True,3.5,3.21,Pass
11731,1322880,HK161_SP1037_L01,SP1037,-13,False,7.4,6.2,6.7,,,6.7,C+,2.5,True,2.25,2.65,Pass
11732,1334133,HK161_SP1037_L01,SP1037,-13,False,8.4,8.2,7.4,,,7.8,B,3.0,True,3.25,3.15,Pass
11733,1301377,HK161_SP1037_L01,SP1037,-13,False,6.6,6.9,7.4,,,7.1,B,3.0,True,2.5,2.39,Pass
11734,1348757,HK161_SP1037_L01,SP1037,-13,False,7.2,5.5,5.4,,,5.8,C,2.0,True,1.68,1.71,Pass
11735,1368939,HK161_SP1037_L01,SP1037,-13,False,6.3,6.8,6.8,,,6.7,C+,2.5,True,2.5,2.24,Pass
11736,1307664,HK161_SP1037_L01,SP1037,-13,False,6.2,10.0,5.8,,,7.1,B,3.0,True,2.75,2.58,Pass
11737,1335317,HK161_SP1037_L01,SP1037,-13,False,6.0,7.5,7.2,,,7.1,B,3.0,True,2.75,2.42,Pass
11738,1376821,HK161_SP1037_L01,SP1037,-13,False,6.8,6.1,6.9,,,6.6,C+,2.5,True,2.5,2.48,Pass
11739,1308119,HK161_SP1037_L01,SP1037,-13,False,8.3,8.3,7.8,,,8.1,B+,3.5,True,3.5,3.37,Pass
11740,1354315,HK161_SP1037_L01,SP1037,-13,False,6.3,5.9,6.4,,,6.2,C,2.0,True,2.25,2.35,Pass
11741,1394679,HK161_SP1037_L01,SP1037,-13,False,6.6,7.8,8.4,,,7.9,B,3.0,True,2.75,2.55,Pass
11742,1387071,HK161_SP1037_L01,SP1037,-13,False,9.9,8.0,8.0,,,8.4,B+,3.5,True,3.5,3.56,Pass
11743,1310306,HK161_SP1037_L01,SP1037,-13,False,10.0,8.9,10.0,,,9.7,A+,4.0,True,4.0,3.98,Pass
11744,1397458,HK161_SP1037_L01,SP1037,-13,False,5.9,5.9,6.2,,,6.1,C,2.0,True,2.0,2.3,Pass
11745,1304474,HK161_SP1037_L01,SP1037,-13,False,4.8,6.6,4.7,,,5.3,D+,1.5,True,1.75,1.83,Pass
11746,1398916,HK161_SP1037_L01,SP1037,-13,False,7.3,8.3,7.0,,,7.5,B,3.0,True,3.25,3.38,Pass
11747,1362652,HK161_SP1037_L01,SP1037,-13,False,7.7,7.6,5.3,,,6.5,C+,2.5,True,2.25,2.42,Pass
11748,1384155,HK161_SP1037_L01,SP1037,-13,False,6.8,6.5,6.2,,,6.4,C+,2.5,True,1.89,1.77,Pass
11749,1326843,HK161_SP1037_L01,SP1037,-13,False,8.0,7.2,8.0,,,7.8,B,3.0,True,3.0,3.18,Pass
11750,1375363,HK161_SP1037_L01,SP1037,-13,False,6.0,6.5,6.7,,,6.5,C+,2.5,True,2.25,2.4,Pass
11751,1305932,HK161_SP1037_L01,SP1037,-13,False,8.0,7.5,7.9,,,7.8,B,3.0,True,3.0,3.23,Pass
11752,1394816,HK161_SP1037_L01,SP1037,-13,False,6.3,6.8,6.7,,,6.7,C+,2.5,True,2.25,2.42,Pass
11753,1346433,HK161_SP1037_L01,SP1037,-13,False,7.4,7.6,7.9,,,7.7,B,3.0,True,3.25,3.4,Pass
11754,1340146,HK161_SP1037_L01,SP1037,-13,False,7.2,7.7,6.6,,,7.0,B,3.0,True,3.0,2.56,Pass
11755,1303290,HK161_SP1037_L01,SP1037,-13,False,8.0,7.5,8.3,,,8.0,B+,3.5,True,3.5,3.33,Pass
11756,1310169,HK161_SP1037_L01,SP1037,-13,False,5.6,7.2,6.7,,,6.6,C+,2.5,True,2.5,2.7,Pass
11757,1396274,HK161_SP1037_L01,SP1037,-13,False,8.6,8.5,9.2,,,8.9,A,4.0,True,3.5,3.31,Pass
11758,1349623,HK161_SP1037_L01,SP1037,-13,False,6.8,5.1,7.4,,,6.6,C+,2.5,True,2.75,2.64,Pass
11759,1315727,HK161_SP1037_L01,SP1037,-13,False,7.8,8.4,8.3,,,8.2,B+,3.5,True,3.5,3.35,Pass
11760,1324338,HK161_SP1037_L01,SP1037,-13,False,8.0,7.7,6.4,,,7.1,B,3.0,True,3.0,3.02,Pass
11761,1395819,HK161_SP1037_L01,SP1037,-13,False,8.3,8.2,7.3,,,7.8,B,3.0,True,3.5,3.46,Pass
11762,1382105,HK161_SP1037_L01,SP1037,-13,False,8.3,5.9,8.9,,,7.9,B,3.0,True,3.0,3.16,Pass
11763,1314269,HK161_SP1037_L01,SP1037,-13,False,6.5,7.9,7.8,,,7.6,B,3.0,True,3.0,3.21,Pass
11764,1389987,HK161_SP1037_L01,SP1037,-13,False,8.5,8.3,7.1,,,7.7,B,3.0,True,3.5,3.34,Pass
11765,1383700,HK161_SP1037_L01,SP1037,-13,False,8.4,6.3,7.7,,,7.4,B,3.0,True,3.75,3.24,Pass
11766,1313951,HK161_SP1037_L01,SP1037,-13,False,9.0,7.4,10.0,,,9.0,A,4.0,True,3.75,3.45,Pass
11767,1343062,HK161_SP1037_L01,SP1037,-13,False,6.2,6.6,6.7,,,6.6,C+,2.5,True,2.5,2.32,Pass
11768,1380055,HK161_SP1037_L01,SP1037,-13,False,6.1,6.0,6.9,,,6.5,C+,2.5,True,2.25,2.59,Pass
11769,1317322,HK161_SP1037_L01,SP1037,-13,False,6.6,8.7,8.3,,,8.1,B+,3.5,True,3.5,3.39,Pass
11770,1390853,HK161_SP1037_L01,SP1037,-13,False,8.2,7.7,8.8,,,8.4,B+,3.5,True,3.5,3.31,Pass
11771,1352857,HK161_SP1037_L01,SP1037,-13,False,8.8,8.5,9.4,,,9.0,A,4.0,True,4.0,3.98,Pass
11772,1353131,HK161_SP1037_L01,SP1037,-13,False,8.9,5.8,7.5,,,7.3,B,3.0,True,3.25,3.39,Pass
11773,1301969,HK161_SP1037_L01,SP1037,-13,False,6.7,6.2,5.2,,,5.8,C,2.0,True,2.0,2.54,Pass
11774,1383837,HK161_SP1037_L01,SP1037,-13,False,6.4,6.0,6.1,,,6.1,C,2.0,True,2.0,1.84,Pass
11775,1304611,HK161_SP1037_L01,SP1037,-13,False,7.4,8.4,7.8,,,7.9,B,3.0,True,3.0,3.15,Pass
11776,1327254,HK161_SP1037_L01,SP1037,-13,False,9.6,7.8,7.2,,,7.9,B,3.0,True,3.0,3.19,Pass
11777,1303427,HK161_SP1037_L01,SP1037,-13,False,8.9,7.6,9.2,,,8.7,A,4.0,True,4.0,3.38,Pass
11778,1326251,HK161_SP1037_L01,SP1037,-13,False,8.2,7.7,7.5,,,7.7,B,3.0,True,2.5,2.61,Pass
11779,1356365,HK161_SP1037_L01,SP1037,-13,False,9.3,6.2,7.7,,,7.6,B,3.0,True,3.0,3.19,Pass
11780,1358689,HK161_SP1037_L01,SP1037,-13,False,7.3,8.4,9.0,,,8.5,A,4.0,True,3.4,3.34,Pass
11781,1316730,HK161_SP1037_L01,SP1037,-13,False,8.9,9.7,8.8,,,9.1,A,4.0,True,4.0,3.93,Pass
11782,1372310,HK161_SP1037_L01,SP1037,-13,False,5.5,5.3,7.5,,,6.4,C+,2.5,True,1.75,1.73,Pass
11783,1316593,HK161_SP1037_L01,SP1037,-13,False,6.3,6.3,6.7,,,6.5,C+,2.5,True,2.5,2.38,Pass
11784,1304019,HK161_SP1037_L01,SP1037,-13,False,9.2,8.7,8.8,,,8.8,A,4.0,True,4.0,3.95,Pass
11785,1305340,HK161_SP1037_L01,SP1037,-13,False,8.2,8.1,7.7,,,7.9,B,3.0,True,3.3,3.25,Pass
11786,1370260,HK161_SP1037_L01,SP1037,-13,False,5.8,6.7,6.2,,,6.3,C,2.0,True,2.0,2.13,Pass
11787,1301695,HK161_SP1037_L01,SP1037,-13,False,7.8,8.3,7.6,,,7.9,B,3.0,True,3.0,3.26,Pass
11788,1321422,HK161_SP1037_L01,SP1037,-13,False,7.1,7.2,7.7,,,7.4,B,3.0,True,3.25,3.07,Pass
11789,1393950,HK161_SP1037_L01,SP1037,-13,False,6.0,6.1,7.1,,,6.6,C+,2.5,True,2.31,2.3,Pass
11790,1382834,HK161_SP1037_L01,SP1037,-13,False,7.6,7.8,7.6,,,7.7,B,3.0,True,3.0,3.37,Pass
11791,1313677,HK161_SP1037_L01,SP1037,-13,False,8.0,6.0,7.4,,,7.1,B,3.0,True,3.25,3.34,Pass
11792,1370397,HK161_SP1037_L01,SP1037,-13,False,8.9,8.2,7.1,,,7.8,B,3.0,True,3.25,3.09,Pass
11793,1341878,HK161_SP1037_L02,SP1037,-13,False,7.6,7.3,6.1,,,6.8,C+,2.5,True,2.5,2.73,Pass
11794,1359007,HK161_SP1037_L02,SP1037,-13,False,6.9,6.1,8.1,,,7.3,B,3.0,True,3.0,2.52,Pass
11795,1342925,HK161_SP1037_L02,SP1037,-13,False,7.5,7.7,7.2,,,7.4,B,3.0,True,3.25,3.05,Pass
11796,1364702,HK161_SP1037_L02,SP1037,-13,False,5.8,5.7,6.7,,,6.2,C,2.0,True,1.75,1.85,Pass
11797,1361331,HK161_SP1037_L02,SP1037,-13,False,5.1,7.0,8.2,,,7.2,B,3.0,True,3.25,3.38,Pass
11798,1326388,HK161_SP1037_L02,SP1037,-13,False,9.1,8.8,8.9,,,8.9,A,4.0,True,3.75,3.91,Pass
11799,1306661,HK161_SP1037_L02,SP1037,-13,False,8.0,8.7,7.9,,,8.2,B+,3.5,True,3.5,3.5,Pass
11800,1351399,HK161_SP1037_L02,SP1037,-13,False,7.8,7.8,8.1,,,7.9,B,3.0,True,3.25,3.38,Pass
11801,1336320,HK161_SP1037_L02,SP1037,-13,False,5.3,7.8,6.6,,,6.7,C+,2.5,True,2.5,2.47,Pass
11802,1386616,HK161_SP1037_L02,SP1037,-13,False,4.6,5.9,4.8,,,5.1,D+,1.5,True,1.5,1.76,Pass
11803,1392629,HK161_SP1037_L02,SP1037,-13,False,6.2,7.8,8.3,,,7.7,B,3.0,True,2.75,3.2,Pass
11804,1337641,HK161_SP1037_L02,SP1037,-13,False,7.7,8.7,8.7,,,8.5,A,4.0,True,3.5,3.31,Pass
11805,1356639,HK161_SP1037_L02,SP1037,-13,False,7.1,4.9,6.2,,,6.0,C,2.0,True,2.25,2.19,Pass
11806,1343654,HK161_SP1037_L02,SP1037,-13,False,6.5,5.4,6.5,,,6.2,C,2.0,True,2.25,2.23,Pass
11807,1308393,HK161_SP1037_L02,SP1037,-13,False,8.2,9.1,6.8,,,7.8,B,3.0,True,3.25,3.17,Pass
11808,1391445,HK161_SP1037_L02,SP1037,-13,False,7.5,6.1,8.6,,,7.6,B,3.0,True,3.0,2.66,Pass
11809,1355181,HK161_SP1037_L02,SP1037,-13,False,8.9,8.4,7.6,,,8.1,B+,3.5,True,3.25,3.28,Pass
11810,1395682,HK161_SP1037_L02,SP1037,-13,False,6.1,5.6,6.9,,,6.3,C,2.0,True,2.0,2.67,Pass
11811,1337504,HK161_SP1037_L02,SP1037,-13,False,5.5,4.6,5.5,,,5.2,D+,1.5,True,1.8,2.08,Pass
11812,1313222,HK161_SP1037_L02,SP1037,-13,False,8.7,8.8,7.3,,,8.0,B+,3.5,True,3.5,3.42,Pass
11813,1358552,HK161_SP1037_L02,SP1037,-13,False,9.0,8.7,9.0,,,8.9,A,4.0,True,3.5,3.43,Pass
11814,1360147,HK161_SP1037_L02,SP1037,-13,False,6.8,7.2,9.5,,,8.3,B+,3.5,True,3.75,3.21,Pass
11815,1362515,HK161_SP1037_L02,SP1037,-13,False,7.5,6.6,7.7,,,7.3,B,3.0,True,3.5,3.35,Pass
11816,1347891,HK161_SP1037_L02,SP1037,-13,False,6.5,7.9,7.7,,,7.5,B,3.0,True,3.0,3.05,Pass
11817,1330351,HK161_SP1037_L02,SP1037,-13,False,7.1,7.8,7.6,,,7.6,B,3.0,True,3.38,3.38,Pass
11818,1313085,HK161_SP1037_L02,SP1037,-13,False,6.5,5.6,6.9,,,6.4,C+,2.5,True,2.5,2.42,Pass
11819,1307390,HK161_SP1037_L02,SP1037,-13,False,7.6,8.3,7.8,,,7.9,B,3.0,True,3.5,3.39,Pass
11820,1300237,HK161_SP1037_L02,SP1037,-13,False,7.5,6.8,7.4,,,7.2,B,3.0,True,3.25,3.35,Pass
11821,1326114,HK161_SP1037_L02,SP1037,-13,False,8.0,7.2,7.7,,,7.6,B,3.0,True,3.25,3.26,Pass
11822,1313814,HK161_SP1037_L02,SP1037,-13,False,7.9,7.9,7.9,,,7.9,B,3.0,True,3.38,3.18,Pass
11823,1365705,HK161_SP1037_L02,SP1037,-13,False,7.7,8.8,8.4,,,8.4,B+,3.5,True,3.25,3.38,Pass
11824,1368210,HK161_SP1037_L02,SP1037,-13,False,8.2,9.5,10.0,,,9.5,A+,4.0,True,4.0,4.0,Pass
11825,1376684,HK161_SP1037_L02,SP1037,-13,False,8.2,7.8,7.5,,,7.7,B,3.0,True,3.3,3.23,Pass
11826,1378871,HK161_SP1037_L02,SP1037,-13,False,8.8,7.9,8.3,,,8.3,B+,3.5,True,3.5,3.41,Pass
11827,1366023,HK161_SP1037_L02,SP1037,-13,False,6.9,5.0,5.6,,,5.7,C,2.0,True,2.25,2.71,Pass
11828,1350670,HK161_SP1037_L02,SP1037,-13,False,8.3,8.7,9.2,,,8.9,A,4.0,True,3.75,3.41,Pass
11829,1391171,HK161_SP1037_L02,SP1037,-13,False,8.3,8.3,9.8,,,9.1,A,4.0,True,3.5,3.4,Pass
11830,1302561,HK161_SP1037_L02,SP1037,-13,False,7.3,9.1,7.1,,,7.7,B,3.0,True,3.25,3.42,Pass
11831,1307982,HK161_SP1037_L02,SP1037,-13,False,8.6,8.0,9.4,,,8.8,A,4.0,True,4.0,3.0,Pass
11832,1324793,HK161_SP1037_L02,SP1037,-13,False,8.7,9.8,10.0,,,9.7,A+,4.0,True,4.0,3.97,Pass
11833,1362926,HK161_SP1037_L02,SP1037,-13,False,8.3,9.4,8.5,,,8.7,A,4.0,True,3.75,3.54,Pass
11834,1327983,HK161_SP1037_L02,SP1037,-13,False,6.7,8.3,7.8,,,7.7,B,3.0,True,3.25,3.18,Pass
11835,1301103,HK161_SP1037_L02,SP1037,-13,False,6.0,4.6,6.8,,,6.0,C,2.0,True,2.14,1.68,Pass
11836,1367481,HK161_SP1037_L02,SP1037,-13,False,8.5,7.3,8.1,,,7.9,B,3.0,True,3.0,3.36,Pass
11837,1345704,HK161_SP1037_L02,SP1037,-13,False,4.9,5.0,5.3,,,5.1,D+,1.5,True,1.75,1.96,Pass
11838,1321285,HK161_SP1037_L02,SP1037,-13,False,7.1,7.9,6.7,,,7.1,B,3.0,True,3.0,3.25,Pass
11839,1329622,HK161_SP1037_L02,SP1037,-13,False,6.8,6.8,5.8,,,6.3,C,2.0,True,2.25,2.59,Pass
11840,1371855,HK161_SP1037_L02,SP1037,-13,False,5.0,6.1,4.3,,,5.0,D+,1.5,True,1.64,1.45,Pass
11841,1315272,HK161_SP1037_L02,SP1037,-13,False,6.4,7.4,7.1,,,7.1,B,3.0,True,2.5,2.4,Pass
11842,1398324,HK161_SP1037_L02,SP1037,-13,False,5.1,4.8,6.5,,,5.7,C,2.0,True,2.25,2.55,Pass
11843,1373313,HK161_SP1037_L02,SP1037,-13,False,7.0,6.5,7.2,,,7.0,B,3.0,True,3.0,2.87,Pass
11844,1386342,HK161_SP1037_L02,SP1037,-13,False,7.7,9.1,8.2,,,8.4,B+,3.5,True,3.75,3.37,Pass
11845,1321559,HK161_SP1037_L02,SP1037,-13,False,7.0,5.2,6.4,,,6.2,C,2.0,True,2.25,2.48,Pass
11846,1318506,HK161_SP1037_L02,SP1037,-13,False,6.5,5.8,6.0,,,6.0,C,2.0,True,2.0,2.02,Pass
11847,1371126,HK161_SP1037_L02,SP1037,-13,False,5.2,6.3,6.3,,,6.1,C,2.0,True,1.45,1.95,Pass
11848,1356957,HK161_SP1037_L02,SP1037,-13,False,6.0,7.0,5.8,,,6.2,C,2.0,True,2.29,1.98,Pass
11849,1330762,HK161_SP1037_L02,SP1037,-13,False,6.9,8.6,8.6,,,8.3,B+,3.5,True,3.2,3.24,Pass
11850,1338962,HK161_SP1037_L02,SP1037,-13,False,8.3,8.7,8.2,,,8.4,B+,3.5,True,3.2,3.43,Pass
11851,1394087,HK161_SP1037_L02,SP1037,-13,False,7.2,7.0,7.8,,,7.4,B,3.0,True,3.0,2.64,Pass
11852,1363518,HK161_SP1037_L02,SP1037,-13,False,7.1,8.3,7.4,,,7.6,B,3.0,True,3.41,3.13,Pass
11853,1344383,HK161_SP1037_L02,SP1037,-13,False,7.6,7.6,7.3,,,7.4,B,3.0,True,3.3,3.57,Pass
11854,1309714,HK161_SP1037_L02,SP1037,-13,False,6.7,6.4,6.6,,,6.6,C+,2.5,True,2.75,3.04,Pass
11855,1357231,HK161_SP1037_L02,SP1037,-13,False,7.3,8.0,8.2,,,8.0,B+,3.5,True,3.25,3.17,Pass
11856,1395090,HK161_SP1037_L02,SP1037,-13,False,6.2,5.6,6.3,,,6.1,C,2.0,True,2.25,1.71,Pass
11857,1389395,HK161_SP1037_L02,SP1037,-13,False,5.0,4.7,4.7,,,4.8,D,1.0,True,2.25,1.91,Pass
11858,1340420,HK161_SP1037_L02,SP1037,-13,False,6.5,7.1,5.7,,,6.3,C,2.0,True,2.0,1.82,Pass
11859,1311035,HK161_SP1037_L02,SP1037,-13,False,8.4,7.9,8.3,,,8.2,B+,3.5,True,3.25,3.37,Pass
11860,1354178,HK161_SP1037_L02,SP1037,-13,False,8.3,6.8,7.9,,,7.7,B,3.0,True,3.0,3.17,Pass
11861,1350078,HK161_SP1037_L02,SP1037,-13,False,5.8,5.4,6.6,,,6.1,C,2.0,True,2.0,1.9,Pass
11862,1394224,HK161_SP1037_L02,SP1037,-13,False,6.8,4.6,5.5,,,5.5,C,2.0,True,2.3,2.19,Pass
11863,1338370,HK161_SP1037_L02,SP1037,-13,False,8.3,7.8,7.2,,,7.6,B,3.0,True,3.0,3.07,Pass
11864,1361786,HK161_SP1037_L02,SP1037,-13,False,7.3,7.3,7.4,,,7.3,B,3.0,True,3.3,3.24,Pass
11865,1336775,HK161_SP1037_L02,SP1037,-13,False,8.3,8.5,8.0,,,8.2,B+,3.5,True,3.5,3.31,Pass
11866,1380192,HK161_SP1037_L02,SP1037,-13,False,4.6,5.5,4.7,,,4.9,D,1.0,True,1.25,1.97,Pass
11867,1393358,HK161_SP1037_L02,SP1037,-13,False,7.3,7.0,5.6,,,6.4,C+,2.5,True,2.5,2.37,Pass
11868,1337049,HK161_SP1037_L02,SP1037,-13,False,7.5,7.4,6.5,,,7.0,B,3.0,True,3.25,3.13,Pass
11869,1341149,HK161_SP1037_L02,SP1037,-13,False,8.1,6.4,7.5,,,7.3,B,3.0,True,2.59,2.31,Pass
11870,1377413,HK161_SP1037_L02,SP1037,-13,False,6.1,5.8,7.6,,,6.8,C+,2.5,True,2.5,2.42,Pass
11871,1303882,HK161_SP1037_L02,SP1037,-13,False,6.9,8.4,7.2,,,7.5,B,3.0,True,3.5,3.43,Pass
11872,1390124,HK161_SP1037_L02,SP1037,-13,False,7.9,7.7,7.5,,,7.6,B,3.0,True,3.5,3.42,Pass
11873,1352265,HK161_SP1037_L02,SP1037,-13,False,7.8,7.2,7.5,,,7.5,B,3.0,True,3.0,3.21,Pass
11874,1342196,HK161_SP1037_L02,SP1037,-13,False,9.4,7.9,8.1,,,8.3,B+,3.5,True,3.5,3.3,Pass
11875,1375500,HK161_SP1037_L02,SP1037,-13,False,8.2,7.6,8.7,,,8.3,B+,3.5,True,3.75,3.38,Pass
11876,1305477,HK161_SP1037_L02,SP1037,-13,False,8.7,8.7,7.7,,,8.2,B+,3.5,True,3.75,3.58,Pass
11877,1322151,HK161_SP1037_L02,SP1037,-13,False,7.0,6.8,5.0,,,5.9,C,2.0,True,2.25,2.38,Pass
11878,1334588,HK161_SP1037_L02,SP1037,-13,False,7.1,7.0,7.0,,,7.0,B,3.0,True,3.0,2.51,Pass
11879,1397869,HK161_SP1037_L02,SP1037,-13,False,9.8,8.6,9.3,,,9.2,A,4.0,True,4.0,3.97,Pass
11880,1324930,HK161_SP1037_L02,SP1037,-13,False,6.6,6.4,5.4,,,5.9,C,2.0,True,2.0,1.93,Pass
11881,1359873,HK161_SP1037_L02,SP1037,-13,False,6.8,6.2,8.5,,,7.5,B,3.0,True,2.75,2.45,Pass
11882,1303745,HK161_SP1037_L02,SP1037,-13,False,8.4,8.8,9.7,,,9.2,A,4.0,True,4.0,3.91,Pass
11883,1346707,HK161_SP1037_L02,SP1037,-13,False,5.6,5.9,4.2,,,5.0,D+,1.5,True,1.35,1.62,Pass
11884,1382516,HK161_SP1037_L02,SP1037,-13,False,10.0,8.9,8.4,,,8.9,A,4.0,True,3.75,3.95,Pass
11885,1375818,HK161_SP1037_L02,SP1037,-13,False,7.6,7.6,7.4,,,7.5,B,3.0,True,3.0,3.23,Pass
11886,1323335,HK161_SP1037_L02,SP1037,-13,False,5.5,5.9,6.2,,,6.0,C,2.0,True,2.25,1.85,Pass
11887,1311490,HK161_SP1037_L02,SP1037,-13,False,8.7,7.6,6.7,,,7.4,B,3.0,True,3.25,3.31,Pass
11888,1345978,HK161_SP1037_L02,SP1037,-13,False,8.7,9.8,7.6,,,8.5,A,4.0,True,3.5,3.06,Pass
11889,1334270,HK161_SP1037_L02,SP1037,-13,False,6.6,8.8,8.1,,,8.0,B+,3.5,True,3.75,3.43,Pass
11890,1368484,HK161_SP1037_L02,SP1037,-13,False,5.6,5.9,5.0,,,5.4,D+,1.5,True,1.75,1.66,Pass
11891,1323609,HK161_SP1037_L02,SP1037,-13,False,9.6,9.8,8.6,,,9.2,A,4.0,True,3.5,3.86,Pass
11892,1312493,HK161_SP1037_L02,SP1037,-13,False,7.4,7.5,9.2,,,8.3,B+,3.5,True,3.25,3.21,Pass
11893,1349212,HK161_SP1037_L02,SP1037,-13,False,7.8,6.6,7.0,,,7.0,B,3.0,True,2.5,2.43,Pass
11894,1329759,HK161_SP1037_L03,SP1037,-13,False,8.8,8.0,8.3,,,8.3,B+,3.5,True,3.25,3.24,Pass
11895,1333130,HK161_SP1037_L03,SP1037,-13,False,9.2,8.4,9.0,,,8.9,A,4.0,True,4.0,3.38,Pass
11896,1366752,HK161_SP1037_L03,SP1037,-13,False,6.1,7.9,6.2,,,6.7,C+,2.5,True,2.5,2.38,Pass
11897,1361194,HK161_SP1037_L03,SP1037,-13,False,8.4,4.9,6.7,,,6.5,C+,2.5,True,2.75,3.21,Pass
11898,1399919,HK161_SP1037_L03,SP1037,-13,False,8.5,8.5,8.8,,,8.7,A,4.0,True,3.75,3.5,Pass
11899,1349941,HK161_SP1037_L03,SP1037,-13,False,6.9,8.2,8.1,,,7.9,B,3.0,True,3.25,3.28,Pass
11900,1331354,HK161_SP1037_L03,SP1037,-13,False,7.1,7.4,5.4,,,6.3,C,2.0,True,2.25,2.5,Pass
11901,1342470,HK161_SP1037_L03,SP1037,-13,False,6.5,7.6,8.0,,,7.6,B,3.0,True,3.5,3.35,Pass
11902,1388529,HK161_SP1037_L03,SP1037,-13,False,8.3,8.2,7.1,,,7.7,B,3.0,True,3.0,3.38,Pass
11903,1355499,HK161_SP1037_L03,SP1037,-13,False,8.7,10.0,8.4,,,8.9,A,4.0,True,4.0,4.0,Pass
11904,1317459,HK161_SP1037_L03,SP1037,-13,False,8.2,6.8,8.7,,,8.0,B+,3.5,True,3.5,3.32,Pass
11905,1397140,HK161_SP1037_L03,SP1037,-13,False,6.1,5.7,4.7,,,5.3,D+,1.5,True,1.75,1.85,Pass
11906,1365431,HK161_SP1037_L03,SP1037,-13,False,7.9,7.3,8.2,,,7.9,B,3.0,True,3.25,3.19,Pass
11907,1315135,HK161_SP1037_L03,SP1037,-13,False,8.4,7.6,6.9,,,7.4,B,3.0,True,3.25,3.51,Pass
11908,1300511,HK161_SP1037_L03,SP1037,-13,False,7.0,8.2,9.9,,,8.8,A,4.0,True,4.0,3.27,Pass
11909,1323472,HK161_SP1037_L03,SP1037,-13,False,7.7,6.6,7.6,,,7.3,B,3.0,True,2.75,2.72,Pass
11910,1352128,HK161_SP1037_L03,SP1037,-13,False,8.1,7.4,8.1,,,7.9,B,3.0,True,3.25,3.45,Pass
11911,1369942,HK161_SP1037_L03,SP1037,-13,False,6.9,7.0,7.0,,,7.0,B,3.0,True,3.0,2.5,Pass
11912,1394953,HK161_SP1037_L03,SP1037,-13,False,6.5,6.6,7.9,,,7.2,B,3.0,True,3.0,2.48,Pass
11913,1302698,HK161_SP1037_L03,SP1037,-13,False,8.3,7.9,9.2,,,8.6,A,4.0,True,3.5,3.19,Pass
11914,1385887,HK161_SP1037_L03,SP1037,-13,False,7.0,8.4,8.1,,,8.0,B+,3.5,True,3.75,3.47,Pass
11915,1331946,HK161_SP1037_L03,SP1037,-13,False,8.7,6.5,9.1,,,8.2,B+,3.5,True,3.75,3.37,Pass
11916,1398461,HK161_SP1037_L03,SP1037,-13,False,7.8,8.2,8.1,,,8.1,B+,3.5,True,3.25,3.4,Pass
11917,1310761,HK161_SP1037_L03,SP1037,-13,False,8.1,10.0,9.0,,,9.1,A,4.0,True,4.0,3.92,Pass
11918,1326525,HK161_SP1037_L03,SP1037,-13,False,10.0,9.2,8.6,,,9.1,A,4.0,True,4.0,3.96,Pass
11919,1336183,HK161_SP1037_L03,SP1037,-13,False,6.7,7.0,6.3,,,6.6,C+,2.5,True,2.75,2.8,Pass
11920,1386024,HK161_SP1037_L03,SP1037,-13,False,8.8,8.9,7.6,,,8.2,B+,3.5,True,3.5,3.25,Pass
11921,1388803,HK161_SP1037_L03,SP1037,-13,False,7.6,7.5,8.6,,,8.1,B+,3.5,True,3.75,3.21,Pass
11922,1320693,HK161_SP1037_L03,SP1037,-13,False,9.6,7.2,8.2,,,8.2,B+,3.5,True,3.5,3.43,Pass
11923,1385613,HK161_SP1037_L03,SP1037,-13,False,7.2,6.8,8.2,,,7.6,B,3.0,True,3.0,2.63,Pass
11924,1317914,HK161_SP1037_L03,SP1037,-13,False,7.6,5.8,7.1,,,6.8,C+,2.5,True,2.25,2.58,Pass
11925,1396411,HK161_SP1037_L03,SP1037,-13,False,6.0,8.4,8.2,,,7.8,B,3.0,True,3.25,3.08,Pass
11926,1336912,HK161_SP1037_L03,SP1037,-13,False,7.5,5.4,5.7,,,6.0,C,2.0,True,2.25,2.35,Pass
11927,1379600,HK161_SP1037_L03,SP1037,-13,False,6.1,5.5,6.7,,,6.2,C,2.0,True,2.0,1.69,Pass
11928,1329304,HK161_SP1037_L03,SP1037,-13,False,8.0,8.9,8.5,,,8.5,A,4.0,True,3.4,3.3,Pass
11929,1375089,HK161_SP1037_L03,SP1037,-13,False,5.2,5.5,6.0,,,5.7,C,2.0,True,2.5,2.35,Pass
11930,1379463,HK161_SP1037_L03,SP1037,-13,False,7.6,7.2,7.9,,,7.6,B,3.0,True,3.0,3.31,Pass
11931,1357960,HK161_SP1037_L03,SP1037,-13,False,5.5,5.4,4.7,,,5.1,D+,1.5,True,1.6,1.74,Pass
11932,1369805,HK161_SP1037_L03,SP1037,-13,False,9.7,9.0,9.0,,,9.1,A,4.0,True,4.0,3.92,Pass
11933,1334725,HK161_SP1037_L03,SP1037,-13,False,7.4,9.6,8.8,,,8.8,A,4.0,True,3.75,3.51,Pass
11934,1383563,HK161_SP1037_L03,SP1037,-13,False,5.2,7.0,6.8,,,6.5,C+,2.5,True,2.75,2.68,Pass
11935,1396137,HK161_SP1037_L03,SP1037,-13,False,7.5,7.6,7.4,,,7.5,B,3.0,True,3.5,3.42,Pass
11936,1377276,HK161_SP1037_L03,SP1037,-13,False,6.0,6.7,6.5,,,6.5,C+,2.5,True,2.5,2.27,Pass
11937,1360602,HK161_SP1037_L03,SP1037,-13,False,5.1,5.5,5.1,,,5.2,D+,1.5,True,1.75,1.69,Pass
11938,1355910,HK161_SP1037_L03,SP1037,-13,False,9.4,8.1,7.7,,,8.2,B+,3.5,True,3.25,3.22,Pass
11939,1398187,HK161_SP1037_L03,SP1037,-13,False,7.1,9.4,7.9,,,8.2,B+,3.5,True,3.5,3.32,Pass
11940,1306069,HK161_SP1037_L03,SP1037,-13,False,7.5,7.9,9.2,,,8.5,A,4.0,True,4.0,3.48,Pass
11941,1363973,HK161_SP1037_L03,SP1037,-13,False,7.8,7.5,6.0,,,6.8,C+,2.5,True,2.75,2.49,Pass
11942,1347162,HK161_SP1037_L03,SP1037,-13,False,6.2,6.6,6.9,,,6.7,C+,2.5,True,2.25,2.2,Pass
11943,1305203,HK161_SP1037_L03,SP1037,-13,False,6.5,5.8,5.1,,,5.6,C,2.0,True,2.0,2.42,Pass
11944,1316319,HK161_SP1037_L03,SP1037,-13,False,6.3,6.5,5.9,,,6.2,C,2.0,True,2.5,2.46,Pass
11945,1325522,HK161_SP1037_L03,SP1037,-13,False,5.4,6.3,5.3,,,5.6,C,2.0,True,2.0,2.31,Pass
11946,1343336,HK161_SP1037_L03,SP1037,-13,False,5.5,5.6,5.8,,,5.7,C,2.0,True,2.25,2.47,Pass
11947,1308711,HK161_SP1037_L03,SP1037,-13,False,7.9,7.9,8.9,,,8.4,B+,3.5,True,3.5,3.58,Pass
11948,1324201,HK161_SP1037_L03,SP1037,-13,False,6.8,6.5,7.6,,,7.1,B,3.0,True,2.75,2.69,Pass
11949,1374497,HK161_SP1037_L03,SP1037,-13,False,9.3,8.2,7.5,,,8.1,B+,3.5,True,3.0,3.3,Pass
11950,1375226,HK161_SP1037_L03,SP1037,-13,False,7.9,5.8,6.6,,,6.6,C+,2.5,True,2.91,2.64,Pass
11951,1342333,HK161_SP1037_L03,SP1037,-13,False,8.3,8.6,7.1,,,7.8,B,3.0,True,3.25,3.14,Pass
11952,1378597,HK161_SP1037_L03,SP1037,-13,False,8.4,8.1,10.0,,,9.1,A,4.0,True,3.5,3.15,Pass
11953,1304156,HK161_SP1037_L03,SP1037,-13,False,4.2,5.8,4.9,,,5.0,D+,1.5,True,1.5,1.65,Pass
11954,1320830,HK161_SP1037_L03,SP1037,-13,False,7.4,8.9,6.9,,,7.6,B,3.0,True,3.0,3.35,Pass
11955,1385021,HK161_SP1037_L03,SP1037,-13,False,8.1,8.5,7.5,,,7.9,B,3.0,True,3.0,3.23,Pass
11956,1368802,HK161_SP1037_L03,SP1037,-13,False,7.2,7.9,8.5,,,8.1,B+,3.5,True,3.09,2.94,Pass
11957,1311627,HK161_SP1037_L03,SP1037,-13,False,5.8,7.3,7.0,,,6.8,C+,2.5,True,2.25,2.38,Pass
11958,1334862,HK161_SP1037_L03,SP1037,-13,False,8.5,8.2,7.8,,,8.1,B+,3.5,True,3.25,3.19,Pass
11959,1361923,HK161_SP1037_L03,SP1037,-13,False,8.8,8.1,8.7,,,8.5,A,4.0,True,3.5,3.34,Pass
11960,1369076,HK161_SP1037_L03,SP1037,-13,False,4.6,5.2,4.9,,,4.9,D,1.0,True,1.7,1.85,Pass
11961,1343928,HK161_SP1037_L03,SP1037,-13,False,9.4,8.8,9.7,,,9.4,A,4.0,True,4.0,4.0,Pass
11962,1332083,HK161_SP1037_L03,SP1037,-13,False,7.6,8.1,7.8,,,7.8,B,3.0,True,3.0,3.21,Pass
11963,1399645,HK161_SP1037_L03,SP1037,-13,False,5.2,6.9,6.2,,,6.2,C,2.0,True,2.0,1.96,Pass
11964,1340875,HK161_SP1037_L03,SP1037,-13,False,7.8,6.9,7.1,,,7.2,B,3.0,True,2.75,2.45,Pass
11965,1371581,HK161_SP1037_L03,SP1037,-13,False,8.1,6.6,7.6,,,7.4,B,3.0,True,3.0,3.42,Pass
11966,1345112,HK161_SP1037_L03,SP1037,-13,False,6.5,5.2,6.5,,,6.1,C,2.0,True,2.5,2.57,Pass
11967,1330625,HK161_SP1037_L03,SP1037,-13,False,6.7,5.7,6.9,,,6.5,C+,2.5,True,2.5,2.27,Pass
11968,1370534,HK161_SP1037_L03,SP1037,-13,False,5.7,6.1,6.1,,,6.0,C,2.0,True,2.0,2.58,Pass
11969,1360465,HK161_SP1037_L03,SP1037,-13,False,8.7,8.2,7.3,,,7.8,B,3.0,True,3.3,3.33,Pass
11970,1340283,HK161_SP1037_L03,SP1037,-13,False,8.7,7.4,6.7,,,7.3,B,3.0,True,2.7,3.32,Pass
11971,1340557,HK161_SP1037_L03,SP1037,-13,False,7.4,7.4,7.3,,,7.3,B,3.0,True,2.75,2.6,Pass
11972,1350215,HK161_SP1037_L03,SP1037,-13,False,5.5,6.2,6.4,,,6.2,C,2.0,True,2.0,2.23,Pass
11973,1358278,HK161_SP1037_L03,SP1037,-13,False,6.3,5.8,6.4,,,6.2,C,2.0,True,2.25,2.39,Pass
11974,1338233,HK161_SP1037_L03,SP1037,-13,False,7.7,7.2,7.5,,,7.5,B,3.0,True,3.5,3.24,Pass
11975,1303153,HK161_SP1037_L03,SP1037,-13,False,5.7,6.8,6.4,,,6.4,C+,2.5,True,2.5,2.42,Pass
11976,1330033,HK161_SP1037_L03,SP1037,-13,False,7.0,8.4,8.3,,,8.1,B+,3.5,True,3.25,3.19,Pass
11977,1390716,HK161_SP1037_L03,SP1037,-13,False,5.2,4.5,6.1,,,5.4,D+,1.5,True,1.75,1.84,Pass
11978,1328575,HK161_SP1037_L03,SP1037,-13,False,7.6,7.5,6.4,,,7.0,B,3.0,True,2.73,2.58,Pass
11979,1363244,HK161_SP1037_L03,SP1037,-13,False,9.6,10.0,8.7,,,9.3,A,4.0,True,4.0,3.96,Pass
11980,1399782,HK161_SP1037_L03,SP1037,-13,False,8.0,8.1,8.2,,,8.1,B+,3.5,True,3.5,3.28,Pass
11981,1339691,HK161_SP1037_L03,SP1037,-13,False,7.0,8.3,7.4,,,7.6,B,3.0,True,3.25,3.27,Pass
11982,1352994,HK161_SP1037_L03,SP1037,-13,False,9.2,6.9,7.8,,,7.8,B,3.0,True,3.0,3.16,Pass
11983,1302106,HK161_SP1037_L03,SP1037,-13,False,6.3,6.0,6.1,,,6.1,C,2.0,True,2.5,2.61,Pass
11984,1324064,HK161_SP1037_L03,SP1037,-13,False,7.0,7.0,8.1,,,7.5,B,3.0,True,3.0,2.54,Pass
11985,1384566,HK161_SP1037_L03,SP1037,-13,False,7.7,9.6,7.6,,,8.2,B+,3.5,True,3.5,3.55,Pass
11986,1318188,HK161_SP1037_L03,SP1037,-13,False,7.6,7.8,7.1,,,7.4,B,3.0,True,3.0,3.31,Pass
11987,1333996,HK161_SP1037_L03,SP1037,-13,False,7.8,7.7,7.9,,,7.8,B,3.0,True,3.0,3.08,Pass
11988,1317048,HK161_SP1037_L03,SP1037,-13,False,6.4,6.2,7.5,,,6.9,C+,2.5,True,2.25,2.53,Pass
11989,1339417,HK161_SP1037_L03,SP1037,-13,False,6.6,6.8,5.8,,,6.3,C,2.0,True,2.25,2.61,Pass
11990,1304748,HK161_SP1037_L03,SP1037,-13,False,9.8,8.3,9.1,,,9.0,A,4.0,True,4.0,3.54,Pass
11991,1319509,HK161_SP1037_L03,SP1037,-13,False,6.5,8.0,6.8,,,7.1,B,3.0,True,3.0,3.12,Pass
11992,1376229,HK161_SP1037_L03,SP1037,-13,False,8.1,8.6,7.2,,,7.8,B,3.0,True,3.25,3.46,Pass
11993,1366434,HK161_SP1037_L03,SP1037,-13,False,8.1,7.9,8.1,,,8.0,B+,3.5,True,3.5,3.33,Pass
11994,1375955,HK161_SP1037_L03,SP1037,-13,False,6.4,8.1,6.1,,,6.8,C+,2.5,True,2.75,2.39,Pass
11995,1341878,HK161_CO4029_L01,CO4029,-13,False,,7.1,7.0,6.1,,6.8,C+,2.5,True,2.5,2.73,Pass
11996,1349623,HK161_CO4029_L01,CO4029,-13,False,,6.3,8.6,6.9,,7.6,B,3.0,True,2.75,2.64,Pass
11997,1324064,HK161_CO4029_L01,CO4029,-13,False,,6.7,8.4,7.1,,7.7,B,3.0,True,3.0,2.54,Pass
11998,1379463,HK161_CO4029_L01,CO4029,-13,False,,7.7,7.8,7.2,,7.6,B,3.0,True,3.0,3.31,Pass
11999,1371581,HK161_CO4029_L01,CO4029,-13,False,,8.5,7.7,7.9,,7.9,B,3.0,True,3.0,3.42,Pass
12000,1324930,HK161_CO4029_L01,CO4029,-13,False,,5.2,6.7,6.2,,6.2,C,2.0,True,2.0,1.93,Pass
12001,1377276,HK161_CO4029_L01,CO4029,-13,False,,6.7,6.8,6.2,,6.6,C+,2.5,True,2.5,2.27,Pass
12002,1383837,HK161_CO4029_L01,CO4029,-13,False,,5.0,6.0,5.1,,5.5,C,2.0,True,2.0,1.84,Pass
12003,1397869,HK161_CO4029_L01,CO4029,-13,False,,8.6,9.0,8.8,,8.9,A,4.0,True,4.0,3.97,Pass
12004,1354315,HK161_CO4029_L01,CO4029,-13,False,,6.6,7.1,6.6,,6.8,C+,2.5,True,2.25,2.35,Pass
12005,1321559,HK161_CO4029_L01,CO4029,-13,False,,5.6,6.0,7.8,,6.5,C+,2.5,True,2.25,2.48,Pass
12006,1343062,HK161_CO4029_L01,CO4029,-13,False,,7.9,6.0,6.8,,6.6,C+,2.5,True,2.5,2.32,Pass
12007,1302561,HK161_CO4029_L01,CO4029,-13,False,,7.3,8.8,8.5,,8.4,B+,3.5,True,3.25,3.42,Pass
12008,1387800,HK161_CO4029_L01,CO4029,-13,False,,5.8,6.3,6.6,,6.3,C,2.0,True,2.25,2.35,Pass
12009,1307664,HK161_CO4029_L01,CO4029,-13,False,,7.1,6.1,7.3,,6.7,C+,2.5,True,2.75,2.58,Pass
12010,1368210,HK161_CO4029_L01,CO4029,-13,False,,9.0,9.3,8.4,,9.0,A,4.0,True,4.0,4.0,Pass
12011,1393632,HK161_CO4029_L01,CO4029,-13,False,,6.8,4.6,8.1,,6.1,C,2.0,True,2.5,2.71,Pass
12012,1360147,HK161_CO4029_L01,CO4029,-13,False,,7.1,9.0,8.8,,8.6,A,4.0,True,3.75,3.21,Pass
12013,1350078,HK161_CO4029_L01,CO4029,-13,False,,5.6,6.0,4.9,,5.6,C,2.0,True,2.0,1.9,Pass
12014,1325522,HK161_CO4029_L01,CO4029,-13,False,,7.0,5.8,6.5,,6.2,C,2.0,True,2.0,2.31,Pass
12015,1358552,HK161_CO4029_L01,CO4029,-13,False,,7.7,7.5,7.7,,7.6,B,3.0,True,3.5,3.43,Pass
12016,1309577,HK161_CO4029_L01,CO4029,-13,False,,7.9,8.1,10.0,,8.6,A,4.0,True,3.5,3.09,Pass
12017,1389258,HK161_CO4029_L01,CO4029,-13,False,,8.6,9.7,8.2,,9.0,A,4.0,True,3.5,3.51,Pass
12018,1318643,HK161_CO4029_L01,CO4029,-13,False,,6.4,8.2,8.7,,8.0,B+,3.5,True,3.75,3.29,Pass
12019,1346844,HK161_CO4029_L01,CO4029,-13,False,,7.3,7.9,6.7,,7.4,B,3.0,True,3.0,2.77,Pass
12020,1394087,HK161_CO4029_L01,CO4029,-13,False,,7.0,7.3,7.5,,7.3,B,3.0,True,3.0,2.64,Pass
12021,1302698,HK161_CO4029_L01,CO4029,-13,False,,6.9,7.9,8.1,,7.8,B,3.0,True,3.5,3.19,Pass
12022,1315727,HK161_CO4029_L01,CO4029,-13,False,,8.2,8.6,7.2,,8.1,B+,3.5,True,3.5,3.35,Pass
12023,1353131,HK161_CO4029_L01,CO4029,-13,False,,8.3,8.1,8.9,,8.4,B+,3.5,True,3.25,3.39,Pass
12024,1395090,HK161_CO4029_L01,CO4029,-13,False,,6.0,6.2,7.2,,6.5,C+,2.5,True,2.25,1.71,Pass
12025,1340557,HK161_CO4029_L01,CO4029,-13,False,,7.6,6.1,7.3,,6.8,C+,2.5,True,2.75,2.6,Pass
12026,1345704,HK161_CO4029_L01,CO4029,-13,False,,6.8,5.6,5.2,,5.7,C,2.0,True,1.75,1.96,Pass
12027,1385021,HK161_CO4029_L01,CO4029,-13,False,,8.9,6.5,8.3,,7.5,B,3.0,True,3.0,3.23,Pass
12028,1338370,HK161_CO4029_L01,CO4029,-13,False,,8.9,7.0,7.8,,7.6,B,3.0,True,3.0,3.07,Pass
12029,1356365,HK161_CO4029_L01,CO4029,-13,False,,6.8,6.9,8.2,,7.3,B,3.0,True,3.0,3.19,Pass
12030,1312493,HK161_CO4029_L01,CO4029,-13,False,,9.1,7.0,7.6,,7.6,B,3.0,True,3.25,3.21,Pass
12031,1352857,HK161_CO4029_L01,CO4029,-13,False,,9.3,9.9,5.6,,8.5,A,4.0,True,4.0,3.98,Pass
12032,1334725,HK161_CO4029_L01,CO4029,-13,False,,10.0,7.3,8.5,,8.2,B+,3.5,True,3.75,3.51,Pass
12033,1359873,HK161_CO4029_L01,CO4029,-13,False,,7.1,6.5,6.7,,6.7,C+,2.5,True,2.75,2.45,Pass
12034,1313222,HK161_CO4029_L01,CO4029,-13,False,,8.2,8.2,8.3,,8.2,B+,3.5,True,3.5,3.42,Pass
12035,1398187,HK161_CO4029_L01,CO4029,-13,False,,7.5,7.9,8.4,,8.0,B+,3.5,True,3.5,3.32,Pass
12036,1390716,HK161_CO4029_L01,CO4029,-13,False,,7.5,5.5,5.7,,6.0,C,2.0,True,1.75,1.84,Pass
12037,1369805,HK161_CO4029_L01,CO4029,-13,False,,8.9,10.0,7.5,,9.0,A,4.0,True,4.0,3.92,Pass
12038,1357686,HK161_CO4029_L01,CO4029,-13,False,,9.6,7.9,9.3,,8.7,A,4.0,True,4.0,3.5,Pass
12039,1336183,HK161_CO4029_L01,CO4029,-13,False,,5.8,7.4,7.6,,7.1,B,3.0,True,2.75,2.8,Pass
12040,1396274,HK161_CO4029_L01,CO4029,-13,False,,6.9,8.3,7.8,,7.9,B,3.0,True,3.5,3.31,Pass
12041,1336775,HK161_CO4029_L01,CO4029,-13,False,,8.0,8.6,8.5,,8.4,B+,3.5,True,3.5,3.31,Pass
12042,1369076,HK161_CO4029_L01,CO4029,-13,False,,5.6,5.8,4.5,,5.4,D+,1.5,True,1.7,1.85,Pass
12043,1326980,HK161_CO4029_L01,CO4029,-13,False,,7.7,9.3,8.6,,8.8,A,4.0,True,3.75,3.46,Pass
12044,1335317,HK161_CO4029_L01,CO4029,-13,False,,7.4,6.2,6.5,,6.5,C+,2.5,True,2.75,2.42,Pass
12045,1384566,HK161_CO4029_L01,CO4029,-13,False,,7.9,8.3,7.4,,8.0,B+,3.5,True,3.5,3.55,Pass
12046,1349212,HK161_CO4029_L01,CO4029,-13,False,,5.9,6.7,5.8,,6.3,C,2.0,True,2.5,2.43,Pass
12047,1310761,HK161_CO4029_L01,CO4029,-13,False,,9.9,9.9,9.4,,9.8,A+,4.0,True,4.0,3.92,Pass
12048,1338096,HK161_CO4029_L01,CO4029,-13,False,,6.4,5.6,7.5,,6.3,C,2.0,True,2.75,2.58,Pass
12049,1323472,HK161_CO4029_L01,CO4029,-13,False,,6.6,6.8,7.4,,6.9,C+,2.5,True,2.75,2.72,Pass
12050,1338233,HK161_CO4029_L01,CO4029,-13,False,,8.4,9.4,7.9,,8.8,A,4.0,True,3.5,3.24,Pass
12051,1345112,HK161_CO4029_L01,CO4029,-13,False,,6.8,7.4,6.5,,7.0,B,3.0,True,2.5,2.57,Pass
12052,1311490,HK161_CO4029_L01,CO4029,-13,False,,7.7,9.2,6.1,,8.0,B+,3.5,True,3.25,3.31,Pass
12053,1378279,HK161_CO4029_L01,CO4029,-13,False,,7.1,8.3,8.2,,8.0,B+,3.5,True,3.25,3.12,Pass
12054,1300237,HK161_CO4029_L01,CO4029,-13,False,,6.6,8.5,8.0,,8.0,B+,3.5,True,3.25,3.35,Pass
12055,1317048,HK161_CO4029_L01,CO4029,-13,False,,6.7,5.2,6.5,,5.9,C,2.0,True,2.25,2.53,Pass
12056,1336912,HK161_CO4029_L01,CO4029,-13,False,,7.3,6.4,6.1,,6.5,C+,2.5,True,2.25,2.35,Pass
12057,1355181,HK161_CO4029_L01,CO4029,-13,False,,7.3,8.0,8.2,,7.9,B,3.0,True,3.25,3.28,Pass
12058,1307390,HK161_CO4029_L01,CO4029,-13,False,,7.7,8.9,9.2,,8.8,A,4.0,True,3.5,3.39,Pass
12059,1303745,HK161_CO4029_L01,CO4029,-13,False,,10.0,9.3,9.2,,9.4,A,4.0,True,4.0,3.91,Pass
12060,1382516,HK161_CO4029_L01,CO4029,-13,False,,9.6,8.9,6.1,,8.2,B+,3.5,True,3.75,3.95,Pass
12061,1310032,HK161_CO4029_L01,CO4029,-13,False,,8.3,8.0,7.5,,7.9,B,3.0,True,3.0,3.12,Pass
12062,1310169,HK161_CO4029_L01,CO4029,-13,False,,6.9,6.2,6.7,,6.5,C+,2.5,True,2.5,2.7,Pass
12063,1310443,HK161_CO4029_L01,CO4029,-13,False,,8.1,7.4,7.7,,7.6,B,3.0,True,3.5,3.54,Pass
12064,1322880,HK161_CO4029_L01,CO4029,-13,False,,6.3,5.1,7.2,,6.0,C,2.0,True,2.25,2.65,Pass
12065,1323609,HK161_CO4029_L01,CO4029,-13,False,,9.5,8.4,6.1,,7.9,B,3.0,True,3.5,3.86,Pass
12066,1320693,HK161_CO4029_L01,CO4029,-13,False,,7.7,7.7,8.6,,8.0,B+,3.5,True,3.5,3.43,Pass
12067,1386616,HK161_CO4029_L01,CO4029,-13,False,,4.4,4.7,5.9,,5.0,D+,1.5,True,1.5,1.76,Pass
12068,1343654,HK161_CO4029_L01,CO4029,-13,False,,7.0,6.3,7.2,,6.7,C+,2.5,True,2.25,2.23,Pass
12069,1367481,HK161_CO4029_L01,CO4029,-13,False,,8.0,8.2,6.5,,7.6,B,3.0,True,3.0,3.36,Pass
12070,1313085,HK161_CO4029_L01,CO4029,-13,False,,7.3,7.4,5.8,,6.9,C+,2.5,True,2.5,2.42,Pass
12071,1305203,HK161_CO4029_L01,CO4029,-13,False,,5.6,6.3,5.8,,6.0,C,2.0,True,2.0,2.42,Pass
12072,1329167,HK161_CO4029_L01,CO4029,-13,False,,8.2,7.1,7.0,,7.3,B,3.0,True,3.0,3.31,Pass
12073,1330625,HK161_CO4029_L01,CO4029,-13,False,,5.3,6.8,6.4,,6.4,C+,2.5,True,2.5,2.27,Pass
12074,1315272,HK161_CO4029_L01,CO4029,-13,False,,6.5,4.9,6.8,,5.8,C,2.0,True,2.5,2.4,Pass
12075,1306661,HK161_CO4029_L01,CO4029,-13,False,,8.6,7.9,8.1,,8.1,B+,3.5,True,3.5,3.5,Pass
12076,1309440,HK161_CO4029_L01,CO4029,-13,False,,7.3,6.5,7.3,,6.9,C+,2.5,True,2.5,2.39,Pass
12077,1308393,HK161_CO4029_L01,CO4029,-13,False,,7.1,9.2,7.6,,8.3,B+,3.5,True,3.25,3.17,Pass
12078,1369942,HK161_CO4029_L01,CO4029,-13,False,,6.8,6.7,7.7,,7.0,B,3.0,True,3.0,2.5,Pass
12079,1361331,HK161_CO4029_L01,CO4029,-13,False,,8.1,7.3,9.4,,8.1,B+,3.5,True,3.25,3.38,Pass
12080,1339417,HK161_CO4029_L01,CO4029,-13,False,,7.3,6.6,6.3,,6.6,C+,2.5,True,2.25,2.61,Pass
12081,1380329,HK161_CO4029_L01,CO4029,-13,False,,9.2,7.9,7.8,,8.1,B+,3.5,True,3.25,3.23,Pass
12082,1327254,HK161_CO4029_L01,CO4029,-13,False,,8.6,7.1,8.4,,7.8,B,3.0,True,3.0,3.19,Pass
12083,1315135,HK161_CO4029_L02,CO4029,-13,False,,7.7,8.1,8.5,,8.1,B+,3.5,True,3.25,3.51,Pass
12084,1387071,HK161_CO4029_L02,CO4029,-13,False,,7.9,8.4,8.9,,8.4,B+,3.5,True,3.5,3.56,Pass
12085,1365705,HK161_CO4029_L02,CO4029,-13,False,,7.6,8.6,7.1,,7.9,B,3.0,True,3.25,3.38,Pass
12086,1342925,HK161_CO4029_L02,CO4029,-13,False,,7.8,9.3,7.0,,8.3,B+,3.5,True,3.25,3.05,Pass
12087,1317914,HK161_CO4029_L02,CO4029,-13,False,,6.4,5.3,5.6,,5.6,C,2.0,True,2.25,2.58,Pass
12088,1389395,HK161_CO4029_L02,CO4029,-13,False,,5.6,5.6,5.4,,5.5,C,2.0,True,2.25,1.91,Pass
12089,1310898,HK161_CO4029_L02,CO4029,-13,False,,5.8,6.5,5.3,,6.0,C,2.0,True,2.25,2.47,Pass
12090,1362652,HK161_CO4029_L02,CO4029,-13,False,,6.2,5.7,6.8,,6.1,C,2.0,True,2.25,2.42,Pass
12091,1375363,HK161_CO4029_L02,CO4029,-13,False,,6.1,5.8,5.7,,5.8,C,2.0,True,2.25,2.4,Pass
12092,1398916,HK161_CO4029_L02,CO4029,-13,False,,7.9,7.8,8.4,,8.0,B+,3.5,True,3.25,3.38,Pass
12093,1318780,HK161_CO4029_L02,CO4029,-13,False,,7.6,7.4,7.9,,7.6,B,3.0,True,3.25,3.23,Pass
12094,1376821,HK161_CO4029_L02,CO4029,-13,False,,7.0,7.1,6.3,,6.8,C+,2.5,True,2.5,2.48,Pass
12095,1357231,HK161_CO4029_L02,CO4029,-13,False,,6.9,7.6,7.9,,7.5,B,3.0,True,3.25,3.17,Pass
12096,1340146,HK161_CO4029_L02,CO4029,-13,False,,7.3,7.2,6.9,,7.1,B,3.0,True,3.0,2.56,Pass
12097,1393358,HK161_CO4029_L02,CO4029,-13,False,,8.3,6.4,6.5,,6.8,C+,2.5,True,2.5,2.37,Pass
12098,1354178,HK161_CO4029_L02,CO4029,-13,False,,8.1,8.6,5.8,,7.7,B,3.0,True,3.0,3.17,Pass
12099,1362060,HK161_CO4029_L02,CO4029,-13,False,,9.0,8.6,9.2,,8.9,A,4.0,True,3.5,3.72,Pass
12100,1388529,HK161_CO4029_L02,CO4029,-13,False,,8.6,6.9,8.5,,7.7,B,3.0,True,3.0,3.38,Pass
12101,1392903,HK161_CO4029_L02,CO4029,-13,False,,8.2,7.5,8.6,,8.0,B+,3.5,True,3.5,3.09,Pass
12102,1309714,HK161_CO4029_L02,CO4029,-13,False,,7.2,8.1,6.8,,7.5,B,3.0,True,2.75,3.04,Pass
12103,1386342,HK161_CO4029_L02,CO4029,-13,False,,8.0,10.0,7.5,,8.8,A,4.0,True,3.75,3.37,Pass
12104,1364702,HK161_CO4029_L02,CO4029,-13,False,,6.0,4.3,5.7,,5.1,D+,1.5,True,1.75,1.85,Pass
12105,1303153,HK161_CO4029_L02,CO4029,-13,False,,7.1,6.1,7.1,,6.6,C+,2.5,True,2.5,2.42,Pass
12106,1304156,HK161_CO4029_L02,CO4029,-13,False,,7.0,5.0,4.7,,5.3,D+,1.5,True,1.5,1.65,Pass
12107,1396137,HK161_CO4029_L02,CO4029,-13,False,,8.6,9.2,7.4,,8.5,A,4.0,True,3.5,3.42,Pass
12108,1337778,HK161_CO4029_L02,CO4029,-13,False,,6.5,5.5,5.7,,5.8,C,2.0,True,2.0,1.81,Pass
12109,1377413,HK161_CO4029_L02,CO4029,-13,False,,6.2,6.8,6.3,,6.5,C+,2.5,True,2.5,2.42,Pass
12110,1370534,HK161_CO4029_L02,CO4029,-13,False,,6.3,5.5,7.2,,6.2,C,2.0,True,2.0,2.58,Pass
12111,1345978,HK161_CO4029_L02,CO4029,-13,False,,7.7,7.3,8.0,,7.6,B,3.0,True,3.5,3.06,Pass
12112,1305477,HK161_CO4029_L02,CO4029,-13,False,,8.3,8.9,8.5,,8.7,A,4.0,True,3.75,3.58,Pass
12113,1392629,HK161_CO4029_L02,CO4029,-13,False,,6.9,6.1,8.3,,6.9,C+,2.5,True,2.75,3.2,Pass
12114,1326843,HK161_CO4029_L02,CO4029,-13,False,,7.9,7.3,7.9,,7.6,B,3.0,True,3.0,3.18,Pass
12115,1343336,HK161_CO4029_L02,CO4029,-13,False,,6.6,7.3,6.6,,6.9,C+,2.5,True,2.25,2.47,Pass
12116,1311627,HK161_CO4029_L02,CO4029,-13,False,,6.6,5.2,6.7,,5.9,C,2.0,True,2.25,2.38,Pass
12117,1333996,HK161_CO4029_L02,CO4029,-13,False,,7.4,8.1,7.8,,7.9,B,3.0,True,3.0,3.08,Pass
12118,1399919,HK161_CO4029_L02,CO4029,-13,False,,8.3,7.6,8.4,,8.0,B+,3.5,True,3.75,3.5,Pass
12119,1398324,HK161_CO4029_L02,CO4029,-13,False,,6.2,6.9,6.6,,6.7,C+,2.5,True,2.25,2.55,Pass
12120,1302106,HK161_CO4029_L02,CO4029,-13,False,,6.8,6.9,7.5,,7.1,B,3.0,True,2.5,2.61,Pass
12121,1394361,HK161_CO4029_L02,CO4029,-13,False,,8.3,7.8,7.2,,7.7,B,3.0,True,3.25,3.33,Pass
12122,1327983,HK161_CO4029_L02,CO4029,-13,False,,8.2,8.4,7.9,,8.2,B+,3.5,True,3.25,3.18,Pass
12123,1304611,HK161_CO4029_L02,CO4029,-13,False,,6.5,7.8,7.6,,7.5,B,3.0,True,3.0,3.15,Pass
12124,1380192,HK161_CO4029_L02,CO4029,-13,False,,5.4,4.6,6.4,,5.3,D+,1.5,True,1.25,1.97,Pass
12125,1340420,HK161_CO4029_L02,CO4029,-13,False,,4.8,6.9,5.4,,6.0,C,2.0,True,2.0,1.82,Pass
12126,1311035,HK161_CO4029_L02,CO4029,-13,False,,8.0,8.2,6.2,,7.6,B,3.0,True,3.25,3.37,Pass
12127,1316730,HK161_CO4029_L02,CO4029,-13,False,,8.9,9.7,8.5,,9.2,A,4.0,True,4.0,3.93,Pass
12128,1312356,HK161_CO4029_L02,CO4029,-13,False,,8.7,6.6,8.3,,7.5,B,3.0,True,3.0,3.48,Pass
12129,1397458,HK161_CO4029_L02,CO4029,-13,False,,6.7,5.8,6.5,,6.2,C,2.0,True,2.0,2.3,Pass
12130,1331354,HK161_CO4029_L02,CO4029,-13,False,,6.0,6.8,6.3,,6.5,C+,2.5,True,2.25,2.5,Pass
12131,1396411,HK161_CO4029_L02,CO4029,-13,False,,8.2,8.3,8.5,,8.3,B+,3.5,True,3.25,3.08,Pass
12132,1397595,HK161_CO4029_L02,CO4029,-13,False,,6.7,7.4,7.7,,7.4,B,3.0,True,2.75,2.52,Pass
12133,1361923,HK161_CO4029_L02,CO4029,-13,False,,8.9,7.4,7.6,,7.8,B,3.0,True,3.5,3.34,Pass
12134,1339691,HK161_CO4029_L02,CO4029,-13,False,,7.4,9.4,7.1,,8.3,B+,3.5,True,3.25,3.27,Pass
12135,1304748,HK161_CO4029_L02,CO4029,-13,False,,7.9,8.8,9.1,,8.7,A,4.0,True,4.0,3.54,Pass
12136,1395819,HK161_CO4029_L02,CO4029,-13,False,,8.8,8.9,8.4,,8.7,A,4.0,True,3.5,3.46,Pass
12137,1352265,HK161_CO4029_L02,CO4029,-13,False,,7.9,7.9,7.6,,7.8,B,3.0,True,3.0,3.21,Pass
12138,1383563,HK161_CO4029_L02,CO4029,-13,False,,7.5,7.5,7.7,,7.6,B,3.0,True,2.75,2.68,Pass
12139,1382834,HK161_CO4029_L02,CO4029,-13,False,,7.3,8.1,7.9,,7.9,B,3.0,True,3.0,3.37,Pass
12140,1318188,HK161_CO4029_L02,CO4029,-13,False,,8.1,6.9,6.8,,7.1,B,3.0,True,3.0,3.31,Pass
12141,1347891,HK161_CO4029_L02,CO4029,-13,False,,6.7,7.0,8.2,,7.3,B,3.0,True,3.0,3.05,Pass
12142,1347162,HK161_CO4029_L02,CO4029,-13,False,,6.6,4.2,8.5,,6.0,C,2.0,True,2.25,2.2,Pass
12143,1308119,HK161_CO4029_L02,CO4029,-13,False,,8.2,8.9,7.8,,8.4,B+,3.5,True,3.5,3.37,Pass
12144,1346707,HK161_CO4029_L02,CO4029,-13,False,,5.5,5.4,4.9,,5.3,D+,1.5,True,1.35,1.62,Pass
12145,1333130,HK161_CO4029_L02,CO4029,-13,False,,8.1,9.7,8.3,,9.0,A,4.0,True,4.0,3.38,Pass
12146,1355910,HK161_CO4029_L02,CO4029,-13,False,,7.8,7.9,7.1,,7.6,B,3.0,True,3.25,3.22,Pass
12147,1362926,HK161_CO4029_L02,CO4029,-13,False,,7.6,9.0,7.2,,8.2,B+,3.5,True,3.75,3.54,Pass
12148,1363244,HK161_CO4029_L02,CO4029,-13,False,,8.8,10.0,10.0,,9.8,A+,4.0,True,4.0,3.96,Pass
12149,1356957,HK161_CO4029_L02,CO4029,-13,False,,6.1,6.8,6.1,,6.4,C+,2.5,True,2.29,1.98,Pass
12150,1356639,HK161_CO4029_L02,CO4029,-13,False,,6.5,6.7,6.5,,6.6,C+,2.5,True,2.25,2.19,Pass
12151,1359007,HK161_CO4029_L02,CO4029,-13,False,,6.7,8.1,7.5,,7.6,B,3.0,True,3.0,2.52,Pass
12152,1340875,HK161_CO4029_L02,CO4029,-13,False,,6.3,6.6,6.2,,6.4,C+,2.5,True,2.75,2.45,Pass
12153,1351399,HK161_CO4029_L02,CO4029,-13,False,,7.8,8.1,7.9,,8.0,B+,3.5,True,3.25,3.38,Pass
12154,1370260,HK161_CO4029_L02,CO4029,-13,False,,7.5,5.8,5.9,,6.2,C,2.0,True,2.0,2.13,Pass
12155,1385613,HK161_CO4029_L02,CO4029,-13,False,,7.9,6.6,7.0,,7.0,B,3.0,True,3.0,2.63,Pass
12156,1320830,HK161_CO4029_L02,CO4029,-13,False,,9.6,5.4,8.1,,7.0,B,3.0,True,3.0,3.35,Pass
12157,1398461,HK161_CO4029_L02,CO4029,-13,False,,8.2,7.2,7.5,,7.5,B,3.0,True,3.25,3.4,Pass
12158,1334862,HK161_CO4029_L02,CO4029,-13,False,,7.1,7.4,8.0,,7.5,B,3.0,True,3.25,3.19,Pass
12159,1313951,HK161_CO4029_L02,CO4029,-13,False,,7.6,8.1,8.5,,8.1,B+,3.5,True,3.75,3.45,Pass
12160,1324793,HK161_CO4029_L02,CO4029,-13,False,,8.8,8.8,9.9,,9.1,A,4.0,True,4.0,3.97,Pass
12161,1360602,HK161_CO4029_L02,CO4029,-13,False,,7.1,6.1,4.2,,5.7,C,2.0,True,1.75,1.69,Pass
12162,1321285,HK161_CO4029_L02,CO4029,-13,False,,9.2,7.0,8.2,,7.8,B,3.0,True,3.0,3.25,Pass
12163,1337641,HK161_CO4029_L02,CO4029,-13,False,,8.5,8.2,7.0,,7.9,B,3.0,True,3.5,3.31,Pass
12164,1304474,HK161_CO4029_L02,CO4029,-13,False,,4.4,6.0,6.5,,5.8,C,2.0,True,1.75,1.83,Pass
12165,1344520,HK161_CO4029_L02,CO4029,-13,False,,8.5,7.1,6.1,,7.1,B,3.0,True,3.0,2.64,Pass
12166,1381513,HK161_CO4029_L02,CO4029,-13,False,,6.2,8.9,8.4,,8.2,B+,3.5,True,3.25,3.3,Pass
12167,1334588,HK161_CO4029_L02,CO4029,-13,False,,6.7,8.0,6.2,,7.2,B,3.0,True,3.0,2.51,Pass
12168,1352994,HK161_CO4029_L02,CO4029,-13,False,,8.3,6.6,8.3,,7.5,B,3.0,True,3.0,3.16,Pass
12169,1321422,HK161_CO4029_L02,CO4029,-13,False,,8.1,7.8,9.1,,8.2,B+,3.5,True,3.25,3.07,Pass
12170,1308711,HK161_CO4029_L02,CO4029,-13,False,,7.6,9.0,7.6,,8.3,B+,3.5,True,3.5,3.58,Pass
12171,1329759,HK161_CO4029_L03,CO4029,-13,False,,7.7,7.6,7.3,,7.5,B,3.0,True,3.25,3.24,Pass
12172,1323335,HK161_CO4029_L03,CO4029,-13,False,,8.9,5.8,5.9,,6.5,C+,2.5,True,2.25,1.85,Pass
12173,1395682,HK161_CO4029_L03,CO4029,-13,False,,7.5,6.0,6.0,,6.3,C,2.0,True,2.0,2.67,Pass
12174,1375500,HK161_CO4029_L03,CO4029,-13,False,,8.5,8.8,8.2,,8.6,A,4.0,True,3.75,3.38,Pass
12175,1342333,HK161_CO4029_L03,CO4029,-13,False,,8.4,7.6,8.8,,8.1,B+,3.5,True,3.25,3.14,Pass
12176,1394679,HK161_CO4029_L03,CO4029,-13,False,,6.8,6.6,7.0,,6.8,C+,2.5,True,2.75,2.55,Pass
12177,1319235,HK161_CO4029_L03,CO4029,-13,False,,7.9,7.9,8.3,,8.0,B+,3.5,True,3.5,3.21,Pass
12178,1322151,HK161_CO4029_L03,CO4029,-13,False,,6.0,6.8,6.9,,6.7,C+,2.5,True,2.25,2.38,Pass
12179,1390853,HK161_CO4029_L03,CO4029,-13,False,,7.7,8.4,7.9,,8.1,B+,3.5,True,3.5,3.31,Pass
12180,1317322,HK161_CO4029_L03,CO4029,-13,False,,8.4,8.5,8.4,,8.4,B+,3.5,True,3.5,3.39,Pass
12181,1324201,HK161_CO4029_L03,CO4029,-13,False,,7.4,5.9,7.4,,6.7,C+,2.5,True,2.75,2.69,Pass
12182,1365431,HK161_CO4029_L03,CO4029,-13,False,,10.0,7.9,8.1,,8.4,B+,3.5,True,3.25,3.19,Pass
12183,1300511,HK161_CO4029_L03,CO4029,-13,False,,9.6,7.9,8.7,,8.5,A,4.0,True,4.0,3.27,Pass
12184,1368484,HK161_CO4029_L03,CO4029,-13,False,,5.0,6.9,5.1,,6.0,C,2.0,True,1.75,1.66,Pass
12185,1331946,HK161_CO4029_L03,CO4029,-13,False,,7.8,8.1,10.0,,8.6,A,4.0,True,3.75,3.37,Pass
12186,1355499,HK161_CO4029_L03,CO4029,-13,False,,10.0,8.4,8.6,,8.8,A,4.0,True,4.0,4.0,Pass
12187,1357960,HK161_CO4029_L03,CO4029,-13,False,,5.1,6.0,4.8,,5.5,C,2.0,True,1.6,1.74,Pass
12188,1397140,HK161_CO4029_L03,CO4029,-13,False,,5.8,6.5,6.4,,6.3,C,2.0,True,1.75,1.85,Pass
12189,1375955,HK161_CO4029_L03,CO4029,-13,False,,7.9,7.0,7.3,,7.3,B,3.0,True,2.75,2.39,Pass
12190,1303290,HK161_CO4029_L03,CO4029,-13,False,,7.5,9.4,7.3,,8.4,B+,3.5,True,3.5,3.33,Pass
12191,1352128,HK161_CO4029_L03,CO4029,-13,False,,9.3,7.9,7.9,,8.2,B+,3.5,True,3.25,3.45,Pass
12192,1326251,HK161_CO4029_L03,CO4029,-13,False,,7.0,6.0,5.7,,6.1,C,2.0,True,2.5,2.61,Pass
12193,1332083,HK161_CO4029_L03,CO4029,-13,False,,9.3,7.4,7.6,,7.8,B,3.0,True,3.0,3.21,Pass
12194,1374497,HK161_CO4029_L03,CO4029,-13,False,,7.4,7.4,5.3,,6.8,C+,2.5,True,3.0,3.3,Pass
12195,1370397,HK161_CO4029_L03,CO4029,-13,False,,8.3,8.0,9.0,,8.4,B+,3.5,True,3.25,3.09,Pass
12196,1326388,HK161_CO4029_L03,CO4029,-13,False,,9.1,8.1,8.6,,8.4,B+,3.5,True,3.75,3.91,Pass
12197,1366434,HK161_CO4029_L03,CO4029,-13,False,,8.4,7.7,8.4,,8.1,B+,3.5,True,3.5,3.33,Pass
12198,1373905,HK161_CO4029_L03,CO4029,-13,False,,8.6,8.0,7.9,,8.1,B+,3.5,True,3.25,3.29,Pass
12199,1380055,HK161_CO4029_L03,CO4029,-13,False,,6.8,5.1,7.9,,6.3,C,2.0,True,2.25,2.59,Pass
12200,1350670,HK161_CO4029_L03,CO4029,-13,False,,8.4,8.0,8.3,,8.2,B+,3.5,True,3.75,3.41,Pass
12201,1330033,HK161_CO4029_L03,CO4029,-13,False,,7.8,7.6,8.3,,7.9,B,3.0,True,3.25,3.19,Pass
12202,1310306,HK161_CO4029_L03,CO4029,-13,False,,8.9,9.7,9.7,,9.5,A+,4.0,True,4.0,3.98,Pass
12203,1324338,HK161_CO4029_L03,CO4029,-13,False,,7.9,7.0,8.5,,7.6,B,3.0,True,3.0,3.02,Pass
12204,1361194,HK161_CO4029_L03,CO4029,-13,False,,7.2,7.6,7.8,,7.6,B,3.0,True,2.75,3.21,Pass
12205,1326525,HK161_CO4029_L03,CO4029,-13,False,,7.8,8.1,10.0,,8.6,A,4.0,True,4.0,3.96,Pass
12206,1378871,HK161_CO4029_L03,CO4029,-13,False,,8.6,8.8,6.6,,8.1,B+,3.5,True,3.5,3.41,Pass
12207,1318506,HK161_CO4029_L03,CO4029,-13,False,,5.7,5.6,6.5,,5.9,C,2.0,True,2.0,2.02,Pass
12208,1317185,HK161_CO4029_L03,CO4029,-13,False,,6.9,7.9,7.4,,7.6,B,3.0,True,3.25,3.11,Pass
12209,1363973,HK161_CO4029_L03,CO4029,-13,False,,6.6,7.6,6.7,,7.1,B,3.0,True,2.75,2.49,Pass
12210,1332675,HK161_CO4029_L03,CO4029,-13,False,,8.3,8.1,6.8,,7.8,B,3.0,True,3.25,3.41,Pass
12211,1349941,HK161_CO4029_L03,CO4029,-13,False,,7.2,8.7,8.3,,8.3,B+,3.5,True,3.25,3.28,Pass
12212,1375818,HK161_CO4029_L03,CO4029,-13,False,,10.0,7.4,7.1,,7.8,B,3.0,True,3.0,3.23,Pass
12213,1362515,HK161_CO4029_L03,CO4029,-13,False,,8.5,9.0,8.9,,8.9,A,4.0,True,3.5,3.35,Pass
12214,1306069,HK161_CO4029_L03,CO4029,-13,False,,7.8,9.0,8.0,,8.5,A,4.0,True,4.0,3.48,Pass
12215,1334270,HK161_CO4029_L03,CO4029,-13,False,,8.4,8.9,7.8,,8.5,A,4.0,True,3.75,3.43,Pass
12216,1384155,HK161_CO4029_L03,CO4029,-13,False,,5.0,5.8,5.5,,5.5,C,2.0,True,1.89,1.77,Pass
12217,1329622,HK161_CO4029_L03,CO4029,-13,False,,6.9,6.0,7.5,,6.6,C+,2.5,True,2.25,2.59,Pass
12218,1316319,HK161_CO4029_L03,CO4029,-13,False,,7.2,7.7,6.7,,7.3,B,3.0,True,2.5,2.46,Pass
12219,1346433,HK161_CO4029_L03,CO4029,-13,False,,7.6,8.2,8.1,,8.0,B+,3.5,True,3.25,3.4,Pass
12220,1314269,HK161_CO4029_L03,CO4029,-13,False,,7.6,7.4,7.2,,7.4,B,3.0,True,3.0,3.21,Pass
12221,1396866,HK161_CO4029_L03,CO4029,-13,False,,9.6,8.1,8.6,,8.6,A,4.0,True,4.0,3.65,Pass
12222,1385887,HK161_CO4029_L03,CO4029,-13,False,,8.1,9.0,8.8,,8.8,A,4.0,True,3.75,3.47,Pass
12223,1342470,HK161_CO4029_L03,CO4029,-13,False,,9.5,8.6,8.1,,8.6,A,4.0,True,3.5,3.35,Pass
12224,1379008,HK161_CO4029_L03,CO4029,-13,False,,6.0,4.8,5.7,,5.3,D+,1.5,True,2.0,2.74,Pass
12225,1301695,HK161_CO4029_L03,CO4029,-13,False,,7.2,6.8,7.6,,7.1,B,3.0,True,3.0,3.26,Pass
12226,1336320,HK161_CO4029_L03,CO4029,-13,False,,6.5,7.4,6.3,,6.9,C+,2.5,True,2.5,2.47,Pass
12227,1378597,HK161_CO4029_L03,CO4029,-13,False,,7.9,6.9,7.2,,7.2,B,3.0,True,3.5,3.15,Pass
12228,1381376,HK161_CO4029_L03,CO4029,-13,False,,9.4,7.8,8.8,,8.4,B+,3.5,True,3.5,3.54,Pass
12229,1391445,HK161_CO4029_L03,CO4029,-13,False,,8.1,7.2,6.5,,7.2,B,3.0,True,3.0,2.66,Pass
12230,1379600,HK161_CO4029_L03,CO4029,-13,False,,5.4,5.8,7.1,,6.1,C,2.0,True,2.0,1.69,Pass
12231,1375089,HK161_CO4029_L03,CO4029,-13,False,,5.5,9.1,6.8,,7.7,B,3.0,True,2.5,2.35,Pass
12232,1343928,HK161_CO4029_L03,CO4029,-13,False,,9.0,8.8,9.7,,9.1,A,4.0,True,4.0,4.0,Pass
12233,1373313,HK161_CO4029_L03,CO4029,-13,False,,8.0,8.1,6.3,,7.5,B,3.0,True,3.0,2.87,Pass
12234,1376229,HK161_CO4029_L03,CO4029,-13,False,,7.7,8.3,7.8,,8.0,B+,3.5,True,3.25,3.46,Pass
12235,1303882,HK161_CO4029_L03,CO4029,-13,False,,7.8,9.1,9.6,,9.0,A,4.0,True,3.5,3.43,Pass
12236,1304019,HK161_CO4029_L03,CO4029,-13,False,,9.4,9.1,8.9,,9.1,A,4.0,True,4.0,3.95,Pass
12237,1388803,HK161_CO4029_L03,CO4029,-13,False,,9.2,8.5,8.0,,8.5,A,4.0,True,3.75,3.21,Pass
12238,1390124,HK161_CO4029_L03,CO4029,-13,False,,7.5,9.1,8.6,,8.6,A,4.0,True,3.5,3.42,Pass
12239,1387345,HK161_CO4029_L03,CO4029,-13,False,,9.1,8.6,8.4,,8.6,A,4.0,True,3.75,3.26,Pass
12240,1366752,HK161_CO4029_L03,CO4029,-13,False,,6.2,6.6,6.5,,6.5,C+,2.5,True,2.5,2.38,Pass
12241,1334133,HK161_CO4029_L03,CO4029,-13,False,,7.5,8.0,8.4,,8.0,B+,3.5,True,3.25,3.15,Pass
12242,1366023,HK161_CO4029_L03,CO4029,-13,False,,6.8,6.0,8.1,,6.8,C+,2.5,True,2.25,2.71,Pass
12243,1389987,HK161_CO4029_L03,CO4029,-13,False,,8.9,8.2,8.8,,8.5,A,4.0,True,3.5,3.34,Pass
12244,1386024,HK161_CO4029_L03,CO4029,-13,False,,8.6,8.5,8.2,,8.4,B+,3.5,True,3.5,3.25,Pass
12245,1301969,HK161_CO4029_L03,CO4029,-13,False,,6.2,6.1,5.9,,6.1,C,2.0,True,2.0,2.54,Pass
12246,1394953,HK161_CO4029_L03,CO4029,-13,False,,6.9,6.9,7.5,,7.1,B,3.0,True,3.0,2.48,Pass
12247,1350215,HK161_CO4029_L03,CO4029,-13,False,,6.1,5.8,5.8,,5.9,C,2.0,True,2.0,2.23,Pass
12248,1399782,HK161_CO4029_L03,CO4029,-13,False,,8.1,8.6,7.5,,8.2,B+,3.5,True,3.5,3.28,Pass
12249,1394816,HK161_CO4029_L03,CO4029,-13,False,,6.3,6.3,6.4,,6.3,C,2.0,True,2.25,2.42,Pass
12250,1337049,HK161_CO4029_L03,CO4029,-13,False,,8.1,8.5,7.1,,8.0,B+,3.5,True,3.25,3.13,Pass
12251,1317459,HK161_CO4029_L03,CO4029,-13,False,,7.5,8.1,8.4,,8.1,B+,3.5,True,3.5,3.32,Pass
12252,1358278,HK161_CO4029_L03,CO4029,-13,False,,6.3,6.7,5.9,,6.4,C+,2.5,True,2.25,2.39,Pass
12253,1326114,HK161_CO4029_L03,CO4029,-13,False,,9.3,7.9,7.5,,8.1,B+,3.5,True,3.25,3.26,Pass
12254,1371855,HK161_CO4029_L03,CO4029,-13,False,,5.6,6.8,5.5,,6.2,C,2.0,True,1.64,1.45,Pass
12255,1301377,HK161_CO4029_L03,CO4029,-13,False,,5.3,6.3,5.3,,5.8,C,2.0,True,2.5,2.39,Pass
12256,1391171,HK161_CO4029_L03,CO4029,-13,False,,7.7,7.3,7.9,,7.6,B,3.0,True,3.5,3.4,Pass
12257,1313677,HK161_CO4029_L03,CO4029,-13,False,,7.8,8.5,7.8,,8.2,B+,3.5,True,3.25,3.34,Pass
12258,1383700,HK161_IM1011_L01,IM1011,-13,False,,,9.0,,,9.0,A,4.0,True,3.75,3.24,Pass
12259,1372310,HK161_IM1011_L01,IM1011,-13,False,,,4.3,,,4.3,D,1.0,True,1.75,1.73,Pass
12260,1348757,HK161_IM1011_L01,IM1011,-13,False,,,4.5,,,4.5,D,1.0,True,1.68,1.71,Pass
12261,1363518,HK161_IM1011_L01,IM1011,-13,False,,,8.8,,,8.8,A,4.0,True,3.41,3.13,Pass
12262,1356957,HK161_IM1011_L01,IM1011,-13,False,,,6.0,,,6.0,C,2.0,True,2.29,1.98,Pass
12263,1330351,HK161_IM1011_L01,IM1011,-13,False,,,8.5,,,8.5,A,4.0,True,3.38,3.38,Pass
12264,1399645,HK161_IM1011_L01,IM1011,-13,False,,,5.6,,,5.6,C,2.0,True,2.0,1.96,Pass
12265,1375226,HK161_IM1011_L01,IM1011,-13,False,,,7.0,,,7.0,B,3.0,True,2.91,2.64,Pass
12266,1325659,HK161_IM1011_L01,IM1011,-13,False,,,8.8,,,8.8,A,4.0,True,3.75,3.29,Pass
12267,1301103,HK161_IM1011_L01,IM1011,-13,False,,,5.9,,,5.9,C,2.0,True,2.14,1.68,Pass
12268,1389395,HK161_IM1011_L01,IM1011,-13,False,,,6.4,,,6.4,C+,2.5,True,2.25,1.91,Pass
12269,1316593,HK161_IM1011_L01,IM1011,-13,False,,,7.0,,,7.0,B,3.0,True,2.5,2.38,Pass
12270,1387663,HK161_IM1011_L01,IM1011,-13,False,,,8.6,,,8.6,A,4.0,True,3.61,3.23,Pass
12271,1384155,HK161_IM1011_L01,IM1011,-13,False,,,5.8,,,5.8,C,2.0,True,1.89,1.77,Pass
12272,1368802,HK161_IM1011_L01,IM1011,-13,False,,,7.0,,,7.0,B,3.0,True,3.09,2.94,Pass
12273,1358689,HK161_IM1011_L01,IM1011,-13,False,,,7.7,,,7.7,B,3.0,True,3.4,3.34,Pass
12274,1325659,HK161_IM1021_L01,IM1021,-13,False,,,8.9,,,8.9,A,4.0,True,3.75,3.29,Pass
12275,1369076,HK161_IM1021_L01,IM1021,-13,False,,,5.5,,,5.5,C,2.0,True,1.7,1.85,Pass
12276,1305340,HK161_IM1021_L01,IM1021,-13,False,,,8.2,,,8.2,B+,3.5,True,3.3,3.25,Pass
12277,1301103,HK161_IM1021_L01,IM1021,-13,False,,,6.4,,,6.4,C+,2.5,True,2.14,1.68,Pass
12278,1308256,HK161_IM1021_L01,IM1021,-13,False,,,5.6,,,5.6,C,2.0,True,2.19,2.56,Pass
12279,1368802,HK161_IM1019_L01,IM1019,-13,False,,,7.4,,,7.4,B,3.0,True,3.09,2.94,Pass
12280,1337504,HK161_IM1019_L01,IM1019,-13,False,,,6.0,,,6.0,C,2.0,True,1.8,2.08,Pass
12281,1356957,HK161_IM1019_L01,IM1019,-13,False,,,6.3,,,6.3,C,2.0,True,2.29,1.98,Pass
12282,1348757,HK161_IM1019_L01,IM1019,-13,False,,,5.8,,,5.8,C,2.0,True,1.68,1.71,Pass
12283,1371126,HK161_IM1019_L01,IM1019,-13,False,,,4.7,,,4.7,D,1.0,True,1.45,1.95,Pass
12284,1357960,HK161_IM1019_L01,IM1019,-13,False,,,6.2,,,6.2,C,2.0,True,1.6,1.74,Pass
12285,1360465,HK161_IM1019_L01,IM1019,-13,False,,,8.4,,,8.4,B+,3.5,True,3.3,3.33,Pass
12286,1375226,HK161_IM1019_L01,IM1019,-13,False,,,8.0,,,8.0,B+,3.5,True,2.91,2.64,Pass
12287,1328575,HK161_IM1019_L01,IM1019,-13,False,,,6.1,,,6.1,C,2.0,True,2.73,2.58,Pass
12288,1341149,HK161_IM1019_L01,IM1019,-13,False,,,6.9,,,6.9,C+,2.5,True,2.59,2.31,Pass
12289,1372310,HK161_IM1019_L01,IM1019,-13,False,,,5.8,,,5.8,C,2.0,True,1.75,1.73,Pass
12290,1372310,HK161_IM3047_L01,IM3047,-13,False,,,5.8,,,5.8,C,2.0,True,1.75,1.73,Pass
12291,1371126,HK161_IM3047_L01,IM3047,-13,False,,,4.6,,,4.6,D,1.0,True,1.45,1.95,Pass
12292,1364976,HK161_IM3047_L01,IM3047,-13,False,,,8.8,,,8.8,A,4.0,True,3.6,3.25,Pass
12293,1384155,HK161_IM3047_L01,IM3047,-13,False,,,5.3,,,5.3,D+,1.5,True,1.89,1.77,Pass
12294,1375226,HK161_IM3047_L01,IM3047,-13,False,,,6.7,,,6.7,C+,2.5,True,2.91,2.64,Pass
12295,1387663,HK161_IM3047_L01,IM3047,-13,False,,,7.7,,,7.7,B,3.0,True,3.61,3.23,Pass
12296,1316593,HK161_IM3047_L01,IM3047,-13,False,,,6.2,,,6.2,C,2.0,True,2.5,2.38,Pass
12297,1313814,HK161_ME4625_L01,ME4625,-13,False,,,8.2,,,8.2,B+,3.5,True,3.38,3.18,Pass
12298,1387663,HK161_ME4625_L01,ME4625,-13,False,,,8.8,,,8.8,A,4.0,True,3.61,3.23,Pass
12299,1301103,HK161_ME4625_L01,ME4625,-13,False,,,6.0,,,6.0,C,2.0,True,2.14,1.68,Pass
12300,1340283,HK161_ME4625_L01,ME4625,-13,False,,,6.5,,,6.5,C+,2.5,True,2.7,3.32,Pass
12301,1399645,HK161_ME4625_L01,ME4625,-13,False,,,6.4,,,6.4,C+,2.5,True,2.0,1.96,Pass
12302,1383700,HK161_ME4625_L01,ME4625,-13,False,,,9.4,,,9.4,A,4.0,True,3.75,3.24,Pass
12303,1356957,HK161_ME4625_L01,ME4625,-13,False,,,7.4,,,7.4,B,3.0,True,2.29,1.98,Pass
12304,1346707,HK161_ME4625_L01,ME4625,-13,False,,,5.0,,,5.0,D+,1.5,True,1.35,1.62,Pass
12305,1393950,HK161_CH4079_L01,CH4079,-13,False,,,5.6,,,5.6,C,2.0,True,2.31,2.3,Pass
12306,1376684,HK161_CH4079_L01,CH4079,-13,False,,,8.0,,,8.0,B+,3.5,True,3.3,3.23,Pass
12307,1346707,HK161_CH4079_L01,CH4079,-13,False,,,4.9,,,4.9,D,1.0,True,1.35,1.62,Pass
12308,1368802,HK161_CH4079_L01,CH4079,-13,False,,,7.8,,,7.8,B,3.0,True,3.09,2.94,Pass
12309,1330351,HK161_CH4079_L01,CH4079,-13,False,,,7.8,,,7.8,B,3.0,True,3.38,3.38,Pass
12310,1369076,HK161_CH4079_L01,CH4079,-13,False,,,5.9,,,5.9,C,2.0,True,1.7,1.85,Pass
12311,1384155,HK161_CH4079_L01,CH4079,-13,False,,,5.3,,,5.3,D+,1.5,True,1.89,1.77,Pass
12312,1389395,HK161_CH4079_L01,CH4079,-13,False,,,7.0,,,7.0,B,3.0,True,2.25,1.91,Pass
12313,1341149,HK161_E1013_L01,E1013,-13,False,,,6.6,,,6.6,C+,2.5,True,2.59,2.31,Pass
12314,1308256,HK161_E1013_L01,E1013,-13,False,,,6.9,,,6.9,C+,2.5,True,2.19,2.56,Pass
12315,1348757,HK161_E1013_L01,E1013,-13,False,,,6.1,,,6.1,C,2.0,True,1.68,1.71,Pass
12316,1313814,HK161_E1013_L01,E1013,-13,False,,,8.2,,,8.2,B+,3.5,True,3.38,3.18,Pass
12317,1393950,HK161_E1013_L01,E1013,-13,False,,,6.5,,,6.5,C+,2.5,True,2.31,2.3,Pass
12318,1316593,HK161_E1013_L01,E1013,-13,False,,,6.5,,,6.5,C+,2.5,True,2.5,2.38,Pass
12319,1387663,HK161_CO3013_L01,CO3013,-13,False,,9.4,7.7,,8.8,8.3,B+,3.5,True,3.61,3.23,Pass
12320,1384155,HK161_CO3017_L01,CO3017,-13,False,,6.5,5.2,5.9,,5.7,C,2.0,True,1.89,1.77,Pass
12321,1329304,HK161_CO3021_L01,CO3021,-13,False,,8.5,6.9,8.8,,7.8,B,3.0,True,3.4,3.3,Pass
12322,1356957,HK161_CO3021_L01,CO3021,-13,False,,7.4,6.6,6.5,,6.7,C+,2.5,True,2.29,1.98,Pass
12323,1303427,HK161_CO3023_L01,CO3023,-13,False,,6.6,10.0,,6.2,8.6,A,4.0,True,4.0,3.38,Pass
12324,1384155,HK161_CO3023_L01,CO3023,-13,False,,4.3,7.0,,4.1,5.9,C,2.0,True,1.89,1.77,Pass
12325,1344383,HK161_CO3027_L01,CO3027,-13,False,,8.3,7.8,8.7,,8.2,B+,3.5,True,3.3,3.57,Pass
12326,1383700,HK161_CO3031_L01,CO3031,-13,False,,6.8,8.5,8.7,,8.2,B+,3.5,True,3.75,3.24,Pass
12327,1338962,HK161_CO3033_L01,CO3033,-13,False,,7.2,7.7,,9.1,7.9,B,3.0,True,3.2,3.43,Pass
12328,1328575,HK161_CO3035_L01,CO3035,-13,False,7.3,6.1,7.5,7.3,,7.2,B,3.0,True,2.73,2.58,Pass
12329,1319509,HK161_CO3041_L01,CO3041,-13,False,,7.8,8.1,7.0,,7.7,B,3.0,True,3.0,3.12,Pass
12330,1399645,HK161_CO3045_L01,CO3045,-13,False,,6.4,4.6,5.1,,5.1,D+,1.5,True,2.0,1.96,Pass
12331,1372310,HK161_CO3059_L01,CO3059,-13,False,,5.5,4.2,6.1,,5.0,D+,1.5,True,1.75,1.73,Pass
12332,1328575,HK161_CO3061_L01,CO3061,-13,False,7.0,7.7,7.7,7.0,,7.5,B,3.0,True,2.73,2.58,Pass
12333,1394224,HK161_CO3061_L01,CO3061,-13,False,7.2,6.2,6.9,6.2,,6.7,C+,2.5,True,2.3,2.19,Pass
12334,1342196,HK161_CO3061_L01,CO3061,-13,False,7.8,7.0,8.6,8.4,,8.2,B+,3.5,True,3.5,3.3,Pass
12335,1348757,HK161_CO3065_L01,CO3065,-13,False,,6.1,4.3,,6.3,5.1,D+,1.5,True,1.68,1.71,Pass
12336,1356957,HK161_CO3065_L01,CO3065,-13,False,,6.1,6.4,,5.7,6.2,C,2.0,True,2.29,1.98,Pass
12337,1305932,HK161_CO3067_L01,CO3067,-13,False,,8.0,7.4,8.4,,7.8,B,3.0,True,3.0,3.23,Pass
12338,1399645,HK161_CO3083_L01,CO3083,-13,False,,7.2,6.0,,6.3,6.3,C,2.0,True,2.0,1.96,Pass
12339,1341149,HK161_CO3085_L01,CO3085,-13,False,,6.4,6.7,7.4,,6.9,C+,2.5,True,2.59,2.31,Pass
12340,1347299,HK161_CO3129_L01,CO3129,-13,False,,9.4,7.3,6.9,,7.6,B,3.0,True,3.0,3.33,Pass
12341,1383700,HK161_CO3139_L01,CO3139,-13,False,,8.5,8.1,9.3,,8.5,A,4.0,True,3.75,3.24,Pass
12342,1357960,HK161_CO3151_L01,CO3151,-13,False,,5.8,3.9,,6.1,4.7,D,1.0,True,1.6,1.74,Pass
12343,1363518,HK161_CO3151_L01,CO3151,-13,False,,8.2,7.8,,7.5,7.8,B,3.0,True,3.41,3.13,Pass
12344,1361786,HK161_CO3151_L01,CO3151,-13,False,,8.5,8.5,,8.2,8.4,B+,3.5,True,3.3,3.24,Pass
12345,1371126,HK161_CO4025_L01,CO4025,-13,False,,7.9,5.0,5.6,,5.8,C,2.0,True,1.45,1.95,Pass
12346,1371855,HK161_CO4031_L01,CO4031,-13,False,5.8,4.5,5.3,4.4,,5.0,D+,1.5,True,1.64,1.45,Pass
12347,1330762,HK161_CO4037_L01,CO4037,-13,False,,9.1,7.4,,7.7,7.8,B,3.0,True,3.2,3.24,Pass
12348,1383837,HK161_CO4037_L01,CO4037,-13,True,,6.6,5.9,,6.4,6.1,C,2.0,True,2.0,1.84,Pass
12349,1363518,HK161_CO4039_L01,CO4039,-13,False,,8.2,7.8,8.2,,8.0,B+,3.5,True,3.41,3.13,Pass
