enrollment_id,student_id,class_id,course_id,semester,retaken,btl,giua_ky,cuoi_ky,quiz,lab,final_score,letter_grade,gpa_4,passed,semester_gpa_4,final_gpa_4,status
2172,1434136,HK142_CH1003_L01,CH1003,-16,False,,8.6,9.3,,10.0,9.2,A,4.0,True,4.0,3.96,Pass
2173,1448554,HK142_CH1003_L01,CH1003,-16,False,,7.2,8.4,,9.5,8.3,B+,3.5,True,3.92,3.82,Pass
2174,1472788,HK142_CH1003_L01,CH1003,-16,False,,7.9,7.2,,7.1,7.4,B,3.0,True,3.85,3.79,Pass
2175,1490886,HK142_CH1003_L01,CH1003,-16,False,,7.8,7.5,,7.9,7.7,B,3.0,True,3.4,3.42,Pass
2176,1497787,HK142_CH1003_L01,CH1003,-16,False,,8.3,8.2,,9.2,8.4,B+,3.5,True,3.88,3.93,Pass
2177,1416191,HK142_CH1003_L01,CH1003,-16,False,,8.9,8.5,,8.8,8.7,A,4.0,True,3.92,3.93,Pass
2178,1436286,HK142_CH1003_L01,CH1003,-16,False,,8.8,8.7,,9.1,8.8,A,4.0,True,3.85,3.78,Pass
2179,1445180,HK142_CH1003_L01,CH1003,-16,False,,9.1,9.6,,9.7,9.5,A+,4.0,True,4.0,4.0,Pass
2180,1452234,HK142_CH1003_L01,CH1003,-16,False,,9.1,10.0,,8.0,9.3,A,4.0,True,3.95,3.97,Pass
2181,1437357,HK142_CH1003_L01,CH1003,-16,False,,7.9,9.1,,9.9,8.9,A,4.0,True,3.95,3.97,Pass
2182,1471101,HK142_CH1003_L01,CH1003,-16,False,,8.1,9.1,,7.8,8.5,A,4.0,True,3.73,3.79,Pass
2183,1409443,HK142_CH1003_L01,CH1003,-16,False,,7.9,8.8,,9.1,8.6,A,4.0,True,3.98,3.99,Pass
2184,1422480,HK142_CH1003_L01,CH1003,-16,False,,8.9,9.0,,9.8,9.1,A,4.0,True,3.88,3.85,Pass
2185,1446408,HK142_CH1003_L01,CH1003,-16,False,,8.1,8.4,,8.9,8.4,B+,3.5,True,3.73,3.78,Pass
2186,1451469,HK142_CH1003_L01,CH1003,-16,False,,8.3,9.6,,10.0,9.3,A,4.0,True,4.0,3.97,Pass
2187,1479077,HK142_CH1003_L01,CH1003,-16,False,,10.0,8.5,,8.0,8.8,A,4.0,True,4.0,3.97,Pass
2188,1476315,HK142_CH1003_L01,CH1003,-16,False,,9.5,9.6,,8.7,9.4,A,4.0,True,4.0,3.96,Pass
2189,1415120,HK142_CH1003_L01,CH1003,-16,False,,9.2,8.2,,7.6,8.4,B+,3.5,True,3.73,3.72,Pass
2893,1424167,HK142_LA1005_L01,LA1005,-16,False,5.0,5.1,6.0,,,5.5,C,2.0,True,1.27,1.38,Pass
2894,1461285,HK142_LA1005_L01,LA1005,-16,False,4.4,5.0,6.3,,,5.5,C,2.0,True,2.03,1.98,Pass
2895,1419106,HK142_LA1005_L01,LA1005,-16,False,4.7,6.8,5.8,,,5.9,C,2.0,True,2.06,2.12,Pass
2896,1489811,HK142_LA1005_L01,LA1005,-16,False,10.0,8.2,9.0,,,9.0,A,4.0,True,3.91,3.7,Pass
2897,1432296,HK142_LA1005_L01,LA1005,-16,False,4.6,6.0,5.6,,,5.5,C,2.0,True,2.41,2.47,Pass
2898,1430915,HK142_LA1005_L01,LA1005,-16,False,6.4,6.1,6.1,,,6.2,C,2.0,True,2.5,2.41,Pass
2899,1419259,HK142_LA1005_L01,LA1005,-16,False,7.8,10.0,8.0,,,8.6,A,4.0,True,4.0,4.0,Pass
2900,1411283,HK142_LA1005_L01,LA1005,-16,False,8.4,8.5,8.4,,,8.4,B+,3.5,True,3.76,3.85,Pass
2901,1466805,HK142_LA1005_L01,LA1005,-16,False,5.4,6.7,4.7,,,5.4,D+,1.5,True,2.56,2.44,Pass
2902,1447173,HK142_LA1005_L01,LA1005,-16,False,5.4,4.6,4.5,,,4.7,D,1.0,True,1.97,1.82,Pass
2903,1443799,HK142_LA1005_L01,LA1005,-16,False,5.9,6.3,6.8,,,6.5,C+,2.5,True,3.03,3.26,Pass
2904,1414198,HK142_LA1005_L01,LA1005,-16,False,4.6,4.0,6.6,,,5.4,D+,1.5,True,1.5,1.45,Pass
2905,1483832,HK142_LA1005_L01,LA1005,-16,False,5.4,8.6,6.0,,,6.7,C+,2.5,True,2.24,2.18,Pass
2906,1480917,HK142_LA1005_L01,LA1005,-16,False,7.8,8.0,8.1,,,8.0,B+,3.5,True,2.71,2.68,Pass
2907,1414045,HK142_LA1005_L01,LA1005,-16,False,5.6,6.2,6.4,,,6.2,C,2.0,True,2.41,2.52,Pass
2908,1448095,HK142_LA1005_L01,LA1005,-16,False,6.7,7.6,7.1,,,7.2,B,3.0,True,3.09,3.05,Pass
2909,1401467,HK142_LA1005_L01,LA1005,-16,False,8.7,6.9,9.0,,,8.3,B+,3.5,True,3.94,3.97,Pass
2910,1496559,HK142_LA1005_L01,LA1005,-16,False,5.8,7.3,6.4,,,6.5,C+,2.5,True,2.41,2.32,Pass
2911,1405457,HK142_LA1005_L01,LA1005,-16,False,6.7,6.6,5.7,,,6.2,C,2.0,True,2.62,2.56,Pass
2912,1461591,HK142_LA1005_L01,LA1005,-16,False,4.7,7.5,4.9,,,5.6,C,2.0,True,2.29,2.45,Pass
2913,1406069,HK142_LA1005_L01,LA1005,-16,False,6.4,6.1,6.4,,,6.3,C,2.0,True,2.53,2.44,Pass
2914,1424936,HK142_LA1005_L01,LA1005,-16,False,6.9,6.5,9.8,,,8.2,B+,3.5,True,3.38,3.17,Pass
2915,1436745,HK142_LA1005_L01,LA1005,-16,False,5.6,5.8,6.1,,,5.9,C,2.0,True,2.59,2.52,Pass
2916,1446714,HK142_LA1005_L01,LA1005,-16,False,6.2,8.3,6.9,,,7.2,B,3.0,True,3.41,3.35,Pass
2917,1415885,HK142_LA1005_L01,LA1005,-16,False,8.9,8.3,8.3,,,8.4,B+,3.5,True,3.82,3.91,Pass
2918,1497481,HK142_LA1005_L01,LA1005,-16,False,4.9,4.5,4.1,,,4.4,D,1.0,True,2.21,2.27,Pass
2919,1495794,HK142_LA1005_L01,LA1005,-16,False,6.2,7.1,8.0,,,7.4,B,3.0,True,3.38,3.26,Pass
2920,1437510,HK142_LA1005_L01,LA1005,-16,False,9.1,7.4,8.9,,,8.5,A,4.0,True,3.53,3.36,Pass
2921,1458064,HK142_LA1005_L01,LA1005,-16,False,4.5,5.9,5.7,,,5.5,C,2.0,True,2.44,2.32,Pass
2922,1492726,HK142_LA1005_L01,LA1005,-16,False,7.0,7.2,7.0,,,7.1,B,3.0,True,3.18,2.85,Pass
2923,1407144,HK142_LA1005_L01,LA1005,-16,False,6.2,4.3,6.0,,,5.5,C,2.0,True,2.03,2.03,Pass
2924,1451928,HK142_LA1005_L01,LA1005,-16,False,6.0,3.5,5.0,,,4.8,D,1.0,True,1.5,1.56,Pass
2925,1433371,HK142_LA1005_L01,LA1005,-16,False,4.8,4.9,4.8,,,4.8,D,1.0,True,2.06,1.94,Pass
2926,1448248,HK142_LA1005_L01,LA1005,-16,False,5.1,6.7,4.9,,,5.5,C,2.0,True,2.53,2.5,Pass
2927,1480764,HK142_LA1005_L01,LA1005,-16,False,7.1,6.9,7.3,,,7.1,B,3.0,True,2.71,2.56,Pass
2928,1493801,HK142_LA1005_L01,LA1005,-16,False,6.1,8.3,7.5,,,7.5,B,3.0,True,3.24,3.24,Pass
2929,1484597,HK142_LA1005_L01,LA1005,-16,False,4.0,3.7,4.6,,,4.2,D,1.0,True,1.29,1.36,Pass
2930,1487206,HK142_LA1005_L01,LA1005,-16,False,7.5,7.5,7.1,,,7.3,B,3.0,True,3.41,3.23,Pass
2931,1467880,HK142_LA1005_L01,LA1005,-16,False,6.6,6.8,6.8,,,6.8,C+,2.5,True,2.35,2.48,Pass
2932,1474169,HK142_LA1005_L01,LA1005,-16,False,7.3,7.2,6.9,,,7.1,B,3.0,True,3.35,3.15,Pass
2933,1464965,HK142_LA1005_L01,LA1005,-16,False,5.3,6.3,7.0,,,6.5,C+,2.5,True,2.47,2.62,Pass
2934,1457758,HK142_LA1005_L01,LA1005,-16,False,3.5,4.0,3.9,,,3.8,F,0.0,False,0.82,1.12,Fail
2935,1488277,HK142_LA1005_L01,LA1005,-16,False,8.5,7.8,8.5,,,8.3,B+,3.5,True,3.47,3.3,Pass
2936,1415579,HK142_LA1005_L01,LA1005,-16,False,5.5,6.0,5.2,,,5.5,C,2.0,True,2.59,2.38,Pass
2937,1485978,HK142_LA1005_L01,LA1005,-16,False,9.0,7.2,7.6,,,7.8,B,3.0,True,3.38,3.27,Pass
2938,1422480,HK142_LA1005_L01,LA1005,-16,False,10.0,9.0,7.2,,,8.3,B+,3.5,True,3.88,3.85,Pass
2939,1418800,HK142_LA1005_L01,LA1005,-16,False,6.7,7.8,6.6,,,7.0,B,3.0,True,3.0,3.18,Pass
2940,1479230,HK142_LA1005_L01,LA1005,-16,False,6.0,7.9,5.8,,,6.5,C+,2.5,True,2.53,2.48,Pass
2941,1402083,HK142_LA1005_L01,LA1005,-16,False,6.5,6.6,7.6,,,7.1,B,3.0,True,2.41,2.44,Pass
2942,1498709,HK142_LA1005_L01,LA1005,-16,False,5.5,6.0,6.8,,,6.3,C,2.0,True,1.97,2.03,Pass
2943,1468033,HK142_LA1005_L01,LA1005,-16,False,7.3,7.0,7.1,,,7.1,B,3.0,True,3.32,3.2,Pass
2944,1458676,HK142_LA1005_L01,LA1005,-16,False,5.8,5.0,6.2,,,5.8,C,2.0,True,2.68,2.58,Pass
2945,1431378,HK142_LA1005_L01,LA1005,-16,False,5.5,6.7,5.9,,,6.1,C,2.0,True,2.06,2.06,Pass
2946,1434599,HK142_LA1005_L01,LA1005,-16,False,7.1,9.3,8.1,,,8.3,B+,3.5,True,3.26,3.38,Pass
2947,1484138,HK142_LA1005_L01,LA1005,-16,False,5.9,6.5,5.6,,,5.9,C,2.0,True,2.71,2.44,Pass
2948,1462513,HK142_LA1005_L01,LA1005,-16,False,7.2,7.0,4.7,,,5.9,C,2.0,True,2.97,2.91,Pass
2949,1466652,HK142_LA1005_L01,LA1005,-16,False,6.9,7.2,5.9,,,6.5,C+,2.5,True,2.38,2.27,Pass
2950,1420946,HK142_LA1005_L01,LA1005,-16,False,5.2,6.4,5.5,,,5.7,C,2.0,True,2.29,2.32,Pass
2951,1403770,HK142_LA1005_L01,LA1005,-16,False,8.4,7.0,7.0,,,7.3,B,3.0,True,2.88,3.12,Pass
2952,1497175,HK142_LA1005_L01,LA1005,-16,False,6.8,4.9,5.3,,,5.5,C,2.0,True,2.21,2.33,Pass
2953,1446102,HK142_LA1005_L01,LA1005,-16,False,8.1,8.1,7.3,,,7.7,B,3.0,True,3.68,3.62,Pass
2954,1492573,HK142_LA1005_L01,LA1005,-16,False,7.4,7.7,8.3,,,7.9,B,3.0,True,2.85,2.8,Pass
2955,1465118,HK142_LA1005_L01,LA1005,-16,False,10.0,8.3,9.7,,,9.3,A,4.0,True,4.0,4.0,Pass
2956,1452697,HK142_LA1005_L01,LA1005,-16,False,5.7,7.1,5.7,,,6.1,C,2.0,True,2.88,3.0,Pass
2957,1438126,HK142_LA1005_L01,LA1005,-16,False,6.4,5.8,6.5,,,6.3,C,2.0,True,2.0,2.2,Pass
2958,1445639,HK142_LA1005_L01,LA1005,-16,False,7.5,8.0,8.8,,,8.3,B+,3.5,True,3.47,3.47,Pass
2959,1485825,HK142_LA1005_L01,LA1005,-16,False,6.5,5.8,6.2,,,6.1,C,2.0,True,2.32,2.17,Pass
2960,1477543,HK142_LA1005_L01,LA1005,-16,False,5.5,4.9,4.6,,,4.9,D,1.0,True,1.74,1.73,Pass
2961,1477390,HK142_LA1005_L01,LA1005,-16,False,7.3,7.6,7.2,,,7.3,B,3.0,True,3.18,3.03,Pass
2962,1439507,HK142_LA1005_L01,LA1005,-16,False,4.2,6.0,4.4,,,4.8,D,1.0,True,1.5,1.59,Pass
2963,1435211,HK142_LA1005_L01,LA1005,-16,False,7.8,7.8,7.6,,,7.7,B,3.0,True,3.26,3.09,Pass
2964,1426929,HK142_LA1005_L01,LA1005,-16,False,6.3,6.1,6.5,,,6.3,C,2.0,True,2.21,2.32,Pass
2965,1463431,HK142_LA1005_L01,LA1005,-16,False,6.5,6.8,4.7,,,5.7,C,2.0,True,2.29,2.42,Pass
2966,1484291,HK142_LA1005_L01,LA1005,-16,False,7.2,6.9,6.8,,,6.9,C+,2.5,True,2.85,2.85,Pass
2967,1455149,HK142_LA1005_L01,LA1005,-16,False,9.2,8.5,10.0,,,9.4,A,4.0,True,4.0,4.0,Pass
2968,1471407,HK142_LA1005_L01,LA1005,-16,False,5.6,6.1,5.7,,,5.8,C,2.0,True,2.21,2.18,Pass
2969,1489658,HK142_LA1005_L01,LA1005,-16,False,8.1,7.0,8.9,,,8.2,B+,3.5,True,3.68,3.59,Pass
2970,1443340,HK142_LA1005_L01,LA1005,-16,False,5.5,5.5,3.6,,,4.5,D,1.0,True,2.06,2.11,Pass
2971,1430609,HK142_LA1005_L01,LA1005,-16,False,5.0,4.8,5.5,,,5.2,D+,1.5,True,2.06,2.14,Pass
2972,1473247,HK142_LA1005_L01,LA1005,-16,False,4.5,5.8,5.5,,,5.4,D+,1.5,True,2.47,2.44,Pass
2973,1408984,HK142_LA1005_L01,LA1005,-16,False,7.1,6.3,7.7,,,7.2,B,3.0,True,2.94,2.88,Pass
2974,1462819,HK142_LA1005_L01,LA1005,-16,False,7.4,6.9,7.1,,,7.1,B,3.0,True,3.03,3.12,Pass
2975,1475703,HK142_LA1005_L01,LA1005,-16,False,5.2,5.2,4.6,,,4.9,D,1.0,True,2.0,1.98,Pass
2976,1451622,HK142_LA1005_L01,LA1005,-16,False,6.8,7.5,8.1,,,7.7,B,3.0,True,3.12,2.98,Pass
2977,1459904,HK142_LA1005_L01,LA1005,-16,False,7.1,7.9,6.7,,,7.1,B,3.0,True,2.68,2.7,Pass
2978,1494413,HK142_LA1005_L01,LA1005,-16,False,6.9,8.1,6.8,,,7.2,B,3.0,True,3.21,3.21,Pass
2979,1402695,HK142_LA1005_L01,LA1005,-16,False,8.7,8.6,8.1,,,8.4,B+,3.5,True,3.82,3.62,Pass
2980,1442265,HK142_LA1005_L01,LA1005,-16,False,5.7,7.3,6.2,,,6.4,C+,2.5,True,2.29,2.3,Pass
2981,1433524,HK142_LA1005_L01,LA1005,-16,False,5.8,5.5,5.1,,,5.4,D+,1.5,True,2.24,2.36,Pass
2982,1472941,HK142_LA1005_L01,LA1005,-16,False,5.2,5.6,6.2,,,5.8,C,2.0,True,2.21,2.17,Pass
2983,1490427,HK142_LA1005_L01,LA1005,-16,False,6.6,6.8,6.6,,,6.7,C+,2.5,True,2.29,2.38,Pass
2984,1492420,HK142_LA1005_L01,LA1005,-16,False,6.7,4.5,6.1,,,5.7,C,2.0,True,2.44,2.48,Pass
2985,1442881,HK142_LA1005_L01,LA1005,-16,False,6.7,5.3,5.2,,,5.5,C,2.0,True,2.32,2.29,Pass
2986,1487512,HK142_LA1005_L01,LA1005,-16,False,7.9,6.4,6.6,,,6.8,C+,2.5,True,2.5,2.64,Pass
2987,1406222,HK142_LA1005_L01,LA1005,-16,False,9.5,8.7,9.1,,,9.1,A,4.0,True,4.0,3.97,Pass
2988,1443187,HK142_LA1005_L01,LA1005,-16,False,5.8,5.6,7.2,,,6.4,C+,2.5,True,2.0,2.05,Pass
2989,1466193,HK142_LA1005_L01,LA1005,-16,False,10.0,7.1,8.4,,,8.3,B+,3.5,True,3.76,3.79,Pass
2990,1476468,HK142_LA1005_L01,LA1005,-16,False,9.5,9.4,9.6,,,9.5,A+,4.0,True,4.0,4.0,Pass
2991,1470179,HK142_LA1005_L01,LA1005,-16,False,6.8,7.5,7.7,,,7.5,B,3.0,True,3.38,3.44,Pass
2992,1412205,HK142_LA1005_L01,LA1005,-16,False,4.7,6.1,4.8,,,5.2,D+,1.5,True,1.88,2.03,Pass
2993,1410212,HK142_LA1005_L01,LA1005,-16,False,4.8,4.2,4.7,,,4.6,D,1.0,True,2.18,2.14,Pass
2994,1474322,HK142_LA1005_L02,LA1005,-16,False,5.4,8.2,7.0,,,7.0,B,3.0,True,3.09,3.09,Pass
2995,1412817,HK142_LA1005_L02,LA1005,-16,False,5.8,6.5,8.4,,,7.3,B,3.0,True,2.35,2.39,Pass
2996,1440119,HK142_LA1005_L02,LA1005,-16,False,8.1,7.1,6.8,,,7.2,B,3.0,True,3.35,3.36,Pass
2997,1490886,HK142_LA1005_L02,LA1005,-16,False,9.3,6.2,8.9,,,8.2,B+,3.5,True,3.4,3.42,Pass
2998,1436439,HK142_LA1005_L02,LA1005,-16,False,6.8,6.9,6.9,,,6.9,C+,2.5,True,2.91,2.76,Pass
2999,1455455,HK142_LA1005_L02,LA1005,-16,False,4.7,4.8,4.3,,,4.5,D,1.0,True,1.85,1.97,Pass
3000,1456530,HK142_LA1005_L02,LA1005,-16,False,7.2,6.6,7.4,,,7.1,B,3.0,True,3.24,3.18,Pass
3001,1436898,HK142_LA1005_L02,LA1005,-16,False,4.7,4.9,3.8,,,4.3,D,1.0,True,1.94,1.74,Pass
3002,1404688,HK142_LA1005_L02,LA1005,-16,False,6.0,6.4,5.8,,,6.0,C,2.0,True,2.41,2.47,Pass
3003,1477237,HK142_LA1005_L02,LA1005,-16,False,5.4,4.1,3.9,,,4.3,D,1.0,True,1.56,1.62,Pass
3004,1438432,HK142_LA1005_L02,LA1005,-16,False,7.9,6.8,9.4,,,8.3,B+,3.5,True,3.5,3.52,Pass
3005,1494719,HK142_LA1005_L02,LA1005,-16,False,3.8,4.6,4.2,,,4.2,D,1.0,True,1.38,1.52,Pass
3006,1414504,HK142_LA1005_L02,LA1005,-16,False,10.0,9.1,9.4,,,9.4,A,4.0,True,4.0,4.0,Pass
3007,1464812,HK142_LA1005_L02,LA1005,-16,False,4.4,4.9,4.2,,,4.5,D,1.0,True,1.56,1.56,Pass
3008,1421099,HK142_LA1005_L02,LA1005,-16,False,7.8,7.8,7.7,,,7.8,B,3.0,True,3.35,3.27,Pass
3009,1461438,HK142_LA1005_L02,LA1005,-16,False,5.8,7.5,7.0,,,6.9,C+,2.5,True,2.03,2.21,Pass
3010,1465271,HK142_LA1005_L02,LA1005,-16,False,7.9,8.4,7.0,,,7.6,B,3.0,True,3.41,3.36,Pass
3011,1447789,HK142_LA1005_L02,LA1005,-16,False,7.2,6.1,5.7,,,6.1,C,2.0,True,2.41,2.33,Pass
3012,1435823,HK142_LA1005_L02,LA1005,-16,False,5.7,6.8,5.6,,,6.0,C,2.0,True,2.18,2.36,Pass
3013,1499627,HK142_LA1005_L02,LA1005,-16,False,7.6,8.5,8.6,,,8.4,B+,3.5,True,3.88,3.83,Pass
3014,1420793,HK142_LA1005_L02,LA1005,-16,False,8.9,8.3,8.8,,,8.7,A,4.0,True,3.29,3.12,Pass
3015,1451316,HK142_LA1005_L02,LA1005,-16,False,6.9,6.5,6.8,,,6.7,C+,2.5,True,2.53,2.62,Pass
3016,1403001,HK142_LA1005_L02,LA1005,-16,False,6.9,6.2,5.0,,,5.7,C,2.0,True,2.41,2.21,Pass
3017,1478924,HK142_LA1005_L02,LA1005,-16,False,5.9,3.3,6.2,,,5.3,D+,1.5,True,2.38,2.2,Pass
3018,1435517,HK142_LA1005_L02,LA1005,-16,False,6.8,8.0,7.6,,,7.6,B,3.0,True,3.32,3.21,Pass
3019,1491961,HK142_LA1005_L02,LA1005,-16,False,8.2,8.1,6.8,,,7.5,B,3.0,True,3.24,3.0,Pass
3020,1450088,HK142_LA1005_L02,LA1005,-16,False,7.3,7.4,6.2,,,6.8,C+,2.5,True,2.94,2.97,Pass
3021,1405304,HK142_LA1005_L02,LA1005,-16,False,4.0,7.1,6.0,,,5.9,C,2.0,True,2.0,2.17,Pass
3022,1421562,HK142_LA1005_L02,LA1005,-16,False,7.5,8.2,8.9,,,8.4,B+,3.5,True,3.35,3.3,Pass
3023,1486437,HK142_LA1005_L02,LA1005,-16,False,5.0,5.5,6.0,,,5.7,C,2.0,True,2.09,2.23,Pass
3024,1400243,HK142_LA1005_L02,LA1005,-16,False,8.5,7.3,5.9,,,6.8,C+,2.5,True,2.74,2.61,Pass
3025,1480611,HK142_LA1005_L02,LA1005,-16,False,6.2,7.1,7.4,,,7.1,B,3.0,True,3.09,3.05,Pass
3026,1491192,HK142_LA1005_L02,LA1005,-16,False,7.2,7.2,8.2,,,7.7,B,3.0,True,3.35,3.29,Pass
3027,1486284,HK142_LA1005_L02,LA1005,-16,False,9.0,8.1,8.1,,,8.3,B+,3.5,True,3.68,3.67,Pass
3028,1409596,HK142_LA1005_L02,LA1005,-16,False,6.8,6.0,6.9,,,6.6,C+,2.5,True,2.5,2.45,Pass
3029,1407756,HK142_LA1005_L02,LA1005,-16,False,5.7,8.1,5.4,,,6.3,C,2.0,True,3.09,3.0,Pass
3030,1493954,HK142_LA1005_L02,LA1005,-16,False,3.9,4.5,4.6,,,4.4,D,1.0,True,1.5,1.42,Pass
3031,1473400,HK142_LA1005_L02,LA1005,-16,False,7.4,6.6,7.5,,,7.2,B,3.0,True,2.71,2.88,Pass
3032,1417266,HK142_LA1005_L02,LA1005,-16,False,6.6,6.3,6.1,,,6.3,C,2.0,True,2.53,2.32,Pass
3033,1405151,HK142_LA1005_L02,LA1005,-16,False,6.9,8.6,6.7,,,7.3,B,3.0,True,3.12,3.06,Pass
3034,1425854,HK142_LA1005_L02,LA1005,-16,False,6.3,6.1,6.7,,,6.4,C+,2.5,True,2.91,2.86,Pass
3035,1409443,HK142_LA1005_L02,LA1005,-16,False,10.0,8.9,9.5,,,9.4,A,4.0,True,3.98,3.99,Pass
3036,1485672,HK142_LA1005_L02,LA1005,-16,False,6.0,5.4,4.8,,,5.2,D+,1.5,True,2.26,2.29,Pass
3037,1431990,HK142_LA1005_L02,LA1005,-16,False,7.7,7.9,6.9,,,7.4,B,3.0,True,2.82,2.82,Pass
3038,1408372,HK142_LA1005_L02,LA1005,-16,False,7.9,7.6,6.9,,,7.3,B,3.0,True,3.5,3.42,Pass
3039,1474781,HK142_LA1005_L02,LA1005,-16,False,8.8,8.2,4.9,,,6.7,C+,2.5,True,3.24,3.3,Pass
3040,1499780,HK142_LA1005_L02,LA1005,-16,False,6.2,5.7,6.7,,,6.3,C,2.0,True,2.53,2.55,Pass
3041,1427541,HK142_LA1005_L02,LA1005,-16,False,7.0,7.3,6.8,,,7.0,B,3.0,True,3.24,3.09,Pass
3042,1467727,HK142_LA1005_L02,LA1005,-16,False,5.9,5.8,4.9,,,5.4,D+,1.5,True,2.03,2.2,Pass
3043,1421868,HK142_LA1005_L02,LA1005,-16,False,7.2,8.0,7.5,,,7.6,B,3.0,True,3.41,3.21,Pass
3044,1459445,HK142_LA1005_L02,LA1005,-16,False,5.0,5.6,6.1,,,5.7,C,2.0,True,2.18,2.17,Pass
3045,1433677,HK142_LA1005_L02,LA1005,-16,False,9.3,9.0,8.8,,,9.0,A,4.0,True,4.0,4.0,Pass
3046,1418188,HK142_LA1005_L02,LA1005,-16,False,7.7,8.3,6.9,,,7.5,B,3.0,True,3.24,3.12,Pass
3047,1466958,HK142_LA1005_L02,LA1005,-16,False,6.2,6.6,6.3,,,6.4,C+,2.5,True,2.53,2.47,Pass
3048,1429691,HK142_LA1005_L02,LA1005,-16,False,7.2,6.0,6.5,,,6.5,C+,2.5,True,2.53,2.32,Pass
3049,1422327,HK142_LA1005_L02,LA1005,-16,False,7.6,7.2,6.6,,,7.0,B,3.0,True,3.18,3.24,Pass
3050,1497022,HK142_LA1005_L02,LA1005,-16,False,6.8,5.9,7.4,,,6.8,C+,2.5,True,2.47,2.61,Pass
3051,1466346,HK142_LA1005_L02,LA1005,-16,False,7.2,8.4,7.7,,,7.8,B,3.0,True,3.41,3.52,Pass
3052,1417725,HK142_LA1005_L02,LA1005,-16,False,8.9,6.8,7.2,,,7.4,B,3.0,True,3.15,3.05,Pass
3053,1453921,HK142_LA1005_L02,LA1005,-16,False,7.8,6.5,7.6,,,7.3,B,3.0,True,3.24,3.32,Pass
3054,1422021,HK142_LA1005_L02,LA1005,-16,False,3.8,7.1,3.3,,,4.5,D,1.0,True,1.21,1.33,Pass
3055,1420487,HK142_LA1005_L02,LA1005,-16,False,6.2,4.9,4.8,,,5.1,D+,1.5,True,2.21,2.15,Pass
3056,1491345,HK142_LA1005_L02,LA1005,-16,False,7.6,5.2,7.4,,,6.8,C+,2.5,True,3.06,3.11,Pass
3057,1423249,HK142_LA1005_L02,LA1005,-16,False,5.4,6.1,6.2,,,6.0,C,2.0,True,2.24,2.2,Pass
3058,1468645,HK142_LA1005_L02,LA1005,-16,False,6.5,6.4,5.1,,,5.8,C,2.0,True,2.41,2.44,Pass
3059,1407297,HK142_LA1005_L02,LA1005,-16,False,8.5,6.3,4.9,,,6.0,C,2.0,True,2.21,2.38,Pass
3060,1485056,HK142_LA1005_L02,LA1005,-16,False,6.0,4.6,4.6,,,4.9,D,1.0,True,1.88,1.86,Pass
3061,1409290,HK142_LA1005_L02,LA1005,-16,False,7.1,7.1,6.1,,,6.6,C+,2.5,True,2.15,2.39,Pass
3062,1441500,HK142_LA1005_L02,LA1005,-16,False,4.7,5.2,6.4,,,5.7,C,2.0,True,1.32,1.53,Pass
3063,1458217,HK142_LA1005_L02,LA1005,-16,False,5.0,6.1,6.9,,,6.3,C,2.0,True,2.32,2.33,Pass
3064,1437357,HK142_LA1005_L02,LA1005,-16,False,6.3,7.8,9.7,,,8.4,B+,3.5,True,3.95,3.97,Pass
3065,1440425,HK142_LA1005_L02,LA1005,-16,False,6.3,6.9,5.3,,,6.0,C,2.0,True,2.47,2.58,Pass
3066,1488893,HK142_LA1005_L02,LA1005,-16,False,7.7,8.9,7.3,,,7.9,B,3.0,True,3.65,3.47,Pass
3067,1499168,HK142_LA1005_L02,LA1005,-16,False,5.6,7.6,6.2,,,6.5,C+,2.5,True,2.24,2.35,Pass
3068,1449629,HK142_LA1005_L02,LA1005,-16,False,5.9,6.8,7.8,,,7.1,B,3.0,True,2.41,2.44,Pass
3069,1457142,HK142_LA1005_L02,LA1005,-16,False,5.8,7.0,4.3,,,5.4,D+,1.5,True,2.74,2.76,Pass
3070,1460363,HK142_LA1005_L02,LA1005,-16,False,5.2,7.7,6.1,,,6.4,C+,2.5,True,2.62,2.56,Pass
3071,1492879,HK142_LA1005_L02,LA1005,-16,False,7.7,6.5,6.4,,,6.7,C+,2.5,True,3.12,3.15,Pass
3072,1458523,HK142_LA1005_L02,LA1005,-16,False,6.8,4.8,5.0,,,5.3,D+,1.5,True,2.29,2.26,Pass
3073,1470332,HK142_LA1005_L02,LA1005,-16,False,7.3,6.7,6.8,,,6.9,C+,2.5,True,2.35,2.5,Pass
3074,1466040,HK142_LA1005_L02,LA1005,-16,False,6.7,5.1,7.0,,,6.4,C+,2.5,True,2.47,2.52,Pass
3075,1479689,HK142_LA1005_L02,LA1005,-16,False,8.5,6.9,8.1,,,7.8,B,3.0,True,3.41,3.67,Pass
3076,1484444,HK142_LA1005_L02,LA1005,-16,False,7.1,7.3,7.6,,,7.4,B,3.0,True,3.32,3.33,Pass
3077,1437973,HK142_LA1005_L02,LA1005,-16,False,8.5,7.9,8.6,,,8.4,B+,3.5,True,3.94,3.97,Pass
3078,1460057,HK142_LA1005_L02,LA1005,-16,False,8.1,8.7,8.6,,,8.5,A,4.0,True,3.5,3.47,Pass
3079,1428769,HK142_LA1005_L02,LA1005,-16,False,4.9,5.1,5.5,,,5.3,D+,1.5,True,2.09,2.2,Pass
3080,1410059,HK142_LA1005_L02,LA1005,-16,False,6.2,6.0,6.6,,,6.3,C,2.0,True,2.44,2.56,Pass
3081,1407450,HK142_LA1005_L02,LA1005,-16,False,6.3,7.2,7.0,,,6.9,C+,2.5,True,3.06,3.06,Pass
3082,1455918,HK142_LA1005_L02,LA1005,-16,False,9.0,10.0,7.4,,,8.5,A,4.0,True,3.74,3.82,Pass
3083,1469414,HK142_LA1005_L02,LA1005,-16,False,8.7,8.9,8.3,,,8.6,A,4.0,True,3.85,3.7,Pass
3084,1434905,HK142_LA1005_L02,LA1005,-16,False,6.2,7.9,6.1,,,6.7,C+,2.5,True,2.71,2.59,Pass
3085,1497328,HK142_LA1005_L02,LA1005,-16,False,5.3,5.0,4.3,,,4.7,D,1.0,True,1.5,1.58,Pass
3086,1497787,HK142_LA1005_L02,LA1005,-16,False,9.2,9.3,7.2,,,8.2,B+,3.5,True,3.88,3.93,Pass
3087,1483369,HK142_LA1005_L02,LA1005,-16,False,7.4,6.2,7.1,,,6.9,C+,2.5,True,2.24,2.53,Pass
3088,1487818,HK142_LA1005_L02,LA1005,-16,False,7.8,7.6,7.0,,,7.3,B,3.0,True,3.29,3.17,Pass
3089,1439660,HK142_LA1005_L02,LA1005,-16,False,9.9,10.0,8.4,,,9.2,A,4.0,True,3.76,3.7,Pass
3090,1438585,HK142_LA1005_L02,LA1005,-16,False,7.2,7.1,7.1,,,7.1,B,3.0,True,2.76,2.7,Pass
3091,1419875,HK142_LA1005_L02,LA1005,-16,False,4.6,6.5,4.9,,,5.3,D+,1.5,True,2.59,2.58,Pass
3092,1420028,HK142_LA1005_L02,LA1005,-16,False,7.0,6.1,5.9,,,6.2,C,2.0,True,2.12,2.3,Pass
3093,1497940,HK142_LA1005_L02,LA1005,-16,False,6.4,5.4,6.9,,,6.4,C+,2.5,True,3.21,3.06,Pass
3094,1422633,HK142_LA1005_L03,LA1005,-16,False,6.9,8.6,8.9,,,8.4,B+,3.5,True,3.79,3.89,Pass
3095,1427235,HK142_LA1005_L03,LA1005,-16,False,5.4,6.4,6.5,,,6.2,C,2.0,True,2.97,2.94,Pass
3096,1483216,HK142_LA1005_L03,LA1005,-16,False,4.8,4.8,4.2,,,4.5,D,1.0,True,1.35,1.33,Pass
3097,1447020,HK142_LA1005_L03,LA1005,-16,False,7.4,7.8,9.2,,,8.4,B+,3.5,True,3.06,3.12,Pass
3098,1420640,HK142_LA1005_L03,LA1005,-16,False,8.7,8.0,9.3,,,8.8,A,4.0,True,3.53,3.64,Pass
3099,1473553,HK142_LA1005_L03,LA1005,-16,False,7.2,7.9,8.0,,,7.8,B,3.0,True,3.32,3.44,Pass
3100,1438738,HK142_LA1005_L03,LA1005,-16,False,7.3,7.2,6.1,,,6.7,C+,2.5,True,3.29,3.15,Pass
3102,1463737,HK142_LA1005_L03,LA1005,-16,False,8.9,7.1,6.9,,,7.4,B,3.0,True,3.65,3.44,Pass
3103,1447326,HK142_LA1005_L03,LA1005,-16,False,7.0,8.6,7.8,,,7.9,B,3.0,True,3.56,3.35,Pass
3104,1426470,HK142_LA1005_L03,LA1005,-16,False,7.4,7.1,6.5,,,6.9,C+,2.5,True,3.03,3.17,Pass
3105,1448707,HK142_LA1005_L03,LA1005,-16,False,9.2,8.1,9.1,,,8.8,A,4.0,True,3.97,3.88,Pass
3106,1491039,HK142_LA1005_L03,LA1005,-16,False,8.5,7.8,7.4,,,7.7,B,3.0,True,3.74,3.77,Pass
3107,1429997,HK142_LA1005_L03,LA1005,-16,False,8.3,7.3,6.1,,,6.9,C+,2.5,True,3.15,3.03,Pass
3108,1465734,HK142_LA1005_L03,LA1005,-16,False,6.7,7.0,5.8,,,6.3,C,2.0,True,2.91,2.7,Pass
3109,1411130,HK142_LA1005_L03,LA1005,-16,False,7.1,6.4,6.6,,,6.6,C+,2.5,True,2.91,3.06,Pass
3110,1478308,HK142_LA1005_L03,LA1005,-16,False,6.1,4.4,6.5,,,5.8,C,2.0,True,2.56,2.62,Pass
3111,1445486,HK142_LA1005_L03,LA1005,-16,False,7.2,7.8,6.3,,,6.9,C+,2.5,True,3.06,3.03,Pass
3112,1474016,HK142_LA1005_L03,LA1005,-16,False,5.8,5.1,5.9,,,5.6,C,2.0,True,2.21,1.94,Pass
3113,1403464,HK142_LA1005_L03,LA1005,-16,False,5.8,6.8,7.0,,,6.7,C+,2.5,True,2.26,2.41,Pass
3114,1450241,HK142_LA1005_L03,LA1005,-16,False,4.5,4.2,4.9,,,4.6,D,1.0,True,1.41,1.48,Pass
3115,1495947,HK142_LA1005_L03,LA1005,-16,False,6.6,5.2,5.4,,,5.6,C,2.0,True,2.26,2.41,Pass
3116,1484903,HK142_LA1005_L03,LA1005,-16,False,3.6,5.0,5.0,,,4.7,D,1.0,True,1.44,1.55,Pass
3117,1413739,HK142_LA1005_L03,LA1005,-16,False,10.0,8.1,9.7,,,9.3,A,4.0,True,4.0,3.88,Pass
3118,1453003,HK142_LA1005_L03,LA1005,-16,False,6.2,7.8,7.6,,,7.4,B,3.0,True,3.09,2.98,Pass
3119,1440578,HK142_LA1005_L03,LA1005,-16,False,6.2,7.1,6.7,,,6.7,C+,2.5,True,2.26,2.44,Pass
3120,1430303,HK142_LA1005_L03,LA1005,-16,False,5.5,8.9,6.8,,,7.2,B,3.0,True,2.06,1.97,Pass
3121,1415273,HK142_LA1005_L03,LA1005,-16,False,6.1,6.8,7.4,,,7.0,B,3.0,True,2.29,2.42,Pass
3122,1468186,HK142_LA1005_L03,LA1005,-16,False,5.8,6.2,6.0,,,6.0,C,2.0,True,2.53,2.44,Pass
3123,1443952,HK142_LA1005_L03,LA1005,-16,False,5.2,4.9,3.5,,,4.3,D,1.0,True,1.71,1.8,Pass
3124,1489505,HK142_LA1005_L03,LA1005,-16,False,8.2,6.6,8.6,,,7.9,B,3.0,True,3.53,3.47,Pass
3125,1408678,HK142_LA1005_L03,LA1005,-16,False,5.7,5.9,5.3,,,5.6,C,2.0,True,2.21,2.35,Pass
3126,1477696,HK142_LA1005_L03,LA1005,-16,False,4.5,5.4,7.2,,,6.1,C,2.0,True,2.44,2.56,Pass
3127,1444568,HK142_LA1005_L03,LA1005,-16,False,6.8,6.7,7.8,,,7.3,B,3.0,True,2.91,3.12,Pass
3128,1405916,HK142_LA1005_L03,LA1005,-16,False,5.7,7.0,8.5,,,7.5,B,3.0,True,2.85,2.89,Pass
3129,1447942,HK142_LA1005_L03,LA1005,-16,False,5.8,8.7,6.1,,,6.8,C+,2.5,True,3.18,3.17,Pass
3130,1432602,HK142_LA1005_L03,LA1005,-16,False,4.8,4.3,5.1,,,4.8,D,1.0,True,1.5,1.62,Pass
3131,1454843,HK142_LA1005_L03,LA1005,-16,False,5.7,5.1,5.4,,,5.4,D+,1.5,True,2.41,2.21,Pass
3132,1466499,HK142_LA1005_L03,LA1005,-16,False,7.3,6.1,6.6,,,6.6,C+,2.5,True,2.79,2.71,Pass
3133,1428157,HK142_LA1005_L03,LA1005,-16,False,5.0,5.1,4.9,,,5.0,D+,1.5,True,1.62,1.77,Pass
3134,1442418,HK142_LA1005_L03,LA1005,-16,False,8.8,6.0,6.5,,,6.8,C+,2.5,True,3.18,3.29,Pass
3135,1413433,HK142_LA1005_L03,LA1005,-16,False,6.4,8.0,5.9,,,6.6,C+,2.5,True,2.68,2.5,Pass
3136,1413280,HK142_LA1005_L03,LA1005,-16,False,6.0,5.2,5.4,,,5.5,C,2.0,True,2.38,2.3,Pass
3137,1439966,HK142_LA1005_L03,LA1005,-16,False,5.4,6.9,6.5,,,6.4,C+,2.5,True,2.74,2.5,Pass
3138,1487665,HK142_LA1005_L03,LA1005,-16,False,6.7,6.4,6.3,,,6.4,C+,2.5,True,2.32,2.36,Pass
3139,1488124,HK142_LA1005_L03,LA1005,-16,False,8.1,7.5,7.0,,,7.4,B,3.0,True,3.53,3.42,Pass
3140,1449476,HK142_LA1005_L03,LA1005,-16,False,6.6,8.1,8.3,,,7.9,B,3.0,True,3.0,2.95,Pass
3141,1496253,HK142_LA1005_L03,LA1005,-16,False,6.7,9.9,8.1,,,8.4,B+,3.5,True,3.74,3.83,Pass
3142,1465887,HK142_LA1005_L03,LA1005,-16,False,7.9,8.2,8.5,,,8.3,B+,3.5,True,3.29,3.18,Pass
3143,1496406,HK142_LA1005_L03,LA1005,-16,False,5.1,6.1,5.8,,,5.8,C,2.0,True,1.85,1.85,Pass
3144,1457605,HK142_LA1005_L03,LA1005,-16,False,7.2,5.4,5.4,,,5.8,C,2.0,True,2.38,2.2,Pass
3145,1424320,HK142_LA1005_L03,LA1005,-16,False,6.8,5.8,7.1,,,6.7,C+,2.5,True,2.47,2.65,Pass
3146,1491651,HK142_LA1005_L03,LA1005,-16,False,7.0,6.3,6.7,,,6.6,C+,2.5,True,2.74,2.52,Pass
3147,1471101,HK142_LA1005_L03,LA1005,-16,False,8.8,8.6,6.7,,,7.7,B,3.0,True,3.73,3.79,Pass
3148,1467421,HK142_LA1005_L03,LA1005,-16,False,5.9,6.4,6.7,,,6.5,C+,2.5,True,2.62,2.53,Pass
3149,1489199,HK142_LA1005_L03,LA1005,-16,False,2.9,2.7,4.6,,,3.7,F,0.0,False,1.71,1.61,Fail
3150,1463125,HK142_LA1005_L03,LA1005,-16,False,4.8,4.5,4.8,,,4.7,D,1.0,True,1.59,1.74,Pass
3151,1463278,HK142_LA1005_L03,LA1005,-16,False,5.0,5.8,4.9,,,5.2,D+,1.5,True,1.71,1.74,Pass
3152,1427388,HK142_LA1005_L03,LA1005,-16,False,5.2,5.8,5.3,,,5.4,D+,1.5,True,2.06,1.94,Pass
3153,1434136,HK142_LA1005_L03,LA1005,-16,False,8.9,9.0,9.1,,,9.0,A,4.0,True,4.0,3.96,Pass
3154,1417572,HK142_LA1005_L03,LA1005,-16,False,6.4,5.4,7.1,,,6.5,C+,2.5,True,2.0,2.11,Pass
3155,1402389,HK142_LA1005_L03,LA1005,-16,False,6.9,5.7,5.6,,,5.9,C,2.0,True,2.59,2.47,Pass
3156,1453156,HK142_LA1005_L03,LA1005,-16,False,6.8,7.5,8.4,,,7.8,B,3.0,True,3.09,3.15,Pass
3157,1476621,HK142_LA1005_L03,LA1005,-16,False,4.8,6.2,5.4,,,5.5,C,2.0,True,1.91,1.91,Pass
3158,1479842,HK142_LA1005_L03,LA1005,-16,False,7.0,7.0,6.6,,,6.8,C+,2.5,True,3.12,3.09,Pass
3159,1406991,HK142_LA1005_L03,LA1005,-16,False,6.9,7.0,6.5,,,6.7,C+,2.5,True,2.56,2.3,Pass
3160,1471866,HK142_LA1005_L03,LA1005,-16,False,7.7,7.1,8.2,,,7.8,B,3.0,True,3.29,3.29,Pass
3161,1462666,HK142_LA1005_L03,LA1005,-16,False,8.7,7.9,7.4,,,7.8,B,3.0,True,3.26,3.47,Pass
3162,1402848,HK142_LA1005_L03,LA1005,-16,False,6.5,7.1,5.8,,,6.3,C,2.0,True,2.35,2.18,Pass
3163,1498556,HK142_LA1005_L03,LA1005,-16,False,5.4,5.8,6.3,,,6.0,C,2.0,True,1.94,2.09,Pass
3164,1452081,HK142_LA1005_L03,LA1005,-16,False,6.9,6.2,6.0,,,6.2,C,2.0,True,2.38,2.47,Pass
3165,1464659,HK142_LA1005_L03,LA1005,-16,False,6.2,5.3,6.5,,,6.1,C,2.0,True,2.41,2.23,Pass
3166,1411899,HK142_LA1005_L03,LA1005,-16,False,4.4,4.9,3.7,,,4.2,D,1.0,True,1.94,1.8,Pass
3167,1425701,HK142_LA1005_L03,LA1005,-16,False,3.7,4.7,3.2,,,3.8,F,0.0,False,0.55,1.0,Fail
3168,1425242,HK142_LA1005_L03,LA1005,-16,False,5.4,5.3,5.1,,,5.2,D+,1.5,True,2.03,2.08,Pass
3169,1474475,HK142_LA1005_L03,LA1005,-16,False,7.2,6.5,7.9,,,7.3,B,3.0,True,2.88,2.98,Pass
3170,1475240,HK142_LA1005_L03,LA1005,-16,False,6.0,5.9,5.4,,,5.7,C,2.0,True,2.44,2.3,Pass
3171,1468339,HK142_LA1005_L03,LA1005,-16,False,3.8,5.4,4.7,,,4.7,D,1.0,True,1.71,1.64,Pass
3172,1456989,HK142_LA1005_L03,LA1005,-16,False,8.0,7.7,8.9,,,8.4,B+,3.5,True,3.03,3.08,Pass
3173,1459598,HK142_LA1005_L03,LA1005,-16,False,5.5,6.6,6.7,,,6.4,C+,2.5,True,1.71,1.67,Pass
3174,1412664,HK142_LA1005_L03,LA1005,-16,False,6.0,6.4,5.6,,,5.9,C,2.0,True,2.06,2.03,Pass
3175,1420181,HK142_LA1005_L03,LA1005,-16,False,5.8,5.7,6.4,,,6.1,C,2.0,True,2.65,2.56,Pass
3176,1467574,HK142_LA1005_L03,LA1005,-16,False,6.3,6.8,5.6,,,6.1,C,2.0,True,2.24,2.35,Pass
3177,1428616,HK142_LA1005_L03,LA1005,-16,False,6.0,6.1,4.5,,,5.3,D+,1.5,True,2.09,2.21,Pass
3178,1472635,HK142_LA1005_L03,LA1005,-16,False,6.0,6.1,5.7,,,5.9,C,2.0,True,3.21,3.11,Pass
3179,1412052,HK142_LA1005_L03,LA1005,-16,False,6.7,7.1,7.3,,,7.1,B,3.0,True,2.74,2.77,Pass
3180,1446867,HK142_LA1005_L03,LA1005,-16,False,7.5,7.9,8.4,,,8.1,B+,3.5,True,2.97,2.98,Pass
3181,1459751,HK142_LA1005_L03,LA1005,-16,False,5.0,7.0,6.3,,,6.2,C,2.0,True,2.21,2.33,Pass
3182,1424783,HK142_LA1005_L03,LA1005,-16,False,8.2,6.0,7.1,,,7.0,B,3.0,True,2.97,3.03,Pass
3183,1443493,HK142_LA1005_L03,LA1005,-16,False,7.5,6.9,7.5,,,7.3,B,3.0,True,3.0,3.06,Pass
3184,1464200,HK142_LA1005_L03,LA1005,-16,False,4.6,4.4,4.6,,,4.5,D,1.0,True,1.21,1.26,Pass
3185,1497634,HK142_LA1005_L03,LA1005,-16,False,8.4,9.1,7.9,,,8.4,B+,3.5,True,3.68,3.71,Pass
3186,1416807,HK142_LA1005_L03,LA1005,-16,False,5.7,4.0,5.0,,,4.8,D,1.0,True,1.76,1.88,Pass
3187,1460826,HK142_LA1005_L03,LA1005,-16,False,5.6,7.5,8.2,,,7.5,B,3.0,True,2.68,2.71,Pass
3188,1409137,HK142_LA1005_L03,LA1005,-16,False,7.3,7.9,7.2,,,7.4,B,3.0,True,3.0,3.06,Pass
3189,1481070,HK142_LA1005_L03,LA1005,-16,False,6.7,5.9,5.3,,,5.8,C,2.0,True,2.29,2.38,Pass
3190,1494566,HK142_LA1005_L03,LA1005,-16,False,5.7,7.0,7.1,,,6.8,C+,2.5,True,2.35,2.33,Pass
3191,1458829,HK142_LA1005_L03,LA1005,-16,False,5.2,6.1,6.9,,,6.3,C,2.0,True,2.47,2.39,Pass
3192,1413892,HK142_LA1005_L03,LA1005,-16,False,9.0,6.1,7.6,,,7.4,B,3.0,True,3.35,3.47,Pass
3193,1462972,HK142_LA1005_L03,LA1005,-16,False,7.0,7.5,7.2,,,7.2,B,3.0,True,3.18,3.2,Pass
3194,1494260,HK142_LA1005_L04,LA1005,-16,False,5.7,5.2,5.3,,,5.3,D+,1.5,True,1.68,1.64,Pass
3195,1418647,HK142_LA1005_L04,LA1005,-16,False,7.9,7.7,7.4,,,7.6,B,3.0,True,3.88,3.91,Pass
3196,1426776,HK142_LA1005_L04,LA1005,-16,False,5.4,6.5,7.4,,,6.7,C+,2.5,True,2.85,2.89,Pass
3197,1423555,HK142_LA1005_L04,LA1005,-16,False,5.8,4.9,5.8,,,5.5,C,2.0,True,2.35,2.32,Pass
3198,1439813,HK142_LA1005_L04,LA1005,-16,False,6.3,6.7,6.2,,,6.4,C+,2.5,True,3.24,3.18,Pass
3199,1440731,HK142_LA1005_L04,LA1005,-16,False,6.6,6.6,6.3,,,6.4,C+,2.5,True,3.12,2.98,Pass
3200,1456071,HK142_LA1005_L04,LA1005,-16,False,6.2,5.2,6.2,,,5.9,C,2.0,True,2.38,2.39,Pass
3201,1445180,HK142_LA1005_L04,LA1005,-16,False,9.9,9.0,7.8,,,8.6,A,4.0,True,4.0,4.0,Pass
3202,1410671,HK142_LA1005_L04,LA1005,-16,False,8.0,6.9,6.9,,,7.1,B,3.0,True,3.26,3.24,Pass
3203,1435670,HK142_LA1005_L04,LA1005,-16,False,7.2,6.7,7.5,,,7.2,B,3.0,True,2.56,2.58,Pass
3204,1481223,HK142_LA1005_L04,LA1005,-16,False,5.6,5.7,5.9,,,5.8,C,2.0,True,2.09,2.11,Pass
3205,1403617,HK142_LA1005_L04,LA1005,-16,False,8.0,8.0,7.8,,,7.9,B,3.0,True,3.47,3.56,Pass
3206,1461897,HK142_LA1005_L04,LA1005,-16,False,5.6,5.3,5.2,,,5.3,D+,1.5,True,1.79,1.82,Pass
3207,1449782,HK142_LA1005_L04,LA1005,-16,False,6.1,4.9,5.9,,,5.6,C,2.0,True,2.29,2.29,Pass
3208,1428463,HK142_LA1005_L04,LA1005,-16,False,5.6,5.1,6.9,,,6.1,C,2.0,True,2.32,2.18,Pass
3209,1441653,HK142_LA1005_L04,LA1005,-16,False,5.3,5.1,5.6,,,5.4,D+,1.5,True,1.62,1.74,Pass
3210,1417878,HK142_LA1005_L04,LA1005,-16,False,4.2,4.3,5.0,,,4.6,D,1.0,True,1.82,1.82,Pass
3211,1476774,HK142_LA1005_L04,LA1005,-16,False,6.4,6.6,4.5,,,5.5,C,2.0,True,2.06,2.18,Pass
3212,1476315,HK142_LA1005_L04,LA1005,-16,False,8.0,9.2,8.4,,,8.6,A,4.0,True,4.0,3.96,Pass
3213,1454996,HK142_LA1005_L04,LA1005,-16,False,6.5,7.2,6.9,,,6.9,C+,2.5,True,3.06,3.15,Pass
3214,1433983,HK142_LA1005_L04,LA1005,-16,False,4.5,4.4,3.6,,,4.0,D,1.0,True,1.75,1.74,Pass
3215,1493032,HK142_LA1005_L04,LA1005,-16,False,6.0,5.2,6.3,,,5.9,C,2.0,True,2.35,2.44,Pass
3216,1401161,HK142_LA1005_L04,LA1005,-16,False,7.5,5.2,5.4,,,5.8,C,2.0,True,2.88,2.91,Pass
3217,1479536,HK142_LA1005_L04,LA1005,-16,False,6.1,5.6,6.3,,,6.0,C,2.0,True,2.21,2.2,Pass
3218,1410518,HK142_LA1005_L04,LA1005,-16,False,7.2,6.6,8.5,,,7.7,B,3.0,True,3.24,3.29,Pass
3219,1456224,HK142_LA1005_L04,LA1005,-16,False,7.0,7.7,8.0,,,7.7,B,3.0,True,3.38,3.23,Pass
3220,1471560,HK142_LA1005_L04,LA1005,-16,False,6.1,6.0,5.1,,,5.6,C,2.0,True,2.38,2.36,Pass
3221,1452234,HK142_LA1005_L04,LA1005,-16,False,7.1,7.8,9.0,,,8.3,B+,3.5,True,3.95,3.97,Pass
3222,1434752,HK142_LA1005_L04,LA1005,-16,False,4.1,4.7,6.5,,,5.5,C,2.0,True,1.62,1.58,Pass
3223,1437051,HK142_LA1005_L04,LA1005,-16,False,7.1,5.1,5.8,,,5.8,C,2.0,True,2.41,2.58,Pass
3224,1459292,HK142_LA1005_L04,LA1005,-16,False,4.7,5.9,3.8,,,4.6,D,1.0,True,1.68,1.73,Pass
3225,1478461,HK142_LA1005_L04,LA1005,-16,False,5.8,5.5,4.4,,,5.0,D+,1.5,True,1.97,1.94,Pass
3226,1491498,HK142_LA1005_L04,LA1005,-16,False,8.8,6.4,7.6,,,7.5,B,3.0,True,3.65,3.35,Pass
3227,1483063,HK142_LA1005_L04,LA1005,-16,False,7.7,8.4,6.4,,,7.3,B,3.0,True,3.18,3.15,Pass
3228,1418953,HK142_LA1005_L04,LA1005,-16,False,7.0,5.3,6.0,,,6.0,C,2.0,True,2.12,2.3,Pass
3230,1439197,HK142_LA1005_L04,LA1005,-16,False,5.8,7.3,6.2,,,6.4,C+,2.5,True,2.76,2.74,Pass
3231,1471713,HK142_LA1005_L04,LA1005,-16,False,5.3,6.2,4.2,,,5.0,D+,1.5,True,1.82,1.68,Pass
3232,1461744,HK142_LA1005_L04,LA1005,-16,False,4.9,6.2,6.1,,,5.9,C,2.0,True,2.09,2.15,Pass
3233,1419412,HK142_LA1005_L04,LA1005,-16,False,7.3,7.2,8.7,,,8.0,B+,3.5,True,3.56,3.45,Pass
3234,1433218,HK142_LA1005_L04,LA1005,-16,False,6.2,6.9,6.2,,,6.4,C+,2.5,True,2.06,2.23,Pass
3236,1404229,HK142_LA1005_L04,LA1005,-16,False,2.8,1.4,2.4,,,2.2,F,0.0,False,0.45,1.0,Fail
3237,1406838,HK142_LA1005_L04,LA1005,-16,False,8.7,5.6,8.6,,,7.7,B,3.0,True,2.91,3.05,Pass
3238,1484750,HK142_LA1005_L04,LA1005,-16,False,6.6,5.5,6.1,,,6.0,C,2.0,True,2.76,2.7,Pass
3239,1439044,HK142_LA1005_L04,LA1005,-16,False,5.1,4.7,5.5,,,5.2,D+,1.5,True,2.15,2.35,Pass
3240,1499321,HK142_LA1005_L04,LA1005,-16,False,9.1,9.6,9.0,,,9.2,A,4.0,True,4.0,3.88,Pass
3241,1430150,HK142_LA1005_L04,LA1005,-16,False,4.8,6.6,5.3,,,5.6,C,2.0,True,2.03,2.14,Pass
3242,1486590,HK142_LA1005_L04,LA1005,-16,False,7.6,7.6,7.1,,,7.3,B,3.0,True,3.24,3.21,Pass
3243,1411746,HK142_LA1005_L04,LA1005,-16,False,5.3,5.7,5.5,,,5.5,C,2.0,True,2.0,1.94,Pass
3244,1435058,HK142_LA1005_L04,LA1005,-16,False,7.6,8.6,8.1,,,8.1,B+,3.5,True,3.06,3.21,Pass
3245,1403923,HK142_LA1005_L04,LA1005,-16,False,6.7,6.6,5.4,,,6.0,C,2.0,True,2.21,2.33,Pass
3246,1455302,HK142_LA1005_L04,LA1005,-16,False,5.6,6.2,4.1,,,5.0,D+,1.5,True,2.47,2.41,Pass
3247,1451775,HK142_LA1005_L04,LA1005,-16,False,7.1,7.2,7.2,,,7.2,B,3.0,True,3.06,3.11,Pass
3248,1408831,HK142_LA1005_L04,LA1005,-16,False,6.6,7.0,6.8,,,6.8,C+,2.5,True,3.26,3.08,Pass
3249,1412511,HK142_LA1005_L04,LA1005,-16,False,8.8,5.7,5.1,,,6.0,C,2.0,True,2.35,2.3,Pass
3250,1405610,HK142_LA1005_L04,LA1005,-16,False,5.6,6.3,7.2,,,6.6,C+,2.5,True,2.47,2.36,Pass
3251,1460979,HK142_LA1005_L04,LA1005,-16,False,5.5,4.9,6.4,,,5.8,C,2.0,True,2.09,2.02,Pass
3252,1472788,HK142_LA1005_L04,LA1005,-16,False,7.5,10.0,9.2,,,9.1,A,4.0,True,3.85,3.79,Pass
3253,1443034,HK142_LA1005_L04,LA1005,-16,False,6.4,5.4,5.7,,,5.8,C,2.0,True,2.59,2.58,Pass
3254,1404076,HK142_LA1005_L04,LA1005,-16,False,6.7,4.9,6.1,,,5.9,C,2.0,True,2.32,2.15,Pass
3255,1410977,HK142_LA1005_L04,LA1005,-16,False,7.0,6.3,5.0,,,5.8,C,2.0,True,2.5,2.5,Pass
3256,1428310,HK142_LA1005_L04,LA1005,-16,False,7.0,6.9,7.0,,,7.0,B,3.0,True,3.5,3.5,Pass
3257,1482604,HK142_LA1005_L04,LA1005,-16,False,9.4,7.6,8.8,,,8.6,A,4.0,True,3.68,3.64,Pass
3258,1431684,HK142_LA1005_L04,LA1005,-16,False,7.2,7.5,8.4,,,7.9,B,3.0,True,3.44,3.55,Pass
3259,1468492,HK142_LA1005_L04,LA1005,-16,False,5.5,4.3,5.5,,,5.1,D+,1.5,True,1.59,1.73,Pass
3260,1498093,HK142_LA1005_L04,LA1005,-16,False,7.1,6.8,5.7,,,6.3,C,2.0,True,2.44,2.39,Pass
3261,1448860,HK142_LA1005_L04,LA1005,-16,False,4.2,3.5,4.0,,,3.9,F,0.0,False,0.57,1.09,Fail
3262,1427694,HK142_LA1005_L04,LA1005,-16,False,5.1,3.0,4.8,,,4.3,D,1.0,True,1.41,1.32,Pass
3263,1433830,HK142_LA1005_L04,LA1005,-16,False,5.3,6.0,7.5,,,6.6,C+,2.5,True,2.21,1.94,Pass
3264,1470795,HK142_LA1005_L04,LA1005,-16,False,7.4,6.7,6.0,,,6.5,C+,2.5,True,2.71,2.62,Pass
3265,1421715,HK142_LA1005_L04,LA1005,-16,False,9.3,7.6,7.3,,,7.8,B,3.0,True,2.91,2.97,Pass
3266,1401930,HK142_LA1005_L04,LA1005,-16,False,7.8,8.5,7.3,,,7.8,B,3.0,True,3.35,3.47,Pass
3267,1430456,HK142_LA1005_L04,LA1005,-16,False,7.8,8.1,7.5,,,7.7,B,3.0,True,3.26,3.29,Pass
3268,1407603,HK142_LA1005_L04,LA1005,-16,False,5.7,6.0,7.1,,,6.5,C+,2.5,True,2.62,2.53,Pass
3269,1478002,HK142_LA1005_L04,LA1005,-16,False,6.7,5.0,6.2,,,5.9,C,2.0,True,2.47,2.53,Pass
3270,1446255,HK142_LA1005_L04,LA1005,-16,False,3.8,3.7,4.8,,,4.3,D,1.0,True,1.47,1.58,Pass
3271,1416960,HK142_LA1005_L04,LA1005,-16,False,8.9,8.0,9.0,,,8.7,A,4.0,True,3.94,3.97,Pass
3272,1413586,HK142_LA1005_L04,LA1005,-16,False,6.1,9.0,6.0,,,6.9,C+,2.5,True,2.29,2.27,Pass
3273,1472329,HK142_LA1005_L04,LA1005,-16,False,5.5,7.0,6.8,,,6.6,C+,2.5,True,2.56,2.58,Pass
3274,1425089,HK142_LA1005_L04,LA1005,-16,False,7.7,7.7,7.8,,,7.8,B,3.0,True,3.29,3.26,Pass
3275,1482298,HK142_LA1005_L04,LA1005,-16,False,8.5,8.5,9.1,,,8.8,A,4.0,True,3.97,3.94,Pass
3276,1422174,HK142_LA1005_L04,LA1005,-16,False,6.3,6.8,5.5,,,6.0,C,2.0,True,2.88,2.88,Pass
3277,1425395,HK142_LA1005_L04,LA1005,-16,False,9.1,9.4,8.4,,,8.8,A,4.0,True,4.0,4.0,Pass
3278,1416191,HK142_LA1005_L04,LA1005,-16,False,8.8,10.0,8.6,,,9.1,A,4.0,True,3.92,3.93,Pass
3279,1416038,HK142_LA1005_L04,LA1005,-16,False,6.4,6.2,6.2,,,6.2,C,2.0,True,2.97,2.62,Pass
3280,1418341,HK142_LA1005_L04,LA1005,-16,False,9.5,10.0,7.7,,,8.8,A,4.0,True,3.79,3.74,Pass
3281,1422786,HK142_LA1005_L04,LA1005,-16,False,7.6,8.0,6.8,,,7.3,B,3.0,True,3.09,3.23,Pass
3282,1429075,HK142_LA1005_L04,LA1005,-16,False,5.2,6.8,7.1,,,6.6,C+,2.5,True,2.26,2.41,Pass
3283,1436592,HK142_LA1005_L04,LA1005,-16,False,6.2,5.6,5.9,,,5.9,C,2.0,True,2.62,2.7,Pass
3284,1423708,HK142_LA1005_L04,LA1005,-16,False,4.7,4.8,5.5,,,5.1,D+,1.5,True,1.59,1.61,Pass
3285,1400549,HK142_LA1005_L04,LA1005,-16,False,6.8,6.4,8.5,,,7.5,B,3.0,True,3.0,2.94,Pass
3286,1469108,HK142_LA1005_L04,LA1005,-16,False,5.5,5.5,6.4,,,6.0,C,2.0,True,2.32,2.29,Pass
3287,1477849,HK142_LA1005_L04,LA1005,-16,False,7.3,5.8,5.5,,,6.0,C,2.0,True,2.5,2.42,Pass
3288,1444105,HK142_LA1005_L04,LA1005,-16,False,7.3,7.7,6.8,,,7.2,B,3.0,True,2.79,2.7,Pass
3289,1412358,HK142_LA1005_L04,LA1005,-16,False,6.2,5.6,6.3,,,6.1,C,2.0,True,2.44,2.33,Pass
3290,1415120,HK142_LA1005_L04,LA1005,-16,False,10.0,7.7,9.4,,,9.0,A,4.0,True,3.73,3.72,Pass
3291,1456377,HK142_LA1005_L04,LA1005,-16,False,7.0,7.1,5.7,,,6.4,C+,2.5,True,3.15,3.27,Pass
3292,1487971,HK142_LA1005_L04,LA1005,-16,False,7.2,8.4,7.5,,,7.7,B,3.0,True,3.18,3.23,Pass
3293,1461132,HK142_LA1005_L04,LA1005,-16,False,5.8,5.9,5.2,,,5.5,C,2.0,True,2.32,2.32,Pass
3294,1426623,HK142_LA1005_L05,LA1005,-16,False,5.6,5.4,5.6,,,5.5,C,2.0,True,2.56,2.58,Pass
3295,1441806,HK142_LA1005_L05,LA1005,-16,False,8.2,7.4,6.2,,,7.0,B,3.0,True,3.09,3.12,Pass
3296,1401314,HK142_LA1005_L05,LA1005,-16,False,8.7,9.1,8.8,,,8.9,A,4.0,True,3.91,3.95,Pass
3297,1490733,HK142_LA1005_L05,LA1005,-16,False,6.0,6.0,4.9,,,5.5,C,2.0,True,2.24,2.06,Pass
3298,1476009,HK142_LA1005_L05,LA1005,-16,False,7.5,7.9,8.7,,,8.2,B+,3.5,True,3.15,3.23,Pass
3299,1479995,HK142_LA1005_L05,LA1005,-16,False,6.7,5.7,6.1,,,6.1,C,2.0,True,2.0,2.18,Pass
3300,1451469,HK142_LA1005_L05,LA1005,-16,False,10.0,9.1,8.5,,,9.0,A,4.0,True,4.0,3.97,Pass
3301,1489964,HK142_LA1005_L05,LA1005,-16,False,3.4,6.3,4.2,,,4.7,D,1.0,True,1.62,1.68,Pass
3302,1443646,HK142_LA1005_L05,LA1005,-16,False,6.9,5.4,6.1,,,6.0,C,2.0,True,2.29,2.3,Pass
3303,1451010,HK142_LA1005_L05,LA1005,-16,False,5.3,5.1,5.7,,,5.4,D+,1.5,True,1.91,1.8,Pass
3304,1424014,HK142_LA1005_L05,LA1005,-16,False,6.7,5.3,6.8,,,6.3,C,2.0,True,2.0,2.06,Pass
3305,1482757,HK142_LA1005_L05,LA1005,-16,False,5.9,5.5,5.9,,,5.8,C,2.0,True,2.24,2.23,Pass
3306,1489046,HK142_LA1005_L05,LA1005,-16,False,6.3,5.5,6.8,,,6.3,C,2.0,True,2.09,2.21,Pass
3307,1494872,HK142_LA1005_L05,LA1005,-16,False,7.7,7.7,6.3,,,7.0,B,3.0,True,3.21,3.23,Pass
3308,1476162,HK142_LA1005_L05,LA1005,-16,False,5.1,5.7,4.4,,,4.9,D,1.0,True,1.29,1.38,Pass
3309,1425548,HK142_LA1005_L05,LA1005,-16,False,7.8,8.7,7.9,,,8.1,B+,3.5,True,3.15,3.17,Pass
3310,1495488,HK142_LA1005_L05,LA1005,-16,False,4.2,5.5,4.5,,,4.7,D,1.0,True,1.82,1.7,Pass
3311,1416654,HK142_LA1005_L05,LA1005,-16,False,8.9,7.5,8.3,,,8.2,B+,3.5,True,3.76,3.79,Pass
3312,1445333,HK142_LA1005_L05,LA1005,-16,False,6.3,7.4,5.7,,,6.3,C,2.0,True,2.15,2.41,Pass
3313,1429844,HK142_LA1005_L05,LA1005,-16,False,7.6,7.3,7.1,,,7.3,B,3.0,True,2.24,2.26,Pass
3314,1496100,HK142_LA1005_L05,LA1005,-16,False,7.2,5.4,5.3,,,5.7,C,2.0,True,2.15,2.08,Pass
3315,1457911,HK142_LA1005_L05,LA1005,-16,False,7.6,8.5,9.1,,,8.6,A,4.0,True,4.0,3.83,Pass
3316,1479383,HK142_LA1005_L05,LA1005,-16,False,8.0,6.0,7.4,,,7.1,B,3.0,True,3.18,3.15,Pass
3317,1441194,HK142_LA1005_L05,LA1005,-16,False,7.2,6.9,7.0,,,7.0,B,3.0,True,3.09,3.2,Pass
3318,1499474,HK142_LA1005_L05,LA1005,-16,False,4.5,6.6,6.8,,,6.3,C,2.0,True,2.32,2.42,Pass
3319,1432143,HK142_LA1005_L05,LA1005,-16,False,7.6,6.8,6.8,,,7.0,B,3.0,True,2.97,3.03,Pass
3320,1410824,HK142_LA1005_L05,LA1005,-16,False,6.5,8.9,7.3,,,7.6,B,3.0,True,3.88,3.94,Pass
3321,1430762,HK142_LA1005_L05,LA1005,-16,False,4.5,7.2,6.3,,,6.2,C,2.0,True,1.94,2.03,Pass
3322,1423402,HK142_LA1005_L05,LA1005,-16,False,5.4,4.3,5.9,,,5.3,D+,1.5,True,1.44,1.41,Pass
3323,1492267,HK142_LA1005_L05,LA1005,-16,False,7.7,6.9,8.4,,,7.8,B,3.0,True,3.26,3.35,Pass
3324,1442112,HK142_LA1005_L05,LA1005,-16,False,4.8,6.0,5.2,,,5.4,D+,1.5,True,2.38,2.32,Pass
3325,1469873,HK142_LA1005_L05,LA1005,-16,False,6.5,5.7,6.4,,,6.2,C,2.0,True,2.26,2.24,Pass
3326,1436286,HK142_LA1005_L05,LA1005,-16,False,8.8,7.1,10.0,,,8.9,A,4.0,True,3.85,3.78,Pass
3327,1482910,HK142_LA1005_L05,LA1005,-16,False,6.8,5.9,6.5,,,6.4,C+,2.5,True,2.5,2.47,Pass
3328,1435364,HK142_LA1005_L05,LA1005,-16,False,6.5,6.4,7.0,,,6.7,C+,2.5,True,2.38,2.24,Pass
3329,1472482,HK142_LA1005_L05,LA1005,-16,False,7.3,8.3,8.0,,,8.0,B+,3.5,True,3.5,3.44,Pass
3330,1429228,HK142_LA1005_L05,LA1005,-16,False,8.3,9.3,9.6,,,9.2,A,4.0,True,4.0,3.89,Pass
3331,1410365,HK142_LA1005_L05,LA1005,-16,False,7.5,8.7,8.7,,,8.5,A,4.0,True,3.65,3.65,Pass
3332,1487053,HK142_LA1005_L05,LA1005,-16,False,5.3,8.1,6.2,,,6.6,C+,2.5,True,3.03,3.02,Pass
3333,1407909,HK142_LA1005_L05,LA1005,-16,False,5.7,4.6,5.7,,,5.4,D+,1.5,True,2.12,2.02,Pass
3334,1420334,HK142_LA1005_L05,LA1005,-16,False,6.0,6.3,5.4,,,5.8,C,2.0,True,2.12,1.95,Pass
3335,1469720,HK142_LA1005_L05,LA1005,-16,False,6.9,7.9,7.5,,,7.5,B,3.0,True,3.82,3.85,Pass
3336,1489352,HK142_LA1005_L05,LA1005,-16,False,6.1,6.5,7.4,,,6.9,C+,2.5,True,2.97,3.03,Pass
3337,1446561,HK142_LA1005_L05,LA1005,-16,False,7.4,6.2,6.9,,,6.8,C+,2.5,True,3.21,3.36,Pass
3338,1486131,HK142_LA1005_L05,LA1005,-16,False,7.7,5.5,6.1,,,6.2,C,2.0,True,2.26,2.11,Pass
3339,1404382,HK142_LA1005_L05,LA1005,-16,False,7.3,6.6,5.1,,,6.0,C,2.0,True,2.09,2.24,Pass
3340,1499015,HK142_LA1005_L05,LA1005,-16,False,5.2,6.6,5.5,,,5.8,C,2.0,True,2.09,2.18,Pass
3341,1482145,HK142_LA1005_L05,LA1005,-16,False,6.2,6.5,5.6,,,6.0,C,2.0,True,2.56,2.44,Pass
3342,1494107,HK142_LA1005_L05,LA1005,-16,False,6.3,6.4,7.3,,,6.8,C+,2.5,True,2.91,2.95,Pass
3343,1400702,HK142_LA1005_L05,LA1005,-16,False,8.1,7.3,8.9,,,8.3,B+,3.5,True,3.18,3.12,Pass
3344,1454384,HK142_LA1005_L05,LA1005,-16,False,6.2,5.6,6.1,,,6.0,C,2.0,True,2.12,2.17,Pass
3345,1418494,HK142_LA1005_L05,LA1005,-16,False,6.2,5.2,4.6,,,5.1,D+,1.5,True,2.35,2.38,Pass
3346,1464353,HK142_LA1005_L05,LA1005,-16,False,8.2,7.5,6.8,,,7.3,B,3.0,True,3.29,3.32,Pass
3347,1481529,HK142_LA1005_L05,LA1005,-16,False,5.4,5.7,6.7,,,6.1,C,2.0,True,2.62,2.65,Pass
3348,1400396,HK142_LA1005_L05,LA1005,-16,False,5.6,5.3,5.6,,,5.5,C,2.0,True,2.06,2.14,Pass
3349,1469567,HK142_LA1005_L05,LA1005,-16,False,8.7,7.1,9.0,,,8.4,B+,3.5,True,3.56,3.44,Pass
3350,1402542,HK142_LA1005_L05,LA1005,-16,False,8.4,7.1,7.9,,,7.8,B,3.0,True,3.35,3.33,Pass
3351,1474628,HK142_LA1005_L05,LA1005,-16,False,6.4,6.5,7.3,,,6.9,C+,2.5,True,3.03,3.15,Pass
3352,1487359,HK142_LA1005_L05,LA1005,-16,False,7.2,6.8,8.7,,,7.8,B,3.0,True,3.26,3.2,Pass
3353,1471254,HK142_LA1005_L05,LA1005,-16,False,5.6,4.6,5.7,,,5.3,D+,1.5,True,1.41,1.55,Pass
3354,1426007,HK142_LA1005_L05,LA1005,-16,False,6.4,5.8,8.0,,,7.0,B,3.0,True,3.18,3.26,Pass
3355,1444874,HK142_LA1005_L05,LA1005,-16,False,6.5,6.4,6.2,,,6.3,C,2.0,True,1.97,2.0,Pass
3356,1448401,HK142_LA1005_L05,LA1005,-16,False,6.5,6.5,5.6,,,6.0,C,2.0,True,2.32,2.14,Pass
3357,1414967,HK142_LA1005_L05,LA1005,-16,False,7.4,8.2,6.9,,,7.4,B,3.0,True,3.32,3.23,Pass
3358,1438279,HK142_LA1005_L05,LA1005,-16,False,6.2,6.8,5.5,,,6.0,C,2.0,True,2.5,2.52,Pass
3359,1456836,HK142_LA1005_L05,LA1005,-16,False,9.2,9.0,8.5,,,8.8,A,4.0,True,4.0,4.0,Pass
3360,1428922,HK142_LA1005_L05,LA1005,-16,False,5.9,5.3,7.2,,,6.4,C+,2.5,True,2.15,2.32,Pass
3361,1450547,HK142_LA1005_L05,LA1005,-16,False,8.0,9.0,8.1,,,8.3,B+,3.5,True,3.94,3.92,Pass
3362,1495335,HK142_LA1005_L05,LA1005,-16,False,6.5,5.6,5.6,,,5.8,C,2.0,True,2.0,2.17,Pass
3363,1440272,HK142_LA1005_L05,LA1005,-16,False,9.3,9.4,8.1,,,8.7,A,4.0,True,4.0,3.95,Pass
3364,1492114,HK142_LA1005_L05,LA1005,-16,False,8.4,7.3,9.0,,,8.4,B+,3.5,True,3.32,3.41,Pass
3365,1453768,HK142_LA1005_L05,LA1005,-16,False,6.2,6.5,5.4,,,5.9,C,2.0,True,2.85,2.58,Pass
3366,1400855,HK142_LA1005_L05,LA1005,-16,False,6.1,4.5,6.1,,,5.6,C,2.0,True,2.35,2.52,Pass
3367,1432449,HK142_LA1005_L05,LA1005,-16,False,6.9,6.5,6.5,,,6.6,C+,2.5,True,2.09,1.98,Pass
3368,1451163,HK142_LA1005_L05,LA1005,-16,False,5.5,6.4,5.5,,,5.8,C,2.0,True,2.32,2.42,Pass
3369,1417113,HK142_LA1005_L05,LA1005,-16,False,8.7,7.5,7.3,,,7.6,B,3.0,True,3.29,3.15,Pass
3370,1488740,HK142_LA1005_L05,LA1005,-16,False,6.3,6.8,6.9,,,6.8,C+,2.5,True,2.18,2.24,Pass
3371,1465424,HK142_LA1005_L05,LA1005,-16,False,6.6,4.3,5.2,,,5.2,D+,1.5,True,2.26,2.45,Pass
3372,1438891,HK142_LA1005_L05,LA1005,-16,False,7.1,5.8,5.6,,,6.0,C,2.0,True,2.44,2.41,Pass
3373,1431531,HK142_LA1005_L05,LA1005,-16,False,5.6,4.1,4.0,,,4.3,D,1.0,True,1.82,1.92,Pass
3374,1481682,HK142_LA1005_L05,LA1005,-16,False,7.1,7.0,5.9,,,6.5,C+,2.5,True,2.68,2.64,Pass
3375,1478155,HK142_LA1005_L05,LA1005,-16,False,7.2,8.6,9.8,,,8.9,A,4.0,True,3.85,3.8,Pass
3376,1431837,HK142_LA1005_L05,LA1005,-16,False,6.1,6.2,4.0,,,5.1,D+,1.5,True,2.21,2.26,Pass
3377,1446408,HK142_LA1005_L05,LA1005,-16,False,8.1,8.7,8.8,,,8.6,A,4.0,True,3.73,3.78,Pass
3378,1479077,HK142_LA1005_L05,LA1005,-16,False,9.1,9.9,8.7,,,9.1,A,4.0,True,4.0,3.97,Pass
3379,1449013,HK142_LA1005_L05,LA1005,-16,False,6.6,5.6,6.7,,,6.3,C,2.0,True,2.62,2.71,Pass
3380,1456683,HK142_LA1005_L05,LA1005,-16,False,7.9,8.3,6.5,,,7.3,B,3.0,True,3.12,3.2,Pass
3381,1473094,HK142_LA1005_L05,LA1005,-16,False,7.0,6.3,6.9,,,6.7,C+,2.5,True,3.09,3.17,Pass
3382,1448554,HK142_LA1005_L05,LA1005,-16,False,9.4,8.3,9.6,,,9.2,A,4.0,True,3.92,3.82,Pass
3383,1458370,HK142_LA1005_L05,LA1005,-16,False,5.4,6.6,5.8,,,6.0,C,2.0,True,2.65,2.64,Pass
3384,1470026,HK142_LA1005_L05,LA1005,-16,False,6.0,5.2,6.0,,,5.8,C,2.0,True,1.91,2.14,Pass
3385,1463584,HK142_LA1005_L05,LA1005,-16,False,6.3,4.5,5.1,,,5.2,D+,1.5,True,1.41,1.53,Pass
3386,1475856,HK142_LA1005_L05,LA1005,-16,False,4.7,5.3,5.8,,,5.4,D+,1.5,True,1.85,2.02,Pass
3387,1450394,HK142_LA1005_L05,LA1005,-16,False,5.5,6.5,5.3,,,5.7,C,2.0,True,2.06,2.02,Pass
3388,1401008,HK142_LA1005_L05,LA1005,-16,False,10.0,7.9,8.7,,,8.7,A,4.0,True,3.97,3.98,Pass
3389,1415732,HK142_LA1005_L05,LA1005,-16,False,8.1,8.5,7.4,,,7.9,B,3.0,True,3.32,3.36,Pass
3390,1480148,HK142_LA1005_L05,LA1005,-16,False,5.7,6.8,6.5,,,6.4,C+,2.5,True,3.24,3.06,Pass
3391,1475087,HK142_LA1005_L05,LA1005,-16,False,9.9,8.4,7.8,,,8.4,B+,3.5,True,3.94,3.97,Pass
3392,1414351,HK142_LA1005_L05,LA1005,-16,False,6.9,7.0,6.0,,,6.5,C+,2.5,True,3.47,3.41,Pass
3393,1453309,HK142_LA1005_L05,LA1005,-16,False,8.6,7.5,7.9,,,7.9,B,3.0,True,3.29,3.23,Pass
3394,1464353,HK142_PE1005_L01,PE1005,-16,False,8.1,6.7,8.3,,,7.9,B,3.0,True,3.29,3.32,Pass
3395,1435517,HK142_PE1005_L01,PE1005,-16,False,7.6,8.3,9.0,,,8.6,A,4.0,True,3.32,3.21,Pass
3396,1489505,HK142_PE1005_L01,PE1005,-16,False,7.9,8.8,4.2,,,5.9,C,2.0,True,3.53,3.47,Pass
3397,1495335,HK142_PE1005_L01,PE1005,-16,False,6.6,5.8,7.6,,,7.0,B,3.0,True,2.0,2.17,Pass
3398,1445333,HK142_PE1005_L01,PE1005,-16,False,6.1,4.9,5.8,,,5.7,C,2.0,True,2.15,2.41,Pass
3399,1428922,HK142_PE1005_L01,PE1005,-16,False,6.8,6.9,6.2,,,6.5,C+,2.5,True,2.15,2.32,Pass
3400,1479689,HK142_PE1005_L01,PE1005,-16,False,6.7,8.5,9.3,,,8.6,A,4.0,True,3.41,3.67,Pass
3401,1418341,HK142_PE1005_L01,PE1005,-16,False,8.8,9.8,9.6,,,9.5,A+,4.0,True,3.79,3.74,Pass
3402,1467727,HK142_PE1005_L01,PE1005,-16,False,6.2,8.3,8.8,,,8.2,B+,3.5,True,2.03,2.2,Pass
3403,1406991,HK142_PE1005_L01,PE1005,-16,False,6.7,6.1,5.8,,,6.0,C,2.0,True,2.56,2.3,Pass
3404,1415885,HK142_PE1005_L01,PE1005,-16,False,9.0,10.0,8.9,,,9.1,A,4.0,True,3.82,3.91,Pass
3405,1463278,HK142_PE1005_L01,PE1005,-16,False,7.5,5.5,3.3,,,4.6,D,1.0,True,1.71,1.74,Pass
3406,1441194,HK142_PE1005_L01,PE1005,-16,False,7.4,8.0,8.2,,,8.0,B+,3.5,True,3.09,3.2,Pass
3407,1412664,HK142_PE1005_L01,PE1005,-16,False,6.8,7.4,5.8,,,6.3,C,2.0,True,2.06,2.03,Pass
3408,1486284,HK142_PE1005_L01,PE1005,-16,False,8.3,7.9,7.0,,,7.4,B,3.0,True,3.68,3.67,Pass
3409,1471101,HK142_PE1005_L01,PE1005,-16,False,8.6,8.4,9.4,,,9.0,A,4.0,True,3.73,3.79,Pass
3410,1477849,HK142_PE1005_L01,PE1005,-16,False,7.3,5.8,5.7,,,6.0,C,2.0,True,2.5,2.42,Pass
3411,1497787,HK142_PE1005_L01,PE1005,-16,False,8.8,8.7,10.0,,,9.5,A+,4.0,True,3.88,3.93,Pass
3412,1481223,HK142_PE1005_L01,PE1005,-16,False,5.2,6.5,5.5,,,5.6,C,2.0,True,2.09,2.11,Pass
3413,1431378,HK142_PE1005_L01,PE1005,-16,False,6.9,6.0,6.0,,,6.2,C,2.0,True,2.06,2.06,Pass
3414,1418953,HK142_PE1005_L01,PE1005,-16,False,5.7,7.0,6.3,,,6.3,C,2.0,True,2.12,2.3,Pass
3415,1450547,HK142_PE1005_L01,PE1005,-16,False,8.6,8.6,8.1,,,8.3,B+,3.5,True,3.94,3.92,Pass
3416,1442881,HK142_PE1005_L01,PE1005,-16,False,4.7,6.6,5.4,,,5.5,C,2.0,True,2.32,2.29,Pass
3417,1431531,HK142_PE1005_L01,PE1005,-16,False,5.8,6.5,6.4,,,6.3,C,2.0,True,1.82,1.92,Pass
3418,1472635,HK142_PE1005_L01,PE1005,-16,False,7.1,7.2,7.2,,,7.2,B,3.0,True,3.21,3.11,Pass
3419,1416191,HK142_PE1005_L01,PE1005,-16,False,9.2,9.0,9.7,,,9.5,A+,4.0,True,3.92,3.93,Pass
3420,1460363,HK142_PE1005_L01,PE1005,-16,False,6.8,5.3,6.2,,,6.1,C,2.0,True,2.62,2.56,Pass
3421,1452697,HK142_PE1005_L01,PE1005,-16,False,9.6,7.9,8.4,,,8.5,A,4.0,True,2.88,3.0,Pass
3422,1414967,HK142_PE1005_L01,PE1005,-16,False,7.8,8.9,7.7,,,8.0,B+,3.5,True,3.32,3.23,Pass
3423,1489352,HK142_PE1005_L01,PE1005,-16,False,7.9,8.1,7.2,,,7.5,B,3.0,True,2.97,3.03,Pass
3424,1401161,HK142_PE1005_L01,PE1005,-16,False,8.2,8.0,4.8,,,6.1,C,2.0,True,2.88,2.91,Pass
3425,1458217,HK142_PE1005_L01,PE1005,-16,False,7.0,7.2,6.2,,,6.6,C+,2.5,True,2.32,2.33,Pass
3426,1489811,HK142_PE1005_L01,PE1005,-16,False,9.4,7.6,9.2,,,8.9,A,4.0,True,3.91,3.7,Pass
3427,1419106,HK142_PE1005_L01,PE1005,-16,False,5.9,7.1,7.3,,,7.0,B,3.0,True,2.06,2.12,Pass
3428,1494719,HK142_PE1005_L01,PE1005,-16,False,4.4,4.6,6.3,,,5.6,C,2.0,True,1.38,1.52,Pass
3429,1421715,HK142_PE1005_L01,PE1005,-16,False,6.9,7.8,6.9,,,7.1,B,3.0,True,2.91,2.97,Pass
3430,1408678,HK142_PE1005_L01,PE1005,-16,False,6.9,6.4,6.3,,,6.4,C+,2.5,True,2.21,2.35,Pass
3431,1428157,HK142_PE1005_L01,PE1005,-16,False,6.0,4.9,5.8,,,5.7,C,2.0,True,1.62,1.77,Pass
3432,1478002,HK142_PE1005_L01,PE1005,-16,False,6.8,6.2,4.5,,,5.3,D+,1.5,True,2.47,2.53,Pass
3433,1461591,HK142_PE1005_L01,PE1005,-16,False,8.4,6.7,6.1,,,6.7,C+,2.5,True,2.29,2.45,Pass
3434,1469720,HK142_PE1005_L01,PE1005,-16,False,8.3,9.0,8.7,,,8.7,A,4.0,True,3.82,3.85,Pass
3435,1484903,HK142_PE1005_L01,PE1005,-16,False,4.4,5.0,7.3,,,6.3,C,2.0,True,1.44,1.55,Pass
3436,1451928,HK142_PE1005_L01,PE1005,-16,False,6.8,6.2,6.7,,,6.6,C+,2.5,True,1.5,1.56,Pass
3437,1465118,HK142_PE1005_L01,PE1005,-16,False,9.3,10.0,9.4,,,9.5,A+,4.0,True,4.0,4.0,Pass
3438,1439813,HK142_PE1005_L01,PE1005,-16,False,9.1,7.6,7.0,,,7.5,B,3.0,True,3.24,3.18,Pass
3439,1490733,HK142_PE1005_L01,PE1005,-16,False,6.2,6.7,7.6,,,7.1,B,3.0,True,2.24,2.06,Pass
3440,1453768,HK142_PE1005_L01,PE1005,-16,False,6.9,6.1,6.2,,,6.3,C,2.0,True,2.85,2.58,Pass
3441,1441500,HK142_PE1005_L01,PE1005,-16,False,5.4,5.7,6.5,,,6.1,C,2.0,True,1.32,1.53,Pass
3442,1459904,HK142_PE1005_L01,PE1005,-16,False,8.1,7.5,7.5,,,7.6,B,3.0,True,2.68,2.7,Pass
3443,1493801,HK142_PE1005_L01,PE1005,-16,False,7.1,8.1,7.9,,,7.8,B,3.0,True,3.24,3.24,Pass
3444,1451622,HK142_PE1005_L01,PE1005,-16,False,8.0,9.2,7.2,,,7.8,B,3.0,True,3.12,2.98,Pass
3445,1437973,HK142_PE1005_L01,PE1005,-16,False,7.9,8.5,10.0,,,9.3,A,4.0,True,3.94,3.97,Pass
3446,1428616,HK142_PE1005_L01,PE1005,-16,False,7.2,6.4,4.9,,,5.7,C,2.0,True,2.09,2.21,Pass
3447,1485825,HK142_PE1005_L01,PE1005,-16,False,7.8,5.6,6.8,,,6.8,C+,2.5,True,2.32,2.17,Pass
3448,1432143,HK142_PE1005_L01,PE1005,-16,False,8.5,6.5,7.6,,,7.6,B,3.0,True,2.97,3.03,Pass
3449,1493954,HK142_PE1005_L01,PE1005,-16,False,5.6,5.2,4.7,,,5.0,D+,1.5,True,1.5,1.42,Pass
3450,1440578,HK142_PE1005_L01,PE1005,-16,False,7.4,7.1,6.0,,,6.5,C+,2.5,True,2.26,2.44,Pass
3451,1432449,HK142_PE1005_L01,PE1005,-16,False,7.0,5.7,7.0,,,6.7,C+,2.5,True,2.09,1.98,Pass
3452,1496559,HK142_PE1005_L01,PE1005,-16,False,6.3,7.9,6.0,,,6.4,C+,2.5,True,2.41,2.32,Pass
3453,1451469,HK142_PE1005_L01,PE1005,-16,False,9.1,10.0,9.5,,,9.5,A+,4.0,True,4.0,3.97,Pass
3454,1462513,HK142_PE1005_L01,PE1005,-16,False,7.5,7.8,8.7,,,8.3,B+,3.5,True,2.97,2.91,Pass
3455,1425089,HK142_PE1005_L01,PE1005,-16,False,8.1,7.6,8.2,,,8.1,B+,3.5,True,3.29,3.26,Pass
3456,1403464,HK142_PE1005_L01,PE1005,-16,False,6.9,6.2,6.2,,,6.3,C,2.0,True,2.26,2.41,Pass
3457,1472941,HK142_PE1005_L01,PE1005,-16,False,7.2,7.0,6.5,,,6.7,C+,2.5,True,2.21,2.17,Pass
3458,1433371,HK142_PE1005_L01,PE1005,-16,False,6.8,5.7,5.7,,,5.9,C,2.0,True,2.06,1.94,Pass
3459,1436439,HK142_PE1005_L01,PE1005,-16,False,6.5,7.2,6.3,,,6.5,C+,2.5,True,2.91,2.76,Pass
3460,1456530,HK142_PE1005_L01,PE1005,-16,False,7.0,6.5,8.5,,,7.8,B,3.0,True,3.24,3.18,Pass
3461,1433065,HK142_PE1005_L01,PE1005,-16,False,4.1,2.7,4.5,,,4.1,D,1.0,True,0.8,1.06,Pass
3462,1438126,HK142_PE1005_L01,PE1005,-16,False,5.0,5.4,7.6,,,6.6,C+,2.5,True,2.0,2.2,Pass
3463,1467421,HK142_PE1005_L01,PE1005,-16,False,7.6,6.0,6.9,,,6.9,C+,2.5,True,2.62,2.53,Pass
3464,1474016,HK142_PE1005_L01,PE1005,-16,False,6.1,4.8,4.7,,,5.0,D+,1.5,True,2.21,1.94,Pass
3465,1402389,HK142_PE1005_L01,PE1005,-16,False,7.0,7.4,6.3,,,6.7,C+,2.5,True,2.59,2.47,Pass
3466,1493185,HK142_PE1005_L01,PE1005,-16,False,7.1,5.0,6.2,,,6.1,C,2.0,True,1.09,1.07,Pass
3467,1482451,HK142_PE1005_L01,PE1005,-16,False,3.4,4.8,4.4,,,4.3,D,1.0,True,0.19,1.0,Pass
3468,1417266,HK142_PE1005_L01,PE1005,-16,False,5.9,4.5,6.5,,,6.0,C,2.0,True,2.53,2.32,Pass
3469,1463431,HK142_PE1005_L01,PE1005,-16,False,6.1,7.4,7.8,,,7.4,B,3.0,True,2.29,2.42,Pass
3470,1410824,HK142_PE1005_L01,PE1005,-16,False,9.0,9.2,9.1,,,9.1,A,4.0,True,3.88,3.94,Pass
3471,1420181,HK142_PE1005_L01,PE1005,-16,False,7.4,6.0,6.4,,,6.5,C+,2.5,True,2.65,2.56,Pass
3472,1460826,HK142_PE1005_L01,PE1005,-16,False,7.4,6.7,6.2,,,6.5,C+,2.5,True,2.68,2.71,Pass
3473,1476009,HK142_PE1005_L01,PE1005,-16,False,7.1,8.2,8.2,,,8.0,B+,3.5,True,3.15,3.23,Pass
3474,1486437,HK142_PE1005_L01,PE1005,-16,False,6.8,6.4,8.0,,,7.4,B,3.0,True,2.09,2.23,Pass
3475,1416038,HK142_PE1005_L01,PE1005,-16,False,6.3,5.8,6.4,,,6.3,C,2.0,True,2.97,2.62,Pass
3476,1477543,HK142_PE1005_L01,PE1005,-16,False,5.8,6.0,5.6,,,5.7,C,2.0,True,1.74,1.73,Pass
3477,1431837,HK142_PE1005_L01,PE1005,-16,False,6.9,6.5,6.9,,,6.8,C+,2.5,True,2.21,2.26,Pass
3478,1431990,HK142_PE1005_L01,PE1005,-16,False,7.0,7.1,8.7,,,8.0,B+,3.5,True,2.82,2.82,Pass
3479,1479383,HK142_PE1005_L01,PE1005,-16,False,7.6,7.5,8.1,,,7.9,B,3.0,True,3.18,3.15,Pass
3480,1450241,HK142_PE1005_L01,PE1005,-16,False,5.0,6.0,5.6,,,5.6,C,2.0,True,1.41,1.48,Pass
3481,1427541,HK142_PE1005_L01,PE1005,-16,False,7.4,8.1,7.6,,,7.7,B,3.0,True,3.24,3.09,Pass
3482,1487206,HK142_PE1005_L01,PE1005,-16,False,7.5,7.0,6.5,,,6.8,C+,2.5,True,3.41,3.23,Pass
3483,1458370,HK142_PE1005_L01,PE1005,-16,False,7.6,7.7,8.5,,,8.2,B+,3.5,True,2.65,2.64,Pass
3484,1420793,HK142_PE1005_L01,PE1005,-16,False,7.6,9.2,7.4,,,7.8,B,3.0,True,3.29,3.12,Pass
3485,1492726,HK142_PE1005_L01,PE1005,-16,False,8.6,7.9,6.9,,,7.4,B,3.0,True,3.18,2.85,Pass
3486,1495794,HK142_PE1005_L01,PE1005,-16,False,7.5,7.3,8.3,,,7.9,B,3.0,True,3.38,3.26,Pass
3487,1448095,HK142_PE1005_L01,PE1005,-16,False,7.8,7.5,8.0,,,7.9,B,3.0,True,3.09,3.05,Pass
3488,1471713,HK142_PE1005_L01,PE1005,-16,False,6.3,5.5,5.3,,,5.5,C,2.0,True,1.82,1.68,Pass
3489,1474781,HK142_PE1005_L01,PE1005,-16,False,8.3,8.1,9.0,,,8.7,A,4.0,True,3.24,3.3,Pass
3490,1470332,HK142_PE1005_L01,PE1005,-16,False,7.2,7.2,6.7,,,6.9,C+,2.5,True,2.35,2.5,Pass
3491,1410671,HK142_PE1005_L01,PE1005,-16,False,8.0,8.7,8.0,,,8.1,B+,3.5,True,3.26,3.24,Pass
3492,1452234,HK142_PE1005_L01,PE1005,-16,False,8.8,10.0,8.4,,,8.8,A,4.0,True,3.95,3.97,Pass
3493,1438585,HK142_PE1005_L01,PE1005,-16,False,7.4,6.7,5.9,,,6.4,C+,2.5,True,2.76,2.7,Pass
3494,1470179,HK142_PE1005_L01,PE1005,-16,False,7.2,7.7,7.0,,,7.2,B,3.0,True,3.38,3.44,Pass
3495,1468645,HK142_PE1005_L01,PE1005,-16,False,5.6,5.1,7.3,,,6.5,C+,2.5,True,2.41,2.44,Pass
3496,1474322,HK142_PE1005_L01,PE1005,-16,False,8.0,7.2,7.5,,,7.5,B,3.0,True,3.09,3.09,Pass
3497,1487512,HK142_PE1005_L01,PE1005,-16,False,8.1,6.7,6.6,,,6.9,C+,2.5,True,2.5,2.64,Pass
3498,1414504,HK142_PE1005_L01,PE1005,-16,False,7.7,8.8,9.3,,,8.9,A,4.0,True,4.0,4.0,Pass
3499,1435823,HK142_PE1005_L01,PE1005,-16,False,7.5,6.9,7.3,,,7.3,B,3.0,True,2.18,2.36,Pass
3500,1453309,HK142_PE1005_L02,PE1005,-16,False,7.3,7.9,8.0,,,7.8,B,3.0,True,3.29,3.23,Pass
3501,1420946,HK142_PE1005_L02,PE1005,-16,False,5.8,5.5,8.1,,,7.1,B,3.0,True,2.29,2.32,Pass
3502,1459445,HK142_PE1005_L02,PE1005,-16,False,6.5,5.0,7.2,,,6.6,C+,2.5,True,2.18,2.17,Pass
3503,1481070,HK142_PE1005_L02,PE1005,-16,False,6.0,6.5,6.6,,,6.5,C+,2.5,True,2.29,2.38,Pass
3504,1402542,HK142_PE1005_L02,PE1005,-16,False,8.9,9.2,7.7,,,8.2,B+,3.5,True,3.35,3.33,Pass
3505,1404229,HK142_PE1005_L02,PE1005,-16,False,5.2,3.3,3.7,,,3.9,F,0.0,False,0.45,1.0,Fail
3506,1426623,HK142_PE1005_L02,PE1005,-16,False,8.7,6.6,7.4,,,7.5,B,3.0,True,2.56,2.58,Pass
3507,1423402,HK142_PE1005_L02,PE1005,-16,False,4.8,6.7,6.0,,,5.9,C,2.0,True,1.44,1.41,Pass
3508,1459751,HK142_PE1005_L02,PE1005,-16,False,6.0,7.8,6.1,,,6.4,C+,2.5,True,2.21,2.33,Pass
3509,1407297,HK142_PE1005_L02,PE1005,-16,False,6.1,6.1,6.4,,,6.3,C,2.0,True,2.21,2.38,Pass
3510,1425548,HK142_PE1005_L02,PE1005,-16,False,9.3,9.3,7.3,,,8.1,B+,3.5,True,3.15,3.17,Pass
3511,1497634,HK142_PE1005_L02,PE1005,-16,False,9.2,8.5,7.4,,,8.0,B+,3.5,True,3.68,3.71,Pass
3512,1401314,HK142_PE1005_L02,PE1005,-16,False,8.5,10.0,8.3,,,8.7,A,4.0,True,3.91,3.95,Pass
3513,1483063,HK142_PE1005_L02,PE1005,-16,False,7.2,8.5,7.5,,,7.6,B,3.0,True,3.18,3.15,Pass
3514,1440119,HK142_PE1005_L02,PE1005,-16,False,8.6,8.0,7.5,,,7.8,B,3.0,True,3.35,3.36,Pass
3515,1424783,HK142_PE1005_L02,PE1005,-16,False,8.9,8.5,8.2,,,8.4,B+,3.5,True,2.97,3.03,Pass
3516,1480917,HK142_PE1005_L02,PE1005,-16,False,6.9,6.5,6.1,,,6.3,C,2.0,True,2.71,2.68,Pass
3517,1494413,HK142_PE1005_L02,PE1005,-16,False,7.4,6.6,5.2,,,5.9,C,2.0,True,3.21,3.21,Pass
3518,1402083,HK142_PE1005_L02,PE1005,-16,False,6.7,5.4,9.0,,,7.8,B,3.0,True,2.41,2.44,Pass
3519,1476315,HK142_PE1005_L02,PE1005,-16,False,8.2,8.3,10.0,,,9.3,A,4.0,True,4.0,3.96,Pass
3520,1464812,HK142_PE1005_L02,PE1005,-16,False,5.9,5.0,4.6,,,4.9,D,1.0,True,1.56,1.56,Pass
3521,1458676,HK142_PE1005_L02,PE1005,-16,False,6.3,6.9,6.9,,,6.8,C+,2.5,True,2.68,2.58,Pass
3522,1484444,HK142_PE1005_L02,PE1005,-16,False,8.6,7.9,7.3,,,7.7,B,3.0,True,3.32,3.33,Pass
3523,1407756,HK142_PE1005_L02,PE1005,-16,False,7.8,7.5,7.5,,,7.6,B,3.0,True,3.09,3.0,Pass
3524,1480148,HK142_PE1005_L02,PE1005,-16,False,8.6,8.0,6.9,,,7.5,B,3.0,True,3.24,3.06,Pass
3525,1473247,HK142_PE1005_L02,PE1005,-16,False,6.3,6.3,5.3,,,5.7,C,2.0,True,2.47,2.44,Pass
3526,1474169,HK142_PE1005_L02,PE1005,-16,False,6.9,7.7,5.9,,,6.5,C+,2.5,True,3.35,3.15,Pass
3527,1433677,HK142_PE1005_L02,PE1005,-16,False,9.6,9.8,9.7,,,9.7,A+,4.0,True,4.0,4.0,Pass
3528,1447020,HK142_PE1005_L02,PE1005,-16,False,7.5,7.5,7.3,,,7.4,B,3.0,True,3.06,3.12,Pass
3529,1448248,HK142_PE1005_L02,PE1005,-16,False,6.6,6.9,6.2,,,6.4,C+,2.5,True,2.53,2.5,Pass
3530,1459292,HK142_PE1005_L02,PE1005,-16,False,4.7,6.6,5.1,,,5.3,D+,1.5,True,1.68,1.73,Pass
3531,1489658,HK142_PE1005_L02,PE1005,-16,False,8.8,8.4,8.2,,,8.4,B+,3.5,True,3.68,3.59,Pass
3532,1497175,HK142_PE1005_L02,PE1005,-16,False,6.7,5.5,6.3,,,6.2,C,2.0,True,2.21,2.33,Pass
3533,1430150,HK142_PE1005_L02,PE1005,-16,False,6.2,6.9,5.9,,,6.2,C,2.0,True,2.03,2.14,Pass
3534,1485519,HK142_PE1005_L02,PE1005,-16,False,5.6,4.6,6.0,,,5.6,C,2.0,True,0.94,1.3,Pass
3535,1476621,HK142_PE1005_L02,PE1005,-16,False,6.6,7.0,7.9,,,7.5,B,3.0,True,1.91,1.91,Pass
3536,1498556,HK142_PE1005_L02,PE1005,-16,False,5.2,6.2,7.9,,,7.0,B,3.0,True,1.94,2.09,Pass
3537,1422480,HK142_PE1005_L02,PE1005,-16,False,7.9,7.8,8.7,,,8.4,B+,3.5,True,3.88,3.85,Pass
3538,1416807,HK142_PE1005_L02,PE1005,-16,False,5.4,5.0,6.6,,,6.0,C,2.0,True,1.76,1.88,Pass
3539,1465424,HK142_PE1005_L02,PE1005,-16,False,6.2,6.3,6.7,,,6.5,C+,2.5,True,2.26,2.45,Pass
3540,1491651,HK142_PE1005_L02,PE1005,-16,False,6.7,6.1,6.8,,,6.6,C+,2.5,True,2.74,2.52,Pass
3541,1404382,HK142_PE1005_L02,PE1005,-16,False,5.2,6.2,5.2,,,5.4,D+,1.5,True,2.09,2.24,Pass
3542,1464200,HK142_PE1005_L02,PE1005,-16,False,5.3,4.2,5.9,,,5.4,D+,1.5,True,1.21,1.26,Pass
3543,1474475,HK142_PE1005_L02,PE1005,-16,False,7.7,7.2,6.7,,,7.0,B,3.0,True,2.88,2.98,Pass
3544,1494260,HK142_PE1005_L02,PE1005,-16,False,5.6,5.3,4.9,,,5.1,D+,1.5,True,1.68,1.64,Pass
3545,1410365,HK142_PE1005_L02,PE1005,-16,False,9.3,9.1,9.6,,,9.4,A,4.0,True,3.65,3.65,Pass
3546,1403617,HK142_PE1005_L02,PE1005,-16,False,8.2,8.7,9.4,,,9.0,A,4.0,True,3.47,3.56,Pass
3547,1409596,HK142_PE1005_L02,PE1005,-16,False,5.9,5.6,6.6,,,6.3,C,2.0,True,2.5,2.45,Pass
3548,1485978,HK142_PE1005_L02,PE1005,-16,False,7.1,7.2,6.7,,,6.9,C+,2.5,True,3.38,3.27,Pass
3549,1459598,HK142_PE1005_L02,PE1005,-16,False,6.6,5.9,5.4,,,5.7,C,2.0,True,1.71,1.67,Pass
3550,1479842,HK142_PE1005_L02,PE1005,-16,False,7.8,7.3,7.7,,,7.6,B,3.0,True,3.12,3.09,Pass
3551,1458829,HK142_PE1005_L02,PE1005,-16,False,6.6,7.0,7.4,,,7.2,B,3.0,True,2.47,2.39,Pass
3552,1427694,HK142_PE1005_L02,PE1005,-16,False,5.0,5.5,7.3,,,6.5,C+,2.5,True,1.41,1.32,Pass
3553,1489046,HK142_PE1005_L02,PE1005,-16,False,5.8,6.5,6.3,,,6.2,C,2.0,True,2.09,2.21,Pass
3554,1422174,HK142_PE1005_L02,PE1005,-16,False,7.3,8.2,6.4,,,6.9,C+,2.5,True,2.88,2.88,Pass
3555,1463737,HK142_PE1005_L02,PE1005,-16,False,9.4,6.9,8.5,,,8.4,B+,3.5,True,3.65,3.44,Pass
3556,1402695,HK142_PE1005_L02,PE1005,-16,False,10.0,7.3,8.6,,,8.6,A,4.0,True,3.82,3.62,Pass
3557,1405151,HK142_PE1005_L02,PE1005,-16,False,7.4,7.3,7.8,,,7.6,B,3.0,True,3.12,3.06,Pass
3558,1423861,HK142_PE1005_L02,PE1005,-16,False,3.3,4.8,4.5,,,4.3,D,1.0,True,0.5,1.0,Pass
3559,1476468,HK142_PE1005_L02,PE1005,-16,False,9.2,9.1,8.3,,,8.6,A,4.0,True,4.0,4.0,Pass
3560,1471560,HK142_PE1005_L02,PE1005,-16,False,4.4,6.5,5.5,,,5.5,C,2.0,True,2.38,2.36,Pass
3561,1407450,HK142_PE1005_L02,PE1005,-16,False,7.6,7.3,7.7,,,7.6,B,3.0,True,3.06,3.06,Pass
3562,1418800,HK142_PE1005_L02,PE1005,-16,False,7.8,10.0,8.2,,,8.5,A,4.0,True,3.0,3.18,Pass
3563,1473400,HK142_PE1005_L02,PE1005,-16,False,7.3,6.6,8.1,,,7.6,B,3.0,True,2.71,2.88,Pass
3564,1429844,HK142_PE1005_L02,PE1005,-16,False,6.5,7.1,7.5,,,7.2,B,3.0,True,2.24,2.26,Pass
3565,1448401,HK142_PE1005_L02,PE1005,-16,False,7.5,6.8,6.0,,,6.5,C+,2.5,True,2.32,2.14,Pass
3566,1414351,HK142_PE1005_L02,PE1005,-16,False,7.9,8.3,9.0,,,8.6,A,4.0,True,3.47,3.41,Pass
3567,1413892,HK142_PE1005_L02,PE1005,-16,False,7.7,8.3,9.5,,,8.9,A,4.0,True,3.35,3.47,Pass
3568,1469567,HK142_PE1005_L02,PE1005,-16,False,9.2,8.0,8.0,,,8.2,B+,3.5,True,3.56,3.44,Pass
3569,1491345,HK142_PE1005_L02,PE1005,-16,False,7.5,9.1,7.5,,,7.8,B,3.0,True,3.06,3.11,Pass
3570,1415426,HK142_PE1005_L02,PE1005,-16,False,4.2,5.6,6.1,,,5.6,C,2.0,True,1.26,1.47,Pass
3571,1460057,HK142_PE1005_L02,PE1005,-16,False,7.7,9.7,8.9,,,8.8,A,4.0,True,3.5,3.47,Pass
3572,1412358,HK142_PE1005_L02,PE1005,-16,False,6.2,6.2,6.5,,,6.4,C+,2.5,True,2.44,2.33,Pass
3573,1477237,HK142_PE1005_L02,PE1005,-16,False,6.2,4.6,6.0,,,5.8,C,2.0,True,1.56,1.62,Pass
3574,1420487,HK142_PE1005_L02,PE1005,-16,False,5.5,7.2,4.6,,,5.3,D+,1.5,True,2.21,2.15,Pass
3575,1490886,HK142_PE1005_L02,PE1005,-16,False,7.1,8.6,8.3,,,8.1,B+,3.5,True,3.4,3.42,Pass
3576,1451163,HK142_PE1005_L02,PE1005,-16,False,6.3,7.1,5.9,,,6.2,C,2.0,True,2.32,2.42,Pass
3577,1487665,HK142_PE1005_L02,PE1005,-16,False,6.4,5.5,9.1,,,7.8,B,3.0,True,2.32,2.36,Pass
3578,1483369,HK142_PE1005_L02,PE1005,-16,False,6.4,7.3,6.2,,,6.5,C+,2.5,True,2.24,2.53,Pass
3579,1422327,HK142_PE1005_L02,PE1005,-16,False,8.2,7.7,8.9,,,8.5,A,4.0,True,3.18,3.24,Pass
3580,1429691,HK142_PE1005_L02,PE1005,-16,False,8.0,7.0,6.8,,,7.1,B,3.0,True,2.53,2.32,Pass
3581,1446102,HK142_PE1005_L02,PE1005,-16,False,8.5,8.6,8.4,,,8.5,A,4.0,True,3.68,3.62,Pass
3582,1447326,HK142_PE1005_L02,PE1005,-16,False,7.9,8.2,9.0,,,8.6,A,4.0,True,3.56,3.35,Pass
3583,1408831,HK142_PE1005_L02,PE1005,-16,False,5.9,8.8,8.5,,,8.0,B+,3.5,True,3.26,3.08,Pass
3584,1472482,HK142_PE1005_L02,PE1005,-16,False,6.1,8.0,9.3,,,8.4,B+,3.5,True,3.5,3.44,Pass
3585,1449013,HK142_PE1005_L02,PE1005,-16,False,6.4,6.8,7.4,,,7.1,B,3.0,True,2.62,2.71,Pass
3586,1479536,HK142_PE1005_L02,PE1005,-16,False,6.3,6.2,5.7,,,5.9,C,2.0,True,2.21,2.2,Pass
3587,1447942,HK142_PE1005_L02,PE1005,-16,False,7.4,7.1,7.6,,,7.5,B,3.0,True,3.18,3.17,Pass
3588,1472329,HK142_PE1005_L02,PE1005,-16,False,6.9,6.2,8.8,,,7.9,B,3.0,True,2.56,2.58,Pass
3589,1495641,HK142_PE1005_L02,PE1005,-16,False,5.1,4.8,5.9,,,5.5,C,2.0,True,1.35,1.35,Pass
3590,1487359,HK142_PE1005_L02,PE1005,-16,False,6.6,6.4,7.4,,,7.0,B,3.0,True,3.26,3.2,Pass
3591,1421868,HK142_PE1005_L02,PE1005,-16,False,7.5,7.0,8.1,,,7.8,B,3.0,True,3.41,3.21,Pass
3592,1426929,HK142_PE1005_L02,PE1005,-16,False,6.4,7.4,7.4,,,7.2,B,3.0,True,2.21,2.32,Pass
3593,1430915,HK142_PE1005_L02,PE1005,-16,False,7.6,6.5,6.3,,,6.6,C+,2.5,True,2.5,2.41,Pass
3594,1495488,HK142_PE1005_L02,PE1005,-16,False,4.3,6.5,5.4,,,5.4,D+,1.5,True,1.82,1.7,Pass
3595,1412511,HK142_PE1005_L02,PE1005,-16,False,6.2,6.7,7.6,,,7.1,B,3.0,True,2.35,2.3,Pass
3596,1439197,HK142_PE1005_L02,PE1005,-16,False,10.0,8.0,6.2,,,7.3,B,3.0,True,2.76,2.74,Pass
3597,1435364,HK142_PE1005_L02,PE1005,-16,False,5.2,9.5,7.4,,,7.4,B,3.0,True,2.38,2.24,Pass
3598,1453156,HK142_PE1005_L02,PE1005,-16,False,7.5,7.6,7.9,,,7.8,B,3.0,True,3.09,3.15,Pass
3599,1478308,HK142_PE1005_L02,PE1005,-16,False,6.2,6.5,6.1,,,6.2,C,2.0,True,2.56,2.62,Pass
3600,1404076,HK142_PE1005_L02,PE1005,-16,False,6.7,7.1,7.2,,,7.1,B,3.0,True,2.32,2.15,Pass
3601,1412052,HK142_PE1005_L02,PE1005,-16,False,6.0,7.4,6.2,,,6.4,C+,2.5,True,2.74,2.77,Pass
3602,1436592,HK142_PE1005_L02,PE1005,-16,False,6.5,8.3,9.5,,,8.7,A,4.0,True,2.62,2.7,Pass
3603,1421099,HK142_PE1005_L02,PE1005,-16,False,7.5,7.2,8.9,,,8.3,B+,3.5,True,3.35,3.27,Pass
3604,1402236,HK142_PE1005_L02,PE1005,-16,False,6.5,4.6,4.9,,,5.2,D+,1.5,True,1.47,1.42,Pass
3605,1427235,HK142_PE1005_L02,PE1005,-16,False,6.6,7.4,9.5,,,8.5,A,4.0,True,2.97,2.94,Pass
3606,1475240,HK142_PE1005_L03,PE1005,-16,False,6.1,7.1,5.6,,,6.0,C,2.0,True,2.44,2.3,Pass
3607,1454843,HK142_PE1005_L03,PE1005,-16,False,5.7,5.4,6.7,,,6.2,C,2.0,True,2.41,2.21,Pass
3608,1488124,HK142_PE1005_L03,PE1005,-16,False,8.2,8.0,9.1,,,8.7,A,4.0,True,3.53,3.42,Pass
3609,1497022,HK142_PE1005_L03,PE1005,-16,False,5.3,5.6,6.4,,,6.0,C,2.0,True,2.47,2.61,Pass
3610,1425242,HK142_PE1005_L03,PE1005,-16,False,6.2,4.5,6.0,,,5.7,C,2.0,True,2.03,2.08,Pass
3611,1451775,HK142_PE1005_L03,PE1005,-16,False,7.1,6.6,7.9,,,7.5,B,3.0,True,3.06,3.11,Pass
3612,1405916,HK142_PE1005_L03,PE1005,-16,False,7.3,7.6,8.5,,,8.1,B+,3.5,True,2.85,2.89,Pass
3613,1489964,HK142_PE1005_L03,PE1005,-16,False,7.4,6.7,5.6,,,6.2,C,2.0,True,1.62,1.68,Pass
3614,1417419,HK142_PE1005_L03,PE1005,-16,False,3.2,2.7,4.9,,,4.1,D,1.0,True,0.47,1.08,Pass
3615,1487818,HK142_PE1005_L03,PE1005,-16,False,7.2,7.9,7.2,,,7.3,B,3.0,True,3.29,3.17,Pass
3616,1462972,HK142_PE1005_L03,PE1005,-16,False,7.5,6.9,7.8,,,7.6,B,3.0,True,3.18,3.2,Pass
3617,1495947,HK142_PE1005_L03,PE1005,-16,False,5.9,6.6,6.8,,,6.6,C+,2.5,True,2.26,2.41,Pass
3618,1420640,HK142_PE1005_L03,PE1005,-16,False,8.7,7.4,8.4,,,8.3,B+,3.5,True,3.53,3.64,Pass
3619,1419875,HK142_PE1005_L03,PE1005,-16,False,8.3,6.9,5.3,,,6.2,C,2.0,True,2.59,2.58,Pass
3620,1403001,HK142_PE1005_L03,PE1005,-16,False,5.2,6.7,2.9,,,4.1,D,1.0,True,2.41,2.21,Pass
3621,1418647,HK142_PE1005_L03,PE1005,-16,False,8.6,9.9,10.0,,,9.7,A+,4.0,True,3.88,3.91,Pass
3622,1492573,HK142_PE1005_L03,PE1005,-16,False,7.6,6.8,7.0,,,7.1,B,3.0,True,2.85,2.8,Pass
3623,1453615,HK142_PE1005_L03,PE1005,-16,False,3.8,4.9,4.6,,,4.5,D,1.0,True,0.73,1.17,Pass
3624,1456683,HK142_PE1005_L03,PE1005,-16,False,7.6,7.3,8.2,,,7.9,B,3.0,True,3.12,3.2,Pass
3625,1443034,HK142_PE1005_L03,PE1005,-16,False,7.0,6.6,6.8,,,6.8,C+,2.5,True,2.59,2.58,Pass
3626,1434905,HK142_PE1005_L03,PE1005,-16,False,6.6,6.0,5.9,,,6.1,C,2.0,True,2.71,2.59,Pass
3627,1425701,HK142_PE1005_L03,PE1005,-16,False,3.8,3.7,4.2,,,4.0,D,1.0,True,0.55,1.0,Pass
3628,1440272,HK142_PE1005_L03,PE1005,-16,False,7.8,9.3,8.4,,,8.5,A,4.0,True,4.0,3.95,Pass
3629,1465887,HK142_PE1005_L03,PE1005,-16,False,7.1,7.0,7.3,,,7.2,B,3.0,True,3.29,3.18,Pass
3630,1443187,HK142_PE1005_L03,PE1005,-16,False,6.2,6.7,5.3,,,5.8,C,2.0,True,2.0,2.05,Pass
3631,1479995,HK142_PE1005_L03,PE1005,-16,False,7.5,6.5,5.6,,,6.2,C,2.0,True,2.0,2.18,Pass
3632,1437510,HK142_PE1005_L03,PE1005,-16,False,7.9,8.1,7.9,,,7.9,B,3.0,True,3.53,3.36,Pass
3633,1446255,HK142_PE1005_L03,PE1005,-16,False,4.3,4.9,6.4,,,5.7,C,2.0,True,1.47,1.58,Pass
3634,1402848,HK142_PE1005_L03,PE1005,-16,False,6.0,7.1,6.0,,,6.2,C,2.0,True,2.35,2.18,Pass
3635,1449629,HK142_PE1005_L03,PE1005,-16,False,6.2,7.1,5.0,,,5.7,C,2.0,True,2.41,2.44,Pass
3636,1446867,HK142_PE1005_L03,PE1005,-16,False,6.3,7.5,7.8,,,7.4,B,3.0,True,2.97,2.98,Pass
3637,1405457,HK142_PE1005_L03,PE1005,-16,False,6.3,5.6,6.5,,,6.3,C,2.0,True,2.62,2.56,Pass
3638,1473094,HK142_PE1005_L03,PE1005,-16,False,9.0,7.8,7.9,,,8.1,B+,3.5,True,3.09,3.17,Pass
3639,1439507,HK142_PE1005_L03,PE1005,-16,False,5.0,5.6,5.8,,,5.6,C,2.0,True,1.5,1.59,Pass
3640,1424167,HK142_PE1005_L03,PE1005,-16,False,4.7,4.8,5.1,,,5.0,D+,1.5,True,1.27,1.38,Pass
3641,1446408,HK142_PE1005_L03,PE1005,-16,False,8.4,8.4,9.2,,,8.9,A,4.0,True,3.73,3.78,Pass
3642,1441959,HK142_PE1005_L03,PE1005,-16,False,4.0,2.6,3.0,,,3.1,F,0.0,False,0.32,1.0,Fail
3643,1415579,HK142_PE1005_L03,PE1005,-16,False,6.1,5.6,7.5,,,6.8,C+,2.5,True,2.59,2.38,Pass
3644,1450394,HK142_PE1005_L03,PE1005,-16,False,7.1,4.8,6.9,,,6.5,C+,2.5,True,2.06,2.02,Pass
3645,1416960,HK142_PE1005_L03,PE1005,-16,False,8.4,6.9,9.7,,,8.9,A,4.0,True,3.94,3.97,Pass
3646,1455455,HK142_PE1005_L03,PE1005,-16,False,6.7,6.8,5.1,,,5.8,C,2.0,True,1.85,1.97,Pass
3647,1499474,HK142_PE1005_L03,PE1005,-16,False,6.3,6.0,7.0,,,6.7,C+,2.5,True,2.32,2.42,Pass
3648,1434752,HK142_PE1005_L03,PE1005,-16,False,4.7,6.5,6.6,,,6.2,C,2.0,True,1.62,1.58,Pass
3649,1444105,HK142_PE1005_L03,PE1005,-16,False,7.0,7.2,5.3,,,6.0,C,2.0,True,2.79,2.7,Pass
3650,1428769,HK142_PE1005_L03,PE1005,-16,False,5.9,6.7,6.1,,,6.2,C,2.0,True,2.09,2.2,Pass
3651,1436286,HK142_PE1005_L03,PE1005,-16,False,9.5,8.1,8.4,,,8.6,A,4.0,True,3.85,3.78,Pass
3652,1466499,HK142_PE1005_L03,PE1005,-16,False,6.1,6.2,7.7,,,7.1,B,3.0,True,2.79,2.71,Pass
3653,1416654,HK142_PE1005_L03,PE1005,-16,False,8.1,9.3,8.4,,,8.5,A,4.0,True,3.76,3.79,Pass
3654,1478924,HK142_PE1005_L03,PE1005,-16,False,6.7,5.8,6.6,,,6.5,C+,2.5,True,2.38,2.2,Pass
3655,1436898,HK142_PE1005_L03,PE1005,-16,False,5.6,6.3,6.1,,,6.0,C,2.0,True,1.94,1.74,Pass
3656,1455918,HK142_PE1005_L03,PE1005,-16,False,9.4,8.2,9.0,,,8.9,A,4.0,True,3.74,3.82,Pass
3657,1446714,HK142_PE1005_L03,PE1005,-16,False,8.1,7.6,8.1,,,8.0,B+,3.5,True,3.41,3.35,Pass
3658,1454996,HK142_PE1005_L03,PE1005,-16,False,7.4,7.2,8.5,,,8.0,B+,3.5,True,3.06,3.15,Pass
3659,1427082,HK142_PE1005_L03,PE1005,-16,False,5.9,5.7,4.3,,,4.9,D,1.0,True,1.21,1.18,Pass
3660,1469261,HK142_PE1005_L03,PE1005,-16,False,4.6,3.2,5.3,,,4.7,D,1.0,True,0.71,1.0,Pass
3661,1496100,HK142_PE1005_L03,PE1005,-16,False,6.8,6.9,7.4,,,7.2,B,3.0,True,2.15,2.08,Pass
3662,1454384,HK142_PE1005_L03,PE1005,-16,False,5.6,6.5,6.9,,,6.6,C+,2.5,True,2.12,2.17,Pass
3663,1413433,HK142_PE1005_L03,PE1005,-16,False,5.8,5.8,6.8,,,6.4,C+,2.5,True,2.68,2.5,Pass
3664,1470795,HK142_PE1005_L03,PE1005,-16,False,8.5,6.6,6.3,,,6.8,C+,2.5,True,2.71,2.62,Pass
3665,1481529,HK142_PE1005_L03,PE1005,-16,False,7.9,6.7,6.3,,,6.7,C+,2.5,True,2.62,2.65,Pass
3666,1400702,HK142_PE1005_L03,PE1005,-16,False,7.2,9.1,7.3,,,7.6,B,3.0,True,3.18,3.12,Pass
3667,1410977,HK142_PE1005_L03,PE1005,-16,False,7.1,7.6,6.8,,,7.0,B,3.0,True,2.5,2.5,Pass
3668,1411746,HK142_PE1005_L03,PE1005,-16,False,5.7,5.2,4.7,,,5.0,D+,1.5,True,2.0,1.94,Pass
3669,1425854,HK142_PE1005_L03,PE1005,-16,False,6.4,7.2,7.0,,,6.9,C+,2.5,True,2.91,2.86,Pass
3670,1400243,HK142_PE1005_L03,PE1005,-16,False,7.3,7.4,10.0,,,8.9,A,4.0,True,2.74,2.61,Pass
3671,1419412,HK142_PE1005_L03,PE1005,-16,False,8.1,5.9,7.7,,,7.4,B,3.0,True,3.56,3.45,Pass
3672,1453462,HK142_PE1005_L03,PE1005,-16,False,4.7,4.0,3.8,,,4.0,D,1.0,True,0.24,1.0,Pass
3673,1409137,HK142_PE1005_L03,PE1005,-16,False,7.3,7.3,8.1,,,7.8,B,3.0,True,3.0,3.06,Pass
3674,1412205,HK142_PE1005_L03,PE1005,-16,False,6.3,5.8,5.0,,,5.4,D+,1.5,True,1.88,2.03,Pass
3675,1420334,HK142_PE1005_L03,PE1005,-16,False,6.9,5.7,5.4,,,5.8,C,2.0,True,2.12,1.95,Pass
3676,1438738,HK142_PE1005_L03,PE1005,-16,False,7.1,8.6,8.5,,,8.2,B+,3.5,True,3.29,3.15,Pass
3677,1410518,HK142_PE1005_L03,PE1005,-16,False,7.3,8.7,8.3,,,8.2,B+,3.5,True,3.24,3.29,Pass
3678,1425395,HK142_PE1005_L03,PE1005,-16,False,8.6,9.1,8.7,,,8.8,A,4.0,True,4.0,4.0,Pass
3679,1496253,HK142_PE1005_L03,PE1005,-16,False,9.9,9.2,8.2,,,8.7,A,4.0,True,3.74,3.83,Pass
3680,1433830,HK142_PE1005_L03,PE1005,-16,False,4.7,6.2,6.6,,,6.1,C,2.0,True,2.21,1.94,Pass
3681,1482298,HK142_PE1005_L03,PE1005,-16,False,8.7,7.7,9.1,,,8.7,A,4.0,True,3.97,3.94,Pass
3682,1450088,HK142_PE1005_L03,PE1005,-16,False,7.3,8.8,8.4,,,8.3,B+,3.5,True,2.94,2.97,Pass
3683,1468339,HK142_PE1005_L03,PE1005,-16,False,7.4,6.0,5.4,,,5.9,C,2.0,True,1.71,1.64,Pass
3684,1414198,HK142_PE1005_L03,PE1005,-16,False,5.3,6.5,5.2,,,5.5,C,2.0,True,1.5,1.45,Pass
3685,1491961,HK142_PE1005_L03,PE1005,-16,False,7.3,8.8,7.9,,,8.0,B+,3.5,True,3.24,3.0,Pass
3686,1471866,HK142_PE1005_L03,PE1005,-16,False,8.0,7.1,7.6,,,7.6,B,3.0,True,3.29,3.29,Pass
3687,1445180,HK142_PE1005_L03,PE1005,-16,False,6.3,8.7,8.4,,,8.0,B+,3.5,True,4.0,4.0,Pass
3688,1449782,HK142_PE1005_L03,PE1005,-16,False,6.3,6.4,7.1,,,6.8,C+,2.5,True,2.29,2.29,Pass
3689,1468033,HK142_PE1005_L03,PE1005,-16,False,8.5,8.6,7.7,,,8.0,B+,3.5,True,3.32,3.2,Pass
3690,1497328,HK142_PE1005_L03,PE1005,-16,False,3.9,5.1,4.8,,,4.7,D,1.0,True,1.5,1.58,Pass
3691,1491192,HK142_PE1005_L03,PE1005,-16,False,8.1,8.2,7.9,,,8.0,B+,3.5,True,3.35,3.29,Pass
3692,1405304,HK142_PE1005_L03,PE1005,-16,False,6.5,6.0,5.9,,,6.0,C,2.0,True,2.0,2.17,Pass
3693,1483985,HK142_PE1005_L03,PE1005,-16,False,4.3,5.1,4.4,,,4.5,D,1.0,True,0.52,1.0,Pass
3694,1419259,HK142_PE1005_L03,PE1005,-16,False,8.8,9.5,8.8,,,8.9,A,4.0,True,4.0,4.0,Pass
3695,1469414,HK142_PE1005_L03,PE1005,-16,False,6.7,8.6,9.7,,,8.9,A,4.0,True,3.85,3.7,Pass
3696,1484597,HK142_PE1005_L03,PE1005,-16,False,4.2,6.1,5.5,,,5.4,D+,1.5,True,1.29,1.36,Pass
3697,1480764,HK142_PE1005_L03,PE1005,-16,False,6.4,6.1,7.0,,,6.7,C+,2.5,True,2.71,2.56,Pass
3698,1413586,HK142_PE1005_L03,PE1005,-16,False,3.6,6.7,6.5,,,6.0,C,2.0,True,2.29,2.27,Pass
3699,1430456,HK142_PE1005_L03,PE1005,-16,False,9.7,8.1,7.2,,,7.9,B,3.0,True,3.26,3.29,Pass
3700,1492420,HK142_PE1005_L03,PE1005,-16,False,6.1,5.9,6.5,,,6.3,C,2.0,True,2.44,2.48,Pass
3701,1447173,HK142_PE1005_L03,PE1005,-16,False,6.6,5.7,6.7,,,6.5,C+,2.5,True,1.97,1.82,Pass
3702,1494872,HK142_PE1005_L03,PE1005,-16,False,8.6,8.2,8.1,,,8.2,B+,3.5,True,3.21,3.23,Pass
3703,1427388,HK142_PE1005_L03,PE1005,-16,False,5.6,6.2,5.8,,,5.8,C,2.0,True,2.06,1.94,Pass
3704,1461744,HK142_PE1005_L03,PE1005,-16,False,7.0,5.0,5.8,,,5.9,C,2.0,True,2.09,2.15,Pass
3705,1438891,HK142_PE1005_L03,PE1005,-16,False,6.9,6.5,7.2,,,7.0,B,3.0,True,2.44,2.41,Pass
3706,1445486,HK142_PE1005_L03,PE1005,-16,False,7.8,7.7,7.3,,,7.5,B,3.0,True,3.06,3.03,Pass
3707,1432296,HK142_PE1005_L03,PE1005,-16,False,5.8,5.2,7.7,,,6.8,C+,2.5,True,2.41,2.47,Pass
3708,1444874,HK142_PE1005_L03,PE1005,-16,False,5.9,5.1,6.4,,,6.0,C,2.0,True,1.97,2.0,Pass
3709,1408372,HK142_PE1005_L03,PE1005,-16,False,7.6,8.3,9.3,,,8.8,A,4.0,True,3.5,3.42,Pass
3710,1406069,HK142_PE1005_L03,PE1005,-16,False,7.4,5.6,6.3,,,6.4,C+,2.5,True,2.53,2.44,Pass
3711,1404535,HK142_PE1005_L03,PE1005,-16,False,2.3,3.1,5.1,,,4.1,D,1.0,True,0.55,1.12,Pass
3712,1432602,HK142_PE1005_L04,PE1005,-16,False,6.7,4.8,4.9,,,5.2,D+,1.5,True,1.5,1.62,Pass
3713,1473553,HK142_PE1005_L04,PE1005,-16,False,7.2,6.9,7.5,,,7.3,B,3.0,True,3.32,3.44,Pass
3714,1434599,HK142_PE1005_L04,PE1005,-16,False,9.2,7.7,9.1,,,8.8,A,4.0,True,3.26,3.38,Pass
3715,1456836,HK142_PE1005_L04,PE1005,-16,False,9.4,9.6,7.8,,,8.5,A,4.0,True,4.0,4.0,Pass
3716,1468492,HK142_PE1005_L04,PE1005,-16,False,5.1,5.4,4.8,,,5.0,D+,1.5,True,1.59,1.73,Pass
3717,1483216,HK142_PE1005_L04,PE1005,-16,False,6.6,4.4,5.3,,,5.4,D+,1.5,True,1.35,1.33,Pass
3718,1406838,HK142_PE1005_L04,PE1005,-16,False,8.3,8.0,6.9,,,7.4,B,3.0,True,2.91,3.05,Pass
3719,1411130,HK142_PE1005_L04,PE1005,-16,False,8.3,8.7,8.1,,,8.3,B+,3.5,True,2.91,3.06,Pass
3720,1487053,HK142_PE1005_L04,PE1005,-16,False,7.2,8.4,8.1,,,8.0,B+,3.5,True,3.03,3.02,Pass
3721,1417878,HK142_PE1005_L04,PE1005,-16,False,5.7,5.4,5.8,,,5.7,C,2.0,True,1.82,1.82,Pass
3722,1404688,HK142_PE1005_L04,PE1005,-16,False,7.2,5.9,5.9,,,6.2,C,2.0,True,2.41,2.47,Pass
3723,1417113,HK142_PE1005_L04,PE1005,-16,False,5.3,7.2,8.7,,,7.7,B,3.0,True,3.29,3.15,Pass
3724,1490427,HK142_PE1005_L04,PE1005,-16,False,6.9,7.0,6.7,,,6.8,C+,2.5,True,2.29,2.38,Pass
3725,1474934,HK142_PE1005_L04,PE1005,-16,False,4.1,4.1,4.6,,,4.4,D,1.0,True,0.55,1.0,Pass
3726,1483832,HK142_PE1005_L04,PE1005,-16,False,5.9,6.3,6.6,,,6.4,C+,2.5,True,2.24,2.18,Pass
3727,1475703,HK142_PE1005_L04,PE1005,-16,False,5.2,5.2,6.6,,,6.0,C,2.0,True,2.0,1.98,Pass
3728,1411283,HK142_PE1005_L04,PE1005,-16,False,8.9,9.7,8.2,,,8.6,A,4.0,True,3.76,3.85,Pass
3729,1445639,HK142_PE1005_L04,PE1005,-16,False,8.7,8.1,7.4,,,7.8,B,3.0,True,3.47,3.47,Pass
3730,1447789,HK142_PE1005_L04,PE1005,-16,False,6.4,5.6,6.4,,,6.2,C,2.0,True,2.41,2.33,Pass
3731,1467880,HK142_PE1005_L04,PE1005,-16,False,6.8,5.6,6.8,,,6.6,C+,2.5,True,2.35,2.48,Pass
3732,1436745,HK142_PE1005_L04,PE1005,-16,False,6.6,6.5,5.9,,,6.2,C,2.0,True,2.59,2.52,Pass
3733,1470948,HK142_PE1005_L04,PE1005,-16,False,4.9,4.2,4.2,,,4.3,D,1.0,True,0.45,1.27,Pass
3734,1491039,HK142_PE1005_L04,PE1005,-16,False,8.7,10.0,8.0,,,8.5,A,4.0,True,3.74,3.77,Pass
3735,1486590,HK142_PE1005_L04,PE1005,-16,False,6.8,8.6,7.9,,,7.8,B,3.0,True,3.24,3.21,Pass
3736,1411899,HK142_PE1005_L04,PE1005,-16,False,5.9,5.4,6.3,,,6.0,C,2.0,True,1.94,1.8,Pass
3737,1439660,HK142_PE1005_L04,PE1005,-16,False,9.1,8.6,8.5,,,8.6,A,4.0,True,3.76,3.7,Pass
3738,1493032,HK142_PE1005_L04,PE1005,-16,False,7.8,6.0,6.5,,,6.7,C+,2.5,True,2.35,2.44,Pass
3739,1418494,HK142_PE1005_L04,PE1005,-16,False,6.1,6.3,6.5,,,6.4,C+,2.5,True,2.35,2.38,Pass
3740,1492267,HK142_PE1005_L04,PE1005,-16,False,7.7,8.9,8.9,,,8.7,A,4.0,True,3.26,3.35,Pass
3741,1484750,HK142_PE1005_L04,PE1005,-16,False,7.2,6.2,8.2,,,7.6,B,3.0,True,2.76,2.7,Pass
3742,1451316,HK142_PE1005_L04,PE1005,-16,False,6.5,6.5,6.6,,,6.6,C+,2.5,True,2.53,2.62,Pass
3743,1417572,HK142_PE1005_L04,PE1005,-16,False,6.9,6.8,5.9,,,6.3,C,2.0,True,2.0,2.11,Pass
3744,1407603,HK142_PE1005_L04,PE1005,-16,False,6.1,5.6,5.7,,,5.8,C,2.0,True,2.62,2.53,Pass
3745,1488893,HK142_PE1005_L04,PE1005,-16,False,8.4,8.5,6.4,,,7.2,B,3.0,True,3.65,3.47,Pass
3746,1466652,HK142_PE1005_L04,PE1005,-16,False,6.4,5.3,6.2,,,6.1,C,2.0,True,2.38,2.27,Pass
3747,1403770,HK142_PE1005_L04,PE1005,-16,False,7.6,8.0,7.1,,,7.4,B,3.0,True,2.88,3.12,Pass
3748,1429997,HK142_PE1005_L04,PE1005,-16,False,6.6,7.6,8.3,,,7.8,B,3.0,True,3.15,3.03,Pass
3749,1430303,HK142_PE1005_L04,PE1005,-16,False,7.4,6.9,5.7,,,6.3,C,2.0,True,2.06,1.97,Pass
3750,1455302,HK142_PE1005_L04,PE1005,-16,False,6.3,6.9,6.9,,,6.8,C+,2.5,True,2.47,2.41,Pass
3751,1492114,HK142_PE1005_L04,PE1005,-16,False,8.8,8.9,7.8,,,8.2,B+,3.5,True,3.32,3.41,Pass
3752,1498093,HK142_PE1005_L04,PE1005,-16,False,7.1,6.7,5.5,,,6.1,C,2.0,True,2.44,2.39,Pass
3753,1406222,HK142_PE1005_L04,PE1005,-16,False,9.7,8.3,8.4,,,8.6,A,4.0,True,4.0,3.97,Pass
3754,1456377,HK142_PE1005_L04,PE1005,-16,False,7.9,6.7,6.8,,,7.0,B,3.0,True,3.15,3.27,Pass
3755,1424320,HK142_PE1005_L04,PE1005,-16,False,6.9,5.5,7.4,,,6.9,C+,2.5,True,2.47,2.65,Pass
3756,1400855,HK142_PE1005_L04,PE1005,-16,False,7.5,7.8,6.0,,,6.7,C+,2.5,True,2.35,2.52,Pass
3757,1443952,HK142_PE1005_L04,PE1005,-16,False,4.9,6.0,5.3,,,5.4,D+,1.5,True,1.71,1.8,Pass
3758,1453921,HK142_PE1005_L04,PE1005,-16,False,6.2,8.7,7.3,,,7.4,B,3.0,True,3.24,3.32,Pass
3759,1420028,HK142_PE1005_L04,PE1005,-16,False,6.7,6.9,6.7,,,6.7,C+,2.5,True,2.12,2.3,Pass
3760,1441806,HK142_PE1005_L04,PE1005,-16,False,9.2,6.9,7.9,,,8.0,B+,3.5,True,3.09,3.12,Pass
3761,1430762,HK142_PE1005_L04,PE1005,-16,False,6.6,7.0,6.2,,,6.4,C+,2.5,True,1.94,2.03,Pass
3762,1401467,HK142_PE1005_L04,PE1005,-16,False,9.8,9.5,8.7,,,9.1,A,4.0,True,3.94,3.97,Pass
3763,1449935,HK142_PE1005_L04,PE1005,-16,False,3.1,4.9,4.0,,,4.0,D,1.0,True,0.76,1.1,Pass
3764,1415732,HK142_PE1005_L04,PE1005,-16,False,9.4,6.6,7.9,,,7.9,B,3.0,True,3.32,3.36,Pass
3765,1429228,HK142_PE1005_L04,PE1005,-16,False,9.7,10.0,9.5,,,9.6,A+,4.0,True,4.0,3.89,Pass
3766,1407144,HK142_PE1005_L04,PE1005,-16,False,6.6,6.5,6.2,,,6.3,C,2.0,True,2.03,2.03,Pass
3767,1401008,HK142_PE1005_L04,PE1005,-16,False,9.3,9.4,9.9,,,9.7,A+,4.0,True,3.97,3.98,Pass
3768,1482757,HK142_PE1005_L04,PE1005,-16,False,7.6,6.6,6.7,,,6.9,C+,2.5,True,2.24,2.23,Pass
3769,1444721,HK142_PE1005_L04,PE1005,-16,False,5.4,5.8,5.2,,,5.4,D+,1.5,True,1.62,1.76,Pass
3770,1407909,HK142_PE1005_L04,PE1005,-16,False,5.9,5.7,6.8,,,6.4,C+,2.5,True,2.12,2.02,Pass
3771,1475087,HK142_PE1005_L04,PE1005,-16,False,8.6,8.9,8.8,,,8.8,A,4.0,True,3.94,3.97,Pass
3772,1498862,HK142_PE1005_L04,PE1005,-16,False,4.5,3.7,4.0,,,4.0,D,1.0,True,0.91,1.05,Pass
3773,1457142,HK142_PE1005_L04,PE1005,-16,False,7.8,7.9,7.6,,,7.7,B,3.0,True,2.74,2.76,Pass
3774,1496406,HK142_PE1005_L04,PE1005,-16,False,7.7,6.7,6.0,,,6.5,C+,2.5,True,1.85,1.85,Pass
3775,1458523,HK142_PE1005_L04,PE1005,-16,False,6.7,6.8,7.4,,,7.1,B,3.0,True,2.29,2.26,Pass
3776,1434136,HK142_PE1005_L04,PE1005,-16,False,9.6,9.5,10.0,,,9.8,A+,4.0,True,4.0,3.96,Pass
3777,1462819,HK142_PE1005_L04,PE1005,-16,False,7.9,6.9,7.9,,,7.7,B,3.0,True,3.03,3.12,Pass
3778,1409290,HK142_PE1005_L04,PE1005,-16,False,6.4,6.8,5.9,,,6.2,C,2.0,True,2.15,2.39,Pass
3779,1443799,HK142_PE1005_L04,PE1005,-16,False,7.5,7.3,8.6,,,8.1,B+,3.5,True,3.03,3.26,Pass
3780,1465734,HK142_PE1005_L04,PE1005,-16,False,5.8,7.0,6.0,,,6.2,C,2.0,True,2.91,2.7,Pass
3781,1423708,HK142_PE1005_L04,PE1005,-16,False,6.5,5.0,6.4,,,6.1,C,2.0,True,1.59,1.61,Pass
3782,1456224,HK142_PE1005_L04,PE1005,-16,False,8.3,8.2,7.3,,,7.7,B,3.0,True,3.38,3.23,Pass
3783,1424014,HK142_PE1005_L04,PE1005,-16,False,5.1,6.3,7.1,,,6.5,C+,2.5,True,2.0,2.06,Pass
3784,1435058,HK142_PE1005_L04,PE1005,-16,False,7.9,8.2,7.7,,,7.8,B,3.0,True,3.06,3.21,Pass
3785,1491498,HK142_PE1005_L04,PE1005,-16,False,7.3,8.1,9.5,,,8.8,A,4.0,True,3.65,3.35,Pass
3786,1470026,HK142_PE1005_L04,PE1005,-16,False,5.0,5.1,6.4,,,5.9,C,2.0,True,1.91,2.14,Pass
3787,1461438,HK142_PE1005_L04,PE1005,-16,False,7.6,5.9,6.5,,,6.6,C+,2.5,True,2.03,2.21,Pass
3788,1415120,HK142_PE1005_L04,PE1005,-16,False,9.2,9.7,8.6,,,8.9,A,4.0,True,3.73,3.72,Pass
3789,1460210,HK142_PE1005_L04,PE1005,-16,False,2.2,3.7,5.3,,,4.4,D,1.0,True,0.67,1.0,Pass
3790,1400396,HK142_PE1005_L04,PE1005,-16,False,7.5,7.6,6.2,,,6.7,C+,2.5,True,2.06,2.14,Pass
3791,1499015,HK142_PE1005_L04,PE1005,-16,False,6.4,7.7,5.3,,,6.0,C,2.0,True,2.09,2.18,Pass
3792,1418188,HK142_PE1005_L04,PE1005,-16,False,7.6,7.2,7.6,,,7.5,B,3.0,True,3.24,3.12,Pass
3793,1477696,HK142_PE1005_L04,PE1005,-16,False,7.7,6.4,8.5,,,7.9,B,3.0,True,2.44,2.56,Pass
3794,1499780,HK142_PE1005_L04,PE1005,-16,False,5.3,7.2,7.1,,,6.8,C+,2.5,True,2.53,2.55,Pass
3795,1463584,HK142_PE1005_L04,PE1005,-16,False,5.1,5.5,4.1,,,4.6,D,1.0,True,1.41,1.53,Pass
3796,1465271,HK142_PE1005_L04,PE1005,-16,False,8.3,6.7,7.7,,,7.6,B,3.0,True,3.41,3.36,Pass
3797,1466040,HK142_PE1005_L04,PE1005,-16,False,6.2,7.1,6.1,,,6.3,C,2.0,True,2.47,2.52,Pass
3798,1422021,HK142_PE1005_L04,PE1005,-16,False,5.1,5.5,6.5,,,6.0,C,2.0,True,1.21,1.33,Pass
3799,1484291,HK142_PE1005_L04,PE1005,-16,False,8.8,8.6,7.3,,,7.9,B,3.0,True,2.85,2.85,Pass
3800,1486131,HK142_PE1005_L04,PE1005,-16,False,7.4,6.8,6.7,,,6.9,C+,2.5,True,2.26,2.11,Pass
3801,1476774,HK142_PE1005_L04,PE1005,-16,False,6.4,6.5,7.0,,,6.8,C+,2.5,True,2.06,2.18,Pass
3802,1474628,HK142_PE1005_L04,PE1005,-16,False,7.2,8.4,7.9,,,7.9,B,3.0,True,3.03,3.15,Pass
3803,1448860,HK142_PE1005_L04,PE1005,-16,False,3.1,3.2,3.5,,,3.4,F,0.0,False,0.57,1.09,Fail
3804,1408525,HK142_PE1005_L04,PE1005,-16,False,3.8,3.1,2.9,,,3.1,F,0.0,False,0.19,1.0,Fail
3805,1456071,HK142_PE1005_L04,PE1005,-16,False,6.5,7.8,6.8,,,6.9,C+,2.5,True,2.38,2.39,Pass
3806,1472788,HK142_PE1005_L04,PE1005,-16,False,9.5,8.7,9.9,,,9.6,A+,4.0,True,3.85,3.79,Pass
3807,1454690,HK142_PE1005_L04,PE1005,-16,False,3.0,3.2,3.9,,,3.6,F,0.0,False,0.32,1.0,Fail
3808,1421562,HK142_PE1005_L04,PE1005,-16,False,7.5,7.6,7.9,,,7.8,B,3.0,True,3.35,3.3,Pass
3809,1403923,HK142_PE1005_L04,PE1005,-16,False,6.1,6.6,7.4,,,7.0,B,3.0,True,2.21,2.33,Pass
3810,1440425,HK142_PE1005_L04,PE1005,-16,False,8.0,6.9,7.1,,,7.2,B,3.0,True,2.47,2.58,Pass
3811,1408984,HK142_PE1005_L04,PE1005,-16,False,8.0,7.6,7.5,,,7.6,B,3.0,True,2.94,2.88,Pass
3812,1462666,HK142_PE1005_L04,PE1005,-16,False,7.6,7.4,8.6,,,8.2,B+,3.5,True,3.26,3.47,Pass
3813,1433983,HK142_PE1005_L04,PE1005,-16,False,5.7,6.3,5.9,,,5.9,C,2.0,True,1.75,1.74,Pass
3814,1443340,HK142_PE1005_L04,PE1005,-16,False,5.4,6.0,6.5,,,6.2,C,2.0,True,2.06,2.11,Pass
3815,1440731,HK142_PE1005_L04,PE1005,-16,False,7.3,7.2,7.6,,,7.5,B,3.0,True,3.12,2.98,Pass
3816,1475856,HK142_PE1005_L04,PE1005,-16,False,6.9,5.9,7.6,,,7.1,B,3.0,True,1.85,2.02,Pass
3817,1410059,HK142_PE1005_L04,PE1005,-16,False,7.7,7.1,7.8,,,7.6,B,3.0,True,2.44,2.56,Pass
3818,1415273,HK142_PE1005_L05,PE1005,-16,False,6.1,6.1,6.2,,,6.2,C,2.0,True,2.29,2.42,Pass
3819,1499627,HK142_PE1005_L05,PE1005,-16,False,9.0,8.9,8.1,,,8.4,B+,3.5,True,3.88,3.83,Pass
3820,1482145,HK142_PE1005_L05,PE1005,-16,False,7.5,6.7,6.6,,,6.8,C+,2.5,True,2.56,2.44,Pass
3821,1409443,HK142_PE1005_L05,PE1005,-16,False,9.3,9.5,9.2,,,9.3,A,4.0,True,3.98,3.99,Pass
3822,1412817,HK142_PE1005_L05,PE1005,-16,False,6.3,5.3,6.1,,,6.0,C,2.0,True,2.35,2.39,Pass
3823,1460979,HK142_PE1005_L05,PE1005,-16,False,5.6,6.1,7.2,,,6.7,C+,2.5,True,2.09,2.02,Pass
3824,1443493,HK142_PE1005_L05,PE1005,-16,False,7.7,8.4,5.6,,,6.6,C+,2.5,True,3.0,3.06,Pass
3825,1488740,HK142_PE1005_L05,PE1005,-16,False,5.2,5.5,7.6,,,6.7,C+,2.5,True,2.18,2.24,Pass
3826,1430609,HK142_PE1005_L05,PE1005,-16,False,6.7,6.2,4.4,,,5.2,D+,1.5,True,2.06,2.14,Pass
3827,1457605,HK142_PE1005_L05,PE1005,-16,False,6.3,6.2,6.6,,,6.5,C+,2.5,True,2.38,2.2,Pass
3828,1448554,HK142_PE1005_L05,PE1005,-16,False,8.5,8.5,8.3,,,8.4,B+,3.5,True,3.92,3.82,Pass
3829,1455149,HK142_PE1005_L05,PE1005,-16,False,9.6,9.2,8.3,,,8.7,A,4.0,True,4.0,4.0,Pass
3830,1426007,HK142_PE1005_L05,PE1005,-16,False,8.6,8.0,7.3,,,7.7,B,3.0,True,3.18,3.26,Pass
3831,1463125,HK142_PE1005_L05,PE1005,-16,False,5.8,5.8,3.8,,,4.6,D,1.0,True,1.59,1.74,Pass
3832,1464965,HK142_PE1005_L05,PE1005,-16,False,7.5,7.2,7.4,,,7.4,B,3.0,True,2.47,2.62,Pass
3833,1471254,HK142_PE1005_L05,PE1005,-16,False,5.7,6.1,2.9,,,4.1,D,1.0,True,1.41,1.55,Pass
3834,1441653,HK142_PE1005_L05,PE1005,-16,False,5.8,5.3,5.3,,,5.4,D+,1.5,True,1.62,1.74,Pass
3835,1464659,HK142_PE1005_L05,PE1005,-16,False,6.2,6.9,6.2,,,6.3,C,2.0,True,2.41,2.23,Pass
3836,1413739,HK142_PE1005_L05,PE1005,-16,False,9.6,8.8,10.0,,,9.7,A+,4.0,True,4.0,3.88,Pass
3837,1466346,HK142_PE1005_L05,PE1005,-16,False,8.3,8.7,6.8,,,7.5,B,3.0,True,3.41,3.52,Pass
3838,1443646,HK142_PE1005_L05,PE1005,-16,False,8.5,6.6,6.3,,,6.8,C+,2.5,True,2.29,2.3,Pass
3839,1482910,HK142_PE1005_L05,PE1005,-16,False,5.7,7.0,6.6,,,6.5,C+,2.5,True,2.5,2.47,Pass
3840,1435670,HK142_PE1005_L05,PE1005,-16,False,8.1,6.4,5.9,,,6.4,C+,2.5,True,2.56,2.58,Pass
3841,1489199,HK142_PE1005_L05,PE1005,-16,False,6.2,5.6,4.8,,,5.2,D+,1.5,True,1.71,1.61,Pass
3842,1410212,HK142_PE1005_L05,PE1005,-16,False,6.8,5.7,6.3,,,6.3,C,2.0,True,2.18,2.14,Pass
3843,1494107,HK142_PE1005_L05,PE1005,-16,False,8.3,8.6,8.1,,,8.2,B+,3.5,True,2.91,2.95,Pass
3844,1433524,HK142_PE1005_L05,PE1005,-16,False,5.8,6.5,5.9,,,6.0,C,2.0,True,2.24,2.36,Pass
3845,1442265,HK142_PE1005_L05,PE1005,-16,False,5.6,6.7,7.9,,,7.2,B,3.0,True,2.29,2.3,Pass
3846,1442112,HK142_PE1005_L05,PE1005,-16,False,6.0,6.0,7.2,,,6.7,C+,2.5,True,2.38,2.32,Pass
3847,1498709,HK142_PE1005_L05,PE1005,-16,False,6.2,5.0,4.9,,,5.2,D+,1.5,True,1.97,2.03,Pass
3848,1476162,HK142_PE1005_L05,PE1005,-16,False,5.5,6.3,6.0,,,6.0,C,2.0,True,1.29,1.38,Pass
3849,1439966,HK142_PE1005_L05,PE1005,-16,False,5.6,7.2,5.8,,,6.0,C,2.0,True,2.74,2.5,Pass
3850,1453003,HK142_PE1005_L05,PE1005,-16,False,6.8,7.4,7.2,,,7.2,B,3.0,True,3.09,2.98,Pass
3851,1431684,HK142_PE1005_L05,PE1005,-16,False,9.6,8.6,7.5,,,8.1,B+,3.5,True,3.44,3.55,Pass
3852,1469873,HK142_PE1005_L05,PE1005,-16,False,6.4,6.0,7.2,,,6.8,C+,2.5,True,2.26,2.24,Pass
3853,1458064,HK142_PE1005_L05,PE1005,-16,False,6.2,7.1,6.5,,,6.6,C+,2.5,True,2.44,2.32,Pass
3854,1499168,HK142_PE1005_L05,PE1005,-16,False,6.3,7.7,7.1,,,7.1,B,3.0,True,2.24,2.35,Pass
3855,1457911,HK142_PE1005_L05,PE1005,-16,False,9.5,7.1,9.3,,,8.9,A,4.0,True,4.0,3.83,Pass
3856,1484138,HK142_PE1005_L05,PE1005,-16,False,7.1,5.9,5.9,,,6.1,C,2.0,True,2.71,2.44,Pass
3857,1405763,HK142_PE1005_L05,PE1005,-16,False,3.9,4.0,4.9,,,4.5,D,1.0,True,0.71,1.0,Pass
3858,1433218,HK142_PE1005_L05,PE1005,-16,False,7.5,7.5,6.1,,,6.7,C+,2.5,True,2.06,2.23,Pass
3859,1461897,HK142_PE1005_L05,PE1005,-16,False,5.6,5.4,6.6,,,6.2,C,2.0,True,1.79,1.82,Pass
3860,1442418,HK142_PE1005_L05,PE1005,-16,False,7.3,8.6,7.1,,,7.4,B,3.0,True,3.18,3.29,Pass
3861,1471407,HK142_PE1005_L05,PE1005,-16,False,5.6,5.5,6.7,,,6.2,C,2.0,True,2.21,2.18,Pass
3862,1457758,HK142_PE1005_L05,PE1005,-16,False,4.0,3.4,4.8,,,4.4,D,1.0,True,0.82,1.12,Pass
3863,1439044,HK142_PE1005_L05,PE1005,-16,False,7.6,7.1,6.3,,,6.7,C+,2.5,True,2.15,2.35,Pass
3864,1444568,HK142_PE1005_L05,PE1005,-16,False,8.1,6.6,7.6,,,7.5,B,3.0,True,2.91,3.12,Pass
3865,1479230,HK142_PE1005_L05,PE1005,-16,False,5.5,6.5,7.4,,,6.8,C+,2.5,True,2.53,2.48,Pass
3866,1467574,HK142_PE1005_L05,PE1005,-16,False,7.5,5.6,7.1,,,6.9,C+,2.5,True,2.24,2.35,Pass
3867,1482604,HK142_PE1005_L05,PE1005,-16,False,8.8,8.3,7.8,,,8.1,B+,3.5,True,3.68,3.64,Pass
3868,1449476,HK142_PE1005_L05,PE1005,-16,False,6.1,8.2,7.1,,,7.1,B,3.0,True,3.0,2.95,Pass
3869,1485672,HK142_PE1005_L05,PE1005,-16,False,5.8,6.2,5.9,,,5.9,C,2.0,True,2.26,2.29,Pass
3870,1423249,HK142_PE1005_L05,PE1005,-16,False,5.3,6.5,6.2,,,6.1,C,2.0,True,2.24,2.2,Pass
3871,1492879,HK142_PE1005_L05,PE1005,-16,False,7.9,7.4,6.7,,,7.1,B,3.0,True,3.12,3.15,Pass
3872,1422633,HK142_PE1005_L05,PE1005,-16,False,8.8,9.2,8.3,,,8.6,A,4.0,True,3.79,3.89,Pass
3873,1406375,HK142_PE1005_L05,PE1005,-16,False,4.3,4.6,2.9,,,3.5,F,0.0,False,0.59,1.13,Fail
3874,1494566,HK142_PE1005_L05,PE1005,-16,False,7.0,5.4,6.7,,,6.5,C+,2.5,True,2.35,2.33,Pass
3875,1454537,HK142_PE1005_L05,PE1005,-16,False,3.3,3.6,4.8,,,4.3,D,1.0,True,0.71,1.0,Pass
3876,1478461,HK142_PE1005_L05,PE1005,-16,False,5.8,5.4,5.9,,,5.8,C,2.0,True,1.97,1.94,Pass
3877,1428310,HK142_PE1005_L05,PE1005,-16,False,8.0,8.2,8.2,,,8.2,B+,3.5,True,3.5,3.5,Pass
3878,1451010,HK142_PE1005_L05,PE1005,-16,False,6.4,4.6,5.6,,,5.6,C,2.0,True,1.91,1.8,Pass
3879,1422786,HK142_PE1005_L05,PE1005,-16,False,8.6,8.9,8.5,,,8.6,A,4.0,True,3.09,3.23,Pass
3881,1497481,HK142_PE1005_L05,PE1005,-16,False,5.6,6.3,6.5,,,6.3,C,2.0,True,2.21,2.27,Pass
3882,1438279,HK142_PE1005_L05,PE1005,-16,False,7.8,7.0,7.0,,,7.2,B,3.0,True,2.5,2.52,Pass
3883,1456989,HK142_PE1005_L05,PE1005,-16,False,6.9,7.2,7.6,,,7.4,B,3.0,True,3.03,3.08,Pass
3884,1438432,HK142_PE1005_L05,PE1005,-16,False,8.2,8.8,9.1,,,8.9,A,4.0,True,3.5,3.52,Pass
3885,1485056,HK142_PE1005_L05,PE1005,-16,False,6.8,6.8,6.0,,,6.3,C,2.0,True,1.88,1.86,Pass
3886,1466958,HK142_PE1005_L05,PE1005,-16,False,5.5,6.5,6.5,,,6.3,C,2.0,True,2.53,2.47,Pass
3887,1413280,HK142_PE1005_L05,PE1005,-16,False,6.5,6.7,6.3,,,6.4,C+,2.5,True,2.38,2.3,Pass
3888,1480611,HK142_PE1005_L05,PE1005,-16,False,6.1,8.4,8.5,,,8.0,B+,3.5,True,3.09,3.05,Pass
3889,1437357,HK142_PE1005_L05,PE1005,-16,False,9.6,9.9,8.6,,,9.1,A,4.0,True,3.95,3.97,Pass
3890,1435211,HK142_PE1005_L05,PE1005,-16,False,7.5,8.5,7.8,,,7.9,B,3.0,True,3.26,3.09,Pass
3891,1493648,HK142_PE1005_L05,PE1005,-16,False,4.1,4.1,3.5,,,3.7,F,0.0,False,0.8,1.04,Fail
3892,1499321,HK142_PE1005_L05,PE1005,-16,False,9.2,10.0,8.5,,,8.9,A,4.0,True,4.0,3.88,Pass
3893,1429075,HK142_PE1005_L05,PE1005,-16,False,6.2,6.9,5.2,,,5.7,C,2.0,True,2.26,2.41,Pass
3894,1488277,HK142_PE1005_L05,PE1005,-16,False,5.1,8.7,8.5,,,7.9,B,3.0,True,3.47,3.3,Pass
3895,1426470,HK142_PE1005_L05,PE1005,-16,False,7.1,6.1,7.0,,,6.8,C+,2.5,True,3.03,3.17,Pass
3896,1461285,HK142_PE1005_L05,PE1005,-16,False,5.5,6.0,6.8,,,6.4,C+,2.5,True,2.03,1.98,Pass
3897,1401930,HK142_PE1005_L05,PE1005,-16,False,8.8,8.1,7.9,,,8.1,B+,3.5,True,3.35,3.47,Pass
3898,1437051,HK142_PE1005_L05,PE1005,-16,False,6.9,6.4,6.6,,,6.6,C+,2.5,True,2.41,2.58,Pass
3899,1426776,HK142_PE1005_L05,PE1005,-16,False,7.7,7.6,7.5,,,7.6,B,3.0,True,2.85,2.89,Pass
3900,1468186,HK142_PE1005_L05,PE1005,-16,False,8.3,7.2,5.7,,,6.5,C+,2.5,True,2.53,2.44,Pass
3901,1481682,HK142_PE1005_L05,PE1005,-16,False,6.1,7.9,10.0,,,8.8,A,4.0,True,2.68,2.64,Pass
3902,1423555,HK142_PE1005_L05,PE1005,-16,False,6.9,5.5,6.2,,,6.2,C,2.0,True,2.35,2.32,Pass
3903,1497940,HK142_PE1005_L05,PE1005,-16,False,9.2,8.6,7.5,,,8.1,B+,3.5,True,3.21,3.06,Pass
3904,1487971,HK142_PE1005_L05,PE1005,-16,False,7.8,8.6,8.9,,,8.6,A,4.0,True,3.18,3.23,Pass
3905,1446561,HK142_PE1005_L05,PE1005,-16,False,8.6,8.1,8.3,,,8.3,B+,3.5,True,3.21,3.36,Pass
3906,1448707,HK142_PE1005_L05,PE1005,-16,False,8.1,9.8,10.0,,,9.6,A+,4.0,True,3.97,3.88,Pass
3907,1477390,HK142_PE1005_L05,PE1005,-16,False,6.9,8.3,8.7,,,8.3,B+,3.5,True,3.18,3.03,Pass
3908,1469108,HK142_PE1005_L05,PE1005,-16,False,6.2,7.0,5.9,,,6.2,C,2.0,True,2.32,2.29,Pass
3909,1452081,HK142_PE1005_L05,PE1005,-16,False,6.7,6.7,6.5,,,6.6,C+,2.5,True,2.38,2.47,Pass
3910,1414045,HK142_PE1005_L05,PE1005,-16,False,5.8,6.3,6.4,,,6.3,C,2.0,True,2.41,2.52,Pass
3911,1424936,HK142_PE1005_L05,PE1005,-16,False,8.5,7.1,8.0,,,7.9,B,3.0,True,3.38,3.17,Pass
3912,1478155,HK142_PE1005_L05,PE1005,-16,False,10.0,9.2,8.9,,,9.2,A,4.0,True,3.85,3.8,Pass
3913,1462050,HK142_PE1005_L05,PE1005,-16,False,4.4,2.5,3.7,,,3.6,F,0.0,False,0.73,1.09,Fail
3914,1428463,HK142_PE1005_L05,PE1005,-16,False,6.3,7.1,5.8,,,6.2,C,2.0,True,2.32,2.18,Pass
3915,1479077,HK142_PE1005_L05,PE1005,-16,False,9.4,8.6,9.1,,,9.1,A,4.0,True,4.0,3.97,Pass
3916,1481376,HK142_PE1005_L05,PE1005,-16,False,3.9,3.9,3.7,,,3.8,F,0.0,False,0.0,,Fail
3917,1405610,HK142_PE1005_L05,PE1005,-16,False,5.3,5.6,6.3,,,6.0,C,2.0,True,2.47,2.36,Pass
3918,1466193,HK142_PE1005_L05,PE1005,-16,False,8.4,8.0,7.8,,,8.0,B+,3.5,True,3.76,3.79,Pass
3919,1417725,HK142_PE1005_L05,PE1005,-16,False,8.7,8.7,7.5,,,8.0,B+,3.5,True,3.15,3.05,Pass
3920,1466805,HK142_PE1005_L05,PE1005,-16,False,8.5,6.6,7.1,,,7.3,B,3.0,True,2.56,2.44,Pass
3921,1461132,HK142_PE1005_L05,PE1005,-16,False,6.3,5.9,6.0,,,6.0,C,2.0,True,2.32,2.32,Pass
3922,1400549,HK142_PE1005_L05,PE1005,-16,False,7.4,6.8,5.5,,,6.1,C,2.0,True,3.0,2.94,Pass
3923,1430150,HK142_MT1005_L01,MT1005,-16,False,6.3,5.4,5.8,,,5.8,C,2.0,True,2.03,2.14,Pass
3924,1433983,HK142_MT1005_L01,MT1005,-16,False,3.6,6.4,6.0,,,5.6,C,2.0,True,1.75,1.74,Pass
3925,1487053,HK142_MT1005_L01,MT1005,-16,False,8.8,7.6,7.2,,,7.6,B,3.0,True,3.03,3.02,Pass
3927,1467727,HK142_MT1005_L01,MT1005,-16,False,7.1,6.4,5.8,,,6.2,C,2.0,True,2.03,2.2,Pass
3928,1400243,HK142_MT1005_L01,MT1005,-16,False,6.6,6.2,8.1,,,7.4,B,3.0,True,2.74,2.61,Pass
3929,1418647,HK142_MT1005_L01,MT1005,-16,False,8.8,8.6,9.1,,,8.9,A,4.0,True,3.88,3.91,Pass
3930,1401314,HK142_MT1005_L01,MT1005,-16,False,9.3,9.0,8.1,,,8.5,A,4.0,True,3.91,3.95,Pass
3931,1419412,HK142_MT1005_L01,MT1005,-16,False,8.1,9.4,8.7,,,8.7,A,4.0,True,3.56,3.45,Pass
3932,1477237,HK142_MT1005_L01,MT1005,-16,False,5.6,4.0,5.8,,,5.4,D+,1.5,True,1.56,1.62,Pass
3933,1441653,HK142_MT1005_L01,MT1005,-16,False,6.0,5.4,6.3,,,6.1,C,2.0,True,1.62,1.74,Pass
3934,1451316,HK142_MT1005_L01,MT1005,-16,False,5.6,6.9,6.8,,,6.6,C+,2.5,True,2.53,2.62,Pass
3935,1404535,HK142_MT1005_L01,MT1005,-16,False,3.4,4.4,3.3,,,3.5,F,0.0,False,0.55,1.12,Fail
3936,1402542,HK142_MT1005_L01,MT1005,-16,False,8.3,7.4,8.3,,,8.1,B+,3.5,True,3.35,3.33,Pass
3937,1419106,HK142_MT1005_L01,MT1005,-16,False,5.1,5.5,5.9,,,5.7,C,2.0,True,2.06,2.12,Pass
3938,1495947,HK142_MT1005_L01,MT1005,-16,False,7.0,6.0,4.1,,,5.1,D+,1.5,True,2.26,2.41,Pass
3939,1472329,HK142_MT1005_L01,MT1005,-16,False,5.7,8.1,5.6,,,6.1,C,2.0,True,2.56,2.58,Pass
3940,1402848,HK142_MT1005_L01,MT1005,-16,False,6.8,7.3,6.7,,,6.8,C+,2.5,True,2.35,2.18,Pass
3941,1464659,HK142_MT1005_L01,MT1005,-16,False,5.8,6.1,6.9,,,6.5,C+,2.5,True,2.41,2.23,Pass
3942,1474169,HK142_MT1005_L01,MT1005,-16,False,8.7,8.6,7.7,,,8.1,B+,3.5,True,3.35,3.15,Pass
3943,1465734,HK142_MT1005_L01,MT1005,-16,False,6.1,6.8,8.0,,,7.4,B,3.0,True,2.91,2.7,Pass
3944,1454843,HK142_MT1005_L01,MT1005,-16,False,6.9,8.2,7.5,,,7.5,B,3.0,True,2.41,2.21,Pass
3945,1497328,HK142_MT1005_L01,MT1005,-16,False,6.0,4.7,4.1,,,4.6,D,1.0,True,1.5,1.58,Pass
3946,1474628,HK142_MT1005_L01,MT1005,-16,False,7.5,7.3,7.5,,,7.5,B,3.0,True,3.03,3.15,Pass
3947,1426007,HK142_MT1005_L01,MT1005,-16,False,7.1,7.4,8.0,,,7.7,B,3.0,True,3.18,3.26,Pass
3948,1418188,HK142_MT1005_L01,MT1005,-16,False,9.2,7.3,7.4,,,7.7,B,3.0,True,3.24,3.12,Pass
3949,1414351,HK142_MT1005_L01,MT1005,-16,False,6.7,7.8,9.8,,,8.8,A,4.0,True,3.47,3.41,Pass
3950,1405763,HK142_MT1005_L01,MT1005,-16,False,5.6,4.0,3.9,,,4.3,D,1.0,True,0.71,1.0,Pass
3951,1450088,HK142_MT1005_L01,MT1005,-16,False,8.9,7.5,7.5,,,7.8,B,3.0,True,2.94,2.97,Pass
3952,1430915,HK142_MT1005_L01,MT1005,-16,False,7.7,7.7,6.2,,,6.8,C+,2.5,True,2.5,2.41,Pass
3953,1405457,HK142_MT1005_L01,MT1005,-16,False,7.0,7.0,7.0,,,7.0,B,3.0,True,2.62,2.56,Pass
3954,1404076,HK142_MT1005_L01,MT1005,-16,False,5.5,6.0,5.5,,,5.6,C,2.0,True,2.32,2.15,Pass
3955,1491961,HK142_MT1005_L01,MT1005,-16,False,6.7,7.1,9.6,,,8.5,A,4.0,True,3.24,3.0,Pass
3956,1407144,HK142_MT1005_L01,MT1005,-16,False,6.3,6.2,7.1,,,6.8,C+,2.5,True,2.03,2.03,Pass
3957,1413433,HK142_MT1005_L01,MT1005,-16,False,7.2,6.1,7.5,,,7.2,B,3.0,True,2.68,2.5,Pass
3958,1402083,HK142_MT1005_L01,MT1005,-16,False,7.1,6.2,7.0,,,6.9,C+,2.5,True,2.41,2.44,Pass
3959,1437357,HK142_MT1005_L01,MT1005,-16,False,9.5,10.0,10.0,,,9.9,A+,4.0,True,3.95,3.97,Pass
3960,1401161,HK142_MT1005_L01,MT1005,-16,False,8.0,7.3,8.2,,,8.0,B+,3.5,True,2.88,2.91,Pass
3961,1452234,HK142_MT1005_L01,MT1005,-16,False,10.0,9.7,9.3,,,9.5,A+,4.0,True,3.95,3.97,Pass
3962,1499321,HK142_MT1005_L01,MT1005,-16,False,9.2,8.6,9.0,,,9.0,A,4.0,True,4.0,3.88,Pass
3963,1446408,HK142_MT1005_L01,MT1005,-16,False,9.1,9.0,7.4,,,8.1,B+,3.5,True,3.73,3.78,Pass
3964,1418494,HK142_MT1005_L01,MT1005,-16,False,6.6,6.7,6.7,,,6.7,C+,2.5,True,2.35,2.38,Pass
3965,1429075,HK142_MT1005_L01,MT1005,-16,False,5.5,6.7,7.3,,,6.8,C+,2.5,True,2.26,2.41,Pass
3966,1451775,HK142_MT1005_L01,MT1005,-16,False,8.8,6.7,7.7,,,7.7,B,3.0,True,3.06,3.11,Pass
3967,1429997,HK142_MT1005_L01,MT1005,-16,False,9.3,8.2,6.3,,,7.3,B,3.0,True,3.15,3.03,Pass
3968,1447942,HK142_MT1005_L01,MT1005,-16,False,8.1,6.6,7.4,,,7.4,B,3.0,True,3.18,3.17,Pass
3969,1462972,HK142_MT1005_L01,MT1005,-16,False,7.4,7.8,8.1,,,7.9,B,3.0,True,3.18,3.2,Pass
3970,1437973,HK142_MT1005_L01,MT1005,-16,False,8.2,9.4,9.4,,,9.2,A,4.0,True,3.94,3.97,Pass
3971,1454996,HK142_MT1005_L01,MT1005,-16,False,7.5,9.3,7.8,,,8.0,B+,3.5,True,3.06,3.15,Pass
3972,1474322,HK142_MT1005_L01,MT1005,-16,False,7.2,6.6,7.4,,,7.2,B,3.0,True,3.09,3.09,Pass
3973,1428616,HK142_MT1005_L01,MT1005,-16,False,6.8,6.5,7.2,,,7.0,B,3.0,True,2.09,2.21,Pass
3974,1457605,HK142_MT1005_L01,MT1005,-16,False,6.4,7.4,8.6,,,7.9,B,3.0,True,2.38,2.2,Pass
3975,1482298,HK142_MT1005_L01,MT1005,-16,False,10.0,9.1,9.7,,,9.6,A+,4.0,True,3.97,3.94,Pass
3976,1409137,HK142_MT1005_L01,MT1005,-16,False,8.0,8.8,6.8,,,7.4,B,3.0,True,3.0,3.06,Pass
3977,1424320,HK142_MT1005_L01,MT1005,-16,False,8.4,6.3,6.5,,,6.8,C+,2.5,True,2.47,2.65,Pass
3978,1494413,HK142_MT1005_L01,MT1005,-16,False,8.3,8.0,8.0,,,8.1,B+,3.5,True,3.21,3.21,Pass
3979,1465887,HK142_MT1005_L01,MT1005,-16,False,8.0,8.9,7.7,,,8.0,B+,3.5,True,3.29,3.18,Pass
3981,1493801,HK142_MT1005_L01,MT1005,-16,False,8.4,9.2,7.6,,,8.1,B+,3.5,True,3.24,3.24,Pass
3982,1442265,HK142_MT1005_L01,MT1005,-16,False,5.6,7.1,7.0,,,6.7,C+,2.5,True,2.29,2.3,Pass
3983,1479383,HK142_MT1005_L01,MT1005,-16,False,7.7,7.0,6.5,,,6.8,C+,2.5,True,3.18,3.15,Pass
3984,1479536,HK142_MT1005_L01,MT1005,-16,False,6.6,6.1,6.7,,,6.6,C+,2.5,True,2.21,2.2,Pass
3985,1410977,HK142_MT1005_L01,MT1005,-16,False,6.5,7.5,7.0,,,7.0,B,3.0,True,2.5,2.5,Pass
3986,1464965,HK142_MT1005_L01,MT1005,-16,False,7.6,6.9,5.8,,,6.4,C+,2.5,True,2.47,2.62,Pass
3987,1442881,HK142_MT1005_L01,MT1005,-16,False,5.6,5.2,5.8,,,5.6,C,2.0,True,2.32,2.29,Pass
3988,1417113,HK142_MT1005_L01,MT1005,-16,False,5.9,6.8,7.1,,,6.8,C+,2.5,True,3.29,3.15,Pass
3989,1498709,HK142_MT1005_L01,MT1005,-16,False,5.9,5.5,6.2,,,6.0,C,2.0,True,1.97,2.03,Pass
3990,1413586,HK142_MT1005_L01,MT1005,-16,False,5.9,6.2,6.5,,,6.3,C,2.0,True,2.29,2.27,Pass
3991,1497175,HK142_MT1005_L01,MT1005,-16,False,6.6,6.1,5.8,,,6.0,C,2.0,True,2.21,2.33,Pass
3992,1417725,HK142_MT1005_L01,MT1005,-16,False,8.1,8.1,7.2,,,7.6,B,3.0,True,3.15,3.05,Pass
3993,1470026,HK142_MT1005_L01,MT1005,-16,False,6.2,6.2,7.3,,,6.9,C+,2.5,True,1.91,2.14,Pass
3994,1407756,HK142_MT1005_L01,MT1005,-16,False,6.9,7.7,7.6,,,7.5,B,3.0,True,3.09,3.0,Pass
3995,1467574,HK142_MT1005_L01,MT1005,-16,False,6.4,5.4,6.6,,,6.3,C,2.0,True,2.24,2.35,Pass
3996,1494107,HK142_MT1005_L01,MT1005,-16,False,7.6,7.9,6.8,,,7.2,B,3.0,True,2.91,2.95,Pass
3997,1436592,HK142_MT1005_L01,MT1005,-16,False,7.1,6.8,7.5,,,7.3,B,3.0,True,2.62,2.7,Pass
3998,1438279,HK142_MT1005_L01,MT1005,-16,False,6.8,6.0,6.6,,,6.5,C+,2.5,True,2.5,2.52,Pass
3999,1454384,HK142_MT1005_L01,MT1005,-16,False,6.4,5.8,6.2,,,6.2,C,2.0,True,2.12,2.17,Pass
4000,1460826,HK142_MT1005_L01,MT1005,-16,False,6.4,5.2,7.4,,,6.8,C+,2.5,True,2.68,2.71,Pass
4001,1466346,HK142_MT1005_L01,MT1005,-16,False,9.1,8.4,7.4,,,7.9,B,3.0,True,3.41,3.52,Pass
4002,1416191,HK142_MT1005_L01,MT1005,-16,False,9.5,9.1,8.9,,,9.1,A,4.0,True,3.92,3.93,Pass
4003,1482604,HK142_MT1005_L01,MT1005,-16,False,8.6,8.2,8.2,,,8.3,B+,3.5,True,3.68,3.64,Pass
4004,1450394,HK142_MT1005_L01,MT1005,-16,False,6.7,6.7,5.8,,,6.2,C,2.0,True,2.06,2.02,Pass
4005,1406375,HK142_MT1005_L01,MT1005,-16,False,5.4,5.8,5.1,,,5.3,D+,1.5,True,0.59,1.13,Pass
4006,1486284,HK142_MT1005_L01,MT1005,-16,False,9.2,8.3,8.8,,,8.8,A,4.0,True,3.68,3.67,Pass
4007,1417419,HK142_MT1005_L01,MT1005,-16,False,4.4,5.3,4.9,,,4.9,D,1.0,True,0.47,1.08,Pass
4008,1409443,HK142_MT1005_L01,MT1005,-16,False,9.3,8.5,8.2,,,8.5,A,4.0,True,3.98,3.99,Pass
4009,1490886,HK142_MT1005_L01,MT1005,-16,False,8.5,9.1,8.2,,,8.4,B+,3.5,True,3.4,3.42,Pass
4010,1493648,HK142_MT1005_L01,MT1005,-16,False,3.9,2.7,5.2,,,4.4,D,1.0,True,0.8,1.04,Pass
4011,1412511,HK142_MT1005_L01,MT1005,-16,False,6.1,8.2,7.4,,,7.3,B,3.0,True,2.35,2.3,Pass
4012,1401467,HK142_MT1005_L01,MT1005,-16,False,9.6,9.7,8.5,,,9.0,A,4.0,True,3.94,3.97,Pass
4013,1489964,HK142_MT1005_L01,MT1005,-16,False,6.1,3.6,5.4,,,5.2,D+,1.5,True,1.62,1.68,Pass
4014,1453156,HK142_MT1005_L01,MT1005,-16,False,7.3,6.8,7.6,,,7.4,B,3.0,True,3.09,3.15,Pass
4015,1435058,HK142_MT1005_L01,MT1005,-16,False,7.6,7.7,8.0,,,7.9,B,3.0,True,3.06,3.21,Pass
4016,1498556,HK142_MT1005_L01,MT1005,-16,False,6.8,6.2,6.0,,,6.2,C,2.0,True,1.94,2.09,Pass
4017,1406838,HK142_MT1005_L01,MT1005,-16,False,6.7,7.7,7.8,,,7.6,B,3.0,True,2.91,3.05,Pass
4018,1421562,HK142_MT1005_L01,MT1005,-16,False,9.3,7.9,7.0,,,7.6,B,3.0,True,3.35,3.3,Pass
4019,1431531,HK142_MT1005_L01,MT1005,-16,False,5.2,6.0,5.5,,,5.5,C,2.0,True,1.82,1.92,Pass
4020,1496406,HK142_MT1005_L01,MT1005,-16,False,6.1,5.8,5.8,,,5.9,C,2.0,True,1.85,1.85,Pass
4021,1409290,HK142_MT1005_L01,MT1005,-16,False,6.6,5.5,4.7,,,5.2,D+,1.5,True,2.15,2.39,Pass
4022,1476621,HK142_MT1005_L01,MT1005,-16,False,6.3,4.8,4.2,,,4.7,D,1.0,True,1.91,1.91,Pass
4023,1461438,HK142_MT1005_L01,MT1005,-16,False,7.6,6.1,3.0,,,4.5,D,1.0,True,2.03,2.21,Pass
4024,1471713,HK142_MT1005_L01,MT1005,-16,False,4.6,4.8,6.2,,,5.6,C,2.0,True,1.82,1.68,Pass
4025,1409596,HK142_MT1005_L01,MT1005,-16,False,5.3,7.3,6.9,,,6.7,C+,2.5,True,2.5,2.45,Pass
4026,1440425,HK142_MT1005_L01,MT1005,-16,False,7.9,7.6,6.1,,,6.8,C+,2.5,True,2.47,2.58,Pass
4027,1408525,HK142_MT1005_L01,MT1005,-16,False,3.3,4.4,3.6,,,3.7,F,0.0,False,0.19,1.0,Fail
4028,1411130,HK142_MT1005_L01,MT1005,-16,False,7.5,7.5,7.7,,,7.6,B,3.0,True,2.91,3.06,Pass
4029,1455149,HK142_MT1005_L01,MT1005,-16,False,10.0,8.8,8.9,,,9.1,A,4.0,True,4.0,4.0,Pass
4030,1425548,HK142_MT1005_L02,MT1005,-16,False,7.6,7.9,7.7,,,7.7,B,3.0,True,3.15,3.17,Pass
4031,1497787,HK142_MT1005_L02,MT1005,-16,False,8.7,9.7,8.5,,,8.8,A,4.0,True,3.88,3.93,Pass
4032,1481223,HK142_MT1005_L02,MT1005,-16,False,5.9,5.9,6.0,,,6.0,C,2.0,True,2.09,2.11,Pass
4033,1462819,HK142_MT1005_L02,MT1005,-16,False,6.7,7.9,7.5,,,7.4,B,3.0,True,3.03,3.12,Pass
4034,1453309,HK142_MT1005_L02,MT1005,-16,False,7.5,8.8,7.2,,,7.6,B,3.0,True,3.29,3.23,Pass
4035,1421099,HK142_MT1005_L02,MT1005,-16,False,7.5,7.8,8.9,,,8.4,B+,3.5,True,3.35,3.27,Pass
4036,1446867,HK142_MT1005_L02,MT1005,-16,False,7.2,7.6,8.3,,,7.9,B,3.0,True,2.97,2.98,Pass
4037,1456224,HK142_MT1005_L02,MT1005,-16,False,8.5,8.1,8.6,,,8.5,A,4.0,True,3.38,3.23,Pass
4038,1400396,HK142_MT1005_L02,MT1005,-16,False,6.4,5.6,5.7,,,5.8,C,2.0,True,2.06,2.14,Pass
4039,1428922,HK142_MT1005_L02,MT1005,-16,False,6.4,6.5,5.9,,,6.1,C,2.0,True,2.15,2.32,Pass
4040,1404229,HK142_MT1005_L02,MT1005,-16,False,3.7,4.2,4.3,,,4.2,D,1.0,True,0.45,1.0,Pass
4041,1459751,HK142_MT1005_L02,MT1005,-16,False,6.6,5.9,7.1,,,6.8,C+,2.5,True,2.21,2.33,Pass
4042,1499474,HK142_MT1005_L02,MT1005,-16,False,7.8,7.0,6.2,,,6.7,C+,2.5,True,2.32,2.42,Pass
4043,1489505,HK142_MT1005_L02,MT1005,-16,False,8.4,9.1,6.1,,,7.2,B,3.0,True,3.53,3.47,Pass
4044,1476315,HK142_MT1005_L02,MT1005,-16,False,10.0,8.3,8.4,,,8.7,A,4.0,True,4.0,3.96,Pass
4045,1467421,HK142_MT1005_L02,MT1005,-16,False,6.3,8.2,8.7,,,8.1,B+,3.5,True,2.62,2.53,Pass
4046,1462666,HK142_MT1005_L02,MT1005,-16,False,7.7,7.7,7.8,,,7.8,B,3.0,True,3.26,3.47,Pass
4047,1482757,HK142_MT1005_L02,MT1005,-16,False,6.0,6.7,7.1,,,6.8,C+,2.5,True,2.24,2.23,Pass
4048,1450241,HK142_MT1005_L02,MT1005,-16,False,5.3,4.2,4.6,,,4.7,D,1.0,True,1.41,1.48,Pass
4049,1471101,HK142_MT1005_L02,MT1005,-16,False,9.4,9.0,9.3,,,9.3,A,4.0,True,3.73,3.79,Pass
4050,1449013,HK142_MT1005_L02,MT1005,-16,False,7.3,7.4,5.9,,,6.5,C+,2.5,True,2.62,2.71,Pass
4051,1444105,HK142_MT1005_L02,MT1005,-16,False,6.9,8.1,7.8,,,7.7,B,3.0,True,2.79,2.7,Pass
4052,1493032,HK142_MT1005_L02,MT1005,-16,False,6.6,7.0,6.1,,,6.4,C+,2.5,True,2.35,2.44,Pass
4053,1448707,HK142_MT1005_L02,MT1005,-16,False,9.5,9.3,10.0,,,9.8,A+,4.0,True,3.97,3.88,Pass
4054,1410059,HK142_MT1005_L02,MT1005,-16,False,6.9,6.9,8.2,,,7.7,B,3.0,True,2.44,2.56,Pass
4055,1470948,HK142_MT1005_L02,MT1005,-16,False,4.5,5.4,4.6,,,4.7,D,1.0,True,0.45,1.27,Pass
4056,1439044,HK142_MT1005_L02,MT1005,-16,False,6.5,6.1,6.7,,,6.5,C+,2.5,True,2.15,2.35,Pass
4057,1493954,HK142_MT1005_L02,MT1005,-16,False,5.3,4.1,3.7,,,4.1,D,1.0,True,1.5,1.42,Pass
4058,1483063,HK142_MT1005_L02,MT1005,-16,False,7.4,7.3,7.7,,,7.6,B,3.0,True,3.18,3.15,Pass
4059,1423402,HK142_MT1005_L02,MT1005,-16,False,5.2,5.6,4.5,,,4.9,D,1.0,True,1.44,1.41,Pass
4060,1446255,HK142_MT1005_L02,MT1005,-16,False,5.0,5.0,5.1,,,5.1,D+,1.5,True,1.47,1.58,Pass
4061,1489811,HK142_MT1005_L02,MT1005,-16,False,7.9,9.7,8.5,,,8.6,A,4.0,True,3.91,3.7,Pass
4062,1447326,HK142_MT1005_L02,MT1005,-16,False,8.6,8.3,8.3,,,8.4,B+,3.5,True,3.56,3.35,Pass
4063,1494719,HK142_MT1005_L02,MT1005,-16,False,6.5,4.9,5.5,,,5.6,C,2.0,True,1.38,1.52,Pass
4064,1415120,HK142_MT1005_L02,MT1005,-16,False,7.5,9.2,8.5,,,8.4,B+,3.5,True,3.73,3.72,Pass
4065,1466040,HK142_MT1005_L02,MT1005,-16,False,8.0,6.9,6.5,,,6.9,C+,2.5,True,2.47,2.52,Pass
4066,1451928,HK142_MT1005_L02,MT1005,-16,False,4.1,6.1,4.7,,,4.9,D,1.0,True,1.5,1.56,Pass
4067,1438585,HK142_MT1005_L02,MT1005,-16,False,6.7,8.5,7.6,,,7.6,B,3.0,True,2.76,2.7,Pass
4068,1418341,HK142_MT1005_L02,MT1005,-16,False,8.5,8.3,10.0,,,9.4,A,4.0,True,3.79,3.74,Pass
4069,1461132,HK142_MT1005_L02,MT1005,-16,False,6.8,6.4,6.2,,,6.4,C+,2.5,True,2.32,2.32,Pass
4070,1473247,HK142_MT1005_L02,MT1005,-16,False,7.9,6.2,7.7,,,7.4,B,3.0,True,2.47,2.44,Pass
4071,1451469,HK142_MT1005_L02,MT1005,-16,False,9.4,8.7,8.6,,,8.8,A,4.0,True,4.0,3.97,Pass
4072,1425701,HK142_MT1005_L02,MT1005,-16,False,3.8,4.9,5.2,,,4.9,D,1.0,True,0.55,1.0,Pass
4073,1439660,HK142_MT1005_L02,MT1005,-16,False,8.1,8.2,8.4,,,8.3,B+,3.5,True,3.76,3.7,Pass
4074,1436745,HK142_MT1005_L02,MT1005,-16,False,8.3,6.6,7.1,,,7.2,B,3.0,True,2.59,2.52,Pass
4075,1403464,HK142_MT1005_L02,MT1005,-16,False,7.4,5.8,5.9,,,6.2,C,2.0,True,2.26,2.41,Pass
4076,1400702,HK142_MT1005_L02,MT1005,-16,False,7.9,8.1,7.7,,,7.8,B,3.0,True,3.18,3.12,Pass
4077,1428463,HK142_MT1005_L02,MT1005,-16,False,5.2,7.2,5.8,,,6.0,C,2.0,True,2.32,2.18,Pass
4078,1422021,HK142_MT1005_L02,MT1005,-16,False,4.5,6.6,4.5,,,4.9,D,1.0,True,1.21,1.33,Pass
4079,1469567,HK142_MT1005_L02,MT1005,-16,False,8.5,8.0,8.2,,,8.2,B+,3.5,True,3.56,3.44,Pass
4080,1470795,HK142_MT1005_L02,MT1005,-16,False,8.0,7.5,6.5,,,7.0,B,3.0,True,2.71,2.62,Pass
4081,1466193,HK142_MT1005_L02,MT1005,-16,False,8.7,9.4,8.7,,,8.8,A,4.0,True,3.76,3.79,Pass
4082,1410212,HK142_MT1005_L02,MT1005,-16,False,6.2,6.0,5.8,,,5.9,C,2.0,True,2.18,2.14,Pass
4083,1478155,HK142_MT1005_L02,MT1005,-16,False,7.3,10.0,9.0,,,8.9,A,4.0,True,3.85,3.8,Pass
4084,1474016,HK142_MT1005_L02,MT1005,-16,False,6.9,7.6,6.8,,,7.0,B,3.0,True,2.21,1.94,Pass
4085,1451010,HK142_MT1005_L02,MT1005,-16,False,5.9,5.7,5.2,,,5.4,D+,1.5,True,1.91,1.8,Pass
4086,1422174,HK142_MT1005_L02,MT1005,-16,False,7.8,7.2,7.2,,,7.3,B,3.0,True,2.88,2.88,Pass
4087,1418800,HK142_MT1005_L02,MT1005,-16,False,7.1,7.4,7.6,,,7.5,B,3.0,True,3.0,3.18,Pass
4088,1433065,HK142_MT1005_L02,MT1005,-16,False,4.1,5.5,3.4,,,4.0,D,1.0,True,0.8,1.06,Pass
4089,1414045,HK142_MT1005_L02,MT1005,-16,False,6.5,5.9,5.6,,,5.8,C,2.0,True,2.41,2.52,Pass
4090,1446714,HK142_MT1005_L02,MT1005,-16,False,8.1,7.4,7.8,,,7.8,B,3.0,True,3.41,3.35,Pass
4091,1403923,HK142_MT1005_L02,MT1005,-16,False,7.9,6.2,5.8,,,6.3,C,2.0,True,2.21,2.33,Pass
4092,1472482,HK142_MT1005_L02,MT1005,-16,False,6.7,7.8,7.7,,,7.5,B,3.0,True,3.5,3.44,Pass
4093,1439813,HK142_MT1005_L02,MT1005,-16,False,7.7,8.1,8.4,,,8.2,B+,3.5,True,3.24,3.18,Pass
4094,1469414,HK142_MT1005_L02,MT1005,-16,False,9.4,8.5,9.1,,,9.0,A,4.0,True,3.85,3.7,Pass
4095,1448095,HK142_MT1005_L02,MT1005,-16,False,8.8,6.9,7.2,,,7.5,B,3.0,True,3.09,3.05,Pass
4096,1491498,HK142_MT1005_L02,MT1005,-16,False,9.1,9.0,8.6,,,8.8,A,4.0,True,3.65,3.35,Pass
4097,1420793,HK142_MT1005_L02,MT1005,-16,False,7.9,7.9,6.4,,,7.0,B,3.0,True,3.29,3.12,Pass
4098,1469261,HK142_MT1005_L02,MT1005,-16,False,5.1,3.7,2.7,,,3.4,F,0.0,False,0.71,1.0,Fail
4099,1408831,HK142_MT1005_L02,MT1005,-16,False,7.4,8.6,8.1,,,8.1,B+,3.5,True,3.26,3.08,Pass
4100,1410671,HK142_MT1005_L02,MT1005,-16,False,8.1,7.5,8.0,,,7.9,B,3.0,True,3.26,3.24,Pass
4101,1448554,HK142_MT1005_L02,MT1005,-16,False,9.7,9.0,9.8,,,9.6,A+,4.0,True,3.92,3.82,Pass
4102,1476009,HK142_MT1005_L02,MT1005,-16,False,6.9,8.9,8.0,,,8.0,B+,3.5,True,3.15,3.23,Pass
4103,1439966,HK142_MT1005_L02,MT1005,-16,False,6.7,8.5,6.9,,,7.2,B,3.0,True,2.74,2.5,Pass
4104,1432143,HK142_MT1005_L02,MT1005,-16,False,8.1,7.4,7.7,,,7.7,B,3.0,True,2.97,3.03,Pass
4105,1497634,HK142_MT1005_L02,MT1005,-16,False,8.4,10.0,9.1,,,9.1,A,4.0,True,3.68,3.71,Pass
4106,1427541,HK142_MT1005_L02,MT1005,-16,False,7.5,6.5,6.4,,,6.6,C+,2.5,True,3.24,3.09,Pass
4107,1475240,HK142_MT1005_L02,MT1005,-16,False,7.6,6.4,6.3,,,6.6,C+,2.5,True,2.44,2.3,Pass
4108,1443799,HK142_MT1005_L02,MT1005,-16,False,8.6,7.6,7.2,,,7.6,B,3.0,True,3.03,3.26,Pass
4109,1415732,HK142_MT1005_L02,MT1005,-16,False,8.3,7.2,9.3,,,8.7,A,4.0,True,3.32,3.36,Pass
4110,1463737,HK142_MT1005_L02,MT1005,-16,False,8.4,7.5,8.5,,,8.3,B+,3.5,True,3.65,3.44,Pass
4111,1492420,HK142_MT1005_L02,MT1005,-16,False,4.5,6.2,6.3,,,5.9,C,2.0,True,2.44,2.48,Pass
4112,1492879,HK142_MT1005_L02,MT1005,-16,False,6.9,7.2,7.9,,,7.6,B,3.0,True,3.12,3.15,Pass
4113,1490427,HK142_MT1005_L02,MT1005,-16,False,6.8,6.0,7.9,,,7.3,B,3.0,True,2.29,2.38,Pass
4114,1449629,HK142_MT1005_L02,MT1005,-16,False,5.8,7.8,6.0,,,6.3,C,2.0,True,2.41,2.44,Pass
4115,1419875,HK142_MT1005_L02,MT1005,-16,False,7.5,7.6,7.6,,,7.6,B,3.0,True,2.59,2.58,Pass
4116,1425242,HK142_MT1005_L02,MT1005,-16,False,6.3,6.9,7.0,,,6.8,C+,2.5,True,2.03,2.08,Pass
4117,1460210,HK142_MT1005_L02,MT1005,-16,False,4.7,5.2,2.8,,,3.7,F,0.0,False,0.67,1.0,Fail
4118,1478308,HK142_MT1005_L02,MT1005,-16,False,8.5,7.7,7.7,,,7.9,B,3.0,True,2.56,2.62,Pass
4119,1441194,HK142_MT1005_L02,MT1005,-16,False,8.5,9.2,7.4,,,8.0,B+,3.5,True,3.09,3.2,Pass
4120,1428310,HK142_MT1005_L02,MT1005,-16,False,8.7,8.8,8.9,,,8.8,A,4.0,True,3.5,3.5,Pass
4121,1425854,HK142_MT1005_L02,MT1005,-16,False,6.7,7.7,7.5,,,7.4,B,3.0,True,2.91,2.86,Pass
4122,1474934,HK142_MT1005_L02,MT1005,-16,False,3.5,3.3,4.4,,,4.0,D,1.0,True,0.55,1.0,Pass
4123,1485519,HK142_MT1005_L02,MT1005,-16,False,5.7,4.2,4.4,,,4.6,D,1.0,True,0.94,1.3,Pass
4124,1414198,HK142_MT1005_L02,MT1005,-16,False,4.7,6.0,6.1,,,5.8,C,2.0,True,1.5,1.45,Pass
4125,1403770,HK142_MT1005_L02,MT1005,-16,False,8.3,8.2,7.1,,,7.6,B,3.0,True,2.88,3.12,Pass
4126,1480764,HK142_MT1005_L02,MT1005,-16,False,8.0,6.9,6.9,,,7.1,B,3.0,True,2.71,2.56,Pass
4127,1463125,HK142_MT1005_L02,MT1005,-16,False,5.7,6.0,5.1,,,5.4,D+,1.5,True,1.59,1.74,Pass
4128,1474475,HK142_MT1005_L02,MT1005,-16,False,7.7,8.3,6.5,,,7.1,B,3.0,True,2.88,2.98,Pass
4129,1436439,HK142_MT1005_L02,MT1005,-16,False,7.1,5.7,7.9,,,7.3,B,3.0,True,2.91,2.76,Pass
4130,1461591,HK142_MT1005_L02,MT1005,-16,False,5.3,7.1,5.9,,,6.0,C,2.0,True,2.29,2.45,Pass
4131,1446102,HK142_MT1005_L02,MT1005,-16,False,8.3,7.7,10.0,,,9.2,A,4.0,True,3.68,3.62,Pass
4132,1431990,HK142_MT1005_L02,MT1005,-16,False,6.8,5.9,8.2,,,7.5,B,3.0,True,2.82,2.82,Pass
4133,1435364,HK142_MT1005_L02,MT1005,-16,False,6.2,6.0,4.7,,,5.3,D+,1.5,True,2.38,2.24,Pass
4134,1408372,HK142_MT1005_L02,MT1005,-16,False,9.2,6.9,8.2,,,8.1,B+,3.5,True,3.5,3.42,Pass
4135,1439197,HK142_MT1005_L02,MT1005,-16,False,7.7,6.7,7.0,,,7.1,B,3.0,True,2.76,2.74,Pass
4136,1495335,HK142_MT1005_L03,MT1005,-16,False,5.7,8.1,6.2,,,6.5,C+,2.5,True,2.0,2.17,Pass
4137,1443187,HK142_MT1005_L03,MT1005,-16,False,5.7,7.4,5.0,,,5.6,C,2.0,True,2.0,2.05,Pass
4138,1456683,HK142_MT1005_L03,MT1005,-16,False,8.8,9.9,6.8,,,7.8,B,3.0,True,3.12,3.2,Pass
4139,1459445,HK142_MT1005_L03,MT1005,-16,False,7.3,6.9,6.2,,,6.6,C+,2.5,True,2.18,2.17,Pass
4140,1421868,HK142_MT1005_L03,MT1005,-16,False,9.2,7.6,7.2,,,7.7,B,3.0,True,3.41,3.21,Pass
4141,1487818,HK142_MT1005_L03,MT1005,-16,False,7.6,7.7,7.8,,,7.7,B,3.0,True,3.29,3.17,Pass
4142,1491192,HK142_MT1005_L03,MT1005,-16,False,6.4,8.2,8.8,,,8.2,B+,3.5,True,3.35,3.29,Pass
4143,1488740,HK142_MT1005_L03,MT1005,-16,False,5.8,6.1,6.4,,,6.2,C,2.0,True,2.18,2.24,Pass
4144,1428157,HK142_MT1005_L03,MT1005,-16,False,5.3,6.1,5.6,,,5.6,C,2.0,True,1.62,1.77,Pass
4145,1433830,HK142_MT1005_L03,MT1005,-16,False,6.8,5.1,7.3,,,6.8,C+,2.5,True,2.21,1.94,Pass
4146,1456989,HK142_MT1005_L03,MT1005,-16,False,6.9,7.7,7.6,,,7.5,B,3.0,True,3.03,3.08,Pass
4147,1428769,HK142_MT1005_L03,MT1005,-16,False,7.2,5.8,6.7,,,6.6,C+,2.5,True,2.09,2.2,Pass
4148,1475703,HK142_MT1005_L03,MT1005,-16,False,6.0,4.4,7.2,,,6.4,C+,2.5,True,2.0,1.98,Pass
4149,1492114,HK142_MT1005_L03,MT1005,-16,False,8.5,8.3,7.3,,,7.7,B,3.0,True,3.32,3.41,Pass
4150,1429691,HK142_MT1005_L03,MT1005,-16,False,6.4,6.0,6.8,,,6.6,C+,2.5,True,2.53,2.32,Pass
4151,1494566,HK142_MT1005_L03,MT1005,-16,False,6.5,6.2,6.7,,,6.6,C+,2.5,True,2.35,2.33,Pass
4152,1415426,HK142_MT1005_L03,MT1005,-16,False,5.7,5.3,5.2,,,5.3,D+,1.5,True,1.26,1.47,Pass
4153,1406069,HK142_MT1005_L03,MT1005,-16,False,6.9,6.9,8.4,,,7.8,B,3.0,True,2.53,2.44,Pass
4154,1404382,HK142_MT1005_L03,MT1005,-16,False,6.7,6.5,6.1,,,6.3,C,2.0,True,2.09,2.24,Pass
4155,1403617,HK142_MT1005_L03,MT1005,-16,False,8.0,9.0,8.0,,,8.2,B+,3.5,True,3.47,3.56,Pass
4156,1434905,HK142_MT1005_L03,MT1005,-16,False,5.8,7.7,6.7,,,6.7,C+,2.5,True,2.71,2.59,Pass
4157,1487359,HK142_MT1005_L03,MT1005,-16,False,8.7,7.8,6.5,,,7.2,B,3.0,True,3.26,3.2,Pass
4158,1430762,HK142_MT1005_L03,MT1005,-16,False,5.5,6.8,6.3,,,6.2,C,2.0,True,1.94,2.03,Pass
4159,1496100,HK142_MT1005_L03,MT1005,-16,False,5.1,5.7,6.0,,,5.8,C,2.0,True,2.15,2.08,Pass
4160,1410365,HK142_MT1005_L03,MT1005,-16,False,8.3,8.6,8.5,,,8.5,A,4.0,True,3.65,3.65,Pass
4161,1488124,HK142_MT1005_L03,MT1005,-16,False,7.9,8.0,8.4,,,8.2,B+,3.5,True,3.53,3.42,Pass
4162,1417572,HK142_MT1005_L03,MT1005,-16,False,6.9,6.3,5.3,,,5.8,C,2.0,True,2.0,2.11,Pass
4163,1422480,HK142_MT1005_L03,MT1005,-16,False,8.3,8.4,9.8,,,9.2,A,4.0,True,3.88,3.85,Pass
4164,1497481,HK142_MT1005_L03,MT1005,-16,False,5.3,6.0,6.9,,,6.4,C+,2.5,True,2.21,2.27,Pass
4165,1412817,HK142_MT1005_L03,MT1005,-16,False,6.8,7.3,6.8,,,6.9,C+,2.5,True,2.35,2.39,Pass
4166,1407603,HK142_MT1005_L03,MT1005,-16,False,6.9,6.9,8.6,,,7.9,B,3.0,True,2.62,2.53,Pass
4167,1486131,HK142_MT1005_L03,MT1005,-16,False,6.2,6.2,6.2,,,6.2,C,2.0,True,2.26,2.11,Pass
4168,1475087,HK142_MT1005_L03,MT1005,-16,False,8.0,9.3,9.1,,,8.9,A,4.0,True,3.94,3.97,Pass
4169,1431837,HK142_MT1005_L03,MT1005,-16,False,6.2,4.9,6.6,,,6.2,C,2.0,True,2.21,2.26,Pass
4170,1479230,HK142_MT1005_L03,MT1005,-16,False,6.5,6.4,6.9,,,6.7,C+,2.5,True,2.53,2.48,Pass
4171,1432296,HK142_MT1005_L03,MT1005,-16,False,6.2,7.3,6.8,,,6.8,C+,2.5,True,2.41,2.47,Pass
4172,1478002,HK142_MT1005_L03,MT1005,-16,False,6.4,5.1,5.9,,,5.8,C,2.0,True,2.47,2.53,Pass
4173,1424167,HK142_MT1005_L03,MT1005,-16,False,5.5,6.6,3.9,,,4.8,D,1.0,True,1.27,1.38,Pass
4174,1427235,HK142_MT1005_L03,MT1005,-16,False,8.1,6.9,7.8,,,7.7,B,3.0,True,2.97,2.94,Pass
4175,1461897,HK142_MT1005_L03,MT1005,-16,False,5.3,5.3,6.5,,,6.0,C,2.0,True,1.79,1.82,Pass
4176,1412205,HK142_MT1005_L03,MT1005,-16,False,5.6,4.1,5.9,,,5.5,C,2.0,True,1.88,2.03,Pass
4177,1405151,HK142_MT1005_L03,MT1005,-16,False,8.5,8.7,8.3,,,8.4,B+,3.5,True,3.12,3.06,Pass
4178,1449476,HK142_MT1005_L03,MT1005,-16,False,8.0,8.2,6.9,,,7.4,B,3.0,True,3.0,2.95,Pass
4179,1464353,HK142_MT1005_L03,MT1005,-16,False,8.1,8.3,8.0,,,8.1,B+,3.5,True,3.29,3.32,Pass
4180,1498093,HK142_MT1005_L03,MT1005,-16,False,8.4,6.8,6.6,,,7.0,B,3.0,True,2.44,2.39,Pass
4181,1481376,HK142_MT1005_L03,MT1005,-16,False,3.9,2.6,3.3,,,3.3,F,0.0,False,0.0,,Fail
4182,1467880,HK142_MT1005_L03,MT1005,-16,False,6.0,6.3,6.6,,,6.4,C+,2.5,True,2.35,2.48,Pass
4183,1427694,HK142_MT1005_L03,MT1005,-16,False,2.6,6.2,5.4,,,5.0,D+,1.5,True,1.41,1.32,Pass
4184,1479842,HK142_MT1005_L03,MT1005,-16,False,7.5,7.1,7.2,,,7.2,B,3.0,True,3.12,3.09,Pass
4185,1449935,HK142_MT1005_L03,MT1005,-16,False,4.9,4.1,4.5,,,4.5,D,1.0,True,0.76,1.1,Pass
4186,1434136,HK142_MT1005_L03,MT1005,-16,False,10.0,10.0,8.7,,,9.2,A,4.0,True,4.0,3.96,Pass
4187,1415579,HK142_MT1005_L03,MT1005,-16,False,6.3,6.9,8.0,,,7.4,B,3.0,True,2.59,2.38,Pass
4188,1422327,HK142_MT1005_L03,MT1005,-16,False,6.7,8.6,7.4,,,7.5,B,3.0,True,3.18,3.24,Pass
4189,1451622,HK142_MT1005_L03,MT1005,-16,False,7.1,8.2,8.6,,,8.2,B+,3.5,True,3.12,2.98,Pass
4190,1495794,HK142_MT1005_L03,MT1005,-16,False,7.5,7.4,8.2,,,7.9,B,3.0,True,3.38,3.26,Pass
4191,1477390,HK142_MT1005_L03,MT1005,-16,False,7.6,8.0,6.9,,,7.3,B,3.0,True,3.18,3.03,Pass
4192,1484750,HK142_MT1005_L03,MT1005,-16,False,6.3,5.7,8.1,,,7.3,B,3.0,True,2.76,2.7,Pass
4193,1420334,HK142_MT1005_L03,MT1005,-16,False,7.5,5.8,6.0,,,6.3,C,2.0,True,2.12,1.95,Pass
4194,1424014,HK142_MT1005_L03,MT1005,-16,False,6.7,6.2,6.1,,,6.2,C,2.0,True,2.0,2.06,Pass
4195,1491651,HK142_MT1005_L03,MT1005,-16,False,7.1,7.0,7.1,,,7.1,B,3.0,True,2.74,2.52,Pass
4196,1456836,HK142_MT1005_L03,MT1005,-16,False,8.9,9.8,9.8,,,9.6,A+,4.0,True,4.0,4.0,Pass
4197,1440578,HK142_MT1005_L03,MT1005,-16,False,6.6,6.1,6.1,,,6.2,C,2.0,True,2.26,2.44,Pass
4198,1425395,HK142_MT1005_L03,MT1005,-16,False,8.9,8.2,8.8,,,8.7,A,4.0,True,4.0,4.0,Pass
4199,1481070,HK142_MT1005_L03,MT1005,-16,False,6.3,5.9,5.7,,,5.9,C,2.0,True,2.29,2.38,Pass
4200,1472635,HK142_MT1005_L03,MT1005,-16,False,8.0,8.7,8.1,,,8.2,B+,3.5,True,3.21,3.11,Pass
4201,1453462,HK142_MT1005_L03,MT1005,-16,False,3.7,4.5,3.4,,,3.7,F,0.0,False,0.24,1.0,Fail
4202,1456530,HK142_MT1005_L03,MT1005,-16,False,7.6,8.2,7.4,,,7.6,B,3.0,True,3.24,3.18,Pass
4203,1407450,HK142_MT1005_L03,MT1005,-16,False,8.8,8.4,7.6,,,8.0,B+,3.5,True,3.06,3.06,Pass
4204,1458523,HK142_MT1005_L03,MT1005,-16,False,7.5,7.3,7.0,,,7.2,B,3.0,True,2.29,2.26,Pass
4205,1477696,HK142_MT1005_L03,MT1005,-16,False,7.7,6.6,6.9,,,7.0,B,3.0,True,2.44,2.56,Pass
4206,1420487,HK142_MT1005_L03,MT1005,-16,False,6.9,7.0,6.5,,,6.7,C+,2.5,True,2.21,2.15,Pass
4207,1492267,HK142_MT1005_L03,MT1005,-16,False,8.1,9.9,7.7,,,8.2,B+,3.5,True,3.26,3.35,Pass
4208,1427388,HK142_MT1005_L03,MT1005,-16,False,5.9,4.9,7.5,,,6.7,C+,2.5,True,2.06,1.94,Pass
4209,1497940,HK142_MT1005_L03,MT1005,-16,False,6.6,8.1,8.8,,,8.2,B+,3.5,True,3.21,3.06,Pass
4210,1477543,HK142_MT1005_L03,MT1005,-16,False,5.3,5.5,5.8,,,5.6,C,2.0,True,1.74,1.73,Pass
4211,1438891,HK142_MT1005_L03,MT1005,-16,False,6.8,6.2,7.0,,,6.8,C+,2.5,True,2.44,2.41,Pass
4212,1464812,HK142_MT1005_L03,MT1005,-16,False,5.5,4.9,6.9,,,6.2,C,2.0,True,1.56,1.56,Pass
4213,1492573,HK142_MT1005_L03,MT1005,-16,False,6.6,7.3,7.6,,,7.3,B,3.0,True,2.85,2.8,Pass
4214,1430456,HK142_MT1005_L03,MT1005,-16,False,9.0,8.2,8.2,,,8.4,B+,3.5,True,3.26,3.29,Pass
4215,1408678,HK142_MT1005_L03,MT1005,-16,False,5.8,6.6,6.5,,,6.4,C+,2.5,True,2.21,2.35,Pass
4216,1412052,HK142_MT1005_L03,MT1005,-16,False,6.9,8.2,7.7,,,7.6,B,3.0,True,2.74,2.77,Pass
4217,1466805,HK142_MT1005_L03,MT1005,-16,False,7.0,7.3,6.2,,,6.6,C+,2.5,True,2.56,2.44,Pass
4218,1411283,HK142_MT1005_L03,MT1005,-16,False,9.7,8.7,8.5,,,8.8,A,4.0,True,3.76,3.85,Pass
4219,1403001,HK142_MT1005_L03,MT1005,-16,False,5.8,6.2,7.1,,,6.7,C+,2.5,True,2.41,2.21,Pass
4220,1457911,HK142_MT1005_L03,MT1005,-16,False,10.0,9.6,8.7,,,9.1,A,4.0,True,4.0,3.83,Pass
4221,1478924,HK142_MT1005_L03,MT1005,-16,False,6.3,7.2,7.5,,,7.2,B,3.0,True,2.38,2.2,Pass
4222,1423708,HK142_MT1005_L03,MT1005,-16,False,5.9,4.7,5.4,,,5.4,D+,1.5,True,1.59,1.61,Pass
4223,1420946,HK142_MT1005_L03,MT1005,-16,False,8.1,7.2,7.7,,,7.7,B,3.0,True,2.29,2.32,Pass
4224,1412358,HK142_MT1005_L03,MT1005,-16,False,5.8,6.0,7.3,,,6.7,C+,2.5,True,2.44,2.33,Pass
4225,1470332,HK142_MT1005_L03,MT1005,-16,False,7.1,5.4,5.8,,,6.0,C,2.0,True,2.35,2.5,Pass
4226,1453768,HK142_MT1005_L03,MT1005,-16,False,5.7,7.7,7.8,,,7.4,B,3.0,True,2.85,2.58,Pass
4227,1483985,HK142_MT1005_L03,MT1005,-16,False,4.5,3.8,4.1,,,4.1,D,1.0,True,0.52,1.0,Pass
4228,1489658,HK142_MT1005_L03,MT1005,-16,False,8.6,8.9,8.7,,,8.7,A,4.0,True,3.68,3.59,Pass
4229,1432449,HK142_MT1005_L03,MT1005,-16,False,5.2,5.0,5.2,,,5.2,D+,1.5,True,2.09,1.98,Pass
4230,1449782,HK142_MT1005_L03,MT1005,-16,False,6.4,6.4,8.4,,,7.6,B,3.0,True,2.29,2.29,Pass
4231,1494872,HK142_MT1005_L03,MT1005,-16,False,7.1,8.1,8.1,,,7.9,B,3.0,True,3.21,3.23,Pass
4232,1430609,HK142_MT1005_L03,MT1005,-16,False,6.0,7.3,6.1,,,6.3,C,2.0,True,2.06,2.14,Pass
4233,1486437,HK142_MT1005_L03,MT1005,-16,False,5.9,4.8,6.6,,,6.1,C,2.0,True,2.09,2.23,Pass
4234,1415885,HK142_MT1005_L03,MT1005,-16,False,8.3,8.6,8.1,,,8.2,B+,3.5,True,3.82,3.91,Pass
4235,1426623,HK142_MT1005_L03,MT1005,-16,False,6.5,7.0,6.6,,,6.7,C+,2.5,True,2.56,2.58,Pass
4236,1456377,HK142_MT1005_L03,MT1005,-16,False,8.2,7.9,8.7,,,8.4,B+,3.5,True,3.15,3.27,Pass
4237,1444721,HK142_MT1005_L03,MT1005,-16,False,5.0,5.6,6.1,,,5.8,C,2.0,True,1.62,1.76,Pass
4238,1496559,HK142_MT1005_L03,MT1005,-16,False,6.0,7.4,6.4,,,6.5,C+,2.5,True,2.41,2.32,Pass
4239,1466499,HK142_MT1005_L03,MT1005,-16,False,6.2,7.3,7.6,,,7.3,B,3.0,True,2.79,2.71,Pass
4240,1455455,HK142_MT1005_L03,MT1005,-16,False,6.3,5.9,6.2,,,6.2,C,2.0,True,1.85,1.97,Pass
4241,1460979,HK142_MT1005_L03,MT1005,-16,False,6.7,6.2,5.6,,,5.9,C,2.0,True,2.09,2.02,Pass
4242,1482145,HK142_MT1005_L04,MT1005,-16,False,7.2,6.8,9.3,,,8.4,B+,3.5,True,2.56,2.44,Pass
4243,1491039,HK142_MT1005_L04,MT1005,-16,False,9.9,9.0,7.8,,,8.5,A,4.0,True,3.74,3.77,Pass
4244,1420181,HK142_MT1005_L04,MT1005,-16,False,7.0,6.6,5.8,,,6.2,C,2.0,True,2.65,2.56,Pass
4245,1435517,HK142_MT1005_L04,MT1005,-16,False,8.3,8.4,8.0,,,8.1,B+,3.5,True,3.32,3.21,Pass
4246,1413892,HK142_MT1005_L04,MT1005,-16,False,8.8,8.9,8.7,,,8.8,A,4.0,True,3.35,3.47,Pass
4247,1402695,HK142_MT1005_L04,MT1005,-16,False,9.8,9.4,7.9,,,8.6,A,4.0,True,3.82,3.62,Pass
4248,1437051,HK142_MT1005_L04,MT1005,-16,False,6.4,5.7,6.8,,,6.5,C+,2.5,True,2.41,2.58,Pass
4249,1472941,HK142_MT1005_L04,MT1005,-16,False,5.4,7.2,6.4,,,6.4,C+,2.5,True,2.21,2.17,Pass
4250,1483369,HK142_MT1005_L04,MT1005,-16,False,5.3,7.6,7.6,,,7.1,B,3.0,True,2.24,2.53,Pass
4251,1471560,HK142_MT1005_L04,MT1005,-16,False,6.8,6.9,6.8,,,6.8,C+,2.5,True,2.38,2.36,Pass
4252,1445333,HK142_MT1005_L04,MT1005,-16,False,6.8,5.1,6.0,,,6.0,C,2.0,True,2.15,2.41,Pass
4253,1425089,HK142_MT1005_L04,MT1005,-16,False,8.0,6.9,6.8,,,7.1,B,3.0,True,3.29,3.26,Pass
4254,1479077,HK142_MT1005_L04,MT1005,-16,False,9.6,8.8,9.1,,,9.1,A,4.0,True,4.0,3.97,Pass
4255,1438738,HK142_MT1005_L04,MT1005,-16,False,8.4,7.8,7.7,,,7.9,B,3.0,True,3.29,3.15,Pass
4256,1416654,HK142_MT1005_L04,MT1005,-16,False,7.4,8.7,9.7,,,9.0,A,4.0,True,3.76,3.79,Pass
4257,1483832,HK142_MT1005_L04,MT1005,-16,False,6.4,4.5,6.2,,,5.9,C,2.0,True,2.24,2.18,Pass
4258,1414504,HK142_MT1005_L04,MT1005,-16,False,9.8,8.4,9.3,,,9.2,A,4.0,True,4.0,4.0,Pass
4259,1485978,HK142_MT1005_L04,MT1005,-16,False,7.9,7.5,9.1,,,8.5,A,4.0,True,3.38,3.27,Pass
4260,1434752,HK142_MT1005_L04,MT1005,-16,False,4.0,5.0,4.9,,,4.7,D,1.0,True,1.62,1.58,Pass
4261,1426776,HK142_MT1005_L04,MT1005,-16,False,8.7,7.4,6.9,,,7.4,B,3.0,True,2.85,2.89,Pass
4262,1447789,HK142_MT1005_L04,MT1005,-16,False,6.7,6.0,6.5,,,6.4,C+,2.5,True,2.41,2.33,Pass
4263,1423249,HK142_MT1005_L04,MT1005,-16,False,6.0,6.6,6.1,,,6.2,C,2.0,True,2.24,2.2,Pass
4264,1490733,HK142_MT1005_L04,MT1005,-16,False,6.1,6.4,6.7,,,6.5,C+,2.5,True,2.24,2.06,Pass
4265,1484291,HK142_MT1005_L04,MT1005,-16,False,7.9,5.6,7.5,,,7.2,B,3.0,True,2.85,2.85,Pass
4266,1444568,HK142_MT1005_L04,MT1005,-16,False,6.5,8.1,6.0,,,6.5,C+,2.5,True,2.91,3.12,Pass
4267,1489046,HK142_MT1005_L04,MT1005,-16,False,6.9,6.2,5.5,,,5.9,C,2.0,True,2.09,2.21,Pass
4268,1471254,HK142_MT1005_L04,MT1005,-16,False,5.5,4.8,5.9,,,5.6,C,2.0,True,1.41,1.55,Pass
4269,1448248,HK142_MT1005_L04,MT1005,-16,False,5.2,7.0,6.8,,,6.5,C+,2.5,True,2.53,2.5,Pass
4270,1471407,HK142_MT1005_L04,MT1005,-16,False,6.3,6.6,6.2,,,6.3,C,2.0,True,2.21,2.18,Pass
4271,1429844,HK142_MT1005_L04,MT1005,-16,False,5.9,6.7,5.9,,,6.1,C,2.0,True,2.24,2.26,Pass
4272,1499168,HK142_MT1005_L04,MT1005,-16,False,5.4,6.5,6.1,,,6.0,C,2.0,True,2.24,2.35,Pass
4273,1439507,HK142_MT1005_L04,MT1005,-16,False,5.8,6.5,6.0,,,6.1,C,2.0,True,1.5,1.59,Pass
4274,1459292,HK142_MT1005_L04,MT1005,-16,False,5.2,5.3,5.1,,,5.2,D+,1.5,True,1.68,1.73,Pass
4275,1462050,HK142_MT1005_L04,MT1005,-16,False,3.5,4.7,5.6,,,5.0,D+,1.5,True,0.73,1.09,Pass
4276,1459598,HK142_MT1005_L04,MT1005,-16,False,6.9,6.0,4.5,,,5.3,D+,1.5,True,1.71,1.67,Pass
4277,1451163,HK142_MT1005_L04,MT1005,-16,False,7.0,7.3,5.3,,,6.0,C,2.0,True,2.32,2.42,Pass
4278,1469720,HK142_MT1005_L04,MT1005,-16,False,8.6,9.6,8.1,,,8.5,A,4.0,True,3.82,3.85,Pass
4279,1404688,HK142_MT1005_L04,MT1005,-16,False,6.2,7.9,5.9,,,6.4,C+,2.5,True,2.41,2.47,Pass
4280,1407909,HK142_MT1005_L04,MT1005,-16,False,4.8,6.9,8.3,,,7.3,B,3.0,True,2.12,2.02,Pass
4281,1487512,HK142_MT1005_L04,MT1005,-16,False,6.9,7.2,6.8,,,6.9,C+,2.5,True,2.5,2.64,Pass
4282,1433371,HK142_MT1005_L04,MT1005,-16,False,5.3,7.4,7.0,,,6.7,C+,2.5,True,2.06,1.94,Pass
4283,1477849,HK142_MT1005_L04,MT1005,-16,False,7.0,6.8,6.4,,,6.6,C+,2.5,True,2.5,2.42,Pass
4284,1410824,HK142_MT1005_L04,MT1005,-16,False,8.2,10.0,9.1,,,9.1,A,4.0,True,3.88,3.94,Pass
4285,1463278,HK142_MT1005_L04,MT1005,-16,False,4.0,5.7,6.2,,,5.7,C,2.0,True,1.71,1.74,Pass
4286,1458064,HK142_MT1005_L04,MT1005,-16,False,6.0,7.2,6.4,,,6.5,C+,2.5,True,2.44,2.32,Pass
4287,1440119,HK142_MT1005_L04,MT1005,-16,False,9.3,9.1,6.8,,,7.8,B,3.0,True,3.35,3.36,Pass
4288,1400549,HK142_MT1005_L04,MT1005,-16,False,8.7,7.5,8.9,,,8.6,A,4.0,True,3.0,2.94,Pass
4289,1441500,HK142_MT1005_L04,MT1005,-16,False,5.5,4.5,3.0,,,3.8,F,0.0,False,1.32,1.53,Fail
4290,1474781,HK142_MT1005_L04,MT1005,-16,False,5.5,6.4,7.9,,,7.1,B,3.0,True,3.24,3.3,Pass
4291,1408984,HK142_MT1005_L04,MT1005,-16,False,8.1,7.5,7.8,,,7.8,B,3.0,True,2.94,2.88,Pass
4292,1463431,HK142_MT1005_L04,MT1005,-16,False,5.7,9.1,5.3,,,6.1,C,2.0,True,2.29,2.42,Pass
4293,1481529,HK142_MT1005_L04,MT1005,-16,False,7.0,7.6,6.9,,,7.1,B,3.0,True,2.62,2.65,Pass
4294,1440731,HK142_MT1005_L04,MT1005,-16,False,6.9,6.7,8.7,,,7.9,B,3.0,True,3.12,2.98,Pass
4295,1468033,HK142_MT1005_L04,MT1005,-16,False,8.4,7.6,7.1,,,7.5,B,3.0,True,3.32,3.2,Pass
4296,1423861,HK142_MT1005_L04,MT1005,-16,False,4.1,5.0,4.0,,,4.2,D,1.0,True,0.5,1.0,Pass
4297,1413280,HK142_MT1005_L04,MT1005,-16,False,6.8,5.7,6.6,,,6.5,C+,2.5,True,2.38,2.3,Pass
4298,1420640,HK142_MT1005_L04,MT1005,-16,False,7.7,8.4,7.9,,,8.0,B+,3.5,True,3.53,3.64,Pass
4299,1460057,HK142_MT1005_L04,MT1005,-16,False,8.0,7.2,8.6,,,8.2,B+,3.5,True,3.5,3.47,Pass
4300,1454690,HK142_MT1005_L04,MT1005,-16,False,3.4,4.0,4.0,,,3.9,F,0.0,False,0.32,1.0,Fail
4301,1486590,HK142_MT1005_L04,MT1005,-16,False,8.4,8.3,8.8,,,8.6,A,4.0,True,3.24,3.21,Pass
4302,1476162,HK142_MT1005_L04,MT1005,-16,False,5.9,5.3,5.1,,,5.3,D+,1.5,True,1.29,1.38,Pass
4303,1487206,HK142_MT1005_L04,MT1005,-16,False,8.0,8.8,8.6,,,8.5,A,4.0,True,3.41,3.23,Pass
4304,1431378,HK142_MT1005_L04,MT1005,-16,False,6.2,6.2,4.2,,,5.0,D+,1.5,True,2.06,2.06,Pass
4305,1494260,HK142_MT1005_L04,MT1005,-16,False,5.1,7.0,5.3,,,5.6,C,2.0,True,1.68,1.64,Pass
4306,1435211,HK142_MT1005_L04,MT1005,-16,False,8.8,8.5,8.3,,,8.4,B+,3.5,True,3.26,3.09,Pass
4307,1422633,HK142_MT1005_L04,MT1005,-16,False,9.8,9.8,10.0,,,9.9,A+,4.0,True,3.79,3.89,Pass
4308,1460363,HK142_MT1005_L04,MT1005,-16,False,7.9,6.7,6.4,,,6.8,C+,2.5,True,2.62,2.56,Pass
4309,1480148,HK142_MT1005_L04,MT1005,-16,False,6.9,7.9,8.8,,,8.2,B+,3.5,True,3.24,3.06,Pass
4310,1432602,HK142_MT1005_L04,MT1005,-16,False,5.3,5.1,5.2,,,5.2,D+,1.5,True,1.5,1.62,Pass
4311,1438432,HK142_MT1005_L04,MT1005,-16,False,9.8,8.5,8.2,,,8.6,A,4.0,True,3.5,3.52,Pass
4312,1472788,HK142_MT1005_L04,MT1005,-16,False,9.8,8.0,8.7,,,8.8,A,4.0,True,3.85,3.79,Pass
4313,1402389,HK142_MT1005_L04,MT1005,-16,False,7.0,6.8,7.4,,,7.2,B,3.0,True,2.59,2.47,Pass
4314,1463584,HK142_MT1005_L04,MT1005,-16,False,4.4,5.0,7.0,,,6.1,C,2.0,True,1.41,1.53,Pass
4315,1487665,HK142_MT1005_L04,MT1005,-16,False,5.6,6.1,6.9,,,6.5,C+,2.5,True,2.32,2.36,Pass
4316,1488893,HK142_MT1005_L04,MT1005,-16,False,9.1,9.0,9.1,,,9.1,A,4.0,True,3.65,3.47,Pass
4317,1418953,HK142_MT1005_L04,MT1005,-16,False,6.9,5.8,6.6,,,6.5,C+,2.5,True,2.12,2.3,Pass
4318,1401008,HK142_MT1005_L04,MT1005,-16,False,9.4,9.5,9.1,,,9.2,A,4.0,True,3.97,3.98,Pass
4319,1457758,HK142_MT1005_L04,MT1005,-16,False,4.3,5.7,4.1,,,4.5,D,1.0,True,0.82,1.12,Pass
4320,1402236,HK142_MT1005_L04,MT1005,-16,False,5.0,7.2,5.8,,,5.9,C,2.0,True,1.47,1.42,Pass
4321,1433677,HK142_MT1005_L04,MT1005,-16,False,8.8,10.0,8.4,,,8.8,A,4.0,True,4.0,4.0,Pass
4322,1458829,HK142_MT1005_L04,MT1005,-16,False,5.1,6.4,7.1,,,6.6,C+,2.5,True,2.47,2.39,Pass
4323,1482451,HK142_MT1005_L04,MT1005,-16,False,2.9,4.1,4.2,,,3.9,F,0.0,False,0.19,1.0,Fail
4324,1462513,HK142_MT1005_L04,MT1005,-16,False,8.6,7.3,6.8,,,7.3,B,3.0,True,2.97,2.91,Pass
4325,1484903,HK142_MT1005_L04,MT1005,-16,False,5.4,5.1,5.4,,,5.3,D+,1.5,True,1.44,1.55,Pass
4326,1476774,HK142_MT1005_L04,MT1005,-16,False,6.6,6.3,6.2,,,6.3,C,2.0,True,2.06,2.18,Pass
4327,1498862,HK142_MT1005_L04,MT1005,-16,False,4.3,4.2,3.8,,,4.0,D,1.0,True,0.91,1.05,Pass
4328,1405916,HK142_MT1005_L04,MT1005,-16,False,6.0,7.8,5.6,,,6.1,C,2.0,True,2.85,2.89,Pass
4329,1424936,HK142_MT1005_L04,MT1005,-16,False,8.2,6.8,8.0,,,7.8,B,3.0,True,3.38,3.17,Pass
4330,1496253,HK142_MT1005_L04,MT1005,-16,False,9.2,8.0,8.3,,,8.4,B+,3.5,True,3.74,3.83,Pass
4331,1479995,HK142_MT1005_L04,MT1005,-16,False,6.0,5.4,5.2,,,5.4,D+,1.5,True,2.0,2.18,Pass
4332,1417266,HK142_MT1005_L04,MT1005,-16,False,7.4,6.6,7.2,,,7.1,B,3.0,True,2.53,2.32,Pass
4334,1443952,HK142_MT1005_L04,MT1005,-16,False,5.6,4.6,5.1,,,5.1,D+,1.5,True,1.71,1.8,Pass
4335,1411899,HK142_MT1005_L04,MT1005,-16,False,5.4,6.2,6.6,,,6.3,C,2.0,True,1.94,1.8,Pass
4336,1413739,HK142_MT1005_L04,MT1005,-16,False,9.5,8.8,10.0,,,9.7,A+,4.0,True,4.0,3.88,Pass
4337,1405610,HK142_MT1005_L04,MT1005,-16,False,6.6,6.7,6.0,,,6.3,C,2.0,True,2.47,2.36,Pass
4338,1430303,HK142_MT1005_L04,MT1005,-16,False,6.1,4.9,5.6,,,5.6,C,2.0,True,2.06,1.97,Pass
4339,1478461,HK142_MT1005_L04,MT1005,-16,False,5.4,6.0,5.8,,,5.8,C,2.0,True,1.97,1.94,Pass
4340,1443034,HK142_MT1005_L04,MT1005,-16,False,8.7,7.3,7.7,,,7.8,B,3.0,True,2.59,2.58,Pass
4341,1406991,HK142_MT1005_L04,MT1005,-16,False,6.9,7.4,7.5,,,7.4,B,3.0,True,2.56,2.3,Pass
4342,1448860,HK142_MT1005_L04,MT1005,-16,False,5.2,6.4,3.8,,,4.6,D,1.0,True,0.57,1.09,Pass
4343,1466958,HK142_MT1005_L04,MT1005,-16,False,7.0,7.3,6.1,,,6.5,C+,2.5,True,2.53,2.47,Pass
4344,1424783,HK142_MT1005_L04,MT1005,-16,False,8.6,7.4,7.9,,,7.9,B,3.0,True,2.97,3.03,Pass
4345,1468339,HK142_MT1005_L04,MT1005,-16,False,4.3,6.0,5.4,,,5.3,D+,1.5,True,1.71,1.64,Pass
4346,1454537,HK142_MT1005_L04,MT1005,-16,False,4.4,4.0,4.0,,,4.1,D,1.0,True,0.71,1.0,Pass
4347,1443646,HK142_MT1005_L04,MT1005,-16,False,7.5,5.7,5.1,,,5.7,C,2.0,True,2.29,2.3,Pass
4348,1445486,HK142_MT1005_L05,MT1005,-16,False,7.5,7.9,8.2,,,8.0,B+,3.5,True,3.06,3.03,Pass
4349,1436898,HK142_MT1005_L05,MT1005,-16,False,5.1,5.0,6.5,,,5.9,C,2.0,True,1.94,1.74,Pass
4350,1499780,HK142_MT1005_L05,MT1005,-16,False,7.9,6.7,6.8,,,7.0,B,3.0,True,2.53,2.55,Pass
4351,1485056,HK142_MT1005_L05,MT1005,-16,False,6.2,6.9,7.4,,,7.1,B,3.0,True,1.88,1.86,Pass
4352,1488277,HK142_MT1005_L05,MT1005,-16,False,7.8,6.0,8.7,,,8.0,B+,3.5,True,3.47,3.3,Pass
4353,1443493,HK142_MT1005_L05,MT1005,-16,False,8.1,5.2,7.8,,,7.3,B,3.0,True,3.0,3.06,Pass
4354,1481682,HK142_MT1005_L05,MT1005,-16,False,7.7,6.6,7.2,,,7.2,B,3.0,True,2.68,2.64,Pass
4355,1411746,HK142_MT1005_L05,MT1005,-16,False,6.0,5.8,5.9,,,5.9,C,2.0,True,2.0,1.94,Pass
4356,1484597,HK142_MT1005_L05,MT1005,-16,False,5.5,5.2,5.1,,,5.2,D+,1.5,True,1.29,1.36,Pass
4357,1499627,HK142_MT1005_L05,MT1005,-16,False,9.5,9.7,8.0,,,8.6,A,4.0,True,3.88,3.83,Pass
4358,1495488,HK142_MT1005_L05,MT1005,-16,False,5.9,5.7,5.7,,,5.7,C,2.0,True,1.82,1.7,Pass
4359,1465271,HK142_MT1005_L05,MT1005,-16,False,9.0,8.7,8.6,,,8.7,A,4.0,True,3.41,3.36,Pass
4360,1416807,HK142_MT1005_L05,MT1005,-16,False,5.0,5.6,5.8,,,5.6,C,2.0,True,1.76,1.88,Pass
4361,1431684,HK142_MT1005_L05,MT1005,-16,False,8.7,8.4,9.4,,,9.1,A,4.0,True,3.44,3.55,Pass
4362,1447020,HK142_MT1005_L05,MT1005,-16,False,8.2,7.4,8.0,,,7.9,B,3.0,True,3.06,3.12,Pass
4363,1473094,HK142_MT1005_L05,MT1005,-16,False,7.9,8.8,9.2,,,8.9,A,4.0,True,3.09,3.17,Pass
4364,1453921,HK142_MT1005_L05,MT1005,-16,False,9.8,9.6,7.0,,,8.1,B+,3.5,True,3.24,3.32,Pass
4365,1443340,HK142_MT1005_L05,MT1005,-16,False,5.7,5.9,5.9,,,5.9,C,2.0,True,2.06,2.11,Pass
4366,1435823,HK142_MT1005_L05,MT1005,-16,False,6.5,6.5,4.5,,,5.3,D+,1.5,True,2.18,2.36,Pass
4367,1487971,HK142_MT1005_L05,MT1005,-16,False,7.0,8.6,7.1,,,7.4,B,3.0,True,3.18,3.23,Pass
4368,1400855,HK142_MT1005_L05,MT1005,-16,False,7.7,6.1,6.6,,,6.7,C+,2.5,True,2.35,2.52,Pass
4369,1407297,HK142_MT1005_L05,MT1005,-16,False,6.4,6.5,6.7,,,6.6,C+,2.5,True,2.21,2.38,Pass
4370,1470179,HK142_MT1005_L05,MT1005,-16,False,7.0,9.7,8.4,,,8.4,B+,3.5,True,3.38,3.44,Pass
4371,1480611,HK142_MT1005_L05,MT1005,-16,False,7.1,7.5,7.4,,,7.4,B,3.0,True,3.09,3.05,Pass
4372,1480917,HK142_MT1005_L05,MT1005,-16,False,7.9,7.4,5.9,,,6.6,C+,2.5,True,2.71,2.68,Pass
4373,1479689,HK142_MT1005_L05,MT1005,-16,False,7.4,7.2,8.0,,,7.7,B,3.0,True,3.41,3.67,Pass
4374,1410518,HK142_MT1005_L05,MT1005,-16,False,8.0,7.4,8.3,,,8.1,B+,3.5,True,3.24,3.29,Pass
4375,1446561,HK142_MT1005_L05,MT1005,-16,False,6.6,7.7,7.9,,,7.6,B,3.0,True,3.21,3.36,Pass
4376,1452697,HK142_MT1005_L05,MT1005,-16,False,7.9,7.3,7.0,,,7.2,B,3.0,True,2.88,3.0,Pass
4377,1435670,HK142_MT1005_L05,MT1005,-16,False,6.3,7.9,6.4,,,6.7,C+,2.5,True,2.56,2.58,Pass
4378,1497022,HK142_MT1005_L05,MT1005,-16,False,5.9,6.8,6.5,,,6.4,C+,2.5,True,2.47,2.61,Pass
4379,1471866,HK142_MT1005_L05,MT1005,-16,False,8.0,7.6,8.7,,,8.3,B+,3.5,True,3.29,3.29,Pass
4380,1416038,HK142_MT1005_L05,MT1005,-16,False,8.0,8.1,7.7,,,7.8,B,3.0,True,2.97,2.62,Pass
4381,1482910,HK142_MT1005_L05,MT1005,-16,False,7.7,7.2,6.1,,,6.6,C+,2.5,True,2.5,2.47,Pass
4382,1453003,HK142_MT1005_L05,MT1005,-16,False,7.3,6.6,8.2,,,7.7,B,3.0,True,3.09,2.98,Pass
4383,1423555,HK142_MT1005_L05,MT1005,-16,False,7.5,6.2,7.2,,,7.1,B,3.0,True,2.35,2.32,Pass
4384,1437510,HK142_MT1005_L05,MT1005,-16,False,7.8,8.5,9.0,,,8.7,A,4.0,True,3.53,3.36,Pass
4385,1492726,HK142_MT1005_L05,MT1005,-16,False,6.7,8.0,7.2,,,7.3,B,3.0,True,3.18,2.85,Pass
4386,1484444,HK142_MT1005_L05,MT1005,-16,False,7.8,8.0,6.4,,,7.0,B,3.0,True,3.32,3.33,Pass
4387,1417878,HK142_MT1005_L05,MT1005,-16,False,5.9,6.8,5.5,,,5.8,C,2.0,True,1.82,1.82,Pass
4388,1426470,HK142_MT1005_L05,MT1005,-16,False,6.1,8.9,7.7,,,7.6,B,3.0,True,3.03,3.17,Pass
4389,1433524,HK142_MT1005_L05,MT1005,-16,False,6.3,7.1,6.4,,,6.5,C+,2.5,True,2.24,2.36,Pass
4390,1469108,HK142_MT1005_L05,MT1005,-16,False,5.1,7.0,6.3,,,6.2,C,2.0,True,2.32,2.29,Pass
4391,1473400,HK142_MT1005_L05,MT1005,-16,False,7.0,6.2,7.1,,,6.9,C+,2.5,True,2.71,2.88,Pass
4392,1469873,HK142_MT1005_L05,MT1005,-16,False,8.6,5.5,5.7,,,6.2,C,2.0,True,2.26,2.24,Pass
4393,1475856,HK142_MT1005_L05,MT1005,-16,False,6.0,6.8,6.3,,,6.3,C,2.0,True,1.85,2.02,Pass
4394,1455918,HK142_MT1005_L05,MT1005,-16,False,8.2,8.6,8.4,,,8.4,B+,3.5,True,3.74,3.82,Pass
4395,1421715,HK142_MT1005_L05,MT1005,-16,False,5.8,6.5,7.6,,,7.0,B,3.0,True,2.91,2.97,Pass
4396,1420028,HK142_MT1005_L05,MT1005,-16,False,6.1,7.0,5.5,,,5.9,C,2.0,True,2.12,2.3,Pass
4397,1436286,HK142_MT1005_L05,MT1005,-16,False,9.5,7.0,9.0,,,8.7,A,4.0,True,3.85,3.78,Pass
4398,1453615,HK142_MT1005_L05,MT1005,-16,False,4.4,4.9,3.9,,,4.2,D,1.0,True,0.73,1.17,Pass
4399,1493185,HK142_MT1005_L05,MT1005,-16,False,4.2,5.0,3.9,,,4.2,D,1.0,True,1.09,1.07,Pass
4400,1447173,HK142_MT1005_L05,MT1005,-16,False,5.6,5.0,7.9,,,6.9,C+,2.5,True,1.97,1.82,Pass
4401,1433218,HK142_MT1005_L05,MT1005,-16,False,6.8,5.3,5.2,,,5.5,C,2.0,True,2.06,2.23,Pass
4402,1401930,HK142_MT1005_L05,MT1005,-16,False,8.7,8.0,7.7,,,8.0,B+,3.5,True,3.35,3.47,Pass
4403,1476468,HK142_MT1005_L05,MT1005,-16,False,8.4,9.3,9.4,,,9.2,A,4.0,True,4.0,4.0,Pass
4404,1461285,HK142_MT1005_L05,MT1005,-16,False,6.1,7.5,5.8,,,6.2,C,2.0,True,2.03,1.98,Pass
4405,1473553,HK142_MT1005_L05,MT1005,-16,False,8.6,9.3,6.1,,,7.2,B,3.0,True,3.32,3.44,Pass
4406,1445180,HK142_MT1005_L05,MT1005,-16,False,8.7,9.0,8.3,,,8.5,A,4.0,True,4.0,4.0,Pass
4407,1441959,HK142_MT1005_L05,MT1005,-16,False,3.9,4.0,3.8,,,3.9,F,0.0,False,0.32,1.0,Fail
4408,1405304,HK142_MT1005_L05,MT1005,-16,False,5.6,5.5,4.2,,,4.7,D,1.0,True,2.0,2.17,Pass
4409,1483216,HK142_MT1005_L05,MT1005,-16,False,5.3,5.4,5.2,,,5.3,D+,1.5,True,1.35,1.33,Pass
4410,1406222,HK142_MT1005_L05,MT1005,-16,False,8.7,8.4,10.0,,,9.4,A,4.0,True,4.0,3.97,Pass
4411,1468645,HK142_MT1005_L05,MT1005,-16,False,6.8,6.0,6.8,,,6.6,C+,2.5,True,2.41,2.44,Pass
4412,1429228,HK142_MT1005_L05,MT1005,-16,False,9.3,9.2,10.0,,,9.7,A+,4.0,True,4.0,3.89,Pass
4413,1458676,HK142_MT1005_L05,MT1005,-16,False,7.6,5.4,7.6,,,7.2,B,3.0,True,2.68,2.58,Pass
4414,1434599,HK142_MT1005_L05,MT1005,-16,False,7.2,8.1,8.3,,,8.0,B+,3.5,True,3.26,3.38,Pass
4415,1442418,HK142_MT1005_L05,MT1005,-16,False,7.7,8.7,8.1,,,8.1,B+,3.5,True,3.18,3.29,Pass
4416,1458370,HK142_MT1005_L05,MT1005,-16,False,7.2,8.0,7.2,,,7.4,B,3.0,True,2.65,2.64,Pass
4417,1427082,HK142_MT1005_L05,MT1005,-16,False,5.9,6.1,4.1,,,4.9,D,1.0,True,1.21,1.18,Pass
4418,1489199,HK142_MT1005_L05,MT1005,-16,False,5.6,7.8,5.3,,,5.9,C,2.0,True,1.71,1.61,Pass
4419,1419259,HK142_MT1005_L05,MT1005,-16,False,8.8,8.9,9.3,,,9.1,A,4.0,True,4.0,4.0,Pass
4420,1457142,HK142_MT1005_L05,MT1005,-16,False,7.7,7.6,7.4,,,7.5,B,3.0,True,2.74,2.76,Pass
4421,1445639,HK142_MT1005_L05,MT1005,-16,False,8.3,9.3,7.7,,,8.1,B+,3.5,True,3.47,3.47,Pass
4422,1459904,HK142_MT1005_L05,MT1005,-16,False,6.1,7.2,5.2,,,5.8,C,2.0,True,2.68,2.7,Pass
4423,1440272,HK142_MT1005_L05,MT1005,-16,False,9.0,9.6,9.6,,,9.5,A+,4.0,True,4.0,3.95,Pass
4424,1485825,HK142_MT1005_L05,MT1005,-16,False,5.5,6.8,6.2,,,6.2,C,2.0,True,2.32,2.17,Pass
4425,1415273,HK142_MT1005_L05,MT1005,-16,False,5.7,5.9,6.2,,,6.0,C,2.0,True,2.29,2.42,Pass
4426,1464200,HK142_MT1005_L05,MT1005,-16,False,6.0,4.7,5.4,,,5.4,D+,1.5,True,1.21,1.26,Pass
4427,1461744,HK142_MT1005_L05,MT1005,-16,False,6.3,6.3,5.4,,,5.8,C,2.0,True,2.09,2.15,Pass
4428,1484138,HK142_MT1005_L05,MT1005,-16,False,7.5,6.9,7.3,,,7.3,B,3.0,True,2.71,2.44,Pass
4429,1466652,HK142_MT1005_L05,MT1005,-16,False,5.7,7.1,7.7,,,7.2,B,3.0,True,2.38,2.27,Pass
4430,1458217,HK142_MT1005_L05,MT1005,-16,False,6.8,6.4,6.1,,,6.3,C,2.0,True,2.32,2.33,Pass
4431,1412664,HK142_MT1005_L05,MT1005,-16,False,6.2,6.6,6.0,,,6.2,C,2.0,True,2.06,2.03,Pass
4432,1441806,HK142_MT1005_L05,MT1005,-16,False,7.4,6.3,7.0,,,6.9,C+,2.5,True,3.09,3.12,Pass
4433,1495641,HK142_MT1005_L05,MT1005,-16,False,5.8,4.1,4.8,,,4.9,D,1.0,True,1.35,1.35,Pass
4434,1456071,HK142_MT1005_L05,MT1005,-16,False,6.2,5.6,5.9,,,5.9,C,2.0,True,2.38,2.39,Pass
4435,1442112,HK142_MT1005_L05,MT1005,-16,False,7.0,7.1,6.6,,,6.8,C+,2.5,True,2.38,2.32,Pass
4436,1416960,HK142_MT1005_L05,MT1005,-16,False,8.3,8.8,9.0,,,8.8,A,4.0,True,3.94,3.97,Pass
4437,1465424,HK142_MT1005_L05,MT1005,-16,False,5.3,6.0,6.2,,,6.0,C,2.0,True,2.26,2.45,Pass
4438,1468186,HK142_MT1005_L05,MT1005,-16,False,6.8,5.4,7.6,,,7.0,B,3.0,True,2.53,2.44,Pass
4439,1448401,HK142_MT1005_L05,MT1005,-16,False,5.2,6.8,6.7,,,6.4,C+,2.5,True,2.32,2.14,Pass
4440,1414967,HK142_MT1005_L05,MT1005,-16,False,9.2,8.3,8.7,,,8.7,A,4.0,True,3.32,3.23,Pass
4441,1465118,HK142_MT1005_L05,MT1005,-16,False,9.0,10.0,9.5,,,9.5,A+,4.0,True,4.0,4.0,Pass
4442,1444874,HK142_MT1005_L05,MT1005,-16,False,6.0,5.9,4.8,,,5.3,D+,1.5,True,1.97,2.0,Pass
4443,1499015,HK142_MT1005_L05,MT1005,-16,False,6.6,5.5,5.9,,,6.0,C,2.0,True,2.09,2.18,Pass
4444,1485672,HK142_MT1005_L05,MT1005,-16,False,6.8,7.4,6.1,,,6.5,C+,2.5,True,2.26,2.29,Pass
4445,1489352,HK142_MT1005_L05,MT1005,-16,False,7.3,6.5,8.0,,,7.6,B,3.0,True,2.97,3.03,Pass
4446,1450547,HK142_MT1005_L05,MT1005,-16,False,8.8,7.6,8.8,,,8.6,A,4.0,True,3.94,3.92,Pass
4447,1422786,HK142_MT1005_L05,MT1005,-16,False,6.6,8.8,7.8,,,7.8,B,3.0,True,3.09,3.23,Pass
4448,1455302,HK142_MT1005_L05,MT1005,-16,False,7.3,7.7,5.6,,,6.4,C+,2.5,True,2.47,2.41,Pass
4449,1491345,HK142_MT1005_L05,MT1005,-16,False,7.4,7.7,8.2,,,7.9,B,3.0,True,3.06,3.11,Pass
4450,1426929,HK142_MT1005_L05,MT1005,-16,False,7.6,6.0,6.6,,,6.7,C+,2.5,True,2.21,2.32,Pass
4451,1438126,HK142_MT1005_L05,MT1005,-16,False,3.7,6.6,6.8,,,6.1,C,2.0,True,2.0,2.2,Pass
4452,1452081,HK142_MT1005_L05,MT1005,-16,False,7.3,7.1,6.5,,,6.8,C+,2.5,True,2.38,2.47,Pass
4453,1468492,HK142_MT1005_L05,MT1005,-16,False,5.4,5.1,5.0,,,5.1,D+,1.5,True,1.59,1.73,Pass
4454,1447789,HK142_MT1007_L01,MT1007,-16,False,6.6,7.7,6.7,,,7.0,B,3.0,True,2.41,2.33,Pass
4455,1430609,HK142_MT1007_L01,MT1007,-16,False,5.6,5.3,6.5,,,6.0,C,2.0,True,2.06,2.14,Pass
4456,1482910,HK142_MT1007_L01,MT1007,-16,False,7.2,6.2,6.0,,,6.3,C,2.0,True,2.5,2.47,Pass
4457,1485978,HK142_MT1007_L01,MT1007,-16,False,8.1,7.7,8.3,,,8.1,B+,3.5,True,3.38,3.27,Pass
4458,1444721,HK142_MT1007_L01,MT1007,-16,False,5.6,5.9,6.3,,,6.0,C,2.0,True,1.62,1.76,Pass
4459,1455455,HK142_MT1007_L01,MT1007,-16,False,5.1,5.5,6.1,,,5.7,C,2.0,True,1.85,1.97,Pass
4460,1479536,HK142_MT1007_L01,MT1007,-16,False,1.4,6.9,5.8,,,5.2,D+,1.5,True,2.21,2.2,Pass
4461,1495488,HK142_MT1007_L01,MT1007,-16,False,6.2,6.4,5.9,,,6.1,C,2.0,True,1.82,1.7,Pass
4462,1491345,HK142_MT1007_L01,MT1007,-16,False,8.5,6.5,7.4,,,7.4,B,3.0,True,3.06,3.11,Pass
4463,1453309,HK142_MT1007_L01,MT1007,-16,False,8.2,9.0,8.9,,,8.8,A,4.0,True,3.29,3.23,Pass
4464,1477543,HK142_MT1007_L01,MT1007,-16,False,5.6,5.5,4.7,,,5.1,D+,1.5,True,1.74,1.73,Pass
4465,1494260,HK142_MT1007_L01,MT1007,-16,False,6.3,5.6,5.4,,,5.6,C,2.0,True,1.68,1.64,Pass
4466,1438279,HK142_MT1007_L01,MT1007,-16,False,7.9,7.0,6.8,,,7.1,B,3.0,True,2.5,2.52,Pass
4467,1435517,HK142_MT1007_L01,MT1007,-16,False,7.4,8.9,8.2,,,8.2,B+,3.5,True,3.32,3.21,Pass
4468,1448095,HK142_MT1007_L01,MT1007,-16,False,7.8,7.0,7.2,,,7.3,B,3.0,True,3.09,3.05,Pass
4469,1426470,HK142_MT1007_L01,MT1007,-16,False,7.6,7.9,8.3,,,8.0,B+,3.5,True,3.03,3.17,Pass
4470,1493185,HK142_MT1007_L01,MT1007,-16,False,3.7,5.8,4.5,,,4.7,D,1.0,True,1.09,1.07,Pass
4471,1497328,HK142_MT1007_L01,MT1007,-16,False,4.9,5.5,6.0,,,5.6,C,2.0,True,1.5,1.58,Pass
4472,1459904,HK142_MT1007_L01,MT1007,-16,False,6.9,7.1,7.8,,,7.4,B,3.0,True,2.68,2.7,Pass
4473,1487512,HK142_MT1007_L01,MT1007,-16,False,6.9,6.3,6.5,,,6.5,C+,2.5,True,2.5,2.64,Pass
4474,1460363,HK142_MT1007_L01,MT1007,-16,False,6.9,6.7,6.7,,,6.7,C+,2.5,True,2.62,2.56,Pass
4475,1435364,HK142_MT1007_L01,MT1007,-16,False,7.0,6.7,6.3,,,6.6,C+,2.5,True,2.38,2.24,Pass
4476,1403617,HK142_MT1007_L01,MT1007,-16,False,9.1,7.6,7.5,,,7.8,B,3.0,True,3.47,3.56,Pass
4477,1402083,HK142_MT1007_L01,MT1007,-16,False,7.4,7.3,7.3,,,7.3,B,3.0,True,2.41,2.44,Pass
4478,1446408,HK142_MT1007_L01,MT1007,-16,False,9.9,8.8,8.3,,,8.8,A,4.0,True,3.73,3.78,Pass
4479,1424014,HK142_MT1007_L01,MT1007,-16,False,6.8,6.3,6.1,,,6.3,C,2.0,True,2.0,2.06,Pass
4480,1461591,HK142_MT1007_L01,MT1007,-16,False,6.8,6.7,7.4,,,7.1,B,3.0,True,2.29,2.45,Pass
4481,1482298,HK142_MT1007_L01,MT1007,-16,False,9.8,8.8,10.0,,,9.6,A+,4.0,True,3.97,3.94,Pass
4482,1470332,HK142_MT1007_L01,MT1007,-16,False,7.4,5.5,6.7,,,6.5,C+,2.5,True,2.35,2.5,Pass
4483,1473247,HK142_MT1007_L01,MT1007,-16,False,7.7,6.4,7.0,,,7.0,B,3.0,True,2.47,2.44,Pass
4484,1414351,HK142_MT1007_L01,MT1007,-16,False,8.4,7.5,9.4,,,8.6,A,4.0,True,3.47,3.41,Pass
4485,1411130,HK142_MT1007_L01,MT1007,-16,False,7.6,9.0,7.6,,,8.0,B+,3.5,True,2.91,3.06,Pass
4486,1415579,HK142_MT1007_L01,MT1007,-16,False,6.5,8.3,6.4,,,7.0,B,3.0,True,2.59,2.38,Pass
4487,1432296,HK142_MT1007_L01,MT1007,-16,False,6.9,6.2,7.8,,,7.1,B,3.0,True,2.41,2.47,Pass
4488,1429997,HK142_MT1007_L01,MT1007,-16,False,8.2,8.0,8.2,,,8.1,B+,3.5,True,3.15,3.03,Pass
4489,1440425,HK142_MT1007_L01,MT1007,-16,False,8.3,7.8,7.7,,,7.8,B,3.0,True,2.47,2.58,Pass
4490,1421562,HK142_MT1007_L01,MT1007,-16,False,7.9,9.0,7.8,,,8.2,B+,3.5,True,3.35,3.3,Pass
4491,1469414,HK142_MT1007_L01,MT1007,-16,False,9.2,7.4,8.4,,,8.3,B+,3.5,True,3.85,3.7,Pass
4492,1470795,HK142_MT1007_L01,MT1007,-16,False,6.3,6.4,7.3,,,6.8,C+,2.5,True,2.71,2.62,Pass
4493,1445639,HK142_MT1007_L01,MT1007,-16,False,9.3,7.2,8.2,,,8.1,B+,3.5,True,3.47,3.47,Pass
4494,1434752,HK142_MT1007_L01,MT1007,-16,False,5.6,5.7,5.7,,,5.7,C,2.0,True,1.62,1.58,Pass
4495,1418494,HK142_MT1007_L01,MT1007,-16,False,6.1,6.1,7.5,,,6.8,C+,2.5,True,2.35,2.38,Pass
4496,1450241,HK142_MT1007_L01,MT1007,-16,False,5.1,5.7,5.6,,,5.5,C,2.0,True,1.41,1.48,Pass
4497,1461897,HK142_MT1007_L01,MT1007,-16,False,6.2,4.8,5.3,,,5.3,D+,1.5,True,1.79,1.82,Pass
4498,1493954,HK142_MT1007_L01,MT1007,-16,False,6.1,5.3,4.8,,,5.2,D+,1.5,True,1.5,1.42,Pass
4499,1466499,HK142_MT1007_L01,MT1007,-16,False,7.8,7.6,7.4,,,7.5,B,3.0,True,2.79,2.71,Pass
4500,1400702,HK142_MT1007_L01,MT1007,-16,False,8.8,6.8,8.2,,,7.9,B,3.0,True,3.18,3.12,Pass
4501,1413433,HK142_MT1007_L01,MT1007,-16,False,6.9,4.9,7.4,,,6.6,C+,2.5,True,2.68,2.5,Pass
4502,1458370,HK142_MT1007_L01,MT1007,-16,False,6.6,7.5,7.1,,,7.1,B,3.0,True,2.65,2.64,Pass
4503,1447326,HK142_MT1007_L01,MT1007,-16,False,8.5,8.5,10.0,,,9.2,A,4.0,True,3.56,3.35,Pass
4504,1462972,HK142_MT1007_L01,MT1007,-16,False,8.6,7.5,8.0,,,8.0,B+,3.5,True,3.18,3.2,Pass
4505,1421868,HK142_MT1007_L01,MT1007,-16,False,8.4,7.4,9.3,,,8.6,A,4.0,True,3.41,3.21,Pass
4506,1470948,HK142_MT1007_L01,MT1007,-16,False,4.3,3.7,3.7,,,3.8,F,0.0,False,0.45,1.27,Fail
4507,1480611,HK142_MT1007_L01,MT1007,-16,False,7.0,8.0,7.8,,,7.7,B,3.0,True,3.09,3.05,Pass
4508,1469567,HK142_MT1007_L01,MT1007,-16,False,9.2,8.0,8.8,,,8.6,A,4.0,True,3.56,3.44,Pass
4509,1403770,HK142_MT1007_L01,MT1007,-16,False,8.2,7.2,6.3,,,6.9,C+,2.5,True,2.88,3.12,Pass
4510,1478002,HK142_MT1007_L01,MT1007,-16,False,7.0,6.7,7.0,,,6.9,C+,2.5,True,2.47,2.53,Pass
4511,1477849,HK142_MT1007_L01,MT1007,-16,False,5.7,7.1,6.5,,,6.5,C+,2.5,True,2.5,2.42,Pass
4512,1440578,HK142_MT1007_L01,MT1007,-16,False,7.2,6.2,6.3,,,6.4,C+,2.5,True,2.26,2.44,Pass
4513,1456989,HK142_MT1007_L01,MT1007,-16,False,7.0,7.0,7.3,,,7.2,B,3.0,True,3.03,3.08,Pass
4514,1472329,HK142_MT1007_L01,MT1007,-16,False,7.5,7.8,5.4,,,6.5,C+,2.5,True,2.56,2.58,Pass
4515,1452081,HK142_MT1007_L01,MT1007,-16,False,6.0,6.1,6.3,,,6.2,C,2.0,True,2.38,2.47,Pass
4516,1495794,HK142_MT1007_L01,MT1007,-16,False,9.2,8.0,9.1,,,8.8,A,4.0,True,3.38,3.26,Pass
4517,1448554,HK142_MT1007_L01,MT1007,-16,False,9.7,10.0,9.4,,,9.6,A+,4.0,True,3.92,3.82,Pass
4518,1403923,HK142_MT1007_L01,MT1007,-16,False,5.6,6.2,7.9,,,6.9,C+,2.5,True,2.21,2.33,Pass
4519,1466040,HK142_MT1007_L01,MT1007,-16,False,6.9,6.4,4.4,,,5.5,C,2.0,True,2.47,2.52,Pass
4520,1446102,HK142_MT1007_L01,MT1007,-16,False,9.3,8.8,8.6,,,8.8,A,4.0,True,3.68,3.62,Pass
4521,1473553,HK142_MT1007_L01,MT1007,-16,False,8.4,9.0,7.6,,,8.2,B+,3.5,True,3.32,3.44,Pass
4522,1489658,HK142_MT1007_L01,MT1007,-16,False,7.0,9.1,8.7,,,8.5,A,4.0,True,3.68,3.59,Pass
4523,1402542,HK142_MT1007_L01,MT1007,-16,False,8.1,6.5,8.2,,,7.7,B,3.0,True,3.35,3.33,Pass
4524,1457758,HK142_MT1007_L01,MT1007,-16,False,2.3,3.3,5.4,,,4.2,D,1.0,True,0.82,1.12,Pass
4525,1491039,HK142_MT1007_L01,MT1007,-16,False,8.6,9.2,9.4,,,9.2,A,4.0,True,3.74,3.77,Pass
4526,1423402,HK142_MT1007_L01,MT1007,-16,False,6.0,5.9,5.0,,,5.5,C,2.0,True,1.44,1.41,Pass
4527,1464200,HK142_MT1007_L01,MT1007,-16,False,5.5,5.9,5.0,,,5.4,D+,1.5,True,1.21,1.26,Pass
4528,1492879,HK142_MT1007_L01,MT1007,-16,False,8.2,7.6,8.9,,,8.4,B+,3.5,True,3.12,3.15,Pass
4529,1451469,HK142_MT1007_L01,MT1007,-16,False,10.0,8.6,8.1,,,8.6,A,4.0,True,4.0,3.97,Pass
4530,1446561,HK142_MT1007_L01,MT1007,-16,False,7.8,8.6,7.3,,,7.8,B,3.0,True,3.21,3.36,Pass
4531,1423708,HK142_MT1007_L01,MT1007,-16,False,5.4,4.6,5.7,,,5.3,D+,1.5,True,1.59,1.61,Pass
4532,1438126,HK142_MT1007_L01,MT1007,-16,False,4.7,6.8,5.9,,,5.9,C,2.0,True,2.0,2.2,Pass
4533,1421099,HK142_MT1007_L01,MT1007,-16,False,6.2,8.0,8.1,,,7.7,B,3.0,True,3.35,3.27,Pass
4534,1495641,HK142_MT1007_L01,MT1007,-16,False,4.5,6.4,5.1,,,5.4,D+,1.5,True,1.35,1.35,Pass
4535,1461438,HK142_MT1007_L01,MT1007,-16,False,6.1,6.4,6.0,,,6.1,C,2.0,True,2.03,2.21,Pass
4536,1409290,HK142_MT1007_L01,MT1007,-16,False,7.9,6.3,7.5,,,7.2,B,3.0,True,2.15,2.39,Pass
4537,1422174,HK142_MT1007_L01,MT1007,-16,False,6.3,7.4,7.9,,,7.4,B,3.0,True,2.88,2.88,Pass
4538,1454537,HK142_MT1007_L01,MT1007,-16,False,4.9,5.1,4.5,,,4.8,D,1.0,True,0.71,1.0,Pass
4539,1430150,HK142_MT1007_L01,MT1007,-16,False,5.7,6.3,7.0,,,6.5,C+,2.5,True,2.03,2.14,Pass
4540,1405610,HK142_MT1007_L01,MT1007,-16,False,7.3,6.0,6.5,,,6.5,C+,2.5,True,2.47,2.36,Pass
4541,1435058,HK142_MT1007_L01,MT1007,-16,False,8.7,6.0,7.6,,,7.3,B,3.0,True,3.06,3.21,Pass
4542,1420946,HK142_MT1007_L01,MT1007,-16,False,7.5,5.1,6.4,,,6.2,C,2.0,True,2.29,2.32,Pass
4543,1417878,HK142_MT1007_L01,MT1007,-16,False,3.9,5.0,5.6,,,5.1,D+,1.5,True,1.82,1.82,Pass
4544,1410365,HK142_MT1007_L01,MT1007,-16,False,9.1,8.9,7.8,,,8.4,B+,3.5,True,3.65,3.65,Pass
4545,1437510,HK142_MT1007_L01,MT1007,-16,False,8.0,8.0,8.4,,,8.2,B+,3.5,True,3.53,3.36,Pass
4546,1421715,HK142_MT1007_L01,MT1007,-16,False,8.2,8.0,7.8,,,7.9,B,3.0,True,2.91,2.97,Pass
4547,1440731,HK142_MT1007_L01,MT1007,-16,False,8.5,7.7,7.8,,,7.9,B,3.0,True,3.12,2.98,Pass
4548,1420793,HK142_MT1007_L01,MT1007,-16,False,6.7,8.6,6.9,,,7.4,B,3.0,True,3.29,3.12,Pass
4549,1409443,HK142_MT1007_L01,MT1007,-16,False,9.3,10.0,9.1,,,9.4,A,4.0,True,3.98,3.99,Pass
4550,1401467,HK142_MT1007_L01,MT1007,-16,False,9.8,9.2,7.7,,,8.6,A,4.0,True,3.94,3.97,Pass
4551,1438738,HK142_MT1007_L01,MT1007,-16,False,10.0,7.9,8.6,,,8.7,A,4.0,True,3.29,3.15,Pass
4552,1466346,HK142_MT1007_L01,MT1007,-16,False,8.6,8.8,8.7,,,8.7,A,4.0,True,3.41,3.52,Pass
4553,1487665,HK142_MT1007_L01,MT1007,-16,False,6.1,7.1,6.5,,,6.6,C+,2.5,True,2.32,2.36,Pass
4554,1499015,HK142_MT1007_L01,MT1007,-16,False,6.3,7.3,6.0,,,6.5,C+,2.5,True,2.09,2.18,Pass
4555,1403464,HK142_MT1007_L01,MT1007,-16,False,6.5,5.3,6.0,,,5.9,C,2.0,True,2.26,2.41,Pass
4556,1441194,HK142_MT1007_L01,MT1007,-16,False,8.7,7.8,7.6,,,7.9,B,3.0,True,3.09,3.2,Pass
4557,1484903,HK142_MT1007_L01,MT1007,-16,False,4.8,4.9,4.7,,,4.8,D,1.0,True,1.44,1.55,Pass
4558,1418800,HK142_MT1007_L01,MT1007,-16,False,7.2,8.5,7.6,,,7.8,B,3.0,True,3.0,3.18,Pass
4559,1420640,HK142_MT1007_L01,MT1007,-16,False,8.3,8.0,8.4,,,8.3,B+,3.5,True,3.53,3.64,Pass
4560,1412664,HK142_MT1007_L02,MT1007,-16,False,6.9,6.9,6.1,,,6.5,C+,2.5,True,2.06,2.03,Pass
4561,1466805,HK142_MT1007_L02,MT1007,-16,False,4.6,7.4,7.7,,,7.0,B,3.0,True,2.56,2.44,Pass
4562,1413892,HK142_MT1007_L02,MT1007,-16,False,7.6,7.0,7.8,,,7.5,B,3.0,True,3.35,3.47,Pass
4563,1428922,HK142_MT1007_L02,MT1007,-16,False,7.4,5.8,6.3,,,6.4,C+,2.5,True,2.15,2.32,Pass
4564,1498862,HK142_MT1007_L02,MT1007,-16,False,5.3,4.4,5.3,,,5.0,D+,1.5,True,0.91,1.05,Pass
4565,1441959,HK142_MT1007_L02,MT1007,-16,False,3.6,5.0,4.0,,,4.2,D,1.0,True,0.32,1.0,Pass
4566,1404688,HK142_MT1007_L02,MT1007,-16,False,7.5,7.4,7.5,,,7.5,B,3.0,True,2.41,2.47,Pass
4567,1489352,HK142_MT1007_L02,MT1007,-16,False,8.6,8.4,8.4,,,8.4,B+,3.5,True,2.97,3.03,Pass
4568,1430762,HK142_MT1007_L02,MT1007,-16,False,6.7,5.0,4.4,,,5.0,D+,1.5,True,1.94,2.03,Pass
4569,1463737,HK142_MT1007_L02,MT1007,-16,False,7.3,9.1,8.3,,,8.3,B+,3.5,True,3.65,3.44,Pass
4570,1419259,HK142_MT1007_L02,MT1007,-16,False,9.8,9.5,9.6,,,9.6,A+,4.0,True,4.0,4.0,Pass
4571,1460210,HK142_MT1007_L02,MT1007,-16,False,3.8,4.7,4.6,,,4.5,D,1.0,True,0.67,1.0,Pass
4572,1457911,HK142_MT1007_L02,MT1007,-16,False,9.4,10.0,8.8,,,9.3,A,4.0,True,4.0,3.83,Pass
4573,1435211,HK142_MT1007_L02,MT1007,-16,False,8.5,6.8,8.7,,,8.1,B+,3.5,True,3.26,3.09,Pass
4574,1478308,HK142_MT1007_L02,MT1007,-16,False,8.4,7.6,6.7,,,7.3,B,3.0,True,2.56,2.62,Pass
4575,1422786,HK142_MT1007_L02,MT1007,-16,False,8.0,7.5,7.4,,,7.6,B,3.0,True,3.09,3.23,Pass
4576,1408984,HK142_MT1007_L02,MT1007,-16,False,6.6,6.9,8.4,,,7.6,B,3.0,True,2.94,2.88,Pass
4577,1458217,HK142_MT1007_L02,MT1007,-16,False,6.4,7.1,5.2,,,6.0,C,2.0,True,2.32,2.33,Pass
4578,1430303,HK142_MT1007_L02,MT1007,-16,False,5.5,6.1,5.3,,,5.6,C,2.0,True,2.06,1.97,Pass
4579,1402389,HK142_MT1007_L02,MT1007,-16,False,8.3,7.7,7.1,,,7.5,B,3.0,True,2.59,2.47,Pass
4580,1493648,HK142_MT1007_L02,MT1007,-16,False,4.7,3.5,4.3,,,4.1,D,1.0,True,0.8,1.04,Pass
4581,1420487,HK142_MT1007_L02,MT1007,-16,False,7.2,5.7,6.7,,,6.5,C+,2.5,True,2.21,2.15,Pass
4582,1499168,HK142_MT1007_L02,MT1007,-16,False,6.6,7.7,7.2,,,7.2,B,3.0,True,2.24,2.35,Pass
4583,1441500,HK142_MT1007_L02,MT1007,-16,False,6.2,5.7,4.8,,,5.3,D+,1.5,True,1.32,1.53,Pass
4584,1402236,HK142_MT1007_L02,MT1007,-16,False,5.8,5.4,5.3,,,5.4,D+,1.5,True,1.47,1.42,Pass
4585,1436745,HK142_MT1007_L02,MT1007,-16,False,7.6,6.9,8.3,,,7.7,B,3.0,True,2.59,2.52,Pass
4586,1446255,HK142_MT1007_L02,MT1007,-16,False,6.3,5.7,5.7,,,5.8,C,2.0,True,1.47,1.58,Pass
4587,1431531,HK142_MT1007_L02,MT1007,-16,False,7.3,5.2,3.0,,,4.5,D,1.0,True,1.82,1.92,Pass
4588,1426623,HK142_MT1007_L02,MT1007,-16,False,7.0,7.1,6.5,,,6.8,C+,2.5,True,2.56,2.58,Pass
4589,1460826,HK142_MT1007_L02,MT1007,-16,False,6.1,5.7,7.7,,,6.8,C+,2.5,True,2.68,2.71,Pass
4590,1424320,HK142_MT1007_L02,MT1007,-16,False,7.1,8.1,6.4,,,7.0,B,3.0,True,2.47,2.65,Pass
4591,1410824,HK142_MT1007_L02,MT1007,-16,False,9.2,8.6,10.0,,,9.4,A,4.0,True,3.88,3.94,Pass
4592,1456530,HK142_MT1007_L02,MT1007,-16,False,7.7,8.0,7.8,,,7.8,B,3.0,True,3.24,3.18,Pass
4593,1439813,HK142_MT1007_L02,MT1007,-16,False,8.6,8.9,8.5,,,8.6,A,4.0,True,3.24,3.18,Pass
4594,1450088,HK142_MT1007_L02,MT1007,-16,False,6.8,8.3,8.1,,,7.9,B,3.0,True,2.94,2.97,Pass
4595,1476621,HK142_MT1007_L02,MT1007,-16,False,7.1,7.6,7.2,,,7.3,B,3.0,True,1.91,1.91,Pass
4596,1465734,HK142_MT1007_L02,MT1007,-16,False,6.9,7.2,6.3,,,6.7,C+,2.5,True,2.91,2.7,Pass
4597,1476468,HK142_MT1007_L02,MT1007,-16,False,9.4,10.0,10.0,,,9.9,A+,4.0,True,4.0,4.0,Pass
4598,1492420,HK142_MT1007_L02,MT1007,-16,False,6.4,6.8,8.5,,,7.6,B,3.0,True,2.44,2.48,Pass
4599,1442881,HK142_MT1007_L02,MT1007,-16,False,6.8,6.1,6.7,,,6.5,C+,2.5,True,2.32,2.29,Pass
4600,1462513,HK142_MT1007_L02,MT1007,-16,False,8.2,7.5,6.8,,,7.3,B,3.0,True,2.97,2.91,Pass
4601,1406375,HK142_MT1007_L02,MT1007,-16,False,2.9,4.3,4.0,,,3.9,F,0.0,False,0.59,1.13,Fail
4602,1489046,HK142_MT1007_L02,MT1007,-16,False,5.6,6.5,6.2,,,6.2,C,2.0,True,2.09,2.21,Pass
4603,1468492,HK142_MT1007_L02,MT1007,-16,False,4.3,6.1,5.5,,,5.4,D+,1.5,True,1.59,1.73,Pass
4604,1431684,HK142_MT1007_L02,MT1007,-16,False,8.4,8.3,8.0,,,8.2,B+,3.5,True,3.44,3.55,Pass
4605,1424936,HK142_MT1007_L02,MT1007,-16,False,7.4,7.5,8.5,,,8.0,B+,3.5,True,3.38,3.17,Pass
4606,1475240,HK142_MT1007_L02,MT1007,-16,False,6.1,5.9,5.7,,,5.8,C,2.0,True,2.44,2.3,Pass
4607,1472788,HK142_MT1007_L02,MT1007,-16,False,9.1,8.8,10.0,,,9.5,A+,4.0,True,3.85,3.79,Pass
4608,1488124,HK142_MT1007_L02,MT1007,-16,False,9.5,8.0,9.1,,,8.8,A,4.0,True,3.53,3.42,Pass
4609,1466652,HK142_MT1007_L02,MT1007,-16,False,8.4,6.7,6.1,,,6.7,C+,2.5,True,2.38,2.27,Pass
4610,1483063,HK142_MT1007_L02,MT1007,-16,False,9.3,8.0,7.4,,,8.0,B+,3.5,True,3.18,3.15,Pass
4611,1406069,HK142_MT1007_L02,MT1007,-16,False,6.6,7.8,7.1,,,7.2,B,3.0,True,2.53,2.44,Pass
4612,1465118,HK142_MT1007_L02,MT1007,-16,False,8.7,9.0,9.2,,,9.0,A,4.0,True,4.0,4.0,Pass
4613,1456224,HK142_MT1007_L02,MT1007,-16,False,9.1,9.2,8.7,,,8.9,A,4.0,True,3.38,3.23,Pass
4614,1445333,HK142_MT1007_L02,MT1007,-16,False,6.3,8.0,6.0,,,6.7,C+,2.5,True,2.15,2.41,Pass
4615,1407603,HK142_MT1007_L02,MT1007,-16,False,5.6,7.5,7.3,,,7.0,B,3.0,True,2.62,2.53,Pass
4616,1479077,HK142_MT1007_L02,MT1007,-16,False,10.0,9.1,8.8,,,9.1,A,4.0,True,4.0,3.97,Pass
4617,1435670,HK142_MT1007_L02,MT1007,-16,False,6.7,5.6,7.9,,,7.0,B,3.0,True,2.56,2.58,Pass
4618,1465271,HK142_MT1007_L02,MT1007,-16,False,7.6,9.1,6.4,,,7.5,B,3.0,True,3.41,3.36,Pass
4619,1493801,HK142_MT1007_L02,MT1007,-16,False,8.3,7.6,6.7,,,7.3,B,3.0,True,3.24,3.24,Pass
4620,1422480,HK142_MT1007_L02,MT1007,-16,False,5.7,9.3,9.5,,,8.7,A,4.0,True,3.88,3.85,Pass
4621,1414504,HK142_MT1007_L02,MT1007,-16,False,10.0,9.3,10.0,,,9.8,A+,4.0,True,4.0,4.0,Pass
4622,1408678,HK142_MT1007_L02,MT1007,-16,False,7.1,8.4,5.9,,,6.9,C+,2.5,True,2.21,2.35,Pass
4623,1491961,HK142_MT1007_L02,MT1007,-16,False,6.2,7.0,8.2,,,7.4,B,3.0,True,3.24,3.0,Pass
4624,1485519,HK142_MT1007_L02,MT1007,-16,False,3.8,4.2,4.8,,,4.4,D,1.0,True,0.94,1.3,Pass
4625,1479230,HK142_MT1007_L02,MT1007,-16,False,6.4,6.0,6.4,,,6.3,C,2.0,True,2.53,2.48,Pass
4626,1465887,HK142_MT1007_L02,MT1007,-16,False,9.2,7.2,8.0,,,8.0,B+,3.5,True,3.29,3.18,Pass
4627,1409596,HK142_MT1007_L02,MT1007,-16,False,6.2,5.1,6.4,,,6.0,C,2.0,True,2.5,2.45,Pass
4628,1463584,HK142_MT1007_L02,MT1007,-16,False,6.3,4.9,4.9,,,5.2,D+,1.5,True,1.41,1.53,Pass
4629,1473400,HK142_MT1007_L02,MT1007,-16,False,8.8,7.9,7.7,,,8.0,B+,3.5,True,2.71,2.88,Pass
4630,1435823,HK142_MT1007_L02,MT1007,-16,False,7.9,5.7,7.8,,,7.2,B,3.0,True,2.18,2.36,Pass
4631,1404382,HK142_MT1007_L02,MT1007,-16,False,5.9,5.4,6.2,,,5.9,C,2.0,True,2.09,2.24,Pass
4632,1461285,HK142_MT1007_L02,MT1007,-16,False,6.4,6.1,6.0,,,6.1,C,2.0,True,2.03,1.98,Pass
4633,1486131,HK142_MT1007_L02,MT1007,-16,False,7.1,6.2,6.7,,,6.6,C+,2.5,True,2.26,2.11,Pass
4634,1444105,HK142_MT1007_L02,MT1007,-16,False,8.0,6.4,6.7,,,6.9,C+,2.5,True,2.79,2.7,Pass
4635,1471713,HK142_MT1007_L02,MT1007,-16,False,5.5,5.5,5.4,,,5.5,C,2.0,True,1.82,1.68,Pass
4636,1424783,HK142_MT1007_L02,MT1007,-16,False,7.4,7.7,7.0,,,7.3,B,3.0,True,2.97,3.03,Pass
4637,1485825,HK142_MT1007_L02,MT1007,-16,False,5.4,7.1,6.7,,,6.6,C+,2.5,True,2.32,2.17,Pass
4638,1462819,HK142_MT1007_L02,MT1007,-16,False,9.2,8.7,9.5,,,9.2,A,4.0,True,3.03,3.12,Pass
4639,1449935,HK142_MT1007_L02,MT1007,-16,False,4.6,5.1,3.9,,,4.4,D,1.0,True,0.76,1.1,Pass
4640,1497634,HK142_MT1007_L02,MT1007,-16,False,9.5,9.7,6.8,,,8.2,B+,3.5,True,3.68,3.71,Pass
4641,1483369,HK142_MT1007_L02,MT1007,-16,False,6.7,6.0,6.6,,,6.4,C+,2.5,True,2.24,2.53,Pass
4642,1443187,HK142_MT1007_L02,MT1007,-16,False,5.5,6.3,6.2,,,6.1,C,2.0,True,2.0,2.05,Pass
4643,1405304,HK142_MT1007_L02,MT1007,-16,False,6.3,5.5,6.9,,,6.4,C+,2.5,True,2.0,2.17,Pass
4644,1422633,HK142_MT1007_L02,MT1007,-16,False,8.2,9.0,9.2,,,8.9,A,4.0,True,3.79,3.89,Pass
4645,1455918,HK142_MT1007_L02,MT1007,-16,False,7.8,10.0,8.8,,,9.0,A,4.0,True,3.74,3.82,Pass
4646,1417419,HK142_MT1007_L02,MT1007,-16,False,3.0,3.8,6.7,,,5.1,D+,1.5,True,0.47,1.08,Pass
4647,1455149,HK142_MT1007_L02,MT1007,-16,False,10.0,9.8,9.2,,,9.5,A+,4.0,True,4.0,4.0,Pass
4648,1424167,HK142_MT1007_L02,MT1007,-16,False,4.9,5.0,5.3,,,5.1,D+,1.5,True,1.27,1.38,Pass
4649,1469720,HK142_MT1007_L02,MT1007,-16,False,8.3,9.3,8.7,,,8.8,A,4.0,True,3.82,3.85,Pass
4650,1497481,HK142_MT1007_L02,MT1007,-16,False,7.2,5.6,6.0,,,6.1,C,2.0,True,2.21,2.27,Pass
4651,1449629,HK142_MT1007_L02,MT1007,-16,False,6.7,5.5,6.1,,,6.0,C,2.0,True,2.41,2.44,Pass
4652,1479689,HK142_MT1007_L02,MT1007,-16,False,9.8,9.0,7.8,,,8.6,A,4.0,True,3.41,3.67,Pass
4653,1480917,HK142_MT1007_L02,MT1007,-16,False,8.3,6.7,7.4,,,7.4,B,3.0,True,2.71,2.68,Pass
4654,1438891,HK142_MT1007_L02,MT1007,-16,False,9.1,6.2,5.6,,,6.5,C+,2.5,True,2.44,2.41,Pass
4655,1447020,HK142_MT1007_L02,MT1007,-16,False,6.6,8.2,7.5,,,7.5,B,3.0,True,3.06,3.12,Pass
4656,1495947,HK142_MT1007_L02,MT1007,-16,False,6.4,8.8,6.9,,,7.4,B,3.0,True,2.26,2.41,Pass
4657,1472635,HK142_MT1007_L02,MT1007,-16,False,7.8,7.2,7.1,,,7.3,B,3.0,True,3.21,3.11,Pass
4658,1474322,HK142_MT1007_L02,MT1007,-16,False,8.3,7.3,6.8,,,7.2,B,3.0,True,3.09,3.09,Pass
4659,1438585,HK142_MT1007_L02,MT1007,-16,False,8.0,5.6,7.3,,,6.9,C+,2.5,True,2.76,2.7,Pass
4660,1496253,HK142_MT1007_L02,MT1007,-16,False,8.6,8.8,8.3,,,8.5,A,4.0,True,3.74,3.83,Pass
4661,1498709,HK142_MT1007_L02,MT1007,-16,False,7.7,5.4,5.0,,,5.7,C,2.0,True,1.97,2.03,Pass
4662,1488893,HK142_MT1007_L02,MT1007,-16,False,6.9,7.3,8.8,,,8.0,B+,3.5,True,3.65,3.47,Pass
4663,1485672,HK142_MT1007_L02,MT1007,-16,False,7.6,6.8,6.4,,,6.8,C+,2.5,True,2.26,2.29,Pass
4664,1450394,HK142_MT1007_L02,MT1007,-16,False,5.8,5.9,7.6,,,6.7,C+,2.5,True,2.06,2.02,Pass
4665,1407450,HK142_MT1007_L03,MT1007,-16,False,8.1,7.5,7.4,,,7.6,B,3.0,True,3.06,3.06,Pass
4666,1418647,HK142_MT1007_L03,MT1007,-16,False,8.7,9.7,8.9,,,9.1,A,4.0,True,3.88,3.91,Pass
4667,1494413,HK142_MT1007_L03,MT1007,-16,False,8.4,7.9,8.1,,,8.1,B+,3.5,True,3.21,3.21,Pass
4668,1464812,HK142_MT1007_L03,MT1007,-16,False,5.1,6.1,6.1,,,5.9,C,2.0,True,1.56,1.56,Pass
4669,1463431,HK142_MT1007_L03,MT1007,-16,False,6.7,5.9,7.5,,,6.9,C+,2.5,True,2.29,2.42,Pass
4670,1405457,HK142_MT1007_L03,MT1007,-16,False,6.7,9.1,6.6,,,7.4,B,3.0,True,2.62,2.56,Pass
4671,1482145,HK142_MT1007_L03,MT1007,-16,False,7.6,6.3,5.1,,,6.0,C,2.0,True,2.56,2.44,Pass
4672,1474628,HK142_MT1007_L03,MT1007,-16,False,7.4,6.8,8.5,,,7.8,B,3.0,True,3.03,3.15,Pass
4673,1474781,HK142_MT1007_L03,MT1007,-16,False,7.9,7.9,7.9,,,7.9,B,3.0,True,3.24,3.3,Pass
4674,1459598,HK142_MT1007_L03,MT1007,-16,False,6.9,6.4,4.0,,,5.3,D+,1.5,True,1.71,1.67,Pass
4675,1475856,HK142_MT1007_L03,MT1007,-16,False,7.6,5.5,4.5,,,5.4,D+,1.5,True,1.85,2.02,Pass
4676,1443952,HK142_MT1007_L03,MT1007,-16,False,4.8,4.5,7.0,,,5.8,C,2.0,True,1.71,1.8,Pass
4677,1499780,HK142_MT1007_L03,MT1007,-16,False,7.3,7.1,7.1,,,7.1,B,3.0,True,2.53,2.55,Pass
4678,1449782,HK142_MT1007_L03,MT1007,-16,False,6.5,7.3,6.4,,,6.7,C+,2.5,True,2.29,2.29,Pass
4679,1486590,HK142_MT1007_L03,MT1007,-16,False,7.9,7.1,7.7,,,7.6,B,3.0,True,3.24,3.21,Pass
4680,1455302,HK142_MT1007_L03,MT1007,-16,False,7.0,6.9,6.1,,,6.5,C+,2.5,True,2.47,2.41,Pass
4681,1436439,HK142_MT1007_L03,MT1007,-16,False,8.5,7.3,6.4,,,7.1,B,3.0,True,2.91,2.76,Pass
4682,1425701,HK142_MT1007_L03,MT1007,-16,False,4.2,3.8,4.3,,,4.1,D,1.0,True,0.55,1.0,Pass
4683,1428310,HK142_MT1007_L03,MT1007,-16,False,8.5,7.7,7.8,,,7.9,B,3.0,True,3.5,3.5,Pass
4684,1490733,HK142_MT1007_L03,MT1007,-16,False,5.1,6.1,6.3,,,6.0,C,2.0,True,2.24,2.06,Pass
4685,1495335,HK142_MT1007_L03,MT1007,-16,False,6.8,7.3,5.6,,,6.3,C,2.0,True,2.0,2.17,Pass
4686,1466193,HK142_MT1007_L03,MT1007,-16,False,9.4,9.6,9.6,,,9.6,A+,4.0,True,3.76,3.79,Pass
4687,1425548,HK142_MT1007_L03,MT1007,-16,False,8.0,8.5,7.5,,,7.9,B,3.0,True,3.15,3.17,Pass
4688,1448707,HK142_MT1007_L03,MT1007,-16,False,8.6,9.1,8.6,,,8.8,A,4.0,True,3.97,3.88,Pass
4689,1433524,HK142_MT1007_L03,MT1007,-16,False,4.7,7.4,7.0,,,6.7,C+,2.5,True,2.24,2.36,Pass
4690,1433218,HK142_MT1007_L03,MT1007,-16,False,7.2,5.9,6.1,,,6.3,C,2.0,True,2.06,2.23,Pass
4691,1471560,HK142_MT1007_L03,MT1007,-16,False,6.2,6.2,5.8,,,6.0,C,2.0,True,2.38,2.36,Pass
4692,1487359,HK142_MT1007_L03,MT1007,-16,False,8.3,10.0,8.1,,,8.7,A,4.0,True,3.26,3.2,Pass
4693,1470179,HK142_MT1007_L03,MT1007,-16,False,8.1,6.5,8.9,,,8.0,B+,3.5,True,3.38,3.44,Pass
4694,1423249,HK142_MT1007_L03,MT1007,-16,False,6.6,5.6,6.8,,,6.4,C+,2.5,True,2.24,2.2,Pass
4695,1487818,HK142_MT1007_L03,MT1007,-16,False,8.8,8.1,7.3,,,7.8,B,3.0,True,3.29,3.17,Pass
4696,1422327,HK142_MT1007_L03,MT1007,-16,False,8.9,8.5,9.1,,,8.9,A,4.0,True,3.18,3.24,Pass
4697,1400549,HK142_MT1007_L03,MT1007,-16,False,7.7,8.6,6.5,,,7.4,B,3.0,True,3.0,2.94,Pass
4698,1485056,HK142_MT1007_L03,MT1007,-16,False,5.5,6.0,5.4,,,5.6,C,2.0,True,1.88,1.86,Pass
4699,1491651,HK142_MT1007_L03,MT1007,-16,False,7.9,7.1,6.2,,,6.8,C+,2.5,True,2.74,2.52,Pass
4700,1489199,HK142_MT1007_L03,MT1007,-16,False,4.1,5.3,8.9,,,6.9,C+,2.5,True,1.71,1.61,Pass
4701,1425089,HK142_MT1007_L03,MT1007,-16,False,7.3,9.0,8.3,,,8.3,B+,3.5,True,3.29,3.26,Pass
4702,1412817,HK142_MT1007_L03,MT1007,-16,False,4.9,6.1,6.4,,,6.0,C,2.0,True,2.35,2.39,Pass
4703,1429691,HK142_MT1007_L03,MT1007,-16,False,6.3,7.7,6.3,,,6.7,C+,2.5,True,2.53,2.32,Pass
4704,1497940,HK142_MT1007_L03,MT1007,-16,False,8.4,7.7,7.5,,,7.7,B,3.0,True,3.21,3.06,Pass
4705,1415732,HK142_MT1007_L03,MT1007,-16,False,7.3,7.8,7.8,,,7.7,B,3.0,True,3.32,3.36,Pass
4706,1448860,HK142_MT1007_L03,MT1007,-16,False,4.2,4.0,6.1,,,5.1,D+,1.5,True,0.57,1.09,Pass
4707,1416807,HK142_MT1007_L03,MT1007,-16,False,5.9,6.4,4.2,,,5.2,D+,1.5,True,1.76,1.88,Pass
4708,1476774,HK142_MT1007_L03,MT1007,-16,False,6.4,6.2,5.7,,,6.0,C,2.0,True,2.06,2.18,Pass
4709,1498556,HK142_MT1007_L03,MT1007,-16,False,6.6,6.2,6.8,,,6.6,C+,2.5,True,1.94,2.09,Pass
4710,1458523,HK142_MT1007_L03,MT1007,-16,False,6.2,6.6,5.9,,,6.2,C,2.0,True,2.29,2.26,Pass
4711,1484750,HK142_MT1007_L03,MT1007,-16,False,7.4,6.9,7.2,,,7.2,B,3.0,True,2.76,2.7,Pass
4712,1443493,HK142_MT1007_L03,MT1007,-16,False,8.1,7.0,7.7,,,7.6,B,3.0,True,3.0,3.06,Pass
4713,1439044,HK142_MT1007_L03,MT1007,-16,False,6.1,7.9,6.1,,,6.6,C+,2.5,True,2.15,2.35,Pass
4714,1432449,HK142_MT1007_L03,MT1007,-16,False,6.5,4.8,6.9,,,6.2,C,2.0,True,2.09,1.98,Pass
4715,1451316,HK142_MT1007_L03,MT1007,-16,False,6.1,6.9,6.4,,,6.5,C+,2.5,True,2.53,2.62,Pass
4716,1440119,HK142_MT1007_L03,MT1007,-16,False,9.1,7.2,8.0,,,8.0,B+,3.5,True,3.35,3.36,Pass
4717,1431378,HK142_MT1007_L03,MT1007,-16,False,5.9,7.0,6.7,,,6.6,C+,2.5,True,2.06,2.06,Pass
4718,1441653,HK142_MT1007_L03,MT1007,-16,False,5.4,4.3,5.3,,,5.0,D+,1.5,True,1.62,1.74,Pass
4719,1402848,HK142_MT1007_L03,MT1007,-16,False,7.8,5.3,6.3,,,6.3,C,2.0,True,2.35,2.18,Pass
4720,1428616,HK142_MT1007_L03,MT1007,-16,False,6.2,6.7,5.5,,,6.0,C,2.0,True,2.09,2.21,Pass
4721,1407909,HK142_MT1007_L03,MT1007,-16,False,6.3,5.3,7.6,,,6.6,C+,2.5,True,2.12,2.02,Pass
4722,1433677,HK142_MT1007_L03,MT1007,-16,False,9.4,9.4,9.1,,,9.2,A,4.0,True,4.0,4.0,Pass
4723,1439660,HK142_MT1007_L03,MT1007,-16,False,9.1,8.9,8.8,,,8.9,A,4.0,True,3.76,3.7,Pass
4724,1494566,HK142_MT1007_L03,MT1007,-16,False,7.0,6.5,6.9,,,6.8,C+,2.5,True,2.35,2.33,Pass
4725,1448401,HK142_MT1007_L03,MT1007,-16,False,6.9,6.9,6.8,,,6.8,C+,2.5,True,2.32,2.14,Pass
4726,1496406,HK142_MT1007_L03,MT1007,-16,False,5.5,4.8,5.3,,,5.2,D+,1.5,True,1.85,1.85,Pass
4727,1416654,HK142_MT1007_L03,MT1007,-16,False,8.3,7.8,7.8,,,7.9,B,3.0,True,3.76,3.79,Pass
4728,1453615,HK142_MT1007_L03,MT1007,-16,False,4.0,5.1,4.7,,,4.7,D,1.0,True,0.73,1.17,Pass
4729,1457142,HK142_MT1007_L03,MT1007,-16,False,6.1,5.9,8.1,,,7.0,B,3.0,True,2.74,2.76,Pass
4730,1441806,HK142_MT1007_L03,MT1007,-16,False,7.5,8.2,7.2,,,7.6,B,3.0,True,3.09,3.12,Pass
4731,1411283,HK142_MT1007_L03,MT1007,-16,False,8.9,6.7,8.7,,,8.1,B+,3.5,True,3.76,3.85,Pass
4732,1427082,HK142_MT1007_L03,MT1007,-16,False,5.3,5.8,5.7,,,5.7,C,2.0,True,1.21,1.18,Pass
4733,1451010,HK142_MT1007_L03,MT1007,-16,False,5.8,7.7,5.8,,,6.4,C+,2.5,True,1.91,1.8,Pass
4734,1439966,HK142_MT1007_L03,MT1007,-16,False,7.1,6.3,6.2,,,6.4,C+,2.5,True,2.74,2.5,Pass
4735,1454843,HK142_MT1007_L03,MT1007,-16,False,6.8,6.1,6.5,,,6.4,C+,2.5,True,2.41,2.21,Pass
4736,1425854,HK142_MT1007_L03,MT1007,-16,False,7.9,7.5,7.5,,,7.6,B,3.0,True,2.91,2.86,Pass
4737,1416960,HK142_MT1007_L03,MT1007,-16,False,8.0,7.9,9.4,,,8.7,A,4.0,True,3.94,3.97,Pass
4738,1464353,HK142_MT1007_L03,MT1007,-16,False,9.2,8.2,7.5,,,8.0,B+,3.5,True,3.29,3.32,Pass
4739,1448248,HK142_MT1007_L03,MT1007,-16,False,6.0,7.5,7.5,,,7.2,B,3.0,True,2.53,2.5,Pass
4740,1427388,HK142_MT1007_L03,MT1007,-16,False,6.6,6.9,5.8,,,6.3,C,2.0,True,2.06,1.94,Pass
4741,1499474,HK142_MT1007_L03,MT1007,-16,False,7.3,8.6,6.4,,,7.2,B,3.0,True,2.32,2.42,Pass
4742,1458064,HK142_MT1007_L03,MT1007,-16,False,8.0,6.8,4.8,,,6.0,C,2.0,True,2.44,2.32,Pass
4743,1404076,HK142_MT1007_L03,MT1007,-16,False,6.8,5.8,6.7,,,6.5,C+,2.5,True,2.32,2.15,Pass
4744,1449013,HK142_MT1007_L03,MT1007,-16,False,7.4,6.8,7.3,,,7.2,B,3.0,True,2.62,2.71,Pass
4745,1449476,HK142_MT1007_L03,MT1007,-16,False,7.4,8.5,7.0,,,7.5,B,3.0,True,3.0,2.95,Pass
4746,1491192,HK142_MT1007_L03,MT1007,-16,False,7.8,9.7,7.2,,,8.1,B+,3.5,True,3.35,3.29,Pass
4747,1406991,HK142_MT1007_L03,MT1007,-16,False,6.9,7.0,5.8,,,6.4,C+,2.5,True,2.56,2.3,Pass
4748,1405151,HK142_MT1007_L03,MT1007,-16,False,8.0,7.5,7.7,,,7.7,B,3.0,True,3.12,3.06,Pass
4749,1484597,HK142_MT1007_L03,MT1007,-16,False,6.4,6.0,5.4,,,5.8,C,2.0,True,1.29,1.36,Pass
4750,1456836,HK142_MT1007_L03,MT1007,-16,False,10.0,9.1,8.3,,,8.9,A,4.0,True,4.0,4.0,Pass
4751,1416191,HK142_MT1007_L03,MT1007,-16,False,8.9,8.8,7.5,,,8.2,B+,3.5,True,3.92,3.93,Pass
4752,1478461,HK142_MT1007_L03,MT1007,-16,False,5.6,5.4,7.9,,,6.7,C+,2.5,True,1.97,1.94,Pass
4753,1412358,HK142_MT1007_L03,MT1007,-16,False,6.8,6.4,6.5,,,6.5,C+,2.5,True,2.44,2.33,Pass
4754,1469108,HK142_MT1007_L03,MT1007,-16,False,6.8,6.9,7.9,,,7.4,B,3.0,True,2.32,2.29,Pass
4755,1469261,HK142_MT1007_L03,MT1007,-16,False,3.4,4.4,4.5,,,4.2,D,1.0,True,0.71,1.0,Pass
4756,1478155,HK142_MT1007_L03,MT1007,-16,False,8.3,8.8,9.6,,,9.1,A,4.0,True,3.85,3.8,Pass
4757,1433983,HK142_MT1007_L03,MT1007,-16,False,4.4,5.9,5.8,,,5.6,C,2.0,True,1.75,1.74,Pass
4758,1427694,HK142_MT1007_L03,MT1007,-16,False,6.4,5.8,6.2,,,6.1,C,2.0,True,1.41,1.32,Pass
4759,1468186,HK142_MT1007_L03,MT1007,-16,False,6.5,6.1,6.8,,,6.5,C+,2.5,True,2.53,2.44,Pass
4760,1415885,HK142_MT1007_L03,MT1007,-16,False,9.5,9.1,8.5,,,8.9,A,4.0,True,3.82,3.91,Pass
4761,1439507,HK142_MT1007_L03,MT1007,-16,False,6.9,7.4,6.4,,,6.8,C+,2.5,True,1.5,1.59,Pass
4762,1410212,HK142_MT1007_L03,MT1007,-16,False,6.4,6.6,6.5,,,6.5,C+,2.5,True,2.18,2.14,Pass
4763,1411746,HK142_MT1007_L03,MT1007,-16,False,4.5,7.4,6.2,,,6.2,C,2.0,True,2.0,1.94,Pass
4764,1442265,HK142_MT1007_L03,MT1007,-16,False,5.1,5.5,5.8,,,5.6,C,2.0,True,2.29,2.3,Pass
4765,1463278,HK142_MT1007_L03,MT1007,-16,False,4.8,5.1,5.8,,,5.4,D+,1.5,True,1.71,1.74,Pass
4766,1415426,HK142_MT1007_L03,MT1007,-16,False,6.6,4.9,5.5,,,5.5,C,2.0,True,1.26,1.47,Pass
4767,1456683,HK142_MT1007_L03,MT1007,-16,False,8.3,7.4,7.1,,,7.4,B,3.0,True,3.12,3.2,Pass
4768,1489964,HK142_MT1007_L03,MT1007,-16,False,4.5,5.6,4.8,,,5.0,D+,1.5,True,1.62,1.68,Pass
4769,1433830,HK142_MT1007_L03,MT1007,-16,False,5.9,6.0,5.5,,,5.7,C,2.0,True,2.21,1.94,Pass
4770,1497022,HK142_MT1007_L04,MT1007,-16,False,6.0,5.9,6.1,,,6.0,C,2.0,True,2.47,2.61,Pass
4771,1408831,HK142_MT1007_L04,MT1007,-16,False,7.0,7.6,8.8,,,8.1,B+,3.5,True,3.26,3.08,Pass
4772,1422021,HK142_MT1007_L04,MT1007,-16,False,6.0,6.1,4.0,,,5.0,D+,1.5,True,1.21,1.33,Pass
4773,1429228,HK142_MT1007_L04,MT1007,-16,False,9.9,8.9,9.4,,,9.4,A,4.0,True,4.0,3.89,Pass
4774,1490427,HK142_MT1007_L04,MT1007,-16,False,6.8,6.6,6.5,,,6.6,C+,2.5,True,2.29,2.38,Pass
4775,1431837,HK142_MT1007_L04,MT1007,-16,False,5.9,5.5,6.7,,,6.2,C,2.0,True,2.21,2.26,Pass
4776,1472482,HK142_MT1007_L04,MT1007,-16,False,9.6,8.6,9.3,,,9.2,A,4.0,True,3.5,3.44,Pass
4777,1476162,HK142_MT1007_L04,MT1007,-16,False,6.2,4.8,5.5,,,5.4,D+,1.5,True,1.29,1.38,Pass
4778,1481070,HK142_MT1007_L04,MT1007,-16,False,6.8,8.1,7.7,,,7.6,B,3.0,True,2.29,2.38,Pass
4779,1458829,HK142_MT1007_L04,MT1007,-16,False,6.8,5.6,7.0,,,6.5,C+,2.5,True,2.47,2.39,Pass
4780,1429844,HK142_MT1007_L04,MT1007,-16,False,6.5,6.7,7.0,,,6.8,C+,2.5,True,2.24,2.26,Pass
4781,1443340,HK142_MT1007_L04,MT1007,-16,False,6.2,5.6,7.6,,,6.7,C+,2.5,True,2.06,2.11,Pass
4782,1408525,HK142_MT1007_L04,MT1007,-16,False,3.5,3.3,3.6,,,3.5,F,0.0,False,0.19,1.0,Fail
4783,1492726,HK142_MT1007_L04,MT1007,-16,False,8.3,7.0,7.3,,,7.4,B,3.0,True,3.18,2.85,Pass
4784,1440272,HK142_MT1007_L04,MT1007,-16,False,8.8,8.4,8.7,,,8.6,A,4.0,True,4.0,3.95,Pass
4785,1442112,HK142_MT1007_L04,MT1007,-16,False,6.3,5.6,5.3,,,5.6,C,2.0,True,2.38,2.32,Pass
4786,1418188,HK142_MT1007_L04,MT1007,-16,False,6.6,6.7,7.4,,,7.0,B,3.0,True,3.24,3.12,Pass
4787,1488277,HK142_MT1007_L04,MT1007,-16,False,8.5,8.8,7.9,,,8.3,B+,3.5,True,3.47,3.3,Pass
4788,1430915,HK142_MT1007_L04,MT1007,-16,False,7.7,7.6,7.2,,,7.4,B,3.0,True,2.5,2.41,Pass
4789,1445486,HK142_MT1007_L04,MT1007,-16,False,7.3,8.4,6.9,,,7.4,B,3.0,True,3.06,3.03,Pass
4790,1484444,HK142_MT1007_L04,MT1007,-16,False,8.3,8.6,8.9,,,8.7,A,4.0,True,3.32,3.33,Pass
4791,1418953,HK142_MT1007_L04,MT1007,-16,False,6.6,6.5,6.1,,,6.3,C,2.0,True,2.12,2.3,Pass
4792,1486284,HK142_MT1007_L04,MT1007,-16,False,9.2,8.1,8.7,,,8.6,A,4.0,True,3.68,3.67,Pass
4793,1414045,HK142_MT1007_L04,MT1007,-16,False,7.2,7.1,7.7,,,7.4,B,3.0,True,2.41,2.52,Pass
4794,1499321,HK142_MT1007_L04,MT1007,-16,False,8.2,8.5,8.8,,,8.6,A,4.0,True,4.0,3.88,Pass
4795,1426929,HK142_MT1007_L04,MT1007,-16,False,7.3,6.4,7.6,,,7.2,B,3.0,True,2.21,2.32,Pass
4796,1437357,HK142_MT1007_L04,MT1007,-16,False,9.7,9.0,9.1,,,9.2,A,4.0,True,3.95,3.97,Pass
4797,1497175,HK142_MT1007_L04,MT1007,-16,False,6.2,7.0,6.8,,,6.7,C+,2.5,True,2.21,2.33,Pass
4798,1407756,HK142_MT1007_L04,MT1007,-16,False,8.2,8.3,8.5,,,8.4,B+,3.5,True,3.09,3.0,Pass
4799,1463125,HK142_MT1007_L04,MT1007,-16,False,5.6,5.7,4.8,,,5.2,D+,1.5,True,1.59,1.74,Pass
4800,1407144,HK142_MT1007_L04,MT1007,-16,False,5.9,5.8,6.9,,,6.4,C+,2.5,True,2.03,2.03,Pass
4801,1492114,HK142_MT1007_L04,MT1007,-16,False,6.9,8.9,9.7,,,8.9,A,4.0,True,3.32,3.41,Pass
4802,1478924,HK142_MT1007_L04,MT1007,-16,False,5.2,4.7,6.7,,,5.8,C,2.0,True,2.38,2.2,Pass
4803,1456071,HK142_MT1007_L04,MT1007,-16,False,4.6,7.1,6.9,,,6.5,C+,2.5,True,2.38,2.39,Pass
4804,1484291,HK142_MT1007_L04,MT1007,-16,False,8.0,8.0,5.0,,,6.5,C+,2.5,True,2.85,2.85,Pass
4805,1479842,HK142_MT1007_L04,MT1007,-16,False,8.5,7.4,8.4,,,8.1,B+,3.5,True,3.12,3.09,Pass
4806,1410518,HK142_MT1007_L04,MT1007,-16,False,8.1,7.2,7.3,,,7.4,B,3.0,True,3.24,3.29,Pass
4807,1497787,HK142_MT1007_L04,MT1007,-16,False,9.1,9.5,8.7,,,9.0,A,4.0,True,3.88,3.93,Pass
4808,1428769,HK142_MT1007_L04,MT1007,-16,False,4.4,6.1,5.5,,,5.5,C,2.0,True,2.09,2.2,Pass
4809,1443034,HK142_MT1007_L04,MT1007,-16,False,7.9,7.2,7.0,,,7.2,B,3.0,True,2.59,2.58,Pass
4810,1428463,HK142_MT1007_L04,MT1007,-16,False,6.4,5.5,7.0,,,6.4,C+,2.5,True,2.32,2.18,Pass
4811,1484138,HK142_MT1007_L04,MT1007,-16,False,8.3,7.1,9.6,,,8.6,A,4.0,True,2.71,2.44,Pass
4812,1462050,HK142_MT1007_L04,MT1007,-16,False,5.2,4.8,4.1,,,4.5,D,1.0,True,0.73,1.09,Pass
4813,1481529,HK142_MT1007_L04,MT1007,-16,False,6.0,6.7,7.5,,,7.0,B,3.0,True,2.62,2.65,Pass
4814,1474016,HK142_MT1007_L04,MT1007,-16,False,5.7,4.9,6.6,,,5.9,C,2.0,True,2.21,1.94,Pass
4815,1471407,HK142_MT1007_L04,MT1007,-16,False,6.9,5.7,7.0,,,6.6,C+,2.5,True,2.21,2.18,Pass
4816,1460979,HK142_MT1007_L04,MT1007,-16,False,6.2,6.5,5.4,,,5.9,C,2.0,True,2.09,2.02,Pass
4817,1472941,HK142_MT1007_L04,MT1007,-16,False,6.0,6.0,6.3,,,6.2,C,2.0,True,2.21,2.17,Pass
4818,1465424,HK142_MT1007_L04,MT1007,-16,False,4.1,6.7,6.7,,,6.2,C,2.0,True,2.26,2.45,Pass
4819,1496559,HK142_MT1007_L04,MT1007,-16,False,7.0,6.5,5.9,,,6.3,C,2.0,True,2.41,2.32,Pass
4820,1451775,HK142_MT1007_L04,MT1007,-16,False,6.3,8.1,7.9,,,7.6,B,3.0,True,3.06,3.11,Pass
4821,1457605,HK142_MT1007_L04,MT1007,-16,False,6.0,4.8,6.8,,,6.0,C,2.0,True,2.38,2.2,Pass
4822,1414198,HK142_MT1007_L04,MT1007,-16,False,4.2,4.9,5.7,,,5.2,D+,1.5,True,1.5,1.45,Pass
4823,1415273,HK142_MT1007_L04,MT1007,-16,False,4.7,7.0,6.6,,,6.3,C,2.0,True,2.29,2.42,Pass
4824,1414967,HK142_MT1007_L04,MT1007,-16,False,8.4,8.6,8.0,,,8.3,B+,3.5,True,3.32,3.23,Pass
4825,1487206,HK142_MT1007_L04,MT1007,-16,False,7.6,8.1,8.4,,,8.2,B+,3.5,True,3.41,3.23,Pass
4826,1454996,HK142_MT1007_L04,MT1007,-16,False,6.9,6.5,8.4,,,7.5,B,3.0,True,3.06,3.15,Pass
4827,1477696,HK142_MT1007_L04,MT1007,-16,False,5.5,6.5,6.7,,,6.4,C+,2.5,True,2.44,2.56,Pass
4828,1489811,HK142_MT1007_L04,MT1007,-16,False,8.7,8.4,9.2,,,8.9,A,4.0,True,3.91,3.7,Pass
4829,1490886,HK142_MT1007_L04,MT1007,-16,False,7.9,8.5,7.2,,,7.7,B,3.0,True,3.4,3.42,Pass
4830,1436592,HK142_MT1007_L04,MT1007,-16,False,7.4,6.9,7.3,,,7.2,B,3.0,True,2.62,2.7,Pass
4831,1466958,HK142_MT1007_L04,MT1007,-16,False,6.4,7.7,6.1,,,6.6,C+,2.5,True,2.53,2.47,Pass
4832,1479995,HK142_MT1007_L04,MT1007,-16,False,5.4,5.4,6.4,,,5.9,C,2.0,True,2.0,2.18,Pass
4833,1432143,HK142_MT1007_L04,MT1007,-16,False,7.4,7.2,8.5,,,7.9,B,3.0,True,2.97,3.03,Pass
4834,1419412,HK142_MT1007_L04,MT1007,-16,False,9.3,7.8,7.9,,,8.2,B+,3.5,True,3.56,3.45,Pass
4835,1494107,HK142_MT1007_L04,MT1007,-16,False,8.4,8.4,6.5,,,7.5,B,3.0,True,2.91,2.95,Pass
4836,1417266,HK142_MT1007_L04,MT1007,-16,False,6.2,6.8,6.0,,,6.3,C,2.0,True,2.53,2.32,Pass
4837,1486437,HK142_MT1007_L04,MT1007,-16,False,7.1,4.7,5.9,,,5.8,C,2.0,True,2.09,2.23,Pass
4838,1453156,HK142_MT1007_L04,MT1007,-16,False,8.7,8.4,8.1,,,8.3,B+,3.5,True,3.09,3.15,Pass
4839,1410671,HK142_MT1007_L04,MT1007,-16,False,7.8,7.2,7.8,,,7.6,B,3.0,True,3.26,3.24,Pass
4840,1471254,HK142_MT1007_L04,MT1007,-16,False,6.2,4.7,4.3,,,4.8,D,1.0,True,1.41,1.55,Pass
4841,1423861,HK142_MT1007_L04,MT1007,-16,False,4.0,3.4,2.8,,,3.2,F,0.0,False,0.5,1.0,Fail
4842,1447942,HK142_MT1007_L04,MT1007,-16,False,7.2,6.9,7.6,,,7.3,B,3.0,True,3.18,3.17,Pass
4843,1458676,HK142_MT1007_L04,MT1007,-16,False,7.1,5.6,6.4,,,6.3,C,2.0,True,2.68,2.58,Pass
4844,1461132,HK142_MT1007_L04,MT1007,-16,False,5.9,6.7,5.7,,,6.0,C,2.0,True,2.32,2.32,Pass
4845,1412052,HK142_MT1007_L04,MT1007,-16,False,6.4,8.0,5.0,,,6.2,C,2.0,True,2.74,2.77,Pass
4846,1438432,HK142_MT1007_L04,MT1007,-16,False,7.8,9.4,8.1,,,8.4,B+,3.5,True,3.5,3.52,Pass
4847,1425395,HK142_MT1007_L04,MT1007,-16,False,10.0,8.3,9.5,,,9.2,A,4.0,True,4.0,4.0,Pass
4848,1471866,HK142_MT1007_L04,MT1007,-16,False,7.8,6.4,7.7,,,7.3,B,3.0,True,3.29,3.29,Pass
4849,1436898,HK142_MT1007_L04,MT1007,-16,False,5.7,3.9,6.5,,,5.6,C,2.0,True,1.94,1.74,Pass
4850,1442418,HK142_MT1007_L04,MT1007,-16,False,7.5,7.5,7.3,,,7.4,B,3.0,True,3.18,3.29,Pass
4851,1483832,HK142_MT1007_L04,MT1007,-16,False,6.9,6.2,6.7,,,6.6,C+,2.5,True,2.24,2.18,Pass
4852,1419106,HK142_MT1007_L04,MT1007,-16,False,4.4,5.4,5.1,,,5.0,D+,1.5,True,2.06,2.12,Pass
4853,1471101,HK142_MT1007_L04,MT1007,-16,False,9.3,8.6,9.1,,,9.0,A,4.0,True,3.73,3.79,Pass
4854,1404229,HK142_MT1007_L04,MT1007,-16,False,3.3,3.8,4.8,,,4.2,D,1.0,True,0.45,1.0,Pass
4855,1467880,HK142_MT1007_L04,MT1007,-16,False,6.7,5.9,6.5,,,6.4,C+,2.5,True,2.35,2.48,Pass
4856,1401008,HK142_MT1007_L04,MT1007,-16,False,10.0,9.1,9.2,,,9.3,A,4.0,True,3.97,3.98,Pass
4857,1426007,HK142_MT1007_L04,MT1007,-16,False,10.0,7.8,8.8,,,8.7,A,4.0,True,3.18,3.26,Pass
4858,1437973,HK142_MT1007_L04,MT1007,-16,False,9.8,7.8,8.5,,,8.6,A,4.0,True,3.94,3.97,Pass
4859,1482604,HK142_MT1007_L04,MT1007,-16,False,8.2,8.2,8.6,,,8.4,B+,3.5,True,3.68,3.64,Pass
4860,1411899,HK142_MT1007_L04,MT1007,-16,False,5.9,7.1,7.6,,,7.1,B,3.0,True,1.94,1.8,Pass
4861,1434136,HK142_MT1007_L04,MT1007,-16,False,8.9,10.0,8.2,,,8.9,A,4.0,True,4.0,3.96,Pass
4862,1404535,HK142_MT1007_L04,MT1007,-16,False,2.5,4.3,4.5,,,4.0,D,1.0,True,0.55,1.12,Pass
4863,1427235,HK142_MT1007_L04,MT1007,-16,False,7.0,7.3,7.7,,,7.4,B,3.0,True,2.97,2.94,Pass
4864,1406838,HK142_MT1007_L04,MT1007,-16,False,7.5,7.1,7.2,,,7.2,B,3.0,True,2.91,3.05,Pass
4865,1451928,HK142_MT1007_L04,MT1007,-16,False,5.0,4.4,5.5,,,5.1,D+,1.5,True,1.5,1.56,Pass
4866,1425242,HK142_MT1007_L04,MT1007,-16,False,5.5,6.3,6.1,,,6.0,C,2.0,True,2.03,2.08,Pass
4867,1408372,HK142_MT1007_L04,MT1007,-16,False,7.3,8.1,9.0,,,8.4,B+,3.5,True,3.5,3.42,Pass
4868,1460057,HK142_MT1007_L04,MT1007,-16,False,7.2,8.6,8.7,,,8.4,B+,3.5,True,3.5,3.47,Pass
4869,1453768,HK142_MT1007_L04,MT1007,-16,False,5.6,7.3,7.7,,,7.2,B,3.0,True,2.85,2.58,Pass
4870,1474934,HK142_MT1007_L04,MT1007,-16,False,4.6,3.8,3.8,,,4.0,D,1.0,True,0.55,1.0,Pass
4871,1412205,HK142_MT1007_L04,MT1007,-16,False,5.5,5.9,5.4,,,5.6,C,2.0,True,1.88,2.03,Pass
4872,1459445,HK142_MT1007_L04,MT1007,-16,False,6.0,8.3,5.9,,,6.6,C+,2.5,True,2.18,2.17,Pass
4873,1445180,HK142_MT1007_L04,MT1007,-16,False,8.9,8.1,9.6,,,9.0,A,4.0,True,4.0,4.0,Pass
4874,1452697,HK142_MT1007_L04,MT1007,-16,False,8.1,7.0,8.2,,,7.8,B,3.0,True,2.88,3.0,Pass
4875,1468033,HK142_MT1007_L05,MT1007,-16,False,9.2,6.5,7.8,,,7.7,B,3.0,True,3.32,3.2,Pass
4876,1464659,HK142_MT1007_L05,MT1007,-16,False,6.1,6.7,7.0,,,6.7,C+,2.5,True,2.41,2.23,Pass
4877,1401314,HK142_MT1007_L05,MT1007,-16,False,8.9,8.4,8.1,,,8.4,B+,3.5,True,3.91,3.95,Pass
4878,1459292,HK142_MT1007_L05,MT1007,-16,False,7.1,5.8,5.9,,,6.1,C,2.0,True,1.68,1.73,Pass
4879,1432602,HK142_MT1007_L05,MT1007,-16,False,5.1,5.2,4.7,,,4.9,D,1.0,True,1.5,1.62,Pass
4880,1443799,HK142_MT1007_L05,MT1007,-16,False,8.9,6.7,8.7,,,8.1,B+,3.5,True,3.03,3.26,Pass
4881,1433065,HK142_MT1007_L05,MT1007,-16,False,3.0,4.3,4.2,,,4.0,D,1.0,True,0.8,1.06,Pass
4882,1451622,HK142_MT1007_L05,MT1007,-16,False,7.8,7.5,6.9,,,7.3,B,3.0,True,3.12,2.98,Pass
4883,1434599,HK142_MT1007_L05,MT1007,-16,False,7.1,7.1,9.0,,,8.1,B+,3.5,True,3.26,3.38,Pass
4884,1475703,HK142_MT1007_L05,MT1007,-16,False,5.6,5.6,5.7,,,5.7,C,2.0,True,2.0,1.98,Pass
4885,1413739,HK142_MT1007_L05,MT1007,-16,False,8.4,8.3,8.7,,,8.5,A,4.0,True,4.0,3.88,Pass
4886,1480764,HK142_MT1007_L05,MT1007,-16,False,6.7,6.8,6.2,,,6.5,C+,2.5,True,2.71,2.56,Pass
4887,1428157,HK142_MT1007_L05,MT1007,-16,False,4.6,5.2,5.1,,,5.0,D+,1.5,True,1.62,1.77,Pass
4888,1467421,HK142_MT1007_L05,MT1007,-16,False,5.9,6.5,6.5,,,6.4,C+,2.5,True,2.62,2.53,Pass
4889,1492573,HK142_MT1007_L05,MT1007,-16,False,6.5,7.7,7.3,,,7.3,B,3.0,True,2.85,2.8,Pass
4890,1434905,HK142_MT1007_L05,MT1007,-16,False,6.9,6.7,8.0,,,7.4,B,3.0,True,2.71,2.59,Pass
4891,1400243,HK142_MT1007_L05,MT1007,-16,False,7.3,7.8,6.9,,,7.2,B,3.0,True,2.74,2.61,Pass
4892,1454690,HK142_MT1007_L05,MT1007,-16,False,3.5,3.8,3.5,,,3.6,F,0.0,False,0.32,1.0,Fail
4893,1431990,HK142_MT1007_L05,MT1007,-16,False,7.7,5.8,5.9,,,6.2,C,2.0,True,2.82,2.82,Pass
4894,1483216,HK142_MT1007_L05,MT1007,-16,False,5.1,4.2,5.0,,,4.8,D,1.0,True,1.35,1.33,Pass
4895,1417725,HK142_MT1007_L05,MT1007,-16,False,8.2,8.4,8.0,,,8.2,B+,3.5,True,3.15,3.05,Pass
4896,1480148,HK142_MT1007_L05,MT1007,-16,False,8.4,8.7,8.4,,,8.5,A,4.0,True,3.24,3.06,Pass
4897,1451163,HK142_MT1007_L05,MT1007,-16,False,7.7,5.7,7.3,,,6.9,C+,2.5,True,2.32,2.42,Pass
4898,1474475,HK142_MT1007_L05,MT1007,-16,False,8.9,6.1,7.7,,,7.5,B,3.0,True,2.88,2.98,Pass
4899,1467727,HK142_MT1007_L05,MT1007,-16,False,6.9,5.4,6.3,,,6.2,C,2.0,True,2.03,2.2,Pass
4900,1482451,HK142_MT1007_L05,MT1007,-16,False,4.8,4.1,2.4,,,3.4,F,0.0,False,0.19,1.0,Fail
4901,1443646,HK142_MT1007_L05,MT1007,-16,False,7.0,6.4,6.9,,,6.8,C+,2.5,True,2.29,2.3,Pass
4902,1413280,HK142_MT1007_L05,MT1007,-16,False,6.4,8.0,7.2,,,7.3,B,3.0,True,2.38,2.3,Pass
4903,1462666,HK142_MT1007_L05,MT1007,-16,False,9.1,7.5,7.6,,,7.9,B,3.0,True,3.26,3.47,Pass
4904,1459751,HK142_MT1007_L05,MT1007,-16,False,7.2,7.4,6.0,,,6.7,C+,2.5,True,2.21,2.33,Pass
4905,1437051,HK142_MT1007_L05,MT1007,-16,False,7.2,5.9,7.4,,,6.9,C+,2.5,True,2.41,2.58,Pass
4906,1450547,HK142_MT1007_L05,MT1007,-16,False,8.8,8.8,8.7,,,8.8,A,4.0,True,3.94,3.92,Pass
4907,1410059,HK142_MT1007_L05,MT1007,-16,False,6.5,6.5,6.8,,,6.7,C+,2.5,True,2.44,2.56,Pass
4908,1483985,HK142_MT1007_L05,MT1007,-16,False,4.0,4.7,4.0,,,4.2,D,1.0,True,0.52,1.0,Pass
4909,1473094,HK142_MT1007_L05,MT1007,-16,False,7.5,6.3,5.4,,,6.1,C,2.0,True,3.09,3.17,Pass
4910,1444874,HK142_MT1007_L05,MT1007,-16,False,5.5,5.6,6.9,,,6.2,C,2.0,True,1.97,2.0,Pass
4911,1482757,HK142_MT1007_L05,MT1007,-16,False,5.5,6.6,6.1,,,6.1,C,2.0,True,2.24,2.23,Pass
4912,1433371,HK142_MT1007_L05,MT1007,-16,False,5.2,7.1,6.1,,,6.2,C,2.0,True,2.06,1.94,Pass
4913,1417572,HK142_MT1007_L05,MT1007,-16,False,7.0,5.5,6.3,,,6.2,C,2.0,True,2.0,2.11,Pass
4914,1494719,HK142_MT1007_L05,MT1007,-16,False,5.2,5.2,5.2,,,5.2,D+,1.5,True,1.38,1.52,Pass
4915,1487053,HK142_MT1007_L05,MT1007,-16,False,8.1,7.7,6.9,,,7.4,B,3.0,True,3.03,3.02,Pass
4916,1405916,HK142_MT1007_L05,MT1007,-16,False,8.1,8.2,7.5,,,7.8,B,3.0,True,2.85,2.89,Pass
4917,1420181,HK142_MT1007_L05,MT1007,-16,False,7.6,8.1,8.1,,,8.0,B+,3.5,True,2.65,2.56,Pass
4918,1487971,HK142_MT1007_L05,MT1007,-16,False,7.4,8.0,8.5,,,8.1,B+,3.5,True,3.18,3.23,Pass
4919,1456377,HK142_MT1007_L05,MT1007,-16,False,8.1,7.7,7.3,,,7.6,B,3.0,True,3.15,3.27,Pass
4920,1468645,HK142_MT1007_L05,MT1007,-16,False,6.1,8.2,7.1,,,7.2,B,3.0,True,2.41,2.44,Pass
4921,1406222,HK142_MT1007_L05,MT1007,-16,False,8.9,9.3,8.6,,,8.9,A,4.0,True,4.0,3.97,Pass
4922,1481223,HK142_MT1007_L05,MT1007,-16,False,5.1,6.9,6.8,,,6.5,C+,2.5,True,2.09,2.11,Pass
4923,1446867,HK142_MT1007_L05,MT1007,-16,False,7.6,7.4,8.0,,,7.7,B,3.0,True,2.97,2.98,Pass
4924,1489505,HK142_MT1007_L05,MT1007,-16,False,7.8,7.7,9.2,,,8.5,A,4.0,True,3.53,3.47,Pass
4925,1412511,HK142_MT1007_L05,MT1007,-16,False,4.7,6.6,6.4,,,6.1,C,2.0,True,2.35,2.3,Pass
4926,1470026,HK142_MT1007_L05,MT1007,-16,False,4.5,6.0,6.0,,,5.7,C,2.0,True,1.91,2.14,Pass
4927,1419875,HK142_MT1007_L05,MT1007,-16,False,7.5,7.1,7.1,,,7.2,B,3.0,True,2.59,2.58,Pass
4928,1464965,HK142_MT1007_L05,MT1007,-16,False,7.6,6.3,6.5,,,6.7,C+,2.5,True,2.47,2.62,Pass
4929,1446714,HK142_MT1007_L05,MT1007,-16,False,8.6,7.4,8.4,,,8.1,B+,3.5,True,3.41,3.35,Pass
4930,1410977,HK142_MT1007_L05,MT1007,-16,False,8.5,7.2,7.8,,,7.8,B,3.0,True,2.5,2.5,Pass
4931,1481682,HK142_MT1007_L05,MT1007,-16,False,8.8,7.5,6.8,,,7.4,B,3.0,True,2.68,2.64,Pass
4932,1417113,HK142_MT1007_L05,MT1007,-16,False,8.3,7.5,6.5,,,7.2,B,3.0,True,3.29,3.15,Pass
4933,1444568,HK142_MT1007_L05,MT1007,-16,False,6.9,7.8,6.4,,,6.9,C+,2.5,True,2.91,3.12,Pass
4934,1401161,HK142_MT1007_L05,MT1007,-16,False,7.4,6.6,6.6,,,6.8,C+,2.5,True,2.88,2.91,Pass
4935,1494872,HK142_MT1007_L05,MT1007,-16,False,7.9,7.3,7.0,,,7.3,B,3.0,True,3.21,3.23,Pass
4936,1418341,HK142_MT1007_L05,MT1007,-16,False,8.6,8.7,7.8,,,8.2,B+,3.5,True,3.79,3.74,Pass
4937,1461744,HK142_MT1007_L05,MT1007,-16,False,5.3,5.7,7.2,,,6.4,C+,2.5,True,2.09,2.15,Pass
4938,1439197,HK142_MT1007_L05,MT1007,-16,False,7.3,7.9,6.4,,,7.0,B,3.0,True,2.76,2.74,Pass
4939,1477237,HK142_MT1007_L05,MT1007,-16,False,4.7,6.1,5.0,,,5.3,D+,1.5,True,1.56,1.62,Pass
4940,1493032,HK142_MT1007_L05,MT1007,-16,False,6.4,5.4,6.8,,,6.3,C,2.0,True,2.35,2.44,Pass
4941,1429075,HK142_MT1007_L05,MT1007,-16,False,7.2,6.4,6.7,,,6.7,C+,2.5,True,2.26,2.41,Pass
4942,1409137,HK142_MT1007_L05,MT1007,-16,False,8.0,6.7,7.3,,,7.3,B,3.0,True,3.0,3.06,Pass
4943,1488740,HK142_MT1007_L05,MT1007,-16,False,6.6,6.0,5.8,,,6.0,C,2.0,True,2.18,2.24,Pass
4944,1436286,HK142_MT1007_L05,MT1007,-16,False,9.0,8.2,8.4,,,8.5,A,4.0,True,3.85,3.78,Pass
4945,1469873,HK142_MT1007_L05,MT1007,-16,False,7.3,5.4,6.6,,,6.4,C+,2.5,True,2.26,2.24,Pass
4946,1454384,HK142_MT1007_L05,MT1007,-16,False,6.4,7.0,5.7,,,6.2,C,2.0,True,2.12,2.17,Pass
4947,1499627,HK142_MT1007_L05,MT1007,-16,False,9.0,9.5,8.4,,,8.9,A,4.0,True,3.88,3.83,Pass
4948,1400855,HK142_MT1007_L05,MT1007,-16,False,6.8,7.7,3.8,,,5.6,C,2.0,True,2.35,2.52,Pass
4949,1474169,HK142_MT1007_L05,MT1007,-16,False,9.1,9.3,8.2,,,8.7,A,4.0,True,3.35,3.15,Pass
4950,1467574,HK142_MT1007_L05,MT1007,-16,False,8.0,7.2,6.6,,,7.1,B,3.0,True,2.24,2.35,Pass
4951,1416038,HK142_MT1007_L05,MT1007,-16,False,4.9,7.3,10.0,,,8.2,B+,3.5,True,2.97,2.62,Pass
4952,1427541,HK142_MT1007_L05,MT1007,-16,False,7.9,6.6,7.0,,,7.1,B,3.0,True,3.24,3.09,Pass
4953,1415120,HK142_MT1007_L05,MT1007,-16,False,9.3,8.0,8.6,,,8.6,A,4.0,True,3.73,3.72,Pass
4954,1426776,HK142_MT1007_L05,MT1007,-16,False,7.7,7.5,9.0,,,8.3,B+,3.5,True,2.85,2.89,Pass
4955,1476009,HK142_MT1007_L05,MT1007,-16,False,5.7,6.6,7.8,,,7.0,B,3.0,True,3.15,3.23,Pass
4956,1430456,HK142_MT1007_L05,MT1007,-16,False,7.9,8.6,5.9,,,7.1,B,3.0,True,3.26,3.29,Pass
4957,1479383,HK142_MT1007_L05,MT1007,-16,False,7.4,8.6,8.3,,,8.2,B+,3.5,True,3.18,3.15,Pass
4958,1498093,HK142_MT1007_L05,MT1007,-16,False,7.1,6.1,6.6,,,6.5,C+,2.5,True,2.44,2.39,Pass
4959,1413586,HK142_MT1007_L05,MT1007,-16,False,6.0,7.0,6.1,,,6.3,C,2.0,True,2.29,2.27,Pass
4960,1401930,HK142_MT1007_L05,MT1007,-16,False,7.1,7.5,6.6,,,7.0,B,3.0,True,3.35,3.47,Pass
4961,1476315,HK142_MT1007_L05,MT1007,-16,False,9.0,9.6,9.3,,,9.3,A,4.0,True,4.0,3.96,Pass
4962,1400396,HK142_MT1007_L05,MT1007,-16,False,5.8,5.7,5.5,,,5.6,C,2.0,True,2.06,2.14,Pass
4963,1452234,HK142_MT1007_L05,MT1007,-16,False,9.4,8.8,10.0,,,9.5,A+,4.0,True,3.95,3.97,Pass
4964,1402695,HK142_MT1007_L05,MT1007,-16,False,9.7,7.6,8.7,,,8.6,A,4.0,True,3.82,3.62,Pass
4965,1496100,HK142_MT1007_L05,MT1007,-16,False,6.9,7.3,6.4,,,6.8,C+,2.5,True,2.15,2.08,Pass
4966,1453003,HK142_MT1007_L05,MT1007,-16,False,7.9,7.6,7.4,,,7.6,B,3.0,True,3.09,2.98,Pass
4967,1453462,HK142_MT1007_L05,MT1007,-16,False,4.1,4.4,3.6,,,3.9,F,0.0,False,0.24,1.0,Fail
4968,1477390,HK142_MT1007_L05,MT1007,-16,False,8.0,7.5,7.6,,,7.7,B,3.0,True,3.18,3.03,Pass
4969,1453921,HK142_MT1007_L05,MT1007,-16,False,7.8,8.4,7.5,,,7.8,B,3.0,True,3.24,3.32,Pass
4970,1492267,HK142_MT1007_L05,MT1007,-16,False,7.8,8.4,6.8,,,7.5,B,3.0,True,3.26,3.35,Pass
4971,1423555,HK142_MT1007_L05,MT1007,-16,False,8.1,6.6,5.3,,,6.2,C,2.0,True,2.35,2.32,Pass
4972,1475087,HK142_MT1007_L05,MT1007,-16,False,9.5,9.2,8.0,,,8.7,A,4.0,True,3.94,3.97,Pass
4973,1468339,HK142_MT1007_L05,MT1007,-16,False,5.6,5.6,6.3,,,5.9,C,2.0,True,1.71,1.64,Pass
4974,1407297,HK142_MT1007_L05,MT1007,-16,False,7.6,6.7,6.6,,,6.8,C+,2.5,True,2.21,2.38,Pass
4975,1420028,HK142_MT1007_L05,MT1007,-16,False,6.0,5.5,6.2,,,6.0,C,2.0,True,2.12,2.3,Pass
4976,1491498,HK142_MT1007_L05,MT1007,-16,False,9.1,9.1,7.4,,,8.2,B+,3.5,True,3.65,3.35,Pass
4977,1420334,HK142_MT1007_L05,MT1007,-16,False,6.6,5.9,6.7,,,6.4,C+,2.5,True,2.12,1.95,Pass
4978,1403001,HK142_MT1007_L05,MT1007,-16,False,5.7,5.8,6.7,,,6.2,C,2.0,True,2.41,2.21,Pass
4979,1447173,HK142_MT1007_L05,MT1007,-16,False,5.1,4.9,6.8,,,5.9,C,2.0,True,1.97,1.82,Pass
4980,1423249,HK142_CO1007_L01,CO1007,-16,False,5.4,6.1,7.3,,,6.7,C+,2.5,True,2.24,2.2,Pass
4981,1449629,HK142_CO1007_L01,CO1007,-16,False,6.2,7.4,6.3,,,6.5,C+,2.5,True,2.41,2.44,Pass
4982,1424936,HK142_CO1007_L01,CO1007,-16,False,7.0,8.6,8.9,,,8.5,A,4.0,True,3.38,3.17,Pass
4983,1474628,HK142_CO1007_L01,CO1007,-16,False,8.0,8.3,8.4,,,8.3,B+,3.5,True,3.03,3.15,Pass
4984,1463125,HK142_CO1007_L01,CO1007,-16,False,6.5,3.9,5.9,,,5.6,C,2.0,True,1.59,1.74,Pass
4985,1438891,HK142_CO1007_L01,CO1007,-16,False,7.2,6.0,8.1,,,7.5,B,3.0,True,2.44,2.41,Pass
4986,1418494,HK142_CO1007_L01,CO1007,-16,False,6.4,8.0,7.1,,,7.1,B,3.0,True,2.35,2.38,Pass
4987,1461438,HK142_CO1007_L01,CO1007,-16,False,7.3,7.4,6.3,,,6.7,C+,2.5,True,2.03,2.21,Pass
4988,1406991,HK142_CO1007_L01,CO1007,-16,False,6.5,7.0,6.9,,,6.8,C+,2.5,True,2.56,2.3,Pass
4989,1464965,HK142_CO1007_L01,CO1007,-16,False,7.2,6.7,6.7,,,6.8,C+,2.5,True,2.47,2.62,Pass
4990,1496253,HK142_CO1007_L01,CO1007,-16,False,8.6,9.4,8.7,,,8.8,A,4.0,True,3.74,3.83,Pass
4991,1461285,HK142_CO1007_L01,CO1007,-16,False,5.8,6.1,5.5,,,5.7,C,2.0,True,2.03,1.98,Pass
4992,1400243,HK142_CO1007_L01,CO1007,-16,False,6.7,6.4,7.4,,,7.1,B,3.0,True,2.74,2.61,Pass
4993,1492267,HK142_CO1007_L01,CO1007,-16,False,9.0,8.3,8.1,,,8.3,B+,3.5,True,3.26,3.35,Pass
4994,1412817,HK142_CO1007_L01,CO1007,-16,False,7.0,6.3,6.3,,,6.4,C+,2.5,True,2.35,2.39,Pass
4995,1487359,HK142_CO1007_L01,CO1007,-16,False,8.1,8.0,7.4,,,7.7,B,3.0,True,3.26,3.2,Pass
4996,1492114,HK142_CO1007_L01,CO1007,-16,False,8.2,7.7,7.3,,,7.6,B,3.0,True,3.32,3.41,Pass
4997,1489811,HK142_CO1007_L01,CO1007,-16,False,8.5,9.3,8.3,,,8.5,A,4.0,True,3.91,3.7,Pass
4998,1451622,HK142_CO1007_L01,CO1007,-16,False,8.2,7.0,8.0,,,7.8,B,3.0,True,3.12,2.98,Pass
4999,1495335,HK142_CO1007_L01,CO1007,-16,False,5.3,7.0,4.4,,,5.1,D+,1.5,True,2.0,2.17,Pass
5000,1485672,HK142_CO1007_L01,CO1007,-16,False,6.4,6.6,6.4,,,6.4,C+,2.5,True,2.26,2.29,Pass
5001,1429075,HK142_CO1007_L01,CO1007,-16,False,5.0,6.3,5.9,,,5.8,C,2.0,True,2.26,2.41,Pass
5002,1439813,HK142_CO1007_L01,CO1007,-16,False,6.9,8.2,6.6,,,7.0,B,3.0,True,3.24,3.18,Pass
5003,1435058,HK142_CO1007_L01,CO1007,-16,False,8.6,7.9,7.7,,,7.9,B,3.0,True,3.06,3.21,Pass
5004,1423402,HK142_CO1007_L01,CO1007,-16,False,5.8,5.9,5.1,,,5.4,D+,1.5,True,1.44,1.41,Pass
5005,1407450,HK142_CO1007_L01,CO1007,-16,False,6.9,8.9,6.7,,,7.2,B,3.0,True,3.06,3.06,Pass
5006,1434905,HK142_CO1007_L01,CO1007,-16,False,6.7,8.0,7.6,,,7.5,B,3.0,True,2.71,2.59,Pass
5007,1491498,HK142_CO1007_L01,CO1007,-16,False,6.8,9.8,8.6,,,8.5,A,4.0,True,3.65,3.35,Pass
5008,1410824,HK142_CO1007_L01,CO1007,-16,False,9.0,9.0,8.4,,,8.6,A,4.0,True,3.88,3.94,Pass
5009,1447173,HK142_CO1007_L01,CO1007,-16,False,4.2,4.6,6.8,,,5.8,C,2.0,True,1.97,1.82,Pass
5010,1499168,HK142_CO1007_L01,CO1007,-16,False,7.0,5.9,6.2,,,6.3,C,2.0,True,2.24,2.35,Pass
5011,1492573,HK142_CO1007_L01,CO1007,-16,False,6.4,5.4,7.8,,,7.0,B,3.0,True,2.85,2.8,Pass
5012,1443187,HK142_CO1007_L01,CO1007,-16,False,6.0,6.3,5.4,,,5.7,C,2.0,True,2.0,2.05,Pass
5013,1458829,HK142_CO1007_L01,CO1007,-16,False,6.9,6.4,7.6,,,7.2,B,3.0,True,2.47,2.39,Pass
5014,1410671,HK142_CO1007_L01,CO1007,-16,False,8.2,8.9,8.2,,,8.3,B+,3.5,True,3.26,3.24,Pass
5015,1447326,HK142_CO1007_L01,CO1007,-16,False,7.7,7.8,8.3,,,8.1,B+,3.5,True,3.56,3.35,Pass
5016,1445333,HK142_CO1007_L01,CO1007,-16,False,6.4,6.8,5.5,,,5.9,C,2.0,True,2.15,2.41,Pass
5017,1412358,HK142_CO1007_L01,CO1007,-16,False,6.5,5.1,7.9,,,7.1,B,3.0,True,2.44,2.33,Pass
5018,1415273,HK142_CO1007_L01,CO1007,-16,False,6.7,6.6,7.4,,,7.1,B,3.0,True,2.29,2.42,Pass
5019,1455455,HK142_CO1007_L01,CO1007,-16,False,6.6,5.6,6.1,,,6.1,C,2.0,True,1.85,1.97,Pass
5020,1432449,HK142_CO1007_L01,CO1007,-16,False,6.6,6.8,6.1,,,6.3,C,2.0,True,2.09,1.98,Pass
5021,1469567,HK142_CO1007_L01,CO1007,-16,False,9.4,7.8,8.0,,,8.2,B+,3.5,True,3.56,3.44,Pass
5022,1442112,HK142_CO1007_L01,CO1007,-16,False,6.1,6.8,7.3,,,7.0,B,3.0,True,2.38,2.32,Pass
5023,1493954,HK142_CO1007_L01,CO1007,-16,False,5.5,5.4,5.6,,,5.5,C,2.0,True,1.5,1.42,Pass
5024,1416807,HK142_CO1007_L01,CO1007,-16,False,4.9,5.6,5.9,,,5.6,C,2.0,True,1.76,1.88,Pass
5025,1474016,HK142_CO1007_L01,CO1007,-16,False,6.2,4.7,5.6,,,5.5,C,2.0,True,2.21,1.94,Pass
5026,1409137,HK142_CO1007_L01,CO1007,-16,False,7.2,8.1,8.0,,,7.9,B,3.0,True,3.0,3.06,Pass
5027,1412205,HK142_CO1007_L01,CO1007,-16,False,4.8,6.1,6.7,,,6.2,C,2.0,True,1.88,2.03,Pass
5028,1402695,HK142_CO1007_L01,CO1007,-16,False,8.0,9.8,10.0,,,9.6,A+,4.0,True,3.82,3.62,Pass
5029,1487665,HK142_CO1007_L01,CO1007,-16,False,6.7,6.5,6.4,,,6.5,C+,2.5,True,2.32,2.36,Pass
5030,1460826,HK142_CO1007_L01,CO1007,-16,False,6.5,7.2,7.7,,,7.4,B,3.0,True,2.68,2.71,Pass
5031,1402389,HK142_CO1007_L01,CO1007,-16,False,6.5,7.5,6.4,,,6.6,C+,2.5,True,2.59,2.47,Pass
5032,1457758,HK142_CO1007_L01,CO1007,-16,False,4.8,3.1,4.4,,,4.2,D,1.0,True,0.82,1.12,Pass
5033,1488277,HK142_CO1007_L01,CO1007,-16,False,8.5,7.4,9.3,,,8.8,A,4.0,True,3.47,3.3,Pass
5034,1486437,HK142_CO1007_L01,CO1007,-16,False,6.7,6.3,7.2,,,6.9,C+,2.5,True,2.09,2.23,Pass
5035,1439197,HK142_CO1007_L01,CO1007,-16,False,7.5,6.7,6.3,,,6.6,C+,2.5,True,2.76,2.74,Pass
5036,1450088,HK142_CO1007_L01,CO1007,-16,False,8.2,7.0,7.9,,,7.8,B,3.0,True,2.94,2.97,Pass
5037,1467421,HK142_CO1007_L01,CO1007,-16,False,6.1,6.7,6.6,,,6.5,C+,2.5,True,2.62,2.53,Pass
5038,1414198,HK142_CO1007_L01,CO1007,-16,False,5.4,4.7,3.6,,,4.2,D,1.0,True,1.5,1.45,Pass
5039,1470795,HK142_CO1007_L01,CO1007,-16,False,5.6,8.0,7.3,,,7.1,B,3.0,True,2.71,2.62,Pass
5040,1496406,HK142_CO1007_L01,CO1007,-16,False,5.9,7.0,5.7,,,6.0,C,2.0,True,1.85,1.85,Pass
5041,1402848,HK142_CO1007_L01,CO1007,-16,False,6.7,8.0,6.8,,,7.0,B,3.0,True,2.35,2.18,Pass
5042,1405151,HK142_CO1007_L01,CO1007,-16,False,7.2,7.8,7.6,,,7.6,B,3.0,True,3.12,3.06,Pass
5043,1431990,HK142_CO1007_L01,CO1007,-16,False,7.5,5.9,7.7,,,7.3,B,3.0,True,2.82,2.82,Pass
5044,1429997,HK142_CO1007_L01,CO1007,-16,False,8.1,9.1,7.7,,,8.1,B+,3.5,True,3.15,3.03,Pass
5045,1433983,HK142_CO1007_L01,CO1007,-16,False,4.9,5.7,5.6,,,5.5,C,2.0,True,1.75,1.74,Pass
5046,1449782,HK142_CO1007_L01,CO1007,-16,False,4.5,6.3,6.8,,,6.2,C,2.0,True,2.29,2.29,Pass
5047,1405304,HK142_CO1007_L01,CO1007,-16,False,6.7,6.6,6.9,,,6.8,C+,2.5,True,2.0,2.17,Pass
5048,1451316,HK142_CO1007_L01,CO1007,-16,False,7.2,6.8,8.0,,,7.6,B,3.0,True,2.53,2.62,Pass
5049,1420334,HK142_CO1007_L01,CO1007,-16,False,3.8,7.4,5.6,,,5.6,C,2.0,True,2.12,1.95,Pass
5050,1420640,HK142_CO1007_L01,CO1007,-16,False,10.0,8.7,7.6,,,8.3,B+,3.5,True,3.53,3.64,Pass
5051,1464659,HK142_CO1007_L01,CO1007,-16,False,5.5,9.1,5.7,,,6.3,C,2.0,True,2.41,2.23,Pass
5052,1413892,HK142_CO1007_L01,CO1007,-16,False,8.2,7.9,8.1,,,8.1,B+,3.5,True,3.35,3.47,Pass
5053,1454690,HK142_CO1007_L01,CO1007,-16,False,4.2,6.1,3.9,,,4.4,D,1.0,True,0.32,1.0,Pass
5054,1403770,HK142_CO1007_L01,CO1007,-16,False,8.3,8.0,7.8,,,7.9,B,3.0,True,2.88,3.12,Pass
5055,1460057,HK142_CO1007_L01,CO1007,-16,False,8.8,8.2,8.3,,,8.4,B+,3.5,True,3.5,3.47,Pass
5056,1488740,HK142_CO1007_L01,CO1007,-16,False,6.1,6.0,6.1,,,6.1,C,2.0,True,2.18,2.24,Pass
5057,1450394,HK142_CO1007_L01,CO1007,-16,False,6.0,5.3,6.4,,,6.1,C,2.0,True,2.06,2.02,Pass
5058,1484138,HK142_CO1007_L01,CO1007,-16,False,6.0,6.3,6.6,,,6.4,C+,2.5,True,2.71,2.44,Pass
5059,1470026,HK142_CO1007_L01,CO1007,-16,False,5.8,6.1,5.9,,,5.9,C,2.0,True,1.91,2.14,Pass
5060,1482451,HK142_CO1007_L01,CO1007,-16,False,3.8,4.6,4.0,,,4.1,D,1.0,True,0.19,1.0,Pass
5061,1420487,HK142_CO1007_L01,CO1007,-16,False,5.5,5.2,6.6,,,6.1,C,2.0,True,2.21,2.15,Pass
5062,1458676,HK142_CO1007_L01,CO1007,-16,False,6.4,7.3,7.5,,,7.2,B,3.0,True,2.68,2.58,Pass
5063,1466193,HK142_CO1007_L01,CO1007,-16,False,8.4,7.8,7.9,,,8.0,B+,3.5,True,3.76,3.79,Pass
5064,1460979,HK142_CO1007_L01,CO1007,-16,False,6.3,5.4,6.5,,,6.2,C,2.0,True,2.09,2.02,Pass
5065,1403464,HK142_CO1007_L01,CO1007,-16,False,6.8,5.5,7.7,,,7.1,B,3.0,True,2.26,2.41,Pass
5066,1485978,HK142_CO1007_L01,CO1007,-16,False,7.2,7.2,8.7,,,8.1,B+,3.5,True,3.38,3.27,Pass
5067,1440425,HK142_CO1007_L01,CO1007,-16,False,6.4,7.6,7.5,,,7.3,B,3.0,True,2.47,2.58,Pass
5068,1405457,HK142_CO1007_L01,CO1007,-16,False,4.8,5.8,7.3,,,6.5,C+,2.5,True,2.62,2.56,Pass
5069,1454384,HK142_CO1007_L01,CO1007,-16,False,7.6,6.9,5.9,,,6.4,C+,2.5,True,2.12,2.17,Pass
5070,1478308,HK142_CO1007_L01,CO1007,-16,False,6.8,5.7,6.8,,,6.6,C+,2.5,True,2.56,2.62,Pass
5071,1452081,HK142_CO1007_L01,CO1007,-16,False,7.0,8.4,7.5,,,7.6,B,3.0,True,2.38,2.47,Pass
5072,1463431,HK142_CO1007_L01,CO1007,-16,False,6.6,6.6,6.5,,,6.5,C+,2.5,True,2.29,2.42,Pass
5073,1402542,HK142_CO1007_L01,CO1007,-16,False,8.7,7.2,7.5,,,7.7,B,3.0,True,3.35,3.33,Pass
5074,1422786,HK142_CO1007_L01,CO1007,-16,False,9.2,7.5,8.0,,,8.1,B+,3.5,True,3.09,3.23,Pass
5075,1476162,HK142_CO1007_L01,CO1007,-16,False,5.3,6.1,4.4,,,4.9,D,1.0,True,1.29,1.38,Pass
5076,1429228,HK142_CO1007_L01,CO1007,-16,False,8.9,9.1,9.4,,,9.2,A,4.0,True,4.0,3.89,Pass
5077,1449935,HK142_CO1007_L01,CO1007,-16,False,4.5,5.0,2.8,,,3.6,F,0.0,False,0.76,1.1,Fail
5078,1497328,HK142_CO1007_L01,CO1007,-16,False,6.1,6.9,5.2,,,5.7,C,2.0,True,1.5,1.58,Pass
5079,1418188,HK142_CO1007_L01,CO1007,-16,False,9.7,9.1,8.0,,,8.6,A,4.0,True,3.24,3.12,Pass
5080,1473247,HK142_CO1007_L01,CO1007,-16,False,7.1,6.2,5.0,,,5.7,C,2.0,True,2.47,2.44,Pass
5081,1417572,HK142_CO1007_L01,CO1007,-16,False,5.7,4.6,7.0,,,6.3,C,2.0,True,2.0,2.11,Pass
5082,1457605,HK142_CO1007_L01,CO1007,-16,False,7.2,5.7,7.3,,,7.0,B,3.0,True,2.38,2.2,Pass
5083,1417878,HK142_CO1007_L01,CO1007,-16,False,7.6,5.4,6.4,,,6.4,C+,2.5,True,1.82,1.82,Pass
5084,1407909,HK142_CO1007_L02,CO1007,-16,False,6.4,6.3,5.3,,,5.7,C,2.0,True,2.12,2.02,Pass
5085,1477390,HK142_CO1007_L02,CO1007,-16,False,7.6,8.5,7.9,,,8.0,B+,3.5,True,3.18,3.03,Pass
5086,1435211,HK142_CO1007_L02,CO1007,-16,False,8.1,6.5,8.2,,,7.8,B,3.0,True,3.26,3.09,Pass
5087,1493648,HK142_CO1007_L02,CO1007,-16,False,3.4,3.7,4.6,,,4.2,D,1.0,True,0.8,1.04,Pass
5088,1413586,HK142_CO1007_L02,CO1007,-16,False,6.8,6.9,7.2,,,7.1,B,3.0,True,2.29,2.27,Pass
5089,1477543,HK142_CO1007_L02,CO1007,-16,False,7.1,5.6,5.8,,,6.0,C,2.0,True,1.74,1.73,Pass
5090,1428310,HK142_CO1007_L02,CO1007,-16,False,8.1,7.4,9.1,,,8.6,A,4.0,True,3.5,3.5,Pass
5091,1435517,HK142_CO1007_L02,CO1007,-16,False,7.3,8.0,8.0,,,7.9,B,3.0,True,3.32,3.21,Pass
5092,1456224,HK142_CO1007_L02,CO1007,-16,False,7.6,7.4,8.0,,,7.8,B,3.0,True,3.38,3.23,Pass
5093,1485519,HK142_CO1007_L02,CO1007,-16,False,5.1,3.1,2.0,,,2.8,F,0.0,False,0.94,1.3,Fail
5094,1446561,HK142_CO1007_L02,CO1007,-16,False,7.7,8.7,8.9,,,8.6,A,4.0,True,3.21,3.36,Pass
5095,1443646,HK142_CO1007_L02,CO1007,-16,False,6.7,5.8,7.4,,,6.9,C+,2.5,True,2.29,2.3,Pass
5096,1408984,HK142_CO1007_L02,CO1007,-16,False,7.3,7.7,7.5,,,7.5,B,3.0,True,2.94,2.88,Pass
5097,1466652,HK142_CO1007_L02,CO1007,-16,False,6.6,6.4,6.0,,,6.2,C,2.0,True,2.38,2.27,Pass
5098,1400549,HK142_CO1007_L02,CO1007,-16,False,6.4,6.4,6.2,,,6.3,C,2.0,True,3.0,2.94,Pass
5099,1428157,HK142_CO1007_L02,CO1007,-16,False,6.1,5.6,5.0,,,5.3,D+,1.5,True,1.62,1.77,Pass
5100,1450241,HK142_CO1007_L02,CO1007,-16,False,4.8,6.2,5.6,,,5.6,C,2.0,True,1.41,1.48,Pass
5101,1404688,HK142_CO1007_L02,CO1007,-16,False,6.2,5.2,6.6,,,6.2,C,2.0,True,2.41,2.47,Pass
5102,1497481,HK142_CO1007_L02,CO1007,-16,False,7.3,5.8,6.4,,,6.5,C+,2.5,True,2.21,2.27,Pass
5103,1481529,HK142_CO1007_L02,CO1007,-16,False,7.8,7.3,7.6,,,7.6,B,3.0,True,2.62,2.65,Pass
5104,1428922,HK142_CO1007_L02,CO1007,-16,False,7.0,5.9,5.7,,,6.0,C,2.0,True,2.15,2.32,Pass
5105,1494872,HK142_CO1007_L02,CO1007,-16,False,7.9,7.9,8.4,,,8.2,B+,3.5,True,3.21,3.23,Pass
5106,1497175,HK142_CO1007_L02,CO1007,-16,False,6.7,5.6,7.0,,,6.7,C+,2.5,True,2.21,2.33,Pass
5107,1478155,HK142_CO1007_L02,CO1007,-16,False,9.8,10.0,9.5,,,9.7,A+,4.0,True,3.85,3.8,Pass
5108,1412052,HK142_CO1007_L02,CO1007,-16,False,7.7,6.2,7.0,,,7.0,B,3.0,True,2.74,2.77,Pass
5109,1495641,HK142_CO1007_L02,CO1007,-16,False,5.6,6.3,4.9,,,5.3,D+,1.5,True,1.35,1.35,Pass
5110,1469414,HK142_CO1007_L02,CO1007,-16,False,8.1,9.3,8.8,,,8.8,A,4.0,True,3.85,3.7,Pass
5111,1433677,HK142_CO1007_L02,CO1007,-16,False,7.2,9.1,8.8,,,8.5,A,4.0,True,4.0,4.0,Pass
5112,1430303,HK142_CO1007_L02,CO1007,-16,False,5.5,5.3,5.1,,,5.2,D+,1.5,True,2.06,1.97,Pass
5113,1495488,HK142_CO1007_L02,CO1007,-16,False,5.2,6.1,5.9,,,5.8,C,2.0,True,1.82,1.7,Pass
5114,1455149,HK142_CO1007_L02,CO1007,-16,False,8.1,10.0,9.4,,,9.3,A,4.0,True,4.0,4.0,Pass
5115,1479230,HK142_CO1007_L02,CO1007,-16,False,7.3,6.6,7.0,,,7.0,B,3.0,True,2.53,2.48,Pass
5116,1472482,HK142_CO1007_L02,CO1007,-16,False,9.3,8.9,8.1,,,8.5,A,4.0,True,3.5,3.44,Pass
5117,1452697,HK142_CO1007_L02,CO1007,-16,False,7.2,3.7,8.3,,,7.2,B,3.0,True,2.88,3.0,Pass
5118,1487512,HK142_CO1007_L02,CO1007,-16,False,7.0,7.9,7.4,,,7.4,B,3.0,True,2.5,2.64,Pass
5119,1425701,HK142_CO1007_L02,CO1007,-16,False,4.9,4.4,4.2,,,4.4,D,1.0,True,0.55,1.0,Pass
5120,1445180,HK142_CO1007_L02,CO1007,-16,False,7.8,9.2,9.2,,,8.9,A,4.0,True,4.0,4.0,Pass
5121,1461132,HK142_CO1007_L02,CO1007,-16,False,5.8,5.5,6.9,,,6.4,C+,2.5,True,2.32,2.32,Pass
5122,1453156,HK142_CO1007_L02,CO1007,-16,False,7.9,7.3,7.7,,,7.7,B,3.0,True,3.09,3.15,Pass
5123,1495794,HK142_CO1007_L02,CO1007,-16,False,7.9,8.1,8.0,,,8.0,B+,3.5,True,3.38,3.26,Pass
5124,1484903,HK142_CO1007_L02,CO1007,-16,False,7.0,5.5,5.5,,,5.8,C,2.0,True,1.44,1.55,Pass
5125,1456377,HK142_CO1007_L02,CO1007,-16,False,8.0,8.4,7.2,,,7.6,B,3.0,True,3.15,3.27,Pass
5126,1402236,HK142_CO1007_L02,CO1007,-16,False,6.0,6.1,4.6,,,5.2,D+,1.5,True,1.47,1.42,Pass
5127,1407756,HK142_CO1007_L02,CO1007,-16,False,10.0,8.6,7.5,,,8.2,B+,3.5,True,3.09,3.0,Pass
5128,1433371,HK142_CO1007_L02,CO1007,-16,False,5.8,6.5,6.8,,,6.5,C+,2.5,True,2.06,1.94,Pass
5129,1428463,HK142_CO1007_L02,CO1007,-16,False,5.6,6.9,7.1,,,6.8,C+,2.5,True,2.32,2.18,Pass
5130,1451775,HK142_CO1007_L02,CO1007,-16,False,5.9,6.2,8.2,,,7.3,B,3.0,True,3.06,3.11,Pass
5131,1477237,HK142_CO1007_L02,CO1007,-16,False,5.5,6.9,5.9,,,6.0,C,2.0,True,1.56,1.62,Pass
5132,1482757,HK142_CO1007_L02,CO1007,-16,False,6.2,5.8,6.4,,,6.2,C,2.0,True,2.24,2.23,Pass
5133,1475703,HK142_CO1007_L02,CO1007,-16,False,6.2,5.4,6.6,,,6.3,C,2.0,True,2.0,1.98,Pass
5134,1469873,HK142_CO1007_L02,CO1007,-16,False,6.4,7.9,6.1,,,6.5,C+,2.5,True,2.26,2.24,Pass
5135,1455302,HK142_CO1007_L02,CO1007,-16,False,6.8,6.8,6.1,,,6.4,C+,2.5,True,2.47,2.41,Pass
5136,1447020,HK142_CO1007_L02,CO1007,-16,False,7.4,7.1,7.4,,,7.3,B,3.0,True,3.06,3.12,Pass
5137,1424783,HK142_CO1007_L02,CO1007,-16,False,8.8,8.1,7.5,,,7.9,B,3.0,True,2.97,3.03,Pass
5138,1457911,HK142_CO1007_L02,CO1007,-16,False,10.0,8.0,9.9,,,9.5,A+,4.0,True,4.0,3.83,Pass
5139,1449476,HK142_CO1007_L02,CO1007,-16,False,7.0,7.8,7.7,,,7.6,B,3.0,True,3.0,2.95,Pass
5140,1460363,HK142_CO1007_L02,CO1007,-16,False,6.0,8.9,7.4,,,7.4,B,3.0,True,2.62,2.56,Pass
5141,1443340,HK142_CO1007_L02,CO1007,-16,False,7.1,5.9,6.9,,,6.7,C+,2.5,True,2.06,2.11,Pass
5142,1457142,HK142_CO1007_L02,CO1007,-16,False,6.8,7.3,7.6,,,7.4,B,3.0,True,2.74,2.76,Pass
5143,1401161,HK142_CO1007_L02,CO1007,-16,False,7.0,6.4,8.1,,,7.5,B,3.0,True,2.88,2.91,Pass
5144,1481070,HK142_CO1007_L02,CO1007,-16,False,6.8,5.9,6.0,,,6.1,C,2.0,True,2.29,2.38,Pass
5145,1465734,HK142_CO1007_L02,CO1007,-16,False,7.1,7.2,8.5,,,8.0,B+,3.5,True,2.91,2.7,Pass
5146,1479383,HK142_CO1007_L02,CO1007,-16,False,9.7,6.7,9.2,,,8.8,A,4.0,True,3.18,3.15,Pass
5147,1427082,HK142_CO1007_L02,CO1007,-16,False,4.1,5.1,4.7,,,4.7,D,1.0,True,1.21,1.18,Pass
5148,1425089,HK142_CO1007_L02,CO1007,-16,False,7.8,8.4,8.0,,,8.0,B+,3.5,True,3.29,3.26,Pass
5149,1479077,HK142_CO1007_L02,CO1007,-16,False,9.1,8.7,8.6,,,8.7,A,4.0,True,4.0,3.97,Pass
5150,1489352,HK142_CO1007_L02,CO1007,-16,False,7.3,7.5,7.8,,,7.6,B,3.0,True,2.97,3.03,Pass
5151,1438585,HK142_CO1007_L02,CO1007,-16,False,7.3,6.8,7.3,,,7.2,B,3.0,True,2.76,2.7,Pass
5152,1430609,HK142_CO1007_L02,CO1007,-16,False,6.8,5.9,6.8,,,6.6,C+,2.5,True,2.06,2.14,Pass
5153,1476774,HK142_CO1007_L02,CO1007,-16,False,6.3,7.0,5.7,,,6.1,C,2.0,True,2.06,2.18,Pass
5154,1482910,HK142_CO1007_L02,CO1007,-16,False,7.5,6.4,7.9,,,7.5,B,3.0,True,2.5,2.47,Pass
5155,1434136,HK142_CO1007_L02,CO1007,-16,False,9.9,8.6,10.0,,,9.7,A+,4.0,True,4.0,3.96,Pass
5156,1482298,HK142_CO1007_L02,CO1007,-16,False,9.2,9.0,9.4,,,9.3,A,4.0,True,3.97,3.94,Pass
5157,1423861,HK142_CO1007_L02,CO1007,-16,False,4.5,3.1,4.8,,,4.4,D,1.0,True,0.5,1.0,Pass
5158,1459904,HK142_CO1007_L02,CO1007,-16,False,8.3,6.5,7.5,,,7.5,B,3.0,True,2.68,2.7,Pass
5159,1453921,HK142_CO1007_L02,CO1007,-16,False,7.9,8.7,7.9,,,8.1,B+,3.5,True,3.24,3.32,Pass
5160,1459292,HK142_CO1007_L02,CO1007,-16,False,6.1,4.9,7.9,,,6.9,C+,2.5,True,1.68,1.73,Pass
5161,1483369,HK142_CO1007_L02,CO1007,-16,False,5.6,6.0,5.6,,,5.7,C,2.0,True,2.24,2.53,Pass
5162,1461744,HK142_CO1007_L02,CO1007,-16,False,6.5,6.7,6.6,,,6.6,C+,2.5,True,2.09,2.15,Pass
5163,1471101,HK142_CO1007_L02,CO1007,-16,False,7.4,9.4,8.2,,,8.3,B+,3.5,True,3.73,3.79,Pass
5164,1435670,HK142_CO1007_L02,CO1007,-16,False,6.7,6.1,6.2,,,6.3,C,2.0,True,2.56,2.58,Pass
5165,1431837,HK142_CO1007_L02,CO1007,-16,False,8.0,8.0,7.3,,,7.6,B,3.0,True,2.21,2.26,Pass
5166,1444874,HK142_CO1007_L02,CO1007,-16,False,5.8,7.1,5.3,,,5.8,C,2.0,True,1.97,2.0,Pass
5167,1467574,HK142_CO1007_L02,CO1007,-16,False,5.8,7.4,6.4,,,6.5,C+,2.5,True,2.24,2.35,Pass
5168,1464353,HK142_CO1007_L02,CO1007,-16,False,9.6,8.1,7.0,,,7.7,B,3.0,True,3.29,3.32,Pass
5169,1441653,HK142_CO1007_L02,CO1007,-16,False,6.4,5.4,4.5,,,5.1,D+,1.5,True,1.62,1.74,Pass
5170,1442418,HK142_CO1007_L02,CO1007,-16,False,7.4,8.0,8.3,,,8.1,B+,3.5,True,3.18,3.29,Pass
5171,1453615,HK142_CO1007_L02,CO1007,-16,False,4.9,4.9,4.7,,,4.8,D,1.0,True,0.73,1.17,Pass
5172,1403617,HK142_CO1007_L02,CO1007,-16,False,8.4,8.9,9.3,,,9.0,A,4.0,True,3.47,3.56,Pass
5173,1480611,HK142_CO1007_L02,CO1007,-16,False,8.3,8.2,7.5,,,7.8,B,3.0,True,3.09,3.05,Pass
5174,1444568,HK142_CO1007_L02,CO1007,-16,False,8.3,7.9,7.9,,,8.0,B+,3.5,True,2.91,3.12,Pass
5175,1474475,HK142_CO1007_L02,CO1007,-16,False,7.3,8.5,7.9,,,7.9,B,3.0,True,2.88,2.98,Pass
5176,1489199,HK142_CO1007_L02,CO1007,-16,False,4.7,5.5,6.5,,,5.9,C,2.0,True,1.71,1.61,Pass
5177,1419259,HK142_CO1007_L02,CO1007,-16,False,9.6,8.8,10.0,,,9.7,A+,4.0,True,4.0,4.0,Pass
5178,1424167,HK142_CO1007_L02,CO1007,-16,False,4.6,6.2,4.6,,,4.9,D,1.0,True,1.27,1.38,Pass
5179,1465118,HK142_CO1007_L02,CO1007,-16,False,9.6,7.8,9.7,,,9.3,A,4.0,True,4.0,4.0,Pass
5180,1433218,HK142_CO1007_L02,CO1007,-16,False,6.6,4.4,6.4,,,6.0,C,2.0,True,2.06,2.23,Pass
5181,1417419,HK142_CO1007_L02,CO1007,-16,False,4.9,3.5,2.7,,,3.3,F,0.0,False,0.47,1.08,Fail
5182,1442265,HK142_CO1007_L02,CO1007,-16,False,6.5,6.3,5.4,,,5.8,C,2.0,True,2.29,2.3,Pass
5183,1468033,HK142_CO1007_L02,CO1007,-16,False,9.6,8.2,8.7,,,8.8,A,4.0,True,3.32,3.2,Pass
5184,1498862,HK142_CO1007_L02,CO1007,-16,False,4.9,4.1,4.9,,,4.7,D,1.0,True,0.91,1.05,Pass
5185,1439660,HK142_CO1007_L02,CO1007,-16,False,8.5,8.9,8.1,,,8.3,B+,3.5,True,3.76,3.7,Pass
5186,1418647,HK142_CO1007_L02,CO1007,-16,False,8.1,10.0,8.5,,,8.7,A,4.0,True,3.88,3.91,Pass
5187,1430150,HK142_CO1007_L02,CO1007,-16,False,5.9,5.8,5.8,,,5.8,C,2.0,True,2.03,2.14,Pass
5188,1482145,HK142_CO1007_L03,CO1007,-16,False,6.4,6.7,6.7,,,6.6,C+,2.5,True,2.56,2.44,Pass
5189,1422480,HK142_CO1007_L03,CO1007,-16,False,10.0,9.4,9.2,,,9.4,A,4.0,True,3.88,3.85,Pass
5190,1474781,HK142_CO1007_L03,CO1007,-16,False,8.2,8.7,7.7,,,8.0,B+,3.5,True,3.24,3.3,Pass
5191,1492879,HK142_CO1007_L03,CO1007,-16,False,8.1,8.7,7.1,,,7.6,B,3.0,True,3.12,3.15,Pass
5192,1431531,HK142_CO1007_L03,CO1007,-16,False,6.5,7.7,6.8,,,6.9,C+,2.5,True,1.82,1.92,Pass
5193,1423555,HK142_CO1007_L03,CO1007,-16,False,6.6,6.4,6.9,,,6.7,C+,2.5,True,2.35,2.32,Pass
5194,1487971,HK142_CO1007_L03,CO1007,-16,False,6.8,5.2,8.3,,,7.4,B,3.0,True,3.18,3.23,Pass
5195,1433065,HK142_CO1007_L03,CO1007,-16,False,3.2,4.0,3.3,,,3.4,F,0.0,False,0.8,1.06,Fail
5196,1497940,HK142_CO1007_L03,CO1007,-16,False,7.6,8.5,7.9,,,8.0,B+,3.5,True,3.21,3.06,Pass
5197,1444721,HK142_CO1007_L03,CO1007,-16,False,3.7,4.5,4.7,,,4.5,D,1.0,True,1.62,1.76,Pass
5198,1458370,HK142_CO1007_L03,CO1007,-16,False,8.0,6.8,5.7,,,6.4,C+,2.5,True,2.65,2.64,Pass
5199,1438738,HK142_CO1007_L03,CO1007,-16,False,7.2,9.2,8.5,,,8.4,B+,3.5,True,3.29,3.15,Pass
5200,1437051,HK142_CO1007_L03,CO1007,-16,False,5.2,5.2,6.7,,,6.1,C,2.0,True,2.41,2.58,Pass
5201,1493032,HK142_CO1007_L03,CO1007,-16,False,7.1,7.4,7.2,,,7.2,B,3.0,True,2.35,2.44,Pass
5202,1441500,HK142_CO1007_L03,CO1007,-16,False,5.5,6.7,5.3,,,5.6,C,2.0,True,1.32,1.53,Pass
5203,1446714,HK142_CO1007_L03,CO1007,-16,False,8.2,8.3,8.7,,,8.5,A,4.0,True,3.41,3.35,Pass
5204,1410518,HK142_CO1007_L03,CO1007,-16,False,8.1,8.2,8.3,,,8.2,B+,3.5,True,3.24,3.29,Pass
5205,1415579,HK142_CO1007_L03,CO1007,-16,False,6.2,6.2,7.5,,,7.0,B,3.0,True,2.59,2.38,Pass
5206,1401314,HK142_CO1007_L03,CO1007,-16,False,8.2,8.4,8.9,,,8.7,A,4.0,True,3.91,3.95,Pass
5207,1424014,HK142_CO1007_L03,CO1007,-16,False,6.0,6.3,5.9,,,6.0,C,2.0,True,2.0,2.06,Pass
5208,1477849,HK142_CO1007_L03,CO1007,-16,False,5.4,6.8,7.0,,,6.6,C+,2.5,True,2.5,2.42,Pass
5209,1485056,HK142_CO1007_L03,CO1007,-16,False,6.0,5.5,4.7,,,5.1,D+,1.5,True,1.88,1.86,Pass
5210,1467727,HK142_CO1007_L03,CO1007,-16,False,6.8,7.5,5.7,,,6.3,C,2.0,True,2.03,2.2,Pass
5211,1401008,HK142_CO1007_L03,CO1007,-16,False,8.2,9.9,9.2,,,9.1,A,4.0,True,3.97,3.98,Pass
5212,1420946,HK142_CO1007_L03,CO1007,-16,False,6.9,5.4,5.9,,,6.0,C,2.0,True,2.29,2.32,Pass
5213,1458217,HK142_CO1007_L03,CO1007,-16,False,5.9,6.7,7.5,,,7.0,B,3.0,True,2.32,2.33,Pass
5214,1471560,HK142_CO1007_L03,CO1007,-16,False,5.9,5.0,8.0,,,7.0,B,3.0,True,2.38,2.36,Pass
5215,1420181,HK142_CO1007_L03,CO1007,-16,False,7.0,7.0,7.4,,,7.2,B,3.0,True,2.65,2.56,Pass
5216,1479995,HK142_CO1007_L03,CO1007,-16,False,6.9,6.0,7.0,,,6.8,C+,2.5,True,2.0,2.18,Pass
5217,1499474,HK142_CO1007_L03,CO1007,-16,False,5.8,6.1,5.3,,,5.6,C,2.0,True,2.32,2.42,Pass
5218,1419106,HK142_CO1007_L03,CO1007,-16,False,5.0,6.6,7.0,,,6.5,C+,2.5,True,2.06,2.12,Pass
5219,1416191,HK142_CO1007_L03,CO1007,-16,False,9.9,10.0,8.8,,,9.3,A,4.0,True,3.92,3.93,Pass
5220,1421868,HK142_CO1007_L03,CO1007,-16,False,8.3,8.9,8.4,,,8.5,A,4.0,True,3.41,3.21,Pass
5221,1438432,HK142_CO1007_L03,CO1007,-16,False,8.5,8.9,8.1,,,8.3,B+,3.5,True,3.5,3.52,Pass
5222,1468339,HK142_CO1007_L03,CO1007,-16,False,5.6,5.5,5.6,,,5.6,C,2.0,True,1.71,1.64,Pass
5223,1455918,HK142_CO1007_L03,CO1007,-16,False,8.4,9.2,8.0,,,8.3,B+,3.5,True,3.74,3.82,Pass
5224,1462972,HK142_CO1007_L03,CO1007,-16,False,8.3,8.3,6.8,,,7.4,B,3.0,True,3.18,3.2,Pass
5225,1403923,HK142_CO1007_L03,CO1007,-16,False,5.5,7.2,6.9,,,6.7,C+,2.5,True,2.21,2.33,Pass
5226,1478461,HK142_CO1007_L03,CO1007,-16,False,6.6,6.8,6.5,,,6.6,C+,2.5,True,1.97,1.94,Pass
5227,1458064,HK142_CO1007_L03,CO1007,-16,False,5.6,7.3,6.7,,,6.6,C+,2.5,True,2.44,2.32,Pass
5228,1422327,HK142_CO1007_L03,CO1007,-16,False,8.6,7.9,7.7,,,7.9,B,3.0,True,3.18,3.24,Pass
5229,1406838,HK142_CO1007_L03,CO1007,-16,False,8.2,7.5,8.2,,,8.1,B+,3.5,True,2.91,3.05,Pass
5230,1410059,HK142_CO1007_L03,CO1007,-16,False,6.8,6.5,6.2,,,6.4,C+,2.5,True,2.44,2.56,Pass
5231,1433830,HK142_CO1007_L03,CO1007,-16,False,6.6,5.2,5.8,,,5.8,C,2.0,True,2.21,1.94,Pass
5232,1406069,HK142_CO1007_L03,CO1007,-16,False,6.6,5.7,6.3,,,6.2,C,2.0,True,2.53,2.44,Pass
5233,1475087,HK142_CO1007_L03,CO1007,-16,False,8.9,7.5,10.0,,,9.3,A,4.0,True,3.94,3.97,Pass
5234,1451163,HK142_CO1007_L03,CO1007,-16,False,6.6,5.4,5.1,,,5.5,C,2.0,True,2.32,2.42,Pass
5235,1434599,HK142_CO1007_L03,CO1007,-16,False,7.2,7.2,8.4,,,7.9,B,3.0,True,3.26,3.38,Pass
5236,1404076,HK142_CO1007_L03,CO1007,-16,False,6.0,6.3,7.6,,,7.0,B,3.0,True,2.32,2.15,Pass
5237,1441806,HK142_CO1007_L03,CO1007,-16,False,7.2,7.7,8.9,,,8.3,B+,3.5,True,3.09,3.12,Pass
5238,1451010,HK142_CO1007_L03,CO1007,-16,False,5.8,5.5,5.7,,,5.7,C,2.0,True,1.91,1.8,Pass
5239,1463278,HK142_CO1007_L03,CO1007,-16,False,5.3,5.5,5.3,,,5.3,D+,1.5,True,1.71,1.74,Pass
5240,1488893,HK142_CO1007_L03,CO1007,-16,False,8.3,10.0,7.3,,,8.0,B+,3.5,True,3.65,3.47,Pass
5241,1491651,HK142_CO1007_L03,CO1007,-16,False,6.3,6.5,7.4,,,7.0,B,3.0,True,2.74,2.52,Pass
5242,1440272,HK142_CO1007_L03,CO1007,-16,False,9.1,10.0,9.8,,,9.7,A+,4.0,True,4.0,3.95,Pass
5243,1490427,HK142_CO1007_L03,CO1007,-16,False,5.1,6.3,5.7,,,5.7,C,2.0,True,2.29,2.38,Pass
5244,1458523,HK142_CO1007_L03,CO1007,-16,False,8.1,6.9,5.9,,,6.5,C+,2.5,True,2.29,2.26,Pass
5245,1423708,HK142_CO1007_L03,CO1007,-16,False,5.4,6.2,5.1,,,5.4,D+,1.5,True,1.59,1.61,Pass
5246,1456530,HK142_CO1007_L03,CO1007,-16,False,8.0,6.9,10.0,,,9.0,A,4.0,True,3.24,3.18,Pass
5247,1451469,HK142_CO1007_L03,CO1007,-16,False,10.0,9.1,9.5,,,9.5,A+,4.0,True,4.0,3.97,Pass
5248,1408831,HK142_CO1007_L03,CO1007,-16,False,7.7,7.4,8.6,,,8.2,B+,3.5,True,3.26,3.08,Pass
5249,1496559,HK142_CO1007_L03,CO1007,-16,False,6.1,7.2,7.4,,,7.1,B,3.0,True,2.41,2.32,Pass
5250,1462050,HK142_CO1007_L03,CO1007,-16,False,3.8,5.0,3.8,,,4.0,D,1.0,True,0.73,1.09,Pass
5251,1475856,HK142_CO1007_L03,CO1007,-16,False,7.6,6.7,5.8,,,6.3,C,2.0,True,1.85,2.02,Pass
5252,1421099,HK142_CO1007_L03,CO1007,-16,False,8.5,7.4,8.9,,,8.5,A,4.0,True,3.35,3.27,Pass
5253,1407603,HK142_CO1007_L03,CO1007,-16,False,6.7,5.5,6.7,,,6.5,C+,2.5,True,2.62,2.53,Pass
5254,1481223,HK142_CO1007_L03,CO1007,-16,False,6.5,6.6,5.8,,,6.1,C,2.0,True,2.09,2.11,Pass
5255,1425854,HK142_CO1007_L03,CO1007,-16,False,6.8,6.5,8.4,,,7.7,B,3.0,True,2.91,2.86,Pass
5256,1427388,HK142_CO1007_L03,CO1007,-16,False,5.7,5.0,6.6,,,6.1,C,2.0,True,2.06,1.94,Pass
5257,1409443,HK142_CO1007_L03,CO1007,-16,False,9.8,9.0,8.7,,,9.0,A,4.0,True,3.98,3.99,Pass
5258,1406222,HK142_CO1007_L03,CO1007,-16,False,9.2,8.1,9.1,,,8.9,A,4.0,True,4.0,3.97,Pass
5259,1497022,HK142_CO1007_L03,CO1007,-16,False,6.0,6.1,7.3,,,6.8,C+,2.5,True,2.47,2.61,Pass
5260,1475240,HK142_CO1007_L03,CO1007,-16,False,7.6,6.7,7.0,,,7.1,B,3.0,True,2.44,2.3,Pass
5261,1499321,HK142_CO1007_L03,CO1007,-16,False,8.6,9.5,8.6,,,8.8,A,4.0,True,4.0,3.88,Pass
5262,1484291,HK142_CO1007_L03,CO1007,-16,False,8.1,7.5,6.8,,,7.2,B,3.0,True,2.85,2.85,Pass
5263,1428769,HK142_CO1007_L03,CO1007,-16,False,6.6,5.6,6.0,,,6.0,C,2.0,True,2.09,2.2,Pass
5264,1432143,HK142_CO1007_L03,CO1007,-16,False,8.1,6.0,6.7,,,6.8,C+,2.5,True,2.97,3.03,Pass
5265,1409596,HK142_CO1007_L03,CO1007,-16,False,6.9,7.6,7.3,,,7.3,B,3.0,True,2.5,2.45,Pass
5266,1446255,HK142_CO1007_L03,CO1007,-16,False,4.7,4.7,4.6,,,4.6,D,1.0,True,1.47,1.58,Pass
5267,1473094,HK142_CO1007_L03,CO1007,-16,False,6.3,8.3,7.8,,,7.6,B,3.0,True,3.09,3.17,Pass
5268,1486131,HK142_CO1007_L03,CO1007,-16,False,6.8,6.7,6.3,,,6.5,C+,2.5,True,2.26,2.11,Pass
5269,1422174,HK142_CO1007_L03,CO1007,-16,False,8.2,6.7,8.2,,,7.9,B,3.0,True,2.88,2.88,Pass
5270,1403001,HK142_CO1007_L03,CO1007,-16,False,7.4,6.8,6.4,,,6.7,C+,2.5,True,2.41,2.21,Pass
5271,1466805,HK142_CO1007_L03,CO1007,-16,False,7.1,7.1,6.9,,,7.0,B,3.0,True,2.56,2.44,Pass
5272,1466346,HK142_CO1007_L03,CO1007,-16,False,8.3,8.5,9.1,,,8.8,A,4.0,True,3.41,3.52,Pass
5273,1494107,HK142_CO1007_L03,CO1007,-16,False,7.5,7.4,8.0,,,7.8,B,3.0,True,2.91,2.95,Pass
5274,1491192,HK142_CO1007_L03,CO1007,-16,False,7.5,7.8,8.8,,,8.3,B+,3.5,True,3.35,3.29,Pass
5275,1487206,HK142_CO1007_L03,CO1007,-16,False,7.6,8.1,7.8,,,7.8,B,3.0,True,3.41,3.23,Pass
5276,1405610,HK142_CO1007_L03,CO1007,-16,False,7.2,6.5,7.6,,,7.3,B,3.0,True,2.47,2.36,Pass
5277,1476621,HK142_CO1007_L03,CO1007,-16,False,5.7,6.1,5.9,,,5.9,C,2.0,True,1.91,1.91,Pass
5278,1477696,HK142_CO1007_L03,CO1007,-16,False,5.5,6.6,6.9,,,6.6,C+,2.5,True,2.44,2.56,Pass
5279,1470179,HK142_CO1007_L03,CO1007,-16,False,7.1,6.8,8.8,,,8.1,B+,3.5,True,3.38,3.44,Pass
5280,1426470,HK142_CO1007_L03,CO1007,-16,False,7.5,6.7,8.1,,,7.7,B,3.0,True,3.03,3.17,Pass
5281,1419412,HK142_CO1007_L03,CO1007,-16,False,6.3,6.9,7.8,,,7.3,B,3.0,True,3.56,3.45,Pass
5282,1498709,HK142_CO1007_L03,CO1007,-16,False,2.8,4.2,6.1,,,5.1,D+,1.5,True,1.97,2.03,Pass
5283,1471254,HK142_CO1007_L03,CO1007,-16,False,6.0,4.8,5.1,,,5.2,D+,1.5,True,1.41,1.55,Pass
5284,1484597,HK142_CO1007_L03,CO1007,-16,False,4.5,6.0,4.3,,,4.7,D,1.0,True,1.29,1.36,Pass
5285,1431684,HK142_CO1007_L03,CO1007,-16,False,8.3,7.3,8.2,,,8.0,B+,3.5,True,3.44,3.55,Pass
5286,1497634,HK142_CO1007_L03,CO1007,-16,False,8.4,8.6,7.8,,,8.1,B+,3.5,True,3.68,3.71,Pass
5287,1497787,HK142_CO1007_L03,CO1007,-16,False,8.7,7.4,9.4,,,8.9,A,4.0,True,3.88,3.93,Pass
5288,1446102,HK142_CO1007_L03,CO1007,-16,False,8.0,7.5,8.4,,,8.1,B+,3.5,True,3.68,3.62,Pass
5289,1472941,HK142_CO1007_L03,CO1007,-16,False,6.0,5.8,6.1,,,6.0,C,2.0,True,2.21,2.17,Pass
5290,1474169,HK142_CO1007_L03,CO1007,-16,False,8.7,7.7,7.7,,,7.9,B,3.0,True,3.35,3.15,Pass
5291,1465887,HK142_CO1007_L03,CO1007,-16,False,8.1,6.6,7.4,,,7.4,B,3.0,True,3.29,3.18,Pass
5292,1451928,HK142_CO1007_L04,CO1007,-16,False,6.0,6.2,5.3,,,5.6,C,2.0,True,1.5,1.56,Pass
5293,1401467,HK142_CO1007_L04,CO1007,-16,False,8.7,9.5,9.2,,,9.2,A,4.0,True,3.94,3.97,Pass
5294,1489658,HK142_CO1007_L04,CO1007,-16,False,7.8,9.0,7.9,,,8.1,B+,3.5,True,3.68,3.59,Pass
5295,1448248,HK142_CO1007_L04,CO1007,-16,False,6.5,6.3,6.5,,,6.5,C+,2.5,True,2.53,2.5,Pass
5296,1414045,HK142_CO1007_L04,CO1007,-16,False,5.9,7.4,7.4,,,7.1,B,3.0,True,2.41,2.52,Pass
5297,1459598,HK142_CO1007_L04,CO1007,-16,False,5.6,5.5,5.5,,,5.5,C,2.0,True,1.71,1.67,Pass
5298,1467880,HK142_CO1007_L04,CO1007,-16,False,7.2,5.5,6.0,,,6.1,C,2.0,True,2.35,2.48,Pass
5299,1498093,HK142_CO1007_L04,CO1007,-16,False,6.8,8.1,6.2,,,6.7,C+,2.5,True,2.44,2.39,Pass
5300,1442881,HK142_CO1007_L04,CO1007,-16,False,6.9,7.3,8.8,,,8.1,B+,3.5,True,2.32,2.29,Pass
5301,1466040,HK142_CO1007_L04,CO1007,-16,False,6.6,7.0,7.0,,,6.9,C+,2.5,True,2.47,2.52,Pass
5302,1450547,HK142_CO1007_L04,CO1007,-16,False,8.4,9.9,9.1,,,9.1,A,4.0,True,3.94,3.92,Pass
5303,1413739,HK142_CO1007_L04,CO1007,-16,False,7.8,9.9,8.7,,,8.8,A,4.0,True,4.0,3.88,Pass
5304,1443952,HK142_CO1007_L04,CO1007,-16,False,4.9,5.6,7.0,,,6.3,C,2.0,True,1.71,1.8,Pass
5305,1426929,HK142_CO1007_L04,CO1007,-16,False,6.2,6.6,6.2,,,6.3,C,2.0,True,2.21,2.32,Pass
5306,1485825,HK142_CO1007_L04,CO1007,-16,False,7.3,6.2,7.2,,,7.0,B,3.0,True,2.32,2.17,Pass
5307,1448401,HK142_CO1007_L04,CO1007,-16,False,7.4,5.9,7.0,,,6.9,C+,2.5,True,2.32,2.14,Pass
5308,1410212,HK142_CO1007_L04,CO1007,-16,False,6.3,7.0,8.6,,,7.8,B,3.0,True,2.18,2.14,Pass
5309,1416038,HK142_CO1007_L04,CO1007,-16,False,6.8,6.7,7.4,,,7.1,B,3.0,True,2.97,2.62,Pass
5310,1415426,HK142_CO1007_L04,CO1007,-16,False,4.7,5.9,4.4,,,4.8,D,1.0,True,1.26,1.47,Pass
5311,1424320,HK142_CO1007_L04,CO1007,-16,False,4.7,6.2,7.1,,,6.4,C+,2.5,True,2.47,2.65,Pass
5312,1420793,HK142_CO1007_L04,CO1007,-16,False,8.2,8.1,6.7,,,7.3,B,3.0,True,3.29,3.12,Pass
5313,1413433,HK142_CO1007_L04,CO1007,-16,False,7.6,6.9,7.3,,,7.3,B,3.0,True,2.68,2.5,Pass
5314,1472635,HK142_CO1007_L04,CO1007,-16,False,7.6,9.0,8.0,,,8.1,B+,3.5,True,3.21,3.11,Pass
5315,1453003,HK142_CO1007_L04,CO1007,-16,False,7.9,7.9,7.4,,,7.6,B,3.0,True,3.09,2.98,Pass
5316,1496100,HK142_CO1007_L04,CO1007,-16,False,5.9,5.8,6.3,,,6.1,C,2.0,True,2.15,2.08,Pass
5317,1472329,HK142_CO1007_L04,CO1007,-16,False,5.8,7.2,7.8,,,7.3,B,3.0,True,2.56,2.58,Pass
5318,1419875,HK142_CO1007_L04,CO1007,-16,False,5.7,6.7,6.8,,,6.6,C+,2.5,True,2.59,2.58,Pass
5319,1493185,HK142_CO1007_L04,CO1007,-16,False,4.6,5.0,4.6,,,4.7,D,1.0,True,1.09,1.07,Pass
5320,1441194,HK142_CO1007_L04,CO1007,-16,False,8.3,7.8,6.2,,,6.9,C+,2.5,True,3.09,3.2,Pass
5321,1486284,HK142_CO1007_L04,CO1007,-16,False,8.4,9.6,7.3,,,8.0,B+,3.5,True,3.68,3.67,Pass
5322,1440119,HK142_CO1007_L04,CO1007,-16,False,8.8,7.9,8.9,,,8.7,A,4.0,True,3.35,3.36,Pass
5323,1439507,HK142_CO1007_L04,CO1007,-16,False,5.3,6.1,4.4,,,4.9,D,1.0,True,1.5,1.59,Pass
5324,1437510,HK142_CO1007_L04,CO1007,-16,False,7.5,8.1,7.8,,,7.8,B,3.0,True,3.53,3.36,Pass
5325,1446408,HK142_CO1007_L04,CO1007,-16,False,7.1,8.4,8.3,,,8.1,B+,3.5,True,3.73,3.78,Pass
5326,1459751,HK142_CO1007_L04,CO1007,-16,False,6.6,7.2,5.6,,,6.1,C,2.0,True,2.21,2.33,Pass
5327,1408525,HK142_CO1007_L04,CO1007,-16,False,4.0,2.7,4.0,,,3.7,F,0.0,False,0.19,1.0,Fail
5328,1453309,HK142_CO1007_L04,CO1007,-16,False,8.2,7.9,8.5,,,8.3,B+,3.5,True,3.29,3.23,Pass
5329,1418953,HK142_CO1007_L04,CO1007,-16,False,5.9,6.9,6.0,,,6.2,C,2.0,True,2.12,2.3,Pass
5330,1493801,HK142_CO1007_L04,CO1007,-16,False,7.5,8.5,8.5,,,8.3,B+,3.5,True,3.24,3.24,Pass
5331,1473553,HK142_CO1007_L04,CO1007,-16,False,8.1,6.9,8.5,,,8.1,B+,3.5,True,3.32,3.44,Pass
5332,1452234,HK142_CO1007_L04,CO1007,-16,False,9.5,9.8,7.8,,,8.5,A,4.0,True,3.95,3.97,Pass
5333,1480764,HK142_CO1007_L04,CO1007,-16,False,7.2,6.5,7.1,,,7.0,B,3.0,True,2.71,2.56,Pass
5334,1499627,HK142_CO1007_L04,CO1007,-16,False,9.4,9.5,8.0,,,8.6,A,4.0,True,3.88,3.83,Pass
5335,1492420,HK142_CO1007_L04,CO1007,-16,False,7.2,7.9,8.0,,,7.8,B,3.0,True,2.44,2.48,Pass
5336,1499780,HK142_CO1007_L04,CO1007,-16,False,6.2,6.7,5.5,,,5.9,C,2.0,True,2.53,2.55,Pass
5337,1490733,HK142_CO1007_L04,CO1007,-16,False,5.7,5.6,5.6,,,5.6,C,2.0,True,2.24,2.06,Pass
5338,1490886,HK142_CO1007_L04,CO1007,-16,False,9.4,8.5,7.8,,,8.3,B+,3.5,True,3.4,3.42,Pass
5339,1464200,HK142_CO1007_L04,CO1007,-16,False,4.0,4.9,4.7,,,4.6,D,1.0,True,1.21,1.26,Pass
5340,1453462,HK142_CO1007_L04,CO1007,-16,False,3.2,3.8,3.7,,,3.6,F,0.0,False,0.24,1.0,Fail
5341,1471407,HK142_CO1007_L04,CO1007,-16,False,6.4,6.6,6.3,,,6.4,C+,2.5,True,2.21,2.18,Pass
5342,1426776,HK142_CO1007_L04,CO1007,-16,False,8.0,4.9,6.9,,,6.7,C+,2.5,True,2.85,2.89,Pass
5343,1432296,HK142_CO1007_L04,CO1007,-16,False,6.4,6.9,6.7,,,6.7,C+,2.5,True,2.41,2.47,Pass
5344,1483063,HK142_CO1007_L04,CO1007,-16,False,8.1,8.6,8.5,,,8.4,B+,3.5,True,3.18,3.15,Pass
5345,1428616,HK142_CO1007_L04,CO1007,-16,False,6.7,5.2,5.3,,,5.6,C,2.0,True,2.09,2.21,Pass
5346,1449013,HK142_CO1007_L04,CO1007,-16,False,7.1,7.2,7.2,,,7.2,B,3.0,True,2.62,2.71,Pass
5347,1400702,HK142_CO1007_L04,CO1007,-16,False,8.2,8.9,7.8,,,8.1,B+,3.5,True,3.18,3.12,Pass
5348,1476009,HK142_CO1007_L04,CO1007,-16,False,8.2,7.3,7.5,,,7.6,B,3.0,True,3.15,3.23,Pass
5349,1482604,HK142_CO1007_L04,CO1007,-16,False,9.5,9.4,8.5,,,8.9,A,4.0,True,3.68,3.64,Pass
5350,1495947,HK142_CO1007_L04,CO1007,-16,False,6.7,7.0,6.7,,,6.8,C+,2.5,True,2.26,2.41,Pass
5351,1478002,HK142_CO1007_L04,CO1007,-16,False,7.4,7.1,7.6,,,7.5,B,3.0,True,2.47,2.53,Pass
5352,1499015,HK142_CO1007_L04,CO1007,-16,False,6.1,5.2,5.8,,,5.7,C,2.0,True,2.09,2.18,Pass
5353,1494260,HK142_CO1007_L04,CO1007,-16,False,5.3,5.6,4.7,,,5.0,D+,1.5,True,1.68,1.64,Pass
5354,1412511,HK142_CO1007_L04,CO1007,-16,False,6.7,6.6,6.8,,,6.7,C+,2.5,True,2.35,2.3,Pass
5355,1425395,HK142_CO1007_L04,CO1007,-16,False,8.0,9.0,9.2,,,8.9,A,4.0,True,4.0,4.0,Pass
5356,1476315,HK142_CO1007_L04,CO1007,-16,False,9.1,9.6,8.5,,,8.8,A,4.0,True,4.0,3.96,Pass
5357,1411899,HK142_CO1007_L04,CO1007,-16,False,6.1,4.8,5.8,,,5.7,C,2.0,True,1.94,1.8,Pass
5358,1407297,HK142_CO1007_L04,CO1007,-16,False,6.0,5.1,6.3,,,6.0,C,2.0,True,2.21,2.38,Pass
5359,1425548,HK142_CO1007_L04,CO1007,-16,False,8.4,7.8,7.4,,,7.7,B,3.0,True,3.15,3.17,Pass
5360,1479536,HK142_CO1007_L04,CO1007,-16,False,5.9,5.7,5.6,,,5.7,C,2.0,True,2.21,2.2,Pass
5361,1483216,HK142_CO1007_L04,CO1007,-16,False,6.8,5.6,4.6,,,5.2,D+,1.5,True,1.35,1.33,Pass
5362,1402083,HK142_CO1007_L04,CO1007,-16,False,7.0,5.5,4.8,,,5.4,D+,1.5,True,2.41,2.44,Pass
5363,1435364,HK142_CO1007_L04,CO1007,-16,False,6.7,6.3,7.4,,,7.0,B,3.0,True,2.38,2.24,Pass
5364,1460210,HK142_CO1007_L04,CO1007,-16,False,3.4,7.5,4.5,,,4.9,D,1.0,True,0.67,1.0,Pass
5365,1483832,HK142_CO1007_L04,CO1007,-16,False,6.2,6.4,6.0,,,6.1,C,2.0,True,2.24,2.18,Pass
5366,1472788,HK142_CO1007_L04,CO1007,-16,False,9.0,9.0,8.9,,,8.9,A,4.0,True,3.85,3.79,Pass
5367,1489964,HK142_CO1007_L04,CO1007,-16,False,5.2,6.3,5.5,,,5.6,C,2.0,True,1.62,1.68,Pass
5368,1413280,HK142_CO1007_L04,CO1007,-16,False,5.8,6.9,6.2,,,6.3,C,2.0,True,2.38,2.3,Pass
5369,1487818,HK142_CO1007_L04,CO1007,-16,False,8.9,7.3,8.2,,,8.2,B+,3.5,True,3.29,3.17,Pass
5370,1461591,HK142_CO1007_L04,CO1007,-16,False,5.7,5.8,6.7,,,6.3,C,2.0,True,2.29,2.45,Pass
5371,1474322,HK142_CO1007_L04,CO1007,-16,False,8.3,9.3,8.0,,,8.3,B+,3.5,True,3.09,3.09,Pass
5372,1400855,HK142_CO1007_L04,CO1007,-16,False,7.1,9.0,7.1,,,7.5,B,3.0,True,2.35,2.52,Pass
5373,1414967,HK142_CO1007_L04,CO1007,-16,False,8.0,8.3,7.8,,,7.9,B,3.0,True,3.32,3.23,Pass
5374,1494719,HK142_CO1007_L04,CO1007,-16,False,4.6,5.8,5.3,,,5.3,D+,1.5,True,1.38,1.52,Pass
5375,1414351,HK142_CO1007_L04,CO1007,-16,False,7.9,7.0,8.8,,,8.3,B+,3.5,True,3.47,3.41,Pass
5376,1470332,HK142_CO1007_L04,CO1007,-16,False,6.9,8.3,6.0,,,6.6,C+,2.5,True,2.35,2.5,Pass
5377,1448707,HK142_CO1007_L04,CO1007,-16,False,9.9,7.6,9.6,,,9.3,A,4.0,True,3.97,3.88,Pass
5378,1439966,HK142_CO1007_L04,CO1007,-16,False,7.5,6.0,6.5,,,6.6,C+,2.5,True,2.74,2.5,Pass
5379,1473400,HK142_CO1007_L04,CO1007,-16,False,8.8,6.8,4.4,,,5.8,C,2.0,True,2.71,2.88,Pass
5380,1464812,HK142_CO1007_L04,CO1007,-16,False,5.4,4.9,4.8,,,4.9,D,1.0,True,1.56,1.56,Pass
5381,1430456,HK142_CO1007_L04,CO1007,-16,False,8.8,8.5,7.6,,,8.0,B+,3.5,True,3.26,3.29,Pass
5382,1466499,HK142_CO1007_L04,CO1007,-16,False,5.9,7.0,8.5,,,7.7,B,3.0,True,2.79,2.71,Pass
5383,1409290,HK142_CO1007_L04,CO1007,-16,False,6.9,6.8,6.0,,,6.3,C,2.0,True,2.15,2.39,Pass
5384,1468645,HK142_CO1007_L04,CO1007,-16,False,7.3,6.4,6.2,,,6.5,C+,2.5,True,2.41,2.44,Pass
5385,1421562,HK142_CO1007_L04,CO1007,-16,False,7.9,8.3,8.0,,,8.0,B+,3.5,True,3.35,3.3,Pass
5386,1469261,HK142_CO1007_L04,CO1007,-16,False,3.8,4.8,5.3,,,4.9,D,1.0,True,0.71,1.0,Pass
5387,1422021,HK142_CO1007_L04,CO1007,-16,False,4.4,5.9,5.2,,,5.2,D+,1.5,True,1.21,1.33,Pass
5388,1486590,HK142_CO1007_L04,CO1007,-16,False,7.1,8.4,7.7,,,7.7,B,3.0,True,3.24,3.21,Pass
5389,1415885,HK142_CO1007_L04,CO1007,-16,False,9.0,8.8,8.9,,,8.9,A,4.0,True,3.82,3.91,Pass
5390,1407144,HK142_CO1007_L04,CO1007,-16,False,7.0,5.5,6.1,,,6.2,C,2.0,True,2.03,2.03,Pass
5391,1489046,HK142_CO1007_L04,CO1007,-16,False,5.7,5.9,6.3,,,6.1,C,2.0,True,2.09,2.21,Pass
5392,1463737,HK142_CO1007_L04,CO1007,-16,False,9.3,8.1,8.9,,,8.8,A,4.0,True,3.65,3.44,Pass
5393,1468492,HK142_CO1007_L04,CO1007,-16,False,6.4,4.9,6.2,,,6.0,C,2.0,True,1.59,1.73,Pass
5394,1437973,HK142_CO1007_L04,CO1007,-16,False,9.5,9.6,9.4,,,9.5,A+,4.0,True,3.94,3.97,Pass
5395,1404382,HK142_CO1007_L05,CO1007,-16,False,6.1,6.6,6.3,,,6.3,C,2.0,True,2.09,2.24,Pass
5396,1456071,HK142_CO1007_L05,CO1007,-16,False,6.4,6.6,7.3,,,7.0,B,3.0,True,2.38,2.39,Pass
5397,1443799,HK142_CO1007_L05,CO1007,-16,False,7.0,7.0,7.6,,,7.4,B,3.0,True,3.03,3.26,Pass
5398,1421715,HK142_CO1007_L05,CO1007,-16,False,8.5,7.4,7.1,,,7.4,B,3.0,True,2.91,2.97,Pass
5399,1444105,HK142_CO1007_L05,CO1007,-16,False,6.7,6.3,7.8,,,7.3,B,3.0,True,2.79,2.7,Pass
5400,1416960,HK142_CO1007_L05,CO1007,-16,False,8.3,9.6,8.5,,,8.7,A,4.0,True,3.94,3.97,Pass
5401,1479689,HK142_CO1007_L05,CO1007,-16,False,8.1,8.7,7.4,,,7.8,B,3.0,True,3.41,3.67,Pass
5402,1430915,HK142_CO1007_L05,CO1007,-16,False,7.0,6.0,7.1,,,6.9,C+,2.5,True,2.5,2.41,Pass
5403,1414504,HK142_CO1007_L05,CO1007,-16,False,9.2,9.5,8.9,,,9.1,A,4.0,True,4.0,4.0,Pass
5404,1400396,HK142_CO1007_L05,CO1007,-16,False,6.4,7.1,5.7,,,6.1,C,2.0,True,2.06,2.14,Pass
5405,1436286,HK142_CO1007_L05,CO1007,-16,False,9.1,8.2,7.6,,,8.0,B+,3.5,True,3.85,3.78,Pass
5406,1427235,HK142_CO1007_L05,CO1007,-16,False,8.8,8.0,7.9,,,8.1,B+,3.5,True,2.97,2.94,Pass
5407,1494566,HK142_CO1007_L05,CO1007,-16,False,5.5,5.4,6.1,,,5.8,C,2.0,True,2.35,2.33,Pass
5408,1447789,HK142_CO1007_L05,CO1007,-16,False,6.9,7.2,6.6,,,6.8,C+,2.5,True,2.41,2.33,Pass
5409,1476468,HK142_CO1007_L05,CO1007,-16,False,9.3,9.7,9.5,,,9.5,A+,4.0,True,4.0,4.0,Pass
5410,1417266,HK142_CO1007_L05,CO1007,-16,False,8.4,4.2,6.6,,,6.5,C+,2.5,True,2.53,2.32,Pass
5411,1469108,HK142_CO1007_L05,CO1007,-16,False,7.1,6.0,6.3,,,6.4,C+,2.5,True,2.32,2.29,Pass
5412,1434752,HK142_CO1007_L05,CO1007,-16,False,5.6,5.2,5.8,,,5.6,C,2.0,True,1.62,1.58,Pass
5413,1456989,HK142_CO1007_L05,CO1007,-16,False,7.4,6.3,7.6,,,7.3,B,3.0,True,3.03,3.08,Pass
5414,1484444,HK142_CO1007_L05,CO1007,-16,False,8.9,7.4,8.1,,,8.1,B+,3.5,True,3.32,3.33,Pass
5415,1446867,HK142_CO1007_L05,CO1007,-16,False,7.3,7.4,7.7,,,7.6,B,3.0,True,2.97,2.98,Pass
5416,1491039,HK142_CO1007_L05,CO1007,-16,False,7.8,9.1,7.9,,,8.1,B+,3.5,True,3.74,3.77,Pass
5417,1443034,HK142_CO1007_L05,CO1007,-16,False,7.1,6.9,6.3,,,6.6,C+,2.5,True,2.59,2.58,Pass
5418,1463584,HK142_CO1007_L05,CO1007,-16,False,5.8,4.6,3.9,,,4.4,D,1.0,True,1.41,1.53,Pass
5419,1425242,HK142_CO1007_L05,CO1007,-16,False,5.1,6.4,6.1,,,6.0,C,2.0,True,2.03,2.08,Pass
5420,1408678,HK142_CO1007_L05,CO1007,-16,False,5.3,5.3,5.9,,,5.7,C,2.0,True,2.21,2.35,Pass
5421,1498556,HK142_CO1007_L05,CO1007,-16,False,5.6,5.6,5.3,,,5.4,D+,1.5,True,1.94,2.09,Pass
5422,1426007,HK142_CO1007_L05,CO1007,-16,False,7.8,7.7,7.7,,,7.7,B,3.0,True,3.18,3.26,Pass
5423,1466958,HK142_CO1007_L05,CO1007,-16,False,4.3,7.9,8.6,,,7.6,B,3.0,True,2.53,2.47,Pass
5424,1427694,HK142_CO1007_L05,CO1007,-16,False,4.6,5.0,4.8,,,4.8,D,1.0,True,1.41,1.32,Pass
5425,1417113,HK142_CO1007_L05,CO1007,-16,False,7.7,8.1,9.3,,,8.7,A,4.0,True,3.29,3.15,Pass
5426,1411283,HK142_CO1007_L05,CO1007,-16,False,8.9,8.7,9.9,,,9.5,A+,4.0,True,3.76,3.85,Pass
5427,1440731,HK142_CO1007_L05,CO1007,-16,False,8.3,6.7,8.7,,,8.2,B+,3.5,True,3.12,2.98,Pass
5428,1439044,HK142_CO1007_L05,CO1007,-16,False,5.5,6.2,6.3,,,6.1,C,2.0,True,2.15,2.35,Pass
5429,1480917,HK142_CO1007_L05,CO1007,-16,False,6.1,6.6,7.2,,,6.9,C+,2.5,True,2.71,2.68,Pass
5430,1415120,HK142_CO1007_L05,CO1007,-16,False,8.1,8.5,8.8,,,8.6,A,4.0,True,3.73,3.72,Pass
5431,1417725,HK142_CO1007_L05,CO1007,-16,False,7.9,6.8,8.1,,,7.8,B,3.0,True,3.15,3.05,Pass
5432,1416654,HK142_CO1007_L05,CO1007,-16,False,8.9,8.7,9.3,,,9.1,A,4.0,True,3.76,3.79,Pass
5433,1469720,HK142_CO1007_L05,CO1007,-16,False,8.5,8.2,8.9,,,8.7,A,4.0,True,3.82,3.85,Pass
5434,1436745,HK142_CO1007_L05,CO1007,-16,False,8.7,5.7,6.5,,,6.8,C+,2.5,True,2.59,2.52,Pass
5435,1471866,HK142_CO1007_L05,CO1007,-16,False,7.3,8.5,7.6,,,7.7,B,3.0,True,3.29,3.29,Pass
5436,1443493,HK142_CO1007_L05,CO1007,-16,False,8.3,7.5,6.5,,,7.1,B,3.0,True,3.0,3.06,Pass
5437,1448554,HK142_CO1007_L05,CO1007,-16,False,8.8,9.0,9.3,,,9.1,A,4.0,True,3.92,3.82,Pass
5438,1433524,HK142_CO1007_L05,CO1007,-16,False,6.8,5.9,6.7,,,6.6,C+,2.5,True,2.24,2.36,Pass
5439,1448095,HK142_CO1007_L05,CO1007,-16,False,8.3,8.1,7.5,,,7.8,B,3.0,True,3.09,3.05,Pass
5440,1462513,HK142_CO1007_L05,CO1007,-16,False,8.5,8.4,8.3,,,8.4,B+,3.5,True,2.97,2.91,Pass
5441,1462819,HK142_CO1007_L05,CO1007,-16,False,9.0,7.0,5.4,,,6.4,C+,2.5,True,3.03,3.12,Pass
5442,1418341,HK142_CO1007_L05,CO1007,-16,False,7.9,8.2,8.0,,,8.0,B+,3.5,True,3.79,3.74,Pass
5443,1422633,HK142_CO1007_L05,CO1007,-16,False,9.7,8.3,7.9,,,8.3,B+,3.5,True,3.79,3.89,Pass
5444,1435823,HK142_CO1007_L05,CO1007,-16,False,6.7,7.4,6.7,,,6.8,C+,2.5,True,2.18,2.36,Pass
5445,1492726,HK142_CO1007_L05,CO1007,-16,False,8.7,7.0,8.7,,,8.4,B+,3.5,True,3.18,2.85,Pass
5446,1438279,HK142_CO1007_L05,CO1007,-16,False,7.1,7.4,6.6,,,6.9,C+,2.5,True,2.5,2.52,Pass
5447,1489505,HK142_CO1007_L05,CO1007,-16,False,7.7,9.1,8.9,,,8.7,A,4.0,True,3.53,3.47,Pass
5448,1436439,HK142_CO1007_L05,CO1007,-16,False,6.8,8.5,8.8,,,8.3,B+,3.5,True,2.91,2.76,Pass
5449,1436592,HK142_CO1007_L05,CO1007,-16,False,6.7,6.5,6.7,,,6.7,C+,2.5,True,2.62,2.7,Pass
5450,1410365,HK142_CO1007_L05,CO1007,-16,False,8.2,8.0,7.5,,,7.7,B,3.0,True,3.65,3.65,Pass
5451,1437357,HK142_CO1007_L05,CO1007,-16,False,9.5,8.3,9.4,,,9.2,A,4.0,True,3.95,3.97,Pass
5452,1426623,HK142_CO1007_L05,CO1007,-16,False,7.2,5.6,6.4,,,6.4,C+,2.5,True,2.56,2.58,Pass
5453,1456683,HK142_CO1007_L05,CO1007,-16,False,8.1,8.5,8.1,,,8.2,B+,3.5,True,3.12,3.2,Pass
5454,1459445,HK142_CO1007_L05,CO1007,-16,False,6.2,6.3,5.7,,,5.9,C,2.0,True,2.18,2.17,Pass
5455,1410977,HK142_CO1007_L05,CO1007,-16,False,7.5,6.2,6.1,,,6.4,C+,2.5,True,2.5,2.5,Pass
5456,1429691,HK142_CO1007_L05,CO1007,-16,False,7.4,5.6,6.3,,,6.4,C+,2.5,True,2.53,2.32,Pass
5457,1412664,HK142_CO1007_L05,CO1007,-16,False,6.3,6.2,6.2,,,6.2,C,2.0,True,2.06,2.03,Pass
5458,1427541,HK142_CO1007_L05,CO1007,-16,False,7.6,8.9,8.9,,,8.6,A,4.0,True,3.24,3.09,Pass
5459,1429844,HK142_CO1007_L05,CO1007,-16,False,7.2,6.7,5.8,,,6.3,C,2.0,True,2.24,2.26,Pass
5460,1454996,HK142_CO1007_L05,CO1007,-16,False,8.1,6.6,7.5,,,7.4,B,3.0,True,3.06,3.15,Pass
5461,1438126,HK142_CO1007_L05,CO1007,-16,False,6.6,4.7,5.8,,,5.7,C,2.0,True,2.0,2.2,Pass
5462,1431378,HK142_CO1007_L05,CO1007,-16,False,5.2,5.7,6.5,,,6.1,C,2.0,True,2.06,2.06,Pass
5463,1447942,HK142_CO1007_L05,CO1007,-16,False,6.7,8.7,9.4,,,8.7,A,4.0,True,3.18,3.17,Pass
5464,1465424,HK142_CO1007_L05,CO1007,-16,False,7.4,5.8,6.6,,,6.6,C+,2.5,True,2.26,2.45,Pass
5465,1484750,HK142_CO1007_L05,CO1007,-16,False,7.1,6.9,7.9,,,7.5,B,3.0,True,2.76,2.7,Pass
5466,1471713,HK142_CO1007_L05,CO1007,-16,False,6.3,6.6,4.8,,,5.5,C,2.0,True,1.82,1.68,Pass
5467,1415732,HK142_CO1007_L05,CO1007,-16,False,7.3,7.0,9.0,,,8.3,B+,3.5,True,3.32,3.36,Pass
5468,1418800,HK142_CO1007_L05,CO1007,-16,False,7.9,7.0,7.7,,,7.6,B,3.0,True,3.0,3.18,Pass
5469,1488124,HK142_CO1007_L05,CO1007,-16,False,7.1,8.3,8.3,,,8.1,B+,3.5,True,3.53,3.42,Pass
5470,1479842,HK142_CO1007_L05,CO1007,-16,False,8.2,7.2,7.5,,,7.6,B,3.0,True,3.12,3.09,Pass
5471,1468186,HK142_CO1007_L05,CO1007,-16,False,5.2,7.2,6.8,,,6.6,C+,2.5,True,2.53,2.44,Pass
5472,1456836,HK142_CO1007_L05,CO1007,-16,False,8.9,8.6,9.4,,,9.1,A,4.0,True,4.0,4.0,Pass
5473,1401930,HK142_CO1007_L05,CO1007,-16,False,8.5,6.0,8.7,,,8.1,B+,3.5,True,3.35,3.47,Pass
5474,1478924,HK142_CO1007_L05,CO1007,-16,False,5.9,6.4,7.8,,,7.1,B,3.0,True,2.38,2.2,Pass
5475,1411746,HK142_CO1007_L05,CO1007,-16,False,5.1,5.1,6.9,,,6.2,C,2.0,True,2.0,1.94,Pass
5476,1432602,HK142_CO1007_L05,CO1007,-16,False,5.7,5.3,5.9,,,5.7,C,2.0,True,1.5,1.62,Pass
5477,1453768,HK142_CO1007_L05,CO1007,-16,False,7.1,6.7,7.1,,,7.0,B,3.0,True,2.85,2.58,Pass
5478,1487053,HK142_CO1007_L05,CO1007,-16,False,7.5,7.9,7.0,,,7.3,B,3.0,True,3.03,3.02,Pass
5479,1420028,HK142_CO1007_L05,CO1007,-16,False,7.8,7.1,6.5,,,6.9,C+,2.5,True,2.12,2.3,Pass
5480,1481682,HK142_CO1007_L05,CO1007,-16,False,6.3,5.8,7.5,,,6.9,C+,2.5,True,2.68,2.64,Pass
5481,1430762,HK142_CO1007_L05,CO1007,-16,False,7.2,6.5,5.5,,,6.0,C,2.0,True,1.94,2.03,Pass
5482,1491961,HK142_CO1007_L05,CO1007,-16,False,7.5,7.6,7.3,,,7.4,B,3.0,True,3.24,3.0,Pass
5483,1436898,HK142_CO1007_L05,CO1007,-16,False,4.5,5.9,7.0,,,6.3,C,2.0,True,1.94,1.74,Pass
5484,1405916,HK142_CO1007_L05,CO1007,-16,False,7.2,7.6,8.3,,,7.9,B,3.0,True,2.85,2.89,Pass
5485,1445486,HK142_CO1007_L05,CO1007,-16,False,6.8,6.7,8.3,,,7.7,B,3.0,True,3.06,3.03,Pass
5486,1461897,HK142_CO1007_L05,CO1007,-16,False,6.6,5.5,6.3,,,6.2,C,2.0,True,1.79,1.82,Pass
5487,1462666,HK142_CO1007_L05,CO1007,-16,False,7.9,8.0,8.1,,,8.0,B+,3.5,True,3.26,3.47,Pass
5488,1494413,HK142_CO1007_L05,CO1007,-16,False,8.2,8.1,7.2,,,7.6,B,3.0,True,3.21,3.21,Pass
5489,1474934,HK142_CO1007_L05,CO1007,-16,False,3.7,4.4,4.5,,,4.3,D,1.0,True,0.55,1.0,Pass
5490,1480148,HK142_CO1007_L05,CO1007,-16,False,7.2,7.5,7.0,,,7.1,B,3.0,True,3.24,3.06,Pass
5491,1445639,HK142_CO1007_L05,CO1007,-16,False,7.5,7.4,8.8,,,8.3,B+,3.5,True,3.47,3.47,Pass
5492,1408372,HK142_CO1007_L05,CO1007,-16,False,7.3,7.0,9.3,,,8.4,B+,3.5,True,3.5,3.42,Pass
5493,1465271,HK142_CO1007_L05,CO1007,-16,False,7.7,7.9,6.6,,,7.1,B,3.0,True,3.41,3.36,Pass
5494,1440578,HK142_CO1007_L05,CO1007,-16,False,6.2,7.0,6.9,,,6.8,C+,2.5,True,2.26,2.44,Pass
5495,1491345,HK142_CO1007_L05,CO1007,-16,False,7.6,7.4,8.4,,,8.0,B+,3.5,True,3.06,3.11,Pass
5496,1411130,HK142_CO1007_L05,CO1007,-16,False,7.1,8.3,6.4,,,6.9,C+,2.5,True,2.91,3.06,Pass
5497,1454843,HK142_CO1007_L05,CO1007,-16,False,6.5,7.6,6.6,,,6.8,C+,2.5,True,2.41,2.21,Pass
5498,1438279,HK142_CO1027_L01,CO1027,-16,False,7.4,7.1,6.1,,6.4,6.6,C+,2.5,True,2.5,2.52,Pass
5499,1416038,HK142_CO1027_L01,CO1027,-16,False,8.4,7.6,7.4,,9.2,7.8,B,3.0,True,2.97,2.62,Pass
5500,1453768,HK142_CO1027_L01,CO1027,-16,False,7.4,7.2,6.9,,5.8,7.0,B,3.0,True,2.85,2.58,Pass
5501,1488124,HK142_CO1027_L01,CO1027,-16,False,6.8,7.0,9.2,,8.1,8.2,B+,3.5,True,3.53,3.42,Pass
5502,1452234,HK142_CO1027_L01,CO1027,-16,False,7.7,9.2,10.0,,8.2,9.2,A,4.0,True,3.95,3.97,Pass
5503,1409137,HK142_CO1027_L01,CO1027,-16,False,7.7,7.2,7.1,,6.9,7.2,B,3.0,True,3.0,3.06,Pass
5504,1495335,HK142_CO1027_L01,CO1027,-16,False,6.6,5.4,5.9,,6.8,6.0,C,2.0,True,2.0,2.17,Pass
5505,1443340,HK142_CO1027_L01,CO1027,-16,False,6.2,5.9,6.2,,6.7,6.2,C,2.0,True,2.06,2.11,Pass
5506,1439197,HK142_CO1027_L01,CO1027,-16,False,8.7,7.4,6.6,,5.9,7.1,B,3.0,True,2.76,2.74,Pass
5507,1456683,HK142_CO1027_L01,CO1027,-16,False,7.9,7.1,7.6,,8.1,7.6,B,3.0,True,3.12,3.2,Pass
5508,1429075,HK142_CO1027_L01,CO1027,-16,False,6.2,7.1,6.1,,5.1,6.2,C,2.0,True,2.26,2.41,Pass
5509,1453156,HK142_CO1027_L01,CO1027,-16,False,10.0,8.7,5.3,,7.2,7.1,B,3.0,True,3.09,3.15,Pass
5510,1437357,HK142_CO1027_L01,CO1027,-16,False,9.0,8.7,8.7,,9.5,8.8,A,4.0,True,3.95,3.97,Pass
5511,1492726,HK142_CO1027_L01,CO1027,-16,False,7.8,7.9,8.7,,7.2,8.2,B+,3.5,True,3.18,2.85,Pass
5512,1469414,HK142_CO1027_L01,CO1027,-16,False,7.5,9.6,9.1,,8.7,8.8,A,4.0,True,3.85,3.7,Pass
5513,1448248,HK142_CO1027_L01,CO1027,-16,False,5.7,7.5,6.8,,6.4,6.7,C+,2.5,True,2.53,2.5,Pass
5514,1466346,HK142_CO1027_L01,CO1027,-16,False,7.5,9.3,7.5,,7.6,7.9,B,3.0,True,3.41,3.52,Pass
5515,1417419,HK142_CO1027_L01,CO1027,-16,False,4.1,3.9,3.3,,3.2,3.6,F,0.0,False,0.47,1.08,Fail
5516,1464353,HK142_CO1027_L01,CO1027,-16,False,7.7,7.6,7.8,,10.0,8.0,B+,3.5,True,3.29,3.32,Pass
5517,1419875,HK142_CO1027_L01,CO1027,-16,False,7.4,4.5,7.0,,5.8,6.5,C+,2.5,True,2.59,2.58,Pass
5518,1498709,HK142_CO1027_L01,CO1027,-16,False,6.3,6.7,7.0,,5.9,6.7,C+,2.5,True,1.97,2.03,Pass
5519,1435211,HK142_CO1027_L01,CO1027,-16,False,7.9,7.5,8.1,,8.4,8.0,B+,3.5,True,3.26,3.09,Pass
5520,1423708,HK142_CO1027_L01,CO1027,-16,False,4.6,5.9,5.8,,6.6,5.7,C,2.0,True,1.59,1.61,Pass
5521,1420946,HK142_CO1027_L01,CO1027,-16,False,3.0,6.3,6.5,,7.1,5.8,C,2.0,True,2.29,2.32,Pass
5522,1416807,HK142_CO1027_L01,CO1027,-16,False,6.3,5.4,5.3,,6.0,5.6,C,2.0,True,1.76,1.88,Pass
5523,1412358,HK142_CO1027_L01,CO1027,-16,False,7.2,6.7,5.0,,6.9,6.0,C,2.0,True,2.44,2.33,Pass
5524,1403770,HK142_CO1027_L01,CO1027,-16,False,7.1,7.7,6.9,,8.2,7.2,B,3.0,True,2.88,3.12,Pass
5525,1402083,HK142_CO1027_L01,CO1027,-16,False,6.8,8.7,6.1,,7.1,6.9,C+,2.5,True,2.41,2.44,Pass
5526,1436439,HK142_CO1027_L01,CO1027,-16,False,6.7,6.9,7.1,,6.1,6.9,C+,2.5,True,2.91,2.76,Pass
5527,1482145,HK142_CO1027_L01,CO1027,-16,False,6.1,7.0,6.5,,6.9,6.6,C+,2.5,True,2.56,2.44,Pass
5528,1443034,HK142_CO1027_L01,CO1027,-16,False,7.2,6.5,5.5,,6.0,6.1,C,2.0,True,2.59,2.58,Pass
5529,1434599,HK142_CO1027_L01,CO1027,-16,False,7.5,7.4,7.2,,7.4,7.3,B,3.0,True,3.26,3.38,Pass
5530,1478924,HK142_CO1027_L01,CO1027,-16,False,6.1,6.3,6.4,,6.5,6.3,C,2.0,True,2.38,2.2,Pass
5531,1412205,HK142_CO1027_L01,CO1027,-16,False,5.8,5.2,5.7,,5.9,5.6,C,2.0,True,1.88,2.03,Pass
5532,1485519,HK142_CO1027_L01,CO1027,-16,False,5.4,4.3,6.4,,6.5,5.8,C,2.0,True,0.94,1.3,Pass
5533,1494719,HK142_CO1027_L01,CO1027,-16,False,5.3,4.6,4.9,,4.5,4.9,D,1.0,True,1.38,1.52,Pass
5534,1446867,HK142_CO1027_L01,CO1027,-16,False,7.6,7.0,6.7,,6.7,6.9,C+,2.5,True,2.97,2.98,Pass
5535,1435670,HK142_CO1027_L01,CO1027,-16,False,6.8,6.4,6.2,,7.5,6.5,C+,2.5,True,2.56,2.58,Pass
5536,1443646,HK142_CO1027_L01,CO1027,-16,False,6.3,7.1,6.7,,5.3,6.6,C+,2.5,True,2.29,2.3,Pass
5537,1410671,HK142_CO1027_L01,CO1027,-16,False,8.6,8.1,9.6,,8.0,8.9,A,4.0,True,3.26,3.24,Pass
5538,1400702,HK142_CO1027_L01,CO1027,-16,False,7.7,7.3,7.9,,8.1,7.8,B,3.0,True,3.18,3.12,Pass
5539,1459904,HK142_CO1027_L01,CO1027,-16,False,6.5,7.5,6.5,,7.8,6.8,C+,2.5,True,2.68,2.7,Pass
5540,1468339,HK142_CO1027_L01,CO1027,-16,False,5.8,6.5,6.2,,5.1,6.1,C,2.0,True,1.71,1.64,Pass
5541,1480611,HK142_CO1027_L01,CO1027,-16,False,6.6,8.1,8.8,,8.1,8.2,B+,3.5,True,3.09,3.05,Pass
5542,1469567,HK142_CO1027_L01,CO1027,-16,False,9.1,6.8,8.8,,7.6,8.3,B+,3.5,True,3.56,3.44,Pass
5543,1494413,HK142_CO1027_L01,CO1027,-16,False,8.0,8.0,7.8,,7.7,7.9,B,3.0,True,3.21,3.21,Pass
5544,1479689,HK142_CO1027_L01,CO1027,-16,False,9.1,9.4,8.2,,8.0,8.6,A,4.0,True,3.41,3.67,Pass
5545,1455302,HK142_CO1027_L01,CO1027,-16,False,6.9,6.8,7.4,,7.2,7.2,B,3.0,True,2.47,2.41,Pass
5546,1413586,HK142_CO1027_L01,CO1027,-16,False,7.7,6.1,5.8,,6.6,6.3,C,2.0,True,2.29,2.27,Pass
5547,1422786,HK142_CO1027_L01,CO1027,-16,False,9.3,8.1,7.2,,7.9,7.9,B,3.0,True,3.09,3.23,Pass
5548,1417878,HK142_CO1027_L01,CO1027,-16,False,5.5,4.2,5.3,,5.1,5.1,D+,1.5,True,1.82,1.82,Pass
5549,1433065,HK142_CO1027_L01,CO1027,-16,False,3.6,5.6,3.6,,3.1,4.0,D,1.0,True,0.8,1.06,Pass
5550,1409443,HK142_CO1027_L01,CO1027,-16,False,8.0,8.3,9.7,,10.0,9.1,A,4.0,True,3.98,3.99,Pass
5551,1450088,HK142_CO1027_L01,CO1027,-16,False,7.8,7.4,7.1,,6.4,7.2,B,3.0,True,2.94,2.97,Pass
5552,1484138,HK142_CO1027_L01,CO1027,-16,False,7.3,5.5,5.7,,5.9,6.0,C,2.0,True,2.71,2.44,Pass
5553,1438126,HK142_CO1027_L01,CO1027,-16,False,6.0,6.1,5.8,,6.4,6.0,C,2.0,True,2.0,2.2,Pass
5554,1475703,HK142_CO1027_L01,CO1027,-16,False,5.7,6.1,6.2,,6.3,6.1,C,2.0,True,2.0,1.98,Pass
5555,1406222,HK142_CO1027_L01,CO1027,-16,False,7.7,9.1,9.7,,8.2,9.0,A,4.0,True,4.0,3.97,Pass
5556,1418647,HK142_CO1027_L01,CO1027,-16,False,8.4,9.5,8.9,,8.2,8.9,A,4.0,True,3.88,3.91,Pass
5557,1491345,HK142_CO1027_L01,CO1027,-16,False,8.1,6.6,8.1,,8.3,7.8,B,3.0,True,3.06,3.11,Pass
5558,1487665,HK142_CO1027_L01,CO1027,-16,False,5.5,4.8,5.5,,6.2,5.4,D+,1.5,True,2.32,2.36,Pass
5559,1487512,HK142_CO1027_L01,CO1027,-16,False,5.3,6.2,5.2,,6.5,5.6,C,2.0,True,2.5,2.64,Pass
5560,1497634,HK142_CO1027_L01,CO1027,-16,False,9.2,7.9,8.5,,8.1,8.5,A,4.0,True,3.68,3.71,Pass
5561,1490427,HK142_CO1027_L01,CO1027,-16,False,7.4,5.7,4.3,,5.1,5.3,D+,1.5,True,2.29,2.38,Pass
5562,1407297,HK142_CO1027_L01,CO1027,-16,False,6.8,7.0,4.8,,6.6,5.8,C,2.0,True,2.21,2.38,Pass
5563,1408678,HK142_CO1027_L01,CO1027,-16,False,5.9,6.4,6.2,,6.5,6.2,C,2.0,True,2.21,2.35,Pass
5564,1411746,HK142_CO1027_L01,CO1027,-16,False,6.0,6.9,5.5,,6.6,6.0,C,2.0,True,2.0,1.94,Pass
5565,1479842,HK142_CO1027_L01,CO1027,-16,False,8.5,9.4,8.2,,7.5,8.4,B+,3.5,True,3.12,3.09,Pass
5566,1439507,HK142_CO1027_L01,CO1027,-16,False,5.7,5.2,4.2,,6.6,4.9,D,1.0,True,1.5,1.59,Pass
5567,1443799,HK142_CO1027_L01,CO1027,-16,False,7.7,8.2,7.2,,9.1,7.7,B,3.0,True,3.03,3.26,Pass
5568,1489199,HK142_CO1027_L01,CO1027,-16,False,5.5,5.9,5.1,,3.7,5.2,D+,1.5,True,1.71,1.61,Pass
5569,1494566,HK142_CO1027_L01,CO1027,-16,False,6.5,6.4,6.5,,7.5,6.6,C+,2.5,True,2.35,2.33,Pass
5570,1439966,HK142_CO1027_L01,CO1027,-16,False,7.1,9.2,7.3,,5.0,7.4,B,3.0,True,2.74,2.5,Pass
5571,1439660,HK142_CO1027_L01,CO1027,-16,False,9.2,9.9,8.0,,9.7,8.8,A,4.0,True,3.76,3.7,Pass
5572,1428463,HK142_CO1027_L01,CO1027,-16,False,6.2,6.9,6.5,,5.7,6.4,C+,2.5,True,2.32,2.18,Pass
5573,1473553,HK142_CO1027_L01,CO1027,-16,False,8.2,7.8,8.5,,8.8,8.3,B+,3.5,True,3.32,3.44,Pass
5574,1456836,HK142_CO1027_L01,CO1027,-16,False,7.4,8.9,9.9,,8.4,9.1,A,4.0,True,4.0,4.0,Pass
5575,1401161,HK142_CO1027_L01,CO1027,-16,False,7.7,7.6,6.7,,8.5,7.3,B,3.0,True,2.88,2.91,Pass
5576,1435058,HK142_CO1027_L01,CO1027,-16,False,8.3,7.1,7.6,,8.2,7.7,B,3.0,True,3.06,3.21,Pass
5577,1448554,HK142_CO1027_L01,CO1027,-16,False,9.8,9.3,10.0,,8.5,9.7,A+,4.0,True,3.92,3.82,Pass
5578,1407603,HK142_CO1027_L01,CO1027,-16,False,7.3,6.3,5.7,,5.5,6.1,C,2.0,True,2.62,2.53,Pass
5579,1436898,HK142_CO1027_L01,CO1027,-16,False,6.0,7.0,6.4,,6.0,6.4,C+,2.5,True,1.94,1.74,Pass
5580,1425701,HK142_CO1027_L01,CO1027,-16,False,4.4,3.6,4.2,,2.0,3.9,F,0.0,False,0.55,1.0,Fail
5581,1451622,HK142_CO1027_L01,CO1027,-16,False,7.4,5.7,7.3,,6.8,7.0,B,3.0,True,3.12,2.98,Pass
5582,1401467,HK142_CO1027_L01,CO1027,-16,False,8.3,8.9,9.4,,8.4,9.0,A,4.0,True,3.94,3.97,Pass
5583,1471407,HK142_CO1027_L01,CO1027,-16,False,6.4,6.4,6.1,,6.8,6.3,C,2.0,True,2.21,2.18,Pass
5584,1470026,HK142_CO1027_L01,CO1027,-16,False,4.6,5.4,5.4,,5.4,5.2,D+,1.5,True,1.91,2.14,Pass
5585,1420793,HK142_CO1027_L01,CO1027,-16,False,8.0,8.1,9.7,,9.2,9.0,A,4.0,True,3.29,3.12,Pass
5586,1464965,HK142_CO1027_L01,CO1027,-16,False,5.5,7.3,6.3,,6.5,6.4,C+,2.5,True,2.47,2.62,Pass
5587,1432296,HK142_CO1027_L01,CO1027,-16,False,6.3,5.5,6.2,,5.5,6.0,C,2.0,True,2.41,2.47,Pass
5588,1413433,HK142_CO1027_L01,CO1027,-16,False,6.2,5.4,6.8,,6.8,6.4,C+,2.5,True,2.68,2.5,Pass
5589,1450394,HK142_CO1027_L01,CO1027,-16,False,5.5,5.6,6.7,,6.0,6.2,C,2.0,True,2.06,2.02,Pass
5590,1402389,HK142_CO1027_L01,CO1027,-16,False,5.7,6.2,6.4,,6.5,6.2,C,2.0,True,2.59,2.47,Pass
5591,1454843,HK142_CO1027_L01,CO1027,-16,False,6.2,5.0,6.8,,6.4,6.3,C,2.0,True,2.41,2.21,Pass
5592,1404229,HK142_CO1027_L01,CO1027,-16,False,2.9,4.2,4.8,,2.5,4.1,D,1.0,True,0.45,1.0,Pass
5593,1438585,HK142_CO1027_L01,CO1027,-16,False,5.4,7.6,6.8,,5.9,6.6,C+,2.5,True,2.76,2.7,Pass
5594,1455149,HK142_CO1027_L01,CO1027,-16,False,8.1,9.5,8.3,,7.8,8.5,A,4.0,True,4.0,4.0,Pass
5595,1430762,HK142_CO1027_L01,CO1027,-16,False,6.1,5.7,6.3,,5.3,6.0,C,2.0,True,1.94,2.03,Pass
5596,1432449,HK142_CO1027_L01,CO1027,-16,False,7.1,7.9,6.5,,7.2,7.0,B,3.0,True,2.09,1.98,Pass
5597,1443187,HK142_CO1027_L01,CO1027,-16,False,6.1,6.4,5.7,,6.2,6.0,C,2.0,True,2.0,2.05,Pass
5598,1418188,HK142_CO1027_L01,CO1027,-16,False,7.4,6.2,7.6,,8.0,7.3,B,3.0,True,3.24,3.12,Pass
5599,1453003,HK142_CO1027_L01,CO1027,-16,False,8.7,8.3,8.2,,7.8,8.3,B+,3.5,True,3.09,2.98,Pass
5600,1494260,HK142_CO1027_L01,CO1027,-16,False,6.3,5.1,4.5,,5.4,5.1,D+,1.5,True,1.68,1.64,Pass
5601,1424936,HK142_CO1027_L01,CO1027,-16,False,8.1,6.9,7.1,,6.7,7.2,B,3.0,True,3.38,3.17,Pass
5602,1471560,HK142_CO1027_L02,CO1027,-16,False,6.2,5.7,6.5,,7.0,6.3,C,2.0,True,2.38,2.36,Pass
5603,1409596,HK142_CO1027_L02,CO1027,-16,False,7.0,7.4,6.8,,6.5,6.9,C+,2.5,True,2.5,2.45,Pass
5604,1441194,HK142_CO1027_L02,CO1027,-16,False,8.5,7.1,8.8,,7.4,8.3,B+,3.5,True,3.09,3.2,Pass
5605,1495641,HK142_CO1027_L02,CO1027,-16,False,5.0,5.2,5.1,,5.5,5.1,D+,1.5,True,1.35,1.35,Pass
5606,1467574,HK142_CO1027_L02,CO1027,-16,False,5.6,5.7,6.3,,6.1,6.0,C,2.0,True,2.24,2.35,Pass
5607,1422021,HK142_CO1027_L02,CO1027,-16,False,4.8,4.6,4.6,,5.7,4.8,D,1.0,True,1.21,1.33,Pass
5608,1453921,HK142_CO1027_L02,CO1027,-16,False,6.2,8.7,7.3,,8.0,7.4,B,3.0,True,3.24,3.32,Pass
5609,1466805,HK142_CO1027_L02,CO1027,-16,False,6.7,6.4,6.6,,7.2,6.6,C+,2.5,True,2.56,2.44,Pass
5610,1401314,HK142_CO1027_L02,CO1027,-16,False,8.0,8.2,8.8,,9.7,8.6,A,4.0,True,3.91,3.95,Pass
5611,1400243,HK142_CO1027_L02,CO1027,-16,False,5.3,6.9,6.0,,5.8,6.0,C,2.0,True,2.74,2.61,Pass
5612,1451163,HK142_CO1027_L02,CO1027,-16,False,6.7,7.0,7.0,,7.3,7.0,B,3.0,True,2.32,2.42,Pass
5613,1489964,HK142_CO1027_L02,CO1027,-16,False,5.6,4.8,5.9,,5.4,5.6,C,2.0,True,1.62,1.68,Pass
5614,1446714,HK142_CO1027_L02,CO1027,-16,False,7.9,7.3,8.5,,7.4,8.0,B+,3.5,True,3.41,3.35,Pass
5615,1496406,HK142_CO1027_L02,CO1027,-16,False,5.6,6.0,5.7,,6.8,5.8,C,2.0,True,1.85,1.85,Pass
5616,1420028,HK142_CO1027_L02,CO1027,-16,False,6.6,5.9,6.0,,6.7,6.2,C,2.0,True,2.12,2.3,Pass
5617,1427541,HK142_CO1027_L02,CO1027,-16,False,7.4,8.1,8.3,,7.8,8.0,B+,3.5,True,3.24,3.09,Pass
5618,1489505,HK142_CO1027_L02,CO1027,-16,False,7.9,8.7,7.6,,8.5,8.0,B+,3.5,True,3.53,3.47,Pass
5619,1494107,HK142_CO1027_L02,CO1027,-16,False,8.0,7.1,6.9,,8.0,7.3,B,3.0,True,2.91,2.95,Pass
5620,1433830,HK142_CO1027_L02,CO1027,-16,False,5.4,6.0,7.4,,6.1,6.6,C+,2.5,True,2.21,1.94,Pass
5621,1464659,HK142_CO1027_L02,CO1027,-16,False,5.5,9.1,7.5,,6.1,7.3,B,3.0,True,2.41,2.23,Pass
5622,1497022,HK142_CO1027_L02,CO1027,-16,False,7.7,8.0,8.2,,6.3,7.9,B,3.0,True,2.47,2.61,Pass
5623,1449476,HK142_CO1027_L02,CO1027,-16,False,7.2,7.4,7.4,,7.6,7.4,B,3.0,True,3.0,2.95,Pass
5624,1476621,HK142_CO1027_L02,CO1027,-16,False,5.6,5.3,6.3,,6.1,5.9,C,2.0,True,1.91,1.91,Pass
5625,1466040,HK142_CO1027_L02,CO1027,-16,False,6.6,7.1,6.9,,7.6,7.0,B,3.0,True,2.47,2.52,Pass
5626,1482451,HK142_CO1027_L02,CO1027,-16,False,4.3,3.9,2.8,,4.0,3.4,F,0.0,False,0.19,1.0,Fail
5627,1465118,HK142_CO1027_L02,CO1027,-16,False,10.0,8.7,9.3,,9.8,9.4,A,4.0,True,4.0,4.0,Pass
5628,1453615,HK142_CO1027_L02,CO1027,-16,False,4.0,4.0,4.3,,4.5,4.2,D,1.0,True,0.73,1.17,Pass
5629,1489811,HK142_CO1027_L02,CO1027,-16,False,7.8,8.0,8.1,,8.0,8.0,B+,3.5,True,3.91,3.7,Pass
5630,1409290,HK142_CO1027_L02,CO1027,-16,False,7.4,7.0,5.3,,6.8,6.2,C,2.0,True,2.15,2.39,Pass
5631,1446255,HK142_CO1027_L02,CO1027,-16,False,5.0,5.4,5.9,,4.4,5.5,C,2.0,True,1.47,1.58,Pass
5632,1487971,HK142_CO1027_L02,CO1027,-16,False,6.9,9.6,8.1,,8.0,8.1,B+,3.5,True,3.18,3.23,Pass
5633,1492420,HK142_CO1027_L02,CO1027,-16,False,6.8,5.6,6.3,,5.1,6.1,C,2.0,True,2.44,2.48,Pass
5634,1464200,HK142_CO1027_L02,CO1027,-16,False,4.9,5.1,4.9,,4.5,4.9,D,1.0,True,1.21,1.26,Pass
5635,1463278,HK142_CO1027_L02,CO1027,-16,False,5.0,6.9,5.1,,5.2,5.5,C,2.0,True,1.71,1.74,Pass
5636,1478155,HK142_CO1027_L02,CO1027,-16,False,8.6,7.6,7.7,,9.3,8.0,B+,3.5,True,3.85,3.8,Pass
5637,1424167,HK142_CO1027_L02,CO1027,-16,False,4.9,5.7,5.1,,4.9,5.2,D+,1.5,True,1.27,1.38,Pass
5638,1414198,HK142_CO1027_L02,CO1027,-16,False,6.3,5.6,5.5,,4.9,5.6,C,2.0,True,1.5,1.45,Pass
5639,1440272,HK142_CO1027_L02,CO1027,-16,False,9.3,10.0,8.6,,8.1,9.0,A,4.0,True,4.0,3.95,Pass
5640,1458676,HK142_CO1027_L02,CO1027,-16,False,6.7,5.3,8.1,,6.1,7.1,B,3.0,True,2.68,2.58,Pass
5641,1403617,HK142_CO1027_L02,CO1027,-16,False,7.6,8.0,8.5,,8.6,8.2,B+,3.5,True,3.47,3.56,Pass
5642,1486590,HK142_CO1027_L02,CO1027,-16,False,9.6,6.7,7.1,,8.4,7.6,B,3.0,True,3.24,3.21,Pass
5643,1456224,HK142_CO1027_L02,CO1027,-16,False,9.1,7.9,6.1,,7.7,7.2,B,3.0,True,3.38,3.23,Pass
5644,1479230,HK142_CO1027_L02,CO1027,-16,False,7.3,7.0,6.7,,6.9,6.9,C+,2.5,True,2.53,2.48,Pass
5645,1402236,HK142_CO1027_L02,CO1027,-16,False,5.8,5.4,5.0,,4.7,5.2,D+,1.5,True,1.47,1.42,Pass
5646,1488277,HK142_CO1027_L02,CO1027,-16,False,7.3,7.6,6.9,,9.2,7.3,B,3.0,True,3.47,3.3,Pass
5647,1404382,HK142_CO1027_L02,CO1027,-16,False,6.2,7.8,6.0,,6.7,6.5,C+,2.5,True,2.09,2.24,Pass
5648,1431531,HK142_CO1027_L02,CO1027,-16,False,6.4,6.8,5.7,,6.4,6.1,C,2.0,True,1.82,1.92,Pass
5649,1429844,HK142_CO1027_L02,CO1027,-16,False,6.8,6.0,5.6,,5.6,5.9,C,2.0,True,2.24,2.26,Pass
5650,1402848,HK142_CO1027_L02,CO1027,-16,False,6.3,5.8,5.8,,6.7,6.0,C,2.0,True,2.35,2.18,Pass
5651,1490733,HK142_CO1027_L02,CO1027,-16,False,6.9,6.3,6.9,,7.1,6.8,C+,2.5,True,2.24,2.06,Pass
5652,1468033,HK142_CO1027_L02,CO1027,-16,False,8.1,8.2,8.5,,8.2,8.3,B+,3.5,True,3.32,3.2,Pass
5653,1407756,HK142_CO1027_L02,CO1027,-16,False,8.3,7.7,7.4,,8.3,7.7,B,3.0,True,3.09,3.0,Pass
5654,1410824,HK142_CO1027_L02,CO1027,-16,False,8.1,8.4,8.9,,9.0,8.7,A,4.0,True,3.88,3.94,Pass
5655,1428922,HK142_CO1027_L02,CO1027,-16,False,6.1,6.9,5.6,,7.6,6.2,C,2.0,True,2.15,2.32,Pass
5656,1416654,HK142_CO1027_L02,CO1027,-16,False,10.0,9.0,8.9,,9.4,9.2,A,4.0,True,3.76,3.79,Pass
5657,1405151,HK142_CO1027_L02,CO1027,-16,False,6.8,8.0,7.9,,6.2,7.5,B,3.0,True,3.12,3.06,Pass
5658,1460826,HK142_CO1027_L02,CO1027,-16,False,7.6,6.3,6.5,,7.3,6.8,C+,2.5,True,2.68,2.71,Pass
5659,1433371,HK142_CO1027_L02,CO1027,-16,False,6.4,4.7,5.8,,6.0,5.7,C,2.0,True,2.06,1.94,Pass
5660,1441806,HK142_CO1027_L02,CO1027,-16,False,7.4,7.4,8.3,,8.7,8.0,B+,3.5,True,3.09,3.12,Pass
5661,1422480,HK142_CO1027_L02,CO1027,-16,False,9.0,9.2,7.2,,8.5,8.1,B+,3.5,True,3.88,3.85,Pass
5662,1410059,HK142_CO1027_L02,CO1027,-16,False,7.5,6.5,5.3,,5.4,6.0,C,2.0,True,2.44,2.56,Pass
5663,1474475,HK142_CO1027_L02,CO1027,-16,False,7.1,7.8,6.3,,7.3,6.9,C+,2.5,True,2.88,2.98,Pass
5664,1430609,HK142_CO1027_L02,CO1027,-16,False,6.2,5.7,6.2,,5.2,6.0,C,2.0,True,2.06,2.14,Pass
5665,1489046,HK142_CO1027_L02,CO1027,-16,False,5.7,6.4,7.2,,6.8,6.7,C+,2.5,True,2.09,2.21,Pass
5666,1459751,HK142_CO1027_L02,CO1027,-16,False,6.8,6.3,6.2,,5.7,6.3,C,2.0,True,2.21,2.33,Pass
5667,1484750,HK142_CO1027_L02,CO1027,-16,False,6.4,6.2,7.0,,6.6,6.7,C+,2.5,True,2.76,2.7,Pass
5668,1418341,HK142_CO1027_L02,CO1027,-16,False,8.2,9.3,8.3,,8.7,8.5,A,4.0,True,3.79,3.74,Pass
5669,1474169,HK142_CO1027_L02,CO1027,-16,False,8.1,7.5,7.1,,7.0,7.4,B,3.0,True,3.35,3.15,Pass
5670,1451775,HK142_CO1027_L02,CO1027,-16,False,7.7,7.1,8.0,,8.6,7.8,B,3.0,True,3.06,3.11,Pass
5671,1418953,HK142_CO1027_L02,CO1027,-16,False,6.6,5.7,5.7,,6.0,5.9,C,2.0,True,2.12,2.3,Pass
5672,1440578,HK142_CO1027_L02,CO1027,-16,False,6.1,7.7,5.5,,6.1,6.1,C,2.0,True,2.26,2.44,Pass
5673,1458217,HK142_CO1027_L02,CO1027,-16,False,7.7,5.9,7.2,,5.5,6.9,C+,2.5,True,2.32,2.33,Pass
5674,1465424,HK142_CO1027_L02,CO1027,-16,False,7.3,7.5,7.1,,4.6,7.0,B,3.0,True,2.26,2.45,Pass
5675,1436745,HK142_CO1027_L02,CO1027,-16,False,7.3,7.7,5.1,,7.2,6.3,C,2.0,True,2.59,2.52,Pass
5676,1417266,HK142_CO1027_L02,CO1027,-16,False,6.7,6.9,8.7,,7.7,7.8,B,3.0,True,2.53,2.32,Pass
5677,1436592,HK142_CO1027_L02,CO1027,-16,False,6.1,7.4,6.7,,7.9,6.8,C+,2.5,True,2.62,2.7,Pass
5678,1479995,HK142_CO1027_L02,CO1027,-16,False,5.6,5.9,6.3,,5.6,6.0,C,2.0,True,2.0,2.18,Pass
5679,1472941,HK142_CO1027_L02,CO1027,-16,False,6.9,6.0,6.5,,5.9,6.4,C+,2.5,True,2.21,2.17,Pass
5680,1458523,HK142_CO1027_L02,CO1027,-16,False,6.9,5.2,5.9,,6.7,6.0,C,2.0,True,2.29,2.26,Pass
5681,1415426,HK142_CO1027_L02,CO1027,-16,False,5.8,3.3,5.6,,5.3,5.2,D+,1.5,True,1.26,1.47,Pass
5682,1441653,HK142_CO1027_L02,CO1027,-16,False,4.9,5.3,5.0,,4.5,5.0,D+,1.5,True,1.62,1.74,Pass
5683,1462972,HK142_CO1027_L02,CO1027,-16,False,8.5,7.9,8.5,,7.0,8.2,B+,3.5,True,3.18,3.2,Pass
5684,1434905,HK142_CO1027_L02,CO1027,-16,False,5.5,7.2,6.8,,7.8,6.7,C+,2.5,True,2.71,2.59,Pass
5685,1486437,HK142_CO1027_L02,CO1027,-16,False,5.5,7.0,6.1,,5.2,6.1,C,2.0,True,2.09,2.23,Pass
5686,1423249,HK142_CO1027_L02,CO1027,-16,False,5.2,6.7,5.5,,5.3,5.7,C,2.0,True,2.24,2.2,Pass
5687,1451010,HK142_CO1027_L02,CO1027,-16,False,5.9,5.8,6.0,,4.9,5.8,C,2.0,True,1.91,1.8,Pass
5688,1439813,HK142_CO1027_L02,CO1027,-16,False,8.5,8.1,7.5,,7.8,7.9,B,3.0,True,3.24,3.18,Pass
5689,1479383,HK142_CO1027_L02,CO1027,-16,False,8.1,8.6,7.7,,7.3,7.9,B,3.0,True,3.18,3.15,Pass
5690,1429997,HK142_CO1027_L02,CO1027,-16,False,9.0,8.7,6.3,,7.6,7.4,B,3.0,True,3.15,3.03,Pass
5691,1463125,HK142_CO1027_L02,CO1027,-16,False,4.4,5.2,5.5,,5.6,5.2,D+,1.5,True,1.59,1.74,Pass
5692,1435517,HK142_CO1027_L02,CO1027,-16,False,8.0,7.8,8.5,,8.3,8.2,B+,3.5,True,3.32,3.21,Pass
5693,1400549,HK142_CO1027_L02,CO1027,-16,False,7.4,8.0,8.1,,7.1,7.8,B,3.0,True,3.0,2.94,Pass
5694,1470948,HK142_CO1027_L02,CO1027,-16,False,2.9,4.4,3.1,,4.1,3.4,F,0.0,False,0.45,1.27,Fail
5695,1484291,HK142_CO1027_L02,CO1027,-16,False,7.7,6.4,7.4,,6.9,7.2,B,3.0,True,2.85,2.85,Pass
5696,1434136,HK142_CO1027_L02,CO1027,-16,False,10.0,10.0,8.6,,9.9,9.3,A,4.0,True,4.0,3.96,Pass
5697,1475087,HK142_CO1027_L02,CO1027,-16,False,9.8,8.8,9.5,,9.3,9.4,A,4.0,True,3.94,3.97,Pass
5698,1419106,HK142_CO1027_L02,CO1027,-16,False,7.6,6.0,5.1,,6.0,5.9,C,2.0,True,2.06,2.12,Pass
5699,1480917,HK142_CO1027_L02,CO1027,-16,False,6.4,6.3,7.4,,6.4,6.9,C+,2.5,True,2.71,2.68,Pass
5700,1412664,HK142_CO1027_L02,CO1027,-16,False,5.3,6.0,6.7,,6.0,6.2,C,2.0,True,2.06,2.03,Pass
5701,1447326,HK142_CO1027_L02,CO1027,-16,False,7.0,7.7,8.7,,7.6,8.1,B+,3.5,True,3.56,3.35,Pass
5702,1465271,HK142_CO1027_L02,CO1027,-16,False,9.3,9.0,8.5,,8.1,8.7,A,4.0,True,3.41,3.36,Pass
5703,1432143,HK142_CO1027_L02,CO1027,-16,False,6.4,8.0,8.6,,8.2,8.0,B+,3.5,True,2.97,3.03,Pass
5704,1473094,HK142_CO1027_L02,CO1027,-16,False,8.2,8.2,8.0,,9.3,8.2,B+,3.5,True,3.09,3.17,Pass
5705,1427388,HK142_CO1027_L02,CO1027,-16,False,6.2,6.2,5.5,,5.2,5.8,C,2.0,True,2.06,1.94,Pass
5706,1491498,HK142_CO1027_L03,CO1027,-16,False,8.1,7.5,8.2,,9.2,8.1,B+,3.5,True,3.65,3.35,Pass
5707,1496559,HK142_CO1027_L03,CO1027,-16,False,6.0,6.4,6.1,,6.6,6.2,C,2.0,True,2.41,2.32,Pass
5708,1405916,HK142_CO1027_L03,CO1027,-16,False,6.7,8.1,8.6,,7.8,8.0,B+,3.5,True,2.85,2.89,Pass
5709,1401930,HK142_CO1027_L03,CO1027,-16,False,8.2,8.2,7.8,,9.4,8.1,B+,3.5,True,3.35,3.47,Pass
5710,1446561,HK142_CO1027_L03,CO1027,-16,False,6.6,8.4,8.0,,7.3,7.7,B,3.0,True,3.21,3.36,Pass
5711,1491651,HK142_CO1027_L03,CO1027,-16,False,6.0,6.4,6.8,,6.1,6.5,C+,2.5,True,2.74,2.52,Pass
5712,1492267,HK142_CO1027_L03,CO1027,-16,False,8.3,7.3,7.3,,7.5,7.5,B,3.0,True,3.26,3.35,Pass
5713,1432602,HK142_CO1027_L03,CO1027,-16,False,5.7,5.5,4.4,,5.5,5.0,D+,1.5,True,1.5,1.62,Pass
5714,1446408,HK142_CO1027_L03,CO1027,-16,False,9.7,8.6,8.6,,8.4,8.8,A,4.0,True,3.73,3.78,Pass
5715,1471713,HK142_CO1027_L03,CO1027,-16,False,3.7,5.5,5.2,,5.7,5.0,D+,1.5,True,1.82,1.68,Pass
5716,1419412,HK142_CO1027_L03,CO1027,-16,False,8.9,7.8,8.7,,8.2,8.5,A,4.0,True,3.56,3.45,Pass
5717,1449782,HK142_CO1027_L03,CO1027,-16,False,6.1,6.1,6.3,,6.5,6.2,C,2.0,True,2.29,2.29,Pass
5718,1454996,HK142_CO1027_L03,CO1027,-16,False,7.7,6.7,7.0,,7.7,7.2,B,3.0,True,3.06,3.15,Pass
5719,1415885,HK142_CO1027_L03,CO1027,-16,False,9.5,9.4,8.9,,8.7,9.1,A,4.0,True,3.82,3.91,Pass
5720,1495794,HK142_CO1027_L03,CO1027,-16,False,8.3,7.5,8.5,,8.1,8.2,B+,3.5,True,3.38,3.26,Pass
5721,1444568,HK142_CO1027_L03,CO1027,-16,False,7.9,6.9,7.2,,8.2,7.4,B,3.0,True,2.91,3.12,Pass
5722,1478461,HK142_CO1027_L03,CO1027,-16,False,5.1,5.0,4.4,,6.1,4.8,D,1.0,True,1.97,1.94,Pass
5723,1458064,HK142_CO1027_L03,CO1027,-16,False,7.8,6.3,7.0,,6.9,7.0,B,3.0,True,2.44,2.32,Pass
5724,1437051,HK142_CO1027_L03,CO1027,-16,False,7.3,7.1,7.1,,7.1,7.1,B,3.0,True,2.41,2.58,Pass
5725,1445639,HK142_CO1027_L03,CO1027,-16,False,8.3,7.8,8.8,,7.9,8.4,B+,3.5,True,3.47,3.47,Pass
5726,1426007,HK142_CO1027_L03,CO1027,-16,False,7.7,7.0,7.6,,7.0,7.4,B,3.0,True,3.18,3.26,Pass
5727,1452081,HK142_CO1027_L03,CO1027,-16,False,6.8,5.9,7.1,,4.7,6.6,C+,2.5,True,2.38,2.47,Pass
5728,1424014,HK142_CO1027_L03,CO1027,-16,False,6.4,5.7,5.6,,6.9,5.9,C,2.0,True,2.0,2.06,Pass
5729,1440119,HK142_CO1027_L03,CO1027,-16,False,6.9,8.5,8.0,,7.9,7.9,B,3.0,True,3.35,3.36,Pass
5730,1421099,HK142_CO1027_L03,CO1027,-16,False,8.3,7.6,6.4,,7.4,7.1,B,3.0,True,3.35,3.27,Pass
5731,1411130,HK142_CO1027_L03,CO1027,-16,False,6.2,9.3,7.1,,7.0,7.4,B,3.0,True,2.91,3.06,Pass
5732,1442418,HK142_CO1027_L03,CO1027,-16,False,8.7,8.2,7.4,,7.2,7.8,B,3.0,True,3.18,3.29,Pass
5733,1435823,HK142_CO1027_L03,CO1027,-16,False,7.1,5.4,6.2,,7.5,6.3,C,2.0,True,2.18,2.36,Pass
5734,1484444,HK142_CO1027_L03,CO1027,-16,False,8.9,6.9,7.6,,8.8,7.8,B,3.0,True,3.32,3.33,Pass
5735,1426776,HK142_CO1027_L03,CO1027,-16,False,7.5,7.4,6.7,,7.2,7.1,B,3.0,True,2.85,2.89,Pass
5736,1431684,HK142_CO1027_L03,CO1027,-16,False,7.6,8.1,7.3,,7.3,7.5,B,3.0,True,3.44,3.55,Pass
5737,1474322,HK142_CO1027_L03,CO1027,-16,False,7.8,7.0,6.9,,7.2,7.1,B,3.0,True,3.09,3.09,Pass
5738,1461285,HK142_CO1027_L03,CO1027,-16,False,5.7,5.9,6.4,,4.6,6.0,C,2.0,True,2.03,1.98,Pass
5739,1491961,HK142_CO1027_L03,CO1027,-16,False,7.5,7.3,7.5,,7.3,7.4,B,3.0,True,3.24,3.0,Pass
5740,1422633,HK142_CO1027_L03,CO1027,-16,False,9.7,9.8,10.0,,9.2,9.8,A+,4.0,True,3.79,3.89,Pass
5741,1428310,HK142_CO1027_L03,CO1027,-16,False,7.4,7.5,7.4,,8.4,7.5,B,3.0,True,3.5,3.5,Pass
5742,1413739,HK142_CO1027_L03,CO1027,-16,False,5.5,9.4,9.7,,9.3,8.8,A,4.0,True,4.0,3.88,Pass
5743,1412817,HK142_CO1027_L03,CO1027,-16,False,6.5,6.9,5.1,,7.4,6.0,C,2.0,True,2.35,2.39,Pass
5744,1460363,HK142_CO1027_L03,CO1027,-16,False,6.7,7.6,6.8,,6.8,6.9,C+,2.5,True,2.62,2.56,Pass
5745,1426929,HK142_CO1027_L03,CO1027,-16,False,5.9,5.8,4.7,,5.5,5.2,D+,1.5,True,2.21,2.32,Pass
5746,1448401,HK142_CO1027_L03,CO1027,-16,False,6.1,6.1,6.1,,6.4,6.1,C,2.0,True,2.32,2.14,Pass
5747,1477237,HK142_CO1027_L03,CO1027,-16,False,5.1,6.2,5.2,,5.4,5.4,D+,1.5,True,1.56,1.62,Pass
5748,1486284,HK142_CO1027_L03,CO1027,-16,False,9.7,7.4,8.0,,8.3,8.2,B+,3.5,True,3.68,3.67,Pass
5749,1410365,HK142_CO1027_L03,CO1027,-16,False,9.0,8.1,9.0,,8.2,8.7,A,4.0,True,3.65,3.65,Pass
5750,1408372,HK142_CO1027_L03,CO1027,-16,False,8.3,8.1,9.4,,7.1,8.7,A,4.0,True,3.5,3.42,Pass
5751,1458370,HK142_CO1027_L03,CO1027,-16,False,7.1,7.5,6.4,,6.9,6.8,C+,2.5,True,2.65,2.64,Pass
5752,1469873,HK142_CO1027_L03,CO1027,-16,False,5.9,6.9,7.6,,5.7,6.9,C+,2.5,True,2.26,2.24,Pass
5753,1497328,HK142_CO1027_L03,CO1027,-16,False,4.9,5.9,5.2,,4.4,5.2,D+,1.5,True,1.5,1.58,Pass
5754,1483832,HK142_CO1027_L03,CO1027,-16,False,6.5,6.5,6.8,,6.5,6.7,C+,2.5,True,2.24,2.18,Pass
5755,1493032,HK142_CO1027_L03,CO1027,-16,False,6.7,6.6,6.0,,6.6,6.3,C,2.0,True,2.35,2.44,Pass
5756,1421562,HK142_CO1027_L03,CO1027,-16,False,8.3,8.0,8.9,,6.2,8.3,B+,3.5,True,3.35,3.3,Pass
5757,1461744,HK142_CO1027_L03,CO1027,-16,False,5.8,6.2,4.6,,5.5,5.2,D+,1.5,True,2.09,2.15,Pass
5758,1433524,HK142_CO1027_L03,CO1027,-16,False,6.9,5.6,5.2,,5.7,5.7,C,2.0,True,2.24,2.36,Pass
5759,1485978,HK142_CO1027_L03,CO1027,-16,False,7.9,7.5,7.3,,8.4,7.6,B,3.0,True,3.38,3.27,Pass
5760,1475856,HK142_CO1027_L03,CO1027,-16,False,6.3,6.0,5.4,,6.5,5.8,C,2.0,True,1.85,2.02,Pass
5761,1402695,HK142_CO1027_L03,CO1027,-16,False,8.2,8.2,8.0,,9.1,8.2,B+,3.5,True,3.82,3.62,Pass
5762,1489658,HK142_CO1027_L03,CO1027,-16,False,7.9,6.8,8.7,,9.2,8.2,B+,3.5,True,3.68,3.59,Pass
5763,1445486,HK142_CO1027_L03,CO1027,-16,False,7.4,6.9,6.9,,7.6,7.1,B,3.0,True,3.06,3.03,Pass
5764,1435364,HK142_CO1027_L03,CO1027,-16,False,6.5,6.7,8.1,,6.6,7.3,B,3.0,True,2.38,2.24,Pass
5765,1457605,HK142_CO1027_L03,CO1027,-16,False,6.0,5.3,4.4,,5.7,5.0,D+,1.5,True,2.38,2.2,Pass
5766,1456071,HK142_CO1027_L03,CO1027,-16,False,6.8,5.7,7.0,,6.1,6.6,C+,2.5,True,2.38,2.39,Pass
5767,1404688,HK142_CO1027_L03,CO1027,-16,False,6.5,7.3,7.1,,4.9,6.8,C+,2.5,True,2.41,2.47,Pass
5768,1484903,HK142_CO1027_L03,CO1027,-16,False,6.5,5.9,3.9,,7.2,5.2,D+,1.5,True,1.44,1.55,Pass
5769,1469108,HK142_CO1027_L03,CO1027,-16,False,5.6,7.1,7.1,,6.4,6.7,C+,2.5,True,2.32,2.29,Pass
5770,1434752,HK142_CO1027_L03,CO1027,-16,False,5.8,5.2,5.2,,5.1,5.3,D+,1.5,True,1.62,1.58,Pass
5771,1413892,HK142_CO1027_L03,CO1027,-16,False,8.0,8.1,7.3,,7.4,7.6,B,3.0,True,3.35,3.47,Pass
5772,1483063,HK142_CO1027_L03,CO1027,-16,False,6.7,7.6,7.3,,8.1,7.3,B,3.0,True,3.18,3.15,Pass
5773,1407450,HK142_CO1027_L03,CO1027,-16,False,6.9,5.5,8.1,,7.5,7.3,B,3.0,True,3.06,3.06,Pass
5774,1463737,HK142_CO1027_L03,CO1027,-16,False,8.5,8.3,8.9,,8.1,8.6,A,4.0,True,3.65,3.44,Pass
5775,1449013,HK142_CO1027_L03,CO1027,-16,False,7.1,6.5,6.9,,5.8,6.8,C+,2.5,True,2.62,2.71,Pass
5776,1430303,HK142_CO1027_L03,CO1027,-16,False,5.6,5.5,7.5,,4.8,6.5,C+,2.5,True,2.06,1.97,Pass
5777,1442265,HK142_CO1027_L03,CO1027,-16,False,7.0,6.2,7.6,,7.1,7.2,B,3.0,True,2.29,2.3,Pass
5778,1448095,HK142_CO1027_L03,CO1027,-16,False,8.7,7.7,7.9,,8.0,8.0,B+,3.5,True,3.09,3.05,Pass
5779,1499321,HK142_CO1027_L03,CO1027,-16,False,10.0,9.8,9.6,,9.2,9.7,A+,4.0,True,4.0,3.88,Pass
5780,1496253,HK142_CO1027_L03,CO1027,-16,False,8.4,8.5,8.2,,9.4,8.4,B+,3.5,True,3.74,3.83,Pass
5781,1482757,HK142_CO1027_L03,CO1027,-16,False,6.9,6.0,6.2,,7.1,6.4,C+,2.5,True,2.24,2.23,Pass
5782,1451316,HK142_CO1027_L03,CO1027,-16,False,5.6,7.4,6.0,,7.1,6.3,C,2.0,True,2.53,2.62,Pass
5783,1461897,HK142_CO1027_L03,CO1027,-16,False,5.7,5.3,5.6,,5.8,5.6,C,2.0,True,1.79,1.82,Pass
5784,1496100,HK142_CO1027_L03,CO1027,-16,False,6.2,6.7,6.5,,5.6,6.4,C+,2.5,True,2.15,2.08,Pass
5785,1499168,HK142_CO1027_L03,CO1027,-16,False,5.9,5.7,6.5,,5.4,6.1,C,2.0,True,2.24,2.35,Pass
5786,1493801,HK142_CO1027_L03,CO1027,-16,False,8.1,8.1,7.2,,8.5,7.7,B,3.0,True,3.24,3.24,Pass
5787,1430150,HK142_CO1027_L03,CO1027,-16,False,6.2,6.0,5.9,,5.3,5.9,C,2.0,True,2.03,2.14,Pass
5788,1419259,HK142_CO1027_L03,CO1027,-16,False,9.8,9.3,8.8,,9.6,9.2,A,4.0,True,4.0,4.0,Pass
5789,1460979,HK142_CO1027_L03,CO1027,-16,False,5.8,5.7,7.0,,8.0,6.6,C+,2.5,True,2.09,2.02,Pass
5790,1428157,HK142_CO1027_L03,CO1027,-16,False,5.1,4.9,5.5,,4.4,5.2,D+,1.5,True,1.62,1.77,Pass
5791,1466499,HK142_CO1027_L03,CO1027,-16,False,7.7,6.8,6.6,,6.6,6.9,C+,2.5,True,2.79,2.71,Pass
5792,1431990,HK142_CO1027_L03,CO1027,-16,False,7.9,7.8,7.6,,8.5,7.8,B,3.0,True,2.82,2.82,Pass
5793,1406069,HK142_CO1027_L03,CO1027,-16,False,6.4,6.5,7.2,,6.7,6.8,C+,2.5,True,2.53,2.44,Pass
5794,1477849,HK142_CO1027_L03,CO1027,-16,False,4.7,8.0,7.8,,6.0,7.0,B,3.0,True,2.5,2.42,Pass
5795,1473247,HK142_CO1027_L03,CO1027,-16,False,5.7,7.3,6.8,,6.5,6.7,C+,2.5,True,2.47,2.44,Pass
5796,1428769,HK142_CO1027_L03,CO1027,-16,False,6.0,6.2,6.2,,4.9,6.0,C,2.0,True,2.09,2.2,Pass
5797,1417725,HK142_CO1027_L03,CO1027,-16,False,7.5,7.4,8.1,,8.4,7.9,B,3.0,True,3.15,3.05,Pass
5798,1416191,HK142_CO1027_L03,CO1027,-16,False,8.7,7.9,9.5,,8.7,8.9,A,4.0,True,3.92,3.93,Pass
5799,1403923,HK142_CO1027_L03,CO1027,-16,False,7.3,5.9,5.9,,5.8,6.2,C,2.0,True,2.21,2.33,Pass
5800,1401008,HK142_CO1027_L03,CO1027,-16,False,8.9,9.3,8.2,,9.4,8.7,A,4.0,True,3.97,3.98,Pass
5801,1471254,HK142_CO1027_L03,CO1027,-16,False,5.9,4.6,3.1,,6.1,4.3,D,1.0,True,1.41,1.55,Pass
5802,1472482,HK142_CO1027_L03,CO1027,-16,False,8.4,7.8,7.7,,8.1,7.9,B,3.0,True,3.5,3.44,Pass
5803,1487053,HK142_CO1027_L03,CO1027,-16,False,7.4,7.8,8.7,,7.6,8.2,B+,3.5,True,3.03,3.02,Pass
5804,1466652,HK142_CO1027_L03,CO1027,-16,False,6.5,5.8,5.8,,5.7,5.9,C,2.0,True,2.38,2.27,Pass
5805,1415120,HK142_CO1027_L03,CO1027,-16,False,8.0,7.2,8.2,,9.4,8.1,B+,3.5,True,3.73,3.72,Pass
5806,1425854,HK142_CO1027_L03,CO1027,-16,False,7.5,6.6,7.8,,6.7,7.4,B,3.0,True,2.91,2.86,Pass
5807,1477696,HK142_CO1027_L03,CO1027,-16,False,6.5,5.0,6.2,,5.7,6.0,C,2.0,True,2.44,2.56,Pass
5808,1483216,HK142_CO1027_L03,CO1027,-16,False,5.7,3.8,5.6,,4.8,5.2,D+,1.5,True,1.35,1.33,Pass
5809,1421868,HK142_CO1027_L03,CO1027,-16,False,8.6,7.5,7.6,,8.3,7.8,B,3.0,True,3.41,3.21,Pass
5810,1441959,HK142_CO1027_L04,CO1027,-16,False,0.6,2.1,3.4,,3.6,2.6,F,0.0,False,0.32,1.0,Fail
5811,1404535,HK142_CO1027_L04,CO1027,-16,False,2.8,3.6,2.7,,4.2,3.1,F,0.0,False,0.55,1.12,Fail
5812,1489352,HK142_CO1027_L04,CO1027,-16,False,7.3,8.1,7.1,,8.3,7.5,B,3.0,True,2.97,3.03,Pass
5813,1405610,HK142_CO1027_L04,CO1027,-16,False,6.0,6.5,6.7,,6.7,6.5,C+,2.5,True,2.47,2.36,Pass
5814,1445180,HK142_CO1027_L04,CO1027,-16,False,8.9,9.2,8.7,,9.5,8.9,A,4.0,True,4.0,4.0,Pass
5815,1477543,HK142_CO1027_L04,CO1027,-16,False,5.3,5.7,6.2,,6.0,5.9,C,2.0,True,1.74,1.73,Pass
5816,1406838,HK142_CO1027_L04,CO1027,-16,False,6.6,5.4,6.4,,6.2,6.2,C,2.0,True,2.91,3.05,Pass
5817,1465887,HK142_CO1027_L04,CO1027,-16,False,8.0,7.7,7.5,,6.5,7.5,B,3.0,True,3.29,3.18,Pass
5818,1466193,HK142_CO1027_L04,CO1027,-16,False,8.7,9.6,8.0,,9.5,8.6,A,4.0,True,3.76,3.79,Pass
5819,1438891,HK142_CO1027_L04,CO1027,-16,False,4.7,6.9,5.3,,6.3,5.6,C,2.0,True,2.44,2.41,Pass
5820,1472635,HK142_CO1027_L04,CO1027,-16,False,8.7,8.2,8.1,,7.2,8.1,B+,3.5,True,3.21,3.11,Pass
5821,1430456,HK142_CO1027_L04,CO1027,-16,False,8.1,7.8,7.7,,9.2,7.9,B,3.0,True,3.26,3.29,Pass
5822,1447942,HK142_CO1027_L04,CO1027,-16,False,7.9,10.0,7.0,,7.2,7.8,B,3.0,True,3.18,3.17,Pass
5823,1422327,HK142_CO1027_L04,CO1027,-16,False,7.4,7.1,7.0,,6.5,7.1,B,3.0,True,3.18,3.24,Pass
5824,1427694,HK142_CO1027_L04,CO1027,-16,False,4.4,4.4,6.2,,4.7,5.3,D+,1.5,True,1.41,1.32,Pass
5825,1499627,HK142_CO1027_L04,CO1027,-16,False,8.9,7.9,8.5,,9.6,8.6,A,4.0,True,3.88,3.83,Pass
5826,1462513,HK142_CO1027_L04,CO1027,-16,False,7.1,6.8,7.3,,7.8,7.2,B,3.0,True,2.97,2.91,Pass
5827,1444721,HK142_CO1027_L04,CO1027,-16,False,5.1,5.8,6.4,,5.6,5.9,C,2.0,True,1.62,1.76,Pass
5828,1455455,HK142_CO1027_L04,CO1027,-16,False,7.1,6.0,5.2,,5.2,5.7,C,2.0,True,1.85,1.97,Pass
5829,1446102,HK142_CO1027_L04,CO1027,-16,False,7.6,7.8,8.4,,9.7,8.2,B+,3.5,True,3.68,3.62,Pass
5830,1470179,HK142_CO1027_L04,CO1027,-16,False,8.1,8.1,8.6,,7.9,8.3,B+,3.5,True,3.38,3.44,Pass
5831,1465734,HK142_CO1027_L04,CO1027,-16,False,6.0,6.9,7.5,,7.2,7.1,B,3.0,True,2.91,2.7,Pass
5832,1436286,HK142_CO1027_L04,CO1027,-16,False,9.0,8.4,10.0,,10.0,9.5,A+,4.0,True,3.85,3.78,Pass
5833,1476009,HK142_CO1027_L04,CO1027,-16,False,8.3,7.1,7.3,,8.1,7.5,B,3.0,True,3.15,3.23,Pass
5834,1417572,HK142_CO1027_L04,CO1027,-16,False,7.6,4.7,6.4,,5.7,6.2,C,2.0,True,2.0,2.11,Pass
5835,1457142,HK142_CO1027_L04,CO1027,-16,False,7.6,6.7,6.3,,6.1,6.6,C+,2.5,True,2.74,2.76,Pass
5836,1431837,HK142_CO1027_L04,CO1027,-16,False,6.3,8.2,6.1,,6.4,6.6,C+,2.5,True,2.21,2.26,Pass
5837,1491039,HK142_CO1027_L04,CO1027,-16,False,9.9,9.4,8.2,,7.6,8.7,A,4.0,True,3.74,3.77,Pass
5838,1410977,HK142_CO1027_L04,CO1027,-16,False,6.4,5.9,6.3,,6.7,6.3,C,2.0,True,2.5,2.5,Pass
5839,1495947,HK142_CO1027_L04,CO1027,-16,False,5.6,6.9,6.5,,7.8,6.5,C+,2.5,True,2.26,2.41,Pass
5840,1428616,HK142_CO1027_L04,CO1027,-16,False,5.7,6.7,4.5,,7.0,5.4,D+,1.5,True,2.09,2.21,Pass
5841,1411283,HK142_CO1027_L04,CO1027,-16,False,8.6,9.1,8.2,,7.6,8.4,B+,3.5,True,3.76,3.85,Pass
5842,1494872,HK142_CO1027_L04,CO1027,-16,False,8.3,8.7,7.7,,8.2,8.1,B+,3.5,True,3.21,3.23,Pass
5843,1433218,HK142_CO1027_L04,CO1027,-16,False,6.3,5.6,5.9,,4.9,5.8,C,2.0,True,2.06,2.23,Pass
5844,1481682,HK142_CO1027_L04,CO1027,-16,False,7.2,6.5,6.5,,6.2,6.6,C+,2.5,True,2.68,2.64,Pass
5845,1470795,HK142_CO1027_L04,CO1027,-16,False,5.4,5.9,7.1,,6.2,6.4,C+,2.5,True,2.71,2.62,Pass
5846,1499780,HK142_CO1027_L04,CO1027,-16,False,8.0,6.5,6.7,,6.4,6.9,C+,2.5,True,2.53,2.55,Pass
5847,1455918,HK142_CO1027_L04,CO1027,-16,False,8.9,9.2,8.5,,8.3,8.7,A,4.0,True,3.74,3.82,Pass
5848,1498862,HK142_CO1027_L04,CO1027,-16,False,4.1,4.4,3.9,,4.0,4.0,D,1.0,True,0.91,1.05,Pass
5849,1429691,HK142_CO1027_L04,CO1027,-16,False,5.6,7.9,7.4,,6.8,7.1,B,3.0,True,2.53,2.32,Pass
5850,1466958,HK142_CO1027_L04,CO1027,-16,False,6.3,7.3,5.7,,6.1,6.2,C,2.0,True,2.53,2.47,Pass
5851,1499474,HK142_CO1027_L04,CO1027,-16,False,6.2,5.8,5.3,,5.4,5.6,C,2.0,True,2.32,2.42,Pass
5852,1403001,HK142_CO1027_L04,CO1027,-16,False,7.2,6.5,7.6,,6.4,7.2,B,3.0,True,2.41,2.21,Pass
5853,1493648,HK142_CO1027_L04,CO1027,-16,False,4.3,3.7,4.7,,3.4,4.3,D,1.0,True,0.8,1.04,Pass
5854,1442881,HK142_CO1027_L04,CO1027,-16,False,6.8,5.2,4.5,,6.7,5.3,D+,1.5,True,2.32,2.29,Pass
5855,1425395,HK142_CO1027_L04,CO1027,-16,False,9.9,8.4,9.1,,8.1,9.0,A,4.0,True,4.0,4.0,Pass
5856,1495488,HK142_CO1027_L04,CO1027,-16,False,4.3,6.2,5.5,,6.5,5.5,C,2.0,True,1.82,1.7,Pass
5857,1498556,HK142_CO1027_L04,CO1027,-16,False,4.7,6.6,5.5,,6.3,5.6,C,2.0,True,1.94,2.09,Pass
5858,1439044,HK142_CO1027_L04,CO1027,-16,False,5.8,5.9,6.2,,7.0,6.1,C,2.0,True,2.15,2.35,Pass
5859,1459445,HK142_CO1027_L04,CO1027,-16,False,5.1,6.0,5.4,,6.3,5.6,C,2.0,True,2.18,2.17,Pass
5860,1467421,HK142_CO1027_L04,CO1027,-16,False,6.7,5.8,5.7,,8.1,6.2,C,2.0,True,2.62,2.53,Pass
5861,1484597,HK142_CO1027_L04,CO1027,-16,False,3.8,4.6,5.5,,4.2,4.8,D,1.0,True,1.29,1.36,Pass
5862,1437510,HK142_CO1027_L04,CO1027,-16,False,7.7,9.0,7.9,,8.4,8.1,B+,3.5,True,3.53,3.36,Pass
5863,1498093,HK142_CO1027_L04,CO1027,-16,False,5.5,5.6,7.0,,6.1,6.3,C,2.0,True,2.44,2.39,Pass
5864,1488893,HK142_CO1027_L04,CO1027,-16,False,7.7,7.1,9.4,,8.7,8.5,A,4.0,True,3.65,3.47,Pass
5865,1458829,HK142_CO1027_L04,CO1027,-16,False,6.1,5.5,6.1,,6.0,6.0,C,2.0,True,2.47,2.39,Pass
5866,1444874,HK142_CO1027_L04,CO1027,-16,False,6.2,7.7,7.0,,6.3,6.9,C+,2.5,True,1.97,2.0,Pass
5867,1413280,HK142_CO1027_L04,CO1027,-16,False,7.3,6.7,6.8,,6.6,6.9,C+,2.5,True,2.38,2.3,Pass
5868,1420487,HK142_CO1027_L04,CO1027,-16,False,5.6,6.8,6.9,,7.7,6.7,C+,2.5,True,2.21,2.15,Pass
5869,1415579,HK142_CO1027_L04,CO1027,-16,False,3.9,5.2,5.8,,4.7,5.2,D+,1.5,True,2.59,2.38,Pass
5870,1451469,HK142_CO1027_L04,CO1027,-16,False,9.3,9.9,7.5,,9.6,8.6,A,4.0,True,4.0,3.97,Pass
5871,1471866,HK142_CO1027_L04,CO1027,-16,False,7.5,8.2,9.5,,7.3,8.6,A,4.0,True,3.29,3.29,Pass
5872,1468492,HK142_CO1027_L04,CO1027,-16,False,5.6,5.1,4.7,,6.4,5.1,D+,1.5,True,1.59,1.73,Pass
5873,1482298,HK142_CO1027_L04,CO1027,-16,False,8.9,9.3,9.2,,9.6,9.2,A,4.0,True,3.97,3.94,Pass
5874,1433677,HK142_CO1027_L04,CO1027,-16,False,9.2,8.3,9.2,,9.5,9.1,A,4.0,True,4.0,4.0,Pass
5875,1429228,HK142_CO1027_L04,CO1027,-16,False,8.8,9.8,9.7,,10.0,9.6,A+,4.0,True,4.0,3.89,Pass
5876,1406991,HK142_CO1027_L04,CO1027,-16,False,6.7,6.8,6.4,,6.3,6.5,C+,2.5,True,2.56,2.3,Pass
5877,1408831,HK142_CO1027_L04,CO1027,-16,False,7.8,7.7,7.9,,6.6,7.7,B,3.0,True,3.26,3.08,Pass
5878,1487206,HK142_CO1027_L04,CO1027,-16,False,8.0,7.1,8.8,,7.5,8.2,B+,3.5,True,3.41,3.23,Pass
5879,1414351,HK142_CO1027_L04,CO1027,-16,False,9.1,7.6,6.3,,7.1,7.2,B,3.0,True,3.47,3.41,Pass
5880,1474016,HK142_CO1027_L04,CO1027,-16,False,5.6,5.1,6.4,,6.3,6.0,C,2.0,True,2.21,1.94,Pass
5881,1426623,HK142_CO1027_L04,CO1027,-16,False,7.9,6.7,7.7,,4.0,7.2,B,3.0,True,2.56,2.58,Pass
5882,1456989,HK142_CO1027_L04,CO1027,-16,False,8.4,7.1,7.8,,6.8,7.7,B,3.0,True,3.03,3.08,Pass
5883,1492573,HK142_CO1027_L04,CO1027,-16,False,6.4,7.1,6.5,,6.3,6.6,C+,2.5,True,2.85,2.8,Pass
5884,1459598,HK142_CO1027_L04,CO1027,-16,False,4.7,5.5,5.8,,4.8,5.4,D+,1.5,True,1.71,1.67,Pass
5885,1450547,HK142_CO1027_L04,CO1027,-16,False,8.9,8.0,9.2,,8.7,8.8,A,4.0,True,3.94,3.92,Pass
5886,1412511,HK142_CO1027_L04,CO1027,-16,False,6.3,7.8,5.3,,6.7,6.1,C,2.0,True,2.35,2.3,Pass
5887,1427082,HK142_CO1027_L04,CO1027,-16,False,3.9,4.4,4.5,,4.5,4.4,D,1.0,True,1.21,1.18,Pass
5888,1491192,HK142_CO1027_L04,CO1027,-16,False,7.4,7.6,7.7,,9.0,7.8,B,3.0,True,3.35,3.29,Pass
5889,1470332,HK142_CO1027_L04,CO1027,-16,False,6.8,6.1,6.2,,5.6,6.2,C,2.0,True,2.35,2.5,Pass
5890,1451928,HK142_CO1027_L04,CO1027,-16,False,5.3,5.2,6.3,,4.7,5.7,C,2.0,True,1.5,1.56,Pass
5891,1410212,HK142_CO1027_L04,CO1027,-16,False,5.9,6.9,4.8,,5.0,5.5,C,2.0,True,2.18,2.14,Pass
5892,1424320,HK142_CO1027_L04,CO1027,-16,False,6.7,6.4,6.1,,6.4,6.3,C,2.0,True,2.47,2.65,Pass
5893,1425089,HK142_CO1027_L04,CO1027,-16,False,8.7,7.8,8.6,,7.9,8.4,B+,3.5,True,3.29,3.26,Pass
5894,1469720,HK142_CO1027_L04,CO1027,-16,False,9.5,8.5,8.8,,9.9,9.0,A,4.0,True,3.82,3.85,Pass
5895,1424783,HK142_CO1027_L04,CO1027,-16,False,8.4,6.9,7.4,,6.6,7.4,B,3.0,True,2.97,3.03,Pass
5896,1438432,HK142_CO1027_L04,CO1027,-16,False,7.8,8.4,7.2,,7.4,7.6,B,3.0,True,3.5,3.52,Pass
5897,1404076,HK142_CO1027_L04,CO1027,-16,False,5.4,7.2,5.3,,7.0,5.9,C,2.0,True,2.32,2.15,Pass
5898,1418800,HK142_CO1027_L04,CO1027,-16,False,6.9,7.0,7.7,,6.2,7.2,B,3.0,True,3.0,3.18,Pass
5899,1438738,HK142_CO1027_L04,CO1027,-16,False,8.5,8.4,7.4,,7.6,7.8,B,3.0,True,3.29,3.15,Pass
5900,1417113,HK142_CO1027_L04,CO1027,-16,False,7.6,9.1,8.6,,9.8,8.6,A,4.0,True,3.29,3.15,Pass
5901,1485672,HK142_CO1027_L04,CO1027,-16,False,5.8,6.5,6.2,,5.3,6.1,C,2.0,True,2.26,2.29,Pass
5902,1403464,HK142_CO1027_L04,CO1027,-16,False,6.2,5.8,5.2,,6.4,5.6,C,2.0,True,2.26,2.41,Pass
5903,1421715,HK142_CO1027_L04,CO1027,-16,False,7.5,6.4,6.3,,6.6,6.6,C+,2.5,True,2.91,2.97,Pass
5904,1490886,HK142_CO1027_L04,CO1027,-16,False,6.6,9.1,9.2,,8.8,8.6,A,4.0,True,3.4,3.42,Pass
5906,1415273,HK142_CO1027_L04,CO1027,-16,False,5.4,6.5,6.4,,5.3,6.1,C,2.0,True,2.29,2.42,Pass
5907,1487359,HK142_CO1027_L04,CO1027,-16,False,7.8,6.0,8.8,,9.0,8.1,B+,3.5,True,3.26,3.2,Pass
5908,1454384,HK142_CO1027_L04,CO1027,-16,False,5.8,8.0,5.0,,6.4,5.9,C,2.0,True,2.12,2.17,Pass
5909,1453309,HK142_CO1027_L04,CO1027,-16,False,8.2,7.3,8.2,,7.4,7.9,B,3.0,True,3.29,3.23,Pass
5910,1440731,HK142_CO1027_L04,CO1027,-16,False,8.8,7.0,7.9,,9.2,8.0,B+,3.5,True,3.12,2.98,Pass
5911,1420334,HK142_CO1027_L04,CO1027,-16,False,7.2,7.6,4.9,,6.3,6.0,C,2.0,True,2.12,1.95,Pass
5912,1499015,HK142_CO1027_L04,CO1027,-16,False,6.8,5.2,6.3,,7.1,6.3,C,2.0,True,2.09,2.18,Pass
5913,1425548,HK142_CO1027_L04,CO1027,-16,False,7.2,7.4,8.5,,7.9,8.0,B+,3.5,True,3.15,3.17,Pass
5914,1481223,HK142_CO1027_L05,CO1027,-16,False,5.6,6.4,6.2,,6.3,6.1,C,2.0,True,2.09,2.11,Pass
5915,1488740,HK142_CO1027_L05,CO1027,-16,False,7.0,7.2,6.6,,7.5,6.9,C+,2.5,True,2.18,2.24,Pass
5916,1497175,HK142_CO1027_L05,CO1027,-16,False,6.7,5.3,6.1,,6.3,6.1,C,2.0,True,2.21,2.33,Pass
5917,1461438,HK142_CO1027_L05,CO1027,-16,False,6.9,6.4,7.0,,4.1,6.6,C+,2.5,True,2.03,2.21,Pass
5918,1462819,HK142_CO1027_L05,CO1027,-16,False,7.0,7.3,7.4,,7.9,7.4,B,3.0,True,3.03,3.12,Pass
5919,1471101,HK142_CO1027_L05,CO1027,-16,False,8.1,7.9,8.4,,9.6,8.4,B+,3.5,True,3.73,3.79,Pass
5920,1441500,HK142_CO1027_L05,CO1027,-16,False,5.5,6.5,4.8,,4.4,5.2,D+,1.5,True,1.32,1.53,Pass
5921,1479536,HK142_CO1027_L05,CO1027,-16,False,6.1,6.2,8.0,,5.9,7.1,B,3.0,True,2.21,2.2,Pass
5922,1486131,HK142_CO1027_L05,CO1027,-16,False,6.7,6.8,6.9,,6.9,6.8,C+,2.5,True,2.26,2.11,Pass
5923,1474934,HK142_CO1027_L05,CO1027,-16,False,2.9,4.3,3.8,,3.2,3.7,F,0.0,False,0.55,1.0,Fail
5924,1468645,HK142_CO1027_L05,CO1027,-16,False,7.2,5.8,5.6,,7.2,6.1,C,2.0,True,2.41,2.44,Pass
5925,1420181,HK142_CO1027_L05,CO1027,-16,False,6.9,6.6,6.9,,5.9,6.7,C+,2.5,True,2.65,2.56,Pass
5926,1476315,HK142_CO1027_L05,CO1027,-16,False,8.7,8.5,10.0,,8.6,9.3,A,4.0,True,4.0,3.96,Pass
5927,1450241,HK142_CO1027_L05,CO1027,-16,False,4.7,5.0,3.6,,4.4,4.2,D,1.0,True,1.41,1.48,Pass
5928,1425242,HK142_CO1027_L05,CO1027,-16,False,5.6,5.3,6.3,,6.4,6.0,C,2.0,True,2.03,2.08,Pass
5929,1430915,HK142_CO1027_L05,CO1027,-16,False,7.6,7.0,6.4,,5.8,6.7,C+,2.5,True,2.5,2.41,Pass
5930,1497940,HK142_CO1027_L05,CO1027,-16,False,6.9,7.3,7.8,,6.5,7.4,B,3.0,True,3.21,3.06,Pass
5931,1416960,HK142_CO1027_L05,CO1027,-16,False,7.4,7.7,9.8,,10.0,8.9,A,4.0,True,3.94,3.97,Pass
5932,1483369,HK142_CO1027_L05,CO1027,-16,False,6.8,5.7,3.2,,7.1,4.8,D,1.0,True,2.24,2.53,Pass
5933,1459292,HK142_CO1027_L05,CO1027,-16,False,5.6,5.4,5.2,,6.3,5.4,D+,1.5,True,1.68,1.73,Pass
5934,1480764,HK142_CO1027_L05,CO1027,-16,False,5.7,6.5,5.2,,7.5,5.8,C,2.0,True,2.71,2.56,Pass
5935,1461591,HK142_CO1027_L05,CO1027,-16,False,6.7,6.9,6.5,,5.9,6.6,C+,2.5,True,2.29,2.45,Pass
5936,1462050,HK142_CO1027_L05,CO1027,-16,False,3.7,3.9,2.6,,4.5,3.3,F,0.0,False,0.73,1.09,Fail
5937,1423402,HK142_CO1027_L05,CO1027,-16,False,4.0,4.8,4.9,,7.2,4.9,D,1.0,True,1.44,1.41,Pass
5938,1426470,HK142_CO1027_L05,CO1027,-16,False,6.7,8.1,7.4,,7.3,7.4,B,3.0,True,3.03,3.17,Pass
5939,1447020,HK142_CO1027_L05,CO1027,-16,False,7.7,8.4,7.5,,8.0,7.8,B,3.0,True,3.06,3.12,Pass
5940,1474628,HK142_CO1027_L05,CO1027,-16,False,7.3,8.4,7.3,,7.8,7.6,B,3.0,True,3.03,3.15,Pass
5941,1456530,HK142_CO1027_L05,CO1027,-16,False,8.4,7.6,7.6,,6.8,7.7,B,3.0,True,3.24,3.18,Pass
5942,1467727,HK142_CO1027_L05,CO1027,-16,False,6.3,5.2,7.3,,6.9,6.6,C+,2.5,True,2.03,2.2,Pass
5943,1443493,HK142_CO1027_L05,CO1027,-16,False,9.1,7.0,7.4,,6.8,7.6,B,3.0,True,3.0,3.06,Pass
5944,1414045,HK142_CO1027_L05,CO1027,-16,False,6.1,5.1,6.3,,6.8,6.1,C,2.0,True,2.41,2.52,Pass
5945,1478002,HK142_CO1027_L05,CO1027,-16,False,6.4,5.7,6.7,,6.5,6.4,C+,2.5,True,2.47,2.53,Pass
5946,1460057,HK142_CO1027_L05,CO1027,-16,False,7.8,7.5,8.6,,6.9,8.1,B+,3.5,True,3.5,3.47,Pass
5947,1473400,HK142_CO1027_L05,CO1027,-16,False,8.4,7.2,7.2,,7.0,7.4,B,3.0,True,2.71,2.88,Pass
5948,1408984,HK142_CO1027_L05,CO1027,-16,False,6.1,6.5,8.1,,7.9,7.4,B,3.0,True,2.94,2.88,Pass
5949,1405304,HK142_CO1027_L05,CO1027,-16,False,6.9,4.7,7.0,,6.0,6.4,C+,2.5,True,2.0,2.17,Pass
5950,1480148,HK142_CO1027_L05,CO1027,-16,False,7.9,7.7,6.7,,7.6,7.2,B,3.0,True,3.24,3.06,Pass
5951,1407909,HK142_CO1027_L05,CO1027,-16,False,4.7,5.4,5.4,,4.6,5.2,D+,1.5,True,2.12,2.02,Pass
5952,1414967,HK142_CO1027_L05,CO1027,-16,False,6.9,7.5,6.5,,8.3,7.0,B,3.0,True,3.32,3.23,Pass
5953,1478308,HK142_CO1027_L05,CO1027,-16,False,6.3,6.1,6.3,,6.9,6.3,C,2.0,True,2.56,2.62,Pass
5954,1443952,HK142_CO1027_L05,CO1027,-16,False,6.2,5.8,5.1,,5.2,5.5,C,2.0,True,1.71,1.8,Pass
5955,1467880,HK142_CO1027_L05,CO1027,-16,False,7.1,6.3,7.0,,6.2,6.8,C+,2.5,True,2.35,2.48,Pass
5956,1445333,HK142_CO1027_L05,CO1027,-16,False,5.4,7.2,6.7,,6.3,6.5,C+,2.5,True,2.15,2.41,Pass
5957,1456377,HK142_CO1027_L05,CO1027,-16,False,8.2,8.7,8.1,,8.1,8.2,B+,3.5,True,3.15,3.27,Pass
5958,1449629,HK142_CO1027_L05,CO1027,-16,False,7.1,7.1,8.1,,7.4,7.6,B,3.0,True,2.41,2.44,Pass
5959,1412052,HK142_CO1027_L05,CO1027,-16,False,6.7,5.2,7.6,,6.3,6.8,C+,2.5,True,2.74,2.77,Pass
5960,1448860,HK142_CO1027_L05,CO1027,-16,False,2.8,3.1,3.3,,4.5,3.3,F,0.0,False,0.57,1.09,Fail
5961,1400396,HK142_CO1027_L05,CO1027,-16,False,7.1,8.2,5.8,,7.1,6.7,C+,2.5,True,2.06,2.14,Pass
5962,1420640,HK142_CO1027_L05,CO1027,-16,False,8.4,9.7,8.0,,8.1,8.4,B+,3.5,True,3.53,3.64,Pass
5963,1485825,HK142_CO1027_L05,CO1027,-16,False,5.9,6.8,6.0,,6.5,6.2,C,2.0,True,2.32,2.17,Pass
5964,1461132,HK142_CO1027_L05,CO1027,-16,False,5.4,7.0,7.1,,5.2,6.5,C+,2.5,True,2.32,2.32,Pass
5965,1440425,HK142_CO1027_L05,CO1027,-16,False,6.0,5.6,4.8,,6.1,5.3,D+,1.5,True,2.47,2.58,Pass
5966,1472788,HK142_CO1027_L05,CO1027,-16,False,8.8,9.5,9.5,,8.6,9.3,A,4.0,True,3.85,3.79,Pass
5967,1405457,HK142_CO1027_L05,CO1027,-16,False,5.8,5.7,7.2,,7.0,6.6,C+,2.5,True,2.62,2.56,Pass
5968,1463431,HK142_CO1027_L05,CO1027,-16,False,6.0,6.1,7.0,,5.8,6.5,C+,2.5,True,2.29,2.42,Pass
5969,1482604,HK142_CO1027_L05,CO1027,-16,False,8.5,8.4,8.6,,7.7,8.4,B+,3.5,True,3.68,3.64,Pass
5970,1423861,HK142_CO1027_L05,CO1027,-16,False,3.9,3.3,3.0,,3.9,3.3,F,0.0,False,0.5,1.0,Fail
5971,1481529,HK142_CO1027_L05,CO1027,-16,False,5.3,6.4,6.6,,6.8,6.3,C,2.0,True,2.62,2.65,Pass
5972,1462666,HK142_CO1027_L05,CO1027,-16,False,7.5,8.4,9.6,,7.6,8.7,A,4.0,True,3.26,3.47,Pass
5973,1400855,HK142_CO1027_L05,CO1027,-16,False,6.6,5.8,5.1,,6.6,5.7,C,2.0,True,2.35,2.52,Pass
5974,1476774,HK142_CO1027_L05,CO1027,-16,False,5.8,6.3,7.5,,5.8,6.8,C+,2.5,True,2.06,2.18,Pass
5975,1474781,HK142_CO1027_L05,CO1027,-16,False,8.5,6.2,9.5,,8.1,8.5,A,4.0,True,3.24,3.3,Pass
5976,1452697,HK142_CO1027_L05,CO1027,-16,False,7.7,6.7,7.5,,7.2,7.4,B,3.0,True,2.88,3.0,Pass
5977,1447173,HK142_CO1027_L05,CO1027,-16,False,7.1,4.3,5.5,,6.9,5.7,C,2.0,True,1.97,1.82,Pass
5978,1407144,HK142_CO1027_L05,CO1027,-16,False,4.2,6.2,4.8,,2.9,4.8,D,1.0,True,2.03,2.03,Pass
5979,1479077,HK142_CO1027_L05,CO1027,-16,False,6.0,8.5,9.5,,9.4,8.6,A,4.0,True,4.0,3.97,Pass
5980,1411899,HK142_CO1027_L05,CO1027,-16,False,4.2,5.6,5.9,,4.2,5.3,D+,1.5,True,1.94,1.8,Pass
5981,1477390,HK142_CO1027_L05,CO1027,-16,False,8.7,8.3,7.8,,7.4,8.0,B+,3.5,True,3.18,3.03,Pass
5982,1482910,HK142_CO1027_L05,CO1027,-16,False,6.4,8.0,6.2,,6.0,6.6,C+,2.5,True,2.5,2.47,Pass
5983,1497787,HK142_CO1027_L05,CO1027,-16,False,8.8,9.5,9.9,,8.5,9.5,A+,4.0,True,3.88,3.93,Pass
5984,1463584,HK142_CO1027_L05,CO1027,-16,False,5.4,6.4,5.2,,3.5,5.3,D+,1.5,True,1.41,1.53,Pass
5985,1487818,HK142_CO1027_L05,CO1027,-16,False,8.2,9.4,8.6,,8.6,8.7,A,4.0,True,3.29,3.17,Pass
5986,1457758,HK142_CO1027_L05,CO1027,-16,False,4.7,4.6,5.5,,4.8,5.1,D+,1.5,True,0.82,1.12,Pass
5987,1464812,HK142_CO1027_L05,CO1027,-16,False,5.2,5.1,5.4,,6.7,5.4,D+,1.5,True,1.56,1.56,Pass
5988,1402542,HK142_CO1027_L05,CO1027,-16,False,10.0,7.3,8.3,,8.8,8.5,A,4.0,True,3.35,3.33,Pass
5989,1442112,HK142_CO1027_L05,CO1027,-16,False,7.7,6.8,6.5,,6.8,6.8,C+,2.5,True,2.38,2.32,Pass
5990,1431378,HK142_CO1027_L05,CO1027,-16,False,6.5,6.6,7.1,,7.6,6.9,C+,2.5,True,2.06,2.06,Pass
5991,1472329,HK142_CO1027_L05,CO1027,-16,False,9.4,6.7,6.4,,6.6,7.1,B,3.0,True,2.56,2.58,Pass
5992,1481070,HK142_CO1027_L05,CO1027,-16,False,7.1,6.6,6.9,,7.1,6.9,C+,2.5,True,2.29,2.38,Pass
5993,1497481,HK142_CO1027_L05,CO1027,-16,False,6.3,7.6,6.6,,7.0,6.8,C+,2.5,True,2.21,2.27,Pass
5994,1492879,HK142_CO1027_L05,CO1027,-16,False,8.3,8.2,7.8,,8.3,8.0,B+,3.5,True,3.12,3.15,Pass
5995,1492114,HK142_CO1027_L05,CO1027,-16,False,8.3,7.5,8.5,,6.2,8.0,B+,3.5,True,3.32,3.41,Pass
5996,1410518,HK142_CO1027_L05,CO1027,-16,False,7.2,7.0,7.5,,10.0,7.6,B,3.0,True,3.24,3.29,Pass
5997,1437973,HK142_CO1027_L05,CO1027,-16,False,8.7,9.1,9.6,,8.2,9.2,A,4.0,True,3.94,3.97,Pass
5998,1493954,HK142_CO1027_L05,CO1027,-16,False,4.9,5.5,5.6,,6.2,5.5,C,2.0,True,1.5,1.42,Pass
5999,1475240,HK142_CO1027_L05,CO1027,-16,False,5.8,5.6,8.0,,5.6,6.8,C+,2.5,True,2.44,2.3,Pass
6000,1447789,HK142_CO1027_L05,CO1027,-16,False,6.7,5.9,5.9,,6.3,6.1,C,2.0,True,2.41,2.33,Pass
6001,1454690,HK142_CO1027_L05,CO1027,-16,False,3.6,3.6,4.8,,2.4,4.1,D,1.0,True,0.32,1.0,Pass
6002,1427235,HK142_CO1027_L05,CO1027,-16,False,7.3,7.7,7.3,,7.7,7.4,B,3.0,True,2.97,2.94,Pass
6003,1415732,HK142_CO1027_L05,CO1027,-16,False,7.2,6.6,8.1,,7.5,7.6,B,3.0,True,3.32,3.36,Pass
6004,1468186,HK142_CO1027_L05,CO1027,-16,False,6.8,8.4,6.2,,6.7,6.8,C+,2.5,True,2.53,2.44,Pass
6005,1448707,HK142_CO1027_L05,CO1027,-16,False,8.2,9.9,8.2,,8.2,8.5,A,4.0,True,3.97,3.88,Pass
6006,1433983,HK142_CO1027_L05,CO1027,-16,False,4.3,5.8,6.0,,5.5,5.6,C,2.0,True,1.75,1.74,Pass
6007,1414504,HK142_CO1027_L05,CO1027,-16,False,10.0,9.3,10.0,,8.0,9.7,A+,4.0,True,4.0,4.0,Pass
6008,1423555,HK142_CO1027_L05,CO1027,-16,False,7.0,5.6,5.9,,5.7,6.0,C,2.0,True,2.35,2.32,Pass
6009,1444105,HK142_CO1027_L05,CO1027,-16,False,6.7,6.0,6.6,,5.2,6.4,C+,2.5,True,2.79,2.7,Pass
6010,1476162,HK142_CO1027_L05,CO1027,-16,False,5.8,5.3,4.8,,5.3,5.2,D+,1.5,True,1.29,1.38,Pass
6011,1422174,HK142_CO1027_L05,CO1027,-16,False,6.7,8.3,7.2,,7.4,7.3,B,3.0,True,2.88,2.88,Pass
6012,1418494,HK142_CO1027_L05,CO1027,-16,False,6.6,6.9,5.9,,6.1,6.3,C,2.0,True,2.35,2.38,Pass
6013,1457911,HK142_CO1027_L05,CO1027,-16,False,8.5,9.0,8.3,,9.7,8.6,A,4.0,True,4.0,3.83,Pass
6014,1406375,HK142_CO1027_L05,CO1027,-16,False,1.9,4.7,3.3,,4.5,3.4,F,0.0,False,0.59,1.13,Fail
6015,1476468,HK142_CO1027_L05,CO1027,-16,False,9.1,8.3,9.7,,9.5,9.3,A,4.0,True,4.0,4.0,Pass
6016,1485056,HK142_CO1027_L05,CO1027,-16,False,5.0,6.3,4.8,,6.6,5.3,D+,1.5,True,1.88,1.86,Pass
6018,1414045,HK142_PH1007_L01,PH1007,-16,False,,,5.7,6.7,,6.1,C,2.0,True,2.41,2.52,Pass
6019,1472788,HK142_PH1007_L01,PH1007,-16,False,,,9.0,8.2,,8.7,A,4.0,True,3.85,3.79,Pass
6020,1483063,HK142_PH1007_L01,PH1007,-16,False,,,7.0,6.2,,6.7,C+,2.5,True,3.18,3.15,Pass
6021,1464353,HK142_PH1007_L01,PH1007,-16,False,,,8.7,6.1,,7.7,B,3.0,True,3.29,3.32,Pass
6022,1482757,HK142_PH1007_L01,PH1007,-16,False,,,7.1,5.6,,6.5,C+,2.5,True,2.24,2.23,Pass
6023,1456377,HK142_PH1007_L01,PH1007,-16,False,,,8.1,7.6,,7.9,B,3.0,True,3.15,3.27,Pass
6024,1486284,HK142_PH1007_L01,PH1007,-16,False,,,6.2,10.0,,7.7,B,3.0,True,3.68,3.67,Pass
6025,1473094,HK142_PH1007_L01,PH1007,-16,False,,,7.7,7.8,,7.7,B,3.0,True,3.09,3.17,Pass
6026,1459445,HK142_PH1007_L01,PH1007,-16,False,,,5.2,5.0,,5.1,D+,1.5,True,2.18,2.17,Pass
6027,1456071,HK142_PH1007_L01,PH1007,-16,False,,,4.7,6.5,,5.4,D+,1.5,True,2.38,2.39,Pass
6028,1419259,HK142_PH1007_L01,PH1007,-16,False,,,8.4,8.9,,8.6,A,4.0,True,4.0,4.0,Pass
6029,1448554,HK142_PH1007_L01,PH1007,-16,False,,,9.9,9.1,,9.6,A+,4.0,True,3.92,3.82,Pass
6030,1487206,HK142_PH1007_L01,PH1007,-16,False,,,6.7,7.7,,7.1,B,3.0,True,3.41,3.23,Pass
6032,1420334,HK142_PH1007_L01,PH1007,-16,False,,,6.8,5.7,,6.4,C+,2.5,True,2.12,1.95,Pass
6033,1479383,HK142_PH1007_L01,PH1007,-16,False,,,6.6,6.7,,6.6,C+,2.5,True,3.18,3.15,Pass
6034,1491345,HK142_PH1007_L01,PH1007,-16,False,,,7.7,7.3,,7.5,B,3.0,True,3.06,3.11,Pass
6035,1412817,HK142_PH1007_L01,PH1007,-16,False,,,5.7,6.5,,6.0,C,2.0,True,2.35,2.39,Pass
6036,1434752,HK142_PH1007_L01,PH1007,-16,False,,,4.8,4.9,,4.8,D,1.0,True,1.62,1.58,Pass
6037,1452697,HK142_PH1007_L01,PH1007,-16,False,,,7.3,7.5,,7.4,B,3.0,True,2.88,3.0,Pass
6038,1455918,HK142_PH1007_L01,PH1007,-16,False,,,7.5,8.9,,8.1,B+,3.5,True,3.74,3.82,Pass
6039,1410824,HK142_PH1007_L01,PH1007,-16,False,,,9.1,8.4,,8.8,A,4.0,True,3.88,3.94,Pass
6040,1435058,HK142_PH1007_L01,PH1007,-16,False,,,7.4,8.7,,7.9,B,3.0,True,3.06,3.21,Pass
6041,1410518,HK142_PH1007_L01,PH1007,-16,False,,,7.5,7.0,,7.3,B,3.0,True,3.24,3.29,Pass
6042,1413892,HK142_PH1007_L01,PH1007,-16,False,,,7.4,7.7,,7.5,B,3.0,True,3.35,3.47,Pass
6043,1458370,HK142_PH1007_L01,PH1007,-16,False,,,6.5,6.8,,6.6,C+,2.5,True,2.65,2.64,Pass
6044,1498709,HK142_PH1007_L01,PH1007,-16,False,,,5.8,5.1,,5.5,C,2.0,True,1.97,2.03,Pass
6045,1476315,HK142_PH1007_L01,PH1007,-16,False,,,8.4,8.7,,8.5,A,4.0,True,4.0,3.96,Pass
6046,1409137,HK142_PH1007_L01,PH1007,-16,False,,,7.5,7.7,,7.6,B,3.0,True,3.0,3.06,Pass
6047,1485056,HK142_PH1007_L01,PH1007,-16,False,,,4.7,5.5,,5.0,D+,1.5,True,1.88,1.86,Pass
6048,1468645,HK142_PH1007_L01,PH1007,-16,False,,,5.5,5.8,,5.6,C,2.0,True,2.41,2.44,Pass
6049,1403617,HK142_PH1007_L01,PH1007,-16,False,,,8.1,7.8,,8.0,B+,3.5,True,3.47,3.56,Pass
6050,1489964,HK142_PH1007_L01,PH1007,-16,False,,,3.9,5.5,,4.5,D,1.0,True,1.62,1.68,Pass
6051,1455149,HK142_PH1007_L01,PH1007,-16,False,,,10.0,7.5,,9.0,A,4.0,True,4.0,4.0,Pass
6052,1480764,HK142_PH1007_L01,PH1007,-16,False,,,6.5,6.7,,6.6,C+,2.5,True,2.71,2.56,Pass
6053,1459292,HK142_PH1007_L01,PH1007,-16,False,,,4.1,3.3,,3.8,F,0.0,False,1.68,1.73,Fail
6054,1454843,HK142_PH1007_L01,PH1007,-16,False,,,7.7,4.7,,6.5,C+,2.5,True,2.41,2.21,Pass
6055,1442881,HK142_PH1007_L01,PH1007,-16,False,,,5.1,5.4,,5.2,D+,1.5,True,2.32,2.29,Pass
6056,1474475,HK142_PH1007_L01,PH1007,-16,False,,,6.2,6.8,,6.4,C+,2.5,True,2.88,2.98,Pass
6057,1441653,HK142_PH1007_L01,PH1007,-16,False,,,6.1,4.4,,5.4,D+,1.5,True,1.62,1.74,Pass
6058,1472482,HK142_PH1007_L01,PH1007,-16,False,,,8.4,7.3,,8.0,B+,3.5,True,3.5,3.44,Pass
6059,1445639,HK142_PH1007_L01,PH1007,-16,False,,,7.4,7.8,,7.6,B,3.0,True,3.47,3.47,Pass
6060,1456989,HK142_PH1007_L01,PH1007,-16,False,,,7.1,6.0,,6.7,C+,2.5,True,3.03,3.08,Pass
6061,1494566,HK142_PH1007_L01,PH1007,-16,False,,,5.8,6.9,,6.2,C,2.0,True,2.35,2.33,Pass
6062,1418953,HK142_PH1007_L01,PH1007,-16,False,,,6.7,5.3,,6.1,C,2.0,True,2.12,2.3,Pass
6064,1460979,HK142_PH1007_L01,PH1007,-16,False,,,6.5,5.5,,6.1,C,2.0,True,2.09,2.02,Pass
6065,1409596,HK142_PH1007_L01,PH1007,-16,False,,,5.6,5.9,,5.7,C,2.0,True,2.5,2.45,Pass
6066,1419412,HK142_PH1007_L01,PH1007,-16,False,,,7.2,8.7,,7.8,B,3.0,True,3.56,3.45,Pass
6067,1499780,HK142_PH1007_L01,PH1007,-16,False,,,6.5,6.2,,6.4,C+,2.5,True,2.53,2.55,Pass
6068,1439813,HK142_PH1007_L01,PH1007,-16,False,,,7.1,7.1,,7.1,B,3.0,True,3.24,3.18,Pass
6069,1429997,HK142_PH1007_L01,PH1007,-16,False,,,7.3,8.4,,7.7,B,3.0,True,3.15,3.03,Pass
6070,1451010,HK142_PH1007_L01,PH1007,-16,False,,,6.2,6.0,,6.1,C,2.0,True,1.91,1.8,Pass
6071,1435211,HK142_PH1007_L01,PH1007,-16,False,,,5.9,7.1,,6.4,C+,2.5,True,3.26,3.09,Pass
6072,1477696,HK142_PH1007_L01,PH1007,-16,False,,,5.7,6.6,,6.1,C,2.0,True,2.44,2.56,Pass
6073,1405304,HK142_PH1007_L01,PH1007,-16,False,,,4.7,4.8,,4.7,D,1.0,True,2.0,2.17,Pass
6074,1470026,HK142_PH1007_L01,PH1007,-16,False,,,2.5,5.1,,3.5,F,0.0,False,1.91,2.14,Fail
6075,1425089,HK142_PH1007_L01,PH1007,-16,False,,,8.0,7.6,,7.8,B,3.0,True,3.29,3.26,Pass
6077,1443799,HK142_PH1007_L01,PH1007,-16,False,,,7.1,7.6,,7.3,B,3.0,True,3.03,3.26,Pass
6078,1425242,HK142_PH1007_L01,PH1007,-16,False,,,5.3,5.4,,5.3,D+,1.5,True,2.03,2.08,Pass
6079,1400243,HK142_PH1007_L01,PH1007,-16,False,,,6.9,5.7,,6.4,C+,2.5,True,2.74,2.61,Pass
6080,1495488,HK142_PH1007_L01,PH1007,-16,False,,,4.5,4.9,,4.7,D,1.0,True,1.82,1.7,Pass
6081,1491039,HK142_PH1007_L01,PH1007,-16,False,,,8.5,8.3,,8.4,B+,3.5,True,3.74,3.77,Pass
6082,1490427,HK142_PH1007_L01,PH1007,-16,False,,,6.7,5.6,,6.3,C,2.0,True,2.29,2.38,Pass
6083,1444721,HK142_PH1007_L01,PH1007,-16,False,,,5.3,5.3,,5.3,D+,1.5,True,1.62,1.76,Pass
6084,1482604,HK142_PH1007_L01,PH1007,-16,False,,,8.1,7.9,,8.0,B+,3.5,True,3.68,3.64,Pass
6085,1406991,HK142_PH1007_L01,PH1007,-16,False,,,4.2,6.4,,5.1,D+,1.5,True,2.56,2.3,Pass
6086,1439507,HK142_PH1007_L01,PH1007,-16,False,,,4.4,4.1,,4.3,D,1.0,True,1.5,1.59,Pass
6088,1402542,HK142_PH1007_L01,PH1007,-16,False,,,8.9,8.1,,8.6,A,4.0,True,3.35,3.33,Pass
6089,1428769,HK142_PH1007_L01,PH1007,-16,False,,,6.8,6.0,,6.5,C+,2.5,True,2.09,2.2,Pass
6090,1446714,HK142_PH1007_L01,PH1007,-16,False,,,8.7,6.5,,7.8,B,3.0,True,3.41,3.35,Pass
6091,1456683,HK142_PH1007_L01,PH1007,-16,False,,,7.4,8.3,,7.8,B,3.0,True,3.12,3.2,Pass
6092,1489046,HK142_PH1007_L01,PH1007,-16,False,,,5.9,6.1,,6.0,C,2.0,True,2.09,2.21,Pass
6093,1481376,HK142_PH1007_L01,PH1007,-16,False,,,3.0,1.9,,2.6,F,0.0,False,0.0,,Fail
6094,1475240,HK142_PH1007_L01,PH1007,-16,False,,,4.6,7.1,,5.6,C,2.0,True,2.44,2.3,Pass
6095,1460363,HK142_PH1007_L01,PH1007,-16,False,,,5.7,7.5,,6.4,C+,2.5,True,2.62,2.56,Pass
6096,1447173,HK142_PH1007_L01,PH1007,-16,False,,,5.5,4.9,,5.3,D+,1.5,True,1.97,1.82,Pass
6097,1416191,HK142_PH1007_L01,PH1007,-16,False,,,8.4,10.0,,9.0,A,4.0,True,3.92,3.93,Pass
6098,1463584,HK142_PH1007_L01,PH1007,-16,False,,,3.0,4.0,,3.4,F,0.0,False,1.41,1.53,Fail
6099,1412052,HK142_PH1007_L01,PH1007,-16,False,,,7.8,7.1,,7.5,B,3.0,True,2.74,2.77,Pass
6100,1484444,HK142_PH1007_L01,PH1007,-16,False,,,8.5,8.0,,8.3,B+,3.5,True,3.32,3.33,Pass
6101,1422021,HK142_PH1007_L01,PH1007,-16,False,,,4.2,3.7,,4.0,D,1.0,True,1.21,1.33,Pass
6102,1499168,HK142_PH1007_L01,PH1007,-16,False,,,6.0,5.2,,5.7,C,2.0,True,2.24,2.35,Pass
6103,1422786,HK142_PH1007_L01,PH1007,-16,False,,,6.9,7.0,,6.9,C+,2.5,True,3.09,3.23,Pass
6104,1428310,HK142_PH1007_L01,PH1007,-16,False,,,7.7,8.5,,8.0,B+,3.5,True,3.5,3.5,Pass
6105,1427235,HK142_PH1007_L01,PH1007,-16,False,,,6.6,7.0,,6.8,C+,2.5,True,2.97,2.94,Pass
6106,1489505,HK142_PH1007_L01,PH1007,-16,False,,,8.6,8.2,,8.4,B+,3.5,True,3.53,3.47,Pass
6107,1498556,HK142_PH1007_L01,PH1007,-16,False,,,5.0,5.0,,5.0,D+,1.5,True,1.94,2.09,Pass
6108,1428157,HK142_PH1007_L01,PH1007,-16,False,,,5.5,4.6,,5.1,D+,1.5,True,1.62,1.77,Pass
6109,1419106,HK142_PH1007_L01,PH1007,-16,False,,,6.6,6.7,,6.6,C+,2.5,True,2.06,2.12,Pass
6110,1476621,HK142_PH1007_L01,PH1007,-16,False,,,5.2,5.1,,5.2,D+,1.5,True,1.91,1.91,Pass
6111,1471866,HK142_PH1007_L01,PH1007,-16,False,,,7.6,7.6,,7.6,B,3.0,True,3.29,3.29,Pass
6112,1454996,HK142_PH1007_L01,PH1007,-16,False,,,7.7,6.8,,7.3,B,3.0,True,3.06,3.15,Pass
6113,1427694,HK142_PH1007_L01,PH1007,-16,False,,,4.6,5.5,,5.0,D+,1.5,True,1.41,1.32,Pass
6114,1434136,HK142_PH1007_L01,PH1007,-16,False,,,10.0,9.5,,9.8,A+,4.0,True,4.0,3.96,Pass
6115,1406222,HK142_PH1007_L01,PH1007,-16,False,,,9.2,8.1,,8.8,A,4.0,True,4.0,3.97,Pass
6116,1444568,HK142_PH1007_L01,PH1007,-16,False,,,7.2,8.2,,7.6,B,3.0,True,2.91,3.12,Pass
6117,1433218,HK142_PH1007_L01,PH1007,-16,False,,,6.1,6.1,,6.1,C,2.0,True,2.06,2.23,Pass
6118,1422327,HK142_PH1007_L01,PH1007,-16,False,,,8.0,7.3,,7.7,B,3.0,True,3.18,3.24,Pass
6119,1474781,HK142_PH1007_L01,PH1007,-16,False,,,7.1,8.6,,7.7,B,3.0,True,3.24,3.3,Pass
6120,1476774,HK142_PH1007_L01,PH1007,-16,False,,,4.5,6.2,,5.2,D+,1.5,True,2.06,2.18,Pass
6121,1461897,HK142_PH1007_L01,PH1007,-16,False,,,4.9,4.4,,4.7,D,1.0,True,1.79,1.82,Pass
6122,1464200,HK142_PH1007_L01,PH1007,-16,False,,,4.3,5.1,,4.6,D,1.0,True,1.21,1.26,Pass
6123,1441194,HK142_PH1007_L02,PH1007,-16,False,,,7.3,7.6,,7.4,B,3.0,True,3.09,3.2,Pass
6124,1431378,HK142_PH1007_L02,PH1007,-16,False,,,5.3,5.8,,5.5,C,2.0,True,2.06,2.06,Pass
6125,1464965,HK142_PH1007_L02,PH1007,-16,False,,,6.0,5.3,,5.7,C,2.0,True,2.47,2.62,Pass
6126,1484138,HK142_PH1007_L02,PH1007,-16,False,,,5.9,5.9,,5.9,C,2.0,True,2.71,2.44,Pass
6127,1465887,HK142_PH1007_L02,PH1007,-16,False,,,8.1,8.6,,8.3,B+,3.5,True,3.29,3.18,Pass
6128,1418188,HK142_PH1007_L02,PH1007,-16,False,,,8.4,6.2,,7.5,B,3.0,True,3.24,3.12,Pass
6129,1484903,HK142_PH1007_L02,PH1007,-16,False,,,4.5,4.6,,4.5,D,1.0,True,1.44,1.55,Pass
6130,1412664,HK142_PH1007_L02,PH1007,-16,False,,,5.2,5.2,,5.2,D+,1.5,True,2.06,2.03,Pass
6131,1427082,HK142_PH1007_L02,PH1007,-16,False,,,5.4,5.0,,5.2,D+,1.5,True,1.21,1.18,Pass
6132,1432449,HK142_PH1007_L02,PH1007,-16,False,,,6.0,4.0,,5.2,D+,1.5,True,2.09,1.98,Pass
6133,1430915,HK142_PH1007_L02,PH1007,-16,False,,,6.3,6.2,,6.3,C,2.0,True,2.5,2.41,Pass
6134,1430303,HK142_PH1007_L02,PH1007,-16,False,,,4.7,6.0,,5.2,D+,1.5,True,2.06,1.97,Pass
6135,1487512,HK142_PH1007_L02,PH1007,-16,False,,,6.3,6.1,,6.2,C,2.0,True,2.5,2.64,Pass
6136,1460057,HK142_PH1007_L02,PH1007,-16,False,,,6.8,6.9,,6.8,C+,2.5,True,3.5,3.47,Pass
6137,1403001,HK142_PH1007_L02,PH1007,-16,False,,,6.3,5.9,,6.1,C,2.0,True,2.41,2.21,Pass
6138,1467880,HK142_PH1007_L02,PH1007,-16,False,,,6.2,5.3,,5.8,C,2.0,True,2.35,2.48,Pass
6139,1400396,HK142_PH1007_L02,PH1007,-16,False,,,5.1,5.9,,5.4,D+,1.5,True,2.06,2.14,Pass
6140,1454384,HK142_PH1007_L02,PH1007,-16,False,,,6.0,6.5,,6.2,C,2.0,True,2.12,2.17,Pass
6141,1450241,HK142_PH1007_L02,PH1007,-16,False,,,4.5,5.1,,4.7,D,1.0,True,1.41,1.48,Pass
6142,1410212,HK142_PH1007_L02,PH1007,-16,False,,,5.1,4.9,,5.0,D+,1.5,True,2.18,2.14,Pass
6143,1472635,HK142_PH1007_L02,PH1007,-16,False,,,6.8,7.2,,7.0,B,3.0,True,3.21,3.11,Pass
6144,1495335,HK142_PH1007_L02,PH1007,-16,False,,,5.1,6.4,,5.6,C,2.0,True,2.0,2.17,Pass
6145,1401008,HK142_PH1007_L02,PH1007,-16,False,,,8.2,8.5,,8.3,B+,3.5,True,3.97,3.98,Pass
6146,1499015,HK142_PH1007_L02,PH1007,-16,False,,,6.3,5.7,,6.1,C,2.0,True,2.09,2.18,Pass
6147,1402389,HK142_PH1007_L02,PH1007,-16,False,,,7.4,6.9,,7.2,B,3.0,True,2.59,2.47,Pass
6148,1482145,HK142_PH1007_L02,PH1007,-16,False,,,5.6,6.6,,6.0,C,2.0,True,2.56,2.44,Pass
6149,1428463,HK142_PH1007_L02,PH1007,-16,False,,,6.2,7.1,,6.6,C+,2.5,True,2.32,2.18,Pass
6150,1429075,HK142_PH1007_L02,PH1007,-16,False,,,6.7,5.5,,6.2,C,2.0,True,2.26,2.41,Pass
6151,1454537,HK142_PH1007_L02,PH1007,-16,False,,,3.7,4.1,,3.9,F,0.0,False,0.71,1.0,Fail
6152,1452081,HK142_PH1007_L02,PH1007,-16,False,,,4.4,5.0,,4.6,D,1.0,True,2.38,2.47,Pass
6153,1498093,HK142_PH1007_L02,PH1007,-16,False,,,5.6,6.3,,5.9,C,2.0,True,2.44,2.39,Pass
6154,1446561,HK142_PH1007_L02,PH1007,-16,False,,,7.7,8.8,,8.1,B+,3.5,True,3.21,3.36,Pass
6155,1461438,HK142_PH1007_L02,PH1007,-16,False,,,5.5,6.0,,5.7,C,2.0,True,2.03,2.21,Pass
6156,1462819,HK142_PH1007_L02,PH1007,-16,False,,,6.7,7.0,,6.8,C+,2.5,True,3.03,3.12,Pass
6157,1404688,HK142_PH1007_L02,PH1007,-16,False,,,6.7,7.1,,6.9,C+,2.5,True,2.41,2.47,Pass
6158,1434599,HK142_PH1007_L02,PH1007,-16,False,,,8.3,7.4,,7.9,B,3.0,True,3.26,3.38,Pass
6159,1491651,HK142_PH1007_L02,PH1007,-16,False,,,6.9,5.9,,6.5,C+,2.5,True,2.74,2.52,Pass
6160,1413280,HK142_PH1007_L02,PH1007,-16,False,,,6.1,5.9,,6.0,C,2.0,True,2.38,2.3,Pass
6161,1428616,HK142_PH1007_L02,PH1007,-16,False,,,5.1,6.6,,5.7,C,2.0,True,2.09,2.21,Pass
6162,1437510,HK142_PH1007_L02,PH1007,-16,False,,,7.5,8.4,,7.9,B,3.0,True,3.53,3.36,Pass
6163,1488740,HK142_PH1007_L02,PH1007,-16,False,,,6.9,5.8,,6.5,C+,2.5,True,2.18,2.24,Pass
6164,1407909,HK142_PH1007_L02,PH1007,-16,False,,,4.3,5.6,,4.8,D,1.0,True,2.12,2.02,Pass
6165,1403923,HK142_PH1007_L02,PH1007,-16,False,,,6.1,5.4,,5.8,C,2.0,True,2.21,2.33,Pass
6166,1472329,HK142_PH1007_L02,PH1007,-16,False,,,6.5,5.9,,6.3,C,2.0,True,2.56,2.58,Pass
6167,1433524,HK142_PH1007_L02,PH1007,-16,False,,,4.7,6.2,,5.3,D+,1.5,True,2.24,2.36,Pass
6168,1435517,HK142_PH1007_L02,PH1007,-16,False,,,7.9,8.4,,8.1,B+,3.5,True,3.32,3.21,Pass
6169,1487818,HK142_PH1007_L02,PH1007,-16,False,,,7.5,7.2,,7.4,B,3.0,True,3.29,3.17,Pass
6170,1442112,HK142_PH1007_L02,PH1007,-16,False,,,5.8,5.0,,5.5,C,2.0,True,2.38,2.32,Pass
6171,1457142,HK142_PH1007_L02,PH1007,-16,False,,,7.7,5.9,,7.0,B,3.0,True,2.74,2.76,Pass
6172,1414504,HK142_PH1007_L02,PH1007,-16,False,,,9.7,8.7,,9.3,A,4.0,True,4.0,4.0,Pass
6173,1411130,HK142_PH1007_L02,PH1007,-16,False,,,7.2,7.4,,7.3,B,3.0,True,2.91,3.06,Pass
6174,1458523,HK142_PH1007_L02,PH1007,-16,False,,,5.1,6.4,,5.6,C,2.0,True,2.29,2.26,Pass
6175,1494107,HK142_PH1007_L02,PH1007,-16,False,,,6.8,7.0,,6.9,C+,2.5,True,2.91,2.95,Pass
6176,1445333,HK142_PH1007_L02,PH1007,-16,False,,,5.3,5.3,,5.3,D+,1.5,True,2.15,2.41,Pass
6177,1415732,HK142_PH1007_L02,PH1007,-16,False,,,6.5,7.3,,6.8,C+,2.5,True,3.32,3.36,Pass
6178,1408372,HK142_PH1007_L02,PH1007,-16,False,,,8.1,7.6,,7.9,B,3.0,True,3.5,3.42,Pass
6179,1405763,HK142_PH1007_L02,PH1007,-16,False,,,3.6,3.6,,3.6,F,0.0,False,0.71,1.0,Fail
6180,1450547,HK142_PH1007_L02,PH1007,-16,False,,,9.5,9.2,,9.4,A,4.0,True,3.94,3.92,Pass
6181,1451622,HK142_PH1007_L02,PH1007,-16,False,,,7.4,8.0,,7.6,B,3.0,True,3.12,2.98,Pass
6182,1448707,HK142_PH1007_L02,PH1007,-16,False,,,9.1,7.0,,8.3,B+,3.5,True,3.97,3.88,Pass
6183,1469414,HK142_PH1007_L02,PH1007,-16,False,,,7.0,8.7,,7.7,B,3.0,True,3.85,3.7,Pass
6184,1408984,HK142_PH1007_L02,PH1007,-16,False,,,5.7,5.9,,5.8,C,2.0,True,2.94,2.88,Pass
6185,1433830,HK142_PH1007_L02,PH1007,-16,False,,,3.6,4.9,,4.1,D,1.0,True,2.21,1.94,Pass
6186,1467421,HK142_PH1007_L02,PH1007,-16,False,,,6.4,5.6,,6.1,C,2.0,True,2.62,2.53,Pass
6187,1438738,HK142_PH1007_L02,PH1007,-16,False,,,8.7,8.6,,8.7,A,4.0,True,3.29,3.15,Pass
6188,1496253,HK142_PH1007_L02,PH1007,-16,False,,,9.2,9.3,,9.2,A,4.0,True,3.74,3.83,Pass
6189,1415885,HK142_PH1007_L02,PH1007,-16,False,,,8.7,8.1,,8.5,A,4.0,True,3.82,3.91,Pass
6190,1425548,HK142_PH1007_L02,PH1007,-16,False,,,7.9,7.6,,7.8,B,3.0,True,3.15,3.17,Pass
6191,1426929,HK142_PH1007_L02,PH1007,-16,False,,,5.5,6.5,,5.9,C,2.0,True,2.21,2.32,Pass
6192,1417113,HK142_PH1007_L02,PH1007,-16,False,,,7.4,7.5,,7.4,B,3.0,True,3.29,3.15,Pass
6193,1423708,HK142_PH1007_L02,PH1007,-16,False,,,4.7,5.4,,5.0,D+,1.5,True,1.59,1.61,Pass
6194,1483369,HK142_PH1007_L02,PH1007,-16,False,,,7.1,6.2,,6.7,C+,2.5,True,2.24,2.53,Pass
6195,1468339,HK142_PH1007_L02,PH1007,-16,False,,,4.8,4.8,,4.8,D,1.0,True,1.71,1.64,Pass
6196,1497175,HK142_PH1007_L02,PH1007,-16,False,,,5.3,6.0,,5.6,C,2.0,True,2.21,2.33,Pass
6197,1482451,HK142_PH1007_L02,PH1007,-16,False,,,2.6,3.6,,3.0,F,0.0,False,0.19,1.0,Fail
6198,1434905,HK142_PH1007_L02,PH1007,-16,False,,,7.1,5.9,,6.6,C+,2.5,True,2.71,2.59,Pass
6199,1448248,HK142_PH1007_L02,PH1007,-16,False,,,6.3,7.0,,6.6,C+,2.5,True,2.53,2.5,Pass
6200,1487665,HK142_PH1007_L02,PH1007,-16,False,,,6.3,7.2,,6.7,C+,2.5,True,2.32,2.36,Pass
6201,1453921,HK142_PH1007_L02,PH1007,-16,False,,,8.3,7.2,,7.9,B,3.0,True,3.24,3.32,Pass
6202,1417725,HK142_PH1007_L02,PH1007,-16,False,,,8.6,8.4,,8.5,A,4.0,True,3.15,3.05,Pass
6203,1431990,HK142_PH1007_L02,PH1007,-16,False,,,8.0,6.9,,7.6,B,3.0,True,2.82,2.82,Pass
6204,1436286,HK142_PH1007_L02,PH1007,-16,False,,,7.4,8.6,,7.9,B,3.0,True,3.85,3.78,Pass
6205,1463125,HK142_PH1007_L02,PH1007,-16,False,,,6.1,5.0,,5.7,C,2.0,True,1.59,1.74,Pass
6206,1402236,HK142_PH1007_L02,PH1007,-16,False,,,2.9,5.0,,3.7,F,0.0,False,1.47,1.42,Fail
6207,1486131,HK142_PH1007_L02,PH1007,-16,False,,,5.6,4.5,,5.2,D+,1.5,True,2.26,2.11,Pass
6208,1448401,HK142_PH1007_L02,PH1007,-16,False,,,5.4,7.1,,6.1,C,2.0,True,2.32,2.14,Pass
6209,1420028,HK142_PH1007_L02,PH1007,-16,False,,,5.7,5.5,,5.6,C,2.0,True,2.12,2.3,Pass
6210,1436898,HK142_PH1007_L02,PH1007,-16,False,,,5.2,5.3,,5.2,D+,1.5,True,1.94,1.74,Pass
6211,1411746,HK142_PH1007_L02,PH1007,-16,False,,,6.1,4.8,,5.6,C,2.0,True,2.0,1.94,Pass
6212,1475087,HK142_PH1007_L02,PH1007,-16,False,,,8.2,8.9,,8.5,A,4.0,True,3.94,3.97,Pass
6213,1401314,HK142_PH1007_L02,PH1007,-16,False,,,8.9,9.6,,9.2,A,4.0,True,3.91,3.95,Pass
6214,1492267,HK142_PH1007_L02,PH1007,-16,False,,,8.6,7.8,,8.3,B+,3.5,True,3.26,3.35,Pass
6215,1427388,HK142_PH1007_L02,PH1007,-16,False,,,5.4,6.0,,5.6,C,2.0,True,2.06,1.94,Pass
6216,1489811,HK142_PH1007_L02,PH1007,-16,False,,,9.0,8.5,,8.8,A,4.0,True,3.91,3.7,Pass
6217,1449013,HK142_PH1007_L02,PH1007,-16,False,,,5.5,5.6,,5.5,C,2.0,True,2.62,2.71,Pass
6218,1468186,HK142_PH1007_L02,PH1007,-16,False,,,5.7,6.1,,5.9,C,2.0,True,2.53,2.44,Pass
6219,1456224,HK142_PH1007_L02,PH1007,-16,False,,,6.8,7.0,,6.9,C+,2.5,True,3.38,3.23,Pass
6220,1479077,HK142_PH1007_L02,PH1007,-16,False,,,9.9,8.9,,9.5,A+,4.0,True,4.0,3.97,Pass
6222,1446102,HK142_PH1007_L02,PH1007,-16,False,,,9.1,9.0,,9.1,A,4.0,True,3.68,3.62,Pass
6223,1422174,HK142_PH1007_L02,PH1007,-16,False,,,7.4,7.3,,7.4,B,3.0,True,2.88,2.88,Pass
6224,1499321,HK142_PH1007_L02,PH1007,-16,False,,,8.6,8.7,,8.6,A,4.0,True,4.0,3.88,Pass
6225,1423402,HK142_PH1007_L02,PH1007,-16,False,,,7.3,5.4,,6.5,C+,2.5,True,1.44,1.41,Pass
6226,1441500,HK142_PH1007_L02,PH1007,-16,False,,,5.6,4.7,,5.2,D+,1.5,True,1.32,1.53,Pass
6227,1464659,HK142_PH1007_L02,PH1007,-16,False,,,7.6,5.8,,6.9,C+,2.5,True,2.41,2.23,Pass
6228,1479230,HK142_PH1007_L02,PH1007,-16,False,,,7.1,5.9,,6.6,C+,2.5,True,2.53,2.48,Pass
6229,1410671,HK142_PH1007_L03,PH1007,-16,False,,,7.1,6.6,,6.9,C+,2.5,True,3.26,3.24,Pass
6230,1410059,HK142_PH1007_L03,PH1007,-16,False,,,6.6,5.2,,6.0,C,2.0,True,2.44,2.56,Pass
6231,1438585,HK142_PH1007_L03,PH1007,-16,False,,,6.2,6.1,,6.2,C,2.0,True,2.76,2.7,Pass
6232,1405610,HK142_PH1007_L03,PH1007,-16,False,,,5.7,6.4,,6.0,C,2.0,True,2.47,2.36,Pass
6233,1450394,HK142_PH1007_L03,PH1007,-16,False,,,4.8,6.3,,5.4,D+,1.5,True,2.06,2.02,Pass
6234,1440578,HK142_PH1007_L03,PH1007,-16,False,,,6.1,6.4,,6.2,C,2.0,True,2.26,2.44,Pass
6235,1423249,HK142_PH1007_L03,PH1007,-16,False,,,7.2,6.3,,6.8,C+,2.5,True,2.24,2.2,Pass
6236,1496406,HK142_PH1007_L03,PH1007,-16,False,,,4.7,5.1,,4.9,D,1.0,True,1.85,1.85,Pass
6237,1401930,HK142_PH1007_L03,PH1007,-16,False,,,7.6,8.8,,8.1,B+,3.5,True,3.35,3.47,Pass
6238,1442265,HK142_PH1007_L03,PH1007,-16,False,,,4.8,5.0,,4.9,D,1.0,True,2.29,2.3,Pass
6239,1435364,HK142_PH1007_L03,PH1007,-16,False,,,5.8,2.6,,4.5,D,1.0,True,2.38,2.24,Pass
6240,1471713,HK142_PH1007_L03,PH1007,-16,False,,,5.4,4.4,,5.0,D+,1.5,True,1.82,1.68,Pass
6241,1414198,HK142_PH1007_L03,PH1007,-16,False,,,2.7,5.4,,3.8,F,0.0,False,1.5,1.45,Fail
6242,1416960,HK142_PH1007_L03,PH1007,-16,False,,,8.2,7.5,,7.9,B,3.0,True,3.94,3.97,Pass
6243,1466499,HK142_PH1007_L03,PH1007,-16,False,,,6.1,5.3,,5.8,C,2.0,True,2.79,2.71,Pass
6244,1431837,HK142_PH1007_L03,PH1007,-16,False,,,4.4,5.3,,4.8,D,1.0,True,2.21,2.26,Pass
6245,1484750,HK142_PH1007_L03,PH1007,-16,False,,,6.5,6.6,,6.5,C+,2.5,True,2.76,2.7,Pass
6246,1463431,HK142_PH1007_L03,PH1007,-16,False,,,7.3,4.8,,6.3,C,2.0,True,2.29,2.42,Pass
6247,1476162,HK142_PH1007_L03,PH1007,-16,False,,,4.3,5.6,,4.8,D,1.0,True,1.29,1.38,Pass
6248,1458217,HK142_PH1007_L03,PH1007,-16,False,,,4.6,6.8,,5.5,C,2.0,True,2.32,2.33,Pass
6249,1477543,HK142_PH1007_L03,PH1007,-16,False,,,4.5,5.1,,4.7,D,1.0,True,1.74,1.73,Pass
6250,1485825,HK142_PH1007_L03,PH1007,-16,False,,,6.0,5.8,,5.9,C,2.0,True,2.32,2.17,Pass
6251,1413586,HK142_PH1007_L03,PH1007,-16,False,,,5.8,5.3,,5.6,C,2.0,True,2.29,2.27,Pass
6252,1435670,HK142_PH1007_L03,PH1007,-16,False,,,5.9,9.8,,7.5,B,3.0,True,2.56,2.58,Pass
6253,1443952,HK142_PH1007_L03,PH1007,-16,False,,,4.7,5.3,,4.9,D,1.0,True,1.71,1.8,Pass
6254,1487971,HK142_PH1007_L03,PH1007,-16,False,,,7.1,6.8,,7.0,B,3.0,True,3.18,3.23,Pass
6255,1453462,HK142_PH1007_L03,PH1007,-16,False,,,5.7,3.2,,4.7,D,1.0,True,0.24,1.0,Pass
6256,1478155,HK142_PH1007_L03,PH1007,-16,False,,,8.4,6.2,,7.5,B,3.0,True,3.85,3.8,Pass
6257,1497634,HK142_PH1007_L03,PH1007,-16,False,,,7.5,7.9,,7.7,B,3.0,True,3.68,3.71,Pass
6258,1424014,HK142_PH1007_L03,PH1007,-16,False,,,6.2,5.5,,5.9,C,2.0,True,2.0,2.06,Pass
6259,1488277,HK142_PH1007_L03,PH1007,-16,False,,,6.9,6.8,,6.9,C+,2.5,True,3.47,3.3,Pass
6260,1499474,HK142_PH1007_L03,PH1007,-16,False,,,7.0,6.5,,6.8,C+,2.5,True,2.32,2.42,Pass
6261,1416807,HK142_PH1007_L03,PH1007,-16,False,,,4.9,6.1,,5.4,D+,1.5,True,1.76,1.88,Pass
6262,1478308,HK142_PH1007_L03,PH1007,-16,False,,,6.9,6.6,,6.8,C+,2.5,True,2.56,2.62,Pass
6263,1481070,HK142_PH1007_L03,PH1007,-16,False,,,7.0,6.4,,6.8,C+,2.5,True,2.29,2.38,Pass
6264,1418494,HK142_PH1007_L03,PH1007,-16,False,,,5.1,5.9,,5.4,D+,1.5,True,2.35,2.38,Pass
6265,1415120,HK142_PH1007_L03,PH1007,-16,False,,,8.5,8.1,,8.3,B+,3.5,True,3.73,3.72,Pass
6266,1492879,HK142_PH1007_L03,PH1007,-16,False,,,8.1,7.3,,7.8,B,3.0,True,3.12,3.15,Pass
6267,1474322,HK142_PH1007_L03,PH1007,-16,False,,,6.1,7.7,,6.7,C+,2.5,True,3.09,3.09,Pass
6268,1451928,HK142_PH1007_L03,PH1007,-16,False,,,4.8,4.0,,4.5,D,1.0,True,1.5,1.56,Pass
6269,1408831,HK142_PH1007_L03,PH1007,-16,False,,,8.4,6.0,,7.4,B,3.0,True,3.26,3.08,Pass
6270,1439660,HK142_PH1007_L03,PH1007,-16,False,,,8.6,9.3,,8.9,A,4.0,True,3.76,3.7,Pass
6271,1452234,HK142_PH1007_L03,PH1007,-16,False,,,9.2,8.8,,9.0,A,4.0,True,3.95,3.97,Pass
6272,1470179,HK142_PH1007_L03,PH1007,-16,False,,,6.5,7.6,,6.9,C+,2.5,True,3.38,3.44,Pass
6273,1448095,HK142_PH1007_L03,PH1007,-16,False,,,6.4,9.0,,7.4,B,3.0,True,3.09,3.05,Pass
6274,1418800,HK142_PH1007_L03,PH1007,-16,False,,,8.0,7.0,,7.6,B,3.0,True,3.0,3.18,Pass
6275,1451469,HK142_PH1007_L03,PH1007,-16,False,,,9.3,10.0,,9.6,A+,4.0,True,4.0,3.97,Pass
6276,1493648,HK142_PH1007_L03,PH1007,-16,False,,,6.9,4.8,,6.1,C,2.0,True,0.8,1.04,Pass
6277,1477849,HK142_PH1007_L03,PH1007,-16,False,,,6.0,5.5,,5.8,C,2.0,True,2.5,2.42,Pass
6278,1465118,HK142_PH1007_L03,PH1007,-16,False,,,9.2,9.7,,9.4,A,4.0,True,4.0,4.0,Pass
6279,1466805,HK142_PH1007_L03,PH1007,-16,False,,,5.9,5.9,,5.9,C,2.0,True,2.56,2.44,Pass
6280,1456836,HK142_PH1007_L03,PH1007,-16,False,,,8.2,9.0,,8.5,A,4.0,True,4.0,4.0,Pass
6281,1461132,HK142_PH1007_L03,PH1007,-16,False,,,5.2,6.1,,5.6,C,2.0,True,2.32,2.32,Pass
6282,1409443,HK142_PH1007_L03,PH1007,-16,False,,,7.7,9.0,,8.2,B+,3.5,True,3.98,3.99,Pass
6283,1446408,HK142_PH1007_L03,PH1007,-16,False,,,9.5,9.2,,9.4,A,4.0,True,3.73,3.78,Pass
6284,1469567,HK142_PH1007_L03,PH1007,-16,False,,,7.3,7.3,,7.3,B,3.0,True,3.56,3.44,Pass
6285,1489199,HK142_PH1007_L03,PH1007,-16,False,,,4.5,5.3,,4.8,D,1.0,True,1.71,1.61,Pass
6286,1441806,HK142_PH1007_L03,PH1007,-16,False,,,6.9,7.4,,7.1,B,3.0,True,3.09,3.12,Pass
6287,1407756,HK142_PH1007_L03,PH1007,-16,False,,,7.5,6.3,,7.0,B,3.0,True,3.09,3.0,Pass
6288,1402083,HK142_PH1007_L03,PH1007,-16,False,,,6.9,5.6,,6.4,C+,2.5,True,2.41,2.44,Pass
6289,1401161,HK142_PH1007_L03,PH1007,-16,False,,,6.6,6.3,,6.5,C+,2.5,True,2.88,2.91,Pass
6290,1483216,HK142_PH1007_L03,PH1007,-16,False,,,4.2,5.0,,4.5,D,1.0,True,1.35,1.33,Pass
6291,1437973,HK142_PH1007_L03,PH1007,-16,False,,,9.0,9.5,,9.2,A,4.0,True,3.94,3.97,Pass
6292,1430609,HK142_PH1007_L03,PH1007,-16,False,,,6.0,4.8,,5.5,C,2.0,True,2.06,2.14,Pass
6293,1468033,HK142_PH1007_L03,PH1007,-16,False,,,7.0,7.7,,7.3,B,3.0,True,3.32,3.2,Pass
6294,1443340,HK142_PH1007_L03,PH1007,-16,False,,,6.4,3.5,,5.2,D+,1.5,True,2.06,2.11,Pass
6295,1400702,HK142_PH1007_L03,PH1007,-16,False,,,7.5,7.4,,7.5,B,3.0,True,3.18,3.12,Pass
6296,1464812,HK142_PH1007_L03,PH1007,-16,False,,,5.3,5.8,,5.5,C,2.0,True,1.56,1.56,Pass
6297,1461591,HK142_PH1007_L03,PH1007,-16,False,,,6.0,7.0,,6.4,C+,2.5,True,2.29,2.45,Pass
6298,1485519,HK142_PH1007_L03,PH1007,-16,False,,,3.4,5.3,,4.2,D,1.0,True,0.94,1.3,Pass
6299,1477390,HK142_PH1007_L03,PH1007,-16,False,,,6.4,6.5,,6.4,C+,2.5,True,3.18,3.03,Pass
6300,1407603,HK142_PH1007_L03,PH1007,-16,False,,,6.6,6.7,,6.6,C+,2.5,True,2.62,2.53,Pass
6301,1439044,HK142_PH1007_L03,PH1007,-16,False,,,5.6,5.9,,5.7,C,2.0,True,2.15,2.35,Pass
6302,1445486,HK142_PH1007_L03,PH1007,-16,False,,,6.2,8.2,,7.0,B,3.0,True,3.06,3.03,Pass
6303,1470795,HK142_PH1007_L03,PH1007,-16,False,,,6.1,5.4,,5.8,C,2.0,True,2.71,2.62,Pass
6304,1484291,HK142_PH1007_L03,PH1007,-16,False,,,7.2,7.6,,7.4,B,3.0,True,2.85,2.85,Pass
6305,1494260,HK142_PH1007_L03,PH1007,-16,False,,,5.1,4.4,,4.8,D,1.0,True,1.68,1.64,Pass
6306,1447020,HK142_PH1007_L03,PH1007,-16,False,,,7.0,7.2,,7.1,B,3.0,True,3.06,3.12,Pass
6307,1443493,HK142_PH1007_L03,PH1007,-16,False,,,7.1,7.4,,7.2,B,3.0,True,3.0,3.06,Pass
6308,1493185,HK142_PH1007_L03,PH1007,-16,False,,,4.1,4.9,,4.4,D,1.0,True,1.09,1.07,Pass
6309,1462513,HK142_PH1007_L03,PH1007,-16,False,,,6.4,6.9,,6.6,C+,2.5,True,2.97,2.91,Pass
6310,1465424,HK142_PH1007_L03,PH1007,-16,False,,,6.8,6.4,,6.6,C+,2.5,True,2.26,2.45,Pass
6311,1491498,HK142_PH1007_L03,PH1007,-16,False,,,7.2,8.1,,7.6,B,3.0,True,3.65,3.35,Pass
6312,1497940,HK142_PH1007_L03,PH1007,-16,False,,,8.5,7.2,,8.0,B+,3.5,True,3.21,3.06,Pass
6313,1435823,HK142_PH1007_L03,PH1007,-16,False,,,5.8,6.1,,5.9,C,2.0,True,2.18,2.36,Pass
6314,1458676,HK142_PH1007_L03,PH1007,-16,False,,,6.4,6.5,,6.4,C+,2.5,True,2.68,2.58,Pass
6315,1414351,HK142_PH1007_L03,PH1007,-16,False,,,7.3,8.7,,7.9,B,3.0,True,3.47,3.41,Pass
6316,1475703,HK142_PH1007_L03,PH1007,-16,False,,,5.5,7.1,,6.1,C,2.0,True,2.0,1.98,Pass
6317,1410977,HK142_PH1007_L03,PH1007,-16,False,,,4.6,6.6,,5.4,D+,1.5,True,2.5,2.5,Pass
6318,1467727,HK142_PH1007_L03,PH1007,-16,False,,,6.8,5.5,,6.3,C,2.0,True,2.03,2.2,Pass
6319,1488124,HK142_PH1007_L03,PH1007,-16,False,,,7.8,8.2,,8.0,B+,3.5,True,3.53,3.42,Pass
6320,1408678,HK142_PH1007_L03,PH1007,-16,False,,,5.7,6.9,,6.2,C,2.0,True,2.21,2.35,Pass
6321,1416038,HK142_PH1007_L03,PH1007,-16,False,,,7.3,7.4,,7.3,B,3.0,True,2.97,2.62,Pass
6322,1489352,HK142_PH1007_L03,PH1007,-16,False,,,5.5,6.2,,5.8,C,2.0,True,2.97,3.03,Pass
6323,1444874,HK142_PH1007_L03,PH1007,-16,False,,,5.4,6.4,,5.8,C,2.0,True,1.97,2.0,Pass
6324,1429228,HK142_PH1007_L03,PH1007,-16,False,,,8.2,9.0,,8.5,A,4.0,True,4.0,3.89,Pass
6325,1421099,HK142_PH1007_L03,PH1007,-16,False,,,6.9,8.4,,7.5,B,3.0,True,3.35,3.27,Pass
6326,1404382,HK142_PH1007_L03,PH1007,-16,False,,,5.6,6.2,,5.8,C,2.0,True,2.09,2.24,Pass
6327,1450088,HK142_PH1007_L03,PH1007,-16,False,,,7.1,7.3,,7.2,B,3.0,True,2.94,2.97,Pass
6328,1417266,HK142_PH1007_L03,PH1007,-16,False,,,6.5,4.3,,5.6,C,2.0,True,2.53,2.32,Pass
6329,1476009,HK142_PH1007_L03,PH1007,-16,False,,,6.7,6.1,,6.5,C+,2.5,True,3.15,3.23,Pass
6330,1478002,HK142_PH1007_L03,PH1007,-16,False,,,5.8,9.7,,7.4,B,3.0,True,2.47,2.53,Pass
6331,1425701,HK142_PH1007_L03,PH1007,-16,False,,,2.9,2.9,,2.9,F,0.0,False,0.55,1.0,Fail
6332,1446255,HK142_PH1007_L03,PH1007,-16,False,,,4.5,3.7,,4.2,D,1.0,True,1.47,1.58,Pass
6333,1422480,HK142_PH1007_L03,PH1007,-16,False,,,10.0,9.4,,9.8,A+,4.0,True,3.88,3.85,Pass
6334,1400855,HK142_PH1007_L04,PH1007,-16,False,,,5.9,6.9,,6.3,C,2.0,True,2.35,2.52,Pass
6335,1478461,HK142_PH1007_L04,PH1007,-16,False,,,5.5,6.0,,5.7,C,2.0,True,1.97,1.94,Pass
6336,1407450,HK142_PH1007_L04,PH1007,-16,False,,,7.8,7.3,,7.6,B,3.0,True,3.06,3.06,Pass
6337,1403464,HK142_PH1007_L04,PH1007,-16,False,,,5.3,5.6,,5.4,D+,1.5,True,2.26,2.41,Pass
6338,1469873,HK142_PH1007_L04,PH1007,-16,False,,,5.0,5.1,,5.0,D+,1.5,True,2.26,2.24,Pass
6339,1421715,HK142_PH1007_L04,PH1007,-16,False,,,8.1,7.1,,7.7,B,3.0,True,2.91,2.97,Pass
6340,1458064,HK142_PH1007_L04,PH1007,-16,False,,,6.7,7.0,,6.8,C+,2.5,True,2.44,2.32,Pass
6341,1467574,HK142_PH1007_L04,PH1007,-16,False,,,5.7,5.9,,5.8,C,2.0,True,2.24,2.35,Pass
6342,1457911,HK142_PH1007_L04,PH1007,-16,False,,,9.2,9.1,,9.2,A,4.0,True,4.0,3.83,Pass
6343,1491961,HK142_PH1007_L04,PH1007,-16,False,,,8.2,6.2,,7.4,B,3.0,True,3.24,3.0,Pass
6344,1465734,HK142_PH1007_L04,PH1007,-16,False,,,7.0,7.0,,7.0,B,3.0,True,2.91,2.7,Pass
6345,1431684,HK142_PH1007_L04,PH1007,-16,False,,,8.2,7.2,,7.8,B,3.0,True,3.44,3.55,Pass
6346,1412205,HK142_PH1007_L04,PH1007,-16,False,,,4.6,5.3,,4.9,D,1.0,True,1.88,2.03,Pass
6347,1443187,HK142_PH1007_L04,PH1007,-16,False,,,3.9,5.2,,4.4,D,1.0,True,2.0,2.05,Pass
6348,1413433,HK142_PH1007_L04,PH1007,-16,False,,,4.6,5.5,,5.0,D+,1.5,True,2.68,2.5,Pass
6349,1497022,HK142_PH1007_L04,PH1007,-16,False,,,5.7,5.3,,5.5,C,2.0,True,2.47,2.61,Pass
6350,1463737,HK142_PH1007_L04,PH1007,-16,False,,,8.1,8.7,,8.3,B+,3.5,True,3.65,3.44,Pass
6351,1497328,HK142_PH1007_L04,PH1007,-16,False,,,4.7,5.0,,4.8,D,1.0,True,1.5,1.58,Pass
6352,1498862,HK142_PH1007_L04,PH1007,-16,False,,,2.9,4.2,,3.4,F,0.0,False,0.91,1.05,Fail
6353,1412358,HK142_PH1007_L04,PH1007,-16,False,,,6.3,6.2,,6.3,C,2.0,True,2.44,2.33,Pass
6354,1402695,HK142_PH1007_L04,PH1007,-16,False,,,8.7,6.9,,8.0,B+,3.5,True,3.82,3.62,Pass
6355,1466652,HK142_PH1007_L04,PH1007,-16,False,,,5.8,5.5,,5.7,C,2.0,True,2.38,2.27,Pass
6356,1455302,HK142_PH1007_L04,PH1007,-16,False,,,5.6,7.6,,6.4,C+,2.5,True,2.47,2.41,Pass
6357,1426007,HK142_PH1007_L04,PH1007,-16,False,,,7.2,7.3,,7.2,B,3.0,True,3.18,3.26,Pass
6358,1417572,HK142_PH1007_L04,PH1007,-16,False,,,4.9,5.0,,4.9,D,1.0,True,2.0,2.11,Pass
6359,1492726,HK142_PH1007_L04,PH1007,-16,False,,,6.6,6.3,,6.5,C+,2.5,True,3.18,2.85,Pass
6360,1462666,HK142_PH1007_L04,PH1007,-16,False,,,6.8,7.1,,6.9,C+,2.5,True,3.26,3.47,Pass
6361,1405457,HK142_PH1007_L04,PH1007,-16,False,,,6.4,5.3,,6.0,C,2.0,True,2.62,2.56,Pass
6362,1440119,HK142_PH1007_L04,PH1007,-16,False,,,7.9,9.1,,8.4,B+,3.5,True,3.35,3.36,Pass
6363,1410365,HK142_PH1007_L04,PH1007,-16,False,,,7.9,8.6,,8.2,B+,3.5,True,3.65,3.65,Pass
6364,1479842,HK142_PH1007_L04,PH1007,-16,False,,,7.3,7.0,,7.2,B,3.0,True,3.12,3.09,Pass
6365,1453768,HK142_PH1007_L04,PH1007,-16,False,,,6.7,7.1,,6.9,C+,2.5,True,2.85,2.58,Pass
6366,1424320,HK142_PH1007_L04,PH1007,-16,False,,,5.9,6.5,,6.1,C,2.0,True,2.47,2.65,Pass
6367,1497481,HK142_PH1007_L04,PH1007,-16,False,,,6.3,6.3,,6.3,C,2.0,True,2.21,2.27,Pass
6368,1458829,HK142_PH1007_L04,PH1007,-16,False,,,6.7,6.3,,6.5,C+,2.5,True,2.47,2.39,Pass
6369,1484597,HK142_PH1007_L04,PH1007,-16,False,,,4.0,4.5,,4.2,D,1.0,True,1.29,1.36,Pass
6370,1459598,HK142_PH1007_L04,PH1007,-16,False,,,3.8,5.2,,4.4,D,1.0,True,1.71,1.67,Pass
6371,1474016,HK142_PH1007_L04,PH1007,-16,False,,,5.2,5.6,,5.4,D+,1.5,True,2.21,1.94,Pass
6372,1481529,HK142_PH1007_L04,PH1007,-16,False,,,4.2,7.0,,5.3,D+,1.5,True,2.62,2.65,Pass
6373,1430762,HK142_PH1007_L04,PH1007,-16,False,,,7.2,6.2,,6.8,C+,2.5,True,1.94,2.03,Pass
6374,1445180,HK142_PH1007_L04,PH1007,-16,False,,,10.0,8.5,,9.4,A,4.0,True,4.0,4.0,Pass
6375,1461744,HK142_PH1007_L04,PH1007,-16,False,,,5.1,4.9,,5.0,D+,1.5,True,2.09,2.15,Pass
6376,1447789,HK142_PH1007_L04,PH1007,-16,False,,,6.4,5.7,,6.1,C,2.0,True,2.41,2.33,Pass
6377,1490886,HK142_PH1007_L04,PH1007,-16,False,,,8.2,6.6,,7.6,B,3.0,True,3.4,3.42,Pass
6378,1495641,HK142_PH1007_L04,PH1007,-16,False,,,4.2,3.6,,4.0,D,1.0,True,1.35,1.35,Pass
6379,1421868,HK142_PH1007_L04,PH1007,-16,False,,,6.9,8.2,,7.4,B,3.0,True,3.41,3.21,Pass
6380,1474628,HK142_PH1007_L04,PH1007,-16,False,,,6.5,6.6,,6.5,C+,2.5,True,3.03,3.15,Pass
6381,1437051,HK142_PH1007_L04,PH1007,-16,False,,,6.7,6.7,,6.7,C+,2.5,True,2.41,2.58,Pass
6383,1411899,HK142_PH1007_L04,PH1007,-16,False,,,5.7,4.9,,5.4,D+,1.5,True,1.94,1.8,Pass
6384,1466193,HK142_PH1007_L04,PH1007,-16,False,,,8.2,6.6,,7.6,B,3.0,True,3.76,3.79,Pass
6385,1420487,HK142_PH1007_L04,PH1007,-16,False,,,5.8,4.9,,5.4,D+,1.5,True,2.21,2.15,Pass
6387,1426623,HK142_PH1007_L04,PH1007,-16,False,,,7.1,7.0,,7.1,B,3.0,True,2.56,2.58,Pass
6388,1400549,HK142_PH1007_L04,PH1007,-16,False,,,7.9,6.4,,7.3,B,3.0,True,3.0,2.94,Pass
6389,1466346,HK142_PH1007_L04,PH1007,-16,False,,,7.7,8.2,,7.9,B,3.0,True,3.41,3.52,Pass
6390,1473400,HK142_PH1007_L04,PH1007,-16,False,,,6.5,6.2,,6.4,C+,2.5,True,2.71,2.88,Pass
6391,1483985,HK142_PH1007_L04,PH1007,-16,False,,,1.6,3.0,,2.2,F,0.0,False,0.52,1.0,Fail
6392,1440425,HK142_PH1007_L04,PH1007,-16,False,,,6.5,7.0,,6.7,C+,2.5,True,2.47,2.58,Pass
6393,1409290,HK142_PH1007_L04,PH1007,-16,False,,,7.1,6.6,,6.9,C+,2.5,True,2.15,2.39,Pass
6394,1453003,HK142_PH1007_L04,PH1007,-16,False,,,7.5,6.6,,7.1,B,3.0,True,3.09,2.98,Pass
6395,1473553,HK142_PH1007_L04,PH1007,-16,False,,,8.4,8.0,,8.2,B+,3.5,True,3.32,3.44,Pass
6397,1421562,HK142_PH1007_L04,PH1007,-16,False,,,7.2,7.9,,7.5,B,3.0,True,3.35,3.3,Pass
6398,1499627,HK142_PH1007_L04,PH1007,-16,False,,,7.5,8.1,,7.7,B,3.0,True,3.88,3.83,Pass
6399,1437357,HK142_PH1007_L04,PH1007,-16,False,,,8.5,8.7,,8.6,A,4.0,True,3.95,3.97,Pass
6400,1443034,HK142_PH1007_L04,PH1007,-16,False,,,8.0,6.8,,7.5,B,3.0,True,2.59,2.58,Pass
6401,1417878,HK142_PH1007_L04,PH1007,-16,False,,,5.2,6.2,,5.6,C,2.0,True,1.82,1.82,Pass
6402,1440731,HK142_PH1007_L04,PH1007,-16,False,,,6.0,7.5,,6.6,C+,2.5,True,3.12,2.98,Pass
6403,1438279,HK142_PH1007_L04,PH1007,-16,False,,,6.8,5.3,,6.2,C,2.0,True,2.5,2.52,Pass
6404,1444105,HK142_PH1007_L04,PH1007,-16,False,,,6.8,6.3,,6.6,C+,2.5,True,2.79,2.7,Pass
6405,1453309,HK142_PH1007_L04,PH1007,-16,False,,,6.6,9.1,,7.6,B,3.0,True,3.29,3.23,Pass
6406,1479689,HK142_PH1007_L04,PH1007,-16,False,,,9.1,8.9,,9.0,A,4.0,True,3.41,3.67,Pass
6407,1473247,HK142_PH1007_L04,PH1007,-16,False,,,6.9,7.0,,6.9,C+,2.5,True,2.47,2.44,Pass
6408,1425854,HK142_PH1007_L04,PH1007,-16,False,,,6.0,7.7,,6.7,C+,2.5,True,2.91,2.86,Pass
6409,1406838,HK142_PH1007_L04,PH1007,-16,False,,,6.7,5.9,,6.4,C+,2.5,True,2.91,3.05,Pass
6410,1469720,HK142_PH1007_L04,PH1007,-16,False,,,7.6,8.1,,7.8,B,3.0,True,3.82,3.85,Pass
6411,1433983,HK142_PH1007_L04,PH1007,-16,False,,,6.5,5.7,,6.2,C,2.0,True,1.75,1.74,Pass
6412,1463278,HK142_PH1007_L04,PH1007,-16,False,,,5.1,5.0,,5.1,D+,1.5,True,1.71,1.74,Pass
6413,1422633,HK142_PH1007_L04,PH1007,-16,False,,,7.9,9.2,,8.4,B+,3.5,True,3.79,3.89,Pass
6414,1403770,HK142_PH1007_L04,PH1007,-16,False,,,5.9,7.7,,6.6,C+,2.5,True,2.88,3.12,Pass
6415,1493954,HK142_PH1007_L04,PH1007,-16,False,,,3.9,4.9,,4.3,D,1.0,True,1.5,1.42,Pass
6416,1418647,HK142_PH1007_L04,PH1007,-16,False,,,8.9,9.0,,8.9,A,4.0,True,3.88,3.91,Pass
6417,1476468,HK142_PH1007_L04,PH1007,-16,False,,,9.2,8.6,,9.0,A,4.0,True,4.0,4.0,Pass
6418,1432296,HK142_PH1007_L04,PH1007,-16,False,,,6.0,6.0,,6.0,C,2.0,True,2.41,2.47,Pass
6419,1471560,HK142_PH1007_L04,PH1007,-16,False,,,6.6,6.5,,6.6,C+,2.5,True,2.38,2.36,Pass
6420,1420793,HK142_PH1007_L04,PH1007,-16,False,,,6.8,8.4,,7.4,B,3.0,True,3.29,3.12,Pass
6421,1485978,HK142_PH1007_L04,PH1007,-16,False,,,5.9,7.0,,6.3,C,2.0,True,3.38,3.27,Pass
6422,1433371,HK142_PH1007_L04,PH1007,-16,False,,,3.8,6.0,,4.7,D,1.0,True,2.06,1.94,Pass
6423,1482910,HK142_PH1007_L04,PH1007,-16,False,,,6.5,5.1,,5.9,C,2.0,True,2.5,2.47,Pass
6424,1468492,HK142_PH1007_L04,PH1007,-16,False,,,4.2,4.9,,4.5,D,1.0,True,1.59,1.73,Pass
6425,1432143,HK142_PH1007_L04,PH1007,-16,False,,,6.4,7.8,,7.0,B,3.0,True,2.97,3.03,Pass
6426,1461285,HK142_PH1007_L04,PH1007,-16,False,,,7.4,5.3,,6.6,C+,2.5,True,2.03,1.98,Pass
6427,1402848,HK142_PH1007_L04,PH1007,-16,False,,,6.1,5.4,,5.8,C,2.0,True,2.35,2.18,Pass
6428,1431531,HK142_PH1007_L04,PH1007,-16,False,,,5.4,6.7,,5.9,C,2.0,True,1.82,1.92,Pass
6429,1447326,HK142_PH1007_L04,PH1007,-16,False,,,9.6,7.3,,8.7,A,4.0,True,3.56,3.35,Pass
6430,1423555,HK142_PH1007_L04,PH1007,-16,False,,,5.9,6.6,,6.2,C,2.0,True,2.35,2.32,Pass
6431,1449629,HK142_PH1007_L04,PH1007,-16,False,,,6.1,6.2,,6.1,C,2.0,True,2.41,2.44,Pass
6432,1432602,HK142_PH1007_L04,PH1007,-16,False,,,4.8,6.8,,5.6,C,2.0,True,1.5,1.62,Pass
6433,1480148,HK142_PH1007_L04,PH1007,-16,False,,,7.3,8.1,,7.6,B,3.0,True,3.24,3.06,Pass
6434,1465271,HK142_PH1007_L04,PH1007,-16,False,,,8.3,6.8,,7.7,B,3.0,True,3.41,3.36,Pass
6435,1412511,HK142_PH1007_L04,PH1007,-16,False,,,5.4,6.0,,5.6,C,2.0,True,2.35,2.3,Pass
6436,1453156,HK142_PH1007_L04,PH1007,-16,False,,,7.7,7.9,,7.8,B,3.0,True,3.09,3.15,Pass
6437,1474169,HK142_PH1007_L04,PH1007,-16,False,,,9.0,8.3,,8.7,A,4.0,True,3.35,3.15,Pass
6438,1477237,HK142_PH1007_L04,PH1007,-16,False,,,6.4,4.0,,5.4,D+,1.5,True,1.56,1.62,Pass
6439,1416654,HK142_PH1007_L05,PH1007,-16,False,,,9.6,8.4,,9.1,A,4.0,True,3.76,3.79,Pass
6440,1401467,HK142_PH1007_L05,PH1007,-16,False,,,8.2,9.2,,8.6,A,4.0,True,3.94,3.97,Pass
6441,1407144,HK142_PH1007_L05,PH1007,-16,False,,,5.5,5.8,,5.6,C,2.0,True,2.03,2.03,Pass
6442,1417419,HK142_PH1007_L05,PH1007,-16,False,,,4.1,4.1,,4.1,D,1.0,True,0.47,1.08,Pass
6443,1492420,HK142_PH1007_L05,PH1007,-16,False,,,6.6,6.6,,6.6,C+,2.5,True,2.44,2.48,Pass
6444,1491192,HK142_PH1007_L05,PH1007,-16,False,,,8.8,7.6,,8.3,B+,3.5,True,3.35,3.29,Pass
6445,1459751,HK142_PH1007_L05,PH1007,-16,False,,,6.1,6.4,,6.2,C,2.0,True,2.21,2.33,Pass
6446,1411283,HK142_PH1007_L05,PH1007,-16,False,,,8.9,8.6,,8.8,A,4.0,True,3.76,3.85,Pass
6447,1469261,HK142_PH1007_L05,PH1007,-16,False,,,4.0,5.0,,4.4,D,1.0,True,0.71,1.0,Pass
6448,1408525,HK142_PH1007_L05,PH1007,-16,False,,,3.3,2.7,,3.1,F,0.0,False,0.19,1.0,Fail
6449,1480611,HK142_PH1007_L05,PH1007,-16,False,,,7.2,6.7,,7.0,B,3.0,True,3.09,3.05,Pass
6450,1479995,HK142_PH1007_L05,PH1007,-16,False,,,5.7,7.0,,6.2,C,2.0,True,2.0,2.18,Pass
6451,1426470,HK142_PH1007_L05,PH1007,-16,False,,,7.1,8.0,,7.5,B,3.0,True,3.03,3.17,Pass
6452,1427541,HK142_PH1007_L05,PH1007,-16,False,,,8.0,8.4,,8.2,B+,3.5,True,3.24,3.09,Pass
6453,1414967,HK142_PH1007_L05,PH1007,-16,False,,,7.9,7.5,,7.7,B,3.0,True,3.32,3.23,Pass
6454,1430150,HK142_PH1007_L05,PH1007,-16,False,,,3.8,6.4,,4.8,D,1.0,True,2.03,2.14,Pass
6455,1466040,HK142_PH1007_L05,PH1007,-16,False,,,5.5,6.2,,5.8,C,2.0,True,2.47,2.52,Pass
6456,1497787,HK142_PH1007_L05,PH1007,-16,False,,,9.0,8.4,,8.8,A,4.0,True,3.88,3.93,Pass
6457,1430456,HK142_PH1007_L05,PH1007,-16,False,,,7.7,8.4,,8.0,B+,3.5,True,3.26,3.29,Pass
6458,1483832,HK142_PH1007_L05,PH1007,-16,False,,,5.5,6.1,,5.7,C,2.0,True,2.24,2.18,Pass
6459,1443646,HK142_PH1007_L05,PH1007,-16,False,,,6.2,5.6,,6.0,C,2.0,True,2.29,2.3,Pass
6460,1457605,HK142_PH1007_L05,PH1007,-16,False,,,6.0,6.4,,6.2,C,2.0,True,2.38,2.2,Pass
6461,1466958,HK142_PH1007_L05,PH1007,-16,False,,,7.0,6.3,,6.7,C+,2.5,True,2.53,2.47,Pass
6462,1415426,HK142_PH1007_L05,PH1007,-16,False,,,4.5,3.4,,4.1,D,1.0,True,1.26,1.47,Pass
6463,1449935,HK142_PH1007_L05,PH1007,-16,False,,,3.9,3.5,,3.7,F,0.0,False,0.76,1.1,Fail
6464,1407297,HK142_PH1007_L05,PH1007,-16,False,,,6.2,6.0,,6.1,C,2.0,True,2.21,2.38,Pass
6465,1404076,HK142_PH1007_L05,PH1007,-16,False,,,5.5,5.8,,5.6,C,2.0,True,2.32,2.15,Pass
6466,1496559,HK142_PH1007_L05,PH1007,-16,False,,,5.4,5.6,,5.5,C,2.0,True,2.41,2.32,Pass
6467,1489658,HK142_PH1007_L05,PH1007,-16,False,,,7.1,6.9,,7.0,B,3.0,True,3.68,3.59,Pass
6468,1429844,HK142_PH1007_L05,PH1007,-16,False,,,7.9,5.1,,6.8,C+,2.5,True,2.24,2.26,Pass
6469,1424167,HK142_PH1007_L05,PH1007,-16,False,,,5.5,5.0,,5.3,D+,1.5,True,1.27,1.38,Pass
6470,1439197,HK142_PH1007_L05,PH1007,-16,False,,,6.3,5.6,,6.0,C,2.0,True,2.76,2.74,Pass
6471,1493032,HK142_PH1007_L05,PH1007,-16,False,,,5.7,5.2,,5.5,C,2.0,True,2.35,2.44,Pass
6472,1457758,HK142_PH1007_L05,PH1007,-16,False,,,4.7,4.5,,4.6,D,1.0,True,0.82,1.12,Pass
6473,1424936,HK142_PH1007_L05,PH1007,-16,False,,,7.4,6.8,,7.2,B,3.0,True,3.38,3.17,Pass
6474,1426776,HK142_PH1007_L05,PH1007,-16,False,,,5.7,7.0,,6.2,C,2.0,True,2.85,2.89,Pass
6475,1481682,HK142_PH1007_L05,PH1007,-16,False,,,5.5,6.6,,5.9,C,2.0,True,2.68,2.64,Pass
6476,1478924,HK142_PH1007_L05,PH1007,-16,False,,,5.2,5.3,,5.2,D+,1.5,True,2.38,2.2,Pass
6477,1425395,HK142_PH1007_L05,PH1007,-16,False,,,10.0,9.5,,9.8,A+,4.0,True,4.0,4.0,Pass
6478,1487359,HK142_PH1007_L05,PH1007,-16,False,,,7.4,7.7,,7.5,B,3.0,True,3.26,3.2,Pass
6479,1451163,HK142_PH1007_L05,PH1007,-16,False,,,8.5,6.4,,7.7,B,3.0,True,2.32,2.42,Pass
6480,1495794,HK142_PH1007_L05,PH1007,-16,False,,,6.6,8.0,,7.2,B,3.0,True,3.38,3.26,Pass
6481,1492114,HK142_PH1007_L05,PH1007,-16,False,,,7.9,7.7,,7.8,B,3.0,True,3.32,3.41,Pass
6482,1459904,HK142_PH1007_L05,PH1007,-16,False,,,7.7,7.1,,7.5,B,3.0,True,2.68,2.7,Pass
6483,1460210,HK142_PH1007_L05,PH1007,-16,False,,,2.4,3.0,,2.6,F,0.0,False,0.67,1.0,Fail
6484,1471254,HK142_PH1007_L05,PH1007,-16,False,,,4.6,4.7,,4.6,D,1.0,True,1.41,1.55,Pass
6485,1438432,HK142_PH1007_L05,PH1007,-16,False,,,7.5,7.5,,7.5,B,3.0,True,3.5,3.52,Pass
6486,1419875,HK142_PH1007_L05,PH1007,-16,False,,,6.6,6.3,,6.5,C+,2.5,True,2.59,2.58,Pass
6487,1480917,HK142_PH1007_L05,PH1007,-16,False,,,6.0,8.1,,6.8,C+,2.5,True,2.71,2.68,Pass
6488,1456530,HK142_PH1007_L05,PH1007,-16,False,,,8.0,5.8,,7.1,B,3.0,True,3.24,3.18,Pass
6489,1420640,HK142_PH1007_L05,PH1007,-16,False,,,7.4,7.6,,7.5,B,3.0,True,3.53,3.64,Pass
6490,1462972,HK142_PH1007_L05,PH1007,-16,False,,,7.3,7.5,,7.4,B,3.0,True,3.18,3.2,Pass
6491,1428922,HK142_PH1007_L05,PH1007,-16,False,,,6.5,5.6,,6.1,C,2.0,True,2.15,2.32,Pass
6492,1439966,HK142_PH1007_L05,PH1007,-16,False,,,7.4,6.7,,7.1,B,3.0,True,2.74,2.5,Pass
6493,1415273,HK142_PH1007_L05,PH1007,-16,False,,,2.9,6.3,,4.3,D,1.0,True,2.29,2.42,Pass
6494,1449476,HK142_PH1007_L05,PH1007,-16,False,,,7.3,7.7,,7.5,B,3.0,True,3.0,2.95,Pass
6495,1460826,HK142_PH1007_L05,PH1007,-16,False,,,6.6,6.3,,6.5,C+,2.5,True,2.68,2.71,Pass
6496,1415579,HK142_PH1007_L05,PH1007,-16,False,,,6.8,6.1,,6.5,C+,2.5,True,2.59,2.38,Pass
6497,1405151,HK142_PH1007_L05,PH1007,-16,False,,,8.1,6.8,,7.6,B,3.0,True,3.12,3.06,Pass
6498,1442418,HK142_PH1007_L05,PH1007,-16,False,,,6.8,8.0,,7.3,B,3.0,True,3.18,3.29,Pass
6499,1490733,HK142_PH1007_L05,PH1007,-16,False,,,6.3,6.5,,6.4,C+,2.5,True,2.24,2.06,Pass
6500,1438891,HK142_PH1007_L05,PH1007,-16,False,,,5.2,6.3,,5.6,C,2.0,True,2.44,2.41,Pass
6501,1447942,HK142_PH1007_L05,PH1007,-16,False,,,6.8,7.4,,7.0,B,3.0,True,3.18,3.17,Pass
6502,1424783,HK142_PH1007_L05,PH1007,-16,False,,,6.1,7.0,,6.5,C+,2.5,True,2.97,3.03,Pass
6503,1496100,HK142_PH1007_L05,PH1007,-16,False,,,5.3,5.1,,5.2,D+,1.5,True,2.15,2.08,Pass
6504,1420946,HK142_PH1007_L05,PH1007,-16,False,,,6.6,8.7,,7.4,B,3.0,True,2.29,2.32,Pass
6505,1494719,HK142_PH1007_L05,PH1007,-16,False,,,4.2,2.5,,3.5,F,0.0,False,1.38,1.52,Fail
6506,1471101,HK142_PH1007_L05,PH1007,-16,False,,,8.4,9.1,,8.7,A,4.0,True,3.73,3.79,Pass
6507,1481223,HK142_PH1007_L05,PH1007,-16,False,,,5.5,5.4,,5.5,C,2.0,True,2.09,2.11,Pass
6509,1486590,HK142_PH1007_L05,PH1007,-16,False,,,6.9,7.1,,7.0,B,3.0,True,3.24,3.21,Pass
6510,1488893,HK142_PH1007_L05,PH1007,-16,False,,,7.8,8.7,,8.2,B+,3.5,True,3.65,3.47,Pass
6511,1449782,HK142_PH1007_L05,PH1007,-16,False,,,5.0,5.7,,5.3,D+,1.5,True,2.29,2.29,Pass
6512,1451775,HK142_PH1007_L05,PH1007,-16,False,,,8.0,9.7,,8.7,A,4.0,True,3.06,3.11,Pass
6513,1455455,HK142_PH1007_L05,PH1007,-16,False,,,5.7,4.8,,5.3,D+,1.5,True,1.85,1.97,Pass
6514,1494413,HK142_PH1007_L05,PH1007,-16,False,,,8.1,7.5,,7.9,B,3.0,True,3.21,3.21,Pass
6515,1494872,HK142_PH1007_L05,PH1007,-16,False,,,7.4,7.5,,7.4,B,3.0,True,3.21,3.23,Pass
6516,1479536,HK142_PH1007_L05,PH1007,-16,False,,,5.5,5.6,,5.5,C,2.0,True,2.21,2.2,Pass
6517,1438126,HK142_PH1007_L05,PH1007,-16,False,,,6.2,4.9,,5.7,C,2.0,True,2.0,2.2,Pass
6518,1482298,HK142_PH1007_L05,PH1007,-16,False,,,9.0,7.5,,8.4,B+,3.5,True,3.97,3.94,Pass
6519,1475856,HK142_PH1007_L05,PH1007,-16,False,,,5.4,6.0,,5.6,C,2.0,True,1.85,2.02,Pass
6520,1451316,HK142_PH1007_L05,PH1007,-16,False,,,7.5,5.9,,6.9,C+,2.5,True,2.53,2.62,Pass
6521,1446867,HK142_PH1007_L05,PH1007,-16,False,,,7.9,6.0,,7.1,B,3.0,True,2.97,2.98,Pass
6522,1470332,HK142_PH1007_L05,PH1007,-16,False,,,8.1,8.4,,8.2,B+,3.5,True,2.35,2.5,Pass
6523,1440272,HK142_PH1007_L05,PH1007,-16,False,,,9.0,9.0,,9.0,A,4.0,True,4.0,3.95,Pass
6524,1474934,HK142_PH1007_L05,PH1007,-16,False,,,3.2,3.4,,3.3,F,0.0,False,0.55,1.0,Fail
6525,1485672,HK142_PH1007_L05,PH1007,-16,False,,,5.7,5.7,,5.7,C,2.0,True,2.26,2.29,Pass
6526,1471407,HK142_PH1007_L05,PH1007,-16,False,,,5.5,6.6,,5.9,C,2.0,True,2.21,2.18,Pass
6527,1413739,HK142_PH1007_L05,PH1007,-16,False,,,9.4,8.8,,9.2,A,4.0,True,4.0,3.88,Pass
6528,1493801,HK142_PH1007_L05,PH1007,-16,False,,,7.8,8.0,,7.9,B,3.0,True,3.24,3.24,Pass
6529,1436745,HK142_PH1007_L05,PH1007,-16,False,,,8.4,6.8,,7.8,B,3.0,True,2.59,2.52,Pass
6530,1433677,HK142_PH1007_L05,PH1007,-16,False,,,9.9,8.8,,9.5,A+,4.0,True,4.0,4.0,Pass
6531,1486437,HK142_PH1007_L05,PH1007,-16,False,,,4.6,6.4,,5.3,D+,1.5,True,2.09,2.23,Pass
6532,1492573,HK142_PH1007_L05,PH1007,-16,False,,,6.3,6.0,,6.2,C,2.0,True,2.85,2.8,Pass
6533,1495947,HK142_PH1007_L05,PH1007,-16,False,,,6.2,5.2,,5.8,C,2.0,True,2.26,2.41,Pass
6534,1418341,HK142_PH1007_L05,PH1007,-16,False,,,10.0,7.3,,8.9,A,4.0,True,3.79,3.74,Pass
6535,1406069,HK142_PH1007_L05,PH1007,-16,False,,,6.7,7.1,,6.9,C+,2.5,True,2.53,2.44,Pass
6536,1487053,HK142_PH1007_L05,PH1007,-16,False,,,6.7,7.7,,7.1,B,3.0,True,3.03,3.02,Pass
6537,1429691,HK142_PH1007_L05,PH1007,-16,False,,,5.6,4.9,,5.3,D+,1.5,True,2.53,2.32,Pass
6538,1469108,HK142_PH1007_L05,PH1007,-16,False,,,4.5,4.8,,4.6,D,1.0,True,2.32,2.29,Pass
6539,1405916,HK142_PH1007_L05,PH1007,-16,False,,,6.9,7.4,,7.1,B,3.0,True,2.85,2.89,Pass
6540,1436439,HK142_PH1007_L05,PH1007,-16,False,,,5.8,6.2,,6.0,C,2.0,True,2.91,2.76,Pass
6541,1436592,HK142_PH1007_L05,PH1007,-16,False,,,6.5,5.0,,5.9,C,2.0,True,2.62,2.7,Pass
6542,1472941,HK142_PH1007_L05,PH1007,-16,False,,,6.3,5.8,,6.1,C,2.0,True,2.21,2.17,Pass
6543,1420181,HK142_PH1007_L05,PH1007,-16,False,,,7.7,6.3,,7.1,B,3.0,True,2.65,2.56,Pass
6544,1495947,HK142_MI1003_L01,MI1003,-16,False,7.3,6.4,7.8,,,7.4,B,3.0,True,2.26,2.41,Pass
6545,1489964,HK142_MI1003_L01,MI1003,-16,False,5.3,5.7,5.6,,,5.6,C,2.0,True,1.62,1.68,Pass
6546,1455149,HK142_MI1003_L01,MI1003,-16,False,10.0,9.8,8.6,,,9.1,A,4.0,True,4.0,4.0,Pass
6547,1454537,HK142_MI1003_L01,MI1003,-16,False,4.2,3.2,3.0,,,3.3,F,0.0,False,0.71,1.0,Fail
6548,1461897,HK142_MI1003_L01,MI1003,-16,False,7.4,6.0,6.1,,,6.3,C,2.0,True,1.79,1.82,Pass
6549,1445486,HK142_MI1003_L01,MI1003,-16,False,7.3,7.1,6.7,,,6.9,C+,2.5,True,3.06,3.03,Pass
6550,1420640,HK142_MI1003_L01,MI1003,-16,False,8.5,7.8,8.1,,,8.1,B+,3.5,True,3.53,3.64,Pass
6551,1492879,HK142_MI1003_L01,MI1003,-16,False,7.6,9.0,8.3,,,8.3,B+,3.5,True,3.12,3.15,Pass
6552,1459598,HK142_MI1003_L01,MI1003,-16,False,7.3,6.4,7.4,,,7.2,B,3.0,True,1.71,1.67,Pass
6553,1407297,HK142_MI1003_L01,MI1003,-16,False,6.5,6.6,6.2,,,6.3,C,2.0,True,2.21,2.38,Pass
6554,1493954,HK142_MI1003_L01,MI1003,-16,False,5.9,5.1,5.3,,,5.4,D+,1.5,True,1.5,1.42,Pass
6555,1425548,HK142_MI1003_L01,MI1003,-16,False,8.5,8.1,7.9,,,8.1,B+,3.5,True,3.15,3.17,Pass
6556,1499780,HK142_MI1003_L01,MI1003,-16,False,4.7,7.6,7.4,,,6.9,C+,2.5,True,2.53,2.55,Pass
6557,1479230,HK142_MI1003_L01,MI1003,-16,False,7.0,7.3,6.4,,,6.7,C+,2.5,True,2.53,2.48,Pass
6558,1473400,HK142_MI1003_L01,MI1003,-16,False,8.5,6.3,7.1,,,7.2,B,3.0,True,2.71,2.88,Pass
6559,1488277,HK142_MI1003_L01,MI1003,-16,False,8.5,7.0,8.6,,,8.3,B+,3.5,True,3.47,3.3,Pass
6560,1449629,HK142_MI1003_L01,MI1003,-16,False,7.0,5.5,5.2,,,5.6,C,2.0,True,2.41,2.44,Pass
6561,1464965,HK142_MI1003_L01,MI1003,-16,False,6.1,6.5,7.2,,,6.8,C+,2.5,True,2.47,2.62,Pass
6562,1462050,HK142_MI1003_L01,MI1003,-16,False,4.7,5.1,3.6,,,4.1,D,1.0,True,0.73,1.09,Pass
6563,1413433,HK142_MI1003_L01,MI1003,-16,False,7.1,6.4,5.6,,,6.1,C,2.0,True,2.68,2.5,Pass
6564,1409443,HK142_MI1003_L01,MI1003,-16,False,10.0,8.7,8.5,,,8.8,A,4.0,True,3.98,3.99,Pass
6565,1471407,HK142_MI1003_L01,MI1003,-16,False,6.5,6.8,5.8,,,6.1,C,2.0,True,2.21,2.18,Pass
6566,1466805,HK142_MI1003_L01,MI1003,-16,False,6.8,6.6,6.9,,,6.8,C+,2.5,True,2.56,2.44,Pass
6567,1496100,HK142_MI1003_L01,MI1003,-16,False,6.1,8.3,6.6,,,6.8,C+,2.5,True,2.15,2.08,Pass
6568,1460057,HK142_MI1003_L01,MI1003,-16,False,7.9,8.3,8.0,,,8.0,B+,3.5,True,3.5,3.47,Pass
6569,1490886,HK142_MI1003_L01,MI1003,-16,False,8.3,10.0,7.7,,,8.3,B+,3.5,True,3.4,3.42,Pass
6570,1424167,HK142_MI1003_L01,MI1003,-16,False,5.0,5.5,5.2,,,5.2,D+,1.5,True,1.27,1.38,Pass
6571,1481529,HK142_MI1003_L01,MI1003,-16,False,7.3,7.4,8.0,,,7.7,B,3.0,True,2.62,2.65,Pass
6572,1431990,HK142_MI1003_L01,MI1003,-16,False,8.6,8.3,8.5,,,8.5,A,4.0,True,2.82,2.82,Pass
6573,1491345,HK142_MI1003_L01,MI1003,-16,False,7.2,7.4,7.8,,,7.6,B,3.0,True,3.06,3.11,Pass
6574,1442265,HK142_MI1003_L01,MI1003,-16,False,6.7,5.2,6.2,,,6.1,C,2.0,True,2.29,2.3,Pass
6575,1462819,HK142_MI1003_L01,MI1003,-16,False,8.1,7.4,8.2,,,8.0,B+,3.5,True,3.03,3.12,Pass
6576,1497175,HK142_MI1003_L01,MI1003,-16,False,5.1,6.4,7.3,,,6.7,C+,2.5,True,2.21,2.33,Pass
6577,1430150,HK142_MI1003_L01,MI1003,-16,False,6.9,7.5,5.7,,,6.3,C,2.0,True,2.03,2.14,Pass
6578,1434905,HK142_MI1003_L01,MI1003,-16,False,8.1,6.5,8.5,,,8.0,B+,3.5,True,2.71,2.59,Pass
6579,1458829,HK142_MI1003_L01,MI1003,-16,False,6.2,6.2,7.2,,,6.8,C+,2.5,True,2.47,2.39,Pass
6580,1426929,HK142_MI1003_L01,MI1003,-16,False,5.5,4.7,7.8,,,6.7,C+,2.5,True,2.21,2.32,Pass
6581,1411283,HK142_MI1003_L01,MI1003,-16,False,10.0,9.2,7.7,,,8.5,A,4.0,True,3.76,3.85,Pass
6582,1429228,HK142_MI1003_L01,MI1003,-16,False,9.2,9.9,8.4,,,8.9,A,4.0,True,4.0,3.89,Pass
6583,1416960,HK142_MI1003_L01,MI1003,-16,False,8.7,7.9,9.1,,,8.8,A,4.0,True,3.94,3.97,Pass
6584,1469873,HK142_MI1003_L01,MI1003,-16,False,5.4,6.3,6.7,,,6.4,C+,2.5,True,2.26,2.24,Pass
6585,1425395,HK142_MI1003_L01,MI1003,-16,False,9.3,8.9,9.5,,,9.3,A,4.0,True,4.0,4.0,Pass
6586,1450241,HK142_MI1003_L01,MI1003,-16,False,5.4,4.6,6.0,,,5.6,C,2.0,True,1.41,1.48,Pass
6587,1406991,HK142_MI1003_L01,MI1003,-16,False,7.3,5.9,5.2,,,5.8,C,2.0,True,2.56,2.3,Pass
6588,1463737,HK142_MI1003_L01,MI1003,-16,False,7.9,9.2,6.9,,,7.6,B,3.0,True,3.65,3.44,Pass
6589,1445180,HK142_MI1003_L01,MI1003,-16,False,9.9,9.0,9.6,,,9.5,A+,4.0,True,4.0,4.0,Pass
6590,1411899,HK142_MI1003_L01,MI1003,-16,False,6.5,7.0,6.4,,,6.5,C+,2.5,True,1.94,1.8,Pass
6591,1416191,HK142_MI1003_L01,MI1003,-16,False,8.9,8.9,8.3,,,8.5,A,4.0,True,3.92,3.93,Pass
6592,1461285,HK142_MI1003_L01,MI1003,-16,False,5.1,6.4,5.0,,,5.3,D+,1.5,True,2.03,1.98,Pass
6593,1475087,HK142_MI1003_L01,MI1003,-16,False,8.7,7.9,9.0,,,8.7,A,4.0,True,3.94,3.97,Pass
6594,1444568,HK142_MI1003_L01,MI1003,-16,False,9.3,7.2,7.8,,,8.0,B+,3.5,True,2.91,3.12,Pass
6595,1487971,HK142_MI1003_L01,MI1003,-16,False,8.9,8.5,8.1,,,8.3,B+,3.5,True,3.18,3.23,Pass
6596,1410824,HK142_MI1003_L01,MI1003,-16,False,10.0,10.0,10.0,,,10.0,A+,4.0,True,3.88,3.94,Pass
6597,1456836,HK142_MI1003_L01,MI1003,-16,False,8.4,9.4,8.3,,,8.5,A,4.0,True,4.0,4.0,Pass
6598,1427235,HK142_MI1003_L01,MI1003,-16,False,7.6,7.8,6.7,,,7.1,B,3.0,True,2.97,2.94,Pass
6599,1495641,HK142_MI1003_L01,MI1003,-16,False,6.6,6.3,6.3,,,6.4,C+,2.5,True,1.35,1.35,Pass
6600,1402848,HK142_MI1003_L01,MI1003,-16,False,5.2,6.3,7.0,,,6.5,C+,2.5,True,2.35,2.18,Pass
6601,1412358,HK142_MI1003_L01,MI1003,-16,False,6.4,5.5,7.4,,,6.8,C+,2.5,True,2.44,2.33,Pass
6602,1406069,HK142_MI1003_L01,MI1003,-16,False,6.0,6.5,7.0,,,6.7,C+,2.5,True,2.53,2.44,Pass
6603,1455918,HK142_MI1003_L01,MI1003,-16,False,8.8,10.0,9.8,,,9.6,A+,4.0,True,3.74,3.82,Pass
6604,1445333,HK142_MI1003_L01,MI1003,-16,False,8.4,6.6,6.1,,,6.7,C+,2.5,True,2.15,2.41,Pass
6605,1474016,HK142_MI1003_L01,MI1003,-16,False,5.7,6.6,5.8,,,5.9,C,2.0,True,2.21,1.94,Pass
6606,1402695,HK142_MI1003_L01,MI1003,-16,False,9.2,9.1,8.1,,,8.5,A,4.0,True,3.82,3.62,Pass
6607,1460826,HK142_MI1003_L01,MI1003,-16,False,6.5,7.0,8.0,,,7.5,B,3.0,True,2.68,2.71,Pass
6608,1451469,HK142_MI1003_L01,MI1003,-16,False,9.2,9.8,9.4,,,9.4,A,4.0,True,4.0,3.97,Pass
6609,1489199,HK142_MI1003_L01,MI1003,-16,False,5.3,6.7,5.2,,,5.5,C,2.0,True,1.71,1.61,Pass
6610,1421715,HK142_MI1003_L01,MI1003,-16,False,6.9,7.7,7.2,,,7.2,B,3.0,True,2.91,2.97,Pass
6611,1486590,HK142_MI1003_L01,MI1003,-16,False,8.8,8.2,8.0,,,8.2,B+,3.5,True,3.24,3.21,Pass
6612,1420487,HK142_MI1003_L01,MI1003,-16,False,6.7,5.8,6.7,,,6.5,C+,2.5,True,2.21,2.15,Pass
6613,1465118,HK142_MI1003_L01,MI1003,-16,False,9.6,8.4,9.9,,,9.5,A+,4.0,True,4.0,4.0,Pass
6614,1430609,HK142_MI1003_L01,MI1003,-16,False,7.4,7.1,6.6,,,6.9,C+,2.5,True,2.06,2.14,Pass
6615,1476774,HK142_MI1003_L01,MI1003,-16,False,6.3,5.7,4.2,,,4.9,D,1.0,True,2.06,2.18,Pass
6616,1463584,HK142_MI1003_L01,MI1003,-16,False,3.9,5.9,5.9,,,5.5,C,2.0,True,1.41,1.53,Pass
6617,1428157,HK142_MI1003_L01,MI1003,-16,False,6.3,5.7,5.6,,,5.8,C,2.0,True,1.62,1.77,Pass
6618,1443799,HK142_MI1003_L01,MI1003,-16,False,7.8,7.6,7.1,,,7.3,B,3.0,True,3.03,3.26,Pass
6619,1436592,HK142_MI1003_L01,MI1003,-16,False,6.1,6.8,7.2,,,6.9,C+,2.5,True,2.62,2.7,Pass
6620,1467880,HK142_MI1003_L01,MI1003,-16,False,6.7,6.4,6.2,,,6.3,C,2.0,True,2.35,2.48,Pass
6621,1405457,HK142_MI1003_L01,MI1003,-16,False,7.5,6.9,6.4,,,6.7,C+,2.5,True,2.62,2.56,Pass
6622,1460363,HK142_MI1003_L01,MI1003,-16,False,6.1,7.8,7.6,,,7.3,B,3.0,True,2.62,2.56,Pass
6623,1496253,HK142_MI1003_L01,MI1003,-16,False,10.0,10.0,8.3,,,9.0,A,4.0,True,3.74,3.83,Pass
6624,1433830,HK142_MI1003_L01,MI1003,-16,False,4.3,5.6,5.5,,,5.3,D+,1.5,True,2.21,1.94,Pass
6625,1413280,HK142_MI1003_L01,MI1003,-16,False,7.1,6.8,6.1,,,6.4,C+,2.5,True,2.38,2.3,Pass
6626,1407756,HK142_MI1003_L01,MI1003,-16,False,8.6,7.6,8.1,,,8.1,B+,3.5,True,3.09,3.0,Pass
6627,1447173,HK142_MI1003_L01,MI1003,-16,False,6.5,4.3,5.1,,,5.2,D+,1.5,True,1.97,1.82,Pass
6628,1401314,HK142_MI1003_L01,MI1003,-16,False,8.2,9.8,9.5,,,9.3,A,4.0,True,3.91,3.95,Pass
6629,1492114,HK142_MI1003_L01,MI1003,-16,False,8.2,8.1,8.3,,,8.2,B+,3.5,True,3.32,3.41,Pass
6630,1410977,HK142_MI1003_L01,MI1003,-16,False,6.7,7.7,5.3,,,6.1,C,2.0,True,2.5,2.5,Pass
6631,1497940,HK142_MI1003_L01,MI1003,-16,False,6.6,8.1,8.6,,,8.1,B+,3.5,True,3.21,3.06,Pass
6632,1495335,HK142_MI1003_L01,MI1003,-16,False,7.0,7.7,5.1,,,6.0,C,2.0,True,2.0,2.17,Pass
6633,1462666,HK142_MI1003_L01,MI1003,-16,False,7.7,7.0,7.6,,,7.5,B,3.0,True,3.26,3.47,Pass
6634,1433677,HK142_MI1003_L01,MI1003,-16,False,8.2,8.4,9.6,,,9.1,A,4.0,True,4.0,4.0,Pass
6635,1466346,HK142_MI1003_L01,MI1003,-16,False,7.5,6.7,7.7,,,7.5,B,3.0,True,3.41,3.52,Pass
6636,1496559,HK142_MI1003_L01,MI1003,-16,False,7.2,7.3,7.4,,,7.3,B,3.0,True,2.41,2.32,Pass
6637,1423708,HK142_MI1003_L01,MI1003,-16,False,6.6,7.3,5.2,,,5.9,C,2.0,True,1.59,1.61,Pass
6638,1468645,HK142_MI1003_L01,MI1003,-16,False,7.4,5.9,6.3,,,6.4,C+,2.5,True,2.41,2.44,Pass
6639,1430915,HK142_MI1003_L01,MI1003,-16,False,6.6,6.9,7.0,,,6.9,C+,2.5,True,2.5,2.41,Pass
6640,1441806,HK142_MI1003_L01,MI1003,-16,False,8.6,7.8,7.7,,,7.9,B,3.0,True,3.09,3.12,Pass
6641,1446561,HK142_MI1003_L01,MI1003,-16,False,8.2,7.9,8.8,,,8.5,A,4.0,True,3.21,3.36,Pass
6642,1420793,HK142_MI1003_L01,MI1003,-16,False,8.3,8.1,8.0,,,8.1,B+,3.5,True,3.29,3.12,Pass
6643,1497634,HK142_MI1003_L01,MI1003,-16,False,8.0,7.3,8.0,,,7.9,B,3.0,True,3.68,3.71,Pass
6644,1458217,HK142_MI1003_L01,MI1003,-16,False,7.0,7.0,6.3,,,6.6,C+,2.5,True,2.32,2.33,Pass
6645,1441500,HK142_MI1003_L01,MI1003,-16,False,5.4,5.0,5.4,,,5.3,D+,1.5,True,1.32,1.53,Pass
6646,1497022,HK142_MI1003_L01,MI1003,-16,False,5.9,7.0,6.4,,,6.4,C+,2.5,True,2.47,2.61,Pass
6647,1449935,HK142_MI1003_L01,MI1003,-16,False,3.9,3.3,3.8,,,3.7,F,0.0,False,0.76,1.1,Fail
6648,1459445,HK142_MI1003_L01,MI1003,-16,False,6.1,4.2,5.1,,,5.1,D+,1.5,True,2.18,2.17,Pass
6649,1441959,HK142_MI1003_L01,MI1003,-16,False,3.5,3.7,5.0,,,4.4,D,1.0,True,0.32,1.0,Pass
6650,1440272,HK142_MI1003_L02,MI1003,-16,False,8.7,8.6,10.0,,,9.5,A+,4.0,True,4.0,3.95,Pass
6651,1478924,HK142_MI1003_L02,MI1003,-16,False,6.5,5.7,5.6,,,5.8,C,2.0,True,2.38,2.2,Pass
6652,1489046,HK142_MI1003_L02,MI1003,-16,False,7.0,7.1,7.7,,,7.4,B,3.0,True,2.09,2.21,Pass
6653,1447942,HK142_MI1003_L02,MI1003,-16,False,7.7,7.4,6.9,,,7.2,B,3.0,True,3.18,3.17,Pass
6654,1438891,HK142_MI1003_L02,MI1003,-16,False,7.5,7.6,5.4,,,6.3,C,2.0,True,2.44,2.41,Pass
6655,1494719,HK142_MI1003_L02,MI1003,-16,False,5.6,5.0,4.7,,,4.9,D,1.0,True,1.38,1.52,Pass
6656,1472635,HK142_MI1003_L02,MI1003,-16,False,8.2,8.3,6.5,,,7.2,B,3.0,True,3.21,3.11,Pass
6657,1441194,HK142_MI1003_L02,MI1003,-16,False,8.4,8.9,8.2,,,8.4,B+,3.5,True,3.09,3.2,Pass
6658,1460979,HK142_MI1003_L02,MI1003,-16,False,6.0,7.2,7.3,,,7.0,B,3.0,True,2.09,2.02,Pass
6659,1476009,HK142_MI1003_L02,MI1003,-16,False,9.7,9.2,7.6,,,8.3,B+,3.5,True,3.15,3.23,Pass
6660,1450394,HK142_MI1003_L02,MI1003,-16,False,5.7,6.2,6.4,,,6.2,C,2.0,True,2.06,2.02,Pass
6661,1476621,HK142_MI1003_L02,MI1003,-16,False,7.4,5.6,7.2,,,6.9,C+,2.5,True,1.91,1.91,Pass
6662,1403464,HK142_MI1003_L02,MI1003,-16,False,6.7,6.3,6.0,,,6.2,C,2.0,True,2.26,2.41,Pass
6663,1423402,HK142_MI1003_L02,MI1003,-16,False,4.9,5.3,4.3,,,4.6,D,1.0,True,1.44,1.41,Pass
6664,1453615,HK142_MI1003_L02,MI1003,-16,False,4.3,4.8,5.4,,,5.1,D+,1.5,True,0.73,1.17,Pass
6665,1412664,HK142_MI1003_L02,MI1003,-16,False,7.3,6.3,6.0,,,6.3,C,2.0,True,2.06,2.03,Pass
6666,1488124,HK142_MI1003_L02,MI1003,-16,False,7.5,9.6,7.6,,,8.0,B+,3.5,True,3.53,3.42,Pass
6667,1442881,HK142_MI1003_L02,MI1003,-16,False,5.4,6.8,7.1,,,6.7,C+,2.5,True,2.32,2.29,Pass
6668,1476315,HK142_MI1003_L02,MI1003,-16,False,8.1,9.8,7.7,,,8.2,B+,3.5,True,4.0,3.96,Pass
6669,1494872,HK142_MI1003_L02,MI1003,-16,False,8.1,8.1,7.6,,,7.8,B,3.0,True,3.21,3.23,Pass
6670,1447020,HK142_MI1003_L02,MI1003,-16,False,8.0,8.6,8.3,,,8.3,B+,3.5,True,3.06,3.12,Pass
6671,1479995,HK142_MI1003_L02,MI1003,-16,False,6.0,6.8,6.5,,,6.5,C+,2.5,True,2.0,2.18,Pass
6672,1481682,HK142_MI1003_L02,MI1003,-16,False,5.7,7.0,6.4,,,6.4,C+,2.5,True,2.68,2.64,Pass
6673,1412511,HK142_MI1003_L02,MI1003,-16,False,6.5,6.1,5.5,,,5.8,C,2.0,True,2.35,2.3,Pass
6674,1490427,HK142_MI1003_L02,MI1003,-16,False,6.9,6.0,6.1,,,6.2,C,2.0,True,2.29,2.38,Pass
6675,1453921,HK142_MI1003_L02,MI1003,-16,False,7.0,9.1,8.9,,,8.6,A,4.0,True,3.24,3.32,Pass
6676,1468492,HK142_MI1003_L02,MI1003,-16,False,4.8,5.4,4.8,,,4.9,D,1.0,True,1.59,1.73,Pass
6677,1484903,HK142_MI1003_L02,MI1003,-16,False,5.4,4.8,4.9,,,5.0,D+,1.5,True,1.44,1.55,Pass
6678,1437973,HK142_MI1003_L02,MI1003,-16,False,9.1,9.9,9.0,,,9.2,A,4.0,True,3.94,3.97,Pass
6679,1435058,HK142_MI1003_L02,MI1003,-16,False,9.1,7.4,9.3,,,8.9,A,4.0,True,3.06,3.21,Pass
6680,1426007,HK142_MI1003_L02,MI1003,-16,False,6.9,8.6,7.9,,,7.8,B,3.0,True,3.18,3.26,Pass
6681,1423555,HK142_MI1003_L02,MI1003,-16,False,6.8,6.8,7.3,,,7.1,B,3.0,True,2.35,2.32,Pass
6682,1453156,HK142_MI1003_L02,MI1003,-16,False,8.6,7.5,8.1,,,8.1,B+,3.5,True,3.09,3.15,Pass
6683,1463431,HK142_MI1003_L02,MI1003,-16,False,6.7,6.8,7.1,,,7.0,B,3.0,True,2.29,2.42,Pass
6684,1422786,HK142_MI1003_L02,MI1003,-16,False,7.9,8.2,8.5,,,8.3,B+,3.5,True,3.09,3.23,Pass
6685,1403001,HK142_MI1003_L02,MI1003,-16,False,7.6,6.4,7.4,,,7.2,B,3.0,True,2.41,2.21,Pass
6686,1478308,HK142_MI1003_L02,MI1003,-16,False,7.8,6.5,5.9,,,6.4,C+,2.5,True,2.56,2.62,Pass
6687,1446408,HK142_MI1003_L02,MI1003,-16,False,8.9,9.8,9.0,,,9.1,A,4.0,True,3.73,3.78,Pass
6688,1466958,HK142_MI1003_L02,MI1003,-16,False,6.7,6.7,7.7,,,7.3,B,3.0,True,2.53,2.47,Pass
6689,1493185,HK142_MI1003_L02,MI1003,-16,False,5.7,4.8,4.6,,,4.9,D,1.0,True,1.09,1.07,Pass
6690,1446102,HK142_MI1003_L02,MI1003,-16,False,7.2,7.4,7.9,,,7.7,B,3.0,True,3.68,3.62,Pass
6691,1456377,HK142_MI1003_L02,MI1003,-16,False,7.4,7.9,7.0,,,7.3,B,3.0,True,3.15,3.27,Pass
6692,1438126,HK142_MI1003_L02,MI1003,-16,False,5.8,6.3,5.0,,,5.4,D+,1.5,True,2.0,2.2,Pass
6693,1494413,HK142_MI1003_L02,MI1003,-16,False,9.1,7.4,8.5,,,8.4,B+,3.5,True,3.21,3.21,Pass
6694,1457142,HK142_MI1003_L02,MI1003,-16,False,6.4,5.8,6.2,,,6.2,C,2.0,True,2.74,2.76,Pass
6695,1413892,HK142_MI1003_L02,MI1003,-16,False,8.3,7.7,7.3,,,7.6,B,3.0,True,3.35,3.47,Pass
6696,1465734,HK142_MI1003_L02,MI1003,-16,False,6.8,6.7,6.7,,,6.7,C+,2.5,True,2.91,2.7,Pass
6697,1433218,HK142_MI1003_L02,MI1003,-16,False,6.8,5.0,6.6,,,6.3,C,2.0,True,2.06,2.23,Pass
6698,1486437,HK142_MI1003_L02,MI1003,-16,False,5.0,6.5,6.5,,,6.2,C,2.0,True,2.09,2.23,Pass
6699,1424320,HK142_MI1003_L02,MI1003,-16,False,6.7,6.1,6.7,,,6.6,C+,2.5,True,2.47,2.65,Pass
6700,1458676,HK142_MI1003_L02,MI1003,-16,False,7.3,6.9,6.3,,,6.6,C+,2.5,True,2.68,2.58,Pass
6701,1457911,HK142_MI1003_L02,MI1003,-16,False,9.5,9.3,10.0,,,9.8,A+,4.0,True,4.0,3.83,Pass
6702,1439197,HK142_MI1003_L02,MI1003,-16,False,7.1,7.7,6.6,,,6.9,C+,2.5,True,2.76,2.74,Pass
6703,1444721,HK142_MI1003_L02,MI1003,-16,False,5.0,5.3,5.8,,,5.5,C,2.0,True,1.62,1.76,Pass
6704,1470795,HK142_MI1003_L02,MI1003,-16,False,6.8,6.9,7.9,,,7.5,B,3.0,True,2.71,2.62,Pass
6705,1435823,HK142_MI1003_L02,MI1003,-16,False,6.8,6.4,7.2,,,7.0,B,3.0,True,2.18,2.36,Pass
6706,1405151,HK142_MI1003_L02,MI1003,-16,False,8.9,7.3,9.7,,,9.1,A,4.0,True,3.12,3.06,Pass
6707,1410518,HK142_MI1003_L02,MI1003,-16,False,8.0,7.7,7.9,,,7.9,B,3.0,True,3.24,3.29,Pass
6708,1402083,HK142_MI1003_L02,MI1003,-16,False,5.9,8.0,6.4,,,6.6,C+,2.5,True,2.41,2.44,Pass
6709,1491651,HK142_MI1003_L02,MI1003,-16,False,6.6,6.9,6.2,,,6.4,C+,2.5,True,2.74,2.52,Pass
6710,1431531,HK142_MI1003_L02,MI1003,-16,False,6.5,5.9,7.1,,,6.7,C+,2.5,True,1.82,1.92,Pass
6711,1428922,HK142_MI1003_L02,MI1003,-16,False,7.2,7.0,7.0,,,7.0,B,3.0,True,2.15,2.32,Pass
6712,1443646,HK142_MI1003_L02,MI1003,-16,False,6.3,7.5,6.4,,,6.6,C+,2.5,True,2.29,2.3,Pass
6713,1450547,HK142_MI1003_L02,MI1003,-16,False,8.7,9.0,9.2,,,9.1,A,4.0,True,3.94,3.92,Pass
6714,1456989,HK142_MI1003_L02,MI1003,-16,False,7.9,7.9,7.5,,,7.7,B,3.0,True,3.03,3.08,Pass
6715,1415120,HK142_MI1003_L02,MI1003,-16,False,10.0,8.9,9.3,,,9.4,A,4.0,True,3.73,3.72,Pass
6716,1499015,HK142_MI1003_L02,MI1003,-16,False,7.3,7.1,6.2,,,6.6,C+,2.5,True,2.09,2.18,Pass
6717,1448554,HK142_MI1003_L02,MI1003,-16,False,8.7,10.0,8.7,,,9.0,A,4.0,True,3.92,3.82,Pass
6718,1447789,HK142_MI1003_L02,MI1003,-16,False,7.6,7.1,7.7,,,7.6,B,3.0,True,2.41,2.33,Pass
6719,1451928,HK142_MI1003_L02,MI1003,-16,False,5.7,5.1,5.4,,,5.4,D+,1.5,True,1.5,1.56,Pass
6720,1418341,HK142_MI1003_L02,MI1003,-16,False,8.0,10.0,8.7,,,8.8,A,4.0,True,3.79,3.74,Pass
6721,1430303,HK142_MI1003_L02,MI1003,-16,False,7.4,6.3,6.8,,,6.8,C+,2.5,True,2.06,1.97,Pass
6722,1469567,HK142_MI1003_L02,MI1003,-16,False,6.0,8.7,8.5,,,8.0,B+,3.5,True,3.56,3.44,Pass
6723,1452697,HK142_MI1003_L02,MI1003,-16,False,7.5,8.0,8.2,,,8.0,B+,3.5,True,2.88,3.0,Pass
6724,1418647,HK142_MI1003_L02,MI1003,-16,False,10.0,8.9,9.3,,,9.4,A,4.0,True,3.88,3.91,Pass
6725,1443034,HK142_MI1003_L02,MI1003,-16,False,8.6,7.6,6.4,,,7.1,B,3.0,True,2.59,2.58,Pass
6726,1439966,HK142_MI1003_L02,MI1003,-16,False,7.3,7.4,7.2,,,7.3,B,3.0,True,2.74,2.5,Pass
6727,1410059,HK142_MI1003_L02,MI1003,-16,False,6.8,6.7,5.9,,,6.2,C,2.0,True,2.44,2.56,Pass
6728,1487512,HK142_MI1003_L02,MI1003,-16,False,6.9,6.4,8.0,,,7.5,B,3.0,True,2.5,2.64,Pass
6729,1492726,HK142_MI1003_L02,MI1003,-16,False,8.3,7.1,7.6,,,7.6,B,3.0,True,3.18,2.85,Pass
6730,1498093,HK142_MI1003_L02,MI1003,-16,False,7.3,7.1,7.4,,,7.3,B,3.0,True,2.44,2.39,Pass
6731,1498862,HK142_MI1003_L02,MI1003,-16,False,3.5,5.1,4.6,,,4.5,D,1.0,True,0.91,1.05,Pass
6732,1454996,HK142_MI1003_L02,MI1003,-16,False,6.5,8.7,7.4,,,7.5,B,3.0,True,3.06,3.15,Pass
6733,1433983,HK142_MI1003_L02,MI1003,-16,False,4.5,5.1,6.0,,,5.5,C,2.0,True,1.75,1.74,Pass
6734,1464812,HK142_MI1003_L02,MI1003,-16,False,5.1,5.5,5.5,,,5.4,D+,1.5,True,1.56,1.56,Pass
6735,1436745,HK142_MI1003_L02,MI1003,-16,False,7.0,4.5,6.7,,,6.3,C,2.0,True,2.59,2.52,Pass
6736,1401930,HK142_MI1003_L02,MI1003,-16,False,8.3,8.5,6.9,,,7.5,B,3.0,True,3.35,3.47,Pass
6737,1435211,HK142_MI1003_L02,MI1003,-16,False,9.3,6.6,9.1,,,8.6,A,4.0,True,3.26,3.09,Pass
6738,1495488,HK142_MI1003_L02,MI1003,-16,False,6.1,4.9,5.2,,,5.3,D+,1.5,True,1.82,1.7,Pass
6739,1419259,HK142_MI1003_L02,MI1003,-16,False,9.8,9.9,9.6,,,9.7,A+,4.0,True,4.0,4.0,Pass
6740,1426623,HK142_MI1003_L02,MI1003,-16,False,5.3,7.8,6.7,,,6.6,C+,2.5,True,2.56,2.58,Pass
6741,1419106,HK142_MI1003_L02,MI1003,-16,False,6.3,5.9,8.0,,,7.2,B,3.0,True,2.06,2.12,Pass
6742,1487206,HK142_MI1003_L02,MI1003,-16,False,7.3,9.3,7.4,,,7.8,B,3.0,True,3.41,3.23,Pass
6743,1471254,HK142_MI1003_L02,MI1003,-16,False,7.1,4.3,5.5,,,5.6,C,2.0,True,1.41,1.55,Pass
6744,1472329,HK142_MI1003_L02,MI1003,-16,False,6.5,7.2,7.2,,,7.1,B,3.0,True,2.56,2.58,Pass
6745,1448860,HK142_MI1003_L02,MI1003,-16,False,4.1,3.0,5.7,,,4.8,D,1.0,True,0.57,1.09,Pass
6746,1428616,HK142_MI1003_L02,MI1003,-16,False,6.7,7.1,5.9,,,6.3,C,2.0,True,2.09,2.21,Pass
6747,1415885,HK142_MI1003_L02,MI1003,-16,False,9.3,7.6,9.1,,,8.8,A,4.0,True,3.82,3.91,Pass
6748,1424936,HK142_MI1003_L02,MI1003,-16,False,8.1,8.0,7.3,,,7.6,B,3.0,True,3.38,3.17,Pass
6749,1404535,HK142_MI1003_L02,MI1003,-16,False,5.6,4.5,2.0,,,3.2,F,0.0,False,0.55,1.12,Fail
6750,1493801,HK142_MI1003_L02,MI1003,-16,False,7.4,7.4,7.1,,,7.2,B,3.0,True,3.24,3.24,Pass
6751,1438432,HK142_MI1003_L02,MI1003,-16,False,7.2,7.7,7.8,,,7.7,B,3.0,True,3.5,3.52,Pass
6752,1469261,HK142_MI1003_L02,MI1003,-16,False,3.6,4.3,5.5,,,4.9,D,1.0,True,0.71,1.0,Pass
6753,1485519,HK142_MI1003_L02,MI1003,-16,False,6.0,5.6,4.8,,,5.2,D+,1.5,True,0.94,1.3,Pass
6754,1465887,HK142_MI1003_L02,MI1003,-16,False,9.2,7.0,7.8,,,7.9,B,3.0,True,3.29,3.18,Pass
6755,1413739,HK142_MI1003_L02,MI1003,-16,False,9.3,8.4,10.0,,,9.5,A+,4.0,True,4.0,3.88,Pass
6756,1498709,HK142_MI1003_L03,MI1003,-16,False,6.5,6.4,5.5,,,5.9,C,2.0,True,1.97,2.03,Pass
6757,1488740,HK142_MI1003_L03,MI1003,-16,False,6.6,6.3,7.1,,,6.8,C+,2.5,True,2.18,2.24,Pass
6758,1411746,HK142_MI1003_L03,MI1003,-16,False,5.6,6.0,7.3,,,6.7,C+,2.5,True,2.0,1.94,Pass
6759,1461132,HK142_MI1003_L03,MI1003,-16,False,4.3,6.8,6.3,,,6.0,C,2.0,True,2.32,2.32,Pass
6760,1466193,HK142_MI1003_L03,MI1003,-16,False,7.7,8.9,9.3,,,8.9,A,4.0,True,3.76,3.79,Pass
6761,1421099,HK142_MI1003_L03,MI1003,-16,False,8.2,7.6,7.2,,,7.5,B,3.0,True,3.35,3.27,Pass
6762,1401467,HK142_MI1003_L03,MI1003,-16,False,8.2,8.8,9.2,,,8.9,A,4.0,True,3.94,3.97,Pass
6763,1422327,HK142_MI1003_L03,MI1003,-16,False,8.5,7.7,8.8,,,8.5,A,4.0,True,3.18,3.24,Pass
6764,1444874,HK142_MI1003_L03,MI1003,-16,False,6.2,6.3,8.6,,,7.7,B,3.0,True,1.97,2.0,Pass
6765,1417266,HK142_MI1003_L03,MI1003,-16,False,6.9,5.5,7.6,,,7.0,B,3.0,True,2.53,2.32,Pass
6766,1404229,HK142_MI1003_L03,MI1003,-16,False,4.1,4.0,2.9,,,3.4,F,0.0,False,0.45,1.0,Fail
6767,1438279,HK142_MI1003_L03,MI1003,-16,False,6.4,6.6,6.5,,,6.5,C+,2.5,True,2.5,2.52,Pass
6768,1474628,HK142_MI1003_L03,MI1003,-16,False,7.9,7.6,7.2,,,7.4,B,3.0,True,3.03,3.15,Pass
6769,1478002,HK142_MI1003_L03,MI1003,-16,False,5.3,6.0,6.7,,,6.3,C,2.0,True,2.47,2.53,Pass
6770,1442112,HK142_MI1003_L03,MI1003,-16,False,8.1,6.0,5.5,,,6.1,C,2.0,True,2.38,2.32,Pass
6771,1418188,HK142_MI1003_L03,MI1003,-16,False,8.4,8.6,7.7,,,8.0,B+,3.5,True,3.24,3.12,Pass
6772,1451622,HK142_MI1003_L03,MI1003,-16,False,8.3,7.5,8.5,,,8.3,B+,3.5,True,3.12,2.98,Pass
6773,1499474,HK142_MI1003_L03,MI1003,-16,False,6.5,5.2,6.5,,,6.2,C,2.0,True,2.32,2.42,Pass
6774,1414198,HK142_MI1003_L03,MI1003,-16,False,5.3,6.0,5.9,,,5.8,C,2.0,True,1.5,1.45,Pass
6775,1480611,HK142_MI1003_L03,MI1003,-16,False,7.9,8.7,9.4,,,9.0,A,4.0,True,3.09,3.05,Pass
6776,1451316,HK142_MI1003_L03,MI1003,-16,False,5.8,7.9,6.7,,,6.8,C+,2.5,True,2.53,2.62,Pass
6777,1474322,HK142_MI1003_L03,MI1003,-16,False,8.2,8.8,8.2,,,8.3,B+,3.5,True,3.09,3.09,Pass
6778,1400702,HK142_MI1003_L03,MI1003,-16,False,7.6,8.2,8.9,,,8.5,A,4.0,True,3.18,3.12,Pass
6779,1435670,HK142_MI1003_L03,MI1003,-16,False,8.6,5.9,6.7,,,6.9,C+,2.5,True,2.56,2.58,Pass
6780,1499321,HK142_MI1003_L03,MI1003,-16,False,8.0,8.2,8.8,,,8.5,A,4.0,True,4.0,3.88,Pass
6781,1412817,HK142_MI1003_L03,MI1003,-16,False,6.2,7.2,6.2,,,6.4,C+,2.5,True,2.35,2.39,Pass
6782,1406838,HK142_MI1003_L03,MI1003,-16,False,7.6,8.1,8.4,,,8.2,B+,3.5,True,2.91,3.05,Pass
6783,1424783,HK142_MI1003_L03,MI1003,-16,False,8.3,7.9,6.8,,,7.3,B,3.0,True,2.97,3.03,Pass
6784,1409137,HK142_MI1003_L03,MI1003,-16,False,4.8,8.2,8.1,,,7.5,B,3.0,True,3.0,3.06,Pass
6785,1478155,HK142_MI1003_L03,MI1003,-16,False,9.6,9.8,8.9,,,9.2,A,4.0,True,3.85,3.8,Pass
6786,1482145,HK142_MI1003_L03,MI1003,-16,False,6.5,5.5,6.9,,,6.5,C+,2.5,True,2.56,2.44,Pass
6787,1453003,HK142_MI1003_L03,MI1003,-16,False,9.3,9.0,8.3,,,8.6,A,4.0,True,3.09,2.98,Pass
6788,1459904,HK142_MI1003_L03,MI1003,-16,False,8.6,8.1,7.9,,,8.1,B+,3.5,True,2.68,2.7,Pass
6789,1468186,HK142_MI1003_L03,MI1003,-16,False,7.1,5.8,6.6,,,6.5,C+,2.5,True,2.53,2.44,Pass
6790,1467574,HK142_MI1003_L03,MI1003,-16,False,5.7,7.1,6.3,,,6.3,C,2.0,True,2.24,2.35,Pass
6791,1467727,HK142_MI1003_L03,MI1003,-16,False,7.1,6.5,6.7,,,6.7,C+,2.5,True,2.03,2.2,Pass
6792,1458370,HK142_MI1003_L03,MI1003,-16,False,7.0,6.1,7.2,,,6.9,C+,2.5,True,2.65,2.64,Pass
6793,1456224,HK142_MI1003_L03,MI1003,-16,False,8.7,7.0,8.5,,,8.2,B+,3.5,True,3.38,3.23,Pass
6794,1458523,HK142_MI1003_L03,MI1003,-16,False,5.7,7.4,7.3,,,7.0,B,3.0,True,2.29,2.26,Pass
6795,1400243,HK142_MI1003_L03,MI1003,-16,False,7.2,7.3,6.4,,,6.7,C+,2.5,True,2.74,2.61,Pass
6796,1443493,HK142_MI1003_L03,MI1003,-16,False,8.1,6.6,7.1,,,7.2,B,3.0,True,3.0,3.06,Pass
6797,1474475,HK142_MI1003_L03,MI1003,-16,False,7.8,7.5,9.3,,,8.6,A,4.0,True,2.88,2.98,Pass
6798,1429844,HK142_MI1003_L03,MI1003,-16,False,8.0,7.5,7.4,,,7.5,B,3.0,True,2.24,2.26,Pass
6799,1468033,HK142_MI1003_L03,MI1003,-16,False,8.2,8.2,7.6,,,7.8,B,3.0,True,3.32,3.2,Pass
6800,1407603,HK142_MI1003_L03,MI1003,-16,False,7.0,6.7,6.7,,,6.8,C+,2.5,True,2.62,2.53,Pass
6801,1414504,HK142_MI1003_L03,MI1003,-16,False,9.5,9.3,8.6,,,8.9,A,4.0,True,4.0,4.0,Pass
6802,1428463,HK142_MI1003_L03,MI1003,-16,False,6.5,5.7,7.0,,,6.6,C+,2.5,True,2.32,2.18,Pass
6803,1491039,HK142_MI1003_L03,MI1003,-16,False,9.0,8.0,10.0,,,9.4,A,4.0,True,3.74,3.77,Pass
6804,1491192,HK142_MI1003_L03,MI1003,-16,False,8.5,8.0,7.7,,,7.9,B,3.0,True,3.35,3.29,Pass
6805,1476468,HK142_MI1003_L03,MI1003,-16,False,10.0,9.5,9.3,,,9.5,A+,4.0,True,4.0,4.0,Pass
6806,1489352,HK142_MI1003_L03,MI1003,-16,False,8.1,8.7,7.7,,,8.0,B+,3.5,True,2.97,3.03,Pass
6807,1497328,HK142_MI1003_L03,MI1003,-16,False,6.4,6.1,4.8,,,5.4,D+,1.5,True,1.5,1.58,Pass
6808,1422021,HK142_MI1003_L03,MI1003,-16,False,6.1,3.2,5.7,,,5.3,D+,1.5,True,1.21,1.33,Pass
6809,1465424,HK142_MI1003_L03,MI1003,-16,False,6.8,6.9,7.2,,,7.1,B,3.0,True,2.26,2.45,Pass
6810,1485978,HK142_MI1003_L03,MI1003,-16,False,6.8,8.6,6.9,,,7.2,B,3.0,True,3.38,3.27,Pass
6811,1479383,HK142_MI1003_L03,MI1003,-16,False,7.7,8.4,8.6,,,8.4,B+,3.5,True,3.18,3.15,Pass
6812,1479689,HK142_MI1003_L03,MI1003,-16,False,9.7,8.0,8.6,,,8.7,A,4.0,True,3.41,3.67,Pass
6813,1473553,HK142_MI1003_L03,MI1003,-16,False,8.0,8.1,8.8,,,8.5,A,4.0,True,3.32,3.44,Pass
6814,1474781,HK142_MI1003_L03,MI1003,-16,False,8.3,7.6,7.3,,,7.6,B,3.0,True,3.24,3.3,Pass
6815,1435364,HK142_MI1003_L03,MI1003,-16,False,6.7,5.4,7.0,,,6.6,C+,2.5,True,2.38,2.24,Pass
6816,1425854,HK142_MI1003_L03,MI1003,-16,False,6.8,7.7,7.4,,,7.3,B,3.0,True,2.91,2.86,Pass
6817,1468339,HK142_MI1003_L03,MI1003,-16,False,5.8,4.6,5.3,,,5.3,D+,1.5,True,1.71,1.64,Pass
6818,1492573,HK142_MI1003_L03,MI1003,-16,False,7.1,6.6,6.9,,,6.9,C+,2.5,True,2.85,2.8,Pass
6819,1432296,HK142_MI1003_L03,MI1003,-16,False,5.9,6.0,6.5,,,6.3,C,2.0,True,2.41,2.47,Pass
6820,1437051,HK142_MI1003_L03,MI1003,-16,False,5.8,5.9,6.9,,,6.5,C+,2.5,True,2.41,2.58,Pass
6821,1479536,HK142_MI1003_L03,MI1003,-16,False,6.2,6.9,6.3,,,6.4,C+,2.5,True,2.21,2.2,Pass
6822,1418494,HK142_MI1003_L03,MI1003,-16,False,7.3,5.1,6.6,,,6.4,C+,2.5,True,2.35,2.38,Pass
6823,1434136,HK142_MI1003_L03,MI1003,-16,False,10.0,10.0,9.8,,,9.9,A+,4.0,True,4.0,3.96,Pass
6824,1470948,HK142_MI1003_L03,MI1003,-16,False,4.7,3.9,3.1,,,3.6,F,0.0,False,0.45,1.27,Fail
6825,1479077,HK142_MI1003_L03,MI1003,-16,False,7.2,8.9,10.0,,,9.2,A,4.0,True,4.0,3.97,Pass
6826,1485056,HK142_MI1003_L03,MI1003,-16,False,6.0,4.7,6.3,,,5.9,C,2.0,True,1.88,1.86,Pass
6827,1489505,HK142_MI1003_L03,MI1003,-16,False,9.2,9.4,7.8,,,8.4,B+,3.5,True,3.53,3.47,Pass
6828,1487818,HK142_MI1003_L03,MI1003,-16,False,9.5,7.0,7.5,,,7.8,B,3.0,True,3.29,3.17,Pass
6829,1461438,HK142_MI1003_L03,MI1003,-16,False,7.4,5.7,6.6,,,6.6,C+,2.5,True,2.03,2.21,Pass
6830,1485672,HK142_MI1003_L03,MI1003,-16,False,5.5,7.1,5.7,,,5.9,C,2.0,True,2.26,2.29,Pass
6831,1426776,HK142_MI1003_L03,MI1003,-16,False,7.5,7.2,7.6,,,7.5,B,3.0,True,2.85,2.89,Pass
6832,1417113,HK142_MI1003_L03,MI1003,-16,False,6.6,7.9,9.0,,,8.3,B+,3.5,True,3.29,3.15,Pass
6833,1412052,HK142_MI1003_L03,MI1003,-16,False,7.5,5.4,6.9,,,6.7,C+,2.5,True,2.74,2.77,Pass
6834,1446867,HK142_MI1003_L03,MI1003,-16,False,6.2,7.7,5.9,,,6.3,C,2.0,True,2.97,2.98,Pass
6835,1492267,HK142_MI1003_L03,MI1003,-16,False,9.1,8.0,9.5,,,9.1,A,4.0,True,3.26,3.35,Pass
6836,1414351,HK142_MI1003_L03,MI1003,-16,False,8.9,8.7,10.0,,,9.5,A+,4.0,True,3.47,3.41,Pass
6837,1414967,HK142_MI1003_L03,MI1003,-16,False,7.6,7.9,6.1,,,6.8,C+,2.5,True,3.32,3.23,Pass
6838,1471713,HK142_MI1003_L03,MI1003,-16,False,4.4,6.3,6.7,,,6.2,C,2.0,True,1.82,1.68,Pass
6839,1484291,HK142_MI1003_L03,MI1003,-16,False,9.3,7.2,8.3,,,8.3,B+,3.5,True,2.85,2.85,Pass
6840,1451163,HK142_MI1003_L03,MI1003,-16,False,7.7,6.0,7.4,,,7.2,B,3.0,True,2.32,2.42,Pass
6841,1433524,HK142_MI1003_L03,MI1003,-16,False,6.1,6.1,6.4,,,6.3,C,2.0,True,2.24,2.36,Pass
6842,1432143,HK142_MI1003_L03,MI1003,-16,False,7.6,8.6,7.4,,,7.7,B,3.0,True,2.97,3.03,Pass
6843,1480148,HK142_MI1003_L03,MI1003,-16,False,7.7,7.9,7.3,,,7.5,B,3.0,True,3.24,3.06,Pass
6844,1440425,HK142_MI1003_L03,MI1003,-16,False,6.2,6.8,6.5,,,6.5,C+,2.5,True,2.47,2.58,Pass
6845,1420028,HK142_MI1003_L03,MI1003,-16,False,6.3,6.7,5.4,,,5.8,C,2.0,True,2.12,2.3,Pass
6846,1400396,HK142_MI1003_L03,MI1003,-16,False,6.3,5.6,7.0,,,6.6,C+,2.5,True,2.06,2.14,Pass
6847,1404382,HK142_MI1003_L03,MI1003,-16,False,5.5,7.7,7.1,,,6.9,C+,2.5,True,2.09,2.24,Pass
6848,1496406,HK142_MI1003_L03,MI1003,-16,False,5.4,4.7,6.9,,,6.2,C,2.0,True,1.85,1.85,Pass
6849,1462513,HK142_MI1003_L03,MI1003,-16,False,8.4,8.1,6.6,,,7.3,B,3.0,True,2.97,2.91,Pass
6850,1479842,HK142_MI1003_L03,MI1003,-16,False,8.4,6.5,8.7,,,8.2,B+,3.5,True,3.12,3.09,Pass
6851,1406222,HK142_MI1003_L03,MI1003,-16,False,8.9,8.6,10.0,,,9.5,A+,4.0,True,4.0,3.97,Pass
6852,1435517,HK142_MI1003_L03,MI1003,-16,False,10.0,8.5,10.0,,,9.7,A+,4.0,True,3.32,3.21,Pass
6853,1437510,HK142_MI1003_L03,MI1003,-16,False,8.2,7.3,7.7,,,7.7,B,3.0,True,3.53,3.36,Pass
6854,1486284,HK142_MI1003_L03,MI1003,-16,False,8.8,9.4,7.5,,,8.1,B+,3.5,True,3.68,3.67,Pass
6855,1473247,HK142_MI1003_L03,MI1003,-16,False,5.4,6.3,6.7,,,6.4,C+,2.5,True,2.47,2.44,Pass
6856,1434752,HK142_MI1003_L03,MI1003,-16,False,5.2,5.7,5.2,,,5.3,D+,1.5,True,1.62,1.58,Pass
6857,1464353,HK142_MI1003_L03,MI1003,-16,False,8.3,6.7,8.0,,,7.8,B,3.0,True,3.29,3.32,Pass
6858,1446714,HK142_MI1003_L03,MI1003,-16,False,9.7,7.6,7.9,,,8.2,B+,3.5,True,3.41,3.35,Pass
6859,1408678,HK142_MI1003_L03,MI1003,-16,False,6.4,6.4,4.8,,,5.4,D+,1.5,True,2.21,2.35,Pass
6860,1487359,HK142_MI1003_L03,MI1003,-16,False,8.4,6.6,7.6,,,7.6,B,3.0,True,3.26,3.2,Pass
6861,1449013,HK142_MI1003_L03,MI1003,-16,False,5.7,7.0,6.4,,,6.4,C+,2.5,True,2.62,2.71,Pass
6862,1422633,HK142_MI1003_L04,MI1003,-16,False,8.7,9.0,9.2,,,9.1,A,4.0,True,3.79,3.89,Pass
6863,1472482,HK142_MI1003_L04,MI1003,-16,False,7.1,6.9,9.0,,,8.2,B+,3.5,True,3.5,3.44,Pass
6864,1404076,HK142_MI1003_L04,MI1003,-16,False,5.5,7.6,6.1,,,6.3,C,2.0,True,2.32,2.15,Pass
6865,1436898,HK142_MI1003_L04,MI1003,-16,False,6.5,5.7,5.9,,,6.0,C,2.0,True,1.94,1.74,Pass
6866,1491961,HK142_MI1003_L04,MI1003,-16,False,7.1,9.7,7.0,,,7.6,B,3.0,True,3.24,3.0,Pass
6867,1489658,HK142_MI1003_L04,MI1003,-16,False,8.1,9.7,9.4,,,9.2,A,4.0,True,3.68,3.59,Pass
6868,1414045,HK142_MI1003_L04,MI1003,-16,False,9.3,7.0,6.4,,,7.1,B,3.0,True,2.41,2.52,Pass
6869,1463278,HK142_MI1003_L04,MI1003,-16,False,6.2,7.3,5.7,,,6.1,C,2.0,True,1.71,1.74,Pass
6870,1487053,HK142_MI1003_L04,MI1003,-16,False,9.2,10.0,8.0,,,8.6,A,4.0,True,3.03,3.02,Pass
6871,1428310,HK142_MI1003_L04,MI1003,-16,False,8.6,8.3,7.3,,,7.8,B,3.0,True,3.5,3.5,Pass
6872,1432602,HK142_MI1003_L04,MI1003,-16,False,5.7,6.5,4.5,,,5.1,D+,1.5,True,1.5,1.62,Pass
6873,1420334,HK142_MI1003_L04,MI1003,-16,False,5.6,6.4,7.3,,,6.8,C+,2.5,True,2.12,1.95,Pass
6874,1415732,HK142_MI1003_L04,MI1003,-16,False,6.4,7.8,8.1,,,7.7,B,3.0,True,3.32,3.36,Pass
6875,1469414,HK142_MI1003_L04,MI1003,-16,False,9.6,9.0,9.8,,,9.6,A+,4.0,True,3.85,3.7,Pass
6876,1423249,HK142_MI1003_L04,MI1003,-16,False,6.9,6.1,8.1,,,7.5,B,3.0,True,2.24,2.2,Pass
6877,1472941,HK142_MI1003_L04,MI1003,-16,False,5.1,7.1,6.7,,,6.5,C+,2.5,True,2.21,2.17,Pass
6878,1471866,HK142_MI1003_L04,MI1003,-16,False,7.1,7.5,8.3,,,7.9,B,3.0,True,3.29,3.29,Pass
6879,1448095,HK142_MI1003_L04,MI1003,-16,False,8.0,10.0,8.0,,,8.4,B+,3.5,True,3.09,3.05,Pass
6880,1483369,HK142_MI1003_L04,MI1003,-16,False,6.5,6.7,7.2,,,7.0,B,3.0,True,2.24,2.53,Pass
6881,1470179,HK142_MI1003_L04,MI1003,-16,False,8.7,8.6,8.0,,,8.3,B+,3.5,True,3.38,3.44,Pass
6882,1431837,HK142_MI1003_L04,MI1003,-16,False,5.8,6.2,7.9,,,7.1,B,3.0,True,2.21,2.26,Pass
6883,1439507,HK142_MI1003_L04,MI1003,-16,False,5.3,4.8,5.0,,,5.0,D+,1.5,True,1.5,1.59,Pass
6884,1425089,HK142_MI1003_L04,MI1003,-16,False,8.2,8.3,7.9,,,8.0,B+,3.5,True,3.29,3.26,Pass
6885,1447326,HK142_MI1003_L04,MI1003,-16,False,9.1,7.6,7.9,,,8.1,B+,3.5,True,3.56,3.35,Pass
6886,1453462,HK142_MI1003_L04,MI1003,-16,False,3.8,5.4,4.8,,,4.7,D,1.0,True,0.24,1.0,Pass
6887,1452081,HK142_MI1003_L04,MI1003,-16,False,5.8,8.1,7.2,,,7.1,B,3.0,True,2.38,2.47,Pass
6888,1434599,HK142_MI1003_L04,MI1003,-16,False,7.4,8.8,6.8,,,7.3,B,3.0,True,3.26,3.38,Pass
6889,1483985,HK142_MI1003_L04,MI1003,-16,False,3.7,3.1,4.3,,,3.9,F,0.0,False,0.52,1.0,Fail
6890,1494107,HK142_MI1003_L04,MI1003,-16,False,8.3,6.4,6.9,,,7.1,B,3.0,True,2.91,2.95,Pass
6891,1484750,HK142_MI1003_L04,MI1003,-16,False,7.4,7.5,6.0,,,6.6,C+,2.5,True,2.76,2.7,Pass
6892,1407450,HK142_MI1003_L04,MI1003,-16,False,7.7,8.5,8.0,,,8.0,B+,3.5,True,3.06,3.06,Pass
6893,1482910,HK142_MI1003_L04,MI1003,-16,False,5.8,7.5,5.9,,,6.2,C,2.0,True,2.5,2.47,Pass
6894,1416654,HK142_MI1003_L04,MI1003,-16,False,8.8,10.0,9.0,,,9.2,A,4.0,True,3.76,3.79,Pass
6895,1430456,HK142_MI1003_L04,MI1003,-16,False,7.7,7.8,8.0,,,7.9,B,3.0,True,3.26,3.29,Pass
6896,1488893,HK142_MI1003_L04,MI1003,-16,False,8.0,6.8,7.9,,,7.7,B,3.0,True,3.65,3.47,Pass
6897,1481070,HK142_MI1003_L04,MI1003,-16,False,6.5,6.8,5.9,,,6.2,C,2.0,True,2.29,2.38,Pass
6898,1401008,HK142_MI1003_L04,MI1003,-16,False,7.8,9.5,9.6,,,9.2,A,4.0,True,3.97,3.98,Pass
6899,1419875,HK142_MI1003_L04,MI1003,-16,False,5.9,7.3,7.6,,,7.2,B,3.0,True,2.59,2.58,Pass
6900,1403770,HK142_MI1003_L04,MI1003,-16,False,8.8,7.7,6.7,,,7.3,B,3.0,True,2.88,3.12,Pass
6901,1427541,HK142_MI1003_L04,MI1003,-16,False,8.2,7.0,8.2,,,8.0,B+,3.5,True,3.24,3.09,Pass
6902,1445639,HK142_MI1003_L04,MI1003,-16,False,7.9,6.6,7.3,,,7.3,B,3.0,True,3.47,3.47,Pass
6903,1418800,HK142_MI1003_L04,MI1003,-16,False,7.3,7.4,7.4,,,7.4,B,3.0,True,3.0,3.18,Pass
6904,1471560,HK142_MI1003_L04,MI1003,-16,False,5.2,6.2,6.4,,,6.1,C,2.0,True,2.38,2.36,Pass
6905,1464659,HK142_MI1003_L04,MI1003,-16,False,6.8,6.8,7.3,,,7.1,B,3.0,True,2.41,2.23,Pass
6906,1481376,HK142_MI1003_L04,MI1003,-16,False,3.4,2.8,3.5,,,3.3,F,0.0,False,0.0,,Fail
6907,1408525,HK142_MI1003_L04,MI1003,-16,False,3.6,3.6,2.8,,,3.1,F,0.0,False,0.19,1.0,Fail
6908,1417725,HK142_MI1003_L04,MI1003,-16,False,7.2,7.9,7.7,,,7.6,B,3.0,True,3.15,3.05,Pass
6909,1405304,HK142_MI1003_L04,MI1003,-16,False,7.4,5.9,8.0,,,7.5,B,3.0,True,2.0,2.17,Pass
6910,1469720,HK142_MI1003_L04,MI1003,-16,False,9.2,8.8,9.6,,,9.4,A,4.0,True,3.82,3.85,Pass
6911,1470026,HK142_MI1003_L04,MI1003,-16,False,7.1,5.7,6.1,,,6.2,C,2.0,True,1.91,2.14,Pass
6912,1459292,HK142_MI1003_L04,MI1003,-16,False,6.1,7.1,6.3,,,6.4,C+,2.5,True,1.68,1.73,Pass
6913,1480917,HK142_MI1003_L04,MI1003,-16,False,6.4,7.0,7.6,,,7.2,B,3.0,True,2.71,2.68,Pass
6914,1454690,HK142_MI1003_L04,MI1003,-16,False,4.4,4.9,4.1,,,4.3,D,1.0,True,0.32,1.0,Pass
6915,1460210,HK142_MI1003_L04,MI1003,-16,False,4.2,4.5,4.0,,,4.1,D,1.0,True,0.67,1.0,Pass
6916,1443340,HK142_MI1003_L04,MI1003,-16,False,6.3,7.2,5.5,,,6.0,C,2.0,True,2.06,2.11,Pass
6917,1443952,HK142_MI1003_L04,MI1003,-16,False,7.0,5.2,6.6,,,6.4,C+,2.5,True,1.71,1.8,Pass
6918,1453768,HK142_MI1003_L04,MI1003,-16,False,6.4,6.3,4.7,,,5.4,D+,1.5,True,2.85,2.58,Pass
6919,1484138,HK142_MI1003_L04,MI1003,-16,False,6.8,6.7,6.0,,,6.3,C,2.0,True,2.71,2.44,Pass
6920,1405763,HK142_MI1003_L04,MI1003,-16,False,3.9,4.3,3.7,,,3.9,F,0.0,False,0.71,1.0,Fail
6921,1429075,HK142_MI1003_L04,MI1003,-16,False,5.3,7.2,6.7,,,6.5,C+,2.5,True,2.26,2.41,Pass
6922,1456530,HK142_MI1003_L04,MI1003,-16,False,7.5,7.6,5.6,,,6.4,C+,2.5,True,3.24,3.18,Pass
6923,1453309,HK142_MI1003_L04,MI1003,-16,False,8.0,6.9,10.0,,,9.0,A,4.0,True,3.29,3.23,Pass
6924,1477390,HK142_MI1003_L04,MI1003,-16,False,7.9,10.0,6.6,,,7.5,B,3.0,True,3.18,3.03,Pass
6925,1420946,HK142_MI1003_L04,MI1003,-16,False,7.4,5.5,6.6,,,6.5,C+,2.5,True,2.29,2.32,Pass
6926,1408831,HK142_MI1003_L04,MI1003,-16,False,8.5,6.8,7.2,,,7.4,B,3.0,True,3.26,3.08,Pass
6927,1463125,HK142_MI1003_L04,MI1003,-16,False,5.9,5.6,5.4,,,5.5,C,2.0,True,1.59,1.74,Pass
6928,1486131,HK142_MI1003_L04,MI1003,-16,False,7.5,7.0,6.0,,,6.5,C+,2.5,True,2.26,2.11,Pass
6929,1409596,HK142_MI1003_L04,MI1003,-16,False,7.1,7.2,7.1,,,7.1,B,3.0,True,2.5,2.45,Pass
6930,1457758,HK142_MI1003_L04,MI1003,-16,False,3.9,5.2,5.2,,,4.9,D,1.0,True,0.82,1.12,Pass
6931,1432449,HK142_MI1003_L04,MI1003,-16,False,6.2,5.6,7.0,,,6.6,C+,2.5,True,2.09,1.98,Pass
6932,1467421,HK142_MI1003_L04,MI1003,-16,False,6.6,8.2,5.5,,,6.3,C,2.0,True,2.62,2.53,Pass
6933,1466040,HK142_MI1003_L04,MI1003,-16,False,7.6,6.1,5.9,,,6.3,C,2.0,True,2.47,2.52,Pass
6934,1400855,HK142_MI1003_L04,MI1003,-16,False,7.3,6.6,7.6,,,7.3,B,3.0,True,2.35,2.52,Pass
6935,1431378,HK142_MI1003_L04,MI1003,-16,False,5.9,8.0,5.4,,,6.0,C,2.0,True,2.06,2.06,Pass
6936,1425701,HK142_MI1003_L04,MI1003,-16,False,4.5,3.1,4.2,,,4.0,D,1.0,True,0.55,1.0,Pass
6937,1412205,HK142_MI1003_L04,MI1003,-16,False,6.9,4.7,5.8,,,5.8,C,2.0,True,1.88,2.03,Pass
6938,1407909,HK142_MI1003_L04,MI1003,-16,False,5.2,5.4,6.2,,,5.8,C,2.0,True,2.12,2.02,Pass
6939,1440119,HK142_MI1003_L04,MI1003,-16,False,7.9,8.1,7.5,,,7.7,B,3.0,True,3.35,3.36,Pass
6940,1422480,HK142_MI1003_L04,MI1003,-16,False,9.6,8.8,9.6,,,9.4,A,4.0,True,3.88,3.85,Pass
6941,1472788,HK142_MI1003_L04,MI1003,-16,False,10.0,9.0,8.7,,,9.0,A,4.0,True,3.85,3.79,Pass
6942,1482757,HK142_MI1003_L04,MI1003,-16,False,7.4,5.0,6.5,,,6.4,C+,2.5,True,2.24,2.23,Pass
6943,1470332,HK142_MI1003_L04,MI1003,-16,False,6.4,6.3,6.9,,,6.7,C+,2.5,True,2.35,2.5,Pass
6944,1438585,HK142_MI1003_L04,MI1003,-16,False,5.9,6.2,6.1,,,6.1,C,2.0,True,2.76,2.7,Pass
6945,1416807,HK142_MI1003_L04,MI1003,-16,False,6.6,5.3,4.7,,,5.2,D+,1.5,True,1.76,1.88,Pass
6946,1498556,HK142_MI1003_L04,MI1003,-16,False,5.8,7.8,5.4,,,6.0,C,2.0,True,1.94,2.09,Pass
6947,1400549,HK142_MI1003_L04,MI1003,-16,False,9.1,8.8,7.7,,,8.2,B+,3.5,True,3.0,2.94,Pass
6948,1491498,HK142_MI1003_L04,MI1003,-16,False,8.3,8.1,7.8,,,8.0,B+,3.5,True,3.65,3.35,Pass
6949,1462972,HK142_MI1003_L04,MI1003,-16,False,8.1,7.3,7.9,,,7.8,B,3.0,True,3.18,3.2,Pass
6950,1482451,HK142_MI1003_L04,MI1003,-16,False,4.8,4.2,4.6,,,4.6,D,1.0,True,0.19,1.0,Pass
6951,1475856,HK142_MI1003_L04,MI1003,-16,False,5.9,5.4,6.3,,,6.0,C,2.0,True,1.85,2.02,Pass
6952,1413586,HK142_MI1003_L04,MI1003,-16,False,6.2,6.8,7.5,,,7.1,B,3.0,True,2.29,2.27,Pass
6953,1485825,HK142_MI1003_L04,MI1003,-16,False,7.8,4.7,5.8,,,6.0,C,2.0,True,2.32,2.17,Pass
6954,1478461,HK142_MI1003_L04,MI1003,-16,False,8.8,6.3,7.0,,,7.2,B,3.0,True,1.97,1.94,Pass
6955,1466652,HK142_MI1003_L04,MI1003,-16,False,6.5,7.0,6.1,,,6.4,C+,2.5,True,2.38,2.27,Pass
6956,1415579,HK142_MI1003_L04,MI1003,-16,False,6.9,6.7,5.8,,,6.2,C,2.0,True,2.59,2.38,Pass
6957,1448707,HK142_MI1003_L04,MI1003,-16,False,9.1,8.5,8.4,,,8.6,A,4.0,True,3.97,3.88,Pass
6958,1483063,HK142_MI1003_L04,MI1003,-16,False,8.2,8.7,7.7,,,8.0,B+,3.5,True,3.18,3.15,Pass
6959,1422174,HK142_MI1003_L04,MI1003,-16,False,7.8,6.5,6.9,,,7.0,B,3.0,True,2.88,2.88,Pass
6960,1405916,HK142_MI1003_L04,MI1003,-16,False,6.2,7.4,8.0,,,7.5,B,3.0,True,2.85,2.89,Pass
6961,1427694,HK142_MI1003_L04,MI1003,-16,False,4.8,6.3,4.8,,,5.1,D+,1.5,True,1.41,1.32,Pass
6962,1419412,HK142_MI1003_L04,MI1003,-16,False,8.7,7.9,9.6,,,9.1,A,4.0,True,3.56,3.45,Pass
6963,1417419,HK142_MI1003_L04,MI1003,-16,False,3.3,4.1,3.6,,,3.6,F,0.0,False,0.47,1.08,Fail
6964,1416038,HK142_MI1003_L04,MI1003,-16,False,7.0,7.5,6.8,,,7.0,B,3.0,True,2.97,2.62,Pass
6965,1406375,HK142_MI1003_L04,MI1003,-16,False,4.2,3.1,4.2,,,4.0,D,1.0,True,0.59,1.13,Pass
6966,1464200,HK142_MI1003_L04,MI1003,-16,False,5.9,6.0,5.8,,,5.9,C,2.0,True,1.21,1.26,Pass
6967,1401161,HK142_MI1003_L05,MI1003,-16,False,7.0,6.8,6.1,,,6.4,C+,2.5,True,2.88,2.91,Pass
6968,1417572,HK142_MI1003_L05,MI1003,-16,False,7.6,6.9,6.3,,,6.7,C+,2.5,True,2.0,2.11,Pass
6969,1421562,HK142_MI1003_L05,MI1003,-16,False,8.1,7.7,7.1,,,7.4,B,3.0,True,3.35,3.3,Pass
6970,1420181,HK142_MI1003_L05,MI1003,-16,False,6.0,6.7,6.6,,,6.5,C+,2.5,True,2.65,2.56,Pass
6971,1429691,HK142_MI1003_L05,MI1003,-16,False,6.3,7.1,7.8,,,7.4,B,3.0,True,2.53,2.32,Pass
6972,1492420,HK142_MI1003_L05,MI1003,-16,False,6.7,7.7,8.9,,,8.2,B+,3.5,True,2.44,2.48,Pass
6973,1487665,HK142_MI1003_L05,MI1003,-16,False,7.1,6.8,6.2,,,6.5,C+,2.5,True,2.32,2.36,Pass
6974,1430762,HK142_MI1003_L05,MI1003,-16,False,7.0,7.4,7.3,,,7.3,B,3.0,True,1.94,2.03,Pass
6975,1427082,HK142_MI1003_L05,MI1003,-16,False,5.1,5.6,4.7,,,5.0,D+,1.5,True,1.21,1.18,Pass
6976,1489811,HK142_MI1003_L05,MI1003,-16,False,7.8,8.0,5.4,,,6.4,C+,2.5,True,3.91,3.7,Pass
6977,1402236,HK142_MI1003_L05,MI1003,-16,False,5.1,5.6,6.6,,,6.1,C,2.0,True,1.47,1.42,Pass
6978,1446255,HK142_MI1003_L05,MI1003,-16,False,5.3,6.6,6.1,,,6.0,C,2.0,True,1.47,1.58,Pass
6979,1440578,HK142_MI1003_L05,MI1003,-16,False,6.4,7.6,6.3,,,6.6,C+,2.5,True,2.26,2.44,Pass
6980,1409290,HK142_MI1003_L05,MI1003,-16,False,6.6,6.2,5.7,,,6.0,C,2.0,True,2.15,2.39,Pass
6981,1490733,HK142_MI1003_L05,MI1003,-16,False,6.8,4.7,6.8,,,6.4,C+,2.5,True,2.24,2.06,Pass
6982,1459751,HK142_MI1003_L05,MI1003,-16,False,7.2,6.0,5.8,,,6.1,C,2.0,True,2.21,2.33,Pass
6983,1484597,HK142_MI1003_L05,MI1003,-16,False,5.0,5.8,4.8,,,5.0,D+,1.5,True,1.29,1.36,Pass
6984,1403617,HK142_MI1003_L05,MI1003,-16,False,8.3,9.6,8.0,,,8.4,B+,3.5,True,3.47,3.56,Pass
6985,1444105,HK142_MI1003_L05,MI1003,-16,False,7.6,7.9,7.2,,,7.4,B,3.0,True,2.79,2.7,Pass
6986,1469108,HK142_MI1003_L05,MI1003,-16,False,6.3,6.4,6.3,,,6.3,C,2.0,True,2.32,2.29,Pass
6987,1477543,HK142_MI1003_L05,MI1003,-16,False,6.4,5.9,4.2,,,5.0,D+,1.5,True,1.74,1.73,Pass
6988,1494566,HK142_MI1003_L05,MI1003,-16,False,5.6,5.9,6.8,,,6.4,C+,2.5,True,2.35,2.33,Pass
6989,1477696,HK142_MI1003_L05,MI1003,-16,False,6.8,6.5,5.4,,,5.9,C,2.0,True,2.44,2.56,Pass
6990,1448248,HK142_MI1003_L05,MI1003,-16,False,6.4,7.2,6.9,,,6.9,C+,2.5,True,2.53,2.5,Pass
6991,1476162,HK142_MI1003_L05,MI1003,-16,False,4.4,4.7,4.0,,,4.2,D,1.0,True,1.29,1.38,Pass
6992,1455302,HK142_MI1003_L05,MI1003,-16,False,6.3,6.5,7.6,,,7.1,B,3.0,True,2.47,2.41,Pass
6993,1495794,HK142_MI1003_L05,MI1003,-16,False,7.6,8.6,7.8,,,7.9,B,3.0,True,3.38,3.26,Pass
6994,1452234,HK142_MI1003_L05,MI1003,-16,False,8.4,9.5,9.2,,,9.1,A,4.0,True,3.95,3.97,Pass
6995,1474934,HK142_MI1003_L05,MI1003,-16,False,2.9,5.1,3.1,,,3.5,F,0.0,False,0.55,1.0,Fail
6996,1493032,HK142_MI1003_L05,MI1003,-16,False,7.4,7.1,8.7,,,8.1,B+,3.5,True,2.35,2.44,Pass
6997,1461744,HK142_MI1003_L05,MI1003,-16,False,6.3,7.2,5.7,,,6.1,C,2.0,True,2.09,2.15,Pass
6998,1477237,HK142_MI1003_L05,MI1003,-16,False,4.6,6.8,6.3,,,6.1,C,2.0,True,1.56,1.62,Pass
6999,1431684,HK142_MI1003_L05,MI1003,-16,False,8.0,7.8,9.0,,,8.6,A,4.0,True,3.44,3.55,Pass
7000,1439813,HK142_MI1003_L05,MI1003,-16,False,8.7,7.4,8.1,,,8.1,B+,3.5,True,3.24,3.18,Pass
7001,1408984,HK142_MI1003_L05,MI1003,-16,False,7.5,6.9,7.5,,,7.4,B,3.0,True,2.94,2.88,Pass
7002,1428769,HK142_MI1003_L05,MI1003,-16,False,6.3,7.5,5.8,,,6.2,C,2.0,True,2.09,2.2,Pass
7003,1439044,HK142_MI1003_L05,MI1003,-16,False,6.9,7.2,6.7,,,6.8,C+,2.5,True,2.15,2.35,Pass
7004,1448401,HK142_MI1003_L05,MI1003,-16,False,8.0,6.3,6.5,,,6.8,C+,2.5,True,2.32,2.14,Pass
7005,1425242,HK142_MI1003_L05,MI1003,-16,False,6.1,6.2,5.9,,,6.0,C,2.0,True,2.03,2.08,Pass
7006,1480764,HK142_MI1003_L05,MI1003,-16,False,6.0,7.6,6.8,,,6.8,C+,2.5,True,2.71,2.56,Pass
7007,1484444,HK142_MI1003_L05,MI1003,-16,False,7.0,8.2,7.2,,,7.4,B,3.0,True,3.32,3.33,Pass
7008,1437357,HK142_MI1003_L05,MI1003,-16,False,8.6,8.3,10.0,,,9.4,A,4.0,True,3.95,3.97,Pass
7009,1451775,HK142_MI1003_L05,MI1003,-16,False,8.7,8.4,8.2,,,8.3,B+,3.5,True,3.06,3.11,Pass
7010,1458064,HK142_MI1003_L05,MI1003,-16,False,6.1,7.3,6.8,,,6.8,C+,2.5,True,2.44,2.32,Pass
7011,1456071,HK142_MI1003_L05,MI1003,-16,False,6.4,6.3,7.8,,,7.2,B,3.0,True,2.38,2.39,Pass
7012,1455455,HK142_MI1003_L05,MI1003,-16,False,5.8,4.3,7.1,,,6.3,C,2.0,True,1.85,1.97,Pass
7013,1426470,HK142_MI1003_L05,MI1003,-16,False,7.8,7.4,7.6,,,7.6,B,3.0,True,3.03,3.17,Pass
7014,1449782,HK142_MI1003_L05,MI1003,-16,False,7.2,7.1,6.4,,,6.7,C+,2.5,True,2.29,2.29,Pass
7015,1499168,HK142_MI1003_L05,MI1003,-16,False,6.5,6.5,7.7,,,7.2,B,3.0,True,2.24,2.35,Pass
7016,1497787,HK142_MI1003_L05,MI1003,-16,False,9.9,9.3,10.0,,,9.8,A+,4.0,True,3.88,3.93,Pass
7017,1408372,HK142_MI1003_L05,MI1003,-16,False,8.8,7.8,7.2,,,7.6,B,3.0,True,3.5,3.42,Pass
7018,1454843,HK142_MI1003_L05,MI1003,-16,False,5.7,8.1,6.1,,,6.4,C+,2.5,True,2.41,2.21,Pass
7019,1404688,HK142_MI1003_L05,MI1003,-16,False,7.2,6.5,6.5,,,6.6,C+,2.5,True,2.41,2.47,Pass
7020,1482298,HK142_MI1003_L05,MI1003,-16,False,9.0,9.4,8.6,,,8.8,A,4.0,True,3.97,3.94,Pass
7021,1407144,HK142_MI1003_L05,MI1003,-16,False,5.1,6.2,7.4,,,6.7,C+,2.5,True,2.03,2.03,Pass
7022,1429997,HK142_MI1003_L05,MI1003,-16,False,9.0,8.5,7.8,,,8.2,B+,3.5,True,3.15,3.03,Pass
7023,1436439,HK142_MI1003_L05,MI1003,-16,False,7.6,6.1,8.4,,,7.8,B,3.0,True,2.91,2.76,Pass
7024,1454384,HK142_MI1003_L05,MI1003,-16,False,7.9,6.8,7.4,,,7.4,B,3.0,True,2.12,2.17,Pass
7025,1424014,HK142_MI1003_L05,MI1003,-16,False,7.6,6.6,6.2,,,6.6,C+,2.5,True,2.0,2.06,Pass
7026,1471101,HK142_MI1003_L05,MI1003,-16,False,8.5,10.0,9.0,,,9.1,A,4.0,True,3.73,3.79,Pass
7027,1440731,HK142_MI1003_L05,MI1003,-16,False,6.7,7.7,7.9,,,7.6,B,3.0,True,3.12,2.98,Pass
7028,1456683,HK142_MI1003_L05,MI1003,-16,False,8.2,7.2,7.1,,,7.3,B,3.0,True,3.12,3.2,Pass
7029,1466499,HK142_MI1003_L05,MI1003,-16,False,6.2,5.6,6.8,,,6.4,C+,2.5,True,2.79,2.71,Pass
7030,1475240,HK142_MI1003_L05,MI1003,-16,False,5.6,6.3,5.5,,,5.7,C,2.0,True,2.44,2.3,Pass
7031,1442418,HK142_MI1003_L05,MI1003,-16,False,8.1,8.2,7.0,,,7.5,B,3.0,True,3.18,3.29,Pass
7032,1493648,HK142_MI1003_L05,MI1003,-16,False,2.2,4.6,3.9,,,3.7,F,0.0,False,0.8,1.04,Fail
7033,1421868,HK142_MI1003_L05,MI1003,-16,False,8.5,9.1,8.2,,,8.4,B+,3.5,True,3.41,3.21,Pass
7034,1494260,HK142_MI1003_L05,MI1003,-16,False,6.6,5.7,5.9,,,6.0,C,2.0,True,1.68,1.64,Pass
7035,1482604,HK142_MI1003_L05,MI1003,-16,False,9.4,7.6,8.5,,,8.5,A,4.0,True,3.68,3.64,Pass
7036,1402389,HK142_MI1003_L05,MI1003,-16,False,6.4,7.2,6.4,,,6.6,C+,2.5,True,2.59,2.47,Pass
7037,1405610,HK142_MI1003_L05,MI1003,-16,False,7.6,5.8,8.4,,,7.7,B,3.0,True,2.47,2.36,Pass
7038,1439660,HK142_MI1003_L05,MI1003,-16,False,8.2,10.0,9.5,,,9.3,A,4.0,True,3.76,3.7,Pass
7039,1450088,HK142_MI1003_L05,MI1003,-16,False,7.6,7.9,8.5,,,8.2,B+,3.5,True,2.94,2.97,Pass
7040,1403923,HK142_MI1003_L05,MI1003,-16,False,6.2,6.9,6.4,,,6.5,C+,2.5,True,2.21,2.33,Pass
7041,1477849,HK142_MI1003_L05,MI1003,-16,False,7.1,6.9,6.7,,,6.8,C+,2.5,True,2.5,2.42,Pass
7042,1465271,HK142_MI1003_L05,MI1003,-16,False,8.9,8.6,6.9,,,7.6,B,3.0,True,3.41,3.36,Pass
7043,1497481,HK142_MI1003_L05,MI1003,-16,False,7.2,6.5,7.8,,,7.4,B,3.0,True,2.21,2.27,Pass
7044,1481223,HK142_MI1003_L05,MI1003,-16,False,6.5,6.3,6.1,,,6.2,C,2.0,True,2.09,2.11,Pass
7045,1474169,HK142_MI1003_L05,MI1003,-16,False,8.2,7.8,7.9,,,7.9,B,3.0,True,3.35,3.15,Pass
7046,1411130,HK142_MI1003_L05,MI1003,-16,False,8.8,7.2,7.6,,,7.8,B,3.0,True,2.91,3.06,Pass
7047,1483832,HK142_MI1003_L05,MI1003,-16,False,6.4,7.0,6.2,,,6.4,C+,2.5,True,2.24,2.18,Pass
7048,1473094,HK142_MI1003_L05,MI1003,-16,False,5.9,8.3,8.6,,,8.0,B+,3.5,True,3.09,3.17,Pass
7049,1443187,HK142_MI1003_L05,MI1003,-16,False,4.5,8.1,5.7,,,5.9,C,2.0,True,2.0,2.05,Pass
7050,1475703,HK142_MI1003_L05,MI1003,-16,False,4.7,4.5,5.8,,,5.3,D+,1.5,True,2.0,1.98,Pass
7051,1410671,HK142_MI1003_L05,MI1003,-16,False,8.4,8.7,8.4,,,8.5,A,4.0,True,3.26,3.24,Pass
7052,1433065,HK142_MI1003_L05,MI1003,-16,False,4.4,4.7,3.8,,,4.1,D,1.0,True,0.8,1.06,Pass
7053,1402542,HK142_MI1003_L05,MI1003,-16,False,8.3,8.7,7.3,,,7.8,B,3.0,True,3.35,3.33,Pass
7054,1461591,HK142_MI1003_L05,MI1003,-16,False,6.7,8.7,5.7,,,6.5,C+,2.5,True,2.29,2.45,Pass
7055,1438738,HK142_MI1003_L05,MI1003,-16,False,6.6,7.3,8.2,,,7.7,B,3.0,True,3.29,3.15,Pass
7056,1415426,HK142_MI1003_L05,MI1003,-16,False,7.0,5.8,6.2,,,6.3,C,2.0,True,1.26,1.47,Pass
7057,1483216,HK142_MI1003_L05,MI1003,-16,False,5.4,4.7,4.9,,,5.0,D+,1.5,True,1.35,1.33,Pass
7058,1457605,HK142_MI1003_L05,MI1003,-16,False,6.4,6.4,6.2,,,6.3,C,2.0,True,2.38,2.2,Pass
7059,1418953,HK142_MI1003_L05,MI1003,-16,False,6.0,3.8,6.4,,,5.8,C,2.0,True,2.12,2.3,Pass
7060,1410365,HK142_MI1003_L05,MI1003,-16,False,9.0,8.9,9.1,,,9.0,A,4.0,True,3.65,3.65,Pass
7061,1423861,HK142_MI1003_L05,MI1003,-16,False,4.7,4.8,5.0,,,4.9,D,1.0,True,0.5,1.0,Pass
7062,1415273,HK142_MI1003_L05,MI1003,-16,False,6.8,6.4,6.4,,,6.5,C+,2.5,True,2.29,2.42,Pass
7063,1427388,HK142_MI1003_L05,MI1003,-16,False,6.9,5.1,6.9,,,6.5,C+,2.5,True,2.06,1.94,Pass
7064,1433371,HK142_MI1003_L05,MI1003,-16,False,7.3,5.8,6.2,,,6.3,C,2.0,True,2.06,1.94,Pass
7065,1417878,HK142_MI1003_L05,MI1003,-16,False,5.8,6.5,7.4,,,6.9,C+,2.5,True,1.82,1.82,Pass
7066,1499627,HK142_MI1003_L05,MI1003,-16,False,8.3,8.6,8.6,,,8.5,A,4.0,True,3.88,3.83,Pass
7067,1441653,HK142_MI1003_L05,MI1003,-16,False,5.5,5.3,4.9,,,5.1,D+,1.5,True,1.62,1.74,Pass
7068,1436286,HK142_MI1003_L05,MI1003,-16,False,10.0,8.5,9.3,,,9.3,A,4.0,True,3.85,3.78,Pass
7069,1410212,HK142_MI1003_L05,MI1003,-16,False,6.4,6.2,6.4,,,6.4,C+,2.5,True,2.18,2.14,Pass
7070,1451010,HK142_MI1003_L05,MI1003,-16,False,5.8,5.5,5.5,,,5.6,C,2.0,True,1.91,1.8,Pass
7071,1449476,HK142_MI1003_L05,MI1003,-16,False,8.5,8.5,8.0,,,8.2,B+,3.5,True,3.0,2.95,Pass
7072,1402236,HK142_LA1003_L01,LA1003,-16,True,4.5,4.3,3.9,,,4.1,D,1.0,True,1.47,1.42,Pass
7074,1482451,HK142_LA1003_L01,LA1003,-16,True,3.3,2.3,2.9,,,2.8,F,0.0,False,0.19,1.0,Fail
7075,1415426,HK142_LA1003_L01,LA1003,-16,True,4.0,2.0,3.7,,,3.2,F,0.0,False,1.26,1.47,Fail
7076,1469261,HK142_LA1003_L01,LA1003,-16,True,3.6,3.6,3.7,,,3.7,F,0.0,False,0.71,1.0,Fail
7077,1423861,HK142_LA1003_L01,LA1003,-16,True,3.5,4.4,3.4,,,3.7,F,0.0,False,0.5,1.0,Fail
7079,1427082,HK142_LA1003_L01,LA1003,-16,True,3.3,4.7,4.7,,,4.4,D,1.0,True,1.21,1.18,Pass
7080,1493185,HK142_LA1003_L01,LA1003,-16,True,3.2,4.9,4.2,,,4.2,D,1.0,True,1.09,1.07,Pass
7081,1462050,HK142_LA1003_L01,LA1003,-16,True,3.0,3.1,4.1,,,3.6,F,0.0,False,0.73,1.09,Fail
7082,1498862,HK142_LA1003_L01,LA1003,-16,True,3.6,3.0,3.7,,,3.5,F,0.0,False,0.91,1.05,Fail
7083,1453615,HK142_LA1003_L01,LA1003,-16,True,4.8,4.1,3.8,,,4.1,D,1.0,True,0.73,1.17,Pass
7084,1481376,HK142_LA1003_L01,LA1003,-16,True,3.4,3.6,1.9,,,2.7,F,0.0,False,0.0,,Fail
7086,1470948,HK142_LA1003_L01,LA1003,-16,True,2.7,3.5,2.1,,,2.6,F,0.0,False,0.45,1.27,Fail
7088,1453462,HK142_LA1003_L01,LA1003,-16,True,3.7,3.1,2.8,,,3.1,F,0.0,False,0.24,1.0,Fail
7089,1474934,HK142_LA1003_L01,LA1003,-16,True,3.0,3.5,3.8,,,3.5,F,0.0,False,0.55,1.0,Fail
7090,1405763,HK142_LA1003_L01,LA1003,-16,True,3.2,3.5,3.5,,,3.4,F,0.0,False,0.71,1.0,Fail
7091,1444721,HK142_LA1003_L01,LA1003,-16,True,5.1,5.0,4.0,,,4.5,D,1.0,True,1.62,1.76,Pass
7093,1493648,HK142_LA1003_L01,LA1003,-16,True,2.8,3.3,2.6,,,2.8,F,0.0,False,0.8,1.04,Fail
7094,1433065,HK142_LA1003_L01,LA1003,-16,True,4.3,2.4,2.6,,,2.9,F,0.0,False,0.8,1.06,Fail
7095,1483985,HK142_LA1003_L01,LA1003,-16,True,2.8,2.9,4.3,,,3.6,F,0.0,False,0.52,1.0,Fail
7096,1460210,HK142_LA1003_L01,LA1003,-16,True,3.5,3.5,3.2,,,3.4,F,0.0,False,0.67,1.0,Fail
7098,1406375,HK142_LA1003_L01,LA1003,-16,True,3.6,3.5,3.3,,,3.4,F,0.0,False,0.59,1.13,Fail
7100,1454690,HK142_LA1003_L01,LA1003,-16,True,2.5,1.7,2.7,,,2.4,F,0.0,False,0.32,1.0,Fail
7101,1449935,HK142_LA1003_L01,LA1003,-16,True,3.1,3.3,3.4,,,3.3,F,0.0,False,0.76,1.1,Fail
7102,1441959,HK142_LA1003_L01,LA1003,-16,True,2.6,4.2,2.1,,,2.8,F,0.0,False,0.32,1.0,Fail
7103,1404535,HK142_LA1003_L01,LA1003,-16,True,3.9,3.9,4.1,,,4.0,D,1.0,True,0.55,1.12,Pass
7104,1454537,HK142_LA1003_L01,LA1003,-16,True,4.1,2.9,2.7,,,3.0,F,0.0,False,0.71,1.0,Fail
7105,1408525,HK142_LA1003_L01,LA1003,-16,True,0.5,2.7,3.3,,,2.6,F,0.0,False,0.19,1.0,Fail
7107,1485519,HK142_LA1003_L01,LA1003,-16,True,4.3,6.5,3.5,,,4.6,D,1.0,True,0.94,1.3,Pass
7108,1417419,HK142_LA1003_L01,LA1003,-16,True,2.7,3.5,3.5,,,3.3,F,0.0,False,0.47,1.08,Fail
7109,1495641,HK142_LA1003_L01,LA1003,-16,True,4.0,4.6,6.0,,,5.2,D+,1.5,True,1.35,1.35,Pass
7110,1448860,HK142_CO1005_L01,CO1005,-16,True,3.3,,3.9,,3.3,3.6,F,0.0,False,0.57,1.09,Fail
7111,1483985,HK142_CO1005_L01,CO1005,-16,True,4.4,,3.2,,3.9,3.6,F,0.0,False,0.52,1.0,Fail
7112,1469261,HK142_CO1005_L01,CO1005,-16,True,4.5,,5.2,,4.3,4.8,D,1.0,True,0.71,1.0,Pass
7113,1404229,HK142_CO1005_L01,CO1005,-16,True,4.0,,3.0,,2.3,3.0,F,0.0,False,0.45,1.0,Fail
7115,1425701,HK142_CO1005_L01,CO1005,-16,True,2.7,,4.5,,3.2,3.8,F,0.0,False,0.55,1.0,Fail
7116,1493648,HK142_CO1005_L01,CO1005,-16,True,3.0,,2.9,,2.9,2.9,F,0.0,False,0.8,1.04,Fail
7117,1453615,HK142_CO1005_L01,CO1005,-16,True,3.1,,3.7,,3.4,3.5,F,0.0,False,0.73,1.17,Fail
7118,1423861,HK142_CO1005_L01,CO1005,-16,True,4.3,,1.6,,2.7,2.5,F,0.0,False,0.5,1.0,Fail
7119,1470948,HK142_CO1005_L01,CO1005,-16,True,4.1,,2.7,,2.0,2.8,F,0.0,False,0.45,1.27,Fail
7120,1457758,HK142_CO1005_L01,CO1005,-16,True,3.5,,4.1,,4.0,3.9,F,0.0,False,0.82,1.12,Fail
7122,1424167,HK142_CO1005_L01,CO1005,-16,True,4.5,,3.9,,4.8,4.3,D,1.0,True,1.27,1.38,Pass
7123,1481376,HK142_CO1005_L01,CO1005,-16,True,2.9,,1.3,,2.9,2.1,F,0.0,False,0.0,,Fail
7124,1417419,HK142_CO1005_L01,CO1005,-16,True,1.8,,2.8,,1.1,2.1,F,0.0,False,0.47,1.08,Fail
7125,1454537,HK142_CO1005_L01,CO1005,-16,True,3.4,,3.0,,4.1,3.4,F,0.0,False,0.71,1.0,Fail
7126,1453462,HK142_CO1005_L01,CO1005,-16,True,3.2,,3.7,,3.2,3.5,F,0.0,False,0.24,1.0,Fail
7127,1483216,HK142_CO1005_L01,CO1005,-16,True,5.2,,5.1,,5.7,5.3,D+,1.5,True,1.35,1.33,Pass
7128,1462050,HK142_CO1005_L01,CO1005,-16,True,3.7,,2.8,,2.9,3.0,F,0.0,False,0.73,1.09,Fail
7129,1441959,HK142_CO1005_L01,CO1005,-16,True,2.2,,3.3,,3.7,3.2,F,0.0,False,0.32,1.0,Fail
7130,1405763,HK142_CO1005_L01,CO1005,-16,True,2.6,,4.2,,2.3,3.3,F,0.0,False,0.71,1.0,Fail
7131,1406375,HK142_CO1005_L01,CO1005,-16,True,3.0,,3.7,,4.0,3.7,F,0.0,False,0.59,1.13,Fail
7132,1404535,HK142_CO1005_L01,CO1005,-16,True,3.3,,3.9,,3.0,3.5,F,0.0,False,0.55,1.12,Fail
7133,1408525,HK142_CO1005_L01,CO1005,-16,True,1.4,,2.5,,3.0,2.4,F,0.0,False,0.19,1.0,Fail
7134,1474934,HK142_CO1005_L01,CO1005,-16,True,3.5,,3.8,,3.9,3.8,F,0.0,False,0.55,1.0,Fail
7136,1454690,HK142_CO1005_L01,CO1005,-16,True,4.8,,3.8,,3.1,3.8,F,0.0,False,0.32,1.0,Fail
7138,1433065,HK142_CO1005_L01,CO1005,-16,True,3.6,,6.3,,4.3,5.2,D+,1.5,True,0.8,1.06,Pass
7139,1433983,HK142_CO1023_L01,CO1023,-16,True,5.8,,3.2,,5.2,4.1,D,1.0,True,1.75,1.74,Pass
7140,1433065,HK142_CO1023_L01,CO1023,-16,True,4.1,,4.2,,4.3,4.2,D,1.0,True,0.8,1.06,Pass
7141,1406375,HK142_CO1023_L01,CO1023,-16,True,5.2,,4.9,,3.6,4.7,D,1.0,True,0.59,1.13,Pass
7142,1454690,HK142_CO1023_L01,CO1023,-16,True,3.8,,3.8,,3.7,3.8,F,0.0,False,0.32,1.0,Fail
7143,1462050,HK142_CO1023_L01,CO1023,-16,True,5.0,,3.7,,4.0,4.0,D,1.0,True,0.73,1.09,Pass
7144,1404535,HK142_CO1023_L01,CO1023,-16,True,4.8,,3.6,,4.2,4.0,D,1.0,True,0.55,1.12,Pass
7145,1481376,HK142_CO1023_L01,CO1023,-16,True,4.8,,2.0,,3.9,2.9,F,0.0,False,0.0,,Fail
7146,1449935,HK142_CO1023_L01,CO1023,-16,True,4.2,,4.1,,3.6,4.0,D,1.0,True,0.76,1.1,Pass
7147,1448860,HK142_CO1023_L01,CO1023,-16,True,3.5,,3.4,,4.3,3.6,F,0.0,False,0.57,1.09,Fail
7148,1470948,HK142_CO1023_L01,CO1023,-16,True,5.0,,6.0,,4.3,5.5,C,2.0,True,0.45,1.27,Pass
7149,1453615,HK142_CO1023_L01,CO1023,-16,True,4.7,,3.7,,3.9,3.9,F,0.0,False,0.73,1.17,Fail
7151,1405763,HK142_CO1023_L01,CO1023,-16,True,2.7,,4.9,,2.6,4.0,D,1.0,True,0.71,1.0,Pass
7152,1460210,HK142_CO1023_L01,CO1023,-16,True,4.6,,5.2,,4.2,4.9,D,1.0,True,0.67,1.0,Pass
7153,1441959,HK142_CO1023_L01,CO1023,-16,True,4.9,,3.7,,3.3,3.9,F,0.0,False,0.32,1.0,Fail
7154,1423861,HK142_CO1023_L01,CO1023,-16,True,4.0,,4.5,,4.8,4.5,D,1.0,True,0.5,1.0,Pass
7156,1404229,HK142_CO1023_L01,CO1023,-16,True,3.5,,3.1,,3.7,3.3,F,0.0,False,0.45,1.0,Fail
7157,1408525,HK142_MT1003_L01,MT1003,-16,True,4.2,3.9,4.1,,,4.1,D,1.0,True,0.19,1.0,Pass
7158,1469261,HK142_MT1003_L01,MT1003,-16,True,3.5,4.6,4.3,,,4.2,D,1.0,True,0.71,1.0,Pass
7159,1454537,HK142_MT1003_L01,MT1003,-16,True,3.5,4.8,4.3,,,4.2,D,1.0,True,0.71,1.0,Pass
7160,1481376,HK142_MT1003_L01,MT1003,-16,True,3.2,3.8,3.9,,,3.7,F,0.0,False,0.0,,Fail
7161,1405763,HK142_MT1003_L01,MT1003,-16,True,4.6,4.2,4.1,,,4.2,D,1.0,True,0.71,1.0,Pass
7162,1483985,HK142_MT1003_L01,MT1003,-16,True,3.8,4.5,5.4,,,4.9,D,1.0,True,0.52,1.0,Pass
7163,1460210,HK142_MT1003_L01,MT1003,-16,True,4.3,5.1,3.7,,,4.1,D,1.0,True,0.67,1.0,Pass
7164,1404229,HK142_MT1003_L01,MT1003,-16,True,3.6,3.4,3.3,,,3.4,F,0.0,False,0.45,1.0,Fail
7165,1448860,HK142_MT1003_L01,MT1003,-16,True,3.9,4.7,4.3,,,4.3,D,1.0,True,0.57,1.09,Pass
7166,1482451,HK142_MT1003_L01,MT1003,-16,True,4.5,3.6,3.7,,,3.8,F,0.0,False,0.19,1.0,Fail
7167,1493185,HK142_MT1003_L01,MT1003,-16,True,5.3,4.7,4.7,,,4.8,D,1.0,True,1.09,1.07,Pass
7168,1449935,HK142_MT1003_L01,MT1003,-16,True,5.4,4.4,5.5,,,5.3,D+,1.5,True,0.76,1.1,Pass
7169,1404535,HK142_MT1003_L01,MT1003,-16,True,3.5,4.5,4.1,,,4.1,D,1.0,True,0.55,1.12,Pass
7170,1441959,HK142_MT1003_L01,MT1003,-16,True,3.7,3.3,4.7,,,4.2,D,1.0,True,0.32,1.0,Pass
7171,1470948,HK142_PE1003_L01,PE1003,-16,True,4.1,2.9,4.6,,,4.2,D,1.0,True,0.45,1.27,Pass
7172,1474934,HK142_PE1003_L01,PE1003,-16,True,4.1,4.4,4.2,,,4.2,D,1.0,True,0.55,1.0,Pass
7173,1408525,HK142_PE1003_L01,PE1003,-16,True,4.2,3.8,3.1,,,3.5,F,0.0,False,0.19,1.0,Fail
7174,1417419,HK142_PE1003_L01,PE1003,-16,True,4.2,4.3,4.4,,,4.3,D,1.0,True,0.47,1.08,Pass
7175,1454690,HK142_PE1003_L01,PE1003,-16,True,3.0,3.5,3.9,,,3.6,F,0.0,False,0.32,1.0,Fail
7176,1425701,HK142_PE1003_L01,PE1003,-16,True,4.7,5.1,3.1,,,3.8,F,0.0,False,0.55,1.0,Fail
7177,1404535,HK142_PE1003_L01,PE1003,-16,True,4.2,3.8,4.5,,,4.3,D,1.0,True,0.55,1.12,Pass
7178,1404229,HK142_PE1003_L01,PE1003,-16,True,3.4,3.2,4.4,,,4.0,D,1.0,True,0.45,1.0,Pass
7179,1482451,HK142_PE1003_L01,PE1003,-16,True,3.6,4.1,4.2,,,4.1,D,1.0,True,0.19,1.0,Pass
7180,1481376,HK142_PE1003_L01,PE1003,-16,True,3.7,5.3,3.2,,,3.7,F,0.0,False,0.0,,Fail
7181,1441959,HK142_PE1003_L01,PE1003,-16,True,4.2,3.5,3.5,,,3.6,F,0.0,False,0.32,1.0,Fail
7182,1454537,HK142_PH1003_L01,PH1003,-16,True,5.3,3.8,4.4,,,4.5,D,1.0,True,0.71,1.0,Pass
7183,1481376,HK142_PH1003_L01,PH1003,-16,True,3.8,3.4,4.1,,,3.9,F,0.0,False,0.0,,Fail
7184,1406375,HK142_PH1003_L01,PH1003,-16,True,4.8,3.2,4.0,,,4.0,D,1.0,True,0.59,1.13,Pass
7185,1453462,HK142_PH1003_L01,PH1003,-16,True,3.8,4.4,4.3,,,4.2,D,1.0,True,0.24,1.0,Pass
7186,1470948,HK142_PH1003_L01,PH1003,-16,True,3.8,4.4,2.8,,,3.3,F,0.0,False,0.45,1.27,Fail
7187,1493185,HK142_PH1003_L01,PH1003,-16,True,4.9,5.0,5.7,,,5.4,D+,1.5,True,1.09,1.07,Pass
7188,1483985,HK142_PH1003_L01,PH1003,-16,True,3.3,3.2,3.2,,,3.2,F,0.0,False,0.52,1.0,Fail
7189,1467574,HK142_PH1003_L01,PH1003,-16,True,6.5,6.2,5.8,,,6.0,C,2.0,True,2.24,2.35,Pass
7192,1405763,HK142_PH1003_L01,PH1003,-16,True,5.3,3.2,4.8,,,4.6,D,1.0,True,0.71,1.0,Pass
7193,1328438,HK142_LA1009_L01,LA1009,-16,False,7.3,6.7,7.6,,,7.3,B,3.0,True,3.12,2.89,Pass
7194,1318506,HK142_LA1009_L01,LA1009,-16,False,6.0,5.6,5.3,,,5.5,C,2.0,True,2.06,1.95,Pass
7195,1322743,HK142_LA1009_L01,LA1009,-16,False,5.6,6.1,6.6,,,6.2,C,2.0,True,2.09,2.3,Pass
7196,1322880,HK142_LA1009_L01,LA1009,-16,False,7.4,5.2,6.5,,,6.3,C,2.0,True,1.97,1.94,Pass
7197,1329030,HK142_LA1009_L01,LA1009,-16,False,5.8,7.0,7.1,,,6.8,C+,2.5,True,2.06,2.2,Pass
7198,1335909,HK142_LA1009_L01,LA1009,-16,False,6.5,7.0,7.9,,,7.4,B,3.0,True,2.35,2.36,Pass
7199,1373905,HK142_LA1009_L01,LA1009,-16,False,7.1,6.2,5.9,,,6.2,C,2.0,True,2.21,2.36,Pass
7200,1380055,HK142_LA1009_L01,LA1009,-16,False,7.1,7.5,4.7,,,6.0,C,2.0,True,2.41,2.39,Pass
7201,1368347,HK142_LA1009_L01,LA1009,-16,False,7.3,6.3,6.7,,,6.7,C+,2.5,True,2.44,2.28,Pass
7202,1327709,HK142_LA1009_L01,LA1009,-16,False,6.0,8.1,6.3,,,6.8,C+,2.5,True,2.65,2.49,Pass
7203,1311764,HK142_LA1009_L01,LA1009,-16,False,5.4,6.9,4.7,,,5.5,C,2.0,True,1.74,1.6,Pass
7204,1377550,HK142_LA1009_L01,LA1009,-16,False,4.7,4.9,5.2,,,5.0,D+,1.5,True,1.53,1.52,Pass
7205,1353586,HK142_LA1009_L01,LA1009,-16,False,6.3,5.5,5.3,,,5.6,C,2.0,True,2.21,2.12,Pass
7206,1313085,HK142_LA1009_L01,LA1009,-16,False,5.7,6.5,6.1,,,6.1,C,2.0,True,2.41,2.3,Pass
7207,1369076,HK142_LA1009_L01,LA1009,-16,False,5.4,6.7,6.3,,,6.2,C,2.0,True,1.5,1.69,Pass
7208,1325067,HK142_LA1009_L01,LA1009,-16,False,7.2,8.4,6.5,,,7.2,B,3.0,True,2.79,2.78,Pass
7209,1358278,HK142_LA1009_L01,LA1009,-16,False,7.1,6.0,5.0,,,5.7,C,2.0,True,2.41,2.45,Pass
7210,1321559,HK142_LA1009_L01,LA1009,-16,False,7.2,6.2,7.3,,,6.9,C+,2.5,True,2.62,2.53,Pass
7211,1341149,HK142_LA1009_L01,LA1009,-16,False,5.9,6.1,5.0,,,5.5,C,2.0,True,1.61,1.67,Pass
7212,1389850,HK142_LA1009_L01,LA1009,-16,False,5.9,7.0,6.1,,,6.3,C,2.0,True,1.82,1.64,Pass
7213,1300966,HK142_LA1009_L01,LA1009,-16,False,4.6,5.1,5.6,,,5.2,D+,1.5,True,1.59,1.69,Pass
7214,1322151,HK142_LA1009_L01,LA1009,-16,False,7.4,5.7,7.3,,,6.8,C+,2.5,True,2.18,2.23,Pass
7215,1325796,HK142_LA1009_L01,LA1009,-16,False,9.1,7.2,7.1,,,7.5,B,3.0,True,3.18,3.23,Pass
7216,1303882,HK142_LA1009_L01,LA1009,-16,False,7.7,7.5,8.3,,,7.9,B,3.0,True,3.32,3.38,Pass
7217,1368939,HK142_LA1009_L01,LA1009,-16,False,5.1,6.6,7.5,,,6.8,C+,2.5,True,2.29,2.24,Pass
7218,1358552,HK142_LA1009_L01,LA1009,-16,False,7.0,7.7,8.2,,,7.8,B,3.0,True,2.65,2.52,Pass
7219,1373039,HK142_LA1009_L01,LA1009,-16,False,7.2,7.8,6.6,,,7.1,B,3.0,True,2.59,2.71,Pass
7220,1364839,HK142_LA1009_L01,LA1009,-16,False,7.0,7.0,6.6,,,6.8,C+,2.5,True,2.15,2.09,Pass
7221,1386342,HK142_LA1009_L01,LA1009,-16,False,8.4,7.7,7.6,,,7.8,B,3.0,True,3.0,3.33,Pass
7222,1346844,HK142_LA1009_L01,LA1009,-16,False,6.6,7.1,7.0,,,7.0,B,3.0,True,2.91,2.78,Pass
7223,1336320,HK142_LA1009_L01,LA1009,-16,False,5.3,6.8,5.5,,,5.8,C,2.0,True,2.47,2.3,Pass
7224,1335591,HK142_LA1009_L01,LA1009,-16,False,8.0,6.9,6.0,,,6.7,C+,2.5,True,2.68,2.42,Pass
7225,1305477,HK142_LA1009_L01,LA1009,-16,False,7.5,7.4,5.8,,,6.6,C+,2.5,True,2.62,2.77,Pass
7226,1342333,HK142_LA1009_L01,LA1009,-16,False,5.7,5.4,6.5,,,6.0,C,2.0,True,2.5,2.3,Pass
7227,1398598,HK142_LA1009_L01,LA1009,-16,False,5.4,7.4,7.5,,,7.1,B,3.0,True,2.68,2.74,Pass
7228,1301832,HK142_LA1009_L01,LA1009,-16,False,6.3,7.2,5.2,,,6.0,C,2.0,True,1.47,1.34,Pass
7229,1350215,HK142_LA1009_L01,LA1009,-16,False,6.4,6.5,5.5,,,6.0,C,2.0,True,2.35,2.27,Pass
7230,1336638,HK142_LA1009_L01,LA1009,-16,False,8.3,8.0,8.4,,,8.3,B+,3.5,True,3.5,3.29,Pass
7231,1379008,HK142_LA1009_L01,LA1009,-16,False,7.3,6.6,7.4,,,7.1,B,3.0,True,2.74,2.73,Pass
7232,1313677,HK142_LA1009_L01,LA1009,-16,False,7.4,8.6,8.6,,,8.4,B+,3.5,True,3.06,3.16,Pass
7233,1311627,HK142_LA1009_L01,LA1009,-16,False,7.3,6.0,6.4,,,6.5,C+,2.5,True,2.29,2.19,Pass
7234,1334588,HK142_LA1009_L01,LA1009,-16,False,8.0,7.1,5.8,,,6.6,C+,2.5,True,2.47,2.45,Pass
7235,1370534,HK142_LA1009_L01,LA1009,-16,False,5.6,5.0,6.0,,,5.6,C,2.0,True,2.38,2.43,Pass
7236,1397595,HK142_LA1009_L01,LA1009,-16,False,6.8,7.4,6.5,,,6.8,C+,2.5,True,2.38,2.27,Pass
7237,1318643,HK142_LA1009_L01,LA1009,-16,False,7.5,4.8,6.9,,,6.4,C+,2.5,True,2.35,2.36,Pass
7238,1340146,HK142_LA1009_L01,LA1009,-16,False,5.3,7.4,6.0,,,6.3,C,2.0,True,2.03,2.26,Pass
7239,1387345,HK142_LA1009_L01,LA1009,-16,False,8.3,6.5,8.4,,,7.8,B,3.0,True,3.0,3.11,Pass
7240,1383700,HK142_LA1009_L01,LA1009,-16,False,7.1,7.5,7.2,,,7.3,B,3.0,True,3.21,3.08,Pass
7241,1388803,HK142_LA1009_L01,LA1009,-16,False,6.9,7.7,6.9,,,7.1,B,3.0,True,2.41,2.3,Pass
7242,1314998,HK142_LA1009_L01,LA1009,-16,False,7.9,5.7,5.2,,,5.9,C,2.0,True,2.21,2.27,Pass
7243,1307664,HK142_LA1009_L01,LA1009,-16,False,6.6,6.1,7.3,,,6.8,C+,2.5,True,2.44,2.46,Pass
7244,1367618,HK142_LA1009_L01,LA1009,-16,False,7.4,7.4,7.7,,,7.6,B,3.0,True,2.41,2.6,Pass
7245,1375226,HK142_LA1009_L01,LA1009,-16,False,7.4,7.9,5.6,,,6.7,C+,2.5,True,2.71,2.63,Pass
7246,1394816,HK142_LA1009_L01,LA1009,-16,False,8.2,6.7,6.0,,,6.6,C+,2.5,True,2.21,2.3,Pass
7247,1390124,HK142_LA1009_L01,LA1009,-16,False,7.5,8.4,8.4,,,8.2,B+,3.5,True,3.47,3.38,Pass
7248,1355636,HK142_LA1009_L01,LA1009,-16,False,5.8,5.7,6.6,,,6.2,C,2.0,True,1.76,1.8,Pass
7249,1322288,HK142_LA1009_L01,LA1009,-16,False,5.9,5.3,5.5,,,5.5,C,2.0,True,2.18,2.24,Pass
7250,1302424,HK142_LA1009_L01,LA1009,-16,False,6.0,4.4,5.2,,,5.1,D+,1.5,True,1.71,1.84,Pass
7251,1304885,HK142_LA1009_L01,LA1009,-16,False,6.1,6.0,5.8,,,5.9,C,2.0,True,2.32,2.23,Pass
7252,1353860,HK142_LA1009_L01,LA1009,-16,False,5.5,6.1,6.1,,,6.0,C,2.0,True,2.32,2.22,Pass
7253,1331217,HK142_LA1009_L01,LA1009,-16,False,5.9,6.0,5.8,,,5.9,C,2.0,True,1.92,1.74,Pass
7254,1371855,HK142_LA1009_L01,LA1009,-16,False,5.4,4.6,5.4,,,5.2,D+,1.5,True,1.47,1.37,Pass
7255,1384429,HK142_LA1009_L01,LA1009,-16,False,5.8,5.4,6.4,,,6.0,C,2.0,True,2.09,2.33,Pass
7256,1378279,HK142_LA1009_L01,LA1009,-16,False,6.9,7.2,6.1,,,6.6,C+,2.5,True,2.18,2.11,Pass
7257,1349486,HK142_LA1009_L01,LA1009,-16,False,8.8,8.5,8.0,,,8.3,B+,3.5,True,3.53,3.5,Pass
7258,1313222,HK142_LA1009_L01,LA1009,-16,False,7.8,8.2,7.5,,,7.8,B,3.0,True,3.12,3.33,Pass
7259,1387800,HK142_LA1009_L01,LA1009,-16,False,6.8,7.8,6.1,,,6.8,C+,2.5,True,2.5,2.35,Pass
7260,1315272,HK142_LA1009_L01,LA1009,-16,False,7.0,5.8,5.8,,,6.0,C,2.0,True,2.15,2.2,Pass
7261,1361786,HK142_LA1009_L01,LA1009,-16,False,7.6,6.7,8.5,,,7.8,B,3.0,True,3.09,3.17,Pass
7262,1342925,HK142_LA1009_L01,LA1009,-16,False,6.8,6.8,5.6,,,6.2,C,2.0,True,2.0,2.06,Pass
7263,1352720,HK142_LA1009_L01,LA1009,-16,False,7.6,8.8,8.2,,,8.3,B+,3.5,True,3.29,3.17,Pass
7264,1340283,HK142_LA1009_L01,LA1009,-16,False,7.3,7.2,7.3,,,7.3,B,3.0,True,2.5,2.37,Pass
7265,1371718,HK142_LA1009_L01,LA1009,-16,False,8.1,7.8,7.4,,,7.7,B,3.0,True,3.09,3.2,Pass
7266,1347891,HK142_LA1009_L01,LA1009,-16,False,6.2,7.2,6.2,,,6.5,C+,2.5,True,2.09,1.97,Pass
7267,1381650,HK142_LA1009_L01,LA1009,-16,False,6.7,6.0,6.5,,,6.4,C+,2.5,True,2.18,2.19,Pass
7268,1333267,HK142_LA1009_L01,LA1009,-16,False,4.7,5.3,4.9,,,5.0,D+,1.5,True,1.72,1.42,Pass
7269,1309714,HK142_LA1009_L01,LA1009,-16,False,6.2,7.8,7.3,,,7.2,B,3.0,True,3.12,3.0,Pass
7270,1357231,HK142_LA1009_L01,LA1009,-16,False,6.5,6.7,5.4,,,6.0,C,2.0,True,2.44,2.33,Pass
7271,1363518,HK142_LA1009_L01,LA1009,-16,False,6.6,6.8,7.6,,,7.2,B,3.0,True,3.0,2.94,Pass
7272,1392629,HK142_LA1009_L01,LA1009,-16,False,5.7,6.3,5.5,,,5.8,C,2.0,True,2.26,2.17,Pass
7273,1338233,HK142_LA1009_L01,LA1009,-16,False,5.8,6.2,7.5,,,6.8,C+,2.5,True,2.41,2.3,Pass
7274,1336183,HK142_LA1009_L01,LA1009,-16,False,9.2,7.0,7.4,,,7.6,B,3.0,True,2.79,2.92,Pass
7275,1320693,HK142_LA1009_L01,LA1009,-16,False,6.5,6.7,6.6,,,6.6,C+,2.5,True,2.44,2.46,Pass
7276,1309440,HK142_LA1009_L01,LA1009,-16,False,6.8,5.8,7.5,,,6.8,C+,2.5,True,2.44,2.35,Pass
7277,1306935,HK142_LA1009_L01,LA1009,-16,False,6.4,6.5,5.8,,,6.1,C,2.0,True,2.26,2.23,Pass
7278,1306798,HK142_LA1009_L01,LA1009,-16,False,7.1,7.4,8.3,,,7.8,B,3.0,True,3.06,3.09,Pass
7279,1323017,HK142_LA1009_L01,LA1009,-16,False,6.5,6.4,7.1,,,6.8,C+,2.5,True,2.5,2.42,Pass
7280,1368073,HK142_LA1009_L01,LA1009,-16,False,6.5,6.1,7.2,,,6.7,C+,2.5,True,2.47,2.47,Pass
7281,1380192,HK142_LA1009_L01,LA1009,-16,False,6.5,5.9,6.1,,,6.1,C,2.0,True,1.88,1.9,Pass
7282,1384566,HK142_LA1009_L01,LA1009,-16,False,7.1,8.1,6.4,,,7.0,B,3.0,True,3.26,3.31,Pass
7283,1361331,HK142_LA1009_L02,LA1009,-16,False,9.3,8.9,8.5,,,8.8,A,4.0,True,3.29,3.35,Pass
7284,1350078,HK142_LA1009_L02,LA1009,-16,False,5.1,6.1,5.9,,,5.8,C,2.0,True,1.82,1.92,Pass
7285,1316319,HK142_LA1009_L02,LA1009,-16,False,5.9,5.3,5.5,,,5.5,C,2.0,True,2.26,2.39,Pass
7286,1313814,HK142_LA1009_L02,LA1009,-16,False,7.0,7.6,6.7,,,7.0,B,3.0,True,3.15,3.1,Pass
7287,1346115,HK142_LA1009_L02,LA1009,-16,False,6.8,6.0,7.9,,,7.1,B,3.0,True,2.24,2.32,Pass
7288,1382971,HK142_LA1009_L02,LA1009,-16,False,6.8,8.1,7.7,,,7.6,B,3.0,True,2.82,2.63,Pass
7289,1306069,HK142_LA1009_L02,LA1009,-16,False,7.3,8.1,8.3,,,8.0,B+,3.5,True,3.59,3.45,Pass
7290,1396274,HK142_LA1009_L02,LA1009,-16,False,6.4,6.7,6.7,,,6.6,C+,2.5,True,2.35,2.33,Pass
7291,1351399,HK142_LA1009_L02,LA1009,-16,False,6.2,7.4,7.1,,,7.0,B,3.0,True,2.59,2.38,Pass
7292,1323472,HK142_LA1009_L02,LA1009,-16,False,5.9,7.8,6.3,,,6.7,C+,2.5,True,2.26,2.5,Pass
7293,1392766,HK142_LA1009_L02,LA1009,-16,False,9.0,6.0,6.0,,,6.6,C+,2.5,True,2.62,2.62,Pass
7294,1309577,HK142_LA1009_L02,LA1009,-16,False,6.9,7.0,5.6,,,6.3,C,2.0,True,2.5,2.33,Pass
7295,1312356,HK142_LA1009_L02,LA1009,-16,False,8.3,8.4,6.3,,,7.3,B,3.0,True,2.82,2.78,Pass
7296,1364976,HK142_LA1009_L02,LA1009,-16,False,8.9,7.7,8.7,,,8.4,B+,3.5,True,3.35,3.2,Pass
7297,1303427,HK142_LA1009_L02,LA1009,-16,False,6.3,6.3,6.8,,,6.5,C+,2.5,True,2.65,2.57,Pass
7298,1308711,HK142_LA1009_L02,LA1009,-16,False,8.7,9.2,8.5,,,8.8,A,4.0,True,3.44,3.63,Pass
7299,1312948,HK142_LA1009_L02,LA1009,-16,False,6.6,6.2,6.9,,,6.6,C+,2.5,True,2.65,2.59,Pass
7300,1302106,HK142_LA1009_L02,LA1009,-16,False,7.5,7.6,7.5,,,7.5,B,3.0,True,2.71,2.6,Pass
7301,1313540,HK142_LA1009_L02,LA1009,-16,False,5.8,5.3,5.8,,,5.7,C,2.0,True,1.79,1.73,Pass
7302,1369531,HK142_LA1009_L02,LA1009,-16,False,4.9,6.9,6.5,,,6.3,C,2.0,True,1.91,2.0,Pass
7303,1383563,HK142_LA1009_L02,LA1009,-16,False,7.1,6.2,7.4,,,7.0,B,3.0,True,2.88,2.7,Pass
7304,1348165,HK142_LA1009_L02,LA1009,-16,False,6.3,4.7,5.4,,,5.4,D+,1.5,True,1.76,1.74,Pass
7305,1341878,HK142_LA1009_L02,LA1009,-16,False,5.6,6.9,5.5,,,5.9,C,2.0,True,2.82,2.77,Pass
7306,1386479,HK142_LA1009_L02,LA1009,-16,False,5.7,8.2,6.3,,,6.8,C+,2.5,True,2.47,2.4,Pass
7307,1324064,HK142_LA1009_L02,LA1009,-16,False,7.8,6.8,5.9,,,6.6,C+,2.5,True,2.59,2.45,Pass
7308,1353131,HK142_LA1009_L02,LA1009,-16,False,7.0,6.7,8.8,,,7.8,B,3.0,True,3.53,3.45,Pass
7309,1369668,HK142_LA1009_L02,LA1009,-16,False,6.4,6.7,7.2,,,6.9,C+,2.5,True,2.09,2.33,Pass
7310,1373176,HK142_LA1009_L02,LA1009,-16,False,4.5,6.3,5.2,,,5.4,D+,1.5,True,1.94,1.93,Pass
7311,1376092,HK142_LA1009_L02,LA1009,-16,False,4.8,5.5,5.3,,,5.3,D+,1.5,True,2.41,2.57,Pass
7312,1340875,HK142_LA1009_L02,LA1009,-16,False,6.2,6.2,6.1,,,6.2,C,2.0,True,1.97,1.79,Pass
7313,1343199,HK142_LA1009_L02,LA1009,-16,False,6.8,5.0,5.9,,,5.8,C,2.0,True,2.29,2.16,Pass
7314,1362652,HK142_LA1009_L02,LA1009,-16,False,5.7,5.4,4.5,,,5.0,D+,1.5,True,1.78,1.56,Pass
7315,1357823,HK142_LA1009_L02,LA1009,-16,False,6.3,5.8,6.6,,,6.3,C,2.0,True,1.94,2.05,Pass
7316,1380329,HK142_LA1009_L02,LA1009,-16,False,9.3,8.0,7.9,,,8.2,B+,3.5,True,3.06,3.2,Pass
7317,1355773,HK142_LA1009_L02,LA1009,-16,False,5.8,5.1,6.2,,,5.8,C,2.0,True,2.0,1.95,Pass
7318,1340420,HK142_LA1009_L02,LA1009,-16,False,5.2,6.4,6.2,,,6.1,C,2.0,True,1.79,1.76,Pass
7319,1366160,HK142_LA1009_L02,LA1009,-16,False,6.2,6.4,4.6,,,5.5,C,2.0,True,2.35,2.21,Pass
7320,1349212,HK142_LA1009_L02,LA1009,-16,False,6.4,5.5,7.2,,,6.5,C+,2.5,True,2.44,2.32,Pass
7321,1379326,HK142_LA1009_L02,LA1009,-16,False,8.3,6.7,6.2,,,6.8,C+,2.5,True,3.21,3.33,Pass
7322,1317914,HK142_LA1009_L02,LA1009,-16,False,7.7,5.7,7.3,,,6.9,C+,2.5,True,2.26,2.49,Pass
7323,1315727,HK142_LA1009_L02,LA1009,-16,False,6.3,6.6,6.6,,,6.5,C+,2.5,True,2.44,2.41,Pass
7324,1303153,HK142_LA1009_L02,LA1009,-16,False,7.5,6.4,5.8,,,6.3,C,2.0,True,2.35,2.38,Pass
7325,1386024,HK142_LA1009_L02,LA1009,-16,False,8.9,7.8,8.2,,,8.2,B+,3.5,True,3.5,3.25,Pass
7326,1366297,HK142_LA1009_L02,LA1009,-16,False,6.1,7.1,5.7,,,6.2,C,2.0,True,2.26,2.19,Pass
7327,1357686,HK142_LA1009_L02,LA1009,-16,False,9.0,10.0,8.2,,,8.9,A,4.0,True,3.71,3.58,Pass
7328,1390579,HK142_LA1009_L02,LA1009,-16,False,7.8,6.3,6.2,,,6.6,C+,2.5,True,3.03,2.64,Pass
7329,1356639,HK142_LA1009_L02,LA1009,-16,False,5.9,6.4,6.8,,,6.5,C+,2.5,True,2.32,2.1,Pass
7330,1366889,HK142_LA1009_L02,LA1009,-16,False,7.1,6.5,6.8,,,6.8,C+,2.5,True,2.68,2.62,Pass
7331,1360465,HK142_LA1009_L02,LA1009,-16,False,6.3,6.3,6.9,,,6.6,C+,2.5,True,2.68,2.52,Pass
7332,1391582,HK142_LA1009_L02,LA1009,-16,False,6.2,7.4,6.0,,,6.5,C+,2.5,True,2.41,2.44,Pass
7333,1315864,HK142_LA1009_L02,LA1009,-16,False,5.0,7.0,6.0,,,6.1,C,2.0,True,2.59,2.23,Pass
7334,1364702,HK142_LA1009_L02,LA1009,-16,False,4.6,8.1,5.2,,,5.9,C,2.0,True,1.94,1.88,Pass
7335,1356228,HK142_LA1009_L02,LA1009,-16,False,6.2,7.0,6.7,,,6.7,C+,2.5,True,2.53,2.45,Pass
7336,1307390,HK142_LA1009_L02,LA1009,-16,False,6.4,8.3,6.7,,,7.1,B,3.0,True,3.0,3.03,Pass
7337,1393495,HK142_LA1009_L02,LA1009,-16,False,7.5,7.0,7.1,,,7.2,B,3.0,True,2.85,2.83,Pass
7338,1330033,HK142_LA1009_L02,LA1009,-16,False,6.8,5.9,6.0,,,6.1,C,2.0,True,2.15,2.3,Pass
7339,1320238,HK142_LA1009_L02,LA1009,-16,False,6.8,5.6,6.5,,,6.3,C,2.0,True,2.65,2.59,Pass
7340,1364247,HK142_LA1009_L02,LA1009,-16,False,5.5,6.8,7.1,,,6.7,C+,2.5,True,2.44,2.38,Pass
7341,1356957,HK142_LA1009_L02,LA1009,-16,False,6.8,4.5,5.9,,,5.7,C,2.0,True,1.5,1.68,Pass
7342,1338962,HK142_LA1009_L02,LA1009,-16,False,7.2,6.9,7.2,,,7.1,B,3.0,True,2.71,2.49,Pass
7343,1331809,HK142_LA1009_L02,LA1009,-16,False,6.5,6.4,5.8,,,6.1,C,2.0,True,2.47,2.28,Pass
7344,1376684,HK142_LA1009_L02,LA1009,-16,False,7.2,6.6,6.5,,,6.7,C+,2.5,True,2.59,2.33,Pass
7345,1308256,HK142_LA1009_L02,LA1009,-16,False,6.7,5.6,4.3,,,5.2,D+,1.5,True,2.44,2.55,Pass
7346,1311172,HK142_LA1009_L02,LA1009,-16,False,5.3,4.3,4.7,,,4.7,D,1.0,True,1.59,1.7,Pass
7347,1316593,HK142_LA1009_L02,LA1009,-16,False,7.1,6.4,5.7,,,6.2,C,2.0,True,2.29,2.27,Pass
7348,1369942,HK142_LA1009_L02,LA1009,-16,False,7.4,7.2,6.4,,,6.8,C+,2.5,True,2.56,2.33,Pass
7349,1342196,HK142_LA1009_L02,LA1009,-16,False,8.0,9.0,8.2,,,8.4,B+,3.5,True,3.35,3.2,Pass
7350,1329759,HK142_LA1009_L02,LA1009,-16,False,6.2,7.1,8.3,,,7.5,B,3.0,True,2.88,2.61,Pass
7351,1397732,HK142_LA1009_L02,LA1009,-16,False,5.5,6.3,7.3,,,6.6,C+,2.5,True,2.35,2.48,Pass
7352,1310032,HK142_LA1009_L02,LA1009,-16,False,8.0,6.7,7.3,,,7.3,B,3.0,True,3.0,2.83,Pass
7353,1397003,HK142_LA1009_L02,LA1009,-16,False,7.7,6.2,7.5,,,7.2,B,3.0,True,2.18,2.25,Pass
7354,1355910,HK142_LA1009_L02,LA1009,-16,False,7.1,5.8,7.1,,,6.7,C+,2.5,True,2.47,2.33,Pass
7355,1350944,HK142_LA1009_L02,LA1009,-16,False,7.3,9.2,8.2,,,8.3,B+,3.5,True,3.24,3.25,Pass
7356,1347162,HK142_LA1009_L02,LA1009,-16,False,5.9,6.9,6.2,,,6.3,C,2.0,True,2.15,2.17,Pass
7357,1337504,HK142_LA1009_L02,LA1009,-16,False,7.3,5.7,6.8,,,6.6,C+,2.5,True,2.03,1.94,Pass
7358,1326843,HK142_LA1009_L02,LA1009,-16,False,6.2,6.2,6.8,,,6.5,C+,2.5,True,2.18,2.14,Pass
7359,1380784,HK142_LA1009_L02,LA1009,-16,False,7.2,5.9,7.1,,,6.8,C+,2.5,True,2.41,2.25,Pass
7360,1307527,HK142_LA1009_L02,LA1009,-16,False,8.4,6.9,8.4,,,8.0,B+,3.5,True,3.38,3.44,Pass
7361,1301377,HK142_LA1009_L02,LA1009,-16,False,5.9,6.0,6.3,,,6.1,C,2.0,True,2.18,2.19,Pass
7362,1344520,HK142_LA1009_L02,LA1009,-16,False,6.6,7.1,7.4,,,7.2,B,3.0,True,2.65,2.62,Pass
7363,1342607,HK142_LA1009_L02,LA1009,-16,False,5.5,5.2,4.7,,,5.0,D+,1.5,True,1.71,1.6,Pass
7364,1308985,HK142_LA1009_L02,LA1009,-16,False,6.5,7.8,9.5,,,8.4,B+,3.5,True,3.15,3.06,Pass
7365,1347436,HK142_LA1009_L02,LA1009,-16,False,5.4,7.1,6.6,,,6.5,C+,2.5,True,2.71,2.52,Pass
7366,1397458,HK142_LA1009_L02,LA1009,-16,False,5.6,6.6,6.2,,,6.2,C,2.0,True,2.38,2.3,Pass
7367,1345112,HK142_LA1009_L02,LA1009,-16,False,6.9,7.2,6.7,,,6.9,C+,2.5,True,2.41,2.39,Pass
7368,1395819,HK142_LA1009_L02,LA1009,-16,False,9.0,7.8,5.9,,,7.1,B,3.0,True,2.38,2.45,Pass
7369,1311901,HK142_LA1009_L02,LA1009,-16,False,5.9,7.0,7.0,,,6.8,C+,2.5,True,2.41,2.39,Pass
7370,1392037,HK142_LA1009_L02,LA1009,-16,False,6.9,8.4,8.1,,,8.0,B+,3.5,True,3.06,3.06,Pass
7371,1391900,HK142_LA1009_L02,LA1009,-16,False,5.2,6.4,6.7,,,6.3,C,2.0,True,2.09,1.93,Pass
7372,1324475,HK142_LA1009_L02,LA1009,-16,False,7.8,7.7,6.4,,,7.1,B,3.0,True,2.32,2.31,Pass
7373,1385021,HK142_LA1009_L03,LA1009,-16,False,6.1,7.0,9.1,,,7.9,B,3.0,True,2.26,2.34,Pass
7374,1376229,HK142_LA1009_L03,LA1009,-16,False,7.6,7.6,7.2,,,7.4,B,3.0,True,2.91,3.3,Pass
7375,1351673,HK142_LA1009_L03,LA1009,-16,False,6.6,6.2,7.2,,,6.8,C+,2.5,True,2.53,2.46,Pass
7376,1349623,HK142_LA1009_L03,LA1009,-16,False,6.8,5.9,7.6,,,6.9,C+,2.5,True,2.59,2.64,Pass
7377,1382379,HK142_LA1009_L03,LA1009,-16,False,6.1,6.8,7.4,,,7.0,B,3.0,True,2.53,2.49,Pass
7378,1388529,HK142_LA1009_L03,LA1009,-16,False,6.9,5.8,7.0,,,6.6,C+,2.5,True,2.32,2.45,Pass
7379,1331354,HK142_LA1009_L03,LA1009,-16,False,6.2,6.1,6.9,,,6.5,C+,2.5,True,2.56,2.39,Pass
7380,1324201,HK142_LA1009_L03,LA1009,-16,False,6.1,7.2,6.9,,,6.8,C+,2.5,True,2.65,2.51,Pass
7381,1395090,HK142_LA1009_L03,LA1009,-16,False,4.4,2.2,5.6,,,4.3,D,1.0,True,1.47,1.59,Pass
7382,1354315,HK142_LA1009_L03,LA1009,-16,False,6.6,6.3,5.5,,,6.0,C,2.0,True,2.53,2.41,Pass
7383,1397140,HK142_LA1009_L03,LA1009,-16,False,5.6,5.7,5.9,,,5.8,C,2.0,True,1.62,1.65,Pass
7384,1375363,HK142_LA1009_L03,LA1009,-16,False,6.4,7.2,5.6,,,6.2,C,2.0,True,2.32,2.33,Pass
7385,1376821,HK142_LA1009_L03,LA1009,-16,False,6.0,7.6,9.0,,,8.0,B+,3.5,True,2.88,2.57,Pass
7386,1395408,HK142_LA1009_L03,LA1009,-16,False,7.5,5.8,6.6,,,6.5,C+,2.5,True,2.26,2.14,Pass
7387,1318051,HK142_LA1009_L03,LA1009,-16,False,7.1,7.9,5.8,,,6.7,C+,2.5,True,3.24,3.12,Pass
7388,1348757,HK142_LA1009_L03,LA1009,-16,False,5.0,5.9,5.4,,,5.5,C,2.0,True,1.71,1.58,Pass
7389,1399645,HK142_LA1009_L03,LA1009,-16,False,3.9,6.0,6.4,,,5.8,C,2.0,True,1.94,1.82,Pass
7390,1391445,HK142_LA1009_L03,LA1009,-16,False,6.2,6.2,7.4,,,6.8,C+,2.5,True,2.74,2.55,Pass
7391,1366752,HK142_LA1009_L03,LA1009,-16,False,6.0,7.6,6.9,,,6.9,C+,2.5,True,2.71,2.36,Pass
7392,1304474,HK142_LA1009_L03,LA1009,-16,False,5.0,6.1,5.9,,,5.8,C,2.0,True,1.88,1.77,Pass
7393,1301969,HK142_LA1009_L03,LA1009,-16,False,8.7,6.2,5.6,,,6.4,C+,2.5,True,2.41,2.36,Pass
7394,1330625,HK142_LA1009_L03,LA1009,-16,False,6.0,6.4,6.8,,,6.5,C+,2.5,True,2.26,2.24,Pass
7395,1368802,HK142_LA1009_L03,LA1009,-16,False,7.4,6.9,7.9,,,7.5,B,3.0,True,2.82,2.9,Pass
7396,1388074,HK142_LA1009_L03,LA1009,-16,False,6.4,6.0,5.7,,,5.9,C,2.0,True,2.32,2.4,Pass
7397,1310898,HK142_LA1009_L03,LA1009,-16,False,6.4,6.8,6.0,,,6.3,C,2.0,True,2.59,2.46,Pass
7398,1300374,HK142_LA1009_L03,LA1009,-16,False,4.9,5.0,5.6,,,5.3,D+,1.5,True,1.88,1.81,Pass
7399,1319827,HK142_LA1009_L03,LA1009,-16,False,5.7,6.0,6.2,,,6.0,C,2.0,True,2.12,2.34,Pass
7400,1371581,HK142_LA1009_L03,LA1009,-16,False,7.2,5.5,7.2,,,6.7,C+,2.5,True,2.76,2.64,Pass
7401,1363973,HK142_LA1009_L03,LA1009,-16,False,5.3,5.5,4.8,,,5.1,D+,1.5,True,1.79,1.62,Pass
7402,1317322,HK142_LA1009_L03,LA1009,-16,False,5.9,6.2,6.5,,,6.3,C,2.0,True,2.56,2.48,Pass
7403,1359873,HK142_LA1009_L03,LA1009,-16,False,6.4,6.1,7.0,,,6.6,C+,2.5,True,2.41,2.37,Pass
7404,1390716,HK142_LA1009_L03,LA1009,-16,False,5.5,5.6,6.2,,,5.9,C,2.0,True,1.85,1.75,Pass
7405,1385613,HK142_LA1009_L03,LA1009,-16,False,6.8,6.6,4.9,,,5.8,C,2.0,True,2.47,2.46,Pass
7406,1305932,HK142_LA1009_L03,LA1009,-16,False,8.7,7.8,6.4,,,7.3,B,3.0,True,3.18,3.2,Pass
7407,1334270,HK142_LA1009_L03,LA1009,-16,False,7.7,7.7,7.1,,,7.4,B,3.0,True,2.82,2.59,Pass
7408,1383837,HK142_LA1009_L03,LA1009,-16,False,5.1,6.4,4.2,,,5.0,D+,1.5,True,1.65,1.78,Pass
7409,1326251,HK142_LA1009_L03,LA1009,-16,False,5.9,7.8,5.0,,,6.0,C,2.0,True,2.68,2.57,Pass
7410,1393632,HK142_LA1009_L03,LA1009,-16,False,6.5,7.5,6.3,,,6.7,C+,2.5,True,2.74,2.72,Pass
7411,1352994,HK142_LA1009_L03,LA1009,-16,False,6.9,7.1,7.0,,,7.0,B,3.0,True,2.06,2.19,Pass
7412,1375500,HK142_LA1009_L03,LA1009,-16,False,7.1,7.3,7.7,,,7.5,B,3.0,True,2.76,2.7,Pass
7413,1305203,HK142_LA1009_L03,LA1009,-16,False,5.8,6.2,7.3,,,6.7,C+,2.5,True,2.59,2.37,Pass
7414,1357094,HK142_LA1009_L03,LA1009,-16,False,7.8,7.8,7.6,,,7.7,B,3.0,True,3.5,3.43,Pass
7415,1370260,HK142_LA1009_L03,LA1009,-16,False,6.1,7.8,5.5,,,6.3,C,2.0,True,1.91,2.08,Pass
7416,1314680,HK142_LA1009_L03,LA1009,-16,False,8.4,7.8,6.4,,,7.2,B,3.0,True,3.0,3.08,Pass
7417,1394953,HK142_LA1009_L03,LA1009,-16,False,6.3,5.1,6.4,,,6.0,C,2.0,True,2.56,2.33,Pass
7418,1360010,HK142_LA1009_L03,LA1009,-16,False,7.1,5.6,6.3,,,6.2,C,2.0,True,1.79,1.67,Pass
7419,1351991,HK142_LA1009_L03,LA1009,-16,False,8.1,6.5,6.7,,,6.9,C+,2.5,True,2.94,2.74,Pass
7420,1349349,HK142_LA1009_L03,LA1009,-16,False,6.3,5.2,6.0,,,5.8,C,2.0,True,1.88,1.77,Pass
7421,1356502,HK142_LA1009_L03,LA1009,-16,False,5.6,6.6,6.6,,,6.4,C+,2.5,True,2.35,2.28,Pass
7422,1368484,HK142_LA1009_L03,LA1009,-16,False,5.1,5.2,5.1,,,5.1,D+,1.5,True,1.76,1.67,Pass
7423,1329622,HK142_LA1009_L03,LA1009,-16,False,5.0,6.1,6.0,,,5.8,C,2.0,True,1.62,1.77,Pass
7424,1333541,HK142_LA1009_L03,LA1009,-16,False,6.4,6.4,7.2,,,6.8,C+,2.5,True,2.32,2.37,Pass
7425,1395682,HK142_LA1009_L03,LA1009,-16,False,6.2,7.5,7.2,,,7.1,B,3.0,True,2.56,2.45,Pass
7426,1335317,HK142_LA1009_L03,LA1009,-16,False,3.1,5.4,6.1,,,5.3,D+,1.5,True,2.35,2.2,Pass
7427,1338096,HK142_LA1009_L03,LA1009,-16,False,6.0,6.2,5.3,,,5.7,C,2.0,True,2.21,2.47,Pass
7428,1317185,HK142_LA1009_L03,LA1009,-16,False,5.4,7.6,7.8,,,7.3,B,3.0,True,2.35,2.42,Pass
7429,1371263,HK142_LA1009_L03,LA1009,-16,False,5.9,4.3,6.7,,,5.8,C,2.0,True,1.82,1.59,Pass
7430,1301103,HK142_LA1009_L03,LA1009,-16,False,5.0,6.3,4.2,,,5.0,D+,1.5,True,1.59,1.51,Pass
7431,1389121,HK142_LA1009_L03,LA1009,-16,False,7.5,8.1,8.1,,,8.0,B+,3.5,True,3.24,3.23,Pass
7432,1343336,HK142_LA1009_L03,LA1009,-16,False,7.4,7.8,7.4,,,7.5,B,3.0,True,2.44,2.41,Pass
7433,1373768,HK142_LA1009_L03,LA1009,-16,False,8.1,7.0,9.2,,,8.3,B+,3.5,True,3.5,3.47,Pass
7434,1346570,HK142_LA1009_L03,LA1009,-16,False,5.5,5.2,4.7,,,5.0,D+,1.5,True,2.06,1.73,Pass
7435,1377276,HK142_LA1009_L03,LA1009,-16,False,6.3,6.0,6.7,,,6.4,C+,2.5,True,2.12,2.05,Pass
7436,1317048,HK142_LA1009_L03,LA1009,-16,False,6.6,6.5,7.6,,,7.1,B,3.0,True,2.32,2.25,Pass
7437,1396411,HK142_LA1009_L03,LA1009,-16,False,6.1,6.8,7.9,,,7.2,B,3.0,True,3.18,3.2,Pass
7438,1385750,HK142_LA1009_L03,LA1009,-16,False,6.1,6.6,8.5,,,7.4,B,3.0,True,2.59,2.42,Pass
7439,1314406,HK142_LA1009_L03,LA1009,-16,False,7.2,7.2,6.0,,,6.6,C+,2.5,True,2.21,2.38,Pass
7440,1375955,HK142_LA1009_L03,LA1009,-16,False,6.6,6.9,7.1,,,6.9,C+,2.5,True,2.32,2.28,Pass
7441,1370989,HK142_LA1009_L03,LA1009,-16,False,7.1,8.5,6.5,,,7.2,B,3.0,True,2.5,2.43,Pass
7442,1361468,HK142_LA1009_L03,LA1009,-16,False,4.9,5.1,5.7,,,5.4,D+,1.5,True,1.74,1.59,Pass
7443,1310169,HK142_LA1009_L03,LA1009,-16,False,7.3,6.2,6.4,,,6.5,C+,2.5,True,2.71,2.78,Pass
7444,1358689,HK142_LA1009_L03,LA1009,-16,False,6.3,8.9,6.8,,,7.3,B,3.0,True,2.76,2.55,Pass
7445,1384292,HK142_LA1009_L03,LA1009,-16,False,6.6,7.5,6.0,,,6.6,C+,2.5,True,2.5,2.45,Pass
7446,1394679,HK142_LA1009_L03,LA1009,-16,False,5.9,6.3,6.7,,,6.4,C+,2.5,True,2.15,1.86,Pass
7447,1359007,HK142_LA1009_L03,LA1009,-16,False,5.5,5.8,7.3,,,6.5,C+,2.5,True,2.38,2.39,Pass
7448,1318188,HK142_LA1009_L03,LA1009,-16,False,6.0,6.3,5.8,,,6.0,C,2.0,True,2.32,2.45,Pass
7449,1322014,HK142_LA1009_L03,LA1009,-16,False,6.2,6.4,5.9,,,6.1,C,2.0,True,2.44,2.52,Pass
7450,1398324,HK142_LA1009_L03,LA1009,-16,False,7.5,6.7,6.3,,,6.7,C+,2.5,True,2.65,2.54,Pass
7451,1343062,HK142_LA1009_L03,LA1009,-16,False,6.1,7.2,6.9,,,6.8,C+,2.5,True,2.15,2.27,Pass
7452,1336912,HK142_LA1009_L03,LA1009,-16,False,7.5,7.4,6.8,,,7.1,B,3.0,True,2.38,2.18,Pass
7453,1394087,HK142_LA1009_L03,LA1009,-16,False,7.1,6.8,7.7,,,7.3,B,3.0,True,2.82,2.64,Pass
7454,1326980,HK142_LA1009_L03,LA1009,-16,False,6.5,8.3,7.5,,,7.5,B,3.0,True,2.56,2.57,Pass
7455,1377868,HK142_LA1009_L03,LA1009,-16,False,6.4,7.2,8.5,,,7.7,B,3.0,True,2.47,2.42,Pass
7456,1306206,HK142_LA1009_L03,LA1009,-16,False,5.5,7.2,6.3,,,6.4,C+,2.5,True,2.21,2.08,Pass
7457,1337778,HK142_LA1009_L03,LA1009,-16,False,5.8,7.2,6.1,,,6.4,C+,2.5,True,2.06,1.81,Pass
7458,1327254,HK142_LA1009_L03,LA1009,-16,False,6.6,7.0,6.8,,,6.8,C+,2.5,True,2.41,2.2,Pass
7459,1333404,HK142_LA1009_L03,LA1009,-16,False,8.2,7.4,6.5,,,7.1,B,3.0,True,2.26,2.46,Pass
7460,1350670,HK142_LA1009_L03,LA1009,-16,False,6.9,7.5,6.7,,,7.0,B,3.0,True,2.53,2.52,Pass
7461,1320967,HK142_LA1009_L03,LA1009,-16,False,4.9,4.6,4.8,,,4.8,D,1.0,True,1.14,1.45,Pass
7462,1375818,HK142_SP1033_L01,SP1033,-16,False,7.3,,5.4,7.3,,6.3,C,2.0,True,2.58,2.95,Pass
7463,1310443,HK142_SP1033_L01,SP1033,-16,False,9.4,,10.0,9.0,,9.6,A+,4.0,True,4.0,3.95,Pass
7464,1357960,HK142_SP1033_L01,SP1033,-16,False,5.5,,6.1,4.5,,5.6,C,2.0,True,1.39,1.59,Pass
7465,1317322,HK142_SP1033_L01,SP1033,-16,False,7.2,,6.6,6.3,,6.7,C+,2.5,True,2.56,2.48,Pass
7466,1356365,HK142_SP1033_L01,SP1033,-16,False,7.1,,8.1,8.8,,7.9,B,3.0,True,3.39,3.2,Pass
7467,1324475,HK142_SP1033_L01,SP1033,-16,False,6.7,,6.2,5.6,,6.2,C,2.0,True,2.32,2.31,Pass
7468,1386479,HK142_SP1033_L01,SP1033,-16,False,6.8,,6.6,6.4,,6.6,C+,2.5,True,2.47,2.4,Pass
7469,1380921,HK142_SP1033_L01,SP1033,-16,False,9.4,,8.9,7.4,,8.8,A,4.0,True,4.0,4.0,Pass
7470,1336775,HK142_SP1033_L01,SP1033,-16,False,7.0,,6.5,6.3,,6.6,C+,2.5,True,2.44,2.34,Pass
7471,1388074,HK142_SP1033_L01,SP1033,-16,False,5.8,,5.5,6.9,,5.9,C,2.0,True,2.32,2.4,Pass
7472,1305477,HK142_SP1033_L01,SP1033,-16,False,7.9,,8.5,6.0,,7.8,B,3.0,True,2.62,2.77,Pass
7473,1343791,HK142_SP1033_L01,SP1033,-16,False,5.8,,6.3,6.1,,6.1,C,2.0,True,2.32,2.32,Pass
7474,1387345,HK142_SP1033_L01,SP1033,-16,False,8.2,,7.8,7.9,,7.9,B,3.0,True,3.0,3.11,Pass
7475,1355910,HK142_SP1033_L01,SP1033,-16,False,7.3,,7.4,5.4,,7.0,B,3.0,True,2.47,2.33,Pass
7476,1314680,HK142_SP1033_L01,SP1033,-16,False,8.9,,7.5,7.3,,7.9,B,3.0,True,3.0,3.08,Pass
7477,1318643,HK142_SP1033_L01,SP1033,-16,False,5.7,,7.1,6.5,,6.6,C+,2.5,True,2.35,2.36,Pass
7478,1314406,HK142_SP1033_L01,SP1033,-16,False,6.1,,7.7,5.3,,6.7,C+,2.5,True,2.21,2.38,Pass
7479,1331946,HK142_SP1033_L01,SP1033,-16,False,7.4,,8.3,8.9,,8.2,B+,3.5,True,3.14,3.3,Pass
7480,1330625,HK142_SP1033_L01,SP1033,-16,False,5.5,,6.1,5.3,,5.8,C,2.0,True,2.26,2.24,Pass
7481,1382242,HK142_SP1033_L01,SP1033,-16,False,6.8,,8.4,8.6,,8.0,B+,3.5,True,3.78,3.57,Pass
7482,1394679,HK142_SP1033_L01,SP1033,-16,False,5.9,,5.8,5.8,,5.8,C,2.0,True,2.15,1.86,Pass
7483,1393495,HK142_SP1033_L01,SP1033,-16,False,6.8,,6.8,7.0,,6.8,C+,2.5,True,2.85,2.83,Pass
7484,1367481,HK142_SP1033_L01,SP1033,-16,False,8.5,,7.9,6.6,,7.8,B,3.0,True,2.92,3.1,Pass
7485,1345978,HK142_SP1033_L01,SP1033,-16,False,9.6,,9.0,8.2,,9.0,A,4.0,True,3.92,3.83,Pass
7486,1302561,HK142_SP1033_L01,SP1033,-16,False,7.7,,8.7,7.4,,8.1,B+,3.5,True,3.31,3.33,Pass
7487,1335909,HK142_SP1033_L01,SP1033,-16,False,6.7,,7.0,7.6,,7.0,B,3.0,True,2.35,2.36,Pass
7488,1346115,HK142_SP1033_L01,SP1033,-16,False,4.7,,6.2,6.5,,5.8,C,2.0,True,2.24,2.32,Pass
7489,1385887,HK142_SP1033_L01,SP1033,-16,False,6.5,,7.1,7.7,,7.0,B,3.0,True,3.36,3.4,Pass
7490,1333130,HK142_SP1033_L01,SP1033,-16,False,6.6,,6.7,8.4,,7.0,B,3.0,True,3.33,3.18,Pass
7491,1355499,HK142_SP1033_L01,SP1033,-16,False,9.4,,9.6,9.7,,9.6,A+,4.0,True,4.0,4.0,Pass
7492,1304611,HK142_SP1033_L01,SP1033,-16,False,9.9,,8.2,9.7,,9.0,A,4.0,True,4.0,3.98,Pass
7493,1379326,HK142_SP1033_L01,SP1033,-16,False,7.4,,8.7,7.9,,8.2,B+,3.5,True,3.21,3.33,Pass
7494,1316456,HK142_SP1033_L01,SP1033,-16,False,5.9,,6.3,5.4,,6.0,C,2.0,True,1.53,1.59,Pass
7495,1365705,HK142_SP1033_L01,SP1033,-16,False,7.3,,8.9,8.6,,8.4,B+,3.5,True,3.06,3.29,Pass
7496,1320101,HK142_SP1033_L01,SP1033,-16,False,7.9,,8.3,7.3,,8.0,B+,3.5,True,3.31,3.16,Pass
7497,1336638,HK142_SP1033_L01,SP1033,-16,False,7.4,,7.2,8.1,,7.4,B,3.0,True,3.5,3.29,Pass
7498,1300237,HK142_SP1033_L01,SP1033,-16,False,7.5,,7.7,8.6,,7.8,B,3.0,True,3.0,3.34,Pass
7499,1373768,HK142_SP1033_L01,SP1033,-16,False,8.7,,7.7,8.4,,8.1,B+,3.5,True,3.5,3.47,Pass
7500,1361786,HK142_SP1033_L01,SP1033,-16,False,8.0,,7.6,6.7,,7.5,B,3.0,True,3.09,3.17,Pass
7501,1389395,HK142_SP1033_L01,SP1033,-16,False,4.7,,6.4,6.9,,6.0,C,2.0,True,2.05,1.85,Pass
7502,1311764,HK142_SP1033_L01,SP1033,-16,False,6.0,,4.9,4.7,,5.2,D+,1.5,True,1.74,1.6,Pass
7503,1311172,HK142_SP1033_L01,SP1033,-16,False,5.3,,6.2,6.2,,5.9,C,2.0,True,1.59,1.7,Pass
7504,1373905,HK142_SP1033_L01,SP1033,-16,False,7.4,,6.2,7.8,,6.9,C+,2.5,True,2.21,2.36,Pass
7505,1345386,HK142_SP1033_L01,SP1033,-16,False,8.3,,8.2,8.5,,8.3,B+,3.5,True,2.94,2.93,Pass
7506,1372721,HK142_SP1033_L01,SP1033,-16,False,8.9,,7.3,8.9,,8.1,B+,3.5,True,3.31,3.09,Pass
7507,1357231,HK142_SP1033_L01,SP1033,-16,False,7.2,,6.8,7.4,,7.0,B,3.0,True,2.44,2.33,Pass
7508,1372447,HK142_SP1033_L01,SP1033,-16,False,7.9,,6.8,7.1,,7.2,B,3.0,True,3.08,3.07,Pass
7509,1380192,HK142_SP1033_L01,SP1033,-16,False,6.2,,6.3,7.4,,6.5,C+,2.5,True,1.88,1.9,Pass
7510,1378279,HK142_SP1033_L01,SP1033,-16,False,6.6,,6.1,6.5,,6.3,C,2.0,True,2.18,2.11,Pass
7511,1338096,HK142_SP1033_L01,SP1033,-16,False,6.4,,5.9,6.6,,6.2,C,2.0,True,2.21,2.47,Pass
7512,1368347,HK142_SP1033_L01,SP1033,-16,False,7.2,,6.6,6.3,,6.7,C+,2.5,True,2.44,2.28,Pass
7513,1317048,HK142_SP1033_L01,SP1033,-16,False,5.7,,5.2,5.9,,5.5,C,2.0,True,2.32,2.25,Pass
7514,1347162,HK142_SP1033_L01,SP1033,-16,False,7.2,,6.9,5.4,,6.7,C+,2.5,True,2.15,2.17,Pass
7515,1303427,HK142_SP1033_L01,SP1033,-16,False,7.1,,8.1,6.6,,7.5,B,3.0,True,2.65,2.57,Pass
7516,1350215,HK142_SP1033_L01,SP1033,-16,False,7.5,,6.9,6.4,,7.0,B,3.0,True,2.35,2.27,Pass
7517,1311035,HK142_SP1033_L01,SP1033,-16,False,8.2,,7.7,8.3,,8.0,B+,3.5,True,3.44,3.3,Pass
7518,1331354,HK142_SP1033_L01,SP1033,-16,False,4.7,,7.1,4.9,,5.9,C,2.0,True,2.56,2.39,Pass
7519,1348620,HK142_SP1033_L01,SP1033,-16,False,9.9,,8.7,9.1,,9.1,A,4.0,True,3.89,3.93,Pass
7520,1390124,HK142_SP1033_L01,SP1033,-16,False,7.5,,7.6,7.8,,7.6,B,3.0,True,3.47,3.38,Pass
7521,1362197,HK142_SP1033_L01,SP1033,-16,False,7.8,,8.1,7.3,,7.8,B,3.0,True,3.08,3.07,Pass
7522,1302106,HK142_SP1033_L01,SP1033,-16,False,7.9,,7.2,7.7,,7.5,B,3.0,True,2.71,2.6,Pass
7523,1322880,HK142_SP1033_L01,SP1033,-16,False,5.0,,7.1,6.7,,6.4,C+,2.5,True,1.97,1.94,Pass
7524,1308985,HK142_SP1033_L01,SP1033,-16,False,7.6,,8.0,6.7,,7.6,B,3.0,True,3.15,3.06,Pass
7525,1373039,HK142_SP1033_L01,SP1033,-16,False,6.9,,6.8,6.5,,6.8,C+,2.5,True,2.59,2.71,Pass
7526,1304156,HK142_SP1033_L01,SP1033,-16,False,6.0,,3.3,3.6,,4.2,D,1.0,True,0.4,1.0,Pass
7527,1367618,HK142_SP1033_L01,SP1033,-16,False,6.4,,5.0,6.4,,5.7,C,2.0,True,2.41,2.6,Pass
7528,1387663,HK142_SP1033_L01,SP1033,-16,False,8.0,,7.9,7.4,,7.8,B,3.0,True,3.25,3.19,Pass
7529,1352128,HK142_SP1033_L01,SP1033,-16,False,8.0,,8.3,8.4,,8.2,B+,3.5,True,3.39,3.31,Pass
7530,1343062,HK142_SP1033_L01,SP1033,-16,False,5.9,,7.0,6.7,,6.6,C+,2.5,True,2.15,2.27,Pass
7531,1336183,HK142_SP1033_L01,SP1033,-16,False,7.4,,7.1,8.1,,7.4,B,3.0,True,2.79,2.92,Pass
7532,1325796,HK142_SP1033_L01,SP1033,-16,False,9.0,,6.8,7.0,,7.5,B,3.0,True,3.18,3.23,Pass
7533,1365294,HK142_SP1033_L01,SP1033,-16,False,8.5,,9.3,8.8,,9.0,A,4.0,True,4.0,4.0,Pass
7534,1344657,HK142_SP1033_L01,SP1033,-16,False,6.0,,7.4,6.3,,6.8,C+,2.5,True,2.22,2.15,Pass
7535,1326251,HK142_SP1033_L01,SP1033,-16,False,5.8,,7.1,5.9,,6.5,C+,2.5,True,2.68,2.57,Pass
7536,1353449,HK142_SP1033_L01,SP1033,-16,False,8.3,,8.7,8.1,,8.5,A,4.0,True,4.0,4.0,Pass
7537,1360739,HK142_SP1033_L01,SP1033,-16,False,7.4,,7.5,8.0,,7.6,B,3.0,True,3.25,3.3,Pass
7538,1366023,HK142_SP1033_L01,SP1033,-16,False,6.1,,6.4,6.9,,6.4,C+,2.5,True,2.94,2.76,Pass
7539,1328575,HK142_SP1033_L01,SP1033,-16,False,6.3,,7.1,6.5,,6.7,C+,2.5,True,2.33,2.53,Pass
7540,1385750,HK142_SP1033_L01,SP1033,-16,False,6.2,,6.8,6.3,,6.5,C+,2.5,True,2.59,2.42,Pass
7541,1330762,HK142_SP1033_L01,SP1033,-16,False,8.0,,7.6,8.3,,7.9,B,3.0,True,3.06,3.1,Pass
7542,1384292,HK142_SP1033_L01,SP1033,-16,False,5.9,,7.2,5.8,,6.5,C+,2.5,True,2.5,2.45,Pass
7543,1340875,HK142_SP1033_L01,SP1033,-16,False,6.3,,5.9,5.1,,5.9,C,2.0,True,1.97,1.79,Pass
7544,1387071,HK142_SP1033_L01,SP1033,-16,False,9.6,,8.5,7.9,,8.7,A,4.0,True,3.28,3.45,Pass
7545,1349623,HK142_SP1033_L01,SP1033,-16,False,6.9,,6.6,6.0,,6.6,C+,2.5,True,2.59,2.64,Pass
7546,1342607,HK142_SP1033_L01,SP1033,-16,False,5.5,,6.4,6.0,,6.1,C,2.0,True,1.71,1.6,Pass
7547,1309714,HK142_SP1033_L01,SP1033,-16,False,7.0,,7.9,7.9,,7.6,B,3.0,True,3.12,3.0,Pass
7548,1388803,HK142_SP1033_L01,SP1033,-16,False,5.9,,6.6,5.7,,6.2,C,2.0,True,2.41,2.3,Pass
7549,1383563,HK142_SP1033_L01,SP1033,-16,False,6.8,,6.5,6.5,,6.6,C+,2.5,True,2.88,2.7,Pass
7550,1392174,HK142_SP1033_L01,SP1033,-16,False,8.6,,8.9,7.8,,8.6,A,4.0,True,4.0,3.89,Pass
7551,1320556,HK142_SP1033_L01,SP1033,-16,False,5.9,,6.8,6.1,,6.4,C+,2.5,True,2.36,2.21,Pass
7552,1392311,HK142_SP1033_L01,SP1033,-16,False,7.4,,5.9,6.4,,6.5,C+,2.5,True,2.58,2.44,Pass
7553,1343336,HK142_SP1033_L01,SP1033,-16,False,6.4,,5.9,6.7,,6.2,C,2.0,True,2.44,2.41,Pass
7554,1310898,HK142_SP1033_L01,SP1033,-16,False,6.8,,5.5,7.3,,6.2,C,2.0,True,2.59,2.46,Pass
7555,1395545,HK142_SP1033_L01,SP1033,-16,False,3.7,,4.2,4.2,,4.1,D,1.0,True,0.57,1.0,Pass
7556,1302424,HK142_SP1033_L01,SP1033,-16,False,5.3,,5.5,5.4,,5.4,D+,1.5,True,1.71,1.84,Pass
7557,1399919,HK142_SP1033_L01,SP1033,-16,False,8.4,,9.0,8.6,,8.7,A,4.0,True,3.28,3.36,Pass
7558,1317185,HK142_SP1033_L01,SP1033,-16,False,7.3,,5.6,7.6,,6.5,C+,2.5,True,2.35,2.42,Pass
7559,1394087,HK142_SP1033_L01,SP1033,-16,False,5.8,,8.2,8.4,,7.5,B,3.0,True,2.82,2.64,Pass
7560,1352265,HK142_SP1033_L02,SP1033,-16,False,7.9,,9.2,8.6,,8.7,A,4.0,True,2.94,3.16,Pass
7561,1380055,HK142_SP1033_L02,SP1033,-16,False,7.1,,6.7,7.2,,6.9,C+,2.5,True,2.41,2.39,Pass
7562,1364110,HK142_SP1033_L02,SP1033,-16,False,8.4,,8.4,7.0,,8.1,B+,3.5,True,3.39,3.28,Pass
7563,1359736,HK142_SP1033_L02,SP1033,-16,False,8.2,,8.5,8.7,,8.4,B+,3.5,True,3.61,3.52,Pass
7564,1338370,HK142_SP1033_L02,SP1033,-16,False,9.0,,8.5,8.3,,8.6,A,4.0,True,3.85,3.83,Pass
7565,1356502,HK142_SP1033_L02,SP1033,-16,False,6.2,,5.2,6.5,,5.8,C,2.0,True,2.35,2.28,Pass
7566,1364839,HK142_SP1033_L02,SP1033,-16,False,6.4,,5.6,5.5,,5.8,C,2.0,True,2.15,2.09,Pass
7567,1314998,HK142_SP1033_L02,SP1033,-16,False,6.2,,5.5,6.6,,5.9,C,2.0,True,2.21,2.27,Pass
7568,1342925,HK142_SP1033_L02,SP1033,-16,False,6.3,,6.9,5.8,,6.5,C+,2.5,True,2.0,2.06,Pass
7569,1341741,HK142_SP1033_L02,SP1033,-16,False,7.3,,7.6,8.7,,7.7,B,3.0,True,3.17,3.06,Pass
7570,1316001,HK142_SP1033_L02,SP1033,-16,False,8.7,,7.5,8.2,,8.0,B+,3.5,True,3.33,3.23,Pass
7571,1345112,HK142_SP1033_L02,SP1033,-16,False,7.1,,6.6,6.7,,6.8,C+,2.5,True,2.41,2.39,Pass
7572,1396411,HK142_SP1033_L02,SP1033,-16,False,7.0,,7.8,7.6,,7.5,B,3.0,True,3.18,3.2,Pass
7573,1306206,HK142_SP1033_L02,SP1033,-16,False,7.2,,6.2,6.3,,6.5,C+,2.5,True,2.21,2.08,Pass
7574,1349349,HK142_SP1033_L02,SP1033,-16,False,5.6,,4.6,4.8,,4.9,D,1.0,True,1.88,1.77,Pass
7575,1363518,HK142_SP1033_L02,SP1033,-16,False,7.6,,7.8,6.2,,7.4,B,3.0,True,3.0,2.94,Pass
7576,1360010,HK142_SP1033_L02,SP1033,-16,False,6.3,,6.0,5.6,,6.0,C,2.0,True,1.79,1.67,Pass
7577,1372584,HK142_SP1033_L02,SP1033,-16,False,7.4,,8.5,6.7,,7.8,B,3.0,True,3.08,3.01,Pass
7578,1352857,HK142_SP1033_L02,SP1033,-16,False,9.4,,9.5,10.0,,9.6,A+,4.0,True,4.0,3.99,Pass
7579,1311490,HK142_SP1033_L02,SP1033,-16,False,9.4,,8.7,7.2,,8.6,A,4.0,True,3.78,3.9,Pass
7580,1308119,HK142_SP1033_L02,SP1033,-16,False,7.8,,8.5,8.8,,8.3,B+,3.5,True,3.25,3.36,Pass
7581,1327846,HK142_SP1033_L02,SP1033,-16,False,5.6,,6.1,6.0,,5.9,C,2.0,True,2.28,2.51,Pass
7582,1355773,HK142_SP1033_L02,SP1033,-16,False,6.8,,6.2,5.4,,6.2,C,2.0,True,2.0,1.95,Pass
7583,1384155,HK142_SP1033_L02,SP1033,-16,False,5.5,,5.6,6.4,,5.7,C,2.0,True,1.78,1.7,Pass
7584,1318188,HK142_SP1033_L02,SP1033,-16,False,6.4,,7.0,5.1,,6.4,C+,2.5,True,2.32,2.45,Pass
7585,1311627,HK142_SP1033_L02,SP1033,-16,False,6.1,,6.2,6.5,,6.2,C,2.0,True,2.29,2.19,Pass
7586,1359144,HK142_SP1033_L02,SP1033,-16,False,10.0,,9.8,8.7,,9.6,A+,4.0,True,4.0,4.0,Pass
7587,1391900,HK142_SP1033_L02,SP1033,-16,False,6.2,,6.1,6.3,,6.2,C,2.0,True,2.09,1.93,Pass
7588,1366889,HK142_SP1033_L02,SP1033,-16,False,6.6,,6.9,7.4,,6.9,C+,2.5,True,2.68,2.62,Pass
7589,1370989,HK142_SP1033_L02,SP1033,-16,False,7.7,,6.8,6.8,,7.1,B,3.0,True,2.5,2.43,Pass
7590,1306069,HK142_SP1033_L02,SP1033,-16,False,6.4,,9.2,8.2,,8.2,B+,3.5,True,3.59,3.45,Pass
7591,1369076,HK142_SP1033_L02,SP1033,-16,False,5.6,,4.6,6.2,,5.2,D+,1.5,True,1.5,1.69,Pass
7592,1396137,HK142_SP1033_L02,SP1033,-16,False,8.5,,8.3,8.8,,8.5,A,4.0,True,3.31,3.37,Pass
7593,1369531,HK142_SP1033_L02,SP1033,-16,False,4.6,,7.0,5.3,,5.9,C,2.0,True,1.91,2.0,Pass
7594,1357823,HK142_SP1033_L02,SP1033,-16,False,6.6,,6.4,6.3,,6.4,C+,2.5,True,1.94,2.05,Pass
7595,1301832,HK142_SP1033_L02,SP1033,-16,False,3.4,,3.9,5.7,,4.1,D,1.0,True,1.47,1.34,Pass
7596,1393632,HK142_SP1033_L02,SP1033,-16,False,7.4,,4.8,5.9,,5.8,C,2.0,True,2.74,2.72,Pass
7597,1365431,HK142_SP1033_L02,SP1033,-16,False,7.5,,6.8,7.7,,7.2,B,3.0,True,3.0,3.06,Pass
7598,1307527,HK142_SP1033_L02,SP1033,-16,False,8.0,,7.7,7.6,,7.8,B,3.0,True,3.38,3.44,Pass
7599,1381376,HK142_SP1033_L02,SP1033,-16,False,8.2,,8.5,8.4,,8.4,B+,3.5,True,3.33,3.43,Pass
7600,1344065,HK142_SP1033_L02,SP1033,-16,False,8.9,,10.0,9.9,,9.7,A+,4.0,True,3.77,3.83,Pass
7601,1301240,HK142_SP1033_L02,SP1033,-16,False,8.3,,7.6,6.6,,7.6,B,3.0,True,2.81,3.01,Pass
7602,1361331,HK142_SP1033_L02,SP1033,-16,False,7.9,,8.2,7.2,,7.9,B,3.0,True,3.29,3.35,Pass
7603,1368210,HK142_SP1033_L02,SP1033,-16,False,10.0,,8.4,10.0,,9.2,A,4.0,True,3.92,3.98,Pass
7604,1374042,HK142_SP1033_L02,SP1033,-16,False,4.6,,3.6,3.8,,3.9,F,0.0,False,0.5,1.15,Fail
7605,1304748,HK142_SP1033_L02,SP1033,-16,False,9.5,,8.5,8.4,,8.8,A,4.0,True,3.11,3.24,Pass
7606,1381058,HK142_SP1033_L02,SP1033,-16,False,8.3,,9.4,7.1,,8.6,A,4.0,True,3.11,3.16,Pass
7607,1320830,HK142_SP1033_L02,SP1033,-16,False,7.8,,8.4,7.9,,8.1,B+,3.5,True,3.22,3.35,Pass
7608,1301969,HK142_SP1033_L02,SP1033,-16,False,7.4,,5.5,6.4,,6.2,C,2.0,True,2.41,2.36,Pass
7609,1348028,HK142_SP1033_L02,SP1033,-16,False,8.6,,6.8,7.7,,7.5,B,3.0,True,2.64,2.66,Pass
7610,1340557,HK142_SP1033_L02,SP1033,-16,False,6.8,,4.9,7.7,,6.0,C,2.0,True,2.72,2.48,Pass
7611,1308256,HK142_SP1033_L02,SP1033,-16,False,5.9,,5.7,7.5,,6.1,C,2.0,True,2.44,2.55,Pass
7612,1332675,HK142_SP1033_L02,SP1033,-16,False,7.4,,7.4,6.5,,7.2,B,3.0,True,3.06,3.25,Pass
7613,1374634,HK142_SP1033_L02,SP1033,-16,False,6.5,,5.4,5.3,,5.7,C,2.0,True,1.76,1.69,Pass
7614,1371263,HK142_SP1033_L02,SP1033,-16,False,6.3,,7.1,3.3,,6.1,C,2.0,True,1.82,1.59,Pass
7615,1335317,HK142_SP1033_L02,SP1033,-16,False,6.9,,6.3,6.4,,6.5,C+,2.5,True,2.35,2.2,Pass
7616,1342333,HK142_SP1033_L02,SP1033,-16,False,6.5,,8.4,6.4,,7.4,B,3.0,True,2.5,2.3,Pass
7617,1393950,HK142_SP1033_L02,SP1033,-16,False,7.7,,5.3,4.8,,5.9,C,2.0,True,2.11,1.8,Pass
7618,1319235,HK142_SP1033_L02,SP1033,-16,False,9.2,,7.6,9.4,,8.4,B+,3.5,True,3.83,3.83,Pass
7619,1318780,HK142_SP1033_L02,SP1033,-16,False,6.9,,8.1,7.4,,7.6,B,3.0,True,3.22,3.2,Pass
7620,1326388,HK142_SP1033_L02,SP1033,-16,False,7.8,,9.0,7.6,,8.4,B+,3.5,True,3.86,3.85,Pass
7621,1389258,HK142_SP1033_L02,SP1033,-16,False,9.6,,8.8,8.5,,9.0,A,4.0,True,4.0,4.0,Pass
7622,1343928,HK142_SP1033_L02,SP1033,-16,False,8.8,,9.6,8.5,,9.1,A,4.0,True,3.85,3.96,Pass
7623,1301103,HK142_SP1033_L02,SP1033,-16,False,5.9,,6.3,5.6,,6.0,C,2.0,True,1.59,1.51,Pass
7624,1394816,HK142_SP1033_L02,SP1033,-16,False,7.2,,6.5,7.0,,6.8,C+,2.5,True,2.21,2.3,Pass
7625,1359007,HK142_SP1033_L02,SP1033,-16,False,5.9,,5.0,7.1,,5.7,C,2.0,True,2.38,2.39,Pass
7626,1368939,HK142_SP1033_L02,SP1033,-16,False,5.9,,6.8,6.4,,6.5,C+,2.5,True,2.29,2.24,Pass
7627,1384566,HK142_SP1033_L02,SP1033,-16,False,8.1,,7.7,8.8,,8.0,B+,3.5,True,3.26,3.31,Pass
7628,1327117,HK142_SP1033_L02,SP1033,-16,False,6.1,,8.0,7.5,,7.3,B,3.0,True,3.0,2.88,Pass
7629,1385613,HK142_SP1033_L02,SP1033,-16,False,6.8,,6.1,5.6,,6.2,C,2.0,True,2.47,2.46,Pass
7630,1358415,HK142_SP1033_L02,SP1033,-16,False,8.1,,7.6,5.7,,7.4,B,3.0,True,3.08,2.98,Pass
7631,1353586,HK142_SP1033_L02,SP1033,-16,False,5.2,,6.0,7.0,,6.0,C,2.0,True,2.21,2.12,Pass
7632,1355044,HK142_SP1033_L02,SP1033,-16,False,8.4,,6.6,8.3,,7.5,B,3.0,True,3.17,3.24,Pass
7633,1358689,HK142_SP1033_L02,SP1033,-16,False,6.7,,6.5,6.4,,6.5,C+,2.5,True,2.76,2.55,Pass
7634,1392903,HK142_SP1033_L02,SP1033,-16,False,5.2,,7.4,6.4,,6.5,C+,2.5,True,2.14,2.25,Pass
7635,1307982,HK142_SP1033_L02,SP1033,-16,False,7.8,,7.6,5.6,,7.3,B,3.0,True,2.89,2.93,Pass
7636,1392037,HK142_SP1033_L02,SP1033,-16,False,7.7,,7.6,7.6,,7.6,B,3.0,True,3.06,3.06,Pass
7637,1328301,HK142_SP1033_L02,SP1033,-16,False,6.9,,6.6,3.9,,6.1,C,2.0,True,1.09,1.63,Pass
7638,1389850,HK142_SP1033_L02,SP1033,-16,False,5.6,,7.7,4.9,,6.5,C+,2.5,True,1.82,1.64,Pass
7639,1324064,HK142_SP1033_L02,SP1033,-16,False,7.1,,7.1,6.6,,7.0,B,3.0,True,2.59,2.45,Pass
7640,1370534,HK142_SP1033_L02,SP1033,-16,False,6.9,,7.5,6.2,,7.1,B,3.0,True,2.38,2.43,Pass
7641,1326980,HK142_SP1033_L02,SP1033,-16,False,6.9,,6.3,6.3,,6.5,C+,2.5,True,2.56,2.57,Pass
7642,1323335,HK142_SP1033_L02,SP1033,-16,False,3.6,,4.6,4.3,,4.2,D,1.0,True,0.6,1.0,Pass
7643,1322151,HK142_SP1033_L02,SP1033,-16,False,7.3,,7.1,6.5,,7.0,B,3.0,True,2.18,2.23,Pass
7644,1306935,HK142_SP1033_L02,SP1033,-16,False,6.1,,6.8,6.2,,6.5,C+,2.5,True,2.26,2.23,Pass
7645,1394953,HK142_SP1033_L02,SP1033,-16,False,5.3,,7.4,7.5,,6.8,C+,2.5,True,2.56,2.33,Pass
7646,1347891,HK142_SP1033_L02,SP1033,-16,False,6.5,,6.5,6.2,,6.4,C+,2.5,True,2.09,1.97,Pass
7647,1356228,HK142_SP1033_L02,SP1033,-16,False,5.7,,6.8,6.0,,6.3,C,2.0,True,2.53,2.45,Pass
7648,1362515,HK142_SP1033_L02,SP1033,-16,False,8.7,,9.5,10.0,,9.4,A,4.0,True,3.69,3.88,Pass
7649,1348757,HK142_SP1033_L02,SP1033,-16,False,4.8,,5.1,6.2,,5.2,D+,1.5,True,1.71,1.58,Pass
7650,1389987,HK142_SP1033_L02,SP1033,-16,False,9.1,,9.5,9.6,,9.4,A,4.0,True,4.0,3.99,Pass
7651,1361194,HK142_SP1033_L02,SP1033,-16,False,7.5,,7.5,8.2,,7.6,B,3.0,True,3.0,2.98,Pass
7652,1342470,HK142_SP1033_L02,SP1033,-16,False,8.9,,8.1,7.2,,8.2,B+,3.5,True,3.53,3.32,Pass
7653,1389121,HK142_SP1033_L02,SP1033,-16,False,9.2,,7.7,8.6,,8.3,B+,3.5,True,3.24,3.23,Pass
7654,1315135,HK142_SP1033_L02,SP1033,-16,False,8.8,,8.3,6.2,,8.0,B+,3.5,True,3.61,3.45,Pass
7655,1391445,HK142_SP1033_L02,SP1033,-16,False,7.5,,7.3,6.6,,7.2,B,3.0,True,2.74,2.55,Pass
7656,1300648,HK142_SP1033_L02,SP1033,-16,False,7.8,,5.7,8.1,,6.8,C+,2.5,True,2.81,2.82,Pass
7657,1305203,HK142_SP1033_L02,SP1033,-16,False,6.7,,6.6,5.8,,6.5,C+,2.5,True,2.59,2.37,Pass
7658,1332083,HK142_SP1033_L03,SP1033,-16,False,7.3,,7.5,6.9,,7.3,B,3.0,True,3.08,3.05,Pass
7659,1305340,HK142_SP1033_L03,SP1033,-16,False,5.4,,8.0,7.3,,7.1,B,3.0,True,3.36,3.3,Pass
7660,1352720,HK142_SP1033_L03,SP1033,-16,False,7.6,,8.6,8.4,,8.3,B+,3.5,True,3.29,3.17,Pass
7661,1351991,HK142_SP1033_L03,SP1033,-16,False,7.4,,7.7,6.6,,7.4,B,3.0,True,2.94,2.74,Pass
7662,1320967,HK142_SP1033_L03,SP1033,-16,False,4.8,,4.1,1.4,,3.8,F,0.0,False,1.14,1.45,Fail
7663,1376229,HK142_SP1033_L03,SP1033,-16,False,8.0,,8.2,7.0,,7.9,B,3.0,True,2.91,3.3,Pass
7664,1335454,HK142_SP1033_L03,SP1033,-16,False,7.2,,8.2,7.1,,7.7,B,3.0,True,3.44,3.3,Pass
7665,1316593,HK142_SP1033_L03,SP1033,-16,False,7.1,,6.9,7.1,,7.0,B,3.0,True,2.29,2.27,Pass
7666,1337641,HK142_SP1033_L03,SP1033,-16,False,9.0,,9.3,6.6,,8.7,A,4.0,True,3.31,3.26,Pass
7667,1355181,HK142_SP1033_L03,SP1033,-16,False,8.7,,6.8,8.3,,7.7,B,3.0,True,3.25,3.16,Pass
7668,1348165,HK142_SP1033_L03,SP1033,-16,False,5.6,,5.4,6.6,,5.7,C,2.0,True,1.76,1.74,Pass
7669,1303745,HK142_SP1033_L03,SP1033,-16,False,8.0,,8.1,9.2,,8.3,B+,3.5,True,3.94,3.84,Pass
7670,1397732,HK142_SP1033_L03,SP1033,-16,False,6.2,,5.4,6.9,,5.9,C,2.0,True,2.35,2.48,Pass
7671,1325522,HK142_SP1033_L03,SP1033,-16,False,5.4,,5.7,5.1,,5.5,C,2.0,True,2.39,2.36,Pass
7672,1350670,HK142_SP1033_L03,SP1033,-16,False,6.2,,6.3,7.7,,6.5,C+,2.5,True,2.53,2.52,Pass
7673,1354907,HK142_SP1033_L03,SP1033,-16,False,9.0,,7.8,8.5,,8.3,B+,3.5,True,3.73,3.74,Pass
7674,1320693,HK142_SP1033_L03,SP1033,-16,False,7.8,,7.3,6.8,,7.3,B,3.0,True,2.44,2.46,Pass
7675,1338825,HK142_SP1033_L03,SP1033,-16,False,8.9,,8.2,7.7,,8.3,B+,3.5,True,3.31,3.25,Pass
7676,1307390,HK142_SP1033_L03,SP1033,-16,False,7.6,,7.2,8.6,,7.6,B,3.0,True,3.0,3.03,Pass
7677,1327254,HK142_SP1033_L03,SP1033,-16,False,4.2,,5.3,7.0,,5.3,D+,1.5,True,2.41,2.2,Pass
7678,1340420,HK142_SP1033_L03,SP1033,-16,False,4.8,,5.6,4.9,,5.2,D+,1.5,True,1.79,1.76,Pass
7679,1326843,HK142_SP1033_L03,SP1033,-16,False,7.1,,7.0,5.7,,6.8,C+,2.5,True,2.18,2.14,Pass
7680,1368073,HK142_SP1033_L03,SP1033,-16,False,7.4,,6.1,6.6,,6.6,C+,2.5,True,2.47,2.47,Pass
7681,1350944,HK142_SP1033_L03,SP1033,-16,False,7.9,,7.9,8.5,,8.0,B+,3.5,True,3.24,3.25,Pass
7682,1376821,HK142_SP1033_L03,SP1033,-16,False,5.7,,8.2,6.6,,7.1,B,3.0,True,2.88,2.57,Pass
7683,1362652,HK142_SP1033_L03,SP1033,-16,False,6.0,,7.4,5.6,,6.6,C+,2.5,True,1.78,1.56,Pass
7684,1385158,HK142_SP1033_L03,SP1033,-16,False,7.9,,8.3,8.5,,8.2,B+,3.5,True,3.61,3.23,Pass
7685,1384884,HK142_SP1033_L03,SP1033,-16,False,8.4,,8.3,7.2,,8.1,B+,3.5,True,3.31,3.2,Pass
7686,1306798,HK142_SP1033_L03,SP1033,-16,False,8.4,,8.1,7.3,,8.0,B+,3.5,True,3.06,3.09,Pass
7687,1386024,HK142_SP1033_L03,SP1033,-16,False,8.3,,7.9,7.6,,8.0,B+,3.5,True,3.5,3.25,Pass
7688,1344520,HK142_SP1033_L03,SP1033,-16,False,5.6,,7.5,6.9,,6.8,C+,2.5,True,2.65,2.62,Pass
7689,1326114,HK142_SP1033_L03,SP1033,-16,False,6.0,,7.2,7.6,,6.9,C+,2.5,True,2.47,2.39,Pass
7690,1353131,HK142_SP1033_L03,SP1033,-16,False,7.4,,8.6,8.7,,8.3,B+,3.5,True,3.53,3.45,Pass
7691,1318506,HK142_SP1033_L03,SP1033,-16,False,6.3,,6.8,5.5,,6.4,C+,2.5,True,2.06,1.95,Pass
7692,1336046,HK142_SP1033_L03,SP1033,-16,False,8.1,,8.2,9.4,,8.4,B+,3.5,True,3.73,3.78,Pass
7693,1327983,HK142_SP1033_L03,SP1033,-16,False,6.9,,8.3,7.7,,7.8,B,3.0,True,3.03,3.17,Pass
7694,1320238,HK142_SP1033_L03,SP1033,-16,False,6.7,,6.0,8.3,,6.7,C+,2.5,True,2.65,2.59,Pass
7695,1353860,HK142_SP1033_L03,SP1033,-16,False,6.6,,5.5,8.2,,6.4,C+,2.5,True,2.32,2.22,Pass
7696,1329167,HK142_SP1033_L03,SP1033,-16,False,10.0,,9.7,10.0,,9.8,A+,4.0,True,3.85,3.91,Pass
7697,1378005,HK142_SP1033_L03,SP1033,-16,False,7.2,,7.9,9.2,,8.0,B+,3.5,True,3.17,3.15,Pass
7698,1337504,HK142_SP1033_L03,SP1033,-16,False,5.6,,5.4,5.9,,5.6,C,2.0,True,2.03,1.94,Pass
7699,1366297,HK142_SP1033_L03,SP1033,-16,False,7.0,,6.3,4.6,,6.2,C,2.0,True,2.26,2.19,Pass
7700,1373176,HK142_SP1033_L03,SP1033,-16,False,6.5,,6.2,6.1,,6.3,C,2.0,True,1.94,1.93,Pass
7701,1340283,HK142_SP1033_L03,SP1033,-16,False,3.6,,6.9,6.8,,5.9,C,2.0,True,2.5,2.37,Pass
7702,1345704,HK142_SP1033_L03,SP1033,-16,False,5.2,,5.7,5.1,,5.4,D+,1.5,True,1.94,1.89,Pass
7703,1307253,HK142_SP1033_L03,SP1033,-16,False,8.9,,8.2,6.9,,8.1,B+,3.5,True,3.31,3.25,Pass
7704,1353723,HK142_SP1033_L03,SP1033,-16,False,4.3,,3.8,4.1,,4.0,D,1.0,True,0.42,1.13,Pass
7705,1314269,HK142_SP1033_L03,SP1033,-16,False,9.1,,8.2,9.9,,8.8,A,4.0,True,3.92,3.84,Pass
7706,1323609,HK142_SP1033_L03,SP1033,-16,False,8.3,,10.0,8.0,,9.1,A,4.0,True,3.75,3.93,Pass
7707,1308848,HK142_SP1033_L03,SP1033,-16,False,7.9,,7.7,8.4,,7.9,B,3.0,True,3.28,3.05,Pass
7708,1310169,HK142_SP1033_L03,SP1033,-16,False,7.6,,6.4,6.8,,6.8,C+,2.5,True,2.71,2.78,Pass
7709,1370260,HK142_SP1033_L03,SP1033,-16,False,6.5,,6.2,6.0,,6.2,C,2.0,True,1.91,2.08,Pass
7710,1379008,HK142_SP1033_L03,SP1033,-16,False,6.2,,8.0,7.0,,7.3,B,3.0,True,2.74,2.73,Pass
7711,1313951,HK142_SP1033_L03,SP1033,-16,False,5.6,,8.8,8.5,,7.8,B,3.0,True,3.25,3.25,Pass
7712,1329030,HK142_SP1033_L03,SP1033,-16,False,5.7,,5.6,7.2,,6.0,C,2.0,True,2.06,2.2,Pass
7713,1387800,HK142_SP1033_L03,SP1033,-16,False,6.8,,7.0,5.9,,6.7,C+,2.5,True,2.5,2.35,Pass
7714,1359873,HK142_SP1033_L03,SP1033,-16,False,7.2,,5.9,5.6,,6.2,C,2.0,True,2.41,2.37,Pass
7715,1368802,HK142_SP1033_L03,SP1033,-16,False,5.8,,7.7,8.4,,7.3,B,3.0,True,2.82,2.9,Pass
7716,1375363,HK142_SP1033_L03,SP1033,-16,False,7.6,,5.6,5.7,,6.2,C,2.0,True,2.32,2.33,Pass
7717,1333267,HK142_SP1033_L03,SP1033,-16,False,6.1,,5.9,6.2,,6.0,C,2.0,True,1.72,1.42,Pass
7718,1347436,HK142_SP1033_L03,SP1033,-16,False,6.4,,6.5,7.2,,6.6,C+,2.5,True,2.71,2.52,Pass
7719,1313677,HK142_SP1033_L03,SP1033,-16,False,7.5,,7.4,8.6,,7.7,B,3.0,True,3.06,3.16,Pass
7720,1363244,HK142_SP1033_L03,SP1033,-16,False,9.6,,7.3,8.6,,8.2,B+,3.5,True,3.83,3.92,Pass
7721,1313085,HK142_SP1033_L03,SP1033,-16,False,6.6,,6.7,6.7,,6.7,C+,2.5,True,2.41,2.3,Pass
7722,1341604,HK142_SP1033_L03,SP1033,-16,False,8.2,,9.1,8.2,,8.6,A,4.0,True,3.19,3.06,Pass
7723,1362926,HK142_SP1033_L03,SP1033,-16,False,8.3,,8.9,7.0,,8.3,B+,3.5,True,3.58,3.39,Pass
7724,1325659,HK142_SP1033_L03,SP1033,-16,False,7.3,,8.1,8.5,,7.9,B,3.0,True,3.08,3.16,Pass
7725,1358278,HK142_SP1033_L03,SP1033,-16,False,5.0,,6.1,6.2,,5.8,C,2.0,True,2.41,2.45,Pass
7726,1338962,HK142_SP1033_L03,SP1033,-16,False,6.8,,7.1,8.9,,7.4,B,3.0,True,2.71,2.49,Pass
7727,1345249,HK142_SP1033_L03,SP1033,-16,False,7.5,,8.3,8.5,,8.1,B+,3.5,True,3.28,3.34,Pass
7728,1313540,HK142_SP1033_L03,SP1033,-16,False,4.4,,5.1,5.1,,4.9,D,1.0,True,1.79,1.73,Pass
7729,1369942,HK142_SP1033_L03,SP1033,-16,False,7.5,,5.6,7.0,,6.5,C+,2.5,True,2.56,2.33,Pass
7730,1380784,HK142_SP1033_L03,SP1033,-16,False,7.2,,6.3,6.5,,6.6,C+,2.5,True,2.41,2.25,Pass
7731,1398324,HK142_SP1033_L03,SP1033,-16,False,6.9,,6.5,5.8,,6.5,C+,2.5,True,2.65,2.54,Pass
7732,1302698,HK142_SP1033_L03,SP1033,-16,False,7.9,,7.8,8.1,,7.9,B,3.0,True,3.39,3.25,Pass
7733,1381650,HK142_SP1033_L03,SP1033,-16,False,8.0,,7.7,6.3,,7.5,B,3.0,True,2.18,2.19,Pass
7734,1374771,HK142_SP1033_L03,SP1033,-16,False,7.4,,6.9,8.4,,7.4,B,3.0,True,3.08,3.25,Pass
7735,1393358,HK142_SP1033_L03,SP1033,-16,False,5.9,,6.2,7.1,,6.3,C,2.0,True,2.28,2.36,Pass
7736,1337049,HK142_SP1033_L03,SP1033,-16,False,9.0,,7.5,8.2,,8.1,B+,3.5,True,3.31,3.09,Pass
7737,1313222,HK142_SP1033_L03,SP1033,-16,False,7.6,,7.1,8.0,,7.4,B,3.0,True,3.12,3.33,Pass
7738,1303290,HK142_SP1033_L03,SP1033,-16,False,8.2,,7.4,6.9,,7.5,B,3.0,True,3.19,3.26,Pass
7739,1376547,HK142_SP1033_L03,SP1033,-16,False,3.7,,3.6,4.2,,3.8,F,0.0,False,0.2,1.12,Fail
7740,1390853,HK142_SP1033_L03,SP1033,-16,False,9.4,,6.9,8.0,,7.9,B,3.0,True,3.0,3.24,Pass
7741,1382834,HK142_SP1033_L03,SP1033,-16,False,6.1,,7.1,6.8,,6.7,C+,2.5,True,2.75,2.62,Pass
7742,1333541,HK142_SP1033_L03,SP1033,-16,False,7.0,,6.4,7.6,,6.8,C+,2.5,True,2.32,2.37,Pass
7743,1398461,HK142_SP1033_L03,SP1033,-16,False,8.3,,7.8,8.4,,8.1,B+,3.5,True,3.31,3.38,Pass
7744,1322014,HK142_SP1033_L03,SP1033,-16,False,6.0,,7.1,5.6,,6.5,C+,2.5,True,2.44,2.52,Pass
7745,1377276,HK142_SP1033_L03,SP1033,-16,False,6.6,,6.6,6.7,,6.6,C+,2.5,True,2.12,2.05,Pass
7746,1331217,HK142_SP1033_L03,SP1033,-16,False,6.4,,7.9,6.7,,7.2,B,3.0,True,1.92,1.74,Pass
7747,1309577,HK142_SP1033_L03,SP1033,-16,False,5.8,,6.7,6.3,,6.3,C,2.0,True,2.5,2.33,Pass
7748,1310032,HK142_SP1033_L03,SP1033,-16,False,7.8,,9.0,8.3,,8.5,A,4.0,True,3.0,2.83,Pass
7749,1333996,HK142_SP1033_L03,SP1033,-16,False,8.9,,10.0,8.0,,9.3,A,4.0,True,3.75,3.86,Pass
7750,1397869,HK142_SP1033_L03,SP1033,-16,False,9.1,,8.8,8.3,,8.8,A,4.0,True,4.0,4.0,Pass
7751,1399190,HK142_SP1033_L03,SP1033,-16,False,6.7,,7.2,6.8,,7.0,B,3.0,True,2.47,2.48,Pass
7752,1303882,HK142_SP1033_L03,SP1033,-16,False,7.8,,6.9,8.4,,7.5,B,3.0,True,3.32,3.38,Pass
7753,1363381,HK142_SP1033_L03,SP1033,-16,False,8.1,,6.6,8.3,,7.4,B,3.0,True,2.92,3.06,Pass
7754,1343199,HK142_SP1033_L03,SP1033,-16,False,7.0,,6.3,7.3,,6.7,C+,2.5,True,2.29,2.16,Pass
7755,1364247,HK142_SP1033_L03,SP1033,-16,False,7.0,,6.0,5.9,,6.3,C,2.0,True,2.44,2.38,Pass
7756,1332538,HK142_SP1033_L04,SP1033,-16,False,8.6,,7.1,8.4,,7.8,B,3.0,True,3.47,3.43,Pass
7757,1310761,HK142_SP1033_L04,SP1033,-16,False,10.0,,8.8,8.4,,9.1,A,4.0,True,3.92,3.89,Pass
7758,1332812,HK142_SP1033_L04,SP1033,-16,False,6.7,,5.9,5.0,,6.0,C,2.0,True,1.53,1.46,Pass
7759,1357686,HK142_SP1033_L04,SP1033,-16,False,7.1,,8.2,7.4,,7.7,B,3.0,True,3.71,3.58,Pass
7760,1390716,HK142_SP1033_L04,SP1033,-16,False,4.9,,5.3,6.1,,5.3,D+,1.5,True,1.85,1.75,Pass
7761,1395819,HK142_SP1033_L04,SP1033,-16,False,7.2,,6.7,6.8,,6.9,C+,2.5,True,2.38,2.45,Pass
7762,1321559,HK142_SP1033_L04,SP1033,-16,False,6.2,,7.3,7.0,,6.9,C+,2.5,True,2.62,2.53,Pass
7763,1352402,HK142_SP1033_L04,SP1033,-16,False,9.0,,7.8,8.0,,8.2,B+,3.5,True,3.47,3.37,Pass
7764,1316319,HK142_SP1033_L04,SP1033,-16,False,6.6,,7.4,5.6,,6.8,C+,2.5,True,2.26,2.39,Pass
7765,1305932,HK142_SP1033_L04,SP1033,-16,False,7.2,,8.0,8.4,,7.8,B,3.0,True,3.18,3.2,Pass
7766,1313814,HK142_SP1033_L04,SP1033,-16,False,9.2,,8.2,6.3,,8.1,B+,3.5,True,3.15,3.1,Pass
7767,1304019,HK142_SP1033_L04,SP1033,-16,False,10.0,,10.0,9.0,,9.8,A+,4.0,True,3.92,3.97,Pass
7768,1346433,HK142_SP1033_L04,SP1033,-16,False,8.0,,8.2,8.8,,8.3,B+,3.5,True,3.67,3.47,Pass
7769,1382105,HK142_SP1033_L04,SP1033,-16,False,7.8,,7.6,8.6,,7.9,B,3.0,True,3.11,3.06,Pass
7770,1392766,HK142_SP1033_L04,SP1033,-16,False,5.5,,7.6,5.9,,6.6,C+,2.5,True,2.62,2.62,Pass
7771,1300374,HK142_SP1033_L04,SP1033,-16,False,4.3,,5.8,5.6,,5.3,D+,1.5,True,1.88,1.81,Pass
7772,1331080,HK142_SP1033_L04,SP1033,-16,False,9.0,,7.1,8.8,,8.0,B+,3.5,True,3.28,3.32,Pass
7773,1398187,HK142_SP1033_L04,SP1033,-16,False,6.3,,7.0,6.1,,6.6,C+,2.5,True,2.67,2.7,Pass
7774,1311901,HK142_SP1033_L04,SP1033,-16,False,8.0,,5.5,7.4,,6.6,C+,2.5,True,2.41,2.39,Pass
7775,1397140,HK142_SP1033_L04,SP1033,-16,False,4.8,,4.4,5.8,,4.8,D,1.0,True,1.62,1.65,Pass
7776,1351673,HK142_SP1033_L04,SP1033,-16,False,8.0,,6.4,6.1,,6.8,C+,2.5,True,2.53,2.46,Pass
7777,1339417,HK142_SP1033_L04,SP1033,-16,False,6.1,,7.7,6.9,,7.1,B,3.0,True,2.72,2.57,Pass
7778,1374497,HK142_SP1033_L04,SP1033,-16,False,7.9,,8.1,7.1,,7.8,B,3.0,True,3.44,3.28,Pass
7779,1312493,HK142_SP1033_L04,SP1033,-16,False,7.7,,8.7,7.0,,8.1,B+,3.5,True,3.5,3.26,Pass
7780,1300511,HK142_SP1033_L04,SP1033,-16,False,8.6,,8.6,7.5,,8.4,B+,3.5,True,3.53,3.35,Pass
7781,1362789,HK142_SP1033_L04,SP1033,-16,False,8.5,,8.5,9.6,,8.7,A,4.0,True,3.28,3.34,Pass
7782,1375089,HK142_SP1033_L04,SP1033,-16,False,9.7,,5.6,7.4,,7.2,B,3.0,True,2.31,2.25,Pass
7783,1350078,HK142_SP1033_L04,SP1033,-16,False,5.9,,5.8,5.4,,5.8,C,2.0,True,1.82,1.92,Pass
7784,1336912,HK142_SP1033_L04,SP1033,-16,False,6.5,,5.8,6.4,,6.1,C,2.0,True,2.38,2.18,Pass
7785,1312356,HK142_SP1033_L04,SP1033,-16,False,7.2,,7.2,7.2,,7.2,B,3.0,True,2.82,2.78,Pass
7786,1382379,HK142_SP1033_L04,SP1033,-16,False,5.3,,6.6,8.5,,6.6,C+,2.5,True,2.53,2.49,Pass
7787,1379600,HK142_SP1033_L04,SP1033,-16,False,6.1,,5.1,5.0,,5.4,D+,1.5,True,1.5,1.57,Pass
7788,1346844,HK142_SP1033_L04,SP1033,-16,False,8.1,,7.1,8.0,,7.6,B,3.0,True,2.91,2.78,Pass
7789,1366434,HK142_SP1033_L04,SP1033,-16,False,8.2,,8.3,8.3,,8.3,B+,3.5,True,3.28,3.34,Pass
7790,1349941,HK142_SP1033_L04,SP1033,-16,False,9.9,,10.0,9.7,,9.9,A+,4.0,True,4.0,3.97,Pass
7791,1339554,HK142_SP1033_L04,SP1033,-16,False,7.7,,7.1,8.5,,7.6,B,3.0,True,3.28,3.4,Pass
7792,1317777,HK142_SP1033_L04,SP1033,-16,False,8.4,,7.7,6.6,,7.7,B,3.0,True,2.94,2.92,Pass
7793,1394224,HK142_SP1033_L04,SP1033,-16,False,5.6,,6.4,6.5,,6.2,C,2.0,True,2.28,2.1,Pass
7794,1330488,HK142_SP1033_L04,SP1033,-16,False,5.7,,7.0,8.3,,6.9,C+,2.5,True,3.03,3.25,Pass
7795,1378142,HK142_SP1033_L04,SP1033,-16,False,8.5,,8.1,7.1,,8.0,B+,3.5,True,3.06,3.13,Pass
7796,1308393,HK142_SP1033_L04,SP1033,-16,False,9.2,,8.3,8.3,,8.6,A,4.0,True,3.81,3.87,Pass
7797,1321422,HK142_SP1033_L04,SP1033,-16,False,7.9,,6.9,8.8,,7.6,B,3.0,True,3.17,3.11,Pass
7798,1341012,HK142_SP1033_L04,SP1033,-16,False,5.7,,5.3,5.6,,5.5,C,2.0,True,1.63,1.64,Pass
7799,1355636,HK142_SP1033_L04,SP1033,-16,False,5.2,,6.7,4.7,,5.8,C,2.0,True,1.76,1.8,Pass
7800,1398598,HK142_SP1033_L04,SP1033,-16,False,6.3,,4.7,7.3,,5.7,C,2.0,True,2.68,2.74,Pass
7801,1399645,HK142_SP1033_L04,SP1033,-16,False,5.5,,5.0,5.6,,5.3,D+,1.5,True,1.94,1.82,Pass
7802,1390579,HK142_SP1033_L04,SP1033,-16,False,7.2,,7.3,6.8,,7.2,B,3.0,True,3.03,2.64,Pass
7803,1369213,HK142_SP1033_L04,SP1033,-16,False,7.4,,7.4,8.1,,7.5,B,3.0,True,3.36,3.53,Pass
7804,1358552,HK142_SP1033_L04,SP1033,-16,False,7.0,,7.1,6.8,,7.0,B,3.0,True,2.65,2.52,Pass
7805,1371581,HK142_SP1033_L04,SP1033,-16,False,5.9,,6.8,7.6,,6.7,C+,2.5,True,2.76,2.64,Pass
7806,1337367,HK142_SP1033_L04,SP1033,-16,False,5.0,,5.6,5.3,,5.4,D+,1.5,True,1.38,1.52,Pass
7807,1359281,HK142_SP1033_L04,SP1033,-16,False,8.9,,8.2,8.5,,8.5,A,4.0,True,3.92,3.71,Pass
7808,1362060,HK142_SP1033_L04,SP1033,-16,False,8.0,,9.2,8.6,,8.7,A,4.0,True,3.72,3.7,Pass
7809,1309440,HK142_SP1033_L04,SP1033,-16,False,6.3,,5.7,6.1,,6.0,C,2.0,True,2.44,2.35,Pass
7810,1335591,HK142_SP1033_L04,SP1033,-16,False,6.7,,7.3,6.7,,7.0,B,3.0,True,2.68,2.42,Pass
7811,1386342,HK142_SP1033_L04,SP1033,-16,False,6.4,,8.0,8.0,,7.5,B,3.0,True,3.0,3.33,Pass
7812,1346570,HK142_SP1033_L04,SP1033,-16,False,5.6,,6.0,7.0,,6.1,C,2.0,True,2.06,1.73,Pass
7813,1329304,HK142_SP1033_L04,SP1033,-16,False,8.1,,8.2,6.5,,7.8,B,3.0,True,3.17,3.22,Pass
7814,1318051,HK142_SP1033_L04,SP1033,-16,False,7.6,,7.3,7.2,,7.4,B,3.0,True,3.24,3.12,Pass
7815,1336320,HK142_SP1033_L04,SP1033,-16,False,6.0,,5.9,7.2,,6.2,C,2.0,True,2.47,2.3,Pass
7816,1348894,HK142_SP1033_L04,SP1033,-16,False,6.8,,6.6,6.0,,6.5,C+,2.5,True,2.14,2.04,Pass
7817,1341149,HK142_SP1033_L04,SP1033,-16,False,6.7,,5.9,6.3,,6.2,C,2.0,True,1.61,1.67,Pass
7818,1301695,HK142_SP1033_L04,SP1033,-16,False,8.3,,6.6,8.8,,7.5,B,3.0,True,3.17,3.17,Pass
7819,1334862,HK142_SP1033_L04,SP1033,-16,False,8.5,,8.1,8.7,,8.3,B+,3.5,True,3.31,3.11,Pass
7820,1399782,HK142_SP1033_L04,SP1033,-16,False,8.2,,8.8,7.1,,8.3,B+,3.5,True,3.19,3.23,Pass
7821,1334270,HK142_SP1033_L04,SP1033,-16,False,6.2,,5.2,6.5,,5.8,C,2.0,True,2.82,2.59,Pass
7822,1364702,HK142_SP1033_L04,SP1033,-16,False,4.9,,5.8,3.8,,5.1,D+,1.5,True,1.94,1.88,Pass
7823,1385021,HK142_SP1033_L04,SP1033,-16,False,7.2,,6.7,6.0,,6.7,C+,2.5,True,2.26,2.34,Pass
7824,1376684,HK142_SP1033_L04,SP1033,-16,False,6.2,,6.7,6.9,,6.6,C+,2.5,True,2.59,2.33,Pass
7825,1387937,HK142_SP1033_L04,SP1033,-16,False,7.7,,8.2,8.7,,8.1,B+,3.5,True,3.08,3.05,Pass
7826,1369805,HK142_SP1033_L04,SP1033,-16,False,8.7,,7.5,9.7,,8.3,B+,3.5,True,3.56,3.7,Pass
7827,1315272,HK142_SP1033_L04,SP1033,-16,False,6.4,,6.4,7.0,,6.5,C+,2.5,True,2.15,2.2,Pass
7828,1346707,HK142_SP1033_L04,SP1033,-16,False,3.4,,3.0,3.1,,3.1,F,0.0,False,0.32,1.0,Fail
7829,1370397,HK142_SP1033_L04,SP1033,-16,False,7.6,,8.0,8.1,,7.9,B,3.0,True,2.97,2.96,Pass
7830,1323017,HK142_SP1033_L04,SP1033,-16,False,6.3,,6.6,6.3,,6.4,C+,2.5,True,2.5,2.42,Pass
7831,1324201,HK142_SP1033_L04,SP1033,-16,False,8.3,,6.4,8.0,,7.3,B,3.0,True,2.65,2.51,Pass
7832,1382516,HK142_SP1033_L04,SP1033,-16,False,9.0,,8.6,10.0,,9.0,A,4.0,True,3.85,3.94,Pass
7833,1341878,HK142_SP1033_L04,SP1033,-16,False,6.8,,6.9,7.1,,6.9,C+,2.5,True,2.82,2.77,Pass
7834,1371992,HK142_SP1033_L04,SP1033,-16,False,5.7,,6.0,6.3,,6.0,C,2.0,True,2.47,2.24,Pass
7835,1322743,HK142_SP1033_L04,SP1033,-16,False,5.3,,6.2,6.2,,5.9,C,2.0,True,2.09,2.3,Pass
7836,1371126,HK142_SP1033_L04,SP1033,-16,False,5.5,,5.8,6.6,,5.9,C,2.0,True,2.17,2.0,Pass
7837,1304885,HK142_SP1033_L04,SP1033,-16,False,6.5,,7.0,6.9,,6.8,C+,2.5,True,2.32,2.23,Pass
7838,1333404,HK142_SP1033_L04,SP1033,-16,False,6.0,,6.6,6.5,,6.4,C+,2.5,True,2.26,2.46,Pass
7839,1378871,HK142_SP1033_L04,SP1033,-16,False,7.7,,7.0,7.4,,7.3,B,3.0,True,3.36,3.25,Pass
7840,1366160,HK142_SP1033_L04,SP1033,-16,False,5.3,,5.8,8.0,,6.1,C,2.0,True,2.35,2.21,Pass
7841,1360147,HK142_SP1033_L04,SP1033,-16,False,9.1,,8.2,8.2,,8.5,A,4.0,True,3.47,3.19,Pass
7842,1397458,HK142_SP1033_L04,SP1033,-16,False,5.0,,5.8,7.8,,6.0,C,2.0,True,2.38,2.3,Pass
7843,1329622,HK142_SP1033_L04,SP1033,-16,False,5.3,,6.8,5.2,,6.0,C,2.0,True,1.62,1.77,Pass
7844,1307664,HK142_SP1033_L04,SP1033,-16,False,7.6,,6.1,6.7,,6.7,C+,2.5,True,2.44,2.46,Pass
7845,1343654,HK142_SP1033_L04,SP1033,-16,False,6.9,,7.7,5.6,,7.0,B,3.0,True,2.28,2.19,Pass
7846,1308711,HK142_SP1033_L04,SP1033,-16,False,7.4,,7.3,7.0,,7.3,B,3.0,True,3.44,3.63,Pass
7847,1394361,HK142_SP1033_L04,SP1033,-16,False,7.6,,8.1,6.8,,7.7,B,3.0,True,3.33,3.34,Pass
7848,1381513,HK142_SP1033_L04,SP1033,-16,False,8.6,,7.9,7.2,,8.0,B+,3.5,True,3.31,3.25,Pass
7849,1395090,HK142_SP1033_L04,SP1033,-16,False,5.5,,6.1,6.4,,6.0,C,2.0,True,1.47,1.59,Pass
7850,1371855,HK142_SP1033_L04,SP1033,-16,False,6.0,,5.2,4.5,,5.3,D+,1.5,True,1.47,1.37,Pass
7851,1327709,HK142_SP1033_L04,SP1033,-16,False,7.2,,6.6,7.6,,7.0,B,3.0,True,2.65,2.49,Pass
7852,1383700,HK142_SP1033_L04,SP1033,-16,False,7.5,,8.3,7.6,,7.9,B,3.0,True,3.21,3.08,Pass
7853,1303153,HK142_SP1033_L05,SP1033,-16,False,5.8,,7.0,6.7,,6.6,C+,2.5,True,2.35,2.38,Pass
7854,1301377,HK142_SP1033_L05,SP1033,-16,False,7.9,,5.1,5.3,,6.0,C,2.0,True,2.18,2.19,Pass
7855,1327572,HK142_SP1033_L05,SP1033,-16,False,6.3,,7.2,6.5,,6.8,C+,2.5,True,3.03,3.02,Pass
7856,1356639,HK142_SP1033_L05,SP1033,-16,False,6.6,,6.8,6.5,,6.7,C+,2.5,True,2.32,2.1,Pass
7857,1339099,HK142_SP1033_L05,SP1033,-16,False,7.1,,7.6,7.7,,7.5,B,3.0,True,3.08,3.03,Pass
7858,1315864,HK142_SP1033_L05,SP1033,-16,False,6.3,,5.3,6.7,,5.9,C,2.0,True,2.59,2.23,Pass
7859,1367755,HK142_SP1033_L05,SP1033,-16,False,7.2,,6.9,5.6,,6.7,C+,2.5,True,2.78,2.66,Pass
7860,1378597,HK142_SP1033_L05,SP1033,-16,False,4.4,,5.4,6.4,,5.3,D+,1.5,True,2.31,2.2,Pass
7861,1316730,HK142_SP1033_L05,SP1033,-16,False,8.8,,9.3,9.6,,9.2,A,4.0,True,4.0,3.92,Pass
7862,1376092,HK142_SP1033_L05,SP1033,-16,False,6.0,,7.0,6.5,,6.6,C+,2.5,True,2.41,2.57,Pass
7863,1379463,HK142_SP1033_L05,SP1033,-16,False,8.1,,7.8,7.3,,7.8,B,3.0,True,3.19,3.16,Pass
7864,1349486,HK142_SP1033_L05,SP1033,-16,False,9.4,,8.2,8.2,,8.6,A,4.0,True,3.53,3.5,Pass
7865,1368484,HK142_SP1033_L05,SP1033,-16,False,5.5,,6.7,4.9,,6.0,C,2.0,True,1.76,1.67,Pass
7866,1325067,HK142_SP1033_L05,SP1033,-16,False,7.8,,7.3,5.4,,7.1,B,3.0,True,2.79,2.78,Pass
7867,1396274,HK142_SP1033_L05,SP1033,-16,False,5.8,,5.7,6.0,,5.8,C,2.0,True,2.35,2.33,Pass
7868,1331809,HK142_SP1033_L05,SP1033,-16,False,7.1,,6.2,6.6,,6.6,C+,2.5,True,2.47,2.28,Pass
7869,1330033,HK142_SP1033_L05,SP1033,-16,False,5.7,,6.7,8.5,,6.8,C+,2.5,True,2.15,2.3,Pass
7870,1328438,HK142_SP1033_L05,SP1033,-16,False,7.9,,8.9,8.2,,8.5,A,4.0,True,3.12,2.89,Pass
7871,1391171,HK142_SP1033_L05,SP1033,-16,False,8.9,,8.3,8.2,,8.5,A,4.0,True,3.47,3.39,Pass
7872,1361923,HK142_SP1033_L05,SP1033,-16,False,8.1,,9.4,8.2,,8.8,A,4.0,True,3.47,3.3,Pass
7873,1324338,HK142_SP1033_L05,SP1033,-16,False,7.0,,5.7,6.3,,6.2,C,2.0,True,2.25,2.13,Pass
7874,1357094,HK142_SP1033_L05,SP1033,-16,False,8.0,,6.8,7.5,,7.3,B,3.0,True,3.5,3.43,Pass
7875,1344383,HK142_SP1033_L05,SP1033,-16,False,6.5,,8.0,8.5,,7.7,B,3.0,True,3.33,3.41,Pass
7876,1395408,HK142_SP1033_L05,SP1033,-16,False,5.6,,6.5,6.2,,6.2,C,2.0,True,2.26,2.14,Pass
7877,1324793,HK142_SP1033_L05,SP1033,-16,False,10.0,,10.0,9.5,,9.9,A+,4.0,True,3.85,3.96,Pass
7878,1366752,HK142_SP1033_L05,SP1033,-16,False,7.3,,5.5,6.4,,6.2,C,2.0,True,2.71,2.36,Pass
7879,1304474,HK142_SP1033_L05,SP1033,-16,False,5.2,,5.9,6.5,,5.8,C,2.0,True,1.88,1.77,Pass
7880,1388666,HK142_SP1033_L05,SP1033,-16,False,8.5,,7.6,6.9,,7.7,B,3.0,True,3.17,3.13,Pass
7881,1323746,HK142_SP1033_L05,SP1033,-16,False,7.0,,7.7,6.4,,7.2,B,3.0,True,2.47,2.48,Pass
7882,1382971,HK142_SP1033_L05,SP1033,-16,False,6.5,,7.2,8.5,,7.2,B,3.0,True,2.82,2.63,Pass
7883,1324930,HK142_SP1033_L05,SP1033,-16,False,2.8,,5.6,3.4,,4.3,D,1.0,True,0.36,1.0,Pass
7884,1317914,HK142_SP1033_L05,SP1033,-16,False,5.0,,6.4,7.7,,6.2,C,2.0,True,2.26,2.49,Pass
7885,1323472,HK142_SP1033_L05,SP1033,-16,False,7.6,,7.8,6.6,,7.5,B,3.0,True,2.26,2.5,Pass
7886,1398916,HK142_SP1033_L05,SP1033,-16,False,8.7,,8.0,7.2,,8.1,B+,3.5,True,3.42,3.3,Pass
7887,1319827,HK142_SP1033_L05,SP1033,-16,False,5.2,,4.6,6.4,,5.1,D+,1.5,True,2.12,2.34,Pass
7888,1378734,HK142_SP1033_L05,SP1033,-16,False,4.8,,4.8,5.0,,4.8,D,1.0,True,0.91,1.13,Pass
7889,1356957,HK142_SP1033_L05,SP1033,-16,False,5.7,,5.1,5.8,,5.4,D+,1.5,True,1.5,1.68,Pass
7890,1397595,HK142_SP1033_L05,SP1033,-16,False,5.5,,7.6,6.2,,6.7,C+,2.5,True,2.38,2.27,Pass
7891,1360602,HK142_SP1033_L05,SP1033,-16,False,3.5,,4.4,2.9,,3.8,F,0.0,False,0.3,1.14,Fail
7892,1383837,HK142_SP1033_L05,SP1033,-16,False,6.3,,5.7,4.6,,5.7,C,2.0,True,1.65,1.78,Pass
7893,1342196,HK142_SP1033_L05,SP1033,-16,False,7.9,,7.7,8.5,,7.9,B,3.0,True,3.35,3.2,Pass
7894,1334133,HK142_SP1033_L05,SP1033,-16,False,9.4,,9.6,8.8,,9.4,A,4.0,True,4.0,3.91,Pass
7895,1375500,HK142_SP1033_L05,SP1033,-16,False,7.4,,6.6,6.9,,6.9,C+,2.5,True,2.76,2.7,Pass
7896,1326525,HK142_SP1033_L05,SP1033,-16,False,10.0,,9.8,9.4,,9.8,A+,4.0,True,3.92,3.92,Pass
7897,1354315,HK142_SP1033_L05,SP1033,-16,False,6.2,,7.3,6.8,,6.9,C+,2.5,True,2.53,2.41,Pass
7898,1386616,HK142_SP1033_L05,SP1033,-16,False,3.8,,4.8,3.9,,4.3,D,1.0,True,0.47,1.08,Pass
7899,1397003,HK142_SP1033_L05,SP1033,-16,False,5.6,,5.3,6.9,,5.7,C,2.0,True,2.18,2.25,Pass
7900,1369668,HK142_SP1033_L05,SP1033,-16,False,6.3,,5.8,5.6,,5.9,C,2.0,True,2.09,2.33,Pass
7901,1377868,HK142_SP1033_L05,SP1033,-16,False,7.5,,6.4,6.0,,6.7,C+,2.5,True,2.47,2.42,Pass
7902,1329759,HK142_SP1033_L05,SP1033,-16,False,6.3,,7.0,7.0,,6.8,C+,2.5,True,2.88,2.61,Pass
7903,1322288,HK142_SP1033_L05,SP1033,-16,False,8.3,,5.8,4.8,,6.3,C,2.0,True,2.18,2.24,Pass
7904,1334725,HK142_SP1033_L05,SP1033,-16,False,7.8,,9.3,9.5,,8.9,A,4.0,True,3.92,3.97,Pass
7905,1399053,HK142_SP1033_L05,SP1033,-16,False,6.6,,7.1,7.3,,7.0,B,3.0,True,2.64,2.44,Pass
7906,1354452,HK142_SP1033_L05,SP1033,-16,False,8.6,,7.0,6.9,,7.5,B,3.0,True,3.0,3.16,Pass
7907,1330351,HK142_SP1033_L05,SP1033,-16,False,8.1,,8.0,7.5,,7.9,B,3.0,True,3.17,3.27,Pass
7908,1361468,HK142_SP1033_L05,SP1033,-16,False,5.9,,5.7,5.4,,5.7,C,2.0,True,1.74,1.59,Pass
7909,1375955,HK142_SP1033_L05,SP1033,-16,False,6.0,,7.5,5.7,,6.7,C+,2.5,True,2.32,2.28,Pass
7910,1312219,HK142_SP1033_L05,SP1033,-16,False,8.4,,9.2,8.3,,8.8,A,4.0,True,3.85,3.94,Pass
7911,1372310,HK142_SP1033_L05,SP1033,-16,False,5.5,,4.8,5.1,,5.1,D+,1.5,True,1.56,1.7,Pass
7912,1340146,HK142_SP1033_L05,SP1033,-16,False,5.9,,4.4,5.6,,5.1,D+,1.5,True,2.03,2.26,Pass
7913,1364976,HK142_SP1033_L05,SP1033,-16,False,7.4,,8.7,9.3,,8.4,B+,3.5,True,3.35,3.2,Pass
7914,1319964,HK142_SP1033_L05,SP1033,-16,False,8.3,,8.8,8.0,,8.5,A,4.0,True,3.11,3.05,Pass
7915,1334588,HK142_SP1033_L05,SP1033,-16,False,6.8,,7.0,6.9,,6.9,C+,2.5,True,2.47,2.45,Pass
7916,1339828,HK142_SP1033_L05,SP1033,-16,False,8.4,,8.2,8.3,,8.3,B+,3.5,True,3.69,3.43,Pass
7917,1377550,HK142_SP1033_L05,SP1033,-16,False,5.9,,3.3,5.3,,4.5,D,1.0,True,1.53,1.52,Pass
7918,1391582,HK142_SP1033_L05,SP1033,-16,False,6.2,,6.5,7.0,,6.5,C+,2.5,True,2.41,2.44,Pass
7919,1352994,HK142_SP1033_L05,SP1033,-16,False,6.8,,6.2,6.2,,6.4,C+,2.5,True,2.06,2.19,Pass
7920,1388529,HK142_SP1033_L05,SP1033,-16,False,7.3,,4.3,6.8,,5.7,C,2.0,True,2.32,2.45,Pass
7921,1392629,HK142_SP1033_L05,SP1033,-16,False,5.3,,6.8,6.4,,6.3,C,2.0,True,2.26,2.17,Pass
7922,1360465,HK142_SP1033_L05,SP1033,-16,False,7.2,,7.3,6.2,,7.1,B,3.0,True,2.68,2.52,Pass
7923,1377413,HK142_SP1033_L05,SP1033,-16,False,4.0,,5.5,6.3,,5.2,D+,1.5,True,1.78,1.53,Pass
7924,1312948,HK142_SP1033_L05,SP1033,-16,False,7.2,,7.1,6.4,,7.0,B,3.0,True,2.65,2.59,Pass
7925,1380329,HK142_SP1033_L05,SP1033,-16,False,7.5,,8.3,6.7,,7.7,B,3.0,True,3.06,3.2,Pass
7926,1338233,HK142_SP1033_L05,SP1033,-16,False,7.3,,5.9,6.0,,6.3,C,2.0,True,2.41,2.3,Pass
7927,1351399,HK142_SP1033_L05,SP1033,-16,False,5.6,,7.0,8.4,,6.9,C+,2.5,True,2.59,2.38,Pass
7928,1395682,HK142_SP1033_L05,SP1033,-16,False,7.1,,6.8,6.9,,6.9,C+,2.5,True,2.56,2.45,Pass
7929,1387208,HK142_SP1033_L05,SP1033,-16,False,8.5,,9.1,8.7,,8.8,A,4.0,True,2.94,3.15,Pass
7930,1354178,HK142_SP1033_L05,SP1033,-16,False,6.5,,7.2,7.8,,7.1,B,3.0,True,2.56,2.45,Pass
7931,1310306,HK142_SP1033_L05,SP1033,-16,False,8.5,,8.3,9.6,,8.6,A,4.0,True,3.89,3.96,Pass
7932,1314543,HK142_SP1033_L05,SP1033,-16,False,5.5,,5.3,6.1,,5.5,C,2.0,True,1.75,1.53,Pass
7933,1315727,HK142_SP1033_L05,SP1033,-16,False,6.0,,6.2,6.0,,6.1,C,2.0,True,2.44,2.41,Pass
7934,1381787,HK142_SP1033_L05,SP1033,-16,False,8.9,,10.0,8.3,,9.3,A,4.0,True,3.92,3.85,Pass
7935,1337778,HK142_SP1033_L05,SP1033,-16,False,5.9,,5.0,6.3,,5.5,C,2.0,True,2.06,1.81,Pass
7936,1339691,HK142_SP1033_L05,SP1033,-16,False,7.5,,7.4,7.3,,7.4,B,3.0,True,3.22,3.3,Pass
7937,1384429,HK142_SP1033_L05,SP1033,-16,False,6.5,,5.8,6.3,,6.1,C,2.0,True,2.09,2.33,Pass
7938,1347299,HK142_SP1033_L05,SP1033,-16,False,7.5,,6.3,5.7,,6.5,C+,2.5,True,2.58,2.54,Pass
7939,1396866,HK142_SP1033_L05,SP1033,-16,False,8.6,,9.9,8.2,,9.2,A,4.0,True,4.0,3.66,Pass
7940,1350352,HK142_SP1033_L05,SP1033,-16,False,7.7,,6.8,7.4,,7.2,B,3.0,True,2.89,3.11,Pass
7941,1367026,HK142_SP1033_L05,SP1033,-16,False,9.4,,9.7,8.2,,9.3,A,4.0,True,3.83,3.82,Pass
7942,1373313,HK142_SP1033_L05,SP1033,-16,False,7.1,,7.9,7.0,,7.5,B,3.0,True,2.81,2.81,Pass
7943,1363973,HK142_SP1033_L05,SP1033,-16,False,4.8,,5.4,6.3,,5.4,D+,1.5,True,1.79,1.62,Pass
7944,1300966,HK142_SP1033_L05,SP1033,-16,False,6.5,,4.0,6.5,,5.2,D+,1.5,True,1.59,1.69,Pass
7945,1375226,HK142_SP1033_L05,SP1033,-16,False,6.5,,6.7,7.0,,6.7,C+,2.5,True,2.71,2.63,Pass
7946,1306661,HK142_SP1033_L05,SP1033,-16,False,10.0,,7.9,8.8,,8.7,A,4.0,True,3.44,3.34,Pass
7947,1349212,HK142_SP1033_L05,SP1033,-16,False,6.5,,6.9,6.5,,6.7,C+,2.5,True,2.44,2.32,Pass
7948,1371718,HK142_SP1033_L05,SP1033,-16,False,7.3,,7.2,6.7,,7.1,B,3.0,True,3.09,3.2,Pass
7949,1317459,HK142_SP1033_L05,SP1033,-16,False,7.7,,7.8,8.7,,7.9,B,3.0,True,3.06,3.21,Pass
7950,1395682,HK142_CO2017_L01,CO2017,-16,False,6.6,5.9,6.5,,,6.3,C,2.0,True,2.56,2.45,Pass
7951,1374634,HK142_CO2017_L01,CO2017,-16,False,7.1,4.1,4.3,,,4.8,D,1.0,True,1.76,1.69,Pass
7952,1370534,HK142_CO2017_L01,CO2017,-16,False,6.8,6.7,7.1,,,6.9,C+,2.5,True,2.38,2.43,Pass
7953,1389850,HK142_CO2017_L01,CO2017,-16,False,5.5,5.8,5.9,,,5.8,C,2.0,True,1.82,1.64,Pass
7954,1316593,HK142_CO2017_L01,CO2017,-16,False,7.3,7.2,6.5,,,6.9,C+,2.5,True,2.29,2.27,Pass
7955,1312356,HK142_CO2017_L01,CO2017,-16,False,7.1,6.8,7.0,,,7.0,B,3.0,True,2.82,2.78,Pass
7956,1386479,HK142_CO2017_L01,CO2017,-16,False,7.0,7.6,6.8,,,7.1,B,3.0,True,2.47,2.4,Pass
7957,1349349,HK142_CO2017_L01,CO2017,-16,False,6.2,5.1,6.0,,,5.8,C,2.0,True,1.88,1.77,Pass
7958,1342607,HK142_CO2017_L01,CO2017,-16,False,6.3,7.3,5.6,,,6.2,C,2.0,True,1.71,1.6,Pass
7959,1308711,HK142_CO2017_L01,CO2017,-16,False,7.4,7.2,8.5,,,7.9,B,3.0,True,3.44,3.63,Pass
7960,1385021,HK142_CO2017_L01,CO2017,-16,False,6.6,5.5,6.0,,,6.0,C,2.0,True,2.26,2.34,Pass
7961,1353449,HK142_CO2017_L01,CO2017,-16,False,10.0,8.9,10.0,,,9.7,A+,4.0,True,4.0,4.0,Pass
7962,1373905,HK142_CO2017_L01,CO2017,-16,False,5.6,7.3,6.1,,,6.4,C+,2.5,True,2.21,2.36,Pass
7963,1355636,HK142_CO2017_L01,CO2017,-16,False,5.6,5.8,6.0,,,5.9,C,2.0,True,1.76,1.8,Pass
7964,1394816,HK142_CO2017_L01,CO2017,-16,False,6.4,6.3,6.7,,,6.5,C+,2.5,True,2.21,2.3,Pass
7965,1307664,HK142_CO2017_L01,CO2017,-16,False,7.1,6.5,7.0,,,6.9,C+,2.5,True,2.44,2.46,Pass
7966,1326114,HK142_CO2017_L01,CO2017,-16,False,6.9,6.4,6.7,,,6.7,C+,2.5,True,2.47,2.39,Pass
7967,1351673,HK142_CO2017_L01,CO2017,-16,False,6.7,5.2,6.2,,,6.0,C,2.0,True,2.53,2.46,Pass
7968,1369668,HK142_CO2017_L01,CO2017,-16,False,4.7,5.6,5.2,,,5.2,D+,1.5,True,2.09,2.33,Pass
7969,1306069,HK142_CO2017_L01,CO2017,-16,False,9.3,7.2,9.3,,,8.7,A,4.0,True,3.59,3.45,Pass
7970,1335591,HK142_CO2017_L01,CO2017,-16,False,6.2,8.3,6.1,,,6.8,C+,2.5,True,2.68,2.42,Pass
7971,1305477,HK142_CO2017_L01,CO2017,-16,False,7.0,6.0,7.6,,,7.0,B,3.0,True,2.62,2.77,Pass
7972,1315727,HK142_CO2017_L01,CO2017,-16,False,7.0,4.7,6.5,,,6.1,C,2.0,True,2.44,2.41,Pass
7973,1337049,HK142_CO2017_L01,CO2017,-16,False,8.3,7.5,6.8,,,7.3,B,3.0,True,3.31,3.09,Pass
7974,1308393,HK142_CO2017_L01,CO2017,-16,False,8.7,6.4,9.4,,,8.4,B+,3.5,True,3.81,3.87,Pass
7975,1319827,HK142_CO2017_L01,CO2017,-16,False,7.3,7.2,5.9,,,6.6,C+,2.5,True,2.12,2.34,Pass
7976,1350670,HK142_CO2017_L01,CO2017,-16,False,4.2,6.0,7.1,,,6.2,C,2.0,True,2.53,2.52,Pass
7977,1342333,HK142_CO2017_L01,CO2017,-16,False,6.0,5.0,6.3,,,5.8,C,2.0,True,2.5,2.3,Pass
7978,1391900,HK142_CO2017_L01,CO2017,-16,False,6.8,6.0,5.3,,,5.8,C,2.0,True,2.09,1.93,Pass
7979,1343654,HK142_CO2017_L01,CO2017,-16,False,5.2,4.6,7.0,,,5.9,C,2.0,True,2.28,2.19,Pass
7980,1338233,HK142_CO2017_L01,CO2017,-16,False,6.3,6.8,7.7,,,7.2,B,3.0,True,2.41,2.3,Pass
7981,1366889,HK142_CO2017_L01,CO2017,-16,False,7.7,6.5,7.9,,,7.4,B,3.0,True,2.68,2.62,Pass
7982,1314998,HK142_CO2017_L01,CO2017,-16,False,6.8,6.2,5.7,,,6.1,C,2.0,True,2.21,2.27,Pass
7983,1303153,HK142_CO2017_L01,CO2017,-16,False,7.0,5.5,6.6,,,6.3,C,2.0,True,2.35,2.38,Pass
7984,1383837,HK142_CO2017_L01,CO2017,-16,False,5.5,6.0,5.1,,,5.4,D+,1.5,True,1.65,1.78,Pass
7985,1397732,HK142_CO2017_L01,CO2017,-16,False,7.3,6.2,7.2,,,6.9,C+,2.5,True,2.35,2.48,Pass
7986,1395408,HK142_CO2017_L01,CO2017,-16,False,6.3,6.7,6.9,,,6.7,C+,2.5,True,2.26,2.14,Pass
7987,1303745,HK142_CO2017_L01,CO2017,-16,False,9.5,8.0,8.9,,,8.8,A,4.0,True,3.94,3.84,Pass
7988,1397003,HK142_CO2017_L01,CO2017,-16,False,5.9,5.9,7.4,,,6.7,C+,2.5,True,2.18,2.25,Pass
7989,1330033,HK142_CO2017_L01,CO2017,-16,False,7.2,6.0,7.0,,,6.7,C+,2.5,True,2.15,2.3,Pass
7990,1307390,HK142_CO2017_L01,CO2017,-16,False,8.8,6.6,6.5,,,7.0,B,3.0,True,3.0,3.03,Pass
7991,1366160,HK142_CO2017_L01,CO2017,-16,False,5.4,6.6,7.0,,,6.6,C+,2.5,True,2.35,2.21,Pass
7992,1355181,HK142_CO2017_L01,CO2017,-16,False,7.9,8.0,8.5,,,8.2,B+,3.5,True,3.25,3.16,Pass
7993,1329759,HK142_CO2017_L01,CO2017,-16,False,6.8,5.9,7.5,,,6.9,C+,2.5,True,2.88,2.61,Pass
7994,1362926,HK142_CO2017_L01,CO2017,-16,False,8.0,9.6,7.0,,,8.0,B+,3.5,True,3.58,3.39,Pass
7995,1346433,HK142_CO2017_L01,CO2017,-16,False,7.3,8.1,8.4,,,8.1,B+,3.5,True,3.67,3.47,Pass
7996,1320693,HK142_CO2017_L01,CO2017,-16,False,8.1,6.6,7.1,,,7.1,B,3.0,True,2.44,2.46,Pass
7997,1327254,HK142_CO2017_L01,CO2017,-16,False,6.9,5.9,7.2,,,6.8,C+,2.5,True,2.41,2.2,Pass
7998,1328575,HK142_CO2017_L01,CO2017,-16,False,6.5,6.2,5.9,,,6.1,C,2.0,True,2.33,2.53,Pass
7999,1376821,HK142_CO2017_L01,CO2017,-16,False,7.3,6.1,6.4,,,6.5,C+,2.5,True,2.88,2.57,Pass
8000,1319964,HK142_CO2017_L01,CO2017,-16,False,6.9,7.3,7.6,,,7.4,B,3.0,True,3.11,3.05,Pass
8001,1315864,HK142_CO2017_L01,CO2017,-16,False,5.8,5.9,6.8,,,6.3,C,2.0,True,2.59,2.23,Pass
8002,1385887,HK142_CO2017_L01,CO2017,-16,False,7.6,8.5,8.2,,,8.2,B+,3.5,True,3.36,3.4,Pass
8003,1321559,HK142_CO2017_L01,CO2017,-16,False,6.7,6.2,6.2,,,6.3,C,2.0,True,2.62,2.53,Pass
8004,1360465,HK142_CO2017_L01,CO2017,-16,False,6.8,7.3,7.4,,,7.2,B,3.0,True,2.68,2.52,Pass
8005,1350215,HK142_CO2017_L01,CO2017,-16,False,6.4,5.8,5.7,,,5.9,C,2.0,True,2.35,2.27,Pass
8006,1371855,HK142_CO2017_L01,CO2017,-16,False,5.3,6.3,5.3,,,5.6,C,2.0,True,1.47,1.37,Pass
8007,1355910,HK142_CO2017_L01,CO2017,-16,False,6.2,5.4,6.5,,,6.1,C,2.0,True,2.47,2.33,Pass
8008,1398916,HK142_CO2017_L01,CO2017,-16,False,7.6,8.6,8.8,,,8.5,A,4.0,True,3.42,3.3,Pass
8009,1387663,HK142_CO2017_L01,CO2017,-16,False,6.7,7.4,8.8,,,8.0,B+,3.5,True,3.25,3.19,Pass
8010,1348894,HK142_CO2017_L01,CO2017,-16,False,7.3,6.5,5.9,,,6.4,C+,2.5,True,2.14,2.04,Pass
8011,1308985,HK142_CO2017_L01,CO2017,-16,False,7.4,7.4,7.3,,,7.3,B,3.0,True,3.15,3.06,Pass
8012,1370989,HK142_CO2017_L01,CO2017,-16,False,5.4,5.8,4.8,,,5.2,D+,1.5,True,2.5,2.43,Pass
8013,1316319,HK142_CO2017_L01,CO2017,-16,False,5.7,7.4,6.4,,,6.6,C+,2.5,True,2.26,2.39,Pass
8014,1375955,HK142_CO2017_L01,CO2017,-16,False,6.8,6.1,6.2,,,6.3,C,2.0,True,2.32,2.28,Pass
8015,1314680,HK142_CO2017_L01,CO2017,-16,False,7.8,7.3,7.7,,,7.6,B,3.0,True,3.0,3.08,Pass
8016,1364110,HK142_CO2017_L01,CO2017,-16,False,8.2,7.9,6.9,,,7.5,B,3.0,True,3.39,3.28,Pass
8017,1367026,HK142_CO2017_L01,CO2017,-16,False,9.1,8.8,8.2,,,8.6,A,4.0,True,3.83,3.82,Pass
8018,1329167,HK142_CO2017_L01,CO2017,-16,False,9.0,8.6,8.6,,,8.7,A,4.0,True,3.85,3.91,Pass
8019,1323609,HK142_CO2017_L01,CO2017,-16,False,8.3,8.4,8.0,,,8.2,B+,3.5,True,3.75,3.93,Pass
8020,1345249,HK142_CO2017_L01,CO2017,-16,False,7.0,8.6,7.3,,,7.6,B,3.0,True,3.28,3.34,Pass
8021,1339099,HK142_CO2017_L01,CO2017,-16,False,8.1,7.5,8.5,,,8.1,B+,3.5,True,3.08,3.03,Pass
8022,1398461,HK142_CO2017_L01,CO2017,-16,False,8.2,7.4,7.5,,,7.6,B,3.0,True,3.31,3.38,Pass
8023,1340283,HK142_CO2017_L01,CO2017,-16,False,6.9,5.9,7.2,,,6.8,C+,2.5,True,2.5,2.37,Pass
8024,1363244,HK142_CO2017_L01,CO2017,-16,False,9.3,9.2,8.5,,,8.9,A,4.0,True,3.83,3.92,Pass
8025,1341149,HK142_CO2017_L01,CO2017,-16,False,5.0,5.7,4.6,,,5.0,D+,1.5,True,1.61,1.67,Pass
8026,1352994,HK142_CO2017_L01,CO2017,-16,False,5.2,6.8,7.3,,,6.7,C+,2.5,True,2.06,2.19,Pass
8027,1385750,HK142_CO2017_L01,CO2017,-16,False,5.2,6.0,6.5,,,6.1,C,2.0,True,2.59,2.42,Pass
8028,1335454,HK142_CO2017_L01,CO2017,-16,False,8.1,7.5,8.8,,,8.3,B+,3.5,True,3.44,3.3,Pass
8029,1318051,HK142_CO2017_L01,CO2017,-16,False,7.6,7.8,8.6,,,8.2,B+,3.5,True,3.24,3.12,Pass
8030,1371581,HK142_CO2017_L01,CO2017,-16,False,7.6,7.6,6.8,,,7.2,B,3.0,True,2.76,2.64,Pass
8031,1384566,HK142_CO2017_L01,CO2017,-16,False,7.0,8.4,8.2,,,8.0,B+,3.5,True,3.26,3.31,Pass
8032,1325067,HK142_CO2017_L01,CO2017,-16,False,6.5,7.4,6.4,,,6.7,C+,2.5,True,2.79,2.78,Pass
8033,1361786,HK142_CO2017_L01,CO2017,-16,False,8.4,6.3,7.2,,,7.2,B,3.0,True,3.09,3.17,Pass
8034,1354178,HK142_CO2017_L01,CO2017,-16,False,6.4,6.0,7.7,,,6.9,C+,2.5,True,2.56,2.45,Pass
8035,1365294,HK142_CO2017_L01,CO2017,-16,False,9.4,9.8,9.9,,,9.8,A+,4.0,True,4.0,4.0,Pass
8036,1359281,HK142_CO2017_L01,CO2017,-16,False,9.7,8.6,8.4,,,8.7,A,4.0,True,3.92,3.71,Pass
8037,1398187,HK142_CO2017_L01,CO2017,-16,False,7.8,6.2,7.6,,,7.2,B,3.0,True,2.67,2.7,Pass
8038,1357231,HK142_CO2017_L01,CO2017,-16,False,6.3,5.4,7.2,,,6.5,C+,2.5,True,2.44,2.33,Pass
8039,1307527,HK142_CO2017_L01,CO2017,-16,False,8.2,8.8,7.3,,,7.9,B,3.0,True,3.38,3.44,Pass
8040,1350078,HK142_CO2017_L01,CO2017,-16,False,4.1,3.6,6.5,,,5.2,D+,1.5,True,1.82,1.92,Pass
8041,1340875,HK142_CO2017_L01,CO2017,-16,False,6.0,6.1,7.0,,,6.5,C+,2.5,True,1.97,1.79,Pass
8042,1320830,HK142_CO2017_L01,CO2017,-16,False,8.1,7.2,8.9,,,8.2,B+,3.5,True,3.22,3.35,Pass
8043,1364247,HK142_CO2017_L01,CO2017,-16,False,6.7,6.4,7.7,,,7.1,B,3.0,True,2.44,2.38,Pass
8044,1320238,HK142_CO2017_L01,CO2017,-16,False,7.1,7.0,6.0,,,6.5,C+,2.5,True,2.65,2.59,Pass
8045,1399190,HK142_CO2017_L01,CO2017,-16,False,5.5,6.8,5.7,,,6.0,C,2.0,True,2.47,2.48,Pass
8046,1341604,HK142_CO2017_L01,CO2017,-16,False,7.3,7.7,9.1,,,8.3,B+,3.5,True,3.19,3.06,Pass
8047,1372721,HK142_CO2017_L02,CO2017,-16,False,6.6,8.4,8.8,,,8.2,B+,3.5,True,3.31,3.09,Pass
8048,1391171,HK142_CO2017_L02,CO2017,-16,False,7.9,7.7,8.3,,,8.0,B+,3.5,True,3.47,3.39,Pass
8049,1305203,HK142_CO2017_L02,CO2017,-16,False,7.2,6.6,7.5,,,7.2,B,3.0,True,2.59,2.37,Pass
8050,1322014,HK142_CO2017_L02,CO2017,-16,False,6.4,5.4,6.5,,,6.2,C,2.0,True,2.44,2.52,Pass
8051,1337367,HK142_CO2017_L02,CO2017,-16,False,5.3,4.7,5.7,,,5.3,D+,1.5,True,1.38,1.52,Pass
8052,1375818,HK142_CO2017_L02,CO2017,-16,False,5.8,6.9,8.7,,,7.6,B,3.0,True,2.58,2.95,Pass
8053,1317322,HK142_CO2017_L02,CO2017,-16,False,6.1,7.0,6.6,,,6.6,C+,2.5,True,2.56,2.48,Pass
8054,1377413,HK142_CO2017_L02,CO2017,-16,False,5.4,5.1,5.4,,,5.3,D+,1.5,True,1.78,1.53,Pass
8055,1368347,HK142_CO2017_L02,CO2017,-16,False,5.3,6.3,7.6,,,6.8,C+,2.5,True,2.44,2.28,Pass
8056,1321422,HK142_CO2017_L02,CO2017,-16,False,8.1,8.4,8.4,,,8.3,B+,3.5,True,3.17,3.11,Pass
8057,1379463,HK142_CO2017_L02,CO2017,-16,False,7.2,7.3,6.9,,,7.1,B,3.0,True,3.19,3.16,Pass
8058,1344657,HK142_CO2017_L02,CO2017,-16,False,5.4,5.5,7.4,,,6.4,C+,2.5,True,2.22,2.15,Pass
8059,1325659,HK142_CO2017_L02,CO2017,-16,False,8.6,7.3,7.6,,,7.7,B,3.0,True,3.08,3.16,Pass
8060,1348028,HK142_CO2017_L02,CO2017,-16,False,7.3,7.6,7.6,,,7.5,B,3.0,True,2.64,2.66,Pass
8061,1396137,HK142_CO2017_L02,CO2017,-16,False,8.2,8.2,7.0,,,7.6,B,3.0,True,3.31,3.37,Pass
8062,1372447,HK142_CO2017_L02,CO2017,-16,False,7.7,8.7,7.4,,,7.9,B,3.0,True,3.08,3.07,Pass
8063,1358552,HK142_CO2017_L02,CO2017,-16,False,7.0,7.1,4.6,,,5.8,C,2.0,True,2.65,2.52,Pass
8064,1323472,HK142_CO2017_L02,CO2017,-16,False,5.7,7.5,7.1,,,6.9,C+,2.5,True,2.26,2.5,Pass
8065,1359144,HK142_CO2017_L02,CO2017,-16,False,8.5,9.0,8.3,,,8.6,A,4.0,True,4.0,4.0,Pass
8066,1362060,HK142_CO2017_L02,CO2017,-16,False,7.7,8.9,8.3,,,8.4,B+,3.5,True,3.72,3.7,Pass
8067,1311627,HK142_CO2017_L02,CO2017,-16,False,6.4,6.8,6.5,,,6.6,C+,2.5,True,2.29,2.19,Pass
8068,1328301,HK142_CO2017_L02,CO2017,-16,False,5.4,5.6,6.4,,,6.0,C,2.0,True,1.09,1.63,Pass
8069,1379326,HK142_CO2017_L02,CO2017,-16,False,8.8,7.5,7.9,,,8.0,B+,3.5,True,3.21,3.33,Pass
8070,1353860,HK142_CO2017_L02,CO2017,-16,False,6.6,6.6,6.4,,,6.5,C+,2.5,True,2.32,2.22,Pass
8071,1398598,HK142_CO2017_L02,CO2017,-16,False,7.6,7.7,6.5,,,7.1,B,3.0,True,2.68,2.74,Pass
8072,1308848,HK142_CO2017_L02,CO2017,-16,False,8.1,7.2,8.1,,,7.8,B,3.0,True,3.28,3.05,Pass
8073,1367755,HK142_CO2017_L02,CO2017,-16,False,7.3,6.6,7.4,,,7.1,B,3.0,True,2.78,2.66,Pass
8074,1319235,HK142_CO2017_L02,CO2017,-16,False,8.5,8.8,8.8,,,8.7,A,4.0,True,3.83,3.83,Pass
8075,1336320,HK142_CO2017_L02,CO2017,-16,False,6.0,7.3,8.4,,,7.6,B,3.0,True,2.47,2.3,Pass
8076,1334270,HK142_CO2017_L02,CO2017,-16,False,7.2,6.7,6.1,,,6.5,C+,2.5,True,2.82,2.59,Pass
8077,1318506,HK142_CO2017_L02,CO2017,-16,False,6.2,5.8,6.1,,,6.0,C,2.0,True,2.06,1.95,Pass
8078,1368802,HK142_CO2017_L02,CO2017,-16,False,6.6,6.7,6.9,,,6.8,C+,2.5,True,2.82,2.9,Pass
8079,1356957,HK142_CO2017_L02,CO2017,-16,False,8.4,5.4,6.5,,,6.6,C+,2.5,True,1.5,1.68,Pass
8080,1347891,HK142_CO2017_L02,CO2017,-16,False,6.4,5.9,6.4,,,6.2,C,2.0,True,2.09,1.97,Pass
8081,1375363,HK142_CO2017_L02,CO2017,-16,False,5.5,6.3,6.5,,,6.2,C,2.0,True,2.32,2.33,Pass
8082,1391445,HK142_CO2017_L02,CO2017,-16,False,7.9,6.7,6.3,,,6.7,C+,2.5,True,2.74,2.55,Pass
8083,1358278,HK142_CO2017_L02,CO2017,-16,False,6.5,6.7,5.3,,,6.0,C,2.0,True,2.41,2.45,Pass
8084,1394087,HK142_CO2017_L02,CO2017,-16,False,6.4,5.0,6.5,,,6.0,C,2.0,True,2.82,2.64,Pass
8085,1385613,HK142_CO2017_L02,CO2017,-16,False,6.6,6.3,7.9,,,7.2,B,3.0,True,2.47,2.46,Pass
8086,1359007,HK142_CO2017_L02,CO2017,-16,False,6.7,8.0,6.5,,,7.0,B,3.0,True,2.38,2.39,Pass
8087,1364839,HK142_CO2017_L02,CO2017,-16,False,5.5,6.1,7.2,,,6.5,C+,2.5,True,2.15,2.09,Pass
8088,1309714,HK142_CO2017_L02,CO2017,-16,False,7.8,8.8,7.2,,,7.8,B,3.0,True,3.12,3.0,Pass
8089,1311764,HK142_CO2017_L02,CO2017,-16,False,5.2,5.2,5.4,,,5.3,D+,1.5,True,1.74,1.6,Pass
8090,1348165,HK142_CO2017_L02,CO2017,-16,False,5.3,5.2,4.6,,,4.9,D,1.0,True,1.76,1.74,Pass
8091,1392903,HK142_CO2017_L02,CO2017,-16,False,6.5,5.4,6.0,,,5.9,C,2.0,True,2.14,2.25,Pass
8092,1346115,HK142_CO2017_L02,CO2017,-16,False,6.2,5.8,6.5,,,6.2,C,2.0,True,2.24,2.32,Pass
8093,1382242,HK142_CO2017_L02,CO2017,-16,False,7.5,8.7,8.5,,,8.4,B+,3.5,True,3.78,3.57,Pass
8094,1336912,HK142_CO2017_L02,CO2017,-16,False,5.7,7.5,6.6,,,6.7,C+,2.5,True,2.38,2.18,Pass
8095,1339828,HK142_CO2017_L02,CO2017,-16,False,7.6,9.7,8.5,,,8.7,A,4.0,True,3.69,3.43,Pass
8096,1355773,HK142_CO2017_L02,CO2017,-16,False,3.4,4.8,6.9,,,5.6,C,2.0,True,2.0,1.95,Pass
8097,1331354,HK142_CO2017_L02,CO2017,-16,False,5.9,5.1,6.7,,,6.1,C,2.0,True,2.56,2.39,Pass
8098,1370260,HK142_CO2017_L02,CO2017,-16,False,7.3,5.9,6.0,,,6.2,C,2.0,True,1.91,2.08,Pass
8099,1317459,HK142_CO2017_L02,CO2017,-16,False,6.9,8.3,7.9,,,7.8,B,3.0,True,3.06,3.21,Pass
8100,1305932,HK142_CO2017_L02,CO2017,-16,False,7.6,8.0,8.3,,,8.1,B+,3.5,True,3.18,3.2,Pass
8101,1306798,HK142_CO2017_L02,CO2017,-16,False,7.4,7.5,6.8,,,7.1,B,3.0,True,3.06,3.09,Pass
8102,1394679,HK142_CO2017_L02,CO2017,-16,False,4.8,4.8,6.5,,,5.7,C,2.0,True,2.15,1.86,Pass
8103,1387071,HK142_CO2017_L02,CO2017,-16,False,7.6,7.5,9.0,,,8.3,B+,3.5,True,3.28,3.45,Pass
8104,1355044,HK142_CO2017_L02,CO2017,-16,False,7.3,8.2,8.4,,,8.1,B+,3.5,True,3.17,3.24,Pass
8105,1338370,HK142_CO2017_L02,CO2017,-16,False,8.1,9.1,7.9,,,8.3,B+,3.5,True,3.85,3.83,Pass
8106,1388803,HK142_CO2017_L02,CO2017,-16,False,8.0,6.6,4.5,,,5.8,C,2.0,True,2.41,2.3,Pass
8107,1336046,HK142_CO2017_L02,CO2017,-16,False,9.7,8.8,8.4,,,8.8,A,4.0,True,3.73,3.78,Pass
8108,1399645,HK142_CO2017_L02,CO2017,-16,False,5.5,6.3,4.8,,,5.4,D+,1.5,True,1.94,1.82,Pass
8109,1332812,HK142_CO2017_L02,CO2017,-16,False,5.7,4.6,4.5,,,4.8,D,1.0,True,1.53,1.46,Pass
8110,1309440,HK142_CO2017_L02,CO2017,-16,False,6.0,6.3,6.6,,,6.4,C+,2.5,True,2.44,2.35,Pass
8111,1349486,HK142_CO2017_L02,CO2017,-16,False,8.3,8.6,8.7,,,8.6,A,4.0,True,3.53,3.5,Pass
8112,1363518,HK142_CO2017_L02,CO2017,-16,False,8.0,6.9,7.0,,,7.2,B,3.0,True,3.0,2.94,Pass
8113,1398324,HK142_CO2017_L02,CO2017,-16,False,7.3,6.6,7.4,,,7.1,B,3.0,True,2.65,2.54,Pass
8114,1337641,HK142_CO2017_L02,CO2017,-16,False,7.9,8.4,7.9,,,8.1,B+,3.5,True,3.31,3.26,Pass
8115,1322151,HK142_CO2017_L02,CO2017,-16,False,7.1,6.1,6.0,,,6.2,C,2.0,True,2.18,2.23,Pass
8116,1389121,HK142_CO2017_L02,CO2017,-16,False,7.4,7.6,8.0,,,7.8,B,3.0,True,3.24,3.23,Pass
8117,1329622,HK142_CO2017_L02,CO2017,-16,False,5.9,6.0,5.5,,,5.7,C,2.0,True,1.62,1.77,Pass
8118,1330625,HK142_CO2017_L02,CO2017,-16,False,5.7,6.7,6.4,,,6.3,C,2.0,True,2.26,2.24,Pass
8119,1326525,HK142_CO2017_L02,CO2017,-16,False,10.0,9.4,10.0,,,9.8,A+,4.0,True,3.92,3.92,Pass
8120,1396274,HK142_CO2017_L02,CO2017,-16,False,6.2,5.6,6.4,,,6.1,C,2.0,True,2.35,2.33,Pass
8121,1379008,HK142_CO2017_L02,CO2017,-16,False,6.9,7.6,8.0,,,7.7,B,3.0,True,2.74,2.73,Pass
8122,1390579,HK142_CO2017_L02,CO2017,-16,False,6.2,7.9,6.5,,,6.9,C+,2.5,True,3.03,2.64,Pass
8123,1315135,HK142_CO2017_L02,CO2017,-16,False,7.9,8.3,8.3,,,8.2,B+,3.5,True,3.61,3.45,Pass
8124,1366752,HK142_CO2017_L02,CO2017,-16,False,6.7,7.9,6.8,,,7.1,B,3.0,True,2.71,2.36,Pass
8125,1380192,HK142_CO2017_L02,CO2017,-16,False,6.9,5.3,6.1,,,6.0,C,2.0,True,1.88,1.9,Pass
8126,1308256,HK142_CO2017_L02,CO2017,-16,False,7.5,6.8,6.4,,,6.7,C+,2.5,True,2.44,2.55,Pass
8127,1380784,HK142_CO2017_L02,CO2017,-16,False,6.0,8.0,5.6,,,6.4,C+,2.5,True,2.41,2.25,Pass
8128,1377868,HK142_CO2017_L02,CO2017,-16,False,7.3,6.5,7.2,,,7.0,B,3.0,True,2.47,2.42,Pass
8129,1345112,HK142_CO2017_L02,CO2017,-16,False,5.9,6.3,5.8,,,6.0,C,2.0,True,2.41,2.39,Pass
8130,1388074,HK142_CO2017_L02,CO2017,-16,False,6.5,4.1,5.9,,,5.5,C,2.0,True,2.32,2.4,Pass
8131,1308119,HK142_CO2017_L02,CO2017,-16,False,8.1,8.1,7.3,,,7.7,B,3.0,True,3.25,3.36,Pass
8132,1306206,HK142_CO2017_L02,CO2017,-16,False,6.7,5.4,5.1,,,5.5,C,2.0,True,2.21,2.08,Pass
8133,1326980,HK142_CO2017_L02,CO2017,-16,False,6.9,7.2,6.8,,,6.9,C+,2.5,True,2.56,2.57,Pass
8134,1313951,HK142_CO2017_L02,CO2017,-16,False,6.5,9.1,7.3,,,7.7,B,3.0,True,3.25,3.25,Pass
8135,1381787,HK142_CO2017_L02,CO2017,-16,False,9.0,9.2,8.6,,,8.9,A,4.0,True,3.92,3.85,Pass
8136,1361923,HK142_CO2017_L02,CO2017,-16,False,8.1,7.8,9.0,,,8.5,A,4.0,True,3.47,3.3,Pass
8137,1304611,HK142_CO2017_L02,CO2017,-16,False,9.3,9.0,8.8,,,9.0,A,4.0,True,4.0,3.98,Pass
8138,1306935,HK142_CO2017_L02,CO2017,-16,False,6.9,7.0,3.2,,,5.1,D+,1.5,True,2.26,2.23,Pass
8139,1377276,HK142_CO2017_L02,CO2017,-16,False,6.9,5.8,4.9,,,5.6,C,2.0,True,2.12,2.05,Pass
8140,1392311,HK142_CO2017_L02,CO2017,-16,False,7.0,6.9,6.0,,,6.5,C+,2.5,True,2.58,2.44,Pass
8141,1325796,HK142_CO2017_L02,CO2017,-16,False,7.7,6.3,8.4,,,7.6,B,3.0,True,3.18,3.23,Pass
8142,1397140,HK142_CO2017_L02,CO2017,-16,False,5.5,6.6,4.1,,,5.1,D+,1.5,True,1.62,1.65,Pass
8143,1345386,HK142_CO2017_L02,CO2017,-16,False,7.9,7.5,8.2,,,7.9,B,3.0,True,2.94,2.93,Pass
8144,1369076,HK142_CO2017_L03,CO2017,-16,False,5.7,5.0,5.6,,,5.4,D+,1.5,True,1.5,1.69,Pass
8145,1342470,HK142_CO2017_L03,CO2017,-16,False,8.7,8.6,8.0,,,8.3,B+,3.5,True,3.53,3.32,Pass
8146,1394361,HK142_CO2017_L03,CO2017,-16,False,7.7,9.6,8.3,,,8.6,A,4.0,True,3.33,3.34,Pass
8147,1368939,HK142_CO2017_L03,CO2017,-16,False,6.3,6.6,6.3,,,6.4,C+,2.5,True,2.29,2.24,Pass
8148,1310761,HK142_CO2017_L03,CO2017,-16,False,8.5,7.9,8.7,,,8.4,B+,3.5,True,3.92,3.89,Pass
8149,1366434,HK142_CO2017_L03,CO2017,-16,False,8.1,8.1,7.7,,,7.9,B,3.0,True,3.28,3.34,Pass
8150,1316001,HK142_CO2017_L03,CO2017,-16,False,7.3,7.8,7.5,,,7.5,B,3.0,True,3.33,3.23,Pass
8151,1302561,HK142_CO2017_L03,CO2017,-16,False,10.0,9.6,9.2,,,9.5,A+,4.0,True,3.31,3.33,Pass
8152,1390853,HK142_CO2017_L03,CO2017,-16,False,6.5,7.5,7.6,,,7.3,B,3.0,True,3.0,3.24,Pass
8153,1386616,HK142_CO2017_L03,CO2017,-16,False,6.1,4.8,4.7,,,5.0,D+,1.5,True,0.47,1.08,Pass
8154,1386024,HK142_CO2017_L03,CO2017,-16,False,7.9,6.7,7.2,,,7.2,B,3.0,True,3.5,3.25,Pass
8155,1307982,HK142_CO2017_L03,CO2017,-16,False,6.9,7.6,7.7,,,7.5,B,3.0,True,2.89,2.93,Pass
8156,1329304,HK142_CO2017_L03,CO2017,-16,False,7.0,8.8,7.6,,,7.8,B,3.0,True,3.17,3.22,Pass
8157,1342196,HK142_CO2017_L03,CO2017,-16,False,7.7,9.6,8.3,,,8.6,A,4.0,True,3.35,3.2,Pass
8158,1378005,HK142_CO2017_L03,CO2017,-16,False,8.0,7.7,6.8,,,7.3,B,3.0,True,3.17,3.15,Pass
8159,1349941,HK142_CO2017_L03,CO2017,-16,False,9.9,9.3,10.0,,,9.8,A+,4.0,True,4.0,3.97,Pass
8160,1327709,HK142_CO2017_L03,CO2017,-16,False,7.5,7.1,6.2,,,6.7,C+,2.5,True,2.65,2.49,Pass
8161,1324338,HK142_CO2017_L03,CO2017,-16,False,6.6,5.9,6.1,,,6.1,C,2.0,True,2.25,2.13,Pass
8162,1349623,HK142_CO2017_L03,CO2017,-16,False,7.2,7.7,6.5,,,7.0,B,3.0,True,2.59,2.64,Pass
8163,1399053,HK142_CO2017_L03,CO2017,-16,False,7.1,8.0,6.4,,,7.0,B,3.0,True,2.64,2.44,Pass
8164,1378597,HK142_CO2017_L03,CO2017,-16,False,5.3,6.4,6.8,,,6.4,C+,2.5,True,2.31,2.2,Pass
8165,1340557,HK142_CO2017_L03,CO2017,-16,False,7.4,6.4,7.8,,,7.3,B,3.0,True,2.72,2.48,Pass
8166,1316730,HK142_CO2017_L03,CO2017,-16,False,9.7,8.9,9.1,,,9.2,A,4.0,True,4.0,3.92,Pass
8167,1387345,HK142_CO2017_L03,CO2017,-16,False,6.6,8.0,8.1,,,7.8,B,3.0,True,3.0,3.11,Pass
8168,1313222,HK142_CO2017_L03,CO2017,-16,False,8.0,7.3,6.7,,,7.1,B,3.0,True,3.12,3.33,Pass
8169,1328438,HK142_CO2017_L03,CO2017,-16,False,8.5,7.3,7.8,,,7.8,B,3.0,True,3.12,2.89,Pass
8170,1370397,HK142_CO2017_L03,CO2017,-16,False,8.3,8.1,7.5,,,7.8,B,3.0,True,2.97,2.96,Pass
8171,1375226,HK142_CO2017_L03,CO2017,-16,False,6.7,6.1,6.8,,,6.6,C+,2.5,True,2.71,2.63,Pass
8172,1374771,HK142_CO2017_L03,CO2017,-16,False,8.2,8.3,7.5,,,7.9,B,3.0,True,3.08,3.25,Pass
8173,1369531,HK142_CO2017_L03,CO2017,-16,False,5.6,5.3,5.1,,,5.3,D+,1.5,True,1.91,2.0,Pass
8174,1312948,HK142_CO2017_L03,CO2017,-16,False,7.4,7.0,7.5,,,7.3,B,3.0,True,2.65,2.59,Pass
8175,1373313,HK142_CO2017_L03,CO2017,-16,False,8.3,7.9,7.3,,,7.7,B,3.0,True,2.81,2.81,Pass
8176,1306661,HK142_CO2017_L03,CO2017,-16,False,8.7,7.2,9.7,,,8.8,A,4.0,True,3.44,3.34,Pass
8177,1387800,HK142_CO2017_L03,CO2017,-16,False,6.4,7.4,5.5,,,6.2,C,2.0,True,2.5,2.35,Pass
8178,1324793,HK142_CO2017_L03,CO2017,-16,False,10.0,8.6,10.0,,,9.6,A+,4.0,True,3.85,3.96,Pass
8179,1326843,HK142_CO2017_L03,CO2017,-16,False,5.9,5.1,6.2,,,5.8,C,2.0,True,2.18,2.14,Pass
8180,1304748,HK142_CO2017_L03,CO2017,-16,False,7.2,9.0,8.2,,,8.2,B+,3.5,True,3.11,3.24,Pass
8181,1313814,HK142_CO2017_L03,CO2017,-16,False,9.3,9.1,7.2,,,8.2,B+,3.5,True,3.15,3.1,Pass
8182,1392037,HK142_CO2017_L03,CO2017,-16,False,6.4,7.9,7.0,,,7.2,B,3.0,True,3.06,3.06,Pass
8183,1302106,HK142_CO2017_L03,CO2017,-16,False,6.5,6.6,6.6,,,6.6,C+,2.5,True,2.71,2.6,Pass
8184,1302698,HK142_CO2017_L03,CO2017,-16,False,7.2,8.6,8.0,,,8.0,B+,3.5,True,3.39,3.25,Pass
8185,1322743,HK142_CO2017_L03,CO2017,-16,False,7.5,5.7,6.1,,,6.3,C,2.0,True,2.09,2.3,Pass
8186,1316456,HK142_CO2017_L03,CO2017,-16,False,5.2,6.1,4.5,,,5.1,D+,1.5,True,1.53,1.59,Pass
8187,1307253,HK142_CO2017_L03,CO2017,-16,False,7.5,9.3,8.4,,,8.5,A,4.0,True,3.31,3.25,Pass
8188,1350944,HK142_CO2017_L03,CO2017,-16,False,8.2,7.4,7.0,,,7.4,B,3.0,True,3.24,3.25,Pass
8189,1300966,HK142_CO2017_L03,CO2017,-16,False,6.8,4.4,4.8,,,5.1,D+,1.5,True,1.59,1.69,Pass
8190,1344520,HK142_CO2017_L03,CO2017,-16,False,6.7,8.1,6.0,,,6.8,C+,2.5,True,2.65,2.62,Pass
8191,1362197,HK142_CO2017_L03,CO2017,-16,False,5.1,8.6,8.5,,,7.8,B,3.0,True,3.08,3.07,Pass
8192,1304474,HK142_CO2017_L03,CO2017,-16,False,4.9,5.2,6.0,,,5.5,C,2.0,True,1.88,1.77,Pass
8193,1379600,HK142_CO2017_L03,CO2017,-16,False,5.6,5.8,4.5,,,5.1,D+,1.5,True,1.5,1.57,Pass
8194,1387937,HK142_CO2017_L03,CO2017,-16,False,7.4,7.0,7.6,,,7.4,B,3.0,True,3.08,3.05,Pass
8195,1389258,HK142_CO2017_L03,CO2017,-16,False,8.6,10.0,9.1,,,9.3,A,4.0,True,4.0,4.0,Pass
8196,1333541,HK142_CO2017_L03,CO2017,-16,False,6.4,6.1,5.8,,,6.0,C,2.0,True,2.32,2.37,Pass
8197,1305340,HK142_CO2017_L03,CO2017,-16,False,7.6,9.3,7.4,,,8.0,B+,3.5,True,3.36,3.3,Pass
8198,1352265,HK142_CO2017_L03,CO2017,-16,False,8.3,8.4,8.2,,,8.3,B+,3.5,True,2.94,3.16,Pass
8199,1358415,HK142_CO2017_L03,CO2017,-16,False,7.4,6.3,8.6,,,7.7,B,3.0,True,3.08,2.98,Pass
8200,1336638,HK142_CO2017_L03,CO2017,-16,False,9.9,7.6,8.2,,,8.4,B+,3.5,True,3.5,3.29,Pass
8201,1371126,HK142_CO2017_L03,CO2017,-16,False,5.4,6.5,5.1,,,5.6,C,2.0,True,2.17,2.0,Pass
8202,1338096,HK142_CO2017_L03,CO2017,-16,False,5.4,7.7,5.4,,,6.1,C,2.0,True,2.21,2.47,Pass
8203,1301103,HK142_CO2017_L03,CO2017,-16,False,3.8,5.1,4.7,,,4.6,D,1.0,True,1.59,1.51,Pass
8204,1376229,HK142_CO2017_L03,CO2017,-16,False,8.0,5.7,8.6,,,7.6,B,3.0,True,2.91,3.3,Pass
8205,1377550,HK142_CO2017_L03,CO2017,-16,False,5.0,5.5,4.1,,,4.7,D,1.0,True,1.53,1.52,Pass
8206,1392629,HK142_CO2017_L03,CO2017,-16,False,6.1,5.7,6.9,,,6.4,C+,2.5,True,2.26,2.17,Pass
8207,1395819,HK142_CO2017_L03,CO2017,-16,False,6.2,6.6,7.1,,,6.8,C+,2.5,True,2.38,2.45,Pass
8208,1317048,HK142_CO2017_L03,CO2017,-16,False,6.7,6.0,6.3,,,6.3,C,2.0,True,2.32,2.25,Pass
8209,1336183,HK142_CO2017_L03,CO2017,-16,False,6.0,8.5,8.1,,,7.8,B,3.0,True,2.79,2.92,Pass
8210,1344383,HK142_CO2017_L03,CO2017,-16,False,8.1,7.5,8.7,,,8.2,B+,3.5,True,3.33,3.41,Pass
8211,1339554,HK142_CO2017_L03,CO2017,-16,False,6.6,9.2,6.9,,,7.5,B,3.0,True,3.28,3.4,Pass
8212,1371718,HK142_CO2017_L03,CO2017,-16,False,6.9,8.5,7.3,,,7.6,B,3.0,True,3.09,3.2,Pass
8213,1353586,HK142_CO2017_L03,CO2017,-16,False,5.0,6.6,5.1,,,5.5,C,2.0,True,2.21,2.12,Pass
8214,1393358,HK142_CO2017_L03,CO2017,-16,False,5.8,7.8,6.3,,,6.7,C+,2.5,True,2.28,2.36,Pass
8215,1335317,HK142_CO2017_L03,CO2017,-16,False,7.5,8.0,5.6,,,6.7,C+,2.5,True,2.35,2.2,Pass
8216,1314269,HK142_CO2017_L03,CO2017,-16,False,8.6,9.0,8.2,,,8.5,A,4.0,True,3.92,3.84,Pass
8217,1382516,HK142_CO2017_L03,CO2017,-16,False,8.6,8.6,9.0,,,8.8,A,4.0,True,3.85,3.94,Pass
8218,1356502,HK142_CO2017_L03,CO2017,-16,False,7.2,7.4,5.8,,,6.6,C+,2.5,True,2.35,2.28,Pass
8219,1303427,HK142_CO2017_L03,CO2017,-16,False,5.6,7.5,6.5,,,6.6,C+,2.5,True,2.65,2.57,Pass
8220,1318780,HK142_CO2017_L03,CO2017,-16,False,7.6,6.6,7.6,,,7.3,B,3.0,True,3.22,3.2,Pass
8221,1369805,HK142_CO2017_L03,CO2017,-16,False,8.7,8.3,8.3,,,8.4,B+,3.5,True,3.56,3.7,Pass
8222,1315272,HK142_CO2017_L03,CO2017,-16,False,5.5,6.4,6.4,,,6.2,C,2.0,True,2.15,2.2,Pass
8223,1301377,HK142_CO2017_L03,CO2017,-16,False,5.6,6.7,6.5,,,6.4,C+,2.5,True,2.18,2.19,Pass
8224,1311490,HK142_CO2017_L03,CO2017,-16,False,9.3,9.5,8.0,,,8.7,A,4.0,True,3.78,3.9,Pass
8225,1343791,HK142_CO2017_L03,CO2017,-16,False,6.2,6.9,6.6,,,6.6,C+,2.5,True,2.32,2.32,Pass
8226,1329030,HK142_CO2017_L03,CO2017,-16,False,5.1,5.8,5.9,,,5.7,C,2.0,True,2.06,2.2,Pass
8227,1310032,HK142_CO2017_L03,CO2017,-16,False,6.4,6.5,6.5,,,6.5,C+,2.5,True,3.0,2.83,Pass
8228,1318643,HK142_CO2017_L03,CO2017,-16,False,7.0,9.5,6.2,,,7.3,B,3.0,True,2.35,2.36,Pass
8229,1311901,HK142_CO2017_L03,CO2017,-16,False,7.7,7.0,6.0,,,6.6,C+,2.5,True,2.41,2.39,Pass
8230,1360010,HK142_CO2017_L03,CO2017,-16,False,5.8,4.8,5.4,,,5.3,D+,1.5,True,1.79,1.67,Pass
8231,1350352,HK142_CO2017_L03,CO2017,-16,False,6.1,8.2,7.1,,,7.2,B,3.0,True,2.89,3.11,Pass
8232,1361194,HK142_CO2017_L03,CO2017,-16,False,7.7,8.5,7.8,,,8.0,B+,3.5,True,3.0,2.98,Pass
8233,1322288,HK142_CO2017_L03,CO2017,-16,False,6.1,5.8,6.2,,,6.1,C,2.0,True,2.18,2.24,Pass
8234,1354907,HK142_CO2017_L03,CO2017,-16,False,8.6,8.3,8.8,,,8.6,A,4.0,True,3.73,3.74,Pass
8235,1332083,HK142_CO2017_L03,CO2017,-16,False,7.9,7.4,8.0,,,7.8,B,3.0,True,3.08,3.05,Pass
8236,1310306,HK142_CO2017_L03,CO2017,-16,False,10.0,9.7,10.0,,,9.9,A+,4.0,True,3.89,3.96,Pass
8237,1363381,HK142_CO2017_L03,CO2017,-16,False,7.8,8.5,7.1,,,7.7,B,3.0,True,2.92,3.06,Pass
8238,1399919,HK142_CO2017_L03,CO2017,-16,False,7.8,7.3,6.4,,,7.0,B,3.0,True,3.28,3.36,Pass
8239,1383563,HK142_CO2017_L03,CO2017,-16,False,6.2,6.2,6.4,,,6.3,C,2.0,True,2.88,2.7,Pass
8240,1359873,HK142_CO2017_L04,CO2017,-16,False,8.1,6.8,7.8,,,7.6,B,3.0,True,2.41,2.37,Pass
8241,1397869,HK142_CO2017_L04,CO2017,-16,False,9.3,7.4,10.0,,,9.1,A,4.0,True,4.0,4.0,Pass
8242,1309577,HK142_CO2017_L04,CO2017,-16,False,6.2,5.8,6.9,,,6.4,C+,2.5,True,2.5,2.33,Pass
8243,1332675,HK142_CO2017_L04,CO2017,-16,False,8.2,9.0,7.3,,,8.0,B+,3.5,True,3.06,3.25,Pass
8244,1332538,HK142_CO2017_L04,CO2017,-16,False,8.5,8.0,8.3,,,8.2,B+,3.5,True,3.47,3.43,Pass
8245,1381513,HK142_CO2017_L04,CO2017,-16,False,8.5,8.5,7.9,,,8.2,B+,3.5,True,3.31,3.25,Pass
8246,1372584,HK142_CO2017_L04,CO2017,-16,False,7.6,7.5,7.2,,,7.4,B,3.0,True,3.08,3.01,Pass
8247,1317777,HK142_CO2017_L04,CO2017,-16,False,6.3,7.6,8.3,,,7.7,B,3.0,True,2.94,2.92,Pass
8248,1396411,HK142_CO2017_L04,CO2017,-16,False,6.6,9.4,8.7,,,8.5,A,4.0,True,3.18,3.2,Pass
8249,1353723,HK142_CO2017_L04,CO2017,-16,False,3.4,4.2,3.6,,,3.7,F,0.0,False,0.42,1.13,Fail
8250,1314543,HK142_CO2017_L04,CO2017,-16,False,5.7,5.2,4.7,,,5.1,D+,1.5,True,1.75,1.53,Pass
8251,1304019,HK142_CO2017_L04,CO2017,-16,False,9.0,8.0,9.1,,,8.8,A,4.0,True,3.92,3.97,Pass
8252,1333996,HK142_CO2017_L04,CO2017,-16,False,8.3,7.8,8.3,,,8.2,B+,3.5,True,3.75,3.86,Pass
8253,1394224,HK142_CO2017_L04,CO2017,-16,False,6.7,6.1,7.1,,,6.7,C+,2.5,True,2.28,2.1,Pass
8254,1327572,HK142_CO2017_L04,CO2017,-16,False,8.5,7.3,6.6,,,7.2,B,3.0,True,3.03,3.02,Pass
8255,1339691,HK142_CO2017_L04,CO2017,-16,False,9.6,7.6,7.8,,,8.1,B+,3.5,True,3.22,3.3,Pass
8256,1382105,HK142_CO2017_L04,CO2017,-16,False,8.2,8.0,7.4,,,7.7,B,3.0,True,3.11,3.06,Pass
8257,1339417,HK142_CO2017_L04,CO2017,-16,False,6.2,7.1,6.0,,,6.4,C+,2.5,True,2.72,2.57,Pass
8258,1385158,HK142_CO2017_L04,CO2017,-16,False,7.6,7.0,8.9,,,8.1,B+,3.5,True,3.61,3.23,Pass
8259,1367481,HK142_CO2017_L04,CO2017,-16,False,7.4,7.2,7.3,,,7.3,B,3.0,True,2.92,3.1,Pass
8260,1301832,HK142_CO2017_L04,CO2017,-16,False,6.7,5.2,6.5,,,6.2,C,2.0,True,1.47,1.34,Pass
8261,1368484,HK142_CO2017_L04,CO2017,-16,False,5.5,4.9,5.0,,,5.1,D+,1.5,True,1.76,1.67,Pass
8262,1312219,HK142_CO2017_L04,CO2017,-16,False,10.0,10.0,9.2,,,9.6,A+,4.0,True,3.85,3.94,Pass
8263,1345978,HK142_CO2017_L04,CO2017,-16,False,8.9,9.5,9.2,,,9.2,A,4.0,True,3.92,3.83,Pass
8264,1340420,HK142_CO2017_L04,CO2017,-16,False,4.8,6.4,5.3,,,5.5,C,2.0,True,1.79,1.76,Pass
8265,1333267,HK142_CO2017_L04,CO2017,-16,False,5.7,6.3,5.6,,,5.8,C,2.0,True,1.72,1.42,Pass
8266,1368210,HK142_CO2017_L04,CO2017,-16,False,9.2,9.3,10.0,,,9.6,A+,4.0,True,3.92,3.98,Pass
8267,1358689,HK142_CO2017_L04,CO2017,-16,False,6.8,6.9,5.2,,,6.0,C,2.0,True,2.76,2.55,Pass
8268,1390716,HK142_CO2017_L04,CO2017,-16,False,5.1,6.2,6.1,,,5.9,C,2.0,True,1.85,1.75,Pass
8269,1356228,HK142_CO2017_L04,CO2017,-16,False,7.6,6.5,7.1,,,7.0,B,3.0,True,2.53,2.45,Pass
8270,1343928,HK142_CO2017_L04,CO2017,-16,False,9.1,10.0,9.2,,,9.4,A,4.0,True,3.85,3.96,Pass
8271,1390124,HK142_CO2017_L04,CO2017,-16,False,7.0,8.1,8.8,,,8.2,B+,3.5,True,3.47,3.38,Pass
8272,1351991,HK142_CO2017_L04,CO2017,-16,False,4.9,8.1,7.4,,,7.1,B,3.0,True,2.94,2.74,Pass
8273,1337504,HK142_CO2017_L04,CO2017,-16,False,6.4,6.5,6.7,,,6.6,C+,2.5,True,2.03,1.94,Pass
8274,1340146,HK142_CO2017_L04,CO2017,-16,False,6.0,6.1,5.4,,,5.7,C,2.0,True,2.03,2.26,Pass
8275,1371263,HK142_CO2017_L04,CO2017,-16,False,5.9,5.4,5.1,,,5.3,D+,1.5,True,1.82,1.59,Pass
8276,1320101,HK142_CO2017_L04,CO2017,-16,False,8.2,8.0,7.9,,,8.0,B+,3.5,True,3.31,3.16,Pass
8277,1392174,HK142_CO2017_L04,CO2017,-16,False,8.7,8.4,8.7,,,8.6,A,4.0,True,4.0,3.89,Pass
8278,1301695,HK142_CO2017_L04,CO2017,-16,False,7.2,7.8,8.1,,,7.8,B,3.0,True,3.17,3.17,Pass
8279,1301969,HK142_CO2017_L04,CO2017,-16,False,7.5,6.2,7.1,,,6.9,C+,2.5,True,2.41,2.36,Pass
8280,1347436,HK142_CO2017_L04,CO2017,-16,False,7.8,7.4,6.8,,,7.2,B,3.0,True,2.71,2.52,Pass
8281,1303882,HK142_CO2017_L04,CO2017,-16,False,7.1,7.4,8.0,,,7.6,B,3.0,True,3.32,3.38,Pass
8282,1331217,HK142_CO2017_L04,CO2017,-16,False,5.3,5.5,5.4,,,5.4,D+,1.5,True,1.92,1.74,Pass
8283,1382971,HK142_CO2017_L04,CO2017,-16,False,7.9,6.5,6.8,,,6.9,C+,2.5,True,2.82,2.63,Pass
8284,1364702,HK142_CO2017_L04,CO2017,-16,False,5.9,5.7,6.5,,,6.1,C,2.0,True,1.94,1.88,Pass
8285,1341012,HK142_CO2017_L04,CO2017,-16,False,5.3,5.5,5.3,,,5.4,D+,1.5,True,1.63,1.64,Pass
8286,1336775,HK142_CO2017_L04,CO2017,-16,False,6.5,6.1,7.3,,,6.8,C+,2.5,True,2.44,2.34,Pass
8287,1334588,HK142_CO2017_L04,CO2017,-16,False,5.5,7.5,6.9,,,6.8,C+,2.5,True,2.47,2.45,Pass
8288,1378142,HK142_CO2017_L04,CO2017,-16,False,6.5,7.4,8.2,,,7.6,B,3.0,True,3.06,3.13,Pass
8289,1389987,HK142_CO2017_L04,CO2017,-16,False,8.7,9.8,8.2,,,8.8,A,4.0,True,4.0,3.99,Pass
8290,1347299,HK142_CO2017_L04,CO2017,-16,False,5.9,7.0,7.2,,,6.9,C+,2.5,True,2.58,2.54,Pass
8291,1378871,HK142_CO2017_L04,CO2017,-16,False,7.5,9.4,7.7,,,8.2,B+,3.5,True,3.36,3.25,Pass
8292,1393632,HK142_CO2017_L04,CO2017,-16,False,6.9,6.6,7.7,,,7.2,B,3.0,True,2.74,2.72,Pass
8293,1323017,HK142_CO2017_L04,CO2017,-16,False,6.7,6.6,6.2,,,6.4,C+,2.5,True,2.5,2.42,Pass
8294,1326388,HK142_CO2017_L04,CO2017,-16,False,9.3,10.0,8.3,,,9.0,A,4.0,True,3.86,3.85,Pass
8295,1322880,HK142_CO2017_L04,CO2017,-16,False,5.7,4.7,6.1,,,5.6,C,2.0,True,1.97,1.94,Pass
8296,1327983,HK142_CO2017_L04,CO2017,-16,False,7.2,7.8,6.4,,,7.0,B,3.0,True,3.03,3.17,Pass
8297,1380921,HK142_CO2017_L04,CO2017,-16,False,9.2,9.2,10.0,,,9.6,A+,4.0,True,4.0,4.0,Pass
8298,1362652,HK142_CO2017_L04,CO2017,-16,False,5.4,5.0,6.2,,,5.7,C,2.0,True,1.78,1.56,Pass
8299,1333130,HK142_CO2017_L04,CO2017,-16,False,8.8,8.2,8.1,,,8.3,B+,3.5,True,3.33,3.18,Pass
8300,1399782,HK142_CO2017_L04,CO2017,-16,False,7.7,9.2,8.4,,,8.5,A,4.0,True,3.19,3.23,Pass
8301,1357686,HK142_CO2017_L04,CO2017,-16,False,8.3,8.6,7.5,,,8.0,B+,3.5,True,3.71,3.58,Pass
8302,1359736,HK142_CO2017_L04,CO2017,-16,False,8.1,7.4,7.8,,,7.7,B,3.0,True,3.61,3.52,Pass
8303,1324064,HK142_CO2017_L04,CO2017,-16,False,6.4,7.6,6.4,,,6.8,C+,2.5,True,2.59,2.45,Pass
8304,1344065,HK142_CO2017_L04,CO2017,-16,False,8.1,9.2,7.4,,,8.1,B+,3.5,True,3.77,3.83,Pass
8305,1311172,HK142_CO2017_L04,CO2017,-16,False,5.7,6.7,5.6,,,5.9,C,2.0,True,1.59,1.7,Pass
8306,1366297,HK142_CO2017_L04,CO2017,-16,False,6.5,6.9,7.0,,,6.9,C+,2.5,True,2.26,2.19,Pass
8307,1388529,HK142_CO2017_L04,CO2017,-16,False,6.6,7.4,6.1,,,6.6,C+,2.5,True,2.32,2.45,Pass
8308,1381376,HK142_CO2017_L04,CO2017,-16,False,8.7,7.6,7.8,,,7.9,B,3.0,True,3.33,3.43,Pass
8309,1300511,HK142_CO2017_L04,CO2017,-16,False,8.4,7.4,6.9,,,7.4,B,3.0,True,3.53,3.35,Pass
8310,1331080,HK142_CO2017_L04,CO2017,-16,False,8.3,8.1,6.6,,,7.4,B,3.0,True,3.28,3.32,Pass
8311,1352857,HK142_CO2017_L04,CO2017,-16,False,8.7,8.9,8.4,,,8.6,A,4.0,True,4.0,3.99,Pass
8312,1384884,HK142_CO2017_L04,CO2017,-16,False,7.8,7.9,6.7,,,7.3,B,3.0,True,3.31,3.2,Pass
8313,1337778,HK142_CO2017_L04,CO2017,-16,False,4.8,5.6,6.6,,,5.9,C,2.0,True,2.06,1.81,Pass
8314,1300648,HK142_CO2017_L04,CO2017,-16,False,6.4,7.3,7.2,,,7.1,B,3.0,True,2.81,2.82,Pass
8315,1311035,HK142_CO2017_L04,CO2017,-16,False,8.1,7.9,7.4,,,7.7,B,3.0,True,3.44,3.3,Pass
8316,1353131,HK142_CO2017_L04,CO2017,-16,False,8.4,9.0,7.4,,,8.1,B+,3.5,True,3.53,3.45,Pass
8317,1382379,HK142_CO2017_L04,CO2017,-16,False,6.1,6.2,6.4,,,6.3,C,2.0,True,2.53,2.49,Pass
8318,1393495,HK142_CO2017_L04,CO2017,-16,False,6.6,8.3,8.0,,,7.8,B,3.0,True,2.85,2.83,Pass
8319,1387208,HK142_CO2017_L04,CO2017,-16,False,8.0,7.7,7.9,,,7.9,B,3.0,True,2.94,3.15,Pass
8320,1371992,HK142_CO2017_L04,CO2017,-16,False,6.6,7.3,7.0,,,7.0,B,3.0,True,2.47,2.24,Pass
8321,1324201,HK142_CO2017_L04,CO2017,-16,False,7.5,6.9,7.0,,,7.1,B,3.0,True,2.65,2.51,Pass
8322,1373039,HK142_CO2017_L04,CO2017,-16,False,6.7,6.8,8.2,,,7.5,B,3.0,True,2.59,2.71,Pass
8323,1369213,HK142_CO2017_L04,CO2017,-16,False,8.5,7.4,6.9,,,7.4,B,3.0,True,3.36,3.53,Pass
8324,1357960,HK142_CO2017_L04,CO2017,-16,False,5.1,7.4,5.5,,,6.0,C,2.0,True,1.39,1.59,Pass
8325,1364976,HK142_CO2017_L04,CO2017,-16,False,7.6,6.7,7.0,,,7.0,B,3.0,True,3.35,3.2,Pass
8326,1380055,HK142_CO2017_L04,CO2017,-16,False,6.4,5.7,6.8,,,6.4,C+,2.5,True,2.41,2.39,Pass
8327,1392766,HK142_CO2017_L04,CO2017,-16,False,5.6,6.3,5.2,,,5.6,C,2.0,True,2.62,2.62,Pass
8328,1366023,HK142_CO2017_L04,CO2017,-16,False,6.6,7.7,6.9,,,7.1,B,3.0,True,2.94,2.76,Pass
8329,1356365,HK142_CO2017_L04,CO2017,-16,False,7.2,7.7,8.6,,,8.1,B+,3.5,True,3.39,3.2,Pass
8330,1330351,HK142_CO2017_L04,CO2017,-16,False,7.7,7.9,8.5,,,8.2,B+,3.5,True,3.17,3.27,Pass
8331,1320967,HK142_CO2017_L04,CO2017,-16,False,5.0,6.0,5.8,,,5.7,C,2.0,True,1.14,1.45,Pass
8332,1347162,HK142_CO2017_L04,CO2017,-16,False,6.3,5.0,6.4,,,6.0,C,2.0,True,2.15,2.17,Pass
8333,1393950,HK142_CO2017_L04,CO2017,-16,False,5.8,5.7,5.4,,,5.6,C,2.0,True,2.11,1.8,Pass
8334,1396866,HK142_CO2017_L04,CO2017,-16,False,8.9,8.8,8.5,,,8.7,A,4.0,True,4.0,3.66,Pass
8335,1303290,HK142_CO2017_L04,CO2017,-16,False,7.0,7.6,8.6,,,8.0,B+,3.5,True,3.19,3.26,Pass
8336,1384155,HK142_CO2017_L05,CO2017,-16,False,5.5,5.9,6.2,,,6.0,C,2.0,True,1.78,1.7,Pass
8337,1341741,HK142_CO2017_L05,CO2017,-16,False,7.4,8.2,8.1,,,8.0,B+,3.5,True,3.17,3.06,Pass
8338,1357823,HK142_CO2017_L05,CO2017,-16,False,6.0,5.6,6.7,,,6.2,C,2.0,True,1.94,2.05,Pass
8339,1360147,HK142_CO2017_L05,CO2017,-16,False,8.3,7.2,8.5,,,8.1,B+,3.5,True,3.47,3.19,Pass
8340,1310898,HK142_CO2017_L05,CO2017,-16,False,6.0,7.7,6.8,,,6.9,C+,2.5,True,2.59,2.46,Pass
8341,1326251,HK142_CO2017_L05,CO2017,-16,False,7.2,6.7,7.7,,,7.3,B,3.0,True,2.68,2.57,Pass
8342,1330762,HK142_CO2017_L05,CO2017,-16,False,8.6,7.3,7.6,,,7.7,B,3.0,True,3.06,3.1,Pass
8343,1375500,HK142_CO2017_L05,CO2017,-16,False,7.1,6.6,7.0,,,6.9,C+,2.5,True,2.76,2.7,Pass
8344,1362515,HK142_CO2017_L05,CO2017,-16,False,9.1,9.9,9.0,,,9.3,A,4.0,True,3.69,3.88,Pass
8345,1327117,HK142_CO2017_L05,CO2017,-16,False,6.9,5.3,8.5,,,7.2,B,3.0,True,3.0,2.88,Pass
8346,1348757,HK142_CO2017_L05,CO2017,-16,False,5.3,6.2,5.7,,,5.8,C,2.0,True,1.71,1.58,Pass
8347,1331946,HK142_CO2017_L05,CO2017,-16,False,8.0,6.8,8.2,,,7.7,B,3.0,True,3.14,3.3,Pass
8348,1362789,HK142_CO2017_L05,CO2017,-16,False,8.7,7.5,8.0,,,8.0,B+,3.5,True,3.28,3.34,Pass
8349,1394953,HK142_CO2017_L05,CO2017,-16,False,6.2,6.5,5.8,,,6.1,C,2.0,True,2.56,2.33,Pass
8350,1369942,HK142_CO2017_L05,CO2017,-16,False,6.0,7.0,9.6,,,8.1,B+,3.5,True,2.56,2.33,Pass
8351,1354315,HK142_CO2017_L05,CO2017,-16,False,8.3,6.2,6.8,,,6.9,C+,2.5,True,2.53,2.41,Pass
8352,1346844,HK142_CO2017_L05,CO2017,-16,False,6.9,6.2,6.4,,,6.4,C+,2.5,True,2.91,2.78,Pass
8353,1314406,HK142_CO2017_L05,CO2017,-16,False,7.3,5.7,6.3,,,6.3,C,2.0,True,2.21,2.38,Pass
8354,1388666,HK142_CO2017_L05,CO2017,-16,False,6.7,8.0,7.5,,,7.5,B,3.0,True,3.17,3.13,Pass
8355,1363973,HK142_CO2017_L05,CO2017,-16,False,5.8,6.3,4.8,,,5.4,D+,1.5,True,1.79,1.62,Pass
8356,1301240,HK142_CO2017_L05,CO2017,-16,False,6.7,8.2,6.0,,,6.8,C+,2.5,True,2.81,3.01,Pass
8357,1381058,HK142_CO2017_L05,CO2017,-16,False,8.0,8.0,7.7,,,7.8,B,3.0,True,3.11,3.16,Pass
8358,1373176,HK142_CO2017_L05,CO2017,-16,False,6.8,6.6,5.5,,,6.1,C,2.0,True,1.94,1.93,Pass
8359,1300237,HK142_CO2017_L05,CO2017,-16,False,7.0,6.2,7.4,,,7.0,B,3.0,True,3.0,3.34,Pass
8360,1383700,HK142_CO2017_L05,CO2017,-16,False,7.9,7.2,7.9,,,7.7,B,3.0,True,3.21,3.08,Pass
8361,1395090,HK142_CO2017_L05,CO2017,-16,False,4.8,5.8,5.8,,,5.6,C,2.0,True,1.47,1.59,Pass
8362,1343336,HK142_CO2017_L05,CO2017,-16,False,7.3,9.6,7.5,,,8.1,B+,3.5,True,2.44,2.41,Pass
8363,1313085,HK142_CO2017_L05,CO2017,-16,False,6.8,5.9,8.8,,,7.5,B,3.0,True,2.41,2.3,Pass
8364,1310169,HK142_CO2017_L05,CO2017,-16,False,7.4,7.4,7.0,,,7.2,B,3.0,True,2.71,2.78,Pass
8365,1335909,HK142_CO2017_L05,CO2017,-16,False,5.4,7.3,6.0,,,6.3,C,2.0,True,2.35,2.36,Pass
8366,1397458,HK142_CO2017_L05,CO2017,-16,False,7.6,7.9,6.4,,,7.1,B,3.0,True,2.38,2.3,Pass
8367,1352402,HK142_CO2017_L05,CO2017,-16,False,8.6,8.1,8.2,,,8.2,B+,3.5,True,3.47,3.37,Pass
8368,1342925,HK142_CO2017_L05,CO2017,-16,False,5.5,4.2,5.1,,,4.9,D,1.0,True,2.0,2.06,Pass
8369,1327846,HK142_CO2017_L05,CO2017,-16,False,6.8,5.3,6.1,,,6.0,C,2.0,True,2.28,2.51,Pass
8370,1382834,HK142_CO2017_L05,CO2017,-16,False,5.8,5.8,7.0,,,6.4,C+,2.5,True,2.75,2.62,Pass
8371,1331809,HK142_CO2017_L05,CO2017,-16,False,6.7,7.9,6.8,,,7.1,B,3.0,True,2.47,2.28,Pass
8372,1365431,HK142_CO2017_L05,CO2017,-16,False,7.3,7.7,7.5,,,7.5,B,3.0,True,3.0,3.06,Pass
8373,1325522,HK142_CO2017_L05,CO2017,-16,False,6.3,7.1,6.6,,,6.7,C+,2.5,True,2.39,2.36,Pass
8374,1374497,HK142_CO2017_L05,CO2017,-16,False,6.9,8.2,8.7,,,8.2,B+,3.5,True,3.44,3.28,Pass
8375,1334133,HK142_CO2017_L05,CO2017,-16,False,9.0,8.3,9.0,,,8.8,A,4.0,True,4.0,3.91,Pass
8376,1372310,HK142_CO2017_L05,CO2017,-16,False,5.1,6.2,4.5,,,5.1,D+,1.5,True,1.56,1.7,Pass
8377,1304885,HK142_CO2017_L05,CO2017,-16,False,5.4,6.4,6.1,,,6.0,C,2.0,True,2.32,2.23,Pass
8378,1334725,HK142_CO2017_L05,CO2017,-16,False,10.0,9.8,9.9,,,9.9,A+,4.0,True,3.92,3.97,Pass
8379,1355499,HK142_CO2017_L05,CO2017,-16,False,8.9,10.0,9.0,,,9.3,A,4.0,True,4.0,4.0,Pass
8380,1318188,HK142_CO2017_L05,CO2017,-16,False,7.1,7.0,5.7,,,6.4,C+,2.5,True,2.32,2.45,Pass
8381,1360739,HK142_CO2017_L05,CO2017,-16,False,7.6,7.6,7.1,,,7.3,B,3.0,True,3.25,3.3,Pass
8382,1312493,HK142_CO2017_L05,CO2017,-16,False,7.1,7.6,8.4,,,7.9,B,3.0,True,3.5,3.26,Pass
8383,1376092,HK142_CO2017_L05,CO2017,-16,False,6.8,7.1,6.8,,,6.9,C+,2.5,True,2.41,2.57,Pass
8384,1345704,HK142_CO2017_L05,CO2017,-16,False,4.5,5.8,6.8,,,6.0,C,2.0,True,1.94,1.89,Pass
8385,1380329,HK142_CO2017_L05,CO2017,-16,False,8.2,7.3,8.1,,,7.9,B,3.0,True,3.06,3.2,Pass
8386,1317185,HK142_CO2017_L05,CO2017,-16,False,6.0,6.0,6.1,,,6.0,C,2.0,True,2.35,2.42,Pass
8387,1373768,HK142_CO2017_L05,CO2017,-16,False,8.6,8.1,8.9,,,8.6,A,4.0,True,3.5,3.47,Pass
8388,1356639,HK142_CO2017_L05,CO2017,-16,False,5.8,7.3,6.2,,,6.4,C+,2.5,True,2.32,2.1,Pass
8389,1354452,HK142_CO2017_L05,CO2017,-16,False,7.8,8.8,6.1,,,7.2,B,3.0,True,3.0,3.16,Pass
8390,1384429,HK142_CO2017_L05,CO2017,-16,False,6.0,6.5,7.0,,,6.7,C+,2.5,True,2.09,2.33,Pass
8391,1376684,HK142_CO2017_L05,CO2017,-16,False,6.5,7.1,7.5,,,7.2,B,3.0,True,2.59,2.33,Pass
8392,1397595,HK142_CO2017_L05,CO2017,-16,False,6.8,6.2,5.9,,,6.2,C,2.0,True,2.38,2.27,Pass
8393,1343199,HK142_CO2017_L05,CO2017,-16,False,5.8,5.7,6.2,,,6.0,C,2.0,True,2.29,2.16,Pass
8394,1317914,HK142_CO2017_L05,CO2017,-16,False,7.0,4.9,6.5,,,6.1,C,2.0,True,2.26,2.49,Pass
8395,1381650,HK142_CO2017_L05,CO2017,-16,False,5.4,6.2,6.7,,,6.3,C,2.0,True,2.18,2.19,Pass
8396,1323746,HK142_CO2017_L05,CO2017,-16,False,7.1,6.5,6.6,,,6.7,C+,2.5,True,2.47,2.48,Pass
8397,1368073,HK142_CO2017_L05,CO2017,-16,False,6.6,6.8,6.5,,,6.6,C+,2.5,True,2.47,2.47,Pass
8398,1348620,HK142_CO2017_L05,CO2017,-16,False,8.5,9.1,9.3,,,9.1,A,4.0,True,3.89,3.93,Pass
8399,1391582,HK142_CO2017_L05,CO2017,-16,False,5.6,7.2,6.6,,,6.6,C+,2.5,True,2.41,2.44,Pass
8400,1310443,HK142_CO2017_L05,CO2017,-16,False,9.9,8.3,10.0,,,9.5,A+,4.0,True,4.0,3.95,Pass
8401,1357094,HK142_CO2017_L05,CO2017,-16,False,7.1,8.6,7.9,,,7.9,B,3.0,True,3.5,3.43,Pass
8402,1361468,HK142_CO2017_L05,CO2017,-16,False,5.1,5.6,5.2,,,5.3,D+,1.5,True,1.74,1.59,Pass
8403,1313677,HK142_CO2017_L05,CO2017,-16,False,7.3,7.0,7.1,,,7.1,B,3.0,True,3.06,3.16,Pass
8404,1346570,HK142_CO2017_L05,CO2017,-16,False,5.5,5.4,6.0,,,5.7,C,2.0,True,2.06,1.73,Pass
8405,1320556,HK142_CO2017_L05,CO2017,-16,False,6.5,7.2,5.3,,,6.1,C,2.0,True,2.36,2.21,Pass
8406,1346707,HK142_CO2017_L05,CO2017,-16,False,2.1,4.2,4.0,,,3.7,F,0.0,False,0.32,1.0,Fail
8407,1300374,HK142_CO2017_L05,CO2017,-16,False,5.5,6.9,6.0,,,6.2,C,2.0,True,1.88,1.81,Pass
8408,1313540,HK142_CO2017_L05,CO2017,-16,False,4.5,6.5,4.5,,,5.1,D+,1.5,True,1.79,1.73,Pass
8409,1378734,HK142_CO2017_L05,CO2017,-16,False,3.5,5.1,3.4,,,3.9,F,0.0,False,0.91,1.13,Fail
8410,1349212,HK142_CO2017_L05,CO2017,-16,False,5.6,6.5,6.0,,,6.1,C,2.0,True,2.44,2.32,Pass
8411,1334862,HK142_CO2017_L05,CO2017,-16,False,7.5,8.0,7.0,,,7.4,B,3.0,True,3.31,3.11,Pass
8412,1378279,HK142_CO2017_L05,CO2017,-16,False,7.3,6.2,5.8,,,6.2,C,2.0,True,2.18,2.11,Pass
8413,1386342,HK142_CO2017_L05,CO2017,-16,False,7.8,7.4,8.0,,,7.8,B,3.0,True,3.0,3.33,Pass
8414,1333404,HK142_CO2017_L05,CO2017,-16,False,7.7,4.0,6.2,,,5.8,C,2.0,True,2.26,2.46,Pass
8415,1324475,HK142_CO2017_L05,CO2017,-16,False,6.1,6.9,6.6,,,6.6,C+,2.5,True,2.32,2.31,Pass
8416,1352128,HK142_CO2017_L05,CO2017,-16,False,6.9,8.7,7.2,,,7.6,B,3.0,True,3.39,3.31,Pass
8417,1338825,HK142_CO2017_L05,CO2017,-16,False,7.8,8.1,7.5,,,7.7,B,3.0,True,3.31,3.25,Pass
8418,1365705,HK142_CO2017_L05,CO2017,-16,False,8.1,7.8,7.9,,,7.9,B,3.0,True,3.06,3.29,Pass
8419,1338962,HK142_CO2017_L05,CO2017,-16,False,7.3,7.6,6.2,,,6.8,C+,2.5,True,2.71,2.49,Pass
8420,1343062,HK142_CO2017_L05,CO2017,-16,False,5.3,5.5,3.7,,,4.6,D,1.0,True,2.15,2.27,Pass
8421,1367618,HK142_CO2017_L05,CO2017,-16,False,7.0,6.3,6.3,,,6.4,C+,2.5,True,2.41,2.6,Pass
8422,1302424,HK142_CO2017_L05,CO2017,-16,False,5.8,6.0,5.5,,,5.7,C,2.0,True,1.71,1.84,Pass
8423,1375089,HK142_CO2017_L05,CO2017,-16,False,6.0,6.0,5.6,,,5.8,C,2.0,True,2.31,2.25,Pass
8424,1384292,HK142_CO2017_L05,CO2017,-16,False,5.3,6.9,6.9,,,6.6,C+,2.5,True,2.5,2.45,Pass
8425,1330488,HK142_CO2017_L05,CO2017,-16,False,7.9,7.5,8.6,,,8.1,B+,3.5,True,3.03,3.25,Pass
8426,1351399,HK142_CO2017_L05,CO2017,-16,False,6.7,6.3,5.8,,,6.1,C,2.0,True,2.59,2.38,Pass
8427,1341878,HK142_CO2017_L05,CO2017,-16,False,7.0,7.5,8.3,,,7.8,B,3.0,True,2.82,2.77,Pass
8428,1352720,HK142_CO2017_L05,CO2017,-16,False,8.7,7.1,8.3,,,8.0,B+,3.5,True,3.29,3.17,Pass
8429,1361331,HK142_CO2017_L05,CO2017,-16,False,8.7,8.2,8.6,,,8.5,A,4.0,True,3.29,3.35,Pass
8430,1324930,HK142_CO2017_L05,CO2017,-16,False,4.5,3.7,4.6,,,4.3,D,1.0,True,0.36,1.0,Pass
8431,1389395,HK142_CO2017_L05,CO2017,-16,False,4.9,5.7,6.2,,,5.8,C,2.0,True,2.05,1.85,Pass
8432,1326251,HK142_CO2039_L01,CO2039,-16,False,6.9,,6.9,,5.6,6.6,C+,2.5,True,2.68,2.57,Pass
8433,1356365,HK142_CO2039_L01,CO2039,-16,False,6.2,,6.7,,7.7,6.8,C+,2.5,True,3.39,3.2,Pass
8434,1344520,HK142_CO2039_L01,CO2039,-16,False,5.4,,6.4,,7.3,6.4,C+,2.5,True,2.65,2.62,Pass
8435,1341741,HK142_CO2039_L01,CO2039,-16,False,6.6,,8.0,,7.6,7.6,B,3.0,True,3.17,3.06,Pass
8436,1315727,HK142_CO2039_L01,CO2039,-16,False,7.0,,7.0,,6.6,6.9,C+,2.5,True,2.44,2.41,Pass
8437,1325067,HK142_CO2039_L01,CO2039,-16,False,8.8,,6.4,,7.1,7.0,B,3.0,True,2.79,2.78,Pass
8438,1345249,HK142_CO2039_L01,CO2039,-16,False,8.5,,6.6,,8.9,7.4,B,3.0,True,3.28,3.34,Pass
8439,1386024,HK142_CO2039_L01,CO2039,-16,False,9.2,,8.6,,7.5,8.5,A,4.0,True,3.5,3.25,Pass
8440,1308985,HK142_CO2039_L01,CO2039,-16,False,9.8,,7.4,,7.9,8.0,B+,3.5,True,3.15,3.06,Pass
8441,1338825,HK142_CO2039_L01,CO2039,-16,False,8.4,,7.5,,7.8,7.7,B,3.0,True,3.31,3.25,Pass
8442,1374771,HK142_CO2039_L01,CO2039,-16,False,6.6,,7.4,,7.2,7.2,B,3.0,True,3.08,3.25,Pass
8443,1304748,HK142_CO2039_L01,CO2039,-16,False,8.0,,6.9,,7.5,7.2,B,3.0,True,3.11,3.24,Pass
8444,1335909,HK142_CO2039_L01,CO2039,-16,False,6.2,,5.7,,7.0,6.1,C,2.0,True,2.35,2.36,Pass
8445,1382516,HK142_CO2039_L01,CO2039,-16,False,8.4,,10.0,,9.0,9.5,A+,4.0,True,3.85,3.94,Pass
8446,1307390,HK142_CO2039_L01,CO2039,-16,False,6.8,,7.5,,8.7,7.6,B,3.0,True,3.0,3.03,Pass
8447,1329030,HK142_CO2039_L01,CO2039,-16,False,6.7,,4.6,,6.3,5.4,D+,1.5,True,2.06,2.2,Pass
8448,1391445,HK142_CO2039_L01,CO2039,-16,False,6.8,,6.9,,7.3,7.0,B,3.0,True,2.74,2.55,Pass
8449,1317777,HK142_CO2039_L01,CO2039,-16,False,7.0,,5.2,,8.2,6.2,C,2.0,True,2.94,2.92,Pass
8450,1352720,HK142_CO2039_L01,CO2039,-16,False,8.3,,7.7,,9.8,8.2,B+,3.5,True,3.29,3.17,Pass
8451,1351399,HK142_CO2039_L01,CO2039,-16,False,7.1,,6.2,,6.7,6.5,C+,2.5,True,2.59,2.38,Pass
8452,1392037,HK142_CO2039_L01,CO2039,-16,False,7.1,,7.4,,7.1,7.3,B,3.0,True,3.06,3.06,Pass
8453,1360147,HK142_CO2039_L01,CO2039,-16,False,8.5,,8.4,,8.1,8.4,B+,3.5,True,3.47,3.19,Pass
8454,1316319,HK142_CO2039_L01,CO2039,-16,False,8.0,,5.5,,7.0,6.3,C,2.0,True,2.26,2.39,Pass
8455,1396137,HK142_CO2039_L01,CO2039,-16,False,6.7,,8.5,,8.1,8.1,B+,3.5,True,3.31,3.37,Pass
8456,1307664,HK142_CO2039_L01,CO2039,-16,False,6.5,,5.9,,6.1,6.1,C,2.0,True,2.44,2.46,Pass
8457,1327846,HK142_CO2039_L01,CO2039,-16,False,7.6,,6.8,,5.8,6.8,C+,2.5,True,2.28,2.51,Pass
8458,1357686,HK142_CO2039_L01,CO2039,-16,False,8.0,,8.3,,8.3,8.2,B+,3.5,True,3.71,3.58,Pass
8459,1336912,HK142_CO2039_L01,CO2039,-16,False,6.1,,7.3,,6.9,7.0,B,3.0,True,2.38,2.18,Pass
8460,1326525,HK142_CO2039_L01,CO2039,-16,False,9.0,,7.3,,9.8,8.1,B+,3.5,True,3.92,3.92,Pass
8461,1320101,HK142_CO2039_L01,CO2039,-16,False,8.6,,7.7,,8.2,8.0,B+,3.5,True,3.31,3.16,Pass
8462,1377868,HK142_CO2039_L01,CO2039,-16,False,3.1,,6.8,,5.6,5.8,C,2.0,True,2.47,2.42,Pass
8463,1323472,HK142_CO2039_L01,CO2039,-16,False,6.4,,6.1,,6.0,6.1,C,2.0,True,2.26,2.5,Pass
8464,1300966,HK142_CO2039_L01,CO2039,-16,False,4.8,,5.4,,5.6,5.3,D+,1.5,True,1.59,1.69,Pass
8465,1310761,HK142_CO2039_L01,CO2039,-16,False,9.1,,8.7,,8.3,8.7,A,4.0,True,3.92,3.89,Pass
8466,1336638,HK142_CO2039_L01,CO2039,-16,False,8.9,,8.8,,7.8,8.6,A,4.0,True,3.5,3.29,Pass
8467,1306798,HK142_CO2039_L01,CO2039,-16,False,8.5,,7.2,,7.7,7.6,B,3.0,True,3.06,3.09,Pass
8468,1380921,HK142_CO2039_L01,CO2039,-16,False,10.0,,9.2,,8.7,9.3,A,4.0,True,4.0,4.0,Pass
8469,1332083,HK142_CO2039_L01,CO2039,-16,False,8.6,,7.9,,7.8,8.0,B+,3.5,True,3.08,3.05,Pass
8470,1304885,HK142_CO2039_L01,CO2039,-16,False,7.3,,7.3,,7.4,7.3,B,3.0,True,2.32,2.23,Pass
8471,1339691,HK142_CO2039_L01,CO2039,-16,False,9.4,,7.0,,7.2,7.5,B,3.0,True,3.22,3.3,Pass
8472,1330351,HK142_CO2039_L01,CO2039,-16,False,8.1,,8.1,,7.0,7.9,B,3.0,True,3.17,3.27,Pass
8473,1340875,HK142_CO2039_L01,CO2039,-16,False,5.9,,5.8,,7.2,6.1,C,2.0,True,1.97,1.79,Pass
8474,1340557,HK142_CO2039_L01,CO2039,-16,False,5.9,,8.6,,8.7,8.1,B+,3.5,True,2.72,2.48,Pass
8475,1329622,HK142_CO2039_L01,CO2039,-16,False,4.9,,4.2,,5.4,4.6,D,1.0,True,1.62,1.77,Pass
8476,1314998,HK142_CO2039_L01,CO2039,-16,False,6.9,,7.6,,6.6,7.3,B,3.0,True,2.21,2.27,Pass
8477,1311035,HK142_CO2039_L01,CO2039,-16,False,8.2,,7.0,,8.1,7.5,B,3.0,True,3.44,3.3,Pass
8478,1383837,HK142_CO2039_L01,CO2039,-16,False,5.8,,5.4,,4.8,5.4,D+,1.5,True,1.65,1.78,Pass
8479,1344383,HK142_CO2039_L01,CO2039,-16,False,9.8,,8.0,,8.5,8.5,A,4.0,True,3.33,3.41,Pass
8480,1326980,HK142_CO2039_L01,CO2039,-16,False,6.7,,6.2,,6.6,6.4,C+,2.5,True,2.56,2.57,Pass
8481,1361786,HK142_CO2039_L01,CO2039,-16,False,7.8,,8.2,,8.7,8.2,B+,3.5,True,3.09,3.17,Pass
8482,1322288,HK142_CO2039_L01,CO2039,-16,False,6.7,,6.3,,7.7,6.7,C+,2.5,True,2.18,2.24,Pass
8483,1328438,HK142_CO2039_L01,CO2039,-16,False,7.5,,7.2,,7.6,7.3,B,3.0,True,3.12,2.89,Pass
8484,1361194,HK142_CO2039_L01,CO2039,-16,False,7.6,,8.2,,8.6,8.2,B+,3.5,True,3.0,2.98,Pass
8485,1331217,HK142_CO2039_L01,CO2039,-16,False,5.4,,5.8,,7.1,6.0,C,2.0,True,1.92,1.74,Pass
8486,1308711,HK142_CO2039_L01,CO2039,-16,False,7.5,,8.3,,8.8,8.2,B+,3.5,True,3.44,3.63,Pass
8487,1382379,HK142_CO2039_L01,CO2039,-16,False,8.8,,7.2,,6.3,7.3,B,3.0,True,2.53,2.49,Pass
8488,1333130,HK142_CO2039_L01,CO2039,-16,False,8.0,,8.2,,8.6,8.2,B+,3.5,True,3.33,3.18,Pass
8489,1344657,HK142_CO2039_L01,CO2039,-16,False,5.5,,6.2,,6.6,6.1,C,2.0,True,2.22,2.15,Pass
8490,1368802,HK142_CO2039_L01,CO2039,-16,False,7.0,,6.6,,9.4,7.2,B,3.0,True,2.82,2.9,Pass
8491,1320238,HK142_CO2039_L01,CO2039,-16,False,6.3,,7.0,,7.2,6.9,C+,2.5,True,2.65,2.59,Pass
8492,1382834,HK142_CO2039_L01,CO2039,-16,False,7.4,,8.2,,6.9,7.8,B,3.0,True,2.75,2.62,Pass
8493,1358552,HK142_CO2039_L01,CO2039,-16,False,5.0,,7.1,,6.4,6.5,C+,2.5,True,2.65,2.52,Pass
8494,1391171,HK142_CO2039_L01,CO2039,-16,False,7.4,,7.2,,7.8,7.4,B,3.0,True,3.47,3.39,Pass
8495,1302106,HK142_CO2039_L01,CO2039,-16,False,6.7,,6.4,,6.6,6.5,C+,2.5,True,2.71,2.6,Pass
8496,1324338,HK142_CO2039_L01,CO2039,-16,False,6.3,,6.7,,6.1,6.5,C+,2.5,True,2.25,2.13,Pass
8497,1352128,HK142_CO2039_L01,CO2039,-16,False,8.1,,7.3,,7.0,7.4,B,3.0,True,3.39,3.31,Pass
8498,1372310,HK142_CO2039_L01,CO2039,-16,False,6.5,,6.5,,6.2,6.4,C+,2.5,True,1.56,1.7,Pass
8499,1301377,HK142_CO2039_L01,CO2039,-16,False,6.5,,5.5,,5.1,5.6,C,2.0,True,2.18,2.19,Pass
8500,1371581,HK142_CO2039_L01,CO2039,-16,False,6.5,,7.3,,7.8,7.2,B,3.0,True,2.76,2.64,Pass
8501,1332675,HK142_CO2039_L01,CO2039,-16,False,7.9,,7.1,,8.5,7.5,B,3.0,True,3.06,3.25,Pass
8502,1365705,HK142_CO2039_L01,CO2039,-16,False,6.8,,7.2,,7.5,7.2,B,3.0,True,3.06,3.29,Pass
8503,1322880,HK142_CO2039_L01,CO2039,-16,False,6.1,,6.8,,5.3,6.4,C+,2.5,True,1.97,1.94,Pass
8504,1330762,HK142_CO2039_L01,CO2039,-16,False,7.2,,7.0,,6.5,6.9,C+,2.5,True,3.06,3.1,Pass
8505,1334862,HK142_CO2039_L01,CO2039,-16,False,7.6,,8.6,,7.5,8.2,B+,3.5,True,3.31,3.11,Pass
8506,1361923,HK142_CO2039_L01,CO2039,-16,False,8.2,,7.9,,6.8,7.7,B,3.0,True,3.47,3.3,Pass
8507,1368073,HK142_CO2039_L01,CO2039,-16,False,6.8,,6.9,,6.1,6.7,C+,2.5,True,2.47,2.47,Pass
8508,1366752,HK142_CO2039_L01,CO2039,-16,False,6.7,,7.6,,6.0,7.1,B,3.0,True,2.71,2.36,Pass
8509,1321559,HK142_CO2039_L01,CO2039,-16,False,7.1,,6.1,,7.0,6.5,C+,2.5,True,2.62,2.53,Pass
8510,1329304,HK142_CO2039_L01,CO2039,-16,False,7.5,,8.6,,7.0,8.1,B+,3.5,True,3.17,3.22,Pass
8511,1349212,HK142_CO2039_L01,CO2039,-16,False,6.2,,6.8,,5.4,6.4,C+,2.5,True,2.44,2.32,Pass
8512,1311764,HK142_CO2039_L01,CO2039,-16,False,5.5,,5.0,,5.3,5.2,D+,1.5,True,1.74,1.6,Pass
8513,1368210,HK142_CO2039_L01,CO2039,-16,False,9.7,,9.4,,10.0,9.6,A+,4.0,True,3.92,3.98,Pass
8514,1396866,HK142_CO2039_L01,CO2039,-16,False,9.1,,9.3,,8.3,9.1,A,4.0,True,4.0,3.66,Pass
8515,1336320,HK142_CO2039_L01,CO2039,-16,False,7.5,,6.4,,7.2,6.8,C+,2.5,True,2.47,2.3,Pass
8516,1317048,HK142_CO2039_L01,CO2039,-16,False,6.6,,5.5,,9.0,6.4,C+,2.5,True,2.32,2.25,Pass
8517,1368484,HK142_CO2039_L01,CO2039,-16,False,5.2,,6.4,,3.8,5.6,C,2.0,True,1.76,1.67,Pass
8518,1326843,HK142_CO2039_L01,CO2039,-16,False,7.2,,6.8,,6.7,6.9,C+,2.5,True,2.18,2.14,Pass
8519,1319235,HK142_CO2039_L01,CO2039,-16,False,9.9,,9.0,,10.0,9.4,A,4.0,True,3.83,3.83,Pass
8520,1348165,HK142_CO2039_L01,CO2039,-16,False,5.3,,6.4,,5.7,6.0,C,2.0,True,1.76,1.74,Pass
8521,1364110,HK142_CO2039_L01,CO2039,-16,False,7.9,,9.1,,7.2,8.5,A,4.0,True,3.39,3.28,Pass
8522,1398461,HK142_CO2039_L01,CO2039,-16,False,7.1,,8.4,,7.1,7.9,B,3.0,True,3.31,3.38,Pass
8523,1376092,HK142_CO2039_L01,CO2039,-16,False,6.5,,6.2,,7.5,6.5,C+,2.5,True,2.41,2.57,Pass
8524,1319964,HK142_CO2039_L01,CO2039,-16,False,6.3,,7.5,,7.2,7.2,B,3.0,True,3.11,3.05,Pass
8525,1375818,HK142_CO2039_L01,CO2039,-16,False,10.0,,8.1,,7.8,8.4,B+,3.5,True,2.58,2.95,Pass
8526,1372584,HK142_CO2039_L01,CO2039,-16,False,8.2,,8.8,,7.5,8.4,B+,3.5,True,3.08,3.01,Pass
8527,1367755,HK142_CO2039_L01,CO2039,-16,False,6.6,,5.5,,6.6,5.9,C,2.0,True,2.78,2.66,Pass
8528,1364976,HK142_CO2039_L01,CO2039,-16,False,8.2,,7.4,,6.9,7.5,B,3.0,True,3.35,3.2,Pass
8529,1303882,HK142_CO2039_L01,CO2039,-16,False,8.6,,7.7,,6.0,7.5,B,3.0,True,3.32,3.38,Pass
8530,1381513,HK142_CO2039_L01,CO2039,-16,False,7.4,,6.9,,5.6,6.7,C+,2.5,True,3.31,3.25,Pass
8531,1336775,HK142_CO2039_L01,CO2039,-16,False,6.9,,6.7,,5.4,6.5,C+,2.5,True,2.44,2.34,Pass
8532,1366160,HK142_CO2039_L01,CO2039,-16,False,6.7,,7.1,,5.6,6.7,C+,2.5,True,2.35,2.21,Pass
8533,1386342,HK142_CO2039_L01,CO2039,-16,False,7.0,,7.6,,7.3,7.4,B,3.0,True,3.0,3.33,Pass
8534,1335317,HK142_CO2039_L01,CO2039,-16,False,6.0,,6.5,,6.8,6.5,C+,2.5,True,2.35,2.2,Pass
8535,1342607,HK142_CO2039_L01,CO2039,-16,False,4.9,,6.1,,5.9,5.8,C,2.0,True,1.71,1.6,Pass
8536,1326114,HK142_CO2039_L01,CO2039,-16,False,6.5,,5.9,,5.9,6.0,C,2.0,True,2.47,2.39,Pass
8537,1313814,HK142_CO2039_L01,CO2039,-16,False,6.9,,6.5,,8.7,7.0,B,3.0,True,3.15,3.1,Pass
8538,1320830,HK142_CO2039_L01,CO2039,-16,False,7.9,,7.7,,8.0,7.8,B,3.0,True,3.22,3.35,Pass
8539,1357960,HK142_CO2039_L01,CO2039,-16,False,5.5,,6.0,,5.1,5.7,C,2.0,True,1.39,1.59,Pass
8540,1324201,HK142_CO2039_L01,CO2039,-16,False,6.5,,6.7,,5.5,6.4,C+,2.5,True,2.65,2.51,Pass
8541,1363973,HK142_CO2039_L01,CO2039,-16,False,6.2,,5.9,,4.3,5.6,C,2.0,True,1.79,1.62,Pass
8542,1394224,HK142_CO2039_L01,CO2039,-16,False,6.7,,6.3,,5.4,6.2,C,2.0,True,2.28,2.1,Pass
8543,1356228,HK142_CO2039_L01,CO2039,-16,False,7.5,,6.9,,6.3,6.9,C+,2.5,True,2.53,2.45,Pass
8544,1383563,HK142_CO2039_L01,CO2039,-16,False,6.8,,8.3,,7.0,7.7,B,3.0,True,2.88,2.7,Pass
8545,1382971,HK142_CO2039_L01,CO2039,-16,False,4.7,,6.9,,6.8,6.4,C+,2.5,True,2.82,2.63,Pass
8546,1393632,HK142_CO2039_L01,CO2039,-16,False,5.9,,6.4,,7.1,6.4,C+,2.5,True,2.74,2.72,Pass
8547,1364839,HK142_CO2039_L01,CO2039,-16,False,6.3,,5.4,,6.4,5.8,C,2.0,True,2.15,2.09,Pass
8548,1315864,HK142_CO2039_L01,CO2039,-16,False,5.5,,8.9,,6.4,7.7,B,3.0,True,2.59,2.23,Pass
8549,1363381,HK142_CO2039_L01,CO2039,-16,False,8.2,,6.8,,7.7,7.3,B,3.0,True,2.92,3.06,Pass
8550,1318506,HK142_CO2039_L01,CO2039,-16,False,6.5,,6.0,,5.8,6.1,C,2.0,True,2.06,1.95,Pass
8551,1329759,HK142_CO2039_L01,CO2039,-16,False,7.1,,6.1,,6.8,6.4,C+,2.5,True,2.88,2.61,Pass
8552,1337367,HK142_CO2039_L02,CO2039,-16,False,5.2,,4.6,,4.9,4.8,D,1.0,True,1.38,1.52,Pass
8553,1394816,HK142_CO2039_L02,CO2039,-16,False,5.6,,5.5,,8.9,6.2,C,2.0,True,2.21,2.3,Pass
8554,1394953,HK142_CO2039_L02,CO2039,-16,False,5.9,,7.6,,6.8,7.1,B,3.0,True,2.56,2.33,Pass
8555,1375226,HK142_CO2039_L02,CO2039,-16,False,6.0,,6.6,,6.3,6.4,C+,2.5,True,2.71,2.63,Pass
8556,1382105,HK142_CO2039_L02,CO2039,-16,False,7.8,,7.6,,6.0,7.3,B,3.0,True,3.11,3.06,Pass
8557,1337778,HK142_CO2039_L02,CO2039,-16,False,5.4,,5.3,,7.1,5.7,C,2.0,True,2.06,1.81,Pass
8558,1387208,HK142_CO2039_L02,CO2039,-16,False,8.8,,6.4,,7.7,7.1,B,3.0,True,2.94,3.15,Pass
8559,1317322,HK142_CO2039_L02,CO2039,-16,False,6.7,,7.4,,5.9,7.0,B,3.0,True,2.56,2.48,Pass
8560,1381058,HK142_CO2039_L02,CO2039,-16,False,7.0,,7.7,,8.0,7.6,B,3.0,True,3.11,3.16,Pass
8561,1343654,HK142_CO2039_L02,CO2039,-16,False,6.6,,7.5,,7.9,7.4,B,3.0,True,2.28,2.19,Pass
8562,1379326,HK142_CO2039_L02,CO2039,-16,False,7.0,,6.9,,7.1,7.0,B,3.0,True,3.21,3.33,Pass
8563,1313540,HK142_CO2039_L02,CO2039,-16,False,5.0,,5.5,,6.3,5.6,C,2.0,True,1.79,1.73,Pass
8564,1384155,HK142_CO2039_L02,CO2039,-16,False,6.2,,6.2,,6.2,6.2,C,2.0,True,1.78,1.7,Pass
8565,1388666,HK142_CO2039_L02,CO2039,-16,False,7.0,,8.0,,7.3,7.7,B,3.0,True,3.17,3.13,Pass
8566,1362652,HK142_CO2039_L02,CO2039,-16,False,3.8,,6.2,,5.6,5.6,C,2.0,True,1.78,1.56,Pass
8567,1388803,HK142_CO2039_L02,CO2039,-16,False,6.7,,6.6,,5.8,6.5,C+,2.5,True,2.41,2.3,Pass
8568,1304611,HK142_CO2039_L02,CO2039,-16,False,9.4,,8.3,,8.8,8.6,A,4.0,True,4.0,3.98,Pass
8569,1332538,HK142_CO2039_L02,CO2039,-16,False,9.1,,6.9,,8.6,7.7,B,3.0,True,3.47,3.43,Pass
8570,1301832,HK142_CO2039_L02,CO2039,-16,False,4.9,,4.3,,5.4,4.6,D,1.0,True,1.47,1.34,Pass
8571,1390579,HK142_CO2039_L02,CO2039,-16,False,8.5,,9.1,,6.6,8.5,A,4.0,True,3.03,2.64,Pass
8572,1356639,HK142_CO2039_L02,CO2039,-16,False,6.7,,6.3,,5.0,6.1,C,2.0,True,2.32,2.1,Pass
8573,1316730,HK142_CO2039_L02,CO2039,-16,False,9.2,,8.1,,9.7,8.6,A,4.0,True,4.0,3.92,Pass
8574,1313677,HK142_CO2039_L02,CO2039,-16,False,7.0,,7.5,,10.0,7.9,B,3.0,True,3.06,3.16,Pass
8575,1331354,HK142_CO2039_L02,CO2039,-16,False,5.8,,7.0,,5.8,6.5,C+,2.5,True,2.56,2.39,Pass
8576,1385887,HK142_CO2039_L02,CO2039,-16,False,7.0,,6.8,,9.3,7.3,B,3.0,True,3.36,3.4,Pass
8577,1371263,HK142_CO2039_L02,CO2039,-16,False,5.4,,5.5,,6.2,5.6,C,2.0,True,1.82,1.59,Pass
8578,1333267,HK142_CO2039_L02,CO2039,-16,False,5.6,,5.3,,5.8,5.5,C,2.0,True,1.72,1.42,Pass
8579,1359144,HK142_CO2039_L02,CO2039,-16,False,9.2,,9.5,,8.1,9.2,A,4.0,True,4.0,4.0,Pass
8580,1392174,HK142_CO2039_L02,CO2039,-16,False,7.3,,9.4,,10.0,9.1,A,4.0,True,4.0,3.89,Pass
8581,1327572,HK142_CO2039_L02,CO2039,-16,False,7.3,,7.0,,8.5,7.4,B,3.0,True,3.03,3.02,Pass
8582,1375363,HK142_CO2039_L02,CO2039,-16,False,6.9,,7.2,,5.8,6.9,C+,2.5,True,2.32,2.33,Pass
8583,1366023,HK142_CO2039_L02,CO2039,-16,False,6.6,,9.2,,5.9,8.0,B+,3.5,True,2.94,2.76,Pass
8584,1362789,HK142_CO2039_L02,CO2039,-16,False,7.6,,6.9,,8.8,7.4,B,3.0,True,3.28,3.34,Pass
8585,1340283,HK142_CO2039_L02,CO2039,-16,False,7.1,,6.8,,7.4,7.0,B,3.0,True,2.5,2.37,Pass
8586,1307982,HK142_CO2039_L02,CO2039,-16,False,8.7,,6.6,,7.6,7.2,B,3.0,True,2.89,2.93,Pass
8587,1313085,HK142_CO2039_L02,CO2039,-16,False,6.6,,5.7,,6.0,5.9,C,2.0,True,2.41,2.3,Pass
8588,1337504,HK142_CO2039_L02,CO2039,-16,False,6.7,,6.5,,4.4,6.1,C,2.0,True,2.03,1.94,Pass
8589,1342470,HK142_CO2039_L02,CO2039,-16,False,8.1,,8.0,,7.8,8.0,B+,3.5,True,3.53,3.32,Pass
8590,1352857,HK142_CO2039_L02,CO2039,-16,False,9.6,,9.1,,9.4,9.3,A,4.0,True,4.0,3.99,Pass
8591,1358689,HK142_CO2039_L02,CO2039,-16,False,7.1,,7.5,,7.0,7.3,B,3.0,True,2.76,2.55,Pass
8592,1353586,HK142_CO2039_L02,CO2039,-16,False,6.9,,5.1,,7.0,5.8,C,2.0,True,2.21,2.12,Pass
8593,1347891,HK142_CO2039_L02,CO2039,-16,False,6.4,,5.3,,5.9,5.6,C,2.0,True,2.09,1.97,Pass
8594,1389121,HK142_CO2039_L02,CO2039,-16,False,6.2,,7.2,,7.3,7.0,B,3.0,True,3.24,3.23,Pass
8595,1343062,HK142_CO2039_L02,CO2039,-16,False,5.9,,6.7,,6.9,6.6,C+,2.5,True,2.15,2.27,Pass
8596,1336046,HK142_CO2039_L02,CO2039,-16,False,8.9,,8.3,,8.5,8.5,A,4.0,True,3.73,3.78,Pass
8597,1391900,HK142_CO2039_L02,CO2039,-16,False,5.9,,6.4,,6.2,6.3,C,2.0,True,2.09,1.93,Pass
8598,1376229,HK142_CO2039_L02,CO2039,-16,False,7.3,,6.6,,7.2,6.9,C+,2.5,True,2.91,3.3,Pass
8599,1389258,HK142_CO2039_L02,CO2039,-16,False,9.1,,9.3,,8.8,9.2,A,4.0,True,4.0,4.0,Pass
8600,1373039,HK142_CO2039_L02,CO2039,-16,False,6.4,,5.9,,6.8,6.2,C,2.0,True,2.59,2.71,Pass
8601,1381650,HK142_CO2039_L02,CO2039,-16,False,5.5,,5.3,,6.3,5.5,C,2.0,True,2.18,2.19,Pass
8602,1338096,HK142_CO2039_L02,CO2039,-16,False,7.0,,5.9,,6.4,6.2,C,2.0,True,2.21,2.47,Pass
8603,1322014,HK142_CO2039_L02,CO2039,-16,False,5.8,,7.3,,7.3,7.0,B,3.0,True,2.44,2.52,Pass
8604,1378142,HK142_CO2039_L02,CO2039,-16,False,8.2,,7.4,,7.7,7.6,B,3.0,True,3.06,3.13,Pass
8605,1354907,HK142_CO2039_L02,CO2039,-16,False,8.6,,9.7,,8.2,9.2,A,4.0,True,3.73,3.74,Pass
8606,1394679,HK142_CO2039_L02,CO2039,-16,False,7.7,,5.4,,8.1,6.4,C+,2.5,True,2.15,1.86,Pass
8607,1314269,HK142_CO2039_L02,CO2039,-16,False,9.2,,8.8,,10.0,9.1,A,4.0,True,3.92,3.84,Pass
8608,1334725,HK142_CO2039_L02,CO2039,-16,False,8.2,,8.6,,9.1,8.6,A,4.0,True,3.92,3.97,Pass
8609,1343336,HK142_CO2039_L02,CO2039,-16,False,7.8,,6.1,,7.0,6.6,C+,2.5,True,2.44,2.41,Pass
8610,1348620,HK142_CO2039_L02,CO2039,-16,False,8.4,,9.5,,8.8,9.1,A,4.0,True,3.89,3.93,Pass
8611,1306206,HK142_CO2039_L02,CO2039,-16,False,5.2,,7.0,,5.9,6.4,C+,2.5,True,2.21,2.08,Pass
8612,1331080,HK142_CO2039_L02,CO2039,-16,False,7.0,,7.7,,8.4,7.7,B,3.0,True,3.28,3.32,Pass
8613,1395408,HK142_CO2039_L02,CO2039,-16,False,5.6,,6.1,,5.5,5.9,C,2.0,True,2.26,2.14,Pass
8614,1370260,HK142_CO2039_L02,CO2039,-16,False,5.5,,5.8,,5.8,5.7,C,2.0,True,1.91,2.08,Pass
8615,1306069,HK142_CO2039_L02,CO2039,-16,False,8.7,,8.8,,8.5,8.7,A,4.0,True,3.59,3.45,Pass
8616,1373176,HK142_CO2039_L02,CO2039,-16,False,6.7,,5.9,,6.1,6.1,C,2.0,True,1.94,1.93,Pass
8617,1370989,HK142_CO2039_L02,CO2039,-16,False,5.8,,7.4,,7.9,7.2,B,3.0,True,2.5,2.43,Pass
8618,1358415,HK142_CO2039_L02,CO2039,-16,False,7.4,,7.5,,6.1,7.2,B,3.0,True,3.08,2.98,Pass
8619,1335454,HK142_CO2039_L02,CO2039,-16,False,8.4,,8.0,,8.9,8.3,B+,3.5,True,3.44,3.3,Pass
8620,1327254,HK142_CO2039_L02,CO2039,-16,False,5.7,,6.2,,6.6,6.2,C,2.0,True,2.41,2.2,Pass
8621,1348757,HK142_CO2039_L02,CO2039,-16,False,6.0,,4.6,,6.6,5.3,D+,1.5,True,1.71,1.58,Pass
8622,1302561,HK142_CO2039_L02,CO2039,-16,False,8.9,,7.5,,8.5,8.0,B+,3.5,True,3.31,3.33,Pass
8623,1321422,HK142_CO2039_L02,CO2039,-16,False,8.3,,8.5,,7.7,8.3,B+,3.5,True,3.17,3.11,Pass
8624,1392766,HK142_CO2039_L02,CO2039,-16,False,6.7,,7.5,,6.9,7.2,B,3.0,True,2.62,2.62,Pass
8625,1320556,HK142_CO2039_L02,CO2039,-16,False,4.9,,7.1,,6.3,6.5,C+,2.5,True,2.36,2.21,Pass
8626,1339099,HK142_CO2039_L02,CO2039,-16,False,7.0,,8.1,,7.4,7.7,B,3.0,True,3.08,3.03,Pass
8627,1396274,HK142_CO2039_L02,CO2039,-16,False,5.3,,7.4,,6.5,6.8,C+,2.5,True,2.35,2.33,Pass
8628,1376684,HK142_CO2039_L02,CO2039,-16,False,8.2,,6.5,,6.1,6.8,C+,2.5,True,2.59,2.33,Pass
8629,1387071,HK142_CO2039_L02,CO2039,-16,False,8.3,,7.1,,7.4,7.4,B,3.0,True,3.28,3.45,Pass
8630,1350944,HK142_CO2039_L02,CO2039,-16,False,7.5,,7.2,,8.1,7.4,B,3.0,True,3.24,3.25,Pass
8631,1390716,HK142_CO2039_L02,CO2039,-16,False,4.5,,6.5,,4.9,5.8,C,2.0,True,1.85,1.75,Pass
8632,1317459,HK142_CO2039_L02,CO2039,-16,False,7.7,,8.7,,7.5,8.3,B+,3.5,True,3.06,3.21,Pass
8633,1328301,HK142_CO2039_L02,CO2039,-16,False,5.3,,5.1,,5.4,5.2,D+,1.5,True,1.09,1.63,Pass
8634,1300648,HK142_CO2039_L02,CO2039,-16,False,7.1,,8.6,,7.9,8.2,B+,3.5,True,2.81,2.82,Pass
8635,1373768,HK142_CO2039_L02,CO2039,-16,False,7.9,,8.2,,7.9,8.1,B+,3.5,True,3.5,3.47,Pass
8636,1304474,HK142_CO2039_L02,CO2039,-16,False,5.9,,5.4,,5.7,5.6,C,2.0,True,1.88,1.77,Pass
8637,1370397,HK142_CO2039_L02,CO2039,-16,False,9.8,,6.3,,7.6,7.3,B,3.0,True,2.97,2.96,Pass
8638,1324064,HK142_CO2039_L02,CO2039,-16,False,6.2,,6.2,,6.7,6.3,C,2.0,True,2.59,2.45,Pass
8639,1349486,HK142_CO2039_L02,CO2039,-16,False,9.9,,9.0,,7.3,8.8,A,4.0,True,3.53,3.5,Pass
8640,1311901,HK142_CO2039_L02,CO2039,-16,False,6.7,,6.6,,6.9,6.7,C+,2.5,True,2.41,2.39,Pass
8641,1310169,HK142_CO2039_L02,CO2039,-16,False,7.3,,7.1,,5.5,6.8,C+,2.5,True,2.71,2.78,Pass
8642,1300374,HK142_CO2039_L02,CO2039,-16,False,5.6,,6.6,,5.2,6.1,C,2.0,True,1.88,1.81,Pass
8643,1312356,HK142_CO2039_L02,CO2039,-16,False,6.3,,6.8,,7.8,6.9,C+,2.5,True,2.82,2.78,Pass
8644,1389987,HK142_CO2039_L02,CO2039,-16,False,9.9,,8.9,,9.6,9.2,A,4.0,True,4.0,3.99,Pass
8645,1327983,HK142_CO2039_L02,CO2039,-16,False,7.4,,7.7,,7.4,7.6,B,3.0,True,3.03,3.17,Pass
8646,1384292,HK142_CO2039_L02,CO2039,-16,False,5.6,,7.3,,7.1,6.9,C+,2.5,True,2.5,2.45,Pass
8647,1364702,HK142_CO2039_L02,CO2039,-16,False,5.5,,6.7,,4.9,6.1,C,2.0,True,1.94,1.88,Pass
8648,1307527,HK142_CO2039_L02,CO2039,-16,False,8.4,,7.4,,9.1,7.9,B,3.0,True,3.38,3.44,Pass
8649,1362060,HK142_CO2039_L02,CO2039,-16,False,8.2,,8.0,,8.3,8.1,B+,3.5,True,3.72,3.7,Pass
8650,1379008,HK142_CO2039_L02,CO2039,-16,False,7.3,,7.1,,5.9,6.9,C+,2.5,True,2.74,2.73,Pass
8651,1342333,HK142_CO2039_L02,CO2039,-16,False,6.8,,7.9,,6.5,7.4,B,3.0,True,2.5,2.3,Pass
8652,1369076,HK142_CO2039_L02,CO2039,-16,False,7.6,,4.3,,4.9,5.1,D+,1.5,True,1.5,1.69,Pass
8653,1327117,HK142_CO2039_L02,CO2039,-16,False,6.2,,7.8,,6.4,7.2,B,3.0,True,3.0,2.88,Pass
8654,1386479,HK142_CO2039_L02,CO2039,-16,False,6.2,,7.9,,6.1,7.2,B,3.0,True,2.47,2.4,Pass
8655,1310898,HK142_CO2039_L02,CO2039,-16,False,6.2,,7.5,,7.6,7.3,B,3.0,True,2.59,2.46,Pass
8656,1397458,HK142_CO2039_L02,CO2039,-16,False,6.3,,6.3,,5.3,6.1,C,2.0,True,2.38,2.3,Pass
8657,1368939,HK142_CO2039_L02,CO2039,-16,False,7.2,,6.0,,6.1,6.3,C,2.0,True,2.29,2.24,Pass
8658,1393358,HK142_CO2039_L02,CO2039,-16,False,6.7,,6.2,,6.5,6.4,C+,2.5,True,2.28,2.36,Pass
8659,1352265,HK142_CO2039_L02,CO2039,-16,False,7.2,,7.5,,6.8,7.3,B,3.0,True,2.94,3.16,Pass
8660,1380055,HK142_CO2039_L02,CO2039,-16,False,7.7,,7.0,,7.8,7.3,B,3.0,True,2.41,2.39,Pass
8661,1300511,HK142_CO2039_L02,CO2039,-16,False,6.8,,8.6,,8.2,8.2,B+,3.5,True,3.53,3.35,Pass
8662,1361468,HK142_CO2039_L02,CO2039,-16,False,4.6,,7.9,,4.3,6.5,C+,2.5,True,1.74,1.59,Pass
8663,1388529,HK142_CO2039_L02,CO2039,-16,False,6.0,,7.0,,6.7,6.7,C+,2.5,True,2.32,2.45,Pass
8664,1353860,HK142_CO2039_L02,CO2039,-16,False,5.9,,6.2,,7.7,6.4,C+,2.5,True,2.32,2.22,Pass
8665,1300237,HK142_CO2039_L02,CO2039,-16,False,8.3,,7.9,,7.6,7.9,B,3.0,True,3.0,3.34,Pass
8666,1343199,HK142_CO2039_L02,CO2039,-16,False,5.1,,6.1,,6.7,6.0,C,2.0,True,2.29,2.16,Pass
8667,1306661,HK142_CO2039_L02,CO2039,-16,False,9.1,,8.4,,8.5,8.6,A,4.0,True,3.44,3.34,Pass
8668,1324793,HK142_CO2039_L02,CO2039,-16,False,7.9,,9.5,,8.6,9.0,A,4.0,True,3.85,3.96,Pass
8669,1341878,HK142_CO2039_L02,CO2039,-16,False,6.0,,7.4,,8.0,7.2,B,3.0,True,2.82,2.77,Pass
8670,1373313,HK142_CO2039_L02,CO2039,-16,False,7.9,,7.9,,7.6,7.8,B,3.0,True,2.81,2.81,Pass
8671,1365431,HK142_CO2039_L02,CO2039,-16,False,7.4,,6.6,,6.7,6.8,C+,2.5,True,3.0,3.06,Pass
8672,1308256,HK142_CO2039_L03,CO2039,-16,False,7.7,,6.8,,6.5,6.9,C+,2.5,True,2.44,2.55,Pass
8673,1375089,HK142_CO2039_L03,CO2039,-16,False,6.5,,6.4,,5.4,6.2,C,2.0,True,2.31,2.25,Pass
8674,1397140,HK142_CO2039_L03,CO2039,-16,False,5.9,,4.9,,5.5,5.2,D+,1.5,True,1.62,1.65,Pass
8675,1353131,HK142_CO2039_L03,CO2039,-16,False,10.0,,8.7,,8.3,8.9,A,4.0,True,3.53,3.45,Pass
8676,1399782,HK142_CO2039_L03,CO2039,-16,False,8.5,,5.3,,7.7,6.4,C+,2.5,True,3.19,3.23,Pass
8677,1372721,HK142_CO2039_L03,CO2039,-16,False,7.8,,7.1,,7.9,7.4,B,3.0,True,3.31,3.09,Pass
8678,1339554,HK142_CO2039_L03,CO2039,-16,False,7.3,,7.8,,9.5,8.0,B+,3.5,True,3.28,3.4,Pass
8679,1308119,HK142_CO2039_L03,CO2039,-16,False,8.5,,7.7,,6.1,7.5,B,3.0,True,3.25,3.36,Pass
8680,1325659,HK142_CO2039_L03,CO2039,-16,False,8.1,,8.4,,7.6,8.2,B+,3.5,True,3.08,3.16,Pass
8681,1357823,HK142_CO2039_L03,CO2039,-16,False,5.9,,6.1,,6.4,6.1,C,2.0,True,1.94,2.05,Pass
8682,1334133,HK142_CO2039_L03,CO2039,-16,False,8.1,,8.7,,8.8,8.6,A,4.0,True,4.0,3.91,Pass
8683,1339417,HK142_CO2039_L03,CO2039,-16,False,7.5,,7.7,,7.4,7.6,B,3.0,True,2.72,2.57,Pass
8684,1315135,HK142_CO2039_L03,CO2039,-16,False,9.1,,9.0,,8.8,9.0,A,4.0,True,3.61,3.45,Pass
8685,1332812,HK142_CO2039_L03,CO2039,-16,False,5.3,,5.2,,4.3,5.0,D+,1.5,True,1.53,1.46,Pass
8686,1388074,HK142_CO2039_L03,CO2039,-16,False,6.5,,5.9,,6.4,6.1,C,2.0,True,2.32,2.4,Pass
8687,1374497,HK142_CO2039_L03,CO2039,-16,False,9.1,,8.3,,8.9,8.6,A,4.0,True,3.44,3.28,Pass
8688,1337049,HK142_CO2039_L03,CO2039,-16,False,7.7,,7.8,,7.7,7.8,B,3.0,True,3.31,3.09,Pass
8689,1310306,HK142_CO2039_L03,CO2039,-16,False,10.0,,8.4,,8.7,8.8,A,4.0,True,3.89,3.96,Pass
8690,1303427,HK142_CO2039_L03,CO2039,-16,False,7.9,,7.0,,7.6,7.3,B,3.0,True,2.65,2.57,Pass
8691,1330488,HK142_CO2039_L03,CO2039,-16,False,7.8,,7.6,,7.2,7.6,B,3.0,True,3.03,3.25,Pass
8692,1347162,HK142_CO2039_L03,CO2039,-16,False,6.0,,7.0,,6.3,6.7,C+,2.5,True,2.15,2.17,Pass
8693,1385750,HK142_CO2039_L03,CO2039,-16,False,6.6,,5.2,,7.6,6.0,C,2.0,True,2.59,2.42,Pass
8694,1303745,HK142_CO2039_L03,CO2039,-16,False,8.4,,9.7,,9.5,9.4,A,4.0,True,3.94,3.84,Pass
8695,1361331,HK142_CO2039_L03,CO2039,-16,False,8.8,,7.4,,6.3,7.5,B,3.0,True,3.29,3.35,Pass
8696,1378734,HK142_CO2039_L03,CO2039,-16,False,5.3,,5.2,,4.1,5.0,D+,1.5,True,0.91,1.13,Pass
8697,1376821,HK142_CO2039_L03,CO2039,-16,False,6.8,,5.8,,8.0,6.4,C+,2.5,True,2.88,2.57,Pass
8698,1378005,HK142_CO2039_L03,CO2039,-16,False,8.5,,7.4,,8.0,7.7,B,3.0,True,3.17,3.15,Pass
8699,1343791,HK142_CO2039_L03,CO2039,-16,False,6.1,,6.3,,5.8,6.2,C,2.0,True,2.32,2.32,Pass
8700,1377550,HK142_CO2039_L03,CO2039,-16,False,5.7,,5.8,,6.1,5.8,C,2.0,True,1.53,1.52,Pass
8701,1349623,HK142_CO2039_L03,CO2039,-16,False,5.5,,7.1,,6.8,6.7,C+,2.5,True,2.59,2.64,Pass
8702,1323746,HK142_CO2039_L03,CO2039,-16,False,7.3,,5.5,,5.2,5.8,C,2.0,True,2.47,2.48,Pass
8703,1328575,HK142_CO2039_L03,CO2039,-16,False,4.0,,6.8,,7.3,6.3,C,2.0,True,2.33,2.53,Pass
8704,1351673,HK142_CO2039_L03,CO2039,-16,False,6.6,,7.5,,6.0,7.0,B,3.0,True,2.53,2.46,Pass
8705,1312948,HK142_CO2039_L03,CO2039,-16,False,5.5,,6.7,,6.1,6.3,C,2.0,True,2.65,2.59,Pass
8706,1349349,HK142_CO2039_L03,CO2039,-16,False,5.2,,6.6,,4.4,5.9,C,2.0,True,1.88,1.77,Pass
8707,1311172,HK142_CO2039_L03,CO2039,-16,False,5.4,,4.6,,3.2,4.5,D,1.0,True,1.59,1.7,Pass
8708,1364247,HK142_CO2039_L03,CO2039,-16,False,5.8,,5.2,,5.8,5.4,D+,1.5,True,2.44,2.38,Pass
8709,1342196,HK142_CO2039_L03,CO2039,-16,False,5.7,,8.1,,6.3,7.3,B,3.0,True,3.35,3.2,Pass
8710,1347299,HK142_CO2039_L03,CO2039,-16,False,7.5,,6.3,,6.9,6.7,C+,2.5,True,2.58,2.54,Pass
8711,1317914,HK142_CO2039_L03,CO2039,-16,False,6.5,,6.3,,4.8,6.0,C,2.0,True,2.26,2.49,Pass
8712,1368347,HK142_CO2039_L03,CO2039,-16,False,7.6,,7.2,,6.2,7.1,B,3.0,True,2.44,2.28,Pass
8713,1330033,HK142_CO2039_L03,CO2039,-16,False,5.7,,6.5,,5.7,6.2,C,2.0,True,2.15,2.3,Pass
8714,1360465,HK142_CO2039_L03,CO2039,-16,False,6.0,,6.3,,5.8,6.1,C,2.0,True,2.68,2.52,Pass
8715,1393950,HK142_CO2039_L03,CO2039,-16,False,4.4,,5.8,,5.5,5.5,C,2.0,True,2.11,1.8,Pass
8716,1345386,HK142_CO2039_L03,CO2039,-16,False,7.3,,9.1,,8.7,8.7,A,4.0,True,2.94,2.93,Pass
8717,1304019,HK142_CO2039_L03,CO2039,-16,False,9.3,,9.4,,9.4,9.4,A,4.0,True,3.92,3.97,Pass
8718,1308848,HK142_CO2039_L03,CO2039,-16,False,7.7,,8.4,,7.0,8.0,B+,3.5,True,3.28,3.05,Pass
8719,1356957,HK142_CO2039_L03,CO2039,-16,False,3.8,,5.7,,6.0,5.4,D+,1.5,True,1.5,1.68,Pass
8720,1312219,HK142_CO2039_L03,CO2039,-16,False,9.0,,8.2,,9.6,8.6,A,4.0,True,3.85,3.94,Pass
8721,1338962,HK142_CO2039_L03,CO2039,-16,False,6.5,,6.6,,6.1,6.5,C+,2.5,True,2.71,2.49,Pass
8722,1387937,HK142_CO2039_L03,CO2039,-16,False,6.4,,7.6,,7.6,7.4,B,3.0,True,3.08,3.05,Pass
8723,1325796,HK142_CO2039_L03,CO2039,-16,False,7.9,,7.1,,7.9,7.4,B,3.0,True,3.18,3.23,Pass
8724,1349941,HK142_CO2039_L03,CO2039,-16,False,10.0,,9.8,,8.7,9.6,A+,4.0,True,4.0,3.97,Pass
8725,1334588,HK142_CO2039_L03,CO2039,-16,False,6.4,,6.0,,7.3,6.3,C,2.0,True,2.47,2.45,Pass
8726,1329167,HK142_CO2039_L03,CO2039,-16,False,8.8,,9.7,,9.2,9.4,A,4.0,True,3.85,3.91,Pass
8727,1363518,HK142_CO2039_L03,CO2039,-16,False,7.4,,7.2,,6.5,7.1,B,3.0,True,3.0,2.94,Pass
8728,1357231,HK142_CO2039_L03,CO2039,-16,False,5.4,,5.9,,7.1,6.0,C,2.0,True,2.44,2.33,Pass
8729,1331809,HK142_CO2039_L03,CO2039,-16,False,6.0,,6.3,,6.1,6.2,C,2.0,True,2.47,2.28,Pass
8730,1370534,HK142_CO2039_L03,CO2039,-16,False,5.9,,6.8,,6.8,6.6,C+,2.5,True,2.38,2.43,Pass
8731,1395090,HK142_CO2039_L03,CO2039,-16,False,5.6,,3.3,,6.4,4.4,D,1.0,True,1.47,1.59,Pass
8732,1301695,HK142_CO2039_L03,CO2039,-16,False,7.0,,8.2,,6.2,7.6,B,3.0,True,3.17,3.17,Pass
8733,1369942,HK142_CO2039_L03,CO2039,-16,False,5.6,,7.2,,5.5,6.5,C+,2.5,True,2.56,2.33,Pass
8734,1303290,HK142_CO2039_L03,CO2039,-16,False,9.0,,8.6,,7.8,8.5,A,4.0,True,3.19,3.26,Pass
8735,1399645,HK142_CO2039_L03,CO2039,-16,False,5.9,,6.4,,4.5,5.9,C,2.0,True,1.94,1.82,Pass
8736,1379463,HK142_CO2039_L03,CO2039,-16,False,8.3,,8.1,,7.2,8.0,B+,3.5,True,3.19,3.16,Pass
8737,1369668,HK142_CO2039_L03,CO2039,-16,False,7.2,,6.0,,6.1,6.3,C,2.0,True,2.09,2.33,Pass
8738,1308393,HK142_CO2039_L03,CO2039,-16,False,9.0,,9.1,,9.9,9.2,A,4.0,True,3.81,3.87,Pass
8739,1318643,HK142_CO2039_L03,CO2039,-16,False,7.4,,6.8,,6.8,6.9,C+,2.5,True,2.35,2.36,Pass
8740,1344065,HK142_CO2039_L03,CO2039,-16,False,9.7,,7.3,,8.5,8.0,B+,3.5,True,3.77,3.83,Pass
8741,1397595,HK142_CO2039_L03,CO2039,-16,False,5.6,,7.6,,6.9,7.1,B,3.0,True,2.38,2.27,Pass
8742,1316593,HK142_CO2039_L03,CO2039,-16,False,6.5,,5.5,,6.4,5.9,C,2.0,True,2.29,2.27,Pass
8743,1337641,HK142_CO2039_L03,CO2039,-16,False,8.6,,8.4,,8.4,8.4,B+,3.5,True,3.31,3.26,Pass
8744,1348028,HK142_CO2039_L03,CO2039,-16,False,5.5,,6.8,,6.4,6.5,C+,2.5,True,2.64,2.66,Pass
8745,1323609,HK142_CO2039_L03,CO2039,-16,False,7.6,,8.9,,8.4,8.5,A,4.0,True,3.75,3.93,Pass
8746,1399053,HK142_CO2039_L03,CO2039,-16,False,5.1,,6.2,,7.5,6.2,C,2.0,True,2.64,2.44,Pass
8747,1333541,HK142_CO2039_L03,CO2039,-16,False,6.4,,5.2,,6.8,5.8,C,2.0,True,2.32,2.37,Pass
8748,1351991,HK142_CO2039_L03,CO2039,-16,False,7.5,,6.7,,7.8,7.1,B,3.0,True,2.94,2.74,Pass
8749,1346570,HK142_CO2039_L03,CO2039,-16,False,5.7,,6.5,,5.7,6.2,C,2.0,True,2.06,1.73,Pass
8750,1320967,HK142_CO2039_L03,CO2039,-16,False,4.9,,5.4,,5.4,5.3,D+,1.5,True,1.14,1.45,Pass
8751,1393495,HK142_CO2039_L03,CO2039,-16,False,6.1,,7.2,,7.6,7.1,B,3.0,True,2.85,2.83,Pass
8752,1335591,HK142_CO2039_L03,CO2039,-16,False,5.9,,7.4,,6.5,6.9,C+,2.5,True,2.68,2.42,Pass
8753,1395682,HK142_CO2039_L03,CO2039,-16,False,5.8,,7.4,,6.2,6.8,C+,2.5,True,2.56,2.45,Pass
8754,1350215,HK142_CO2039_L03,CO2039,-16,False,5.9,,5.0,,6.2,5.4,D+,1.5,True,2.35,2.27,Pass
8755,1346115,HK142_CO2039_L03,CO2039,-16,False,7.6,,4.8,,6.0,5.6,C,2.0,True,2.24,2.32,Pass
8756,1353449,HK142_CO2039_L03,CO2039,-16,False,9.4,,8.8,,9.2,9.0,A,4.0,True,4.0,4.0,Pass
8757,1377276,HK142_CO2039_L03,CO2039,-16,False,6.3,,5.6,,5.1,5.6,C,2.0,True,2.12,2.05,Pass
8758,1369213,HK142_CO2039_L03,CO2039,-16,False,7.1,,8.8,,7.7,8.2,B+,3.5,True,3.36,3.53,Pass
8759,1339828,HK142_CO2039_L03,CO2039,-16,False,8.3,,8.8,,8.0,8.5,A,4.0,True,3.69,3.43,Pass
8760,1311490,HK142_CO2039_L03,CO2039,-16,False,9.1,,9.6,,9.0,9.4,A,4.0,True,3.78,3.9,Pass
8761,1340420,HK142_CO2039_L03,CO2039,-16,False,7.3,,6.3,,4.7,6.2,C,2.0,True,1.79,1.76,Pass
8762,1305203,HK142_CO2039_L03,CO2039,-16,False,6.4,,6.4,,7.0,6.5,C+,2.5,True,2.59,2.37,Pass
8763,1367618,HK142_CO2039_L03,CO2039,-16,False,5.8,,5.8,,6.9,6.0,C,2.0,True,2.41,2.6,Pass
8764,1316001,HK142_CO2039_L03,CO2039,-16,False,6.2,,7.7,,7.7,7.4,B,3.0,True,3.33,3.23,Pass
8765,1378597,HK142_CO2039_L03,CO2039,-16,False,5.5,,7.2,,5.9,6.6,C+,2.5,True,2.31,2.2,Pass
8766,1318188,HK142_CO2039_L03,CO2039,-16,False,6.2,,6.6,,6.4,6.5,C+,2.5,True,2.32,2.45,Pass
8767,1355044,HK142_CO2039_L03,CO2039,-16,False,9.0,,7.8,,7.6,8.0,B+,3.5,True,3.17,3.24,Pass
8768,1375500,HK142_CO2039_L03,CO2039,-16,False,6.6,,7.4,,7.2,7.2,B,3.0,True,2.76,2.7,Pass
8769,1309440,HK142_CO2039_L03,CO2039,-16,False,6.4,,6.9,,6.7,6.8,C+,2.5,True,2.44,2.35,Pass
8770,1338370,HK142_CO2039_L03,CO2039,-16,False,8.6,,10.0,,8.5,9.4,A,4.0,True,3.85,3.83,Pass
8771,1391582,HK142_CO2039_L03,CO2039,-16,False,5.9,,6.8,,4.4,6.1,C,2.0,True,2.41,2.44,Pass
8772,1394087,HK142_CO2039_L03,CO2039,-16,False,6.0,,7.8,,6.3,7.1,B,3.0,True,2.82,2.64,Pass
8773,1357094,HK142_CO2039_L03,CO2039,-16,False,8.2,,10.0,,7.6,9.2,A,4.0,True,3.5,3.43,Pass
8774,1343928,HK142_CO2039_L03,CO2039,-16,False,8.4,,9.5,,10.0,9.4,A,4.0,True,3.85,3.96,Pass
8775,1389395,HK142_CO2039_L03,CO2039,-16,False,4.3,,5.8,,7.1,5.8,C,2.0,True,2.05,1.85,Pass
8776,1346433,HK142_CO2039_L03,CO2039,-16,False,7.4,,9.1,,7.7,8.5,A,4.0,True,3.67,3.47,Pass
8777,1355773,HK142_CO2039_L03,CO2039,-16,False,6.8,,6.2,,4.9,6.1,C,2.0,True,2.0,1.95,Pass
8778,1358278,HK142_CO2039_L03,CO2039,-16,False,5.7,,6.4,,7.0,6.4,C+,2.5,True,2.41,2.45,Pass
8779,1317185,HK142_CO2039_L03,CO2039,-16,False,7.5,,6.3,,6.1,6.5,C+,2.5,True,2.35,2.42,Pass
8780,1384566,HK142_CO2039_L03,CO2039,-16,False,8.8,,7.3,,8.1,7.8,B,3.0,True,3.26,3.31,Pass
8781,1395819,HK142_CO2039_L03,CO2039,-16,False,7.2,,6.0,,6.4,6.3,C,2.0,True,2.38,2.45,Pass
8782,1318051,HK142_CO2039_L03,CO2039,-16,False,8.2,,8.3,,7.4,8.1,B+,3.5,True,3.24,3.12,Pass
8783,1306935,HK142_CO2039_L03,CO2039,-16,False,7.2,,6.7,,6.2,6.7,C+,2.5,True,2.26,2.23,Pass
8784,1373905,HK142_CO2039_L03,CO2039,-16,False,6.4,,6.7,,8.4,7.0,B,3.0,True,2.21,2.36,Pass
8785,1302698,HK142_CO2039_L03,CO2039,-16,False,6.5,,8.9,,6.7,8.0,B+,3.5,True,3.39,3.25,Pass
8786,1362197,HK142_CO2039_L03,CO2039,-16,False,7.9,,8.3,,7.9,8.1,B+,3.5,True,3.08,3.07,Pass
8787,1354315,HK142_CO2039_L03,CO2039,-16,False,6.1,,7.5,,5.2,6.8,C+,2.5,True,2.53,2.41,Pass
8788,1305932,HK142_CO2039_L03,CO2039,-16,False,8.4,,9.0,,8.4,8.8,A,4.0,True,3.18,3.2,Pass
8789,1341012,HK142_CO2039_L03,CO2039,-16,False,5.3,,5.0,,7.9,5.6,C,2.0,True,1.63,1.64,Pass
8790,1347436,HK142_CO2039_L03,CO2039,-16,False,5.9,,7.2,,7.2,6.9,C+,2.5,True,2.71,2.52,Pass
8791,1301240,HK142_CO2039_L03,CO2039,-16,False,7.7,,8.1,,7.9,8.0,B+,3.5,True,2.81,3.01,Pass
8792,1356502,HK142_CO2039_L04,CO2039,-16,False,6.4,,6.3,,7.0,6.5,C+,2.5,True,2.35,2.28,Pass
8793,1399190,HK142_CO2039_L04,CO2039,-16,False,6.2,,6.7,,6.7,6.6,C+,2.5,True,2.47,2.48,Pass
8794,1350670,HK142_CO2039_L04,CO2039,-16,False,7.6,,7.4,,6.9,7.3,B,3.0,True,2.53,2.52,Pass
8795,1350078,HK142_CO2039_L04,CO2039,-16,False,5.7,,5.2,,5.1,5.3,D+,1.5,True,1.82,1.92,Pass
8796,1342925,HK142_CO2039_L04,CO2039,-16,False,6.5,,6.0,,4.7,5.8,C,2.0,True,2.0,2.06,Pass
8797,1366297,HK142_CO2039_L04,CO2039,-16,False,5.8,,7.0,,6.8,6.7,C+,2.5,True,2.26,2.19,Pass
8798,1390853,HK142_CO2039_L04,CO2039,-16,False,8.5,,7.6,,6.7,7.6,B,3.0,True,3.0,3.24,Pass
8799,1346844,HK142_CO2039_L04,CO2039,-16,False,7.0,,7.2,,7.5,7.2,B,3.0,True,2.91,2.78,Pass
8800,1305477,HK142_CO2039_L04,CO2039,-16,False,6.3,,6.7,,6.1,6.5,C+,2.5,True,2.62,2.77,Pass
8801,1390124,HK142_CO2039_L04,CO2039,-16,False,7.7,,7.0,,7.0,7.1,B,3.0,True,3.47,3.38,Pass
8802,1384884,HK142_CO2039_L04,CO2039,-16,False,7.3,,8.6,,7.6,8.1,B+,3.5,True,3.31,3.2,Pass
8803,1367481,HK142_CO2039_L04,CO2039,-16,False,7.5,,7.6,,7.8,7.6,B,3.0,True,2.92,3.1,Pass
8804,1324475,HK142_CO2039_L04,CO2039,-16,False,5.8,,6.3,,7.0,6.3,C,2.0,True,2.32,2.31,Pass
8805,1341604,HK142_CO2039_L04,CO2039,-16,False,8.9,,7.9,,7.6,8.0,B+,3.5,True,3.19,3.06,Pass
8806,1387345,HK142_CO2039_L04,CO2039,-16,False,7.2,,7.1,,6.8,7.1,B,3.0,True,3.0,3.11,Pass
8807,1398916,HK142_CO2039_L04,CO2039,-16,False,7.6,,8.4,,8.4,8.2,B+,3.5,True,3.42,3.3,Pass
8808,1394361,HK142_CO2039_L04,CO2039,-16,False,8.6,,8.6,,9.0,8.7,A,4.0,True,3.33,3.34,Pass
8809,1385021,HK142_CO2039_L04,CO2039,-16,False,7.0,,6.2,,7.0,6.5,C+,2.5,True,2.26,2.34,Pass
8810,1365294,HK142_CO2039_L04,CO2039,-16,False,10.0,,8.9,,9.9,9.3,A,4.0,True,4.0,4.0,Pass
8811,1389850,HK142_CO2039_L04,CO2039,-16,False,5.1,,5.8,,6.5,5.8,C,2.0,True,1.82,1.64,Pass
8812,1319827,HK142_CO2039_L04,CO2039,-16,False,7.2,,7.3,,4.1,6.6,C+,2.5,True,2.12,2.34,Pass
8813,1352994,HK142_CO2039_L04,CO2039,-16,False,5.7,,6.9,,5.3,6.3,C,2.0,True,2.06,2.19,Pass
8814,1314680,HK142_CO2039_L04,CO2039,-16,False,7.9,,7.6,,7.1,7.6,B,3.0,True,3.0,3.08,Pass
8815,1331946,HK142_CO2039_L04,CO2039,-16,False,8.2,,7.1,,7.5,7.4,B,3.0,True,3.14,3.3,Pass
8816,1371126,HK142_CO2039_L04,CO2039,-16,False,6.3,,5.9,,5.8,6.0,C,2.0,True,2.17,2.0,Pass
8817,1375955,HK142_CO2039_L04,CO2039,-16,False,6.9,,6.3,,7.4,6.6,C+,2.5,True,2.32,2.28,Pass
8818,1312493,HK142_CO2039_L04,CO2039,-16,False,6.3,,6.8,,8.1,7.0,B,3.0,True,3.5,3.26,Pass
8819,1323017,HK142_CO2039_L04,CO2039,-16,False,6.4,,6.9,,6.8,6.8,C+,2.5,True,2.5,2.42,Pass
8820,1377413,HK142_CO2039_L04,CO2039,-16,False,4.9,,5.0,,6.9,5.4,D+,1.5,True,1.78,1.53,Pass
8821,1363244,HK142_CO2039_L04,CO2039,-16,False,8.8,,9.4,,10.0,9.4,A,4.0,True,3.83,3.92,Pass
8822,1341149,HK142_CO2039_L04,CO2039,-16,False,3.9,,5.7,,4.9,5.2,D+,1.5,True,1.61,1.67,Pass
8823,1371992,HK142_CO2039_L04,CO2039,-16,False,6.3,,5.6,,7.0,6.0,C,2.0,True,2.47,2.24,Pass
8824,1314543,HK142_CO2039_L04,CO2039,-16,False,5.0,,5.0,,5.0,5.0,D+,1.5,True,1.75,1.53,Pass
8825,1392903,HK142_CO2039_L04,CO2039,-16,False,4.9,,7.0,,6.5,6.5,C+,2.5,True,2.14,2.25,Pass
8826,1359281,HK142_CO2039_L04,CO2039,-16,False,9.1,,7.8,,8.2,8.1,B+,3.5,True,3.92,3.71,Pass
8827,1302424,HK142_CO2039_L04,CO2039,-16,False,4.6,,5.4,,6.4,5.4,D+,1.5,True,1.71,1.84,Pass
8828,1325522,HK142_CO2039_L04,CO2039,-16,False,5.7,,5.4,,6.6,5.7,C,2.0,True,2.39,2.36,Pass
8829,1392629,HK142_CO2039_L04,CO2039,-16,False,6.9,,6.8,,6.6,6.8,C+,2.5,True,2.26,2.17,Pass
8830,1380329,HK142_CO2039_L04,CO2039,-16,False,8.6,,7.9,,6.7,7.8,B,3.0,True,3.06,3.2,Pass
8831,1305340,HK142_CO2039_L04,CO2039,-16,False,8.3,,7.1,,8.6,7.6,B,3.0,True,3.36,3.3,Pass
8832,1345112,HK142_CO2039_L04,CO2039,-16,False,5.6,,6.9,,7.0,6.7,C+,2.5,True,2.41,2.39,Pass
8833,1359736,HK142_CO2039_L04,CO2039,-16,False,8.5,,9.2,,7.9,8.8,A,4.0,True,3.61,3.52,Pass
8834,1355910,HK142_CO2039_L04,CO2039,-16,False,6.6,,7.2,,7.0,7.0,B,3.0,True,2.47,2.33,Pass
8835,1345704,HK142_CO2039_L04,CO2039,-16,False,6.3,,5.6,,6.0,5.8,C,2.0,True,1.94,1.89,Pass
8836,1396411,HK142_CO2039_L04,CO2039,-16,False,8.7,,7.5,,7.3,7.7,B,3.0,True,3.18,3.2,Pass
8837,1315272,HK142_CO2039_L04,CO2039,-16,False,5.9,,5.8,,7.3,6.1,C,2.0,True,2.15,2.2,Pass
8838,1313222,HK142_CO2039_L04,CO2039,-16,False,6.8,,8.4,,7.1,7.8,B,3.0,True,3.12,3.33,Pass
8839,1398598,HK142_CO2039_L04,CO2039,-16,False,8.3,,6.8,,7.3,7.2,B,3.0,True,2.68,2.74,Pass
8840,1379600,HK142_CO2039_L04,CO2039,-16,False,5.7,,5.9,,4.0,5.5,C,2.0,True,1.5,1.57,Pass
8841,1354178,HK142_CO2039_L04,CO2039,-16,False,6.9,,6.7,,6.8,6.8,C+,2.5,True,2.56,2.45,Pass
8842,1310443,HK142_CO2039_L04,CO2039,-16,False,8.7,,9.2,,10.0,9.3,A,4.0,True,4.0,3.95,Pass
8843,1360739,HK142_CO2039_L04,CO2039,-16,False,7.4,,8.5,,7.5,8.1,B+,3.5,True,3.25,3.3,Pass
8844,1320693,HK142_CO2039_L04,CO2039,-16,False,7.4,,5.2,,5.8,5.8,C,2.0,True,2.44,2.46,Pass
8845,1352402,HK142_CO2039_L04,CO2039,-16,False,8.2,,7.9,,8.0,8.0,B+,3.5,True,3.47,3.37,Pass
8846,1397732,HK142_CO2039_L04,CO2039,-16,False,7.5,,6.6,,7.3,6.9,C+,2.5,True,2.35,2.48,Pass
8847,1369531,HK142_CO2039_L04,CO2039,-16,False,6.4,,5.7,,7.7,6.2,C,2.0,True,1.91,2.0,Pass
8848,1309577,HK142_CO2039_L04,CO2039,-16,False,6.8,,6.3,,6.9,6.5,C+,2.5,True,2.5,2.33,Pass
8849,1381376,HK142_CO2039_L04,CO2039,-16,False,7.8,,7.4,,8.7,7.7,B,3.0,True,3.33,3.43,Pass
8850,1353723,HK142_CO2039_L04,CO2039,-16,False,3.5,,3.9,,4.4,3.9,F,0.0,False,0.42,1.13,Fail
8851,1311627,HK142_CO2039_L04,CO2039,-16,False,6.2,,5.4,,4.9,5.5,C,2.0,True,2.29,2.19,Pass
8852,1314406,HK142_CO2039_L04,CO2039,-16,False,6.4,,6.5,,6.0,6.4,C+,2.5,True,2.21,2.38,Pass
8853,1371855,HK142_CO2039_L04,CO2039,-16,False,5.4,,5.9,,4.9,5.6,C,2.0,True,1.47,1.37,Pass
8854,1359007,HK142_CO2039_L04,CO2039,-16,False,6.2,,6.3,,5.7,6.2,C,2.0,True,2.38,2.39,Pass
8855,1301103,HK142_CO2039_L04,CO2039,-16,False,5.2,,5.4,,6.1,5.5,C,2.0,True,1.59,1.51,Pass
8856,1307253,HK142_CO2039_L04,CO2039,-16,False,8.0,,8.4,,8.2,8.3,B+,3.5,True,3.31,3.25,Pass
8857,1362926,HK142_CO2039_L04,CO2039,-16,False,7.2,,9.4,,8.6,8.8,A,4.0,True,3.58,3.39,Pass
8858,1385158,HK142_CO2039_L04,CO2039,-16,False,8.1,,7.9,,8.5,8.1,B+,3.5,True,3.61,3.23,Pass
8859,1336183,HK142_CO2039_L04,CO2039,-16,False,7.0,,7.2,,7.5,7.2,B,3.0,True,2.79,2.92,Pass
8860,1398187,HK142_CO2039_L04,CO2039,-16,False,6.2,,7.4,,6.6,7.0,B,3.0,True,2.67,2.7,Pass
8861,1383700,HK142_CO2039_L04,CO2039,-16,False,8.2,,8.1,,8.2,8.1,B+,3.5,True,3.21,3.08,Pass
8862,1372447,HK142_CO2039_L04,CO2039,-16,False,7.6,,7.2,,8.3,7.5,B,3.0,True,3.08,3.07,Pass
8863,1374634,HK142_CO2039_L04,CO2039,-16,False,5.2,,5.2,,5.7,5.3,D+,1.5,True,1.76,1.69,Pass
8864,1397869,HK142_CO2039_L04,CO2039,-16,False,9.8,,9.6,,8.1,9.3,A,4.0,True,4.0,4.0,Pass
8865,1355636,HK142_CO2039_L04,CO2039,-16,False,6.1,,5.6,,6.0,5.8,C,2.0,True,1.76,1.8,Pass
8866,1367026,HK142_CO2039_L04,CO2039,-16,False,8.5,,9.0,,9.3,9.0,A,4.0,True,3.83,3.82,Pass
8867,1392311,HK142_CO2039_L04,CO2039,-16,False,5.9,,7.2,,7.3,7.0,B,3.0,True,2.58,2.44,Pass
8868,1382242,HK142_CO2039_L04,CO2039,-16,False,7.1,,8.2,,8.6,8.1,B+,3.5,True,3.78,3.57,Pass
8869,1310032,HK142_CO2039_L04,CO2039,-16,False,7.4,,8.7,,7.8,8.3,B+,3.5,True,3.0,2.83,Pass
8870,1380192,HK142_CO2039_L04,CO2039,-16,False,6.0,,5.7,,7.7,6.2,C,2.0,True,1.88,1.9,Pass
8871,1387800,HK142_CO2039_L04,CO2039,-16,False,7.2,,7.2,,6.2,7.0,B,3.0,True,2.5,2.35,Pass
8872,1384429,HK142_CO2039_L04,CO2039,-16,False,7.1,,6.2,,6.0,6.3,C,2.0,True,2.09,2.33,Pass
8873,1303153,HK142_CO2039_L04,CO2039,-16,False,7.1,,6.6,,7.5,6.9,C+,2.5,True,2.35,2.38,Pass
8874,1399919,HK142_CO2039_L04,CO2039,-16,False,8.8,,6.5,,8.2,7.3,B,3.0,True,3.28,3.36,Pass
8875,1322151,HK142_CO2039_L04,CO2039,-16,False,7.1,,5.6,,6.8,6.1,C,2.0,True,2.18,2.23,Pass
8876,1318780,HK142_CO2039_L04,CO2039,-16,False,7.3,,7.5,,8.3,7.6,B,3.0,True,3.22,3.2,Pass
8877,1330625,HK142_CO2039_L04,CO2039,-16,False,6.3,,5.8,,5.8,5.9,C,2.0,True,2.26,2.24,Pass
8878,1360010,HK142_CO2039_L04,CO2039,-16,False,5.5,,6.0,,7.1,6.1,C,2.0,True,1.79,1.67,Pass
8879,1326388,HK142_CO2039_L04,CO2039,-16,False,10.0,,8.2,,8.3,8.6,A,4.0,True,3.86,3.85,Pass
8880,1398324,HK142_CO2039_L04,CO2039,-16,False,5.6,,5.8,,7.4,6.1,C,2.0,True,2.65,2.54,Pass
8881,1350352,HK142_CO2039_L04,CO2039,-16,False,7.9,,9.1,,8.4,8.7,A,4.0,True,2.89,3.11,Pass
8882,1378279,HK142_CO2039_L04,CO2039,-16,False,6.9,,6.1,,6.1,6.3,C,2.0,True,2.18,2.11,Pass
8883,1309714,HK142_CO2039_L04,CO2039,-16,False,6.8,,7.5,,8.7,7.6,B,3.0,True,3.12,3.0,Pass
8884,1340146,HK142_CO2039_L04,CO2039,-16,False,6.0,,6.8,,6.5,6.6,C+,2.5,True,2.03,2.26,Pass
8885,1380784,HK142_CO2039_L04,CO2039,-16,False,5.7,,6.8,,6.0,6.4,C+,2.5,True,2.41,2.25,Pass
8886,1355499,HK142_CO2039_L04,CO2039,-16,False,9.2,,9.5,,9.9,9.5,A+,4.0,True,4.0,4.0,Pass
8887,1366889,HK142_CO2039_L04,CO2039,-16,False,7.8,,8.4,,6.0,7.8,B,3.0,True,2.68,2.62,Pass
8888,1355181,HK142_CO2039_L04,CO2039,-16,False,8.6,,7.7,,9.2,8.2,B+,3.5,True,3.25,3.16,Pass
8889,1371718,HK142_CO2039_L04,CO2039,-16,False,9.6,,8.1,,7.7,8.3,B+,3.5,True,3.09,3.2,Pass
8890,1387663,HK142_CO2039_L04,CO2039,-16,False,7.7,,8.2,,8.4,8.1,B+,3.5,True,3.25,3.19,Pass
8891,1381787,HK142_CO2039_L04,CO2039,-16,False,9.8,,9.4,,9.4,9.5,A+,4.0,True,3.92,3.85,Pass
8892,1333404,HK142_CO2039_L04,CO2039,-16,False,5.4,,5.6,,6.9,5.8,C,2.0,True,2.26,2.46,Pass
8893,1327709,HK142_CO2039_L04,CO2039,-16,False,7.9,,6.9,,7.2,7.2,B,3.0,True,2.65,2.49,Pass
8894,1334270,HK142_CO2039_L04,CO2039,-16,False,7.0,,10.0,,7.0,8.8,A,4.0,True,2.82,2.59,Pass
8895,1366434,HK142_CO2039_L04,CO2039,-16,False,8.3,,7.2,,9.3,7.8,B,3.0,True,3.28,3.34,Pass
8896,1313951,HK142_CO2039_L04,CO2039,-16,False,8.5,,8.6,,8.5,8.6,A,4.0,True,3.25,3.25,Pass
8897,1385613,HK142_CO2039_L04,CO2039,-16,False,7.0,,6.3,,6.8,6.5,C+,2.5,True,2.47,2.46,Pass
8898,1378871,HK142_CO2039_L04,CO2039,-16,False,7.4,,7.8,,8.3,7.8,B,3.0,True,3.36,3.25,Pass
8899,1354452,HK142_CO2039_L04,CO2039,-16,False,6.0,,7.5,,6.9,7.1,B,3.0,True,3.0,3.16,Pass
8900,1345978,HK142_CO2039_L04,CO2039,-16,False,8.6,,8.5,,9.1,8.6,A,4.0,True,3.92,3.83,Pass
8901,1397003,HK142_CO2039_L04,CO2039,-16,False,7.1,,6.0,,4.9,6.0,C,2.0,True,2.18,2.25,Pass
8902,1338233,HK142_CO2039_L04,CO2039,-16,False,6.0,,6.8,,7.0,6.7,C+,2.5,True,2.41,2.3,Pass
8903,1362515,HK142_CO2039_L04,CO2039,-16,False,8.6,,7.9,,8.7,8.2,B+,3.5,True,3.69,3.88,Pass
8904,1359873,HK142_CO2039_L04,CO2039,-16,False,6.1,,6.9,,6.9,6.7,C+,2.5,True,2.41,2.37,Pass
8905,1316456,HK142_CO2039_L04,CO2039,-16,False,6.2,,4.7,,5.6,5.2,D+,1.5,True,1.53,1.59,Pass
8906,1348894,HK142_CO2039_L04,CO2039,-16,False,6.1,,5.4,,7.2,5.9,C,2.0,True,2.14,2.04,Pass
8907,1301969,HK142_CO2039_L04,CO2039,-16,False,6.5,,7.9,,6.0,7.2,B,3.0,True,2.41,2.36,Pass
8908,1322743,HK142_CO2039_L04,CO2039,-16,False,7.4,,5.9,,7.2,6.5,C+,2.5,True,2.09,2.3,Pass
8909,1333996,HK142_CO2039_L04,CO2039,-16,False,8.1,,10.0,,9.5,9.5,A+,4.0,True,3.75,3.86,Pass
8910,1369805,HK142_CO2039_L04,CO2039,-16,False,8.0,,8.3,,9.1,8.4,B+,3.5,True,3.56,3.7,Pass
8911,1371126,HK142_MT2013_L01,MT2013,-16,False,5.9,5.6,5.7,,,5.7,C,2.0,True,2.17,2.0,Pass
8912,1380784,HK142_MT2013_L01,MT2013,-16,False,6.9,6.4,6.9,,,6.8,C+,2.5,True,2.41,2.25,Pass
8913,1304885,HK142_MT2013_L01,MT2013,-16,False,6.3,7.3,5.3,,,5.9,C,2.0,True,2.32,2.23,Pass
8914,1331354,HK142_MT2013_L01,MT2013,-16,False,5.7,5.7,8.5,,,7.4,B,3.0,True,2.56,2.39,Pass
8915,1320830,HK142_MT2013_L01,MT2013,-16,False,7.2,8.4,7.1,,,7.4,B,3.0,True,3.22,3.35,Pass
8916,1335909,HK142_MT2013_L01,MT2013,-16,False,6.2,5.3,7.1,,,6.6,C+,2.5,True,2.35,2.36,Pass
8917,1378142,HK142_MT2013_L01,MT2013,-16,False,7.4,7.5,8.1,,,7.8,B,3.0,True,3.06,3.13,Pass
8918,1333541,HK142_MT2013_L01,MT2013,-16,False,7.4,6.3,6.5,,,6.6,C+,2.5,True,2.32,2.37,Pass
8919,1307527,HK142_MT2013_L01,MT2013,-16,False,9.6,8.6,8.1,,,8.5,A,4.0,True,3.38,3.44,Pass
8920,1346570,HK142_MT2013_L01,MT2013,-16,False,8.6,5.1,6.3,,,6.5,C+,2.5,True,2.06,1.73,Pass
8921,1347436,HK142_MT2013_L01,MT2013,-16,False,4.5,6.4,8.0,,,7.0,B,3.0,True,2.71,2.52,Pass
8922,1300374,HK142_MT2013_L01,MT2013,-16,False,6.2,5.8,5.7,,,5.8,C,2.0,True,1.88,1.81,Pass
8923,1320967,HK142_MT2013_L01,MT2013,-16,False,5.3,4.3,4.6,,,4.7,D,1.0,True,1.14,1.45,Pass
8924,1397732,HK142_MT2013_L01,MT2013,-16,False,6.7,7.4,6.5,,,6.7,C+,2.5,True,2.35,2.48,Pass
8925,1330488,HK142_MT2013_L01,MT2013,-16,False,6.6,7.2,8.2,,,7.7,B,3.0,True,3.03,3.25,Pass
8926,1389121,HK142_MT2013_L01,MT2013,-16,False,7.7,7.4,8.3,,,8.0,B+,3.5,True,3.24,3.23,Pass
8927,1397140,HK142_MT2013_L01,MT2013,-16,False,5.1,6.0,5.8,,,5.7,C,2.0,True,1.62,1.65,Pass
8928,1339554,HK142_MT2013_L01,MT2013,-16,False,9.1,7.7,8.3,,,8.3,B+,3.5,True,3.28,3.4,Pass
8929,1379463,HK142_MT2013_L01,MT2013,-16,False,9.1,8.4,8.0,,,8.3,B+,3.5,True,3.19,3.16,Pass
8930,1329622,HK142_MT2013_L01,MT2013,-16,False,5.9,5.3,4.8,,,5.1,D+,1.5,True,1.62,1.77,Pass
8931,1328575,HK142_MT2013_L01,MT2013,-16,False,6.9,6.3,6.3,,,6.4,C+,2.5,True,2.33,2.53,Pass
8932,1301969,HK142_MT2013_L01,MT2013,-16,False,4.8,7.9,5.2,,,5.7,C,2.0,True,2.41,2.36,Pass
8933,1369531,HK142_MT2013_L01,MT2013,-16,False,7.7,6.4,4.8,,,5.7,C,2.0,True,1.91,2.0,Pass
8934,1357094,HK142_MT2013_L01,MT2013,-16,False,7.3,8.8,10.0,,,9.2,A,4.0,True,3.5,3.43,Pass
8935,1356639,HK142_MT2013_L01,MT2013,-16,False,7.7,5.6,7.0,,,6.9,C+,2.5,True,2.32,2.1,Pass
8936,1345112,HK142_MT2013_L01,MT2013,-16,False,6.0,7.2,6.6,,,6.6,C+,2.5,True,2.41,2.39,Pass
8937,1338825,HK142_MT2013_L01,MT2013,-16,False,7.9,7.8,7.4,,,7.6,B,3.0,True,3.31,3.25,Pass
8938,1322288,HK142_MT2013_L01,MT2013,-16,False,6.1,5.3,6.7,,,6.3,C,2.0,True,2.18,2.24,Pass
8939,1348028,HK142_MT2013_L01,MT2013,-16,False,8.0,7.1,6.3,,,6.8,C+,2.5,True,2.64,2.66,Pass
8940,1308711,HK142_MT2013_L01,MT2013,-16,False,7.3,8.1,9.3,,,8.7,A,4.0,True,3.44,3.63,Pass
8941,1382379,HK142_MT2013_L01,MT2013,-16,False,7.0,3.1,6.5,,,5.9,C,2.0,True,2.53,2.49,Pass
8942,1381513,HK142_MT2013_L01,MT2013,-16,False,6.9,7.0,7.4,,,7.2,B,3.0,True,3.31,3.25,Pass
8943,1369076,HK142_MT2013_L01,MT2013,-16,False,5.6,4.3,4.5,,,4.7,D,1.0,True,1.5,1.69,Pass
8944,1388529,HK142_MT2013_L01,MT2013,-16,False,7.0,7.0,5.5,,,6.1,C,2.0,True,2.32,2.45,Pass
8945,1386342,HK142_MT2013_L01,MT2013,-16,False,7.6,8.3,7.8,,,7.9,B,3.0,True,3.0,3.33,Pass
8946,1302106,HK142_MT2013_L01,MT2013,-16,False,6.5,6.7,7.0,,,6.8,C+,2.5,True,2.71,2.6,Pass
8947,1381650,HK142_MT2013_L01,MT2013,-16,False,6.5,5.3,5.9,,,5.9,C,2.0,True,2.18,2.19,Pass
8948,1320556,HK142_MT2013_L01,MT2013,-16,False,6.5,6.6,8.2,,,7.5,B,3.0,True,2.36,2.21,Pass
8949,1388803,HK142_MT2013_L01,MT2013,-16,False,6.5,5.5,7.1,,,6.7,C+,2.5,True,2.41,2.3,Pass
8950,1309440,HK142_MT2013_L01,MT2013,-16,False,6.9,6.4,6.4,,,6.5,C+,2.5,True,2.44,2.35,Pass
8951,1348620,HK142_MT2013_L01,MT2013,-16,False,8.3,8.3,8.4,,,8.4,B+,3.5,True,3.89,3.93,Pass
8952,1370260,HK142_MT2013_L01,MT2013,-16,False,6.5,5.6,5.8,,,5.9,C,2.0,True,1.91,2.08,Pass
8953,1372310,HK142_MT2013_L01,MT2013,-16,False,6.7,4.7,4.2,,,4.8,D,1.0,True,1.56,1.7,Pass
8954,1307253,HK142_MT2013_L01,MT2013,-16,False,8.7,6.3,8.0,,,7.8,B,3.0,True,3.31,3.25,Pass
8955,1350352,HK142_MT2013_L01,MT2013,-16,False,6.9,7.8,5.8,,,6.4,C+,2.5,True,2.89,3.11,Pass
8956,1365431,HK142_MT2013_L01,MT2013,-16,False,7.5,6.9,7.4,,,7.3,B,3.0,True,3.0,3.06,Pass
8957,1392174,HK142_MT2013_L01,MT2013,-16,False,9.2,8.5,8.7,,,8.8,A,4.0,True,4.0,3.89,Pass
8958,1390716,HK142_MT2013_L01,MT2013,-16,False,6.1,7.1,5.1,,,5.7,C,2.0,True,1.85,1.75,Pass
8959,1387071,HK142_MT2013_L01,MT2013,-16,False,8.7,7.6,7.8,,,7.9,B,3.0,True,3.28,3.45,Pass
8960,1336638,HK142_MT2013_L01,MT2013,-16,False,7.5,8.0,7.7,,,7.7,B,3.0,True,3.5,3.29,Pass
8961,1393495,HK142_MT2013_L01,MT2013,-16,False,7.7,7.7,6.6,,,7.0,B,3.0,True,2.85,2.83,Pass
8962,1305932,HK142_MT2013_L01,MT2013,-16,False,8.0,5.9,7.3,,,7.2,B,3.0,True,3.18,3.2,Pass
8963,1367026,HK142_MT2013_L01,MT2013,-16,False,6.8,8.7,9.1,,,8.6,A,4.0,True,3.83,3.82,Pass
8964,1386479,HK142_MT2013_L01,MT2013,-16,False,7.6,6.3,5.8,,,6.3,C,2.0,True,2.47,2.4,Pass
8965,1393632,HK142_MT2013_L01,MT2013,-16,False,7.3,7.0,8.0,,,7.7,B,3.0,True,2.74,2.72,Pass
8966,1347299,HK142_MT2013_L01,MT2013,-16,False,6.4,7.5,6.5,,,6.7,C+,2.5,True,2.58,2.54,Pass
8967,1350078,HK142_MT2013_L01,MT2013,-16,False,5.8,6.7,5.0,,,5.5,C,2.0,True,1.82,1.92,Pass
8968,1339828,HK142_MT2013_L01,MT2013,-16,False,8.3,8.1,9.9,,,9.2,A,4.0,True,3.69,3.43,Pass
8969,1349349,HK142_MT2013_L01,MT2013,-16,False,7.6,5.5,5.5,,,5.9,C,2.0,True,1.88,1.77,Pass
8970,1378005,HK142_MT2013_L01,MT2013,-16,False,9.1,7.2,8.2,,,8.2,B+,3.5,True,3.17,3.15,Pass
8971,1349941,HK142_MT2013_L01,MT2013,-16,False,8.5,9.8,8.9,,,9.0,A,4.0,True,4.0,3.97,Pass
8972,1377276,HK142_MT2013_L01,MT2013,-16,False,5.4,6.6,5.9,,,5.9,C,2.0,True,2.12,2.05,Pass
8973,1349212,HK142_MT2013_L01,MT2013,-16,False,7.1,6.4,7.8,,,7.4,B,3.0,True,2.44,2.32,Pass
8974,1362197,HK142_MT2013_L01,MT2013,-16,False,7.1,7.3,7.9,,,7.6,B,3.0,True,3.08,3.07,Pass
8975,1307982,HK142_MT2013_L01,MT2013,-16,False,7.0,7.0,6.8,,,6.9,C+,2.5,True,2.89,2.93,Pass
8976,1394953,HK142_MT2013_L01,MT2013,-16,False,7.2,7.0,7.3,,,7.2,B,3.0,True,2.56,2.33,Pass
8977,1379008,HK142_MT2013_L01,MT2013,-16,False,7.0,7.0,7.5,,,7.3,B,3.0,True,2.74,2.73,Pass
8978,1393950,HK142_MT2013_L01,MT2013,-16,False,5.2,5.3,8.0,,,6.9,C+,2.5,True,2.11,1.8,Pass
8979,1310443,HK142_MT2013_L01,MT2013,-16,False,8.7,10.0,8.5,,,8.8,A,4.0,True,4.0,3.95,Pass
8980,1382242,HK142_MT2013_L01,MT2013,-16,False,8.1,9.1,9.6,,,9.2,A,4.0,True,3.78,3.57,Pass
8981,1311901,HK142_MT2013_L01,MT2013,-16,False,6.0,6.3,7.0,,,6.7,C+,2.5,True,2.41,2.39,Pass
8982,1382971,HK142_MT2013_L01,MT2013,-16,False,6.2,7.8,7.7,,,7.4,B,3.0,True,2.82,2.63,Pass
8983,1390124,HK142_MT2013_L01,MT2013,-16,False,8.0,7.9,9.4,,,8.8,A,4.0,True,3.47,3.38,Pass
8984,1371718,HK142_MT2013_L01,MT2013,-16,False,9.5,7.1,7.5,,,7.8,B,3.0,True,3.09,3.2,Pass
8985,1350670,HK142_MT2013_L01,MT2013,-16,False,7.3,6.2,5.2,,,5.8,C,2.0,True,2.53,2.52,Pass
8986,1314998,HK142_MT2013_L01,MT2013,-16,False,5.5,5.8,6.9,,,6.4,C+,2.5,True,2.21,2.27,Pass
8987,1303882,HK142_MT2013_L01,MT2013,-16,False,8.1,7.3,9.5,,,8.8,A,4.0,True,3.32,3.38,Pass
8988,1308119,HK142_MT2013_L01,MT2013,-16,False,8.2,9.5,7.7,,,8.2,B+,3.5,True,3.25,3.36,Pass
8989,1348757,HK142_MT2013_L01,MT2013,-16,False,5.2,6.5,4.0,,,4.7,D,1.0,True,1.71,1.58,Pass
8990,1358278,HK142_MT2013_L01,MT2013,-16,False,7.4,7.2,7.2,,,7.2,B,3.0,True,2.41,2.45,Pass
8991,1318188,HK142_MT2013_L01,MT2013,-16,False,4.2,6.4,6.1,,,5.8,C,2.0,True,2.32,2.45,Pass
8992,1342333,HK142_MT2013_L01,MT2013,-16,False,8.9,6.0,6.6,,,6.9,C+,2.5,True,2.5,2.3,Pass
8993,1355499,HK142_MT2013_L01,MT2013,-16,False,10.0,7.2,10.0,,,9.4,A,4.0,True,4.0,4.0,Pass
8994,1385750,HK142_MT2013_L01,MT2013,-16,False,7.4,7.2,7.3,,,7.3,B,3.0,True,2.59,2.42,Pass
8995,1324475,HK142_MT2013_L01,MT2013,-16,False,8.4,5.7,6.3,,,6.6,C+,2.5,True,2.32,2.31,Pass
8996,1386024,HK142_MT2013_L01,MT2013,-16,False,7.4,7.1,8.7,,,8.1,B+,3.5,True,3.5,3.25,Pass
8997,1321422,HK142_MT2013_L01,MT2013,-16,False,7.5,8.2,6.6,,,7.1,B,3.0,True,3.17,3.11,Pass
8998,1371581,HK142_MT2013_L01,MT2013,-16,False,6.8,7.4,6.7,,,6.9,C+,2.5,True,2.76,2.64,Pass
8999,1303745,HK142_MT2013_L01,MT2013,-16,False,9.3,9.1,8.4,,,8.7,A,4.0,True,3.94,3.84,Pass
9000,1301695,HK142_MT2013_L01,MT2013,-16,False,7.2,7.8,7.2,,,7.3,B,3.0,True,3.17,3.17,Pass
9001,1302424,HK142_MT2013_L01,MT2013,-16,False,7.0,5.6,6.2,,,6.2,C,2.0,True,1.71,1.84,Pass
9002,1396137,HK142_MT2013_L01,MT2013,-16,False,8.4,8.2,8.4,,,8.4,B+,3.5,True,3.31,3.37,Pass
9003,1326388,HK142_MT2013_L01,MT2013,-16,False,8.7,8.7,8.8,,,8.8,A,4.0,True,3.86,3.85,Pass
9004,1311627,HK142_MT2013_L01,MT2013,-16,False,7.0,7.1,7.1,,,7.1,B,3.0,True,2.29,2.19,Pass
9005,1362515,HK142_MT2013_L01,MT2013,-16,False,8.0,7.0,7.5,,,7.5,B,3.0,True,3.69,3.88,Pass
9006,1326843,HK142_MT2013_L01,MT2013,-16,False,6.5,6.0,4.9,,,5.4,D+,1.5,True,2.18,2.14,Pass
9007,1343336,HK142_MT2013_L01,MT2013,-16,False,5.5,7.0,4.8,,,5.4,D+,1.5,True,2.44,2.41,Pass
9008,1395682,HK142_MT2013_L01,MT2013,-16,False,6.8,7.1,6.4,,,6.6,C+,2.5,True,2.56,2.45,Pass
9009,1300237,HK142_MT2013_L01,MT2013,-16,False,7.3,10.0,6.3,,,7.2,B,3.0,True,3.0,3.34,Pass
9010,1308848,HK142_MT2013_L01,MT2013,-16,False,8.0,7.2,8.4,,,8.1,B+,3.5,True,3.28,3.05,Pass
9011,1306935,HK142_MT2013_L01,MT2013,-16,False,7.9,7.1,5.6,,,6.4,C+,2.5,True,2.26,2.23,Pass
9012,1343654,HK142_MT2013_L01,MT2013,-16,False,6.5,6.5,6.1,,,6.3,C,2.0,True,2.28,2.19,Pass
9013,1339417,HK142_MT2013_L01,MT2013,-16,False,7.1,6.8,6.7,,,6.8,C+,2.5,True,2.72,2.57,Pass
9014,1337367,HK142_MT2013_L01,MT2013,-16,False,5.7,5.8,5.3,,,5.5,C,2.0,True,1.38,1.52,Pass
9015,1301832,HK142_MT2013_L01,MT2013,-16,False,4.6,5.1,4.1,,,4.4,D,1.0,True,1.47,1.34,Pass
9016,1371992,HK142_MT2013_L01,MT2013,-16,False,7.3,7.0,7.2,,,7.2,B,3.0,True,2.47,2.24,Pass
9017,1377413,HK142_MT2013_L01,MT2013,-16,False,5.3,4.7,6.3,,,5.8,C,2.0,True,1.78,1.53,Pass
9018,1366752,HK142_MT2013_L01,MT2013,-16,False,8.1,7.2,5.7,,,6.5,C+,2.5,True,2.71,2.36,Pass
9019,1389850,HK142_MT2013_L01,MT2013,-16,False,4.6,5.7,4.3,,,4.6,D,1.0,True,1.82,1.64,Pass
9020,1359873,HK142_MT2013_L01,MT2013,-16,False,5.8,6.8,6.3,,,6.3,C,2.0,True,2.41,2.37,Pass
9021,1375818,HK142_MT2013_L01,MT2013,-16,False,8.3,6.8,5.4,,,6.3,C,2.0,True,2.58,2.95,Pass
9022,1331946,HK142_MT2013_L01,MT2013,-16,False,7.5,6.8,7.8,,,7.5,B,3.0,True,3.14,3.3,Pass
9023,1333404,HK142_MT2013_L01,MT2013,-16,False,6.3,7.1,5.1,,,5.7,C,2.0,True,2.26,2.46,Pass
9024,1340557,HK142_MT2013_L01,MT2013,-16,False,5.6,7.6,7.2,,,7.0,B,3.0,True,2.72,2.48,Pass
9025,1352402,HK142_MT2013_L01,MT2013,-16,False,7.5,8.5,7.4,,,7.6,B,3.0,True,3.47,3.37,Pass
9026,1337049,HK142_MT2013_L01,MT2013,-16,False,7.8,6.7,7.1,,,7.2,B,3.0,True,3.31,3.09,Pass
9027,1322151,HK142_MT2013_L02,MT2013,-16,False,5.8,5.5,6.7,,,6.3,C,2.0,True,2.18,2.23,Pass
9028,1358689,HK142_MT2013_L02,MT2013,-16,False,8.1,7.3,6.7,,,7.1,B,3.0,True,2.76,2.55,Pass
9029,1397869,HK142_MT2013_L02,MT2013,-16,False,8.3,9.8,9.5,,,9.3,A,4.0,True,4.0,4.0,Pass
9030,1326980,HK142_MT2013_L02,MT2013,-16,False,6.8,5.9,6.9,,,6.7,C+,2.5,True,2.56,2.57,Pass
9031,1398916,HK142_MT2013_L02,MT2013,-16,False,8.1,8.6,7.8,,,8.0,B+,3.5,True,3.42,3.3,Pass
9032,1307664,HK142_MT2013_L02,MT2013,-16,False,8.3,6.5,7.3,,,7.3,B,3.0,True,2.44,2.46,Pass
9033,1341878,HK142_MT2013_L02,MT2013,-16,False,5.9,6.8,7.8,,,7.2,B,3.0,True,2.82,2.77,Pass
9034,1371855,HK142_MT2013_L02,MT2013,-16,False,4.2,4.8,5.2,,,4.9,D,1.0,True,1.47,1.37,Pass
9035,1374497,HK142_MT2013_L02,MT2013,-16,False,7.3,7.5,8.4,,,8.0,B+,3.5,True,3.44,3.28,Pass
9036,1356957,HK142_MT2013_L02,MT2013,-16,False,5.6,5.6,4.0,,,4.6,D,1.0,True,1.5,1.68,Pass
9037,1398598,HK142_MT2013_L02,MT2013,-16,False,6.5,7.0,6.7,,,6.7,C+,2.5,True,2.68,2.74,Pass
9038,1333996,HK142_MT2013_L02,MT2013,-16,False,9.6,10.0,8.6,,,9.1,A,4.0,True,3.75,3.86,Pass
9039,1304019,HK142_MT2013_L02,MT2013,-16,False,8.6,9.1,8.7,,,8.8,A,4.0,True,3.92,3.97,Pass
9040,1334270,HK142_MT2013_L02,MT2013,-16,False,5.8,6.9,6.0,,,6.1,C,2.0,True,2.82,2.59,Pass
9041,1302561,HK142_MT2013_L02,MT2013,-16,False,8.8,6.7,7.5,,,7.6,B,3.0,True,3.31,3.33,Pass
9042,1351991,HK142_MT2013_L02,MT2013,-16,False,6.7,6.5,7.6,,,7.2,B,3.0,True,2.94,2.74,Pass
9043,1335591,HK142_MT2013_L02,MT2013,-16,False,6.4,6.4,7.4,,,7.0,B,3.0,True,2.68,2.42,Pass
9044,1363381,HK142_MT2013_L02,MT2013,-16,False,7.0,9.6,7.7,,,7.9,B,3.0,True,2.92,3.06,Pass
9045,1304748,HK142_MT2013_L02,MT2013,-16,False,7.6,7.6,7.9,,,7.8,B,3.0,True,3.11,3.24,Pass
9046,1387800,HK142_MT2013_L02,MT2013,-16,False,5.3,6.6,7.6,,,6.9,C+,2.5,True,2.5,2.35,Pass
9047,1387345,HK142_MT2013_L02,MT2013,-16,False,8.5,8.8,7.1,,,7.7,B,3.0,True,3.0,3.11,Pass
9048,1327983,HK142_MT2013_L02,MT2013,-16,False,8.2,8.2,8.1,,,8.1,B+,3.5,True,3.03,3.17,Pass
9049,1367618,HK142_MT2013_L02,MT2013,-16,False,6.6,7.8,6.2,,,6.6,C+,2.5,True,2.41,2.6,Pass
9050,1364976,HK142_MT2013_L02,MT2013,-16,False,9.7,6.8,9.0,,,8.7,A,4.0,True,3.35,3.2,Pass
9051,1383700,HK142_MT2013_L02,MT2013,-16,False,7.6,8.3,8.3,,,8.2,B+,3.5,True,3.21,3.08,Pass
9052,1315135,HK142_MT2013_L02,MT2013,-16,False,8.0,8.7,8.7,,,8.6,A,4.0,True,3.61,3.45,Pass
9053,1381058,HK142_MT2013_L02,MT2013,-16,False,5.3,7.6,8.0,,,7.4,B,3.0,True,3.11,3.16,Pass
9054,1376821,HK142_MT2013_L02,MT2013,-16,False,7.1,6.0,7.5,,,7.1,B,3.0,True,2.88,2.57,Pass
9055,1336183,HK142_MT2013_L02,MT2013,-16,False,6.2,6.2,6.9,,,6.6,C+,2.5,True,2.79,2.92,Pass
9056,1306069,HK142_MT2013_L02,MT2013,-16,False,7.7,8.2,8.3,,,8.2,B+,3.5,True,3.59,3.45,Pass
9057,1327117,HK142_MT2013_L02,MT2013,-16,False,7.7,6.1,7.8,,,7.4,B,3.0,True,3.0,2.88,Pass
9058,1399919,HK142_MT2013_L02,MT2013,-16,False,7.8,7.4,7.7,,,7.7,B,3.0,True,3.28,3.36,Pass
9059,1355636,HK142_MT2013_L02,MT2013,-16,False,5.1,7.4,3.7,,,4.7,D,1.0,True,1.76,1.8,Pass
9060,1355181,HK142_MT2013_L02,MT2013,-16,False,8.2,8.1,7.8,,,7.9,B,3.0,True,3.25,3.16,Pass
9061,1364247,HK142_MT2013_L02,MT2013,-16,False,6.1,7.8,6.6,,,6.7,C+,2.5,True,2.44,2.38,Pass
9062,1399782,HK142_MT2013_L02,MT2013,-16,False,9.1,8.0,9.3,,,9.0,A,4.0,True,3.19,3.23,Pass
9063,1373905,HK142_MT2013_L02,MT2013,-16,False,5.5,6.7,4.7,,,5.3,D+,1.5,True,2.21,2.36,Pass
9064,1378597,HK142_MT2013_L02,MT2013,-16,False,6.4,6.1,6.8,,,6.6,C+,2.5,True,2.31,2.2,Pass
9065,1373039,HK142_MT2013_L02,MT2013,-16,False,7.4,6.4,7.0,,,7.0,B,3.0,True,2.59,2.71,Pass
9066,1340420,HK142_MT2013_L02,MT2013,-16,False,6.3,4.3,4.5,,,4.8,D,1.0,True,1.79,1.76,Pass
9067,1357231,HK142_MT2013_L02,MT2013,-16,False,4.7,6.1,8.6,,,7.3,B,3.0,True,2.44,2.33,Pass
9068,1313540,HK142_MT2013_L02,MT2013,-16,False,5.7,6.4,5.4,,,5.7,C,2.0,True,1.79,1.73,Pass
9069,1314406,HK142_MT2013_L02,MT2013,-16,False,6.1,6.1,5.6,,,5.8,C,2.0,True,2.21,2.38,Pass
9070,1342196,HK142_MT2013_L02,MT2013,-16,False,7.8,7.4,8.4,,,8.1,B+,3.5,True,3.35,3.2,Pass
9071,1382834,HK142_MT2013_L02,MT2013,-16,False,6.9,7.3,6.7,,,6.9,C+,2.5,True,2.75,2.62,Pass
9072,1300511,HK142_MT2013_L02,MT2013,-16,False,7.6,8.8,10.0,,,9.3,A,4.0,True,3.53,3.35,Pass
9073,1381376,HK142_MT2013_L02,MT2013,-16,False,7.7,7.3,8.5,,,8.1,B+,3.5,True,3.33,3.43,Pass
9074,1357960,HK142_MT2013_L02,MT2013,-16,False,5.3,4.8,4.7,,,4.8,D,1.0,True,1.39,1.59,Pass
9075,1362652,HK142_MT2013_L02,MT2013,-16,False,4.9,4.9,4.3,,,4.5,D,1.0,True,1.78,1.56,Pass
9076,1323746,HK142_MT2013_L02,MT2013,-16,False,4.9,6.3,7.1,,,6.5,C+,2.5,True,2.47,2.48,Pass
9077,1344383,HK142_MT2013_L02,MT2013,-16,False,8.0,8.3,7.8,,,7.9,B,3.0,True,3.33,3.41,Pass
9078,1346115,HK142_MT2013_L02,MT2013,-16,False,5.8,6.7,6.9,,,6.6,C+,2.5,True,2.24,2.32,Pass
9079,1346844,HK142_MT2013_L02,MT2013,-16,False,7.7,6.8,7.5,,,7.4,B,3.0,True,2.91,2.78,Pass
9080,1387208,HK142_MT2013_L02,MT2013,-16,False,7.0,6.5,8.7,,,7.9,B,3.0,True,2.94,3.15,Pass
9081,1336320,HK142_MT2013_L02,MT2013,-16,False,6.5,6.4,6.9,,,6.7,C+,2.5,True,2.47,2.3,Pass
9082,1324064,HK142_MT2013_L02,MT2013,-16,False,7.2,6.9,7.5,,,7.3,B,3.0,True,2.59,2.45,Pass
9083,1352994,HK142_MT2013_L02,MT2013,-16,False,6.2,6.3,4.9,,,5.4,D+,1.5,True,2.06,2.19,Pass
9084,1308985,HK142_MT2013_L02,MT2013,-16,False,7.2,7.6,7.2,,,7.3,B,3.0,True,3.15,3.06,Pass
9085,1393358,HK142_MT2013_L02,MT2013,-16,False,6.4,5.6,7.1,,,6.7,C+,2.5,True,2.28,2.36,Pass
9086,1345704,HK142_MT2013_L02,MT2013,-16,False,5.9,6.5,5.6,,,5.8,C,2.0,True,1.94,1.89,Pass
9087,1352265,HK142_MT2013_L02,MT2013,-16,False,8.0,8.0,7.6,,,7.8,B,3.0,True,2.94,3.16,Pass
9088,1392311,HK142_MT2013_L02,MT2013,-16,False,7.1,6.7,6.6,,,6.7,C+,2.5,True,2.58,2.44,Pass
9089,1360147,HK142_MT2013_L02,MT2013,-16,False,8.2,8.0,8.5,,,8.3,B+,3.5,True,3.47,3.19,Pass
9090,1338233,HK142_MT2013_L02,MT2013,-16,False,6.6,8.1,5.2,,,6.1,C,2.0,True,2.41,2.3,Pass
9091,1384429,HK142_MT2013_L02,MT2013,-16,False,7.3,7.1,5.6,,,6.2,C,2.0,True,2.09,2.33,Pass
9092,1341604,HK142_MT2013_L02,MT2013,-16,False,8.1,7.7,7.3,,,7.5,B,3.0,True,3.19,3.06,Pass
9093,1397595,HK142_MT2013_L02,MT2013,-16,False,5.1,6.3,5.7,,,5.7,C,2.0,True,2.38,2.27,Pass
9094,1351399,HK142_MT2013_L02,MT2013,-16,False,6.3,7.8,7.1,,,7.1,B,3.0,True,2.59,2.38,Pass
9095,1327709,HK142_MT2013_L02,MT2013,-16,False,6.5,6.4,6.6,,,6.5,C+,2.5,True,2.65,2.49,Pass
9096,1318780,HK142_MT2013_L02,MT2013,-16,False,8.2,7.8,9.1,,,8.7,A,4.0,True,3.22,3.2,Pass
9097,1312948,HK142_MT2013_L02,MT2013,-16,False,6.9,7.4,6.6,,,6.8,C+,2.5,True,2.65,2.59,Pass
9098,1325659,HK142_MT2013_L02,MT2013,-16,False,7.7,7.5,7.8,,,7.7,B,3.0,True,3.08,3.16,Pass
9099,1327254,HK142_MT2013_L02,MT2013,-16,False,6.0,7.3,7.5,,,7.2,B,3.0,True,2.41,2.2,Pass
9100,1347891,HK142_MT2013_L02,MT2013,-16,False,5.5,6.0,4.7,,,5.1,D+,1.5,True,2.09,1.97,Pass
9101,1360010,HK142_MT2013_L02,MT2013,-16,False,5.4,5.3,4.9,,,5.1,D+,1.5,True,1.79,1.67,Pass
9102,1313814,HK142_MT2013_L02,MT2013,-16,False,7.0,7.6,6.9,,,7.1,B,3.0,True,3.15,3.1,Pass
9103,1310898,HK142_MT2013_L02,MT2013,-16,False,6.3,5.5,7.9,,,7.1,B,3.0,True,2.59,2.46,Pass
9104,1345249,HK142_MT2013_L02,MT2013,-16,False,8.5,7.7,8.7,,,8.5,A,4.0,True,3.28,3.34,Pass
9105,1380192,HK142_MT2013_L02,MT2013,-16,False,4.8,4.7,6.0,,,5.5,C,2.0,True,1.88,1.9,Pass
9106,1375500,HK142_MT2013_L02,MT2013,-16,False,7.7,7.2,7.3,,,7.4,B,3.0,True,2.76,2.7,Pass
9107,1344657,HK142_MT2013_L02,MT2013,-16,False,7.5,6.4,5.9,,,6.3,C,2.0,True,2.22,2.15,Pass
9108,1318051,HK142_MT2013_L02,MT2013,-16,False,7.0,7.4,9.1,,,8.3,B+,3.5,True,3.24,3.12,Pass
9109,1362060,HK142_MT2013_L02,MT2013,-16,False,7.2,9.0,8.1,,,8.1,B+,3.5,True,3.72,3.7,Pass
9110,1374634,HK142_MT2013_L02,MT2013,-16,False,6.8,5.5,5.9,,,6.0,C,2.0,True,1.76,1.69,Pass
9111,1368939,HK142_MT2013_L02,MT2013,-16,False,7.0,5.3,6.4,,,6.3,C,2.0,True,2.29,2.24,Pass
9112,1395408,HK142_MT2013_L02,MT2013,-16,False,6.3,6.7,7.0,,,6.8,C+,2.5,True,2.26,2.14,Pass
9113,1392629,HK142_MT2013_L02,MT2013,-16,False,7.3,6.4,5.5,,,6.0,C,2.0,True,2.26,2.17,Pass
9114,1399645,HK142_MT2013_L02,MT2013,-16,False,4.9,5.3,6.5,,,5.9,C,2.0,True,1.94,1.82,Pass
9115,1392766,HK142_MT2013_L02,MT2013,-16,False,7.8,7.2,7.4,,,7.4,B,3.0,True,2.62,2.62,Pass
9116,1385613,HK142_MT2013_L02,MT2013,-16,False,7.0,7.1,6.7,,,6.8,C+,2.5,True,2.47,2.46,Pass
9117,1315727,HK142_MT2013_L02,MT2013,-16,False,5.6,6.6,7.5,,,6.9,C+,2.5,True,2.44,2.41,Pass
9118,1359007,HK142_MT2013_L02,MT2013,-16,False,6.9,7.1,8.0,,,7.6,B,3.0,True,2.38,2.39,Pass
9119,1385158,HK142_MT2013_L02,MT2013,-16,False,8.5,8.2,8.7,,,8.6,A,4.0,True,3.61,3.23,Pass
9120,1352720,HK142_MT2013_L02,MT2013,-16,False,7.0,8.0,8.1,,,7.9,B,3.0,True,3.29,3.17,Pass
9121,1399190,HK142_MT2013_L02,MT2013,-16,False,8.0,6.9,6.4,,,6.8,C+,2.5,True,2.47,2.48,Pass
9122,1354178,HK142_MT2013_L02,MT2013,-16,False,6.6,6.2,7.0,,,6.8,C+,2.5,True,2.56,2.45,Pass
9123,1336912,HK142_MT2013_L02,MT2013,-16,False,5.7,4.7,5.7,,,5.5,C,2.0,True,2.38,2.18,Pass
9124,1319235,HK142_MT2013_L02,MT2013,-16,False,9.0,8.7,7.4,,,8.0,B+,3.5,True,3.83,3.83,Pass
9125,1317322,HK142_MT2013_L02,MT2013,-16,False,6.1,8.3,7.2,,,7.2,B,3.0,True,2.56,2.48,Pass
9126,1341741,HK142_MT2013_L02,MT2013,-16,False,7.4,7.5,7.8,,,7.7,B,3.0,True,3.17,3.06,Pass
9127,1369668,HK142_MT2013_L02,MT2013,-16,False,6.7,7.2,6.6,,,6.7,C+,2.5,True,2.09,2.33,Pass
9128,1312356,HK142_MT2013_L02,MT2013,-16,False,6.6,7.0,8.0,,,7.5,B,3.0,True,2.82,2.78,Pass
9129,1368347,HK142_MT2013_L02,MT2013,-16,False,6.0,5.6,4.7,,,5.1,D+,1.5,True,2.44,2.28,Pass
9130,1342470,HK142_MT2013_L02,MT2013,-16,False,8.7,9.1,8.9,,,8.9,A,4.0,True,3.53,3.32,Pass
9131,1316730,HK142_MT2013_L02,MT2013,-16,False,10.0,9.1,8.3,,,8.8,A,4.0,True,4.0,3.92,Pass
9132,1368484,HK142_MT2013_L02,MT2013,-16,False,5.9,5.9,6.2,,,6.1,C,2.0,True,1.76,1.67,Pass
9133,1305477,HK142_MT2013_L02,MT2013,-16,False,6.8,7.1,5.3,,,6.0,C,2.0,True,2.62,2.77,Pass
9134,1310306,HK142_MT2013_L02,MT2013,-16,False,8.0,9.8,7.7,,,8.2,B+,3.5,True,3.89,3.96,Pass
9135,1317185,HK142_MT2013_L02,MT2013,-16,False,5.3,5.2,5.6,,,5.5,C,2.0,True,2.35,2.42,Pass
9136,1335454,HK142_MT2013_L02,MT2013,-16,False,7.8,9.5,8.0,,,8.3,B+,3.5,True,3.44,3.3,Pass
9137,1345386,HK142_MT2013_L02,MT2013,-16,False,6.8,5.9,7.3,,,6.9,C+,2.5,True,2.94,2.93,Pass
9138,1326251,HK142_MT2013_L02,MT2013,-16,False,8.4,7.1,8.2,,,8.0,B+,3.5,True,2.68,2.57,Pass
9139,1361786,HK142_MT2013_L02,MT2013,-16,False,7.6,7.0,7.7,,,7.5,B,3.0,True,3.09,3.17,Pass
9140,1395819,HK142_MT2013_L02,MT2013,-16,False,6.6,6.1,7.0,,,6.7,C+,2.5,True,2.38,2.45,Pass
9141,1333130,HK142_MT2013_L02,MT2013,-16,False,7.6,8.6,7.4,,,7.7,B,3.0,True,3.33,3.18,Pass
9142,1375089,HK142_MT2013_L02,MT2013,-16,False,7.0,7.1,6.3,,,6.6,C+,2.5,True,2.31,2.25,Pass
9143,1373768,HK142_MT2013_L03,MT2013,-16,False,7.4,8.9,7.9,,,8.0,B+,3.5,True,3.5,3.47,Pass
9144,1329030,HK142_MT2013_L03,MT2013,-16,False,6.8,6.0,6.1,,,6.2,C,2.0,True,2.06,2.2,Pass
9145,1307390,HK142_MT2013_L03,MT2013,-16,False,6.9,7.3,7.5,,,7.3,B,3.0,True,3.0,3.03,Pass
9146,1394087,HK142_MT2013_L03,MT2013,-16,False,6.5,7.2,7.1,,,7.0,B,3.0,True,2.82,2.64,Pass
9147,1364839,HK142_MT2013_L03,MT2013,-16,False,5.8,6.5,6.0,,,6.1,C,2.0,True,2.15,2.09,Pass
9148,1311035,HK142_MT2013_L03,MT2013,-16,False,7.9,8.9,9.8,,,9.2,A,4.0,True,3.44,3.3,Pass
9149,1323472,HK142_MT2013_L03,MT2013,-16,False,6.2,6.8,5.7,,,6.0,C,2.0,True,2.26,2.5,Pass
9150,1364110,HK142_MT2013_L03,MT2013,-16,False,7.2,8.2,7.6,,,7.6,B,3.0,True,3.39,3.28,Pass
9151,1305203,HK142_MT2013_L03,MT2013,-16,False,5.9,6.3,7.4,,,6.9,C+,2.5,True,2.59,2.37,Pass
9152,1355044,HK142_MT2013_L03,MT2013,-16,False,7.5,7.0,8.4,,,7.9,B,3.0,True,3.17,3.24,Pass
9153,1322880,HK142_MT2013_L03,MT2013,-16,False,6.1,6.1,5.6,,,5.8,C,2.0,True,1.97,1.94,Pass
9154,1329304,HK142_MT2013_L03,MT2013,-16,False,7.4,6.8,8.1,,,7.7,B,3.0,True,3.17,3.22,Pass
9155,1373176,HK142_MT2013_L03,MT2013,-16,False,6.7,5.6,5.6,,,5.8,C,2.0,True,1.94,1.93,Pass
9156,1340283,HK142_MT2013_L03,MT2013,-16,False,6.7,7.2,6.7,,,6.8,C+,2.5,True,2.5,2.37,Pass
9157,1318643,HK142_MT2013_L03,MT2013,-16,False,5.7,5.8,5.1,,,5.4,D+,1.5,True,2.35,2.36,Pass
9158,1377868,HK142_MT2013_L03,MT2013,-16,False,6.5,6.4,7.1,,,6.8,C+,2.5,True,2.47,2.42,Pass
9159,1319964,HK142_MT2013_L03,MT2013,-16,False,6.6,8.1,6.7,,,7.0,B,3.0,True,3.11,3.05,Pass
9160,1300966,HK142_MT2013_L03,MT2013,-16,False,5.1,5.1,5.6,,,5.4,D+,1.5,True,1.59,1.69,Pass
9161,1398461,HK142_MT2013_L03,MT2013,-16,False,8.7,6.9,7.8,,,7.8,B,3.0,True,3.31,3.38,Pass
9162,1359144,HK142_MT2013_L03,MT2013,-16,False,8.3,8.8,9.5,,,9.1,A,4.0,True,4.0,4.0,Pass
9163,1361194,HK142_MT2013_L03,MT2013,-16,False,8.0,7.8,6.4,,,7.0,B,3.0,True,3.0,2.98,Pass
9164,1337641,HK142_MT2013_L03,MT2013,-16,False,7.2,8.6,8.7,,,8.4,B+,3.5,True,3.31,3.26,Pass
9165,1394361,HK142_MT2013_L03,MT2013,-16,False,8.6,6.8,8.1,,,7.9,B,3.0,True,3.33,3.34,Pass
9166,1328438,HK142_MT2013_L03,MT2013,-16,False,8.5,6.3,7.8,,,7.6,B,3.0,True,3.12,2.89,Pass
9167,1374771,HK142_MT2013_L03,MT2013,-16,False,5.8,7.9,8.0,,,7.5,B,3.0,True,3.08,3.25,Pass
9168,1323609,HK142_MT2013_L03,MT2013,-16,False,8.3,8.5,9.3,,,8.9,A,4.0,True,3.75,3.93,Pass
9169,1330625,HK142_MT2013_L03,MT2013,-16,False,6.7,7.0,6.1,,,6.4,C+,2.5,True,2.26,2.24,Pass
9170,1349623,HK142_MT2013_L03,MT2013,-16,False,7.6,7.0,6.6,,,6.9,C+,2.5,True,2.59,2.64,Pass
9171,1309577,HK142_MT2013_L03,MT2013,-16,False,6.5,8.4,7.2,,,7.3,B,3.0,True,2.5,2.33,Pass
9172,1357823,HK142_MT2013_L03,MT2013,-16,False,5.0,5.4,5.2,,,5.2,D+,1.5,True,1.94,2.05,Pass
9173,1394816,HK142_MT2013_L03,MT2013,-16,False,6.6,6.2,5.9,,,6.1,C,2.0,True,2.21,2.3,Pass
9174,1385021,HK142_MT2013_L03,MT2013,-16,False,7.9,5.9,4.9,,,5.7,C,2.0,True,2.26,2.34,Pass
9175,1366889,HK142_MT2013_L03,MT2013,-16,False,6.8,7.4,6.2,,,6.6,C+,2.5,True,2.68,2.62,Pass
9176,1320101,HK142_MT2013_L03,MT2013,-16,False,8.2,7.0,7.4,,,7.5,B,3.0,True,3.31,3.16,Pass
9177,1330033,HK142_MT2013_L03,MT2013,-16,False,7.6,4.7,5.8,,,5.9,C,2.0,True,2.15,2.3,Pass
9178,1308393,HK142_MT2013_L03,MT2013,-16,False,9.7,8.3,8.0,,,8.4,B+,3.5,True,3.81,3.87,Pass
9179,1304474,HK142_MT2013_L03,MT2013,-16,False,6.9,6.0,4.4,,,5.2,D+,1.5,True,1.88,1.77,Pass
9180,1384566,HK142_MT2013_L03,MT2013,-16,False,9.6,7.9,7.8,,,8.2,B+,3.5,True,3.26,3.31,Pass
9181,1360739,HK142_MT2013_L03,MT2013,-16,False,7.7,8.2,7.9,,,7.9,B,3.0,True,3.25,3.3,Pass
9182,1326114,HK142_MT2013_L03,MT2013,-16,False,6.8,5.6,5.9,,,6.0,C,2.0,True,2.47,2.39,Pass
9183,1378279,HK142_MT2013_L03,MT2013,-16,False,5.8,6.0,6.9,,,6.5,C+,2.5,True,2.18,2.11,Pass
9184,1346433,HK142_MT2013_L03,MT2013,-16,False,8.1,7.6,8.4,,,8.2,B+,3.5,True,3.67,3.47,Pass
9185,1322743,HK142_MT2013_L03,MT2013,-16,False,7.4,5.6,5.8,,,6.1,C,2.0,True,2.09,2.3,Pass
9186,1363973,HK142_MT2013_L03,MT2013,-16,False,5.4,6.0,5.6,,,5.6,C,2.0,True,1.79,1.62,Pass
9187,1366434,HK142_MT2013_L03,MT2013,-16,False,8.9,8.2,8.7,,,8.6,A,4.0,True,3.28,3.34,Pass
9188,1396866,HK142_MT2013_L03,MT2013,-16,False,8.7,9.7,9.1,,,9.1,A,4.0,True,4.0,3.66,Pass
9189,1340875,HK142_MT2013_L03,MT2013,-16,False,5.4,5.2,5.4,,,5.4,D+,1.5,True,1.97,1.79,Pass
9190,1355910,HK142_MT2013_L03,MT2013,-16,False,6.8,7.2,6.6,,,6.8,C+,2.5,True,2.47,2.33,Pass
9191,1314543,HK142_MT2013_L03,MT2013,-16,False,5.5,6.0,5.6,,,5.7,C,2.0,True,1.75,1.53,Pass
9192,1343791,HK142_MT2013_L03,MT2013,-16,False,5.8,6.9,7.7,,,7.2,B,3.0,True,2.32,2.32,Pass
9193,1390579,HK142_MT2013_L03,MT2013,-16,False,10.0,6.4,6.9,,,7.4,B,3.0,True,3.03,2.64,Pass
9194,1353860,HK142_MT2013_L03,MT2013,-16,False,6.9,7.2,5.0,,,5.8,C,2.0,True,2.32,2.22,Pass
9195,1376092,HK142_MT2013_L03,MT2013,-16,False,7.3,7.9,7.5,,,7.5,B,3.0,True,2.41,2.57,Pass
9196,1354315,HK142_MT2013_L03,MT2013,-16,False,6.8,6.7,6.4,,,6.5,C+,2.5,True,2.53,2.41,Pass
9197,1365294,HK142_MT2013_L03,MT2013,-16,False,8.4,10.0,10.0,,,9.7,A+,4.0,True,4.0,4.0,Pass
9198,1358552,HK142_MT2013_L03,MT2013,-16,False,6.8,7.4,7.6,,,7.4,B,3.0,True,2.65,2.52,Pass
9199,1358415,HK142_MT2013_L03,MT2013,-16,False,8.6,6.5,7.1,,,7.3,B,3.0,True,3.08,2.98,Pass
9200,1391445,HK142_MT2013_L03,MT2013,-16,False,7.0,7.0,6.2,,,6.5,C+,2.5,True,2.74,2.55,Pass
9201,1367755,HK142_MT2013_L03,MT2013,-16,False,7.6,4.6,8.0,,,7.2,B,3.0,True,2.78,2.66,Pass
9202,1362789,HK142_MT2013_L03,MT2013,-16,False,8.7,7.8,7.1,,,7.6,B,3.0,True,3.28,3.34,Pass
9203,1336775,HK142_MT2013_L03,MT2013,-16,False,6.4,7.3,8.6,,,7.9,B,3.0,True,2.44,2.34,Pass
9204,1399053,HK142_MT2013_L03,MT2013,-16,False,5.4,6.8,6.7,,,6.5,C+,2.5,True,2.64,2.44,Pass
9205,1310169,HK142_MT2013_L03,MT2013,-16,False,6.1,6.9,7.4,,,7.0,B,3.0,True,2.71,2.78,Pass
9206,1320238,HK142_MT2013_L03,MT2013,-16,False,7.9,6.3,7.6,,,7.4,B,3.0,True,2.65,2.59,Pass
9207,1343199,HK142_MT2013_L03,MT2013,-16,False,6.9,6.3,7.2,,,7.0,B,3.0,True,2.29,2.16,Pass
9208,1390853,HK142_MT2013_L03,MT2013,-16,False,7.8,8.2,7.5,,,7.7,B,3.0,True,3.0,3.24,Pass
9209,1312493,HK142_MT2013_L03,MT2013,-16,False,6.9,9.2,8.0,,,8.0,B+,3.5,True,3.5,3.26,Pass
9210,1361923,HK142_MT2013_L03,MT2013,-16,False,7.8,8.1,8.0,,,8.0,B+,3.5,True,3.47,3.3,Pass
9211,1301240,HK142_MT2013_L03,MT2013,-16,False,5.2,7.9,6.8,,,6.7,C+,2.5,True,2.81,3.01,Pass
9212,1370397,HK142_MT2013_L03,MT2013,-16,False,7.5,5.8,6.7,,,6.7,C+,2.5,True,2.97,2.96,Pass
9213,1388074,HK142_MT2013_L03,MT2013,-16,False,6.8,7.1,7.4,,,7.2,B,3.0,True,2.32,2.4,Pass
9214,1356228,HK142_MT2013_L03,MT2013,-16,False,5.4,6.7,7.0,,,6.6,C+,2.5,True,2.53,2.45,Pass
9215,1325522,HK142_MT2013_L03,MT2013,-16,False,7.6,7.9,6.8,,,7.2,B,3.0,True,2.39,2.36,Pass
9216,1387937,HK142_MT2013_L03,MT2013,-16,False,7.3,5.8,6.0,,,6.2,C,2.0,True,3.08,3.05,Pass
9217,1378871,HK142_MT2013_L03,MT2013,-16,False,7.6,6.7,8.5,,,8.0,B+,3.5,True,3.36,3.25,Pass
9218,1360465,HK142_MT2013_L03,MT2013,-16,False,7.6,6.8,7.3,,,7.3,B,3.0,True,2.68,2.52,Pass
9219,1314680,HK142_MT2013_L03,MT2013,-16,False,6.6,8.7,7.0,,,7.3,B,3.0,True,3.0,3.08,Pass
9220,1334862,HK142_MT2013_L03,MT2013,-16,False,7.7,6.8,8.3,,,7.9,B,3.0,True,3.31,3.11,Pass
9221,1301377,HK142_MT2013_L03,MT2013,-16,False,6.2,5.5,6.0,,,5.9,C,2.0,True,2.18,2.19,Pass
9222,1314269,HK142_MT2013_L03,MT2013,-16,False,8.0,8.3,9.6,,,9.0,A,4.0,True,3.92,3.84,Pass
9223,1327846,HK142_MT2013_L03,MT2013,-16,False,5.0,6.1,7.3,,,6.6,C+,2.5,True,2.28,2.51,Pass
9224,1351673,HK142_MT2013_L03,MT2013,-16,False,7.7,6.4,7.3,,,7.2,B,3.0,True,2.53,2.46,Pass
9225,1394224,HK142_MT2013_L03,MT2013,-16,False,6.7,5.7,6.6,,,6.4,C+,2.5,True,2.28,2.1,Pass
9226,1353586,HK142_MT2013_L03,MT2013,-16,False,6.0,6.2,7.1,,,6.7,C+,2.5,True,2.21,2.12,Pass
9227,1341012,HK142_MT2013_L03,MT2013,-16,False,5.4,5.3,5.4,,,5.4,D+,1.5,True,1.63,1.64,Pass
9228,1308256,HK142_MT2013_L03,MT2013,-16,False,7.4,6.3,7.2,,,7.1,B,3.0,True,2.44,2.55,Pass
9229,1330762,HK142_MT2013_L03,MT2013,-16,False,9.1,8.4,9.6,,,9.3,A,4.0,True,3.06,3.1,Pass
9230,1335317,HK142_MT2013_L03,MT2013,-16,False,6.4,7.2,5.8,,,6.2,C,2.0,True,2.35,2.2,Pass
9231,1347162,HK142_MT2013_L03,MT2013,-16,False,6.6,6.9,5.9,,,6.2,C,2.0,True,2.15,2.17,Pass
9232,1332812,HK142_MT2013_L03,MT2013,-16,False,5.1,5.6,5.3,,,5.3,D+,1.5,True,1.53,1.46,Pass
9233,1391900,HK142_MT2013_L03,MT2013,-16,False,5.7,5.0,5.6,,,5.5,C,2.0,True,2.09,1.93,Pass
9234,1398324,HK142_MT2013_L03,MT2013,-16,False,6.1,10.0,7.9,,,8.0,B+,3.5,True,2.65,2.54,Pass
9235,1389395,HK142_MT2013_L03,MT2013,-16,False,7.4,5.5,6.5,,,6.5,C+,2.5,True,2.05,1.85,Pass
9236,1317048,HK142_MT2013_L03,MT2013,-16,False,6.0,6.0,7.3,,,6.8,C+,2.5,True,2.32,2.25,Pass
9237,1361468,HK142_MT2013_L03,MT2013,-16,False,5.4,5.2,4.8,,,5.0,D+,1.5,True,1.74,1.59,Pass
9238,1366023,HK142_MT2013_L03,MT2013,-16,False,7.0,7.2,8.2,,,7.8,B,3.0,True,2.94,2.76,Pass
9239,1324338,HK142_MT2013_L03,MT2013,-16,False,6.4,4.9,6.7,,,6.3,C,2.0,True,2.25,2.13,Pass
9240,1337778,HK142_MT2013_L03,MT2013,-16,False,6.5,5.9,5.7,,,5.9,C,2.0,True,2.06,1.81,Pass
9241,1310032,HK142_MT2013_L03,MT2013,-16,False,7.8,7.0,6.4,,,6.8,C+,2.5,True,3.0,2.83,Pass
9242,1313951,HK142_MT2013_L03,MT2013,-16,False,8.9,8.3,7.2,,,7.8,B,3.0,True,3.25,3.25,Pass
9243,1322014,HK142_MT2013_L03,MT2013,-16,False,5.6,7.7,6.8,,,6.7,C+,2.5,True,2.44,2.52,Pass
9244,1379326,HK142_MT2013_L03,MT2013,-16,False,8.7,8.4,7.7,,,8.0,B+,3.5,True,3.21,3.33,Pass
9245,1303153,HK142_MT2013_L03,MT2013,-16,False,7.0,7.1,6.5,,,6.7,C+,2.5,True,2.35,2.38,Pass
9246,1332083,HK142_MT2013_L03,MT2013,-16,False,8.7,8.0,7.2,,,7.7,B,3.0,True,3.08,3.05,Pass
9247,1323017,HK142_MT2013_L03,MT2013,-16,False,7.0,6.9,6.5,,,6.7,C+,2.5,True,2.5,2.42,Pass
9248,1380921,HK142_MT2013_L03,MT2013,-16,False,9.6,9.0,7.9,,,8.5,A,4.0,True,4.0,4.0,Pass
9249,1366160,HK142_MT2013_L03,MT2013,-16,False,5.9,5.3,6.2,,,6.0,C,2.0,True,2.35,2.21,Pass
9250,1368802,HK142_MT2013_L03,MT2013,-16,False,8.8,8.1,7.1,,,7.6,B,3.0,True,2.82,2.9,Pass
9251,1365705,HK142_MT2013_L03,MT2013,-16,False,6.7,8.0,8.1,,,7.8,B,3.0,True,3.06,3.29,Pass
9252,1327572,HK142_MT2013_L03,MT2013,-16,False,8.6,6.1,7.8,,,7.6,B,3.0,True,3.03,3.02,Pass
9253,1349486,HK142_MT2013_L03,MT2013,-16,False,8.2,8.3,7.4,,,7.7,B,3.0,True,3.53,3.5,Pass
9254,1398187,HK142_MT2013_L03,MT2013,-16,False,6.7,6.4,6.9,,,6.8,C+,2.5,True,2.67,2.7,Pass
9255,1395090,HK142_MT2013_L03,MT2013,-16,False,5.6,4.7,5.2,,,5.2,D+,1.5,True,1.47,1.59,Pass
9256,1331217,HK142_MT2013_L03,MT2013,-16,False,5.5,5.7,6.4,,,6.1,C,2.0,True,1.92,1.74,Pass
9257,1385887,HK142_MT2013_L03,MT2013,-16,False,8.4,8.9,8.1,,,8.3,B+,3.5,True,3.36,3.4,Pass
9258,1343062,HK142_MT2013_L04,MT2013,-16,False,6.9,5.9,6.6,,,6.5,C+,2.5,True,2.15,2.27,Pass
9259,1342925,HK142_MT2013_L04,MT2013,-16,False,4.5,6.5,7.9,,,6.9,C+,2.5,True,2.0,2.06,Pass
9260,1332538,HK142_MT2013_L04,MT2013,-16,False,9.0,7.1,9.1,,,8.7,A,4.0,True,3.47,3.43,Pass
9261,1371263,HK142_MT2013_L04,MT2013,-16,False,4.5,5.9,6.8,,,6.2,C,2.0,True,1.82,1.59,Pass
9262,1368073,HK142_MT2013_L04,MT2013,-16,False,7.4,7.0,4.9,,,5.8,C,2.0,True,2.47,2.47,Pass
9263,1357686,HK142_MT2013_L04,MT2013,-16,False,8.5,7.6,9.2,,,8.7,A,4.0,True,3.71,3.58,Pass
9264,1311764,HK142_MT2013_L04,MT2013,-16,False,5.0,4.7,5.8,,,5.4,D+,1.5,True,1.74,1.6,Pass
9265,1370989,HK142_MT2013_L04,MT2013,-16,False,5.1,6.9,6.2,,,6.1,C,2.0,True,2.5,2.43,Pass
9266,1392903,HK142_MT2013_L04,MT2013,-16,False,6.3,6.2,6.4,,,6.3,C,2.0,True,2.14,2.25,Pass
9267,1394679,HK142_MT2013_L04,MT2013,-16,False,5.3,5.7,6.0,,,5.8,C,2.0,True,2.15,1.86,Pass
9268,1388666,HK142_MT2013_L04,MT2013,-16,False,7.9,7.6,7.9,,,7.8,B,3.0,True,3.17,3.13,Pass
9269,1334133,HK142_MT2013_L04,MT2013,-16,False,7.3,10.0,10.0,,,9.5,A+,4.0,True,4.0,3.91,Pass
9270,1342607,HK142_MT2013_L04,MT2013,-16,False,5.1,5.0,4.7,,,4.8,D,1.0,True,1.71,1.6,Pass
9271,1372584,HK142_MT2013_L04,MT2013,-16,False,8.8,6.8,7.6,,,7.7,B,3.0,True,3.08,3.01,Pass
9272,1331080,HK142_MT2013_L04,MT2013,-16,False,9.9,9.2,8.3,,,8.8,A,4.0,True,3.28,3.32,Pass
9273,1339691,HK142_MT2013_L04,MT2013,-16,False,7.7,6.2,6.9,,,6.9,C+,2.5,True,3.22,3.3,Pass
9274,1397458,HK142_MT2013_L04,MT2013,-16,False,6.9,6.9,6.4,,,6.6,C+,2.5,True,2.38,2.3,Pass
9275,1392037,HK142_MT2013_L04,MT2013,-16,False,7.4,8.0,8.0,,,7.9,B,3.0,True,3.06,3.06,Pass
9276,1316001,HK142_MT2013_L04,MT2013,-16,False,8.5,7.7,7.9,,,8.0,B+,3.5,True,3.33,3.23,Pass
9277,1378734,HK142_MT2013_L04,MT2013,-16,False,4.8,5.4,4.5,,,4.7,D,1.0,True,0.91,1.13,Pass
9278,1317459,HK142_MT2013_L04,MT2013,-16,False,7.0,7.5,6.1,,,6.6,C+,2.5,True,3.06,3.21,Pass
9279,1350944,HK142_MT2013_L04,MT2013,-16,False,6.9,8.3,8.5,,,8.1,B+,3.5,True,3.24,3.25,Pass
9280,1338096,HK142_MT2013_L04,MT2013,-16,False,5.7,6.7,6.9,,,6.6,C+,2.5,True,2.21,2.47,Pass
9281,1361331,HK142_MT2013_L04,MT2013,-16,False,8.0,7.7,7.7,,,7.8,B,3.0,True,3.29,3.35,Pass
9282,1339099,HK142_MT2013_L04,MT2013,-16,False,7.7,5.1,8.6,,,7.7,B,3.0,True,3.08,3.03,Pass
9283,1313085,HK142_MT2013_L04,MT2013,-16,False,6.3,6.5,5.4,,,5.8,C,2.0,True,2.41,2.3,Pass
9284,1382105,HK142_MT2013_L04,MT2013,-16,False,6.6,9.4,8.3,,,8.2,B+,3.5,True,3.11,3.06,Pass
9285,1341149,HK142_MT2013_L04,MT2013,-16,False,4.8,7.1,5.2,,,5.5,C,2.0,True,1.61,1.67,Pass
9286,1362926,HK142_MT2013_L04,MT2013,-16,False,7.8,9.0,8.1,,,8.2,B+,3.5,True,3.58,3.39,Pass
9287,1384155,HK142_MT2013_L04,MT2013,-16,False,5.0,4.9,5.5,,,5.3,D+,1.5,True,1.78,1.7,Pass
9288,1311490,HK142_MT2013_L04,MT2013,-16,False,8.2,8.1,7.5,,,7.8,B,3.0,True,3.78,3.9,Pass
9289,1363518,HK142_MT2013_L04,MT2013,-16,False,6.3,8.0,7.4,,,7.3,B,3.0,True,3.0,2.94,Pass
9290,1370534,HK142_MT2013_L04,MT2013,-16,False,6.4,5.4,6.6,,,6.3,C,2.0,True,2.38,2.43,Pass
9291,1396411,HK142_MT2013_L04,MT2013,-16,False,7.7,8.0,7.0,,,7.3,B,3.0,True,3.18,3.2,Pass
9292,1311172,HK142_MT2013_L04,MT2013,-16,False,5.0,5.4,5.3,,,5.3,D+,1.5,True,1.59,1.7,Pass
9293,1321559,HK142_MT2013_L04,MT2013,-16,False,6.5,7.2,7.8,,,7.4,B,3.0,True,2.62,2.53,Pass
9294,1325796,HK142_MT2013_L04,MT2013,-16,False,8.0,6.5,8.3,,,7.9,B,3.0,True,3.18,3.23,Pass
9295,1372721,HK142_MT2013_L04,MT2013,-16,False,8.1,8.7,6.8,,,7.4,B,3.0,True,3.31,3.09,Pass
9296,1324201,HK142_MT2013_L04,MT2013,-16,False,6.9,6.0,6.4,,,6.4,C+,2.5,True,2.65,2.51,Pass
9297,1387663,HK142_MT2013_L04,MT2013,-16,False,6.3,7.3,7.9,,,7.5,B,3.0,True,3.25,3.19,Pass
9298,1353449,HK142_MT2013_L04,MT2013,-16,False,9.3,9.9,9.0,,,9.2,A,4.0,True,4.0,4.0,Pass
9299,1316456,HK142_MT2013_L04,MT2013,-16,False,5.5,6.2,6.5,,,6.2,C,2.0,True,1.53,1.59,Pass
9300,1330351,HK142_MT2013_L04,MT2013,-16,False,8.1,7.7,7.5,,,7.7,B,3.0,True,3.17,3.27,Pass
9301,1380329,HK142_MT2013_L04,MT2013,-16,False,7.5,6.5,8.2,,,7.7,B,3.0,True,3.06,3.2,Pass
9302,1316593,HK142_MT2013_L04,MT2013,-16,False,6.0,7.5,5.9,,,6.2,C,2.0,True,2.29,2.27,Pass
9303,1396274,HK142_MT2013_L04,MT2013,-16,False,5.9,6.1,6.9,,,6.5,C+,2.5,True,2.35,2.33,Pass
9304,1359281,HK142_MT2013_L04,MT2013,-16,False,9.2,7.7,8.7,,,8.6,A,4.0,True,3.92,3.71,Pass
9305,1317914,HK142_MT2013_L04,MT2013,-16,False,7.4,7.5,6.1,,,6.6,C+,2.5,True,2.26,2.49,Pass
9306,1331809,HK142_MT2013_L04,MT2013,-16,False,7.2,6.3,7.7,,,7.3,B,3.0,True,2.47,2.28,Pass
9307,1364702,HK142_MT2013_L04,MT2013,-16,False,5.3,5.0,5.8,,,5.5,C,2.0,True,1.94,1.88,Pass
9308,1306798,HK142_MT2013_L04,MT2013,-16,False,8.3,7.5,7.8,,,7.8,B,3.0,True,3.06,3.09,Pass
9309,1391171,HK142_MT2013_L04,MT2013,-16,False,7.7,9.1,7.9,,,8.1,B+,3.5,True,3.47,3.39,Pass
9310,1340146,HK142_MT2013_L04,MT2013,-16,False,6.5,7.7,5.4,,,6.1,C,2.0,True,2.03,2.26,Pass
9311,1325067,HK142_MT2013_L04,MT2013,-16,False,6.3,7.5,6.4,,,6.6,C+,2.5,True,2.79,2.78,Pass
9312,1310761,HK142_MT2013_L04,MT2013,-16,False,8.4,9.5,9.4,,,9.2,A,4.0,True,3.92,3.89,Pass
9313,1384292,HK142_MT2013_L04,MT2013,-16,False,7.2,5.4,6.9,,,6.7,C+,2.5,True,2.5,2.45,Pass
9314,1348165,HK142_MT2013_L04,MT2013,-16,False,6.0,5.5,5.8,,,5.8,C,2.0,True,1.76,1.74,Pass
9315,1315272,HK142_MT2013_L04,MT2013,-16,False,7.2,6.0,5.7,,,6.1,C,2.0,True,2.15,2.2,Pass
9316,1318506,HK142_MT2013_L04,MT2013,-16,False,7.0,6.4,5.9,,,6.2,C,2.0,True,2.06,1.95,Pass
9317,1306206,HK142_MT2013_L04,MT2013,-16,False,5.7,6.5,6.3,,,6.2,C,2.0,True,2.21,2.08,Pass
9318,1313222,HK142_MT2013_L04,MT2013,-16,False,8.6,8.9,7.5,,,8.0,B+,3.5,True,3.12,3.33,Pass
9319,1317777,HK142_MT2013_L04,MT2013,-16,False,7.8,7.4,8.5,,,8.1,B+,3.5,True,2.94,2.92,Pass
9320,1316319,HK142_MT2013_L04,MT2013,-16,False,6.8,6.2,7.0,,,6.8,C+,2.5,True,2.26,2.39,Pass
9321,1384884,HK142_MT2013_L04,MT2013,-16,False,8.4,7.6,7.6,,,7.8,B,3.0,True,3.31,3.2,Pass
9322,1367481,HK142_MT2013_L04,MT2013,-16,False,7.8,7.2,7.6,,,7.6,B,3.0,True,2.92,3.1,Pass
9323,1383837,HK142_MT2013_L04,MT2013,-16,False,6.1,5.0,5.0,,,5.2,D+,1.5,True,1.65,1.78,Pass
9324,1373313,HK142_MT2013_L04,MT2013,-16,False,6.4,4.8,6.9,,,6.4,C+,2.5,True,2.81,2.81,Pass
9325,1313677,HK142_MT2013_L04,MT2013,-16,False,7.3,7.4,6.9,,,7.1,B,3.0,True,3.06,3.16,Pass
9326,1369213,HK142_MT2013_L04,MT2013,-16,False,7.4,7.9,8.5,,,8.2,B+,3.5,True,3.36,3.53,Pass
9327,1369805,HK142_MT2013_L04,MT2013,-16,False,6.9,8.4,6.7,,,7.1,B,3.0,True,3.56,3.7,Pass
9328,1332675,HK142_MT2013_L04,MT2013,-16,False,8.1,7.4,6.3,,,6.9,C+,2.5,True,3.06,3.25,Pass
9329,1301103,HK142_MT2013_L04,MT2013,-16,False,4.5,5.5,6.4,,,5.8,C,2.0,True,1.59,1.51,Pass
9330,1306661,HK142_MT2013_L04,MT2013,-16,False,7.3,6.9,8.4,,,7.9,B,3.0,True,3.44,3.34,Pass
9331,1344520,HK142_MT2013_L04,MT2013,-16,False,8.5,7.8,5.9,,,6.8,C+,2.5,True,2.65,2.62,Pass
9332,1366297,HK142_MT2013_L04,MT2013,-16,False,7.0,5.3,6.4,,,6.3,C,2.0,True,2.26,2.19,Pass
9333,1379600,HK142_MT2013_L04,MT2013,-16,False,5.7,5.2,4.9,,,5.1,D+,1.5,True,1.5,1.57,Pass
9334,1375955,HK142_MT2013_L04,MT2013,-16,False,6.8,7.2,6.8,,,6.9,C+,2.5,True,2.32,2.28,Pass
9335,1337504,HK142_MT2013_L04,MT2013,-16,False,4.1,5.3,5.5,,,5.2,D+,1.5,True,2.03,1.94,Pass
9336,1372447,HK142_MT2013_L04,MT2013,-16,False,8.8,8.5,6.5,,,7.4,B,3.0,True,3.08,3.07,Pass
9337,1302698,HK142_MT2013_L04,MT2013,-16,False,8.1,8.5,8.8,,,8.6,A,4.0,True,3.39,3.25,Pass
9338,1353131,HK142_MT2013_L04,MT2013,-16,False,8.5,9.1,8.1,,,8.4,B+,3.5,True,3.53,3.45,Pass
9339,1355773,HK142_MT2013_L04,MT2013,-16,False,5.6,4.8,6.6,,,6.0,C,2.0,True,2.0,1.95,Pass
9340,1380055,HK142_MT2013_L04,MT2013,-16,False,7.0,6.9,5.7,,,6.2,C,2.0,True,2.41,2.39,Pass
9341,1309714,HK142_MT2013_L04,MT2013,-16,False,8.0,6.9,8.3,,,8.0,B+,3.5,True,3.12,3.0,Pass
9342,1383563,HK142_MT2013_L04,MT2013,-16,False,8.2,7.9,8.4,,,8.3,B+,3.5,True,2.88,2.7,Pass
9343,1319827,HK142_MT2013_L04,MT2013,-16,False,6.8,6.1,5.8,,,6.1,C,2.0,True,2.12,2.34,Pass
9344,1375363,HK142_MT2013_L04,MT2013,-16,False,6.4,6.5,7.3,,,7.0,B,3.0,True,2.32,2.33,Pass
9345,1352128,HK142_MT2013_L04,MT2013,-16,False,7.7,8.7,7.4,,,7.7,B,3.0,True,3.39,3.31,Pass
9346,1305340,HK142_MT2013_L04,MT2013,-16,False,8.1,7.3,8.3,,,8.1,B+,3.5,True,3.36,3.3,Pass
9347,1375226,HK142_MT2013_L04,MT2013,-16,False,6.5,7.0,7.7,,,7.3,B,3.0,True,2.71,2.63,Pass
9348,1376684,HK142_MT2013_L04,MT2013,-16,False,7.1,6.7,6.4,,,6.6,C+,2.5,True,2.59,2.33,Pass
9349,1345978,HK142_MT2013_L04,MT2013,-16,False,8.0,8.6,9.1,,,8.8,A,4.0,True,3.92,3.83,Pass
9350,1300648,HK142_MT2013_L04,MT2013,-16,False,6.5,8.7,5.3,,,6.2,C,2.0,True,2.81,2.82,Pass
9351,1303290,HK142_MT2013_L04,MT2013,-16,False,8.6,7.1,4.8,,,6.0,C,2.0,True,3.19,3.26,Pass
9352,1350215,HK142_MT2013_L04,MT2013,-16,False,7.4,6.5,7.6,,,7.3,B,3.0,True,2.35,2.27,Pass
9353,1356365,HK142_MT2013_L04,MT2013,-16,False,9.4,7.7,9.1,,,8.9,A,4.0,True,3.39,3.2,Pass
9354,1356502,HK142_MT2013_L04,MT2013,-16,False,6.1,8.6,6.5,,,6.8,C+,2.5,True,2.35,2.28,Pass
9355,1320693,HK142_MT2013_L04,MT2013,-16,False,5.1,6.0,6.5,,,6.1,C,2.0,True,2.44,2.46,Pass
9356,1359736,HK142_MT2013_L04,MT2013,-16,False,8.6,8.8,8.6,,,8.6,A,4.0,True,3.61,3.52,Pass
9357,1315864,HK142_MT2013_L04,MT2013,-16,False,7.0,6.4,7.9,,,7.4,B,3.0,True,2.59,2.23,Pass
9358,1377550,HK142_MT2013_L04,MT2013,-16,False,4.2,4.5,5.4,,,5.0,D+,1.5,True,1.53,1.52,Pass
9359,1333267,HK142_MT2013_L04,MT2013,-16,False,5.7,4.2,4.4,,,4.6,D,1.0,True,1.72,1.42,Pass
9360,1376229,HK142_MT2013_L04,MT2013,-16,False,7.2,8.2,7.4,,,7.5,B,3.0,True,2.91,3.3,Pass
9361,1329759,HK142_MT2013_L04,MT2013,-16,False,7.7,6.4,8.6,,,8.0,B+,3.5,True,2.88,2.61,Pass
9362,1363244,HK142_MT2013_L04,MT2013,-16,False,9.2,9.4,7.1,,,8.0,B+,3.5,True,3.83,3.92,Pass
9363,1354452,HK142_MT2013_L04,MT2013,-16,False,8.2,8.5,6.6,,,7.3,B,3.0,True,3.0,3.16,Pass
9364,1348894,HK142_MT2013_L04,MT2013,-16,False,7.0,5.7,5.6,,,5.9,C,2.0,True,2.14,2.04,Pass
9365,1338962,HK142_MT2013_L04,MT2013,-16,False,5.9,5.8,6.8,,,6.4,C+,2.5,True,2.71,2.49,Pass
9366,1369942,HK142_MT2013_L04,MT2013,-16,False,7.4,6.5,5.7,,,6.2,C,2.0,True,2.56,2.33,Pass
9367,1304611,HK142_MT2013_L04,MT2013,-16,False,8.9,8.9,9.7,,,9.4,A,4.0,True,4.0,3.98,Pass
9368,1328301,HK142_MT2013_L04,MT2013,-16,False,5.6,5.1,4.2,,,4.7,D,1.0,True,1.09,1.63,Pass
9369,1303427,HK142_MT2013_L04,MT2013,-16,False,5.9,7.2,6.7,,,6.6,C+,2.5,True,2.65,2.57,Pass
9370,1334588,HK142_MT2013_L04,MT2013,-16,False,5.9,6.5,6.2,,,6.2,C,2.0,True,2.47,2.45,Pass
9371,1391582,HK142_MT2013_L04,MT2013,-16,False,5.5,6.2,7.4,,,6.8,C+,2.5,True,2.41,2.44,Pass
9372,1397003,HK142_MT2013_L04,MT2013,-16,False,6.2,5.9,4.7,,,5.2,D+,1.5,True,2.18,2.25,Pass
9373,1394679,HK142_IM1013_L01,IM1013,-16,False,4.8,6.9,6.2,,,6.1,C,2.0,True,2.15,1.86,Pass
9374,1347162,HK142_IM1013_L01,IM1013,-16,False,7.4,6.9,5.4,,,6.2,C,2.0,True,2.15,2.17,Pass
9375,1341741,HK142_IM1013_L01,IM1013,-16,False,6.6,7.3,7.9,,,7.5,B,3.0,True,3.17,3.06,Pass
9376,1345112,HK142_IM1013_L01,IM1013,-16,False,6.7,7.3,6.4,,,6.7,C+,2.5,True,2.41,2.39,Pass
9377,1339691,HK142_IM1013_L01,IM1013,-16,False,8.4,7.9,8.2,,,8.2,B+,3.5,True,3.22,3.3,Pass
9378,1317048,HK142_IM1013_L01,IM1013,-16,False,6.9,5.4,6.2,,,6.1,C,2.0,True,2.32,2.25,Pass
9379,1352857,HK142_IM1013_L01,IM1013,-16,False,9.2,8.1,8.4,,,8.5,A,4.0,True,4.0,3.99,Pass
9380,1361468,HK142_IM1013_L01,IM1013,-16,False,6.0,4.5,5.0,,,5.0,D+,1.5,True,1.74,1.59,Pass
9381,1398324,HK142_IM1013_L01,IM1013,-16,False,6.6,5.7,6.4,,,6.2,C,2.0,True,2.65,2.54,Pass
9382,1396866,HK142_IM1013_L01,IM1013,-16,False,7.7,8.5,8.9,,,8.5,A,4.0,True,4.0,3.66,Pass
9383,1342607,HK142_IM1013_L01,IM1013,-16,False,5.2,6.7,6.0,,,6.0,C,2.0,True,1.71,1.6,Pass
9384,1344657,HK142_IM1013_L01,IM1013,-16,False,7.0,5.8,6.3,,,6.3,C,2.0,True,2.22,2.15,Pass
9385,1334862,HK142_IM1013_L01,IM1013,-16,False,8.4,9.0,8.5,,,8.6,A,4.0,True,3.31,3.11,Pass
9386,1399782,HK142_IM1013_L01,IM1013,-16,False,8.4,5.9,5.4,,,6.2,C,2.0,True,3.19,3.23,Pass
9387,1342333,HK142_IM1013_L01,IM1013,-16,False,5.9,6.0,7.6,,,6.8,C+,2.5,True,2.5,2.3,Pass
9388,1383700,HK142_IM1013_L01,IM1013,-16,False,8.7,7.8,5.8,,,7.0,B,3.0,True,3.21,3.08,Pass
9389,1369668,HK142_IM1013_L01,IM1013,-16,False,6.0,6.3,5.6,,,5.9,C,2.0,True,2.09,2.33,Pass
9390,1323746,HK142_IM1013_L01,IM1013,-16,False,7.5,6.3,7.1,,,6.9,C+,2.5,True,2.47,2.48,Pass
9391,1311764,HK142_IM1013_L01,IM1013,-16,False,6.1,6.5,7.2,,,6.8,C+,2.5,True,1.74,1.6,Pass
9392,1394087,HK142_IM1013_L01,IM1013,-16,False,5.6,6.3,7.9,,,7.0,B,3.0,True,2.82,2.64,Pass
9393,1326114,HK142_IM1013_L01,IM1013,-16,False,7.2,8.1,6.9,,,7.3,B,3.0,True,2.47,2.39,Pass
9394,1343791,HK142_IM1013_L01,IM1013,-16,False,6.8,4.4,6.3,,,5.8,C,2.0,True,2.32,2.32,Pass
9395,1372721,HK142_IM1013_L01,IM1013,-16,False,7.6,9.5,8.2,,,8.5,A,4.0,True,3.31,3.09,Pass
9396,1343336,HK142_IM1013_L01,IM1013,-16,False,6.0,6.0,6.9,,,6.5,C+,2.5,True,2.44,2.41,Pass
9397,1324793,HK142_IM1013_L01,IM1013,-16,False,9.4,9.7,8.9,,,9.2,A,4.0,True,3.85,3.96,Pass
9398,1371263,HK142_IM1013_L01,IM1013,-16,False,4.8,6.0,5.3,,,5.4,D+,1.5,True,1.82,1.59,Pass
9399,1327846,HK142_IM1013_L01,IM1013,-16,False,6.0,6.8,6.2,,,6.3,C,2.0,True,2.28,2.51,Pass
9400,1318643,HK142_IM1013_L01,IM1013,-16,False,6.9,7.0,6.2,,,6.6,C+,2.5,True,2.35,2.36,Pass
9401,1366889,HK142_IM1013_L01,IM1013,-16,False,7.8,7.4,6.2,,,6.9,C+,2.5,True,2.68,2.62,Pass
9402,1330762,HK142_IM1013_L01,IM1013,-16,False,8.0,8.1,7.1,,,7.6,B,3.0,True,3.06,3.1,Pass
9403,1371581,HK142_IM1013_L01,IM1013,-16,False,7.4,6.4,7.2,,,7.0,B,3.0,True,2.76,2.64,Pass
9404,1382834,HK142_IM1013_L01,IM1013,-16,False,6.6,7.1,7.4,,,7.2,B,3.0,True,2.75,2.62,Pass
9405,1335454,HK142_IM1013_L01,IM1013,-16,False,9.6,8.0,8.3,,,8.5,A,4.0,True,3.44,3.3,Pass
9406,1349941,HK142_IM1013_L01,IM1013,-16,False,8.1,9.1,9.2,,,8.9,A,4.0,True,4.0,3.97,Pass
9407,1373905,HK142_IM1013_L01,IM1013,-16,False,8.5,7.2,4.4,,,6.1,C,2.0,True,2.21,2.36,Pass
9408,1358278,HK142_IM1013_L01,IM1013,-16,False,6.5,7.2,6.1,,,6.5,C+,2.5,True,2.41,2.45,Pass
9409,1370397,HK142_IM1013_L01,IM1013,-16,False,6.6,7.0,8.5,,,7.7,B,3.0,True,2.97,2.96,Pass
9410,1357686,HK142_IM1013_L01,IM1013,-16,False,7.8,8.5,9.3,,,8.8,A,4.0,True,3.71,3.58,Pass
9411,1328438,HK142_IM1013_L01,IM1013,-16,False,6.3,8.4,7.7,,,7.6,B,3.0,True,3.12,2.89,Pass
9412,1399645,HK142_IM1013_L01,IM1013,-16,False,6.9,4.8,7.5,,,6.6,C+,2.5,True,1.94,1.82,Pass
9413,1310761,HK142_IM1013_L01,IM1013,-16,False,8.8,8.7,8.3,,,8.5,A,4.0,True,3.92,3.89,Pass
9414,1354907,HK142_IM1013_L01,IM1013,-16,False,7.8,8.2,10.0,,,9.0,A,4.0,True,3.73,3.74,Pass
9415,1392174,HK142_IM1013_L01,IM1013,-16,False,8.8,10.0,8.5,,,9.0,A,4.0,True,4.0,3.89,Pass
9416,1390124,HK142_IM1013_L01,IM1013,-16,False,7.9,6.8,8.7,,,8.0,B+,3.5,True,3.47,3.38,Pass
9417,1388666,HK142_IM1013_L01,IM1013,-16,False,6.6,7.2,7.2,,,7.1,B,3.0,True,3.17,3.13,Pass
9418,1306206,HK142_IM1013_L01,IM1013,-16,False,7.3,6.0,5.9,,,6.2,C,2.0,True,2.21,2.08,Pass
9419,1326980,HK142_IM1013_L01,IM1013,-16,False,6.7,7.0,6.6,,,6.7,C+,2.5,True,2.56,2.57,Pass
9420,1329622,HK142_IM1013_L01,IM1013,-16,False,5.6,5.5,5.2,,,5.4,D+,1.5,True,1.62,1.77,Pass
9421,1350352,HK142_IM1013_L01,IM1013,-16,False,9.3,7.8,7.2,,,7.8,B,3.0,True,2.89,3.11,Pass
9422,1334270,HK142_IM1013_L01,IM1013,-16,False,7.0,10.0,7.3,,,8.1,B+,3.5,True,2.82,2.59,Pass
9423,1368484,HK142_IM1013_L01,IM1013,-16,False,5.3,6.5,4.5,,,5.3,D+,1.5,True,1.76,1.67,Pass
9424,1368210,HK142_IM1013_L01,IM1013,-16,False,10.0,9.8,9.6,,,9.7,A+,4.0,True,3.92,3.98,Pass
9425,1396137,HK142_IM1013_L01,IM1013,-16,False,6.3,9.0,7.8,,,7.9,B,3.0,True,3.31,3.37,Pass
9426,1365294,HK142_IM1013_L01,IM1013,-16,False,9.9,10.0,9.8,,,9.9,A+,4.0,True,4.0,4.0,Pass
9427,1385021,HK142_IM1013_L01,IM1013,-16,False,6.5,6.9,5.4,,,6.1,C,2.0,True,2.26,2.34,Pass
9428,1379326,HK142_IM1013_L01,IM1013,-16,False,7.7,7.5,8.1,,,7.8,B,3.0,True,3.21,3.33,Pass
9429,1309440,HK142_IM1013_L01,IM1013,-16,False,6.5,5.9,7.5,,,6.8,C+,2.5,True,2.44,2.35,Pass
9430,1352994,HK142_IM1013_L01,IM1013,-16,False,6.6,5.0,5.2,,,5.4,D+,1.5,True,2.06,2.19,Pass
9431,1377276,HK142_IM1013_L01,IM1013,-16,False,6.8,5.7,5.0,,,5.6,C,2.0,True,2.12,2.05,Pass
9432,1388529,HK142_IM1013_L01,IM1013,-16,False,8.0,6.7,6.5,,,6.9,C+,2.5,True,2.32,2.45,Pass
9433,1374771,HK142_IM1013_L01,IM1013,-16,False,8.2,7.8,8.0,,,8.0,B+,3.5,True,3.08,3.25,Pass
9434,1378871,HK142_IM1013_L01,IM1013,-16,False,8.3,6.6,8.6,,,7.9,B,3.0,True,3.36,3.25,Pass
9435,1376229,HK142_IM1013_L01,IM1013,-16,False,8.6,7.4,7.6,,,7.7,B,3.0,True,2.91,3.3,Pass
9436,1397140,HK142_IM1013_L01,IM1013,-16,False,5.4,5.1,4.8,,,5.0,D+,1.5,True,1.62,1.65,Pass
9437,1398598,HK142_IM1013_L01,IM1013,-16,False,6.4,6.3,7.5,,,6.9,C+,2.5,True,2.68,2.74,Pass
9438,1367618,HK142_IM1013_L01,IM1013,-16,False,6.1,5.8,7.1,,,6.5,C+,2.5,True,2.41,2.6,Pass
9439,1397732,HK142_IM1013_L01,IM1013,-16,False,6.1,5.0,5.5,,,5.5,C,2.0,True,2.35,2.48,Pass
9440,1380921,HK142_IM1013_L01,IM1013,-16,False,9.4,8.3,9.6,,,9.2,A,4.0,True,4.0,4.0,Pass
9441,1314680,HK142_IM1013_L01,IM1013,-16,False,7.3,8.0,7.9,,,7.8,B,3.0,True,3.0,3.08,Pass
9442,1361194,HK142_IM1013_L01,IM1013,-16,False,7.4,8.5,7.2,,,7.6,B,3.0,True,3.0,2.98,Pass
9443,1379600,HK142_IM1013_L01,IM1013,-16,False,4.8,5.1,5.2,,,5.1,D+,1.5,True,1.5,1.57,Pass
9444,1334588,HK142_IM1013_L01,IM1013,-16,False,5.1,9.6,8.3,,,8.1,B+,3.5,True,2.47,2.45,Pass
9445,1357960,HK142_IM1013_L01,IM1013,-16,False,4.6,4.8,4.8,,,4.8,D,1.0,True,1.39,1.59,Pass
9446,1333404,HK142_IM1013_L01,IM1013,-16,False,6.1,6.9,6.4,,,6.5,C+,2.5,True,2.26,2.46,Pass
9447,1311172,HK142_IM1013_L01,IM1013,-16,False,6.4,6.5,6.1,,,6.3,C,2.0,True,1.59,1.7,Pass
9448,1305932,HK142_IM1013_L01,IM1013,-16,False,7.4,4.9,7.8,,,6.8,C+,2.5,True,3.18,3.2,Pass
9449,1372310,HK142_IM1013_L01,IM1013,-16,False,4.8,4.4,4.7,,,4.6,D,1.0,True,1.56,1.7,Pass
9450,1395682,HK142_IM1013_L01,IM1013,-16,False,6.8,7.7,7.7,,,7.5,B,3.0,True,2.56,2.45,Pass
9451,1303882,HK142_IM1013_L01,IM1013,-16,False,7.5,7.8,9.2,,,8.4,B+,3.5,True,3.32,3.38,Pass
9452,1378142,HK142_IM1013_L01,IM1013,-16,False,8.4,7.7,6.5,,,7.2,B,3.0,True,3.06,3.13,Pass
9453,1339099,HK142_IM1013_L01,IM1013,-16,False,7.4,7.6,8.1,,,7.8,B,3.0,True,3.08,3.03,Pass
9454,1397869,HK142_IM1013_L01,IM1013,-16,False,10.0,7.9,9.0,,,8.9,A,4.0,True,4.0,4.0,Pass
9455,1315135,HK142_IM1013_L01,IM1013,-16,False,7.2,7.8,7.2,,,7.4,B,3.0,True,3.61,3.45,Pass
9456,1329030,HK142_IM1013_L01,IM1013,-16,False,6.4,6.5,6.4,,,6.4,C+,2.5,True,2.06,2.2,Pass
9457,1317322,HK142_IM1013_L01,IM1013,-16,False,6.1,6.5,6.3,,,6.3,C,2.0,True,2.56,2.48,Pass
9458,1373768,HK142_IM1013_L01,IM1013,-16,False,6.4,8.7,6.9,,,7.3,B,3.0,True,3.5,3.47,Pass
9459,1347299,HK142_IM1013_L01,IM1013,-16,False,7.0,6.2,6.8,,,6.7,C+,2.5,True,2.58,2.54,Pass
9460,1331946,HK142_IM1013_L01,IM1013,-16,False,7.7,8.6,7.8,,,8.0,B+,3.5,True,3.14,3.3,Pass
9461,1308985,HK142_IM1013_L01,IM1013,-16,False,7.1,7.7,6.7,,,7.1,B,3.0,True,3.15,3.06,Pass
9462,1356502,HK142_IM1013_L01,IM1013,-16,False,6.8,7.0,5.6,,,6.3,C,2.0,True,2.35,2.28,Pass
9463,1392629,HK142_IM1013_L01,IM1013,-16,False,6.4,5.5,7.3,,,6.6,C+,2.5,True,2.26,2.17,Pass
9464,1326843,HK142_IM1013_L01,IM1013,-16,False,5.2,6.9,6.6,,,6.4,C+,2.5,True,2.18,2.14,Pass
9465,1343062,HK142_IM1023_L01,IM1023,-16,False,6.1,,6.0,,7.6,6.3,C,2.0,True,2.15,2.27,Pass
9466,1397003,HK142_IM1023_L01,IM1023,-16,False,7.0,,6.5,,7.1,6.7,C+,2.5,True,2.18,2.25,Pass
9467,1320693,HK142_IM1023_L01,IM1023,-16,False,7.1,,6.8,,6.3,6.8,C+,2.5,True,2.44,2.46,Pass
9468,1303153,HK142_IM1023_L01,IM1023,-16,False,6.6,,6.5,,6.0,6.4,C+,2.5,True,2.35,2.38,Pass
9469,1392037,HK142_IM1023_L01,IM1023,-16,False,8.8,,7.1,,8.2,7.7,B,3.0,True,3.06,3.06,Pass
9470,1332538,HK142_IM1023_L01,IM1023,-16,False,6.5,,7.9,,8.0,7.6,B,3.0,True,3.47,3.43,Pass
9471,1332675,HK142_IM1023_L01,IM1023,-16,False,8.5,,7.6,,8.2,7.9,B,3.0,True,3.06,3.25,Pass
9472,1307390,HK142_IM1023_L01,IM1023,-16,False,7.8,,7.7,,6.6,7.5,B,3.0,True,3.0,3.03,Pass
9473,1347891,HK142_IM1023_L01,IM1023,-16,False,6.0,,6.6,,6.6,6.5,C+,2.5,True,2.09,1.97,Pass
9474,1377413,HK142_IM1023_L01,IM1023,-16,False,5.5,,6.4,,5.4,6.0,C,2.0,True,1.78,1.53,Pass
9475,1355499,HK142_IM1023_L01,IM1023,-16,False,6.0,,10.0,,9.0,9.0,A,4.0,True,4.0,4.0,Pass
9476,1311490,HK142_IM1023_L01,IM1023,-16,False,9.9,,9.5,,9.0,9.5,A+,4.0,True,3.78,3.9,Pass
9477,1357823,HK142_IM1023_L01,IM1023,-16,False,5.4,,6.2,,7.4,6.3,C,2.0,True,1.94,2.05,Pass
9478,1350078,HK142_IM1023_L01,IM1023,-16,False,4.8,,5.2,,6.9,5.5,C,2.0,True,1.82,1.92,Pass
9479,1397458,HK142_IM1023_L01,IM1023,-16,False,7.2,,6.6,,6.5,6.7,C+,2.5,True,2.38,2.3,Pass
9480,1340420,HK142_IM1023_L01,IM1023,-16,False,5.3,,6.6,,6.7,6.4,C+,2.5,True,1.79,1.76,Pass
9481,1389121,HK142_IM1023_L01,IM1023,-16,False,6.7,,6.8,,8.0,7.0,B,3.0,True,3.24,3.23,Pass
9482,1393950,HK142_IM1023_L01,IM1023,-16,False,6.3,,6.7,,5.5,6.4,C+,2.5,True,2.11,1.8,Pass
9483,1305340,HK142_IM1023_L01,IM1023,-16,False,7.6,,7.1,,7.8,7.3,B,3.0,True,3.36,3.3,Pass
9484,1376092,HK142_IM1023_L01,IM1023,-16,False,6.0,,5.8,,6.7,6.0,C,2.0,True,2.41,2.57,Pass
9485,1342470,HK142_IM1023_L01,IM1023,-16,False,7.9,,7.2,,7.4,7.4,B,3.0,True,3.53,3.32,Pass
9486,1301103,HK142_IM1023_L01,IM1023,-16,False,5.4,,4.2,,5.5,4.7,D,1.0,True,1.59,1.51,Pass
9487,1383563,HK142_IM1023_L01,IM1023,-16,False,6.3,,7.5,,6.3,7.0,B,3.0,True,2.88,2.7,Pass
9488,1375363,HK142_IM1023_L01,IM1023,-16,False,7.2,,6.3,,5.6,6.3,C,2.0,True,2.32,2.33,Pass
9489,1398187,HK142_IM1023_L01,IM1023,-16,False,6.0,,7.2,,6.5,6.8,C+,2.5,True,2.67,2.7,Pass
9490,1382971,HK142_IM1023_L01,IM1023,-16,False,7.1,,7.5,,6.6,7.2,B,3.0,True,2.82,2.63,Pass
9491,1352128,HK142_IM1023_L01,IM1023,-16,False,10.0,,8.4,,7.7,8.6,A,4.0,True,3.39,3.31,Pass
9492,1331217,HK142_IM1023_L01,IM1023,-16,False,4.0,,5.6,,5.9,5.3,D+,1.5,True,1.92,1.74,Pass
9493,1324201,HK142_IM1023_L01,IM1023,-16,False,7.2,,6.3,,6.8,6.6,C+,2.5,True,2.65,2.51,Pass
9494,1385158,HK142_IM1023_L01,IM1023,-16,False,7.0,,8.0,,7.5,7.7,B,3.0,True,3.61,3.23,Pass
9495,1382379,HK142_IM1023_L01,IM1023,-16,False,6.8,,6.7,,8.0,7.0,B,3.0,True,2.53,2.49,Pass
9496,1363518,HK142_IM1023_L01,IM1023,-16,False,6.8,,7.6,,7.3,7.4,B,3.0,True,3.0,2.94,Pass
9497,1364839,HK142_IM1023_L01,IM1023,-16,False,5.3,,5.9,,6.7,5.9,C,2.0,True,2.15,2.09,Pass
9498,1350215,HK142_IM1023_L01,IM1023,-16,False,6.2,,6.6,,6.3,6.5,C+,2.5,True,2.35,2.27,Pass
9499,1301695,HK142_IM1023_L01,IM1023,-16,False,6.9,,8.0,,7.9,7.8,B,3.0,True,3.17,3.17,Pass
9500,1395090,HK142_IM1023_L01,IM1023,-16,False,6.2,,5.0,,5.5,5.3,D+,1.5,True,1.47,1.59,Pass
9501,1338825,HK142_IM1023_L01,IM1023,-16,False,7.1,,8.4,,7.9,8.0,B+,3.5,True,3.31,3.25,Pass
9502,1310898,HK142_IM1023_L01,IM1023,-16,False,5.1,,7.3,,6.7,6.7,C+,2.5,True,2.59,2.46,Pass
9503,1349212,HK142_IM1023_L01,IM1023,-16,False,6.3,,6.1,,6.8,6.3,C,2.0,True,2.44,2.32,Pass
9504,1389987,HK142_IM1023_L01,IM1023,-16,False,8.2,,8.5,,8.9,8.5,A,4.0,True,4.0,3.99,Pass
9505,1327983,HK142_IM1023_L01,IM1023,-16,False,7.1,,6.4,,7.9,6.8,C+,2.5,True,3.03,3.17,Pass
9506,1373313,HK142_IM1023_L01,IM1023,-16,False,7.4,,6.5,,7.9,7.0,B,3.0,True,2.81,2.81,Pass
9507,1336046,HK142_IM1023_L01,IM1023,-16,False,8.2,,7.3,,9.2,7.9,B,3.0,True,3.73,3.78,Pass
9508,1387345,HK142_IM1023_L01,IM1023,-16,False,6.9,,7.9,,7.0,7.5,B,3.0,True,3.0,3.11,Pass
9509,1316593,HK142_IM1023_L01,IM1023,-16,False,7.8,,6.0,,6.8,6.5,C+,2.5,True,2.29,2.27,Pass
9510,1313540,HK142_IM1023_L01,IM1023,-16,False,5.9,,6.5,,5.8,6.2,C,2.0,True,1.79,1.73,Pass
9511,1368939,HK142_IM1023_L01,IM1023,-16,False,6.0,,7.3,,6.7,6.9,C+,2.5,True,2.29,2.24,Pass
9512,1396411,HK142_IM1023_L01,IM1023,-16,False,7.7,,7.8,,7.4,7.7,B,3.0,True,3.18,3.2,Pass
9513,1342925,HK142_IM1023_L01,IM1023,-16,False,6.0,,5.7,,7.0,6.0,C,2.0,True,2.0,2.06,Pass
9514,1368802,HK142_IM1023_L01,IM1023,-16,False,7.4,,6.4,,7.6,6.8,C+,2.5,True,2.82,2.9,Pass
9515,1300374,HK142_IM1023_L01,IM1023,-16,False,6.3,,5.7,,5.6,5.8,C,2.0,True,1.88,1.81,Pass
9516,1359873,HK142_IM1023_L01,IM1023,-16,False,6.7,,6.8,,5.1,6.4,C+,2.5,True,2.41,2.37,Pass
9517,1337049,HK142_IM1023_L01,IM1023,-16,False,8.5,,8.6,,5.7,8.0,B+,3.5,True,3.31,3.09,Pass
9518,1344520,HK142_IM1023_L01,IM1023,-16,False,7.2,,7.8,,6.9,7.5,B,3.0,True,2.65,2.62,Pass
9519,1362060,HK142_IM1023_L01,IM1023,-16,False,8.4,,8.6,,8.5,8.5,A,4.0,True,3.72,3.7,Pass
9520,1369942,HK142_IM1023_L01,IM1023,-16,False,7.4,,6.3,,6.0,6.5,C+,2.5,True,2.56,2.33,Pass
9521,1394361,HK142_IM1023_L01,IM1023,-16,False,8.1,,7.2,,7.9,7.5,B,3.0,True,3.33,3.34,Pass
9522,1326388,HK142_IM1023_L01,IM1023,-16,False,8.6,,9.1,,9.3,9.0,A,4.0,True,3.86,3.85,Pass
9523,1317185,HK142_IM1023_L01,IM1023,-16,False,6.3,,7.2,,6.7,6.9,C+,2.5,True,2.35,2.42,Pass
9524,1368073,HK142_IM1023_L01,IM1023,-16,False,5.9,,7.2,,7.4,7.0,B,3.0,True,2.47,2.47,Pass
9525,1320556,HK142_IM1023_L01,IM1023,-16,False,6.1,,6.4,,6.0,6.3,C,2.0,True,2.36,2.21,Pass
9526,1350670,HK142_IM1023_L01,IM1023,-16,False,7.1,,7.6,,6.5,7.3,B,3.0,True,2.53,2.52,Pass
9527,1388074,HK142_IM1023_L01,IM1023,-16,False,6.2,,7.0,,6.8,6.8,C+,2.5,True,2.32,2.4,Pass
9528,1330351,HK142_IM1023_L01,IM1023,-16,False,7.6,,7.7,,8.1,7.8,B,3.0,True,3.17,3.27,Pass
9529,1366160,HK142_IM1023_L01,IM1023,-16,False,4.9,,8.3,,7.0,7.4,B,3.0,True,2.35,2.21,Pass
9530,1310306,HK142_IM1023_L01,IM1023,-16,False,8.2,,10.0,,8.5,9.3,A,4.0,True,3.89,3.96,Pass
9531,1359736,HK142_IM1023_L01,IM1023,-16,False,9.0,,8.4,,8.5,8.5,A,4.0,True,3.61,3.52,Pass
9532,1382516,HK142_IM1023_L01,IM1023,-16,False,10.0,,9.4,,9.8,9.6,A+,4.0,True,3.85,3.94,Pass
9533,1362926,HK142_IM1023_L01,IM1023,-16,False,7.9,,7.6,,7.7,7.7,B,3.0,True,3.58,3.39,Pass
9534,1354178,HK142_IM1023_L01,IM1023,-16,False,7.7,,6.9,,6.0,6.9,C+,2.5,True,2.56,2.45,Pass
9535,1379008,HK142_IM1023_L01,IM1023,-16,False,6.3,,6.0,,6.5,6.2,C,2.0,True,2.74,2.73,Pass
9536,1303427,HK142_IM1023_L01,IM1023,-16,False,6.7,,7.2,,5.7,6.8,C+,2.5,True,2.65,2.57,Pass
9537,1381058,HK142_IM1023_L01,IM1023,-16,False,7.3,,8.1,,7.6,7.8,B,3.0,True,3.11,3.16,Pass
9538,1316319,HK142_IM1023_L01,IM1023,-16,False,6.6,,6.1,,6.8,6.3,C,2.0,True,2.26,2.39,Pass
9539,1355181,HK142_IM1023_L01,IM1023,-16,False,8.4,,7.7,,7.9,7.9,B,3.0,True,3.25,3.16,Pass
9540,1331354,HK142_IM1023_L01,IM1023,-16,False,6.9,,7.1,,7.9,7.2,B,3.0,True,2.56,2.39,Pass
9541,1375955,HK142_IM1023_L01,IM1023,-16,False,7.2,,5.1,,7.5,6.0,C,2.0,True,2.32,2.28,Pass
9542,1367755,HK142_IM1023_L01,IM1023,-16,False,7.3,,7.0,,6.8,7.0,B,3.0,True,2.78,2.66,Pass
9543,1374634,HK142_IM1023_L01,IM1023,-16,False,7.3,,6.7,,5.5,6.6,C+,2.5,True,1.76,1.69,Pass
9544,1349486,HK142_IM1023_L01,IM1023,-16,False,8.6,,7.2,,7.3,7.5,B,3.0,True,3.53,3.5,Pass
9545,1326525,HK142_IM1023_L01,IM1023,-16,False,10.0,,9.0,,7.9,9.0,A,4.0,True,3.92,3.92,Pass
9546,1304611,HK142_IM1023_L01,IM1023,-16,False,8.8,,9.5,,7.9,9.0,A,4.0,True,4.0,3.98,Pass
9547,1301240,HK142_IM1023_L01,IM1023,-16,False,7.1,,6.8,,7.8,7.1,B,3.0,True,2.81,3.01,Pass
9548,1336775,HK142_IM1023_L01,IM1023,-16,False,6.1,,6.2,,6.8,6.3,C,2.0,True,2.44,2.34,Pass
9549,1393632,HK142_IM1023_L01,IM1023,-16,False,6.6,,7.3,,8.2,7.3,B,3.0,True,2.74,2.72,Pass
9550,1370260,HK142_IM1023_L01,IM1023,-16,False,6.1,,4.8,,6.1,5.3,D+,1.5,True,1.91,2.08,Pass
9551,1355044,HK142_IM1023_L01,IM1023,-16,False,7.7,,8.4,,8.7,8.3,B+,3.5,True,3.17,3.24,Pass
9552,1373039,HK142_IM1023_L01,IM1023,-16,False,7.6,,4.4,,6.7,5.5,C,2.0,True,2.59,2.71,Pass
9553,1313951,HK142_IM1023_L01,IM1023,-16,False,8.9,,7.7,,8.8,8.2,B+,3.5,True,3.25,3.25,Pass
9554,1313085,HK142_IM1023_L01,IM1023,-16,False,8.4,,6.9,,6.6,7.1,B,3.0,True,2.41,2.3,Pass
9555,1339554,HK142_IM1023_L01,IM1023,-16,False,7.9,,7.5,,7.6,7.6,B,3.0,True,3.28,3.4,Pass
9556,1366434,HK142_IM1023_L01,IM1023,-16,False,7.1,,8.4,,7.3,7.9,B,3.0,True,3.28,3.34,Pass
9557,1338233,HK142_IM1023_L01,IM1023,-16,False,6.7,,6.9,,5.4,6.6,C+,2.5,True,2.41,2.3,Pass
9558,1365431,HK142_IM1023_L01,IM1023,-16,False,6.0,,8.0,,8.1,7.6,B,3.0,True,3.0,3.06,Pass
9559,1325522,HK142_IM1023_L01,IM1023,-16,False,6.4,,6.2,,5.9,6.2,C,2.0,True,2.39,2.36,Pass
9560,1326251,HK142_IM1023_L01,IM1023,-16,False,7.5,,5.7,,6.0,6.1,C,2.0,True,2.68,2.57,Pass
9561,1309714,HK142_IM1023_L01,IM1023,-16,False,7.7,,7.7,,7.6,7.7,B,3.0,True,3.12,3.0,Pass
9562,1317777,HK142_IM1023_L01,IM1023,-16,False,7.2,,7.5,,7.1,7.4,B,3.0,True,2.94,2.92,Pass
9563,1314998,HK142_IM1023_L01,IM1023,-16,False,6.8,,5.4,,4.2,5.4,D+,1.5,True,2.21,2.27,Pass
9564,1336912,HK142_IM1023_L01,IM1023,-16,False,6.0,,6.2,,6.8,6.3,C,2.0,True,2.38,2.18,Pass
9565,1314406,HK142_IM1023_L01,IM1023,-16,False,6.2,,6.3,,5.7,6.2,C,2.0,True,2.21,2.38,Pass
9566,1393358,HK142_IM1023_L01,IM1023,-16,False,5.4,,6.3,,6.4,6.1,C,2.0,True,2.28,2.36,Pass
9567,1305203,HK142_IM1023_L01,IM1023,-16,False,4.9,,6.9,,7.4,6.6,C+,2.5,True,2.59,2.37,Pass
9568,1300648,HK142_IM1023_L01,IM1023,-16,False,7.8,,8.0,,7.4,7.8,B,3.0,True,2.81,2.82,Pass
9569,1386342,HK142_IM1023_L01,IM1023,-16,False,8.1,,7.5,,7.5,7.6,B,3.0,True,3.0,3.33,Pass
9570,1315864,HK142_IM1023_L01,IM1023,-16,False,7.1,,7.2,,6.7,7.1,B,3.0,True,2.59,2.23,Pass
9571,1361923,HK142_IM1023_L01,IM1023,-16,False,7.9,,7.2,,8.0,7.5,B,3.0,True,3.47,3.3,Pass
9572,1317459,HK142_IM1023_L01,IM1023,-16,False,7.0,,8.4,,7.5,7.9,B,3.0,True,3.06,3.21,Pass
9573,1310169,HK142_IM1023_L01,IM1023,-16,False,7.8,,6.6,,6.9,6.9,C+,2.5,True,2.71,2.78,Pass
9574,1366752,HK142_IM1023_L01,IM1023,-16,False,8.5,,6.5,,7.1,7.0,B,3.0,True,2.71,2.36,Pass
9575,1308256,HK142_IM1025_L01,IM1025,-16,False,6.7,7.2,6.6,,,6.8,C+,2.5,True,2.44,2.55,Pass
9576,1337504,HK142_IM1025_L01,IM1025,-16,False,6.7,5.7,5.7,,,5.9,C,2.0,True,2.03,1.94,Pass
9577,1347436,HK142_IM1025_L01,IM1025,-16,False,6.7,7.4,6.2,,,6.7,C+,2.5,True,2.71,2.52,Pass
9578,1357094,HK142_IM1025_L01,IM1025,-16,False,7.5,8.5,8.3,,,8.2,B+,3.5,True,3.5,3.43,Pass
9579,1388803,HK142_IM1025_L01,IM1025,-16,False,8.4,6.7,6.4,,,6.9,C+,2.5,True,2.41,2.3,Pass
9580,1349623,HK142_IM1025_L01,IM1025,-16,False,6.0,6.6,6.4,,,6.4,C+,2.5,True,2.59,2.64,Pass
9581,1384884,HK142_IM1025_L01,IM1025,-16,False,7.8,8.1,8.5,,,8.2,B+,3.5,True,3.31,3.2,Pass
9582,1300966,HK142_IM1025_L01,IM1025,-16,False,6.3,6.1,4.8,,,5.5,C,2.0,True,1.59,1.69,Pass
9583,1355910,HK142_IM1025_L01,IM1025,-16,False,6.1,6.9,5.3,,,5.9,C,2.0,True,2.47,2.33,Pass
9584,1349349,HK142_IM1025_L01,IM1025,-16,False,6.2,5.0,6.1,,,5.8,C,2.0,True,1.88,1.77,Pass
9585,1369213,HK142_IM1025_L01,IM1025,-16,False,7.7,8.3,8.1,,,8.1,B+,3.5,True,3.36,3.53,Pass
9586,1369076,HK142_IM1025_L01,IM1025,-16,False,5.6,5.1,5.7,,,5.5,C,2.0,True,1.5,1.69,Pass
9587,1363244,HK142_IM1025_L01,IM1025,-16,False,10.0,5.3,9.8,,,8.5,A,4.0,True,3.83,3.92,Pass
9588,1316456,HK142_IM1025_L01,IM1025,-16,False,4.1,4.4,4.8,,,4.5,D,1.0,True,1.53,1.59,Pass
9589,1341149,HK142_IM1025_L01,IM1025,-16,False,5.3,5.0,4.3,,,4.7,D,1.0,True,1.61,1.67,Pass
9590,1390579,HK142_IM1025_L01,IM1025,-16,False,7.3,6.4,7.4,,,7.1,B,3.0,True,3.03,2.64,Pass
9591,1336320,HK142_IM1025_L01,IM1025,-16,False,7.1,5.9,6.6,,,6.5,C+,2.5,True,2.47,2.3,Pass
9592,1301377,HK142_IM1025_L01,IM1025,-16,False,7.5,6.1,6.2,,,6.4,C+,2.5,True,2.18,2.19,Pass
9593,1327254,HK142_IM1025_L01,IM1025,-16,False,6.4,6.6,6.5,,,6.5,C+,2.5,True,2.41,2.2,Pass
9594,1354452,HK142_IM1025_L01,IM1025,-16,False,7.9,8.2,8.0,,,8.0,B+,3.5,True,3.0,3.16,Pass
9595,1303290,HK142_IM1025_L01,IM1025,-16,False,7.4,8.0,8.5,,,8.1,B+,3.5,True,3.19,3.26,Pass
9596,1318506,HK142_IM1025_L01,IM1025,-16,False,4.0,6.1,6.3,,,5.8,C,2.0,True,2.06,1.95,Pass
9597,1311627,HK142_IM1025_L01,IM1025,-16,False,6.3,5.6,4.9,,,5.4,D+,1.5,True,2.29,2.19,Pass
9598,1340283,HK142_IM1025_L01,IM1025,-16,False,6.6,6.5,6.0,,,6.3,C,2.0,True,2.5,2.37,Pass
9599,1361786,HK142_IM1025_L01,IM1025,-16,False,8.3,7.4,8.1,,,7.9,B,3.0,True,3.09,3.17,Pass
9600,1385887,HK142_IM1025_L01,IM1025,-16,False,8.7,8.2,9.5,,,8.9,A,4.0,True,3.36,3.4,Pass
9601,1364110,HK142_IM1025_L01,IM1025,-16,False,7.8,7.5,7.9,,,7.8,B,3.0,True,3.39,3.28,Pass
9602,1320238,HK142_IM1025_L01,IM1025,-16,False,7.9,5.2,8.1,,,7.2,B,3.0,True,2.65,2.59,Pass
9603,1335317,HK142_IM1025_L01,IM1025,-16,False,5.7,6.0,9.8,,,7.8,B,3.0,True,2.35,2.2,Pass
9604,1390716,HK142_IM1025_L01,IM1025,-16,False,4.5,5.2,5.5,,,5.2,D+,1.5,True,1.85,1.75,Pass
9605,1379463,HK142_IM1025_L01,IM1025,-16,False,8.6,8.3,6.8,,,7.6,B,3.0,True,3.19,3.16,Pass
9606,1308848,HK142_IM1025_L01,IM1025,-16,False,8.4,8.0,7.7,,,7.9,B,3.0,True,3.28,3.05,Pass
9607,1364247,HK142_IM1025_L01,IM1025,-16,False,6.9,7.3,6.9,,,7.0,B,3.0,True,2.44,2.38,Pass
9608,1301969,HK142_IM1025_L01,IM1025,-16,False,5.9,8.0,6.6,,,6.9,C+,2.5,True,2.41,2.36,Pass
9609,1352402,HK142_IM1025_L01,IM1025,-16,False,8.9,7.9,8.2,,,8.2,B+,3.5,True,3.47,3.37,Pass
9610,1381787,HK142_IM1025_L01,IM1025,-16,False,8.7,8.6,8.5,,,8.6,A,4.0,True,3.92,3.85,Pass
9611,1324475,HK142_IM1025_L01,IM1025,-16,False,6.2,6.0,5.9,,,6.0,C,2.0,True,2.32,2.31,Pass
9612,1324064,HK142_IM1025_L01,IM1025,-16,False,5.6,7.2,7.2,,,6.9,C+,2.5,True,2.59,2.45,Pass
9613,1319827,HK142_IM1025_L01,IM1025,-16,False,6.1,5.9,6.1,,,6.0,C,2.0,True,2.12,2.34,Pass
9614,1366297,HK142_IM1025_L01,IM1025,-16,False,6.6,5.6,6.8,,,6.4,C+,2.5,True,2.26,2.19,Pass
9615,1330033,HK142_IM1025_L01,IM1025,-16,False,5.5,5.6,6.4,,,6.0,C,2.0,True,2.15,2.3,Pass
9616,1372584,HK142_IM1025_L01,IM1025,-16,False,7.4,7.2,7.7,,,7.5,B,3.0,True,3.08,3.01,Pass
9617,1367481,HK142_IM1025_L01,IM1025,-16,False,6.3,7.0,7.4,,,7.1,B,3.0,True,2.92,3.1,Pass
9618,1358689,HK142_IM1025_L01,IM1025,-16,False,6.4,8.2,6.8,,,7.1,B,3.0,True,2.76,2.55,Pass
9619,1375089,HK142_IM1025_L01,IM1025,-16,False,6.7,6.1,6.6,,,6.5,C+,2.5,True,2.31,2.25,Pass
9620,1310032,HK142_IM1025_L01,IM1025,-16,False,7.2,8.9,7.2,,,7.7,B,3.0,True,3.0,2.83,Pass
9621,1341604,HK142_IM1025_L01,IM1025,-16,False,9.0,8.1,7.4,,,7.9,B,3.0,True,3.19,3.06,Pass
9622,1311901,HK142_IM1025_L01,IM1025,-16,False,6.0,6.3,5.9,,,6.0,C,2.0,True,2.41,2.39,Pass
9623,1331080,HK142_IM1025_L01,IM1025,-16,False,6.7,8.6,8.1,,,8.0,B+,3.5,True,3.28,3.32,Pass
9624,1378279,HK142_IM1025_L01,IM1025,-16,False,6.4,7.4,5.5,,,6.2,C,2.0,True,2.18,2.11,Pass
9625,1360147,HK142_IM1025_L01,IM1025,-16,False,8.3,8.3,8.0,,,8.2,B+,3.5,True,3.47,3.19,Pass
9626,1324338,HK142_IM1025_L01,IM1025,-16,False,7.3,6.8,8.0,,,7.5,B,3.0,True,2.25,2.13,Pass
9627,1320830,HK142_IM1025_L01,IM1025,-16,False,7.1,8.2,8.5,,,8.1,B+,3.5,True,3.22,3.35,Pass
9628,1384566,HK142_IM1025_L01,IM1025,-16,False,9.0,7.5,6.9,,,7.5,B,3.0,True,3.26,3.31,Pass
9629,1358552,HK142_IM1025_L01,IM1025,-16,False,5.8,7.6,6.1,,,6.5,C+,2.5,True,2.65,2.52,Pass
9630,1351399,HK142_IM1025_L01,IM1025,-16,False,7.4,7.4,5.5,,,6.5,C+,2.5,True,2.59,2.38,Pass
9631,1319964,HK142_IM1025_L01,IM1025,-16,False,8.2,9.2,7.2,,,8.0,B+,3.5,True,3.11,3.05,Pass
9632,1338370,HK142_IM1025_L01,IM1025,-16,False,9.7,9.2,8.9,,,9.1,A,4.0,True,3.85,3.83,Pass
9633,1357231,HK142_IM1025_L01,IM1025,-16,False,6.8,5.1,5.6,,,5.7,C,2.0,True,2.44,2.33,Pass
9634,1392766,HK142_IM1025_L01,IM1025,-16,False,6.9,6.4,6.5,,,6.5,C+,2.5,True,2.62,2.62,Pass
9635,1330625,HK142_IM1025_L01,IM1025,-16,False,4.4,7.0,6.9,,,6.4,C+,2.5,True,2.26,2.24,Pass
9636,1316730,HK142_IM1025_L01,IM1025,-16,False,9.4,9.1,9.3,,,9.3,A,4.0,True,4.0,3.92,Pass
9637,1390853,HK142_IM1025_L01,IM1025,-16,False,8.7,7.1,7.3,,,7.5,B,3.0,True,3.0,3.24,Pass
9638,1395408,HK142_IM1025_L01,IM1025,-16,False,6.8,6.2,5.5,,,6.0,C,2.0,True,2.26,2.14,Pass
9639,1301832,HK142_IM1025_L01,IM1025,-16,False,3.8,7.0,6.1,,,5.9,C,2.0,True,1.47,1.34,Pass
9640,1318780,HK142_IM1025_L01,IM1025,-16,False,7.0,8.0,7.0,,,7.3,B,3.0,True,3.22,3.2,Pass
9641,1340146,HK142_IM1025_L01,IM1025,-16,False,6.0,7.3,5.9,,,6.3,C,2.0,True,2.03,2.26,Pass
9642,1391900,HK142_IM1025_L01,IM1025,-16,False,6.2,6.7,6.5,,,6.5,C+,2.5,True,2.09,1.93,Pass
9643,1334725,HK142_IM1025_L01,IM1025,-16,False,9.2,10.0,10.0,,,9.8,A+,4.0,True,3.92,3.97,Pass
9644,1340557,HK142_IM1025_L01,IM1025,-16,False,5.7,6.7,7.2,,,6.8,C+,2.5,True,2.72,2.48,Pass
9645,1337778,HK142_IM1025_L01,IM1025,-16,False,5.9,5.7,6.4,,,6.1,C,2.0,True,2.06,1.81,Pass
9646,1364976,HK142_IM1025_L01,IM1025,-16,False,7.9,8.3,7.4,,,7.8,B,3.0,True,3.35,3.2,Pass
9647,1386024,HK142_IM1025_L01,IM1025,-16,False,7.4,7.9,8.2,,,8.0,B+,3.5,True,3.5,3.25,Pass
9648,1353449,HK142_IM1025_L01,IM1025,-16,False,9.2,9.6,7.7,,,8.6,A,4.0,True,4.0,4.0,Pass
9649,1351673,HK142_IM1025_L01,IM1025,-16,False,6.0,6.6,5.7,,,6.0,C,2.0,True,2.53,2.46,Pass
9650,1364702,HK142_IM1025_L01,IM1025,-16,False,6.1,4.5,5.8,,,5.5,C,2.0,True,1.94,1.88,Pass
9651,1385750,HK142_IM1025_L01,IM1025,-16,False,6.8,7.3,7.6,,,7.3,B,3.0,True,2.59,2.42,Pass
9652,1340875,HK142_IM1025_L01,IM1025,-16,False,5.3,6.3,5.4,,,5.7,C,2.0,True,1.97,1.79,Pass
9653,1331809,HK142_IM1025_L01,IM1025,-16,False,7.0,4.8,6.5,,,6.1,C,2.0,True,2.47,2.28,Pass
9654,1392311,HK142_IM1025_L01,IM1025,-16,False,6.4,6.4,6.3,,,6.3,C,2.0,True,2.58,2.44,Pass
9655,1348894,HK142_IM1025_L01,IM1025,-16,False,6.0,6.3,6.1,,,6.1,C,2.0,True,2.14,2.04,Pass
9656,1344065,HK142_IM1025_L01,IM1025,-16,False,8.2,7.7,9.6,,,8.8,A,4.0,True,3.77,3.83,Pass
9657,1341878,HK142_IM1025_L01,IM1025,-16,False,6.9,7.0,7.8,,,7.4,B,3.0,True,2.82,2.77,Pass
9658,1303745,HK142_IM1025_L01,IM1025,-16,False,9.0,7.8,10.0,,,9.1,A,4.0,True,3.94,3.84,Pass
9659,1394953,HK142_IM1025_L01,IM1025,-16,False,6.4,6.9,6.3,,,6.5,C+,2.5,True,2.56,2.33,Pass
9660,1322743,HK142_IM1025_L01,IM1025,-16,False,6.2,6.9,5.9,,,6.3,C,2.0,True,2.09,2.3,Pass
9661,1334133,HK142_IM1025_L01,IM1025,-16,False,9.4,8.3,8.4,,,8.6,A,4.0,True,4.0,3.91,Pass
9662,1348028,HK142_IM1025_L01,IM1025,-16,False,7.1,6.6,6.5,,,6.6,C+,2.5,True,2.64,2.66,Pass
9663,1362515,HK142_IM1027_L01,IM1027,-16,False,8.1,8.4,9.6,,,8.9,A,4.0,True,3.69,3.88,Pass
9664,1360010,HK142_IM1027_L01,IM1027,-16,False,6.4,6.2,5.7,,,6.0,C,2.0,True,1.79,1.67,Pass
9665,1356639,HK142_IM1027_L01,IM1027,-16,False,6.8,6.1,5.8,,,6.1,C,2.0,True,2.32,2.1,Pass
9666,1384429,HK142_IM1027_L01,IM1027,-16,False,7.4,4.6,5.7,,,5.7,C,2.0,True,2.09,2.33,Pass
9667,1398916,HK142_IM1027_L01,IM1027,-16,False,8.5,8.8,6.7,,,7.7,B,3.0,True,3.42,3.3,Pass
9668,1348620,HK142_IM1027_L01,IM1027,-16,False,8.9,7.7,10.0,,,9.1,A,4.0,True,3.89,3.93,Pass
9669,1343928,HK142_IM1027_L01,IM1027,-16,False,8.6,9.3,7.8,,,8.4,B+,3.5,True,3.85,3.96,Pass
9670,1315727,HK142_IM1027_L01,IM1027,-16,False,6.2,6.8,7.5,,,7.0,B,3.0,True,2.44,2.41,Pass
9671,1371126,HK142_IM1027_L01,IM1027,-16,False,7.7,6.1,7.6,,,7.2,B,3.0,True,2.17,2.0,Pass
9672,1304885,HK142_IM1027_L01,IM1027,-16,False,7.7,6.0,7.1,,,6.9,C+,2.5,True,2.32,2.23,Pass
9673,1378005,HK142_IM1027_L01,IM1027,-16,False,9.1,7.0,8.1,,,8.0,B+,3.5,True,3.17,3.15,Pass
9674,1308711,HK142_IM1027_L01,IM1027,-16,False,7.3,8.1,6.9,,,7.3,B,3.0,True,3.44,3.63,Pass
9675,1396274,HK142_IM1027_L01,IM1027,-16,False,7.3,7.1,6.3,,,6.7,C+,2.5,True,2.35,2.33,Pass
9676,1346433,HK142_IM1027_L01,IM1027,-16,False,7.9,8.9,8.6,,,8.6,A,4.0,True,3.67,3.47,Pass
9677,1346115,HK142_IM1027_L01,IM1027,-16,False,6.1,5.6,6.6,,,6.2,C,2.0,True,2.24,2.32,Pass
9678,1389395,HK142_IM1027_L01,IM1027,-16,False,5.2,6.4,6.3,,,6.1,C,2.0,True,2.05,1.85,Pass
9679,1332083,HK142_IM1027_L01,IM1027,-16,False,9.5,7.1,7.5,,,7.8,B,3.0,True,3.08,3.05,Pass
9680,1306661,HK142_IM1027_L01,IM1027,-16,False,8.4,7.7,7.9,,,7.9,B,3.0,True,3.44,3.34,Pass
9681,1384292,HK142_IM1027_L01,IM1027,-16,False,6.8,6.6,6.9,,,6.8,C+,2.5,True,2.5,2.45,Pass
9682,1346570,HK142_IM1027_L01,IM1027,-16,False,5.9,6.9,5.3,,,5.9,C,2.0,True,2.06,1.73,Pass
9683,1344383,HK142_IM1027_L01,IM1027,-16,False,7.2,8.0,6.7,,,7.2,B,3.0,True,3.33,3.41,Pass
9684,1356365,HK142_IM1027_L01,IM1027,-16,False,8.1,7.5,7.5,,,7.6,B,3.0,True,3.39,3.2,Pass
9685,1306069,HK142_IM1027_L01,IM1027,-16,False,8.9,6.2,8.6,,,7.9,B,3.0,True,3.59,3.45,Pass
9686,1316001,HK142_IM1027_L01,IM1027,-16,False,7.5,7.7,9.5,,,8.6,A,4.0,True,3.33,3.23,Pass
9687,1318188,HK142_IM1027_L01,IM1027,-16,False,6.7,6.8,6.5,,,6.6,C+,2.5,True,2.32,2.45,Pass
9688,1322880,HK142_IM1027_L01,IM1027,-16,False,5.9,4.8,3.8,,,4.5,D,1.0,True,1.97,1.94,Pass
9689,1335591,HK142_IM1027_L01,IM1027,-16,False,7.3,6.3,7.2,,,6.9,C+,2.5,True,2.68,2.42,Pass
9690,1341012,HK142_IM1027_L01,IM1027,-16,False,5.0,5.8,4.9,,,5.2,D+,1.5,True,1.63,1.64,Pass
9691,1381513,HK142_IM1027_L01,IM1027,-16,False,8.1,7.1,8.8,,,8.2,B+,3.5,True,3.31,3.25,Pass
9692,1314269,HK142_IM1027_L01,IM1027,-16,False,9.4,9.9,8.7,,,9.2,A,4.0,True,3.92,3.84,Pass
9693,1345704,HK142_IM1027_L01,IM1027,-16,False,5.8,5.6,6.7,,,6.2,C,2.0,True,1.94,1.89,Pass
9694,1308393,HK142_IM1027_L01,IM1027,-16,False,8.5,10.0,8.4,,,8.9,A,4.0,True,3.81,3.87,Pass
9695,1372447,HK142_IM1027_L01,IM1027,-16,False,7.7,7.9,8.9,,,8.4,B+,3.5,True,3.08,3.07,Pass
9696,1330488,HK142_IM1027_L01,IM1027,-16,False,7.7,7.7,7.0,,,7.3,B,3.0,True,3.03,3.25,Pass
9697,1399919,HK142_IM1027_L01,IM1027,-16,False,7.1,8.9,9.1,,,8.6,A,4.0,True,3.28,3.36,Pass
9698,1307664,HK142_IM1027_L01,IM1027,-16,False,7.0,4.8,6.9,,,6.3,C,2.0,True,2.44,2.46,Pass
9699,1387800,HK142_IM1027_L01,IM1027,-16,False,7.8,5.4,6.7,,,6.5,C+,2.5,True,2.5,2.35,Pass
9700,1377550,HK142_IM1027_L01,IM1027,-16,False,5.6,4.9,5.9,,,5.5,C,2.0,True,1.53,1.52,Pass
9701,1363973,HK142_IM1027_L01,IM1027,-16,False,6.3,4.8,6.6,,,6.0,C,2.0,True,1.79,1.62,Pass
9702,1387071,HK142_IM1027_L01,IM1027,-16,False,7.5,8.8,8.3,,,8.3,B+,3.5,True,3.28,3.45,Pass
9703,1352720,HK142_IM1027_L01,IM1027,-16,False,7.8,8.1,7.2,,,7.6,B,3.0,True,3.29,3.17,Pass
9704,1387937,HK142_IM1027_L01,IM1027,-16,False,7.5,8.5,7.9,,,8.0,B+,3.5,True,3.08,3.05,Pass
9705,1322014,HK142_IM1027_L01,IM1027,-16,False,7.3,6.1,6.9,,,6.7,C+,2.5,True,2.44,2.52,Pass
9706,1381650,HK142_IM1027_L01,IM1027,-16,False,6.2,6.4,6.3,,,6.3,C,2.0,True,2.18,2.19,Pass
9707,1345386,HK142_IM1027_L01,IM1027,-16,False,8.2,8.0,7.2,,,7.6,B,3.0,True,2.94,2.93,Pass
9708,1363381,HK142_IM1027_L01,IM1027,-16,False,7.9,8.1,7.0,,,7.5,B,3.0,True,2.92,3.06,Pass
9709,1312948,HK142_IM1027_L01,IM1027,-16,False,6.5,7.3,7.6,,,7.3,B,3.0,True,2.65,2.59,Pass
9710,1308119,HK142_IM1027_L01,IM1027,-16,False,8.9,8.7,6.8,,,7.8,B,3.0,True,3.25,3.36,Pass
9711,1346844,HK142_IM1027_L01,IM1027,-16,False,7.3,7.4,6.8,,,7.1,B,3.0,True,2.91,2.78,Pass
9712,1313677,HK142_IM1027_L01,IM1027,-16,False,8.0,7.4,8.0,,,7.8,B,3.0,True,3.06,3.16,Pass
9713,1336638,HK142_IM1027_L01,IM1027,-16,False,9.1,9.2,7.8,,,8.5,A,4.0,True,3.5,3.29,Pass
9714,1345978,HK142_IM1027_L01,IM1027,-16,False,7.7,9.0,9.9,,,9.2,A,4.0,True,3.92,3.83,Pass
9715,1362197,HK142_IM1027_L01,IM1027,-16,False,8.7,7.7,7.5,,,7.8,B,3.0,True,3.08,3.07,Pass
9716,1327572,HK142_IM1027_L01,IM1027,-16,False,7.4,6.8,6.8,,,6.9,C+,2.5,True,3.03,3.02,Pass
9717,1359281,HK142_IM1027_L01,IM1027,-16,False,9.5,8.3,8.6,,,8.7,A,4.0,True,3.92,3.71,Pass
9718,1371855,HK142_IM1027_L01,IM1027,-16,False,5.4,4.1,4.7,,,4.7,D,1.0,True,1.47,1.37,Pass
9719,1336183,HK142_IM1027_L01,IM1027,-16,False,6.4,7.4,6.4,,,6.7,C+,2.5,True,2.79,2.92,Pass
9720,1309577,HK142_IM1027_L01,IM1027,-16,False,6.5,6.4,6.5,,,6.5,C+,2.5,True,2.5,2.33,Pass
9721,1338962,HK142_IM1027_L01,IM1027,-16,False,7.5,6.0,7.4,,,7.0,B,3.0,True,2.71,2.49,Pass
9722,1328575,HK142_IM1027_L01,IM1027,-16,False,7.5,7.1,6.4,,,6.8,C+,2.5,True,2.33,2.53,Pass
9723,1378597,HK142_IM1027_L01,IM1027,-16,False,6.0,6.5,7.0,,,6.7,C+,2.5,True,2.31,2.2,Pass
9724,1350944,HK142_IM1027_L01,IM1027,-16,False,7.7,8.2,7.2,,,7.6,B,3.0,True,3.24,3.25,Pass
9725,1338096,HK142_IM1027_L01,IM1027,-16,False,7.2,6.5,6.3,,,6.5,C+,2.5,True,2.21,2.47,Pass
9726,1317914,HK142_IM1027_L01,IM1027,-16,False,5.8,5.3,7.5,,,6.5,C+,2.5,True,2.26,2.49,Pass
9727,1343199,HK142_IM1027_L01,IM1027,-16,False,5.8,6.5,5.3,,,5.8,C,2.0,True,2.29,2.16,Pass
9728,1394224,HK142_IM1027_L01,IM1027,-16,False,6.1,6.1,7.3,,,6.7,C+,2.5,True,2.28,2.1,Pass
9729,1369805,HK142_IM1027_L01,IM1027,-16,False,10.0,8.7,9.9,,,9.6,A+,4.0,True,3.56,3.7,Pass
9730,1312493,HK142_IM1027_L01,IM1027,-16,False,7.4,8.9,9.2,,,8.8,A,4.0,True,3.5,3.26,Pass
9731,1325796,HK142_IM1027_L01,IM1027,-16,False,8.3,9.3,8.1,,,8.5,A,4.0,True,3.18,3.23,Pass
9732,1343654,HK142_IM1027_L01,IM1027,-16,False,5.7,6.6,7.3,,,6.8,C+,2.5,True,2.28,2.19,Pass
9733,1345249,HK142_IM1027_L01,IM1027,-16,False,8.7,7.6,7.8,,,7.9,B,3.0,True,3.28,3.34,Pass
9734,1329759,HK142_IM1027_L01,IM1027,-16,False,7.2,8.2,6.3,,,7.0,B,3.0,True,2.88,2.61,Pass
9735,1359007,HK142_IM1027_L01,IM1027,-16,False,3.3,6.7,5.5,,,5.4,D+,1.5,True,2.38,2.39,Pass
9736,1302424,HK142_IM1027_L01,IM1027,-16,False,6.1,6.8,4.2,,,5.4,D+,1.5,True,1.71,1.84,Pass
9737,1370534,HK142_IM1027_L01,IM1027,-16,False,6.2,7.6,6.2,,,6.6,C+,2.5,True,2.38,2.43,Pass
9738,1313222,HK142_IM1027_L01,IM1027,-16,False,8.7,7.3,6.3,,,7.1,B,3.0,True,3.12,3.33,Pass
9739,1399190,HK142_IM1027_L01,IM1027,-16,False,5.5,6.6,6.3,,,6.2,C,2.0,True,2.47,2.48,Pass
9740,1380329,HK142_IM1027_L01,IM1027,-16,False,9.6,8.4,6.8,,,7.8,B,3.0,True,3.06,3.2,Pass
9741,1333996,HK142_IM1027_L01,IM1027,-16,False,9.4,8.0,8.0,,,8.3,B+,3.5,True,3.75,3.86,Pass
9742,1318051,HK142_IM1027_L01,IM1027,-16,False,7.3,9.0,6.8,,,7.6,B,3.0,True,3.24,3.12,Pass
9743,1312356,HK142_IM1027_L01,IM1027,-16,False,6.5,7.4,6.8,,,6.9,C+,2.5,True,2.82,2.78,Pass
9744,1353586,HK142_IM1027_L01,IM1027,-16,False,4.7,6.5,7.0,,,6.4,C+,2.5,True,2.21,2.12,Pass
9745,1382105,HK142_IM1027_L01,IM1027,-16,False,9.1,7.7,6.7,,,7.5,B,3.0,True,3.11,3.06,Pass
9746,1368347,HK142_IM1027_L01,IM1027,-16,False,6.5,7.6,8.3,,,7.7,B,3.0,True,2.44,2.28,Pass
9747,1306935,HK142_IM1027_L01,IM1027,-16,False,7.1,6.6,6.4,,,6.6,C+,2.5,True,2.26,2.23,Pass
9748,1362789,HK142_IM1027_L01,IM1027,-16,False,8.1,8.0,7.8,,,7.9,B,3.0,True,3.28,3.34,Pass
9749,1333130,HK142_IM1027_L01,IM1027,-16,False,8.2,8.4,7.7,,,8.0,B+,3.5,True,3.33,3.18,Pass
9750,1325659,HK142_IM1027_L01,IM1027,-16,False,8.5,6.8,7.3,,,7.4,B,3.0,True,3.08,3.16,Pass
9751,1371992,HK142_IM1027_L01,IM1027,-16,False,6.9,6.8,7.0,,,6.9,C+,2.5,True,2.47,2.24,Pass
9752,1386479,HK142_IM1027_L01,IM1027,-16,False,6.8,6.1,6.2,,,6.3,C,2.0,True,2.47,2.4,Pass
9753,1380192,HK142_IM1027_L01,IM1027,-16,False,6.1,4.0,5.0,,,4.9,D,1.0,True,1.88,1.9,Pass
9754,1394816,HK142_IM1027_L01,IM1027,-16,False,5.6,6.7,6.3,,,6.3,C,2.0,True,2.21,2.3,Pass
9755,1380055,HK142_IM1027_L01,IM1027,-16,False,7.1,7.0,6.0,,,6.5,C+,2.5,True,2.41,2.39,Pass
9756,1391171,HK142_IM1027_L01,IM1027,-16,False,7.4,7.6,8.8,,,8.2,B+,3.5,True,3.47,3.39,Pass
9757,1356228,HK142_IM1027_L01,IM1027,-16,False,6.7,7.6,5.5,,,6.4,C+,2.5,True,2.53,2.45,Pass
9758,1380784,HK142_IM3001_L01,IM3001,-16,False,6.3,6.6,5.8,6.7,,6.2,C,2.0,True,2.41,2.25,Pass
9759,1366023,HK142_IM3001_L01,IM3001,-16,False,7.3,6.7,7.0,6.4,,6.9,C+,2.5,True,2.94,2.76,Pass
9760,1328301,HK142_IM3001_L01,IM3001,-16,False,4.1,5.5,3.0,4.5,,3.9,F,0.0,False,1.09,1.63,Fail
9761,1369531,HK142_IM3001_L01,IM3001,-16,False,6.2,5.4,6.5,6.2,,6.2,C,2.0,True,1.91,2.0,Pass
9762,1382242,HK142_IM3001_L01,IM3001,-16,False,9.9,7.7,8.4,8.3,,8.6,A,4.0,True,3.78,3.57,Pass
9763,1312219,HK142_IM3001_L01,IM3001,-16,False,9.0,9.9,7.9,7.9,,8.5,A,4.0,True,3.85,3.94,Pass
9764,1385613,HK142_IM3001_L01,IM3001,-16,False,6.0,6.5,7.5,6.5,,6.9,C+,2.5,True,2.47,2.46,Pass
9765,1397595,HK142_IM3001_L01,IM3001,-16,False,7.2,7.1,6.0,6.1,,6.5,C+,2.5,True,2.38,2.27,Pass
9766,1391582,HK142_IM3001_L01,IM3001,-16,False,7.2,7.2,5.6,7.5,,6.4,C+,2.5,True,2.41,2.44,Pass
9767,1355773,HK142_IM3001_L01,IM3001,-16,False,6.2,4.4,6.3,4.8,,5.8,C,2.0,True,2.0,1.95,Pass
9768,1319235,HK142_IM3001_L01,IM3001,-16,False,10.0,9.3,7.7,8.7,,8.6,A,4.0,True,3.83,3.83,Pass
9769,1322151,HK142_IM3001_L01,IM3001,-16,False,5.5,5.8,6.8,5.7,,6.2,C,2.0,True,2.18,2.23,Pass
9770,1387663,HK142_IM3001_L01,IM3001,-16,False,6.4,8.1,9.0,8.0,,8.2,B+,3.5,True,3.25,3.19,Pass
9771,1387208,HK142_IM3001_L01,IM3001,-16,False,7.9,8.1,7.6,6.4,,7.6,B,3.0,True,2.94,3.15,Pass
9772,1300511,HK142_IM3001_L01,IM3001,-16,False,7.7,7.8,9.6,8.4,,8.7,A,4.0,True,3.53,3.35,Pass
9773,1381376,HK142_IM3001_L01,IM3001,-16,False,7.5,8.1,6.2,8.4,,7.1,B,3.0,True,3.33,3.43,Pass
9774,1321559,HK142_IM3001_L01,IM3001,-16,False,6.6,7.1,9.2,5.8,,7.9,B,3.0,True,2.62,2.53,Pass
9775,1320101,HK142_IM3001_L01,IM3001,-16,False,7.9,7.5,8.0,7.9,,7.9,B,3.0,True,3.31,3.16,Pass
9776,1354315,HK142_IM3001_L01,IM3001,-16,False,9.1,7.3,7.1,7.2,,7.5,B,3.0,True,2.53,2.41,Pass
9777,1360739,HK142_IM3001_L01,IM3001,-16,False,6.7,8.0,6.5,8.4,,7.0,B,3.0,True,3.25,3.3,Pass
9778,1399053,HK142_IM3001_L01,IM3001,-16,False,6.5,6.5,7.0,6.6,,6.8,C+,2.5,True,2.64,2.44,Pass
9779,1352265,HK142_IM3001_L01,IM3001,-16,False,7.8,7.8,7.5,8.4,,7.7,B,3.0,True,2.94,3.16,Pass
9780,1327117,HK142_IM3001_L01,IM3001,-16,False,7.0,6.9,7.2,7.2,,7.1,B,3.0,True,3.0,2.88,Pass
9781,1367026,HK142_IM3001_L01,IM3001,-16,False,8.7,8.8,8.9,8.9,,8.8,A,4.0,True,3.83,3.82,Pass
9782,1307982,HK142_IM3001_L01,IM3001,-16,False,6.7,7.0,8.3,6.7,,7.6,B,3.0,True,2.89,2.93,Pass
9783,1323472,HK142_IM3001_L01,IM3001,-16,False,5.6,6.3,5.9,5.4,,5.9,C,2.0,True,2.26,2.5,Pass
9784,1325067,HK142_IM3001_L01,IM3001,-16,False,5.6,8.2,7.2,6.8,,7.0,B,3.0,True,2.79,2.78,Pass
9785,1306798,HK142_IM3001_L01,IM3001,-16,False,8.1,7.4,7.2,8.1,,7.5,B,3.0,True,3.06,3.09,Pass
9786,1302106,HK142_IM3001_L01,IM3001,-16,False,7.6,6.6,6.8,8.4,,7.1,B,3.0,True,2.71,2.6,Pass
9787,1359144,HK142_IM3001_L01,IM3001,-16,False,8.3,10.0,8.7,9.9,,9.0,A,4.0,True,4.0,4.0,Pass
9788,1373176,HK142_IM3001_L01,IM3001,-16,False,5.6,6.2,5.3,6.1,,5.6,C,2.0,True,1.94,1.93,Pass
9789,1313814,HK142_IM3001_L01,IM3001,-16,False,7.5,7.7,7.0,7.9,,7.3,B,3.0,True,3.15,3.1,Pass
9790,1321422,HK142_IM3001_L01,IM3001,-16,False,7.9,7.7,7.0,8.0,,7.4,B,3.0,True,3.17,3.11,Pass
9791,1310443,HK142_IM3001_L01,IM3001,-16,False,8.2,9.0,9.3,9.7,,9.1,A,4.0,True,4.0,3.95,Pass
9792,1342196,HK142_IM3001_L01,IM3001,-16,False,9.0,7.0,7.0,8.5,,7.6,B,3.0,True,3.35,3.2,Pass
9793,1365705,HK142_IM3001_L01,IM3001,-16,False,8.7,5.0,9.0,6.7,,7.9,B,3.0,True,3.06,3.29,Pass
9794,1355636,HK142_IM3001_L01,IM3001,-16,False,5.3,5.6,5.6,5.2,,5.5,C,2.0,True,1.76,1.8,Pass
9795,1376821,HK142_IM3001_L01,IM3001,-16,False,7.2,6.7,6.9,8.2,,7.1,B,3.0,True,2.88,2.57,Pass
9796,1300237,HK142_IM3001_L01,IM3001,-16,False,8.1,9.8,6.7,7.6,,7.7,B,3.0,True,3.0,3.34,Pass
9797,1395819,HK142_IM3001_L01,IM3001,-16,False,6.2,7.7,6.0,5.2,,6.3,C,2.0,True,2.38,2.45,Pass
9798,1383837,HK142_IM3001_L01,IM3001,-16,False,5.4,5.3,5.8,5.2,,5.6,C,2.0,True,1.65,1.78,Pass
9799,1304019,HK142_IM3001_L01,IM3001,-16,False,8.3,10.0,7.6,9.7,,8.4,B+,3.5,True,3.92,3.97,Pass
9800,1305477,HK142_IM3001_L01,IM3001,-16,False,6.4,7.6,7.0,8.0,,7.1,B,3.0,True,2.62,2.77,Pass
9801,1353131,HK142_IM3001_L01,IM3001,-16,False,7.7,7.3,8.5,9.9,,8.2,B+,3.5,True,3.53,3.45,Pass
9802,1327709,HK142_IM3001_L01,IM3001,-16,False,6.3,6.0,7.5,6.5,,6.9,C+,2.5,True,2.65,2.49,Pass
9803,1393495,HK142_IM3001_L01,IM3001,-16,False,7.1,7.7,6.2,7.1,,6.8,C+,2.5,True,2.85,2.83,Pass
9804,1304474,HK142_IM3001_L01,IM3001,-16,False,6.3,5.5,6.2,5.5,,6.0,C,2.0,True,1.88,1.77,Pass
9805,1375226,HK142_IM3001_L01,IM3001,-16,False,6.2,7.2,7.7,6.0,,7.1,B,3.0,True,2.71,2.63,Pass
9806,1302561,HK142_IM3001_L01,IM3001,-16,False,8.2,8.7,6.9,8.4,,7.7,B,3.0,True,3.31,3.33,Pass
9807,1304748,HK142_IM3001_L01,IM3001,-16,False,9.2,8.6,7.6,7.5,,8.1,B+,3.5,True,3.11,3.24,Pass
9808,1348165,HK142_IM3001_L01,IM3001,-16,False,5.1,5.5,5.7,5.5,,5.5,C,2.0,True,1.76,1.74,Pass
9809,1307527,HK142_IM3001_L01,IM3001,-16,False,7.4,8.3,8.1,8.3,,8.0,B+,3.5,True,3.38,3.44,Pass
9810,1315272,HK142_IM3001_L01,IM3001,-16,False,6.5,7.4,7.1,5.5,,6.9,C+,2.5,True,2.15,2.2,Pass
9811,1376684,HK142_IM3001_L01,IM3001,-16,False,7.7,6.7,6.2,5.9,,6.6,C+,2.5,True,2.59,2.33,Pass
9812,1314543,HK142_IM3001_L01,IM3001,-16,False,4.7,5.7,5.9,6.1,,5.6,C,2.0,True,1.75,1.53,Pass
9813,1323609,HK142_IM3001_L01,IM3001,-16,False,8.1,7.8,7.8,8.6,,7.9,B,3.0,True,3.75,3.93,Pass
9814,1391445,HK142_IM3001_L01,IM3001,-16,False,6.5,6.3,7.6,7.8,,7.1,B,3.0,True,2.74,2.55,Pass
9815,1375818,HK142_IM3001_L01,IM3001,-16,False,7.8,9.3,7.5,6.9,,7.9,B,3.0,True,2.58,2.95,Pass
9816,1389258,HK142_IM3001_L01,IM3001,-16,False,10.0,9.0,9.6,10.0,,9.6,A+,4.0,True,4.0,4.0,Pass
9817,1375500,HK142_IM3001_L01,IM3001,-16,False,5.6,7.3,6.8,8.1,,6.8,C+,2.5,True,2.76,2.7,Pass
9818,1322288,HK142_IM3001_L01,IM3001,-16,False,6.1,6.1,6.6,7.9,,6.5,C+,2.5,True,2.18,2.24,Pass
9819,1302698,HK142_IM3001_L01,IM3001,-16,False,6.9,8.1,6.8,7.7,,7.2,B,3.0,True,3.39,3.25,Pass
9820,1377868,HK142_IM3001_L01,IM3001,-16,False,6.3,5.9,5.9,6.5,,6.0,C,2.0,True,2.47,2.42,Pass
9821,1329304,HK142_IM3001_L01,IM3001,-16,False,7.8,7.7,7.6,8.8,,7.8,B,3.0,True,3.17,3.22,Pass
9822,1351991,HK142_IM3001_L01,IM3001,-16,False,7.3,7.2,7.6,5.0,,7.2,B,3.0,True,2.94,2.74,Pass
9823,1307253,HK142_IM3001_L01,IM3001,-16,False,7.8,6.3,7.1,7.3,,7.1,B,3.0,True,3.31,3.25,Pass
9824,1371718,HK142_IM3001_L01,IM3001,-16,False,8.3,8.5,6.8,8.8,,7.6,B,3.0,True,3.09,3.2,Pass
9825,1348757,HK142_IM3001_L01,IM3001,-16,False,5.0,4.4,8.2,4.5,,6.4,C+,2.5,True,1.71,1.58,Pass
9826,1335909,HK142_IM3001_L01,IM3001,-16,False,7.1,5.9,5.7,3.5,,5.8,C,2.0,True,2.35,2.36,Pass
9827,1358415,HK142_IM3001_L01,IM3001,-16,False,8.0,6.9,9.0,6.2,,8.1,B+,3.5,True,3.08,2.98,Pass
9828,1311035,HK142_IM3001_L01,IM3001,-16,False,8.2,9.3,6.8,7.3,,7.6,B,3.0,True,3.44,3.3,Pass
9829,1389850,HK142_IM3001_L01,IM3001,-16,False,7.1,5.1,6.2,6.0,,6.1,C,2.0,True,1.82,1.64,Pass
9830,1339417,HK142_IM3001_L01,IM3001,-16,False,7.1,7.0,6.1,7.7,,6.6,C+,2.5,True,2.72,2.57,Pass
9831,1337641,HK142_IM3001_L01,IM3001,-16,False,7.8,6.9,7.5,8.3,,7.5,B,3.0,True,3.31,3.26,Pass
9832,1329167,HK142_IM3001_L01,IM3001,-16,False,8.8,9.4,9.3,9.5,,9.2,A,4.0,True,3.85,3.91,Pass
9833,1339828,HK142_IM3001_L01,IM3001,-16,False,7.7,9.2,8.4,8.5,,8.4,B+,3.5,True,3.69,3.43,Pass
9834,1360465,HK142_IM3001_L01,IM3001,-16,False,7.4,7.2,5.8,7.0,,6.5,C+,2.5,True,2.68,2.52,Pass
9835,1323017,HK142_IM3001_L01,IM3001,-16,False,6.7,8.0,6.6,5.9,,6.8,C+,2.5,True,2.5,2.42,Pass
9836,1398461,HK142_IM3001_L01,IM3001,-16,False,6.7,10.0,8.6,8.1,,8.4,B+,3.5,True,3.31,3.38,Pass
9837,1361331,HK142_IM3001_L01,IM3001,-16,False,6.4,8.2,6.7,8.3,,7.1,B,3.0,True,3.29,3.35,Pass
9838,1392903,HK142_IM3001_L01,IM3001,-16,False,7.7,6.7,5.3,5.4,,6.1,C,2.0,True,2.14,2.25,Pass
9839,1353860,HK142_IM3001_L01,IM3001,-16,False,6.4,6.5,6.8,6.4,,6.6,C+,2.5,True,2.32,2.22,Pass
9840,1374497,HK142_IM3001_L01,IM3001,-16,False,7.3,8.3,8.3,7.9,,8.1,B+,3.5,True,3.44,3.28,Pass
9841,1370989,HK142_IM3001_L01,IM3001,-16,False,9.7,8.5,5.6,7.0,,7.1,B,3.0,True,2.5,2.43,Pass
9842,1333541,HK142_IM3001_L01,IM3001,-16,False,6.8,6.0,6.7,6.8,,6.6,C+,2.5,True,2.32,2.37,Pass
9843,1354907,HK142_IM1011_L01,IM1011,-16,False,,,8.1,,,8.1,B+,3.5,True,3.73,3.74,Pass
9844,1312219,HK142_IM1011_L01,IM1011,-16,False,,,8.3,,,8.3,B+,3.5,True,3.85,3.94,Pass
9845,1370397,HK142_IM1011_L01,IM1011,-16,False,,,8.1,,,8.1,B+,3.5,True,2.97,2.96,Pass
9846,1319235,HK142_IM1011_L01,IM1011,-16,False,,,9.1,,,9.1,A,4.0,True,3.83,3.83,Pass
9847,1300237,HK142_IM1011_L01,IM1011,-16,False,,,7.4,,,7.4,B,3.0,True,3.0,3.34,Pass
9848,1381787,HK142_IM1011_L01,IM1011,-16,False,,,8.5,,,8.5,A,4.0,True,3.92,3.85,Pass
9849,1329167,HK142_IM1011_L01,IM1011,-16,False,,,9.3,,,9.3,A,4.0,True,3.85,3.91,Pass
9850,1379463,HK142_IM1011_L01,IM1011,-16,False,,,7.9,,,7.9,B,3.0,True,3.19,3.16,Pass
9851,1365431,HK142_IM1011_L01,IM1011,-16,False,,,8.4,,,8.4,B+,3.5,True,3.0,3.06,Pass
9852,1314543,HK142_IM1011_L01,IM1011,-16,False,,,5.2,,,5.2,D+,1.5,True,1.75,1.53,Pass
9853,1381058,HK142_IM1011_L01,IM1011,-16,False,,,7.8,,,7.8,B,3.0,True,3.11,3.16,Pass
9854,1388666,HK142_IM1011_L01,IM1011,-16,False,,,10.0,,,10.0,A+,4.0,True,3.17,3.13,Pass
9855,1343928,HK142_IM1011_L01,IM1011,-16,False,,,9.3,,,9.3,A,4.0,True,3.85,3.96,Pass
9856,1332083,HK142_IM1011_L01,IM1011,-16,False,,,7.9,,,7.9,B,3.0,True,3.08,3.05,Pass
9857,1334133,HK142_IM1011_L01,IM1011,-16,False,,,8.6,,,8.6,A,4.0,True,4.0,3.91,Pass
9858,1379600,HK142_IM1011_L01,IM1011,-16,False,,,4.4,,,4.4,D,1.0,True,1.5,1.57,Pass
9859,1339691,HK142_IM1011_L01,IM1011,-16,False,,,8.8,,,8.8,A,4.0,True,3.22,3.3,Pass
9860,1341604,HK142_IM1011_L01,IM1011,-16,False,,,6.9,,,6.9,C+,2.5,True,3.19,3.06,Pass
9861,1328575,HK142_IM1011_L01,IM1011,-16,False,,,6.6,,,6.6,C+,2.5,True,2.33,2.53,Pass
9862,1363381,HK142_IM1011_L01,IM1011,-16,False,,,6.4,,,6.4,C+,2.5,True,2.92,3.06,Pass
9863,1372584,HK142_IM1011_L01,IM1011,-16,False,,,7.2,,,7.2,B,3.0,True,3.08,3.01,Pass
9864,1368210,HK142_IM1011_L01,IM1011,-16,False,,,10.0,,,10.0,A+,4.0,True,3.92,3.98,Pass
9865,1344065,HK142_IM1011_L01,IM1011,-16,False,,,8.2,,,8.2,B+,3.5,True,3.77,3.83,Pass
9866,1389258,HK142_IM1011_L01,IM1011,-16,False,,,9.5,,,9.5,A+,4.0,True,4.0,4.0,Pass
9867,1375089,HK142_IM1011_L01,IM1011,-16,False,,,5.7,,,5.7,C,2.0,True,2.31,2.25,Pass
9868,1349941,HK142_IM1011_L01,IM1011,-16,False,,,10.0,,,10.0,A+,4.0,True,4.0,3.97,Pass
9869,1336046,HK142_IM1011_L01,IM1011,-16,False,,,9.7,,,9.7,A+,4.0,True,3.73,3.78,Pass
9870,1352857,HK142_IM1011_L01,IM1011,-16,False,,,9.2,,,9.2,A,4.0,True,4.0,3.99,Pass
9871,1332538,HK142_IM1011_L01,IM1011,-16,False,,,9.7,,,9.7,A+,4.0,True,3.47,3.43,Pass
9872,1381513,HK142_IM1011_L01,IM1011,-16,False,,,8.6,,,8.6,A,4.0,True,3.31,3.25,Pass
9873,1312493,HK142_IM1011_L01,IM1011,-16,False,,,8.6,,,8.6,A,4.0,True,3.5,3.26,Pass
9874,1346433,HK142_IM1011_L01,IM1011,-16,False,,,8.0,,,8.0,B+,3.5,True,3.67,3.47,Pass
9875,1387937,HK142_IM1021_L01,IM1021,-16,False,,,10.0,,,10.0,A+,4.0,True,3.08,3.05,Pass
9876,1343791,HK142_IM1021_L01,IM1021,-16,False,,,5.7,,,5.7,C,2.0,True,2.32,2.32,Pass
9877,1366023,HK142_IM1021_L01,IM1021,-16,False,,,7.2,,,7.2,B,3.0,True,2.94,2.76,Pass
9878,1326525,HK142_IM1021_L01,IM1021,-16,False,,,9.3,,,9.3,A,4.0,True,3.92,3.92,Pass
9879,1303745,HK142_IM1021_L01,IM1021,-16,False,,,10.0,,,10.0,A+,4.0,True,3.94,3.84,Pass
9880,1334862,HK142_IM1021_L01,IM1021,-16,False,,,7.4,,,7.4,B,3.0,True,3.31,3.11,Pass
9881,1382105,HK142_IM1021_L01,IM1021,-16,False,,,7.4,,,7.4,B,3.0,True,3.11,3.06,Pass
9882,1326388,HK142_IM1021_L01,IM1021,-16,False,,,8.4,,,8.4,B+,3.5,True,3.86,3.85,Pass
9883,1354907,HK142_IM1021_L01,IM1021,-16,False,,,8.3,,,8.3,B+,3.5,True,3.73,3.74,Pass
9884,1303290,HK142_IM1021_L01,IM1021,-16,False,,,8.1,,,8.1,B+,3.5,True,3.19,3.26,Pass
9885,1339554,HK142_IM1021_L01,IM1021,-16,False,,,8.1,,,8.1,B+,3.5,True,3.28,3.4,Pass
9886,1302698,HK142_IM1021_L01,IM1021,-16,False,,,7.0,,,7.0,B,3.0,True,3.39,3.25,Pass
9887,1317777,HK142_IM1021_L01,IM1021,-16,False,,,7.2,,,7.2,B,3.0,True,2.94,2.92,Pass
9888,1339417,HK142_IM1021_L01,IM1021,-16,False,,,7.3,,,7.3,B,3.0,True,2.72,2.57,Pass
9889,1361923,HK142_IM1021_L01,IM1021,-16,False,,,8.2,,,8.2,B+,3.5,True,3.47,3.3,Pass
9890,1387663,HK142_IM1021_L01,IM1021,-16,False,,,7.5,,,7.5,B,3.0,True,3.25,3.19,Pass
9891,1333996,HK142_IM1021_L01,IM1021,-16,False,,,8.2,,,8.2,B+,3.5,True,3.75,3.86,Pass
9892,1343928,HK142_IM1021_L01,IM1021,-16,False,,,8.4,,,8.4,B+,3.5,True,3.85,3.96,Pass
9893,1389987,HK142_IM1021_L01,IM1021,-16,False,,,9.6,,,9.6,A+,4.0,True,4.0,3.99,Pass
9894,1378142,HK142_IM1021_L01,IM1021,-16,False,,,7.1,,,7.1,B,3.0,True,3.06,3.13,Pass
9895,1352857,HK142_IM1021_L01,IM1021,-16,False,,,8.8,,,8.8,A,4.0,True,4.0,3.99,Pass
9896,1331946,HK142_IM1021_L01,IM1021,-16,False,,,7.7,,,7.7,B,3.0,True,3.14,3.3,Pass
9897,1380921,HK142_IM1021_L01,IM1021,-16,False,,,10.0,,,10.0,A+,4.0,True,4.0,4.0,Pass
9898,1367481,HK142_IM1021_L01,IM1021,-16,False,,,6.6,,,6.6,C+,2.5,True,2.92,3.1,Pass
9899,1307982,HK142_IM1021_L01,IM1021,-16,False,,,7.2,,,7.2,B,3.0,True,2.89,2.93,Pass
9900,1347299,HK142_IM1021_L01,IM1021,-16,False,,,7.1,,,7.1,B,3.0,True,2.58,2.54,Pass
9901,1382834,HK142_IM1021_L01,IM1021,-16,False,,,7.3,,,7.3,B,3.0,True,2.75,2.62,Pass
9902,1375818,HK142_IM1021_L01,IM1021,-16,False,,,6.0,,,6.0,C,2.0,True,2.58,2.95,Pass
9903,1312219,HK142_IM1021_L01,IM1021,-16,False,,,8.3,,,8.3,B+,3.5,True,3.85,3.94,Pass
9904,1356365,HK142_IM1021_L01,IM1021,-16,False,,,8.8,,,8.8,A,4.0,True,3.39,3.2,Pass
9905,1399919,HK142_IM1021_L01,IM1021,-16,False,,,7.9,,,7.9,B,3.0,True,3.28,3.36,Pass
9906,1304748,HK142_IM1021_L01,IM1021,-16,False,,,6.1,,,6.1,C,2.0,True,3.11,3.24,Pass
9907,1378005,HK142_IM1021_L01,IM1021,-16,False,,,6.5,,,6.5,C+,2.5,True,3.17,3.15,Pass
9908,1324793,HK142_IM1021_L01,IM1021,-16,False,,,8.6,,,8.6,A,4.0,True,3.85,3.96,Pass
9909,1330351,HK142_IM1019_L01,IM1019,-16,False,,,8.4,,,8.4,B+,3.5,True,3.17,3.27,Pass
9910,1304611,HK142_IM1019_L01,IM1019,-16,False,,,8.9,,,8.9,A,4.0,True,4.0,3.98,Pass
9911,1389987,HK142_IM1019_L01,IM1019,-16,False,,,8.6,,,8.6,A,4.0,True,4.0,3.99,Pass
9912,1365705,HK142_IM1019_L01,IM1019,-16,False,,,7.9,,,7.9,B,3.0,True,3.06,3.29,Pass
9913,1350352,HK142_IM1019_L01,IM1019,-16,False,,,5.8,,,5.8,C,2.0,True,2.89,3.11,Pass
9914,1304019,HK142_IM1019_L01,IM1019,-16,False,,,8.7,,,8.7,A,4.0,True,3.92,3.97,Pass
9915,1329167,HK142_IM1019_L01,IM1019,-16,False,,,10.0,,,10.0,A+,4.0,True,3.85,3.91,Pass
9916,1354178,HK142_IM1019_L01,IM1019,-16,False,,,6.5,,,6.5,C+,2.5,True,2.56,2.45,Pass
9917,1393358,HK142_IM1019_L01,IM1019,-16,False,,,5.7,,,5.7,C,2.0,True,2.28,2.36,Pass
9918,1324338,HK142_IM1019_L01,IM1019,-16,False,,,6.0,,,6.0,C,2.0,True,2.25,2.13,Pass
9919,1341741,HK142_IM1019_L01,IM1019,-16,False,,,8.1,,,8.1,B+,3.5,True,3.17,3.06,Pass
9920,1359281,HK142_IM1019_L01,IM1019,-16,False,,,9.0,,,9.0,A,4.0,True,3.92,3.71,Pass
9921,1393950,HK142_IM1019_L01,IM1019,-16,False,,,5.3,,,5.3,D+,1.5,True,2.11,1.8,Pass
9922,1394224,HK142_IM1019_L01,IM1019,-16,False,,,6.0,,,6.0,C,2.0,True,2.28,2.1,Pass
9923,1381376,HK142_IM1019_L01,IM1019,-16,False,,,8.6,,,8.6,A,4.0,True,3.33,3.43,Pass
9924,1394361,HK142_IM1019_L01,IM1019,-16,False,,,7.2,,,7.2,B,3.0,True,3.33,3.34,Pass
9925,1362789,HK142_IM1019_L01,IM1019,-16,False,,,8.2,,,8.2,B+,3.5,True,3.28,3.34,Pass
9926,1381787,HK142_IM1019_L01,IM1019,-16,False,,,8.3,,,8.3,B+,3.5,True,3.92,3.85,Pass
9927,1371126,HK142_IM1019_L01,IM1019,-16,False,,,5.5,,,5.5,C,2.0,True,2.17,2.0,Pass
9928,1344657,HK142_IM1019_L01,IM1019,-16,False,,,6.6,,,6.6,C+,2.5,True,2.22,2.15,Pass
9929,1336046,HK142_IM1019_L01,IM1019,-16,False,,,8.9,,,8.9,A,4.0,True,3.73,3.78,Pass
9930,1330488,HK142_IM1019_L01,IM1019,-16,False,,,7.1,,,7.1,B,3.0,True,3.03,3.25,Pass
9931,1392174,HK142_IM1019_L01,IM1019,-16,False,,,9.3,,,9.3,A,4.0,True,4.0,3.89,Pass
9932,1320556,HK142_IM1019_L01,IM1019,-16,False,,,6.0,,,6.0,C,2.0,True,2.36,2.21,Pass
9933,1385887,HK142_IM1019_L01,IM1019,-16,False,,,7.1,,,7.1,B,3.0,True,3.36,3.4,Pass
9934,1397869,HK142_IM1019_L01,IM1019,-16,False,,,9.4,,,9.4,A,4.0,True,4.0,4.0,Pass
9935,1300511,HK142_IM1019_L01,IM1019,-16,False,,,7.8,,,7.8,B,3.0,True,3.53,3.35,Pass
9936,1338825,HK142_IM1019_L01,IM1019,-16,False,,,9.2,,,9.2,A,4.0,True,3.31,3.25,Pass
9937,1334725,HK142_IM1019_L01,IM1019,-16,False,,,8.1,,,8.1,B+,3.5,True,3.92,3.97,Pass
9938,1392903,HK142_IM1019_L01,IM1019,-16,False,,,5.8,,,5.8,C,2.0,True,2.14,2.25,Pass
9939,1352128,HK142_IM1019_L01,IM1019,-16,False,,,9.7,,,9.7,A+,4.0,True,3.39,3.31,Pass
9940,1338370,HK142_IM1019_L01,IM1019,-16,False,,,8.0,,,8.0,B+,3.5,True,3.85,3.83,Pass
9941,1374771,HK142_IM1019_L01,IM1019,-16,False,,,7.0,,,7.0,B,3.0,True,3.08,3.25,Pass
9942,1302561,HK142_IM1019_L01,IM1019,-16,False,,,7.2,,,7.2,B,3.0,True,3.31,3.33,Pass
9943,1334725,HK142_IM3047_L01,IM3047,-16,False,,,10.0,,,10.0,A+,4.0,True,3.92,3.97,Pass
9944,1310761,HK142_IM3047_L01,IM3047,-16,False,,,8.9,,,8.9,A,4.0,True,3.92,3.89,Pass
9945,1319964,HK142_IM3047_L01,IM3047,-16,False,,,6.9,,,6.9,C+,2.5,True,3.11,3.05,Pass
9946,1335454,HK142_IM3047_L01,IM3047,-16,False,,,7.9,,,7.9,B,3.0,True,3.44,3.3,Pass
9947,1366434,HK142_IM3047_L01,IM3047,-16,False,,,7.1,,,7.1,B,3.0,True,3.28,3.34,Pass
9948,1382516,HK142_IM3047_L01,IM3047,-16,False,,,8.3,,,8.3,B+,3.5,True,3.85,3.94,Pass
9949,1308393,HK142_IM3047_L01,IM3047,-16,False,,,8.8,,,8.8,A,4.0,True,3.81,3.87,Pass
9950,1310443,HK142_IM3047_L01,IM3047,-16,False,,,9.6,,,9.6,A+,4.0,True,4.0,3.95,Pass
9951,1345704,HK142_IM3047_L01,IM3047,-16,False,,,5.9,,,5.9,C,2.0,True,1.94,1.89,Pass
9952,1324793,HK142_IM3047_L01,IM3047,-16,False,,,8.3,,,8.3,B+,3.5,True,3.85,3.96,Pass
9953,1368210,HK142_IM3047_L01,IM3047,-16,False,,,10.0,,,10.0,A+,4.0,True,3.92,3.98,Pass
9954,1336775,HK142_IM3047_L01,IM3047,-16,False,,,6.0,,,6.0,C,2.0,True,2.44,2.34,Pass
9955,1352265,HK142_IM3047_L01,IM3047,-16,False,,,5.4,,,5.4,D+,1.5,True,2.94,3.16,Pass
9956,1392311,HK142_IM3047_L01,IM3047,-16,False,,,7.7,,,7.7,B,3.0,True,2.58,2.44,Pass
9957,1377413,HK142_IM3047_L01,IM3047,-16,False,,,5.8,,,5.8,C,2.0,True,1.78,1.53,Pass
9958,1363244,HK142_IM3047_L01,IM3047,-16,False,,,8.8,,,8.8,A,4.0,True,3.83,3.92,Pass
9959,1367755,HK142_IM3047_L01,IM3047,-16,False,,,7.0,,,7.0,B,3.0,True,2.78,2.66,Pass
9960,1372310,HK142_IM3047_L01,IM3047,-16,False,,,5.9,,,5.9,C,2.0,True,1.56,1.7,Pass
9961,1348620,HK142_IM3047_L01,IM3047,-16,False,,,9.3,,,9.3,A,4.0,True,3.89,3.93,Pass
9962,1326525,HK142_IM3047_L01,IM3047,-16,False,,,10.0,,,10.0,A+,4.0,True,3.92,3.92,Pass
9963,1354452,HK142_IM3047_L01,IM3047,-16,False,,,6.6,,,6.6,C+,2.5,True,3.0,3.16,Pass
9964,1331080,HK142_IM3047_L01,IM3047,-16,False,,,6.5,,,6.5,C+,2.5,True,3.28,3.32,Pass
9965,1352857,HK142_IM3047_L01,IM3047,-16,False,,,8.5,,,8.5,A,4.0,True,4.0,3.99,Pass
9966,1378871,HK142_IM3047_L01,IM3047,-16,False,,,9.2,,,9.2,A,4.0,True,3.36,3.25,Pass
9967,1341012,HK142_IM3047_L01,IM3047,-16,False,,,6.0,,,6.0,C,2.0,True,1.63,1.64,Pass
9968,1369213,HK142_IM3047_L01,IM3047,-16,False,,,8.2,,,8.2,B+,3.5,True,3.36,3.53,Pass
9969,1318780,HK142_IM3047_L01,IM3047,-16,False,,,7.9,,,7.9,B,3.0,True,3.22,3.2,Pass
9970,1364110,HK142_IM3047_L01,IM3047,-16,False,,,9.1,,,9.1,A,4.0,True,3.39,3.28,Pass
9971,1310306,HK142_IM3047_L01,IM3047,-16,False,,,9.7,,,9.7,A+,4.0,True,3.89,3.96,Pass
9972,1337049,HK142_IM3047_L01,IM3047,-16,False,,,8.9,,,8.9,A,4.0,True,3.31,3.09,Pass
9973,1327846,HK142_IM3047_L01,IM3047,-16,False,,,6.8,,,6.8,C+,2.5,True,2.28,2.51,Pass
9974,1362515,HK142_ME4625_L01,ME4625,-16,False,,,8.5,,,8.5,A,4.0,True,3.69,3.88,Pass
9975,1329304,HK142_ME4625_L01,ME4625,-16,False,,,8.2,,,8.2,B+,3.5,True,3.17,3.22,Pass
9976,1336046,HK142_ME4625_L01,ME4625,-16,False,,,8.3,,,8.3,B+,3.5,True,3.73,3.78,Pass
9977,1338370,HK142_ME4625_L01,ME4625,-16,False,,,8.8,,,8.8,A,4.0,True,3.85,3.83,Pass
9978,1306661,HK142_ME4625_L01,ME4625,-16,False,,,7.9,,,7.9,B,3.0,True,3.44,3.34,Pass
9979,1327983,HK142_ME4625_L01,ME4625,-16,False,,,7.1,,,7.1,B,3.0,True,3.03,3.17,Pass
9980,1326525,HK142_ME4625_L01,ME4625,-16,False,,,8.9,,,8.9,A,4.0,True,3.92,3.92,Pass
9981,1332675,HK142_ME4625_L01,ME4625,-16,False,,,8.1,,,8.1,B+,3.5,True,3.06,3.25,Pass
9982,1367026,HK142_ME4625_L01,ME4625,-16,False,,,7.7,,,7.7,B,3.0,True,3.83,3.82,Pass
9983,1323746,HK142_ME4625_L01,ME4625,-16,False,,,6.5,,,6.5,C+,2.5,True,2.47,2.48,Pass
9984,1389395,HK142_ME4625_L01,ME4625,-16,False,,,6.1,,,6.1,C,2.0,True,2.05,1.85,Pass
9985,1320830,HK142_ME4625_L01,ME4625,-16,False,,,7.8,,,7.8,B,3.0,True,3.22,3.35,Pass
9986,1365294,HK142_ME4625_L01,ME4625,-16,False,,,9.3,,,9.3,A,4.0,True,4.0,4.0,Pass
9987,1300648,HK142_ME4625_L01,ME4625,-16,False,,,7.5,,,7.5,B,3.0,True,2.81,2.82,Pass
9988,1308848,HK142_ME4625_L01,ME4625,-16,False,,,8.1,,,8.1,B+,3.5,True,3.28,3.05,Pass
9989,1384884,HK142_ME4625_L01,ME4625,-16,False,,,8.2,,,8.2,B+,3.5,True,3.31,3.2,Pass
9990,1339099,HK142_ME4625_L01,ME4625,-16,False,,,7.9,,,7.9,B,3.0,True,3.08,3.03,Pass
9991,1344065,HK142_ME4625_L01,ME4625,-16,False,,,8.7,,,8.7,A,4.0,True,3.77,3.83,Pass
9992,1399190,HK142_ME4625_L01,ME4625,-16,False,,,7.0,,,7.0,B,3.0,True,2.47,2.48,Pass
9993,1333130,HK142_ME4625_L01,ME4625,-16,False,,,8.4,,,8.4,B+,3.5,True,3.33,3.18,Pass
9994,1362926,HK142_ME4625_L01,ME4625,-16,False,,,9.2,,,9.2,A,4.0,True,3.58,3.39,Pass
9995,1396137,HK142_ME4625_L01,ME4625,-16,False,,,7.6,,,7.6,B,3.0,True,3.31,3.37,Pass
9996,1389258,HK142_ME4625_L01,ME4625,-16,False,,,9.8,,,9.8,A+,4.0,True,4.0,4.0,Pass
9997,1352402,HK142_ME4625_L01,ME4625,-16,False,,,8.9,,,8.9,A,4.0,True,3.47,3.37,Pass
9998,1326114,HK142_ME4625_L01,ME4625,-16,False,,,7.2,,,7.2,B,3.0,True,2.47,2.39,Pass
9999,1327572,HK142_ME4625_L01,ME4625,-16,False,,,8.5,,,8.5,A,4.0,True,3.03,3.02,Pass
10000,1343654,HK142_ME4625_L01,ME4625,-16,False,,,5.3,,,5.3,D+,1.5,True,2.28,2.19,Pass
10001,1360147,HK142_ME4625_L01,ME4625,-16,False,,,7.6,,,7.6,B,3.0,True,3.47,3.19,Pass
10002,1301695,HK142_ME4625_L01,ME4625,-16,False,,,9.4,,,9.4,A,4.0,True,3.17,3.17,Pass
10003,1361194,HK142_ME4625_L01,ME4625,-16,False,,,6.2,,,6.2,C,2.0,True,3.0,2.98,Pass
10004,1359144,HK142_CH4079_L01,CH4079,-16,False,,,9.7,,,9.7,A+,4.0,True,4.0,4.0,Pass
10005,1385158,HK142_CH4079_L01,CH4079,-16,False,,,8.7,,,8.7,A,4.0,True,3.61,3.23,Pass
10006,1373313,HK142_CH4079_L01,CH4079,-16,False,,,6.9,,,6.9,C+,2.5,True,2.81,2.81,Pass
10007,1344383,HK142_CH4079_L01,CH4079,-16,False,,,8.0,,,8.0,B+,3.5,True,3.33,3.41,Pass
10008,1324793,HK142_CH4079_L01,CH4079,-16,False,,,8.2,,,8.2,B+,3.5,True,3.85,3.96,Pass
10009,1355044,HK142_CH4079_L01,CH4079,-16,False,,,6.9,,,6.9,C+,2.5,True,3.17,3.24,Pass
10010,1342470,HK142_CH4079_L01,CH4079,-16,False,,,8.2,,,8.2,B+,3.5,True,3.53,3.32,Pass
10011,1398187,HK142_CH4079_L01,CH4079,-16,False,,,6.4,,,6.4,C+,2.5,True,2.67,2.7,Pass
10012,1325522,HK142_CH4079_L01,CH4079,-16,False,,,6.6,,,6.6,C+,2.5,True,2.39,2.36,Pass
10013,1338370,HK142_CH4079_L01,CH4079,-16,False,,,9.7,,,9.7,A+,4.0,True,3.85,3.83,Pass
10014,1371992,HK142_CH4079_L01,CH4079,-16,False,,,6.0,,,6.0,C,2.0,True,2.47,2.24,Pass
10015,1398916,HK142_CH4079_L01,CH4079,-16,False,,,7.4,,,7.4,B,3.0,True,3.42,3.3,Pass
10016,1329167,HK142_CH4079_L01,CH4079,-16,False,,,7.9,,,7.9,B,3.0,True,3.85,3.91,Pass
10017,1389987,HK142_CH4079_L01,CH4079,-16,False,,,8.7,,,8.7,A,4.0,True,4.0,3.99,Pass
10018,1348894,HK142_CH4079_L01,CH4079,-16,False,,,5.7,,,5.7,C,2.0,True,2.14,2.04,Pass
10019,1382242,HK142_CH4079_L01,CH4079,-16,False,,,9.8,,,9.8,A+,4.0,True,3.78,3.57,Pass
10020,1345249,HK142_CH4079_L01,CH4079,-16,False,,,7.1,,,7.1,B,3.0,True,3.28,3.34,Pass
10021,1311490,HK142_CH4079_L01,CH4079,-16,False,,,9.2,,,9.2,A,4.0,True,3.78,3.9,Pass
10022,1368210,HK142_CH4079_L01,CH4079,-16,False,,,8.4,,,8.4,B+,3.5,True,3.92,3.98,Pass
10023,1374497,HK142_CH4079_L01,CH4079,-16,False,,,7.4,,,7.4,B,3.0,True,3.44,3.28,Pass
10024,1312219,HK142_CH4079_L01,CH4079,-16,False,,,9.8,,,9.8,A+,4.0,True,3.85,3.94,Pass
10025,1382516,HK142_CH4079_L01,CH4079,-16,False,,,8.9,,,8.9,A,4.0,True,3.85,3.94,Pass
10026,1396866,HK142_CH4079_L01,CH4079,-16,False,,,9.0,,,9.0,A,4.0,True,4.0,3.66,Pass
10027,1390853,HK142_CH4079_L01,CH4079,-16,False,,,7.4,,,7.4,B,3.0,True,3.0,3.24,Pass
10028,1340557,HK142_CH4079_L01,CH4079,-16,False,,,5.8,,,5.8,C,2.0,True,2.72,2.48,Pass
10029,1315135,HK142_CH4079_L01,CH4079,-16,False,,,8.0,,,8.0,B+,3.5,True,3.61,3.45,Pass
10030,1398461,HK142_CH4079_L01,CH4079,-16,False,,,9.4,,,9.4,A,4.0,True,3.31,3.38,Pass
10031,1305340,HK142_CH4079_L01,CH4079,-16,False,,,8.6,,,8.6,A,4.0,True,3.36,3.3,Pass
10032,1308119,HK142_CH4079_L01,CH4079,-16,False,,,8.4,,,8.4,B+,3.5,True,3.25,3.36,Pass
10033,1387208,HK142_CH4079_L01,CH4079,-16,False,,,6.2,,,6.2,C,2.0,True,2.94,3.15,Pass
10034,1362060,HK142_CH4079_L01,CH4079,-16,False,,,8.6,,,8.6,A,4.0,True,3.72,3.7,Pass
10035,1358415,HK142_CH4079_L01,CH4079,-16,False,,,7.8,,,7.8,B,3.0,True,3.08,2.98,Pass
10036,1339828,HK142_CH4079_L01,CH4079,-16,False,,,7.0,,,7.0,B,3.0,True,3.69,3.43,Pass
10037,1372721,HK142_CH4079_L01,CH4079,-16,False,,,7.9,,,7.9,B,3.0,True,3.31,3.09,Pass
10038,1301240,HK142_CH4079_L01,CH4079,-16,False,,,6.4,,,6.4,C+,2.5,True,2.81,3.01,Pass
10039,1345978,HK142_CH4079_L01,CH4079,-16,False,,,8.2,,,8.2,B+,3.5,True,3.92,3.83,Pass
10040,1354907,HK142_CH4079_L01,CH4079,-16,False,,,8.2,,,8.2,B+,3.5,True,3.73,3.74,Pass
10041,1353449,HK142_E1013_L01,E1013,-16,False,,,8.6,,,8.6,A,4.0,True,4.0,4.0,Pass
10042,1387071,HK142_E1013_L01,E1013,-16,False,,,7.9,,,7.9,B,3.0,True,3.28,3.45,Pass
10043,1321422,HK142_E1013_L01,E1013,-16,False,,,7.0,,,7.0,B,3.0,True,3.17,3.11,Pass
10044,1330762,HK142_E1013_L01,E1013,-16,False,,,6.8,,,6.8,C+,2.5,True,3.06,3.1,Pass
10045,1362197,HK142_E1013_L01,E1013,-16,False,,,7.8,,,7.8,B,3.0,True,3.08,3.07,Pass
10046,1314269,HK142_E1013_L01,E1013,-16,False,,,8.3,,,8.3,B+,3.5,True,3.92,3.84,Pass
10047,1316730,HK142_E1013_L01,E1013,-16,False,,,10.0,,,10.0,A+,4.0,True,4.0,3.92,Pass
10048,1316001,HK142_E1013_L01,E1013,-16,False,,,7.8,,,7.8,B,3.0,True,3.33,3.23,Pass
10049,1334725,HK142_E1013_L01,E1013,-16,False,,,10.0,,,10.0,A+,4.0,True,3.92,3.97,Pass
10050,1381787,HK142_E1013_L01,E1013,-16,False,,,9.0,,,9.0,A,4.0,True,3.92,3.85,Pass
10051,1343928,HK142_E1013_L01,E1013,-16,False,,,9.2,,,9.2,A,4.0,True,3.85,3.96,Pass
10052,1359736,HK142_E1013_L01,E1013,-16,False,,,7.8,,,7.8,B,3.0,True,3.61,3.52,Pass
10053,1378597,HK142_E1013_L01,E1013,-16,False,,,5.6,,,5.6,C,2.0,True,2.31,2.2,Pass
10054,1360739,HK142_E1013_L01,E1013,-16,False,,,8.9,,,8.9,A,4.0,True,3.25,3.3,Pass
10055,1313951,HK142_E1013_L01,E1013,-16,False,,,7.5,,,7.5,B,3.0,True,3.25,3.25,Pass
10056,1369805,HK142_E1013_L01,E1013,-16,False,,,8.6,,,8.6,A,4.0,True,3.56,3.7,Pass
10057,1382516,HK142_E1013_L01,E1013,-16,False,,,8.4,,,8.4,B+,3.5,True,3.85,3.94,Pass
10058,1327117,HK142_E1013_L01,E1013,-16,False,,,7.3,,,7.3,B,3.0,True,3.0,2.88,Pass
10059,1311035,HK142_E1013_L01,E1013,-16,False,,,8.7,,,8.7,A,4.0,True,3.44,3.3,Pass
10060,1355181,HK142_E1013_L01,E1013,-16,False,,,8.4,,,8.4,B+,3.5,True,3.25,3.16,Pass
10061,1348028,HK142_E1013_L01,E1013,-16,False,,,6.8,,,6.8,C+,2.5,True,2.64,2.66,Pass
10062,1372447,HK142_E1013_L01,E1013,-16,False,,,7.6,,,7.6,B,3.0,True,3.08,3.07,Pass
10063,1399782,HK142_E1013_L01,E1013,-16,False,,,7.5,,,7.5,B,3.0,True,3.19,3.23,Pass
10064,1345386,HK142_E1013_L01,E1013,-16,False,,,6.3,,,6.3,C,2.0,True,2.94,2.93,Pass
10065,1307253,HK142_E1013_L01,E1013,-16,False,,,7.1,,,7.1,B,3.0,True,3.31,3.25,Pass
10066,1337641,HK142_E1013_L01,E1013,-16,False,,,6.5,,,6.5,C+,2.5,True,3.31,3.26,Pass
10067,1323609,HK142_E1013_L01,E1013,-16,False,,,9.9,,,9.9,A+,4.0,True,3.75,3.93,Pass
10068,1320101,HK142_E1013_L01,E1013,-16,False,,,8.4,,,8.4,B+,3.5,True,3.31,3.16,Pass
10069,1355499,HK142_E1013_L01,E1013,-16,False,,,9.3,,,9.3,A,4.0,True,4.0,4.0,Pass
10070,1317459,HK142_E1013_L01,E1013,-16,False,,,8.2,,,8.2,B+,3.5,True,3.06,3.21,Pass
10071,1325659,HK142_E1013_L01,E1013,-16,False,,,7.4,,,7.4,B,3.0,True,3.08,3.16,Pass
10072,1344065,HK142_E1013_L01,E1013,-16,False,,,9.4,,,9.4,A,4.0,True,3.77,3.83,Pass
10073,1389258,HK142_E1013_L01,E1013,-16,False,,,9.4,,,9.4,A,4.0,True,4.0,4.0,Pass
10074,1391171,HK142_E1013_L01,E1013,-16,False,,,8.1,,,8.1,B+,3.5,True,3.47,3.39,Pass
10075,1399053,HK142_E1013_L01,E1013,-16,False,,,7.4,,,7.4,B,3.0,True,2.64,2.44,Pass
10076,1376547,HK142_LA1005_L01,LA1005,-16,True,3.4,3.5,3.0,,,3.2,F,0.0,False,0.2,1.12,Fail
10077,1337367,HK142_LA1005_L01,LA1005,-16,True,4.9,4.7,3.6,,,4.2,D,1.0,True,1.38,1.52,Pass
10078,1384155,HK142_LA1005_L01,LA1005,-16,True,6.0,6.1,5.1,,,5.6,C,2.0,True,1.78,1.7,Pass
10079,1316456,HK142_LA1005_L01,LA1005,-16,True,4.7,4.8,4.6,,,4.7,D,1.0,True,1.53,1.59,Pass
10080,1374042,HK142_PE1005_L01,PE1005,-16,True,4.7,4.7,3.3,,,3.9,F,0.0,False,0.5,1.15,Fail
10081,1346707,HK142_PE1005_L01,PE1005,-16,True,4.2,3.4,4.2,,,4.0,D,1.0,True,0.32,1.0,Pass
10082,1304156,HK142_PE1005_L01,PE1005,-16,True,4.0,3.9,3.4,,,3.6,F,0.0,False,0.4,1.0,Fail
10083,1360602,HK142_PE1005_L01,PE1005,-16,True,4.2,3.9,2.7,,,3.2,F,0.0,False,0.3,1.14,Fail
10084,1324930,HK142_PE1005_L01,PE1005,-16,True,2.9,2.4,3.8,,,3.3,F,0.0,False,0.36,1.0,Fail
10085,1323335,HK142_PE1005_L01,PE1005,-16,True,4.2,5.3,3.8,,,4.2,D,1.0,True,0.6,1.0,Pass
10086,1356957,HK142_MT1005_L01,MT1005,-16,True,5.5,4.4,3.9,,,4.3,D,1.0,True,1.5,1.68,Pass
10087,1332812,HK142_MT1005_L01,MT1005,-16,True,4.0,6.3,6.8,,,6.1,C,2.0,True,1.53,1.46,Pass
10088,1376547,HK142_MT1005_L01,MT1005,-16,True,4.7,4.0,2.5,,,3.2,F,0.0,False,0.2,1.12,Fail
10089,1304156,HK142_MT1005_L01,MT1005,-16,True,2.9,4.4,4.1,,,3.9,F,0.0,False,0.4,1.0,Fail
10090,1374042,HK142_MT1005_L01,MT1005,-16,True,4.8,4.4,4.8,,,4.7,D,1.0,True,0.5,1.15,Pass
10091,1320967,HK142_MT1005_L01,MT1005,-16,True,3.8,5.8,5.0,,,4.9,D,1.0,True,1.14,1.45,Pass
10092,1304156,HK142_MT1007_L01,MT1007,-16,True,3.2,4.8,3.0,,,3.6,F,0.0,False,0.4,1.0,Fail
10093,1360602,HK142_MT1007_L01,MT1007,-16,True,3.8,5.0,4.4,,,4.5,D,1.0,True,0.3,1.14,Pass
10094,1323335,HK142_MT1007_L01,MT1007,-16,True,5.7,4.9,3.6,,,4.4,D,1.0,True,0.6,1.0,Pass
10095,1374042,HK142_CO1007_L01,CO1007,-16,True,2.8,5.0,3.8,,,3.8,F,0.0,False,0.5,1.15,Fail
10096,1304156,HK142_CO1027_L01,CO1027,-16,True,3.9,3.2,5.2,,2.7,4.3,D,1.0,True,0.4,1.0,Pass
10097,1360602,HK142_CO1027_L01,CO1027,-16,True,3.0,3.4,3.7,,2.6,3.4,F,0.0,False,0.3,1.14,Fail
10098,1378734,HK142_CO1027_L01,CO1027,-16,True,4.7,3.6,4.4,,3.6,4.2,D,1.0,True,0.91,1.13,Pass
10099,1386616,HK142_CO1027_L01,CO1027,-16,True,4.3,4.0,4.0,,4.4,4.1,D,1.0,True,0.47,1.08,Pass
10100,1323335,HK142_CO1027_L01,CO1027,-16,True,3.9,4.0,1.1,,5.1,2.6,F,0.0,False,0.6,1.0,Fail
10101,1341149,HK142_PH1007_L01,PH1007,-16,True,,,4.7,4.5,,4.6,D,1.0,True,1.61,1.67,Pass
10102,1324930,HK142_PH1007_L01,PH1007,-16,True,,,3.0,3.6,,3.2,F,0.0,False,0.36,1.0,Fail
10103,1376547,HK142_PH1007_L01,PH1007,-16,True,,,3.0,3.6,,3.2,F,0.0,False,0.2,1.12,Fail
10104,1357960,HK142_PH1007_L01,PH1007,-16,True,,,2.5,4.3,,3.2,F,0.0,False,1.39,1.59,Fail
10105,1389395,HK142_PH1007_L01,PH1007,-16,True,,,5.2,4.0,,4.7,D,1.0,True,2.05,1.85,Pass
10106,1395090,HK142_PH1007_L01,PH1007,-16,True,,,3.8,5.1,,4.3,D,1.0,True,1.47,1.59,Pass
10107,1374042,HK142_PH1007_L01,PH1007,-16,True,,,2.7,4.1,,3.3,F,0.0,False,0.5,1.15,Fail
10108,1332812,HK142_PH1007_L01,PH1007,-16,True,,,4.6,5.7,,5.0,D+,1.5,True,1.53,1.46,Pass
10109,1369076,HK142_PH1007_L01,PH1007,-16,True,,,5.0,4.8,,4.9,D,1.0,True,1.5,1.69,Pass
10110,1331217,HK142_PH1007_L01,PH1007,-16,True,,,5.1,5.0,,5.1,D+,1.5,True,1.92,1.74,Pass
10111,1341012,HK142_PH1007_L01,PH1007,-16,True,,,2.5,4.2,,3.2,F,0.0,False,1.63,1.64,Fail
10112,1343791,HK142_PH1007_L01,PH1007,-16,True,,,7.0,6.8,,6.9,C+,2.5,True,2.32,2.32,Pass
10113,1346707,HK142_PH1007_L01,PH1007,-16,True,,,3.4,2.6,,3.1,F,0.0,False,0.32,1.0,Fail
10114,1386616,HK142_MI1003_L01,MI1003,-16,True,4.9,4.5,4.5,,,4.6,D,1.0,True,0.47,1.08,Pass
10115,1323335,HK142_MI1003_L01,MI1003,-16,True,4.8,4.5,3.5,,,4.0,D,1.0,True,0.6,1.0,Pass
10116,1346707,HK142_MI1003_L01,MI1003,-16,True,3.6,5.0,2.6,,,3.3,F,0.0,False,0.32,1.0,Fail
10117,1395545,HK142_LA1003_L01,LA1003,-16,True,3.4,4.8,2.7,,,3.5,F,0.0,False,0.57,1.0,Fail
10118,1374042,HK142_LA1003_L01,LA1003,-16,True,3.6,3.3,4.7,,,4.1,D,1.0,True,0.5,1.15,Pass
10119,1323335,HK142_LA1003_L01,LA1003,-16,True,3.5,3.9,4.0,,,3.9,F,0.0,False,0.6,1.0,Fail
10120,1353723,HK142_LA1003_L01,LA1003,-16,True,2.9,3.4,3.7,,,3.5,F,0.0,False,0.42,1.13,Fail
10121,1304156,HK142_LA1003_L01,LA1003,-16,True,1.8,4.3,3.4,,,3.3,F,0.0,False,0.4,1.0,Fail
10122,1360602,HK142_LA1003_L01,LA1003,-16,True,2.0,4.8,2.6,,,3.1,F,0.0,False,0.3,1.14,Fail
10123,1346707,HK142_LA1003_L01,LA1003,-16,True,2.7,3.0,3.7,,,3.3,F,0.0,False,0.32,1.0,Fail
10124,1357960,HK142_LA1003_L01,LA1003,-16,True,4.6,4.7,4.5,,,4.6,D,1.0,True,1.39,1.59,Pass
10125,1378734,HK142_LA1003_L01,LA1003,-16,True,3.2,4.7,4.4,,,4.2,D,1.0,True,0.91,1.13,Pass
10126,1328301,HK142_LA1003_L01,LA1003,-16,True,3.9,4.3,3.6,,,3.9,F,0.0,False,1.09,1.63,Fail
10127,1374634,HK142_LA1003_L01,LA1003,-16,True,4.8,5.7,5.5,,,5.4,D+,1.5,True,1.76,1.69,Pass
10128,1324930,HK142_LA1003_L01,LA1003,-16,True,3.8,2.2,2.4,,,2.6,F,0.0,False,0.36,1.0,Fail
10129,1332812,HK142_LA1003_L01,LA1003,-16,True,4.4,3.4,4.5,,,4.2,D,1.0,True,1.53,1.46,Pass
10130,1386616,HK142_LA1003_L01,LA1003,-16,True,3.4,2.7,4.5,,,3.7,F,0.0,False,0.47,1.08,Fail
10131,1386616,HK142_CO1005_L01,CO1005,-16,True,4.1,,3.0,,5.2,3.9,F,0.0,False,0.47,1.08,Fail
10132,1323335,HK142_CO1005_L01,CO1005,-16,True,4.3,,4.0,,3.1,3.8,F,0.0,False,0.6,1.0,Fail
10133,1395545,HK142_CO1005_L01,CO1005,-16,True,4.4,,4.3,,3.3,4.0,D,1.0,True,0.57,1.0,Pass
10134,1324930,HK142_CO1005_L01,CO1005,-16,True,2.0,,2.6,,3.2,2.7,F,0.0,False,0.36,1.0,Fail
10135,1353723,HK142_CO1005_L01,CO1005,-16,True,3.0,,3.7,,3.1,3.4,F,0.0,False,0.42,1.13,Fail
10136,1376547,HK142_CO1005_L01,CO1005,-16,True,4.1,,2.6,,4.3,3.4,F,0.0,False,0.2,1.12,Fail
10137,1337367,HK142_CO1005_L01,CO1005,-16,True,4.4,,4.6,,3.3,4.2,D,1.0,True,1.38,1.52,Pass
10138,1346707,HK142_CO1005_L01,CO1005,-16,True,2.8,,3.2,,3.7,3.3,F,0.0,False,0.32,1.0,Fail
10139,1304156,HK142_CO1005_L01,CO1005,-16,True,3.1,,3.0,,2.7,2.9,F,0.0,False,0.4,1.0,Fail
10140,1374042,HK142_CO1005_L01,CO1005,-16,True,3.0,,3.6,,4.8,3.8,F,0.0,False,0.5,1.15,Fail
10141,1360602,HK142_CO1005_L01,CO1005,-16,True,3.9,,2.8,,4.1,3.4,F,0.0,False,0.3,1.14,Fail
10142,1353723,HK142_CO1023_L01,CO1023,-16,True,4.3,,4.2,,5.3,4.4,D,1.0,True,0.42,1.13,Pass
10143,1323335,HK142_CO1023_L01,CO1023,-16,True,4.7,,4.8,,4.6,4.7,D,1.0,True,0.6,1.0,Pass
10144,1360602,HK142_CO1023_L01,CO1023,-16,True,4.6,,3.9,,3.5,4.0,D,1.0,True,0.3,1.14,Pass
10145,1304156,HK142_CO1023_L01,CO1023,-16,True,4.8,,5.0,,3.4,4.6,D,1.0,True,0.4,1.0,Pass
10146,1386616,HK142_CO1023_L01,CO1023,-16,True,3.2,,3.8,,4.7,3.9,F,0.0,False,0.47,1.08,Fail
10147,1395545,HK142_CO1023_L01,CO1023,-16,True,4.4,,2.6,,4.6,3.4,F,0.0,False,0.57,1.0,Fail
10148,1346707,HK142_CO1023_L01,CO1023,-16,True,5.0,,4.2,,4.0,4.3,D,1.0,True,0.32,1.0,Pass
10149,1376547,HK142_MT1003_L01,MT1003,-16,True,4.2,3.9,5.5,,,4.9,D,1.0,True,0.2,1.12,Pass
10150,1323335,HK142_MT1003_L01,MT1003,-16,True,5.5,4.3,4.9,,,4.9,D,1.0,True,0.6,1.0,Pass
10151,1386616,HK142_MT1003_L01,MT1003,-16,True,3.3,4.0,3.5,,,3.6,F,0.0,False,0.47,1.08,Fail
10152,1346707,HK142_MT1003_L01,MT1003,-16,True,2.8,4.1,4.9,,,4.3,D,1.0,True,0.32,1.0,Pass
10153,1346707,HK142_PE1003_L01,PE1003,-16,True,3.5,3.4,2.7,,,3.0,F,0.0,False,0.32,1.0,Fail
10154,1360602,HK142_PE1003_L01,PE1003,-16,True,3.8,3.6,4.7,,,4.3,D,1.0,True,0.3,1.14,Pass
10155,1376547,HK142_PE1003_L01,PE1003,-16,True,4.9,3.9,5.8,,,5.2,D+,1.5,True,0.2,1.12,Pass
10156,1384155,HK142_PH1003_L01,PH1003,-16,True,4.8,5.6,5.0,,,5.1,D+,1.5,True,1.78,1.7,Pass
10157,1346707,HK142_PH1003_L01,PH1003,-16,True,3.2,3.7,2.4,,,2.8,F,0.0,False,0.32,1.0,Fail
10158,1376547,HK142_PH1003_L01,PH1003,-16,True,5.2,3.3,3.0,,,3.5,F,0.0,False,0.2,1.12,Fail
10159,1333267,HK142_PH1003_L01,PH1003,-16,True,5.9,8.8,5.0,,,5.9,C,2.0,True,1.72,1.42,Pass
10160,1360602,HK142_PH1003_L01,PH1003,-16,True,4.9,5.4,2.9,,,3.8,F,0.0,False,0.3,1.14,Fail
10161,1374042,HK142_PH1003_L01,PH1003,-16,True,4.0,4.1,4.5,,,4.3,D,1.0,True,0.5,1.15,Pass
10162,1395545,HK142_CO2003_L01,CO2003,-16,True,3.3,,3.3,,5.0,3.6,F,0.0,False,0.57,1.0,Fail
10163,1324930,HK142_CO2003_L01,CO2003,-16,True,4.1,,3.0,,5.2,3.7,F,0.0,False,0.36,1.0,Fail
10164,1362652,HK142_CO2003_L01,CO2003,-16,True,6.7,,5.6,,6.5,6.0,C,2.0,True,1.78,1.56,Pass
10165,1353723,HK142_CO2011_L01,CO2011,-16,True,4.8,5.1,3.9,,,4.4,D,1.0,True,0.42,1.13,Pass
10166,1324930,HK142_CO2011_L01,CO2011,-16,True,6.1,3.9,3.9,,,4.3,D,1.0,True,0.36,1.0,Pass
10167,1395545,HK142_CO2007_L01,CO2007,-16,True,3.9,4.9,4.1,,,4.2,D,1.0,True,0.57,1.0,Pass
10168,1324930,HK142_CO2007_L01,CO2007,-16,True,3.8,4.1,3.7,,,3.8,F,0.0,False,0.36,1.0,Fail
10169,1395545,HK142_SP1031_L01,SP1031,-16,True,4.4,,4.9,3.4,,4.5,D,1.0,True,0.57,1.0,Pass
